country,year,program,stage,process_group,source_url,source_table_id,rank,farm,score,weight_lbs,high_bid,total_value,company_name,high_bidder_s,download_status,download_error,farmer_organization,weight_kg,farmer,region,variety,process,zone,woreda,farm_name,bid_lb,winner,buyer_s_location,lot,lb,altitude_masl,ranking,price_per_lb,total_price,origin,buyer,na,na_2,na_3,na_4,na_5,na_6,na_7,na_8,na_9,na_10,na_11,na_12,na_13,na_14,na_15,weight_lb,hight_bid,high_bid_lb,farmer_name,estimated_weight_kg,proceso,variedad,winners,origin_of_buyer,farm_cws,farmer_representative,final_bid_lb,weights_kg,altitude_m,weigth_kg,farmer_representetive,weight,bid,business_name,wight_lb,farmer_en,farm_en
Brazil,2020,COE,auction,NA,https://allianceforcoffeeexcellence.org/brazil-2020/,1,1a,Sítio Escondica,90.03,396.83,$40.00,"$15,873.20",Luce Coffee Roasters,NA,success,NA,NA,NA,NA,NA,NA,NA,NA,NA,NA,NA,NA,NA,NA,NA,NA,NA,NA,NA,NA,NA,NA,NA,NA,NA,NA,NA,NA,NA,NA,NA,NA,NA,NA,NA,NA,NA,NA,NA,NA,NA,NA,NA,NA,NA,NA,NA,NA,NA,NA,NA,NA,NA,NA,NA,NA,NA,NA
Brazil,2020,COE,auction,NA,https://allianceforcoffeeexcellence.org/brazil-2020/,1,1b,Sítio Escondica,90.03,330.69,$38.90,"$12,863.84","Proud Mary Coffee Roasters. Timesclub, and Supremo Coffee",NA,success,NA,NA,NA,NA,NA,NA,NA,NA,NA,NA,NA,NA,NA,NA,NA,NA,NA,NA,NA,NA,NA,NA,NA,NA,NA,NA,NA,NA,NA,NA,NA,NA,NA,NA,NA,NA,NA,NA,NA,NA,NA,NA,NA,NA,NA,NA,NA,NA,NA,NA,NA,NA,NA,NA,NA,NA,NA,NA
Brazil,2020,COE,auction,NA,https://allianceforcoffeeexcellence.org/brazil-2020/,1,2,Sítio Boa Vista,89.71,1455.05,$12.90,"$18,770.15","Cafe Sinbi’s LOVE,
BOKKUM COFFEE ROASTERS
& GIL-COFFEE",NA,success,NA,NA,NA,NA,NA,NA,NA,NA,NA,NA,NA,NA,NA,NA,NA,NA,NA,NA,NA,NA,NA,NA,NA,NA,NA,NA,NA,NA,NA,NA,NA,NA,NA,NA,NA,NA,NA,NA,NA,NA,NA,NA,NA,NA,NA,NA,NA,NA,NA,NA,NA,NA,NA,NA,NA,NA,NA,NA
Brazil,2020,COE,auction,NA,https://allianceforcoffeeexcellence.org/brazil-2020/,1,3,Fazenda Monte Alto,88.94,1124.36,$14.60,"$16,415.66",Latorre & Dutch Coffee (China) for Taster’s Coffee / Small Arms Big Heart / Nopparoot Kitcharoen / 白鲸咖啡豆子店 / Gozo Cafe / KOLAKOLA COFFEE / Fisher Coffee,NA,success,NA,NA,NA,NA,NA,NA,NA,NA,NA,NA,NA,NA,NA,NA,NA,NA,NA,NA,NA,NA,NA,NA,NA,NA,NA,NA,NA,NA,NA,NA,NA,NA,NA,NA,NA,NA,NA,NA,NA,NA,NA,NA,NA,NA,NA,NA,NA,NA,NA,NA,NA,NA,NA,NA,NA,NA,NA,NA
Brazil,2020,COE,auction,NA,https://allianceforcoffeeexcellence.org/brazil-2020/,1,4,Sítio Floresta,88.94,727.53,$20.50,"$14,914.37",Kyokuto Fadie Corporation,NA,success,NA,NA,NA,NA,NA,NA,NA,NA,NA,NA,NA,NA,NA,NA,NA,NA,NA,NA,NA,NA,NA,NA,NA,NA,NA,NA,NA,NA,NA,NA,NA,NA,NA,NA,NA,NA,NA,NA,NA,NA,NA,NA,NA,NA,NA,NA,NA,NA,NA,NA,NA,NA,NA,NA,NA,NA,NA,NA
Brazil,2020,COE,auction,NA,https://allianceforcoffeeexcellence.org/brazil-2020/,1,5,Chácara Vista Alegre,88.88,727.53,$27.80,"$20,225.33",Blue Bottle Coffee,NA,success,NA,NA,NA,NA,NA,NA,NA,NA,NA,NA,NA,NA,NA,NA,NA,NA,NA,NA,NA,NA,NA,NA,NA,NA,NA,NA,NA,NA,NA,NA,NA,NA,NA,NA,NA,NA,NA,NA,NA,NA,NA,NA,NA,NA,NA,NA,NA,NA,NA,NA,NA,NA,NA,NA,NA,NA,NA,NA
Brazil,2020,COE,auction,NA,https://allianceforcoffeeexcellence.org/brazil-2020/,1,6,Sítio Monjolinho,88.88,661.39,$17.30,"$11,442.05","Tashiro Coffee Co., Ltd",NA,success,NA,NA,NA,NA,NA,NA,NA,NA,NA,NA,NA,NA,NA,NA,NA,NA,NA,NA,NA,NA,NA,NA,NA,NA,NA,NA,NA,NA,NA,NA,NA,NA,NA,NA,NA,NA,NA,NA,NA,NA,NA,NA,NA,NA,NA,NA,NA,NA,NA,NA,NA,NA,NA,NA,NA,NA,NA,NA
Brazil,2020,COE,auction,NA,https://allianceforcoffeeexcellence.org/brazil-2020/,1,7,Fazenda Paixão,88.88,661.39,$15.10,"$9,986.99",ECOM Japan Limited for NOZY COFFEE,NA,success,NA,NA,NA,NA,NA,NA,NA,NA,NA,NA,NA,NA,NA,NA,NA,NA,NA,NA,NA,NA,NA,NA,NA,NA,NA,NA,NA,NA,NA,NA,NA,NA,NA,NA,NA,NA,NA,NA,NA,NA,NA,NA,NA,NA,NA,NA,NA,NA,NA,NA,NA,NA,NA,NA,NA,NA,NA,NA
Brazil,2020,COE,auction,NA,https://allianceforcoffeeexcellence.org/brazil-2020/,1,8,Sítio Braga,88.85,727.53,$12.20,"$8,875.87","Wataru & Co., Ltd.",NA,success,NA,NA,NA,NA,NA,NA,NA,NA,NA,NA,NA,NA,NA,NA,NA,NA,NA,NA,NA,NA,NA,NA,NA,NA,NA,NA,NA,NA,NA,NA,NA,NA,NA,NA,NA,NA,NA,NA,NA,NA,NA,NA,NA,NA,NA,NA,NA,NA,NA,NA,NA,NA,NA,NA,NA,NA,NA,NA
Brazil,2020,COE,auction,NA,https://allianceforcoffeeexcellence.org/brazil-2020/,1,9,Fazenda Pedra Preta,88.76,661.39,$13.15,"$8,697.28",Japan Roasters’ Network,NA,success,NA,NA,NA,NA,NA,NA,NA,NA,NA,NA,NA,NA,NA,NA,NA,NA,NA,NA,NA,NA,NA,NA,NA,NA,NA,NA,NA,NA,NA,NA,NA,NA,NA,NA,NA,NA,NA,NA,NA,NA,NA,NA,NA,NA,NA,NA,NA,NA,NA,NA,NA,NA,NA,NA,NA,NA,NA,NA
Brazil,2020,COE,auction,NA,https://allianceforcoffeeexcellence.org/brazil-2020/,1,10,Sítio Triunfo,88.56,661.39,$12.00,"$7,936.68","Wataru & Co., Ltd.",NA,success,NA,NA,NA,NA,NA,NA,NA,NA,NA,NA,NA,NA,NA,NA,NA,NA,NA,NA,NA,NA,NA,NA,NA,NA,NA,NA,NA,NA,NA,NA,NA,NA,NA,NA,NA,NA,NA,NA,NA,NA,NA,NA,NA,NA,NA,NA,NA,NA,NA,NA,NA,NA,NA,NA,NA,NA,NA,NA
Brazil,2020,COE,auction,NA,https://allianceforcoffeeexcellence.org/brazil-2020/,1,11,Sítio dos Coli,88.44,925.94,$10.30,"$9,537.18","Wataru & Co., Ltd.",NA,success,NA,NA,NA,NA,NA,NA,NA,NA,NA,NA,NA,NA,NA,NA,NA,NA,NA,NA,NA,NA,NA,NA,NA,NA,NA,NA,NA,NA,NA,NA,NA,NA,NA,NA,NA,NA,NA,NA,NA,NA,NA,NA,NA,NA,NA,NA,NA,NA,NA,NA,NA,NA,NA,NA,NA,NA,NA,NA
Brazil,2020,COE,auction,NA,https://allianceforcoffeeexcellence.org/brazil-2020/,1,12,Fazenda Sertãozinho,88.44,793.66,$13.05,"$10,357.26",ECOM Japan Limited for NOZY COFFEE,NA,success,NA,NA,NA,NA,NA,NA,NA,NA,NA,NA,NA,NA,NA,NA,NA,NA,NA,NA,NA,NA,NA,NA,NA,NA,NA,NA,NA,NA,NA,NA,NA,NA,NA,NA,NA,NA,NA,NA,NA,NA,NA,NA,NA,NA,NA,NA,NA,NA,NA,NA,NA,NA,NA,NA,NA,NA,NA,NA
Brazil,2020,COE,auction,NA,https://allianceforcoffeeexcellence.org/brazil-2020/,1,13,Sítio Sr. Niquinho,88.44,661.39,$26.10,"$17,262.28",Mandrake & Saza Coffee,NA,success,NA,NA,NA,NA,NA,NA,NA,NA,NA,NA,NA,NA,NA,NA,NA,NA,NA,NA,NA,NA,NA,NA,NA,NA,NA,NA,NA,NA,NA,NA,NA,NA,NA,NA,NA,NA,NA,NA,NA,NA,NA,NA,NA,NA,NA,NA,NA,NA,NA,NA,NA,NA,NA,NA,NA,NA,NA,NA
Brazil,2020,COE,auction,NA,https://allianceforcoffeeexcellence.org/brazil-2020/,1,14,Fazenda Paraíso,88.38,661.39,$11.95,"$7,903.61","Orsir Coffee Co., Ltd.",NA,success,NA,NA,NA,NA,NA,NA,NA,NA,NA,NA,NA,NA,NA,NA,NA,NA,NA,NA,NA,NA,NA,NA,NA,NA,NA,NA,NA,NA,NA,NA,NA,NA,NA,NA,NA,NA,NA,NA,NA,NA,NA,NA,NA,NA,NA,NA,NA,NA,NA,NA,NA,NA,NA,NA,NA,NA,NA,NA
Brazil,2020,COE,auction,NA,https://allianceforcoffeeexcellence.org/brazil-2020/,1,15,Sítio São Judas Tadeu,88.32,1190.5,$10.05,"$11,964.53",Kaffebrenneriet As,NA,success,NA,NA,NA,NA,NA,NA,NA,NA,NA,NA,NA,NA,NA,NA,NA,NA,NA,NA,NA,NA,NA,NA,NA,NA,NA,NA,NA,NA,NA,NA,NA,NA,NA,NA,NA,NA,NA,NA,NA,NA,NA,NA,NA,NA,NA,NA,NA,NA,NA,NA,NA,NA,NA,NA,NA,NA,NA,NA
Brazil,2020,COE,auction,NA,https://allianceforcoffeeexcellence.org/brazil-2020/,1,16,Fazenda Serra do Boné,88.24,1455.05,$12.90,"$18,770.15",Kyokuto Fadie Corporation,NA,success,NA,NA,NA,NA,NA,NA,NA,NA,NA,NA,NA,NA,NA,NA,NA,NA,NA,NA,NA,NA,NA,NA,NA,NA,NA,NA,NA,NA,NA,NA,NA,NA,NA,NA,NA,NA,NA,NA,NA,NA,NA,NA,NA,NA,NA,NA,NA,NA,NA,NA,NA,NA,NA,NA,NA,NA,NA,NA
Brazil,2020,COE,auction,NA,https://allianceforcoffeeexcellence.org/brazil-2020/,1,17,Fazenda Santa Izabel,88.15,727.53,$12.00,"$8,730.36","TOA COFFEE Co., Ltd.",NA,success,NA,NA,NA,NA,NA,NA,NA,NA,NA,NA,NA,NA,NA,NA,NA,NA,NA,NA,NA,NA,NA,NA,NA,NA,NA,NA,NA,NA,NA,NA,NA,NA,NA,NA,NA,NA,NA,NA,NA,NA,NA,NA,NA,NA,NA,NA,NA,NA,NA,NA,NA,NA,NA,NA,NA,NA,NA,NA
Brazil,2020,COE,auction,NA,https://allianceforcoffeeexcellence.org/brazil-2020/,1,18,Sítio Sertãozinho,88.15,793.66,$11.00,"$8,730.26","Wataru & Co., Ltd.",NA,success,NA,NA,NA,NA,NA,NA,NA,NA,NA,NA,NA,NA,NA,NA,NA,NA,NA,NA,NA,NA,NA,NA,NA,NA,NA,NA,NA,NA,NA,NA,NA,NA,NA,NA,NA,NA,NA,NA,NA,NA,NA,NA,NA,NA,NA,NA,NA,NA,NA,NA,NA,NA,NA,NA,NA,NA,NA,NA
Brazil,2020,COE,auction,NA,https://allianceforcoffeeexcellence.org/brazil-2020/,1,19,Rancho do Mirante,88.12,661.39,$11.30,"$7,473.71",ROAST Coffee,NA,success,NA,NA,NA,NA,NA,NA,NA,NA,NA,NA,NA,NA,NA,NA,NA,NA,NA,NA,NA,NA,NA,NA,NA,NA,NA,NA,NA,NA,NA,NA,NA,NA,NA,NA,NA,NA,NA,NA,NA,NA,NA,NA,NA,NA,NA,NA,NA,NA,NA,NA,NA,NA,NA,NA,NA,NA,NA,NA
Brazil,2020,COE,auction,NA,https://allianceforcoffeeexcellence.org/brazil-2020/,1,20,Fazenda Caixetas,88.03,1521.19,$10.25,"$15,592.20",Ecom Japan Limited,NA,success,NA,NA,NA,NA,NA,NA,NA,NA,NA,NA,NA,NA,NA,NA,NA,NA,NA,NA,NA,NA,NA,NA,NA,NA,NA,NA,NA,NA,NA,NA,NA,NA,NA,NA,NA,NA,NA,NA,NA,NA,NA,NA,NA,NA,NA,NA,NA,NA,NA,NA,NA,NA,NA,NA,NA,NA,NA,NA
Brazil,2020,COE,auction,NA,https://allianceforcoffeeexcellence.org/brazil-2020/,1,21,Fazenda Criciúma,88,1455.05,$12.20,"$17,751.61","Wataru & Co., Ltd.",NA,success,NA,NA,NA,NA,NA,NA,NA,NA,NA,NA,NA,NA,NA,NA,NA,NA,NA,NA,NA,NA,NA,NA,NA,NA,NA,NA,NA,NA,NA,NA,NA,NA,NA,NA,NA,NA,NA,NA,NA,NA,NA,NA,NA,NA,NA,NA,NA,NA,NA,NA,NA,NA,NA,NA,NA,NA,NA,NA
Brazil,2020,COE,auction,NA,https://allianceforcoffeeexcellence.org/brazil-2020/,1,22,Fazenda Recanto,87.94,727.53,$26.00,"$18,915.78","Global Performance LLC, Takamura Coffee Roasters, The Espresso Lab",NA,success,NA,NA,NA,NA,NA,NA,NA,NA,NA,NA,NA,NA,NA,NA,NA,NA,NA,NA,NA,NA,NA,NA,NA,NA,NA,NA,NA,NA,NA,NA,NA,NA,NA,NA,NA,NA,NA,NA,NA,NA,NA,NA,NA,NA,NA,NA,NA,NA,NA,NA,NA,NA,NA,NA,NA,NA,NA,NA
Brazil,2020,COE,auction,NA,https://allianceforcoffeeexcellence.org/brazil-2020/,1,23,Sítio LM,87.53,793.66,$10.20,"$8,095.33",Nagahama Coffee Inc.,NA,success,NA,NA,NA,NA,NA,NA,NA,NA,NA,NA,NA,NA,NA,NA,NA,NA,NA,NA,NA,NA,NA,NA,NA,NA,NA,NA,NA,NA,NA,NA,NA,NA,NA,NA,NA,NA,NA,NA,NA,NA,NA,NA,NA,NA,NA,NA,NA,NA,NA,NA,NA,NA,NA,NA,NA,NA,NA,NA
Brazil,2020,COE,auction,NA,https://allianceforcoffeeexcellence.org/brazil-2020/,1,24,Sítio São Sebastião,87.5,925.94,$10.10,"$9,351.99",Wataru for Nozy Coffee,NA,success,NA,NA,NA,NA,NA,NA,NA,NA,NA,NA,NA,NA,NA,NA,NA,NA,NA,NA,NA,NA,NA,NA,NA,NA,NA,NA,NA,NA,NA,NA,NA,NA,NA,NA,NA,NA,NA,NA,NA,NA,NA,NA,NA,NA,NA,NA,NA,NA,NA,NA,NA,NA,NA,NA,NA,NA,NA,NA
Brazil,2020,COE,auction,NA,https://allianceforcoffeeexcellence.org/brazil-2020/,1,25,Sítio do Campo,87.35,661.39,$17.30,"$11,442.05",Sulalat Coffee Trading,NA,success,NA,NA,NA,NA,NA,NA,NA,NA,NA,NA,NA,NA,NA,NA,NA,NA,NA,NA,NA,NA,NA,NA,NA,NA,NA,NA,NA,NA,NA,NA,NA,NA,NA,NA,NA,NA,NA,NA,NA,NA,NA,NA,NA,NA,NA,NA,NA,NA,NA,NA,NA,NA,NA,NA,NA,NA,NA,NA
Brazil,2020,COE,auction,NA,https://allianceforcoffeeexcellence.org/brazil-2020/,1,26,Fazenda Lagoa Seca,87.29,727.53,$12.95,"$9,421.51","Mercanta The Coffee Hunters, Austraat Kaffebrenneri Norway, Picapau Coffee Roastery Italy",NA,success,NA,NA,NA,NA,NA,NA,NA,NA,NA,NA,NA,NA,NA,NA,NA,NA,NA,NA,NA,NA,NA,NA,NA,NA,NA,NA,NA,NA,NA,NA,NA,NA,NA,NA,NA,NA,NA,NA,NA,NA,NA,NA,NA,NA,NA,NA,NA,NA,NA,NA,NA,NA,NA,NA,NA,NA,NA,NA
Brazil,2020,COE,auction,NA,https://allianceforcoffeeexcellence.org/brazil-2020/,1,28,Sítio Santo Antônio,87.26,1190.5,$11.00,"$13,095.50","Wataru & Co., Ltd.",NA,success,NA,NA,NA,NA,NA,NA,NA,NA,NA,NA,NA,NA,NA,NA,NA,NA,NA,NA,NA,NA,NA,NA,NA,NA,NA,NA,NA,NA,NA,NA,NA,NA,NA,NA,NA,NA,NA,NA,NA,NA,NA,NA,NA,NA,NA,NA,NA,NA,NA,NA,NA,NA,NA,NA,NA,NA,NA,NA
Brazil,2020,COE,auction,NA,https://allianceforcoffeeexcellence.org/brazil-2020/,1,29,Fazenda Passeio,87.24,727.53,$12.85,"$9,348.76",Kyokuto Fadie Corporation,NA,success,NA,NA,NA,NA,NA,NA,NA,NA,NA,NA,NA,NA,NA,NA,NA,NA,NA,NA,NA,NA,NA,NA,NA,NA,NA,NA,NA,NA,NA,NA,NA,NA,NA,NA,NA,NA,NA,NA,NA,NA,NA,NA,NA,NA,NA,NA,NA,NA,NA,NA,NA,NA,NA,NA,NA,NA,NA,NA
Brazil,2020,COE,auction,NA,https://allianceforcoffeeexcellence.org/brazil-2020/,1,30,Sítio Boa Vista,87.21,793.66,$13.10,"$10,396.95",Latorre & Dutch Coffee (China) for Fisheye Café / June’s Garden Coffee / 甜樱桃咖啡 / Small Arms Big Heart / KOLAKOLA COFFEE / Fisher Coffee,NA,success,NA,NA,NA,NA,NA,NA,NA,NA,NA,NA,NA,NA,NA,NA,NA,NA,NA,NA,NA,NA,NA,NA,NA,NA,NA,NA,NA,NA,NA,NA,NA,NA,NA,NA,NA,NA,NA,NA,NA,NA,NA,NA,NA,NA,NA,NA,NA,NA,NA,NA,NA,NA,NA,NA,NA,NA,NA,NA
Brazil,2020,COE,auction,NA,https://allianceforcoffeeexcellence.org/brazil-2020/,1,Totals:,,,"25,529.57",$14.50/lb,"$370,142.44",,NA,success,NA,NA,NA,NA,NA,NA,NA,NA,NA,NA,NA,NA,NA,NA,NA,NA,NA,NA,NA,NA,NA,NA,NA,NA,NA,NA,NA,NA,NA,NA,NA,NA,NA,NA,NA,NA,NA,NA,NA,NA,NA,NA,NA,NA,NA,NA,NA,NA,NA,NA,NA,NA,NA,NA,NA,NA,NA,NA
Brazil,2020,NW,auction,NA,https://allianceforcoffeeexcellence.org/brazil-2020/,2,NW,Chácara São Judas Tadeu,87.15,"1,521.19",$6.00,"$9,127.14",NA,"Wataru & Co., Ltd.",success,NA,NA,NA,NA,NA,NA,NA,NA,NA,NA,NA,NA,NA,NA,NA,NA,NA,NA,NA,NA,NA,NA,NA,NA,NA,NA,NA,NA,NA,NA,NA,NA,NA,NA,NA,NA,NA,NA,NA,NA,NA,NA,NA,NA,NA,NA,NA,NA,NA,NA,NA,NA,NA,NA,NA,NA,NA,NA
Brazil,2020,NW,auction,NA,https://allianceforcoffeeexcellence.org/brazil-2020/,2,NW,Sitío Baixa Funda,86.68,727.53,$4.00,"$2,910.12",NA,"cafe DAZAC, Eungubiro Roasters, Crema Costa",success,NA,NA,NA,NA,NA,NA,NA,NA,NA,NA,NA,NA,NA,NA,NA,NA,NA,NA,NA,NA,NA,NA,NA,NA,NA,NA,NA,NA,NA,NA,NA,NA,NA,NA,NA,NA,NA,NA,NA,NA,NA,NA,NA,NA,NA,NA,NA,NA,NA,NA,NA,NA,NA,NA,NA,NA,NA,NA
Brazil,2020,NW,auction,NA,https://allianceforcoffeeexcellence.org/brazil-2020/,2,NW,Fazenda Cruzeiro,86.18,"1,521.19",$4.00,"$6,084.76",NA,"cafe DAZAC, Eungubiro Roasters, Crema Costa",success,NA,NA,NA,NA,NA,NA,NA,NA,NA,NA,NA,NA,NA,NA,NA,NA,NA,NA,NA,NA,NA,NA,NA,NA,NA,NA,NA,NA,NA,NA,NA,NA,NA,NA,NA,NA,NA,NA,NA,NA,NA,NA,NA,NA,NA,NA,NA,NA,NA,NA,NA,NA,NA,NA,NA,NA,NA,NA
Brazil,2020,NW,auction,NA,https://allianceforcoffeeexcellence.org/brazil-2020/,2,NW,,Totals:,"3,769.91",$4.81/lb,"$18,122.02",NA,,success,NA,NA,NA,NA,NA,NA,NA,NA,NA,NA,NA,NA,NA,NA,NA,NA,NA,NA,NA,NA,NA,NA,NA,NA,NA,NA,NA,NA,NA,NA,NA,NA,NA,NA,NA,NA,NA,NA,NA,NA,NA,NA,NA,NA,NA,NA,NA,NA,NA,NA,NA,NA,NA,NA,NA,NA,NA,NA
Colombia,2020,COE,auction,NA,https://allianceforcoffeeexcellence.org/colombia-2020/,1,1a,Los Tres Mosqueteros,90.03,595.25,$69.00,"$41,072.25",Sarutahiko Coffee Inc.,NA,success,NA,NA,NA,NA,NA,NA,NA,NA,NA,NA,NA,NA,NA,NA,NA,NA,NA,NA,NA,NA,NA,NA,NA,NA,NA,NA,NA,NA,NA,NA,NA,NA,NA,NA,NA,NA,NA,NA,NA,NA,NA,NA,NA,NA,NA,NA,NA,NA,NA,NA,NA,NA,NA,NA,NA,NA,NA,NA
Colombia,2020,COE,auction,NA,https://allianceforcoffeeexcellence.org/colombia-2020/,1,1b,Los Tres Mosqueteros,90.03,562.18,$70.00,"$39,352.60","SUPREMO COFFEE, Cometeer, L’escargot d’or cosmetocafe, Proud Mary Coffee Roasters",NA,success,NA,NA,NA,NA,NA,NA,NA,NA,NA,NA,NA,NA,NA,NA,NA,NA,NA,NA,NA,NA,NA,NA,NA,NA,NA,NA,NA,NA,NA,NA,NA,NA,NA,NA,NA,NA,NA,NA,NA,NA,NA,NA,NA,NA,NA,NA,NA,NA,NA,NA,NA,NA,NA,NA,NA,NA,NA,NA
Colombia,2020,COE,auction,NA,https://allianceforcoffeeexcellence.org/colombia-2020/,1,2,El Porvenir,89.5,892.87,$25.70,"$22,946.76",Global Performance LLC,NA,success,NA,NA,NA,NA,NA,NA,NA,NA,NA,NA,NA,NA,NA,NA,NA,NA,NA,NA,NA,NA,NA,NA,NA,NA,NA,NA,NA,NA,NA,NA,NA,NA,NA,NA,NA,NA,NA,NA,NA,NA,NA,NA,NA,NA,NA,NA,NA,NA,NA,NA,NA,NA,NA,NA,NA,NA,NA,NA
Colombia,2020,COE,auction,NA,https://allianceforcoffeeexcellence.org/colombia-2020/,1,3,El Paraíso,89.25,925.94,$33.20,"$30,741.21","Intelligentsia (USA), Single O (AU), La Boheme (CZ), Moustache Coffee Club (USA)",NA,success,NA,NA,NA,NA,NA,NA,NA,NA,NA,NA,NA,NA,NA,NA,NA,NA,NA,NA,NA,NA,NA,NA,NA,NA,NA,NA,NA,NA,NA,NA,NA,NA,NA,NA,NA,NA,NA,NA,NA,NA,NA,NA,NA,NA,NA,NA,NA,NA,NA,NA,NA,NA,NA,NA,NA,NA,NA,NA
Colombia,2020,COE,auction,NA,https://allianceforcoffeeexcellence.org/colombia-2020/,1,4,Buenos Aires,88.69,396.83,$37.00,"$14,682.71","DABOV Specialty Coffee, Coffee Me Up (Korea), tochcoffee, coffee therapy (Thailand)⁣",NA,success,NA,NA,NA,NA,NA,NA,NA,NA,NA,NA,NA,NA,NA,NA,NA,NA,NA,NA,NA,NA,NA,NA,NA,NA,NA,NA,NA,NA,NA,NA,NA,NA,NA,NA,NA,NA,NA,NA,NA,NA,NA,NA,NA,NA,NA,NA,NA,NA,NA,NA,NA,NA,NA,NA,NA,NA,NA,NA
Colombia,2020,COE,auction,NA,https://allianceforcoffeeexcellence.org/colombia-2020/,1,5,El Cedro,88.56,1355.84,$17.10,"$23,184.86","Bohemian (An-am), ESCUDO Coffee",NA,success,NA,NA,NA,NA,NA,NA,NA,NA,NA,NA,NA,NA,NA,NA,NA,NA,NA,NA,NA,NA,NA,NA,NA,NA,NA,NA,NA,NA,NA,NA,NA,NA,NA,NA,NA,NA,NA,NA,NA,NA,NA,NA,NA,NA,NA,NA,NA,NA,NA,NA,NA,NA,NA,NA,NA,NA,NA,NA
Colombia,2020,COE,auction,NA,https://allianceforcoffeeexcellence.org/colombia-2020/,1,6,San Pedro,88.47,562.18,$40.70,"$22,880.73",THE COFFEE LAB,NA,success,NA,NA,NA,NA,NA,NA,NA,NA,NA,NA,NA,NA,NA,NA,NA,NA,NA,NA,NA,NA,NA,NA,NA,NA,NA,NA,NA,NA,NA,NA,NA,NA,NA,NA,NA,NA,NA,NA,NA,NA,NA,NA,NA,NA,NA,NA,NA,NA,NA,NA,NA,NA,NA,NA,NA,NA,NA,NA
Colombia,2020,COE,auction,NA,https://allianceforcoffeeexcellence.org/colombia-2020/,1,7,El Paraiso,88.41,892.87,$25.30,"$22,589.61",Caravela Coffee for Artisan Roast Scotland,NA,success,NA,NA,NA,NA,NA,NA,NA,NA,NA,NA,NA,NA,NA,NA,NA,NA,NA,NA,NA,NA,NA,NA,NA,NA,NA,NA,NA,NA,NA,NA,NA,NA,NA,NA,NA,NA,NA,NA,NA,NA,NA,NA,NA,NA,NA,NA,NA,NA,NA,NA,NA,NA,NA,NA,NA,NA,NA,NA
Colombia,2020,COE,auction,NA,https://allianceforcoffeeexcellence.org/colombia-2020/,1,8,El Obraje,88.22,264.55,$36.70,"$9,708.99","MUSEO Co., Ltd.",NA,success,NA,NA,NA,NA,NA,NA,NA,NA,NA,NA,NA,NA,NA,NA,NA,NA,NA,NA,NA,NA,NA,NA,NA,NA,NA,NA,NA,NA,NA,NA,NA,NA,NA,NA,NA,NA,NA,NA,NA,NA,NA,NA,NA,NA,NA,NA,NA,NA,NA,NA,NA,NA,NA,NA,NA,NA,NA,NA
Colombia,2020,COE,auction,NA,https://allianceforcoffeeexcellence.org/colombia-2020/,1,9,Bella Vista,88,1521.19,$13.70,"$20,840.30","EL CAFE Coffee Roasters, Coffee Libre, Told A Story, Youdong Coffee, Coffee Montage, 304 roasters, Hankook Coffee, FEBRUARY ROASTERS, Cafe Shinbi’s LOVE",NA,success,NA,NA,NA,NA,NA,NA,NA,NA,NA,NA,NA,NA,NA,NA,NA,NA,NA,NA,NA,NA,NA,NA,NA,NA,NA,NA,NA,NA,NA,NA,NA,NA,NA,NA,NA,NA,NA,NA,NA,NA,NA,NA,NA,NA,NA,NA,NA,NA,NA,NA,NA,NA,NA,NA,NA,NA,NA,NA
Colombia,2020,COE,auction,NA,https://allianceforcoffeeexcellence.org/colombia-2020/,1,10,San Nicolas,87.97,959.01,$13.40,"$12,850.73",Kaffebrenneriet As,NA,success,NA,NA,NA,NA,NA,NA,NA,NA,NA,NA,NA,NA,NA,NA,NA,NA,NA,NA,NA,NA,NA,NA,NA,NA,NA,NA,NA,NA,NA,NA,NA,NA,NA,NA,NA,NA,NA,NA,NA,NA,NA,NA,NA,NA,NA,NA,NA,NA,NA,NA,NA,NA,NA,NA,NA,NA,NA,NA
Colombia,2020,COE,auction,NA,https://allianceforcoffeeexcellence.org/colombia-2020/,1,11,El Sauce,87.75,1256.63,$11.80,"$14,828.23",Nagahama Coffee Inc.,NA,success,NA,NA,NA,NA,NA,NA,NA,NA,NA,NA,NA,NA,NA,NA,NA,NA,NA,NA,NA,NA,NA,NA,NA,NA,NA,NA,NA,NA,NA,NA,NA,NA,NA,NA,NA,NA,NA,NA,NA,NA,NA,NA,NA,NA,NA,NA,NA,NA,NA,NA,NA,NA,NA,NA,NA,NA,NA,NA
Colombia,2020,COE,auction,NA,https://allianceforcoffeeexcellence.org/colombia-2020/,1,12,La Cruz,87.44,992.08,$11.60,"$11,508.13","Tashiro Coffee Co., Ltd",NA,success,NA,NA,NA,NA,NA,NA,NA,NA,NA,NA,NA,NA,NA,NA,NA,NA,NA,NA,NA,NA,NA,NA,NA,NA,NA,NA,NA,NA,NA,NA,NA,NA,NA,NA,NA,NA,NA,NA,NA,NA,NA,NA,NA,NA,NA,NA,NA,NA,NA,NA,NA,NA,NA,NA,NA,NA,NA,NA
Colombia,2020,COE,auction,NA,https://allianceforcoffeeexcellence.org/colombia-2020/,1,13,Los Cachingos,87.41,959.01,$11.10,"$10,645.01","Wataru & Co., Ltd.",NA,success,NA,NA,NA,NA,NA,NA,NA,NA,NA,NA,NA,NA,NA,NA,NA,NA,NA,NA,NA,NA,NA,NA,NA,NA,NA,NA,NA,NA,NA,NA,NA,NA,NA,NA,NA,NA,NA,NA,NA,NA,NA,NA,NA,NA,NA,NA,NA,NA,NA,NA,NA,NA,NA,NA,NA,NA,NA,NA
Colombia,2020,COE,auction,NA,https://allianceforcoffeeexcellence.org/colombia-2020/,1,14,Los Alpes,87.41,925.94,$11.10,"$10,277.93",Kyokuto Fadie Corporation,NA,success,NA,NA,NA,NA,NA,NA,NA,NA,NA,NA,NA,NA,NA,NA,NA,NA,NA,NA,NA,NA,NA,NA,NA,NA,NA,NA,NA,NA,NA,NA,NA,NA,NA,NA,NA,NA,NA,NA,NA,NA,NA,NA,NA,NA,NA,NA,NA,NA,NA,NA,NA,NA,NA,NA,NA,NA,NA,NA
Colombia,2020,COE,auction,NA,https://allianceforcoffeeexcellence.org/colombia-2020/,1,15,El Estoraque,87.38,992.08,$15.10,"$14,980.41","Wataru & Co., Ltd.",NA,success,NA,NA,NA,NA,NA,NA,NA,NA,NA,NA,NA,NA,NA,NA,NA,NA,NA,NA,NA,NA,NA,NA,NA,NA,NA,NA,NA,NA,NA,NA,NA,NA,NA,NA,NA,NA,NA,NA,NA,NA,NA,NA,NA,NA,NA,NA,NA,NA,NA,NA,NA,NA,NA,NA,NA,NA,NA,NA
Colombia,2020,COE,auction,NA,https://allianceforcoffeeexcellence.org/colombia-2020/,1,16,El Naranjo,87.34,892.87,$14.10,"$12,589.47",Campos Coffee,NA,success,NA,NA,NA,NA,NA,NA,NA,NA,NA,NA,NA,NA,NA,NA,NA,NA,NA,NA,NA,NA,NA,NA,NA,NA,NA,NA,NA,NA,NA,NA,NA,NA,NA,NA,NA,NA,NA,NA,NA,NA,NA,NA,NA,NA,NA,NA,NA,NA,NA,NA,NA,NA,NA,NA,NA,NA,NA,NA
Colombia,2020,COE,auction,NA,https://allianceforcoffeeexcellence.org/colombia-2020/,1,17,La Guaca,87.31,1223.56,$16.70,"$20,433.45","Wataru & Co., Ltd.",NA,success,NA,NA,NA,NA,NA,NA,NA,NA,NA,NA,NA,NA,NA,NA,NA,NA,NA,NA,NA,NA,NA,NA,NA,NA,NA,NA,NA,NA,NA,NA,NA,NA,NA,NA,NA,NA,NA,NA,NA,NA,NA,NA,NA,NA,NA,NA,NA,NA,NA,NA,NA,NA,NA,NA,NA,NA,NA,NA
Colombia,2020,COE,auction,NA,https://allianceforcoffeeexcellence.org/colombia-2020/,1,18,Bella Vista,87.28,992.08,$10.65,"$10,565.65","Coffee County, Wataru & Co., Ltd.",NA,success,NA,NA,NA,NA,NA,NA,NA,NA,NA,NA,NA,NA,NA,NA,NA,NA,NA,NA,NA,NA,NA,NA,NA,NA,NA,NA,NA,NA,NA,NA,NA,NA,NA,NA,NA,NA,NA,NA,NA,NA,NA,NA,NA,NA,NA,NA,NA,NA,NA,NA,NA,NA,NA,NA,NA,NA,NA,NA
Colombia,2020,COE,auction,NA,https://allianceforcoffeeexcellence.org/colombia-2020/,1,19,El Chirimoyo,87.25,396.83,$35.10,"$13,928.73",Knock Box Coffee,NA,success,NA,NA,NA,NA,NA,NA,NA,NA,NA,NA,NA,NA,NA,NA,NA,NA,NA,NA,NA,NA,NA,NA,NA,NA,NA,NA,NA,NA,NA,NA,NA,NA,NA,NA,NA,NA,NA,NA,NA,NA,NA,NA,NA,NA,NA,NA,NA,NA,NA,NA,NA,NA,NA,NA,NA,NA,NA,NA
Colombia,2020,COE,auction,NA,https://allianceforcoffeeexcellence.org/colombia-2020/,1,20,El Naranjo,87.22,1951.09,$10.30,"$20,096.23",Honu Kato Coffee Inc.,NA,success,NA,NA,NA,NA,NA,NA,NA,NA,NA,NA,NA,NA,NA,NA,NA,NA,NA,NA,NA,NA,NA,NA,NA,NA,NA,NA,NA,NA,NA,NA,NA,NA,NA,NA,NA,NA,NA,NA,NA,NA,NA,NA,NA,NA,NA,NA,NA,NA,NA,NA,NA,NA,NA,NA,NA,NA,NA,NA
Colombia,2020,COE,auction,NA,https://allianceforcoffeeexcellence.org/colombia-2020/,1,21,La Peña,87.19,925.94,$11.20,"$10,370.53",19grams / Tres Cabezas,NA,success,NA,NA,NA,NA,NA,NA,NA,NA,NA,NA,NA,NA,NA,NA,NA,NA,NA,NA,NA,NA,NA,NA,NA,NA,NA,NA,NA,NA,NA,NA,NA,NA,NA,NA,NA,NA,NA,NA,NA,NA,NA,NA,NA,NA,NA,NA,NA,NA,NA,NA,NA,NA,NA,NA,NA,NA,NA,NA
Colombia,2020,COE,auction,NA,https://allianceforcoffeeexcellence.org/colombia-2020/,1,22,La Piragua,87.13,925.94,$35.20,"$32,593.09","Intelligentsia (USA), Single O (AU), La Boheme (CZ), Moustache Coffee Club (USA)",NA,success,NA,NA,NA,NA,NA,NA,NA,NA,NA,NA,NA,NA,NA,NA,NA,NA,NA,NA,NA,NA,NA,NA,NA,NA,NA,NA,NA,NA,NA,NA,NA,NA,NA,NA,NA,NA,NA,NA,NA,NA,NA,NA,NA,NA,NA,NA,NA,NA,NA,NA,NA,NA,NA,NA,NA,NA,NA,NA
Colombia,2020,COE,auction,NA,https://allianceforcoffeeexcellence.org/colombia-2020/,1,23,La Mina,87.09,2017.23,$10.00,"$20,172.30","Wataru & Co., Ltd.",NA,success,NA,NA,NA,NA,NA,NA,NA,NA,NA,NA,NA,NA,NA,NA,NA,NA,NA,NA,NA,NA,NA,NA,NA,NA,NA,NA,NA,NA,NA,NA,NA,NA,NA,NA,NA,NA,NA,NA,NA,NA,NA,NA,NA,NA,NA,NA,NA,NA,NA,NA,NA,NA,NA,NA,NA,NA,NA,NA
Colombia,2020,COE,auction,NA,https://allianceforcoffeeexcellence.org/colombia-2020/,1,24,Betania,87,892.87,$10.30,"$9,196.56",Hannoversche Kaffeemanufaktur GmbH & Co. Kg,NA,success,NA,NA,NA,NA,NA,NA,NA,NA,NA,NA,NA,NA,NA,NA,NA,NA,NA,NA,NA,NA,NA,NA,NA,NA,NA,NA,NA,NA,NA,NA,NA,NA,NA,NA,NA,NA,NA,NA,NA,NA,NA,NA,NA,NA,NA,NA,NA,NA,NA,NA,NA,NA,NA,NA,NA,NA,NA,NA
Colombia,2020,COE,auction,NA,https://allianceforcoffeeexcellence.org/colombia-2020/,1,Totals:,,,"24,272.86lbs",$19.49/lb,"$473,036.47",,NA,success,NA,NA,NA,NA,NA,NA,NA,NA,NA,NA,NA,NA,NA,NA,NA,NA,NA,NA,NA,NA,NA,NA,NA,NA,NA,NA,NA,NA,NA,NA,NA,NA,NA,NA,NA,NA,NA,NA,NA,NA,NA,NA,NA,NA,NA,NA,NA,NA,NA,NA,NA,NA,NA,NA,NA,NA,NA,NA
Costa Rica,2020,COE,auction,NA,https://allianceforcoffeeexcellence.org/costa-rica-2020/,1,1a,Don Mayo La Loma,90.27,396.83,$66.90,"$26,547.93","Maruyama Coffee, Thoth Coffee, Cometeer, Mesh Coffee, Snow Beans Coffee, Orsir Coffee( Taiwan)",NA,success,NA,NA,NA,NA,NA,NA,NA,NA,NA,NA,NA,NA,NA,NA,NA,NA,NA,NA,NA,NA,NA,NA,NA,NA,NA,NA,NA,NA,NA,NA,NA,NA,NA,NA,NA,NA,NA,NA,NA,NA,NA,NA,NA,NA,NA,NA,NA,NA,NA,NA,NA,NA,NA,NA,NA,NA,NA,NA
Costa Rica,2020,COE,auction,NA,https://allianceforcoffeeexcellence.org/costa-rica-2020/,1,1b,Don Mayo La Loma,90.27,396.83,$70.10,"$27,817.78",Fisher Coffee / 北京六月花园咖啡 / MANNER COFFEE (China) / Seng Pan Coffee International Ltd.誠品咖啡 / Taster’s Coffee / 广州犀咖烘焙有限公司 / 领地 La Finca / 弥翼 / Latorre & Dutch Coffee (China),NA,success,NA,NA,NA,NA,NA,NA,NA,NA,NA,NA,NA,NA,NA,NA,NA,NA,NA,NA,NA,NA,NA,NA,NA,NA,NA,NA,NA,NA,NA,NA,NA,NA,NA,NA,NA,NA,NA,NA,NA,NA,NA,NA,NA,NA,NA,NA,NA,NA,NA,NA,NA,NA,NA,NA,NA,NA,NA,NA
Costa Rica,2020,COE,auction,NA,https://allianceforcoffeeexcellence.org/costa-rica-2020/,1,2a,El Cedro,90.14,462.97,$45.20,"$20,926.24",Kyokuto Fadie Corporation,NA,success,NA,NA,NA,NA,NA,NA,NA,NA,NA,NA,NA,NA,NA,NA,NA,NA,NA,NA,NA,NA,NA,NA,NA,NA,NA,NA,NA,NA,NA,NA,NA,NA,NA,NA,NA,NA,NA,NA,NA,NA,NA,NA,NA,NA,NA,NA,NA,NA,NA,NA,NA,NA,NA,NA,NA,NA,NA,NA
Costa Rica,2020,COE,auction,NA,https://allianceforcoffeeexcellence.org/costa-rica-2020/,1,2b,El Cedro,90.14,462.97,$45.20,"$20,926.24",Hisashi Yamamoto Coffee INC. (Unir),NA,success,NA,NA,NA,NA,NA,NA,NA,NA,NA,NA,NA,NA,NA,NA,NA,NA,NA,NA,NA,NA,NA,NA,NA,NA,NA,NA,NA,NA,NA,NA,NA,NA,NA,NA,NA,NA,NA,NA,NA,NA,NA,NA,NA,NA,NA,NA,NA,NA,NA,NA,NA,NA,NA,NA,NA,NA,NA,NA
Costa Rica,2020,COE,auction,NA,https://allianceforcoffeeexcellence.org/costa-rica-2020/,1,3,Don Cayito,89.55,"1,058.21",$35.20,"$37,248.99","MUSEO Co., Ltd. // Songdo Coffee // ABRI COFFEE FACTORY // Marty’s Coffee // TXT Coffee (.txt) // Cygnus Coffee // liike coffee",NA,success,NA,NA,NA,NA,NA,NA,NA,NA,NA,NA,NA,NA,NA,NA,NA,NA,NA,NA,NA,NA,NA,NA,NA,NA,NA,NA,NA,NA,NA,NA,NA,NA,NA,NA,NA,NA,NA,NA,NA,NA,NA,NA,NA,NA,NA,NA,NA,NA,NA,NA,NA,NA,NA,NA,NA,NA,NA,NA
Costa Rica,2020,COE,auction,NA,https://allianceforcoffeeexcellence.org/costa-rica-2020/,1,4,FCJ Volcan Azul El Cedro,89.18,793.66,$32.00,"$25,397.10",ONYX COFFEE LAB,NA,success,NA,NA,NA,NA,NA,NA,NA,NA,NA,NA,NA,NA,NA,NA,NA,NA,NA,NA,NA,NA,NA,NA,NA,NA,NA,NA,NA,NA,NA,NA,NA,NA,NA,NA,NA,NA,NA,NA,NA,NA,NA,NA,NA,NA,NA,NA,NA,NA,NA,NA,NA,NA,NA,NA,NA,NA,NA,NA
Costa Rica,2020,COE,auction,NA,https://allianceforcoffeeexcellence.org/costa-rica-2020/,1,5,Santa Teresa,89.14,925.93,$25.10,"$23,240.84",Terarosa (Haksan Co. Ltd),NA,success,NA,NA,NA,NA,NA,NA,NA,NA,NA,NA,NA,NA,NA,NA,NA,NA,NA,NA,NA,NA,NA,NA,NA,NA,NA,NA,NA,NA,NA,NA,NA,NA,NA,NA,NA,NA,NA,NA,NA,NA,NA,NA,NA,NA,NA,NA,NA,NA,NA,NA,NA,NA,NA,NA,NA,NA,NA,NA
Costa Rica,2020,COE,auction,NA,https://allianceforcoffeeexcellence.org/costa-rica-2020/,1,6,Finca Ines,88.66,992.07,$22.10,"$21,924.75",Curve Specialty coffee Roastery,NA,success,NA,NA,NA,NA,NA,NA,NA,NA,NA,NA,NA,NA,NA,NA,NA,NA,NA,NA,NA,NA,NA,NA,NA,NA,NA,NA,NA,NA,NA,NA,NA,NA,NA,NA,NA,NA,NA,NA,NA,NA,NA,NA,NA,NA,NA,NA,NA,NA,NA,NA,NA,NA,NA,NA,NA,NA,NA,NA
Costa Rica,2020,COE,auction,NA,https://allianceforcoffeeexcellence.org/costa-rica-2020/,1,7,Emanuel,88.59,925.93,$19.10,"$17,685.26",Campos Coffee,NA,success,NA,NA,NA,NA,NA,NA,NA,NA,NA,NA,NA,NA,NA,NA,NA,NA,NA,NA,NA,NA,NA,NA,NA,NA,NA,NA,NA,NA,NA,NA,NA,NA,NA,NA,NA,NA,NA,NA,NA,NA,NA,NA,NA,NA,NA,NA,NA,NA,NA,NA,NA,NA,NA,NA,NA,NA,NA,NA
Costa Rica,2020,COE,auction,NA,https://allianceforcoffeeexcellence.org/costa-rica-2020/,1,8,Finca Tacacal,88.57,"1,388.90",$16.10,"$22,361.29","THE DRIP CO., LTD. / AGCOFFEE / RYANS COFFEE ROASTERS / KONGGAGE COFFEE",NA,success,NA,NA,NA,NA,NA,NA,NA,NA,NA,NA,NA,NA,NA,NA,NA,NA,NA,NA,NA,NA,NA,NA,NA,NA,NA,NA,NA,NA,NA,NA,NA,NA,NA,NA,NA,NA,NA,NA,NA,NA,NA,NA,NA,NA,NA,NA,NA,NA,NA,NA,NA,NA,NA,NA,NA,NA,NA,NA
Costa Rica,2020,COE,auction,NA,https://allianceforcoffeeexcellence.org/costa-rica-2020/,1,9,Agua y Manto,88.55,661.38,$20.11,"$13,300.35",Sarutahiko Coffee Inc.,NA,success,NA,NA,NA,NA,NA,NA,NA,NA,NA,NA,NA,NA,NA,NA,NA,NA,NA,NA,NA,NA,NA,NA,NA,NA,NA,NA,NA,NA,NA,NA,NA,NA,NA,NA,NA,NA,NA,NA,NA,NA,NA,NA,NA,NA,NA,NA,NA,NA,NA,NA,NA,NA,NA,NA,NA,NA,NA,NA
Costa Rica,2020,COE,auction,NA,https://allianceforcoffeeexcellence.org/costa-rica-2020/,1,10,La Isla,88.5,"1,190.48",$16.20,"$19,285.78",Kaffebrenneriet As,NA,success,NA,NA,NA,NA,NA,NA,NA,NA,NA,NA,NA,NA,NA,NA,NA,NA,NA,NA,NA,NA,NA,NA,NA,NA,NA,NA,NA,NA,NA,NA,NA,NA,NA,NA,NA,NA,NA,NA,NA,NA,NA,NA,NA,NA,NA,NA,NA,NA,NA,NA,NA,NA,NA,NA,NA,NA,NA,NA
Costa Rica,2020,COE,auction,NA,https://allianceforcoffeeexcellence.org/costa-rica-2020/,1,11,Finca Licho,88.23,"1,058.21",$15.00,"$15,873.15",Blooms Ltd,NA,success,NA,NA,NA,NA,NA,NA,NA,NA,NA,NA,NA,NA,NA,NA,NA,NA,NA,NA,NA,NA,NA,NA,NA,NA,NA,NA,NA,NA,NA,NA,NA,NA,NA,NA,NA,NA,NA,NA,NA,NA,NA,NA,NA,NA,NA,NA,NA,NA,NA,NA,NA,NA,NA,NA,NA,NA,NA,NA
Costa Rica,2020,COE,auction,NA,https://allianceforcoffeeexcellence.org/costa-rica-2020/,1,12,Volcan Azul Cipresal,88,793.66,$25.60,"$20,317.70",Sulalat Coffee Trading,NA,success,NA,NA,NA,NA,NA,NA,NA,NA,NA,NA,NA,NA,NA,NA,NA,NA,NA,NA,NA,NA,NA,NA,NA,NA,NA,NA,NA,NA,NA,NA,NA,NA,NA,NA,NA,NA,NA,NA,NA,NA,NA,NA,NA,NA,NA,NA,NA,NA,NA,NA,NA,NA,NA,NA,NA,NA,NA,NA
Costa Rica,2020,COE,auction,NA,https://allianceforcoffeeexcellence.org/costa-rica-2020/,1,13,Finca Dagoberto,87.95,760.59,$19.90,"$15,135.74",Terarosa (Haksan Co. Ltd),NA,success,NA,NA,NA,NA,NA,NA,NA,NA,NA,NA,NA,NA,NA,NA,NA,NA,NA,NA,NA,NA,NA,NA,NA,NA,NA,NA,NA,NA,NA,NA,NA,NA,NA,NA,NA,NA,NA,NA,NA,NA,NA,NA,NA,NA,NA,NA,NA,NA,NA,NA,NA,NA,NA,NA,NA,NA,NA,NA
Costa Rica,2020,COE,auction,NA,https://allianceforcoffeeexcellence.org/costa-rica-2020/,1,14,Sin Limites,87.86,793.66,$19.20,"$15,238.27","Tri-Up Coffee, Taster’s Coffee 饕選咖啡, Good Cup Coffee",NA,success,NA,NA,NA,NA,NA,NA,NA,NA,NA,NA,NA,NA,NA,NA,NA,NA,NA,NA,NA,NA,NA,NA,NA,NA,NA,NA,NA,NA,NA,NA,NA,NA,NA,NA,NA,NA,NA,NA,NA,NA,NA,NA,NA,NA,NA,NA,NA,NA,NA,NA,NA,NA,NA,NA,NA,NA,NA,NA
Costa Rica,2020,COE,auction,NA,https://allianceforcoffeeexcellence.org/costa-rica-2020/,1,15,Quebrada Grande,87.82,925.93,$17.10,"$15,833.40",AL QAHWA AL ARABIAH,NA,success,NA,NA,NA,NA,NA,NA,NA,NA,NA,NA,NA,NA,NA,NA,NA,NA,NA,NA,NA,NA,NA,NA,NA,NA,NA,NA,NA,NA,NA,NA,NA,NA,NA,NA,NA,NA,NA,NA,NA,NA,NA,NA,NA,NA,NA,NA,NA,NA,NA,NA,NA,NA,NA,NA,NA,NA,NA,NA
Costa Rica,2020,COE,auction,NA,https://allianceforcoffeeexcellence.org/costa-rica-2020/,1,16,Finca La Ladera,87.77,"1,058.21",$15.10,"$15,978.97","Bohemian (An-am), ESCUDO Coffee",NA,success,NA,NA,NA,NA,NA,NA,NA,NA,NA,NA,NA,NA,NA,NA,NA,NA,NA,NA,NA,NA,NA,NA,NA,NA,NA,NA,NA,NA,NA,NA,NA,NA,NA,NA,NA,NA,NA,NA,NA,NA,NA,NA,NA,NA,NA,NA,NA,NA,NA,NA,NA,NA,NA,NA,NA,NA,NA,NA
Costa Rica,2020,COE,auction,NA,https://allianceforcoffeeexcellence.org/costa-rica-2020/,1,17,Finca Chispita,87.73,"1,058.21",$15.20,"$16,084.79","Wataru & Co., Ltd.",NA,success,NA,NA,NA,NA,NA,NA,NA,NA,NA,NA,NA,NA,NA,NA,NA,NA,NA,NA,NA,NA,NA,NA,NA,NA,NA,NA,NA,NA,NA,NA,NA,NA,NA,NA,NA,NA,NA,NA,NA,NA,NA,NA,NA,NA,NA,NA,NA,NA,NA,NA,NA,NA,NA,NA,NA,NA,NA,NA
Costa Rica,2020,COE,auction,NA,https://allianceforcoffeeexcellence.org/costa-rica-2020/,1,18,Doña Clemencia,87.64,"1,058.21",$17.00,"$17,989.57",Camel Step Roasters,NA,success,NA,NA,NA,NA,NA,NA,NA,NA,NA,NA,NA,NA,NA,NA,NA,NA,NA,NA,NA,NA,NA,NA,NA,NA,NA,NA,NA,NA,NA,NA,NA,NA,NA,NA,NA,NA,NA,NA,NA,NA,NA,NA,NA,NA,NA,NA,NA,NA,NA,NA,NA,NA,NA,NA,NA,NA,NA,NA
Costa Rica,2020,COE,auction,NA,https://allianceforcoffeeexcellence.org/costa-rica-2020/,1,19,Los Manantiales,87.59,"1,058.21",$15.10,"$15,978.97",Kyokuto Fadie Corporation,NA,success,NA,NA,NA,NA,NA,NA,NA,NA,NA,NA,NA,NA,NA,NA,NA,NA,NA,NA,NA,NA,NA,NA,NA,NA,NA,NA,NA,NA,NA,NA,NA,NA,NA,NA,NA,NA,NA,NA,NA,NA,NA,NA,NA,NA,NA,NA,NA,NA,NA,NA,NA,NA,NA,NA,NA,NA,NA,NA
Costa Rica,2020,COE,auction,NA,https://allianceforcoffeeexcellence.org/costa-rica-2020/,1,20,La Cumbre,87.5,"1,058.21",$14.10,"$14,920.76","Wataru & Co., Ltd.",NA,success,NA,NA,NA,NA,NA,NA,NA,NA,NA,NA,NA,NA,NA,NA,NA,NA,NA,NA,NA,NA,NA,NA,NA,NA,NA,NA,NA,NA,NA,NA,NA,NA,NA,NA,NA,NA,NA,NA,NA,NA,NA,NA,NA,NA,NA,NA,NA,NA,NA,NA,NA,NA,NA,NA,NA,NA,NA,NA
Costa Rica,2020,COE,auction,NA,https://allianceforcoffeeexcellence.org/costa-rica-2020/,1,21,Don Jose,87.36,"1,058.21",$15.20,"$16,084.79",澳帝焙咖啡 / 李想咖啡 / GO TO COFFEE / Small Arms Big Heart 有容乃大 / TURNING POINT coffee roastry / Latorre & Dutch Coffee (China),NA,success,NA,NA,NA,NA,NA,NA,NA,NA,NA,NA,NA,NA,NA,NA,NA,NA,NA,NA,NA,NA,NA,NA,NA,NA,NA,NA,NA,NA,NA,NA,NA,NA,NA,NA,NA,NA,NA,NA,NA,NA,NA,NA,NA,NA,NA,NA,NA,NA,NA,NA,NA,NA,NA,NA,NA,NA,NA,NA
Costa Rica,2020,COE,auction,NA,https://allianceforcoffeeexcellence.org/costa-rica-2020/,1,22,Don Mayo Bellavista,87.32,859.79,$26.20,"$22,526.50",Camel Step Roasters,NA,success,NA,NA,NA,NA,NA,NA,NA,NA,NA,NA,NA,NA,NA,NA,NA,NA,NA,NA,NA,NA,NA,NA,NA,NA,NA,NA,NA,NA,NA,NA,NA,NA,NA,NA,NA,NA,NA,NA,NA,NA,NA,NA,NA,NA,NA,NA,NA,NA,NA,NA,NA,NA,NA,NA,NA,NA,NA,NA
Costa Rica,2020,COE,auction,NA,https://allianceforcoffeeexcellence.org/costa-rica-2020/,1,23,Hacienda Colima,87.32,793.66,$18.00,"$14,285.88",Curve Specialty coffee Roastery,NA,success,NA,NA,NA,NA,NA,NA,NA,NA,NA,NA,NA,NA,NA,NA,NA,NA,NA,NA,NA,NA,NA,NA,NA,NA,NA,NA,NA,NA,NA,NA,NA,NA,NA,NA,NA,NA,NA,NA,NA,NA,NA,NA,NA,NA,NA,NA,NA,NA,NA,NA,NA,NA,NA,NA,NA,NA,NA,NA
Costa Rica,2020,COE,auction,NA,https://allianceforcoffeeexcellence.org/costa-rica-2020/,1,24,La Mesa,87.25,793.66,$20.10,"$15,952.57",Wataru for Nozy Coffee,NA,success,NA,NA,NA,NA,NA,NA,NA,NA,NA,NA,NA,NA,NA,NA,NA,NA,NA,NA,NA,NA,NA,NA,NA,NA,NA,NA,NA,NA,NA,NA,NA,NA,NA,NA,NA,NA,NA,NA,NA,NA,NA,NA,NA,NA,NA,NA,NA,NA,NA,NA,NA,NA,NA,NA,NA,NA,NA,NA
Costa Rica,2020,COE,auction,NA,https://allianceforcoffeeexcellence.org/costa-rica-2020/,1,25,La Cuesta – Finca Zapote,87.23,"1,256.62",$14.60,"$18,346.65","Wataru & Co., Ltd.",NA,success,NA,NA,NA,NA,NA,NA,NA,NA,NA,NA,NA,NA,NA,NA,NA,NA,NA,NA,NA,NA,NA,NA,NA,NA,NA,NA,NA,NA,NA,NA,NA,NA,NA,NA,NA,NA,NA,NA,NA,NA,NA,NA,NA,NA,NA,NA,NA,NA,NA,NA,NA,NA,NA,NA,NA,NA,NA,NA
Costa Rica,2020,COE,auction,NA,https://allianceforcoffeeexcellence.org/costa-rica-2020/,1,26,Hacienda Colima Alto,87.05,793.66,$15.20,"$12,063.63",居家咖啡/ 上海宇啡 / 隔壁工坊 / ARC Coffee 星门咖啡 / SUNUO Coffee 速诺咖啡 / Coffee Era Trading 咖纪贸易,NA,success,NA,NA,NA,NA,NA,NA,NA,NA,NA,NA,NA,NA,NA,NA,NA,NA,NA,NA,NA,NA,NA,NA,NA,NA,NA,NA,NA,NA,NA,NA,NA,NA,NA,NA,NA,NA,NA,NA,NA,NA,NA,NA,NA,NA,NA,NA,NA,NA,NA,NA,NA,NA,NA,NA,NA,NA,NA,NA
Costa Rica,2020,COE,auction,NA,https://allianceforcoffeeexcellence.org/costa-rica-2020/,1,Totals:,,,"24,834.86",$21.71/lb,"$539,273.91",,NA,success,NA,NA,NA,NA,NA,NA,NA,NA,NA,NA,NA,NA,NA,NA,NA,NA,NA,NA,NA,NA,NA,NA,NA,NA,NA,NA,NA,NA,NA,NA,NA,NA,NA,NA,NA,NA,NA,NA,NA,NA,NA,NA,NA,NA,NA,NA,NA,NA,NA,NA,NA,NA,NA,NA,NA,NA,NA,NA
Costa Rica,2020,NW,auction,NA,https://allianceforcoffeeexcellence.org/costa-rica-2020/,2,NW,Finca Toño,86.73,"1,381.19",$5.00,"$6,905.95",NA,"cafe DAZAC, Eungubiro Roasters, Crema Costa",success,NA,NA,NA,NA,NA,NA,NA,NA,NA,NA,NA,NA,NA,NA,NA,NA,NA,NA,NA,NA,NA,NA,NA,NA,NA,NA,NA,NA,NA,NA,NA,NA,NA,NA,NA,NA,NA,NA,NA,NA,NA,NA,NA,NA,NA,NA,NA,NA,NA,NA,NA,NA,NA,NA,NA,NA,NA,NA
Costa Rica,2020,NW,auction,NA,https://allianceforcoffeeexcellence.org/costa-rica-2020/,2,NW,Finca Flor del Café,86.55,"1,075.41",$7.10,"$7,635.41",NA,"Upstream Coffee Imports Pty Ltd (Australia),
Invalsa Coffee (USA),
Bokkum Coffee Roasters
& GIL-COFFEE (Korea)",success,NA,NA,NA,NA,NA,NA,NA,NA,NA,NA,NA,NA,NA,NA,NA,NA,NA,NA,NA,NA,NA,NA,NA,NA,NA,NA,NA,NA,NA,NA,NA,NA,NA,NA,NA,NA,NA,NA,NA,NA,NA,NA,NA,NA,NA,NA,NA,NA,NA,NA,NA,NA,NA,NA,NA,NA,NA,NA
Costa Rica,2020,NW,auction,NA,https://allianceforcoffeeexcellence.org/costa-rica-2020/,2,NW,La Cruz – El Encino,86.5,"1,079.38",$10.20,"$11,009.68",NA,Curve Specialty coffee Roastery,success,NA,NA,NA,NA,NA,NA,NA,NA,NA,NA,NA,NA,NA,NA,NA,NA,NA,NA,NA,NA,NA,NA,NA,NA,NA,NA,NA,NA,NA,NA,NA,NA,NA,NA,NA,NA,NA,NA,NA,NA,NA,NA,NA,NA,NA,NA,NA,NA,NA,NA,NA,NA,NA,NA,NA,NA,NA,NA
Costa Rica,2020,NW,auction,NA,https://allianceforcoffeeexcellence.org/costa-rica-2020/,2,NW,La Cruz-El Pino,86.41,"1,521.19",$5.00,"$7,529.89",NA,"cafe DAZAC, Eungubiro Roasters, Crema Costa",success,NA,NA,NA,NA,NA,NA,NA,NA,NA,NA,NA,NA,NA,NA,NA,NA,NA,NA,NA,NA,NA,NA,NA,NA,NA,NA,NA,NA,NA,NA,NA,NA,NA,NA,NA,NA,NA,NA,NA,NA,NA,NA,NA,NA,NA,NA,NA,NA,NA,NA,NA,NA,NA,NA,NA,NA,NA,NA
Costa Rica,2020,NW,auction,NA,https://allianceforcoffeeexcellence.org/costa-rica-2020/,2,NW,Rivense – Los Cipreses,86.27,"1,130.09",$5.35,"$6,045.98",NA,Sarutahiko Coffee Inc.,success,NA,NA,NA,NA,NA,NA,NA,NA,NA,NA,NA,NA,NA,NA,NA,NA,NA,NA,NA,NA,NA,NA,NA,NA,NA,NA,NA,NA,NA,NA,NA,NA,NA,NA,NA,NA,NA,NA,NA,NA,NA,NA,NA,NA,NA,NA,NA,NA,NA,NA,NA,NA,NA,NA,NA,NA,NA,NA
Costa Rica,2020,NW,auction,NA,https://allianceforcoffeeexcellence.org/costa-rica-2020/,2,NW,El Bosque,86.27,751.33,$5.35,"$4,019.62",NA,Nagahama Coffee Inc.,success,NA,NA,NA,NA,NA,NA,NA,NA,NA,NA,NA,NA,NA,NA,NA,NA,NA,NA,NA,NA,NA,NA,NA,NA,NA,NA,NA,NA,NA,NA,NA,NA,NA,NA,NA,NA,NA,NA,NA,NA,NA,NA,NA,NA,NA,NA,NA,NA,NA,NA,NA,NA,NA,NA,NA,NA,NA,NA
Costa Rica,2020,NW,auction,NA,https://allianceforcoffeeexcellence.org/costa-rica-2020/,2,NW,El Pacayal,85.82,"1,521.19",$5.00,"$7,605.95",NA,"Bokkum Coffee Roasters
& GIL-COFFEE (Korea),
Upstream Coffee Imports Pty Ltd (Australia)",success,NA,NA,NA,NA,NA,NA,NA,NA,NA,NA,NA,NA,NA,NA,NA,NA,NA,NA,NA,NA,NA,NA,NA,NA,NA,NA,NA,NA,NA,NA,NA,NA,NA,NA,NA,NA,NA,NA,NA,NA,NA,NA,NA,NA,NA,NA,NA,NA,NA,NA,NA,NA,NA,NA,NA,NA,NA,NA
Costa Rica,2020,NW,auction,NA,https://allianceforcoffeeexcellence.org/costa-rica-2020/,2,NW,Sol Naciente,85.77,772.5,$5.25,"$4,055.63",NA,"Linking Coffee Co., Ltd.",success,NA,NA,NA,NA,NA,NA,NA,NA,NA,NA,NA,NA,NA,NA,NA,NA,NA,NA,NA,NA,NA,NA,NA,NA,NA,NA,NA,NA,NA,NA,NA,NA,NA,NA,NA,NA,NA,NA,NA,NA,NA,NA,NA,NA,NA,NA,NA,NA,NA,NA,NA,NA,NA,NA,NA,NA,NA,NA
Costa Rica,2020,NW,auction,NA,https://allianceforcoffeeexcellence.org/costa-rica-2020/,2,NW,,Totals:,"9,232.28",$5.94,"$54,808.11",NA,,success,NA,NA,NA,NA,NA,NA,NA,NA,NA,NA,NA,NA,NA,NA,NA,NA,NA,NA,NA,NA,NA,NA,NA,NA,NA,NA,NA,NA,NA,NA,NA,NA,NA,NA,NA,NA,NA,NA,NA,NA,NA,NA,NA,NA,NA,NA,NA,NA,NA,NA,NA,NA,NA,NA,NA,NA,NA,NA
El Salvador,2020,COE,auction,NA,https://allianceforcoffeeexcellence.org/el-salvador-2020/,1,1a,Divina Providencia,90.31,637.7,$80.10,"$51,079.77","Maruyama Coffee, Uchida Coffee, Harrods, Difference Coffee, Cometeer, Goodboybob Coffee",NA,success,NA,NA,NA,NA,NA,NA,NA,NA,NA,NA,NA,NA,NA,NA,NA,NA,NA,NA,NA,NA,NA,NA,NA,NA,NA,NA,NA,NA,NA,NA,NA,NA,NA,NA,NA,NA,NA,NA,NA,NA,NA,NA,NA,NA,NA,NA,NA,NA,NA,NA,NA,NA,NA,NA,NA,NA,NA,NA
El Salvador,2020,COE,auction,NA,https://allianceforcoffeeexcellence.org/el-salvador-2020/,1,1b,Divina Providencia,90.31,628.32,$60.10,"$37,762.03",AL QAHWA AL ARABIAH,NA,success,NA,NA,NA,NA,NA,NA,NA,NA,NA,NA,NA,NA,NA,NA,NA,NA,NA,NA,NA,NA,NA,NA,NA,NA,NA,NA,NA,NA,NA,NA,NA,NA,NA,NA,NA,NA,NA,NA,NA,NA,NA,NA,NA,NA,NA,NA,NA,NA,NA,NA,NA,NA,NA,NA,NA,NA,NA,NA
El Salvador,2020,COE,auction,NA,https://allianceforcoffeeexcellence.org/el-salvador-2020/,1,2,La Bonita,89.91,911,$30.50,"$27,785.50","Kyokuto Fadie Corporation & ARAB COFFEE CO., LTD.",NA,success,NA,NA,NA,NA,NA,NA,NA,NA,NA,NA,NA,NA,NA,NA,NA,NA,NA,NA,NA,NA,NA,NA,NA,NA,NA,NA,NA,NA,NA,NA,NA,NA,NA,NA,NA,NA,NA,NA,NA,NA,NA,NA,NA,NA,NA,NA,NA,NA,NA,NA,NA,NA,NA,NA,NA,NA,NA,NA
El Salvador,2020,COE,auction,NA,https://allianceforcoffeeexcellence.org/el-salvador-2020/,1,3,Mileydi,89.53,"1,020.00",$26.80,"$27,336.00","Time’s Club, Coffee Libre, Valley Coffee(China), EL CAFE coffee roasters, Coffee Montage, 304 roasters, Coffee Place, FEBRUARY ROASTERS",NA,success,NA,NA,NA,NA,NA,NA,NA,NA,NA,NA,NA,NA,NA,NA,NA,NA,NA,NA,NA,NA,NA,NA,NA,NA,NA,NA,NA,NA,NA,NA,NA,NA,NA,NA,NA,NA,NA,NA,NA,NA,NA,NA,NA,NA,NA,NA,NA,NA,NA,NA,NA,NA,NA,NA,NA,NA,NA,NA
El Salvador,2020,COE,auction,NA,https://allianceforcoffeeexcellence.org/el-salvador-2020/,1,4,La Pacaya,89.16,886,$48.60,"$43,059.60",Fisher Coffee / M2M Coffee Roasters / 广州犀咖烘焙有限公司 / 啟程拓殖 / 芦田家咖啡研习社 / Captain George Coffee Roaster / Latorre & Dutch Coffee (China),NA,success,NA,NA,NA,NA,NA,NA,NA,NA,NA,NA,NA,NA,NA,NA,NA,NA,NA,NA,NA,NA,NA,NA,NA,NA,NA,NA,NA,NA,NA,NA,NA,NA,NA,NA,NA,NA,NA,NA,NA,NA,NA,NA,NA,NA,NA,NA,NA,NA,NA,NA,NA,NA,NA,NA,NA,NA,NA,NA
El Salvador,2020,COE,auction,NA,https://allianceforcoffeeexcellence.org/el-salvador-2020/,1,5,Los Angeles,89.06,"1,095.00",$22.50,"$24,637.50",Cypher Roastery LLC,NA,success,NA,NA,NA,NA,NA,NA,NA,NA,NA,NA,NA,NA,NA,NA,NA,NA,NA,NA,NA,NA,NA,NA,NA,NA,NA,NA,NA,NA,NA,NA,NA,NA,NA,NA,NA,NA,NA,NA,NA,NA,NA,NA,NA,NA,NA,NA,NA,NA,NA,NA,NA,NA,NA,NA,NA,NA,NA,NA
El Salvador,2020,COE,auction,NA,https://allianceforcoffeeexcellence.org/el-salvador-2020/,1,6,El Amel,88.81,595,$20.30,"$12,078.50",BLACKUP COFFEE COMPANY,NA,success,NA,NA,NA,NA,NA,NA,NA,NA,NA,NA,NA,NA,NA,NA,NA,NA,NA,NA,NA,NA,NA,NA,NA,NA,NA,NA,NA,NA,NA,NA,NA,NA,NA,NA,NA,NA,NA,NA,NA,NA,NA,NA,NA,NA,NA,NA,NA,NA,NA,NA,NA,NA,NA,NA,NA,NA,NA,NA
El Salvador,2020,COE,auction,NA,https://allianceforcoffeeexcellence.org/el-salvador-2020/,1,7,El Aguila,88.75,888,$17.60,"$15,628.80",Campos Coffee,NA,success,NA,NA,NA,NA,NA,NA,NA,NA,NA,NA,NA,NA,NA,NA,NA,NA,NA,NA,NA,NA,NA,NA,NA,NA,NA,NA,NA,NA,NA,NA,NA,NA,NA,NA,NA,NA,NA,NA,NA,NA,NA,NA,NA,NA,NA,NA,NA,NA,NA,NA,NA,NA,NA,NA,NA,NA,NA,NA
El Salvador,2020,COE,auction,NA,https://allianceforcoffeeexcellence.org/el-salvador-2020/,1,8,La Bendicion 2,88.69,"1,578.00",$17.20,"$27,141.60",Sarutahiko Coffee Inc.,NA,success,NA,NA,NA,NA,NA,NA,NA,NA,NA,NA,NA,NA,NA,NA,NA,NA,NA,NA,NA,NA,NA,NA,NA,NA,NA,NA,NA,NA,NA,NA,NA,NA,NA,NA,NA,NA,NA,NA,NA,NA,NA,NA,NA,NA,NA,NA,NA,NA,NA,NA,NA,NA,NA,NA,NA,NA,NA,NA
El Salvador,2020,COE,auction,NA,https://allianceforcoffeeexcellence.org/el-salvador-2020/,1,9,Benasque,88.69,888,$19.10,"$16,960.80",M.I.COFFEE CORPORATION,NA,success,NA,NA,NA,NA,NA,NA,NA,NA,NA,NA,NA,NA,NA,NA,NA,NA,NA,NA,NA,NA,NA,NA,NA,NA,NA,NA,NA,NA,NA,NA,NA,NA,NA,NA,NA,NA,NA,NA,NA,NA,NA,NA,NA,NA,NA,NA,NA,NA,NA,NA,NA,NA,NA,NA,NA,NA,NA,NA
El Salvador,2020,COE,auction,NA,https://allianceforcoffeeexcellence.org/el-salvador-2020/,1,10,Santa Rosa,88.5,542,$19.90,"$10,785.80",Kyokuto Fadie Corporation,NA,success,NA,NA,NA,NA,NA,NA,NA,NA,NA,NA,NA,NA,NA,NA,NA,NA,NA,NA,NA,NA,NA,NA,NA,NA,NA,NA,NA,NA,NA,NA,NA,NA,NA,NA,NA,NA,NA,NA,NA,NA,NA,NA,NA,NA,NA,NA,NA,NA,NA,NA,NA,NA,NA,NA,NA,NA,NA,NA
El Salvador,2020,COE,auction,NA,https://allianceforcoffeeexcellence.org/el-salvador-2020/,1,11,Las Palmas,88.38,949,$14.00,"$13,286.00","Bohemian (An-am), ESCUDO Coffee",NA,success,NA,NA,NA,NA,NA,NA,NA,NA,NA,NA,NA,NA,NA,NA,NA,NA,NA,NA,NA,NA,NA,NA,NA,NA,NA,NA,NA,NA,NA,NA,NA,NA,NA,NA,NA,NA,NA,NA,NA,NA,NA,NA,NA,NA,NA,NA,NA,NA,NA,NA,NA,NA,NA,NA,NA,NA,NA,NA
El Salvador,2020,COE,auction,NA,https://allianceforcoffeeexcellence.org/el-salvador-2020/,1,12,El Derrumbo,88.31,"1,224.00",$19.70,"$24,112.80",TAKAMURA COFFEE ROASTERS,NA,success,NA,NA,NA,NA,NA,NA,NA,NA,NA,NA,NA,NA,NA,NA,NA,NA,NA,NA,NA,NA,NA,NA,NA,NA,NA,NA,NA,NA,NA,NA,NA,NA,NA,NA,NA,NA,NA,NA,NA,NA,NA,NA,NA,NA,NA,NA,NA,NA,NA,NA,NA,NA,NA,NA,NA,NA,NA,NA
El Salvador,2020,COE,auction,NA,https://allianceforcoffeeexcellence.org/el-salvador-2020/,1,13,La Campanula,87.88,671,$20.20,"$13,554.20",Orsir Coffee(Taiwan),NA,success,NA,NA,NA,NA,NA,NA,NA,NA,NA,NA,NA,NA,NA,NA,NA,NA,NA,NA,NA,NA,NA,NA,NA,NA,NA,NA,NA,NA,NA,NA,NA,NA,NA,NA,NA,NA,NA,NA,NA,NA,NA,NA,NA,NA,NA,NA,NA,NA,NA,NA,NA,NA,NA,NA,NA,NA,NA,NA
El Salvador,2020,COE,auction,NA,https://allianceforcoffeeexcellence.org/el-salvador-2020/,1,14,Las Duanas,87.75,400,$23.10,"$9,240.00",Sulalat Coffee Trading,NA,success,NA,NA,NA,NA,NA,NA,NA,NA,NA,NA,NA,NA,NA,NA,NA,NA,NA,NA,NA,NA,NA,NA,NA,NA,NA,NA,NA,NA,NA,NA,NA,NA,NA,NA,NA,NA,NA,NA,NA,NA,NA,NA,NA,NA,NA,NA,NA,NA,NA,NA,NA,NA,NA,NA,NA,NA,NA,NA
El Salvador,2020,COE,auction,NA,https://allianceforcoffeeexcellence.org/el-salvador-2020/,1,15,Noruega,87.75,644,$33.20,"$21,380.80",Sulalat Coffee Trading,NA,success,NA,NA,NA,NA,NA,NA,NA,NA,NA,NA,NA,NA,NA,NA,NA,NA,NA,NA,NA,NA,NA,NA,NA,NA,NA,NA,NA,NA,NA,NA,NA,NA,NA,NA,NA,NA,NA,NA,NA,NA,NA,NA,NA,NA,NA,NA,NA,NA,NA,NA,NA,NA,NA,NA,NA,NA,NA,NA
El Salvador,2020,COE,auction,NA,https://allianceforcoffeeexcellence.org/el-salvador-2020/,1,16,Las Ventanas,87.63,"1,663.00",$12.65,"$21,036.95",Honu Kato Coffee Inc.,NA,success,NA,NA,NA,NA,NA,NA,NA,NA,NA,NA,NA,NA,NA,NA,NA,NA,NA,NA,NA,NA,NA,NA,NA,NA,NA,NA,NA,NA,NA,NA,NA,NA,NA,NA,NA,NA,NA,NA,NA,NA,NA,NA,NA,NA,NA,NA,NA,NA,NA,NA,NA,NA,NA,NA,NA,NA,NA,NA
El Salvador,2020,COE,auction,NA,https://allianceforcoffeeexcellence.org/el-salvador-2020/,1,17,Roxanita,87.63,673,$13.10,"$8,816.30","COFFEE COUNTY, RIO COFFEE, KARIOMONS COFFEE ROASTER",NA,success,NA,NA,NA,NA,NA,NA,NA,NA,NA,NA,NA,NA,NA,NA,NA,NA,NA,NA,NA,NA,NA,NA,NA,NA,NA,NA,NA,NA,NA,NA,NA,NA,NA,NA,NA,NA,NA,NA,NA,NA,NA,NA,NA,NA,NA,NA,NA,NA,NA,NA,NA,NA,NA,NA,NA,NA,NA,NA
El Salvador,2020,COE,auction,NA,https://allianceforcoffeeexcellence.org/el-salvador-2020/,1,18,Las Brumas,87.5,990,$14.10,"$13,959.00","Wataru & Co., Ltd.",NA,success,NA,NA,NA,NA,NA,NA,NA,NA,NA,NA,NA,NA,NA,NA,NA,NA,NA,NA,NA,NA,NA,NA,NA,NA,NA,NA,NA,NA,NA,NA,NA,NA,NA,NA,NA,NA,NA,NA,NA,NA,NA,NA,NA,NA,NA,NA,NA,NA,NA,NA,NA,NA,NA,NA,NA,NA,NA,NA
El Salvador,2020,COE,auction,NA,https://allianceforcoffeeexcellence.org/el-salvador-2020/,1,19,El Topacio,87.44,728,$12.70,"$9,245.60",Wataru for Nozy Coffee,NA,success,NA,NA,NA,NA,NA,NA,NA,NA,NA,NA,NA,NA,NA,NA,NA,NA,NA,NA,NA,NA,NA,NA,NA,NA,NA,NA,NA,NA,NA,NA,NA,NA,NA,NA,NA,NA,NA,NA,NA,NA,NA,NA,NA,NA,NA,NA,NA,NA,NA,NA,NA,NA,NA,NA,NA,NA,NA,NA
El Salvador,2020,COE,auction,NA,https://allianceforcoffeeexcellence.org/el-salvador-2020/,1,20,San Andres,87.25,"2,046.00",$12.10,"$24,756.60","Wataru & Co., Ltd.",NA,success,NA,NA,NA,NA,NA,NA,NA,NA,NA,NA,NA,NA,NA,NA,NA,NA,NA,NA,NA,NA,NA,NA,NA,NA,NA,NA,NA,NA,NA,NA,NA,NA,NA,NA,NA,NA,NA,NA,NA,NA,NA,NA,NA,NA,NA,NA,NA,NA,NA,NA,NA,NA,NA,NA,NA,NA,NA,NA
El Salvador,2020,COE,auction,NA,https://allianceforcoffeeexcellence.org/el-salvador-2020/,1,21,Don Octavio,87.25,906,$12.20,"$11,053.20",Dabov Specialty Coffee & Ascension Coffee Roasters,NA,success,NA,NA,NA,NA,NA,NA,NA,NA,NA,NA,NA,NA,NA,NA,NA,NA,NA,NA,NA,NA,NA,NA,NA,NA,NA,NA,NA,NA,NA,NA,NA,NA,NA,NA,NA,NA,NA,NA,NA,NA,NA,NA,NA,NA,NA,NA,NA,NA,NA,NA,NA,NA,NA,NA,NA,NA,NA,NA
El Salvador,2020,COE,auction,NA,https://allianceforcoffeeexcellence.org/el-salvador-2020/,1,22,Los Pirineos,87.25,551,$19.80,"$10,909.80",Saza Coffee,NA,success,NA,NA,NA,NA,NA,NA,NA,NA,NA,NA,NA,NA,NA,NA,NA,NA,NA,NA,NA,NA,NA,NA,NA,NA,NA,NA,NA,NA,NA,NA,NA,NA,NA,NA,NA,NA,NA,NA,NA,NA,NA,NA,NA,NA,NA,NA,NA,NA,NA,NA,NA,NA,NA,NA,NA,NA,NA,NA
El Salvador,2020,COE,auction,NA,https://allianceforcoffeeexcellence.org/el-salvador-2020/,1,Totals:,,,"21,114.02lbs",$22.53/lb,"$475,607.15",,NA,success,NA,NA,NA,NA,NA,NA,NA,NA,NA,NA,NA,NA,NA,NA,NA,NA,NA,NA,NA,NA,NA,NA,NA,NA,NA,NA,NA,NA,NA,NA,NA,NA,NA,NA,NA,NA,NA,NA,NA,NA,NA,NA,NA,NA,NA,NA,NA,NA,NA,NA,NA,NA,NA,NA,NA,NA,NA,NA
El Salvador,2020,NW,auction,NA,https://allianceforcoffeeexcellence.org/el-salvador-2020/,2,NW,La Laguna,86.88,1074,$6.00,"$6,444.00",NA,Sarutahiko Coffee Inc.,success,NA,NA,NA,NA,NA,NA,NA,NA,NA,NA,NA,NA,NA,NA,NA,NA,NA,NA,NA,NA,NA,NA,NA,NA,NA,NA,NA,NA,NA,NA,NA,NA,NA,NA,NA,NA,NA,NA,NA,NA,NA,NA,NA,NA,NA,NA,NA,NA,NA,NA,NA,NA,NA,NA,NA,NA,NA,NA
El Salvador,2020,NW,auction,NA,https://allianceforcoffeeexcellence.org/el-salvador-2020/,2,NW,Andalucia,86.25,988.00,$5.90,"$5,829.20",NA,Sarutahiko Coffee Inc.,success,NA,NA,NA,NA,NA,NA,NA,NA,NA,NA,NA,NA,NA,NA,NA,NA,NA,NA,NA,NA,NA,NA,NA,NA,NA,NA,NA,NA,NA,NA,NA,NA,NA,NA,NA,NA,NA,NA,NA,NA,NA,NA,NA,NA,NA,NA,NA,NA,NA,NA,NA,NA,NA,NA,NA,NA,NA,NA
El Salvador,2020,NW,auction,NA,https://allianceforcoffeeexcellence.org/el-salvador-2020/,2,NW,La Esperanza,86.13,682.00,$12.30,"$8,388.60",NA,Sarutahiko Coffee Inc.,success,NA,NA,NA,NA,NA,NA,NA,NA,NA,NA,NA,NA,NA,NA,NA,NA,NA,NA,NA,NA,NA,NA,NA,NA,NA,NA,NA,NA,NA,NA,NA,NA,NA,NA,NA,NA,NA,NA,NA,NA,NA,NA,NA,NA,NA,NA,NA,NA,NA,NA,NA,NA,NA,NA,NA,NA,NA,NA
El Salvador,2020,NW,auction,NA,https://allianceforcoffeeexcellence.org/el-salvador-2020/,2,NW,El Ausol,85.91,625,$7.50,"$4,687.50",NA,Wataru for Nozy Coffee,success,NA,NA,NA,NA,NA,NA,NA,NA,NA,NA,NA,NA,NA,NA,NA,NA,NA,NA,NA,NA,NA,NA,NA,NA,NA,NA,NA,NA,NA,NA,NA,NA,NA,NA,NA,NA,NA,NA,NA,NA,NA,NA,NA,NA,NA,NA,NA,NA,NA,NA,NA,NA,NA,NA,NA,NA,NA,NA
El Salvador,2020,NW,auction,NA,https://allianceforcoffeeexcellence.org/el-salvador-2020/,2,NW,La Fany,85.89,670,$5.10,"$3,417.00",NA,Bokkum Coffee Roasters & GIL-COFFEE,success,NA,NA,NA,NA,NA,NA,NA,NA,NA,NA,NA,NA,NA,NA,NA,NA,NA,NA,NA,NA,NA,NA,NA,NA,NA,NA,NA,NA,NA,NA,NA,NA,NA,NA,NA,NA,NA,NA,NA,NA,NA,NA,NA,NA,NA,NA,NA,NA,NA,NA,NA,NA,NA,NA,NA,NA,NA,NA
El Salvador,2020,NW,auction,NA,https://allianceforcoffeeexcellence.org/el-salvador-2020/,2,NW,Don Jaime,85.81,1211,$5.20,"$6,297.20",NA,HUMMINGBIRD COFFEE LLC,success,NA,NA,NA,NA,NA,NA,NA,NA,NA,NA,NA,NA,NA,NA,NA,NA,NA,NA,NA,NA,NA,NA,NA,NA,NA,NA,NA,NA,NA,NA,NA,NA,NA,NA,NA,NA,NA,NA,NA,NA,NA,NA,NA,NA,NA,NA,NA,NA,NA,NA,NA,NA,NA,NA,NA,NA,NA,NA
El Salvador,2020,NW,auction,NA,https://allianceforcoffeeexcellence.org/el-salvador-2020/,2,NW,Malacara Lote A,85.59,"1,293.00",$5.30,"$6,852.90",NA,"cafe DAZAC, Eungubiro Roasters, Crema Costa",success,NA,NA,NA,NA,NA,NA,NA,NA,NA,NA,NA,NA,NA,NA,NA,NA,NA,NA,NA,NA,NA,NA,NA,NA,NA,NA,NA,NA,NA,NA,NA,NA,NA,NA,NA,NA,NA,NA,NA,NA,NA,NA,NA,NA,NA,NA,NA,NA,NA,NA,NA,NA,NA,NA,NA,NA,NA,NA
El Salvador,2020,NW,auction,NA,https://allianceforcoffeeexcellence.org/el-salvador-2020/,2,NW,Santa Josefina,85.55,1083,$5.50,"$5,956.50",NA,"cafe DAZAC, Eungubiro Roasters, Crema Costa",success,NA,NA,NA,NA,NA,NA,NA,NA,NA,NA,NA,NA,NA,NA,NA,NA,NA,NA,NA,NA,NA,NA,NA,NA,NA,NA,NA,NA,NA,NA,NA,NA,NA,NA,NA,NA,NA,NA,NA,NA,NA,NA,NA,NA,NA,NA,NA,NA,NA,NA,NA,NA,NA,NA,NA,NA,NA,NA
El Salvador,2020,NW,auction,NA,https://allianceforcoffeeexcellence.org/el-salvador-2020/,2,NW,Puerto Arturo,85.36,799,$5.10,"$4,074.90",NA,HUMMINGBIRD COFFEE LLC,success,NA,NA,NA,NA,NA,NA,NA,NA,NA,NA,NA,NA,NA,NA,NA,NA,NA,NA,NA,NA,NA,NA,NA,NA,NA,NA,NA,NA,NA,NA,NA,NA,NA,NA,NA,NA,NA,NA,NA,NA,NA,NA,NA,NA,NA,NA,NA,NA,NA,NA,NA,NA,NA,NA,NA,NA,NA,NA
El Salvador,2020,NW,auction,NA,https://allianceforcoffeeexcellence.org/el-salvador-2020/,2,NW,Nueva Granada,85.27,690.00,$5.00,"$3,450.00",NA,Bokkum Coffee Roasters & GIL-COFFEE,success,NA,NA,NA,NA,NA,NA,NA,NA,NA,NA,NA,NA,NA,NA,NA,NA,NA,NA,NA,NA,NA,NA,NA,NA,NA,NA,NA,NA,NA,NA,NA,NA,NA,NA,NA,NA,NA,NA,NA,NA,NA,NA,NA,NA,NA,NA,NA,NA,NA,NA,NA,NA,NA,NA,NA,NA,NA,NA
El Salvador,2020,NW,auction,NA,https://allianceforcoffeeexcellence.org/el-salvador-2020/,2,NW,,,"9,115.00",$6.08/lb,"$55,397.80",NA,,success,NA,NA,NA,NA,NA,NA,NA,NA,NA,NA,NA,NA,NA,NA,NA,NA,NA,NA,NA,NA,NA,NA,NA,NA,NA,NA,NA,NA,NA,NA,NA,NA,NA,NA,NA,NA,NA,NA,NA,NA,NA,NA,NA,NA,NA,NA,NA,NA,NA,NA,NA,NA,NA,NA,NA,NA,NA,NA
Ethiopia,2020,NW,auction,NA,https://allianceforcoffeeexcellence.org/ethiopia-2020/,2,NW,NA,86.86,NA,$9.70/lb,"$5,773.93",NA,Brulerie du Quai,success,NA,Kebede Godo Loni,270,NA,NA,NA,NA,NA,NA,NA,NA,NA,NA,NA,NA,NA,NA,NA,NA,NA,NA,NA,NA,NA,NA,NA,NA,NA,NA,NA,NA,NA,NA,NA,NA,NA,NA,NA,NA,NA,NA,NA,NA,NA,NA,NA,NA,NA,NA,NA,NA,NA,NA,NA,NA,NA,NA,NA
Ethiopia,2020,NW,auction,NA,https://allianceforcoffeeexcellence.org/ethiopia-2020/,2,NW,NA,86.75,NA,$8.50/lb,"$18,551.85",NA,Sarutahiko Coffee Inc.,success,NA,Yohannes Degoma Gumi,990,NA,NA,NA,NA,NA,NA,NA,NA,NA,NA,NA,NA,NA,NA,NA,NA,NA,NA,NA,NA,NA,NA,NA,NA,NA,NA,NA,NA,NA,NA,NA,NA,NA,NA,NA,NA,NA,NA,NA,NA,NA,NA,NA,NA,NA,NA,NA,NA,NA,NA,NA,NA,NA,NA,NA
Ethiopia,2020,NW,auction,NA,https://allianceforcoffeeexcellence.org/ethiopia-2020/,2,NW,NA,86.5,NA,$9.30/lb,"$15,684.73",NA,Kafema,success,NA,Alemayehu Tilahun Butucho,765,NA,NA,NA,NA,NA,NA,NA,NA,NA,NA,NA,NA,NA,NA,NA,NA,NA,NA,NA,NA,NA,NA,NA,NA,NA,NA,NA,NA,NA,NA,NA,NA,NA,NA,NA,NA,NA,NA,NA,NA,NA,NA,NA,NA,NA,NA,NA,NA,NA,NA,NA,NA,NA,NA,NA
Ethiopia,2020,NW,auction,NA,https://allianceforcoffeeexcellence.org/ethiopia-2020/,2,NW,NA,85.93,NA,$7.70/lb,"$15,532.67",NA,"Wataru & Co., Ltd.",success,NA,Abiot Boru Gubana,915,NA,NA,NA,NA,NA,NA,NA,NA,NA,NA,NA,NA,NA,NA,NA,NA,NA,NA,NA,NA,NA,NA,NA,NA,NA,NA,NA,NA,NA,NA,NA,NA,NA,NA,NA,NA,NA,NA,NA,NA,NA,NA,NA,NA,NA,NA,NA,NA,NA,NA,NA,NA,NA,NA,NA
Ethiopia,2020,NW,auction,NA,https://allianceforcoffeeexcellence.org/ethiopia-2020/,2,NW,NA,85.79,NA,$7.90/lb,"$16,197.37",NA,FIKA FIKA CAFE CORPORATION,success,NA,Sibu Coffee Exporters,930,NA,NA,NA,NA,NA,NA,NA,NA,NA,NA,NA,NA,NA,NA,NA,NA,NA,NA,NA,NA,NA,NA,NA,NA,NA,NA,NA,NA,NA,NA,NA,NA,NA,NA,NA,NA,NA,NA,NA,NA,NA,NA,NA,NA,NA,NA,NA,NA,NA,NA,NA,NA,NA,NA,NA
Ethiopia,2020,NW,auction,NA,https://allianceforcoffeeexcellence.org/ethiopia-2020/,2,NW,NA,85.79,NA,$7.80/lb,"$15,734.39",NA,"Buon Caffe, 墨咖啡, Linking Coffee Co., Ltd.",success,NA,Tamerat Edema Basaye,915,NA,NA,NA,NA,NA,NA,NA,NA,NA,NA,NA,NA,NA,NA,NA,NA,NA,NA,NA,NA,NA,NA,NA,NA,NA,NA,NA,NA,NA,NA,NA,NA,NA,NA,NA,NA,NA,NA,NA,NA,NA,NA,NA,NA,NA,NA,NA,NA,NA,NA,NA,NA,NA,NA,NA
Ethiopia,2020,NW,auction,NA,https://allianceforcoffeeexcellence.org/ethiopia-2020/,2,NW,NA,85.79,NA,$10.50/lb,"$6,597.36",NA,FIKA FIKA CAFE CORPORATION,success,NA,Mulugeta Tsege Beraso,285,NA,NA,NA,NA,NA,NA,NA,NA,NA,NA,NA,NA,NA,NA,NA,NA,NA,NA,NA,NA,NA,NA,NA,NA,NA,NA,NA,NA,NA,NA,NA,NA,NA,NA,NA,NA,NA,NA,NA,NA,NA,NA,NA,NA,NA,NA,NA,NA,NA,NA,NA,NA,NA,NA,NA
Ethiopia,2020,NW,auction,NA,https://allianceforcoffeeexcellence.org/ethiopia-2020/,2,NW,NA,85.71,NA,$8.10/lb,"$13,393.11",NA,"Takao (Coffee bullet JackyLai/Artigiano /Lino coffee Roastery /Bu Cafe/Coffee Drink), Buon Caffe, Linking Coffee Co., Ltd.",success,NA,Layo Hibret Sera Mahber,750,NA,NA,NA,NA,NA,NA,NA,NA,NA,NA,NA,NA,NA,NA,NA,NA,NA,NA,NA,NA,NA,NA,NA,NA,NA,NA,NA,NA,NA,NA,NA,NA,NA,NA,NA,NA,NA,NA,NA,NA,NA,NA,NA,NA,NA,NA,NA,NA,NA,NA,NA,NA,NA,NA,NA
Ethiopia,2020,NW,auction,NA,https://allianceforcoffeeexcellence.org/ethiopia-2020/,2,NW,NA,85.57,NA,$10.00/lb,"$10,912.90",NA,rozam,success,NA,Mengestu Demese Beraso,495,NA,NA,NA,NA,NA,NA,NA,NA,NA,NA,NA,NA,NA,NA,NA,NA,NA,NA,NA,NA,NA,NA,NA,NA,NA,NA,NA,NA,NA,NA,NA,NA,NA,NA,NA,NA,NA,NA,NA,NA,NA,NA,NA,NA,NA,NA,NA,NA,NA,NA,NA,NA,NA,NA,NA
Ethiopia,2020,NW,auction,NA,https://allianceforcoffeeexcellence.org/ethiopia-2020/,2,NW,NA,85.5,NA,$7.60/lb,"$19,100.85",NA,Latorre & Dutch Coffee Traders,success,NA,Snap Trading and Industry PLC,1140,NA,NA,NA,NA,NA,NA,NA,NA,NA,NA,NA,NA,NA,NA,NA,NA,NA,NA,NA,NA,NA,NA,NA,NA,NA,NA,NA,NA,NA,NA,NA,NA,NA,NA,NA,NA,NA,NA,NA,NA,NA,NA,NA,NA,NA,NA,NA,NA,NA,NA,NA,NA,NA,NA,NA
Ethiopia,2020,NW,auction,NA,https://allianceforcoffeeexcellence.org/ethiopia-2020/,2,NW,NA,85.39,NA,$8.60/lb,"$18,201.38",NA,KEFFA COFFEE LLC,success,NA,Yidnekachew Selshi Alemu,960,NA,NA,NA,NA,NA,NA,NA,NA,NA,NA,NA,NA,NA,NA,NA,NA,NA,NA,NA,NA,NA,NA,NA,NA,NA,NA,NA,NA,NA,NA,NA,NA,NA,NA,NA,NA,NA,NA,NA,NA,NA,NA,NA,NA,NA,NA,NA,NA,NA,NA,NA,NA,NA,NA,NA
Ethiopia,2020,NW,auction,NA,https://allianceforcoffeeexcellence.org/ethiopia-2020/,2,NW,NA,,NA,$8.39/lb,"$155,680.54",NA,,success,NA,,,NA,NA,NA,NA,NA,NA,NA,NA,NA,NA,NA,NA,NA,NA,NA,NA,NA,NA,NA,NA,NA,NA,NA,NA,NA,NA,NA,NA,NA,NA,NA,NA,NA,NA,NA,NA,NA,NA,NA,NA,NA,NA,NA,NA,NA,NA,NA,NA,NA,NA,NA,NA,NA,NA,NA
Guatemala,2020,COE,auction,NA,https://allianceforcoffeeexcellence.org/guatemala-2020/,1,1a,El Socorro,91.06,233.22,$180.20,"$42,026.24","Maruyama Coffee, Goodboybob Coffee, Cometeer, Bird Rock Coffee Roasters, PT’s Coffee",NA,success,NA,NA,NA,NA,NA,NA,NA,NA,NA,NA,NA,NA,NA,NA,NA,NA,NA,NA,NA,NA,NA,NA,NA,NA,NA,NA,NA,NA,NA,NA,NA,NA,NA,NA,NA,NA,NA,NA,NA,NA,NA,NA,NA,NA,NA,NA,NA,NA,NA,NA,NA,NA,NA,NA,NA,NA,NA,NA
Guatemala,2020,COE,auction,NA,https://allianceforcoffeeexcellence.org/guatemala-2020/,1,1b,El Socorro,91.06,233.22,$175.30,"$40,883.47",JOOYEON Selection,NA,success,NA,NA,NA,NA,NA,NA,NA,NA,NA,NA,NA,NA,NA,NA,NA,NA,NA,NA,NA,NA,NA,NA,NA,NA,NA,NA,NA,NA,NA,NA,NA,NA,NA,NA,NA,NA,NA,NA,NA,NA,NA,NA,NA,NA,NA,NA,NA,NA,NA,NA,NA,NA,NA,NA,NA,NA,NA,NA
Guatemala,2020,COE,auction,NA,https://allianceforcoffeeexcellence.org/guatemala-2020/,1,2,Mama Cata,89.69,609.84,$37.90,"$23,112.94","Pebble Coffee (Taiwan), Kakalove (Taiwan), Simple Kaffa (Taiwan), the Hub Coffee (Malaysia), Urban Coffee Roaster (HK) , Stellar on Coffee (South Korea)",NA,success,NA,NA,NA,NA,NA,NA,NA,NA,NA,NA,NA,NA,NA,NA,NA,NA,NA,NA,NA,NA,NA,NA,NA,NA,NA,NA,NA,NA,NA,NA,NA,NA,NA,NA,NA,NA,NA,NA,NA,NA,NA,NA,NA,NA,NA,NA,NA,NA,NA,NA,NA,NA,NA,NA,NA,NA,NA,NA
Guatemala,2020,COE,auction,NA,https://allianceforcoffeeexcellence.org/guatemala-2020/,1,3,La Esperanza,89.04,542.33,$37.40,"$20,283.14",Kyokuto Fadie Corporation & Onyx Coffee,NA,success,NA,NA,NA,NA,NA,NA,NA,NA,NA,NA,NA,NA,NA,NA,NA,NA,NA,NA,NA,NA,NA,NA,NA,NA,NA,NA,NA,NA,NA,NA,NA,NA,NA,NA,NA,NA,NA,NA,NA,NA,NA,NA,NA,NA,NA,NA,NA,NA,NA,NA,NA,NA,NA,NA,NA,NA,NA,NA
Guatemala,2020,COE,auction,NA,https://allianceforcoffeeexcellence.org/guatemala-2020/,1,4,Los Aguacatones,88.94,505.34,$30.20,"$15,261.27","MUSEO Co., Ltd. // ABRI COFFEE FACTORY // lowkey coffee // Peer coffee // Surfclub Roastery",NA,success,NA,NA,NA,NA,NA,NA,NA,NA,NA,NA,NA,NA,NA,NA,NA,NA,NA,NA,NA,NA,NA,NA,NA,NA,NA,NA,NA,NA,NA,NA,NA,NA,NA,NA,NA,NA,NA,NA,NA,NA,NA,NA,NA,NA,NA,NA,NA,NA,NA,NA,NA,NA,NA,NA,NA,NA,NA,NA
Guatemala,2020,COE,auction,NA,https://allianceforcoffeeexcellence.org/guatemala-2020/,1,5,Miramundo,88.92,295.04,$30.10,"$8,880.70","Orsir Coffee(Taiwan), TRN(Taiwan Roasters Network)",NA,success,NA,NA,NA,NA,NA,NA,NA,NA,NA,NA,NA,NA,NA,NA,NA,NA,NA,NA,NA,NA,NA,NA,NA,NA,NA,NA,NA,NA,NA,NA,NA,NA,NA,NA,NA,NA,NA,NA,NA,NA,NA,NA,NA,NA,NA,NA,NA,NA,NA,NA,NA,NA,NA,NA,NA,NA,NA,NA
Guatemala,2020,COE,auction,NA,https://allianceforcoffeeexcellence.org/guatemala-2020/,1,6,La Reforma Y Anexos,88.77,301.92,$46.60,"$14,069.47",BLESSBEAN CO.LTD(KOREA) / 1KG COFFEE / DNU COFFEE,NA,success,NA,NA,NA,NA,NA,NA,NA,NA,NA,NA,NA,NA,NA,NA,NA,NA,NA,NA,NA,NA,NA,NA,NA,NA,NA,NA,NA,NA,NA,NA,NA,NA,NA,NA,NA,NA,NA,NA,NA,NA,NA,NA,NA,NA,NA,NA,NA,NA,NA,NA,NA,NA,NA,NA,NA,NA,NA,NA
Guatemala,2020,COE,auction,NA,https://allianceforcoffeeexcellence.org/guatemala-2020/,1,7,Ponderosa,88.65,356.75,$37.30,"$13,306.78","Coffee Me Up (Korea), Cuppingpost, 331Roasters, Coffee Finder (Jeju), MONOSCOPE COFFEE COMPANY",NA,success,NA,NA,NA,NA,NA,NA,NA,NA,NA,NA,NA,NA,NA,NA,NA,NA,NA,NA,NA,NA,NA,NA,NA,NA,NA,NA,NA,NA,NA,NA,NA,NA,NA,NA,NA,NA,NA,NA,NA,NA,NA,NA,NA,NA,NA,NA,NA,NA,NA,NA,NA,NA,NA,NA,NA,NA,NA,NA
Guatemala,2020,COE,auction,NA,https://allianceforcoffeeexcellence.org/guatemala-2020/,1,8,Antigua El Semillero,88.56,143.19,$34.80,"$4,983.01","MUSEO Co., Ltd. // huelgo",NA,success,NA,NA,NA,NA,NA,NA,NA,NA,NA,NA,NA,NA,NA,NA,NA,NA,NA,NA,NA,NA,NA,NA,NA,NA,NA,NA,NA,NA,NA,NA,NA,NA,NA,NA,NA,NA,NA,NA,NA,NA,NA,NA,NA,NA,NA,NA,NA,NA,NA,NA,NA,NA,NA,NA,NA,NA,NA,NA
Guatemala,2020,COE,auction,NA,https://allianceforcoffeeexcellence.org/guatemala-2020/,1,9,La Hermosa,88.5,633.07,$27.10,"$17,156.20",M2M Coffee Roasters / Fisher Coffee / MANNER COFFEE (China) /  June’s Garden Coffee / Small Arms Big Heart / NORDIC FROGGY COFFEE / 啟程拓殖 / 弥翼 / Latorre & Dutch Coffee (China),NA,success,NA,NA,NA,NA,NA,NA,NA,NA,NA,NA,NA,NA,NA,NA,NA,NA,NA,NA,NA,NA,NA,NA,NA,NA,NA,NA,NA,NA,NA,NA,NA,NA,NA,NA,NA,NA,NA,NA,NA,NA,NA,NA,NA,NA,NA,NA,NA,NA,NA,NA,NA,NA,NA,NA,NA,NA,NA,NA
Guatemala,2020,COE,auction,NA,https://allianceforcoffeeexcellence.org/guatemala-2020/,1,10,El Platanillo,88.46,330.69,$25.10,"$8,300.32",BLESSBEAN CO.LTD(KOREA) / 1KG COFFEE / DNU COFFEE,NA,success,NA,NA,NA,NA,NA,NA,NA,NA,NA,NA,NA,NA,NA,NA,NA,NA,NA,NA,NA,NA,NA,NA,NA,NA,NA,NA,NA,NA,NA,NA,NA,NA,NA,NA,NA,NA,NA,NA,NA,NA,NA,NA,NA,NA,NA,NA,NA,NA,NA,NA,NA,NA,NA,NA,NA,NA,NA,NA
Guatemala,2020,COE,auction,NA,https://allianceforcoffeeexcellence.org/guatemala-2020/,1,11,San Isidro Chacaya,88.46,149.74,$33.00,"$4,941.42","THE DRIP CO., LTD. & ILDIO Inc.",NA,success,NA,NA,NA,NA,NA,NA,NA,NA,NA,NA,NA,NA,NA,NA,NA,NA,NA,NA,NA,NA,NA,NA,NA,NA,NA,NA,NA,NA,NA,NA,NA,NA,NA,NA,NA,NA,NA,NA,NA,NA,NA,NA,NA,NA,NA,NA,NA,NA,NA,NA,NA,NA,NA,NA,NA,NA,NA,NA
Guatemala,2020,COE,auction,NA,https://allianceforcoffeeexcellence.org/guatemala-2020/,1,12,Kalibus La Sierra,88.38,903.84,$18.50,"$16,721.04",Caravela Coffee for Lavazza,NA,success,NA,NA,NA,NA,NA,NA,NA,NA,NA,NA,NA,NA,NA,NA,NA,NA,NA,NA,NA,NA,NA,NA,NA,NA,NA,NA,NA,NA,NA,NA,NA,NA,NA,NA,NA,NA,NA,NA,NA,NA,NA,NA,NA,NA,NA,NA,NA,NA,NA,NA,NA,NA,NA,NA,NA,NA,NA,NA
Guatemala,2020,COE,auction,NA,https://allianceforcoffeeexcellence.org/guatemala-2020/,1,13,El Paraxaj,88.38,159.48,$37.00,"$5,900.76",Sulalat Coffee Trading,NA,success,NA,NA,NA,NA,NA,NA,NA,NA,NA,NA,NA,NA,NA,NA,NA,NA,NA,NA,NA,NA,NA,NA,NA,NA,NA,NA,NA,NA,NA,NA,NA,NA,NA,NA,NA,NA,NA,NA,NA,NA,NA,NA,NA,NA,NA,NA,NA,NA,NA,NA,NA,NA,NA,NA,NA,NA,NA,NA
Guatemala,2020,COE,auction,NA,https://allianceforcoffeeexcellence.org/guatemala-2020/,1,14,Montaña Helada,88.37,337.48,$32.30,"$10,900.60",SUPREMO COFFEE,NA,success,NA,NA,NA,NA,NA,NA,NA,NA,NA,NA,NA,NA,NA,NA,NA,NA,NA,NA,NA,NA,NA,NA,NA,NA,NA,NA,NA,NA,NA,NA,NA,NA,NA,NA,NA,NA,NA,NA,NA,NA,NA,NA,NA,NA,NA,NA,NA,NA,NA,NA,NA,NA,NA,NA,NA,NA,NA,NA
Guatemala,2020,COE,auction,NA,https://allianceforcoffeeexcellence.org/guatemala-2020/,1,15,Rosma,88.33,257.85,$26.40,"$6,807.24",Ascension Coffee Roasters,NA,success,NA,NA,NA,NA,NA,NA,NA,NA,NA,NA,NA,NA,NA,NA,NA,NA,NA,NA,NA,NA,NA,NA,NA,NA,NA,NA,NA,NA,NA,NA,NA,NA,NA,NA,NA,NA,NA,NA,NA,NA,NA,NA,NA,NA,NA,NA,NA,NA,NA,NA,NA,NA,NA,NA,NA,NA,NA,NA
Guatemala,2020,COE,auction,NA,https://allianceforcoffeeexcellence.org/guatemala-2020/,1,16,La Senda,88.31,600.42,$15.10,"$9,066.34",Nagahama Coffee Inc.,NA,success,NA,NA,NA,NA,NA,NA,NA,NA,NA,NA,NA,NA,NA,NA,NA,NA,NA,NA,NA,NA,NA,NA,NA,NA,NA,NA,NA,NA,NA,NA,NA,NA,NA,NA,NA,NA,NA,NA,NA,NA,NA,NA,NA,NA,NA,NA,NA,NA,NA,NA,NA,NA,NA,NA,NA,NA,NA,NA
Guatemala,2020,COE,auction,NA,https://allianceforcoffeeexcellence.org/guatemala-2020/,1,17,Kape´Tenango,88.23,664.38,$20.00,"$13,287.60",Intelligentsia / Songdo Coffee / El Gran Café / Orsir Coffee (Taiwan),NA,success,NA,NA,NA,NA,NA,NA,NA,NA,NA,NA,NA,NA,NA,NA,NA,NA,NA,NA,NA,NA,NA,NA,NA,NA,NA,NA,NA,NA,NA,NA,NA,NA,NA,NA,NA,NA,NA,NA,NA,NA,NA,NA,NA,NA,NA,NA,NA,NA,NA,NA,NA,NA,NA,NA,NA,NA,NA,NA
Guatemala,2020,COE,auction,NA,https://allianceforcoffeeexcellence.org/guatemala-2020/,1,18,Teanzul,88.23,1664.25,$13.80,"$22,966.65","Wataru & Co., Ltd.",NA,success,NA,NA,NA,NA,NA,NA,NA,NA,NA,NA,NA,NA,NA,NA,NA,NA,NA,NA,NA,NA,NA,NA,NA,NA,NA,NA,NA,NA,NA,NA,NA,NA,NA,NA,NA,NA,NA,NA,NA,NA,NA,NA,NA,NA,NA,NA,NA,NA,NA,NA,NA,NA,NA,NA,NA,NA,NA,NA
Guatemala,2020,COE,auction,NA,https://allianceforcoffeeexcellence.org/guatemala-2020/,1,19,Rio Dorado,88.15,749.61,$17.00,"$12,743.37",Sarutahiko Coffee Inc.,NA,success,NA,NA,NA,NA,NA,NA,NA,NA,NA,NA,NA,NA,NA,NA,NA,NA,NA,NA,NA,NA,NA,NA,NA,NA,NA,NA,NA,NA,NA,NA,NA,NA,NA,NA,NA,NA,NA,NA,NA,NA,NA,NA,NA,NA,NA,NA,NA,NA,NA,NA,NA,NA,NA,NA,NA,NA,NA,NA
Guatemala,2020,COE,auction,NA,https://allianceforcoffeeexcellence.org/guatemala-2020/,1,20,El Zapote Y Anexos,88.13,810.39,$23.20,"$18,801.05","BLESSBEAN CO.LTD(KOREA) / 1KG COFFEE / THE DRIP CO., LTD",NA,success,NA,NA,NA,NA,NA,NA,NA,NA,NA,NA,NA,NA,NA,NA,NA,NA,NA,NA,NA,NA,NA,NA,NA,NA,NA,NA,NA,NA,NA,NA,NA,NA,NA,NA,NA,NA,NA,NA,NA,NA,NA,NA,NA,NA,NA,NA,NA,NA,NA,NA,NA,NA,NA,NA,NA,NA,NA,NA
Guatemala,2020,COE,auction,NA,https://allianceforcoffeeexcellence.org/guatemala-2020/,1,21,Carmona,87.96,138.36,$37.20,"$5,146.99",SUPREMO COFFEE,NA,success,NA,NA,NA,NA,NA,NA,NA,NA,NA,NA,NA,NA,NA,NA,NA,NA,NA,NA,NA,NA,NA,NA,NA,NA,NA,NA,NA,NA,NA,NA,NA,NA,NA,NA,NA,NA,NA,NA,NA,NA,NA,NA,NA,NA,NA,NA,NA,NA,NA,NA,NA,NA,NA,NA,NA,NA,NA,NA
Guatemala,2020,COE,auction,NA,https://allianceforcoffeeexcellence.org/guatemala-2020/,1,22,El Refugio,87.81,1333.39,$20.20,"$26,934.48",Honu Kato Coffee Inc.,NA,success,NA,NA,NA,NA,NA,NA,NA,NA,NA,NA,NA,NA,NA,NA,NA,NA,NA,NA,NA,NA,NA,NA,NA,NA,NA,NA,NA,NA,NA,NA,NA,NA,NA,NA,NA,NA,NA,NA,NA,NA,NA,NA,NA,NA,NA,NA,NA,NA,NA,NA,NA,NA,NA,NA,NA,NA,NA,NA
Guatemala,2020,COE,auction,NA,https://allianceforcoffeeexcellence.org/guatemala-2020/,1,23,Las Macadamias,87.58,888.01,$15.10,"$13,408.95",Sulalat Coffee Trading & Coffee Montage,NA,success,NA,NA,NA,NA,NA,NA,NA,NA,NA,NA,NA,NA,NA,NA,NA,NA,NA,NA,NA,NA,NA,NA,NA,NA,NA,NA,NA,NA,NA,NA,NA,NA,NA,NA,NA,NA,NA,NA,NA,NA,NA,NA,NA,NA,NA,NA,NA,NA,NA,NA,NA,NA,NA,NA,NA,NA,NA,NA
Guatemala,2020,COE,auction,NA,https://allianceforcoffeeexcellence.org/guatemala-2020/,1,24,Isnul,87.58,306.77,$19.60,"$6,012.69",Fisher Coffee /  Seng Pan Coffee International Co. Ltd. 誠品咖啡 / MANNER COFFEE (China) / Latorre & Dutch Coffee (China),NA,success,NA,NA,NA,NA,NA,NA,NA,NA,NA,NA,NA,NA,NA,NA,NA,NA,NA,NA,NA,NA,NA,NA,NA,NA,NA,NA,NA,NA,NA,NA,NA,NA,NA,NA,NA,NA,NA,NA,NA,NA,NA,NA,NA,NA,NA,NA,NA,NA,NA,NA,NA,NA,NA,NA,NA,NA,NA,NA
Guatemala,2020,COE,auction,NA,https://allianceforcoffeeexcellence.org/guatemala-2020/,1,25,Villaure,87.42,225.62,$20.80,"$4,692.90","Wataru & Co., Ltd.",NA,success,NA,NA,NA,NA,NA,NA,NA,NA,NA,NA,NA,NA,NA,NA,NA,NA,NA,NA,NA,NA,NA,NA,NA,NA,NA,NA,NA,NA,NA,NA,NA,NA,NA,NA,NA,NA,NA,NA,NA,NA,NA,NA,NA,NA,NA,NA,NA,NA,NA,NA,NA,NA,NA,NA,NA,NA,NA,NA
Guatemala,2020,COE,auction,NA,https://allianceforcoffeeexcellence.org/guatemala-2020/,1,26,Plan De La Vega,87.35,1586.74,$15.00,"$23,801.10",Ecom Japan Limited,NA,success,NA,NA,NA,NA,NA,NA,NA,NA,NA,NA,NA,NA,NA,NA,NA,NA,NA,NA,NA,NA,NA,NA,NA,NA,NA,NA,NA,NA,NA,NA,NA,NA,NA,NA,NA,NA,NA,NA,NA,NA,NA,NA,NA,NA,NA,NA,NA,NA,NA,NA,NA,NA,NA,NA,NA,NA,NA,NA
Guatemala,2020,COE,auction,NA,https://allianceforcoffeeexcellence.org/guatemala-2020/,1,27,Guatalon,87.23,1348.82,$16.80,"$22,660.18",Cypher Roastery LLC,NA,success,NA,NA,NA,NA,NA,NA,NA,NA,NA,NA,NA,NA,NA,NA,NA,NA,NA,NA,NA,NA,NA,NA,NA,NA,NA,NA,NA,NA,NA,NA,NA,NA,NA,NA,NA,NA,NA,NA,NA,NA,NA,NA,NA,NA,NA,NA,NA,NA,NA,NA,NA,NA,NA,NA,NA,NA,NA,NA
Guatemala,2020,COE,auction,NA,https://allianceforcoffeeexcellence.org/guatemala-2020/,1,28,Antigua Buena Vista Y Anexos,87.23,146.96,$30.10,"$4,423.50",The Alliance for Coffee Excellence,NA,success,NA,NA,NA,NA,NA,NA,NA,NA,NA,NA,NA,NA,NA,NA,NA,NA,NA,NA,NA,NA,NA,NA,NA,NA,NA,NA,NA,NA,NA,NA,NA,NA,NA,NA,NA,NA,NA,NA,NA,NA,NA,NA,NA,NA,NA,NA,NA,NA,NA,NA,NA,NA,NA,NA,NA,NA,NA,NA
Guatemala,2020,COE,auction,NA,https://allianceforcoffeeexcellence.org/guatemala-2020/,1,29,Palo Blanco,87.19,293.21,$20.00,"$5,864.20",hirocoffee,NA,success,NA,NA,NA,NA,NA,NA,NA,NA,NA,NA,NA,NA,NA,NA,NA,NA,NA,NA,NA,NA,NA,NA,NA,NA,NA,NA,NA,NA,NA,NA,NA,NA,NA,NA,NA,NA,NA,NA,NA,NA,NA,NA,NA,NA,NA,NA,NA,NA,NA,NA,NA,NA,NA,NA,NA,NA,NA,NA
Guatemala,2020,COE,auction,NA,https://allianceforcoffeeexcellence.org/guatemala-2020/,1,30,Cascada Encantada,87.12,155.34,$30.40,"$4,722.34",Camber Coffee,NA,success,NA,NA,NA,NA,NA,NA,NA,NA,NA,NA,NA,NA,NA,NA,NA,NA,NA,NA,NA,NA,NA,NA,NA,NA,NA,NA,NA,NA,NA,NA,NA,NA,NA,NA,NA,NA,NA,NA,NA,NA,NA,NA,NA,NA,NA,NA,NA,NA,NA,NA,NA,NA,NA,NA,NA,NA,NA,NA
Guatemala,2020,COE,auction,NA,https://allianceforcoffeeexcellence.org/guatemala-2020/,1,Totals,,,"16,905.27",$26.50/lb,"$448,066.94",,NA,success,NA,NA,NA,NA,NA,NA,NA,NA,NA,NA,NA,NA,NA,NA,NA,NA,NA,NA,NA,NA,NA,NA,NA,NA,NA,NA,NA,NA,NA,NA,NA,NA,NA,NA,NA,NA,NA,NA,NA,NA,NA,NA,NA,NA,NA,NA,NA,NA,NA,NA,NA,NA,NA,NA,NA,NA,NA,NA
Guatemala,2020,NW,auction,NA,https://allianceforcoffeeexcellence.org/guatemala-2020/,2,NW,La Pia,87.04,"1,604.46",$6.05,"$9,706.98",NA,Sarutahiko Coffee Inc.,success,NA,NA,NA,NA,NA,NA,NA,NA,NA,NA,NA,NA,NA,NA,NA,NA,NA,NA,NA,NA,NA,NA,NA,NA,NA,NA,NA,NA,NA,NA,NA,NA,NA,NA,NA,NA,NA,NA,NA,NA,NA,NA,NA,NA,NA,NA,NA,NA,NA,NA,NA,NA,NA,NA,NA,NA,NA,NA
Guatemala,2020,NW,auction,NA,https://allianceforcoffeeexcellence.org/guatemala-2020/,2,NW,Sierra Roja,86.85,"1,534.36",$8.10,"$12,428.32",NA,Pebble Coffee for GK Coffee & 樂波波咖啡 Le BoBo,success,NA,NA,NA,NA,NA,NA,NA,NA,NA,NA,NA,NA,NA,NA,NA,NA,NA,NA,NA,NA,NA,NA,NA,NA,NA,NA,NA,NA,NA,NA,NA,NA,NA,NA,NA,NA,NA,NA,NA,NA,NA,NA,NA,NA,NA,NA,NA,NA,NA,NA,NA,NA,NA,NA,NA,NA,NA,NA
Guatemala,2020,NW,auction,NA,https://allianceforcoffeeexcellence.org/guatemala-2020/,2,NW,La Bella Airosa,86.69,444.23,$7.21,"$3,202.90",NA,Sarutahiko Coffee Inc.,success,NA,NA,NA,NA,NA,NA,NA,NA,NA,NA,NA,NA,NA,NA,NA,NA,NA,NA,NA,NA,NA,NA,NA,NA,NA,NA,NA,NA,NA,NA,NA,NA,NA,NA,NA,NA,NA,NA,NA,NA,NA,NA,NA,NA,NA,NA,NA,NA,NA,NA,NA,NA,NA,NA,NA,NA,NA,NA
Guatemala,2020,NW,auction,NA,https://allianceforcoffeeexcellence.org/guatemala-2020/,2,NW,Calahute,86.33,171.96,$11.80,"$2,029.13",NA,5Fcoffeelab,success,NA,NA,NA,NA,NA,NA,NA,NA,NA,NA,NA,NA,NA,NA,NA,NA,NA,NA,NA,NA,NA,NA,NA,NA,NA,NA,NA,NA,NA,NA,NA,NA,NA,NA,NA,NA,NA,NA,NA,NA,NA,NA,NA,NA,NA,NA,NA,NA,NA,NA,NA,NA,NA,NA,NA,NA,NA,NA
Guatemala,2020,NW,auction,NA,https://allianceforcoffeeexcellence.org/guatemala-2020/,2,NW,El Amate Y Anexos,85.81,661.38,$5.35,"$3,538.38",NA,Sarutahiko Coffee Inc.,success,NA,NA,NA,NA,NA,NA,NA,NA,NA,NA,NA,NA,NA,NA,NA,NA,NA,NA,NA,NA,NA,NA,NA,NA,NA,NA,NA,NA,NA,NA,NA,NA,NA,NA,NA,NA,NA,NA,NA,NA,NA,NA,NA,NA,NA,NA,NA,NA,NA,NA,NA,NA,NA,NA,NA,NA,NA,NA
Guatemala,2020,NW,auction,NA,https://allianceforcoffeeexcellence.org/guatemala-2020/,2,NW,San Francisco La Sierra Y Anexos,85.62,"1,547.63",$3.95,"$6,113.14",NA,Bokkum Coffee Roasters & GIL-COFFEE,success,NA,NA,NA,NA,NA,NA,NA,NA,NA,NA,NA,NA,NA,NA,NA,NA,NA,NA,NA,NA,NA,NA,NA,NA,NA,NA,NA,NA,NA,NA,NA,NA,NA,NA,NA,NA,NA,NA,NA,NA,NA,NA,NA,NA,NA,NA,NA,NA,NA,NA,NA,NA,NA,NA,NA,NA,NA,NA
Guatemala,2020,NW,auction,NA,https://allianceforcoffeeexcellence.org/guatemala-2020/,2,NW,Bella Vista,85.38,938.15,$4.55,"$4,268.58",NA,"Wataru & Co., Ltd.",success,NA,NA,NA,NA,NA,NA,NA,NA,NA,NA,NA,NA,NA,NA,NA,NA,NA,NA,NA,NA,NA,NA,NA,NA,NA,NA,NA,NA,NA,NA,NA,NA,NA,NA,NA,NA,NA,NA,NA,NA,NA,NA,NA,NA,NA,NA,NA,NA,NA,NA,NA,NA,NA,NA,NA,NA,NA,NA
Guatemala,2020,NW,auction,NA,https://allianceforcoffeeexcellence.org/guatemala-2020/,2,NW,El Injertal,85,990.13,$4.45,"$4,406.08",NA,Nagahama Coffee Inc.,success,NA,NA,NA,NA,NA,NA,NA,NA,NA,NA,NA,NA,NA,NA,NA,NA,NA,NA,NA,NA,NA,NA,NA,NA,NA,NA,NA,NA,NA,NA,NA,NA,NA,NA,NA,NA,NA,NA,NA,NA,NA,NA,NA,NA,NA,NA,NA,NA,NA,NA,NA,NA,NA,NA,NA,NA,NA,NA
Guatemala,2020,NW,auction,NA,https://allianceforcoffeeexcellence.org/guatemala-2020/,2,NW,,Totals:,"7,892.30",$5.79,"$45,693.51",NA,,success,NA,NA,NA,NA,NA,NA,NA,NA,NA,NA,NA,NA,NA,NA,NA,NA,NA,NA,NA,NA,NA,NA,NA,NA,NA,NA,NA,NA,NA,NA,NA,NA,NA,NA,NA,NA,NA,NA,NA,NA,NA,NA,NA,NA,NA,NA,NA,NA,NA,NA,NA,NA,NA,NA,NA,NA,NA,NA
Nicaragua,2020,COE,auction,NA,https://allianceforcoffeeexcellence.org/nicaragua-2020/,1,1a,Un Regalo de Dios,91.2,463.05,$36.90,"$17,086.55","Maruyama Coffee, Cometeer, Goodboybob Coffee, Sugi Coffee Roasting, Harrods",NA,success,NA,NA,NA,NA,NA,NA,NA,NA,NA,NA,NA,NA,NA,NA,NA,NA,NA,NA,NA,NA,NA,NA,NA,NA,NA,NA,NA,NA,NA,NA,NA,NA,NA,NA,NA,NA,NA,NA,NA,NA,NA,NA,NA,NA,NA,NA,NA,NA,NA,NA,NA,NA,NA,NA,NA,NA,NA,NA
Nicaragua,2020,COE,auction,NA,https://allianceforcoffeeexcellence.org/nicaragua-2020/,1,1b,Un Regalo de Dios,91.2,463.05,$30.30,"$14,030.42",TAKAMURA COFFEE ROASTERS,NA,success,NA,NA,NA,NA,NA,NA,NA,NA,NA,NA,NA,NA,NA,NA,NA,NA,NA,NA,NA,NA,NA,NA,NA,NA,NA,NA,NA,NA,NA,NA,NA,NA,NA,NA,NA,NA,NA,NA,NA,NA,NA,NA,NA,NA,NA,NA,NA,NA,NA,NA,NA,NA,NA,NA,NA,NA,NA,NA
Nicaragua,2020,COE,auction,NA,https://allianceforcoffeeexcellence.org/nicaragua-2020/,1,2,La Orquídea,89.7,920.59,$11.00,"$10,126.49","Bokkum Coffee Roasters
& GIL-COFFEE with UPSTREAM COFFEE IMPORTS PTY LTD",NA,success,NA,NA,NA,NA,NA,NA,NA,NA,NA,NA,NA,NA,NA,NA,NA,NA,NA,NA,NA,NA,NA,NA,NA,NA,NA,NA,NA,NA,NA,NA,NA,NA,NA,NA,NA,NA,NA,NA,NA,NA,NA,NA,NA,NA,NA,NA,NA,NA,NA,NA,NA,NA,NA,NA,NA,NA,NA,NA
Nicaragua,2020,COE,auction,NA,https://allianceforcoffeeexcellence.org/nicaragua-2020/,1,3,Ojo de Agua,89.4,"1,238.55",$20.20,"$25,018.71",Terarosa (Haksan Co. Ltd),NA,success,NA,NA,NA,NA,NA,NA,NA,NA,NA,NA,NA,NA,NA,NA,NA,NA,NA,NA,NA,NA,NA,NA,NA,NA,NA,NA,NA,NA,NA,NA,NA,NA,NA,NA,NA,NA,NA,NA,NA,NA,NA,NA,NA,NA,NA,NA,NA,NA,NA,NA,NA,NA,NA,NA,NA,NA,NA,NA
Nicaragua,2020,COE,auction,NA,https://allianceforcoffeeexcellence.org/nicaragua-2020/,1,4,Santa Gema,88.9,769.77,$10.50,"$8,082.59","EL CAFE coffee roasters, Coffee Libre, Coffee Montage, Vincent van coffee, 304 roasters, FEBRUARY ROASTERS, delmoondo coffee",NA,success,NA,NA,NA,NA,NA,NA,NA,NA,NA,NA,NA,NA,NA,NA,NA,NA,NA,NA,NA,NA,NA,NA,NA,NA,NA,NA,NA,NA,NA,NA,NA,NA,NA,NA,NA,NA,NA,NA,NA,NA,NA,NA,NA,NA,NA,NA,NA,NA,NA,NA,NA,NA,NA,NA,NA,NA,NA,NA
Nicaragua,2020,COE,auction,NA,https://allianceforcoffeeexcellence.org/nicaragua-2020/,1,5,El Esfuerzo,88.8,"1,228.00",$10.00,"$12,280.00",Sarutahiko Coffee Inc.,NA,success,NA,NA,NA,NA,NA,NA,NA,NA,NA,NA,NA,NA,NA,NA,NA,NA,NA,NA,NA,NA,NA,NA,NA,NA,NA,NA,NA,NA,NA,NA,NA,NA,NA,NA,NA,NA,NA,NA,NA,NA,NA,NA,NA,NA,NA,NA,NA,NA,NA,NA,NA,NA,NA,NA,NA,NA,NA,NA
Nicaragua,2020,COE,auction,NA,https://allianceforcoffeeexcellence.org/nicaragua-2020/,1,6,Las Ortencias,88.6,811.00,$10.20,"$8,272.20","Wataru & Co., Ltd.",NA,success,NA,NA,NA,NA,NA,NA,NA,NA,NA,NA,NA,NA,NA,NA,NA,NA,NA,NA,NA,NA,NA,NA,NA,NA,NA,NA,NA,NA,NA,NA,NA,NA,NA,NA,NA,NA,NA,NA,NA,NA,NA,NA,NA,NA,NA,NA,NA,NA,NA,NA,NA,NA,NA,NA,NA,NA,NA,NA
Nicaragua,2020,COE,auction,NA,https://allianceforcoffeeexcellence.org/nicaragua-2020/,1,7,Fátima,88.4,"1,587.60",$10.30,"$16,352.28",Kaffebrenneriet As,NA,success,NA,NA,NA,NA,NA,NA,NA,NA,NA,NA,NA,NA,NA,NA,NA,NA,NA,NA,NA,NA,NA,NA,NA,NA,NA,NA,NA,NA,NA,NA,NA,NA,NA,NA,NA,NA,NA,NA,NA,NA,NA,NA,NA,NA,NA,NA,NA,NA,NA,NA,NA,NA,NA,NA,NA,NA,NA,NA
Nicaragua,2020,COE,auction,NA,https://allianceforcoffeeexcellence.org/nicaragua-2020/,1,8,Turriabla,88.4,752.00,$9.10,"$6,843.20","Wataru & Co., Ltd.",NA,success,NA,NA,NA,NA,NA,NA,NA,NA,NA,NA,NA,NA,NA,NA,NA,NA,NA,NA,NA,NA,NA,NA,NA,NA,NA,NA,NA,NA,NA,NA,NA,NA,NA,NA,NA,NA,NA,NA,NA,NA,NA,NA,NA,NA,NA,NA,NA,NA,NA,NA,NA,NA,NA,NA,NA,NA,NA,NA
Nicaragua,2020,COE,auction,NA,https://allianceforcoffeeexcellence.org/nicaragua-2020/,1,9,Buena Vista,88.1,463.05,$10.11,"$4,681.44",UPSTREAM COFFEE IMPORTS PTY LTD / WB.coffee / Amsterdam Coffee Lab,NA,success,NA,NA,NA,NA,NA,NA,NA,NA,NA,NA,NA,NA,NA,NA,NA,NA,NA,NA,NA,NA,NA,NA,NA,NA,NA,NA,NA,NA,NA,NA,NA,NA,NA,NA,NA,NA,NA,NA,NA,NA,NA,NA,NA,NA,NA,NA,NA,NA,NA,NA,NA,NA,NA,NA,NA,NA,NA,NA
Nicaragua,2020,COE,auction,NA,https://allianceforcoffeeexcellence.org/nicaragua-2020/,1,10,El Cambalache,88,590.94,$11.60,"$6,854.90",Dimattina Coffee,NA,success,NA,NA,NA,NA,NA,NA,NA,NA,NA,NA,NA,NA,NA,NA,NA,NA,NA,NA,NA,NA,NA,NA,NA,NA,NA,NA,NA,NA,NA,NA,NA,NA,NA,NA,NA,NA,NA,NA,NA,NA,NA,NA,NA,NA,NA,NA,NA,NA,NA,NA,NA,NA,NA,NA,NA,NA,NA,NA
Nicaragua,2020,COE,auction,NA,https://allianceforcoffeeexcellence.org/nicaragua-2020/,1,11,El Palmar,87.9,946.28,$8.60,"$8,138.01","Wataru & Co., Ltd.",NA,success,NA,NA,NA,NA,NA,NA,NA,NA,NA,NA,NA,NA,NA,NA,NA,NA,NA,NA,NA,NA,NA,NA,NA,NA,NA,NA,NA,NA,NA,NA,NA,NA,NA,NA,NA,NA,NA,NA,NA,NA,NA,NA,NA,NA,NA,NA,NA,NA,NA,NA,NA,NA,NA,NA,NA,NA,NA,NA
Nicaragua,2020,COE,auction,NA,https://allianceforcoffeeexcellence.org/nicaragua-2020/,1,12,Buenos Aires,87.7,888.62,$12.20,"$10,841.16",Ecom Japan Limited,NA,success,NA,NA,NA,NA,NA,NA,NA,NA,NA,NA,NA,NA,NA,NA,NA,NA,NA,NA,NA,NA,NA,NA,NA,NA,NA,NA,NA,NA,NA,NA,NA,NA,NA,NA,NA,NA,NA,NA,NA,NA,NA,NA,NA,NA,NA,NA,NA,NA,NA,NA,NA,NA,NA,NA,NA,NA,NA,NA
Nicaragua,2020,COE,auction,NA,https://allianceforcoffeeexcellence.org/nicaragua-2020/,1,13,CECOCAFEN – El Encanto,87.5,849.26,$8.20,"$6,963.93","Wataru & Co., Ltd.",NA,success,NA,NA,NA,NA,NA,NA,NA,NA,NA,NA,NA,NA,NA,NA,NA,NA,NA,NA,NA,NA,NA,NA,NA,NA,NA,NA,NA,NA,NA,NA,NA,NA,NA,NA,NA,NA,NA,NA,NA,NA,NA,NA,NA,NA,NA,NA,NA,NA,NA,NA,NA,NA,NA,NA,NA,NA,NA,NA
Nicaragua,2020,COE,auction,NA,https://allianceforcoffeeexcellence.org/nicaragua-2020/,1,14,Koa,87.5,"1,151.45",$9.30,"$10,708.49","Orsir Coffee Co., Ltd.",NA,success,NA,NA,NA,NA,NA,NA,NA,NA,NA,NA,NA,NA,NA,NA,NA,NA,NA,NA,NA,NA,NA,NA,NA,NA,NA,NA,NA,NA,NA,NA,NA,NA,NA,NA,NA,NA,NA,NA,NA,NA,NA,NA,NA,NA,NA,NA,NA,NA,NA,NA,NA,NA,NA,NA,NA,NA,NA,NA
Nicaragua,2020,COE,auction,NA,https://allianceforcoffeeexcellence.org/nicaragua-2020/,1,15,Santa Rosa,87.4,873.18,$10.30,"$8,993.75",Rehm & Co. / Benecke Coffee GmbH & Co.,NA,success,NA,NA,NA,NA,NA,NA,NA,NA,NA,NA,NA,NA,NA,NA,NA,NA,NA,NA,NA,NA,NA,NA,NA,NA,NA,NA,NA,NA,NA,NA,NA,NA,NA,NA,NA,NA,NA,NA,NA,NA,NA,NA,NA,NA,NA,NA,NA,NA,NA,NA,NA,NA,NA,NA,NA,NA,NA,NA
Nicaragua,2020,COE,auction,NA,https://allianceforcoffeeexcellence.org/nicaragua-2020/,1,16,La Betania,87.3,953.00,$9.00,"$8,577.00",M2M Coffee Roasters / Latorre & Dutch Coffee,NA,success,NA,NA,NA,NA,NA,NA,NA,NA,NA,NA,NA,NA,NA,NA,NA,NA,NA,NA,NA,NA,NA,NA,NA,NA,NA,NA,NA,NA,NA,NA,NA,NA,NA,NA,NA,NA,NA,NA,NA,NA,NA,NA,NA,NA,NA,NA,NA,NA,NA,NA,NA,NA,NA,NA,NA,NA,NA,NA
Nicaragua,2020,COE,auction,NA,https://allianceforcoffeeexcellence.org/nicaragua-2020/,1,17,Agua Sarca,87,960.00,$8.60,"$8,256.00","Wataru & Co., Ltd.",NA,success,NA,NA,NA,NA,NA,NA,NA,NA,NA,NA,NA,NA,NA,NA,NA,NA,NA,NA,NA,NA,NA,NA,NA,NA,NA,NA,NA,NA,NA,NA,NA,NA,NA,NA,NA,NA,NA,NA,NA,NA,NA,NA,NA,NA,NA,NA,NA,NA,NA,NA,NA,NA,NA,NA,NA,NA,NA,NA
Nicaragua,2020,COE,auction,NA,https://allianceforcoffeeexcellence.org/nicaragua-2020/,1,Totals:,,,"15,909.39",$12.08/lb,"$192,107.12",,NA,success,NA,NA,NA,NA,NA,NA,NA,NA,NA,NA,NA,NA,NA,NA,NA,NA,NA,NA,NA,NA,NA,NA,NA,NA,NA,NA,NA,NA,NA,NA,NA,NA,NA,NA,NA,NA,NA,NA,NA,NA,NA,NA,NA,NA,NA,NA,NA,NA,NA,NA,NA,NA,NA,NA,NA,NA,NA,NA
Nicaragua,2020,NW,auction,NA,https://allianceforcoffeeexcellence.org/nicaragua-2020/,2,NW,El Polanco,86.80,"1,270.48",$5.95,"$7,559.36",NA,Urth Caffe,success,NA,NA,NA,NA,NA,NA,NA,NA,NA,NA,NA,NA,NA,NA,NA,NA,NA,NA,NA,NA,NA,NA,NA,NA,NA,NA,NA,NA,NA,NA,NA,NA,NA,NA,NA,NA,NA,NA,NA,NA,NA,NA,NA,NA,NA,NA,NA,NA,NA,NA,NA,NA,NA,NA,NA,NA,NA,NA
Nicaragua,2020,NW,auction,NA,https://allianceforcoffeeexcellence.org/nicaragua-2020/,2,NW,La Naranja,86.70,956.75,$5.05,"$4,831.59",NA,Urth Caffe,success,NA,NA,NA,NA,NA,NA,NA,NA,NA,NA,NA,NA,NA,NA,NA,NA,NA,NA,NA,NA,NA,NA,NA,NA,NA,NA,NA,NA,NA,NA,NA,NA,NA,NA,NA,NA,NA,NA,NA,NA,NA,NA,NA,NA,NA,NA,NA,NA,NA,NA,NA,NA,NA,NA,NA,NA,NA,NA
Nicaragua,2020,NW,auction,NA,https://allianceforcoffeeexcellence.org/nicaragua-2020/,2,NW,El Escambray,86.4,882.00,$4.05,"$3,572.10",NA,Coffee Roasters Alliance of Korea,success,NA,NA,NA,NA,NA,NA,NA,NA,NA,NA,NA,NA,NA,NA,NA,NA,NA,NA,NA,NA,NA,NA,NA,NA,NA,NA,NA,NA,NA,NA,NA,NA,NA,NA,NA,NA,NA,NA,NA,NA,NA,NA,NA,NA,NA,NA,NA,NA,NA,NA,NA,NA,NA,NA,NA,NA,NA,NA
Nicaragua,2020,NW,auction,NA,https://allianceforcoffeeexcellence.org/nicaragua-2020/,2,NW,El Triángulo,86.3,"1,227.77",$4.15,"$5,095.25",NA,Urth Caffe,success,NA,NA,NA,NA,NA,NA,NA,NA,NA,NA,NA,NA,NA,NA,NA,NA,NA,NA,NA,NA,NA,NA,NA,NA,NA,NA,NA,NA,NA,NA,NA,NA,NA,NA,NA,NA,NA,NA,NA,NA,NA,NA,NA,NA,NA,NA,NA,NA,NA,NA,NA,NA,NA,NA,NA,NA,NA,NA
Nicaragua,2020,NW,auction,NA,https://allianceforcoffeeexcellence.org/nicaragua-2020/,2,NW,El Escambray,85.9,740.00,$3.95,"$2,923.00",NA,"cafe DAZAC, Eungubiro Roasters, Crema Costa",success,NA,NA,NA,NA,NA,NA,NA,NA,NA,NA,NA,NA,NA,NA,NA,NA,NA,NA,NA,NA,NA,NA,NA,NA,NA,NA,NA,NA,NA,NA,NA,NA,NA,NA,NA,NA,NA,NA,NA,NA,NA,NA,NA,NA,NA,NA,NA,NA,NA,NA,NA,NA,NA,NA,NA,NA,NA,NA
Nicaragua,2020,NW,auction,NA,https://allianceforcoffeeexcellence.org/nicaragua-2020/,2,NW,Isidoro,85.9,"1,270.45",$3.75,"$4,764.19",NA,"Bokkum Coffee Roasters
& GIL-COFFEE",success,NA,NA,NA,NA,NA,NA,NA,NA,NA,NA,NA,NA,NA,NA,NA,NA,NA,NA,NA,NA,NA,NA,NA,NA,NA,NA,NA,NA,NA,NA,NA,NA,NA,NA,NA,NA,NA,NA,NA,NA,NA,NA,NA,NA,NA,NA,NA,NA,NA,NA,NA,NA,NA,NA,NA,NA,NA,NA
Nicaragua,2020,NW,auction,NA,https://allianceforcoffeeexcellence.org/nicaragua-2020/,2,NW,La Fortuna,85.8,"1,215.73",$3.85,"$4,680.56",NA,Orsir Coffee(Taiwan),success,NA,NA,NA,NA,NA,NA,NA,NA,NA,NA,NA,NA,NA,NA,NA,NA,NA,NA,NA,NA,NA,NA,NA,NA,NA,NA,NA,NA,NA,NA,NA,NA,NA,NA,NA,NA,NA,NA,NA,NA,NA,NA,NA,NA,NA,NA,NA,NA,NA,NA,NA,NA,NA,NA,NA,NA,NA,NA
Nicaragua,2020,NW,auction,NA,https://allianceforcoffeeexcellence.org/nicaragua-2020/,2,NW,Guantales,85.8,"1,271.62",$3.95,"$5,022.90",NA,Orsir Coffee(Taiwan),success,NA,NA,NA,NA,NA,NA,NA,NA,NA,NA,NA,NA,NA,NA,NA,NA,NA,NA,NA,NA,NA,NA,NA,NA,NA,NA,NA,NA,NA,NA,NA,NA,NA,NA,NA,NA,NA,NA,NA,NA,NA,NA,NA,NA,NA,NA,NA,NA,NA,NA,NA,NA,NA,NA,NA,NA,NA,NA
Nicaragua,2020,NW,auction,NA,https://allianceforcoffeeexcellence.org/nicaragua-2020/,2,NW,El Areno y El Marañón,85.7,"1,227.79",$3.75,"$4,604.21",NA,"Bokkum Coffee Roasters
& GIL-COFFEE with UPSTREAM COFFEE IMPORTS PTY LTD",success,NA,NA,NA,NA,NA,NA,NA,NA,NA,NA,NA,NA,NA,NA,NA,NA,NA,NA,NA,NA,NA,NA,NA,NA,NA,NA,NA,NA,NA,NA,NA,NA,NA,NA,NA,NA,NA,NA,NA,NA,NA,NA,NA,NA,NA,NA,NA,NA,NA,NA,NA,NA,NA,NA,NA,NA,NA,NA
Nicaragua,2020,NW,auction,NA,https://allianceforcoffeeexcellence.org/nicaragua-2020/,2,NW,El Bosque,85.7,"1,406.79",$3.75,"$5,275.46",NA,"Bokkum Coffee Roasters
& GIL-COFFEE with UPSTREAM COFFEE IMPORTS PTY LTD",success,NA,NA,NA,NA,NA,NA,NA,NA,NA,NA,NA,NA,NA,NA,NA,NA,NA,NA,NA,NA,NA,NA,NA,NA,NA,NA,NA,NA,NA,NA,NA,NA,NA,NA,NA,NA,NA,NA,NA,NA,NA,NA,NA,NA,NA,NA,NA,NA,NA,NA,NA,NA,NA,NA,NA,NA,NA,NA
Nicaragua,2020,NW,auction,NA,https://allianceforcoffeeexcellence.org/nicaragua-2020/,2,NW,Media Luna,85.3,"1,227.79",$3.85,"$4,726.99",NA,Nagahama Coffee Inc.,success,NA,NA,NA,NA,NA,NA,NA,NA,NA,NA,NA,NA,NA,NA,NA,NA,NA,NA,NA,NA,NA,NA,NA,NA,NA,NA,NA,NA,NA,NA,NA,NA,NA,NA,NA,NA,NA,NA,NA,NA,NA,NA,NA,NA,NA,NA,NA,NA,NA,NA,NA,NA,NA,NA,NA,NA,NA,NA
Nicaragua,2020,NW,auction,NA,https://allianceforcoffeeexcellence.org/nicaragua-2020/,2,NW,El Zapote,85,956.75,$3.75,"$3,587.81",NA,"Bokkum Coffee Roasters
& GIL-COFFEE with UPSTREAM COFFEE IMPORTS PTY LTD",success,NA,NA,NA,NA,NA,NA,NA,NA,NA,NA,NA,NA,NA,NA,NA,NA,NA,NA,NA,NA,NA,NA,NA,NA,NA,NA,NA,NA,NA,NA,NA,NA,NA,NA,NA,NA,NA,NA,NA,NA,NA,NA,NA,NA,NA,NA,NA,NA,NA,NA,NA,NA,NA,NA,NA,NA,NA,NA
Nicaragua,2020,NW,auction,NA,https://allianceforcoffeeexcellence.org/nicaragua-2020/,2,NW,,Totals:,"13,653.92",$4.15/lb,"$56,643.42",NA,,success,NA,NA,NA,NA,NA,NA,NA,NA,NA,NA,NA,NA,NA,NA,NA,NA,NA,NA,NA,NA,NA,NA,NA,NA,NA,NA,NA,NA,NA,NA,NA,NA,NA,NA,NA,NA,NA,NA,NA,NA,NA,NA,NA,NA,NA,NA,NA,NA,NA,NA,NA,NA,NA,NA,NA,NA,NA,NA
Peru,2020,COE,auction,NA,https://allianceforcoffeeexcellence.org/peru-2020/,1,1a,Esperanza,90,442.85,$51.10,"$22,629.64",Latorre & Dutch Coffee (China) for June’s Garden Coffee / Cut Hand Group / OAS Roaster / MANNER COFFEE (China) / Fisher Coffee / KOLAKOLA COFFEE,NA,success,NA,NA,NA,NA,NA,NA,NA,NA,NA,NA,NA,NA,NA,NA,NA,NA,NA,NA,NA,NA,NA,NA,NA,NA,NA,NA,NA,NA,NA,NA,NA,NA,NA,NA,NA,NA,NA,NA,NA,NA,NA,NA,NA,NA,NA,NA,NA,NA,NA,NA,NA,NA,NA,NA,NA,NA,NA,NA
Peru,2020,COE,auction,NA,https://allianceforcoffeeexcellence.org/peru-2020/,1,1b,Esperanza,90,396.9,$50.70,"$20,122.83","Time’s Club.INC, Coffee Libre, EL CAFE coffee roasters, Coffee Montage",NA,success,NA,NA,NA,NA,NA,NA,NA,NA,NA,NA,NA,NA,NA,NA,NA,NA,NA,NA,NA,NA,NA,NA,NA,NA,NA,NA,NA,NA,NA,NA,NA,NA,NA,NA,NA,NA,NA,NA,NA,NA,NA,NA,NA,NA,NA,NA,NA,NA,NA,NA,NA,NA,NA,NA,NA,NA,NA,NA
Peru,2020,COE,auction,NA,https://allianceforcoffeeexcellence.org/peru-2020/,1,2,Caminos El Inca,89.58,482.34,$28.70,"$13,843.16","Vela Ethan International Co.,Ltd",NA,success,NA,NA,NA,NA,NA,NA,NA,NA,NA,NA,NA,NA,NA,NA,NA,NA,NA,NA,NA,NA,NA,NA,NA,NA,NA,NA,NA,NA,NA,NA,NA,NA,NA,NA,NA,NA,NA,NA,NA,NA,NA,NA,NA,NA,NA,NA,NA,NA,NA,NA,NA,NA,NA,NA,NA,NA,NA,NA
Peru,2020,COE,auction,NA,https://allianceforcoffeeexcellence.org/peru-2020/,1,3,El Laurel,88.96,683.44,$17.10,"$11,686.82",CAFFE PASCUCCI,NA,success,NA,NA,NA,NA,NA,NA,NA,NA,NA,NA,NA,NA,NA,NA,NA,NA,NA,NA,NA,NA,NA,NA,NA,NA,NA,NA,NA,NA,NA,NA,NA,NA,NA,NA,NA,NA,NA,NA,NA,NA,NA,NA,NA,NA,NA,NA,NA,NA,NA,NA,NA,NA,NA,NA,NA,NA,NA,NA
Peru,2020,COE,auction,NA,https://allianceforcoffeeexcellence.org/peru-2020/,1,4,La Esperanza,88.92,583.51,$17.50,"$10,211.43",Falcon Coffees,NA,success,NA,NA,NA,NA,NA,NA,NA,NA,NA,NA,NA,NA,NA,NA,NA,NA,NA,NA,NA,NA,NA,NA,NA,NA,NA,NA,NA,NA,NA,NA,NA,NA,NA,NA,NA,NA,NA,NA,NA,NA,NA,NA,NA,NA,NA,NA,NA,NA,NA,NA,NA,NA,NA,NA,NA,NA,NA,NA
Peru,2020,COE,auction,NA,https://allianceforcoffeeexcellence.org/peru-2020/,1,5,Bella Siempre Viva,88.88,630.87,$23.10,"$14,573.10",Campos Coffee,NA,success,NA,NA,NA,NA,NA,NA,NA,NA,NA,NA,NA,NA,NA,NA,NA,NA,NA,NA,NA,NA,NA,NA,NA,NA,NA,NA,NA,NA,NA,NA,NA,NA,NA,NA,NA,NA,NA,NA,NA,NA,NA,NA,NA,NA,NA,NA,NA,NA,NA,NA,NA,NA,NA,NA,NA,NA,NA,NA
Peru,2020,COE,auction,NA,https://allianceforcoffeeexcellence.org/peru-2020/,1,6,Agua Dulce,88.77,843.85,$16.10,"$13,585.99",Kyokuto Fadie Corporation,NA,success,NA,NA,NA,NA,NA,NA,NA,NA,NA,NA,NA,NA,NA,NA,NA,NA,NA,NA,NA,NA,NA,NA,NA,NA,NA,NA,NA,NA,NA,NA,NA,NA,NA,NA,NA,NA,NA,NA,NA,NA,NA,NA,NA,NA,NA,NA,NA,NA,NA,NA,NA,NA,NA,NA,NA,NA,NA,NA
Peru,2020,COE,auction,NA,https://allianceforcoffeeexcellence.org/peru-2020/,1,7,O´Sopen,88.77,549.46,$16.00,"$8,791.36","Japan Roasters’ Network, Harrods",NA,success,NA,NA,NA,NA,NA,NA,NA,NA,NA,NA,NA,NA,NA,NA,NA,NA,NA,NA,NA,NA,NA,NA,NA,NA,NA,NA,NA,NA,NA,NA,NA,NA,NA,NA,NA,NA,NA,NA,NA,NA,NA,NA,NA,NA,NA,NA,NA,NA,NA,NA,NA,NA,NA,NA,NA,NA,NA,NA
Peru,2020,COE,auction,NA,https://allianceforcoffeeexcellence.org/peru-2020/,1,8,La Palma,88.73,835.96,$26.00,"$21,734.96",Falcon Coffees,NA,success,NA,NA,NA,NA,NA,NA,NA,NA,NA,NA,NA,NA,NA,NA,NA,NA,NA,NA,NA,NA,NA,NA,NA,NA,NA,NA,NA,NA,NA,NA,NA,NA,NA,NA,NA,NA,NA,NA,NA,NA,NA,NA,NA,NA,NA,NA,NA,NA,NA,NA,NA,NA,NA,NA,NA,NA,NA,NA
Peru,2020,COE,auction,NA,https://allianceforcoffeeexcellence.org/peru-2020/,1,9,Buena Vista,88.58,626.51,$16.30,"$10,212.11",SkyTop Coffee & Noble Coffee,NA,success,NA,NA,NA,NA,NA,NA,NA,NA,NA,NA,NA,NA,NA,NA,NA,NA,NA,NA,NA,NA,NA,NA,NA,NA,NA,NA,NA,NA,NA,NA,NA,NA,NA,NA,NA,NA,NA,NA,NA,NA,NA,NA,NA,NA,NA,NA,NA,NA,NA,NA,NA,NA,NA,NA,NA,NA,NA,NA
Peru,2020,COE,auction,NA,https://allianceforcoffeeexcellence.org/peru-2020/,1,10,Nueva Alianza,88.58,700.62,$29.40,"$20,598.23","Vela Ethan International Co.,Ltd",NA,success,NA,NA,NA,NA,NA,NA,NA,NA,NA,NA,NA,NA,NA,NA,NA,NA,NA,NA,NA,NA,NA,NA,NA,NA,NA,NA,NA,NA,NA,NA,NA,NA,NA,NA,NA,NA,NA,NA,NA,NA,NA,NA,NA,NA,NA,NA,NA,NA,NA,NA,NA,NA,NA,NA,NA,NA,NA,NA
Peru,2020,COE,auction,NA,https://allianceforcoffeeexcellence.org/peru-2020/,1,11,El Rejo,88.54,859.95,$12.70,"$10,921.37","Wataru & Co., Ltd.",NA,success,NA,NA,NA,NA,NA,NA,NA,NA,NA,NA,NA,NA,NA,NA,NA,NA,NA,NA,NA,NA,NA,NA,NA,NA,NA,NA,NA,NA,NA,NA,NA,NA,NA,NA,NA,NA,NA,NA,NA,NA,NA,NA,NA,NA,NA,NA,NA,NA,NA,NA,NA,NA,NA,NA,NA,NA,NA,NA
Peru,2020,COE,auction,NA,https://allianceforcoffeeexcellence.org/peru-2020/,1,12,Esmeralda,88.38,1212.9,$10.60,"$12,856.74","YING FUNG, SWEET HOME COFFEE , Orca Spin Cafe, LAVA COFFEE ROASTERS (TAIWAN)",NA,success,NA,NA,NA,NA,NA,NA,NA,NA,NA,NA,NA,NA,NA,NA,NA,NA,NA,NA,NA,NA,NA,NA,NA,NA,NA,NA,NA,NA,NA,NA,NA,NA,NA,NA,NA,NA,NA,NA,NA,NA,NA,NA,NA,NA,NA,NA,NA,NA,NA,NA,NA,NA,NA,NA,NA,NA,NA,NA
Peru,2020,COE,auction,NA,https://allianceforcoffeeexcellence.org/peru-2020/,1,13,Nuevo Progreso,88.19,661.5,$17.00,"$11,245.50",Single O & Intelligentsia,NA,success,NA,NA,NA,NA,NA,NA,NA,NA,NA,NA,NA,NA,NA,NA,NA,NA,NA,NA,NA,NA,NA,NA,NA,NA,NA,NA,NA,NA,NA,NA,NA,NA,NA,NA,NA,NA,NA,NA,NA,NA,NA,NA,NA,NA,NA,NA,NA,NA,NA,NA,NA,NA,NA,NA,NA,NA,NA,NA
Peru,2020,COE,auction,NA,https://allianceforcoffeeexcellence.org/peru-2020/,1,14,Progreso,87.81,648.56,$11.10,"$7,199.02",COFFEE COUNTY,NA,success,NA,NA,NA,NA,NA,NA,NA,NA,NA,NA,NA,NA,NA,NA,NA,NA,NA,NA,NA,NA,NA,NA,NA,NA,NA,NA,NA,NA,NA,NA,NA,NA,NA,NA,NA,NA,NA,NA,NA,NA,NA,NA,NA,NA,NA,NA,NA,NA,NA,NA,NA,NA,NA,NA,NA,NA,NA,NA
Peru,2020,COE,auction,NA,https://allianceforcoffeeexcellence.org/peru-2020/,1,15,Belen,87.81,593.74,$11.10,"$6,590.51","Wataru & Co., Ltd.",NA,success,NA,NA,NA,NA,NA,NA,NA,NA,NA,NA,NA,NA,NA,NA,NA,NA,NA,NA,NA,NA,NA,NA,NA,NA,NA,NA,NA,NA,NA,NA,NA,NA,NA,NA,NA,NA,NA,NA,NA,NA,NA,NA,NA,NA,NA,NA,NA,NA,NA,NA,NA,NA,NA,NA,NA,NA,NA,NA
Peru,2020,COE,auction,NA,https://allianceforcoffeeexcellence.org/peru-2020/,1,16,Eucalipto-Pata,87.65,571.65,$11.20,"$6,402.48",Nagahama Coffee Inc.,NA,success,NA,NA,NA,NA,NA,NA,NA,NA,NA,NA,NA,NA,NA,NA,NA,NA,NA,NA,NA,NA,NA,NA,NA,NA,NA,NA,NA,NA,NA,NA,NA,NA,NA,NA,NA,NA,NA,NA,NA,NA,NA,NA,NA,NA,NA,NA,NA,NA,NA,NA,NA,NA,NA,NA,NA,NA,NA,NA
Peru,2020,COE,auction,NA,https://allianceforcoffeeexcellence.org/peru-2020/,1,17,Santa Maria,87.54,753.03,$11.00,"$8,283.33",Corvus Coffee,NA,success,NA,NA,NA,NA,NA,NA,NA,NA,NA,NA,NA,NA,NA,NA,NA,NA,NA,NA,NA,NA,NA,NA,NA,NA,NA,NA,NA,NA,NA,NA,NA,NA,NA,NA,NA,NA,NA,NA,NA,NA,NA,NA,NA,NA,NA,NA,NA,NA,NA,NA,NA,NA,NA,NA,NA,NA,NA,NA
Peru,2020,COE,auction,NA,https://allianceforcoffeeexcellence.org/peru-2020/,1,18,Lucmayoc,87.54,632.92,$10.00,"$6,329.20","Wataru & Co., Ltd.",NA,success,NA,NA,NA,NA,NA,NA,NA,NA,NA,NA,NA,NA,NA,NA,NA,NA,NA,NA,NA,NA,NA,NA,NA,NA,NA,NA,NA,NA,NA,NA,NA,NA,NA,NA,NA,NA,NA,NA,NA,NA,NA,NA,NA,NA,NA,NA,NA,NA,NA,NA,NA,NA,NA,NA,NA,NA,NA,NA
Peru,2020,COE,auction,NA,https://allianceforcoffeeexcellence.org/peru-2020/,1,19,El Encanto,87.35,1187.17,$9.30,"$11,040.68","Wataru & Co., Ltd.",NA,success,NA,NA,NA,NA,NA,NA,NA,NA,NA,NA,NA,NA,NA,NA,NA,NA,NA,NA,NA,NA,NA,NA,NA,NA,NA,NA,NA,NA,NA,NA,NA,NA,NA,NA,NA,NA,NA,NA,NA,NA,NA,NA,NA,NA,NA,NA,NA,NA,NA,NA,NA,NA,NA,NA,NA,NA,NA,NA
Peru,2020,COE,auction,NA,https://allianceforcoffeeexcellence.org/peru-2020/,1,20,Macora,87.27,684.21,$14.10,"$9,647.36",Latorre & Dutch Coffee (China) for Fisheye Café / Fisher Coffee / Small Arms Big Heart / KOLAKOLA COFFEE,NA,success,NA,NA,NA,NA,NA,NA,NA,NA,NA,NA,NA,NA,NA,NA,NA,NA,NA,NA,NA,NA,NA,NA,NA,NA,NA,NA,NA,NA,NA,NA,NA,NA,NA,NA,NA,NA,NA,NA,NA,NA,NA,NA,NA,NA,NA,NA,NA,NA,NA,NA,NA,NA,NA,NA,NA,NA,NA,NA
Peru,2020,COE,auction,NA,https://allianceforcoffeeexcellence.org/peru-2020/,1,21,Cedruyoc,87.23,631.29,$8.90,"$5,618.48",List + Beisler GmbH,NA,success,NA,NA,NA,NA,NA,NA,NA,NA,NA,NA,NA,NA,NA,NA,NA,NA,NA,NA,NA,NA,NA,NA,NA,NA,NA,NA,NA,NA,NA,NA,NA,NA,NA,NA,NA,NA,NA,NA,NA,NA,NA,NA,NA,NA,NA,NA,NA,NA,NA,NA,NA,NA,NA,NA,NA,NA,NA,NA
Peru,2020,COE,auction,NA,https://allianceforcoffeeexcellence.org/peru-2020/,1,22,Tres Cumbres,87.19,868.99,$10.00,"$8,689.90","Wataru & Co., Ltd.",NA,success,NA,NA,NA,NA,NA,NA,NA,NA,NA,NA,NA,NA,NA,NA,NA,NA,NA,NA,NA,NA,NA,NA,NA,NA,NA,NA,NA,NA,NA,NA,NA,NA,NA,NA,NA,NA,NA,NA,NA,NA,NA,NA,NA,NA,NA,NA,NA,NA,NA,NA,NA,NA,NA,NA,NA,NA,NA,NA
Peru,2020,COE,auction,NA,https://allianceforcoffeeexcellence.org/peru-2020/,1,23,El Cafetal,87.15,1240.53,$9.50,"$11,785.04","Wataru & Co., Ltd.",NA,success,NA,NA,NA,NA,NA,NA,NA,NA,NA,NA,NA,NA,NA,NA,NA,NA,NA,NA,NA,NA,NA,NA,NA,NA,NA,NA,NA,NA,NA,NA,NA,NA,NA,NA,NA,NA,NA,NA,NA,NA,NA,NA,NA,NA,NA,NA,NA,NA,NA,NA,NA,NA,NA,NA,NA,NA,NA,NA
Peru,2020,COE,auction,NA,https://allianceforcoffeeexcellence.org/peru-2020/,1,24,Origen Marin,87,760.73,$12.00,"$9,128.76",Thood Qahwa LTD Co,NA,success,NA,NA,NA,NA,NA,NA,NA,NA,NA,NA,NA,NA,NA,NA,NA,NA,NA,NA,NA,NA,NA,NA,NA,NA,NA,NA,NA,NA,NA,NA,NA,NA,NA,NA,NA,NA,NA,NA,NA,NA,NA,NA,NA,NA,NA,NA,NA,NA,NA,NA,NA,NA,NA,NA,NA,NA,NA,NA
Peru,2020,COE,auction,NA,https://allianceforcoffeeexcellence.org/peru-2020/,1,,,,18083.48,$16.24/lb,"$293,728.00",,NA,success,NA,NA,NA,NA,NA,NA,NA,NA,NA,NA,NA,NA,NA,NA,NA,NA,NA,NA,NA,NA,NA,NA,NA,NA,NA,NA,NA,NA,NA,NA,NA,NA,NA,NA,NA,NA,NA,NA,NA,NA,NA,NA,NA,NA,NA,NA,NA,NA,NA,NA,NA,NA,NA,NA,NA,NA,NA,NA
Peru,2020,NW,auction,NA,https://allianceforcoffeeexcellence.org/peru-2020/,2,NW,La Puma Rosa,86.92,978.8,$4.10,"$4,013.08",NA,"cafe DAZAC, Eungubiro Roasters, Crema Costa",success,NA,NA,NA,NA,NA,NA,NA,NA,NA,NA,NA,NA,NA,NA,NA,NA,NA,NA,NA,NA,NA,NA,NA,NA,NA,NA,NA,NA,NA,NA,NA,NA,NA,NA,NA,NA,NA,NA,NA,NA,NA,NA,NA,NA,NA,NA,NA,NA,NA,NA,NA,NA,NA,NA,NA,NA,NA,NA
Peru,2020,NW,auction,NA,https://allianceforcoffeeexcellence.org/peru-2020/,2,NW,Los Laureles,86.77,1336,$3.70,"$4,943.20",NA,"cafe DAZAC, Eungubiro Roasters, Crema Costa",success,NA,NA,NA,NA,NA,NA,NA,NA,NA,NA,NA,NA,NA,NA,NA,NA,NA,NA,NA,NA,NA,NA,NA,NA,NA,NA,NA,NA,NA,NA,NA,NA,NA,NA,NA,NA,NA,NA,NA,NA,NA,NA,NA,NA,NA,NA,NA,NA,NA,NA,NA,NA,NA,NA,NA,NA,NA,NA
Peru,2020,NW,auction,NA,https://allianceforcoffeeexcellence.org/peru-2020/,2,NW,Tesoro Escondido,86.77,1231.3,$3.80,"$4,678.94",NA,"cafe DAZAC, Eungubiro Roasters, Crema Costa",success,NA,NA,NA,NA,NA,NA,NA,NA,NA,NA,NA,NA,NA,NA,NA,NA,NA,NA,NA,NA,NA,NA,NA,NA,NA,NA,NA,NA,NA,NA,NA,NA,NA,NA,NA,NA,NA,NA,NA,NA,NA,NA,NA,NA,NA,NA,NA,NA,NA,NA,NA,NA,NA,NA,NA,NA,NA,NA
Peru,2020,NW,auction,NA,https://allianceforcoffeeexcellence.org/peru-2020/,2,NW,Palmira,86.62,694.4,$3.50,"$2,430.40",NA,"cafe DAZAC, Eungubiro Roasters, Crema Costa",success,NA,NA,NA,NA,NA,NA,NA,NA,NA,NA,NA,NA,NA,NA,NA,NA,NA,NA,NA,NA,NA,NA,NA,NA,NA,NA,NA,NA,NA,NA,NA,NA,NA,NA,NA,NA,NA,NA,NA,NA,NA,NA,NA,NA,NA,NA,NA,NA,NA,NA,NA,NA,NA,NA,NA,NA,NA,NA
Peru,2020,NW,auction,NA,https://allianceforcoffeeexcellence.org/peru-2020/,2,NW,El Mana,86.58,605.2,$8.60,"$5,204.72",NA,"ying fung international co., ltd.",success,NA,NA,NA,NA,NA,NA,NA,NA,NA,NA,NA,NA,NA,NA,NA,NA,NA,NA,NA,NA,NA,NA,NA,NA,NA,NA,NA,NA,NA,NA,NA,NA,NA,NA,NA,NA,NA,NA,NA,NA,NA,NA,NA,NA,NA,NA,NA,NA,NA,NA,NA,NA,NA,NA,NA,NA,NA,NA
Peru,2020,NW,auction,NA,https://allianceforcoffeeexcellence.org/peru-2020/,2,NW,Santa Sofia,86.5,1124.3,$3.50,"$3,935.05",NA,Huracan Coffee (Sviezia Kava),success,NA,NA,NA,NA,NA,NA,NA,NA,NA,NA,NA,NA,NA,NA,NA,NA,NA,NA,NA,NA,NA,NA,NA,NA,NA,NA,NA,NA,NA,NA,NA,NA,NA,NA,NA,NA,NA,NA,NA,NA,NA,NA,NA,NA,NA,NA,NA,NA,NA,NA,NA,NA,NA,NA,NA,NA,NA,NA
Peru,2020,NW,auction,NA,https://allianceforcoffeeexcellence.org/peru-2020/,2,NW,Monte Rey,85.9,1256.6,$3.30,"$4,146.78",NA,Huracan Coffee (Sviezia Kava),success,NA,NA,NA,NA,NA,NA,NA,NA,NA,NA,NA,NA,NA,NA,NA,NA,NA,NA,NA,NA,NA,NA,NA,NA,NA,NA,NA,NA,NA,NA,NA,NA,NA,NA,NA,NA,NA,NA,NA,NA,NA,NA,NA,NA,NA,NA,NA,NA,NA,NA,NA,NA,NA,NA,NA,NA,NA,NA
Peru,2020,NW,auction,NA,https://allianceforcoffeeexcellence.org/peru-2020/,2,NW,Yanamonte,85.04,674.6,$4.10,"$2,765.86",NA,Latorre & Dutch Coffee Traders,success,NA,NA,NA,NA,NA,NA,NA,NA,NA,NA,NA,NA,NA,NA,NA,NA,NA,NA,NA,NA,NA,NA,NA,NA,NA,NA,NA,NA,NA,NA,NA,NA,NA,NA,NA,NA,NA,NA,NA,NA,NA,NA,NA,NA,NA,NA,NA,NA,NA,NA,NA,NA,NA,NA,NA,NA,NA,NA
Peru,2020,NW,auction,NA,https://allianceforcoffeeexcellence.org/peru-2020/,2,NW,,Totals:,7901.2,$4.06/lb,"$32,118.03",NA,,success,NA,NA,NA,NA,NA,NA,NA,NA,NA,NA,NA,NA,NA,NA,NA,NA,NA,NA,NA,NA,NA,NA,NA,NA,NA,NA,NA,NA,NA,NA,NA,NA,NA,NA,NA,NA,NA,NA,NA,NA,NA,NA,NA,NA,NA,NA,NA,NA,NA,NA,NA,NA,NA,NA,NA,NA,NA,NA
Brazil,2021,COE,auction,NA,https://allianceforcoffeeexcellence.org/brazil-2021/,2,1a,Dbarbosa Coffee – Fazenda Cachoeira,90.5,396.83,$66.00,"$26,190.78","회현카페 , 커피플랜트 (Coffeeplant)",NA,success,NA,NA,NA,NA,NA,NA,NA,NA,NA,NA,NA,NA,NA,NA,NA,NA,NA,NA,NA,NA,NA,NA,NA,NA,NA,NA,NA,NA,NA,NA,NA,NA,NA,NA,NA,NA,NA,NA,NA,NA,NA,NA,NA,NA,NA,NA,NA,NA,NA,NA,NA,NA,NA,NA,NA,NA,NA,NA
Brazil,2021,COE,auction,NA,https://allianceforcoffeeexcellence.org/brazil-2021/,2,1b,Dbarbosa Coffee – Fazenda Cachoeira,90.5,396.83,$61.00,"$24,206.63",Brulerie du Quai & Orsir Coffee,NA,success,NA,NA,NA,NA,NA,NA,NA,NA,NA,NA,NA,NA,NA,NA,NA,NA,NA,NA,NA,NA,NA,NA,NA,NA,NA,NA,NA,NA,NA,NA,NA,NA,NA,NA,NA,NA,NA,NA,NA,NA,NA,NA,NA,NA,NA,NA,NA,NA,NA,NA,NA,NA,NA,NA,NA,NA,NA,NA
Brazil,2021,COE,auction,NA,https://allianceforcoffeeexcellence.org/brazil-2021/,2,2a,Fazenda Do I.P.,90.14,396.83,$25.10,"$9,960.43",Japan Roasters’ Network,NA,success,NA,NA,NA,NA,NA,NA,NA,NA,NA,NA,NA,NA,NA,NA,NA,NA,NA,NA,NA,NA,NA,NA,NA,NA,NA,NA,NA,NA,NA,NA,NA,NA,NA,NA,NA,NA,NA,NA,NA,NA,NA,NA,NA,NA,NA,NA,NA,NA,NA,NA,NA,NA,NA,NA,NA,NA,NA,NA
Brazil,2021,COE,auction,NA,https://allianceforcoffeeexcellence.org/brazil-2021/,2,2b,Fazenda Do I.P.,90.14,396.83,$25.10,"$9,960.43","회현카페 , 커피플랜트 (Coffeeplant)",NA,success,NA,NA,NA,NA,NA,NA,NA,NA,NA,NA,NA,NA,NA,NA,NA,NA,NA,NA,NA,NA,NA,NA,NA,NA,NA,NA,NA,NA,NA,NA,NA,NA,NA,NA,NA,NA,NA,NA,NA,NA,NA,NA,NA,NA,NA,NA,NA,NA,NA,NA,NA,NA,NA,NA,NA,NA,NA,NA
Brazil,2021,COE,auction,NA,https://allianceforcoffeeexcellence.org/brazil-2021/,2,3,Sítio São Pedro,89.43,694.46,$42.40,"$29,445.10","Orsir Coffee Co., Ltd.",NA,success,NA,NA,NA,NA,NA,NA,NA,NA,NA,NA,NA,NA,NA,NA,NA,NA,NA,NA,NA,NA,NA,NA,NA,NA,NA,NA,NA,NA,NA,NA,NA,NA,NA,NA,NA,NA,NA,NA,NA,NA,NA,NA,NA,NA,NA,NA,NA,NA,NA,NA,NA,NA,NA,NA,NA,NA,NA,NA
Brazil,2021,COE,auction,NA,https://allianceforcoffeeexcellence.org/brazil-2021/,2,4,Fazenda Ressaca,89.18,793.67,$13.50,"$10,714.55",Terarosa (Haksan Co. Ltd),NA,success,NA,NA,NA,NA,NA,NA,NA,NA,NA,NA,NA,NA,NA,NA,NA,NA,NA,NA,NA,NA,NA,NA,NA,NA,NA,NA,NA,NA,NA,NA,NA,NA,NA,NA,NA,NA,NA,NA,NA,NA,NA,NA,NA,NA,NA,NA,NA,NA,NA,NA,NA,NA,NA,NA,NA,NA,NA,NA
Brazil,2021,COE,auction,NA,https://allianceforcoffeeexcellence.org/brazil-2021/,2,5,Fazenda Sáo Benedito,89.11,1554.26,$9.20,"$14,299.19",NOZY COFFEE,NA,success,NA,NA,NA,NA,NA,NA,NA,NA,NA,NA,NA,NA,NA,NA,NA,NA,NA,NA,NA,NA,NA,NA,NA,NA,NA,NA,NA,NA,NA,NA,NA,NA,NA,NA,NA,NA,NA,NA,NA,NA,NA,NA,NA,NA,NA,NA,NA,NA,NA,NA,NA,NA,NA,NA,NA,NA,NA,NA
Brazil,2021,COE,auction,NA,https://allianceforcoffeeexcellence.org/brazil-2021/,2,6,Chácara Vista Alegre,89.07,694.46,$12.25,"$8,507.14",WAVY COFFEE ROASTERS,NA,success,NA,NA,NA,NA,NA,NA,NA,NA,NA,NA,NA,NA,NA,NA,NA,NA,NA,NA,NA,NA,NA,NA,NA,NA,NA,NA,NA,NA,NA,NA,NA,NA,NA,NA,NA,NA,NA,NA,NA,NA,NA,NA,NA,NA,NA,NA,NA,NA,NA,NA,NA,NA,NA,NA,NA,NA,NA,NA
Brazil,2021,COE,auction,NA,https://allianceforcoffeeexcellence.org/brazil-2021/,2,7,Fazenda Serra Do Boné,88.93,1289.71,$9.70,"$12,510.19",Ecom Japan Limited,NA,success,NA,NA,NA,NA,NA,NA,NA,NA,NA,NA,NA,NA,NA,NA,NA,NA,NA,NA,NA,NA,NA,NA,NA,NA,NA,NA,NA,NA,NA,NA,NA,NA,NA,NA,NA,NA,NA,NA,NA,NA,NA,NA,NA,NA,NA,NA,NA,NA,NA,NA,NA,NA,NA,NA,NA,NA,NA,NA
Brazil,2021,COE,auction,NA,https://allianceforcoffeeexcellence.org/brazil-2021/,2,8,Fazenda Santo Antônio,88.89,694.46,$8.60,"$5,972.36","Wataru & Co., Ltd.",NA,success,NA,NA,NA,NA,NA,NA,NA,NA,NA,NA,NA,NA,NA,NA,NA,NA,NA,NA,NA,NA,NA,NA,NA,NA,NA,NA,NA,NA,NA,NA,NA,NA,NA,NA,NA,NA,NA,NA,NA,NA,NA,NA,NA,NA,NA,NA,NA,NA,NA,NA,NA,NA,NA,NA,NA,NA,NA,NA
Brazil,2021,COE,auction,NA,https://allianceforcoffeeexcellence.org/brazil-2021/,2,9,Sitio Jardim Das Oliveiras,88.68,727.53,$9.10,"$6,620.52",Nagahama Coffee Inc.,NA,success,NA,NA,NA,NA,NA,NA,NA,NA,NA,NA,NA,NA,NA,NA,NA,NA,NA,NA,NA,NA,NA,NA,NA,NA,NA,NA,NA,NA,NA,NA,NA,NA,NA,NA,NA,NA,NA,NA,NA,NA,NA,NA,NA,NA,NA,NA,NA,NA,NA,NA,NA,NA,NA,NA,NA,NA,NA,NA
Brazil,2021,COE,auction,NA,https://allianceforcoffeeexcellence.org/brazil-2021/,2,10,Sítio Batista,88.68,1223.57,$9.10,"$11,134.49",Campos Coffee,NA,success,NA,NA,NA,NA,NA,NA,NA,NA,NA,NA,NA,NA,NA,NA,NA,NA,NA,NA,NA,NA,NA,NA,NA,NA,NA,NA,NA,NA,NA,NA,NA,NA,NA,NA,NA,NA,NA,NA,NA,NA,NA,NA,NA,NA,NA,NA,NA,NA,NA,NA,NA,NA,NA,NA,NA,NA,NA,NA
Brazil,2021,COE,auction,NA,https://allianceforcoffeeexcellence.org/brazil-2021/,2,11,Fazenda Santa Alina,88.17,694.46,$12.25,"$8,507.14",Nossa Familia Coffee,NA,success,NA,NA,NA,NA,NA,NA,NA,NA,NA,NA,NA,NA,NA,NA,NA,NA,NA,NA,NA,NA,NA,NA,NA,NA,NA,NA,NA,NA,NA,NA,NA,NA,NA,NA,NA,NA,NA,NA,NA,NA,NA,NA,NA,NA,NA,NA,NA,NA,NA,NA,NA,NA,NA,NA,NA,NA,NA,NA
Brazil,2021,COE,auction,NA,https://allianceforcoffeeexcellence.org/brazil-2021/,2,12,Fazenda Catanduva II,88.17,793.67,$15.10,"$11,984.42",TAKAMURA COFFEE ROASTERS,NA,success,NA,NA,NA,NA,NA,NA,NA,NA,NA,NA,NA,NA,NA,NA,NA,NA,NA,NA,NA,NA,NA,NA,NA,NA,NA,NA,NA,NA,NA,NA,NA,NA,NA,NA,NA,NA,NA,NA,NA,NA,NA,NA,NA,NA,NA,NA,NA,NA,NA,NA,NA,NA,NA,NA,NA,NA,NA,NA
Brazil,2021,COE,auction,NA,https://allianceforcoffeeexcellence.org/brazil-2021/,2,13,Sítio Matinha,88.13,694.46,$10.00,"$6,944.60",Mercanta Ltd & Times Club Japan,NA,success,NA,NA,NA,NA,NA,NA,NA,NA,NA,NA,NA,NA,NA,NA,NA,NA,NA,NA,NA,NA,NA,NA,NA,NA,NA,NA,NA,NA,NA,NA,NA,NA,NA,NA,NA,NA,NA,NA,NA,NA,NA,NA,NA,NA,NA,NA,NA,NA,NA,NA,NA,NA,NA,NA,NA,NA,NA,NA
Brazil,2021,COE,auction,NA,https://allianceforcoffeeexcellence.org/brazil-2021/,2,14,Sítio Monte Alegre,88.1,760.6,$8.60,"$6,541.16",DABOV Specialty Coffee,NA,success,NA,NA,NA,NA,NA,NA,NA,NA,NA,NA,NA,NA,NA,NA,NA,NA,NA,NA,NA,NA,NA,NA,NA,NA,NA,NA,NA,NA,NA,NA,NA,NA,NA,NA,NA,NA,NA,NA,NA,NA,NA,NA,NA,NA,NA,NA,NA,NA,NA,NA,NA,NA,NA,NA,NA,NA,NA,NA
Brazil,2021,COE,auction,NA,https://allianceforcoffeeexcellence.org/brazil-2021/,2,15,Fazenda Recreio,88.1,694.46,$26.00,"$18,055.96",KALDI COFFEE FARM,NA,success,NA,NA,NA,NA,NA,NA,NA,NA,NA,NA,NA,NA,NA,NA,NA,NA,NA,NA,NA,NA,NA,NA,NA,NA,NA,NA,NA,NA,NA,NA,NA,NA,NA,NA,NA,NA,NA,NA,NA,NA,NA,NA,NA,NA,NA,NA,NA,NA,NA,NA,NA,NA,NA,NA,NA,NA,NA,NA
Brazil,2021,COE,auction,NA,https://allianceforcoffeeexcellence.org/brazil-2021/,2,16,Vista Brigadeiro,87.87,694.46,$11.00,"$7,639.06",NOZY COFFEE,NA,success,NA,NA,NA,NA,NA,NA,NA,NA,NA,NA,NA,NA,NA,NA,NA,NA,NA,NA,NA,NA,NA,NA,NA,NA,NA,NA,NA,NA,NA,NA,NA,NA,NA,NA,NA,NA,NA,NA,NA,NA,NA,NA,NA,NA,NA,NA,NA,NA,NA,NA,NA,NA,NA,NA,NA,NA,NA,NA
Brazil,2021,COE,auction,NA,https://allianceforcoffeeexcellence.org/brazil-2021/,2,17,Fazenda Cerca De Pedra São Benedito,87.87,760.6,$57.10,"$43,430.26",Saza Coffee,NA,success,NA,NA,NA,NA,NA,NA,NA,NA,NA,NA,NA,NA,NA,NA,NA,NA,NA,NA,NA,NA,NA,NA,NA,NA,NA,NA,NA,NA,NA,NA,NA,NA,NA,NA,NA,NA,NA,NA,NA,NA,NA,NA,NA,NA,NA,NA,NA,NA,NA,NA,NA,NA,NA,NA,NA,NA,NA,NA
Brazil,2021,COE,auction,NA,https://allianceforcoffeeexcellence.org/brazil-2021/,2,18,Fazenda Campo Alegre,87.83,793.67,$8.80,"$6,984.30",Kyokuto Fadie Corporation,NA,success,NA,NA,NA,NA,NA,NA,NA,NA,NA,NA,NA,NA,NA,NA,NA,NA,NA,NA,NA,NA,NA,NA,NA,NA,NA,NA,NA,NA,NA,NA,NA,NA,NA,NA,NA,NA,NA,NA,NA,NA,NA,NA,NA,NA,NA,NA,NA,NA,NA,NA,NA,NA,NA,NA,NA,NA,NA,NA
Brazil,2021,COE,auction,NA,https://allianceforcoffeeexcellence.org/brazil-2021/,2,19,Sitio Rochedo,87.83,826.73,$8.70,"$7,192.55","Wataru & Co., Ltd.",NA,success,NA,NA,NA,NA,NA,NA,NA,NA,NA,NA,NA,NA,NA,NA,NA,NA,NA,NA,NA,NA,NA,NA,NA,NA,NA,NA,NA,NA,NA,NA,NA,NA,NA,NA,NA,NA,NA,NA,NA,NA,NA,NA,NA,NA,NA,NA,NA,NA,NA,NA,NA,NA,NA,NA,NA,NA,NA,NA
Brazil,2021,COE,auction,NA,https://allianceforcoffeeexcellence.org/brazil-2021/,2,20,Fazenda Pedro Rodrigues,87.83,760.6,$8.60,"$6,541.16",Honu Kato Coffee Inc.,NA,success,NA,NA,NA,NA,NA,NA,NA,NA,NA,NA,NA,NA,NA,NA,NA,NA,NA,NA,NA,NA,NA,NA,NA,NA,NA,NA,NA,NA,NA,NA,NA,NA,NA,NA,NA,NA,NA,NA,NA,NA,NA,NA,NA,NA,NA,NA,NA,NA,NA,NA,NA,NA,NA,NA,NA,NA,NA,NA
Brazil,2021,COE,auction,NA,https://allianceforcoffeeexcellence.org/brazil-2021/,2,21,Sítio Mutuca,87.8,1289.71,$8.50,"$10,962.54","Linking Coffee Co., Ltd.",NA,success,NA,NA,NA,NA,NA,NA,NA,NA,NA,NA,NA,NA,NA,NA,NA,NA,NA,NA,NA,NA,NA,NA,NA,NA,NA,NA,NA,NA,NA,NA,NA,NA,NA,NA,NA,NA,NA,NA,NA,NA,NA,NA,NA,NA,NA,NA,NA,NA,NA,NA,NA,NA,NA,NA,NA,NA,NA,NA
Brazil,2021,COE,auction,NA,https://allianceforcoffeeexcellence.org/brazil-2021/,2,22,Fazenda Pedra Preta,87.67,1554.26,$8.60,"$13,366.64","Wataru & Co., Ltd.",NA,success,NA,NA,NA,NA,NA,NA,NA,NA,NA,NA,NA,NA,NA,NA,NA,NA,NA,NA,NA,NA,NA,NA,NA,NA,NA,NA,NA,NA,NA,NA,NA,NA,NA,NA,NA,NA,NA,NA,NA,NA,NA,NA,NA,NA,NA,NA,NA,NA,NA,NA,NA,NA,NA,NA,NA,NA,NA,NA
Brazil,2021,COE,auction,NA,https://allianceforcoffeeexcellence.org/brazil-2021/,2,23,Fazenda Rainha,87.47,793.67,$18.60,"$14,762.26",KALDI COFFEE FARM,NA,success,NA,NA,NA,NA,NA,NA,NA,NA,NA,NA,NA,NA,NA,NA,NA,NA,NA,NA,NA,NA,NA,NA,NA,NA,NA,NA,NA,NA,NA,NA,NA,NA,NA,NA,NA,NA,NA,NA,NA,NA,NA,NA,NA,NA,NA,NA,NA,NA,NA,NA,NA,NA,NA,NA,NA,NA,NA,NA
Brazil,2021,COE,auction,NA,https://allianceforcoffeeexcellence.org/brazil-2021/,2,24,Sítio Da Serra,87.4,826.73,$8.50,"$7,027.21",GLITCH COFFEE & ROASTERS,NA,success,NA,NA,NA,NA,NA,NA,NA,NA,NA,NA,NA,NA,NA,NA,NA,NA,NA,NA,NA,NA,NA,NA,NA,NA,NA,NA,NA,NA,NA,NA,NA,NA,NA,NA,NA,NA,NA,NA,NA,NA,NA,NA,NA,NA,NA,NA,NA,NA,NA,NA,NA,NA,NA,NA,NA,NA,NA,NA
Brazil,2021,COE,auction,NA,https://allianceforcoffeeexcellence.org/brazil-2021/,2,25,Sitio São João,87.33,661.39,$8.50,"$5,621.82",Wataru for Voila Coffee,NA,success,NA,NA,NA,NA,NA,NA,NA,NA,NA,NA,NA,NA,NA,NA,NA,NA,NA,NA,NA,NA,NA,NA,NA,NA,NA,NA,NA,NA,NA,NA,NA,NA,NA,NA,NA,NA,NA,NA,NA,NA,NA,NA,NA,NA,NA,NA,NA,NA,NA,NA,NA,NA,NA,NA,NA,NA,NA,NA
Brazil,2021,COE,auction,NA,https://allianceforcoffeeexcellence.org/brazil-2021/,2,26,Sítio Rancho Dantas,87.33,793.67,$9.20,"$7,301.76","Linking Coffee Co., Ltd.",NA,success,NA,NA,NA,NA,NA,NA,NA,NA,NA,NA,NA,NA,NA,NA,NA,NA,NA,NA,NA,NA,NA,NA,NA,NA,NA,NA,NA,NA,NA,NA,NA,NA,NA,NA,NA,NA,NA,NA,NA,NA,NA,NA,NA,NA,NA,NA,NA,NA,NA,NA,NA,NA,NA,NA,NA,NA,NA,NA
Brazil,2021,COE,auction,NA,https://allianceforcoffeeexcellence.org/brazil-2021/,2,27,Fazenda Irmãs Pereira,87.3,793.67,$9.20,"$7,301.76","Linking Coffee Co., Ltd.",NA,success,NA,NA,NA,NA,NA,NA,NA,NA,NA,NA,NA,NA,NA,NA,NA,NA,NA,NA,NA,NA,NA,NA,NA,NA,NA,NA,NA,NA,NA,NA,NA,NA,NA,NA,NA,NA,NA,NA,NA,NA,NA,NA,NA,NA,NA,NA,NA,NA,NA,NA,NA,NA,NA,NA,NA,NA,NA,NA
Brazil,2021,COE,auction,NA,https://allianceforcoffeeexcellence.org/brazil-2021/,2,28,Sitio Santa Barbara,87.17,1058.22,$8.20,"$8,677.40","Wataru & Co., Ltd.",NA,success,NA,NA,NA,NA,NA,NA,NA,NA,NA,NA,NA,NA,NA,NA,NA,NA,NA,NA,NA,NA,NA,NA,NA,NA,NA,NA,NA,NA,NA,NA,NA,NA,NA,NA,NA,NA,NA,NA,NA,NA,NA,NA,NA,NA,NA,NA,NA,NA,NA,NA,NA,NA,NA,NA,NA,NA,NA,NA
Brazil,2021,COE,auction,NA,https://allianceforcoffeeexcellence.org/brazil-2021/,2,29,Fazenda Ponte Alta,87.1,727.53,$8.10,"$5,892.99","Wataru & Co., Ltd.",NA,success,NA,NA,NA,NA,NA,NA,NA,NA,NA,NA,NA,NA,NA,NA,NA,NA,NA,NA,NA,NA,NA,NA,NA,NA,NA,NA,NA,NA,NA,NA,NA,NA,NA,NA,NA,NA,NA,NA,NA,NA,NA,NA,NA,NA,NA,NA,NA,NA,NA,NA,NA,NA,NA,NA,NA,NA,NA,NA
Brazil,2021,COE,auction,NA,https://allianceforcoffeeexcellence.org/brazil-2021/,2,Totals:,,,25232,$14.83/lb,"$374,256.80",,NA,success,NA,NA,NA,NA,NA,NA,NA,NA,NA,NA,NA,NA,NA,NA,NA,NA,NA,NA,NA,NA,NA,NA,NA,NA,NA,NA,NA,NA,NA,NA,NA,NA,NA,NA,NA,NA,NA,NA,NA,NA,NA,NA,NA,NA,NA,NA,NA,NA,NA,NA,NA,NA,NA,NA,NA,NA,NA,NA
Brazil,2021,NW,auction,NA,https://allianceforcoffeeexcellence.org/brazil-2021/,4,NW,Sítio Serra Azul,86.97,1091.29,$4.50,"$4,910.81","cafe DAZAC, Eungubiro Roasters, Crema Costa",NA,success,NA,NA,NA,NA,NA,NA,NA,NA,NA,NA,NA,NA,NA,NA,NA,NA,NA,NA,NA,NA,NA,NA,NA,NA,NA,NA,NA,NA,NA,NA,NA,NA,NA,NA,NA,NA,NA,NA,NA,NA,NA,NA,NA,NA,NA,NA,NA,NA,NA,NA,NA,NA,NA,NA,NA,NA,NA,NA
Brazil,2021,NW,auction,NA,https://allianceforcoffeeexcellence.org/brazil-2021/,4,NW,Fazenda Criciuma,86.83,959.01,$5.10,"$4,890.95","cafe DAZAC, Eungubiro Roasters, Crema Costa",NA,success,NA,NA,NA,NA,NA,NA,NA,NA,NA,NA,NA,NA,NA,NA,NA,NA,NA,NA,NA,NA,NA,NA,NA,NA,NA,NA,NA,NA,NA,NA,NA,NA,NA,NA,NA,NA,NA,NA,NA,NA,NA,NA,NA,NA,NA,NA,NA,NA,NA,NA,NA,NA,NA,NA,NA,NA,NA,NA
Brazil,2021,NW,auction,NA,https://allianceforcoffeeexcellence.org/brazil-2021/,4,NW,Chácara São Severino,86.53,892.87,$4.60,"$4,107.20",tovstudio,NA,success,NA,NA,NA,NA,NA,NA,NA,NA,NA,NA,NA,NA,NA,NA,NA,NA,NA,NA,NA,NA,NA,NA,NA,NA,NA,NA,NA,NA,NA,NA,NA,NA,NA,NA,NA,NA,NA,NA,NA,NA,NA,NA,NA,NA,NA,NA,NA,NA,NA,NA,NA,NA,NA,NA,NA,NA,NA,NA
Brazil,2021,NW,auction,NA,https://allianceforcoffeeexcellence.org/brazil-2021/,4,NW,,Totals:,2943.17,$4.73/lb,"$13,908.96",,NA,success,NA,NA,NA,NA,NA,NA,NA,NA,NA,NA,NA,NA,NA,NA,NA,NA,NA,NA,NA,NA,NA,NA,NA,NA,NA,NA,NA,NA,NA,NA,NA,NA,NA,NA,NA,NA,NA,NA,NA,NA,NA,NA,NA,NA,NA,NA,NA,NA,NA,NA,NA,NA,NA,NA,NA,NA,NA,NA
Colombia,2021,COE,auction,NA,https://allianceforcoffeeexcellence.org/colombia-2021/,2,1a,Obraje,90.61,363.83,$135.10,"$49,153.43","K.V.N. Import Export (1991) Co.,Ltd",NA,success,NA,NA,NA,NA,NA,NA,NA,NA,NA,NA,NA,NA,NA,NA,NA,NA,NA,NA,NA,NA,NA,NA,NA,NA,NA,NA,NA,NA,NA,NA,NA,NA,NA,NA,NA,NA,NA,NA,NA,NA,NA,NA,NA,NA,NA,NA,NA,NA,NA,NA,NA,NA,NA,NA,NA,NA,NA,NA
Colombia,2021,COE,auction,NA,https://allianceforcoffeeexcellence.org/colombia-2021/,2,1b,Obraje,90.61,330.75,$122.10,"$40,384.58","K.V.N. Import Export (1991) Co.,Ltd",NA,success,NA,NA,NA,NA,NA,NA,NA,NA,NA,NA,NA,NA,NA,NA,NA,NA,NA,NA,NA,NA,NA,NA,NA,NA,NA,NA,NA,NA,NA,NA,NA,NA,NA,NA,NA,NA,NA,NA,NA,NA,NA,NA,NA,NA,NA,NA,NA,NA,NA,NA,NA,NA,NA,NA,NA,NA,NA,NA
Colombia,2021,COE,auction,NA,https://allianceforcoffeeexcellence.org/colombia-2021/,2,2a,La Siria,90.07,396.9,$95.10,"$37,745.19","Cometeer, George Howell, Bird Rock Coffee, Intelligentsia, Passenger",NA,success,NA,NA,NA,NA,NA,NA,NA,NA,NA,NA,NA,NA,NA,NA,NA,NA,NA,NA,NA,NA,NA,NA,NA,NA,NA,NA,NA,NA,NA,NA,NA,NA,NA,NA,NA,NA,NA,NA,NA,NA,NA,NA,NA,NA,NA,NA,NA,NA,NA,NA,NA,NA,NA,NA,NA,NA,NA,NA
Colombia,2021,COE,auction,NA,https://allianceforcoffeeexcellence.org/colombia-2021/,2,2b,La Siria,90.07,396.9,$95.10,"$37,745.19",Latorre & Dutch Coffee (China) for MANNER COFFEE (China),NA,success,NA,NA,NA,NA,NA,NA,NA,NA,NA,NA,NA,NA,NA,NA,NA,NA,NA,NA,NA,NA,NA,NA,NA,NA,NA,NA,NA,NA,NA,NA,NA,NA,NA,NA,NA,NA,NA,NA,NA,NA,NA,NA,NA,NA,NA,NA,NA,NA,NA,NA,NA,NA,NA,NA,NA,NA,NA,NA
Colombia,2021,COE,auction,NA,https://allianceforcoffeeexcellence.org/colombia-2021/,2,3,El Zafiro,89.46,429.98,$55.00,"$23,648.90",KALDI COFFEE FARM,NA,success,NA,NA,NA,NA,NA,NA,NA,NA,NA,NA,NA,NA,NA,NA,NA,NA,NA,NA,NA,NA,NA,NA,NA,NA,NA,NA,NA,NA,NA,NA,NA,NA,NA,NA,NA,NA,NA,NA,NA,NA,NA,NA,NA,NA,NA,NA,NA,NA,NA,NA,NA,NA,NA,NA,NA,NA,NA,NA
Colombia,2021,COE,auction,NA,https://allianceforcoffeeexcellence.org/colombia-2021/,2,4,Guayacanes – El Tejar,89.43,529.2,$41.40,"$21,908.88","Proud Mary Coffee Roasters, SUPREMO COFFEE, Timesclub, Fineprint",NA,success,NA,NA,NA,NA,NA,NA,NA,NA,NA,NA,NA,NA,NA,NA,NA,NA,NA,NA,NA,NA,NA,NA,NA,NA,NA,NA,NA,NA,NA,NA,NA,NA,NA,NA,NA,NA,NA,NA,NA,NA,NA,NA,NA,NA,NA,NA,NA,NA,NA,NA,NA,NA,NA,NA,NA,NA,NA,NA
Colombia,2021,COE,auction,NA,https://allianceforcoffeeexcellence.org/colombia-2021/,2,5,El Casino,89.39,1422.23,$20.30,"$28,871.27",Terarosa (Haksan Co. Ltd),NA,success,NA,NA,NA,NA,NA,NA,NA,NA,NA,NA,NA,NA,NA,NA,NA,NA,NA,NA,NA,NA,NA,NA,NA,NA,NA,NA,NA,NA,NA,NA,NA,NA,NA,NA,NA,NA,NA,NA,NA,NA,NA,NA,NA,NA,NA,NA,NA,NA,NA,NA,NA,NA,NA,NA,NA,NA,NA,NA
Colombia,2021,COE,auction,NA,https://allianceforcoffeeexcellence.org/colombia-2021/,2,6,La Guaca,89.32,992.25,$20.60,"$20,440.35","Caravela Coffee, Bean Box, Goodboybob, Equator, Black & White, L’escargot d’or cosmetocafe, Belux Coffee Roasters, Passenger, Onyx Coffee Labs, Goshen Coffee",NA,success,NA,NA,NA,NA,NA,NA,NA,NA,NA,NA,NA,NA,NA,NA,NA,NA,NA,NA,NA,NA,NA,NA,NA,NA,NA,NA,NA,NA,NA,NA,NA,NA,NA,NA,NA,NA,NA,NA,NA,NA,NA,NA,NA,NA,NA,NA,NA,NA,NA,NA,NA,NA,NA,NA,NA,NA,NA,NA
Colombia,2021,COE,auction,NA,https://allianceforcoffeeexcellence.org/colombia-2021/,2,7,La Piragua,88.86,992.25,$17.30,"$17,165.93",BPC for Coffee Fiel,NA,success,NA,NA,NA,NA,NA,NA,NA,NA,NA,NA,NA,NA,NA,NA,NA,NA,NA,NA,NA,NA,NA,NA,NA,NA,NA,NA,NA,NA,NA,NA,NA,NA,NA,NA,NA,NA,NA,NA,NA,NA,NA,NA,NA,NA,NA,NA,NA,NA,NA,NA,NA,NA,NA,NA,NA,NA,NA,NA
Colombia,2021,COE,auction,NA,https://allianceforcoffeeexcellence.org/colombia-2021/,2,8,La Miel,88.64,529.2,$40.10,"$21,220.92",Sarutahiko Coffee Inc.,NA,success,NA,NA,NA,NA,NA,NA,NA,NA,NA,NA,NA,NA,NA,NA,NA,NA,NA,NA,NA,NA,NA,NA,NA,NA,NA,NA,NA,NA,NA,NA,NA,NA,NA,NA,NA,NA,NA,NA,NA,NA,NA,NA,NA,NA,NA,NA,NA,NA,NA,NA,NA,NA,NA,NA,NA,NA,NA,NA
Colombia,2021,COE,auction,NA,https://allianceforcoffeeexcellence.org/colombia-2021/,2,9,El Cedro,88.57,793.8,$17.30,"$13,732.74",M.I.COFFEE CORPORATION,NA,success,NA,NA,NA,NA,NA,NA,NA,NA,NA,NA,NA,NA,NA,NA,NA,NA,NA,NA,NA,NA,NA,NA,NA,NA,NA,NA,NA,NA,NA,NA,NA,NA,NA,NA,NA,NA,NA,NA,NA,NA,NA,NA,NA,NA,NA,NA,NA,NA,NA,NA,NA,NA,NA,NA,NA,NA,NA,NA
Colombia,2021,COE,auction,NA,https://allianceforcoffeeexcellence.org/colombia-2021/,2,10,La Fortuna,88.39,1422.23,$19.10,"$27,164.59",KALDI COFFEE FARM,NA,success,NA,NA,NA,NA,NA,NA,NA,NA,NA,NA,NA,NA,NA,NA,NA,NA,NA,NA,NA,NA,NA,NA,NA,NA,NA,NA,NA,NA,NA,NA,NA,NA,NA,NA,NA,NA,NA,NA,NA,NA,NA,NA,NA,NA,NA,NA,NA,NA,NA,NA,NA,NA,NA,NA,NA,NA,NA,NA
Colombia,2021,COE,auction,NA,https://allianceforcoffeeexcellence.org/colombia-2021/,2,11,San Jose,87.93,727.65,$42.00,"$30,561.30","Global Beans, Degood Coffee, GZ COFFEE-ERA, ARC Coffee, The Baristro, Caffe de Aromi co.,ltd, Ministry of Roasters, Santipanich co.,ltd, Annie Coffee Roaster, Stupiducks Coffee",NA,success,NA,NA,NA,NA,NA,NA,NA,NA,NA,NA,NA,NA,NA,NA,NA,NA,NA,NA,NA,NA,NA,NA,NA,NA,NA,NA,NA,NA,NA,NA,NA,NA,NA,NA,NA,NA,NA,NA,NA,NA,NA,NA,NA,NA,NA,NA,NA,NA,NA,NA,NA,NA,NA,NA,NA,NA,NA,NA
Colombia,2021,COE,auction,NA,https://allianceforcoffeeexcellence.org/colombia-2021/,2,12,La Meliza,87.86,330.75,$50.10,"$16,570.58",Black sip coffee roasters,NA,success,NA,NA,NA,NA,NA,NA,NA,NA,NA,NA,NA,NA,NA,NA,NA,NA,NA,NA,NA,NA,NA,NA,NA,NA,NA,NA,NA,NA,NA,NA,NA,NA,NA,NA,NA,NA,NA,NA,NA,NA,NA,NA,NA,NA,NA,NA,NA,NA,NA,NA,NA,NA,NA,NA,NA,NA,NA,NA
Colombia,2021,COE,auction,NA,https://allianceforcoffeeexcellence.org/colombia-2021/,2,13,El Bosque,87.86,1025.33,$17.00,"$17,430.61",MARISSTELLA COFFEE / COMANSA / KEVIN COFFEE ROASTERS / BOKKUM & GIL Coffee Roasters / Roaster Rick / Abri Company.corp / Gachicoffee (Yeosu),NA,success,NA,NA,NA,NA,NA,NA,NA,NA,NA,NA,NA,NA,NA,NA,NA,NA,NA,NA,NA,NA,NA,NA,NA,NA,NA,NA,NA,NA,NA,NA,NA,NA,NA,NA,NA,NA,NA,NA,NA,NA,NA,NA,NA,NA,NA,NA,NA,NA,NA,NA,NA,NA,NA,NA,NA,NA,NA,NA
Colombia,2021,COE,auction,NA,https://allianceforcoffeeexcellence.org/colombia-2021/,2,14,Betania,87.82,496.13,$24.10,"$11,956.73",Haru International Corporation,NA,success,NA,NA,NA,NA,NA,NA,NA,NA,NA,NA,NA,NA,NA,NA,NA,NA,NA,NA,NA,NA,NA,NA,NA,NA,NA,NA,NA,NA,NA,NA,NA,NA,NA,NA,NA,NA,NA,NA,NA,NA,NA,NA,NA,NA,NA,NA,NA,NA,NA,NA,NA,NA,NA,NA,NA,NA,NA,NA
Colombia,2021,COE,auction,NA,https://allianceforcoffeeexcellence.org/colombia-2021/,2,15,La Falda,87.82,529.2,$17.90,"$9,472.68","K.V.N. Import Export (1991) Co.,Ltd",NA,success,NA,NA,NA,NA,NA,NA,NA,NA,NA,NA,NA,NA,NA,NA,NA,NA,NA,NA,NA,NA,NA,NA,NA,NA,NA,NA,NA,NA,NA,NA,NA,NA,NA,NA,NA,NA,NA,NA,NA,NA,NA,NA,NA,NA,NA,NA,NA,NA,NA,NA,NA,NA,NA,NA,NA,NA,NA,NA
Colombia,2021,COE,auction,NA,https://allianceforcoffeeexcellence.org/colombia-2021/,2,16,Los Palomos,87.68,529.2,$18.60,"$9,843.12",Latorre & Dutch Coffee (China) for MANNER COFFEE (China),NA,success,NA,NA,NA,NA,NA,NA,NA,NA,NA,NA,NA,NA,NA,NA,NA,NA,NA,NA,NA,NA,NA,NA,NA,NA,NA,NA,NA,NA,NA,NA,NA,NA,NA,NA,NA,NA,NA,NA,NA,NA,NA,NA,NA,NA,NA,NA,NA,NA,NA,NA,NA,NA,NA,NA,NA,NA,NA,NA
Colombia,2021,COE,auction,NA,https://allianceforcoffeeexcellence.org/colombia-2021/,2,17,Las Palmas,87.68,694.58,$17.00,"$11,807.86","K.V.N. Import Export (1991) Co.,Ltd",NA,success,NA,NA,NA,NA,NA,NA,NA,NA,NA,NA,NA,NA,NA,NA,NA,NA,NA,NA,NA,NA,NA,NA,NA,NA,NA,NA,NA,NA,NA,NA,NA,NA,NA,NA,NA,NA,NA,NA,NA,NA,NA,NA,NA,NA,NA,NA,NA,NA,NA,NA,NA,NA,NA,NA,NA,NA,NA,NA
Colombia,2021,COE,auction,NA,https://allianceforcoffeeexcellence.org/colombia-2021/,2,18,La Siberia,87.64,959.18,$23.30,"$22,348.89","Latorre & Dutch Coffee (China) for Fisher Coffee / M2M Coffee Roasters / Taster’s Coffee / Cut Hand Group (剁手咖啡群) / 领地 La Finca / KOMENCU Coffee Roasters (China) / KOLAKOLA COFFEE / Santipanich Co., Ltd. / Stupiducks Coffee",NA,success,NA,NA,NA,NA,NA,NA,NA,NA,NA,NA,NA,NA,NA,NA,NA,NA,NA,NA,NA,NA,NA,NA,NA,NA,NA,NA,NA,NA,NA,NA,NA,NA,NA,NA,NA,NA,NA,NA,NA,NA,NA,NA,NA,NA,NA,NA,NA,NA,NA,NA,NA,NA,NA,NA,NA,NA,NA,NA
Colombia,2021,COE,auction,NA,https://allianceforcoffeeexcellence.org/colombia-2021/,2,19,Villa del Prado,87.46,826.88,$20.80,"$17,199.10",KALDI COFFEE FARM,NA,success,NA,NA,NA,NA,NA,NA,NA,NA,NA,NA,NA,NA,NA,NA,NA,NA,NA,NA,NA,NA,NA,NA,NA,NA,NA,NA,NA,NA,NA,NA,NA,NA,NA,NA,NA,NA,NA,NA,NA,NA,NA,NA,NA,NA,NA,NA,NA,NA,NA,NA,NA,NA,NA,NA,NA,NA,NA,NA
Colombia,2021,COE,auction,NA,https://allianceforcoffeeexcellence.org/colombia-2021/,2,20,Los Eucaliptos,87.39,959.18,$17.00,"$16,306.06","Wataru & Co., Ltd",NA,success,NA,NA,NA,NA,NA,NA,NA,NA,NA,NA,NA,NA,NA,NA,NA,NA,NA,NA,NA,NA,NA,NA,NA,NA,NA,NA,NA,NA,NA,NA,NA,NA,NA,NA,NA,NA,NA,NA,NA,NA,NA,NA,NA,NA,NA,NA,NA,NA,NA,NA,NA,NA,NA,NA,NA,NA,NA,NA
Colombia,2021,COE,auction,NA,https://allianceforcoffeeexcellence.org/colombia-2021/,2,21,La Carolina,87.36,595.35,$27.20,"$16,193.52","K.V.N. Import Export (1991) Co.,Ltd",NA,success,NA,NA,NA,NA,NA,NA,NA,NA,NA,NA,NA,NA,NA,NA,NA,NA,NA,NA,NA,NA,NA,NA,NA,NA,NA,NA,NA,NA,NA,NA,NA,NA,NA,NA,NA,NA,NA,NA,NA,NA,NA,NA,NA,NA,NA,NA,NA,NA,NA,NA,NA,NA,NA,NA,NA,NA,NA,NA
Colombia,2021,COE,auction,NA,https://allianceforcoffeeexcellence.org/colombia-2021/,2,22,Buena Vista,87.14,793.8,$16.70,"$13,256.46",Honu Kato Coffee Inc.,NA,success,NA,NA,NA,NA,NA,NA,NA,NA,NA,NA,NA,NA,NA,NA,NA,NA,NA,NA,NA,NA,NA,NA,NA,NA,NA,NA,NA,NA,NA,NA,NA,NA,NA,NA,NA,NA,NA,NA,NA,NA,NA,NA,NA,NA,NA,NA,NA,NA,NA,NA,NA,NA,NA,NA,NA,NA,NA,NA
Colombia,2021,COE,auction,NA,https://allianceforcoffeeexcellence.org/colombia-2021/,2,23,La Esperanza,87.11,529.2,$18.30,"$9,684.36","K.V.N. Import Export (1991) Co.,Ltd",NA,success,NA,NA,NA,NA,NA,NA,NA,NA,NA,NA,NA,NA,NA,NA,NA,NA,NA,NA,NA,NA,NA,NA,NA,NA,NA,NA,NA,NA,NA,NA,NA,NA,NA,NA,NA,NA,NA,NA,NA,NA,NA,NA,NA,NA,NA,NA,NA,NA,NA,NA,NA,NA,NA,NA,NA,NA,NA,NA
Colombia,2021,COE,auction,NA,https://allianceforcoffeeexcellence.org/colombia-2021/,2,Totals,,,17595.95,$30.79/lb,"$541,813.24",,NA,success,NA,NA,NA,NA,NA,NA,NA,NA,NA,NA,NA,NA,NA,NA,NA,NA,NA,NA,NA,NA,NA,NA,NA,NA,NA,NA,NA,NA,NA,NA,NA,NA,NA,NA,NA,NA,NA,NA,NA,NA,NA,NA,NA,NA,NA,NA,NA,NA,NA,NA,NA,NA,NA,NA,NA,NA,NA,NA
Costa Rica,2021,COE,auction,NA,https://allianceforcoffeeexcellence.org/costa-rica-2021/,2,1a,La Esmeralda,90.89,529.11,$70.40,"$37,249.34","SHANGHAI CARMO TRADING CO. ,LTD(珈露梦咖啡）/Fisher coffee 啡舍 /青岛李想珈 /东方国际商业（集团）有限公司/有想法咖啡/ 明谦咖啡 MQ coffee",NA,success,NA,NA,NA,NA,NA,NA,NA,NA,NA,NA,NA,NA,NA,NA,NA,NA,NA,NA,NA,NA,NA,NA,NA,NA,NA,NA,NA,NA,NA,NA,NA,NA,NA,NA,NA,NA,NA,NA,NA,NA,NA,NA,NA,NA,NA,NA,NA,NA,NA,NA,NA,NA,NA,NA,NA,NA,NA,NA
Costa Rica,2021,COE,auction,NA,https://allianceforcoffeeexcellence.org/costa-rica-2021/,2,1b,La Esmeralda,90.89,529.11,$70.50,"$37,302.26","K.V.N. Import Export (1991) Co.,Ltd, Coffee-Tech.co.nz / BC Co. NZ / New Zealand, Cheerbeans Trading Co.",NA,success,NA,NA,NA,NA,NA,NA,NA,NA,NA,NA,NA,NA,NA,NA,NA,NA,NA,NA,NA,NA,NA,NA,NA,NA,NA,NA,NA,NA,NA,NA,NA,NA,NA,NA,NA,NA,NA,NA,NA,NA,NA,NA,NA,NA,NA,NA,NA,NA,NA,NA,NA,NA,NA,NA,NA,NA,NA,NA
Costa Rica,2021,COE,auction,NA,https://allianceforcoffeeexcellence.org/costa-rica-2021/,2,2a,HACIENDA COPEY Itadaki Estate,90.5,330.69,$66.80,"$22,090.09","REC COFFEE, TAOCA COFFEE,
GESHARY COFFEE",NA,success,NA,NA,NA,NA,NA,NA,NA,NA,NA,NA,NA,NA,NA,NA,NA,NA,NA,NA,NA,NA,NA,NA,NA,NA,NA,NA,NA,NA,NA,NA,NA,NA,NA,NA,NA,NA,NA,NA,NA,NA,NA,NA,NA,NA,NA,NA,NA,NA,NA,NA,NA,NA,NA,NA,NA,NA,NA,NA
Costa Rica,2021,COE,auction,NA,https://allianceforcoffeeexcellence.org/costa-rica-2021/,2,2b,HACIENDA COPEY Itadaki Estate,90.5,330.69,$66.30,"$21,924.75","K.V.N. Import Export (1991) Co.,Ltd",NA,success,NA,NA,NA,NA,NA,NA,NA,NA,NA,NA,NA,NA,NA,NA,NA,NA,NA,NA,NA,NA,NA,NA,NA,NA,NA,NA,NA,NA,NA,NA,NA,NA,NA,NA,NA,NA,NA,NA,NA,NA,NA,NA,NA,NA,NA,NA,NA,NA,NA,NA,NA,NA,NA,NA,NA,NA,NA,NA
Costa Rica,2021,COE,auction,NA,https://allianceforcoffeeexcellence.org/costa-rica-2021/,2,3a,DON CAYITO,90.46,396.83,$71.60,"$28,413.03","MUSEO Co., Ltd. // TXT Coffee (.txt) // Cygnus Coffee // liike coffee",NA,success,NA,NA,NA,NA,NA,NA,NA,NA,NA,NA,NA,NA,NA,NA,NA,NA,NA,NA,NA,NA,NA,NA,NA,NA,NA,NA,NA,NA,NA,NA,NA,NA,NA,NA,NA,NA,NA,NA,NA,NA,NA,NA,NA,NA,NA,NA,NA,NA,NA,NA,NA,NA,NA,NA,NA,NA,NA,NA
Costa Rica,2021,COE,auction,NA,https://allianceforcoffeeexcellence.org/costa-rica-2021/,2,3b,DON CAYITO,90.46,396.83,$71.20,"$28,254.30","K.V.N. Import Export (1991) Co.,Ltd",NA,success,NA,NA,NA,NA,NA,NA,NA,NA,NA,NA,NA,NA,NA,NA,NA,NA,NA,NA,NA,NA,NA,NA,NA,NA,NA,NA,NA,NA,NA,NA,NA,NA,NA,NA,NA,NA,NA,NA,NA,NA,NA,NA,NA,NA,NA,NA,NA,NA,NA,NA,NA,NA,NA,NA,NA,NA,NA,NA
Costa Rica,2021,COE,auction,NA,https://allianceforcoffeeexcellence.org/costa-rica-2021/,2,4,La Planada,90.29,1058.22,$32.10,"$33,968.86",Curve Specialty coffee Roastery,NA,success,NA,NA,NA,NA,NA,NA,NA,NA,NA,NA,NA,NA,NA,NA,NA,NA,NA,NA,NA,NA,NA,NA,NA,NA,NA,NA,NA,NA,NA,NA,NA,NA,NA,NA,NA,NA,NA,NA,NA,NA,NA,NA,NA,NA,NA,NA,NA,NA,NA,NA,NA,NA,NA,NA,NA,NA,NA,NA
Costa Rica,2021,COE,auction,NA,https://allianceforcoffeeexcellence.org/costa-rica-2021/,2,5,La Torre,89.93,1058.22,$28.50,"$30,159.27",Curve Specialty coffee Roastery,NA,success,NA,NA,NA,NA,NA,NA,NA,NA,NA,NA,NA,NA,NA,NA,NA,NA,NA,NA,NA,NA,NA,NA,NA,NA,NA,NA,NA,NA,NA,NA,NA,NA,NA,NA,NA,NA,NA,NA,NA,NA,NA,NA,NA,NA,NA,NA,NA,NA,NA,NA,NA,NA,NA,NA,NA,NA,NA,NA
Costa Rica,2021,COE,auction,NA,https://allianceforcoffeeexcellence.org/costa-rica-2021/,2,6,Don Fidel,89.89,1388.91,$18.40,"$25,555.94",Sarutahiko Coffee Inc.,NA,success,NA,NA,NA,NA,NA,NA,NA,NA,NA,NA,NA,NA,NA,NA,NA,NA,NA,NA,NA,NA,NA,NA,NA,NA,NA,NA,NA,NA,NA,NA,NA,NA,NA,NA,NA,NA,NA,NA,NA,NA,NA,NA,NA,NA,NA,NA,NA,NA,NA,NA,NA,NA,NA,NA,NA,NA,NA,NA
Costa Rica,2021,COE,auction,NA,https://allianceforcoffeeexcellence.org/costa-rica-2021/,2,7,Don Darío – Hacienda San Isidro Labrador,89.54,1388.91,$46.00,"$63,889.86","SHANGHAI CARMO TRADING CO. ,LTD(珈露梦咖啡）/青岛李想珈 /东方国际商业（集团）有限公司/有想法咖啡 / Something for / CORE COFFEE / AOKKA",NA,success,NA,NA,NA,NA,NA,NA,NA,NA,NA,NA,NA,NA,NA,NA,NA,NA,NA,NA,NA,NA,NA,NA,NA,NA,NA,NA,NA,NA,NA,NA,NA,NA,NA,NA,NA,NA,NA,NA,NA,NA,NA,NA,NA,NA,NA,NA,NA,NA,NA,NA,NA,NA,NA,NA,NA,NA,NA,NA
Costa Rica,2021,COE,auction,NA,https://allianceforcoffeeexcellence.org/costa-rica-2021/,2,8,DON ELI,89.21,727.52,$34.20,"$24,881.18",Mattina Coffee,NA,success,NA,NA,NA,NA,NA,NA,NA,NA,NA,NA,NA,NA,NA,NA,NA,NA,NA,NA,NA,NA,NA,NA,NA,NA,NA,NA,NA,NA,NA,NA,NA,NA,NA,NA,NA,NA,NA,NA,NA,NA,NA,NA,NA,NA,NA,NA,NA,NA,NA,NA,NA,NA,NA,NA,NA,NA,NA,NA
Costa Rica,2021,COE,auction,NA,https://allianceforcoffeeexcellence.org/costa-rica-2021/,2,9,El Cedro – Hacienda San Isidro Labrador,89.11,1388.91,$29.20,"$40,556.17",Terarosa (Haksan Co. Ltd),NA,success,NA,NA,NA,NA,NA,NA,NA,NA,NA,NA,NA,NA,NA,NA,NA,NA,NA,NA,NA,NA,NA,NA,NA,NA,NA,NA,NA,NA,NA,NA,NA,NA,NA,NA,NA,NA,NA,NA,NA,NA,NA,NA,NA,NA,NA,NA,NA,NA,NA,NA,NA,NA,NA,NA,NA,NA,NA,NA
Costa Rica,2021,COE,auction,NA,https://allianceforcoffeeexcellence.org/costa-rica-2021/,2,10,La Isla – José Roberto,88.53,992.08,$20.30,"$20,139.22",Time’s Club,NA,success,NA,NA,NA,NA,NA,NA,NA,NA,NA,NA,NA,NA,NA,NA,NA,NA,NA,NA,NA,NA,NA,NA,NA,NA,NA,NA,NA,NA,NA,NA,NA,NA,NA,NA,NA,NA,NA,NA,NA,NA,NA,NA,NA,NA,NA,NA,NA,NA,NA,NA,NA,NA,NA,NA,NA,NA,NA,NA
Costa Rica,2021,COE,auction,NA,https://allianceforcoffeeexcellence.org/costa-rica-2021/,2,11,FCJ VOLCAN AZUL El Cedro,88.50,727.52,$19.50,"$14,186.64",Decameron coffee,NA,success,NA,NA,NA,NA,NA,NA,NA,NA,NA,NA,NA,NA,NA,NA,NA,NA,NA,NA,NA,NA,NA,NA,NA,NA,NA,NA,NA,NA,NA,NA,NA,NA,NA,NA,NA,NA,NA,NA,NA,NA,NA,NA,NA,NA,NA,NA,NA,NA,NA,NA,NA,NA,NA,NA,NA,NA,NA,NA
Costa Rica,2021,COE,auction,NA,https://allianceforcoffeeexcellence.org/costa-rica-2021/,2,12,FID ROASTER,88.40,1190.49,$19.00,"$22,619.31","Latorre & Dutch Coffee (China) for Fisher Coffee / 泰摩咖啡（上海）有限公司 / Green Bean Intertrade Co., Ltd. / Taster’s Coffee / 领地La Finca",NA,success,NA,NA,NA,NA,NA,NA,NA,NA,NA,NA,NA,NA,NA,NA,NA,NA,NA,NA,NA,NA,NA,NA,NA,NA,NA,NA,NA,NA,NA,NA,NA,NA,NA,NA,NA,NA,NA,NA,NA,NA,NA,NA,NA,NA,NA,NA,NA,NA,NA,NA,NA,NA,NA,NA,NA,NA,NA,NA
Costa Rica,2021,COE,auction,NA,https://allianceforcoffeeexcellence.org/costa-rica-2021/,2,13,Finca Inés,88.30,529.11,$22.10,"$11,693.33","Foosung HDS, Sydney Coffee Business, LaB Coffee & Rosters",NA,success,NA,NA,NA,NA,NA,NA,NA,NA,NA,NA,NA,NA,NA,NA,NA,NA,NA,NA,NA,NA,NA,NA,NA,NA,NA,NA,NA,NA,NA,NA,NA,NA,NA,NA,NA,NA,NA,NA,NA,NA,NA,NA,NA,NA,NA,NA,NA,NA,NA,NA,NA,NA,NA,NA,NA,NA,NA,NA
Costa Rica,2021,COE,auction,NA,https://allianceforcoffeeexcellence.org/costa-rica-2021/,2,14,Don Mayo El Llano,88.27,859.8,$21.10,"$18,141.78","Cobeans coffee, Martys coffee, Jby coffee, Realbean, Kook coffee roasters",NA,success,NA,NA,NA,NA,NA,NA,NA,NA,NA,NA,NA,NA,NA,NA,NA,NA,NA,NA,NA,NA,NA,NA,NA,NA,NA,NA,NA,NA,NA,NA,NA,NA,NA,NA,NA,NA,NA,NA,NA,NA,NA,NA,NA,NA,NA,NA,NA,NA,NA,NA,NA,NA,NA,NA,NA,NA,NA,NA
Costa Rica,2021,COE,auction,NA,https://allianceforcoffeeexcellence.org/costa-rica-2021/,2,15,La Planada,88.20,1058.22,$20.00,"$21,164.40","K.V.N. Import Export (1991) Co.,Ltd",NA,success,NA,NA,NA,NA,NA,NA,NA,NA,NA,NA,NA,NA,NA,NA,NA,NA,NA,NA,NA,NA,NA,NA,NA,NA,NA,NA,NA,NA,NA,NA,NA,NA,NA,NA,NA,NA,NA,NA,NA,NA,NA,NA,NA,NA,NA,NA,NA,NA,NA,NA,NA,NA,NA,NA,NA,NA,NA,NA
Costa Rica,2021,COE,auction,NA,https://allianceforcoffeeexcellence.org/costa-rica-2021/,2,16,HACIENDA COPEY,88.13,661.39,$30.10,"$19,907.84","REC COFFEE, TAOCA COFFEE",NA,success,NA,NA,NA,NA,NA,NA,NA,NA,NA,NA,NA,NA,NA,NA,NA,NA,NA,NA,NA,NA,NA,NA,NA,NA,NA,NA,NA,NA,NA,NA,NA,NA,NA,NA,NA,NA,NA,NA,NA,NA,NA,NA,NA,NA,NA,NA,NA,NA,NA,NA,NA,NA,NA,NA,NA,NA,NA,NA
Costa Rica,2021,COE,auction,NA,https://allianceforcoffeeexcellence.org/costa-rica-2021/,2,17,Finca Toño,88.07,793.66,$18.70,"$14,841.44","Linking Coffee Co., Ltd.",NA,success,NA,NA,NA,NA,NA,NA,NA,NA,NA,NA,NA,NA,NA,NA,NA,NA,NA,NA,NA,NA,NA,NA,NA,NA,NA,NA,NA,NA,NA,NA,NA,NA,NA,NA,NA,NA,NA,NA,NA,NA,NA,NA,NA,NA,NA,NA,NA,NA,NA,NA,NA,NA,NA,NA,NA,NA,NA,NA
Costa Rica,2021,COE,auction,NA,https://allianceforcoffeeexcellence.org/costa-rica-2021/,2,18,Don Joel,88.00,925.94,$18.70,"$17,315.08",Latorre & Dutch Coffee (China) for Fisher Coffee / Manner Coffee (China),NA,success,NA,NA,NA,NA,NA,NA,NA,NA,NA,NA,NA,NA,NA,NA,NA,NA,NA,NA,NA,NA,NA,NA,NA,NA,NA,NA,NA,NA,NA,NA,NA,NA,NA,NA,NA,NA,NA,NA,NA,NA,NA,NA,NA,NA,NA,NA,NA,NA,NA,NA,NA,NA,NA,NA,NA,NA,NA,NA
Costa Rica,2021,COE,auction,NA,https://allianceforcoffeeexcellence.org/costa-rica-2021/,2,19,La Torre,87.97,1058.22,$18.30,"$19,365.43",Latorre & Dutch Coffee (China) for Cut Hand Group（剁手咖啡群）/ 泰摩咖啡（上海）有限公司 / Terroir Lab Melbourne,NA,success,NA,NA,NA,NA,NA,NA,NA,NA,NA,NA,NA,NA,NA,NA,NA,NA,NA,NA,NA,NA,NA,NA,NA,NA,NA,NA,NA,NA,NA,NA,NA,NA,NA,NA,NA,NA,NA,NA,NA,NA,NA,NA,NA,NA,NA,NA,NA,NA,NA,NA,NA,NA,NA,NA,NA,NA,NA,NA
Costa Rica,2021,COE,auction,NA,https://allianceforcoffeeexcellence.org/costa-rica-2021/,2,20,Gloriana,87.90,1058.22,$18.50,"$19,577.07",Honu Kato Coffee Inc.,NA,success,NA,NA,NA,NA,NA,NA,NA,NA,NA,NA,NA,NA,NA,NA,NA,NA,NA,NA,NA,NA,NA,NA,NA,NA,NA,NA,NA,NA,NA,NA,NA,NA,NA,NA,NA,NA,NA,NA,NA,NA,NA,NA,NA,NA,NA,NA,NA,NA,NA,NA,NA,NA,NA,NA,NA,NA,NA,NA
Costa Rica,2021,COE,auction,NA,https://allianceforcoffeeexcellence.org/costa-rica-2021/,2,21,Finca Dagoberto,87.9,1058.22,$18.20,"$19,259.60","Wataru & Co., Ltd.",NA,success,NA,NA,NA,NA,NA,NA,NA,NA,NA,NA,NA,NA,NA,NA,NA,NA,NA,NA,NA,NA,NA,NA,NA,NA,NA,NA,NA,NA,NA,NA,NA,NA,NA,NA,NA,NA,NA,NA,NA,NA,NA,NA,NA,NA,NA,NA,NA,NA,NA,NA,NA,NA,NA,NA,NA,NA,NA,NA
Costa Rica,2021,COE,auction,NA,https://allianceforcoffeeexcellence.org/costa-rica-2021/,2,22,Finca Edgar,87.83,925.94,$19.10,"$17,685.45","K.V.N. Import Export (1991) Co.,Ltd",NA,success,NA,NA,NA,NA,NA,NA,NA,NA,NA,NA,NA,NA,NA,NA,NA,NA,NA,NA,NA,NA,NA,NA,NA,NA,NA,NA,NA,NA,NA,NA,NA,NA,NA,NA,NA,NA,NA,NA,NA,NA,NA,NA,NA,NA,NA,NA,NA,NA,NA,NA,NA,NA,NA,NA,NA,NA,NA,NA
Costa Rica,2021,COE,auction,NA,https://allianceforcoffeeexcellence.org/costa-rica-2021/,2,23,LAS LAJAS Yellow Diamond,87.83,1058.22,$23.70,"$25,079.81",Sulalat Coffee Trading,NA,success,NA,NA,NA,NA,NA,NA,NA,NA,NA,NA,NA,NA,NA,NA,NA,NA,NA,NA,NA,NA,NA,NA,NA,NA,NA,NA,NA,NA,NA,NA,NA,NA,NA,NA,NA,NA,NA,NA,NA,NA,NA,NA,NA,NA,NA,NA,NA,NA,NA,NA,NA,NA,NA,NA,NA,NA,NA,NA
Costa Rica,2021,COE,auction,NA,https://allianceforcoffeeexcellence.org/costa-rica-2021/,2,24,FCJ VOLCAN AZUL Cipresal,87.8,793.66,$26.30,"$20,873.26",Arriyadh Roaster,NA,success,NA,NA,NA,NA,NA,NA,NA,NA,NA,NA,NA,NA,NA,NA,NA,NA,NA,NA,NA,NA,NA,NA,NA,NA,NA,NA,NA,NA,NA,NA,NA,NA,NA,NA,NA,NA,NA,NA,NA,NA,NA,NA,NA,NA,NA,NA,NA,NA,NA,NA,NA,NA,NA,NA,NA,NA,NA,NA
Costa Rica,2021,COE,auction,NA,https://allianceforcoffeeexcellence.org/costa-rica-2021/,2,25,Finca Victoria,87.77,1058.22,$19.20,"$20,317.82",Curve Specialty coffee Roastery,NA,success,NA,NA,NA,NA,NA,NA,NA,NA,NA,NA,NA,NA,NA,NA,NA,NA,NA,NA,NA,NA,NA,NA,NA,NA,NA,NA,NA,NA,NA,NA,NA,NA,NA,NA,NA,NA,NA,NA,NA,NA,NA,NA,NA,NA,NA,NA,NA,NA,NA,NA,NA,NA,NA,NA,NA,NA,NA,NA
Costa Rica,2021,COE,auction,NA,https://allianceforcoffeeexcellence.org/costa-rica-2021/,2,26,Flor de Montaña,87.57,925.94,$29.40,"$27,222.64","K.V.N. Import Export (1991) Co.,Ltd",NA,success,NA,NA,NA,NA,NA,NA,NA,NA,NA,NA,NA,NA,NA,NA,NA,NA,NA,NA,NA,NA,NA,NA,NA,NA,NA,NA,NA,NA,NA,NA,NA,NA,NA,NA,NA,NA,NA,NA,NA,NA,NA,NA,NA,NA,NA,NA,NA,NA,NA,NA,NA,NA,NA,NA,NA,NA,NA,NA
Costa Rica,2021,COE,auction,NA,https://allianceforcoffeeexcellence.org/costa-rica-2021/,2,27,Maibel,87.57,727.52,$21.10,"$15,350.67","Orsir Coffee Co., Ltd.",NA,success,NA,NA,NA,NA,NA,NA,NA,NA,NA,NA,NA,NA,NA,NA,NA,NA,NA,NA,NA,NA,NA,NA,NA,NA,NA,NA,NA,NA,NA,NA,NA,NA,NA,NA,NA,NA,NA,NA,NA,NA,NA,NA,NA,NA,NA,NA,NA,NA,NA,NA,NA,NA,NA,NA,NA,NA,NA,NA
Costa Rica,2021,COE,auction,NA,https://allianceforcoffeeexcellence.org/costa-rica-2021/,2,28,Emanuel,87.57,727.52,$18.50,"$13,459.12","K.V.N. Import Export (1991) Co.,Ltd",NA,success,NA,NA,NA,NA,NA,NA,NA,NA,NA,NA,NA,NA,NA,NA,NA,NA,NA,NA,NA,NA,NA,NA,NA,NA,NA,NA,NA,NA,NA,NA,NA,NA,NA,NA,NA,NA,NA,NA,NA,NA,NA,NA,NA,NA,NA,NA,NA,NA,NA,NA,NA,NA,NA,NA,NA,NA,NA,NA
Costa Rica,2021,COE,auction,NA,https://allianceforcoffeeexcellence.org/costa-rica-2021/,2,29,San Cristobal,87.5,859.8,$18.10,"$15,562.38","Wataru & Co., Ltd.",NA,success,NA,NA,NA,NA,NA,NA,NA,NA,NA,NA,NA,NA,NA,NA,NA,NA,NA,NA,NA,NA,NA,NA,NA,NA,NA,NA,NA,NA,NA,NA,NA,NA,NA,NA,NA,NA,NA,NA,NA,NA,NA,NA,NA,NA,NA,NA,NA,NA,NA,NA,NA,NA,NA,NA,NA,NA,NA,NA
Costa Rica,2021,COE,auction,NA,https://allianceforcoffeeexcellence.org/costa-rica-2021/,2,30,El Chayote Emma,87.37,1058.22,$18.00,"$19,047.96","Wataru & Co., Ltd.",NA,success,NA,NA,NA,NA,NA,NA,NA,NA,NA,NA,NA,NA,NA,NA,NA,NA,NA,NA,NA,NA,NA,NA,NA,NA,NA,NA,NA,NA,NA,NA,NA,NA,NA,NA,NA,NA,NA,NA,NA,NA,NA,NA,NA,NA,NA,NA,NA,NA,NA,NA,NA,NA,NA,NA,NA,NA,NA,NA
Costa Rica,2021,COE,auction,NA,https://allianceforcoffeeexcellence.org/costa-rica-2021/,2,Totals:,,,"28,571.86",$27.55/lb,"$787,055.30",,NA,success,NA,NA,NA,NA,NA,NA,NA,NA,NA,NA,NA,NA,NA,NA,NA,NA,NA,NA,NA,NA,NA,NA,NA,NA,NA,NA,NA,NA,NA,NA,NA,NA,NA,NA,NA,NA,NA,NA,NA,NA,NA,NA,NA,NA,NA,NA,NA,NA,NA,NA,NA,NA,NA,NA,NA,NA,NA,NA
Ecuador,2021,COE,auction,NA,https://allianceforcoffeeexcellence.org/ecuador-2021/,2,1a,Arashi,90.39,198.42,$97.10,"$19,266.58",GK Coffee (Taiwan 宜蘭 喝一杯健康的好咖啡/平安居咖啡民宿/海神咖啡）& Terra Bella Fine Roasted Coffee & Haru International Corporation,NA,success,NA,NA,NA,NA,NA,NA,NA,NA,NA,NA,NA,NA,NA,NA,NA,NA,NA,NA,NA,NA,NA,NA,NA,NA,NA,NA,NA,NA,NA,NA,NA,NA,NA,NA,NA,NA,NA,NA,NA,NA,NA,NA,NA,NA,NA,NA,NA,NA,NA,NA,NA,NA,NA,NA,NA,NA,NA,NA
Ecuador,2021,COE,auction,NA,https://allianceforcoffeeexcellence.org/ecuador-2021/,2,1b,Arashi,90.39,183.48,$97.10,"$17,815.91",GK Coffee (Taiwan 宜蘭 喝一杯健康的好咖啡/平安居咖啡民宿/海神咖啡）& Terra Bella Fine Roasted Coffee & Haru International Corporation,NA,success,NA,NA,NA,NA,NA,NA,NA,NA,NA,NA,NA,NA,NA,NA,NA,NA,NA,NA,NA,NA,NA,NA,NA,NA,NA,NA,NA,NA,NA,NA,NA,NA,NA,NA,NA,NA,NA,NA,NA,NA,NA,NA,NA,NA,NA,NA,NA,NA,NA,NA,NA,NA,NA,NA,NA,NA,NA,NA
Ecuador,2021,COE,auction,NA,https://allianceforcoffeeexcellence.org/ecuador-2021/,2,2,El Aguacate,90.21,189.93,$49.20,"$9,344.56",Orsir Coffee (Taiwan),NA,success,NA,NA,NA,NA,NA,NA,NA,NA,NA,NA,NA,NA,NA,NA,NA,NA,NA,NA,NA,NA,NA,NA,NA,NA,NA,NA,NA,NA,NA,NA,NA,NA,NA,NA,NA,NA,NA,NA,NA,NA,NA,NA,NA,NA,NA,NA,NA,NA,NA,NA,NA,NA,NA,NA,NA,NA,NA,NA
Ecuador,2021,COE,auction,NA,https://allianceforcoffeeexcellence.org/ecuador-2021/,2,3a,Alaska Del Sur,90.07,198.42,$75.10,"$14,901.34",Cometeer & George Howell Coffee,NA,success,NA,NA,NA,NA,NA,NA,NA,NA,NA,NA,NA,NA,NA,NA,NA,NA,NA,NA,NA,NA,NA,NA,NA,NA,NA,NA,NA,NA,NA,NA,NA,NA,NA,NA,NA,NA,NA,NA,NA,NA,NA,NA,NA,NA,NA,NA,NA,NA,NA,NA,NA,NA,NA,NA,NA,NA,NA,NA
Ecuador,2021,COE,auction,NA,https://allianceforcoffeeexcellence.org/ecuador-2021/,2,3b,Alaska Del Sur,90.07,152.92,$76.50,"$11,698.38",HARRODS,NA,success,NA,NA,NA,NA,NA,NA,NA,NA,NA,NA,NA,NA,NA,NA,NA,NA,NA,NA,NA,NA,NA,NA,NA,NA,NA,NA,NA,NA,NA,NA,NA,NA,NA,NA,NA,NA,NA,NA,NA,NA,NA,NA,NA,NA,NA,NA,NA,NA,NA,NA,NA,NA,NA,NA,NA,NA,NA,NA
Ecuador,2021,COE,auction,NA,https://allianceforcoffeeexcellence.org/ecuador-2021/,2,4,Santa Rita,89.71,315.95,$33.40,"$10,552.73",Sarutahiko Coffee Inc.,NA,success,NA,NA,NA,NA,NA,NA,NA,NA,NA,NA,NA,NA,NA,NA,NA,NA,NA,NA,NA,NA,NA,NA,NA,NA,NA,NA,NA,NA,NA,NA,NA,NA,NA,NA,NA,NA,NA,NA,NA,NA,NA,NA,NA,NA,NA,NA,NA,NA,NA,NA,NA,NA,NA,NA,NA,NA,NA,NA
Ecuador,2021,COE,auction,NA,https://allianceforcoffeeexcellence.org/ecuador-2021/,2,5,Clara Luz,89.68,344.21,$38.50,"$13,252.09",Latorre&Dutch (China) for Fisher Coffee / Cut Hand Group（剁手咖啡群）/ Taster’s Coffee / 啟程拓殖 (Terraform Coffee Roasters) / Small Arms Big Heart 有容乃大,NA,success,NA,NA,NA,NA,NA,NA,NA,NA,NA,NA,NA,NA,NA,NA,NA,NA,NA,NA,NA,NA,NA,NA,NA,NA,NA,NA,NA,NA,NA,NA,NA,NA,NA,NA,NA,NA,NA,NA,NA,NA,NA,NA,NA,NA,NA,NA,NA,NA,NA,NA,NA,NA,NA,NA,NA,NA,NA,NA
Ecuador,2021,COE,auction,NA,https://allianceforcoffeeexcellence.org/ecuador-2021/,2,6,Yamba Mine,89.61,261.38,$48.40,"$12,650.79","Coffee Me Up (Korea), Coffee Therapy (Thailand), Cuppingpost",NA,success,NA,NA,NA,NA,NA,NA,NA,NA,NA,NA,NA,NA,NA,NA,NA,NA,NA,NA,NA,NA,NA,NA,NA,NA,NA,NA,NA,NA,NA,NA,NA,NA,NA,NA,NA,NA,NA,NA,NA,NA,NA,NA,NA,NA,NA,NA,NA,NA,NA,NA,NA,NA,NA,NA,NA,NA,NA,NA
Ecuador,2021,COE,auction,NA,https://allianceforcoffeeexcellence.org/ecuador-2021/,2,7,Casa Rumisitana,89.29,258.01,$30.00,"$7,740.30",Wataru for KARIOMONS COFFEE ROASTER,NA,success,NA,NA,NA,NA,NA,NA,NA,NA,NA,NA,NA,NA,NA,NA,NA,NA,NA,NA,NA,NA,NA,NA,NA,NA,NA,NA,NA,NA,NA,NA,NA,NA,NA,NA,NA,NA,NA,NA,NA,NA,NA,NA,NA,NA,NA,NA,NA,NA,NA,NA,NA,NA,NA,NA,NA,NA,NA,NA
Ecuador,2021,COE,auction,NA,https://allianceforcoffeeexcellence.org/ecuador-2021/,2,8,Lugmapata,89.11,266.82,$43.10,"$11,499.94",NOZY COFFEE & Intelligentsia,NA,success,NA,NA,NA,NA,NA,NA,NA,NA,NA,NA,NA,NA,NA,NA,NA,NA,NA,NA,NA,NA,NA,NA,NA,NA,NA,NA,NA,NA,NA,NA,NA,NA,NA,NA,NA,NA,NA,NA,NA,NA,NA,NA,NA,NA,NA,NA,NA,NA,NA,NA,NA,NA,NA,NA,NA,NA,NA,NA
Ecuador,2021,COE,auction,NA,https://allianceforcoffeeexcellence.org/ecuador-2021/,2,9,El Arenal,89,253.47,$30.20,"$7,654.79","ETHICUS coffee roasters,
GLITCH COFFEE & ROASTERS,
LEAVES COFFEE ROASTERS,
WAVY COFFEE ROASTERS",NA,success,NA,NA,NA,NA,NA,NA,NA,NA,NA,NA,NA,NA,NA,NA,NA,NA,NA,NA,NA,NA,NA,NA,NA,NA,NA,NA,NA,NA,NA,NA,NA,NA,NA,NA,NA,NA,NA,NA,NA,NA,NA,NA,NA,NA,NA,NA,NA,NA,NA,NA,NA,NA,NA,NA,NA,NA,NA,NA
Ecuador,2021,COE,auction,NA,https://allianceforcoffeeexcellence.org/ecuador-2021/,2,10,Meridiano,88.39,349.42,$17.10,"$5,975.08","Wataru & Co., Ltd.",NA,success,NA,NA,NA,NA,NA,NA,NA,NA,NA,NA,NA,NA,NA,NA,NA,NA,NA,NA,NA,NA,NA,NA,NA,NA,NA,NA,NA,NA,NA,NA,NA,NA,NA,NA,NA,NA,NA,NA,NA,NA,NA,NA,NA,NA,NA,NA,NA,NA,NA,NA,NA,NA,NA,NA,NA,NA,NA,NA
Ecuador,2021,COE,auction,NA,https://allianceforcoffeeexcellence.org/ecuador-2021/,2,11,Nuestra Señora De Guadalupe,88.39,673.73,$17.60,"$11,857.65","Wataru & Co., Ltd.",NA,success,NA,NA,NA,NA,NA,NA,NA,NA,NA,NA,NA,NA,NA,NA,NA,NA,NA,NA,NA,NA,NA,NA,NA,NA,NA,NA,NA,NA,NA,NA,NA,NA,NA,NA,NA,NA,NA,NA,NA,NA,NA,NA,NA,NA,NA,NA,NA,NA,NA,NA,NA,NA,NA,NA,NA,NA,NA,NA
Ecuador,2021,COE,auction,NA,https://allianceforcoffeeexcellence.org/ecuador-2021/,2,12,El Mirador,88.39,326.83,$25.30,"$8,268.80",Campos Coffee,NA,success,NA,NA,NA,NA,NA,NA,NA,NA,NA,NA,NA,NA,NA,NA,NA,NA,NA,NA,NA,NA,NA,NA,NA,NA,NA,NA,NA,NA,NA,NA,NA,NA,NA,NA,NA,NA,NA,NA,NA,NA,NA,NA,NA,NA,NA,NA,NA,NA,NA,NA,NA,NA,NA,NA,NA,NA,NA,NA
Ecuador,2021,COE,auction,NA,https://allianceforcoffeeexcellence.org/ecuador-2021/,2,13,El Dorado,88.32,293.36,$32.10,"$9,416.86",Campos Coffee,NA,success,NA,NA,NA,NA,NA,NA,NA,NA,NA,NA,NA,NA,NA,NA,NA,NA,NA,NA,NA,NA,NA,NA,NA,NA,NA,NA,NA,NA,NA,NA,NA,NA,NA,NA,NA,NA,NA,NA,NA,NA,NA,NA,NA,NA,NA,NA,NA,NA,NA,NA,NA,NA,NA,NA,NA,NA,NA,NA
Ecuador,2021,COE,auction,NA,https://allianceforcoffeeexcellence.org/ecuador-2021/,2,14,Habitat Forest Coffee,88.21,223.98,$29.10,"$6,517.82",TAKAMURA COFFEE ROASTERS,NA,success,NA,NA,NA,NA,NA,NA,NA,NA,NA,NA,NA,NA,NA,NA,NA,NA,NA,NA,NA,NA,NA,NA,NA,NA,NA,NA,NA,NA,NA,NA,NA,NA,NA,NA,NA,NA,NA,NA,NA,NA,NA,NA,NA,NA,NA,NA,NA,NA,NA,NA,NA,NA,NA,NA,NA,NA,NA,NA
Ecuador,2021,COE,auction,NA,https://allianceforcoffeeexcellence.org/ecuador-2021/,2,15,Indera,87.79,236.67,$27.10,"$6,413.76",Mercanta Ltd,NA,success,NA,NA,NA,NA,NA,NA,NA,NA,NA,NA,NA,NA,NA,NA,NA,NA,NA,NA,NA,NA,NA,NA,NA,NA,NA,NA,NA,NA,NA,NA,NA,NA,NA,NA,NA,NA,NA,NA,NA,NA,NA,NA,NA,NA,NA,NA,NA,NA,NA,NA,NA,NA,NA,NA,NA,NA,NA,NA
Ecuador,2021,COE,auction,NA,https://allianceforcoffeeexcellence.org/ecuador-2021/,2,16,Rancho Tio Emilio,87.75,254.32,$32.10,"$8,163.67",Café Imports,NA,success,NA,NA,NA,NA,NA,NA,NA,NA,NA,NA,NA,NA,NA,NA,NA,NA,NA,NA,NA,NA,NA,NA,NA,NA,NA,NA,NA,NA,NA,NA,NA,NA,NA,NA,NA,NA,NA,NA,NA,NA,NA,NA,NA,NA,NA,NA,NA,NA,NA,NA,NA,NA,NA,NA,NA,NA,NA,NA
Ecuador,2021,COE,auction,NA,https://allianceforcoffeeexcellence.org/ecuador-2021/,2,17,Hcda. La Florida,87.68,571.09,$25.60,"$14,619.90","THE DRIP CO., LTD.’ ＆ ChoongMooGong ＆ HYANGMISA",NA,success,NA,NA,NA,NA,NA,NA,NA,NA,NA,NA,NA,NA,NA,NA,NA,NA,NA,NA,NA,NA,NA,NA,NA,NA,NA,NA,NA,NA,NA,NA,NA,NA,NA,NA,NA,NA,NA,NA,NA,NA,NA,NA,NA,NA,NA,NA,NA,NA,NA,NA,NA,NA,NA,NA,NA,NA,NA,NA
Ecuador,2021,COE,auction,NA,https://allianceforcoffeeexcellence.org/ecuador-2021/,2,18,El Pino,87.64,341.18,$17.60,"$6,004.77",Latorre&Dutch (China) for KOMENCU Coffee(China),NA,success,NA,NA,NA,NA,NA,NA,NA,NA,NA,NA,NA,NA,NA,NA,NA,NA,NA,NA,NA,NA,NA,NA,NA,NA,NA,NA,NA,NA,NA,NA,NA,NA,NA,NA,NA,NA,NA,NA,NA,NA,NA,NA,NA,NA,NA,NA,NA,NA,NA,NA,NA,NA,NA,NA,NA,NA,NA,NA
Ecuador,2021,COE,auction,NA,https://allianceforcoffeeexcellence.org/ecuador-2021/,2,19,El Granjero,87.61,336.1,$16.00,"$5,377.60","Wataru & Co., Ltd.",NA,success,NA,NA,NA,NA,NA,NA,NA,NA,NA,NA,NA,NA,NA,NA,NA,NA,NA,NA,NA,NA,NA,NA,NA,NA,NA,NA,NA,NA,NA,NA,NA,NA,NA,NA,NA,NA,NA,NA,NA,NA,NA,NA,NA,NA,NA,NA,NA,NA,NA,NA,NA,NA,NA,NA,NA,NA,NA,NA
Ecuador,2021,COE,auction,NA,https://allianceforcoffeeexcellence.org/ecuador-2021/,2,20,Santa Gertrudis,87.57,349.69,$29.00,"$10,141.01",Wataru for Voila Coffee,NA,success,NA,NA,NA,NA,NA,NA,NA,NA,NA,NA,NA,NA,NA,NA,NA,NA,NA,NA,NA,NA,NA,NA,NA,NA,NA,NA,NA,NA,NA,NA,NA,NA,NA,NA,NA,NA,NA,NA,NA,NA,NA,NA,NA,NA,NA,NA,NA,NA,NA,NA,NA,NA,NA,NA,NA,NA,NA,NA
Ecuador,2021,COE,auction,NA,https://allianceforcoffeeexcellence.org/ecuador-2021/,2,21,Chorora,87.54,274.56,$20.00,"$5,491.20","Coffee Montage, 304 roasters, COFFEE PLACE, 502 Coffee Roasters, peer coffee",NA,success,NA,NA,NA,NA,NA,NA,NA,NA,NA,NA,NA,NA,NA,NA,NA,NA,NA,NA,NA,NA,NA,NA,NA,NA,NA,NA,NA,NA,NA,NA,NA,NA,NA,NA,NA,NA,NA,NA,NA,NA,NA,NA,NA,NA,NA,NA,NA,NA,NA,NA,NA,NA,NA,NA,NA,NA,NA,NA
Ecuador,2021,COE,auction,NA,https://allianceforcoffeeexcellence.org/ecuador-2021/,2,22,Terrazas del Pisque,87.21,326.1,$25.10,"$8,185.11",Mercanta Ltd,NA,success,NA,NA,NA,NA,NA,NA,NA,NA,NA,NA,NA,NA,NA,NA,NA,NA,NA,NA,NA,NA,NA,NA,NA,NA,NA,NA,NA,NA,NA,NA,NA,NA,NA,NA,NA,NA,NA,NA,NA,NA,NA,NA,NA,NA,NA,NA,NA,NA,NA,NA,NA,NA,NA,NA,NA,NA,NA,NA
Ecuador,2021,COE,auction,NA,https://allianceforcoffeeexcellence.org/ecuador-2021/,2,23,Maputo,87.21,272.85,$26.60,"$7,257.81",Café Imports,NA,success,NA,NA,NA,NA,NA,NA,NA,NA,NA,NA,NA,NA,NA,NA,NA,NA,NA,NA,NA,NA,NA,NA,NA,NA,NA,NA,NA,NA,NA,NA,NA,NA,NA,NA,NA,NA,NA,NA,NA,NA,NA,NA,NA,NA,NA,NA,NA,NA,NA,NA,NA,NA,NA,NA,NA,NA,NA,NA
Ecuador,2021,COE,auction,NA,https://allianceforcoffeeexcellence.org/ecuador-2021/,2,Totals:,,,7452.89,$33.55/lb,"$250,068.45",,NA,success,NA,NA,NA,NA,NA,NA,NA,NA,NA,NA,NA,NA,NA,NA,NA,NA,NA,NA,NA,NA,NA,NA,NA,NA,NA,NA,NA,NA,NA,NA,NA,NA,NA,NA,NA,NA,NA,NA,NA,NA,NA,NA,NA,NA,NA,NA,NA,NA,NA,NA,NA,NA,NA,NA,NA,NA,NA,NA
Ecuador,2021,NW,auction,NA,https://allianceforcoffeeexcellence.org/ecuador-2021/,4,NW,Santa Rosa,86.86,290.58,$10.10,"$2,934.86",NA,Belmont Trade & Commerce LLP,success,NA,NA,NA,NA,NA,NA,NA,NA,NA,NA,NA,NA,NA,NA,NA,NA,NA,NA,NA,NA,NA,NA,NA,NA,NA,NA,NA,NA,NA,NA,NA,NA,NA,NA,NA,NA,NA,NA,NA,NA,NA,NA,NA,NA,NA,NA,NA,NA,NA,NA,NA,NA,NA,NA,NA,NA,NA,NA
Ecuador,2021,NW,auction,NA,https://allianceforcoffeeexcellence.org/ecuador-2021/,4,NW,La Victoria,86.64,362.44,$8.10,"$2,935.76",NA,"Wataru & Co., Ltd.",success,NA,NA,NA,NA,NA,NA,NA,NA,NA,NA,NA,NA,NA,NA,NA,NA,NA,NA,NA,NA,NA,NA,NA,NA,NA,NA,NA,NA,NA,NA,NA,NA,NA,NA,NA,NA,NA,NA,NA,NA,NA,NA,NA,NA,NA,NA,NA,NA,NA,NA,NA,NA,NA,NA,NA,NA,NA,NA
Ecuador,2021,NW,auction,NA,https://allianceforcoffeeexcellence.org/ecuador-2021/,4,NW,Siempre Verde Farm,86.54,"1,417.46",$4.10,"$5,811.59",NA,"Wataru & Co., Ltd.",success,NA,NA,NA,NA,NA,NA,NA,NA,NA,NA,NA,NA,NA,NA,NA,NA,NA,NA,NA,NA,NA,NA,NA,NA,NA,NA,NA,NA,NA,NA,NA,NA,NA,NA,NA,NA,NA,NA,NA,NA,NA,NA,NA,NA,NA,NA,NA,NA,NA,NA,NA,NA,NA,NA,NA,NA,NA,NA
Ecuador,2021,NW,auction,NA,https://allianceforcoffeeexcellence.org/ecuador-2021/,4,NW,Café Johann,86.43,228.69,$8.80,"$2,012.47",NA,Twin Beans Coffee,success,NA,NA,NA,NA,NA,NA,NA,NA,NA,NA,NA,NA,NA,NA,NA,NA,NA,NA,NA,NA,NA,NA,NA,NA,NA,NA,NA,NA,NA,NA,NA,NA,NA,NA,NA,NA,NA,NA,NA,NA,NA,NA,NA,NA,NA,NA,NA,NA,NA,NA,NA,NA,NA,NA,NA,NA,NA,NA
Ecuador,2021,NW,auction,NA,https://allianceforcoffeeexcellence.org/ecuador-2021/,4,NW,La Corazonada,85.21,233.28,$4.50,"$1,049.76",NA,"Wataru & Co., Ltd.",success,NA,NA,NA,NA,NA,NA,NA,NA,NA,NA,NA,NA,NA,NA,NA,NA,NA,NA,NA,NA,NA,NA,NA,NA,NA,NA,NA,NA,NA,NA,NA,NA,NA,NA,NA,NA,NA,NA,NA,NA,NA,NA,NA,NA,NA,NA,NA,NA,NA,NA,NA,NA,NA,NA,NA,NA,NA,NA
Ecuador,2021,NW,auction,NA,https://allianceforcoffeeexcellence.org/ecuador-2021/,4,NW,,Totals:,"2,532.45",$5.82,"$14,744.44",NA,,success,NA,NA,NA,NA,NA,NA,NA,NA,NA,NA,NA,NA,NA,NA,NA,NA,NA,NA,NA,NA,NA,NA,NA,NA,NA,NA,NA,NA,NA,NA,NA,NA,NA,NA,NA,NA,NA,NA,NA,NA,NA,NA,NA,NA,NA,NA,NA,NA,NA,NA,NA,NA,NA,NA,NA,NA,NA,NA
El Salvador,2021,COE,auction,NA,https://allianceforcoffeeexcellence.org/el-salvador-2021/,2,1a,Mileydi,91.68,538.07,$70.00,"$37,664.90",BIGFACE,NA,success,NA,NA,NA,NA,NA,NA,NA,NA,NA,NA,NA,NA,NA,NA,NA,NA,NA,NA,NA,NA,NA,NA,NA,NA,NA,NA,NA,NA,NA,NA,NA,NA,NA,NA,NA,NA,NA,NA,NA,NA,NA,NA,NA,NA,NA,NA,NA,NA,NA,NA,NA,NA,NA,NA,NA,NA,NA,NA
El Salvador,2021,COE,auction,NA,https://allianceforcoffeeexcellence.org/el-salvador-2021/,2,1b,Mileydi,91.68,529.1,$64.30,"$34,021.13",HoneyCoffee (Izaki Coffee Co. Ltd),NA,success,NA,NA,NA,NA,NA,NA,NA,NA,NA,NA,NA,NA,NA,NA,NA,NA,NA,NA,NA,NA,NA,NA,NA,NA,NA,NA,NA,NA,NA,NA,NA,NA,NA,NA,NA,NA,NA,NA,NA,NA,NA,NA,NA,NA,NA,NA,NA,NA,NA,NA,NA,NA,NA,NA,NA,NA,NA,NA
El Salvador,2021,COE,auction,NA,https://allianceforcoffeeexcellence.org/el-salvador-2021/,2,2a,El Conacaste,91.29,162.1,$65.20,"$10,568.92","Coffee Me Up (Korea), Coffee Therapy (Thailand), Tob Coffee (Arnia Ltd), Cuppingpost
⁣",NA,success,NA,NA,NA,NA,NA,NA,NA,NA,NA,NA,NA,NA,NA,NA,NA,NA,NA,NA,NA,NA,NA,NA,NA,NA,NA,NA,NA,NA,NA,NA,NA,NA,NA,NA,NA,NA,NA,NA,NA,NA,NA,NA,NA,NA,NA,NA,NA,NA,NA,NA,NA,NA,NA,NA,NA,NA,NA,NA
El Salvador,2021,COE,auction,NA,https://allianceforcoffeeexcellence.org/el-salvador-2021/,2,2b,El Conacaste,91.29,132.28,$64.10,"$8,479.15",Latorre & Dutch Coffee (China) for 喬治隊長 Captain George / 芦田家咖啡研习社,NA,success,NA,NA,NA,NA,NA,NA,NA,NA,NA,NA,NA,NA,NA,NA,NA,NA,NA,NA,NA,NA,NA,NA,NA,NA,NA,NA,NA,NA,NA,NA,NA,NA,NA,NA,NA,NA,NA,NA,NA,NA,NA,NA,NA,NA,NA,NA,NA,NA,NA,NA,NA,NA,NA,NA,NA,NA,NA,NA
El Salvador,2021,COE,auction,NA,https://allianceforcoffeeexcellence.org/el-salvador-2021/,2,3a,Santa Elena,90.54,251.71,$55.90,"$14,070.59",BIGFACE,NA,success,NA,NA,NA,NA,NA,NA,NA,NA,NA,NA,NA,NA,NA,NA,NA,NA,NA,NA,NA,NA,NA,NA,NA,NA,NA,NA,NA,NA,NA,NA,NA,NA,NA,NA,NA,NA,NA,NA,NA,NA,NA,NA,NA,NA,NA,NA,NA,NA,NA,NA,NA,NA,NA,NA,NA,NA,NA,NA
El Salvador,2021,COE,auction,NA,https://allianceforcoffeeexcellence.org/el-salvador-2021/,2,3b,Santa Elena,90.54,264.55,$52.20,"$13,809.51",BIGFACE,NA,success,NA,NA,NA,NA,NA,NA,NA,NA,NA,NA,NA,NA,NA,NA,NA,NA,NA,NA,NA,NA,NA,NA,NA,NA,NA,NA,NA,NA,NA,NA,NA,NA,NA,NA,NA,NA,NA,NA,NA,NA,NA,NA,NA,NA,NA,NA,NA,NA,NA,NA,NA,NA,NA,NA,NA,NA,NA,NA
El Salvador,2021,COE,auction,NA,https://allianceforcoffeeexcellence.org/el-salvador-2021/,2,4,Las Ventanas,89.68,1082.21,$25.10,"$27,163.47",Terarosa (Haksan Co. Ltd),NA,success,NA,NA,NA,NA,NA,NA,NA,NA,NA,NA,NA,NA,NA,NA,NA,NA,NA,NA,NA,NA,NA,NA,NA,NA,NA,NA,NA,NA,NA,NA,NA,NA,NA,NA,NA,NA,NA,NA,NA,NA,NA,NA,NA,NA,NA,NA,NA,NA,NA,NA,NA,NA,NA,NA,NA,NA,NA,NA
El Salvador,2021,COE,auction,NA,https://allianceforcoffeeexcellence.org/el-salvador-2021/,2,5,Benasque,89.46,362.65,$24.10,"$8,739.87",Bluekoff / Factory Coffee,NA,success,NA,NA,NA,NA,NA,NA,NA,NA,NA,NA,NA,NA,NA,NA,NA,NA,NA,NA,NA,NA,NA,NA,NA,NA,NA,NA,NA,NA,NA,NA,NA,NA,NA,NA,NA,NA,NA,NA,NA,NA,NA,NA,NA,NA,NA,NA,NA,NA,NA,NA,NA,NA,NA,NA,NA,NA,NA,NA
El Salvador,2021,COE,auction,NA,https://allianceforcoffeeexcellence.org/el-salvador-2021/,2,6,La Pacaya,89.32,292.25,$41.00,"$11,982.25",Arriyadh Roaster,NA,success,NA,NA,NA,NA,NA,NA,NA,NA,NA,NA,NA,NA,NA,NA,NA,NA,NA,NA,NA,NA,NA,NA,NA,NA,NA,NA,NA,NA,NA,NA,NA,NA,NA,NA,NA,NA,NA,NA,NA,NA,NA,NA,NA,NA,NA,NA,NA,NA,NA,NA,NA,NA,NA,NA,NA,NA,NA,NA
El Salvador,2021,COE,auction,NA,https://allianceforcoffeeexcellence.org/el-salvador-2021/,2,7,Tres Pozos,89.25,852.06,$14.50,"$12,354.87","DABOV Specialty Coffee, Mókuska Caffè, Erste Tegernseer Kaffeerösterei",NA,success,NA,NA,NA,NA,NA,NA,NA,NA,NA,NA,NA,NA,NA,NA,NA,NA,NA,NA,NA,NA,NA,NA,NA,NA,NA,NA,NA,NA,NA,NA,NA,NA,NA,NA,NA,NA,NA,NA,NA,NA,NA,NA,NA,NA,NA,NA,NA,NA,NA,NA,NA,NA,NA,NA,NA,NA,NA,NA
El Salvador,2021,COE,auction,NA,https://allianceforcoffeeexcellence.org/el-salvador-2021/,2,8,La Bendicion 2,89.11,566.24,$30.70,"$17,383.57",Sulalat Coffee Trading,NA,success,NA,NA,NA,NA,NA,NA,NA,NA,NA,NA,NA,NA,NA,NA,NA,NA,NA,NA,NA,NA,NA,NA,NA,NA,NA,NA,NA,NA,NA,NA,NA,NA,NA,NA,NA,NA,NA,NA,NA,NA,NA,NA,NA,NA,NA,NA,NA,NA,NA,NA,NA,NA,NA,NA,NA,NA,NA,NA
El Salvador,2021,COE,auction,NA,https://allianceforcoffeeexcellence.org/el-salvador-2021/,2,9,La Libertad,89.04,357.86,$30.00,"$10,735.80",CK Corporations for Lusso Coffee,NA,success,NA,NA,NA,NA,NA,NA,NA,NA,NA,NA,NA,NA,NA,NA,NA,NA,NA,NA,NA,NA,NA,NA,NA,NA,NA,NA,NA,NA,NA,NA,NA,NA,NA,NA,NA,NA,NA,NA,NA,NA,NA,NA,NA,NA,NA,NA,NA,NA,NA,NA,NA,NA,NA,NA,NA,NA,NA,NA
El Salvador,2021,COE,auction,NA,https://allianceforcoffeeexcellence.org/el-salvador-2021/,2,10,La Esperanza,88.64,477.32,$38.85,"$18,543.88",Latorre & Dutch Coffee (China) for 剁手咖啡群（Cut Hand Group）/ 啟程拓殖 / M2M COFFEE / MANNER COFFEE（China）/ Small Arms Big Heart 有容乃大,NA,success,NA,NA,NA,NA,NA,NA,NA,NA,NA,NA,NA,NA,NA,NA,NA,NA,NA,NA,NA,NA,NA,NA,NA,NA,NA,NA,NA,NA,NA,NA,NA,NA,NA,NA,NA,NA,NA,NA,NA,NA,NA,NA,NA,NA,NA,NA,NA,NA,NA,NA,NA,NA,NA,NA,NA,NA,NA,NA
El Salvador,2021,COE,auction,NA,https://allianceforcoffeeexcellence.org/el-salvador-2021/,2,11,La Bonita,88.5,1020.57,$17.30,"$17,655.86",Sarutahiko Coffee Inc.,NA,success,NA,NA,NA,NA,NA,NA,NA,NA,NA,NA,NA,NA,NA,NA,NA,NA,NA,NA,NA,NA,NA,NA,NA,NA,NA,NA,NA,NA,NA,NA,NA,NA,NA,NA,NA,NA,NA,NA,NA,NA,NA,NA,NA,NA,NA,NA,NA,NA,NA,NA,NA,NA,NA,NA,NA,NA,NA,NA
El Salvador,2021,COE,auction,NA,https://allianceforcoffeeexcellence.org/el-salvador-2021/,2,12,Santa Rosa,88.5,286.29,$22.55,"$6,455.84","Boqueron Coffee 火萨
百啡待兴100FFEE CAFE
KOMENCU Coffee（启程）",NA,success,NA,NA,NA,NA,NA,NA,NA,NA,NA,NA,NA,NA,NA,NA,NA,NA,NA,NA,NA,NA,NA,NA,NA,NA,NA,NA,NA,NA,NA,NA,NA,NA,NA,NA,NA,NA,NA,NA,NA,NA,NA,NA,NA,NA,NA,NA,NA,NA,NA,NA,NA,NA,NA,NA,NA,NA,NA,NA
El Salvador,2021,COE,auction,NA,https://allianceforcoffeeexcellence.org/el-salvador-2021/,2,13,Santa Juana,88.4,512.82,$38.85,"$19,923.06",Latorre & Dutch Coffee (China) for FISHER COFFEE 啡舍 / 啟程拓殖 / MANNER COFFEE (China）/ 领地 La Finca,NA,success,NA,NA,NA,NA,NA,NA,NA,NA,NA,NA,NA,NA,NA,NA,NA,NA,NA,NA,NA,NA,NA,NA,NA,NA,NA,NA,NA,NA,NA,NA,NA,NA,NA,NA,NA,NA,NA,NA,NA,NA,NA,NA,NA,NA,NA,NA,NA,NA,NA,NA,NA,NA,NA,NA,NA,NA,NA,NA
El Salvador,2021,COE,auction,NA,https://allianceforcoffeeexcellence.org/el-salvador-2021/,2,14,Don Octavio,88.23,498.59,$14.20,"$7,079.98",Wataru for Voila Coffee,NA,success,NA,NA,NA,NA,NA,NA,NA,NA,NA,NA,NA,NA,NA,NA,NA,NA,NA,NA,NA,NA,NA,NA,NA,NA,NA,NA,NA,NA,NA,NA,NA,NA,NA,NA,NA,NA,NA,NA,NA,NA,NA,NA,NA,NA,NA,NA,NA,NA,NA,NA,NA,NA,NA,NA,NA,NA,NA,NA
El Salvador,2021,COE,auction,NA,https://allianceforcoffeeexcellence.org/el-salvador-2021/,2,15,Los Pozos,88.13,1160.88,$11.40,"$13,234.03",Kaffebrenneriet As,NA,success,NA,NA,NA,NA,NA,NA,NA,NA,NA,NA,NA,NA,NA,NA,NA,NA,NA,NA,NA,NA,NA,NA,NA,NA,NA,NA,NA,NA,NA,NA,NA,NA,NA,NA,NA,NA,NA,NA,NA,NA,NA,NA,NA,NA,NA,NA,NA,NA,NA,NA,NA,NA,NA,NA,NA,NA,NA,NA
El Salvador,2021,COE,auction,NA,https://allianceforcoffeeexcellence.org/el-salvador-2021/,2,16,El Milagro,87.97,606.31,$15.10,"$9,155.28","Boqueron Coffee 火萨
云南物海文亮
Global Beans
嗒啡馆Coffee Daap",NA,success,NA,NA,NA,NA,NA,NA,NA,NA,NA,NA,NA,NA,NA,NA,NA,NA,NA,NA,NA,NA,NA,NA,NA,NA,NA,NA,NA,NA,NA,NA,NA,NA,NA,NA,NA,NA,NA,NA,NA,NA,NA,NA,NA,NA,NA,NA,NA,NA,NA,NA,NA,NA,NA,NA,NA,NA,NA,NA
El Salvador,2021,COE,auction,NA,https://allianceforcoffeeexcellence.org/el-salvador-2021/,2,17,La Montañita,87.57,1155.19,$11.20,"$12,938.13",Kyokuto Fadie Corporation,NA,success,NA,NA,NA,NA,NA,NA,NA,NA,NA,NA,NA,NA,NA,NA,NA,NA,NA,NA,NA,NA,NA,NA,NA,NA,NA,NA,NA,NA,NA,NA,NA,NA,NA,NA,NA,NA,NA,NA,NA,NA,NA,NA,NA,NA,NA,NA,NA,NA,NA,NA,NA,NA,NA,NA,NA,NA,NA,NA
El Salvador,2021,COE,auction,NA,https://allianceforcoffeeexcellence.org/el-salvador-2021/,2,18,El Aguila,87.5,507.45,$14.40,"$7,307.28","Tashiro Coffee Co., Ltd",NA,success,NA,NA,NA,NA,NA,NA,NA,NA,NA,NA,NA,NA,NA,NA,NA,NA,NA,NA,NA,NA,NA,NA,NA,NA,NA,NA,NA,NA,NA,NA,NA,NA,NA,NA,NA,NA,NA,NA,NA,NA,NA,NA,NA,NA,NA,NA,NA,NA,NA,NA,NA,NA,NA,NA,NA,NA,NA,NA
El Salvador,2021,COE,auction,NA,https://allianceforcoffeeexcellence.org/el-salvador-2021/,2,19,Santa Josefita,87.5,1290.27,$11.10,"$14,322.00","Wataru & Co., Ltd.",NA,success,NA,NA,NA,NA,NA,NA,NA,NA,NA,NA,NA,NA,NA,NA,NA,NA,NA,NA,NA,NA,NA,NA,NA,NA,NA,NA,NA,NA,NA,NA,NA,NA,NA,NA,NA,NA,NA,NA,NA,NA,NA,NA,NA,NA,NA,NA,NA,NA,NA,NA,NA,NA,NA,NA,NA,NA,NA,NA
El Salvador,2021,COE,auction,NA,https://allianceforcoffeeexcellence.org/el-salvador-2021/,2,20,Las Margaritas,87.5,489.65,$14.30,"$7,002.00",Thood Qahwa LTD Co,NA,success,NA,NA,NA,NA,NA,NA,NA,NA,NA,NA,NA,NA,NA,NA,NA,NA,NA,NA,NA,NA,NA,NA,NA,NA,NA,NA,NA,NA,NA,NA,NA,NA,NA,NA,NA,NA,NA,NA,NA,NA,NA,NA,NA,NA,NA,NA,NA,NA,NA,NA,NA,NA,NA,NA,NA,NA,NA,NA
El Salvador,2021,COE,auction,NA,https://allianceforcoffeeexcellence.org/el-salvador-2021/,2,21,El Izotal,87.47,1353.06,$9.70,"$13,124.68","Wataru & Co., Ltd.",NA,success,NA,NA,NA,NA,NA,NA,NA,NA,NA,NA,NA,NA,NA,NA,NA,NA,NA,NA,NA,NA,NA,NA,NA,NA,NA,NA,NA,NA,NA,NA,NA,NA,NA,NA,NA,NA,NA,NA,NA,NA,NA,NA,NA,NA,NA,NA,NA,NA,NA,NA,NA,NA,NA,NA,NA,NA,NA,NA
El Salvador,2021,COE,auction,NA,https://allianceforcoffeeexcellence.org/el-salvador-2021/,2,22,Siberia,87.27,514.26,$14.20,"$7,302.49",COFFEE COUNTY,NA,success,NA,NA,NA,NA,NA,NA,NA,NA,NA,NA,NA,NA,NA,NA,NA,NA,NA,NA,NA,NA,NA,NA,NA,NA,NA,NA,NA,NA,NA,NA,NA,NA,NA,NA,NA,NA,NA,NA,NA,NA,NA,NA,NA,NA,NA,NA,NA,NA,NA,NA,NA,NA,NA,NA,NA,NA,NA,NA
El Salvador,2021,COE,auction,NA,https://allianceforcoffeeexcellence.org/el-salvador-2021/,2,23,San Carlos Dos,87.23,587.69,$13.10,"$7,698.74","Wataru & Co., Ltd.",NA,success,NA,NA,NA,NA,NA,NA,NA,NA,NA,NA,NA,NA,NA,NA,NA,NA,NA,NA,NA,NA,NA,NA,NA,NA,NA,NA,NA,NA,NA,NA,NA,NA,NA,NA,NA,NA,NA,NA,NA,NA,NA,NA,NA,NA,NA,NA,NA,NA,NA,NA,NA,NA,NA,NA,NA,NA,NA,NA
El Salvador,2021,COE,auction,NA,https://allianceforcoffeeexcellence.org/el-salvador-2021/,2,24,Plan Del Hoyo,87.2,1042.6,$11.20,"$11,677.12",Kaffebrenneriet As,NA,success,NA,NA,NA,NA,NA,NA,NA,NA,NA,NA,NA,NA,NA,NA,NA,NA,NA,NA,NA,NA,NA,NA,NA,NA,NA,NA,NA,NA,NA,NA,NA,NA,NA,NA,NA,NA,NA,NA,NA,NA,NA,NA,NA,NA,NA,NA,NA,NA,NA,NA,NA,NA,NA,NA,NA,NA,NA,NA
El Salvador,2021,COE,auction,NA,https://allianceforcoffeeexcellence.org/el-salvador-2021/,2,Totals:,,,16894.03,$22.52/lb,"$380,394.40",,NA,success,NA,NA,NA,NA,NA,NA,NA,NA,NA,NA,NA,NA,NA,NA,NA,NA,NA,NA,NA,NA,NA,NA,NA,NA,NA,NA,NA,NA,NA,NA,NA,NA,NA,NA,NA,NA,NA,NA,NA,NA,NA,NA,NA,NA,NA,NA,NA,NA,NA,NA,NA,NA,NA,NA,NA,NA,NA,NA
El Salvador,2021,NW,auction,NA,https://allianceforcoffeeexcellence.org/el-salvador-2021/,4,NW,La Montañita,86.97,1576,$7.20,"$11,347.20",NA,Vulcan Coffee & Tin Coffee(Mak Metal),success,NA,NA,NA,NA,NA,NA,NA,NA,NA,NA,NA,NA,NA,NA,NA,NA,NA,NA,NA,NA,NA,NA,NA,NA,NA,NA,NA,NA,NA,NA,NA,NA,NA,NA,NA,NA,NA,NA,NA,NA,NA,NA,NA,NA,NA,NA,NA,NA,NA,NA,NA,NA,NA,NA,NA,NA,NA,NA
El Salvador,2021,NW,auction,NA,https://allianceforcoffeeexcellence.org/el-salvador-2021/,4,NW,El Amaton,86.9,990,$7.70,"$7,623.00",NA,Mesh Coffee,success,NA,NA,NA,NA,NA,NA,NA,NA,NA,NA,NA,NA,NA,NA,NA,NA,NA,NA,NA,NA,NA,NA,NA,NA,NA,NA,NA,NA,NA,NA,NA,NA,NA,NA,NA,NA,NA,NA,NA,NA,NA,NA,NA,NA,NA,NA,NA,NA,NA,NA,NA,NA,NA,NA,NA,NA,NA,NA
El Salvador,2021,NW,auction,NA,https://allianceforcoffeeexcellence.org/el-salvador-2021/,4,NW,La Esperanza,86.9,577,$6.70,"$3,865.90",NA,Sarutahiko Coffee Inc.,success,NA,NA,NA,NA,NA,NA,NA,NA,NA,NA,NA,NA,NA,NA,NA,NA,NA,NA,NA,NA,NA,NA,NA,NA,NA,NA,NA,NA,NA,NA,NA,NA,NA,NA,NA,NA,NA,NA,NA,NA,NA,NA,NA,NA,NA,NA,NA,NA,NA,NA,NA,NA,NA,NA,NA,NA,NA,NA
El Salvador,2021,NW,auction,NA,https://allianceforcoffeeexcellence.org/el-salvador-2021/,4,NW,Colombia,86.87,326.32,$17.20,"$5,612.70",NA,Vulcan Coffee & Tin Coffee(Mak Metal),success,NA,NA,NA,NA,NA,NA,NA,NA,NA,NA,NA,NA,NA,NA,NA,NA,NA,NA,NA,NA,NA,NA,NA,NA,NA,NA,NA,NA,NA,NA,NA,NA,NA,NA,NA,NA,NA,NA,NA,NA,NA,NA,NA,NA,NA,NA,NA,NA,NA,NA,NA,NA,NA,NA,NA,NA,NA,NA
El Salvador,2021,NW,auction,NA,https://allianceforcoffeeexcellence.org/el-salvador-2021/,4,NW,Peña Redonda,86.83,759.61,$6.90,"$5,241.31",NA,Sarutahiko Coffee Inc.,success,NA,NA,NA,NA,NA,NA,NA,NA,NA,NA,NA,NA,NA,NA,NA,NA,NA,NA,NA,NA,NA,NA,NA,NA,NA,NA,NA,NA,NA,NA,NA,NA,NA,NA,NA,NA,NA,NA,NA,NA,NA,NA,NA,NA,NA,NA,NA,NA,NA,NA,NA,NA,NA,NA,NA,NA,NA,NA
El Salvador,2021,NW,auction,NA,https://allianceforcoffeeexcellence.org/el-salvador-2021/,4,NW,Las Marias,86.77,292.81,$6.70,"$1,961.83",NA,Sarutahiko Coffee Inc.,success,NA,NA,NA,NA,NA,NA,NA,NA,NA,NA,NA,NA,NA,NA,NA,NA,NA,NA,NA,NA,NA,NA,NA,NA,NA,NA,NA,NA,NA,NA,NA,NA,NA,NA,NA,NA,NA,NA,NA,NA,NA,NA,NA,NA,NA,NA,NA,NA,NA,NA,NA,NA,NA,NA,NA,NA,NA,NA
El Salvador,2021,NW,auction,NA,https://allianceforcoffeeexcellence.org/el-salvador-2021/,4,NW,Helvetia,86.67,330.47,$7.80,"$2,577.67",NA,"Linking Coffee Co., Ltd.",success,NA,NA,NA,NA,NA,NA,NA,NA,NA,NA,NA,NA,NA,NA,NA,NA,NA,NA,NA,NA,NA,NA,NA,NA,NA,NA,NA,NA,NA,NA,NA,NA,NA,NA,NA,NA,NA,NA,NA,NA,NA,NA,NA,NA,NA,NA,NA,NA,NA,NA,NA,NA,NA,NA,NA,NA,NA,NA
El Salvador,2021,NW,auction,NA,https://allianceforcoffeeexcellence.org/el-salvador-2021/,4,NW,San Agustin – Montevideo,86.67,560.82,$5.90,"$3,308.84",NA,"GSC International Co., Ltd.",success,NA,NA,NA,NA,NA,NA,NA,NA,NA,NA,NA,NA,NA,NA,NA,NA,NA,NA,NA,NA,NA,NA,NA,NA,NA,NA,NA,NA,NA,NA,NA,NA,NA,NA,NA,NA,NA,NA,NA,NA,NA,NA,NA,NA,NA,NA,NA,NA,NA,NA,NA,NA,NA,NA,NA,NA,NA,NA
El Salvador,2021,NW,auction,NA,https://allianceforcoffeeexcellence.org/el-salvador-2021/,4,NW,San Jose Los Naranjos,86.43,613.28,$10.10,"$6,194.13",NA,Latorre&Dutch (China),success,NA,NA,NA,NA,NA,NA,NA,NA,NA,NA,NA,NA,NA,NA,NA,NA,NA,NA,NA,NA,NA,NA,NA,NA,NA,NA,NA,NA,NA,NA,NA,NA,NA,NA,NA,NA,NA,NA,NA,NA,NA,NA,NA,NA,NA,NA,NA,NA,NA,NA,NA,NA,NA,NA,NA,NA,NA,NA
El Salvador,2021,NW,auction,NA,https://allianceforcoffeeexcellence.org/el-salvador-2021/,4,NW,Las Duanas,86.4,971,$6.60,"$6,408.60",NA,"Wataru & Co., Ltd.",success,NA,NA,NA,NA,NA,NA,NA,NA,NA,NA,NA,NA,NA,NA,NA,NA,NA,NA,NA,NA,NA,NA,NA,NA,NA,NA,NA,NA,NA,NA,NA,NA,NA,NA,NA,NA,NA,NA,NA,NA,NA,NA,NA,NA,NA,NA,NA,NA,NA,NA,NA,NA,NA,NA,NA,NA,NA,NA
El Salvador,2021,NW,auction,NA,https://allianceforcoffeeexcellence.org/el-salvador-2021/,4,NW,Las Delicias,86.37,587.97,$6.50,"$3,821.81",NA,MCC&Barista (Mesh Coffee),success,NA,NA,NA,NA,NA,NA,NA,NA,NA,NA,NA,NA,NA,NA,NA,NA,NA,NA,NA,NA,NA,NA,NA,NA,NA,NA,NA,NA,NA,NA,NA,NA,NA,NA,NA,NA,NA,NA,NA,NA,NA,NA,NA,NA,NA,NA,NA,NA,NA,NA,NA,NA,NA,NA,NA,NA,NA,NA
El Salvador,2021,NW,auction,NA,https://allianceforcoffeeexcellence.org/el-salvador-2021/,4,NW,Nueva Granada,86.3,582,$7.50,"$4,365.00",NA,"Linking Coffee Co., Ltd.",success,NA,NA,NA,NA,NA,NA,NA,NA,NA,NA,NA,NA,NA,NA,NA,NA,NA,NA,NA,NA,NA,NA,NA,NA,NA,NA,NA,NA,NA,NA,NA,NA,NA,NA,NA,NA,NA,NA,NA,NA,NA,NA,NA,NA,NA,NA,NA,NA,NA,NA,NA,NA,NA,NA,NA,NA,NA,NA
El Salvador,2021,NW,auction,NA,https://allianceforcoffeeexcellence.org/el-salvador-2021/,4,NW,Milan,86.2,284.42,$6.00,"$1,706.52",NA,"GSC International Co., Ltd.",success,NA,NA,NA,NA,NA,NA,NA,NA,NA,NA,NA,NA,NA,NA,NA,NA,NA,NA,NA,NA,NA,NA,NA,NA,NA,NA,NA,NA,NA,NA,NA,NA,NA,NA,NA,NA,NA,NA,NA,NA,NA,NA,NA,NA,NA,NA,NA,NA,NA,NA,NA,NA,NA,NA,NA,NA,NA,NA
El Salvador,2021,NW,auction,NA,https://allianceforcoffeeexcellence.org/el-salvador-2021/,4,NW,El Ausol,85.93,671.55,$10.10,"$6,782.66",NA,"Wataru & Co., Ltd.",success,NA,NA,NA,NA,NA,NA,NA,NA,NA,NA,NA,NA,NA,NA,NA,NA,NA,NA,NA,NA,NA,NA,NA,NA,NA,NA,NA,NA,NA,NA,NA,NA,NA,NA,NA,NA,NA,NA,NA,NA,NA,NA,NA,NA,NA,NA,NA,NA,NA,NA,NA,NA,NA,NA,NA,NA,NA,NA
El Salvador,2021,NW,auction,NA,https://allianceforcoffeeexcellence.org/el-salvador-2021/,4,NW,,Totals:,9123.25,$7.76/lb,"$70,817.17",NA,,success,NA,NA,NA,NA,NA,NA,NA,NA,NA,NA,NA,NA,NA,NA,NA,NA,NA,NA,NA,NA,NA,NA,NA,NA,NA,NA,NA,NA,NA,NA,NA,NA,NA,NA,NA,NA,NA,NA,NA,NA,NA,NA,NA,NA,NA,NA,NA,NA,NA,NA,NA,NA,NA,NA,NA,NA,NA,NA
Ethiopia,2021,COE,auction,NA,https://allianceforcoffeeexcellence.org/ethiopia-2021/,2,1a,NA,90.6,1256.63,$150.00,"$188,494.50","Saza Coffee, Sarutahiko Coffee Inc., Difference Coffee, Pebble Coffee, Kakalove, Simple Kaffa, Urban Coffee Roaster, Coffee-Tech.co.nz / BC Co., BC Co. NZ, 明谦咖啡 MQ coffee, MANNER COFFEE (China), Cheer Beans Trading Co.",NA,success,NA,NA,NA,Tamiru Tadesse Tesema,NA,NA,NA,NA,NA,NA,NA,NA,NA,NA,NA,NA,NA,NA,NA,NA,NA,NA,NA,NA,NA,NA,NA,NA,NA,NA,NA,NA,NA,NA,NA,NA,NA,NA,NA,NA,NA,NA,NA,NA,NA,NA,NA,NA,NA,NA,NA,NA,NA,NA,NA,NA,NA,NA
Ethiopia,2021,COE,auction,NA,https://allianceforcoffeeexcellence.org/ethiopia-2021/,2,1b,NA,90.6,1256.63,$140.20,"$176,179.50","PICK COFFEE(Taiwan), TUMAZ黑熊咖啡（Taiwan), L’escargot d’or cosmetocafe (FR), Orsir Coffee (Taiwan), Tinker Coffee / OUT OF LINE (Saudi Arabia)",NA,success,NA,NA,NA,Tamiru Tadesse Tesema,NA,NA,NA,NA,NA,NA,NA,NA,NA,NA,NA,NA,NA,NA,NA,NA,NA,NA,NA,NA,NA,NA,NA,NA,NA,NA,NA,NA,NA,NA,NA,NA,NA,NA,NA,NA,NA,NA,NA,NA,NA,NA,NA,NA,NA,NA,NA,NA,NA,NA,NA,NA,NA,NA
Ethiopia,2021,COE,auction,NA,https://allianceforcoffeeexcellence.org/ethiopia-2021/,2,2a,NA,90.5,1322.77,$53.70,"$71,032.75","Orsir Coffee Co., Ltd.",NA,success,NA,NA,NA,Dawencho G/H/D Bunna Amrach,NA,NA,NA,NA,NA,NA,NA,NA,NA,NA,NA,NA,NA,NA,NA,NA,NA,NA,NA,NA,NA,NA,NA,NA,NA,NA,NA,NA,NA,NA,NA,NA,NA,NA,NA,NA,NA,NA,NA,NA,NA,NA,NA,NA,NA,NA,NA,NA,NA,NA,NA,NA,NA,NA
Ethiopia,2021,COE,auction,NA,https://allianceforcoffeeexcellence.org/ethiopia-2021/,2,2b,NA,90.5,1322.77,$53.60,"$70,900.47","Global Bean Holding, UK",NA,success,NA,NA,NA,Dawencho G/H/D Bunna Amrach,NA,NA,NA,NA,NA,NA,NA,NA,NA,NA,NA,NA,NA,NA,NA,NA,NA,NA,NA,NA,NA,NA,NA,NA,NA,NA,NA,NA,NA,NA,NA,NA,NA,NA,NA,NA,NA,NA,NA,NA,NA,NA,NA,NA,NA,NA,NA,NA,NA,NA,NA,NA,NA,NA
Ethiopia,2021,COE,auction,NA,https://allianceforcoffeeexcellence.org/ethiopia-2021/,2,3a,NA,90.37,429.9,$94.00,"$40,410.60",SUPREMO COFFEE & Proud Mary Coffee,NA,success,NA,NA,NA,Tade GG Highland Forest Coffee Producer PLC,NA,NA,NA,NA,NA,NA,NA,NA,NA,NA,NA,NA,NA,NA,NA,NA,NA,NA,NA,NA,NA,NA,NA,NA,NA,NA,NA,NA,NA,NA,NA,NA,NA,NA,NA,NA,NA,NA,NA,NA,NA,NA,NA,NA,NA,NA,NA,NA,NA,NA,NA,NA,NA,NA
Ethiopia,2021,COE,auction,NA,https://allianceforcoffeeexcellence.org/ethiopia-2021/,2,3b,NA,90.37,396.83,$95.10,"$37,738.53",Sulalat Coffee Trading,NA,success,NA,NA,NA,Tade GG Highland Forest Coffee Producer PLC,NA,NA,NA,NA,NA,NA,NA,NA,NA,NA,NA,NA,NA,NA,NA,NA,NA,NA,NA,NA,NA,NA,NA,NA,NA,NA,NA,NA,NA,NA,NA,NA,NA,NA,NA,NA,NA,NA,NA,NA,NA,NA,NA,NA,NA,NA,NA,NA,NA,NA,NA,NA,NA,NA
Ethiopia,2021,COE,auction,NA,https://allianceforcoffeeexcellence.org/ethiopia-2021/,2,4,NA,90.2,2645.54,$25.50,"$67,461.27","Global Bean Holding, UK",NA,success,NA,NA,NA,Nare Ware Chimba,NA,NA,NA,NA,NA,NA,NA,NA,NA,NA,NA,NA,NA,NA,NA,NA,NA,NA,NA,NA,NA,NA,NA,NA,NA,NA,NA,NA,NA,NA,NA,NA,NA,NA,NA,NA,NA,NA,NA,NA,NA,NA,NA,NA,NA,NA,NA,NA,NA,NA,NA,NA,NA,NA
Ethiopia,2021,COE,auction,NA,https://allianceforcoffeeexcellence.org/ethiopia-2021/,2,5,NA,90.1,2546.34,$26.40,"$67,223.38","Sarutahiko Coffee Inc., Saza Coffee, Songdo Coffee, 明谦咖啡 MQ coffee, Coffee-Tech.co.nz / BC Co. NZ",NA,success,NA,NA,NA,Tamiru Tadesse Tesema,NA,NA,NA,NA,NA,NA,NA,NA,NA,NA,NA,NA,NA,NA,NA,NA,NA,NA,NA,NA,NA,NA,NA,NA,NA,NA,NA,NA,NA,NA,NA,NA,NA,NA,NA,NA,NA,NA,NA,NA,NA,NA,NA,NA,NA,NA,NA,NA,NA,NA,NA,NA,NA,NA
Ethiopia,2021,COE,auction,NA,https://allianceforcoffeeexcellence.org/ethiopia-2021/,2,6,NA,89.6,2645.54,$20.60,"$54,498.12",Kyokuto Fadie Corporation,NA,success,NA,NA,NA,Mulugeta Muntasha Bale,NA,NA,NA,NA,NA,NA,NA,NA,NA,NA,NA,NA,NA,NA,NA,NA,NA,NA,NA,NA,NA,NA,NA,NA,NA,NA,NA,NA,NA,NA,NA,NA,NA,NA,NA,NA,NA,NA,NA,NA,NA,NA,NA,NA,NA,NA,NA,NA,NA,NA,NA,NA,NA,NA
Ethiopia,2021,COE,auction,NA,https://allianceforcoffeeexcellence.org/ethiopia-2021/,2,7,NA,88.76,2645.54,$19.60,"$51,852.58","Latorre&Ducth Coffee(China) for Fisher Coffee / Q Cafe / 誠品咖啡 / Cut Hand Group（剁手咖啡群）/ up&down coffee / KOMENCU Coffee Roasters(China) / Nopparoot Kitcharoen / il gatto coffee / PAGA COFFEE CO., LTD / Santipanich Co., Ltd. / Terroir Laboratory ( Melbourne) / KOLAKOLA COFFEE / 轻乐咖 Kinglo Coffee / 沈阳良致商贸有限公司 / 佩索阿咖啡馆",NA,success,NA,NA,NA,Sintayehu Mesele Yirgu,NA,NA,NA,NA,NA,NA,NA,NA,NA,NA,NA,NA,NA,NA,NA,NA,NA,NA,NA,NA,NA,NA,NA,NA,NA,NA,NA,NA,NA,NA,NA,NA,NA,NA,NA,NA,NA,NA,NA,NA,NA,NA,NA,NA,NA,NA,NA,NA,NA,NA,NA,NA,NA,NA
Ethiopia,2021,COE,auction,NA,https://allianceforcoffeeexcellence.org/ethiopia-2021/,2,8,NA,88.57,2017.23,$31.20,"$62,937.58","The Coffee Quest Europe for: Nordbeans (CZ), Fascino Coffee (NL), Greenway Coffee (US), Coffee Bros. (US), Origo Roastery (RO), L’escargot d’or cosmetocafe (FR), Vulcan Coffee (QA), Cobeans (KR, Martys coffee (KR), JBY coffee (KR), Coffee-Tech.co.nz / BC Co., 100FFEE Cafe (CN), Manner Coffee (CN), Bloom Coffe College, Gee Coffee (CN), 印格咖啡IngeCoffee (CN), 楚焙 chubei (CN)",NA,success,NA,NA,NA,Assefa Dukamo Kerma,NA,NA,NA,NA,NA,NA,NA,NA,NA,NA,NA,NA,NA,NA,NA,NA,NA,NA,NA,NA,NA,NA,NA,NA,NA,NA,NA,NA,NA,NA,NA,NA,NA,NA,NA,NA,NA,NA,NA,NA,NA,NA,NA,NA,NA,NA,NA,NA,NA,NA,NA,NA,NA,NA
Ethiopia,2021,COE,auction,NA,https://allianceforcoffeeexcellence.org/ethiopia-2021/,2,9,NA,88.47,2645.54,$19.30,"$51,058.92",Rambach Specialty Coffee & Ceremorning by Random,NA,success,NA,NA,NA,Rumudamo Ye Eshet Bunna Mefelfeya PLC,NA,NA,NA,NA,NA,NA,NA,NA,NA,NA,NA,NA,NA,NA,NA,NA,NA,NA,NA,NA,NA,NA,NA,NA,NA,NA,NA,NA,NA,NA,NA,NA,NA,NA,NA,NA,NA,NA,NA,NA,NA,NA,NA,NA,NA,NA,NA,NA,NA,NA,NA,NA,NA,NA
Ethiopia,2021,COE,auction,NA,https://allianceforcoffeeexcellence.org/ethiopia-2021/,2,10,NA,88.4,529.11,$88.30,"$46,720.41",Sulalat Coffee Trading,NA,success,NA,NA,NA,Tatek Alemayehu,NA,NA,NA,NA,NA,NA,NA,NA,NA,NA,NA,NA,NA,NA,NA,NA,NA,NA,NA,NA,NA,NA,NA,NA,NA,NA,NA,NA,NA,NA,NA,NA,NA,NA,NA,NA,NA,NA,NA,NA,NA,NA,NA,NA,NA,NA,NA,NA,NA,NA,NA,NA,NA,NA
Ethiopia,2021,COE,auction,NA,https://allianceforcoffeeexcellence.org/ethiopia-2021/,2,11,NA,88.4,2182.57,$37.10,"$80,973.35","Saza Coffee, Sarutahiko Coffee Inc., Coffee-Tech.co.nz, Cheer Beans Trading Co.",NA,success,NA,NA,NA,Robe Iticha Gurumu,NA,NA,NA,NA,NA,NA,NA,NA,NA,NA,NA,NA,NA,NA,NA,NA,NA,NA,NA,NA,NA,NA,NA,NA,NA,NA,NA,NA,NA,NA,NA,NA,NA,NA,NA,NA,NA,NA,NA,NA,NA,NA,NA,NA,NA,NA,NA,NA,NA,NA,NA,NA,NA,NA
Ethiopia,2021,COE,auction,NA,https://allianceforcoffeeexcellence.org/ethiopia-2021/,2,12,NA,88.38,1421.98,$21.20,"$30,145.98","Tashiro Coffee Co., Ltd",NA,success,NA,NA,NA,Aliyie Gobena Hessa,NA,NA,NA,NA,NA,NA,NA,NA,NA,NA,NA,NA,NA,NA,NA,NA,NA,NA,NA,NA,NA,NA,NA,NA,NA,NA,NA,NA,NA,NA,NA,NA,NA,NA,NA,NA,NA,NA,NA,NA,NA,NA,NA,NA,NA,NA,NA,NA,NA,NA,NA,NA,NA,NA
Ethiopia,2021,COE,auction,NA,https://allianceforcoffeeexcellence.org/ethiopia-2021/,2,13,NA,88.37,2248.71,$18.90,"$42,500.62",TIMES CLUB & COFFEE LIBRE,NA,success,NA,NA,NA,Boledu Industrial PLC,NA,NA,NA,NA,NA,NA,NA,NA,NA,NA,NA,NA,NA,NA,NA,NA,NA,NA,NA,NA,NA,NA,NA,NA,NA,NA,NA,NA,NA,NA,NA,NA,NA,NA,NA,NA,NA,NA,NA,NA,NA,NA,NA,NA,NA,NA,NA,NA,NA,NA,NA,NA,NA,NA
Ethiopia,2021,COE,auction,NA,https://allianceforcoffeeexcellence.org/ethiopia-2021/,2,14,NA,88.32,1058.22,$22.10,"$23,386.66",Blooms Ltd,NA,success,NA,NA,NA,AASH Coffee Pulping PLC,NA,NA,NA,NA,NA,NA,NA,NA,NA,NA,NA,NA,NA,NA,NA,NA,NA,NA,NA,NA,NA,NA,NA,NA,NA,NA,NA,NA,NA,NA,NA,NA,NA,NA,NA,NA,NA,NA,NA,NA,NA,NA,NA,NA,NA,NA,NA,NA,NA,NA,NA,NA,NA,NA
Ethiopia,2021,COE,auction,NA,https://allianceforcoffeeexcellence.org/ethiopia-2021/,2,15,NA,88.18,2645.54,$18.20,"$48,148.83",BPC for Coffee Fiel,NA,success,NA,NA,NA,Mulugeta Muntasha Bale,NA,NA,NA,NA,NA,NA,NA,NA,NA,NA,NA,NA,NA,NA,NA,NA,NA,NA,NA,NA,NA,NA,NA,NA,NA,NA,NA,NA,NA,NA,NA,NA,NA,NA,NA,NA,NA,NA,NA,NA,NA,NA,NA,NA,NA,NA,NA,NA,NA,NA,NA,NA,NA,NA
Ethiopia,2021,COE,auction,NA,https://allianceforcoffeeexcellence.org/ethiopia-2021/,2,16,NA,88.18,2347.92,$18.10,"$42,497.35",M.I.COFFEE CORPORATION,NA,success,NA,NA,NA,Thewodros Nigusse Gemeda,NA,NA,NA,NA,NA,NA,NA,NA,NA,NA,NA,NA,NA,NA,NA,NA,NA,NA,NA,NA,NA,NA,NA,NA,NA,NA,NA,NA,NA,NA,NA,NA,NA,NA,NA,NA,NA,NA,NA,NA,NA,NA,NA,NA,NA,NA,NA,NA,NA,NA,NA,NA,NA,NA
Ethiopia,2021,COE,auction,NA,https://allianceforcoffeeexcellence.org/ethiopia-2021/,2,17,NA,88.06,2182.57,$23.10,"$50,417.37",Arriyadh Roaster,NA,success,NA,NA,NA,Tracon Trading PLC,NA,NA,NA,NA,NA,NA,NA,NA,NA,NA,NA,NA,NA,NA,NA,NA,NA,NA,NA,NA,NA,NA,NA,NA,NA,NA,NA,NA,NA,NA,NA,NA,NA,NA,NA,NA,NA,NA,NA,NA,NA,NA,NA,NA,NA,NA,NA,NA,NA,NA,NA,NA,NA,NA
Ethiopia,2021,COE,auction,NA,https://allianceforcoffeeexcellence.org/ethiopia-2021/,2,18,NA,88.06,2083.37,$30.10,"$62,709.44",Sulalat Coffee Trading,NA,success,NA,NA,NA,Tracon Trading PLC,NA,NA,NA,NA,NA,NA,NA,NA,NA,NA,NA,NA,NA,NA,NA,NA,NA,NA,NA,NA,NA,NA,NA,NA,NA,NA,NA,NA,NA,NA,NA,NA,NA,NA,NA,NA,NA,NA,NA,NA,NA,NA,NA,NA,NA,NA,NA,NA,NA,NA,NA,NA,NA,NA
Ethiopia,2021,COE,auction,NA,https://allianceforcoffeeexcellence.org/ethiopia-2021/,2,19,NA,88.06,2645.54,$16.40,"$43,386.86",TAKAMURA COFFEE ROASTERS,NA,success,NA,NA,NA,Birhanu Dido Awacho,NA,NA,NA,NA,NA,NA,NA,NA,NA,NA,NA,NA,NA,NA,NA,NA,NA,NA,NA,NA,NA,NA,NA,NA,NA,NA,NA,NA,NA,NA,NA,NA,NA,NA,NA,NA,NA,NA,NA,NA,NA,NA,NA,NA,NA,NA,NA,NA,NA,NA,NA,NA,NA,NA
Ethiopia,2021,COE,auction,NA,https://allianceforcoffeeexcellence.org/ethiopia-2021/,2,20,NA,87.97,429.9,$90.70,"$38,991.93","BLACK GOLD COFFEE CO., LTD. / OKLAO SPECIALTY COFFEE (TAIWAN) / SHANGHAI BOJIN TRADING CO., LTD. / EIGHTY PLUS",NA,success,NA,NA,NA,Testi Trading PLC (Plantation),NA,NA,NA,NA,NA,NA,NA,NA,NA,NA,NA,NA,NA,NA,NA,NA,NA,NA,NA,NA,NA,NA,NA,NA,NA,NA,NA,NA,NA,NA,NA,NA,NA,NA,NA,NA,NA,NA,NA,NA,NA,NA,NA,NA,NA,NA,NA,NA,NA,NA,NA,NA,NA,NA
Ethiopia,2021,COE,auction,NA,https://allianceforcoffeeexcellence.org/ethiopia-2021/,2,21,NA,87.85,2612.47,$15.70,"$41,015.78","Wataru & Co., Ltd.",NA,success,NA,NA,NA,Birhanu Teklu Maribo,NA,NA,NA,NA,NA,NA,NA,NA,NA,NA,NA,NA,NA,NA,NA,NA,NA,NA,NA,NA,NA,NA,NA,NA,NA,NA,NA,NA,NA,NA,NA,NA,NA,NA,NA,NA,NA,NA,NA,NA,NA,NA,NA,NA,NA,NA,NA,NA,NA,NA,NA,NA,NA,NA
Ethiopia,2021,COE,auction,NA,https://allianceforcoffeeexcellence.org/ethiopia-2021/,2,22,NA,87.82,462.97,$67.40,"$31,204.18",Sulalat Coffee Trading,NA,success,NA,NA,NA,Testi Trading PLC Suppliers,NA,NA,NA,NA,NA,NA,NA,NA,NA,NA,NA,NA,NA,NA,NA,NA,NA,NA,NA,NA,NA,NA,NA,NA,NA,NA,NA,NA,NA,NA,NA,NA,NA,NA,NA,NA,NA,NA,NA,NA,NA,NA,NA,NA,NA,NA,NA,NA,NA,NA,NA,NA,NA,NA
Ethiopia,2021,COE,auction,NA,https://allianceforcoffeeexcellence.org/ethiopia-2021/,2,23,NA,87.59,1785.74,$15.70,"$28,036.12",Sulalat Coffee Trading,NA,success,NA,NA,NA,Semira Negash Kedir,NA,NA,NA,NA,NA,NA,NA,NA,NA,NA,NA,NA,NA,NA,NA,NA,NA,NA,NA,NA,NA,NA,NA,NA,NA,NA,NA,NA,NA,NA,NA,NA,NA,NA,NA,NA,NA,NA,NA,NA,NA,NA,NA,NA,NA,NA,NA,NA,NA,NA,NA,NA,NA,NA
Ethiopia,2021,COE,auction,NA,https://allianceforcoffeeexcellence.org/ethiopia-2021/,2,24,NA,87.59,462.97,$46.70,21620.7,Sulalat Coffee Trading,NA,success,NA,NA,NA,Feysel Abdosh Coffee Supplier,NA,NA,NA,NA,NA,NA,NA,NA,NA,NA,NA,NA,NA,NA,NA,NA,NA,NA,NA,NA,NA,NA,NA,NA,NA,NA,NA,NA,NA,NA,NA,NA,NA,NA,NA,NA,NA,NA,NA,NA,NA,NA,NA,NA,NA,NA,NA,NA,NA,NA,NA,NA,NA,NA
Ethiopia,2021,COE,auction,NA,https://allianceforcoffeeexcellence.org/ethiopia-2021/,2,25,NA,87.56,2645.54,$15.90,42064.09,"Wataru & Co., Ltd.",NA,success,NA,NA,NA,Nigussie Gemeda Mude,NA,NA,NA,NA,NA,NA,NA,NA,NA,NA,NA,NA,NA,NA,NA,NA,NA,NA,NA,NA,NA,NA,NA,NA,NA,NA,NA,NA,NA,NA,NA,NA,NA,NA,NA,NA,NA,NA,NA,NA,NA,NA,NA,NA,NA,NA,NA,NA,NA,NA,NA,NA,NA,NA
Ethiopia,2021,COE,auction,NA,https://allianceforcoffeeexcellence.org/ethiopia-2021/,2,26,NA,87.53,2182.57,$15.60,34048.09,Honu Kato Coffee Inc.,NA,success,NA,NA,NA,Robi Wet Coffee Processing PLC,NA,NA,NA,NA,NA,NA,NA,NA,NA,NA,NA,NA,NA,NA,NA,NA,NA,NA,NA,NA,NA,NA,NA,NA,NA,NA,NA,NA,NA,NA,NA,NA,NA,NA,NA,NA,NA,NA,NA,NA,NA,NA,NA,NA,NA,NA,NA,NA,NA,NA,NA,NA,NA,NA
Ethiopia,2021,COE,auction,NA,https://allianceforcoffeeexcellence.org/ethiopia-2021/,2,27,NA,87.5,2182.57,$15.20,33175.06,"Global Bean Holding, UK",NA,success,NA,NA,NA,Asmamaw Abebayehu,NA,NA,NA,NA,NA,NA,NA,NA,NA,NA,NA,NA,NA,NA,NA,NA,NA,NA,NA,NA,NA,NA,NA,NA,NA,NA,NA,NA,NA,NA,NA,NA,NA,NA,NA,NA,NA,NA,NA,NA,NA,NA,NA,NA,NA,NA,NA,NA,NA,NA,NA,NA,NA,NA
Ethiopia,2021,COE,auction,NA,https://allianceforcoffeeexcellence.org/ethiopia-2021/,2,28,NA,87.47,1025.15,$16.10,16504.92,Huracan Coffee (Sviezia Kava),NA,success,NA,NA,NA,AASH Coffee Pulping PLC,NA,NA,NA,NA,NA,NA,NA,NA,NA,NA,NA,NA,NA,NA,NA,NA,NA,NA,NA,NA,NA,NA,NA,NA,NA,NA,NA,NA,NA,NA,NA,NA,NA,NA,NA,NA,NA,NA,NA,NA,NA,NA,NA,NA,NA,NA,NA,NA,NA,NA,NA,NA,NA,NA
Ethiopia,2021,COE,auction,NA,https://allianceforcoffeeexcellence.org/ethiopia-2021/,2,29,NA,87.44,793.66,$40.20,31905.13,Arriyadh Roaster,NA,success,NA,NA,NA,Mate Matewos Lemisso,NA,NA,NA,NA,NA,NA,NA,NA,NA,NA,NA,NA,NA,NA,NA,NA,NA,NA,NA,NA,NA,NA,NA,NA,NA,NA,NA,NA,NA,NA,NA,NA,NA,NA,NA,NA,NA,NA,NA,NA,NA,NA,NA,NA,NA,NA,NA,NA,NA,NA,NA,NA,NA,NA
Ethiopia,2021,COE,auction,NA,https://allianceforcoffeeexcellence.org/ethiopia-2021/,2,30,NA,87.38,1091.29,$68.10,74316.85,Sulalat Coffee Trading,NA,success,NA,NA,NA,Assefa Dukale Wakayo Coffee Supplier,NA,NA,NA,NA,NA,NA,NA,NA,NA,NA,NA,NA,NA,NA,NA,NA,NA,NA,NA,NA,NA,NA,NA,NA,NA,NA,NA,NA,NA,NA,NA,NA,NA,NA,NA,NA,NA,NA,NA,NA,NA,NA,NA,NA,NA,NA,NA,NA,NA,NA,NA,NA,NA,NA
Ethiopia,2021,COE,auction,NA,https://allianceforcoffeeexcellence.org/ethiopia-2021/,2,Totals:,NA,,56151.62,$32.12/lb,"$1,803,557.95",,NA,success,NA,NA,NA,,NA,NA,NA,NA,NA,NA,NA,NA,NA,NA,NA,NA,NA,NA,NA,NA,NA,NA,NA,NA,NA,NA,NA,NA,NA,NA,NA,NA,NA,NA,NA,NA,NA,NA,NA,NA,NA,NA,NA,NA,NA,NA,NA,NA,NA,NA,NA,NA,NA,NA,NA,NA,NA,NA
Ethiopia,2021,NW,auction,NA,https://allianceforcoffeeexcellence.org/ethiopia-2021/,4,NW,NA,87.32,2347.92,$9.00,"$21,131.28",NA,"Linking Coffee Co., Ltd.",success,NA,NA,NA,Gano Adula Sutiya,NA,NA,NA,NA,NA,NA,NA,NA,NA,NA,NA,NA,NA,NA,NA,NA,NA,NA,NA,NA,NA,NA,NA,NA,NA,NA,NA,NA,NA,NA,NA,NA,NA,NA,NA,NA,NA,NA,NA,NA,NA,NA,NA,NA,NA,NA,NA,NA,NA,NA,NA,NA,NA,NA
Ethiopia,2021,NW,auction,NA,https://allianceforcoffeeexcellence.org/ethiopia-2021/,4,NW,NA,87.26,1091.29,$10.10,"$11,022.03",NA,Latorre&Dutch (China),success,NA,NA,NA,Faysel Abdosh Yonis,NA,NA,NA,NA,NA,NA,NA,NA,NA,NA,NA,NA,NA,NA,NA,NA,NA,NA,NA,NA,NA,NA,NA,NA,NA,NA,NA,NA,NA,NA,NA,NA,NA,NA,NA,NA,NA,NA,NA,NA,NA,NA,NA,NA,NA,NA,NA,NA,NA,NA,NA,NA,NA,NA
Ethiopia,2021,NW,auction,NA,https://allianceforcoffeeexcellence.org/ethiopia-2021/,4,NW,NA,87.21,2645.54,$7.00,"$18,518.78",NA,"Wataru & Co., Ltd.",success,NA,NA,NA,Abdurahman HajiKabato Sadin,NA,NA,NA,NA,NA,NA,NA,NA,NA,NA,NA,NA,NA,NA,NA,NA,NA,NA,NA,NA,NA,NA,NA,NA,NA,NA,NA,NA,NA,NA,NA,NA,NA,NA,NA,NA,NA,NA,NA,NA,NA,NA,NA,NA,NA,NA,NA,NA,NA,NA,NA,NA,NA,NA
Ethiopia,2021,NW,auction,NA,https://allianceforcoffeeexcellence.org/ethiopia-2021/,4,NW,NA,87.09,"2,645.54",$7.40,"$19,577.00",NA,Coffee-Tech.co.nz ; BC Co. (NZ); Cheer Beans Trading Co. ; Pebble Coffee for Simple Kaffa ; AROMA GROUP (Thailand); Mavis & Co. (NZ) ; Billy Café (NZ) ; Meebz Coffee (NZ) ; Coffee lab (NZ) ; Turning Point coffee (NZ) ; Escape Coffee (NZ),success,NA,NA,NA,Guji Highland Coffee Plantation PLC,NA,NA,NA,NA,NA,NA,NA,NA,NA,NA,NA,NA,NA,NA,NA,NA,NA,NA,NA,NA,NA,NA,NA,NA,NA,NA,NA,NA,NA,NA,NA,NA,NA,NA,NA,NA,NA,NA,NA,NA,NA,NA,NA,NA,NA,NA,NA,NA,NA,NA,NA,NA,NA,NA
Ethiopia,2021,NW,auction,NA,https://allianceforcoffeeexcellence.org/ethiopia-2021/,4,NW,NA,87.06,628.32,$9.00,"$5,466.38",NA,Linking Coffee for Buon Caffe,success,NA,NA,NA,Gujoo Trading PLC,NA,NA,NA,NA,NA,NA,NA,NA,NA,NA,NA,NA,NA,NA,NA,NA,NA,NA,NA,NA,NA,NA,NA,NA,NA,NA,NA,NA,NA,NA,NA,NA,NA,NA,NA,NA,NA,NA,NA,NA,NA,NA,NA,NA,NA,NA,NA,NA,NA,NA,NA,NA,NA,NA
Ethiopia,2021,NW,auction,NA,https://allianceforcoffeeexcellence.org/ethiopia-2021/,4,NW,NA,86.88,2380.99,$19.80,"$47,143.60",NA,Curve Specialty coffee Roastery,success,NA,NA,NA,Nigussie Nare Ataro,NA,NA,NA,NA,NA,NA,NA,NA,NA,NA,NA,NA,NA,NA,NA,NA,NA,NA,NA,NA,NA,NA,NA,NA,NA,NA,NA,NA,NA,NA,NA,NA,NA,NA,NA,NA,NA,NA,NA,NA,NA,NA,NA,NA,NA,NA,NA,NA,NA,NA,NA,NA,NA,NA
Ethiopia,2021,NW,auction,NA,https://allianceforcoffeeexcellence.org/ethiopia-2021/,4,NW,NA,86.88,"2,347.92",$4.10,"$9,626.47",NA,Dongjin Trading,success,NA,NA,NA,Shimelis Obise Mamo,NA,NA,NA,NA,NA,NA,NA,NA,NA,NA,NA,NA,NA,NA,NA,NA,NA,NA,NA,NA,NA,NA,NA,NA,NA,NA,NA,NA,NA,NA,NA,NA,NA,NA,NA,NA,NA,NA,NA,NA,NA,NA,NA,NA,NA,NA,NA,NA,NA,NA,NA,NA,NA,NA
Ethiopia,2021,NW,auction,NA,https://allianceforcoffeeexcellence.org/ethiopia-2021/,4,NW,NA,86.79,2380.99,$7.50,"$17,857.43",NA,"Linking Coffee Co., Ltd.",success,NA,NA,NA,Hanna Asrat Tilahun,NA,NA,NA,NA,NA,NA,NA,NA,NA,NA,NA,NA,NA,NA,NA,NA,NA,NA,NA,NA,NA,NA,NA,NA,NA,NA,NA,NA,NA,NA,NA,NA,NA,NA,NA,NA,NA,NA,NA,NA,NA,NA,NA,NA,NA,NA,NA,NA,NA,NA,NA,NA,NA,NA
Ethiopia,2021,NW,auction,NA,https://allianceforcoffeeexcellence.org/ethiopia-2021/,4,NW,NA,86.41,1124.36,$7.50,"$8,432.70",NA,Latorre&Dutch (China),success,NA,NA,NA,Feysel Abdosh Coffee Supplier,NA,NA,NA,NA,NA,NA,NA,NA,NA,NA,NA,NA,NA,NA,NA,NA,NA,NA,NA,NA,NA,NA,NA,NA,NA,NA,NA,NA,NA,NA,NA,NA,NA,NA,NA,NA,NA,NA,NA,NA,NA,NA,NA,NA,NA,NA,NA,NA,NA,NA,NA,NA,NA,NA
Ethiopia,2021,NW,auction,NA,https://allianceforcoffeeexcellence.org/ethiopia-2021/,4,NW,NA,Totals:,17592.87,$9.03/lb,"$158,775.67",NA,,success,NA,NA,NA,,NA,NA,NA,NA,NA,NA,NA,NA,NA,NA,NA,NA,NA,NA,NA,NA,NA,NA,NA,NA,NA,NA,NA,NA,NA,NA,NA,NA,NA,NA,NA,NA,NA,NA,NA,NA,NA,NA,NA,NA,NA,NA,NA,NA,NA,NA,NA,NA,NA,NA,NA,NA,NA,NA
Guatemala,2021,COE,auction,NA,https://allianceforcoffeeexcellence.org/guatemala-2021/,2,1a,El Injerto I,90.51,649,$53.10,"$34,461.90","Orsir Coffee Co., Ltd., Coffee-Tech.co.nz / BC Co. NZ / New Zealand, Vero Coffee House, Brulerie du Quai, Goodboy Bob, 明谦咖啡 MQ coffee",NA,success,NA,NA,NA,NA,NA,NA,NA,NA,NA,NA,NA,NA,NA,NA,NA,NA,NA,NA,NA,NA,NA,NA,NA,NA,NA,NA,NA,NA,NA,NA,NA,NA,NA,NA,NA,NA,NA,NA,NA,NA,NA,NA,NA,NA,NA,NA,NA,NA,NA,NA,NA,NA,NA,NA,NA,NA,NA,NA
Guatemala,2021,COE,auction,NA,https://allianceforcoffeeexcellence.org/guatemala-2021/,2,1b,El Injerto I,90.51,649,$50.30,"$32,644.70","SHANGHAI CARMO TRADING CO. ,LTD(珈露梦咖啡）/青岛李想珈 /FISHER COFFEE 啡舍/MANNER COFFEE （China）/东方国际商业（集团）有限公司",NA,success,NA,NA,NA,NA,NA,NA,NA,NA,NA,NA,NA,NA,NA,NA,NA,NA,NA,NA,NA,NA,NA,NA,NA,NA,NA,NA,NA,NA,NA,NA,NA,NA,NA,NA,NA,NA,NA,NA,NA,NA,NA,NA,NA,NA,NA,NA,NA,NA,NA,NA,NA,NA,NA,NA,NA,NA,NA,NA
Guatemala,2021,COE,auction,NA,https://allianceforcoffeeexcellence.org/guatemala-2021/,2,2a,El Socorro,90.1,326.1,$50.00,"$16,305.00","Coffee Me Up (Korea), Coffee Therapy (Thailand), ⁣Coffee Bros, Belux Coffee Roasters, Vero Coffee House",NA,success,NA,NA,NA,NA,NA,NA,NA,NA,NA,NA,NA,NA,NA,NA,NA,NA,NA,NA,NA,NA,NA,NA,NA,NA,NA,NA,NA,NA,NA,NA,NA,NA,NA,NA,NA,NA,NA,NA,NA,NA,NA,NA,NA,NA,NA,NA,NA,NA,NA,NA,NA,NA,NA,NA,NA,NA,NA,NA
Guatemala,2021,COE,auction,NA,https://allianceforcoffeeexcellence.org/guatemala-2021/,2,2b,El Socorro,90.1,326.1,$50.00,"$16,305.00","ONYX COFFEE LAB & Cometeer, Inc.",NA,success,NA,NA,NA,NA,NA,NA,NA,NA,NA,NA,NA,NA,NA,NA,NA,NA,NA,NA,NA,NA,NA,NA,NA,NA,NA,NA,NA,NA,NA,NA,NA,NA,NA,NA,NA,NA,NA,NA,NA,NA,NA,NA,NA,NA,NA,NA,NA,NA,NA,NA,NA,NA,NA,NA,NA,NA,NA,NA
Guatemala,2021,COE,auction,NA,https://allianceforcoffeeexcellence.org/guatemala-2021/,2,3a,Rosma,90.03,294.4,$44.70,"$13,159.68","Japan Roasters’ Network, SUGI COFFEE ROASTING, COFFEA EXLIBRIS",NA,success,NA,NA,NA,NA,NA,NA,NA,NA,NA,NA,NA,NA,NA,NA,NA,NA,NA,NA,NA,NA,NA,NA,NA,NA,NA,NA,NA,NA,NA,NA,NA,NA,NA,NA,NA,NA,NA,NA,NA,NA,NA,NA,NA,NA,NA,NA,NA,NA,NA,NA,NA,NA,NA,NA,NA,NA,NA,NA
Guatemala,2021,COE,auction,NA,https://allianceforcoffeeexcellence.org/guatemala-2021/,2,3b,Rosma,90.03,294.4,$44.80,"$13,189.12",LEAVES COFFEE ROASTERS/Marukai,NA,success,NA,NA,NA,NA,NA,NA,NA,NA,NA,NA,NA,NA,NA,NA,NA,NA,NA,NA,NA,NA,NA,NA,NA,NA,NA,NA,NA,NA,NA,NA,NA,NA,NA,NA,NA,NA,NA,NA,NA,NA,NA,NA,NA,NA,NA,NA,NA,NA,NA,NA,NA,NA,NA,NA,NA,NA,NA,NA
Guatemala,2021,COE,auction,NA,https://allianceforcoffeeexcellence.org/guatemala-2021/,2,4,La Reforma Y Anexos,90.01,562.2,$26.00,"$14,617.20","MUSEO Co., Ltd.",NA,success,NA,NA,NA,NA,NA,NA,NA,NA,NA,NA,NA,NA,NA,NA,NA,NA,NA,NA,NA,NA,NA,NA,NA,NA,NA,NA,NA,NA,NA,NA,NA,NA,NA,NA,NA,NA,NA,NA,NA,NA,NA,NA,NA,NA,NA,NA,NA,NA,NA,NA,NA,NA,NA,NA,NA,NA,NA,NA
Guatemala,2021,COE,auction,NA,https://allianceforcoffeeexcellence.org/guatemala-2021/,2,5,Las Nubes Y Anexos,89.46,457.6,$25.10,"$11,485.76","토브공작소 (TOV Studio), 일프로커피 (1% Coffee Roasters)",NA,success,NA,NA,NA,NA,NA,NA,NA,NA,NA,NA,NA,NA,NA,NA,NA,NA,NA,NA,NA,NA,NA,NA,NA,NA,NA,NA,NA,NA,NA,NA,NA,NA,NA,NA,NA,NA,NA,NA,NA,NA,NA,NA,NA,NA,NA,NA,NA,NA,NA,NA,NA,NA,NA,NA,NA,NA,NA,NA
Guatemala,2021,COE,auction,NA,https://allianceforcoffeeexcellence.org/guatemala-2021/,2,6,Rio Dorado,89.41,572.8,$27.60,"$15,809.28","SHANGHAI CARMO TRADING CO. ,LTD(珈露梦咖啡）/青岛李想珈/明谦咖啡 MQ coffee / 东方国际商业（集团）有限公司 / CORE COFFEE / AOKKA",NA,success,NA,NA,NA,NA,NA,NA,NA,NA,NA,NA,NA,NA,NA,NA,NA,NA,NA,NA,NA,NA,NA,NA,NA,NA,NA,NA,NA,NA,NA,NA,NA,NA,NA,NA,NA,NA,NA,NA,NA,NA,NA,NA,NA,NA,NA,NA,NA,NA,NA,NA,NA,NA,NA,NA,NA,NA,NA,NA
Guatemala,2021,COE,auction,NA,https://allianceforcoffeeexcellence.org/guatemala-2021/,2,7,El Zapote Y Anexos,89.29,768.7,$21.30,"$16,373.31","Joud Coffee Roastery,
Discover Coffee Roasting Co.",NA,success,NA,NA,NA,NA,NA,NA,NA,NA,NA,NA,NA,NA,NA,NA,NA,NA,NA,NA,NA,NA,NA,NA,NA,NA,NA,NA,NA,NA,NA,NA,NA,NA,NA,NA,NA,NA,NA,NA,NA,NA,NA,NA,NA,NA,NA,NA,NA,NA,NA,NA,NA,NA,NA,NA,NA,NA,NA,NA
Guatemala,2021,COE,auction,NA,https://allianceforcoffeeexcellence.org/guatemala-2021/,2,8,Montaña Helada,89.22,527,$25.10,"$13,227.70","Foosung HDS, Sydney Coffee Business, LaB Coffee & Rosters",NA,success,NA,NA,NA,NA,NA,NA,NA,NA,NA,NA,NA,NA,NA,NA,NA,NA,NA,NA,NA,NA,NA,NA,NA,NA,NA,NA,NA,NA,NA,NA,NA,NA,NA,NA,NA,NA,NA,NA,NA,NA,NA,NA,NA,NA,NA,NA,NA,NA,NA,NA,NA,NA,NA,NA,NA,NA,NA,NA
Guatemala,2021,COE,auction,NA,https://allianceforcoffeeexcellence.org/guatemala-2021/,2,9,Kape´Tenango,89.07,633.5,$21.20,"$13,430.20",Terarosa (Haksan Co. Ltd),NA,success,NA,NA,NA,NA,NA,NA,NA,NA,NA,NA,NA,NA,NA,NA,NA,NA,NA,NA,NA,NA,NA,NA,NA,NA,NA,NA,NA,NA,NA,NA,NA,NA,NA,NA,NA,NA,NA,NA,NA,NA,NA,NA,NA,NA,NA,NA,NA,NA,NA,NA,NA,NA,NA,NA,NA,NA,NA,NA
Guatemala,2021,COE,auction,NA,https://allianceforcoffeeexcellence.org/guatemala-2021/,2,10,El Guachipilin,88.76,1338.6,$25.00,"$33,465.00","Tashiro Coffee Co., Ltd",NA,success,NA,NA,NA,NA,NA,NA,NA,NA,NA,NA,NA,NA,NA,NA,NA,NA,NA,NA,NA,NA,NA,NA,NA,NA,NA,NA,NA,NA,NA,NA,NA,NA,NA,NA,NA,NA,NA,NA,NA,NA,NA,NA,NA,NA,NA,NA,NA,NA,NA,NA,NA,NA,NA,NA,NA,NA,NA,NA
Guatemala,2021,COE,auction,NA,https://allianceforcoffeeexcellence.org/guatemala-2021/,2,11,El Amate Y Anexos,88.11,595.2,$20.20,"$12,023.04",Onyx Coffee LLC,NA,success,NA,NA,NA,NA,NA,NA,NA,NA,NA,NA,NA,NA,NA,NA,NA,NA,NA,NA,NA,NA,NA,NA,NA,NA,NA,NA,NA,NA,NA,NA,NA,NA,NA,NA,NA,NA,NA,NA,NA,NA,NA,NA,NA,NA,NA,NA,NA,NA,NA,NA,NA,NA,NA,NA,NA,NA,NA,NA
Guatemala,2021,COE,auction,NA,https://allianceforcoffeeexcellence.org/guatemala-2021/,2,12,La Bella,88.07,475,$27.10,"$12,872.50","SHANGHAI CARMO TRADING CO. ,LTD(珈露梦咖啡）/啡常享Fejoy Coffee/青岛李想珈 / 东方国际商业（集团）有限公司",NA,success,NA,NA,NA,NA,NA,NA,NA,NA,NA,NA,NA,NA,NA,NA,NA,NA,NA,NA,NA,NA,NA,NA,NA,NA,NA,NA,NA,NA,NA,NA,NA,NA,NA,NA,NA,NA,NA,NA,NA,NA,NA,NA,NA,NA,NA,NA,NA,NA,NA,NA,NA,NA,NA,NA,NA,NA,NA,NA
Guatemala,2021,COE,auction,NA,https://allianceforcoffeeexcellence.org/guatemala-2021/,2,13,Ponderosa,88.03,1343.7,$17.20,"$23,111.64",Thood Qahwa LTD Co,NA,success,NA,NA,NA,NA,NA,NA,NA,NA,NA,NA,NA,NA,NA,NA,NA,NA,NA,NA,NA,NA,NA,NA,NA,NA,NA,NA,NA,NA,NA,NA,NA,NA,NA,NA,NA,NA,NA,NA,NA,NA,NA,NA,NA,NA,NA,NA,NA,NA,NA,NA,NA,NA,NA,NA,NA,NA,NA,NA
Guatemala,2021,COE,auction,NA,https://allianceforcoffeeexcellence.org/guatemala-2021/,2,14,San Patricio El Limon,88.01,598,$15.60,"$9,328.80","Wataru & Co., Ltd.",NA,success,NA,NA,NA,NA,NA,NA,NA,NA,NA,NA,NA,NA,NA,NA,NA,NA,NA,NA,NA,NA,NA,NA,NA,NA,NA,NA,NA,NA,NA,NA,NA,NA,NA,NA,NA,NA,NA,NA,NA,NA,NA,NA,NA,NA,NA,NA,NA,NA,NA,NA,NA,NA,NA,NA,NA,NA,NA,NA
Guatemala,2021,COE,auction,NA,https://allianceforcoffeeexcellence.org/guatemala-2021/,2,15,El Tambor,87.93,1069.5,$15.00,"$16,042.50","Wataru & Co., Ltd.",NA,success,NA,NA,NA,NA,NA,NA,NA,NA,NA,NA,NA,NA,NA,NA,NA,NA,NA,NA,NA,NA,NA,NA,NA,NA,NA,NA,NA,NA,NA,NA,NA,NA,NA,NA,NA,NA,NA,NA,NA,NA,NA,NA,NA,NA,NA,NA,NA,NA,NA,NA,NA,NA,NA,NA,NA,NA,NA,NA
Guatemala,2021,COE,auction,NA,https://allianceforcoffeeexcellence.org/guatemala-2021/,2,16,Plan De La Vega,87.89,1044.5,$17.50,"$18,278.75",Ecom Japan Limited,NA,success,NA,NA,NA,NA,NA,NA,NA,NA,NA,NA,NA,NA,NA,NA,NA,NA,NA,NA,NA,NA,NA,NA,NA,NA,NA,NA,NA,NA,NA,NA,NA,NA,NA,NA,NA,NA,NA,NA,NA,NA,NA,NA,NA,NA,NA,NA,NA,NA,NA,NA,NA,NA,NA,NA,NA,NA,NA,NA
Guatemala,2021,COE,auction,NA,https://allianceforcoffeeexcellence.org/guatemala-2021/,2,17,San Antonio De Esquipulas Y Anexo,87.64,616.7,$14.90,"$9,188.83","Wataru & Co., Ltd.",NA,success,NA,NA,NA,NA,NA,NA,NA,NA,NA,NA,NA,NA,NA,NA,NA,NA,NA,NA,NA,NA,NA,NA,NA,NA,NA,NA,NA,NA,NA,NA,NA,NA,NA,NA,NA,NA,NA,NA,NA,NA,NA,NA,NA,NA,NA,NA,NA,NA,NA,NA,NA,NA,NA,NA,NA,NA,NA,NA
Guatemala,2021,COE,auction,NA,https://allianceforcoffeeexcellence.org/guatemala-2021/,2,18,Bella Elizabeth,87.57,686.8,$17.50,"$12,019.00",ECOM Japan Limited for Voila Coffee,NA,success,NA,NA,NA,NA,NA,NA,NA,NA,NA,NA,NA,NA,NA,NA,NA,NA,NA,NA,NA,NA,NA,NA,NA,NA,NA,NA,NA,NA,NA,NA,NA,NA,NA,NA,NA,NA,NA,NA,NA,NA,NA,NA,NA,NA,NA,NA,NA,NA,NA,NA,NA,NA,NA,NA,NA,NA,NA,NA
Guatemala,2021,COE,auction,NA,https://allianceforcoffeeexcellence.org/guatemala-2021/,2,19,Santa Clara,87.56,437.4,$17.80,"$7,785.72","Bless Bean(South Korea), DNU Coffee",NA,success,NA,NA,NA,NA,NA,NA,NA,NA,NA,NA,NA,NA,NA,NA,NA,NA,NA,NA,NA,NA,NA,NA,NA,NA,NA,NA,NA,NA,NA,NA,NA,NA,NA,NA,NA,NA,NA,NA,NA,NA,NA,NA,NA,NA,NA,NA,NA,NA,NA,NA,NA,NA,NA,NA,NA,NA,NA,NA
Guatemala,2021,COE,auction,NA,https://allianceforcoffeeexcellence.org/guatemala-2021/,2,20,Guatalon,87.56,749.8,$17.30,"$12,971.54",Mercanta Ltd,NA,success,NA,NA,NA,NA,NA,NA,NA,NA,NA,NA,NA,NA,NA,NA,NA,NA,NA,NA,NA,NA,NA,NA,NA,NA,NA,NA,NA,NA,NA,NA,NA,NA,NA,NA,NA,NA,NA,NA,NA,NA,NA,NA,NA,NA,NA,NA,NA,NA,NA,NA,NA,NA,NA,NA,NA,NA,NA,NA
Guatemala,2021,COE,auction,NA,https://allianceforcoffeeexcellence.org/guatemala-2021/,2,21,La Hermosa,87.49,1408.9,$20.20,"$28,459.78",The Few Coffee and Goods & 北京啡旗咖啡La Primax,NA,success,NA,NA,NA,NA,NA,NA,NA,NA,NA,NA,NA,NA,NA,NA,NA,NA,NA,NA,NA,NA,NA,NA,NA,NA,NA,NA,NA,NA,NA,NA,NA,NA,NA,NA,NA,NA,NA,NA,NA,NA,NA,NA,NA,NA,NA,NA,NA,NA,NA,NA,NA,NA,NA,NA,NA,NA,NA,NA
Guatemala,2021,COE,auction,NA,https://allianceforcoffeeexcellence.org/guatemala-2021/,2,22,El Refugio,87.46,1292.3,$17.00,"$21,969.10",Latorre & Dutch Coffee (China) for 领地 La Finca,NA,success,NA,NA,NA,NA,NA,NA,NA,NA,NA,NA,NA,NA,NA,NA,NA,NA,NA,NA,NA,NA,NA,NA,NA,NA,NA,NA,NA,NA,NA,NA,NA,NA,NA,NA,NA,NA,NA,NA,NA,NA,NA,NA,NA,NA,NA,NA,NA,NA,NA,NA,NA,NA,NA,NA,NA,NA,NA,NA
Guatemala,2021,COE,auction,NA,https://allianceforcoffeeexcellence.org/guatemala-2021/,2,23,Miramundo,87.44,607.1,$17.10,"$10,381.41",Latorre & Dutch Coffee (China) for Fisher Coffee,NA,success,NA,NA,NA,NA,NA,NA,NA,NA,NA,NA,NA,NA,NA,NA,NA,NA,NA,NA,NA,NA,NA,NA,NA,NA,NA,NA,NA,NA,NA,NA,NA,NA,NA,NA,NA,NA,NA,NA,NA,NA,NA,NA,NA,NA,NA,NA,NA,NA,NA,NA,NA,NA,NA,NA,NA,NA,NA,NA
Guatemala,2021,COE,auction,NA,https://allianceforcoffeeexcellence.org/guatemala-2021/,2,24,El Limonar,87.44,583.3,$18.50,"$10,791.05","TOA COFFEE Co.,Ltd.",NA,success,NA,NA,NA,NA,NA,NA,NA,NA,NA,NA,NA,NA,NA,NA,NA,NA,NA,NA,NA,NA,NA,NA,NA,NA,NA,NA,NA,NA,NA,NA,NA,NA,NA,NA,NA,NA,NA,NA,NA,NA,NA,NA,NA,NA,NA,NA,NA,NA,NA,NA,NA,NA,NA,NA,NA,NA,NA,NA
Guatemala,2021,COE,auction,NA,https://allianceforcoffeeexcellence.org/guatemala-2021/,2,25,Villaure,87.33,529.1,$14.60,"$7,724.86","Wataru & Co., Ltd.",NA,success,NA,NA,NA,NA,NA,NA,NA,NA,NA,NA,NA,NA,NA,NA,NA,NA,NA,NA,NA,NA,NA,NA,NA,NA,NA,NA,NA,NA,NA,NA,NA,NA,NA,NA,NA,NA,NA,NA,NA,NA,NA,NA,NA,NA,NA,NA,NA,NA,NA,NA,NA,NA,NA,NA,NA,NA,NA,NA
Guatemala,2021,COE,auction,NA,https://allianceforcoffeeexcellence.org/guatemala-2021/,2,26,Flor Del Cafe,87.32,1382.3,$20.10,"$27,784.23","S.O.E COFFEE, 北京琳渺Linkmore咖啡生豆, 北京啡旗咖啡 La Primax, 云南际遇Yunnan Happen stance",NA,success,NA,NA,NA,NA,NA,NA,NA,NA,NA,NA,NA,NA,NA,NA,NA,NA,NA,NA,NA,NA,NA,NA,NA,NA,NA,NA,NA,NA,NA,NA,NA,NA,NA,NA,NA,NA,NA,NA,NA,NA,NA,NA,NA,NA,NA,NA,NA,NA,NA,NA,NA,NA,NA,NA,NA,NA,NA,NA
Guatemala,2021,COE,auction,NA,https://allianceforcoffeeexcellence.org/guatemala-2021/,2,27,Mujba-La Union,87.24,796.6,$14.80,"$11,789.68",Kyokuto Fadie Corporation,NA,success,NA,NA,NA,NA,NA,NA,NA,NA,NA,NA,NA,NA,NA,NA,NA,NA,NA,NA,NA,NA,NA,NA,NA,NA,NA,NA,NA,NA,NA,NA,NA,NA,NA,NA,NA,NA,NA,NA,NA,NA,NA,NA,NA,NA,NA,NA,NA,NA,NA,NA,NA,NA,NA,NA,NA,NA,NA,NA
Guatemala,2021,COE,auction,NA,https://allianceforcoffeeexcellence.org/guatemala-2021/,2,28,El Diamante,87.04,537.1,$14.90,"$8,002.79",TAKAMURA COFFEE ROASTERS,NA,success,NA,NA,NA,NA,NA,NA,NA,NA,NA,NA,NA,NA,NA,NA,NA,NA,NA,NA,NA,NA,NA,NA,NA,NA,NA,NA,NA,NA,NA,NA,NA,NA,NA,NA,NA,NA,NA,NA,NA,NA,NA,NA,NA,NA,NA,NA,NA,NA,NA,NA,NA,NA,NA,NA,NA,NA,NA,NA
Guatemala,2021,COE,auction,NA,https://allianceforcoffeeexcellence.org/guatemala-2021/,2,Totals:,,,22152.70,$22.80/lb,"$504,999.07",,NA,success,NA,NA,NA,NA,NA,NA,NA,NA,NA,NA,NA,NA,NA,NA,NA,NA,NA,NA,NA,NA,NA,NA,NA,NA,NA,NA,NA,NA,NA,NA,NA,NA,NA,NA,NA,NA,NA,NA,NA,NA,NA,NA,NA,NA,NA,NA,NA,NA,NA,NA,NA,NA,NA,NA,NA,NA,NA,NA
Guatemala,2021,NW,auction,NA,https://allianceforcoffeeexcellence.org/guatemala-2021/,4,NW,Los Guayabales,86.99,529.10,$5.90,"$3,121.69",NA,"Wataru & Co., Ltd.",success,NA,NA,NA,NA,NA,NA,NA,NA,NA,NA,NA,NA,NA,NA,NA,NA,NA,NA,NA,NA,NA,NA,NA,NA,NA,NA,NA,NA,NA,NA,NA,NA,NA,NA,NA,NA,NA,NA,NA,NA,NA,NA,NA,NA,NA,NA,NA,NA,NA,NA,NA,NA,NA,NA,NA,NA,NA,NA
Guatemala,2021,NW,auction,NA,https://allianceforcoffeeexcellence.org/guatemala-2021/,4,NW,Antigua El Semillero,86.94,557.98,$15.50,"$8,648.69",NA,"Orsir Coffee Co., Ltd.",success,NA,NA,NA,NA,NA,NA,NA,NA,NA,NA,NA,NA,NA,NA,NA,NA,NA,NA,NA,NA,NA,NA,NA,NA,NA,NA,NA,NA,NA,NA,NA,NA,NA,NA,NA,NA,NA,NA,NA,NA,NA,NA,NA,NA,NA,NA,NA,NA,NA,NA,NA,NA,NA,NA,NA,NA,NA,NA
Guatemala,2021,NW,auction,NA,https://allianceforcoffeeexcellence.org/guatemala-2021/,4,NW,La Esperanza,86.78,673.2,$6.20,"$4,173.84",NA,"Wataru & Co., Ltd.",success,NA,NA,NA,NA,NA,NA,NA,NA,NA,NA,NA,NA,NA,NA,NA,NA,NA,NA,NA,NA,NA,NA,NA,NA,NA,NA,NA,NA,NA,NA,NA,NA,NA,NA,NA,NA,NA,NA,NA,NA,NA,NA,NA,NA,NA,NA,NA,NA,NA,NA,NA,NA,NA,NA,NA,NA,NA,NA
Guatemala,2021,NW,auction,NA,https://allianceforcoffeeexcellence.org/guatemala-2021/,4,NW,La Bugambilia,86.78,724.87,$4.80,"$3,479.38",NA,"cafe DAZAC, Eungubiro Roasters, Crema Costa",success,NA,NA,NA,NA,NA,NA,NA,NA,NA,NA,NA,NA,NA,NA,NA,NA,NA,NA,NA,NA,NA,NA,NA,NA,NA,NA,NA,NA,NA,NA,NA,NA,NA,NA,NA,NA,NA,NA,NA,NA,NA,NA,NA,NA,NA,NA,NA,NA,NA,NA,NA,NA,NA,NA,NA,NA,NA,NA
Guatemala,2021,NW,auction,NA,https://allianceforcoffeeexcellence.org/guatemala-2021/,4,NW,Los Aguacatones,86.72,562.17,$6.30,"$3,541.67",NA,ECOM Japan Limited for NOZY COFFEE,success,NA,NA,NA,NA,NA,NA,NA,NA,NA,NA,NA,NA,NA,NA,NA,NA,NA,NA,NA,NA,NA,NA,NA,NA,NA,NA,NA,NA,NA,NA,NA,NA,NA,NA,NA,NA,NA,NA,NA,NA,NA,NA,NA,NA,NA,NA,NA,NA,NA,NA,NA,NA,NA,NA,NA,NA,NA,NA
Guatemala,2021,NW,auction,NA,https://allianceforcoffeeexcellence.org/guatemala-2021/,4,NW,Las Flores,86.61,702.69,$5.90,"$4,145.87",NA,"Orsir Coffee Co., Ltd.",success,NA,NA,NA,NA,NA,NA,NA,NA,NA,NA,NA,NA,NA,NA,NA,NA,NA,NA,NA,NA,NA,NA,NA,NA,NA,NA,NA,NA,NA,NA,NA,NA,NA,NA,NA,NA,NA,NA,NA,NA,NA,NA,NA,NA,NA,NA,NA,NA,NA,NA,NA,NA,NA,NA,NA,NA,NA,NA
Guatemala,2021,NW,auction,NA,https://allianceforcoffeeexcellence.org/guatemala-2021/,4,NW,La Maravilla,86.6,601.24,$4.60,"$2,765.70",NA,Latorre&Dutch (China),success,NA,NA,NA,NA,NA,NA,NA,NA,NA,NA,NA,NA,NA,NA,NA,NA,NA,NA,NA,NA,NA,NA,NA,NA,NA,NA,NA,NA,NA,NA,NA,NA,NA,NA,NA,NA,NA,NA,NA,NA,NA,NA,NA,NA,NA,NA,NA,NA,NA,NA,NA,NA,NA,NA,NA,NA,NA,NA
Guatemala,2021,NW,auction,NA,https://allianceforcoffeeexcellence.org/guatemala-2021/,4,NW,Rio Arriba,86.5,723.06,$4.70,"$3,398.38",NA,"Tashiro Coffee Co., Ltd",success,NA,NA,NA,NA,NA,NA,NA,NA,NA,NA,NA,NA,NA,NA,NA,NA,NA,NA,NA,NA,NA,NA,NA,NA,NA,NA,NA,NA,NA,NA,NA,NA,NA,NA,NA,NA,NA,NA,NA,NA,NA,NA,NA,NA,NA,NA,NA,NA,NA,NA,NA,NA,NA,NA,NA,NA,NA,NA
Guatemala,2021,NW,auction,NA,https://allianceforcoffeeexcellence.org/guatemala-2021/,4,NW,Moritas Vista Real,86.19,682.28,$5.40,"$3,684.31",NA,Nagahama Coffee Inc.,success,NA,NA,NA,NA,NA,NA,NA,NA,NA,NA,NA,NA,NA,NA,NA,NA,NA,NA,NA,NA,NA,NA,NA,NA,NA,NA,NA,NA,NA,NA,NA,NA,NA,NA,NA,NA,NA,NA,NA,NA,NA,NA,NA,NA,NA,NA,NA,NA,NA,NA,NA,NA,NA,NA,NA,NA,NA,NA
Guatemala,2021,NW,auction,NA,https://allianceforcoffeeexcellence.org/guatemala-2021/,4,NW,,Totals,5756.59,$6.42/lb,"$36,959.53",NA,,success,NA,NA,NA,NA,NA,NA,NA,NA,NA,NA,NA,NA,NA,NA,NA,NA,NA,NA,NA,NA,NA,NA,NA,NA,NA,NA,NA,NA,NA,NA,NA,NA,NA,NA,NA,NA,NA,NA,NA,NA,NA,NA,NA,NA,NA,NA,NA,NA,NA,NA,NA,NA,NA,NA,NA,NA,NA,NA
Honduras,2021,COE,auction,NA,https://allianceforcoffeeexcellence.org/honduras-2021/,2,1a,Finca Santa Lucia,90.67,330.69,$58.50,"$19,345.37",Orsir Coffee & Taiwan Roasters Network,NA,success,NA,NA,NA,NA,NA,NA,NA,NA,NA,NA,NA,NA,NA,NA,NA,NA,NA,NA,NA,NA,NA,NA,NA,NA,NA,NA,NA,NA,NA,NA,NA,NA,NA,NA,NA,NA,NA,NA,NA,NA,NA,NA,NA,NA,NA,NA,NA,NA,NA,NA,NA,NA,NA,NA,NA,NA,NA,NA
Honduras,2021,COE,auction,NA,https://allianceforcoffeeexcellence.org/honduras-2021/,2,1b,Finca Santa Lucia,90.67,264.55,$59.00,"$15,608.45",Time’s Club & Coffee Libre,NA,success,NA,NA,NA,NA,NA,NA,NA,NA,NA,NA,NA,NA,NA,NA,NA,NA,NA,NA,NA,NA,NA,NA,NA,NA,NA,NA,NA,NA,NA,NA,NA,NA,NA,NA,NA,NA,NA,NA,NA,NA,NA,NA,NA,NA,NA,NA,NA,NA,NA,NA,NA,NA,NA,NA,NA,NA,NA,NA
Honduras,2021,COE,auction,NA,https://allianceforcoffeeexcellence.org/honduras-2021/,2,2a,Platanares,90.4,330.69,$75.20,"$24,867.89",BIGFACE,NA,success,NA,NA,NA,NA,NA,NA,NA,NA,NA,NA,NA,NA,NA,NA,NA,NA,NA,NA,NA,NA,NA,NA,NA,NA,NA,NA,NA,NA,NA,NA,NA,NA,NA,NA,NA,NA,NA,NA,NA,NA,NA,NA,NA,NA,NA,NA,NA,NA,NA,NA,NA,NA,NA,NA,NA,NA,NA,NA
Honduras,2021,COE,auction,NA,https://allianceforcoffeeexcellence.org/honduras-2021/,2,2b,Platanares,90.4,330.69,$75.10,"$24,834.82","NOZY COFFEE Co., Ltd",NA,success,NA,NA,NA,NA,NA,NA,NA,NA,NA,NA,NA,NA,NA,NA,NA,NA,NA,NA,NA,NA,NA,NA,NA,NA,NA,NA,NA,NA,NA,NA,NA,NA,NA,NA,NA,NA,NA,NA,NA,NA,NA,NA,NA,NA,NA,NA,NA,NA,NA,NA,NA,NA,NA,NA,NA,NA,NA,NA
Honduras,2021,COE,auction,NA,https://allianceforcoffeeexcellence.org/honduras-2021/,2,3a,Los Pinos,90.37,264.55,$62.20,"$16,455.01",BIGFACE,NA,success,NA,NA,NA,NA,NA,NA,NA,NA,NA,NA,NA,NA,NA,NA,NA,NA,NA,NA,NA,NA,NA,NA,NA,NA,NA,NA,NA,NA,NA,NA,NA,NA,NA,NA,NA,NA,NA,NA,NA,NA,NA,NA,NA,NA,NA,NA,NA,NA,NA,NA,NA,NA,NA,NA,NA,NA,NA,NA
Honduras,2021,COE,auction,NA,https://allianceforcoffeeexcellence.org/honduras-2021/,2,3b,Los Pinos,90.37,264.55,$62.00,"$16,402.10","NOZY COFFEE Co., Ltd",NA,success,NA,NA,NA,NA,NA,NA,NA,NA,NA,NA,NA,NA,NA,NA,NA,NA,NA,NA,NA,NA,NA,NA,NA,NA,NA,NA,NA,NA,NA,NA,NA,NA,NA,NA,NA,NA,NA,NA,NA,NA,NA,NA,NA,NA,NA,NA,NA,NA,NA,NA,NA,NA,NA,NA,NA,NA,NA,NA
Honduras,2021,COE,auction,NA,https://allianceforcoffeeexcellence.org/honduras-2021/,2,4,El Sauce,90.17,628.32,$50.40,"$31,667.33",BIGFACE,NA,success,NA,NA,NA,NA,NA,NA,NA,NA,NA,NA,NA,NA,NA,NA,NA,NA,NA,NA,NA,NA,NA,NA,NA,NA,NA,NA,NA,NA,NA,NA,NA,NA,NA,NA,NA,NA,NA,NA,NA,NA,NA,NA,NA,NA,NA,NA,NA,NA,NA,NA,NA,NA,NA,NA,NA,NA,NA,NA
Honduras,2021,COE,auction,NA,https://allianceforcoffeeexcellence.org/honduras-2021/,2,5,La Salsa,90.07,529.11,$50.50,"$26,720.06",Sarutahiko Coffee Inc.,NA,success,NA,NA,NA,NA,NA,NA,NA,NA,NA,NA,NA,NA,NA,NA,NA,NA,NA,NA,NA,NA,NA,NA,NA,NA,NA,NA,NA,NA,NA,NA,NA,NA,NA,NA,NA,NA,NA,NA,NA,NA,NA,NA,NA,NA,NA,NA,NA,NA,NA,NA,NA,NA,NA,NA,NA,NA,NA,NA
Honduras,2021,COE,auction,NA,https://allianceforcoffeeexcellence.org/honduras-2021/,2,6,El Carbonal,90.07,793.66,$29.20,"$23,174.87","Coffee Libre, Time’s Club",NA,success,NA,NA,NA,NA,NA,NA,NA,NA,NA,NA,NA,NA,NA,NA,NA,NA,NA,NA,NA,NA,NA,NA,NA,NA,NA,NA,NA,NA,NA,NA,NA,NA,NA,NA,NA,NA,NA,NA,NA,NA,NA,NA,NA,NA,NA,NA,NA,NA,NA,NA,NA,NA,NA,NA,NA,NA,NA,NA
Honduras,2021,COE,auction,NA,https://allianceforcoffeeexcellence.org/honduras-2021/,2,7,El Rubí,89.57,992.08,$20.70,"$20,536.06","Spirit Animal Coffee, LLC, The ESPRESSO LAB, COFFEE BROS, Taf Coffee",NA,success,NA,NA,NA,NA,NA,NA,NA,NA,NA,NA,NA,NA,NA,NA,NA,NA,NA,NA,NA,NA,NA,NA,NA,NA,NA,NA,NA,NA,NA,NA,NA,NA,NA,NA,NA,NA,NA,NA,NA,NA,NA,NA,NA,NA,NA,NA,NA,NA,NA,NA,NA,NA,NA,NA,NA,NA,NA,NA
Honduras,2021,COE,auction,NA,https://allianceforcoffeeexcellence.org/honduras-2021/,2,8,El Litacayo,89.33,562.18,$25.70,"$14,448.03",27 Coffee Roasters (Kasai Coffee),NA,success,NA,NA,NA,NA,NA,NA,NA,NA,NA,NA,NA,NA,NA,NA,NA,NA,NA,NA,NA,NA,NA,NA,NA,NA,NA,NA,NA,NA,NA,NA,NA,NA,NA,NA,NA,NA,NA,NA,NA,NA,NA,NA,NA,NA,NA,NA,NA,NA,NA,NA,NA,NA,NA,NA,NA,NA,NA,NA
Honduras,2021,COE,auction,NA,https://allianceforcoffeeexcellence.org/honduras-2021/,2,9,Las Virginias,89.03,595.25,$25.20,"$15,000.30",Wataru for ROKUMEI COFFEE CO.,NA,success,NA,NA,NA,NA,NA,NA,NA,NA,NA,NA,NA,NA,NA,NA,NA,NA,NA,NA,NA,NA,NA,NA,NA,NA,NA,NA,NA,NA,NA,NA,NA,NA,NA,NA,NA,NA,NA,NA,NA,NA,NA,NA,NA,NA,NA,NA,NA,NA,NA,NA,NA,NA,NA,NA,NA,NA,NA,NA
Honduras,2021,COE,auction,NA,https://allianceforcoffeeexcellence.org/honduras-2021/,2,10,La Piedrona lote #1,88.33,727.52,$13.20,"$9,603.26","Wataru & Co., Ltd.",NA,success,NA,NA,NA,NA,NA,NA,NA,NA,NA,NA,NA,NA,NA,NA,NA,NA,NA,NA,NA,NA,NA,NA,NA,NA,NA,NA,NA,NA,NA,NA,NA,NA,NA,NA,NA,NA,NA,NA,NA,NA,NA,NA,NA,NA,NA,NA,NA,NA,NA,NA,NA,NA,NA,NA,NA,NA,NA,NA
Honduras,2021,COE,auction,NA,https://allianceforcoffeeexcellence.org/honduras-2021/,2,11,La Huerta #1,88.23,529.11,$24.20,"$12,804.46","Japan Roasters’ Network, UCHIDA COFFEE CREAR, yoshinori coffee",NA,success,NA,NA,NA,NA,NA,NA,NA,NA,NA,NA,NA,NA,NA,NA,NA,NA,NA,NA,NA,NA,NA,NA,NA,NA,NA,NA,NA,NA,NA,NA,NA,NA,NA,NA,NA,NA,NA,NA,NA,NA,NA,NA,NA,NA,NA,NA,NA,NA,NA,NA,NA,NA,NA,NA,NA,NA,NA,NA
Honduras,2021,COE,auction,NA,https://allianceforcoffeeexcellence.org/honduras-2021/,2,12,Virginia,88.13,826.73,$20.50,"$16,947.97","S.O.E COFFEE, 北京琳渺Linkmore咖啡生豆, 云南际遇Yunnan Happen stance",NA,success,NA,NA,NA,NA,NA,NA,NA,NA,NA,NA,NA,NA,NA,NA,NA,NA,NA,NA,NA,NA,NA,NA,NA,NA,NA,NA,NA,NA,NA,NA,NA,NA,NA,NA,NA,NA,NA,NA,NA,NA,NA,NA,NA,NA,NA,NA,NA,NA,NA,NA,NA,NA,NA,NA,NA,NA,NA,NA
Honduras,2021,COE,auction,NA,https://allianceforcoffeeexcellence.org/honduras-2021/,2,13,Cielito Lindo,88.13,760.59,$20.40,"$15,516.04",Kyokuto Fadie Corporation,NA,success,NA,NA,NA,NA,NA,NA,NA,NA,NA,NA,NA,NA,NA,NA,NA,NA,NA,NA,NA,NA,NA,NA,NA,NA,NA,NA,NA,NA,NA,NA,NA,NA,NA,NA,NA,NA,NA,NA,NA,NA,NA,NA,NA,NA,NA,NA,NA,NA,NA,NA,NA,NA,NA,NA,NA,NA,NA,NA
Honduras,2021,COE,auction,NA,https://allianceforcoffeeexcellence.org/honduras-2021/,2,14,Los Tongos,88.1,892.87,$20.70,"$18,482.41",MOMOS COFFEE,NA,success,NA,NA,NA,NA,NA,NA,NA,NA,NA,NA,NA,NA,NA,NA,NA,NA,NA,NA,NA,NA,NA,NA,NA,NA,NA,NA,NA,NA,NA,NA,NA,NA,NA,NA,NA,NA,NA,NA,NA,NA,NA,NA,NA,NA,NA,NA,NA,NA,NA,NA,NA,NA,NA,NA,NA,NA,NA,NA
Honduras,2021,COE,auction,NA,https://allianceforcoffeeexcellence.org/honduras-2021/,2,15,Don Andres,87.97,462.97,$33.20,"$15,370.60",27 Coffee Roasters (Kasai Coffee),NA,success,NA,NA,NA,NA,NA,NA,NA,NA,NA,NA,NA,NA,NA,NA,NA,NA,NA,NA,NA,NA,NA,NA,NA,NA,NA,NA,NA,NA,NA,NA,NA,NA,NA,NA,NA,NA,NA,NA,NA,NA,NA,NA,NA,NA,NA,NA,NA,NA,NA,NA,NA,NA,NA,NA,NA,NA,NA,NA
Honduras,2021,COE,auction,NA,https://allianceforcoffeeexcellence.org/honduras-2021/,2,16,Los Quetzales,87.83,462.97,$42.10,"$19,491.04",Orsir Coffee & Taiwan Roasters Network,NA,success,NA,NA,NA,NA,NA,NA,NA,NA,NA,NA,NA,NA,NA,NA,NA,NA,NA,NA,NA,NA,NA,NA,NA,NA,NA,NA,NA,NA,NA,NA,NA,NA,NA,NA,NA,NA,NA,NA,NA,NA,NA,NA,NA,NA,NA,NA,NA,NA,NA,NA,NA,NA,NA,NA,NA,NA,NA,NA
Honduras,2021,COE,auction,NA,https://allianceforcoffeeexcellence.org/honduras-2021/,2,17,La Platanera,87.8,396.83,$15.50,"$6,150.87","Wataru & Co., Ltd.",NA,success,NA,NA,NA,NA,NA,NA,NA,NA,NA,NA,NA,NA,NA,NA,NA,NA,NA,NA,NA,NA,NA,NA,NA,NA,NA,NA,NA,NA,NA,NA,NA,NA,NA,NA,NA,NA,NA,NA,NA,NA,NA,NA,NA,NA,NA,NA,NA,NA,NA,NA,NA,NA,NA,NA,NA,NA,NA,NA
Honduras,2021,COE,auction,NA,https://allianceforcoffeeexcellence.org/honduras-2021/,2,18,Los Colibries,87.67,859.8,$19.30,"$16,594.14",Kaffebrenneriet As,NA,success,NA,NA,NA,NA,NA,NA,NA,NA,NA,NA,NA,NA,NA,NA,NA,NA,NA,NA,NA,NA,NA,NA,NA,NA,NA,NA,NA,NA,NA,NA,NA,NA,NA,NA,NA,NA,NA,NA,NA,NA,NA,NA,NA,NA,NA,NA,NA,NA,NA,NA,NA,NA,NA,NA,NA,NA,NA,NA
Honduras,2021,COE,auction,NA,https://allianceforcoffeeexcellence.org/honduras-2021/,2,19,El Buen Sembrador,87.57,1223.56,$19.10,"$23,370.00","Wataru & Co., Ltd.",NA,success,NA,NA,NA,NA,NA,NA,NA,NA,NA,NA,NA,NA,NA,NA,NA,NA,NA,NA,NA,NA,NA,NA,NA,NA,NA,NA,NA,NA,NA,NA,NA,NA,NA,NA,NA,NA,NA,NA,NA,NA,NA,NA,NA,NA,NA,NA,NA,NA,NA,NA,NA,NA,NA,NA,NA,NA,NA,NA
Honduras,2021,COE,auction,NA,https://allianceforcoffeeexcellence.org/honduras-2021/,2,20,El Paraiso,87.5,661.39,$12.50,"$8,267.38","Wataru & Co., Ltd.",NA,success,NA,NA,NA,NA,NA,NA,NA,NA,NA,NA,NA,NA,NA,NA,NA,NA,NA,NA,NA,NA,NA,NA,NA,NA,NA,NA,NA,NA,NA,NA,NA,NA,NA,NA,NA,NA,NA,NA,NA,NA,NA,NA,NA,NA,NA,NA,NA,NA,NA,NA,NA,NA,NA,NA,NA,NA,NA,NA
Honduras,2021,COE,auction,NA,https://allianceforcoffeeexcellence.org/honduras-2021/,2,21,Liquidámbar,87.43,826.73,$17.20,"$14,219.76","Wataru & Co., Ltd.",NA,success,NA,NA,NA,NA,NA,NA,NA,NA,NA,NA,NA,NA,NA,NA,NA,NA,NA,NA,NA,NA,NA,NA,NA,NA,NA,NA,NA,NA,NA,NA,NA,NA,NA,NA,NA,NA,NA,NA,NA,NA,NA,NA,NA,NA,NA,NA,NA,NA,NA,NA,NA,NA,NA,NA,NA,NA,NA,NA
Honduras,2021,COE,auction,NA,https://allianceforcoffeeexcellence.org/honduras-2021/,2,22,Pacayalito,87.4,496.04,$24.10,"$11,954.56","Passenger, SEY, Swift Cup",NA,success,NA,NA,NA,NA,NA,NA,NA,NA,NA,NA,NA,NA,NA,NA,NA,NA,NA,NA,NA,NA,NA,NA,NA,NA,NA,NA,NA,NA,NA,NA,NA,NA,NA,NA,NA,NA,NA,NA,NA,NA,NA,NA,NA,NA,NA,NA,NA,NA,NA,NA,NA,NA,NA,NA,NA,NA,NA,NA
Honduras,2021,COE,auction,NA,https://allianceforcoffeeexcellence.org/honduras-2021/,2,23,El Plan,87.3,462.97,$15.10,"$6,990.85",Wataru for OGAWA COFFEE,NA,success,NA,NA,NA,NA,NA,NA,NA,NA,NA,NA,NA,NA,NA,NA,NA,NA,NA,NA,NA,NA,NA,NA,NA,NA,NA,NA,NA,NA,NA,NA,NA,NA,NA,NA,NA,NA,NA,NA,NA,NA,NA,NA,NA,NA,NA,NA,NA,NA,NA,NA,NA,NA,NA,NA,NA,NA,NA,NA
Honduras,2021,COE,auction,NA,https://allianceforcoffeeexcellence.org/honduras-2021/,2,24,Las Tres Peñas,87.2,661.39,$14.10,"$9,325.60",Wataru for ROKUMEI COFFEE CO.,NA,success,NA,NA,NA,NA,NA,NA,NA,NA,NA,NA,NA,NA,NA,NA,NA,NA,NA,NA,NA,NA,NA,NA,NA,NA,NA,NA,NA,NA,NA,NA,NA,NA,NA,NA,NA,NA,NA,NA,NA,NA,NA,NA,NA,NA,NA,NA,NA,NA,NA,NA,NA,NA,NA,NA,NA,NA,NA,NA
Honduras,2021,COE,auction,NA,https://allianceforcoffeeexcellence.org/honduras-2021/,2,25,Cerro Azul,87.07,595.25,$23.90,"$14,226.48",TAKAMURA COFFEE ROASTERS,NA,success,NA,NA,NA,NA,NA,NA,NA,NA,NA,NA,NA,NA,NA,NA,NA,NA,NA,NA,NA,NA,NA,NA,NA,NA,NA,NA,NA,NA,NA,NA,NA,NA,NA,NA,NA,NA,NA,NA,NA,NA,NA,NA,NA,NA,NA,NA,NA,NA,NA,NA,NA,NA,NA,NA,NA,NA,NA,NA
Honduras,2021,COE,auction,NA,https://allianceforcoffeeexcellence.org/honduras-2021/,2,Totals:,,,16733.04,$27.99/lb,"$468,375.71",,NA,success,NA,NA,NA,NA,NA,NA,NA,NA,NA,NA,NA,NA,NA,NA,NA,NA,NA,NA,NA,NA,NA,NA,NA,NA,NA,NA,NA,NA,NA,NA,NA,NA,NA,NA,NA,NA,NA,NA,NA,NA,NA,NA,NA,NA,NA,NA,NA,NA,NA,NA,NA,NA,NA,NA,NA,NA,NA,NA
Honduras,2021,NW,auction,NA,https://allianceforcoffeeexcellence.org/honduras-2021/,4,NW,La Victoria,86.83,"1,322.77",$8.40,"$11,111.27",NA,"Wataru & Co., Ltd.",success,NA,NA,NA,NA,NA,NA,NA,NA,NA,NA,NA,NA,NA,NA,NA,NA,NA,NA,NA,NA,NA,NA,NA,NA,NA,NA,NA,NA,NA,NA,NA,NA,NA,NA,NA,NA,NA,NA,NA,NA,NA,NA,NA,NA,NA,NA,NA,NA,NA,NA,NA,NA,NA,NA,NA,NA,NA,NA
Honduras,2021,NW,auction,NA,https://allianceforcoffeeexcellence.org/honduras-2021/,4,NW,Jeakeline,86.77,859.80,$6.40,"$5,502.72",NA,"Linking Coffee Co., Ltd.",success,NA,NA,NA,NA,NA,NA,NA,NA,NA,NA,NA,NA,NA,NA,NA,NA,NA,NA,NA,NA,NA,NA,NA,NA,NA,NA,NA,NA,NA,NA,NA,NA,NA,NA,NA,NA,NA,NA,NA,NA,NA,NA,NA,NA,NA,NA,NA,NA,NA,NA,NA,NA,NA,NA,NA,NA,NA,NA
Honduras,2021,NW,auction,NA,https://allianceforcoffeeexcellence.org/honduras-2021/,4,NW,Nueva Luz,86.7,661.39,$8.00,"$5,291.12",NA,"Wataru & Co., Ltd.",success,NA,NA,NA,NA,NA,NA,NA,NA,NA,NA,NA,NA,NA,NA,NA,NA,NA,NA,NA,NA,NA,NA,NA,NA,NA,NA,NA,NA,NA,NA,NA,NA,NA,NA,NA,NA,NA,NA,NA,NA,NA,NA,NA,NA,NA,NA,NA,NA,NA,NA,NA,NA,NA,NA,NA,NA,NA,NA
Honduras,2021,NW,auction,NA,https://allianceforcoffeeexcellence.org/honduras-2021/,4,NW,El Jericó,86.63,661.39,$6.50,"$4,299.04",NA,"Wataru & Co., Ltd.",success,NA,NA,NA,NA,NA,NA,NA,NA,NA,NA,NA,NA,NA,NA,NA,NA,NA,NA,NA,NA,NA,NA,NA,NA,NA,NA,NA,NA,NA,NA,NA,NA,NA,NA,NA,NA,NA,NA,NA,NA,NA,NA,NA,NA,NA,NA,NA,NA,NA,NA,NA,NA,NA,NA,NA,NA,NA,NA
Honduras,2021,NW,auction,NA,https://allianceforcoffeeexcellence.org/honduras-2021/,4,NW,Ciruelo,86.3,462.97,$5.10,"$2,361.15",NA,MARISSTELLA COFFEE,success,NA,NA,NA,NA,NA,NA,NA,NA,NA,NA,NA,NA,NA,NA,NA,NA,NA,NA,NA,NA,NA,NA,NA,NA,NA,NA,NA,NA,NA,NA,NA,NA,NA,NA,NA,NA,NA,NA,NA,NA,NA,NA,NA,NA,NA,NA,NA,NA,NA,NA,NA,NA,NA,NA,NA,NA,NA,NA
Honduras,2021,NW,auction,NA,https://allianceforcoffeeexcellence.org/honduras-2021/,4,NW,La Huerta # 2,85.77,595.25,$4.30,"$2,559.58",NA,Nagahama Coffee Inc.,success,NA,NA,NA,NA,NA,NA,NA,NA,NA,NA,NA,NA,NA,NA,NA,NA,NA,NA,NA,NA,NA,NA,NA,NA,NA,NA,NA,NA,NA,NA,NA,NA,NA,NA,NA,NA,NA,NA,NA,NA,NA,NA,NA,NA,NA,NA,NA,NA,NA,NA,NA,NA,NA,NA,NA,NA,NA,NA
Honduras,2021,NW,auction,NA,https://allianceforcoffeeexcellence.org/honduras-2021/,4,NW,La Pacaya,85.91,727.52,$4.00,"$2,910.08",NA,MARISSTELLA COFFEE,success,NA,NA,NA,NA,NA,NA,NA,NA,NA,NA,NA,NA,NA,NA,NA,NA,NA,NA,NA,NA,NA,NA,NA,NA,NA,NA,NA,NA,NA,NA,NA,NA,NA,NA,NA,NA,NA,NA,NA,NA,NA,NA,NA,NA,NA,NA,NA,NA,NA,NA,NA,NA,NA,NA,NA,NA,NA,NA
Honduras,2021,NW,auction,NA,https://allianceforcoffeeexcellence.org/honduras-2021/,4,NW,,Totals:,"5,291.09",$6.43/lb,"$34,034.96",NA,,success,NA,NA,NA,NA,NA,NA,NA,NA,NA,NA,NA,NA,NA,NA,NA,NA,NA,NA,NA,NA,NA,NA,NA,NA,NA,NA,NA,NA,NA,NA,NA,NA,NA,NA,NA,NA,NA,NA,NA,NA,NA,NA,NA,NA,NA,NA,NA,NA,NA,NA,NA,NA,NA,NA,NA,NA,NA,NA
Indonesia,2021,COE,auction,NA,https://allianceforcoffeeexcellence.org/indonesia-2021/,2,1,Pantan Musara,89.28,462.97,$80.00,"$37,037.60",Wataru for YAMATOYA COFFEE,NA,success,NA,NA,NA,NA,NA,NA,NA,NA,NA,NA,NA,NA,NA,NA,NA,NA,NA,NA,NA,NA,NA,NA,NA,NA,NA,NA,NA,NA,NA,NA,NA,NA,NA,NA,NA,NA,NA,NA,NA,NA,NA,NA,NA,NA,NA,NA,NA,NA,NA,NA,NA,NA,NA,NA,NA,NA,NA,NA
Indonesia,2021,COE,auction,NA,https://allianceforcoffeeexcellence.org/indonesia-2021/,2,2,Ibun Ita,89.04,410.06,$65.20,"$26,735.91",Proud Mary Coffee Roasters,NA,success,NA,NA,NA,NA,NA,NA,NA,NA,NA,NA,NA,NA,NA,NA,NA,NA,NA,NA,NA,NA,NA,NA,NA,NA,NA,NA,NA,NA,NA,NA,NA,NA,NA,NA,NA,NA,NA,NA,NA,NA,NA,NA,NA,NA,NA,NA,NA,NA,NA,NA,NA,NA,NA,NA,NA,NA,NA,NA
Indonesia,2021,COE,auction,NA,https://allianceforcoffeeexcellence.org/indonesia-2021/,2,3,Pantan Musara,88.89,577.61,$69.10,"$39,912.85",Terarosa (Haksan Co. Ltd),NA,success,NA,NA,NA,NA,NA,NA,NA,NA,NA,NA,NA,NA,NA,NA,NA,NA,NA,NA,NA,NA,NA,NA,NA,NA,NA,NA,NA,NA,NA,NA,NA,NA,NA,NA,NA,NA,NA,NA,NA,NA,NA,NA,NA,NA,NA,NA,NA,NA,NA,NA,NA,NA,NA,NA,NA,NA,NA,NA
Indonesia,2021,COE,auction,NA,https://allianceforcoffeeexcellence.org/indonesia-2021/,2,4,Ijen Lestari,88.75,791.46,$35.20,"$27,860.80",SUPREMO COFFEE,NA,success,NA,NA,NA,NA,NA,NA,NA,NA,NA,NA,NA,NA,NA,NA,NA,NA,NA,NA,NA,NA,NA,NA,NA,NA,NA,NA,NA,NA,NA,NA,NA,NA,NA,NA,NA,NA,NA,NA,NA,NA,NA,NA,NA,NA,NA,NA,NA,NA,NA,NA,NA,NA,NA,NA,NA,NA,NA,NA
Indonesia,2021,COE,auction,NA,https://allianceforcoffeeexcellence.org/indonesia-2021/,2,5,Ibun Yudi,88.58,454.15,$25.10,"$11,399.17",Latorre&Dutch (China) for Cut Hand Group（剁手咖啡群）/ Gee Coffee,NA,success,NA,NA,NA,NA,NA,NA,NA,NA,NA,NA,NA,NA,NA,NA,NA,NA,NA,NA,NA,NA,NA,NA,NA,NA,NA,NA,NA,NA,NA,NA,NA,NA,NA,NA,NA,NA,NA,NA,NA,NA,NA,NA,NA,NA,NA,NA,NA,NA,NA,NA,NA,NA,NA,NA,NA,NA,NA,NA
Indonesia,2021,COE,auction,NA,https://allianceforcoffeeexcellence.org/indonesia-2021/,2,6,Koperasi Koerintji Barokah,88.49,454.15,$21.70,"$9,855.06","MARISSTELLA COFFEE, INTELLIGENTSIA, RYANS COFFEE ROASTERS",NA,success,NA,NA,NA,NA,NA,NA,NA,NA,NA,NA,NA,NA,NA,NA,NA,NA,NA,NA,NA,NA,NA,NA,NA,NA,NA,NA,NA,NA,NA,NA,NA,NA,NA,NA,NA,NA,NA,NA,NA,NA,NA,NA,NA,NA,NA,NA,NA,NA,NA,NA,NA,NA,NA,NA,NA,NA,NA,NA
Indonesia,2021,COE,auction,NA,https://allianceforcoffeeexcellence.org/indonesia-2021/,2,7,Avatara Gayo,88.46,480.61,$45.20,"21,723.57",Blue Bottle Coffee,NA,success,NA,NA,NA,NA,NA,NA,NA,NA,NA,NA,NA,NA,NA,NA,NA,NA,NA,NA,NA,NA,NA,NA,NA,NA,NA,NA,NA,NA,NA,NA,NA,NA,NA,NA,NA,NA,NA,NA,NA,NA,NA,NA,NA,NA,NA,NA,NA,NA,NA,NA,NA,NA,NA,NA,NA,NA,NA,NA
Indonesia,2021,COE,auction,NA,https://allianceforcoffeeexcellence.org/indonesia-2021/,2,8,Kamojang,88.3,447.54,$19.20,"8,592.77","MUSEO Co., Ltd. // wondumyungga cafe de Jura alacarte // liike coffee",NA,success,NA,NA,NA,NA,NA,NA,NA,NA,NA,NA,NA,NA,NA,NA,NA,NA,NA,NA,NA,NA,NA,NA,NA,NA,NA,NA,NA,NA,NA,NA,NA,NA,NA,NA,NA,NA,NA,NA,NA,NA,NA,NA,NA,NA,NA,NA,NA,NA,NA,NA,NA,NA,NA,NA,NA,NA,NA,NA
Indonesia,2021,COE,auction,NA,https://allianceforcoffeeexcellence.org/indonesia-2021/,2,9,Topidi,88.25,416.67,$24.30,"10,125.08","Orsir Coffee Co., Ltd.",NA,success,NA,NA,NA,NA,NA,NA,NA,NA,NA,NA,NA,NA,NA,NA,NA,NA,NA,NA,NA,NA,NA,NA,NA,NA,NA,NA,NA,NA,NA,NA,NA,NA,NA,NA,NA,NA,NA,NA,NA,NA,NA,NA,NA,NA,NA,NA,NA,NA,NA,NA,NA,NA,NA,NA,NA,NA,NA,NA
Indonesia,2021,COE,auction,NA,https://allianceforcoffeeexcellence.org/indonesia-2021/,2,10,Lereng Gunung Argopuro Krucil,88.15,427.7,$24.20,"10,350.34",Herd Coffee Roaster. CARA Instant Coffee. Beska Beans. Mokka Coffee Roaster. Alliance for Coffee Excellence. Coffee Cherry. Coffee Drxx & Bean2Cup,NA,success,NA,NA,NA,NA,NA,NA,NA,NA,NA,NA,NA,NA,NA,NA,NA,NA,NA,NA,NA,NA,NA,NA,NA,NA,NA,NA,NA,NA,NA,NA,NA,NA,NA,NA,NA,NA,NA,NA,NA,NA,NA,NA,NA,NA,NA,NA,NA,NA,NA,NA,NA,NA,NA,NA,NA,NA,NA,NA
Indonesia,2021,COE,auction,NA,https://allianceforcoffeeexcellence.org/indonesia-2021/,2,11,Topidi,88.14,462.97,$18.60,"8,611.24","Wataru & Co., Ltd.",NA,success,NA,NA,NA,NA,NA,NA,NA,NA,NA,NA,NA,NA,NA,NA,NA,NA,NA,NA,NA,NA,NA,NA,NA,NA,NA,NA,NA,NA,NA,NA,NA,NA,NA,NA,NA,NA,NA,NA,NA,NA,NA,NA,NA,NA,NA,NA,NA,NA,NA,NA,NA,NA,NA,NA,NA,NA,NA,NA
Indonesia,2021,COE,auction,NA,https://allianceforcoffeeexcellence.org/indonesia-2021/,2,12,PT Sulotco Jaya Abadi,88.05,462.97,$19.30,"8,935.32","Tashiro Coffee Co., Ltd",NA,success,NA,NA,NA,NA,NA,NA,NA,NA,NA,NA,NA,NA,NA,NA,NA,NA,NA,NA,NA,NA,NA,NA,NA,NA,NA,NA,NA,NA,NA,NA,NA,NA,NA,NA,NA,NA,NA,NA,NA,NA,NA,NA,NA,NA,NA,NA,NA,NA,NA,NA,NA,NA,NA,NA,NA,NA,NA,NA
Indonesia,2021,COE,auction,NA,https://allianceforcoffeeexcellence.org/indonesia-2021/,2,13,Malabar Mountain Coffee,87.88,346.13,$32.20,"$11,145.39",Cometeer,NA,success,NA,NA,NA,NA,NA,NA,NA,NA,NA,NA,NA,NA,NA,NA,NA,NA,NA,NA,NA,NA,NA,NA,NA,NA,NA,NA,NA,NA,NA,NA,NA,NA,NA,NA,NA,NA,NA,NA,NA,NA,NA,NA,NA,NA,NA,NA,NA,NA,NA,NA,NA,NA,NA,NA,NA,NA,NA,NA
Indonesia,2021,COE,auction,NA,https://allianceforcoffeeexcellence.org/indonesia-2021/,2,14,Baru Dadap Petak 46,87.76,522.5,$22.60,"$11,808.50",Kopikina Coffee Roaster,NA,success,NA,NA,NA,NA,NA,NA,NA,NA,NA,NA,NA,NA,NA,NA,NA,NA,NA,NA,NA,NA,NA,NA,NA,NA,NA,NA,NA,NA,NA,NA,NA,NA,NA,NA,NA,NA,NA,NA,NA,NA,NA,NA,NA,NA,NA,NA,NA,NA,NA,NA,NA,NA,NA,NA,NA,NA,NA,NA
Indonesia,2021,COE,auction,NA,https://allianceforcoffeeexcellence.org/indonesia-2021/,2,15,Ketapanrame,87.72,456.36,$25.30,"$11,545.91",Curve Specialty coffee Roastery,NA,success,NA,NA,NA,NA,NA,NA,NA,NA,NA,NA,NA,NA,NA,NA,NA,NA,NA,NA,NA,NA,NA,NA,NA,NA,NA,NA,NA,NA,NA,NA,NA,NA,NA,NA,NA,NA,NA,NA,NA,NA,NA,NA,NA,NA,NA,NA,NA,NA,NA,NA,NA,NA,NA,NA,NA,NA,NA,NA
Indonesia,2021,COE,auction,NA,https://allianceforcoffeeexcellence.org/indonesia-2021/,2,16,Sukaramai,87.71,407.86,$21.90,"$8,932.13",TAKAMURA COFFEE ROASTERS,NA,success,NA,NA,NA,NA,NA,NA,NA,NA,NA,NA,NA,NA,NA,NA,NA,NA,NA,NA,NA,NA,NA,NA,NA,NA,NA,NA,NA,NA,NA,NA,NA,NA,NA,NA,NA,NA,NA,NA,NA,NA,NA,NA,NA,NA,NA,NA,NA,NA,NA,NA,NA,NA,NA,NA,NA,NA,NA,NA
Indonesia,2021,COE,auction,NA,https://allianceforcoffeeexcellence.org/indonesia-2021/,2,17,Batukaang,87.69,429.9,$19.00,"$8,168.10","Wataru & Co., Ltd.",NA,success,NA,NA,NA,NA,NA,NA,NA,NA,NA,NA,NA,NA,NA,NA,NA,NA,NA,NA,NA,NA,NA,NA,NA,NA,NA,NA,NA,NA,NA,NA,NA,NA,NA,NA,NA,NA,NA,NA,NA,NA,NA,NA,NA,NA,NA,NA,NA,NA,NA,NA,NA,NA,NA,NA,NA,NA,NA,NA
Indonesia,2021,COE,auction,NA,https://allianceforcoffeeexcellence.org/indonesia-2021/,2,18,Angin-angin,87.68,462.97,$20.10,"$9,305.70",Seng Pan Coffee. Mimosa Coffee. SCAI. Herd Coffee Roaster. Idle Hands Coffee Roasters. Mokka Coffee Roaster,NA,success,NA,NA,NA,NA,NA,NA,NA,NA,NA,NA,NA,NA,NA,NA,NA,NA,NA,NA,NA,NA,NA,NA,NA,NA,NA,NA,NA,NA,NA,NA,NA,NA,NA,NA,NA,NA,NA,NA,NA,NA,NA,NA,NA,NA,NA,NA,NA,NA,NA,NA,NA,NA,NA,NA,NA,NA,NA,NA
Indonesia,2021,COE,auction,NA,https://allianceforcoffeeexcellence.org/indonesia-2021/,2,19,Gravfarm Sukaratu,87.62,520.29,$19.20,"$9,989.57","Wataru & Co., Ltd.",NA,success,NA,NA,NA,NA,NA,NA,NA,NA,NA,NA,NA,NA,NA,NA,NA,NA,NA,NA,NA,NA,NA,NA,NA,NA,NA,NA,NA,NA,NA,NA,NA,NA,NA,NA,NA,NA,NA,NA,NA,NA,NA,NA,NA,NA,NA,NA,NA,NA,NA,NA,NA,NA,NA,NA,NA,NA,NA,NA
Indonesia,2021,COE,auction,NA,https://allianceforcoffeeexcellence.org/indonesia-2021/,2,20,Papandayan,87.62,478.4,$19.70,"$9,424.48",Luigi Lavazza S.p.A.,NA,success,NA,NA,NA,NA,NA,NA,NA,NA,NA,NA,NA,NA,NA,NA,NA,NA,NA,NA,NA,NA,NA,NA,NA,NA,NA,NA,NA,NA,NA,NA,NA,NA,NA,NA,NA,NA,NA,NA,NA,NA,NA,NA,NA,NA,NA,NA,NA,NA,NA,NA,NA,NA,NA,NA,NA,NA,NA,NA
Indonesia,2021,COE,auction,NA,https://allianceforcoffeeexcellence.org/indonesia-2021/,2,21,LPE Kelola Agro,87.53,476.2,$25.10,"$11,952.62",MOMOS COFFEE,NA,success,NA,NA,NA,NA,NA,NA,NA,NA,NA,NA,NA,NA,NA,NA,NA,NA,NA,NA,NA,NA,NA,NA,NA,NA,NA,NA,NA,NA,NA,NA,NA,NA,NA,NA,NA,NA,NA,NA,NA,NA,NA,NA,NA,NA,NA,NA,NA,NA,NA,NA,NA,NA,NA,NA,NA,NA,NA,NA
Indonesia,2021,COE,auction,NA,https://allianceforcoffeeexcellence.org/indonesia-2021/,2,22,Sarongge,87.22,462.97,$19.90,"$9,213.10",elbgold Roestkaffee GmbH,NA,success,NA,NA,NA,NA,NA,NA,NA,NA,NA,NA,NA,NA,NA,NA,NA,NA,NA,NA,NA,NA,NA,NA,NA,NA,NA,NA,NA,NA,NA,NA,NA,NA,NA,NA,NA,NA,NA,NA,NA,NA,NA,NA,NA,NA,NA,NA,NA,NA,NA,NA,NA,NA,NA,NA,NA,NA,NA,NA
Indonesia,2021,COE,auction,NA,https://allianceforcoffeeexcellence.org/indonesia-2021/,2,23,Pantan Musara,87.21,454.15,$25.50,"$11,580.83",Sarutahiko Coffee Inc.,NA,success,NA,NA,NA,NA,NA,NA,NA,NA,NA,NA,NA,NA,NA,NA,NA,NA,NA,NA,NA,NA,NA,NA,NA,NA,NA,NA,NA,NA,NA,NA,NA,NA,NA,NA,NA,NA,NA,NA,NA,NA,NA,NA,NA,NA,NA,NA,NA,NA,NA,NA,NA,NA,NA,NA,NA,NA,NA,NA
Indonesia,2021,COE,auction,NA,https://allianceforcoffeeexcellence.org/indonesia-2021/,2,24,Bukit Sama,87.21,454.15,$23.00,"$10,445.45",Wataru for Voila Coffee,NA,success,NA,NA,NA,NA,NA,NA,NA,NA,NA,NA,NA,NA,NA,NA,NA,NA,NA,NA,NA,NA,NA,NA,NA,NA,NA,NA,NA,NA,NA,NA,NA,NA,NA,NA,NA,NA,NA,NA,NA,NA,NA,NA,NA,NA,NA,NA,NA,NA,NA,NA,NA,NA,NA,NA,NA,NA,NA,NA
Indonesia,2021,COE,auction,NA,https://allianceforcoffeeexcellence.org/indonesia-2021/,2,25,Wajamala,87.16,478.4,$18.20,"$8,706.88","Wataru & Co., Ltd.",NA,success,NA,NA,NA,NA,NA,NA,NA,NA,NA,NA,NA,NA,NA,NA,NA,NA,NA,NA,NA,NA,NA,NA,NA,NA,NA,NA,NA,NA,NA,NA,NA,NA,NA,NA,NA,NA,NA,NA,NA,NA,NA,NA,NA,NA,NA,NA,NA,NA,NA,NA,NA,NA,NA,NA,NA,NA,NA,NA
Indonesia,2021,COE,auction,NA,https://allianceforcoffeeexcellence.org/indonesia-2021/,2,26,HT Farm,87.1,396.83,$17.60,"$6,984.21",Blooms Ltd,NA,success,NA,NA,NA,NA,NA,NA,NA,NA,NA,NA,NA,NA,NA,NA,NA,NA,NA,NA,NA,NA,NA,NA,NA,NA,NA,NA,NA,NA,NA,NA,NA,NA,NA,NA,NA,NA,NA,NA,NA,NA,NA,NA,NA,NA,NA,NA,NA,NA,NA,NA,NA,NA,NA,NA,NA,NA,NA,NA
Indonesia,2021,COE,auction,NA,https://allianceforcoffeeexcellence.org/indonesia-2021/,2,Totals:,,,"12,195.97",$29.55/lb,"$360,342.58",,NA,success,NA,NA,NA,NA,NA,NA,NA,NA,NA,NA,NA,NA,NA,NA,NA,NA,NA,NA,NA,NA,NA,NA,NA,NA,NA,NA,NA,NA,NA,NA,NA,NA,NA,NA,NA,NA,NA,NA,NA,NA,NA,NA,NA,NA,NA,NA,NA,NA,NA,NA,NA,NA,NA,NA,NA,NA,NA,NA
Indonesia,2021,NW,auction,NA,https://allianceforcoffeeexcellence.org/indonesia-2021/,4,NW,"Pengentaan, Semendo",86.99,496.04,$9.30,"$4,613.17",NOZY COFFEE,NA,success,NA,NA,NA,NA,NA,NA,NA,NA,NA,NA,NA,NA,NA,NA,NA,NA,NA,NA,NA,NA,NA,NA,NA,NA,NA,NA,NA,NA,NA,NA,NA,NA,NA,NA,NA,NA,NA,NA,NA,NA,NA,NA,NA,NA,NA,NA,NA,NA,NA,NA,NA,NA,NA,NA,NA,NA,NA,NA
Indonesia,2021,NW,auction,NA,https://allianceforcoffeeexcellence.org/indonesia-2021/,4,NW,Eco Bike Coffee,86.88,496.04,$8.20,"$4,067.53","Wataru & Co., Ltd.",NA,success,NA,NA,NA,NA,NA,NA,NA,NA,NA,NA,NA,NA,NA,NA,NA,NA,NA,NA,NA,NA,NA,NA,NA,NA,NA,NA,NA,NA,NA,NA,NA,NA,NA,NA,NA,NA,NA,NA,NA,NA,NA,NA,NA,NA,NA,NA,NA,NA,NA,NA,NA,NA,NA,NA,NA,NA,NA,NA
Indonesia,2021,NW,auction,NA,https://allianceforcoffeeexcellence.org/indonesia-2021/,4,NW,Kebun Kolongkuring,86.88,522.5,$20.10,"$10,502.25",Curve Specialty Coffee Roastery,NA,success,NA,NA,NA,NA,NA,NA,NA,NA,NA,NA,NA,NA,NA,NA,NA,NA,NA,NA,NA,NA,NA,NA,NA,NA,NA,NA,NA,NA,NA,NA,NA,NA,NA,NA,NA,NA,NA,NA,NA,NA,NA,NA,NA,NA,NA,NA,NA,NA,NA,NA,NA,NA,NA,NA,NA,NA,NA,NA
Indonesia,2021,NW,auction,NA,https://allianceforcoffeeexcellence.org/indonesia-2021/,4,NW,Melaya,86.88,981.06,$9.30,"$9,123.86",NOZY COFFEE,NA,success,NA,NA,NA,NA,NA,NA,NA,NA,NA,NA,NA,NA,NA,NA,NA,NA,NA,NA,NA,NA,NA,NA,NA,NA,NA,NA,NA,NA,NA,NA,NA,NA,NA,NA,NA,NA,NA,NA,NA,NA,NA,NA,NA,NA,NA,NA,NA,NA,NA,NA,NA,NA,NA,NA,NA,NA,NA,NA
Indonesia,2021,NW,auction,NA,https://allianceforcoffeeexcellence.org/indonesia-2021/,4,NW,"Totoruyet Kampung Ulunuwih Takengon, Aceh Tengah",86.29,451.95,$9.60,"$4,338.72",NOZY COFFEE,NA,success,NA,NA,NA,NA,NA,NA,NA,NA,NA,NA,NA,NA,NA,NA,NA,NA,NA,NA,NA,NA,NA,NA,NA,NA,NA,NA,NA,NA,NA,NA,NA,NA,NA,NA,NA,NA,NA,NA,NA,NA,NA,NA,NA,NA,NA,NA,NA,NA,NA,NA,NA,NA,NA,NA,NA,NA,NA,NA
Indonesia,2021,NW,auction,NA,https://allianceforcoffeeexcellence.org/indonesia-2021/,4,NW,Dano,86.03,485.02,$9.00,"$4,365.18","Wataru & Co., Ltd.",NA,success,NA,NA,NA,NA,NA,NA,NA,NA,NA,NA,NA,NA,NA,NA,NA,NA,NA,NA,NA,NA,NA,NA,NA,NA,NA,NA,NA,NA,NA,NA,NA,NA,NA,NA,NA,NA,NA,NA,NA,NA,NA,NA,NA,NA,NA,NA,NA,NA,NA,NA,NA,NA,NA,NA,NA,NA,NA,NA
Indonesia,2021,NW,auction,NA,https://allianceforcoffeeexcellence.org/indonesia-2021/,4,NW,,Totals:,3432.61,$10.78/lb,"$37,010.71",,NA,success,NA,NA,NA,NA,NA,NA,NA,NA,NA,NA,NA,NA,NA,NA,NA,NA,NA,NA,NA,NA,NA,NA,NA,NA,NA,NA,NA,NA,NA,NA,NA,NA,NA,NA,NA,NA,NA,NA,NA,NA,NA,NA,NA,NA,NA,NA,NA,NA,NA,NA,NA,NA,NA,NA,NA,NA,NA,NA
Mexico,2021,COE,auction,NA,https://allianceforcoffeeexcellence.org/mexico-2021/,2,1a,Finca Santa Cruz,91.58,595.25,$55.80,"$33,214.95","Latorre & Dutch Coffee (China) for Fisher Coffee / Cut Hand Group（剁手咖啡群）/ Global Beans Co.,Ltd.",NA,success,NA,NA,NA,NA,NA,NA,NA,NA,NA,NA,NA,NA,NA,NA,NA,NA,NA,NA,NA,NA,NA,NA,NA,NA,NA,NA,NA,NA,NA,NA,NA,NA,NA,NA,NA,NA,NA,NA,NA,NA,NA,NA,NA,NA,NA,NA,NA,NA,NA,NA,NA,NA,NA,NA,NA,NA,NA,NA
Mexico,2021,COE,auction,NA,https://allianceforcoffeeexcellence.org/mexico-2021/,2,1b,Finca Santa Cruz,91.58,595.25,$55.80,"$33,214.95",KALDI COFFEE FARM,NA,success,NA,NA,NA,NA,NA,NA,NA,NA,NA,NA,NA,NA,NA,NA,NA,NA,NA,NA,NA,NA,NA,NA,NA,NA,NA,NA,NA,NA,NA,NA,NA,NA,NA,NA,NA,NA,NA,NA,NA,NA,NA,NA,NA,NA,NA,NA,NA,NA,NA,NA,NA,NA,NA,NA,NA,NA,NA,NA
Mexico,2021,COE,auction,NA,https://allianceforcoffeeexcellence.org/mexico-2021/,2,2a,San Luis,90.25,727.52,$18.90,"$13,750.13",Decameron coffee,NA,success,NA,NA,NA,NA,NA,NA,NA,NA,NA,NA,NA,NA,NA,NA,NA,NA,NA,NA,NA,NA,NA,NA,NA,NA,NA,NA,NA,NA,NA,NA,NA,NA,NA,NA,NA,NA,NA,NA,NA,NA,NA,NA,NA,NA,NA,NA,NA,NA,NA,NA,NA,NA,NA,NA,NA,NA,NA,NA
Mexico,2021,COE,auction,NA,https://allianceforcoffeeexcellence.org/mexico-2021/,2,2b,San Luis,90.25,661.39,$19.00,"$12,566.41",Latorre & Dutch Coffee (China) for Fisher Coffee / 芦田家咖啡研习社 / 白鲸咖啡豆子店 /PENGUIN MARKET / 啟程拓殖 / 大响咖啡 / Title Coffee,NA,success,NA,NA,NA,NA,NA,NA,NA,NA,NA,NA,NA,NA,NA,NA,NA,NA,NA,NA,NA,NA,NA,NA,NA,NA,NA,NA,NA,NA,NA,NA,NA,NA,NA,NA,NA,NA,NA,NA,NA,NA,NA,NA,NA,NA,NA,NA,NA,NA,NA,NA,NA,NA,NA,NA,NA,NA,NA,NA
Mexico,2021,COE,auction,NA,https://allianceforcoffeeexcellence.org/mexico-2021/,2,3a,La Teja,90.19,198.42,$42.10,"$8,353.48",Kyokuto Fadie Corporation,NA,success,NA,NA,NA,NA,NA,NA,NA,NA,NA,NA,NA,NA,NA,NA,NA,NA,NA,NA,NA,NA,NA,NA,NA,NA,NA,NA,NA,NA,NA,NA,NA,NA,NA,NA,NA,NA,NA,NA,NA,NA,NA,NA,NA,NA,NA,NA,NA,NA,NA,NA,NA,NA,NA,NA,NA,NA,NA,NA
Mexico,2021,COE,auction,NA,https://allianceforcoffeeexcellence.org/mexico-2021/,2,3b,La Teja,90.19,198.42,$42.10,"$8,353.48",Wataru for Nozy Coffee,NA,success,NA,NA,NA,NA,NA,NA,NA,NA,NA,NA,NA,NA,NA,NA,NA,NA,NA,NA,NA,NA,NA,NA,NA,NA,NA,NA,NA,NA,NA,NA,NA,NA,NA,NA,NA,NA,NA,NA,NA,NA,NA,NA,NA,NA,NA,NA,NA,NA,NA,NA,NA,NA,NA,NA,NA,NA,NA,NA
Mexico,2021,COE,auction,NA,https://allianceforcoffeeexcellence.org/mexico-2021/,2,4,La Ilusión,90.13,456.36,$40.20,"$18,345.67",ONYX COFFEE LAB,NA,success,NA,NA,NA,NA,NA,NA,NA,NA,NA,NA,NA,NA,NA,NA,NA,NA,NA,NA,NA,NA,NA,NA,NA,NA,NA,NA,NA,NA,NA,NA,NA,NA,NA,NA,NA,NA,NA,NA,NA,NA,NA,NA,NA,NA,NA,NA,NA,NA,NA,NA,NA,NA,NA,NA,NA,NA,NA,NA
Mexico,2021,COE,auction,NA,https://allianceforcoffeeexcellence.org/mexico-2021/,2,5,Brujufinca,89.53,529.11,$26.10,"$13,809.77",Terarosa (Haksan Co. Ltd),NA,success,NA,NA,NA,NA,NA,NA,NA,NA,NA,NA,NA,NA,NA,NA,NA,NA,NA,NA,NA,NA,NA,NA,NA,NA,NA,NA,NA,NA,NA,NA,NA,NA,NA,NA,NA,NA,NA,NA,NA,NA,NA,NA,NA,NA,NA,NA,NA,NA,NA,NA,NA,NA,NA,NA,NA,NA,NA,NA
Mexico,2021,COE,auction,NA,https://allianceforcoffeeexcellence.org/mexico-2021/,2,6,Los Naranjos,89.25,1058.22,$12.70,"$13,439.39",COFFEE COUNTY,NA,success,NA,NA,NA,NA,NA,NA,NA,NA,NA,NA,NA,NA,NA,NA,NA,NA,NA,NA,NA,NA,NA,NA,NA,NA,NA,NA,NA,NA,NA,NA,NA,NA,NA,NA,NA,NA,NA,NA,NA,NA,NA,NA,NA,NA,NA,NA,NA,NA,NA,NA,NA,NA,NA,NA,NA,NA,NA,NA
Mexico,2021,COE,auction,NA,https://allianceforcoffeeexcellence.org/mexico-2021/,2,7,Las Barrancas,88.22,595.25,$14.20,"$8,452.55",Terarosa (Haksan Co. Ltd),NA,success,NA,NA,NA,NA,NA,NA,NA,NA,NA,NA,NA,NA,NA,NA,NA,NA,NA,NA,NA,NA,NA,NA,NA,NA,NA,NA,NA,NA,NA,NA,NA,NA,NA,NA,NA,NA,NA,NA,NA,NA,NA,NA,NA,NA,NA,NA,NA,NA,NA,NA,NA,NA,NA,NA,NA,NA,NA,NA
Mexico,2021,COE,auction,NA,https://allianceforcoffeeexcellence.org/mexico-2021/,2,8,Finca El Estribo,88.22,330.69,$15.50,"$5,125.70",DABOV Specialty Coffee & Mókuska Caffè,NA,success,NA,NA,NA,NA,NA,NA,NA,NA,NA,NA,NA,NA,NA,NA,NA,NA,NA,NA,NA,NA,NA,NA,NA,NA,NA,NA,NA,NA,NA,NA,NA,NA,NA,NA,NA,NA,NA,NA,NA,NA,NA,NA,NA,NA,NA,NA,NA,NA,NA,NA,NA,NA,NA,NA,NA,NA,NA,NA
Mexico,2021,COE,auction,NA,https://allianceforcoffeeexcellence.org/mexico-2021/,2,9,Ejecayan,88.19,595.25,$15.00,"$8,928.75",Campos Coffee,NA,success,NA,NA,NA,NA,NA,NA,NA,NA,NA,NA,NA,NA,NA,NA,NA,NA,NA,NA,NA,NA,NA,NA,NA,NA,NA,NA,NA,NA,NA,NA,NA,NA,NA,NA,NA,NA,NA,NA,NA,NA,NA,NA,NA,NA,NA,NA,NA,NA,NA,NA,NA,NA,NA,NA,NA,NA,NA,NA
Mexico,2021,COE,auction,NA,https://allianceforcoffeeexcellence.org/mexico-2021/,2,10,Los Cimientos,88.14,1177.27,$11.20,"$13,185.42","Bokkum & GIL coffee Roasters, MARISSTELLA COFFEE, KEVIN COFFEE ROASTERS, The good-day",NA,success,NA,NA,NA,NA,NA,NA,NA,NA,NA,NA,NA,NA,NA,NA,NA,NA,NA,NA,NA,NA,NA,NA,NA,NA,NA,NA,NA,NA,NA,NA,NA,NA,NA,NA,NA,NA,NA,NA,NA,NA,NA,NA,NA,NA,NA,NA,NA,NA,NA,NA,NA,NA,NA,NA,NA,NA,NA,NA
Mexico,2021,COE,auction,NA,https://allianceforcoffeeexcellence.org/mexico-2021/,2,11,Ocoteno,88.14,725.32,$11.70,"$8,486.24","Wataru & Co., Ltd.",NA,success,NA,NA,NA,NA,NA,NA,NA,NA,NA,NA,NA,NA,NA,NA,NA,NA,NA,NA,NA,NA,NA,NA,NA,NA,NA,NA,NA,NA,NA,NA,NA,NA,NA,NA,NA,NA,NA,NA,NA,NA,NA,NA,NA,NA,NA,NA,NA,NA,NA,NA,NA,NA,NA,NA,NA,NA,NA,NA
Mexico,2021,COE,auction,NA,https://allianceforcoffeeexcellence.org/mexico-2021/,2,12,Cafetal El Equimite,88.11,462.97,$20.10,"$9,305.70","Coffee Me Up (Korea), ST.BERRY COFFEE, Cuppingpost, Coffee Therapy (Thailand)",NA,success,NA,NA,NA,NA,NA,NA,NA,NA,NA,NA,NA,NA,NA,NA,NA,NA,NA,NA,NA,NA,NA,NA,NA,NA,NA,NA,NA,NA,NA,NA,NA,NA,NA,NA,NA,NA,NA,NA,NA,NA,NA,NA,NA,NA,NA,NA,NA,NA,NA,NA,NA,NA,NA,NA,NA,NA,NA,NA
Mexico,2021,COE,auction,NA,https://allianceforcoffeeexcellence.org/mexico-2021/,2,13,Los Aguacates,88.03,1587.33,$9.10,"$14,444.70",Kyokuto Fadie Corporation,NA,success,NA,NA,NA,NA,NA,NA,NA,NA,NA,NA,NA,NA,NA,NA,NA,NA,NA,NA,NA,NA,NA,NA,NA,NA,NA,NA,NA,NA,NA,NA,NA,NA,NA,NA,NA,NA,NA,NA,NA,NA,NA,NA,NA,NA,NA,NA,NA,NA,NA,NA,NA,NA,NA,NA,NA,NA,NA,NA
Mexico,2021,COE,auction,NA,https://allianceforcoffeeexcellence.org/mexico-2021/,2,14,El Pino,88.03,1124.35,$10.10,"$11,355.94",Mercanta Ltd,NA,success,NA,NA,NA,NA,NA,NA,NA,NA,NA,NA,NA,NA,NA,NA,NA,NA,NA,NA,NA,NA,NA,NA,NA,NA,NA,NA,NA,NA,NA,NA,NA,NA,NA,NA,NA,NA,NA,NA,NA,NA,NA,NA,NA,NA,NA,NA,NA,NA,NA,NA,NA,NA,NA,NA,NA,NA,NA,NA
Mexico,2021,COE,auction,NA,https://allianceforcoffeeexcellence.org/mexico-2021/,2,15,Finca Los Pinos,87.97,595.25,$10.70,"$6,369.18",Groundwork Coffee & Noble Coffee,NA,success,NA,NA,NA,NA,NA,NA,NA,NA,NA,NA,NA,NA,NA,NA,NA,NA,NA,NA,NA,NA,NA,NA,NA,NA,NA,NA,NA,NA,NA,NA,NA,NA,NA,NA,NA,NA,NA,NA,NA,NA,NA,NA,NA,NA,NA,NA,NA,NA,NA,NA,NA,NA,NA,NA,NA,NA,NA,NA
Mexico,2021,COE,auction,NA,https://allianceforcoffeeexcellence.org/mexico-2021/,2,16,Finca Huehuetecpan,87.97,992.08,$9.90,"$9,821.59",Kaffebrenneriet As,NA,success,NA,NA,NA,NA,NA,NA,NA,NA,NA,NA,NA,NA,NA,NA,NA,NA,NA,NA,NA,NA,NA,NA,NA,NA,NA,NA,NA,NA,NA,NA,NA,NA,NA,NA,NA,NA,NA,NA,NA,NA,NA,NA,NA,NA,NA,NA,NA,NA,NA,NA,NA,NA,NA,NA,NA,NA,NA,NA
Mexico,2021,COE,auction,NA,https://allianceforcoffeeexcellence.org/mexico-2021/,2,17,Palma,87.89,396.83,$15.10,"$5,992.13","Al Cafeci, S.A. de C.V. (Calufe – Hermann Thomas)",NA,success,NA,NA,NA,NA,NA,NA,NA,NA,NA,NA,NA,NA,NA,NA,NA,NA,NA,NA,NA,NA,NA,NA,NA,NA,NA,NA,NA,NA,NA,NA,NA,NA,NA,NA,NA,NA,NA,NA,NA,NA,NA,NA,NA,NA,NA,NA,NA,NA,NA,NA,NA,NA,NA,NA,NA,NA,NA,NA
Mexico,2021,COE,auction,NA,https://allianceforcoffeeexcellence.org/mexico-2021/,2,18,Jade,87.64,1058.22,$19.30,"$20,423.65",Sulalat Coffee Trading,NA,success,NA,NA,NA,NA,NA,NA,NA,NA,NA,NA,NA,NA,NA,NA,NA,NA,NA,NA,NA,NA,NA,NA,NA,NA,NA,NA,NA,NA,NA,NA,NA,NA,NA,NA,NA,NA,NA,NA,NA,NA,NA,NA,NA,NA,NA,NA,NA,NA,NA,NA,NA,NA,NA,NA,NA,NA,NA,NA
Mexico,2021,COE,auction,NA,https://allianceforcoffeeexcellence.org/mexico-2021/,2,19,San Miguel,87.58,529.11,$8.10,"$4,285.79",List + Beisler GmbH,NA,success,NA,NA,NA,NA,NA,NA,NA,NA,NA,NA,NA,NA,NA,NA,NA,NA,NA,NA,NA,NA,NA,NA,NA,NA,NA,NA,NA,NA,NA,NA,NA,NA,NA,NA,NA,NA,NA,NA,NA,NA,NA,NA,NA,NA,NA,NA,NA,NA,NA,NA,NA,NA,NA,NA,NA,NA,NA,NA
Mexico,2021,COE,auction,NA,https://allianceforcoffeeexcellence.org/mexico-2021/,2,20,Finca El Bordo,87.47,925.94,$10.00,"$9,259.40",TAKAMURA COFFEE ROASTERS,NA,success,NA,NA,NA,NA,NA,NA,NA,NA,NA,NA,NA,NA,NA,NA,NA,NA,NA,NA,NA,NA,NA,NA,NA,NA,NA,NA,NA,NA,NA,NA,NA,NA,NA,NA,NA,NA,NA,NA,NA,NA,NA,NA,NA,NA,NA,NA,NA,NA,NA,NA,NA,NA,NA,NA,NA,NA,NA,NA
Mexico,2021,COE,auction,NA,https://allianceforcoffeeexcellence.org/mexico-2021/,2,21,Cañada Fria,87.44,462.97,$9.40,"$4,351.92",Demitasse,NA,success,NA,NA,NA,NA,NA,NA,NA,NA,NA,NA,NA,NA,NA,NA,NA,NA,NA,NA,NA,NA,NA,NA,NA,NA,NA,NA,NA,NA,NA,NA,NA,NA,NA,NA,NA,NA,NA,NA,NA,NA,NA,NA,NA,NA,NA,NA,NA,NA,NA,NA,NA,NA,NA,NA,NA,NA,NA,NA
Mexico,2021,COE,auction,NA,https://allianceforcoffeeexcellence.org/mexico-2021/,2,22,Zacatlami,87.42,462.97,$9.00,"$4,166.73","Wataru & Co., Ltd.",NA,success,NA,NA,NA,NA,NA,NA,NA,NA,NA,NA,NA,NA,NA,NA,NA,NA,NA,NA,NA,NA,NA,NA,NA,NA,NA,NA,NA,NA,NA,NA,NA,NA,NA,NA,NA,NA,NA,NA,NA,NA,NA,NA,NA,NA,NA,NA,NA,NA,NA,NA,NA,NA,NA,NA,NA,NA,NA,NA
Mexico,2021,COE,auction,NA,https://allianceforcoffeeexcellence.org/mexico-2021/,2,23,Finca Sinai,87.42,529.11,$12.80,"$6,772.61",KALDI COFFEE FARM,NA,success,NA,NA,NA,NA,NA,NA,NA,NA,NA,NA,NA,NA,NA,NA,NA,NA,NA,NA,NA,NA,NA,NA,NA,NA,NA,NA,NA,NA,NA,NA,NA,NA,NA,NA,NA,NA,NA,NA,NA,NA,NA,NA,NA,NA,NA,NA,NA,NA,NA,NA,NA,NA,NA,NA,NA,NA,NA,NA
Mexico,2021,COE,auction,NA,https://allianceforcoffeeexcellence.org/mexico-2021/,2,24,Corahe,87.28,584.22,$9.10,"$5,316.40",19grams / Tres Cabezas,NA,success,NA,NA,NA,NA,NA,NA,NA,NA,NA,NA,NA,NA,NA,NA,NA,NA,NA,NA,NA,NA,NA,NA,NA,NA,NA,NA,NA,NA,NA,NA,NA,NA,NA,NA,NA,NA,NA,NA,NA,NA,NA,NA,NA,NA,NA,NA,NA,NA,NA,NA,NA,NA,NA,NA,NA,NA,NA,NA
Mexico,2021,COE,auction,NA,https://allianceforcoffeeexcellence.org/mexico-2021/,2,25,Finca Don Rafa,87.28,793.66,$15.40,"$12,222.36",Thood Qahwa LTD Co,NA,success,NA,NA,NA,NA,NA,NA,NA,NA,NA,NA,NA,NA,NA,NA,NA,NA,NA,NA,NA,NA,NA,NA,NA,NA,NA,NA,NA,NA,NA,NA,NA,NA,NA,NA,NA,NA,NA,NA,NA,NA,NA,NA,NA,NA,NA,NA,NA,NA,NA,NA,NA,NA,NA,NA,NA,NA,NA,NA
Mexico,2021,COE,auction,NA,https://allianceforcoffeeexcellence.org/mexico-2021/,2,26,Rancho Vista Hermosa,87.22,1984.16,$7.70,"$15,278.03","Wataru & Co., Ltd.",NA,success,NA,NA,NA,NA,NA,NA,NA,NA,NA,NA,NA,NA,NA,NA,NA,NA,NA,NA,NA,NA,NA,NA,NA,NA,NA,NA,NA,NA,NA,NA,NA,NA,NA,NA,NA,NA,NA,NA,NA,NA,NA,NA,NA,NA,NA,NA,NA,NA,NA,NA,NA,NA,NA,NA,NA,NA,NA,NA
Mexico,2021,COE,auction,NA,https://allianceforcoffeeexcellence.org/mexico-2021/,2,27,Temimilzintan,87.19,784.84,$8.50,"$6,671.14",M.I.COFFEE CORPORATION,NA,success,NA,NA,NA,NA,NA,NA,NA,NA,NA,NA,NA,NA,NA,NA,NA,NA,NA,NA,NA,NA,NA,NA,NA,NA,NA,NA,NA,NA,NA,NA,NA,NA,NA,NA,NA,NA,NA,NA,NA,NA,NA,NA,NA,NA,NA,NA,NA,NA,NA,NA,NA,NA,NA,NA,NA,NA,NA,NA
Mexico,2021,COE,auction,NA,https://allianceforcoffeeexcellence.org/mexico-2021/,2,28,Finca Huehuetepan,87.17,2182.57,$8.30,"$18,115.33","Wataru & Co., Ltd.",NA,success,NA,NA,NA,NA,NA,NA,NA,NA,NA,NA,NA,NA,NA,NA,NA,NA,NA,NA,NA,NA,NA,NA,NA,NA,NA,NA,NA,NA,NA,NA,NA,NA,NA,NA,NA,NA,NA,NA,NA,NA,NA,NA,NA,NA,NA,NA,NA,NA,NA,NA,NA,NA,NA,NA,NA,NA,NA,NA
Mexico,2021,COE,auction,NA,https://allianceforcoffeeexcellence.org/mexico-2021/,2,29,Finca Fatima: La Cruz,87.17,383.6,$7.80,"$2,992.08","Coffee Me Up (Korea), Cuppingpost, Coffee Therapy (Thailand), 331Roasters, L’OISEAU",NA,success,NA,NA,NA,NA,NA,NA,NA,NA,NA,NA,NA,NA,NA,NA,NA,NA,NA,NA,NA,NA,NA,NA,NA,NA,NA,NA,NA,NA,NA,NA,NA,NA,NA,NA,NA,NA,NA,NA,NA,NA,NA,NA,NA,NA,NA,NA,NA,NA,NA,NA,NA,NA,NA,NA,NA,NA,NA,NA
Mexico,2021,COE,auction,NA,https://allianceforcoffeeexcellence.org/mexico-2021/,2,30,Finca Pocitos,87.14,2314.85,$7.50,"$17,361.38",Honu Kato Coffee Inc.,NA,success,NA,NA,NA,NA,NA,NA,NA,NA,NA,NA,NA,NA,NA,NA,NA,NA,NA,NA,NA,NA,NA,NA,NA,NA,NA,NA,NA,NA,NA,NA,NA,NA,NA,NA,NA,NA,NA,NA,NA,NA,NA,NA,NA,NA,NA,NA,NA,NA,NA,NA,NA,NA,NA,NA,NA,NA,NA,NA
Mexico,2021,COE,auction,NA,https://allianceforcoffeeexcellence.org/mexico-2021/,2,Totals:,,,"26,598.75",$14.43/lb,"$383,732.95",,NA,success,NA,NA,NA,NA,NA,NA,NA,NA,NA,NA,NA,NA,NA,NA,NA,NA,NA,NA,NA,NA,NA,NA,NA,NA,NA,NA,NA,NA,NA,NA,NA,NA,NA,NA,NA,NA,NA,NA,NA,NA,NA,NA,NA,NA,NA,NA,NA,NA,NA,NA,NA,NA,NA,NA,NA,NA,NA,NA
Mexico,2021,NW,auction,NA,https://allianceforcoffeeexcellence.org/mexico-2021/,4,NW,Finca Consuelo,87.06,"1,388.91",$4.00,"$5,555.64",NA,Nagahama Coffee Inc.,success,NA,NA,NA,NA,NA,NA,NA,NA,NA,NA,NA,NA,NA,NA,NA,NA,NA,NA,NA,NA,NA,NA,NA,NA,NA,NA,NA,NA,NA,NA,NA,NA,NA,NA,NA,NA,NA,NA,NA,NA,NA,NA,NA,NA,NA,NA,NA,NA,NA,NA,NA,NA,NA,NA,NA,NA,NA,NA
Mexico,2021,NW,auction,NA,https://allianceforcoffeeexcellence.org/mexico-2021/,4,NW,Cerro De Chiltepec,87.03,462.97,$4.00,"$1,851.88",NA,"cafe DAZAC, Eungubiro Roasters, Crema Costa",success,NA,NA,NA,NA,NA,NA,NA,NA,NA,NA,NA,NA,NA,NA,NA,NA,NA,NA,NA,NA,NA,NA,NA,NA,NA,NA,NA,NA,NA,NA,NA,NA,NA,NA,NA,NA,NA,NA,NA,NA,NA,NA,NA,NA,NA,NA,NA,NA,NA,NA,NA,NA,NA,NA,NA,NA,NA,NA
Mexico,2021,NW,auction,NA,https://allianceforcoffeeexcellence.org/mexico-2021/,4,NW,Finca La Esperanza,86.92,844.37,$4.10,"$3,461.92",NA,MARISSTELLA COFFEE,success,NA,NA,NA,NA,NA,NA,NA,NA,NA,NA,NA,NA,NA,NA,NA,NA,NA,NA,NA,NA,NA,NA,NA,NA,NA,NA,NA,NA,NA,NA,NA,NA,NA,NA,NA,NA,NA,NA,NA,NA,NA,NA,NA,NA,NA,NA,NA,NA,NA,NA,NA,NA,NA,NA,NA,NA,NA,NA
Mexico,2021,NW,auction,NA,https://allianceforcoffeeexcellence.org/mexico-2021/,4,NW,La Estancia,86.81,793.66,$4.00,"$3,174.64",NA,"cafe DAZAC, Eungubiro Roasters, Crema Costa",success,NA,NA,NA,NA,NA,NA,NA,NA,NA,NA,NA,NA,NA,NA,NA,NA,NA,NA,NA,NA,NA,NA,NA,NA,NA,NA,NA,NA,NA,NA,NA,NA,NA,NA,NA,NA,NA,NA,NA,NA,NA,NA,NA,NA,NA,NA,NA,NA,NA,NA,NA,NA,NA,NA,NA,NA,NA,NA
Mexico,2021,NW,auction,NA,https://allianceforcoffeeexcellence.org/mexico-2021/,4,NW,La Berenjena,86.67,793.66,$4.00,"$3,174.64",NA,Nagahama Coffee Inc.,success,NA,NA,NA,NA,NA,NA,NA,NA,NA,NA,NA,NA,NA,NA,NA,NA,NA,NA,NA,NA,NA,NA,NA,NA,NA,NA,NA,NA,NA,NA,NA,NA,NA,NA,NA,NA,NA,NA,NA,NA,NA,NA,NA,NA,NA,NA,NA,NA,NA,NA,NA,NA,NA,NA,NA,NA,NA,NA
Mexico,2021,NW,auction,NA,https://allianceforcoffeeexcellence.org/mexico-2021/,4,NW,Finca Kitos,86.64,462.97,$4.20,"$1,944.47",NA,Doce Doce café -Soluciones Pentagram S.A. de C.V / Café Ariles / El Terrible Juan café / Valle Flores barra de café / Abraham Vazquez Alducin,success,NA,NA,NA,NA,NA,NA,NA,NA,NA,NA,NA,NA,NA,NA,NA,NA,NA,NA,NA,NA,NA,NA,NA,NA,NA,NA,NA,NA,NA,NA,NA,NA,NA,NA,NA,NA,NA,NA,NA,NA,NA,NA,NA,NA,NA,NA,NA,NA,NA,NA,NA,NA,NA,NA,NA,NA,NA,NA
Mexico,2021,NW,auction,NA,https://allianceforcoffeeexcellence.org/mexico-2021/,4,NW,El Mirador,86.47,"1,455.05",$4.10,"$5,965.71",NA,Bokkum & GIL coffee Roasters,success,NA,NA,NA,NA,NA,NA,NA,NA,NA,NA,NA,NA,NA,NA,NA,NA,NA,NA,NA,NA,NA,NA,NA,NA,NA,NA,NA,NA,NA,NA,NA,NA,NA,NA,NA,NA,NA,NA,NA,NA,NA,NA,NA,NA,NA,NA,NA,NA,NA,NA,NA,NA,NA,NA,NA,NA,NA,NA
Mexico,2021,NW,auction,NA,https://allianceforcoffeeexcellence.org/mexico-2021/,4,NW,,Totals:,"6,201.59",$4.05,"$25,128.90",NA,,success,NA,NA,NA,NA,NA,NA,NA,NA,NA,NA,NA,NA,NA,NA,NA,NA,NA,NA,NA,NA,NA,NA,NA,NA,NA,NA,NA,NA,NA,NA,NA,NA,NA,NA,NA,NA,NA,NA,NA,NA,NA,NA,NA,NA,NA,NA,NA,NA,NA,NA,NA,NA,NA,NA,NA,NA,NA,NA
Nicaragua,2021,COE,auction,NA,https://allianceforcoffeeexcellence.org/nicaragua-2021/,2,1a,Jesus Mountain Coffee Company,90.96,1025.13,$25.10,"$25,730.76","Orsir Coffee Co., Ltd. & GoodBoyBob",NA,success,NA,NA,NA,NA,NA,NA,NA,NA,NA,NA,NA,NA,NA,NA,NA,NA,NA,NA,NA,NA,NA,NA,NA,NA,NA,NA,NA,NA,NA,NA,NA,NA,NA,NA,NA,NA,NA,NA,NA,NA,NA,NA,NA,NA,NA,NA,NA,NA,NA,NA,NA,NA,NA,NA,NA,NA,NA,NA
Nicaragua,2021,COE,auction,NA,https://allianceforcoffeeexcellence.org/nicaragua-2021/,2,1b,Jesus Mountain Coffee Company,90.96,1025.13,$25.90,"$26,550.87","Time’s Club, Coffee Libre, Nylon coffee roasters, BREW & BREAD COFFEE ROASTER, Brave Roasters, Valley Coffee(China), EL CAFE coffee roasters, Told a story, das ist PROBAT, Coffee Montage, 304 roasters, COFFEE PLACE, liike coffee, Songdo Coffee, Coffee Me Up (Korea)",NA,success,NA,NA,NA,NA,NA,NA,NA,NA,NA,NA,NA,NA,NA,NA,NA,NA,NA,NA,NA,NA,NA,NA,NA,NA,NA,NA,NA,NA,NA,NA,NA,NA,NA,NA,NA,NA,NA,NA,NA,NA,NA,NA,NA,NA,NA,NA,NA,NA,NA,NA,NA,NA,NA,NA,NA,NA,NA,NA
Nicaragua,2021,COE,auction,NA,https://allianceforcoffeeexcellence.org/nicaragua-2021/,2,2a,El Cambalache,90.75,231.48,$30.20,"$6,990.70",Dimattina Coffee,NA,success,NA,NA,NA,NA,NA,NA,NA,NA,NA,NA,NA,NA,NA,NA,NA,NA,NA,NA,NA,NA,NA,NA,NA,NA,NA,NA,NA,NA,NA,NA,NA,NA,NA,NA,NA,NA,NA,NA,NA,NA,NA,NA,NA,NA,NA,NA,NA,NA,NA,NA,NA,NA,NA,NA,NA,NA,NA,NA
Nicaragua,2021,COE,auction,NA,https://allianceforcoffeeexcellence.org/nicaragua-2021/,2,2b,El Cambalache,90.75,231.48,$30.30,"$7,013.84",Kyokuto Fadie Corporation,NA,success,NA,NA,NA,NA,NA,NA,NA,NA,NA,NA,NA,NA,NA,NA,NA,NA,NA,NA,NA,NA,NA,NA,NA,NA,NA,NA,NA,NA,NA,NA,NA,NA,NA,NA,NA,NA,NA,NA,NA,NA,NA,NA,NA,NA,NA,NA,NA,NA,NA,NA,NA,NA,NA,NA,NA,NA,NA,NA
Nicaragua,2021,COE,auction,NA,https://allianceforcoffeeexcellence.org/nicaragua-2021/,2,3a,Los Pirineos,90.21,264.55,$27.95,"$7,394.17",Sulalat Coffee Trading,NA,success,NA,NA,NA,NA,NA,NA,NA,NA,NA,NA,NA,NA,NA,NA,NA,NA,NA,NA,NA,NA,NA,NA,NA,NA,NA,NA,NA,NA,NA,NA,NA,NA,NA,NA,NA,NA,NA,NA,NA,NA,NA,NA,NA,NA,NA,NA,NA,NA,NA,NA,NA,NA,NA,NA,NA,NA,NA,NA
Nicaragua,2021,COE,auction,NA,https://allianceforcoffeeexcellence.org/nicaragua-2021/,2,3b,Los Pirineos,90.21,264.55,$27.70,"$7,328.04","L’escargot d’or cosmetocafe, Rogue Wave Coffee, Rehm & Co., Molecular Coffee",NA,success,NA,NA,NA,NA,NA,NA,NA,NA,NA,NA,NA,NA,NA,NA,NA,NA,NA,NA,NA,NA,NA,NA,NA,NA,NA,NA,NA,NA,NA,NA,NA,NA,NA,NA,NA,NA,NA,NA,NA,NA,NA,NA,NA,NA,NA,NA,NA,NA,NA,NA,NA,NA,NA,NA,NA,NA,NA,NA
Nicaragua,2021,COE,auction,NA,https://allianceforcoffeeexcellence.org/nicaragua-2021/,2,4,Auxilio Mundial,90.11,589,$24.10,"$14,194.90",Latorre & Dutch Coffee (China) for Fisher Coffee / MANNER COFFEE (China) / 芦田家咖啡研习社 / CCRA (手工烘焙咖啡协会) / PENGUIN MARKET,NA,success,NA,NA,NA,NA,NA,NA,NA,NA,NA,NA,NA,NA,NA,NA,NA,NA,NA,NA,NA,NA,NA,NA,NA,NA,NA,NA,NA,NA,NA,NA,NA,NA,NA,NA,NA,NA,NA,NA,NA,NA,NA,NA,NA,NA,NA,NA,NA,NA,NA,NA,NA,NA,NA,NA,NA,NA,NA,NA
Nicaragua,2021,COE,auction,NA,https://allianceforcoffeeexcellence.org/nicaragua-2021/,2,5,Buenos Aires,89.96,574,$23.10,"$13,259.40",Ecom Japan Limited,NA,success,NA,NA,NA,NA,NA,NA,NA,NA,NA,NA,NA,NA,NA,NA,NA,NA,NA,NA,NA,NA,NA,NA,NA,NA,NA,NA,NA,NA,NA,NA,NA,NA,NA,NA,NA,NA,NA,NA,NA,NA,NA,NA,NA,NA,NA,NA,NA,NA,NA,NA,NA,NA,NA,NA,NA,NA,NA,NA
Nicaragua,2021,COE,auction,NA,https://allianceforcoffeeexcellence.org/nicaragua-2021/,2,6,Un Regalo de Dios,89.79,462.96,$23.00,"$10,648.08",Giv Coffee,NA,success,NA,NA,NA,NA,NA,NA,NA,NA,NA,NA,NA,NA,NA,NA,NA,NA,NA,NA,NA,NA,NA,NA,NA,NA,NA,NA,NA,NA,NA,NA,NA,NA,NA,NA,NA,NA,NA,NA,NA,NA,NA,NA,NA,NA,NA,NA,NA,NA,NA,NA,NA,NA,NA,NA,NA,NA,NA,NA
Nicaragua,2021,COE,auction,NA,https://allianceforcoffeeexcellence.org/nicaragua-2021/,2,7,San Jose,89.71,462.96,$20.60,"$9,536.98",Sulalat Coffee Trading,NA,success,NA,NA,NA,NA,NA,NA,NA,NA,NA,NA,NA,NA,NA,NA,NA,NA,NA,NA,NA,NA,NA,NA,NA,NA,NA,NA,NA,NA,NA,NA,NA,NA,NA,NA,NA,NA,NA,NA,NA,NA,NA,NA,NA,NA,NA,NA,NA,NA,NA,NA,NA,NA,NA,NA,NA,NA,NA,NA
Nicaragua,2021,COE,auction,NA,https://allianceforcoffeeexcellence.org/nicaragua-2021/,2,8,La Picona,88.79,451,$20.00,"$9,020.00","Wataru & Co., Ltd.",NA,success,NA,NA,NA,NA,NA,NA,NA,NA,NA,NA,NA,NA,NA,NA,NA,NA,NA,NA,NA,NA,NA,NA,NA,NA,NA,NA,NA,NA,NA,NA,NA,NA,NA,NA,NA,NA,NA,NA,NA,NA,NA,NA,NA,NA,NA,NA,NA,NA,NA,NA,NA,NA,NA,NA,NA,NA,NA,NA
Nicaragua,2021,COE,auction,NA,https://allianceforcoffeeexcellence.org/nicaragua-2021/,2,9,La Orquidea,88.11,443,$20.20,"$8,948.60",Latorre & Dutch Coffee (China) for Fisher Coffee,NA,success,NA,NA,NA,NA,NA,NA,NA,NA,NA,NA,NA,NA,NA,NA,NA,NA,NA,NA,NA,NA,NA,NA,NA,NA,NA,NA,NA,NA,NA,NA,NA,NA,NA,NA,NA,NA,NA,NA,NA,NA,NA,NA,NA,NA,NA,NA,NA,NA,NA,NA,NA,NA,NA,NA,NA,NA,NA,NA
Nicaragua,2021,COE,auction,NA,https://allianceforcoffeeexcellence.org/nicaragua-2021/,2,10,Santa Ana,88.04,330.68,$17.20,"$5,687.70",Kyokuto Fadie Corporation,NA,success,NA,NA,NA,NA,NA,NA,NA,NA,NA,NA,NA,NA,NA,NA,NA,NA,NA,NA,NA,NA,NA,NA,NA,NA,NA,NA,NA,NA,NA,NA,NA,NA,NA,NA,NA,NA,NA,NA,NA,NA,NA,NA,NA,NA,NA,NA,NA,NA,NA,NA,NA,NA,NA,NA,NA,NA,NA,NA
Nicaragua,2021,COE,auction,NA,https://allianceforcoffeeexcellence.org/nicaragua-2021/,2,11,Melanie,87.79,1964,$11.00,"$21,604.00",Honu Kato Coffee Inc.,NA,success,NA,NA,NA,NA,NA,NA,NA,NA,NA,NA,NA,NA,NA,NA,NA,NA,NA,NA,NA,NA,NA,NA,NA,NA,NA,NA,NA,NA,NA,NA,NA,NA,NA,NA,NA,NA,NA,NA,NA,NA,NA,NA,NA,NA,NA,NA,NA,NA,NA,NA,NA,NA,NA,NA,NA,NA,NA,NA
Nicaragua,2021,COE,auction,NA,https://allianceforcoffeeexcellence.org/nicaragua-2021/,2,12,La Porra,87.54,898,$10.10,"$9,069.80",Nagahama Coffee Inc.,NA,success,NA,NA,NA,NA,NA,NA,NA,NA,NA,NA,NA,NA,NA,NA,NA,NA,NA,NA,NA,NA,NA,NA,NA,NA,NA,NA,NA,NA,NA,NA,NA,NA,NA,NA,NA,NA,NA,NA,NA,NA,NA,NA,NA,NA,NA,NA,NA,NA,NA,NA,NA,NA,NA,NA,NA,NA,NA,NA
Nicaragua,2021,COE,auction,NA,https://allianceforcoffeeexcellence.org/nicaragua-2021/,2,13,Los Milagros,87.54,374,$20.10,"$7,517.40",Latorre & Dutch Coffee (China) for Fisher Coffee / 领地 La Finca / MANNER COFFEE (China),NA,success,NA,NA,NA,NA,NA,NA,NA,NA,NA,NA,NA,NA,NA,NA,NA,NA,NA,NA,NA,NA,NA,NA,NA,NA,NA,NA,NA,NA,NA,NA,NA,NA,NA,NA,NA,NA,NA,NA,NA,NA,NA,NA,NA,NA,NA,NA,NA,NA,NA,NA,NA,NA,NA,NA,NA,NA,NA,NA
Nicaragua,2021,COE,auction,NA,https://allianceforcoffeeexcellence.org/nicaragua-2021/,2,14,El Principe,87.5,1388.88,$11.00,"$15,277.68","GSC International Co., Ltd.",NA,success,NA,NA,NA,NA,NA,NA,NA,NA,NA,NA,NA,NA,NA,NA,NA,NA,NA,NA,NA,NA,NA,NA,NA,NA,NA,NA,NA,NA,NA,NA,NA,NA,NA,NA,NA,NA,NA,NA,NA,NA,NA,NA,NA,NA,NA,NA,NA,NA,NA,NA,NA,NA,NA,NA,NA,NA,NA,NA
Nicaragua,2021,COE,auction,NA,https://allianceforcoffeeexcellence.org/nicaragua-2021/,2,15,Las Hortensias,87.5,496,$10.50,"$5,208.00",Thood Qahwa LTD Co,NA,success,NA,NA,NA,NA,NA,NA,NA,NA,NA,NA,NA,NA,NA,NA,NA,NA,NA,NA,NA,NA,NA,NA,NA,NA,NA,NA,NA,NA,NA,NA,NA,NA,NA,NA,NA,NA,NA,NA,NA,NA,NA,NA,NA,NA,NA,NA,NA,NA,NA,NA,NA,NA,NA,NA,NA,NA,NA,NA
Nicaragua,2021,COE,auction,NA,https://allianceforcoffeeexcellence.org/nicaragua-2021/,2,16,Fila Quemada,87.38,1190.47,$10.10,"$12,023.75","Wataru & Co., Ltd.",NA,success,NA,NA,NA,NA,NA,NA,NA,NA,NA,NA,NA,NA,NA,NA,NA,NA,NA,NA,NA,NA,NA,NA,NA,NA,NA,NA,NA,NA,NA,NA,NA,NA,NA,NA,NA,NA,NA,NA,NA,NA,NA,NA,NA,NA,NA,NA,NA,NA,NA,NA,NA,NA,NA,NA,NA,NA,NA,NA
Nicaragua,2021,COE,auction,NA,https://allianceforcoffeeexcellence.org/nicaragua-2021/,2,17,Santa Carmela,87.33,371,$20.10,"$7,457.10",Latorre & Dutch Coffee (China) for Fisher Coffee,NA,success,NA,NA,NA,NA,NA,NA,NA,NA,NA,NA,NA,NA,NA,NA,NA,NA,NA,NA,NA,NA,NA,NA,NA,NA,NA,NA,NA,NA,NA,NA,NA,NA,NA,NA,NA,NA,NA,NA,NA,NA,NA,NA,NA,NA,NA,NA,NA,NA,NA,NA,NA,NA,NA,NA,NA,NA,NA,NA
Nicaragua,2021,COE,auction,NA,https://allianceforcoffeeexcellence.org/nicaragua-2021/,2,18,El Poste,87.25,2298,$10.30,"$23,669.40","Wataru & Co., Ltd.",NA,success,NA,NA,NA,NA,NA,NA,NA,NA,NA,NA,NA,NA,NA,NA,NA,NA,NA,NA,NA,NA,NA,NA,NA,NA,NA,NA,NA,NA,NA,NA,NA,NA,NA,NA,NA,NA,NA,NA,NA,NA,NA,NA,NA,NA,NA,NA,NA,NA,NA,NA,NA,NA,NA,NA,NA,NA,NA,NA
Nicaragua,2021,COE,auction,NA,https://allianceforcoffeeexcellence.org/nicaragua-2021/,2,19,Buena Esperanza,87.25,1042,$13.20,"$13,754.40",List + Beisler GmbH,NA,success,NA,NA,NA,NA,NA,NA,NA,NA,NA,NA,NA,NA,NA,NA,NA,NA,NA,NA,NA,NA,NA,NA,NA,NA,NA,NA,NA,NA,NA,NA,NA,NA,NA,NA,NA,NA,NA,NA,NA,NA,NA,NA,NA,NA,NA,NA,NA,NA,NA,NA,NA,NA,NA,NA,NA,NA,NA,NA
Nicaragua,2021,COE,auction,NA,https://allianceforcoffeeexcellence.org/nicaragua-2021/,2,20,La Esperanza,87.25,396.82,$9.20,"$3,650.74",Mokka Specialty Coffee,NA,success,NA,NA,NA,NA,NA,NA,NA,NA,NA,NA,NA,NA,NA,NA,NA,NA,NA,NA,NA,NA,NA,NA,NA,NA,NA,NA,NA,NA,NA,NA,NA,NA,NA,NA,NA,NA,NA,NA,NA,NA,NA,NA,NA,NA,NA,NA,NA,NA,NA,NA,NA,NA,NA,NA,NA,NA,NA,NA
Nicaragua,2021,COE,auction,NA,https://allianceforcoffeeexcellence.org/nicaragua-2021/,2,21,Buena Vista,87.21,316,$14.70,"$4,645.20",Kyokuto Fadie Corporation,NA,success,NA,NA,NA,NA,NA,NA,NA,NA,NA,NA,NA,NA,NA,NA,NA,NA,NA,NA,NA,NA,NA,NA,NA,NA,NA,NA,NA,NA,NA,NA,NA,NA,NA,NA,NA,NA,NA,NA,NA,NA,NA,NA,NA,NA,NA,NA,NA,NA,NA,NA,NA,NA,NA,NA,NA,NA,NA,NA
Nicaragua,2021,COE,auction,NA,https://allianceforcoffeeexcellence.org/nicaragua-2021/,2,22,Los Altiplanos,87.21,566,$11.20,"$6,339.20",Wataru for OGAWA COFFEE,NA,success,NA,NA,NA,NA,NA,NA,NA,NA,NA,NA,NA,NA,NA,NA,NA,NA,NA,NA,NA,NA,NA,NA,NA,NA,NA,NA,NA,NA,NA,NA,NA,NA,NA,NA,NA,NA,NA,NA,NA,NA,NA,NA,NA,NA,NA,NA,NA,NA,NA,NA,NA,NA,NA,NA,NA,NA,NA,NA
Nicaragua,2021,COE,auction,NA,https://allianceforcoffeeexcellence.org/nicaragua-2021/,2,23,Las Brumas,87,721,$9.90,"$7,137.90",Ecom Japan Limited,NA,success,NA,NA,NA,NA,NA,NA,NA,NA,NA,NA,NA,NA,NA,NA,NA,NA,NA,NA,NA,NA,NA,NA,NA,NA,NA,NA,NA,NA,NA,NA,NA,NA,NA,NA,NA,NA,NA,NA,NA,NA,NA,NA,NA,NA,NA,NA,NA,NA,NA,NA,NA,NA,NA,NA,NA,NA,NA,NA
Nicaragua,2021,COE,auction,NA,https://allianceforcoffeeexcellence.org/nicaragua-2021/,2,Totals,,,18378.09,$15.76/lb,"$289,658.61",,NA,success,NA,NA,NA,NA,NA,NA,NA,NA,NA,NA,NA,NA,NA,NA,NA,NA,NA,NA,NA,NA,NA,NA,NA,NA,NA,NA,NA,NA,NA,NA,NA,NA,NA,NA,NA,NA,NA,NA,NA,NA,NA,NA,NA,NA,NA,NA,NA,NA,NA,NA,NA,NA,NA,NA,NA,NA,NA,NA
Nicaragua,2021,NW,auction,NA,https://allianceforcoffeeexcellence.org/nicaragua-2021/,4,NW,El Pimpe,86.75,529,$4.10,"$2,168.90",NA,Coffee Montage,success,NA,NA,NA,NA,NA,NA,NA,NA,NA,NA,NA,NA,NA,NA,NA,NA,NA,NA,NA,NA,NA,NA,NA,NA,NA,NA,NA,NA,NA,NA,NA,NA,NA,NA,NA,NA,NA,NA,NA,NA,NA,NA,NA,NA,NA,NA,NA,NA,NA,NA,NA,NA,NA,NA,NA,NA,NA,NA
Nicaragua,2021,NW,auction,NA,https://allianceforcoffeeexcellence.org/nicaragua-2021/,4,NW,San Antonio,86.67,497,$4.60,"$2,286.20",NA,Bokkum & GIL coffee Roasters,success,NA,NA,NA,NA,NA,NA,NA,NA,NA,NA,NA,NA,NA,NA,NA,NA,NA,NA,NA,NA,NA,NA,NA,NA,NA,NA,NA,NA,NA,NA,NA,NA,NA,NA,NA,NA,NA,NA,NA,NA,NA,NA,NA,NA,NA,NA,NA,NA,NA,NA,NA,NA,NA,NA,NA,NA,NA,NA
Nicaragua,2021,NW,auction,NA,https://allianceforcoffeeexcellence.org/nicaragua-2021/,4,NW,La Florida,86.54,1124,$4.00,"$4,496.00",NA,"cafe DAZAC, Eungubiro Roasters, Crema Costa",success,NA,NA,NA,NA,NA,NA,NA,NA,NA,NA,NA,NA,NA,NA,NA,NA,NA,NA,NA,NA,NA,NA,NA,NA,NA,NA,NA,NA,NA,NA,NA,NA,NA,NA,NA,NA,NA,NA,NA,NA,NA,NA,NA,NA,NA,NA,NA,NA,NA,NA,NA,NA,NA,NA,NA,NA,NA,NA
Nicaragua,2021,NW,auction,NA,https://allianceforcoffeeexcellence.org/nicaragua-2021/,4,NW,Bella Aurora,86.46,793.65,$4.00,"$3,174.60",NA,"cafe DAZAC, Eungubiro Roasters, Crema Costa",success,NA,NA,NA,NA,NA,NA,NA,NA,NA,NA,NA,NA,NA,NA,NA,NA,NA,NA,NA,NA,NA,NA,NA,NA,NA,NA,NA,NA,NA,NA,NA,NA,NA,NA,NA,NA,NA,NA,NA,NA,NA,NA,NA,NA,NA,NA,NA,NA,NA,NA,NA,NA,NA,NA,NA,NA,NA,NA
Nicaragua,2021,NW,auction,NA,https://allianceforcoffeeexcellence.org/nicaragua-2021/,4,NW,El Progreso,86.25,594,$4.00,"$2,376.00",NA,"cafe DAZAC, Eungubiro Roasters, Crema Costa",success,NA,NA,NA,NA,NA,NA,NA,NA,NA,NA,NA,NA,NA,NA,NA,NA,NA,NA,NA,NA,NA,NA,NA,NA,NA,NA,NA,NA,NA,NA,NA,NA,NA,NA,NA,NA,NA,NA,NA,NA,NA,NA,NA,NA,NA,NA,NA,NA,NA,NA,NA,NA,NA,NA,NA,NA,NA,NA
Nicaragua,2021,NW,auction,NA,https://allianceforcoffeeexcellence.org/nicaragua-2021/,4,NW,Los Cielitos,86.21,787,$4.10,"$3,226.70",NA,Nagahama Coffee Inc.,success,NA,NA,NA,NA,NA,NA,NA,NA,NA,NA,NA,NA,NA,NA,NA,NA,NA,NA,NA,NA,NA,NA,NA,NA,NA,NA,NA,NA,NA,NA,NA,NA,NA,NA,NA,NA,NA,NA,NA,NA,NA,NA,NA,NA,NA,NA,NA,NA,NA,NA,NA,NA,NA,NA,NA,NA,NA,NA
Nicaragua,2021,NW,auction,NA,https://allianceforcoffeeexcellence.org/nicaragua-2021/,4,NW,Los Placeres,85.88,925.92,$4.10,"$3,796.27",NA,"Wataru & Co., Ltd.",success,NA,NA,NA,NA,NA,NA,NA,NA,NA,NA,NA,NA,NA,NA,NA,NA,NA,NA,NA,NA,NA,NA,NA,NA,NA,NA,NA,NA,NA,NA,NA,NA,NA,NA,NA,NA,NA,NA,NA,NA,NA,NA,NA,NA,NA,NA,NA,NA,NA,NA,NA,NA,NA,NA,NA,NA,NA,NA
Nicaragua,2021,NW,auction,NA,https://allianceforcoffeeexcellence.org/nicaragua-2021/,4,NW,Nuevo Pacto,85.69,859,$4.00,"$3,436.00",NA,"Linking Coffee Co., Ltd.",success,NA,NA,NA,NA,NA,NA,NA,NA,NA,NA,NA,NA,NA,NA,NA,NA,NA,NA,NA,NA,NA,NA,NA,NA,NA,NA,NA,NA,NA,NA,NA,NA,NA,NA,NA,NA,NA,NA,NA,NA,NA,NA,NA,NA,NA,NA,NA,NA,NA,NA,NA,NA,NA,NA,NA,NA,NA,NA
Nicaragua,2021,NW,auction,NA,https://allianceforcoffeeexcellence.org/nicaragua-2021/,4,NW,,Totals:,6109.57,$4.09/lb,"$24,960.67",NA,,success,NA,NA,NA,NA,NA,NA,NA,NA,NA,NA,NA,NA,NA,NA,NA,NA,NA,NA,NA,NA,NA,NA,NA,NA,NA,NA,NA,NA,NA,NA,NA,NA,NA,NA,NA,NA,NA,NA,NA,NA,NA,NA,NA,NA,NA,NA,NA,NA,NA,NA,NA,NA,NA,NA,NA,NA,NA,NA
Peru,2021,COE,auction,NA,https://allianceforcoffeeexcellence.org/peru-2021/,2,1a,Nueva Alianza,90.2,330.69,$54.60,"$18,055.67",Orsir Coffee(Taiwan),NA,success,NA,NA,NA,NA,NA,NA,NA,NA,NA,NA,NA,NA,NA,NA,NA,NA,NA,NA,NA,NA,NA,NA,NA,NA,NA,NA,NA,NA,NA,NA,NA,NA,NA,NA,NA,NA,NA,NA,NA,NA,NA,NA,NA,NA,NA,NA,NA,NA,NA,NA,NA,NA,NA,NA,NA,NA,NA,NA
Peru,2021,COE,auction,NA,https://allianceforcoffeeexcellence.org/peru-2021/,2,1b,Nueva Alianza,90.2,352.08,$50.40,"$17,744.83",KALDI COFFEE FARM,NA,success,NA,NA,NA,NA,NA,NA,NA,NA,NA,NA,NA,NA,NA,NA,NA,NA,NA,NA,NA,NA,NA,NA,NA,NA,NA,NA,NA,NA,NA,NA,NA,NA,NA,NA,NA,NA,NA,NA,NA,NA,NA,NA,NA,NA,NA,NA,NA,NA,NA,NA,NA,NA,NA,NA,NA,NA,NA,NA
Peru,2021,COE,auction,NA,https://allianceforcoffeeexcellence.org/peru-2021/,2,2a,Santa Mónica,90.08,330.69,$34.30,"$11,342.67",SUPREMO COFFEE,NA,success,NA,NA,NA,NA,NA,NA,NA,NA,NA,NA,NA,NA,NA,NA,NA,NA,NA,NA,NA,NA,NA,NA,NA,NA,NA,NA,NA,NA,NA,NA,NA,NA,NA,NA,NA,NA,NA,NA,NA,NA,NA,NA,NA,NA,NA,NA,NA,NA,NA,NA,NA,NA,NA,NA,NA,NA,NA,NA
Peru,2021,COE,auction,NA,https://allianceforcoffeeexcellence.org/peru-2021/,2,2b,Santa Mónica,90.08,340.61,$33.50,"$11,410.44",KAKALOVE CAFE,NA,success,NA,NA,NA,NA,NA,NA,NA,NA,NA,NA,NA,NA,NA,NA,NA,NA,NA,NA,NA,NA,NA,NA,NA,NA,NA,NA,NA,NA,NA,NA,NA,NA,NA,NA,NA,NA,NA,NA,NA,NA,NA,NA,NA,NA,NA,NA,NA,NA,NA,NA,NA,NA,NA,NA,NA,NA,NA,NA
Peru,2021,COE,auction,NA,https://allianceforcoffeeexcellence.org/peru-2021/,2,3a,La Palta,90,264.55,$27.60,"$7,301.58",Falcon Coffees,NA,success,NA,NA,NA,NA,NA,NA,NA,NA,NA,NA,NA,NA,NA,NA,NA,NA,NA,NA,NA,NA,NA,NA,NA,NA,NA,NA,NA,NA,NA,NA,NA,NA,NA,NA,NA,NA,NA,NA,NA,NA,NA,NA,NA,NA,NA,NA,NA,NA,NA,NA,NA,NA,NA,NA,NA,NA,NA,NA
Peru,2021,COE,auction,NA,https://allianceforcoffeeexcellence.org/peru-2021/,2,3b,La Palta,90,297.62,$27.70,"$8,244.07",Cometeer & Onyx Coffee Lab,NA,success,NA,NA,NA,NA,NA,NA,NA,NA,NA,NA,NA,NA,NA,NA,NA,NA,NA,NA,NA,NA,NA,NA,NA,NA,NA,NA,NA,NA,NA,NA,NA,NA,NA,NA,NA,NA,NA,NA,NA,NA,NA,NA,NA,NA,NA,NA,NA,NA,NA,NA,NA,NA,NA,NA,NA,NA,NA,NA
Peru,2021,COE,auction,NA,https://allianceforcoffeeexcellence.org/peru-2021/,2,4,Chiriloma,89.38,610.68,$25.70,"$15,694.48",MOMOS COFFEE,NA,success,NA,NA,NA,NA,NA,NA,NA,NA,NA,NA,NA,NA,NA,NA,NA,NA,NA,NA,NA,NA,NA,NA,NA,NA,NA,NA,NA,NA,NA,NA,NA,NA,NA,NA,NA,NA,NA,NA,NA,NA,NA,NA,NA,NA,NA,NA,NA,NA,NA,NA,NA,NA,NA,NA,NA,NA,NA,NA
Peru,2021,COE,auction,NA,https://allianceforcoffeeexcellence.org/peru-2021/,2,5,Santa Teresa,89.09,"1,640.96",$14.00,"$22,973.44",DABOV Specialty Coffee,NA,success,NA,NA,NA,NA,NA,NA,NA,NA,NA,NA,NA,NA,NA,NA,NA,NA,NA,NA,NA,NA,NA,NA,NA,NA,NA,NA,NA,NA,NA,NA,NA,NA,NA,NA,NA,NA,NA,NA,NA,NA,NA,NA,NA,NA,NA,NA,NA,NA,NA,NA,NA,NA,NA,NA,NA,NA,NA,NA
Peru,2021,COE,auction,NA,https://allianceforcoffeeexcellence.org/peru-2021/,2,6,Carmen Alto,89.06,593.92,$23.20,"$13,778.94",Solberg & Hansen As,NA,success,NA,NA,NA,NA,NA,NA,NA,NA,NA,NA,NA,NA,NA,NA,NA,NA,NA,NA,NA,NA,NA,NA,NA,NA,NA,NA,NA,NA,NA,NA,NA,NA,NA,NA,NA,NA,NA,NA,NA,NA,NA,NA,NA,NA,NA,NA,NA,NA,NA,NA,NA,NA,NA,NA,NA,NA,NA,NA
Peru,2021,COE,auction,NA,https://allianceforcoffeeexcellence.org/peru-2021/,2,7,Nuevo Progreso,88.97,595.25,$20.00,"$11,905.00",Kaffebrenneriet As,NA,success,NA,NA,NA,NA,NA,NA,NA,NA,NA,NA,NA,NA,NA,NA,NA,NA,NA,NA,NA,NA,NA,NA,NA,NA,NA,NA,NA,NA,NA,NA,NA,NA,NA,NA,NA,NA,NA,NA,NA,NA,NA,NA,NA,NA,NA,NA,NA,NA,NA,NA,NA,NA,NA,NA,NA,NA,NA,NA
Peru,2021,COE,auction,NA,https://allianceforcoffeeexcellence.org/peru-2021/,2,8,La Candelaria,88.38,626.55,$26.00,"$16,290.30",NOZY COFFEE,NA,success,NA,NA,NA,NA,NA,NA,NA,NA,NA,NA,NA,NA,NA,NA,NA,NA,NA,NA,NA,NA,NA,NA,NA,NA,NA,NA,NA,NA,NA,NA,NA,NA,NA,NA,NA,NA,NA,NA,NA,NA,NA,NA,NA,NA,NA,NA,NA,NA,NA,NA,NA,NA,NA,NA,NA,NA,NA,NA
Peru,2021,COE,auction,NA,https://allianceforcoffeeexcellence.org/peru-2021/,2,9,La Lucuma,88.27,686.32,$32.10,"$22,030.87",Terarosa (Haksan Co. Ltd),NA,success,NA,NA,NA,NA,NA,NA,NA,NA,NA,NA,NA,NA,NA,NA,NA,NA,NA,NA,NA,NA,NA,NA,NA,NA,NA,NA,NA,NA,NA,NA,NA,NA,NA,NA,NA,NA,NA,NA,NA,NA,NA,NA,NA,NA,NA,NA,NA,NA,NA,NA,NA,NA,NA,NA,NA,NA,NA,NA
Peru,2021,COE,auction,NA,https://allianceforcoffeeexcellence.org/peru-2021/,2,10,El Cedro,87.75,809.07,$20.20,"$16,343.21",KALDI COFFEE FARM,NA,success,NA,NA,NA,NA,NA,NA,NA,NA,NA,NA,NA,NA,NA,NA,NA,NA,NA,NA,NA,NA,NA,NA,NA,NA,NA,NA,NA,NA,NA,NA,NA,NA,NA,NA,NA,NA,NA,NA,NA,NA,NA,NA,NA,NA,NA,NA,NA,NA,NA,NA,NA,NA,NA,NA,NA,NA,NA,NA
Peru,2021,COE,auction,NA,https://allianceforcoffeeexcellence.org/peru-2021/,2,11,Kukipata Belen,87.72,559.31,$15.30,"$8,557.44",SkyTop Coffee,NA,success,NA,NA,NA,NA,NA,NA,NA,NA,NA,NA,NA,NA,NA,NA,NA,NA,NA,NA,NA,NA,NA,NA,NA,NA,NA,NA,NA,NA,NA,NA,NA,NA,NA,NA,NA,NA,NA,NA,NA,NA,NA,NA,NA,NA,NA,NA,NA,NA,NA,NA,NA,NA,NA,NA,NA,NA,NA,NA
Peru,2021,COE,auction,NA,https://allianceforcoffeeexcellence.org/peru-2021/,2,12,El Bosque,87.69,615.64,$11.30,"$6,956.73","Wataru & Co., Ltd.",NA,success,NA,NA,NA,NA,NA,NA,NA,NA,NA,NA,NA,NA,NA,NA,NA,NA,NA,NA,NA,NA,NA,NA,NA,NA,NA,NA,NA,NA,NA,NA,NA,NA,NA,NA,NA,NA,NA,NA,NA,NA,NA,NA,NA,NA,NA,NA,NA,NA,NA,NA,NA,NA,NA,NA,NA,NA,NA,NA
Peru,2021,COE,auction,NA,https://allianceforcoffeeexcellence.org/peru-2021/,2,13,Las Naranjas,87.64,637.8,$12.00,"$7,653.60","UCC Ueshima Coffee Co., Ltd.",NA,success,NA,NA,NA,NA,NA,NA,NA,NA,NA,NA,NA,NA,NA,NA,NA,NA,NA,NA,NA,NA,NA,NA,NA,NA,NA,NA,NA,NA,NA,NA,NA,NA,NA,NA,NA,NA,NA,NA,NA,NA,NA,NA,NA,NA,NA,NA,NA,NA,NA,NA,NA,NA,NA,NA,NA,NA,NA,NA
Peru,2021,COE,auction,NA,https://allianceforcoffeeexcellence.org/peru-2021/,2,14,El Aliso Chorro Blanco,87.63,778.98,$10.90,"$8,490.88",Kyokuto Fadie Corporation,NA,success,NA,NA,NA,NA,NA,NA,NA,NA,NA,NA,NA,NA,NA,NA,NA,NA,NA,NA,NA,NA,NA,NA,NA,NA,NA,NA,NA,NA,NA,NA,NA,NA,NA,NA,NA,NA,NA,NA,NA,NA,NA,NA,NA,NA,NA,NA,NA,NA,NA,NA,NA,NA,NA,NA,NA,NA,NA,NA
Peru,2021,COE,auction,NA,https://allianceforcoffeeexcellence.org/peru-2021/,2,15,Alto Cedruyoc,87.63,622.14,$25.20,"$15,677.93",Wataru for Voila Coffee,NA,success,NA,NA,NA,NA,NA,NA,NA,NA,NA,NA,NA,NA,NA,NA,NA,NA,NA,NA,NA,NA,NA,NA,NA,NA,NA,NA,NA,NA,NA,NA,NA,NA,NA,NA,NA,NA,NA,NA,NA,NA,NA,NA,NA,NA,NA,NA,NA,NA,NA,NA,NA,NA,NA,NA,NA,NA,NA,NA
Peru,2021,COE,auction,NA,https://allianceforcoffeeexcellence.org/peru-2021/,2,16,Eco Mario,87.56,645.07,$10.10,"$6,515.21","Wataru & Co., Ltd.",NA,success,NA,NA,NA,NA,NA,NA,NA,NA,NA,NA,NA,NA,NA,NA,NA,NA,NA,NA,NA,NA,NA,NA,NA,NA,NA,NA,NA,NA,NA,NA,NA,NA,NA,NA,NA,NA,NA,NA,NA,NA,NA,NA,NA,NA,NA,NA,NA,NA,NA,NA,NA,NA,NA,NA,NA,NA,NA,NA
Peru,2021,COE,auction,NA,https://allianceforcoffeeexcellence.org/peru-2021/,2,17,Los Pinos,87.56,691.66,$19.30,"$13,349.04",Luigi Lavazza S.p.A.,NA,success,NA,NA,NA,NA,NA,NA,NA,NA,NA,NA,NA,NA,NA,NA,NA,NA,NA,NA,NA,NA,NA,NA,NA,NA,NA,NA,NA,NA,NA,NA,NA,NA,NA,NA,NA,NA,NA,NA,NA,NA,NA,NA,NA,NA,NA,NA,NA,NA,NA,NA,NA,NA,NA,NA,NA,NA,NA,NA
Peru,2021,COE,auction,NA,https://allianceforcoffeeexcellence.org/peru-2021/,2,18,Sangre de Grado,87.56,922.63,$12.70,"$11,717.40",Kyokuto Fadie Corporation,NA,success,NA,NA,NA,NA,NA,NA,NA,NA,NA,NA,NA,NA,NA,NA,NA,NA,NA,NA,NA,NA,NA,NA,NA,NA,NA,NA,NA,NA,NA,NA,NA,NA,NA,NA,NA,NA,NA,NA,NA,NA,NA,NA,NA,NA,NA,NA,NA,NA,NA,NA,NA,NA,NA,NA,NA,NA,NA,NA
Peru,2021,COE,auction,NA,https://allianceforcoffeeexcellence.org/peru-2021/,2,19,La Chirimolla,87.53,916.46,$8.50,"$7,789.91","Wataru & Co., Ltd.",NA,success,NA,NA,NA,NA,NA,NA,NA,NA,NA,NA,NA,NA,NA,NA,NA,NA,NA,NA,NA,NA,NA,NA,NA,NA,NA,NA,NA,NA,NA,NA,NA,NA,NA,NA,NA,NA,NA,NA,NA,NA,NA,NA,NA,NA,NA,NA,NA,NA,NA,NA,NA,NA,NA,NA,NA,NA,NA,NA
Peru,2021,COE,auction,NA,https://allianceforcoffeeexcellence.org/peru-2021/,2,20,Basulpata,87.33,591.94,$14.10,"$8,346.35",Blossom Valley Intl & The Few Coffee & Goods,NA,success,NA,NA,NA,NA,NA,NA,NA,NA,NA,NA,NA,NA,NA,NA,NA,NA,NA,NA,NA,NA,NA,NA,NA,NA,NA,NA,NA,NA,NA,NA,NA,NA,NA,NA,NA,NA,NA,NA,NA,NA,NA,NA,NA,NA,NA,NA,NA,NA,NA,NA,NA,NA,NA,NA,NA,NA,NA,NA
Peru,2021,COE,auction,NA,https://allianceforcoffeeexcellence.org/peru-2021/,2,21,El Gringo,87.22,"1,622.91",$10.30,"$16,715.97","Wataru & Co., Ltd.",NA,success,NA,NA,NA,NA,NA,NA,NA,NA,NA,NA,NA,NA,NA,NA,NA,NA,NA,NA,NA,NA,NA,NA,NA,NA,NA,NA,NA,NA,NA,NA,NA,NA,NA,NA,NA,NA,NA,NA,NA,NA,NA,NA,NA,NA,NA,NA,NA,NA,NA,NA,NA,NA,NA,NA,NA,NA,NA,NA
Peru,2021,COE,auction,NA,https://allianceforcoffeeexcellence.org/peru-2021/,2,22,Osopen,87.19,611.78,$12.10,"$7,402.54","Wataru & Co., Ltd.",NA,success,NA,NA,NA,NA,NA,NA,NA,NA,NA,NA,NA,NA,NA,NA,NA,NA,NA,NA,NA,NA,NA,NA,NA,NA,NA,NA,NA,NA,NA,NA,NA,NA,NA,NA,NA,NA,NA,NA,NA,NA,NA,NA,NA,NA,NA,NA,NA,NA,NA,NA,NA,NA,NA,NA,NA,NA,NA,NA
Peru,2021,COE,auction,NA,https://allianceforcoffeeexcellence.org/peru-2021/,2,23,La Chirimoya,87.19,545.8,$15.30,"$8,350.74",Falcon Coffees,NA,success,NA,NA,NA,NA,NA,NA,NA,NA,NA,NA,NA,NA,NA,NA,NA,NA,NA,NA,NA,NA,NA,NA,NA,NA,NA,NA,NA,NA,NA,NA,NA,NA,NA,NA,NA,NA,NA,NA,NA,NA,NA,NA,NA,NA,NA,NA,NA,NA,NA,NA,NA,NA,NA,NA,NA,NA,NA,NA
Peru,2021,COE,auction,NA,https://allianceforcoffeeexcellence.org/peru-2021/,2,24,La Naranja,87.09,652.28,$15.40,"$10,045.11",Falcon Coffees,NA,success,NA,NA,NA,NA,NA,NA,NA,NA,NA,NA,NA,NA,NA,NA,NA,NA,NA,NA,NA,NA,NA,NA,NA,NA,NA,NA,NA,NA,NA,NA,NA,NA,NA,NA,NA,NA,NA,NA,NA,NA,NA,NA,NA,NA,NA,NA,NA,NA,NA,NA,NA,NA,NA,NA,NA,NA,NA,NA
Peru,2021,COE,auction,NA,https://allianceforcoffeeexcellence.org/peru-2021/,2,Totals:,,,17893.39,$18.48/lb,"$330,684.35",,NA,success,NA,NA,NA,NA,NA,NA,NA,NA,NA,NA,NA,NA,NA,NA,NA,NA,NA,NA,NA,NA,NA,NA,NA,NA,NA,NA,NA,NA,NA,NA,NA,NA,NA,NA,NA,NA,NA,NA,NA,NA,NA,NA,NA,NA,NA,NA,NA,NA,NA,NA,NA,NA,NA,NA,NA,NA,NA,NA
Peru,2021,NW,auction,NA,https://allianceforcoffeeexcellence.org/peru-2021/,4,NW,El Guargar,86.63,541.9,$7.30,"$3,955.87","Linking Coffee Co., Ltd.",NA,success,NA,NA,NA,NA,NA,NA,NA,NA,NA,NA,NA,NA,NA,NA,NA,NA,NA,NA,NA,NA,NA,NA,NA,NA,NA,NA,NA,NA,NA,NA,NA,NA,NA,NA,NA,NA,NA,NA,NA,NA,NA,NA,NA,NA,NA,NA,NA,NA,NA,NA,NA,NA,NA,NA,NA,NA,NA,NA
Peru,2021,NW,auction,NA,https://allianceforcoffeeexcellence.org/peru-2021/,4,NW,Basulpata,86.56,582.95,$8.10,"$4,721.90",NOZY COFFEE,NA,success,NA,NA,NA,NA,NA,NA,NA,NA,NA,NA,NA,NA,NA,NA,NA,NA,NA,NA,NA,NA,NA,NA,NA,NA,NA,NA,NA,NA,NA,NA,NA,NA,NA,NA,NA,NA,NA,NA,NA,NA,NA,NA,NA,NA,NA,NA,NA,NA,NA,NA,NA,NA,NA,NA,NA,NA,NA,NA
Peru,2021,NW,auction,NA,https://allianceforcoffeeexcellence.org/peru-2021/,4,NW,Perlamayo,86.38,635.59,$6.40,"$4,067.78",NOZY COFFEE,NA,success,NA,NA,NA,NA,NA,NA,NA,NA,NA,NA,NA,NA,NA,NA,NA,NA,NA,NA,NA,NA,NA,NA,NA,NA,NA,NA,NA,NA,NA,NA,NA,NA,NA,NA,NA,NA,NA,NA,NA,NA,NA,NA,NA,NA,NA,NA,NA,NA,NA,NA,NA,NA,NA,NA,NA,NA,NA,NA
Peru,2021,NW,auction,NA,https://allianceforcoffeeexcellence.org/peru-2021/,4,NW,El Mirador,85.97,595.25,$7.20,"$4,285.80",NOZY COFFEE,NA,success,NA,NA,NA,NA,NA,NA,NA,NA,NA,NA,NA,NA,NA,NA,NA,NA,NA,NA,NA,NA,NA,NA,NA,NA,NA,NA,NA,NA,NA,NA,NA,NA,NA,NA,NA,NA,NA,NA,NA,NA,NA,NA,NA,NA,NA,NA,NA,NA,NA,NA,NA,NA,NA,NA,NA,NA,NA,NA
Peru,2021,NW,auction,NA,https://allianceforcoffeeexcellence.org/peru-2021/,4,NW,Walalachi,85.94,647.28,$8.10,"$5,242.97","Linking Coffee Co., Ltd.",NA,success,NA,NA,NA,NA,NA,NA,NA,NA,NA,NA,NA,NA,NA,NA,NA,NA,NA,NA,NA,NA,NA,NA,NA,NA,NA,NA,NA,NA,NA,NA,NA,NA,NA,NA,NA,NA,NA,NA,NA,NA,NA,NA,NA,NA,NA,NA,NA,NA,NA,NA,NA,NA,NA,NA,NA,NA,NA,NA
Peru,2021,NW,auction,NA,https://allianceforcoffeeexcellence.org/peru-2021/,4,NW,El Romerillo,85.72,721.35,$5.90,"$4,255.97","Linking Coffee Co., Ltd.",NA,success,NA,NA,NA,NA,NA,NA,NA,NA,NA,NA,NA,NA,NA,NA,NA,NA,NA,NA,NA,NA,NA,NA,NA,NA,NA,NA,NA,NA,NA,NA,NA,NA,NA,NA,NA,NA,NA,NA,NA,NA,NA,NA,NA,NA,NA,NA,NA,NA,NA,NA,NA,NA,NA,NA,NA,NA,NA,NA
Peru,2021,NW,auction,NA,https://allianceforcoffeeexcellence.org/peru-2021/,4,NW,Muñayoc,85.09,595.25,$6.20,"$3,690.55",Bokkum & GIL coffee Roasters,NA,success,NA,NA,NA,NA,NA,NA,NA,NA,NA,NA,NA,NA,NA,NA,NA,NA,NA,NA,NA,NA,NA,NA,NA,NA,NA,NA,NA,NA,NA,NA,NA,NA,NA,NA,NA,NA,NA,NA,NA,NA,NA,NA,NA,NA,NA,NA,NA,NA,NA,NA,NA,NA,NA,NA,NA,NA,NA,NA
Peru,2021,NW,auction,NA,https://allianceforcoffeeexcellence.org/peru-2021/,4,NW,,Totals:,"4,319.57",$7.00,"$30,220.84",,NA,success,NA,NA,NA,NA,NA,NA,NA,NA,NA,NA,NA,NA,NA,NA,NA,NA,NA,NA,NA,NA,NA,NA,NA,NA,NA,NA,NA,NA,NA,NA,NA,NA,NA,NA,NA,NA,NA,NA,NA,NA,NA,NA,NA,NA,NA,NA,NA,NA,NA,NA,NA,NA,NA,NA,NA,NA,NA,NA
Brazil,2022,COE,auction,NA,https://allianceforcoffeeexcellence.org/brazil-2022/,2,1a,NA,91.41,462.97,NA,"$19,907.71",NA,NA,success,NA,NA,NA,NA,NA,NA,NA,NA,NA,Fazenda Tijuco,$43.00,Caffè Pascucci Torrefazione S.p.A.,Italy,NA,NA,NA,NA,NA,NA,NA,NA,NA,NA,NA,NA,NA,NA,NA,NA,NA,NA,NA,NA,NA,NA,NA,NA,NA,NA,NA,NA,NA,NA,NA,NA,NA,NA,NA,NA,NA,NA,NA,NA,NA,NA,NA,NA,NA
Brazil,2022,COE,auction,NA,https://allianceforcoffeeexcellence.org/brazil-2022/,2,1b,NA,91.41,462.97,NA,"$19,861.41",NA,NA,success,NA,NA,NA,NA,NA,NA,NA,NA,NA,Fazenda Tijuco,$42.90,"KALDI COFFEE FARM (CAMEL COFFEE CO.,LTD.)",Japan,NA,NA,NA,NA,NA,NA,NA,NA,NA,NA,NA,NA,NA,NA,NA,NA,NA,NA,NA,NA,NA,NA,NA,NA,NA,NA,NA,NA,NA,NA,NA,NA,NA,NA,NA,NA,NA,NA,NA,NA,NA,NA,NA,NA,NA
Brazil,2022,COE,auction,NA,https://allianceforcoffeeexcellence.org/brazil-2022/,2,2a,NA,90.59,363.76,NA,"$11,276.56",NA,NA,success,NA,NA,NA,NA,NA,NA,NA,NA,NA,Sitio Bonilha,$31.00,Kyokuto Fadie Corporation,Japan,NA,NA,NA,NA,NA,NA,NA,NA,NA,NA,NA,NA,NA,NA,NA,NA,NA,NA,NA,NA,NA,NA,NA,NA,NA,NA,NA,NA,NA,NA,NA,NA,NA,NA,NA,NA,NA,NA,NA,NA,NA,NA,NA,NA,NA
Brazil,2022,COE,auction,NA,https://allianceforcoffeeexcellence.org/brazil-2022/,2,2b,NA,90.59,363.76,NA,"$11,058.30",NA,NA,success,NA,NA,NA,NA,NA,NA,NA,NA,NA,Sitio Bonilha,$30.40,TAKAMURA COFFEE ROASTERS by MARUKAI,Japan,NA,NA,NA,NA,NA,NA,NA,NA,NA,NA,NA,NA,NA,NA,NA,NA,NA,NA,NA,NA,NA,NA,NA,NA,NA,NA,NA,NA,NA,NA,NA,NA,NA,NA,NA,NA,NA,NA,NA,NA,NA,NA,NA,NA,NA
Brazil,2022,COE,auction,NA,https://allianceforcoffeeexcellence.org/brazil-2022/,2,3a,NA,90.53,396.83,NA,"$6,230.23",NA,NA,success,NA,NA,NA,NA,NA,NA,NA,NA,NA,FAZENDA RECANTO,$15.70,NOZY COFFEE,Japan,NA,NA,NA,NA,NA,NA,NA,NA,NA,NA,NA,NA,NA,NA,NA,NA,NA,NA,NA,NA,NA,NA,NA,NA,NA,NA,NA,NA,NA,NA,NA,NA,NA,NA,NA,NA,NA,NA,NA,NA,NA,NA,NA,NA,NA
Brazil,2022,COE,auction,NA,https://allianceforcoffeeexcellence.org/brazil-2022/,2,3b,NA,90.53,396.83,NA,"$6,269.91",NA,NA,success,NA,NA,NA,NA,NA,NA,NA,NA,NA,FAZENDA RECANTO,$15.80,Wataru for GOLPIE COFFEE,Japan,NA,NA,NA,NA,NA,NA,NA,NA,NA,NA,NA,NA,NA,NA,NA,NA,NA,NA,NA,NA,NA,NA,NA,NA,NA,NA,NA,NA,NA,NA,NA,NA,NA,NA,NA,NA,NA,NA,NA,NA,NA,NA,NA,NA,NA
Brazil,2022,COE,auction,NA,https://allianceforcoffeeexcellence.org/brazil-2022/,2,4,NA,90.47,562.18,NA,"$14,110.72",NA,NA,success,NA,NA,NA,NA,NA,NA,NA,NA,NA,Fazenda Recreio,$25.10,"KALDI COFFEE FARM (CAMEL COFFEE CO.,LTD.)",Japan,NA,NA,NA,NA,NA,NA,NA,NA,NA,NA,NA,NA,NA,NA,NA,NA,NA,NA,NA,NA,NA,NA,NA,NA,NA,NA,NA,NA,NA,NA,NA,NA,NA,NA,NA,NA,NA,NA,NA,NA,NA,NA,NA,NA,NA
Brazil,2022,COE,auction,NA,https://allianceforcoffeeexcellence.org/brazil-2022/,2,5,NA,90.41,727.52,NA,"$29,100.80",NA,NA,success,NA,NA,NA,NA,NA,NA,NA,NA,NA,CASA BRÁS,$40.00,taf coffee,Greece,NA,NA,NA,NA,NA,NA,NA,NA,NA,NA,NA,NA,NA,NA,NA,NA,NA,NA,NA,NA,NA,NA,NA,NA,NA,NA,NA,NA,NA,NA,NA,NA,NA,NA,NA,NA,NA,NA,NA,NA,NA,NA,NA,NA,NA
Brazil,2022,COE,auction,NA,https://allianceforcoffeeexcellence.org/brazil-2022/,2,6,NA,89.31,760.59,NA,"$6,236.84",NA,NA,success,NA,NA,NA,NA,NA,NA,NA,NA,NA,Fazenda Gerais,$8.20,TASHIRO COFFEE,Japan,NA,NA,NA,NA,NA,NA,NA,NA,NA,NA,NA,NA,NA,NA,NA,NA,NA,NA,NA,NA,NA,NA,NA,NA,NA,NA,NA,NA,NA,NA,NA,NA,NA,NA,NA,NA,NA,NA,NA,NA,NA,NA,NA,NA,NA
Brazil,2022,COE,auction,NA,https://allianceforcoffeeexcellence.org/brazil-2022/,2,7,NA,89.16,793.66,NA,"$9,523.92",NA,NA,success,NA,NA,NA,NA,NA,NA,NA,NA,NA,FAZENDA DIVINO ESPÍRITO SANTO,$12.00,terarosa,South Korea,NA,NA,NA,NA,NA,NA,NA,NA,NA,NA,NA,NA,NA,NA,NA,NA,NA,NA,NA,NA,NA,NA,NA,NA,NA,NA,NA,NA,NA,NA,NA,NA,NA,NA,NA,NA,NA,NA,NA,NA,NA,NA,NA,NA,NA
Brazil,2022,COE,auction,NA,https://allianceforcoffeeexcellence.org/brazil-2022/,2,8,NA,88.75,793.66,NA,"$6,944.53",NA,NA,success,NA,NA,NA,NA,NA,NA,NA,NA,NA,FAZENDA CLAUDIO,$8.75,GLITCH COFFEE & ROASTERS And WAVY COFFEE ROASTERS by MARUKAI,Japan,NA,NA,NA,NA,NA,NA,NA,NA,NA,NA,NA,NA,NA,NA,NA,NA,NA,NA,NA,NA,NA,NA,NA,NA,NA,NA,NA,NA,NA,NA,NA,NA,NA,NA,NA,NA,NA,NA,NA,NA,NA,NA,NA,NA,NA
Brazil,2022,COE,auction,NA,https://allianceforcoffeeexcellence.org/brazil-2022/,2,9,NA,88.38,793.66,NA,"$5,873.08",NA,NA,success,NA,NA,NA,NA,NA,NA,NA,NA,NA,Sítio São Sebastião,$7.40,NOZY COFFEE,Japan,NA,NA,NA,NA,NA,NA,NA,NA,NA,NA,NA,NA,NA,NA,NA,NA,NA,NA,NA,NA,NA,NA,NA,NA,NA,NA,NA,NA,NA,NA,NA,NA,NA,NA,NA,NA,NA,NA,NA,NA,NA,NA,NA,NA,NA
Brazil,2022,COE,auction,NA,https://allianceforcoffeeexcellence.org/brazil-2022/,2,10,NA,88.06,793.66,NA,"$5,714.35",NA,NA,success,NA,NA,NA,NA,NA,NA,NA,NA,NA,Sitio Entre Vales,$7.20,Honu Kato Coffee,Japan,NA,NA,NA,NA,NA,NA,NA,NA,NA,NA,NA,NA,NA,NA,NA,NA,NA,NA,NA,NA,NA,NA,NA,NA,NA,NA,NA,NA,NA,NA,NA,NA,NA,NA,NA,NA,NA,NA,NA,NA,NA,NA,NA,NA,NA
Brazil,2022,COE,auction,NA,https://allianceforcoffeeexcellence.org/brazil-2022/,2,11,NA,87.84,793.66,NA,"$5,873.08",NA,NA,success,NA,NA,NA,NA,NA,NA,NA,NA,NA,SÍTIO DA CHAPADA,$7.40,Honu Kato Coffee,Japan,NA,NA,NA,NA,NA,NA,NA,NA,NA,NA,NA,NA,NA,NA,NA,NA,NA,NA,NA,NA,NA,NA,NA,NA,NA,NA,NA,NA,NA,NA,NA,NA,NA,NA,NA,NA,NA,NA,NA,NA,NA,NA,NA,NA,NA
Brazil,2022,COE,auction,NA,https://allianceforcoffeeexcellence.org/brazil-2022/,2,12,NA,87.84,793.66,NA,"$5,714.35",NA,NA,success,NA,NA,NA,NA,NA,NA,NA,NA,NA,SÍTIO SÃO PEDRO,$7.20,"GSC International Co., Ltd",South Korea,NA,NA,NA,NA,NA,NA,NA,NA,NA,NA,NA,NA,NA,NA,NA,NA,NA,NA,NA,NA,NA,NA,NA,NA,NA,NA,NA,NA,NA,NA,NA,NA,NA,NA,NA,NA,NA,NA,NA,NA,NA,NA,NA,NA,NA
Brazil,2022,COE,auction,NA,https://allianceforcoffeeexcellence.org/brazil-2022/,2,13,NA,87.81,892.87,NA,"$6,339.38",NA,NA,success,NA,NA,NA,NA,NA,NA,NA,NA,NA,DRALZIO FERREIRA DE SANTANA,$7.10,TASHIRO COFFEE,Japan,NA,NA,NA,NA,NA,NA,NA,NA,NA,NA,NA,NA,NA,NA,NA,NA,NA,NA,NA,NA,NA,NA,NA,NA,NA,NA,NA,NA,NA,NA,NA,NA,NA,NA,NA,NA,NA,NA,NA,NA,NA,NA,NA,NA,NA
Brazil,2022,COE,auction,NA,https://allianceforcoffeeexcellence.org/brazil-2022/,2,14,NA,87.75,727.52,NA,"$5,820.16",NA,NA,success,NA,NA,NA,NA,NA,NA,NA,NA,NA,Fazenda Santa Inês,$8.00,Volcanica Coffee,United States,NA,NA,NA,NA,NA,NA,NA,NA,NA,NA,NA,NA,NA,NA,NA,NA,NA,NA,NA,NA,NA,NA,NA,NA,NA,NA,NA,NA,NA,NA,NA,NA,NA,NA,NA,NA,NA,NA,NA,NA,NA,NA,NA,NA,NA
Brazil,2022,COE,auction,NA,https://allianceforcoffeeexcellence.org/brazil-2022/,2,15,NA,87.72,1554.26,NA,"$10,724.39",NA,NA,success,NA,NA,NA,NA,NA,NA,NA,NA,NA,Córrego Seco,$6.90,"Wataru & Co., Ltd.",Japan,NA,NA,NA,NA,NA,NA,NA,NA,NA,NA,NA,NA,NA,NA,NA,NA,NA,NA,NA,NA,NA,NA,NA,NA,NA,NA,NA,NA,NA,NA,NA,NA,NA,NA,NA,NA,NA,NA,NA,NA,NA,NA,NA,NA,NA
Brazil,2022,COE,auction,NA,https://allianceforcoffeeexcellence.org/brazil-2022/,2,16,NA,87.63,925.94,NA,"$6,296.39",NA,NA,success,NA,NA,NA,NA,NA,NA,NA,NA,NA,Fazenda Capão,$6.80,NAGAHAMA COFFEE Inc.,Japan,NA,NA,NA,NA,NA,NA,NA,NA,NA,NA,NA,NA,NA,NA,NA,NA,NA,NA,NA,NA,NA,NA,NA,NA,NA,NA,NA,NA,NA,NA,NA,NA,NA,NA,NA,NA,NA,NA,NA,NA,NA,NA,NA,NA,NA
Brazil,2022,COE,auction,NA,https://allianceforcoffeeexcellence.org/brazil-2022/,2,17,NA,87.63,793.66,NA,"$5,714.35",NA,NA,success,NA,NA,NA,NA,NA,NA,NA,NA,NA,Sítio São Judas Tadeu,$7.20,"Wataru & Co., Ltd.",Japan,NA,NA,NA,NA,NA,NA,NA,NA,NA,NA,NA,NA,NA,NA,NA,NA,NA,NA,NA,NA,NA,NA,NA,NA,NA,NA,NA,NA,NA,NA,NA,NA,NA,NA,NA,NA,NA,NA,NA,NA,NA,NA,NA,NA,NA
Brazil,2022,COE,auction,NA,https://allianceforcoffeeexcellence.org/brazil-2022/,2,18,NA,87.47,562.18,NA,"$4,553.66",NA,NA,success,NA,NA,NA,NA,NA,NA,NA,NA,NA,Terracota Specialty Coffee,$8.10,Little City Coffee Roasters,United States,NA,NA,NA,NA,NA,NA,NA,NA,NA,NA,NA,NA,NA,NA,NA,NA,NA,NA,NA,NA,NA,NA,NA,NA,NA,NA,NA,NA,NA,NA,NA,NA,NA,NA,NA,NA,NA,NA,NA,NA,NA,NA,NA,NA,NA
Brazil,2022,COE,auction,NA,https://allianceforcoffeeexcellence.org/brazil-2022/,2,19,NA,87.47,793.66,NA,"$7,023.89",NA,NA,success,NA,NA,NA,NA,NA,NA,NA,NA,NA,FAZENDA CHAPADÃO,$8.85,Studio Caffeine,Hong Kong,NA,NA,NA,NA,NA,NA,NA,NA,NA,NA,NA,NA,NA,NA,NA,NA,NA,NA,NA,NA,NA,NA,NA,NA,NA,NA,NA,NA,NA,NA,NA,NA,NA,NA,NA,NA,NA,NA,NA,NA,NA,NA,NA,NA,NA
Brazil,2022,COE,auction,NA,https://allianceforcoffeeexcellence.org/brazil-2022/,2,20,NA,87.19,793.66,NA,"$5,714.35",NA,NA,success,NA,NA,NA,NA,NA,NA,NA,NA,NA,Fazenda Cerca de Pedras São Benedito,$7.20,Wataru for Voila Coffee,Japan,NA,NA,NA,NA,NA,NA,NA,NA,NA,NA,NA,NA,NA,NA,NA,NA,NA,NA,NA,NA,NA,NA,NA,NA,NA,NA,NA,NA,NA,NA,NA,NA,NA,NA,NA,NA,NA,NA,NA,NA,NA,NA,NA,NA,NA
Brazil,2022,COE,auction,NA,https://allianceforcoffeeexcellence.org/brazil-2022/,2,21,NA,87.16,793.66,NA,"$5,396.89",NA,NA,success,NA,NA,NA,NA,NA,NA,NA,NA,NA,Fazenda Baixadão,$6.80,"Wataru & Co., Ltd.",Japan,NA,NA,NA,NA,NA,NA,NA,NA,NA,NA,NA,NA,NA,NA,NA,NA,NA,NA,NA,NA,NA,NA,NA,NA,NA,NA,NA,NA,NA,NA,NA,NA,NA,NA,NA,NA,NA,NA,NA,NA,NA,NA,NA,NA,NA
Brazil,2022,COE,auction,NA,https://allianceforcoffeeexcellence.org/brazil-2022/,2,22,NA,87.13,793.66,NA,"$5,317.52",NA,NA,success,NA,NA,NA,NA,NA,NA,NA,NA,NA,Paraiso – Andrade Bros,$6.70,"Wataru & Co., Ltd.",Japan,NA,NA,NA,NA,NA,NA,NA,NA,NA,NA,NA,NA,NA,NA,NA,NA,NA,NA,NA,NA,NA,NA,NA,NA,NA,NA,NA,NA,NA,NA,NA,NA,NA,NA,NA,NA,NA,NA,NA,NA,NA,NA,NA,NA,NA
Brazil,2022,COE,auction,NA,https://allianceforcoffeeexcellence.org/brazil-2022/,2,23,NA,87.09,727.52,NA,"$5,383.65",NA,NA,success,NA,NA,NA,NA,NA,NA,NA,NA,NA,SÍTIO GUIOMAR,$7.40,"MUSEO Co., Ltd. // 포비아워스 로스터리 // liike coffee  // huelgo // MC company // 커피화 로스터스",South Korea,NA,NA,NA,NA,NA,NA,NA,NA,NA,NA,NA,NA,NA,NA,NA,NA,NA,NA,NA,NA,NA,NA,NA,NA,NA,NA,NA,NA,NA,NA,NA,NA,NA,NA,NA,NA,NA,NA,NA,NA,NA,NA,NA,NA,NA
Brazil,2022,COE,auction,NA,https://allianceforcoffeeexcellence.org/brazil-2022/,2,24,NA,87.09,1025.15,NA,"$6,765.99",NA,NA,success,NA,NA,NA,NA,NA,NA,NA,NA,NA,Fazenda Ouro Verde,$6.60,NOZY COFFEE,Japan,NA,NA,NA,NA,NA,NA,NA,NA,NA,NA,NA,NA,NA,NA,NA,NA,NA,NA,NA,NA,NA,NA,NA,NA,NA,NA,NA,NA,NA,NA,NA,NA,NA,NA,NA,NA,NA,NA,NA,NA,NA,NA,NA,NA,NA
Brazil,2022,COE,auction,NA,https://allianceforcoffeeexcellence.org/brazil-2022/,2,Totals:,NA,,19643,NA,"Total Auction Value
$238,746.41",NA,NA,success,NA,NA,NA,NA,NA,NA,NA,NA,NA,Totals:,"Auction Average $/Lb
$14.43",,,NA,NA,NA,NA,NA,NA,NA,NA,NA,NA,NA,NA,NA,NA,NA,NA,NA,NA,NA,NA,NA,NA,NA,NA,NA,NA,NA,NA,NA,NA,NA,NA,NA,NA,NA,NA,NA,NA,NA,NA,NA,NA,NA,NA,NA
Colombia,2022,COE,auction,NA,https://allianceforcoffeeexcellence.org/colombia-2022/,2,1a,LA BOHEMIA,"90,65",299.83,$92.20,"$27,644.33",Curve Specialty coffee Roastery,NA,success,NA,NA,NA,NA,NA,NA,NA,NA,NA,NA,NA,NA,NA,NA,NA,NA,NA,NA,NA,NA,NA,NA,NA,NA,NA,NA,NA,NA,NA,NA,NA,NA,NA,NA,NA,NA,NA,NA,NA,NA,NA,NA,NA,NA,NA,NA,NA,NA,NA,NA,NA,NA,NA,NA,NA,NA,NA,NA
Colombia,2022,COE,auction,NA,https://allianceforcoffeeexcellence.org/colombia-2022/,2,1b,LA BOHEMIA,"90,65",264.55,$92.30,"$24,417.97","Orsir International Co., Ltd.",NA,success,NA,NA,NA,NA,NA,NA,NA,NA,NA,NA,NA,NA,NA,NA,NA,NA,NA,NA,NA,NA,NA,NA,NA,NA,NA,NA,NA,NA,NA,NA,NA,NA,NA,NA,NA,NA,NA,NA,NA,NA,NA,NA,NA,NA,NA,NA,NA,NA,NA,NA,NA,NA,NA,NA,NA,NA,NA,NA
Colombia,2022,COE,auction,NA,https://allianceforcoffeeexcellence.org/colombia-2022/,2,2a,EL PORVENIR,"90,02",330.69,$50.20,"$16,600.64",GESHARY COFFEE,NA,success,NA,NA,NA,NA,NA,NA,NA,NA,NA,NA,NA,NA,NA,NA,NA,NA,NA,NA,NA,NA,NA,NA,NA,NA,NA,NA,NA,NA,NA,NA,NA,NA,NA,NA,NA,NA,NA,NA,NA,NA,NA,NA,NA,NA,NA,NA,NA,NA,NA,NA,NA,NA,NA,NA,NA,NA,NA,NA
Colombia,2022,COE,auction,NA,https://allianceforcoffeeexcellence.org/colombia-2022/,2,2b,EL PORVENIR,"90,02",264.55,$63.20,"$16,719.56","GLITCH COFFEE & ROASTERS ,TAKAMURA COFFEE ROASTERS BY MARUKAI.",NA,success,NA,NA,NA,NA,NA,NA,NA,NA,NA,NA,NA,NA,NA,NA,NA,NA,NA,NA,NA,NA,NA,NA,NA,NA,NA,NA,NA,NA,NA,NA,NA,NA,NA,NA,NA,NA,NA,NA,NA,NA,NA,NA,NA,NA,NA,NA,NA,NA,NA,NA,NA,NA,NA,NA,NA,NA,NA,NA
Colombia,2022,COE,auction,NA,https://allianceforcoffeeexcellence.org/colombia-2022/,2,3,EL JARDIN,"89,43",462.97,$28.10,"$13,009.46",Onyx Coffee Lab,NA,success,NA,NA,NA,NA,NA,NA,NA,NA,NA,NA,NA,NA,NA,NA,NA,NA,NA,NA,NA,NA,NA,NA,NA,NA,NA,NA,NA,NA,NA,NA,NA,NA,NA,NA,NA,NA,NA,NA,NA,NA,NA,NA,NA,NA,NA,NA,NA,NA,NA,NA,NA,NA,NA,NA,NA,NA,NA,NA
Colombia,2022,COE,auction,NA,https://allianceforcoffeeexcellence.org/colombia-2022/,2,4,La cruz,"89,09",762.8,$12.50,"$9,535.00",Curve Specialty coffee Roastery,NA,success,NA,NA,NA,NA,NA,NA,NA,NA,NA,NA,NA,NA,NA,NA,NA,NA,NA,NA,NA,NA,NA,NA,NA,NA,NA,NA,NA,NA,NA,NA,NA,NA,NA,NA,NA,NA,NA,NA,NA,NA,NA,NA,NA,NA,NA,NA,NA,NA,NA,NA,NA,NA,NA,NA,NA,NA,NA,NA
Colombia,2022,COE,auction,NA,https://allianceforcoffeeexcellence.org/colombia-2022/,2,5,LA FORTUNA,"89,09",429.9,$23.80,"$10,231.62","Caravela Coffee, Floozy Coffee, Elixr Coffee,
Equator Coffees,
Belux Coffee Roasters",NA,success,NA,NA,NA,NA,NA,NA,NA,NA,NA,NA,NA,NA,NA,NA,NA,NA,NA,NA,NA,NA,NA,NA,NA,NA,NA,NA,NA,NA,NA,NA,NA,NA,NA,NA,NA,NA,NA,NA,NA,NA,NA,NA,NA,NA,NA,NA,NA,NA,NA,NA,NA,NA,NA,NA,NA,NA,NA,NA
Colombia,2022,COE,auction,NA,https://allianceforcoffeeexcellence.org/colombia-2022/,2,6,LA PELOTA,"88,89",661.39,$21.40,"$14,153.75",SUPREMO COFFEE,NA,success,NA,NA,NA,NA,NA,NA,NA,NA,NA,NA,NA,NA,NA,NA,NA,NA,NA,NA,NA,NA,NA,NA,NA,NA,NA,NA,NA,NA,NA,NA,NA,NA,NA,NA,NA,NA,NA,NA,NA,NA,NA,NA,NA,NA,NA,NA,NA,NA,NA,NA,NA,NA,NA,NA,NA,NA,NA,NA
Colombia,2022,COE,auction,NA,https://allianceforcoffeeexcellence.org/colombia-2022/,2,7,MONTREAL,"88,37",621.7,$23.00,"$14,299.10",SARUTAHIKO COFFEE,NA,success,NA,NA,NA,NA,NA,NA,NA,NA,NA,NA,NA,NA,NA,NA,NA,NA,NA,NA,NA,NA,NA,NA,NA,NA,NA,NA,NA,NA,NA,NA,NA,NA,NA,NA,NA,NA,NA,NA,NA,NA,NA,NA,NA,NA,NA,NA,NA,NA,NA,NA,NA,NA,NA,NA,NA,NA,NA,NA
Colombia,2022,COE,auction,NA,https://allianceforcoffeeexcellence.org/colombia-2022/,2,8,EL GUAYABO,"88,35",462.97,$17.60,"$8,148.27",M.I.Coffee Corporation,NA,success,NA,NA,NA,NA,NA,NA,NA,NA,NA,NA,NA,NA,NA,NA,NA,NA,NA,NA,NA,NA,NA,NA,NA,NA,NA,NA,NA,NA,NA,NA,NA,NA,NA,NA,NA,NA,NA,NA,NA,NA,NA,NA,NA,NA,NA,NA,NA,NA,NA,NA,NA,NA,NA,NA,NA,NA,NA,NA
Colombia,2022,COE,auction,NA,https://allianceforcoffeeexcellence.org/colombia-2022/,2,9,LA PALMA,"88,28",709.89,$15.50,"$11,003.30","MUSEO Co., Ltd. , liike coffee , ABRI COFFEE FACTORY , 커피화 로스터스 , huelgo",NA,success,NA,NA,NA,NA,NA,NA,NA,NA,NA,NA,NA,NA,NA,NA,NA,NA,NA,NA,NA,NA,NA,NA,NA,NA,NA,NA,NA,NA,NA,NA,NA,NA,NA,NA,NA,NA,NA,NA,NA,NA,NA,NA,NA,NA,NA,NA,NA,NA,NA,NA,NA,NA,NA,NA,NA,NA,NA,NA
Colombia,2022,COE,auction,NA,https://allianceforcoffeeexcellence.org/colombia-2022/,2,10,LA SIBERIA,"87,74",515.88,$13.30,"$6,861.20",Pebble Coffee,NA,success,NA,NA,NA,NA,NA,NA,NA,NA,NA,NA,NA,NA,NA,NA,NA,NA,NA,NA,NA,NA,NA,NA,NA,NA,NA,NA,NA,NA,NA,NA,NA,NA,NA,NA,NA,NA,NA,NA,NA,NA,NA,NA,NA,NA,NA,NA,NA,NA,NA,NA,NA,NA,NA,NA,NA,NA,NA,NA
Colombia,2022,COE,auction,NA,https://allianceforcoffeeexcellence.org/colombia-2022/,2,11,LAS BRISAS,"87,59","1,058.22",$14.00,"$14,815.08","Wataru & Co., Ltd.",NA,success,NA,NA,NA,NA,NA,NA,NA,NA,NA,NA,NA,NA,NA,NA,NA,NA,NA,NA,NA,NA,NA,NA,NA,NA,NA,NA,NA,NA,NA,NA,NA,NA,NA,NA,NA,NA,NA,NA,NA,NA,NA,NA,NA,NA,NA,NA,NA,NA,NA,NA,NA,NA,NA,NA,NA,NA,NA,NA
Colombia,2022,COE,auction,NA,https://allianceforcoffeeexcellence.org/colombia-2022/,2,12,Manantiales del Frontino,"87,37",511.47,$10.20,"$5,216.99","Mercanta The Coffee Hunters, 19 Grams (Germany)",NA,success,NA,NA,NA,NA,NA,NA,NA,NA,NA,NA,NA,NA,NA,NA,NA,NA,NA,NA,NA,NA,NA,NA,NA,NA,NA,NA,NA,NA,NA,NA,NA,NA,NA,NA,NA,NA,NA,NA,NA,NA,NA,NA,NA,NA,NA,NA,NA,NA,NA,NA,NA,NA,NA,NA,NA,NA,NA,NA
Colombia,2022,COE,auction,NA,https://allianceforcoffeeexcellence.org/colombia-2022/,2,13,LA AZUCENA,"87,35",698.86,$15.90,"$11,111.87",terarosa,NA,success,NA,NA,NA,NA,NA,NA,NA,NA,NA,NA,NA,NA,NA,NA,NA,NA,NA,NA,NA,NA,NA,NA,NA,NA,NA,NA,NA,NA,NA,NA,NA,NA,NA,NA,NA,NA,NA,NA,NA,NA,NA,NA,NA,NA,NA,NA,NA,NA,NA,NA,NA,NA,NA,NA,NA,NA,NA,NA
Colombia,2022,COE,auction,NA,https://allianceforcoffeeexcellence.org/colombia-2022/,2,14,EL PORVENIR,"87,35","1,172.86",$14.30,"$16,771.90",SARUTAHIKO COFFEE,NA,success,NA,NA,NA,NA,NA,NA,NA,NA,NA,NA,NA,NA,NA,NA,NA,NA,NA,NA,NA,NA,NA,NA,NA,NA,NA,NA,NA,NA,NA,NA,NA,NA,NA,NA,NA,NA,NA,NA,NA,NA,NA,NA,NA,NA,NA,NA,NA,NA,NA,NA,NA,NA,NA,NA,NA,NA,NA,NA
Colombia,2022,COE,auction,NA,https://allianceforcoffeeexcellence.org/colombia-2022/,2,15,EL MIRADOR,"87,22",564.38,$12.40,"$6,998.31",Studio Caffeine,NA,success,NA,NA,NA,NA,NA,NA,NA,NA,NA,NA,NA,NA,NA,NA,NA,NA,NA,NA,NA,NA,NA,NA,NA,NA,NA,NA,NA,NA,NA,NA,NA,NA,NA,NA,NA,NA,NA,NA,NA,NA,NA,NA,NA,NA,NA,NA,NA,NA,NA,NA,NA,NA,NA,NA,NA,NA,NA,NA
Colombia,2022,COE,auction,NA,https://allianceforcoffeeexcellence.org/colombia-2022/,2,16,EL CEDRO,"87,17",1256.63,$10.10,"$12,691.96",honu加藤珈琲店株式会社,NA,success,NA,NA,NA,NA,NA,NA,NA,NA,NA,NA,NA,NA,NA,NA,NA,NA,NA,NA,NA,NA,NA,NA,NA,NA,NA,NA,NA,NA,NA,NA,NA,NA,NA,NA,NA,NA,NA,NA,NA,NA,NA,NA,NA,NA,NA,NA,NA,NA,NA,NA,NA,NA,NA,NA,NA,NA,NA,NA
Colombia,2022,COE,auction,NA,https://allianceforcoffeeexcellence.org/colombia-2022/,2,17,SANTA HELENA,"87,15",555.56,$12.20,"$6,777.83",caffeinelab,NA,success,NA,NA,NA,NA,NA,NA,NA,NA,NA,NA,NA,NA,NA,NA,NA,NA,NA,NA,NA,NA,NA,NA,NA,NA,NA,NA,NA,NA,NA,NA,NA,NA,NA,NA,NA,NA,NA,NA,NA,NA,NA,NA,NA,NA,NA,NA,NA,NA,NA,NA,NA,NA,NA,NA,NA,NA,NA,NA
Colombia,2022,COE,auction,NA,https://allianceforcoffeeexcellence.org/colombia-2022/,2,18,El Bosque,"87,13",1311.75,$10.10,"$13,248.68","Wataru & Co., Ltd.",NA,success,NA,NA,NA,NA,NA,NA,NA,NA,NA,NA,NA,NA,NA,NA,NA,NA,NA,NA,NA,NA,NA,NA,NA,NA,NA,NA,NA,NA,NA,NA,NA,NA,NA,NA,NA,NA,NA,NA,NA,NA,NA,NA,NA,NA,NA,NA,NA,NA,NA,NA,NA,NA,NA,NA,NA,NA,NA,NA
Colombia,2022,COE,auction,NA,https://allianceforcoffeeexcellence.org/colombia-2022/,2,19,EL MIRADOR,"87,13",529.11,$11.60,"$6,137.68",Wataru for GOLPIE COFFEE,NA,success,NA,NA,NA,NA,NA,NA,NA,NA,NA,NA,NA,NA,NA,NA,NA,NA,NA,NA,NA,NA,NA,NA,NA,NA,NA,NA,NA,NA,NA,NA,NA,NA,NA,NA,NA,NA,NA,NA,NA,NA,NA,NA,NA,NA,NA,NA,NA,NA,NA,NA,NA,NA,NA,NA,NA,NA,NA,NA
Colombia,2022,COE,auction,NA,https://allianceforcoffeeexcellence.org/colombia-2022/,2,20,LOS ANGELES,"87,07",623.91,$10.40,"$6,488.66",Wataru for Voila Coffee,NA,success,NA,NA,NA,NA,NA,NA,NA,NA,NA,NA,NA,NA,NA,NA,NA,NA,NA,NA,NA,NA,NA,NA,NA,NA,NA,NA,NA,NA,NA,NA,NA,NA,NA,NA,NA,NA,NA,NA,NA,NA,NA,NA,NA,NA,NA,NA,NA,NA,NA,NA,NA,NA,NA,NA,NA,NA,NA,NA
Colombia,2022,COE,auction,NA,https://allianceforcoffeeexcellence.org/colombia-2022/,2,21,LA CUEVITA,"87,02",588.63,$12.20,"$7,181.29",caffeinelab,NA,success,NA,NA,NA,NA,NA,NA,NA,NA,NA,NA,NA,NA,NA,NA,NA,NA,NA,NA,NA,NA,NA,NA,NA,NA,NA,NA,NA,NA,NA,NA,NA,NA,NA,NA,NA,NA,NA,NA,NA,NA,NA,NA,NA,NA,NA,NA,NA,NA,NA,NA,NA,NA,NA,NA,NA,NA,NA,NA
Colombia,2022,COE,auction,NA,https://allianceforcoffeeexcellence.org/colombia-2022/,2,22,LA PIRAGUA,"87,00",1058.22,$10.00,"$10,582.20","Wataru & Co., Ltd.",NA,success,NA,NA,NA,NA,NA,NA,NA,NA,NA,NA,NA,NA,NA,NA,NA,NA,NA,NA,NA,NA,NA,NA,NA,NA,NA,NA,NA,NA,NA,NA,NA,NA,NA,NA,NA,NA,NA,NA,NA,NA,NA,NA,NA,NA,NA,NA,NA,NA,NA,NA,NA,NA,NA,NA,NA,NA,NA,NA
Colombia,2022,COE,auction,NA,https://allianceforcoffeeexcellence.org/colombia-2022/,2,Total,,,15716.72,"Auction Average $/lb
$24.85","Total Auction Value
$290,646.65",,NA,success,NA,NA,NA,NA,NA,NA,NA,NA,NA,NA,NA,NA,NA,NA,NA,NA,NA,NA,NA,NA,NA,NA,NA,NA,NA,NA,NA,NA,NA,NA,NA,NA,NA,NA,NA,NA,NA,NA,NA,NA,NA,NA,NA,NA,NA,NA,NA,NA,NA,NA,NA,NA,NA,NA,NA,NA,NA,NA
Costa Rica,2022,COE,auction,NA,https://allianceforcoffeeexcellence.org/costa-rica-2022/,2,1a,Don Cayito,91.08,330.69,$138.60,"$45,833.63","Coffee Me Up (Korea), Coffee Therapy (Thailand), Cuppingpost, COFFEE FINDER, TXT Coffee(.txt), BARISTATUS⁣",NA,success,NA,NA,NA,NA,NA,NA,NA,NA,NA,NA,NA,NA,NA,NA,NA,NA,NA,NA,NA,NA,NA,NA,NA,NA,NA,NA,NA,NA,NA,NA,NA,NA,NA,NA,NA,NA,NA,NA,NA,NA,NA,NA,NA,NA,NA,NA,NA,NA,NA,NA,NA,NA,NA,NA,NA,NA,NA,NA
Costa Rica,2022,COE,auction,NA,https://allianceforcoffeeexcellence.org/costa-rica-2022/,2,1b,Don Cayito,91.08,297.62,$140.10,"$41,696.56","Fisher coffee 啡舍 /青岛李想珈 /东方国际商业（集团）有限公司/CoffeeBuff/SHANGHAI CARMO TRADING CO. ,LTD(珈露梦咖啡). 上海日常想喝咖啡有限公司 Shanghai Daily Common Coffee Co., LTD. June’s Garden Coffee 六月花园咖啡",NA,success,NA,NA,NA,NA,NA,NA,NA,NA,NA,NA,NA,NA,NA,NA,NA,NA,NA,NA,NA,NA,NA,NA,NA,NA,NA,NA,NA,NA,NA,NA,NA,NA,NA,NA,NA,NA,NA,NA,NA,NA,NA,NA,NA,NA,NA,NA,NA,NA,NA,NA,NA,NA,NA,NA,NA,NA,NA,NA
Costa Rica,2022,COE,auction,NA,https://allianceforcoffeeexcellence.org/costa-rica-2022/,2,2a,El Cedro – Hacienda San Isidro Labra,90.06,661.39,$61.50,"$40,675.49",AROMA GROUP,NA,success,NA,NA,NA,NA,NA,NA,NA,NA,NA,NA,NA,NA,NA,NA,NA,NA,NA,NA,NA,NA,NA,NA,NA,NA,NA,NA,NA,NA,NA,NA,NA,NA,NA,NA,NA,NA,NA,NA,NA,NA,NA,NA,NA,NA,NA,NA,NA,NA,NA,NA,NA,NA,NA,NA,NA,NA,NA,NA
Costa Rica,2022,COE,auction,NA,https://allianceforcoffeeexcellence.org/costa-rica-2022/,2,2b,El Cedro – Hacienda San Isidro Labra,90.06,628.32,$61.10,"$38,390.35","Fisher coffee 啡舍 /青岛李想珈 /东方国际商业（集团）有限公司/CoffeeBuff/SHANGHAI CARMO TRADING CO. ,LTD(珈露梦咖啡）/ Olympia Graeco Egyptian Coffee (OGECoffee) /Raku Coffee Roaster. 上海日常想喝咖啡有限公司 Shanghai Daily Common Coffee Co., LTD. AOKKA.",NA,success,NA,NA,NA,NA,NA,NA,NA,NA,NA,NA,NA,NA,NA,NA,NA,NA,NA,NA,NA,NA,NA,NA,NA,NA,NA,NA,NA,NA,NA,NA,NA,NA,NA,NA,NA,NA,NA,NA,NA,NA,NA,NA,NA,NA,NA,NA,NA,NA,NA,NA,NA,NA,NA,NA,NA,NA,NA,NA
Costa Rica,2022,COE,auction,NA,https://allianceforcoffeeexcellence.org/costa-rica-2022/,2,3a,Los Toños,90.00,529.11,$43.20,"$22,857.55",SARUTAHIKO COFFEE,NA,success,NA,NA,NA,NA,NA,NA,NA,NA,NA,NA,NA,NA,NA,NA,NA,NA,NA,NA,NA,NA,NA,NA,NA,NA,NA,NA,NA,NA,NA,NA,NA,NA,NA,NA,NA,NA,NA,NA,NA,NA,NA,NA,NA,NA,NA,NA,NA,NA,NA,NA,NA,NA,NA,NA,NA,NA,NA,NA
Costa Rica,2022,COE,auction,NA,https://allianceforcoffeeexcellence.org/costa-rica-2022/,2,3b,Los Toños,90.00,529.11,$43.00,"$22,751.73",AROMA GROUP,NA,success,NA,NA,NA,NA,NA,NA,NA,NA,NA,NA,NA,NA,NA,NA,NA,NA,NA,NA,NA,NA,NA,NA,NA,NA,NA,NA,NA,NA,NA,NA,NA,NA,NA,NA,NA,NA,NA,NA,NA,NA,NA,NA,NA,NA,NA,NA,NA,NA,NA,NA,NA,NA,NA,NA,NA,NA,NA,NA
Costa Rica,2022,COE,auction,NA,https://allianceforcoffeeexcellence.org/costa-rica-2022/,2,4,Fcj Volcan Azul El Cedro,89.78,760.6,$66.00,"$50,199.60",Black Gold Coffee,NA,success,NA,NA,NA,NA,NA,NA,NA,NA,NA,NA,NA,NA,NA,NA,NA,NA,NA,NA,NA,NA,NA,NA,NA,NA,NA,NA,NA,NA,NA,NA,NA,NA,NA,NA,NA,NA,NA,NA,NA,NA,NA,NA,NA,NA,NA,NA,NA,NA,NA,NA,NA,NA,NA,NA,NA,NA,NA,NA
Costa Rica,2022,COE,auction,NA,https://allianceforcoffeeexcellence.org/costa-rica-2022/,2,5,Burío,89.61,760.6,$61.50,"$46,776.90",Blue Bottle Coffee,NA,success,NA,NA,NA,NA,NA,NA,NA,NA,NA,NA,NA,NA,NA,NA,NA,NA,NA,NA,NA,NA,NA,NA,NA,NA,NA,NA,NA,NA,NA,NA,NA,NA,NA,NA,NA,NA,NA,NA,NA,NA,NA,NA,NA,NA,NA,NA,NA,NA,NA,NA,NA,NA,NA,NA,NA,NA,NA,NA
Costa Rica,2022,COE,auction,NA,https://allianceforcoffeeexcellence.org/costa-rica-2022/,2,6,Don Eli,89.28,462.97,$85.50,"$39,583.94",Sulalat Coffee Trading,NA,success,NA,NA,NA,NA,NA,NA,NA,NA,NA,NA,NA,NA,NA,NA,NA,NA,NA,NA,NA,NA,NA,NA,NA,NA,NA,NA,NA,NA,NA,NA,NA,NA,NA,NA,NA,NA,NA,NA,NA,NA,NA,NA,NA,NA,NA,NA,NA,NA,NA,NA,NA,NA,NA,NA,NA,NA,NA,NA
Costa Rica,2022,COE,auction,NA,https://allianceforcoffeeexcellence.org/costa-rica-2022/,2,7,La Bandera,89.22,925.94,$22.70,"$21,018.84",Hangzhou Superbeans Import,NA,success,NA,NA,NA,NA,NA,NA,NA,NA,NA,NA,NA,NA,NA,NA,NA,NA,NA,NA,NA,NA,NA,NA,NA,NA,NA,NA,NA,NA,NA,NA,NA,NA,NA,NA,NA,NA,NA,NA,NA,NA,NA,NA,NA,NA,NA,NA,NA,NA,NA,NA,NA,NA,NA,NA,NA,NA,NA,NA
Costa Rica,2022,COE,auction,NA,https://allianceforcoffeeexcellence.org/costa-rica-2022/,2,8,Santa Teresa,89.22,925.94,$40.10,"$37,130.19",意可坊咖啡 for 领地 La Finca/ 芦田家中岛英男/ Fisher Coffee/ 咖乐乐KOLAKOLA COFFEE,NA,success,NA,NA,NA,NA,NA,NA,NA,NA,NA,NA,NA,NA,NA,NA,NA,NA,NA,NA,NA,NA,NA,NA,NA,NA,NA,NA,NA,NA,NA,NA,NA,NA,NA,NA,NA,NA,NA,NA,NA,NA,NA,NA,NA,NA,NA,NA,NA,NA,NA,NA,NA,NA,NA,NA,NA,NA,NA,NA
Costa Rica,2022,COE,auction,NA,https://allianceforcoffeeexcellence.org/costa-rica-2022/,2,9,Finca Toño,88.75,1091.29,$22.00,"$24,008.38","Foosung HDS, AROUND COFFEE(YJ), Coffee Cherry, KINGKONGDRIP & COLLIDE COFFEE, LaB Coffee & Rosters, D:MINE COFFEE ROASTERS",NA,success,NA,NA,NA,NA,NA,NA,NA,NA,NA,NA,NA,NA,NA,NA,NA,NA,NA,NA,NA,NA,NA,NA,NA,NA,NA,NA,NA,NA,NA,NA,NA,NA,NA,NA,NA,NA,NA,NA,NA,NA,NA,NA,NA,NA,NA,NA,NA,NA,NA,NA,NA,NA,NA,NA,NA,NA,NA,NA
Costa Rica,2022,COE,auction,NA,https://allianceforcoffeeexcellence.org/costa-rica-2022/,2,10,Las Nubes,88.53,1058.22,$20.00,"$21,164.40","意可坊咖啡 for 芦田家中岛英男/ GozoCafe/ Fisher Coffee/ Global Beans Co., Ltd/ Green Bean Intertrade/ 咖乐乐KOLAKOLA COFFEE",NA,success,NA,NA,NA,NA,NA,NA,NA,NA,NA,NA,NA,NA,NA,NA,NA,NA,NA,NA,NA,NA,NA,NA,NA,NA,NA,NA,NA,NA,NA,NA,NA,NA,NA,NA,NA,NA,NA,NA,NA,NA,NA,NA,NA,NA,NA,NA,NA,NA,NA,NA,NA,NA,NA,NA,NA,NA,NA,NA
Costa Rica,2022,COE,auction,NA,https://allianceforcoffeeexcellence.org/costa-rica-2022/,2,11,Higueron De Finca Carrizal,88.07,760.6,$17.50,"$13,310.50","Foosung HDS, AROUND COFFEE(YJ), Coffee Cherry, KINGKONGDRIP & COLLIDE COFFEE, LaB Coffee & Rosters, D:MINE COFFEE ROASTERS",NA,success,NA,NA,NA,NA,NA,NA,NA,NA,NA,NA,NA,NA,NA,NA,NA,NA,NA,NA,NA,NA,NA,NA,NA,NA,NA,NA,NA,NA,NA,NA,NA,NA,NA,NA,NA,NA,NA,NA,NA,NA,NA,NA,NA,NA,NA,NA,NA,NA,NA,NA,NA,NA,NA,NA,NA,NA,NA,NA
Costa Rica,2022,COE,auction,NA,https://allianceforcoffeeexcellence.org/costa-rica-2022/,2,12,Pie San,88.00,727.53,$20.20,"$14,696.11",NOZY COFFEE,NA,success,NA,NA,NA,NA,NA,NA,NA,NA,NA,NA,NA,NA,NA,NA,NA,NA,NA,NA,NA,NA,NA,NA,NA,NA,NA,NA,NA,NA,NA,NA,NA,NA,NA,NA,NA,NA,NA,NA,NA,NA,NA,NA,NA,NA,NA,NA,NA,NA,NA,NA,NA,NA,NA,NA,NA,NA,NA,NA
Costa Rica,2022,COE,auction,NA,https://allianceforcoffeeexcellence.org/costa-rica-2022/,2,13,Gloriana,87.82,1058.22,$17.50,"$18,518.85","MUSEO Co., Ltd. // Cygnus Coffee // huelgo // liike coffee",NA,success,NA,NA,NA,NA,NA,NA,NA,NA,NA,NA,NA,NA,NA,NA,NA,NA,NA,NA,NA,NA,NA,NA,NA,NA,NA,NA,NA,NA,NA,NA,NA,NA,NA,NA,NA,NA,NA,NA,NA,NA,NA,NA,NA,NA,NA,NA,NA,NA,NA,NA,NA,NA,NA,NA,NA,NA,NA,NA
Costa Rica,2022,COE,auction,NA,https://allianceforcoffeeexcellence.org/costa-rica-2022/,2,14,Fcj Volcan Azul Cipresal,87.76,760.6,$40.10,"$30,500.06",Sulalat Coffee Trading,NA,success,NA,NA,NA,NA,NA,NA,NA,NA,NA,NA,NA,NA,NA,NA,NA,NA,NA,NA,NA,NA,NA,NA,NA,NA,NA,NA,NA,NA,NA,NA,NA,NA,NA,NA,NA,NA,NA,NA,NA,NA,NA,NA,NA,NA,NA,NA,NA,NA,NA,NA,NA,NA,NA,NA,NA,NA,NA,NA
Costa Rica,2022,COE,auction,NA,https://allianceforcoffeeexcellence.org/costa-rica-2022/,2,15,Don Joel,87.75,1058.22,$17.20,"$18,201.38","Wataru & Co., Ltd.",NA,success,NA,NA,NA,NA,NA,NA,NA,NA,NA,NA,NA,NA,NA,NA,NA,NA,NA,NA,NA,NA,NA,NA,NA,NA,NA,NA,NA,NA,NA,NA,NA,NA,NA,NA,NA,NA,NA,NA,NA,NA,NA,NA,NA,NA,NA,NA,NA,NA,NA,NA,NA,NA,NA,NA,NA,NA,NA,NA
Costa Rica,2022,COE,auction,NA,https://allianceforcoffeeexcellence.org/costa-rica-2022/,2,16,Las Nubes,87.74,992.08,$30.10,"$29,861.61",elbgold Röstkaffee GmbH,NA,success,NA,NA,NA,NA,NA,NA,NA,NA,NA,NA,NA,NA,NA,NA,NA,NA,NA,NA,NA,NA,NA,NA,NA,NA,NA,NA,NA,NA,NA,NA,NA,NA,NA,NA,NA,NA,NA,NA,NA,NA,NA,NA,NA,NA,NA,NA,NA,NA,NA,NA,NA,NA,NA,NA,NA,NA,NA,NA
Costa Rica,2022,COE,auction,NA,https://allianceforcoffeeexcellence.org/costa-rica-2022/,2,17,El Salitre,87.71,1058.22,$16.00,"$16,931.52",SARUTAHIKO COFFEE,NA,success,NA,NA,NA,NA,NA,NA,NA,NA,NA,NA,NA,NA,NA,NA,NA,NA,NA,NA,NA,NA,NA,NA,NA,NA,NA,NA,NA,NA,NA,NA,NA,NA,NA,NA,NA,NA,NA,NA,NA,NA,NA,NA,NA,NA,NA,NA,NA,NA,NA,NA,NA,NA,NA,NA,NA,NA,NA,NA
Costa Rica,2022,COE,auction,NA,https://allianceforcoffeeexcellence.org/costa-rica-2022/,2,18,San Cristobal,87.41,727.53,$23.00,"$16,733.19","Wataru & Co., Ltd.",NA,success,NA,NA,NA,NA,NA,NA,NA,NA,NA,NA,NA,NA,NA,NA,NA,NA,NA,NA,NA,NA,NA,NA,NA,NA,NA,NA,NA,NA,NA,NA,NA,NA,NA,NA,NA,NA,NA,NA,NA,NA,NA,NA,NA,NA,NA,NA,NA,NA,NA,NA,NA,NA,NA,NA,NA,NA,NA,NA
Costa Rica,2022,COE,auction,NA,https://allianceforcoffeeexcellence.org/costa-rica-2022/,2,19,Hacienda De Colima Alto,87.38,760.6,$16.00,"$12,169.60",TIMESCULB,NA,success,NA,NA,NA,NA,NA,NA,NA,NA,NA,NA,NA,NA,NA,NA,NA,NA,NA,NA,NA,NA,NA,NA,NA,NA,NA,NA,NA,NA,NA,NA,NA,NA,NA,NA,NA,NA,NA,NA,NA,NA,NA,NA,NA,NA,NA,NA,NA,NA,NA,NA,NA,NA,NA,NA,NA,NA,NA,NA
Costa Rica,2022,COE,auction,NA,https://allianceforcoffeeexcellence.org/costa-rica-2022/,2,20,La Isla,87.24,1190.5,$15.90,"$18,928.95",honu加藤珈琲店株式会社,NA,success,NA,NA,NA,NA,NA,NA,NA,NA,NA,NA,NA,NA,NA,NA,NA,NA,NA,NA,NA,NA,NA,NA,NA,NA,NA,NA,NA,NA,NA,NA,NA,NA,NA,NA,NA,NA,NA,NA,NA,NA,NA,NA,NA,NA,NA,NA,NA,NA,NA,NA,NA,NA,NA,NA,NA,NA,NA,NA
Costa Rica,2022,COE,auction,NA,https://allianceforcoffeeexcellence.org/costa-rica-2022/,2,21,La Planada,87.21,1058.22,$16.10,"$17,037.34",Kyokuto Fadie Corporation,NA,success,NA,NA,NA,NA,NA,NA,NA,NA,NA,NA,NA,NA,NA,NA,NA,NA,NA,NA,NA,NA,NA,NA,NA,NA,NA,NA,NA,NA,NA,NA,NA,NA,NA,NA,NA,NA,NA,NA,NA,NA,NA,NA,NA,NA,NA,NA,NA,NA,NA,NA,NA,NA,NA,NA,NA,NA,NA,NA
Costa Rica,2022,COE,auction,NA,https://allianceforcoffeeexcellence.org/costa-rica-2022/,2,22,Don Mayo El Cedral,87.09,959.01,$16.60,"$15,919.57","TAKAMURA COFFEE ROASTERS, DEAR ROAST, IMOM COFFEE ROASTERS, Q.O.L. COFFEE,OBROS COFFEE by MARUKAI",NA,success,NA,NA,NA,NA,NA,NA,NA,NA,NA,NA,NA,NA,NA,NA,NA,NA,NA,NA,NA,NA,NA,NA,NA,NA,NA,NA,NA,NA,NA,NA,NA,NA,NA,NA,NA,NA,NA,NA,NA,NA,NA,NA,NA,NA,NA,NA,NA,NA,NA,NA,NA,NA,NA,NA,NA,NA,NA,NA
Costa Rica,2022,COE,auction,NA,https://allianceforcoffeeexcellence.org/costa-rica-2022/,2,Totals:,,,20073.13,$33.62/lb,"$674,888.29",,NA,success,NA,NA,NA,NA,NA,NA,NA,NA,NA,NA,NA,NA,NA,NA,NA,NA,NA,NA,NA,NA,NA,NA,NA,NA,NA,NA,NA,NA,NA,NA,NA,NA,NA,NA,NA,NA,NA,NA,NA,NA,NA,NA,NA,NA,NA,NA,NA,NA,NA,NA,NA,NA,NA,NA,NA,NA,NA,NA
Costa Rica,2022,NW,auction,NA,https://allianceforcoffeeexcellence.org/costa-rica-2022/,4,NW,Leoncio,86.82,762.78,NA,"$                                 3,279.95",NA,NA,success,NA,NA,NA,NA,NA,NA,NA,NA,NA,NA,$            4.30,"Saerin co.,Ltd(MGPG)",NA,NA,NA,NA,NA,NA,NA,NA,NA,NA,NA,NA,NA,NA,NA,NA,NA,NA,NA,NA,NA,NA,NA,NA,NA,NA,NA,NA,NA,NA,NA,NA,NA,NA,NA,NA,NA,NA,NA,NA,NA,NA,NA,NA,NA,NA
Costa Rica,2022,NW,auction,NA,https://allianceforcoffeeexcellence.org/costa-rica-2022/,4,NW,Finca Edgar,86.76,"1,065.68",NA,"$                                 4,369.29",NA,NA,success,NA,NA,NA,NA,NA,NA,NA,NA,NA,NA,$            4.10,"Orsir International Co., Ltd.",NA,NA,NA,NA,NA,NA,NA,NA,NA,NA,NA,NA,NA,NA,NA,NA,NA,NA,NA,NA,NA,NA,NA,NA,NA,NA,NA,NA,NA,NA,NA,NA,NA,NA,NA,NA,NA,NA,NA,NA,NA,NA,NA,NA,NA,NA
Costa Rica,2022,NW,auction,NA,https://allianceforcoffeeexcellence.org/costa-rica-2022/,4,NW,Aromas Del Chiripó,86.71,"1,063.48",NA,"$                                 4,253.92",NA,NA,success,NA,NA,NA,NA,NA,NA,NA,NA,NA,NA,$            4.00,"Bokkum & Gil coffee Roasters,",NA,NA,NA,NA,NA,NA,NA,NA,NA,NA,NA,NA,NA,NA,NA,NA,NA,NA,NA,NA,NA,NA,NA,NA,NA,NA,NA,NA,NA,NA,NA,NA,NA,NA,NA,NA,NA,NA,NA,NA,NA,NA,NA,NA,NA,NA
Costa Rica,2022,NW,auction,NA,https://allianceforcoffeeexcellence.org/costa-rica-2022/,4,NW,La Torre,86.62,762.78,NA,"$                                 3,203.68",NA,NA,success,NA,NA,NA,NA,NA,NA,NA,NA,NA,NA,$            4.20,caffeinelab,NA,NA,NA,NA,NA,NA,NA,NA,NA,NA,NA,NA,NA,NA,NA,NA,NA,NA,NA,NA,NA,NA,NA,NA,NA,NA,NA,NA,NA,NA,NA,NA,NA,NA,NA,NA,NA,NA,NA,NA,NA,NA,NA,NA,NA,NA
Costa Rica,2022,NW,auction,NA,https://allianceforcoffeeexcellence.org/costa-rica-2022/,4,NW,Finca Licho,86.56,"1,067.88",NA,"$                                 4,378.31",NA,NA,success,NA,NA,NA,NA,NA,NA,NA,NA,NA,NA,$            4.10,DONGJIN TRADING COMPANY,NA,NA,NA,NA,NA,NA,NA,NA,NA,NA,NA,NA,NA,NA,NA,NA,NA,NA,NA,NA,NA,NA,NA,NA,NA,NA,NA,NA,NA,NA,NA,NA,NA,NA,NA,NA,NA,NA,NA,NA,NA,NA,NA,NA,NA,NA
Costa Rica,2022,NW,auction,NA,https://allianceforcoffeeexcellence.org/costa-rica-2022/,4,NW,Aguila De Finca Carrizal,86.29,759.7,NA,"$                                 3,038.80",NA,NA,success,NA,NA,NA,NA,NA,NA,NA,NA,NA,NA,$            4.00,"Orsir International Co., Ltd.",NA,NA,NA,NA,NA,NA,NA,NA,NA,NA,NA,NA,NA,NA,NA,NA,NA,NA,NA,NA,NA,NA,NA,NA,NA,NA,NA,NA,NA,NA,NA,NA,NA,NA,NA,NA,NA,NA,NA,NA,NA,NA,NA,NA,NA,NA
Costa Rica,2022,NW,auction,NA,https://allianceforcoffeeexcellence.org/costa-rica-2022/,4,NW,Finca Altavista,86.18,608.3,NA,"$                                 4,258.10",NA,NA,success,NA,NA,NA,NA,NA,NA,NA,NA,NA,NA,$            7.00,Hatch Coffee Roasters,NA,NA,NA,NA,NA,NA,NA,NA,NA,NA,NA,NA,NA,NA,NA,NA,NA,NA,NA,NA,NA,NA,NA,NA,NA,NA,NA,NA,NA,NA,NA,NA,NA,NA,NA,NA,NA,NA,NA,NA,NA,NA,NA,NA,NA,NA
Costa Rica,2022,NW,auction,NA,https://allianceforcoffeeexcellence.org/costa-rica-2022/,4,NW,La Planada,85.71,"1,068.23",NA,"$                                 4,272.92",NA,NA,success,NA,NA,NA,NA,NA,NA,NA,NA,NA,NA,$            4.00,DONGJIN TRADING COMPANY,NA,NA,NA,NA,NA,NA,NA,NA,NA,NA,NA,NA,NA,NA,NA,NA,NA,NA,NA,NA,NA,NA,NA,NA,NA,NA,NA,NA,NA,NA,NA,NA,NA,NA,NA,NA,NA,NA,NA,NA,NA,NA,NA,NA,NA,NA
Costa Rica,2022,NW,auction,NA,https://allianceforcoffeeexcellence.org/costa-rica-2022/,4,NW,Fidel,85.68,"1,065.79",NA,"$                                 4,263.16",NA,NA,success,NA,NA,NA,NA,NA,NA,NA,NA,NA,NA,$            4.00,"Wataru & Co., Ltd.",NA,NA,NA,NA,NA,NA,NA,NA,NA,NA,NA,NA,NA,NA,NA,NA,NA,NA,NA,NA,NA,NA,NA,NA,NA,NA,NA,NA,NA,NA,NA,NA,NA,NA,NA,NA,NA,NA,NA,NA,NA,NA,NA,NA,NA,NA
Costa Rica,2022,NW,auction,NA,https://allianceforcoffeeexcellence.org/costa-rica-2022/,4,NW,Flor De Cafe,85.32,"1,223.20",NA,"$                                 4,892.80",NA,NA,success,NA,NA,NA,NA,NA,NA,NA,NA,NA,NA,$            4.00,"Bokkum & Gil coffee Roasters,",NA,NA,NA,NA,NA,NA,NA,NA,NA,NA,NA,NA,NA,NA,NA,NA,NA,NA,NA,NA,NA,NA,NA,NA,NA,NA,NA,NA,NA,NA,NA,NA,NA,NA,NA,NA,NA,NA,NA,NA,NA,NA,NA,NA,NA,NA
Costa Rica,2022,NW,auction,NA,https://allianceforcoffeeexcellence.org/costa-rica-2022/,4,NW,,Totals:,"9,447.82",NA,"Total Auction Value
$40,210.93",NA,NA,success,NA,NA,NA,NA,NA,NA,NA,NA,NA,NA,"Auction Average $/lb
$4.37",,NA,NA,NA,NA,NA,NA,NA,NA,NA,NA,NA,NA,NA,NA,NA,NA,NA,NA,NA,NA,NA,NA,NA,NA,NA,NA,NA,NA,NA,NA,NA,NA,NA,NA,NA,NA,NA,NA,NA,NA,NA,NA,NA,NA,NA,NA
Ecuador,2022,COE,auction,NA,https://allianceforcoffeeexcellence.org/ecuador-2022/,2,1a,Hacienda Lugmapata,90.28,198.42,$98.20,"$19,484.84",NOZY COFFEE,NA,success,NA,NA,NA,NA,NA,NA,NA,NA,NA,NA,NA,NA,NA,NA,NA,NA,NA,NA,NA,NA,NA,NA,NA,NA,NA,NA,NA,NA,NA,NA,NA,NA,NA,NA,NA,NA,NA,NA,NA,NA,NA,NA,NA,NA,NA,NA,NA,NA,NA,NA,NA,NA,NA,NA,NA,NA,NA,NA
Ecuador,2022,COE,auction,NA,https://allianceforcoffeeexcellence.org/ecuador-2022/,2,1b,Hacienda Lugmapata,90.28,176.79,$105.10,"$18,580.63","IZAKI COFFEE CO. LTD.,",NA,success,NA,NA,NA,NA,NA,NA,NA,NA,NA,NA,NA,NA,NA,NA,NA,NA,NA,NA,NA,NA,NA,NA,NA,NA,NA,NA,NA,NA,NA,NA,NA,NA,NA,NA,NA,NA,NA,NA,NA,NA,NA,NA,NA,NA,NA,NA,NA,NA,NA,NA,NA,NA,NA,NA,NA,NA,NA,NA
Ecuador,2022,COE,auction,NA,https://allianceforcoffeeexcellence.org/ecuador-2022/,2,2,La Noria,89.35,407.38,$55.10,"$22,446.64","Orsir International Co., Ltd.",NA,success,NA,NA,NA,NA,NA,NA,NA,NA,NA,NA,NA,NA,NA,NA,NA,NA,NA,NA,NA,NA,NA,NA,NA,NA,NA,NA,NA,NA,NA,NA,NA,NA,NA,NA,NA,NA,NA,NA,NA,NA,NA,NA,NA,NA,NA,NA,NA,NA,NA,NA,NA,NA,NA,NA,NA,NA,NA,NA
Ecuador,2022,COE,auction,NA,https://allianceforcoffeeexcellence.org/ecuador-2022/,2,3,Cruz Loma,89.25,486.41,$96.35,"$46,865.60",Osito Coffee,NA,success,NA,NA,NA,NA,NA,NA,NA,NA,NA,NA,NA,NA,NA,NA,NA,NA,NA,NA,NA,NA,NA,NA,NA,NA,NA,NA,NA,NA,NA,NA,NA,NA,NA,NA,NA,NA,NA,NA,NA,NA,NA,NA,NA,NA,NA,NA,NA,NA,NA,NA,NA,NA,NA,NA,NA,NA,NA,NA
Ecuador,2022,COE,auction,NA,https://allianceforcoffeeexcellence.org/ecuador-2022/,2,4,El Dorado,89.1,407.61,$95.50,"$38,926.76","NANJING ECO FARM TRADING CO., LTD. / 啟程拓殖 TerraformCoffee / Gee Coffee",NA,success,NA,NA,NA,NA,NA,NA,NA,NA,NA,NA,NA,NA,NA,NA,NA,NA,NA,NA,NA,NA,NA,NA,NA,NA,NA,NA,NA,NA,NA,NA,NA,NA,NA,NA,NA,NA,NA,NA,NA,NA,NA,NA,NA,NA,NA,NA,NA,NA,NA,NA,NA,NA,NA,NA,NA,NA,NA,NA
Ecuador,2022,COE,auction,NA,https://allianceforcoffeeexcellence.org/ecuador-2022/,2,5,La Florida,88.7,374.98,$29.80,"$11,174.40",Kyokuto Fadie Corporation,NA,success,NA,NA,NA,NA,NA,NA,NA,NA,NA,NA,NA,NA,NA,NA,NA,NA,NA,NA,NA,NA,NA,NA,NA,NA,NA,NA,NA,NA,NA,NA,NA,NA,NA,NA,NA,NA,NA,NA,NA,NA,NA,NA,NA,NA,NA,NA,NA,NA,NA,NA,NA,NA,NA,NA,NA,NA,NA,NA
Ecuador,2022,COE,auction,NA,https://allianceforcoffeeexcellence.org/ecuador-2022/,2,6,Yambamine,88.35,364.84,$35.20,"$12,842.37",realbean,NA,success,NA,NA,NA,NA,NA,NA,NA,NA,NA,NA,NA,NA,NA,NA,NA,NA,NA,NA,NA,NA,NA,NA,NA,NA,NA,NA,NA,NA,NA,NA,NA,NA,NA,NA,NA,NA,NA,NA,NA,NA,NA,NA,NA,NA,NA,NA,NA,NA,NA,NA,NA,NA,NA,NA,NA,NA,NA,NA
Ecuador,2022,COE,auction,NA,https://allianceforcoffeeexcellence.org/ecuador-2022/,2,7,La Papaya Halapa CIA LTDA,88.13,283.1,$36.75,"$10,403.93",Grand Cru Coffee (China),NA,success,NA,NA,NA,NA,NA,NA,NA,NA,NA,NA,NA,NA,NA,NA,NA,NA,NA,NA,NA,NA,NA,NA,NA,NA,NA,NA,NA,NA,NA,NA,NA,NA,NA,NA,NA,NA,NA,NA,NA,NA,NA,NA,NA,NA,NA,NA,NA,NA,NA,NA,NA,NA,NA,NA,NA,NA,NA,NA
Ecuador,2022,COE,auction,NA,https://allianceforcoffeeexcellence.org/ecuador-2022/,2,8,Alaska del Sur,87.83,322.95,$30.05,"$9,704.65",印格咖啡 Ingenuity Coffee & Cut Hand Group (剁手咖啡群) & Move River Coffee（陈胜豪） & 周狮虎咖啡 & Kinglo Coffee（轻乐咖）,NA,success,NA,NA,NA,NA,NA,NA,NA,NA,NA,NA,NA,NA,NA,NA,NA,NA,NA,NA,NA,NA,NA,NA,NA,NA,NA,NA,NA,NA,NA,NA,NA,NA,NA,NA,NA,NA,NA,NA,NA,NA,NA,NA,NA,NA,NA,NA,NA,NA,NA,NA,NA,NA,NA,NA,NA,NA,NA,NA
Ecuador,2022,COE,auction,NA,https://allianceforcoffeeexcellence.org/ecuador-2022/,2,9,Hacienda Biogenica Agroecologica Jesus del Gran Poder,87.78,268.02,$18.95,"$5,078.98",Carrboro Coffee Roasters,NA,success,NA,NA,NA,NA,NA,NA,NA,NA,NA,NA,NA,NA,NA,NA,NA,NA,NA,NA,NA,NA,NA,NA,NA,NA,NA,NA,NA,NA,NA,NA,NA,NA,NA,NA,NA,NA,NA,NA,NA,NA,NA,NA,NA,NA,NA,NA,NA,NA,NA,NA,NA,NA,NA,NA,NA,NA,NA,NA
Ecuador,2022,COE,auction,NA,https://allianceforcoffeeexcellence.org/ecuador-2022/,2,10,Café Johann,87.73,406.83,$26.30,"$10,699.63",honu加藤珈琲店株式会社,NA,success,NA,NA,NA,NA,NA,NA,NA,NA,NA,NA,NA,NA,NA,NA,NA,NA,NA,NA,NA,NA,NA,NA,NA,NA,NA,NA,NA,NA,NA,NA,NA,NA,NA,NA,NA,NA,NA,NA,NA,NA,NA,NA,NA,NA,NA,NA,NA,NA,NA,NA,NA,NA,NA,NA,NA,NA,NA,NA
Ecuador,2022,COE,auction,NA,https://allianceforcoffeeexcellence.org/ecuador-2022/,2,11,El Mirador La Papaya,87.68,295.84,$21.60,"$6,390.14","Coffee Montage, COFFEE PLACE, HYANGMISA, No Doubt, coffeeTemple, 502 Coffee Roasters, DeepBlueLake",NA,success,NA,NA,NA,NA,NA,NA,NA,NA,NA,NA,NA,NA,NA,NA,NA,NA,NA,NA,NA,NA,NA,NA,NA,NA,NA,NA,NA,NA,NA,NA,NA,NA,NA,NA,NA,NA,NA,NA,NA,NA,NA,NA,NA,NA,NA,NA,NA,NA,NA,NA,NA,NA,NA,NA,NA,NA,NA,NA
Ecuador,2022,COE,auction,NA,https://allianceforcoffeeexcellence.org/ecuador-2022/,2,12,El Alisal,87.53,352.05,$18.40,"$6,477.72",YN coffee,NA,success,NA,NA,NA,NA,NA,NA,NA,NA,NA,NA,NA,NA,NA,NA,NA,NA,NA,NA,NA,NA,NA,NA,NA,NA,NA,NA,NA,NA,NA,NA,NA,NA,NA,NA,NA,NA,NA,NA,NA,NA,NA,NA,NA,NA,NA,NA,NA,NA,NA,NA,NA,NA,NA,NA,NA,NA,NA,NA
Ecuador,2022,COE,auction,NA,https://allianceforcoffeeexcellence.org/ecuador-2022/,2,13,Santa Rita,87.45,324.87,$25.50,"$8,284.19",Nanjing Eco Farm,NA,success,NA,NA,NA,NA,NA,NA,NA,NA,NA,NA,NA,NA,NA,NA,NA,NA,NA,NA,NA,NA,NA,NA,NA,NA,NA,NA,NA,NA,NA,NA,NA,NA,NA,NA,NA,NA,NA,NA,NA,NA,NA,NA,NA,NA,NA,NA,NA,NA,NA,NA,NA,NA,NA,NA,NA,NA,NA,NA
Ecuador,2022,COE,auction,NA,https://allianceforcoffeeexcellence.org/ecuador-2022/,2,14,Santa Gertrudis,87.37,270.49,$28.20,"$7,627.82","Snow Beans Coffee , WAVY COFFEE",NA,success,NA,NA,NA,NA,NA,NA,NA,NA,NA,NA,NA,NA,NA,NA,NA,NA,NA,NA,NA,NA,NA,NA,NA,NA,NA,NA,NA,NA,NA,NA,NA,NA,NA,NA,NA,NA,NA,NA,NA,NA,NA,NA,NA,NA,NA,NA,NA,NA,NA,NA,NA,NA,NA,NA,NA,NA,NA,NA
Ecuador,2022,COE,auction,NA,https://allianceforcoffeeexcellence.org/ecuador-2022/,2,15,La Ponderosa,87.29,281.33,$29.20,"$8,214.84",SARUTAHIKO COFFEE,NA,success,NA,NA,NA,NA,NA,NA,NA,NA,NA,NA,NA,NA,NA,NA,NA,NA,NA,NA,NA,NA,NA,NA,NA,NA,NA,NA,NA,NA,NA,NA,NA,NA,NA,NA,NA,NA,NA,NA,NA,NA,NA,NA,NA,NA,NA,NA,NA,NA,NA,NA,NA,NA,NA,NA,NA,NA,NA,NA
Ecuador,2022,COE,auction,NA,https://allianceforcoffeeexcellence.org/ecuador-2022/,2,16,Terrazas del Pisque,87.29,511.32,$17.50,"$8,948.10",Mercanta The Coffee Hunters,NA,success,NA,NA,NA,NA,NA,NA,NA,NA,NA,NA,NA,NA,NA,NA,NA,NA,NA,NA,NA,NA,NA,NA,NA,NA,NA,NA,NA,NA,NA,NA,NA,NA,NA,NA,NA,NA,NA,NA,NA,NA,NA,NA,NA,NA,NA,NA,NA,NA,NA,NA,NA,NA,NA,NA,NA,NA,NA,NA
Ecuador,2022,COE,auction,NA,https://allianceforcoffeeexcellence.org/ecuador-2022/,2,17,La Papaya Halapa CIA LTDA,87.21,282.83,$29.00,"$8,202.07","Mercanta The Coffee Hunters , Black & White Coffee Roasters",NA,success,NA,NA,NA,NA,NA,NA,NA,NA,NA,NA,NA,NA,NA,NA,NA,NA,NA,NA,NA,NA,NA,NA,NA,NA,NA,NA,NA,NA,NA,NA,NA,NA,NA,NA,NA,NA,NA,NA,NA,NA,NA,NA,NA,NA,NA,NA,NA,NA,NA,NA,NA,NA,NA,NA,NA,NA,NA,NA
Ecuador,2022,COE,auction,NA,https://allianceforcoffeeexcellence.org/ecuador-2022/,2,18,Cafetalera Angelita,87,433,$9.90,"$4,286.70","Wataru & Co., Ltd.",NA,success,NA,NA,NA,NA,NA,NA,NA,NA,NA,NA,NA,NA,NA,NA,NA,NA,NA,NA,NA,NA,NA,NA,NA,NA,NA,NA,NA,NA,NA,NA,NA,NA,NA,NA,NA,NA,NA,NA,NA,NA,NA,NA,NA,NA,NA,NA,NA,NA,NA,NA,NA,NA,NA,NA,NA,NA,NA,NA
Ecuador,2022,COE,auction,NA,https://allianceforcoffeeexcellence.org/ecuador-2022/,2,Total,,,6449.06,"Auction Average $/lb
$42.45","Total Auction Value
$264,640.01",,NA,success,NA,NA,NA,NA,NA,NA,NA,NA,NA,NA,NA,NA,NA,NA,NA,NA,NA,NA,NA,NA,NA,NA,NA,NA,NA,NA,NA,NA,NA,NA,NA,NA,NA,NA,NA,NA,NA,NA,NA,NA,NA,NA,NA,NA,NA,NA,NA,NA,NA,NA,NA,NA,NA,NA,NA,NA,NA,NA
El Salvador,2022,COE,auction,NA,https://allianceforcoffeeexcellence.org/el-salvador-2022/,2,1a,El Conacaste,91.82,264.6,$72.10,"$19,077.66",Curve Specialty coffee Roastery,NA,success,NA,NA,NA,NA,NA,NA,NA,NA,NA,NA,NA,NA,NA,NA,NA,NA,NA,NA,NA,NA,NA,NA,NA,NA,NA,NA,NA,NA,NA,NA,NA,NA,NA,NA,NA,NA,NA,NA,NA,NA,NA,NA,NA,NA,NA,NA,NA,NA,NA,NA,NA,NA,NA,NA,NA,NA,NA,NA
El Salvador,2022,COE,auction,NA,https://allianceforcoffeeexcellence.org/el-salvador-2022/,2,1b,El Conacaste,91.82,221.1,$72.20,"$15,963.42","Coffee Me Up (Korea), Mad Priest Coffee, Studio Caffeine, Coffee Therapy (Thailand)",NA,success,NA,NA,NA,NA,NA,NA,NA,NA,NA,NA,NA,NA,NA,NA,NA,NA,NA,NA,NA,NA,NA,NA,NA,NA,NA,NA,NA,NA,NA,NA,NA,NA,NA,NA,NA,NA,NA,NA,NA,NA,NA,NA,NA,NA,NA,NA,NA,NA,NA,NA,NA,NA,NA,NA,NA,NA,NA,NA
El Salvador,2022,COE,auction,NA,https://allianceforcoffeeexcellence.org/el-salvador-2022/,2,2a,Santa Rosa,90.36,264.6,$18.10,"$4,789.26",Terarosa (Haksan Co. Ltd),NA,success,NA,NA,NA,NA,NA,NA,NA,NA,NA,NA,NA,NA,NA,NA,NA,NA,NA,NA,NA,NA,NA,NA,NA,NA,NA,NA,NA,NA,NA,NA,NA,NA,NA,NA,NA,NA,NA,NA,NA,NA,NA,NA,NA,NA,NA,NA,NA,NA,NA,NA,NA,NA,NA,NA,NA,NA,NA,NA
El Salvador,2022,COE,auction,NA,https://allianceforcoffeeexcellence.org/el-salvador-2022/,2,2b,Santa Rosa,90.36,219.8,$16.80,"$3,692.64",CAFFE PASCUCCI,NA,success,NA,NA,NA,NA,NA,NA,NA,NA,NA,NA,NA,NA,NA,NA,NA,NA,NA,NA,NA,NA,NA,NA,NA,NA,NA,NA,NA,NA,NA,NA,NA,NA,NA,NA,NA,NA,NA,NA,NA,NA,NA,NA,NA,NA,NA,NA,NA,NA,NA,NA,NA,NA,NA,NA,NA,NA,NA,NA
El Salvador,2022,COE,auction,NA,https://allianceforcoffeeexcellence.org/el-salvador-2022/,2,3a,Cueva De La Olla,90.23,431.1,$16.30,"$7,026.93",Saza Coffee,NA,success,NA,NA,NA,NA,NA,NA,NA,NA,NA,NA,NA,NA,NA,NA,NA,NA,NA,NA,NA,NA,NA,NA,NA,NA,NA,NA,NA,NA,NA,NA,NA,NA,NA,NA,NA,NA,NA,NA,NA,NA,NA,NA,NA,NA,NA,NA,NA,NA,NA,NA,NA,NA,NA,NA,NA,NA,NA,NA
El Salvador,2022,COE,auction,NA,https://allianceforcoffeeexcellence.org/el-salvador-2022/,2,3b,Cueva De La Olla,90.23,431.1,$16.30,"$7,026.93",Orsir Coffee,NA,success,NA,NA,NA,NA,NA,NA,NA,NA,NA,NA,NA,NA,NA,NA,NA,NA,NA,NA,NA,NA,NA,NA,NA,NA,NA,NA,NA,NA,NA,NA,NA,NA,NA,NA,NA,NA,NA,NA,NA,NA,NA,NA,NA,NA,NA,NA,NA,NA,NA,NA,NA,NA,NA,NA,NA,NA,NA,NA
El Salvador,2022,COE,auction,NA,https://allianceforcoffeeexcellence.org/el-salvador-2022/,2,4,La Pacaya,"90,07",646.4,$40.10,"$25,920.64",Saza Coffee,NA,success,NA,NA,NA,NA,NA,NA,NA,NA,NA,NA,NA,NA,NA,NA,NA,NA,NA,NA,NA,NA,NA,NA,NA,NA,NA,NA,NA,NA,NA,NA,NA,NA,NA,NA,NA,NA,NA,NA,NA,NA,NA,NA,NA,NA,NA,NA,NA,NA,NA,NA,NA,NA,NA,NA,NA,NA,NA,NA
El Salvador,2022,COE,auction,NA,https://allianceforcoffeeexcellence.org/el-salvador-2022/,2,5,Benasque,"89,95",325,$65.30,"$21,222.50",ONYX COFFEE LAB,NA,success,NA,NA,NA,NA,NA,NA,NA,NA,NA,NA,NA,NA,NA,NA,NA,NA,NA,NA,NA,NA,NA,NA,NA,NA,NA,NA,NA,NA,NA,NA,NA,NA,NA,NA,NA,NA,NA,NA,NA,NA,NA,NA,NA,NA,NA,NA,NA,NA,NA,NA,NA,NA,NA,NA,NA,NA,NA,NA
El Salvador,2022,COE,auction,NA,https://allianceforcoffeeexcellence.org/el-salvador-2022/,2,6,Peña Redonda,"89,63",1354.2,$10.55,"$14,286.81",Kaffebrenneriet As,NA,success,NA,NA,NA,NA,NA,NA,NA,NA,NA,NA,NA,NA,NA,NA,NA,NA,NA,NA,NA,NA,NA,NA,NA,NA,NA,NA,NA,NA,NA,NA,NA,NA,NA,NA,NA,NA,NA,NA,NA,NA,NA,NA,NA,NA,NA,NA,NA,NA,NA,NA,NA,NA,NA,NA,NA,NA,NA,NA
El Salvador,2022,COE,auction,NA,https://allianceforcoffeeexcellence.org/el-salvador-2022/,2,7,La Esperanza,"89,48",877,$8.30,"$7,279.10",Sarutahiko Coffee Inc.,NA,success,NA,NA,NA,NA,NA,NA,NA,NA,NA,NA,NA,NA,NA,NA,NA,NA,NA,NA,NA,NA,NA,NA,NA,NA,NA,NA,NA,NA,NA,NA,NA,NA,NA,NA,NA,NA,NA,NA,NA,NA,NA,NA,NA,NA,NA,NA,NA,NA,NA,NA,NA,NA,NA,NA,NA,NA,NA,NA
El Salvador,2022,COE,auction,NA,https://allianceforcoffeeexcellence.org/el-salvador-2022/,2,8,Don Jaime,"89,13",501,$9.40,"$4,709.40",KAKALOVE CAFE,NA,success,NA,NA,NA,NA,NA,NA,NA,NA,NA,NA,NA,NA,NA,NA,NA,NA,NA,NA,NA,NA,NA,NA,NA,NA,NA,NA,NA,NA,NA,NA,NA,NA,NA,NA,NA,NA,NA,NA,NA,NA,NA,NA,NA,NA,NA,NA,NA,NA,NA,NA,NA,NA,NA,NA,NA,NA,NA,NA
El Salvador,2022,COE,auction,NA,https://allianceforcoffeeexcellence.org/el-salvador-2022/,2,9,Las Duanas,"88,79",286,$25.80,"$7,378.80",Curve Specialty coffee Roastery,NA,success,NA,NA,NA,NA,NA,NA,NA,NA,NA,NA,NA,NA,NA,NA,NA,NA,NA,NA,NA,NA,NA,NA,NA,NA,NA,NA,NA,NA,NA,NA,NA,NA,NA,NA,NA,NA,NA,NA,NA,NA,NA,NA,NA,NA,NA,NA,NA,NA,NA,NA,NA,NA,NA,NA,NA,NA,NA,NA
El Salvador,2022,COE,auction,NA,https://allianceforcoffeeexcellence.org/el-salvador-2022/,2,10,La Libertad,"88,68",648.7,$7.80,"$5,059.86","Wataru & Co., Ltd.",NA,success,NA,NA,NA,NA,NA,NA,NA,NA,NA,NA,NA,NA,NA,NA,NA,NA,NA,NA,NA,NA,NA,NA,NA,NA,NA,NA,NA,NA,NA,NA,NA,NA,NA,NA,NA,NA,NA,NA,NA,NA,NA,NA,NA,NA,NA,NA,NA,NA,NA,NA,NA,NA,NA,NA,NA,NA,NA,NA
El Salvador,2022,COE,auction,NA,https://allianceforcoffeeexcellence.org/el-salvador-2022/,2,11,Santa Juana,"88,57",724,$11.60,"$8,398.40",Campos Coffee,NA,success,NA,NA,NA,NA,NA,NA,NA,NA,NA,NA,NA,NA,NA,NA,NA,NA,NA,NA,NA,NA,NA,NA,NA,NA,NA,NA,NA,NA,NA,NA,NA,NA,NA,NA,NA,NA,NA,NA,NA,NA,NA,NA,NA,NA,NA,NA,NA,NA,NA,NA,NA,NA,NA,NA,NA,NA,NA,NA
El Salvador,2022,COE,auction,NA,https://allianceforcoffeeexcellence.org/el-salvador-2022/,2,12,La Laguna,"88,48",825,$8.00,"$6,600.00",TAKAMURA COFFEE ROASTERS And WAVY COFFEE ROASTERS by MARUKAI,NA,success,NA,NA,NA,NA,NA,NA,NA,NA,NA,NA,NA,NA,NA,NA,NA,NA,NA,NA,NA,NA,NA,NA,NA,NA,NA,NA,NA,NA,NA,NA,NA,NA,NA,NA,NA,NA,NA,NA,NA,NA,NA,NA,NA,NA,NA,NA,NA,NA,NA,NA,NA,NA,NA,NA,NA,NA,NA,NA
El Salvador,2022,COE,auction,NA,https://allianceforcoffeeexcellence.org/el-salvador-2022/,2,13,Finca The Sugar Maples,88.46,851,$9.10,"$7,744.10","GSC International Co., Ltd.",NA,success,NA,NA,NA,NA,NA,NA,NA,NA,NA,NA,NA,NA,NA,NA,NA,NA,NA,NA,NA,NA,NA,NA,NA,NA,NA,NA,NA,NA,NA,NA,NA,NA,NA,NA,NA,NA,NA,NA,NA,NA,NA,NA,NA,NA,NA,NA,NA,NA,NA,NA,NA,NA,NA,NA,NA,NA,NA,NA
El Salvador,2022,COE,auction,NA,https://allianceforcoffeeexcellence.org/el-salvador-2022/,2,14,Nejapa,88.43,438.2,$18.10,"$7,931.42",Kyokuto Fadie Corporation,NA,success,NA,NA,NA,NA,NA,NA,NA,NA,NA,NA,NA,NA,NA,NA,NA,NA,NA,NA,NA,NA,NA,NA,NA,NA,NA,NA,NA,NA,NA,NA,NA,NA,NA,NA,NA,NA,NA,NA,NA,NA,NA,NA,NA,NA,NA,NA,NA,NA,NA,NA,NA,NA,NA,NA,NA,NA,NA,NA
El Salvador,2022,COE,auction,NA,https://allianceforcoffeeexcellence.org/el-salvador-2022/,2,15,Los Morales,88.34,766,$8.00,"$6,128.00",Ryans Coffee Roasters. & Mayforest Inc.,NA,success,NA,NA,NA,NA,NA,NA,NA,NA,NA,NA,NA,NA,NA,NA,NA,NA,NA,NA,NA,NA,NA,NA,NA,NA,NA,NA,NA,NA,NA,NA,NA,NA,NA,NA,NA,NA,NA,NA,NA,NA,NA,NA,NA,NA,NA,NA,NA,NA,NA,NA,NA,NA,NA,NA,NA,NA,NA,NA
El Salvador,2022,COE,auction,NA,https://allianceforcoffeeexcellence.org/el-salvador-2022/,2,16,Santa Fe,88.27,902.2,$6.20,"$5,593.64","Wataru & Co., Ltd.",NA,success,NA,NA,NA,NA,NA,NA,NA,NA,NA,NA,NA,NA,NA,NA,NA,NA,NA,NA,NA,NA,NA,NA,NA,NA,NA,NA,NA,NA,NA,NA,NA,NA,NA,NA,NA,NA,NA,NA,NA,NA,NA,NA,NA,NA,NA,NA,NA,NA,NA,NA,NA,NA,NA,NA,NA,NA,NA,NA
El Salvador,2022,COE,auction,NA,https://allianceforcoffeeexcellence.org/el-salvador-2022/,2,17,El Mirador,88.23,840.9,$7.00,"$5,886.30",KAKALOVE CAFE,NA,success,NA,NA,NA,NA,NA,NA,NA,NA,NA,NA,NA,NA,NA,NA,NA,NA,NA,NA,NA,NA,NA,NA,NA,NA,NA,NA,NA,NA,NA,NA,NA,NA,NA,NA,NA,NA,NA,NA,NA,NA,NA,NA,NA,NA,NA,NA,NA,NA,NA,NA,NA,NA,NA,NA,NA,NA,NA,NA
El Salvador,2022,COE,auction,NA,https://allianceforcoffeeexcellence.org/el-salvador-2022/,2,18,La Montañita,88.21,819,$7.40,"$6,060.60",YN Coffee,NA,success,NA,NA,NA,NA,NA,NA,NA,NA,NA,NA,NA,NA,NA,NA,NA,NA,NA,NA,NA,NA,NA,NA,NA,NA,NA,NA,NA,NA,NA,NA,NA,NA,NA,NA,NA,NA,NA,NA,NA,NA,NA,NA,NA,NA,NA,NA,NA,NA,NA,NA,NA,NA,NA,NA,NA,NA,NA,NA
El Salvador,2022,COE,auction,NA,https://allianceforcoffeeexcellence.org/el-salvador-2022/,2,19,Las Ventanas,88.21,883,$7.10,"$6,269.30","Wataru & Co., Ltd.",NA,success,NA,NA,NA,NA,NA,NA,NA,NA,NA,NA,NA,NA,NA,NA,NA,NA,NA,NA,NA,NA,NA,NA,NA,NA,NA,NA,NA,NA,NA,NA,NA,NA,NA,NA,NA,NA,NA,NA,NA,NA,NA,NA,NA,NA,NA,NA,NA,NA,NA,NA,NA,NA,NA,NA,NA,NA,NA,NA
El Salvador,2022,COE,auction,NA,https://allianceforcoffeeexcellence.org/el-salvador-2022/,2,20,Helvetia,88.13,555.4,$11.10,"$6,164.94",Wataru for Voila Coffee,NA,success,NA,NA,NA,NA,NA,NA,NA,NA,NA,NA,NA,NA,NA,NA,NA,NA,NA,NA,NA,NA,NA,NA,NA,NA,NA,NA,NA,NA,NA,NA,NA,NA,NA,NA,NA,NA,NA,NA,NA,NA,NA,NA,NA,NA,NA,NA,NA,NA,NA,NA,NA,NA,NA,NA,NA,NA,NA,NA
El Salvador,2022,COE,auction,NA,https://allianceforcoffeeexcellence.org/el-salvador-2022/,2,21,Los Milagros,88.09,886.8,$7.10,"$6,296.28","Wataru & Co., Ltd.",NA,success,NA,NA,NA,NA,NA,NA,NA,NA,NA,NA,NA,NA,NA,NA,NA,NA,NA,NA,NA,NA,NA,NA,NA,NA,NA,NA,NA,NA,NA,NA,NA,NA,NA,NA,NA,NA,NA,NA,NA,NA,NA,NA,NA,NA,NA,NA,NA,NA,NA,NA,NA,NA,NA,NA,NA,NA,NA,NA
El Salvador,2022,COE,auction,NA,https://allianceforcoffeeexcellence.org/el-salvador-2022/,2,22,La Reforma,87.98,462.7,$6.70,"$3,100.09","Wataru & Co., Ltd.",NA,success,NA,NA,NA,NA,NA,NA,NA,NA,NA,NA,NA,NA,NA,NA,NA,NA,NA,NA,NA,NA,NA,NA,NA,NA,NA,NA,NA,NA,NA,NA,NA,NA,NA,NA,NA,NA,NA,NA,NA,NA,NA,NA,NA,NA,NA,NA,NA,NA,NA,NA,NA,NA,NA,NA,NA,NA,NA,NA
El Salvador,2022,COE,auction,NA,https://allianceforcoffeeexcellence.org/el-salvador-2022/,2,23,Las Brumas,87.89,526,$8.30,"$4,365.80",Kyokuto Fadie Corporation,NA,success,NA,NA,NA,NA,NA,NA,NA,NA,NA,NA,NA,NA,NA,NA,NA,NA,NA,NA,NA,NA,NA,NA,NA,NA,NA,NA,NA,NA,NA,NA,NA,NA,NA,NA,NA,NA,NA,NA,NA,NA,NA,NA,NA,NA,NA,NA,NA,NA,NA,NA,NA,NA,NA,NA,NA,NA,NA,NA
El Salvador,2022,COE,auction,NA,https://allianceforcoffeeexcellence.org/el-salvador-2022/,2,24,Nombre De Dios,87.89,764.6,$6.60,"$5,046.36","Wataru & Co., Ltd.",NA,success,NA,NA,NA,NA,NA,NA,NA,NA,NA,NA,NA,NA,NA,NA,NA,NA,NA,NA,NA,NA,NA,NA,NA,NA,NA,NA,NA,NA,NA,NA,NA,NA,NA,NA,NA,NA,NA,NA,NA,NA,NA,NA,NA,NA,NA,NA,NA,NA,NA,NA,NA,NA,NA,NA,NA,NA,NA,NA
El Salvador,2022,COE,auction,NA,https://allianceforcoffeeexcellence.org/el-salvador-2022/,2,25,Finca El Pezote,87.86,887,$7.00,"$6,209.00",List + Beisler GmbH,NA,success,NA,NA,NA,NA,NA,NA,NA,NA,NA,NA,NA,NA,NA,NA,NA,NA,NA,NA,NA,NA,NA,NA,NA,NA,NA,NA,NA,NA,NA,NA,NA,NA,NA,NA,NA,NA,NA,NA,NA,NA,NA,NA,NA,NA,NA,NA,NA,NA,NA,NA,NA,NA,NA,NA,NA,NA,NA,NA
El Salvador,2022,COE,auction,NA,https://allianceforcoffeeexcellence.org/el-salvador-2022/,2,26,San Andres,87.61,853,$7.20,"$6,141.60",Honu Kato Coffee Inc.,NA,success,NA,NA,NA,NA,NA,NA,NA,NA,NA,NA,NA,NA,NA,NA,NA,NA,NA,NA,NA,NA,NA,NA,NA,NA,NA,NA,NA,NA,NA,NA,NA,NA,NA,NA,NA,NA,NA,NA,NA,NA,NA,NA,NA,NA,NA,NA,NA,NA,NA,NA,NA,NA,NA,NA,NA,NA,NA,NA
El Salvador,2022,COE,auction,NA,https://allianceforcoffeeexcellence.org/el-salvador-2022/,2,27,Siberia,87.45,423.2,$6.60,"$2,793.12",Wataru for OGAWA COFFEE,NA,success,NA,NA,NA,NA,NA,NA,NA,NA,NA,NA,NA,NA,NA,NA,NA,NA,NA,NA,NA,NA,NA,NA,NA,NA,NA,NA,NA,NA,NA,NA,NA,NA,NA,NA,NA,NA,NA,NA,NA,NA,NA,NA,NA,NA,NA,NA,NA,NA,NA,NA,NA,NA,NA,NA,NA,NA,NA,NA
El Salvador,2022,COE,auction,NA,https://allianceforcoffeeexcellence.org/el-salvador-2022/,2,Totals:,,,18878.6,"Auction Average $/lb
$12.93/lb","Total Auction Value
$244,162.90",,NA,success,NA,NA,NA,NA,NA,NA,NA,NA,NA,NA,NA,NA,NA,NA,NA,NA,NA,NA,NA,NA,NA,NA,NA,NA,NA,NA,NA,NA,NA,NA,NA,NA,NA,NA,NA,NA,NA,NA,NA,NA,NA,NA,NA,NA,NA,NA,NA,NA,NA,NA,NA,NA,NA,NA,NA,NA,NA,NA
El Salvador,2022,NW,auction,NA,https://allianceforcoffeeexcellence.org/el-salvador-2022/,4,NW,La Pedrera,86.89,827,$8.10,"$6,698.70",NA,"Wataru & Co., Ltd.",success,NA,NA,NA,NA,NA,NA,NA,NA,NA,NA,NA,NA,NA,NA,NA,NA,NA,NA,NA,NA,NA,NA,NA,NA,NA,NA,NA,NA,NA,NA,NA,NA,NA,NA,NA,NA,NA,NA,NA,NA,NA,NA,NA,NA,NA,NA,NA,NA,NA,NA,NA,NA,NA,NA,NA,NA,NA,NA
El Salvador,2022,NW,auction,NA,https://allianceforcoffeeexcellence.org/el-salvador-2022/,4,NW,Las Duanas,86.68,621.5,$7.10,"$4,412.65",NA,"Wataru & Co., Ltd.",success,NA,NA,NA,NA,NA,NA,NA,NA,NA,NA,NA,NA,NA,NA,NA,NA,NA,NA,NA,NA,NA,NA,NA,NA,NA,NA,NA,NA,NA,NA,NA,NA,NA,NA,NA,NA,NA,NA,NA,NA,NA,NA,NA,NA,NA,NA,NA,NA,NA,NA,NA,NA,NA,NA,NA,NA,NA,NA
El Salvador,2022,NW,auction,NA,https://allianceforcoffeeexcellence.org/el-salvador-2022/,4,NW,Colombia,86.68,418.6,$8.20,"$3,432.52",NA,Studio Caffeine,success,NA,NA,NA,NA,NA,NA,NA,NA,NA,NA,NA,NA,NA,NA,NA,NA,NA,NA,NA,NA,NA,NA,NA,NA,NA,NA,NA,NA,NA,NA,NA,NA,NA,NA,NA,NA,NA,NA,NA,NA,NA,NA,NA,NA,NA,NA,NA,NA,NA,NA,NA,NA,NA,NA,NA,NA,NA,NA
El Salvador,2022,NW,auction,NA,https://allianceforcoffeeexcellence.org/el-salvador-2022/,4,NW,El Derrumbo,86.34,1039.35,$5.90,"$6,132.17",NA,"Wataru & Co., Ltd.",success,NA,NA,NA,NA,NA,NA,NA,NA,NA,NA,NA,NA,NA,NA,NA,NA,NA,NA,NA,NA,NA,NA,NA,NA,NA,NA,NA,NA,NA,NA,NA,NA,NA,NA,NA,NA,NA,NA,NA,NA,NA,NA,NA,NA,NA,NA,NA,NA,NA,NA,NA,NA,NA,NA,NA,NA,NA,NA
El Salvador,2022,NW,auction,NA,https://allianceforcoffeeexcellence.org/el-salvador-2022/,4,NW,,Totals:,,"Auction Average $/lb
$7.33","Total Auction Value
$20,676.04",NA,,success,NA,NA,NA,NA,NA,NA,NA,NA,NA,NA,NA,NA,NA,NA,NA,NA,NA,NA,NA,NA,NA,NA,NA,NA,NA,NA,NA,NA,NA,NA,NA,NA,NA,NA,NA,NA,NA,NA,NA,NA,NA,NA,NA,NA,NA,NA,NA,NA,NA,NA,NA,NA,NA,NA,NA,NA,NA,NA
Ethiopia,2022,COE,auction,NA,https://allianceforcoffeeexcellence.org/ethiopia-2022/,2,1a,Legese,90.69,529.1,NA,"$              211,904.55",NA,NA,success,NA,NA,NA,NA,NA,NA,NA,NA,NA,NA,$           400.50,LNK Coffee Trading DMCC for Lebunna弘顺,NA,NA,NA,NA,NA,NA,NA,NA,NA,NA,NA,NA,NA,NA,NA,NA,NA,NA,NA,NA,NA,NA,NA,NA,NA,NA,NA,NA,NA,NA,NA,NA,NA,NA,NA,NA,NA,NA,NA,NA,NA,NA,NA,NA,NA,NA
Ethiopia,2022,COE,auction,NA,https://allianceforcoffeeexcellence.org/ethiopia-2022/,2,1b,Legese,90.69,529.1,NA,"$              211,640.00",NA,NA,success,NA,NA,NA,NA,NA,NA,NA,NA,NA,NA,$           400.00,SAZA COFFEE ( Japan ) & Orsir Coffee (Taiwan),NA,NA,NA,NA,NA,NA,NA,NA,NA,NA,NA,NA,NA,NA,NA,NA,NA,NA,NA,NA,NA,NA,NA,NA,NA,NA,NA,NA,NA,NA,NA,NA,NA,NA,NA,NA,NA,NA,NA,NA,NA,NA,NA,NA,NA,NA
Ethiopia,2022,COE,auction,NA,https://allianceforcoffeeexcellence.org/ethiopia-2022/,2,2,Kenean,90.25,363.8,NA,"$                68,794.58",NA,NA,success,NA,NA,NA,NA,NA,NA,NA,NA,NA,NA,$           189.10,Sulalat Coffee Trading,NA,NA,NA,NA,NA,NA,NA,NA,NA,NA,NA,NA,NA,NA,NA,NA,NA,NA,NA,NA,NA,NA,NA,NA,NA,NA,NA,NA,NA,NA,NA,NA,NA,NA,NA,NA,NA,NA,NA,NA,NA,NA,NA,NA,NA,NA
Ethiopia,2022,COE,auction,NA,https://allianceforcoffeeexcellence.org/ethiopia-2022/,2,3a,A/ Temam,90.19,"1,190.00",NA,"$                63,200.90",NA,NA,success,NA,NA,NA,NA,NA,NA,NA,NA,NA,NA,$              53.11,"Simple Kaffa The Coffe One, Kakalove (Taiwan), Urban Coffee Roaster (HK), Pebble Coffee (Taiwan), Stellar on Coffee (KOREA), The Hub Coffee, Goodboybob Coffee Roasters, Diff Coffee Roasters (Thailand)",NA,NA,NA,NA,NA,NA,NA,NA,NA,NA,NA,NA,NA,NA,NA,NA,NA,NA,NA,NA,NA,NA,NA,NA,NA,NA,NA,NA,NA,NA,NA,NA,NA,NA,NA,NA,NA,NA,NA,NA,NA,NA,NA,NA,NA,NA
Ethiopia,2022,COE,auction,NA,https://allianceforcoffeeexcellence.org/ethiopia-2022/,2,3b,A/ Temam,90.19,"1,124.00",NA,"$                62,494.40",NA,NA,success,NA,NA,NA,NA,NA,NA,NA,NA,NA,NA,$              55.60,KALDI COFFEE FARM,NA,NA,NA,NA,NA,NA,NA,NA,NA,NA,NA,NA,NA,NA,NA,NA,NA,NA,NA,NA,NA,NA,NA,NA,NA,NA,NA,NA,NA,NA,NA,NA,NA,NA,NA,NA,NA,NA,NA,NA,NA,NA,NA,NA,NA,NA
Ethiopia,2022,COE,auction,NA,https://allianceforcoffeeexcellence.org/ethiopia-2022/,2,4,Bukato,90.17,"1,190.00",NA,"$              107,100.00",NA,NA,success,NA,NA,NA,NA,NA,NA,NA,NA,NA,NA,$              90.00,Sulalat Coffee Trading,NA,NA,NA,NA,NA,NA,NA,NA,NA,NA,NA,NA,NA,NA,NA,NA,NA,NA,NA,NA,NA,NA,NA,NA,NA,NA,NA,NA,NA,NA,NA,NA,NA,NA,NA,NA,NA,NA,NA,NA,NA,NA,NA,NA,NA,NA
Ethiopia,2022,COE,auction,NA,https://allianceforcoffeeexcellence.org/ethiopia-2022/,2,5,Samuel,90.08,628.3,NA,"$                36,755.55",NA,NA,success,NA,NA,NA,NA,NA,NA,NA,NA,NA,NA,$              58.50,SARUTAHIKO COFFEE,NA,NA,NA,NA,NA,NA,NA,NA,NA,NA,NA,NA,NA,NA,NA,NA,NA,NA,NA,NA,NA,NA,NA,NA,NA,NA,NA,NA,NA,NA,NA,NA,NA,NA,NA,NA,NA,NA,NA,NA,NA,NA,NA,NA,NA,NA
Ethiopia,2022,COE,auction,NA,https://allianceforcoffeeexcellence.org/ethiopia-2022/,2,6,Tilahune,89.92,"1,918.00",NA,"$                58,882.60",NA,NA,success,NA,NA,NA,NA,NA,NA,NA,NA,NA,NA,$              30.70,Kyokuto Fadie Corporation,NA,NA,NA,NA,NA,NA,NA,NA,NA,NA,NA,NA,NA,NA,NA,NA,NA,NA,NA,NA,NA,NA,NA,NA,NA,NA,NA,NA,NA,NA,NA,NA,NA,NA,NA,NA,NA,NA,NA,NA,NA,NA,NA,NA,NA,NA
Ethiopia,2022,COE,auction,NA,https://allianceforcoffeeexcellence.org/ethiopia-2022/,2,7,Wolde,89.78,529.1,NA,"$                27,507.91",NA,NA,success,NA,NA,NA,NA,NA,NA,NA,NA,NA,NA,$              51.99,Blue Bottle Coffee,NA,NA,NA,NA,NA,NA,NA,NA,NA,NA,NA,NA,NA,NA,NA,NA,NA,NA,NA,NA,NA,NA,NA,NA,NA,NA,NA,NA,NA,NA,NA,NA,NA,NA,NA,NA,NA,NA,NA,NA,NA,NA,NA,NA,NA,NA
Ethiopia,2022,COE,auction,NA,https://allianceforcoffeeexcellence.org/ethiopia-2022/,2,8,Muluneh,89.56,"1,422.00",NA,"$                37,967.40",NA,NA,success,NA,NA,NA,NA,NA,NA,NA,NA,NA,NA,$              26.70,BEAN SUPER豆超國際 / 百啡有光 / 云境農莊 / 麟閣咖啡 / 樂波波珈琲 / 93咖啡 93 Coffee Beans & Tools / Coffee L&J / Cafetaster咖啡嗜者 / =.= 小眼睛．手作．咖啡館,NA,NA,NA,NA,NA,NA,NA,NA,NA,NA,NA,NA,NA,NA,NA,NA,NA,NA,NA,NA,NA,NA,NA,NA,NA,NA,NA,NA,NA,NA,NA,NA,NA,NA,NA,NA,NA,NA,NA,NA,NA,NA,NA,NA,NA,NA
Ethiopia,2022,COE,auction,NA,https://allianceforcoffeeexcellence.org/ethiopia-2022/,2,9,Abebe,89.36,"1,753.00",NA,"$                88,526.50",NA,NA,success,NA,NA,NA,NA,NA,NA,NA,NA,NA,NA,$              50.50,Sulalat Coffee Trading.,NA,NA,NA,NA,NA,NA,NA,NA,NA,NA,NA,NA,NA,NA,NA,NA,NA,NA,NA,NA,NA,NA,NA,NA,NA,NA,NA,NA,NA,NA,NA,NA,NA,NA,NA,NA,NA,NA,NA,NA,NA,NA,NA,NA,NA,NA
Ethiopia,2022,COE,auction,NA,https://allianceforcoffeeexcellence.org/ethiopia-2022/,2,10,Nare,88.78,"2,017.00",NA,"$                40,763.57",NA,NA,success,NA,NA,NA,NA,NA,NA,NA,NA,NA,NA,$              20.21,Linking Coffee & 步昂咖啡.,NA,NA,NA,NA,NA,NA,NA,NA,NA,NA,NA,NA,NA,NA,NA,NA,NA,NA,NA,NA,NA,NA,NA,NA,NA,NA,NA,NA,NA,NA,NA,NA,NA,NA,NA,NA,NA,NA,NA,NA,NA,NA,NA,NA,NA,NA
Ethiopia,2022,COE,auction,NA,https://allianceforcoffeeexcellence.org/ethiopia-2022/,2,11,Aman,88.44,"1,356.00",NA,"$                23,187.60",NA,NA,success,NA,NA,NA,NA,NA,NA,NA,NA,NA,NA,$              17.10,KAFFEBRENNERIET AS,NA,NA,NA,NA,NA,NA,NA,NA,NA,NA,NA,NA,NA,NA,NA,NA,NA,NA,NA,NA,NA,NA,NA,NA,NA,NA,NA,NA,NA,NA,NA,NA,NA,NA,NA,NA,NA,NA,NA,NA,NA,NA,NA,NA,NA,NA
Ethiopia,2022,COE,auction,NA,https://allianceforcoffeeexcellence.org/ethiopia-2022/,2,12,Yosefe Kasaye,88.44,"1,290.00",NA,"$                12,338.13",NA,NA,success,NA,NA,NA,NA,NA,NA,NA,NA,NA,NA,$              28.70,Coffee Tech Ltd. C&B Coffee Roasters. Demitasse. YOLK 요크.印格咖啡 IngenuityCoffee,NA,NA,NA,NA,NA,NA,NA,NA,NA,NA,NA,NA,NA,NA,NA,NA,NA,NA,NA,NA,NA,NA,NA,NA,NA,NA,NA,NA,NA,NA,NA,NA,NA,NA,NA,NA,NA,NA,NA,NA,NA,NA,NA,NA,NA,NA
Ethiopia,2022,COE,auction,NA,https://allianceforcoffeeexcellence.org/ethiopia-2022/,2,13,Abiyot,88.42,"2,249.00",NA,"$                19,350.00",NA,NA,success,NA,NA,NA,NA,NA,NA,NA,NA,NA,NA,$              15.00,"意可坊咖啡 for Cut Hand Group (剁手咖啡群) & Captain George乔治队长/ 领地La Finca/ 长沙陆光咖啡/ PAGA CO.,LTD/ kisscoffee/ Diff Coffee Roasters/ 18RESERVA/ 咖乐乐KOLAKOLA COFFEE",NA,NA,NA,NA,NA,NA,NA,NA,NA,NA,NA,NA,NA,NA,NA,NA,NA,NA,NA,NA,NA,NA,NA,NA,NA,NA,NA,NA,NA,NA,NA,NA,NA,NA,NA,NA,NA,NA,NA,NA,NA,NA,NA,NA,NA,NA
Ethiopia,2022,COE,auction,NA,https://allianceforcoffeeexcellence.org/ethiopia-2022/,2,14,Dush,88.33,"1,620.00",NA,"$                27,437.80",NA,NA,success,NA,NA,NA,NA,NA,NA,NA,NA,NA,NA,$              12.20,Keffa Coffee,NA,NA,NA,NA,NA,NA,NA,NA,NA,NA,NA,NA,NA,NA,NA,NA,NA,NA,NA,NA,NA,NA,NA,NA,NA,NA,NA,NA,NA,NA,NA,NA,NA,NA,NA,NA,NA,NA,NA,NA,NA,NA,NA,NA,NA,NA
Ethiopia,2022,COE,auction,NA,https://allianceforcoffeeexcellence.org/ethiopia-2022/,2,15,Legese,88.31,892.9,NA,"$                24,300.00",NA,NA,success,NA,NA,NA,NA,NA,NA,NA,NA,NA,NA,$              15.00,Black Gold Coffee,NA,NA,NA,NA,NA,NA,NA,NA,NA,NA,NA,NA,NA,NA,NA,NA,NA,NA,NA,NA,NA,NA,NA,NA,NA,NA,NA,NA,NA,NA,NA,NA,NA,NA,NA,NA,NA,NA,NA,NA,NA,NA,NA,NA,NA,NA
Ethiopia,2022,COE,auction,NA,https://allianceforcoffeeexcellence.org/ethiopia-2022/,2,16,Butu Gelcha,88.22,"1,124.00",NA,"$                18,750.90",NA,NA,success,NA,NA,NA,NA,NA,NA,NA,NA,NA,NA,$              21.00,"Snow Beans Coffee, Japan Roasters Network by Maruyama Coffee",NA,NA,NA,NA,NA,NA,NA,NA,NA,NA,NA,NA,NA,NA,NA,NA,NA,NA,NA,NA,NA,NA,NA,NA,NA,NA,NA,NA,NA,NA,NA,NA,NA,NA,NA,NA,NA,NA,NA,NA,NA,NA,NA,NA,NA,NA
Ethiopia,2022,COE,auction,NA,https://allianceforcoffeeexcellence.org/ethiopia-2022/,2,17,Yohannes,88.17,"1,157.00",NA,"$                22,592.40",NA,NA,success,NA,NA,NA,NA,NA,NA,NA,NA,NA,NA,$              20.10,"Orsir International Co., Ltd.",NA,NA,NA,NA,NA,NA,NA,NA,NA,NA,NA,NA,NA,NA,NA,NA,NA,NA,NA,NA,NA,NA,NA,NA,NA,NA,NA,NA,NA,NA,NA,NA,NA,NA,NA,NA,NA,NA,NA,NA,NA,NA,NA,NA,NA,NA
Ethiopia,2022,COE,auction,NA,https://allianceforcoffeeexcellence.org/ethiopia-2022/,2,18,Alemayehu,88.17,330.7,NA,"$                15,156.70",NA,NA,success,NA,NA,NA,NA,NA,NA,NA,NA,NA,NA,$              13.10,Linking Coffee & 步昂咖啡.,NA,NA,NA,NA,NA,NA,NA,NA,NA,NA,NA,NA,NA,NA,NA,NA,NA,NA,NA,NA,NA,NA,NA,NA,NA,NA,NA,NA,NA,NA,NA,NA,NA,NA,NA,NA,NA,NA,NA,NA,NA,NA,NA,NA,NA,NA
Ethiopia,2022,COE,auction,NA,https://allianceforcoffeeexcellence.org/ethiopia-2022/,2,19,Genale Gamada,88.11,595.3,NA,"$                11,905.20",NA,NA,success,NA,NA,NA,NA,NA,NA,NA,NA,NA,NA,$              36.00,Sulalat Coffee Trading,NA,NA,NA,NA,NA,NA,NA,NA,NA,NA,NA,NA,NA,NA,NA,NA,NA,NA,NA,NA,NA,NA,NA,NA,NA,NA,NA,NA,NA,NA,NA,NA,NA,NA,NA,NA,NA,NA,NA,NA,NA,NA,NA,NA,NA,NA
Ethiopia,2022,COE,auction,NA,https://allianceforcoffeeexcellence.org/ethiopia-2022/,2,20,Sentayehu,88.11,859.8,NA,"$                17,323.23",NA,NA,success,NA,NA,NA,NA,NA,NA,NA,NA,NA,NA,$              29.10,"Nanjing Eco Farm Trading Co., Ltd.",NA,NA,NA,NA,NA,NA,NA,NA,NA,NA,NA,NA,NA,NA,NA,NA,NA,NA,NA,NA,NA,NA,NA,NA,NA,NA,NA,NA,NA,NA,NA,NA,NA,NA,NA,NA,NA,NA,NA,NA,NA,NA,NA,NA,NA,NA
Ethiopia,2022,COE,auction,NA,https://allianceforcoffeeexcellence.org/ethiopia-2022/,2,21,Desalegn,88.06,925.9,NA,"$                   9,457.80",NA,NA,success,NA,NA,NA,NA,NA,NA,NA,NA,NA,NA,$              11.00,Brulerie du Quai,NA,NA,NA,NA,NA,NA,NA,NA,NA,NA,NA,NA,NA,NA,NA,NA,NA,NA,NA,NA,NA,NA,NA,NA,NA,NA,NA,NA,NA,NA,NA,NA,NA,NA,NA,NA,NA,NA,NA,NA,NA,NA,NA,NA,NA,NA
Ethiopia,2022,COE,auction,NA,https://allianceforcoffeeexcellence.org/ethiopia-2022/,2,22,Bukku Abele,88.03,727.5,NA,"$                10,184.90",NA,NA,success,NA,NA,NA,NA,NA,NA,NA,NA,NA,NA,$              11.00,Full Sweet Coffee,NA,NA,NA,NA,NA,NA,NA,NA,NA,NA,NA,NA,NA,NA,NA,NA,NA,NA,NA,NA,NA,NA,NA,NA,NA,NA,NA,NA,NA,NA,NA,NA,NA,NA,NA,NA,NA,NA,NA,NA,NA,NA,NA,NA,NA,NA
Ethiopia,2022,COE,auction,NA,https://allianceforcoffeeexcellence.org/ethiopia-2022/,2,23,Awol,87.92,"1,058.00",NA,"$                13,167.75",NA,NA,success,NA,NA,NA,NA,NA,NA,NA,NA,NA,NA,$              18.10,"Nanjing Eco Farm Trading Co., Ltd.",NA,NA,NA,NA,NA,NA,NA,NA,NA,NA,NA,NA,NA,NA,NA,NA,NA,NA,NA,NA,NA,NA,NA,NA,NA,NA,NA,NA,NA,NA,NA,NA,NA,NA,NA,NA,NA,NA,NA,NA,NA,NA,NA,NA,NA,NA
Ethiopia,2022,COE,auction,NA,https://allianceforcoffeeexcellence.org/ethiopia-2022/,2,24,Fuad,87.92,"2,116.00",NA,"$                15,975.80",NA,NA,success,NA,NA,NA,NA,NA,NA,NA,NA,NA,NA,$              15.10,Linking Coffee & 步昂咖啡.,NA,NA,NA,NA,NA,NA,NA,NA,NA,NA,NA,NA,NA,NA,NA,NA,NA,NA,NA,NA,NA,NA,NA,NA,NA,NA,NA,NA,NA,NA,NA,NA,NA,NA,NA,NA,NA,NA,NA,NA,NA,NA,NA,NA,NA,NA
Ethiopia,2022,COE,auction,NA,https://allianceforcoffeeexcellence.org/ethiopia-2022/,2,25,Tadesse,87.86,"1,984.00",NA,"$                44,859.20",NA,NA,success,NA,NA,NA,NA,NA,NA,NA,NA,NA,NA,$              21.20,"Kakalove (Taiwan), Simple Kaffa The Coffe One, Urban Coffee Roaster (HK), Pebble Coffee (Taiwan)",NA,NA,NA,NA,NA,NA,NA,NA,NA,NA,NA,NA,NA,NA,NA,NA,NA,NA,NA,NA,NA,NA,NA,NA,NA,NA,NA,NA,NA,NA,NA,NA,NA,NA,NA,NA,NA,NA,NA,NA,NA,NA,NA,NA,NA,NA
Ethiopia,2022,COE,auction,NA,https://allianceforcoffeeexcellence.org/ethiopia-2022/,2,26,Ayele,87.81,496,NA,"$                18,054.40",NA,NA,success,NA,NA,NA,NA,NA,NA,NA,NA,NA,NA,$                9.10,"Wataru & Co., Ltd.",NA,NA,NA,NA,NA,NA,NA,NA,NA,NA,NA,NA,NA,NA,NA,NA,NA,NA,NA,NA,NA,NA,NA,NA,NA,NA,NA,NA,NA,NA,NA,NA,NA,NA,NA,NA,NA,NA,NA,NA,NA,NA,NA,NA,NA,NA
Ethiopia,2022,COE,auction,NA,https://allianceforcoffeeexcellence.org/ethiopia-2022/,2,27,Gemeda,87.75,"2,116.00",NA,"$                   8,233.60",NA,NA,success,NA,NA,NA,NA,NA,NA,NA,NA,NA,NA,$              16.60,Wataru for Voila Coffee,NA,NA,NA,NA,NA,NA,NA,NA,NA,NA,NA,NA,NA,NA,NA,NA,NA,NA,NA,NA,NA,NA,NA,NA,NA,NA,NA,NA,NA,NA,NA,NA,NA,NA,NA,NA,NA,NA,NA,NA,NA,NA,NA,NA,NA,NA
Ethiopia,2022,COE,auction,NA,https://allianceforcoffeeexcellence.org/ethiopia-2022/,2,28,Aberashe,87.28,694.5,NA,"$                19,044.00",NA,NA,success,NA,NA,NA,NA,NA,NA,NA,NA,NA,NA,$                9.00,"Wataru & Co., Ltd.",NA,NA,NA,NA,NA,NA,NA,NA,NA,NA,NA,NA,NA,NA,NA,NA,NA,NA,NA,NA,NA,NA,NA,NA,NA,NA,NA,NA,NA,NA,NA,NA,NA,NA,NA,NA,NA,NA,NA,NA,NA,NA,NA,NA,NA,NA
Ethiopia,2022,COE,auction,NA,https://allianceforcoffeeexcellence.org/ethiopia-2022/,2,29,Alem,87.17,"1,323.00",NA,"$                12,501.00",NA,NA,success,NA,NA,NA,NA,NA,NA,NA,NA,NA,NA,$              18.00,Artist Hub Coffee Company,NA,NA,NA,NA,NA,NA,NA,NA,NA,NA,NA,NA,NA,NA,NA,NA,NA,NA,NA,NA,NA,NA,NA,NA,NA,NA,NA,NA,NA,NA,NA,NA,NA,NA,NA,NA,NA,NA,NA,NA,NA,NA,NA,NA,NA,NA
Ethiopia,2022,COE,auction,NA,https://allianceforcoffeeexcellence.org/ethiopia-2022/,2,30,Geno,87.17,"36,538.90",NA,"$                11,377.80",NA,NA,success,NA,NA,NA,NA,NA,NA,NA,NA,NA,NA,$                8.60,honu加藤珈琲店株式会社,NA,NA,NA,NA,NA,NA,NA,NA,NA,NA,NA,NA,NA,NA,NA,NA,NA,NA,NA,NA,NA,NA,NA,NA,NA,NA,NA,NA,NA,NA,NA,NA,NA,NA,NA,NA,NA,NA,NA,NA,NA,NA,NA,NA,NA,NA
Ethiopia,2022,COE,auction,NA,https://allianceforcoffeeexcellence.org/ethiopia-2022/,2,Totals,,,72647.9,NA,"Total Auction Value
$1,370,736.17",NA,NA,success,NA,NA,NA,NA,NA,NA,NA,NA,NA,NA,"Auction Average $/lb.
 $55.37","Total Auction Value
$1,370,736.17",NA,NA,NA,NA,NA,NA,NA,NA,NA,NA,NA,NA,NA,NA,NA,NA,NA,NA,NA,NA,NA,NA,NA,NA,NA,NA,NA,NA,NA,NA,NA,NA,NA,NA,NA,NA,NA,NA,NA,NA,NA,NA,NA,NA,NA,NA
Ethiopia,2022,NW,auction,NA,https://allianceforcoffeeexcellence.org/ethiopia-2022/,4,NW,Tamirat Edema Basaye,87.08,"1,322.77",$6.70,"$8,862.56",NA,NOZY COFFEE,success,NA,NA,NA,NA,NA,NA,NA,NA,NA,NA,NA,NA,NA,NA,NA,NA,NA,NA,NA,NA,NA,NA,NA,NA,NA,NA,NA,NA,NA,NA,NA,NA,NA,NA,NA,NA,NA,NA,NA,NA,NA,NA,NA,NA,NA,NA,NA,NA,NA,NA,NA,NA,NA,NA,NA,NA,NA,NA
Ethiopia,2022,NW,auction,NA,https://allianceforcoffeeexcellence.org/ethiopia-2022/,4,NW,Esayas Barsso Arrer,86.97,"1,124.36",$6.60,"$7,420.78",NA,"Wataru & Co., Ltd.",success,NA,NA,NA,NA,NA,NA,NA,NA,NA,NA,NA,NA,NA,NA,NA,NA,NA,NA,NA,NA,NA,NA,NA,NA,NA,NA,NA,NA,NA,NA,NA,NA,NA,NA,NA,NA,NA,NA,NA,NA,NA,NA,NA,NA,NA,NA,NA,NA,NA,NA,NA,NA,NA,NA,NA,NA,NA,NA
Ethiopia,2022,NW,auction,NA,https://allianceforcoffeeexcellence.org/ethiopia-2022/,4,NW,Dr Hussein Ambo Dubie,86.94,"2,546.34",$10.00,"$25,463.40",NA,SUPREMO COFFEE,success,NA,NA,NA,NA,NA,NA,NA,NA,NA,NA,NA,NA,NA,NA,NA,NA,NA,NA,NA,NA,NA,NA,NA,NA,NA,NA,NA,NA,NA,NA,NA,NA,NA,NA,NA,NA,NA,NA,NA,NA,NA,NA,NA,NA,NA,NA,NA,NA,NA,NA,NA,NA,NA,NA,NA,NA,NA,NA
Ethiopia,2022,NW,auction,NA,https://allianceforcoffeeexcellence.org/ethiopia-2022/,4,NW,Abebe Ware Udesa,86.89,"1,256.63",$4.40,"$5,529.17",NA,INBO International Trading for mojocoffee,success,NA,NA,NA,NA,NA,NA,NA,NA,NA,NA,NA,NA,NA,NA,NA,NA,NA,NA,NA,NA,NA,NA,NA,NA,NA,NA,NA,NA,NA,NA,NA,NA,NA,NA,NA,NA,NA,NA,NA,NA,NA,NA,NA,NA,NA,NA,NA,NA,NA,NA,NA,NA,NA,NA,NA,NA,NA,NA
Ethiopia,2022,NW,auction,NA,https://allianceforcoffeeexcellence.org/ethiopia-2022/,4,NW,Mekuria Wako Bare,86.75,"2,083.37",$4.43,"$9,229.33",NA,Linking Coffee & 步昂咖啡.,success,NA,NA,NA,NA,NA,NA,NA,NA,NA,NA,NA,NA,NA,NA,NA,NA,NA,NA,NA,NA,NA,NA,NA,NA,NA,NA,NA,NA,NA,NA,NA,NA,NA,NA,NA,NA,NA,NA,NA,NA,NA,NA,NA,NA,NA,NA,NA,NA,NA,NA,NA,NA,NA,NA,NA,NA,NA,NA
Ethiopia,2022,NW,auction,NA,https://allianceforcoffeeexcellence.org/ethiopia-2022/,4,NW,Burtukan Mersha Lemma,86.69,"1,455.05",$7.30,"$10,621.87",NA,Keffa Coffee,success,NA,NA,NA,NA,NA,NA,NA,NA,NA,NA,NA,NA,NA,NA,NA,NA,NA,NA,NA,NA,NA,NA,NA,NA,NA,NA,NA,NA,NA,NA,NA,NA,NA,NA,NA,NA,NA,NA,NA,NA,NA,NA,NA,NA,NA,NA,NA,NA,NA,NA,NA,NA,NA,NA,NA,NA,NA,NA
Ethiopia,2022,NW,auction,NA,https://allianceforcoffeeexcellence.org/ethiopia-2022/,4,NW,Assefa Amenu Garmamo,86.39,"1,322.77",$8.80,"$11,640.38",NA,"Wataru & Co., Ltd.",success,NA,NA,NA,NA,NA,NA,NA,NA,NA,NA,NA,NA,NA,NA,NA,NA,NA,NA,NA,NA,NA,NA,NA,NA,NA,NA,NA,NA,NA,NA,NA,NA,NA,NA,NA,NA,NA,NA,NA,NA,NA,NA,NA,NA,NA,NA,NA,NA,NA,NA,NA,NA,NA,NA,NA,NA,NA,NA
Ethiopia,2022,NW,auction,NA,https://allianceforcoffeeexcellence.org/ethiopia-2022/,4,NW,Asnakech Tegegne Reta,86.31,"2,645.54",$6.90,"$18,254.23",NA,Keffa Coffee,success,NA,NA,NA,NA,NA,NA,NA,NA,NA,NA,NA,NA,NA,NA,NA,NA,NA,NA,NA,NA,NA,NA,NA,NA,NA,NA,NA,NA,NA,NA,NA,NA,NA,NA,NA,NA,NA,NA,NA,NA,NA,NA,NA,NA,NA,NA,NA,NA,NA,NA,NA,NA,NA,NA,NA,NA,NA,NA
Ethiopia,2022,NW,auction,NA,https://allianceforcoffeeexcellence.org/ethiopia-2022/,4,NW,Jemal Ali Mohammed,86.14,"2,645.54",$4.40,"$11,640.38",NA,Wataru for Voila Coffee,success,NA,NA,NA,NA,NA,NA,NA,NA,NA,NA,NA,NA,NA,NA,NA,NA,NA,NA,NA,NA,NA,NA,NA,NA,NA,NA,NA,NA,NA,NA,NA,NA,NA,NA,NA,NA,NA,NA,NA,NA,NA,NA,NA,NA,NA,NA,NA,NA,NA,NA,NA,NA,NA,NA,NA,NA,NA,NA
Ethiopia,2022,NW,auction,NA,https://allianceforcoffeeexcellence.org/ethiopia-2022/,4,NW,Girma Bekele Degoma,85.75,"1,355.84",$7.57,"$10,263.71",NA,Keffa Coffee,success,NA,NA,NA,NA,NA,NA,NA,NA,NA,NA,NA,NA,NA,NA,NA,NA,NA,NA,NA,NA,NA,NA,NA,NA,NA,NA,NA,NA,NA,NA,NA,NA,NA,NA,NA,NA,NA,NA,NA,NA,NA,NA,NA,NA,NA,NA,NA,NA,NA,NA,NA,NA,NA,NA,NA,NA,NA,NA
Ethiopia,2022,NW,auction,NA,https://allianceforcoffeeexcellence.org/ethiopia-2022/,4,NW,,Totals:,"17,758.21","Auction Average $/lb
$6.71","Total Auction Value
$118,925.79",NA,,success,NA,NA,NA,NA,NA,NA,NA,NA,NA,NA,NA,NA,NA,NA,NA,NA,NA,NA,NA,NA,NA,NA,NA,NA,NA,NA,NA,NA,NA,NA,NA,NA,NA,NA,NA,NA,NA,NA,NA,NA,NA,NA,NA,NA,NA,NA,NA,NA,NA,NA,NA,NA,NA,NA,NA,NA,NA,NA
Guatemala,2022,COE,auction,NA,https://allianceforcoffeeexcellence.org/guatemala-2022/,2,1a,El Morito,91.75,224.1,$138.20,"$30,970.62",The Espresso Lab,NA,success,NA,NA,NA,NA,NA,NA,NA,NA,NA,NA,NA,NA,NA,NA,NA,NA,NA,NA,NA,NA,NA,NA,NA,NA,NA,NA,NA,NA,NA,NA,NA,NA,NA,NA,NA,NA,NA,NA,NA,NA,NA,NA,NA,NA,NA,NA,NA,NA,NA,NA,NA,NA,NA,NA,NA,NA,NA,NA
Guatemala,2022,COE,auction,NA,https://allianceforcoffeeexcellence.org/guatemala-2022/,2,1b,El Morito,91.75,224.1,$138.20,"$30,970.62","Fisher coffee 啡舍 /青岛李想珈 /东方国际商业（集团）有限公司/CoffeeBuff/SHANGHAI CARMO TRADING CO. ,LTD(珈露梦咖啡）",NA,success,NA,NA,NA,NA,NA,NA,NA,NA,NA,NA,NA,NA,NA,NA,NA,NA,NA,NA,NA,NA,NA,NA,NA,NA,NA,NA,NA,NA,NA,NA,NA,NA,NA,NA,NA,NA,NA,NA,NA,NA,NA,NA,NA,NA,NA,NA,NA,NA,NA,NA,NA,NA,NA,NA,NA,NA,NA,NA
Guatemala,2022,COE,auction,NA,https://allianceforcoffeeexcellence.org/guatemala-2022/,2,2a,El Injerto I,91.33,213,$111.10,"$23,664.30","Fisher coffee 啡舍 /青岛李想珈 /东方国际商业（集团）有限公司/CoffeeBuff/SHANGHAI CARMO TRADING CO. ,LTD(珈露梦咖啡) / S.O.E COFFEE 八平方咖啡 / MARUS COFFEE马路咖啡. M1 咖啡奇幻工场 M1 Coffee Dream Factory",NA,success,NA,NA,NA,NA,NA,NA,NA,NA,NA,NA,NA,NA,NA,NA,NA,NA,NA,NA,NA,NA,NA,NA,NA,NA,NA,NA,NA,NA,NA,NA,NA,NA,NA,NA,NA,NA,NA,NA,NA,NA,NA,NA,NA,NA,NA,NA,NA,NA,NA,NA,NA,NA,NA,NA,NA,NA,NA,NA
Guatemala,2022,COE,auction,NA,https://allianceforcoffeeexcellence.org/guatemala-2022/,2,2b,El Injerto I,91.33,213,$111.20,"$23,685.60","MUSEO Co., Ltd. // TXT Coffee (.txt) // No Doubt // liike coffee",NA,success,NA,NA,NA,NA,NA,NA,NA,NA,NA,NA,NA,NA,NA,NA,NA,NA,NA,NA,NA,NA,NA,NA,NA,NA,NA,NA,NA,NA,NA,NA,NA,NA,NA,NA,NA,NA,NA,NA,NA,NA,NA,NA,NA,NA,NA,NA,NA,NA,NA,NA,NA,NA,NA,NA,NA,NA,NA,NA
Guatemala,2022,COE,auction,NA,https://allianceforcoffeeexcellence.org/guatemala-2022/,2,3a,Rosma,90.13,296.6,$77.10,"$22,867.86",Haru International Corporation,NA,success,NA,NA,NA,NA,NA,NA,NA,NA,NA,NA,NA,NA,NA,NA,NA,NA,NA,NA,NA,NA,NA,NA,NA,NA,NA,NA,NA,NA,NA,NA,NA,NA,NA,NA,NA,NA,NA,NA,NA,NA,NA,NA,NA,NA,NA,NA,NA,NA,NA,NA,NA,NA,NA,NA,NA,NA,NA,NA
Guatemala,2022,COE,auction,NA,https://allianceforcoffeeexcellence.org/guatemala-2022/,2,3b,Rosma,90.13,296.6,$77.00,"$22,838.20",GLITCH COFFEE & ROASTERS BY MARUKAI,NA,success,NA,NA,NA,NA,NA,NA,NA,NA,NA,NA,NA,NA,NA,NA,NA,NA,NA,NA,NA,NA,NA,NA,NA,NA,NA,NA,NA,NA,NA,NA,NA,NA,NA,NA,NA,NA,NA,NA,NA,NA,NA,NA,NA,NA,NA,NA,NA,NA,NA,NA,NA,NA,NA,NA,NA,NA,NA,NA
Guatemala,2022,COE,auction,NA,https://allianceforcoffeeexcellence.org/guatemala-2022/,2,4,La Gran Manzana,89.9,408.7,$50.10,"$20,475.87",NOZY COFFEE,NA,success,NA,NA,NA,NA,NA,NA,NA,NA,NA,NA,NA,NA,NA,NA,NA,NA,NA,NA,NA,NA,NA,NA,NA,NA,NA,NA,NA,NA,NA,NA,NA,NA,NA,NA,NA,NA,NA,NA,NA,NA,NA,NA,NA,NA,NA,NA,NA,NA,NA,NA,NA,NA,NA,NA,NA,NA,NA,NA
Guatemala,2022,COE,auction,NA,https://allianceforcoffeeexcellence.org/guatemala-2022/,2,5,El Paraxaj,89.67,454.3,$37.60,"$17,081.68",Decameron coffee,NA,success,NA,NA,NA,NA,NA,NA,NA,NA,NA,NA,NA,NA,NA,NA,NA,NA,NA,NA,NA,NA,NA,NA,NA,NA,NA,NA,NA,NA,NA,NA,NA,NA,NA,NA,NA,NA,NA,NA,NA,NA,NA,NA,NA,NA,NA,NA,NA,NA,NA,NA,NA,NA,NA,NA,NA,NA,NA,NA
Guatemala,2022,COE,auction,NA,https://allianceforcoffeeexcellence.org/guatemala-2022/,2,6,La Labor Y Anexo,89.57,724.1,$23.30,"$16,871.53","Coffee Me Up (Korea), From Heras, DNU COFFEE, Coffee Therapy (Thailand), TOB COFFEE (ARNIA LIIMITED), BARISTATUS",NA,success,NA,NA,NA,NA,NA,NA,NA,NA,NA,NA,NA,NA,NA,NA,NA,NA,NA,NA,NA,NA,NA,NA,NA,NA,NA,NA,NA,NA,NA,NA,NA,NA,NA,NA,NA,NA,NA,NA,NA,NA,NA,NA,NA,NA,NA,NA,NA,NA,NA,NA,NA,NA,NA,NA,NA,NA,NA,NA
Guatemala,2022,COE,auction,NA,https://allianceforcoffeeexcellence.org/guatemala-2022/,2,7,La Reforma Y Anexos,88.95,568.9,$61.70,"$35,101.13",印格咖啡Ingenuity Coffee & 厦门甘丹贸易有限公司 & 周狮虎咖啡 & 汕头市轻乐咖食品有限公司,NA,success,NA,NA,NA,NA,NA,NA,NA,NA,NA,NA,NA,NA,NA,NA,NA,NA,NA,NA,NA,NA,NA,NA,NA,NA,NA,NA,NA,NA,NA,NA,NA,NA,NA,NA,NA,NA,NA,NA,NA,NA,NA,NA,NA,NA,NA,NA,NA,NA,NA,NA,NA,NA,NA,NA,NA,NA,NA,NA
Guatemala,2022,COE,auction,NA,https://allianceforcoffeeexcellence.org/guatemala-2022/,2,8,Mama Cata,88.93,1299.1,$23.30,"$30,269.03","ONYX COFFEE LLC, Burman Coffee Traders, El Gran Cafe, Intelligentsia, La Barba, Metric, Sagebrush",NA,success,NA,NA,NA,NA,NA,NA,NA,NA,NA,NA,NA,NA,NA,NA,NA,NA,NA,NA,NA,NA,NA,NA,NA,NA,NA,NA,NA,NA,NA,NA,NA,NA,NA,NA,NA,NA,NA,NA,NA,NA,NA,NA,NA,NA,NA,NA,NA,NA,NA,NA,NA,NA,NA,NA,NA,NA,NA,NA
Guatemala,2022,COE,auction,NA,https://allianceforcoffeeexcellence.org/guatemala-2022/,2,9,Kalibus La Sierra,88.82,1260.5,$23.00,"$28,991.50",Foosung HDS & LaB Coffee & Roasters,NA,success,NA,NA,NA,NA,NA,NA,NA,NA,NA,NA,NA,NA,NA,NA,NA,NA,NA,NA,NA,NA,NA,NA,NA,NA,NA,NA,NA,NA,NA,NA,NA,NA,NA,NA,NA,NA,NA,NA,NA,NA,NA,NA,NA,NA,NA,NA,NA,NA,NA,NA,NA,NA,NA,NA,NA,NA,NA,NA
Guatemala,2022,COE,auction,NA,https://allianceforcoffeeexcellence.org/guatemala-2022/,2,10,Montaña Helada,88.23,420.9,$20.10,"$8,460.09",Kyokuto Fadie Corporation,NA,success,NA,NA,NA,NA,NA,NA,NA,NA,NA,NA,NA,NA,NA,NA,NA,NA,NA,NA,NA,NA,NA,NA,NA,NA,NA,NA,NA,NA,NA,NA,NA,NA,NA,NA,NA,NA,NA,NA,NA,NA,NA,NA,NA,NA,NA,NA,NA,NA,NA,NA,NA,NA,NA,NA,NA,NA,NA,NA
Guatemala,2022,COE,auction,NA,https://allianceforcoffeeexcellence.org/guatemala-2022/,2,11,Guatalon,88.2,738.3,$30.60,"$22,591.98",意可坊咖啡 for FisherCoffee/ il gatto coffee/ 咖乐乐KOLAKOLA COFFEE,NA,success,NA,NA,NA,NA,NA,NA,NA,NA,NA,NA,NA,NA,NA,NA,NA,NA,NA,NA,NA,NA,NA,NA,NA,NA,NA,NA,NA,NA,NA,NA,NA,NA,NA,NA,NA,NA,NA,NA,NA,NA,NA,NA,NA,NA,NA,NA,NA,NA,NA,NA,NA,NA,NA,NA,NA,NA,NA,NA
Guatemala,2022,COE,auction,NA,https://allianceforcoffeeexcellence.org/guatemala-2022/,2,12,San Jeronimo Miramar Y Anexo Santa Isabel,88.15,541.5,$27.90,"$15,107.85",BEAN SUPER豆超國際/樂波波珈琲/蟄伏咖啡/丢丢小忙与光/Q caf’e x 滿福烘豆場/百啡有光/Coffee STOPOVER/云境農莊/B-ROLL COFFEE/臻實咖啡Real Coffee/尊任咖啡/羅樂咖啡工作室/之歌咖啡/Dr.Bean(上乙實業)/一中일중❤台中北屯小孜孜,NA,success,NA,NA,NA,NA,NA,NA,NA,NA,NA,NA,NA,NA,NA,NA,NA,NA,NA,NA,NA,NA,NA,NA,NA,NA,NA,NA,NA,NA,NA,NA,NA,NA,NA,NA,NA,NA,NA,NA,NA,NA,NA,NA,NA,NA,NA,NA,NA,NA,NA,NA,NA,NA,NA,NA,NA,NA,NA,NA
Guatemala,2022,COE,auction,NA,https://allianceforcoffeeexcellence.org/guatemala-2022/,2,13,Ponderosa,88.1,958.3,$18.10,"$17,345.23","Wataru & Co., Ltd.",NA,success,NA,NA,NA,NA,NA,NA,NA,NA,NA,NA,NA,NA,NA,NA,NA,NA,NA,NA,NA,NA,NA,NA,NA,NA,NA,NA,NA,NA,NA,NA,NA,NA,NA,NA,NA,NA,NA,NA,NA,NA,NA,NA,NA,NA,NA,NA,NA,NA,NA,NA,NA,NA,NA,NA,NA,NA,NA,NA
Guatemala,2022,COE,auction,NA,https://allianceforcoffeeexcellence.org/guatemala-2022/,2,14,La Hermosa,88.08,704.8,$34.00,"$23,963.20",Sulalat Coffee Trading,NA,success,NA,NA,NA,NA,NA,NA,NA,NA,NA,NA,NA,NA,NA,NA,NA,NA,NA,NA,NA,NA,NA,NA,NA,NA,NA,NA,NA,NA,NA,NA,NA,NA,NA,NA,NA,NA,NA,NA,NA,NA,NA,NA,NA,NA,NA,NA,NA,NA,NA,NA,NA,NA,NA,NA,NA,NA,NA,NA
Guatemala,2022,COE,auction,NA,https://allianceforcoffeeexcellence.org/guatemala-2022/,2,15,Bella Vista,88.07,450.3,$19.90,"$8,960.97","ONYX COFFEE LLC, Big Medicine, Burman Coffee Traders, Idle Hands Roasting Co., Sagebrush, Treeline",NA,success,NA,NA,NA,NA,NA,NA,NA,NA,NA,NA,NA,NA,NA,NA,NA,NA,NA,NA,NA,NA,NA,NA,NA,NA,NA,NA,NA,NA,NA,NA,NA,NA,NA,NA,NA,NA,NA,NA,NA,NA,NA,NA,NA,NA,NA,NA,NA,NA,NA,NA,NA,NA,NA,NA,NA,NA,NA,NA
Guatemala,2022,COE,auction,NA,https://allianceforcoffeeexcellence.org/guatemala-2022/,2,16,El Muñeco,87.93,703.8,$20.20,"$14,216.76",M.I.COFFEE CORPORATION,NA,success,NA,NA,NA,NA,NA,NA,NA,NA,NA,NA,NA,NA,NA,NA,NA,NA,NA,NA,NA,NA,NA,NA,NA,NA,NA,NA,NA,NA,NA,NA,NA,NA,NA,NA,NA,NA,NA,NA,NA,NA,NA,NA,NA,NA,NA,NA,NA,NA,NA,NA,NA,NA,NA,NA,NA,NA,NA,NA
Guatemala,2022,COE,auction,NA,https://allianceforcoffeeexcellence.org/guatemala-2022/,2,17,Hacienda Del Cafe,87.88,476.6,$23.30,"$11,104.78","Saerin co.,Ltd (MGPG) & Chromite Coffee(크로마이트커피)",NA,success,NA,NA,NA,NA,NA,NA,NA,NA,NA,NA,NA,NA,NA,NA,NA,NA,NA,NA,NA,NA,NA,NA,NA,NA,NA,NA,NA,NA,NA,NA,NA,NA,NA,NA,NA,NA,NA,NA,NA,NA,NA,NA,NA,NA,NA,NA,NA,NA,NA,NA,NA,NA,NA,NA,NA,NA,NA,NA
Guatemala,2022,COE,auction,NA,https://allianceforcoffeeexcellence.org/guatemala-2022/,2,18,Miramundo,87.87,556.7,$27.70,"$15,420.59","Saerin co.,Ltd (MGPG) & Chromite Coffee(크로마이트커피)",NA,success,NA,NA,NA,NA,NA,NA,NA,NA,NA,NA,NA,NA,NA,NA,NA,NA,NA,NA,NA,NA,NA,NA,NA,NA,NA,NA,NA,NA,NA,NA,NA,NA,NA,NA,NA,NA,NA,NA,NA,NA,NA,NA,NA,NA,NA,NA,NA,NA,NA,NA,NA,NA,NA,NA,NA,NA,NA,NA
Guatemala,2022,COE,auction,NA,https://allianceforcoffeeexcellence.org/guatemala-2022/,2,19,La Bugambilia,87.85,576.7,$27.60,"$15,916.92",Terarosa (Haksan Co. Ltd),NA,success,NA,NA,NA,NA,NA,NA,NA,NA,NA,NA,NA,NA,NA,NA,NA,NA,NA,NA,NA,NA,NA,NA,NA,NA,NA,NA,NA,NA,NA,NA,NA,NA,NA,NA,NA,NA,NA,NA,NA,NA,NA,NA,NA,NA,NA,NA,NA,NA,NA,NA,NA,NA,NA,NA,NA,NA,NA,NA
Guatemala,2022,COE,auction,NA,https://allianceforcoffeeexcellence.org/guatemala-2022/,2,20,Chualax,87.78,402.6,$22.60,"$9,098.76",Sulalat Coffee Trading,NA,success,NA,NA,NA,NA,NA,NA,NA,NA,NA,NA,NA,NA,NA,NA,NA,NA,NA,NA,NA,NA,NA,NA,NA,NA,NA,NA,NA,NA,NA,NA,NA,NA,NA,NA,NA,NA,NA,NA,NA,NA,NA,NA,NA,NA,NA,NA,NA,NA,NA,NA,NA,NA,NA,NA,NA,NA,NA,NA
Guatemala,2022,COE,auction,NA,https://allianceforcoffeeexcellence.org/guatemala-2022/,2,21,Pastores,87.67,739.3,$20.20,"$14,933.86","Linking Coffee Co., Ltd.",NA,success,NA,NA,NA,NA,NA,NA,NA,NA,NA,NA,NA,NA,NA,NA,NA,NA,NA,NA,NA,NA,NA,NA,NA,NA,NA,NA,NA,NA,NA,NA,NA,NA,NA,NA,NA,NA,NA,NA,NA,NA,NA,NA,NA,NA,NA,NA,NA,NA,NA,NA,NA,NA,NA,NA,NA,NA,NA,NA
Guatemala,2022,COE,auction,NA,https://allianceforcoffeeexcellence.org/guatemala-2022/,2,22,Idolia,87.63,477.6,$22.70,"$10,841.52",Wataru for Voila Coffee,NA,success,NA,NA,NA,NA,NA,NA,NA,NA,NA,NA,NA,NA,NA,NA,NA,NA,NA,NA,NA,NA,NA,NA,NA,NA,NA,NA,NA,NA,NA,NA,NA,NA,NA,NA,NA,NA,NA,NA,NA,NA,NA,NA,NA,NA,NA,NA,NA,NA,NA,NA,NA,NA,NA,NA,NA,NA,NA,NA
Guatemala,2022,COE,auction,NA,https://allianceforcoffeeexcellence.org/guatemala-2022/,2,23,El Retiro Del Quisaya,87.57,577,$24.00,"$13,848.00",意可坊咖啡 for 有容乃大 SmallArmsBigHeart,NA,success,NA,NA,NA,NA,NA,NA,NA,NA,NA,NA,NA,NA,NA,NA,NA,NA,NA,NA,NA,NA,NA,NA,NA,NA,NA,NA,NA,NA,NA,NA,NA,NA,NA,NA,NA,NA,NA,NA,NA,NA,NA,NA,NA,NA,NA,NA,NA,NA,NA,NA,NA,NA,NA,NA,NA,NA,NA,NA
Guatemala,2022,COE,auction,NA,https://allianceforcoffeeexcellence.org/guatemala-2022/,2,24,Puerta Verde,87.5,418.8,$17.00,"$7,119.60",Honu Kato Coffee Inc.,NA,success,NA,NA,NA,NA,NA,NA,NA,NA,NA,NA,NA,NA,NA,NA,NA,NA,NA,NA,NA,NA,NA,NA,NA,NA,NA,NA,NA,NA,NA,NA,NA,NA,NA,NA,NA,NA,NA,NA,NA,NA,NA,NA,NA,NA,NA,NA,NA,NA,NA,NA,NA,NA,NA,NA,NA,NA,NA,NA
Guatemala,2022,COE,auction,NA,https://allianceforcoffeeexcellence.org/guatemala-2022/,2,25,El Tambor,87.45,617.6,$20.00,"$12,352.00","ONYX COFFEE LLC, Burman Coffee Traders, Dawson Taylor, Moustache Coffee Club",NA,success,NA,NA,NA,NA,NA,NA,NA,NA,NA,NA,NA,NA,NA,NA,NA,NA,NA,NA,NA,NA,NA,NA,NA,NA,NA,NA,NA,NA,NA,NA,NA,NA,NA,NA,NA,NA,NA,NA,NA,NA,NA,NA,NA,NA,NA,NA,NA,NA,NA,NA,NA,NA,NA,NA,NA,NA,NA,NA
Guatemala,2022,COE,auction,NA,https://allianceforcoffeeexcellence.org/guatemala-2022/,2,26,El Zapote Y Anexos,87.4,706.8,$24.00,"$16,963.20","OBROS COFFEE、hosomy factory,WAVY COFFEE ROASTERS and Acid Coffee Tokyo by MARUKAI",NA,success,NA,NA,NA,NA,NA,NA,NA,NA,NA,NA,NA,NA,NA,NA,NA,NA,NA,NA,NA,NA,NA,NA,NA,NA,NA,NA,NA,NA,NA,NA,NA,NA,NA,NA,NA,NA,NA,NA,NA,NA,NA,NA,NA,NA,NA,NA,NA,NA,NA,NA,NA,NA,NA,NA,NA,NA,NA,NA
Guatemala,2022,COE,auction,NA,https://allianceforcoffeeexcellence.org/guatemala-2022/,2,27,Coop. Agricola Integral Chicoj. R.L.,87.37,674.4,$20.00,"$13,488.00",The Few Coffee and Goods,NA,success,NA,NA,NA,NA,NA,NA,NA,NA,NA,NA,NA,NA,NA,NA,NA,NA,NA,NA,NA,NA,NA,NA,NA,NA,NA,NA,NA,NA,NA,NA,NA,NA,NA,NA,NA,NA,NA,NA,NA,NA,NA,NA,NA,NA,NA,NA,NA,NA,NA,NA,NA,NA,NA,NA,NA,NA,NA,NA
Guatemala,2022,COE,auction,NA,https://allianceforcoffeeexcellence.org/guatemala-2022/,2,28,El Diamante,87.3,608.5,$20.00,"$12,170.00","ONYX COFFEE LLC, Brown Coffee Co., Burman Coffee Traders, Fika Coffee, Moustache Coffee Club, Sisters Coffee Co.",NA,success,NA,NA,NA,NA,NA,NA,NA,NA,NA,NA,NA,NA,NA,NA,NA,NA,NA,NA,NA,NA,NA,NA,NA,NA,NA,NA,NA,NA,NA,NA,NA,NA,NA,NA,NA,NA,NA,NA,NA,NA,NA,NA,NA,NA,NA,NA,NA,NA,NA,NA,NA,NA,NA,NA,NA,NA,NA,NA
Guatemala,2022,COE,auction,NA,https://allianceforcoffeeexcellence.org/guatemala-2022/,2,29,Santa Ana,87.3,549.7,$16.60,"$9,125.02","Wataru & Co., Ltd.",NA,success,NA,NA,NA,NA,NA,NA,NA,NA,NA,NA,NA,NA,NA,NA,NA,NA,NA,NA,NA,NA,NA,NA,NA,NA,NA,NA,NA,NA,NA,NA,NA,NA,NA,NA,NA,NA,NA,NA,NA,NA,NA,NA,NA,NA,NA,NA,NA,NA,NA,NA,NA,NA,NA,NA,NA,NA,NA,NA
Guatemala,2022,COE,auction,NA,https://allianceforcoffeeexcellence.org/guatemala-2022/,2,30,Tehuya Barrera Y A.,87.23,335.7,$15.00,"$5,035.50","Wataru & Co., Ltd.",NA,success,NA,NA,NA,NA,NA,NA,NA,NA,NA,NA,NA,NA,NA,NA,NA,NA,NA,NA,NA,NA,NA,NA,NA,NA,NA,NA,NA,NA,NA,NA,NA,NA,NA,NA,NA,NA,NA,NA,NA,NA,NA,NA,NA,NA,NA,NA,NA,NA,NA,NA,NA,NA,NA,NA,NA,NA,NA,NA
Guatemala,2022,COE,auction,NA,https://allianceforcoffeeexcellence.org/guatemala-2022/,2,Totals:,,,18418.9,"Auction Average $/lb
$31.59/lb","Total Auction Value
$581,851.77",,NA,success,NA,NA,NA,NA,NA,NA,NA,NA,NA,NA,NA,NA,NA,NA,NA,NA,NA,NA,NA,NA,NA,NA,NA,NA,NA,NA,NA,NA,NA,NA,NA,NA,NA,NA,NA,NA,NA,NA,NA,NA,NA,NA,NA,NA,NA,NA,NA,NA,NA,NA,NA,NA,NA,NA,NA,NA,NA,NA
Guatemala,2022,NW,auction,NA,https://allianceforcoffeeexcellence.org/guatemala-2022/,4,NW,Kape´Tenango,87.02,638.90,$8.90,"$5,686.21",NA,Orsir Coffee,success,NA,NA,NA,NA,NA,NA,NA,NA,NA,NA,NA,NA,NA,NA,NA,NA,NA,NA,NA,NA,NA,NA,NA,NA,NA,NA,NA,NA,NA,NA,NA,NA,NA,NA,NA,NA,NA,NA,NA,NA,NA,NA,NA,NA,NA,NA,NA,NA,NA,NA,NA,NA,NA,NA,NA,NA,NA,NA
Guatemala,2022,NW,auction,NA,https://allianceforcoffeeexcellence.org/guatemala-2022/,4,NW,Las Hortensias,87,736.20,$25.63,"$18,868.81",NA,Orsir Coffee,success,NA,NA,NA,NA,NA,NA,NA,NA,NA,NA,NA,NA,NA,NA,NA,NA,NA,NA,NA,NA,NA,NA,NA,NA,NA,NA,NA,NA,NA,NA,NA,NA,NA,NA,NA,NA,NA,NA,NA,NA,NA,NA,NA,NA,NA,NA,NA,NA,NA,NA,NA,NA,NA,NA,NA,NA,NA,NA
Guatemala,2022,NW,auction,NA,https://allianceforcoffeeexcellence.org/guatemala-2022/,4,NW,El Guisquilar,86.57,801.20,$6.30,"$5,047.56",NA,Orsir Coffee,success,NA,NA,NA,NA,NA,NA,NA,NA,NA,NA,NA,NA,NA,NA,NA,NA,NA,NA,NA,NA,NA,NA,NA,NA,NA,NA,NA,NA,NA,NA,NA,NA,NA,NA,NA,NA,NA,NA,NA,NA,NA,NA,NA,NA,NA,NA,NA,NA,NA,NA,NA,NA,NA,NA,NA,NA,NA,NA
Guatemala,2022,NW,auction,NA,https://allianceforcoffeeexcellence.org/guatemala-2022/,4,NW,Santa Isabel,86.27,484.70,$11.00,"$5,331.70",NA,The Espresso Lab,success,NA,NA,NA,NA,NA,NA,NA,NA,NA,NA,NA,NA,NA,NA,NA,NA,NA,NA,NA,NA,NA,NA,NA,NA,NA,NA,NA,NA,NA,NA,NA,NA,NA,NA,NA,NA,NA,NA,NA,NA,NA,NA,NA,NA,NA,NA,NA,NA,NA,NA,NA,NA,NA,NA,NA,NA,NA,NA
Guatemala,2022,NW,auction,NA,https://allianceforcoffeeexcellence.org/guatemala-2022/,4,NW,Australia,85.13,"1,702.70",$7.40,"$12,599.98",NA,Orsir Coffee,success,NA,NA,NA,NA,NA,NA,NA,NA,NA,NA,NA,NA,NA,NA,NA,NA,NA,NA,NA,NA,NA,NA,NA,NA,NA,NA,NA,NA,NA,NA,NA,NA,NA,NA,NA,NA,NA,NA,NA,NA,NA,NA,NA,NA,NA,NA,NA,NA,NA,NA,NA,NA,NA,NA,NA,NA,NA,NA
Guatemala,2022,NW,auction,NA,https://allianceforcoffeeexcellence.org/guatemala-2022/,4,NW,,Totals:,"4,363.70","Auction Average $/lb
$10.89/lb","Total Auction Value
$47,534.26",NA,,success,NA,NA,NA,NA,NA,NA,NA,NA,NA,NA,NA,NA,NA,NA,NA,NA,NA,NA,NA,NA,NA,NA,NA,NA,NA,NA,NA,NA,NA,NA,NA,NA,NA,NA,NA,NA,NA,NA,NA,NA,NA,NA,NA,NA,NA,NA,NA,NA,NA,NA,NA,NA,NA,NA,NA,NA,NA,NA
Honduras,2022,COE,auction,NA,https://allianceforcoffeeexcellence.org/honduras-2022/,2,1a,La Salsa,91.25,264.55,$       130.50,"$           34,523.78",KALDI COFFEE FARM,NA,success,NA,NA,NA,NA,NA,NA,NA,NA,NA,NA,NA,NA,NA,NA,NA,NA,NA,NA,NA,NA,NA,NA,NA,NA,NA,NA,NA,NA,NA,NA,NA,NA,NA,NA,NA,NA,NA,NA,NA,NA,NA,NA,NA,NA,NA,NA,NA,NA,NA,NA,NA,NA,NA,NA,NA,NA,NA,NA
Honduras,2022,COE,auction,NA,https://allianceforcoffeeexcellence.org/honduras-2022/,2,1b,La Salsa,91.25,198.42,$       134.00,"$           26,588.28",OnyxCoffee Lab,NA,success,NA,NA,NA,NA,NA,NA,NA,NA,NA,NA,NA,NA,NA,NA,NA,NA,NA,NA,NA,NA,NA,NA,NA,NA,NA,NA,NA,NA,NA,NA,NA,NA,NA,NA,NA,NA,NA,NA,NA,NA,NA,NA,NA,NA,NA,NA,NA,NA,NA,NA,NA,NA,NA,NA,NA,NA,NA,NA
Honduras,2022,COE,auction,NA,https://allianceforcoffeeexcellence.org/honduras-2022/,2,2a,Santa Lucia,90.03,264.55,$          50.50,"$           13,359.78",Coffee Libre,NA,success,NA,NA,NA,NA,NA,NA,NA,NA,NA,NA,NA,NA,NA,NA,NA,NA,NA,NA,NA,NA,NA,NA,NA,NA,NA,NA,NA,NA,NA,NA,NA,NA,NA,NA,NA,NA,NA,NA,NA,NA,NA,NA,NA,NA,NA,NA,NA,NA,NA,NA,NA,NA,NA,NA,NA,NA,NA,NA
Honduras,2022,COE,auction,NA,https://allianceforcoffeeexcellence.org/honduras-2022/,2,2b,Santa Lucia,90.03,198.42,$          35.00,"$              6,944.70",Vero Coffee House,NA,success,NA,NA,NA,NA,NA,NA,NA,NA,NA,NA,NA,NA,NA,NA,NA,NA,NA,NA,NA,NA,NA,NA,NA,NA,NA,NA,NA,NA,NA,NA,NA,NA,NA,NA,NA,NA,NA,NA,NA,NA,NA,NA,NA,NA,NA,NA,NA,NA,NA,NA,NA,NA,NA,NA,NA,NA,NA,NA
Honduras,2022,COE,auction,NA,https://allianceforcoffeeexcellence.org/honduras-2022/,2,3,La Colmena,89.5,496.04,$          28.90,"$           14,335.56",HoneyCoffee (Izaki Coffee Co. Ltd) & REC COFFEE,NA,success,NA,NA,NA,NA,NA,NA,NA,NA,NA,NA,NA,NA,NA,NA,NA,NA,NA,NA,NA,NA,NA,NA,NA,NA,NA,NA,NA,NA,NA,NA,NA,NA,NA,NA,NA,NA,NA,NA,NA,NA,NA,NA,NA,NA,NA,NA,NA,NA,NA,NA,NA,NA,NA,NA,NA,NA,NA,NA
Honduras,2022,COE,auction,NA,https://allianceforcoffeeexcellence.org/honduras-2022/,2,4,Don Andres,89.03,595.25,$          25.00,"$           14,881.25",Vero Coffee House,NA,success,NA,NA,NA,NA,NA,NA,NA,NA,NA,NA,NA,NA,NA,NA,NA,NA,NA,NA,NA,NA,NA,NA,NA,NA,NA,NA,NA,NA,NA,NA,NA,NA,NA,NA,NA,NA,NA,NA,NA,NA,NA,NA,NA,NA,NA,NA,NA,NA,NA,NA,NA,NA,NA,NA,NA,NA,NA,NA
Honduras,2022,COE,auction,NA,https://allianceforcoffeeexcellence.org/honduras-2022/,2,5,La Fortuna,88.91,496.04,$          20.20,"$           10,020.01",GONGGAM Roasting Factory,NA,success,NA,NA,NA,NA,NA,NA,NA,NA,NA,NA,NA,NA,NA,NA,NA,NA,NA,NA,NA,NA,NA,NA,NA,NA,NA,NA,NA,NA,NA,NA,NA,NA,NA,NA,NA,NA,NA,NA,NA,NA,NA,NA,NA,NA,NA,NA,NA,NA,NA,NA,NA,NA,NA,NA,NA,NA,NA,NA
Honduras,2022,COE,auction,NA,https://allianceforcoffeeexcellence.org/honduras-2022/,2,6,Las Virginias,88.84,727.52,$          13.80,"$           10,039.78",KALDI COFFEE FARM,NA,success,NA,NA,NA,NA,NA,NA,NA,NA,NA,NA,NA,NA,NA,NA,NA,NA,NA,NA,NA,NA,NA,NA,NA,NA,NA,NA,NA,NA,NA,NA,NA,NA,NA,NA,NA,NA,NA,NA,NA,NA,NA,NA,NA,NA,NA,NA,NA,NA,NA,NA,NA,NA,NA,NA,NA,NA,NA,NA
Honduras,2022,COE,auction,NA,https://allianceforcoffeeexcellence.org/honduras-2022/,2,7,Las Virginias,88.81,496.04,$          15.60,"$              7,738.22",M.I.Coffee Corporation,NA,success,NA,NA,NA,NA,NA,NA,NA,NA,NA,NA,NA,NA,NA,NA,NA,NA,NA,NA,NA,NA,NA,NA,NA,NA,NA,NA,NA,NA,NA,NA,NA,NA,NA,NA,NA,NA,NA,NA,NA,NA,NA,NA,NA,NA,NA,NA,NA,NA,NA,NA,NA,NA,NA,NA,NA,NA,NA,NA
Honduras,2022,COE,auction,NA,https://allianceforcoffeeexcellence.org/honduras-2022/,2,8,Paraideli,88.63,892.87,$          13.30,"$           11,875.17","Spirit Animal Coffee, Olympia Graeco Egyptian Coffee (OGECoffee) / Raku Coffee Roaster",NA,success,NA,NA,NA,NA,NA,NA,NA,NA,NA,NA,NA,NA,NA,NA,NA,NA,NA,NA,NA,NA,NA,NA,NA,NA,NA,NA,NA,NA,NA,NA,NA,NA,NA,NA,NA,NA,NA,NA,NA,NA,NA,NA,NA,NA,NA,NA,NA,NA,NA,NA,NA,NA,NA,NA,NA,NA,NA,NA
Honduras,2022,COE,auction,NA,https://allianceforcoffeeexcellence.org/honduras-2022/,2,9,Platanares,88.47,562.18,$          51.00,"$           28,671.18",NOZY COFFEE,NA,success,NA,NA,NA,NA,NA,NA,NA,NA,NA,NA,NA,NA,NA,NA,NA,NA,NA,NA,NA,NA,NA,NA,NA,NA,NA,NA,NA,NA,NA,NA,NA,NA,NA,NA,NA,NA,NA,NA,NA,NA,NA,NA,NA,NA,NA,NA,NA,NA,NA,NA,NA,NA,NA,NA,NA,NA,NA,NA
Honduras,2022,COE,auction,NA,https://allianceforcoffeeexcellence.org/honduras-2022/,2,10,La Reina,88.15,892.87,$          19.30,"$           17,232.39",KALDI COFFEE FARM,NA,success,NA,NA,NA,NA,NA,NA,NA,NA,NA,NA,NA,NA,NA,NA,NA,NA,NA,NA,NA,NA,NA,NA,NA,NA,NA,NA,NA,NA,NA,NA,NA,NA,NA,NA,NA,NA,NA,NA,NA,NA,NA,NA,NA,NA,NA,NA,NA,NA,NA,NA,NA,NA,NA,NA,NA,NA,NA,NA
Honduras,2022,COE,auction,NA,https://allianceforcoffeeexcellence.org/honduras-2022/,2,11,Los Pinos,88.13,661.39,$          24.90,"$           16,468.61",NOZY COFFEE,NA,success,NA,NA,NA,NA,NA,NA,NA,NA,NA,NA,NA,NA,NA,NA,NA,NA,NA,NA,NA,NA,NA,NA,NA,NA,NA,NA,NA,NA,NA,NA,NA,NA,NA,NA,NA,NA,NA,NA,NA,NA,NA,NA,NA,NA,NA,NA,NA,NA,NA,NA,NA,NA,NA,NA,NA,NA,NA,NA
Honduras,2022,COE,auction,NA,https://allianceforcoffeeexcellence.org/honduras-2022/,2,12,Los Cedros,87.79,925.94,$          12.00,"$           11,111.28",Solberg & Hansen,NA,success,NA,NA,NA,NA,NA,NA,NA,NA,NA,NA,NA,NA,NA,NA,NA,NA,NA,NA,NA,NA,NA,NA,NA,NA,NA,NA,NA,NA,NA,NA,NA,NA,NA,NA,NA,NA,NA,NA,NA,NA,NA,NA,NA,NA,NA,NA,NA,NA,NA,NA,NA,NA,NA,NA,NA,NA,NA,NA
Honduras,2022,COE,auction,NA,https://allianceforcoffeeexcellence.org/honduras-2022/,2,13,Los Quetzales,87.71,628.32,$          12.70,"$              7,979.66","La Pluma & Bohemian, ESCUDO COFFEE",NA,success,NA,NA,NA,NA,NA,NA,NA,NA,NA,NA,NA,NA,NA,NA,NA,NA,NA,NA,NA,NA,NA,NA,NA,NA,NA,NA,NA,NA,NA,NA,NA,NA,NA,NA,NA,NA,NA,NA,NA,NA,NA,NA,NA,NA,NA,NA,NA,NA,NA,NA,NA,NA,NA,NA,NA,NA,NA,NA
Honduras,2022,COE,auction,NA,https://allianceforcoffeeexcellence.org/honduras-2022/,2,14,Las Capucas,87.53,628.32,$          15.30,"$              9,613.30","Wataru & Co., Ltd.",NA,success,NA,NA,NA,NA,NA,NA,NA,NA,NA,NA,NA,NA,NA,NA,NA,NA,NA,NA,NA,NA,NA,NA,NA,NA,NA,NA,NA,NA,NA,NA,NA,NA,NA,NA,NA,NA,NA,NA,NA,NA,NA,NA,NA,NA,NA,NA,NA,NA,NA,NA,NA,NA,NA,NA,NA,NA,NA,NA
Honduras,2022,COE,auction,NA,https://allianceforcoffeeexcellence.org/honduras-2022/,2,15,El Nacimiento,87.5,628.32,$          15.40,"$              9,676.13",Wataru for Voila Coffee.,NA,success,NA,NA,NA,NA,NA,NA,NA,NA,NA,NA,NA,NA,NA,NA,NA,NA,NA,NA,NA,NA,NA,NA,NA,NA,NA,NA,NA,NA,NA,NA,NA,NA,NA,NA,NA,NA,NA,NA,NA,NA,NA,NA,NA,NA,NA,NA,NA,NA,NA,NA,NA,NA,NA,NA,NA,NA,NA,NA
Honduras,2022,COE,auction,NA,https://allianceforcoffeeexcellence.org/honduras-2022/,2,16,El Ocote,87.38,694.46,$          17.00,"$           11,805.82",MOMOS COFFEE,NA,success,NA,NA,NA,NA,NA,NA,NA,NA,NA,NA,NA,NA,NA,NA,NA,NA,NA,NA,NA,NA,NA,NA,NA,NA,NA,NA,NA,NA,NA,NA,NA,NA,NA,NA,NA,NA,NA,NA,NA,NA,NA,NA,NA,NA,NA,NA,NA,NA,NA,NA,NA,NA,NA,NA,NA,NA,NA,NA
Honduras,2022,COE,auction,NA,https://allianceforcoffeeexcellence.org/honduras-2022/,2,17,Liquidambar,87.35,791,$          16.30,"$           12,893.30",Kyokuto Fadie Corporation,NA,success,NA,NA,NA,NA,NA,NA,NA,NA,NA,NA,NA,NA,NA,NA,NA,NA,NA,NA,NA,NA,NA,NA,NA,NA,NA,NA,NA,NA,NA,NA,NA,NA,NA,NA,NA,NA,NA,NA,NA,NA,NA,NA,NA,NA,NA,NA,NA,NA,NA,NA,NA,NA,NA,NA,NA,NA,NA,NA
Honduras,2022,COE,auction,NA,https://allianceforcoffeeexcellence.org/honduras-2022/,2,18,Los Robles,87.29,496.04,$          12.60,"$              6,250.10","Wataru & Co., Ltd.",NA,success,NA,NA,NA,NA,NA,NA,NA,NA,NA,NA,NA,NA,NA,NA,NA,NA,NA,NA,NA,NA,NA,NA,NA,NA,NA,NA,NA,NA,NA,NA,NA,NA,NA,NA,NA,NA,NA,NA,NA,NA,NA,NA,NA,NA,NA,NA,NA,NA,NA,NA,NA,NA,NA,NA,NA,NA,NA,NA
Honduras,2022,COE,auction,NA,https://allianceforcoffeeexcellence.org/honduras-2022/,2,19,De la Casa,87.24,496.04,$          16.80,"$              8,333.47",KALDI COFFEE FARM,NA,success,NA,NA,NA,NA,NA,NA,NA,NA,NA,NA,NA,NA,NA,NA,NA,NA,NA,NA,NA,NA,NA,NA,NA,NA,NA,NA,NA,NA,NA,NA,NA,NA,NA,NA,NA,NA,NA,NA,NA,NA,NA,NA,NA,NA,NA,NA,NA,NA,NA,NA,NA,NA,NA,NA,NA,NA,NA,NA
Honduras,2022,COE,auction,NA,https://allianceforcoffeeexcellence.org/honduras-2022/,2,20,Las Botijas,87.21,529.11,$          15.10,"$              7,989.56",Coffee Bros.,NA,success,NA,NA,NA,NA,NA,NA,NA,NA,NA,NA,NA,NA,NA,NA,NA,NA,NA,NA,NA,NA,NA,NA,NA,NA,NA,NA,NA,NA,NA,NA,NA,NA,NA,NA,NA,NA,NA,NA,NA,NA,NA,NA,NA,NA,NA,NA,NA,NA,NA,NA,NA,NA,NA,NA,NA,NA,NA,NA
Honduras,2022,COE,auction,NA,https://allianceforcoffeeexcellence.org/honduras-2022/,2,21,La Lagunita,87.15,"1,157.43",$          10.05,"$           11,632.17","Wataru & Co., Ltd.",NA,success,NA,NA,NA,NA,NA,NA,NA,NA,NA,NA,NA,NA,NA,NA,NA,NA,NA,NA,NA,NA,NA,NA,NA,NA,NA,NA,NA,NA,NA,NA,NA,NA,NA,NA,NA,NA,NA,NA,NA,NA,NA,NA,NA,NA,NA,NA,NA,NA,NA,NA,NA,NA,NA,NA,NA,NA,NA,NA
Honduras,2022,COE,auction,NA,https://allianceforcoffeeexcellence.org/honduras-2022/,2,22,Flor del Ocotillo,87.12,727.52,$          10.00,"$              7,275.20","Wataru & Co., Ltd.",NA,success,NA,NA,NA,NA,NA,NA,NA,NA,NA,NA,NA,NA,NA,NA,NA,NA,NA,NA,NA,NA,NA,NA,NA,NA,NA,NA,NA,NA,NA,NA,NA,NA,NA,NA,NA,NA,NA,NA,NA,NA,NA,NA,NA,NA,NA,NA,NA,NA,NA,NA,NA,NA,NA,NA,NA,NA,NA,NA
Honduras,2022,COE,auction,NA,https://allianceforcoffeeexcellence.org/honduras-2022/,2,23,Cielito Lindo,87.09,"1,421.98",$            9.90,"$           14,077.60",honu加藤珈琲店株式会社,NA,success,NA,NA,NA,NA,NA,NA,NA,NA,NA,NA,NA,NA,NA,NA,NA,NA,NA,NA,NA,NA,NA,NA,NA,NA,NA,NA,NA,NA,NA,NA,NA,NA,NA,NA,NA,NA,NA,NA,NA,NA,NA,NA,NA,NA,NA,NA,NA,NA,NA,NA,NA,NA,NA,NA,NA,NA,NA,NA
Honduras,2022,COE,auction,NA,https://allianceforcoffeeexcellence.org/honduras-2022/,2,24,Los Colibries,87.09,892.87,$            9.60,"$              8,571.55","Wataru & Co., Ltd.",NA,success,NA,NA,NA,NA,NA,NA,NA,NA,NA,NA,NA,NA,NA,NA,NA,NA,NA,NA,NA,NA,NA,NA,NA,NA,NA,NA,NA,NA,NA,NA,NA,NA,NA,NA,NA,NA,NA,NA,NA,NA,NA,NA,NA,NA,NA,NA,NA,NA,NA,NA,NA,NA,NA,NA,NA,NA,NA,NA
Honduras,2022,COE,auction,NA,https://allianceforcoffeeexcellence.org/honduras-2022/,2,25,Cerro alto,87.06,562.18,$          10.80,"$              6,071.54","Wataru & Co., Ltd.",NA,success,NA,NA,NA,NA,NA,NA,NA,NA,NA,NA,NA,NA,NA,NA,NA,NA,NA,NA,NA,NA,NA,NA,NA,NA,NA,NA,NA,NA,NA,NA,NA,NA,NA,NA,NA,NA,NA,NA,NA,NA,NA,NA,NA,NA,NA,NA,NA,NA,NA,NA,NA,NA,NA,NA,NA,NA,NA,NA
Honduras,2022,COE,auction,NA,https://allianceforcoffeeexcellence.org/honduras-2022/,2,Totals:,,,"17,325.67","Auction Average $/lb
$19.97","Total Auction Value
$345,959.39",,NA,success,NA,NA,NA,NA,NA,NA,NA,NA,NA,NA,NA,NA,NA,NA,NA,NA,NA,NA,NA,NA,NA,NA,NA,NA,NA,NA,NA,NA,NA,NA,NA,NA,NA,NA,NA,NA,NA,NA,NA,NA,NA,NA,NA,NA,NA,NA,NA,NA,NA,NA,NA,NA,NA,NA,NA,NA,NA,NA
Honduras,2022,NW,auction,NA,https://allianceforcoffeeexcellence.org/honduras-2022/,4,NW,La Laguna,86.94,826.73,$            4.50,"$           3,720.29",NA,"Wataru & Co., Ltd.",success,NA,NA,NA,NA,NA,NA,NA,NA,NA,NA,NA,NA,NA,NA,NA,NA,NA,NA,NA,NA,NA,NA,NA,NA,NA,NA,NA,NA,NA,NA,NA,NA,NA,NA,NA,NA,NA,NA,NA,NA,NA,NA,NA,NA,NA,NA,NA,NA,NA,NA,NA,NA,NA,NA,NA,NA,NA,NA
Honduras,2022,NW,auction,NA,https://allianceforcoffeeexcellence.org/honduras-2022/,4,NW,Mal Querida,86.91,694.46,$            4.20,"$           2,916.73",NA,MARISSTELLA COFFEE,success,NA,NA,NA,NA,NA,NA,NA,NA,NA,NA,NA,NA,NA,NA,NA,NA,NA,NA,NA,NA,NA,NA,NA,NA,NA,NA,NA,NA,NA,NA,NA,NA,NA,NA,NA,NA,NA,NA,NA,NA,NA,NA,NA,NA,NA,NA,NA,NA,NA,NA,NA,NA,NA,NA,NA,NA,NA,NA
Honduras,2022,NW,auction,NA,https://allianceforcoffeeexcellence.org/honduras-2022/,4,NW,Brisas del Cielo,86.41,595.25,$            4.30,"$           2,559.58",NA,"Saerin co.,Ltd(MGPG)",success,NA,NA,NA,NA,NA,NA,NA,NA,NA,NA,NA,NA,NA,NA,NA,NA,NA,NA,NA,NA,NA,NA,NA,NA,NA,NA,NA,NA,NA,NA,NA,NA,NA,NA,NA,NA,NA,NA,NA,NA,NA,NA,NA,NA,NA,NA,NA,NA,NA,NA,NA,NA,NA,NA,NA,NA,NA,NA
Honduras,2022,NW,auction,NA,https://allianceforcoffeeexcellence.org/honduras-2022/,4,NW,Don Juan,86.32,595.25,$            6.70,"$           3,988.18",NA,NOZY COFFEE,success,NA,NA,NA,NA,NA,NA,NA,NA,NA,NA,NA,NA,NA,NA,NA,NA,NA,NA,NA,NA,NA,NA,NA,NA,NA,NA,NA,NA,NA,NA,NA,NA,NA,NA,NA,NA,NA,NA,NA,NA,NA,NA,NA,NA,NA,NA,NA,NA,NA,NA,NA,NA,NA,NA,NA,NA,NA,NA
Honduras,2022,NW,auction,NA,https://allianceforcoffeeexcellence.org/honduras-2022/,4,NW,,Totals:,2711.69,"Auction Average $/lb
$4.93","Total Auction Value:
$13,184.78",NA,,success,NA,NA,NA,NA,NA,NA,NA,NA,NA,NA,NA,NA,NA,NA,NA,NA,NA,NA,NA,NA,NA,NA,NA,NA,NA,NA,NA,NA,NA,NA,NA,NA,NA,NA,NA,NA,NA,NA,NA,NA,NA,NA,NA,NA,NA,NA,NA,NA,NA,NA,NA,NA,NA,NA,NA,NA,NA,NA
Indonesia,2022,COE,auction,NA,https://allianceforcoffeeexcellence.org/indonesia-2022/,2,1a,Koperasi Ribang Gayo Musara,90.59,429.9,$ 40.20,"$                17,281.98",Sulalat Coffee Trading,NA,success,NA,NA,NA,NA,NA,NA,NA,NA,NA,NA,NA,NA,NA,NA,NA,NA,NA,NA,NA,NA,NA,NA,NA,NA,NA,NA,NA,NA,NA,NA,NA,NA,NA,NA,NA,NA,NA,NA,NA,NA,NA,NA,NA,NA,NA,NA,NA,NA,NA,NA,NA,NA,NA,NA,NA,NA,NA,NA
Indonesia,2022,COE,auction,NA,https://allianceforcoffeeexcellence.org/indonesia-2022/,2,1b,Koperasi Ribang Gayo Musara,90.59,396.83,$ 40.20,"$                15,952.57","Coffee Beyond Borders for Uminomuko Coffee, Xtrat",NA,success,NA,NA,NA,NA,NA,NA,NA,NA,NA,NA,NA,NA,NA,NA,NA,NA,NA,NA,NA,NA,NA,NA,NA,NA,NA,NA,NA,NA,NA,NA,NA,NA,NA,NA,NA,NA,NA,NA,NA,NA,NA,NA,NA,NA,NA,NA,NA,NA,NA,NA,NA,NA,NA,NA,NA,NA,NA,NA
Indonesia,2022,COE,auction,NA,https://allianceforcoffeeexcellence.org/indonesia-2022/,2,2,Pegasing Takengon Utara,89.85,595.25,$ 20.20,"$                12,024.05",La Boheme Cafe,NA,success,NA,NA,NA,NA,NA,NA,NA,NA,NA,NA,NA,NA,NA,NA,NA,NA,NA,NA,NA,NA,NA,NA,NA,NA,NA,NA,NA,NA,NA,NA,NA,NA,NA,NA,NA,NA,NA,NA,NA,NA,NA,NA,NA,NA,NA,NA,NA,NA,NA,NA,NA,NA,NA,NA,NA,NA,NA,NA
Indonesia,2022,COE,auction,NA,https://allianceforcoffeeexcellence.org/indonesia-2022/,2,3,Frinsa Weninggalih,89.59,595.25,$ 26.90,"$                16,012.23","Coffee Beyond Borders for Uminomuko Coffee, Xtrat",NA,success,NA,NA,NA,NA,NA,NA,NA,NA,NA,NA,NA,NA,NA,NA,NA,NA,NA,NA,NA,NA,NA,NA,NA,NA,NA,NA,NA,NA,NA,NA,NA,NA,NA,NA,NA,NA,NA,NA,NA,NA,NA,NA,NA,NA,NA,NA,NA,NA,NA,NA,NA,NA,NA,NA,NA,NA,NA,NA
Indonesia,2022,COE,auction,NA,https://allianceforcoffeeexcellence.org/indonesia-2022/,2,4,Koperasi Ribang Gayo Musara,89.18,793.66,$ 15.20,"$                12,063.63",La Boheme Cafe & Huracan Coffee,NA,success,NA,NA,NA,NA,NA,NA,NA,NA,NA,NA,NA,NA,NA,NA,NA,NA,NA,NA,NA,NA,NA,NA,NA,NA,NA,NA,NA,NA,NA,NA,NA,NA,NA,NA,NA,NA,NA,NA,NA,NA,NA,NA,NA,NA,NA,NA,NA,NA,NA,NA,NA,NA,NA,NA,NA,NA,NA,NA
Indonesia,2022,COE,auction,NA,https://allianceforcoffeeexcellence.org/indonesia-2022/,2,5,Koperasi Ribang Gayo Musara,89.15,793.66,$ 13.50,"$                10,714.41",Kyokuto Fadie Corporation,NA,success,NA,NA,NA,NA,NA,NA,NA,NA,NA,NA,NA,NA,NA,NA,NA,NA,NA,NA,NA,NA,NA,NA,NA,NA,NA,NA,NA,NA,NA,NA,NA,NA,NA,NA,NA,NA,NA,NA,NA,NA,NA,NA,NA,NA,NA,NA,NA,NA,NA,NA,NA,NA,NA,NA,NA,NA,NA,NA
Indonesia,2022,COE,auction,NA,https://allianceforcoffeeexcellence.org/indonesia-2022/,2,6,Panangan Mata Takengon Utara,88.91,562.18,$ 14.10,"$                  7,926.74","Coffee Therapy (Thailand), Coffee Me Up (Korea), Dabov Specialty Coffee (Bulgaria), BIG BLACK BOX (Thailand), Casa Lapin (Thailand), MARISSTELLA COFFEE (Korea)",NA,success,NA,NA,NA,NA,NA,NA,NA,NA,NA,NA,NA,NA,NA,NA,NA,NA,NA,NA,NA,NA,NA,NA,NA,NA,NA,NA,NA,NA,NA,NA,NA,NA,NA,NA,NA,NA,NA,NA,NA,NA,NA,NA,NA,NA,NA,NA,NA,NA,NA,NA,NA,NA,NA,NA,NA,NA,NA,NA
Indonesia,2022,COE,auction,NA,https://allianceforcoffeeexcellence.org/indonesia-2022/,2,7,Koperasi Ribang Gayo Musara,88.68,826.73,$ 19.55,"$                16,162.57",Coffee Beyond Borders for Uminomuko Coffee,NA,success,NA,NA,NA,NA,NA,NA,NA,NA,NA,NA,NA,NA,NA,NA,NA,NA,NA,NA,NA,NA,NA,NA,NA,NA,NA,NA,NA,NA,NA,NA,NA,NA,NA,NA,NA,NA,NA,NA,NA,NA,NA,NA,NA,NA,NA,NA,NA,NA,NA,NA,NA,NA,NA,NA,NA,NA,NA,NA
Indonesia,2022,COE,auction,NA,https://allianceforcoffeeexcellence.org/indonesia-2022/,2,8,Koperasi Ribang Gayo Musara,88.5,793.66,$ 10.70,"$                  8,492.16",Kyokuto Fadie Corporation,NA,success,NA,NA,NA,NA,NA,NA,NA,NA,NA,NA,NA,NA,NA,NA,NA,NA,NA,NA,NA,NA,NA,NA,NA,NA,NA,NA,NA,NA,NA,NA,NA,NA,NA,NA,NA,NA,NA,NA,NA,NA,NA,NA,NA,NA,NA,NA,NA,NA,NA,NA,NA,NA,NA,NA,NA,NA,NA,NA
Indonesia,2022,COE,auction,NA,https://allianceforcoffeeexcellence.org/indonesia-2022/,2,9,Terang Ulen,88.09,562.18,$ 20.20,"$                11,356.04",Blue Bottle Coffee,NA,success,NA,NA,NA,NA,NA,NA,NA,NA,NA,NA,NA,NA,NA,NA,NA,NA,NA,NA,NA,NA,NA,NA,NA,NA,NA,NA,NA,NA,NA,NA,NA,NA,NA,NA,NA,NA,NA,NA,NA,NA,NA,NA,NA,NA,NA,NA,NA,NA,NA,NA,NA,NA,NA,NA,NA,NA,NA,NA
Indonesia,2022,COE,auction,NA,https://allianceforcoffeeexcellence.org/indonesia-2022/,2,10,"Ceding Ayu, Pantan Musara",87.85,562.18,$ 13.30,"$                  7,476.99","Dabov Specialty Coffee, Coffee Therapy (Thailand), Joy Coffee & Cacao",NA,success,NA,NA,NA,NA,NA,NA,NA,NA,NA,NA,NA,NA,NA,NA,NA,NA,NA,NA,NA,NA,NA,NA,NA,NA,NA,NA,NA,NA,NA,NA,NA,NA,NA,NA,NA,NA,NA,NA,NA,NA,NA,NA,NA,NA,NA,NA,NA,NA,NA,NA,NA,NA,NA,NA,NA,NA,NA,NA
Indonesia,2022,COE,auction,NA,https://allianceforcoffeeexcellence.org/indonesia-2022/,2,11,Renggali,87.74,694.46,$   9.70,"$                  6,736.26","Wataru & Co., Ltd.",NA,success,NA,NA,NA,NA,NA,NA,NA,NA,NA,NA,NA,NA,NA,NA,NA,NA,NA,NA,NA,NA,NA,NA,NA,NA,NA,NA,NA,NA,NA,NA,NA,NA,NA,NA,NA,NA,NA,NA,NA,NA,NA,NA,NA,NA,NA,NA,NA,NA,NA,NA,NA,NA,NA,NA,NA,NA,NA,NA
Indonesia,2022,COE,auction,NA,https://allianceforcoffeeexcellence.org/indonesia-2022/,2,12,Koerintji Barokah Group,87.74,595.25,$ 20.10,"$                11,964.53",SARUTAHIKO COFFEE,NA,success,NA,NA,NA,NA,NA,NA,NA,NA,NA,NA,NA,NA,NA,NA,NA,NA,NA,NA,NA,NA,NA,NA,NA,NA,NA,NA,NA,NA,NA,NA,NA,NA,NA,NA,NA,NA,NA,NA,NA,NA,NA,NA,NA,NA,NA,NA,NA,NA,NA,NA,NA,NA,NA,NA,NA,NA,NA,NA
Indonesia,2022,COE,auction,NA,https://allianceforcoffeeexcellence.org/indonesia-2022/,2,13,Koerintji Farm,87.65,562.18,$ 14.50,"$                  8,151.61",Wataru for Voila Coffee,NA,success,NA,NA,NA,NA,NA,NA,NA,NA,NA,NA,NA,NA,NA,NA,NA,NA,NA,NA,NA,NA,NA,NA,NA,NA,NA,NA,NA,NA,NA,NA,NA,NA,NA,NA,NA,NA,NA,NA,NA,NA,NA,NA,NA,NA,NA,NA,NA,NA,NA,NA,NA,NA,NA,NA,NA,NA,NA,NA
Indonesia,2022,COE,auction,NA,https://allianceforcoffeeexcellence.org/indonesia-2022/,2,14,"Ceding Ayu, Pantan Musara",87.62,793.66,$ 14.60,"$                11,587.44",Campos Coffee,NA,success,NA,NA,NA,NA,NA,NA,NA,NA,NA,NA,NA,NA,NA,NA,NA,NA,NA,NA,NA,NA,NA,NA,NA,NA,NA,NA,NA,NA,NA,NA,NA,NA,NA,NA,NA,NA,NA,NA,NA,NA,NA,NA,NA,NA,NA,NA,NA,NA,NA,NA,NA,NA,NA,NA,NA,NA,NA,NA
Indonesia,2022,COE,auction,NA,https://allianceforcoffeeexcellence.org/indonesia-2022/,2,15,Ijen,87.62,1058.2,$ 10.10,"$                10,688.02",SUPREMO COFFEE,NA,success,NA,NA,NA,NA,NA,NA,NA,NA,NA,NA,NA,NA,NA,NA,NA,NA,NA,NA,NA,NA,NA,NA,NA,NA,NA,NA,NA,NA,NA,NA,NA,NA,NA,NA,NA,NA,NA,NA,NA,NA,NA,NA,NA,NA,NA,NA,NA,NA,NA,NA,NA,NA,NA,NA,NA,NA,NA,NA
Indonesia,2022,COE,auction,NA,https://allianceforcoffeeexcellence.org/indonesia-2022/,2,16,Avatara Coffee,87.59,562.18,$ 10.90,"$                  6,127.76","UCC UESHIMA COFFEE CO.,LTD",NA,success,NA,NA,NA,NA,NA,NA,NA,NA,NA,NA,NA,NA,NA,NA,NA,NA,NA,NA,NA,NA,NA,NA,NA,NA,NA,NA,NA,NA,NA,NA,NA,NA,NA,NA,NA,NA,NA,NA,NA,NA,NA,NA,NA,NA,NA,NA,NA,NA,NA,NA,NA,NA,NA,NA,NA,NA,NA,NA
Indonesia,2022,COE,auction,NA,https://allianceforcoffeeexcellence.org/indonesia-2022/,2,17,Koperasi Ribang Gayo Musara,87.53,793.66,$ 12.80,"$                10,158.85",honu加藤珈琲店株式会社,NA,success,NA,NA,NA,NA,NA,NA,NA,NA,NA,NA,NA,NA,NA,NA,NA,NA,NA,NA,NA,NA,NA,NA,NA,NA,NA,NA,NA,NA,NA,NA,NA,NA,NA,NA,NA,NA,NA,NA,NA,NA,NA,NA,NA,NA,NA,NA,NA,NA,NA,NA,NA,NA,NA,NA,NA,NA,NA,NA
Indonesia,2022,COE,auction,NA,https://allianceforcoffeeexcellence.org/indonesia-2022/,2,18,Koperasi Ribang Gayo Musara,87.53,793.66,$ 13.2,"$                10,476.31",TAKAMURA COFFEE ROASTERS By Marukai and Idle Hands Roasting Company,NA,success,NA,NA,NA,NA,NA,NA,NA,NA,NA,NA,NA,NA,NA,NA,NA,NA,NA,NA,NA,NA,NA,NA,NA,NA,NA,NA,NA,NA,NA,NA,NA,NA,NA,NA,NA,NA,NA,NA,NA,NA,NA,NA,NA,NA,NA,NA,NA,NA,NA,NA,NA,NA,NA,NA,NA,NA,NA,NA
Indonesia,2022,COE,auction,NA,https://allianceforcoffeeexcellence.org/indonesia-2022/,2,19,Tunas Baru Farm,87.35,595.25,$ 10.10,"$                  6,012.03","Coffee Tech Limited (NZ)/coffee-tech.co.nz Upstream Coffee Imports , Marukai corporation ,Slick Coffee Co.",NA,success,NA,NA,NA,NA,NA,NA,NA,NA,NA,NA,NA,NA,NA,NA,NA,NA,NA,NA,NA,NA,NA,NA,NA,NA,NA,NA,NA,NA,NA,NA,NA,NA,NA,NA,NA,NA,NA,NA,NA,NA,NA,NA,NA,NA,NA,NA,NA,NA,NA,NA,NA,NA,NA,NA,NA,NA,NA,NA
Indonesia,2022,COE,auction,NA,https://allianceforcoffeeexcellence.org/indonesia-2022/,2,20,Dasimah bukit sama,87.15,562.18,$   9.00,"$                  5,059.62","Wataru & Co., Ltd.",NA,success,NA,NA,NA,NA,NA,NA,NA,NA,NA,NA,NA,NA,NA,NA,NA,NA,NA,NA,NA,NA,NA,NA,NA,NA,NA,NA,NA,NA,NA,NA,NA,NA,NA,NA,NA,NA,NA,NA,NA,NA,NA,NA,NA,NA,NA,NA,NA,NA,NA,NA,NA,NA,NA,NA,NA,NA,NA,NA
Indonesia,2022,COE,auction,NA,https://allianceforcoffeeexcellence.org/indonesia-2022/,2,21,Jaya Tani Farm,87.15,595.25,$ 20.10,"$.              11,964.53","Coffee Tech Limited (NZ)/coffee-tech.co.nz Cut Hand Group（剁手咖啡群）& Kinglo Coffee（轻乐咖）, Ryans Coffee Roasters , 群果貿易 Cheerbeans trading Co Ltd Taiwan , L’escargot d’or cosmetocafe ,Slick Coffee Co.",NA,success,NA,NA,NA,NA,NA,NA,NA,NA,NA,NA,NA,NA,NA,NA,NA,NA,NA,NA,NA,NA,NA,NA,NA,NA,NA,NA,NA,NA,NA,NA,NA,NA,NA,NA,NA,NA,NA,NA,NA,NA,NA,NA,NA,NA,NA,NA,NA,NA,NA,NA,NA,NA,NA,NA,NA,NA,NA,NA
Indonesia,2022,COE,auction,NA,https://allianceforcoffeeexcellence.org/indonesia-2022/,2,22,Koperasi Ribang Gayo Musara,87.06,826.73,$   9.70,"$                  8,019.28","Wataru & Co., Ltd.",NA,success,NA,NA,NA,NA,NA,NA,NA,NA,NA,NA,NA,NA,NA,NA,NA,NA,NA,NA,NA,NA,NA,NA,NA,NA,NA,NA,NA,NA,NA,NA,NA,NA,NA,NA,NA,NA,NA,NA,NA,NA,NA,NA,NA,NA,NA,NA,NA,NA,NA,NA,NA,NA,NA,NA,NA,NA,NA,NA
Indonesia,2022,COE,auction,NA,https://allianceforcoffeeexcellence.org/indonesia-2022/,2,Totals,,,15344.16,Auction Average $/lb. $16.91,"Total Auction Value
$242,409.61",,NA,success,NA,NA,NA,NA,NA,NA,NA,NA,NA,NA,NA,NA,NA,NA,NA,NA,NA,NA,NA,NA,NA,NA,NA,NA,NA,NA,NA,NA,NA,NA,NA,NA,NA,NA,NA,NA,NA,NA,NA,NA,NA,NA,NA,NA,NA,NA,NA,NA,NA,NA,NA,NA,NA,NA,NA,NA,NA,NA
Mexico,2022,COE,auction,NA,https://allianceforcoffeeexcellence.org/mexico-2022/,2,1a,Finca Santa Cruz,93,330.69,$92.00,"$30,423.48","Fisher coffee 啡舍 /青岛李想珈 /东方国际商业（集团）有限公司/CoffeeBuff/SHANGHAI CARMO TRADING CO. ,LTD(珈露梦咖啡) / trunk coffee / T.O精品咖啡 / Low-profile International Green Bean Trade Bargaining Association / +trunk coffee",NA,success,NA,NA,NA,NA,NA,NA,NA,NA,NA,NA,NA,NA,NA,NA,NA,NA,NA,NA,NA,NA,NA,NA,NA,NA,NA,NA,NA,NA,NA,NA,NA,NA,NA,NA,NA,NA,NA,NA,NA,NA,NA,NA,NA,NA,NA,NA,NA,NA,NA,NA,NA,NA,NA,NA,NA,NA,NA,NA
Mexico,2022,COE,auction,NA,https://allianceforcoffeeexcellence.org/mexico-2022/,2,1b,Finca Santa Cruz,93,264.55,$90.10,"$23,835.96","ACCIO BEANS COFFEE, Cut Hand Group (剁手咖啡群) & Encore Coffee（云南谙客咖啡), Kinglo Coffee (轻乐咖), mute roaster (macau), 田珈琲",NA,success,NA,NA,NA,NA,NA,NA,NA,NA,NA,NA,NA,NA,NA,NA,NA,NA,NA,NA,NA,NA,NA,NA,NA,NA,NA,NA,NA,NA,NA,NA,NA,NA,NA,NA,NA,NA,NA,NA,NA,NA,NA,NA,NA,NA,NA,NA,NA,NA,NA,NA,NA,NA,NA,NA,NA,NA,NA,NA
Mexico,2022,COE,auction,NA,https://allianceforcoffeeexcellence.org/mexico-2022/,2,2a,Finca el Izote,91.4,264.55,$60.30,"$15,952.37",Boqueron Coffee 火萨 for M1咖啡奇幻工场 M1 Coffee Dream Factory,NA,success,NA,NA,NA,NA,NA,NA,NA,NA,NA,NA,NA,NA,NA,NA,NA,NA,NA,NA,NA,NA,NA,NA,NA,NA,NA,NA,NA,NA,NA,NA,NA,NA,NA,NA,NA,NA,NA,NA,NA,NA,NA,NA,NA,NA,NA,NA,NA,NA,NA,NA,NA,NA,NA,NA,NA,NA,NA,NA
Mexico,2022,COE,auction,NA,https://allianceforcoffeeexcellence.org/mexico-2022/,2,2b,Finca el Izote,91.4,264.55,$60.60,"$16,031.73",ONYX COFFEE LAB,NA,success,NA,NA,NA,NA,NA,NA,NA,NA,NA,NA,NA,NA,NA,NA,NA,NA,NA,NA,NA,NA,NA,NA,NA,NA,NA,NA,NA,NA,NA,NA,NA,NA,NA,NA,NA,NA,NA,NA,NA,NA,NA,NA,NA,NA,NA,NA,NA,NA,NA,NA,NA,NA,NA,NA,NA,NA,NA,NA
Mexico,2022,COE,auction,NA,https://allianceforcoffeeexcellence.org/mexico-2022/,2,3a,El Rio,91.37,264.55,$43.20,"$11,428.56",Orsir Coffee,NA,success,NA,NA,NA,NA,NA,NA,NA,NA,NA,NA,NA,NA,NA,NA,NA,NA,NA,NA,NA,NA,NA,NA,NA,NA,NA,NA,NA,NA,NA,NA,NA,NA,NA,NA,NA,NA,NA,NA,NA,NA,NA,NA,NA,NA,NA,NA,NA,NA,NA,NA,NA,NA,NA,NA,NA,NA,NA,NA
Mexico,2022,COE,auction,NA,https://allianceforcoffeeexcellence.org/mexico-2022/,2,3b,El Rio,91.37,264.55,$43.20,"$11,428.56",GONGGAM,NA,success,NA,NA,NA,NA,NA,NA,NA,NA,NA,NA,NA,NA,NA,NA,NA,NA,NA,NA,NA,NA,NA,NA,NA,NA,NA,NA,NA,NA,NA,NA,NA,NA,NA,NA,NA,NA,NA,NA,NA,NA,NA,NA,NA,NA,NA,NA,NA,NA,NA,NA,NA,NA,NA,NA,NA,NA,NA,NA
Mexico,2022,COE,auction,NA,https://allianceforcoffeeexcellence.org/mexico-2022/,2,4,Geisha,91.13,2248.71,$40.70,"$91,522.50",意可坊咖啡 for 啟程拓殖 TerraformCoffee/ Fisher Coffee/ Gee Coffee/ 有容乃大 SmallArmsBigHeart/ 芦田家中岛英男/ Taster’s Coffee/ 丢丢小忙/ 咖乐乐KOLAKOLA COFFEE,NA,success,NA,NA,NA,NA,NA,NA,NA,NA,NA,NA,NA,NA,NA,NA,NA,NA,NA,NA,NA,NA,NA,NA,NA,NA,NA,NA,NA,NA,NA,NA,NA,NA,NA,NA,NA,NA,NA,NA,NA,NA,NA,NA,NA,NA,NA,NA,NA,NA,NA,NA,NA,NA,NA,NA,NA,NA,NA,NA
Mexico,2022,COE,auction,NA,https://allianceforcoffeeexcellence.org/mexico-2022/,2,5,Finca Sinai,90.37,1058.22,$24.10,"$25,503.10",Kyokuto Fadie Corporation,NA,success,NA,NA,NA,NA,NA,NA,NA,NA,NA,NA,NA,NA,NA,NA,NA,NA,NA,NA,NA,NA,NA,NA,NA,NA,NA,NA,NA,NA,NA,NA,NA,NA,NA,NA,NA,NA,NA,NA,NA,NA,NA,NA,NA,NA,NA,NA,NA,NA,NA,NA,NA,NA,NA,NA,NA,NA,NA,NA
Mexico,2022,COE,auction,NA,https://allianceforcoffeeexcellence.org/mexico-2022/,2,6,Finca Huehuetepan,89.63,462.97,$27.10,"$12,546.49",Decameron coffee,NA,success,NA,NA,NA,NA,NA,NA,NA,NA,NA,NA,NA,NA,NA,NA,NA,NA,NA,NA,NA,NA,NA,NA,NA,NA,NA,NA,NA,NA,NA,NA,NA,NA,NA,NA,NA,NA,NA,NA,NA,NA,NA,NA,NA,NA,NA,NA,NA,NA,NA,NA,NA,NA,NA,NA,NA,NA,NA,NA
Mexico,2022,COE,auction,NA,https://allianceforcoffeeexcellence.org/mexico-2022/,2,7,Cafetal el Equimite,89.53,595.25,$30.20,"$17,976.55","L’escargot d’or cosmetocafe, Studio Caffeine, Sky Top Coffee, Noble Coffee",NA,success,NA,NA,NA,NA,NA,NA,NA,NA,NA,NA,NA,NA,NA,NA,NA,NA,NA,NA,NA,NA,NA,NA,NA,NA,NA,NA,NA,NA,NA,NA,NA,NA,NA,NA,NA,NA,NA,NA,NA,NA,NA,NA,NA,NA,NA,NA,NA,NA,NA,NA,NA,NA,NA,NA,NA,NA,NA,NA
Mexico,2022,COE,auction,NA,https://allianceforcoffeeexcellence.org/mexico-2022/,2,8,Palma,89.43,1058.22,$19.00,"$20,106.18",GONGGAM,NA,success,NA,NA,NA,NA,NA,NA,NA,NA,NA,NA,NA,NA,NA,NA,NA,NA,NA,NA,NA,NA,NA,NA,NA,NA,NA,NA,NA,NA,NA,NA,NA,NA,NA,NA,NA,NA,NA,NA,NA,NA,NA,NA,NA,NA,NA,NA,NA,NA,NA,NA,NA,NA,NA,NA,NA,NA,NA,NA
Mexico,2022,COE,auction,NA,https://allianceforcoffeeexcellence.org/mexico-2022/,2,9,Los Naranjos,89.4,661.39,$14.20,"$9,391.74",Terarosa (Haksan Co. Ltd),NA,success,NA,NA,NA,NA,NA,NA,NA,NA,NA,NA,NA,NA,NA,NA,NA,NA,NA,NA,NA,NA,NA,NA,NA,NA,NA,NA,NA,NA,NA,NA,NA,NA,NA,NA,NA,NA,NA,NA,NA,NA,NA,NA,NA,NA,NA,NA,NA,NA,NA,NA,NA,NA,NA,NA,NA,NA,NA,NA
Mexico,2022,COE,auction,NA,https://allianceforcoffeeexcellence.org/mexico-2022/,2,10,Finca Trebolillos,89,529.11,$25.10,"$13,280.66","Boqueron Coffee 火萨, 海南东爵实业有限公司, 低调的国际生豆贸易议价协会",NA,success,NA,NA,NA,NA,NA,NA,NA,NA,NA,NA,NA,NA,NA,NA,NA,NA,NA,NA,NA,NA,NA,NA,NA,NA,NA,NA,NA,NA,NA,NA,NA,NA,NA,NA,NA,NA,NA,NA,NA,NA,NA,NA,NA,NA,NA,NA,NA,NA,NA,NA,NA,NA,NA,NA,NA,NA,NA,NA
Mexico,2022,COE,auction,NA,https://allianceforcoffeeexcellence.org/mexico-2022/,2,11,Las Delicias,88.93,793.66,$14.00,"$11,111.24",Luigi Lavazza S.p.A.,NA,success,NA,NA,NA,NA,NA,NA,NA,NA,NA,NA,NA,NA,NA,NA,NA,NA,NA,NA,NA,NA,NA,NA,NA,NA,NA,NA,NA,NA,NA,NA,NA,NA,NA,NA,NA,NA,NA,NA,NA,NA,NA,NA,NA,NA,NA,NA,NA,NA,NA,NA,NA,NA,NA,NA,NA,NA,NA,NA
Mexico,2022,COE,auction,NA,https://allianceforcoffeeexcellence.org/mexico-2022/,2,12,Finca el Pomal,88.83,727.52,$18.85,"$13,713.75",Sulalat Coffee Trading,NA,success,NA,NA,NA,NA,NA,NA,NA,NA,NA,NA,NA,NA,NA,NA,NA,NA,NA,NA,NA,NA,NA,NA,NA,NA,NA,NA,NA,NA,NA,NA,NA,NA,NA,NA,NA,NA,NA,NA,NA,NA,NA,NA,NA,NA,NA,NA,NA,NA,NA,NA,NA,NA,NA,NA,NA,NA,NA,NA
Mexico,2022,COE,auction,NA,https://allianceforcoffeeexcellence.org/mexico-2022/,2,13,Los Aguacates,88.67,921.53,$12.20,"$11,242.67","Wataru & Co., Ltd.",NA,success,NA,NA,NA,NA,NA,NA,NA,NA,NA,NA,NA,NA,NA,NA,NA,NA,NA,NA,NA,NA,NA,NA,NA,NA,NA,NA,NA,NA,NA,NA,NA,NA,NA,NA,NA,NA,NA,NA,NA,NA,NA,NA,NA,NA,NA,NA,NA,NA,NA,NA,NA,NA,NA,NA,NA,NA,NA,NA
Mexico,2022,COE,auction,NA,https://allianceforcoffeeexcellence.org/mexico-2022/,2,14,Finca la Lomita,88.63,462.97,$15.10,"$6,990.85","Al Cafeci, S.A. de C.V. (Calufe – Hermann Thomas)",NA,success,NA,NA,NA,NA,NA,NA,NA,NA,NA,NA,NA,NA,NA,NA,NA,NA,NA,NA,NA,NA,NA,NA,NA,NA,NA,NA,NA,NA,NA,NA,NA,NA,NA,NA,NA,NA,NA,NA,NA,NA,NA,NA,NA,NA,NA,NA,NA,NA,NA,NA,NA,NA,NA,NA,NA,NA,NA,NA
Mexico,2022,COE,auction,NA,https://allianceforcoffeeexcellence.org/mexico-2022/,2,15,Las Barrancas,88.53,727.52,$12.40,"$9,021.25",List + Beisler GmbH. Supremo Coffee.,NA,success,NA,NA,NA,NA,NA,NA,NA,NA,NA,NA,NA,NA,NA,NA,NA,NA,NA,NA,NA,NA,NA,NA,NA,NA,NA,NA,NA,NA,NA,NA,NA,NA,NA,NA,NA,NA,NA,NA,NA,NA,NA,NA,NA,NA,NA,NA,NA,NA,NA,NA,NA,NA,NA,NA,NA,NA,NA,NA
Mexico,2022,COE,auction,NA,https://allianceforcoffeeexcellence.org/mexico-2022/,2,16,Dinastía Altamirano,88.43,595.25,$13.60,"$8,095.40",M.I.COFFEE CORPORATION,NA,success,NA,NA,NA,NA,NA,NA,NA,NA,NA,NA,NA,NA,NA,NA,NA,NA,NA,NA,NA,NA,NA,NA,NA,NA,NA,NA,NA,NA,NA,NA,NA,NA,NA,NA,NA,NA,NA,NA,NA,NA,NA,NA,NA,NA,NA,NA,NA,NA,NA,NA,NA,NA,NA,NA,NA,NA,NA,NA
Mexico,2022,COE,auction,NA,https://allianceforcoffeeexcellence.org/mexico-2022/,2,17,Finca Cañada Fría,88.2,529.11,$12.10,"$6,402.23",Saza Coffee,NA,success,NA,NA,NA,NA,NA,NA,NA,NA,NA,NA,NA,NA,NA,NA,NA,NA,NA,NA,NA,NA,NA,NA,NA,NA,NA,NA,NA,NA,NA,NA,NA,NA,NA,NA,NA,NA,NA,NA,NA,NA,NA,NA,NA,NA,NA,NA,NA,NA,NA,NA,NA,NA,NA,NA,NA,NA,NA,NA
Mexico,2022,COE,auction,NA,https://allianceforcoffeeexcellence.org/mexico-2022/,2,18,Finca San Rafael,88.03,661.39,$12.35,"$8,168.17",Saza Coffee,NA,success,NA,NA,NA,NA,NA,NA,NA,NA,NA,NA,NA,NA,NA,NA,NA,NA,NA,NA,NA,NA,NA,NA,NA,NA,NA,NA,NA,NA,NA,NA,NA,NA,NA,NA,NA,NA,NA,NA,NA,NA,NA,NA,NA,NA,NA,NA,NA,NA,NA,NA,NA,NA,NA,NA,NA,NA,NA,NA
Mexico,2022,COE,auction,NA,https://allianceforcoffeeexcellence.org/mexico-2022/,2,19,Finca Don Rafa,88.03,1124.36,$20.20,"$22,712.07",Saza Coffee,NA,success,NA,NA,NA,NA,NA,NA,NA,NA,NA,NA,NA,NA,NA,NA,NA,NA,NA,NA,NA,NA,NA,NA,NA,NA,NA,NA,NA,NA,NA,NA,NA,NA,NA,NA,NA,NA,NA,NA,NA,NA,NA,NA,NA,NA,NA,NA,NA,NA,NA,NA,NA,NA,NA,NA,NA,NA,NA,NA
Mexico,2022,COE,auction,NA,https://allianceforcoffeeexcellence.org/mexico-2022/,2,20,Ocoteno,87.87,661.39,$12.10,"$8,002.82",TAKAMURA COFFEE ROASTERS by MARUKAI,NA,success,NA,NA,NA,NA,NA,NA,NA,NA,NA,NA,NA,NA,NA,NA,NA,NA,NA,NA,NA,NA,NA,NA,NA,NA,NA,NA,NA,NA,NA,NA,NA,NA,NA,NA,NA,NA,NA,NA,NA,NA,NA,NA,NA,NA,NA,NA,NA,NA,NA,NA,NA,NA,NA,NA,NA,NA,NA,NA
Mexico,2022,COE,auction,NA,https://allianceforcoffeeexcellence.org/mexico-2022/,2,21,Arroyo,87.87,725.32,$12.10,"$8,776.37","GLITCH COFFEE & ROASTERS, Idle Hands Roasting Company, WAVY COFFEE ROASTERS, Q.O.L.COFFEE and Acid Coffee Tokyo by MARUKAI",NA,success,NA,NA,NA,NA,NA,NA,NA,NA,NA,NA,NA,NA,NA,NA,NA,NA,NA,NA,NA,NA,NA,NA,NA,NA,NA,NA,NA,NA,NA,NA,NA,NA,NA,NA,NA,NA,NA,NA,NA,NA,NA,NA,NA,NA,NA,NA,NA,NA,NA,NA,NA,NA,NA,NA,NA,NA,NA,NA
Mexico,2022,COE,auction,NA,https://allianceforcoffeeexcellence.org/mexico-2022/,2,22,San Pedro,87.8,595.25,$13.40,"$7,976.35",Kyokuto Fadie Corporation,NA,success,NA,NA,NA,NA,NA,NA,NA,NA,NA,NA,NA,NA,NA,NA,NA,NA,NA,NA,NA,NA,NA,NA,NA,NA,NA,NA,NA,NA,NA,NA,NA,NA,NA,NA,NA,NA,NA,NA,NA,NA,NA,NA,NA,NA,NA,NA,NA,NA,NA,NA,NA,NA,NA,NA,NA,NA,NA,NA
Mexico,2022,COE,auction,NA,https://allianceforcoffeeexcellence.org/mexico-2022/,2,23,Finca Huehuetecpan,87.77,661.39,$12.00,"$7,936.68","Wataru & Co., Ltd.",NA,success,NA,NA,NA,NA,NA,NA,NA,NA,NA,NA,NA,NA,NA,NA,NA,NA,NA,NA,NA,NA,NA,NA,NA,NA,NA,NA,NA,NA,NA,NA,NA,NA,NA,NA,NA,NA,NA,NA,NA,NA,NA,NA,NA,NA,NA,NA,NA,NA,NA,NA,NA,NA,NA,NA,NA,NA,NA,NA
Mexico,2022,COE,auction,NA,https://allianceforcoffeeexcellence.org/mexico-2022/,2,24,Temimil,87.67,529.11,$12.10,"$6,402.23",Wataru for Voila Coffee,NA,success,NA,NA,NA,NA,NA,NA,NA,NA,NA,NA,NA,NA,NA,NA,NA,NA,NA,NA,NA,NA,NA,NA,NA,NA,NA,NA,NA,NA,NA,NA,NA,NA,NA,NA,NA,NA,NA,NA,NA,NA,NA,NA,NA,NA,NA,NA,NA,NA,NA,NA,NA,NA,NA,NA,NA,NA,NA,NA
Mexico,2022,COE,auction,NA,https://allianceforcoffeeexcellence.org/mexico-2022/,2,25,Apipias,87.67,925.94,$11.10,"$10,277.93","DABOV Specialty Coffee, Coffee Me Up (Korea), 331Roasters, Lotus Lab, Coffee Therapy (Thailand)",NA,success,NA,NA,NA,NA,NA,NA,NA,NA,NA,NA,NA,NA,NA,NA,NA,NA,NA,NA,NA,NA,NA,NA,NA,NA,NA,NA,NA,NA,NA,NA,NA,NA,NA,NA,NA,NA,NA,NA,NA,NA,NA,NA,NA,NA,NA,NA,NA,NA,NA,NA,NA,NA,NA,NA,NA,NA,NA,NA
Mexico,2022,COE,auction,NA,https://allianceforcoffeeexcellence.org/mexico-2022/,2,26,Ojo de Agua,87.57,727.52,$12.15,"$8,839.37",19grams / Tres Cabezas,NA,success,NA,NA,NA,NA,NA,NA,NA,NA,NA,NA,NA,NA,NA,NA,NA,NA,NA,NA,NA,NA,NA,NA,NA,NA,NA,NA,NA,NA,NA,NA,NA,NA,NA,NA,NA,NA,NA,NA,NA,NA,NA,NA,NA,NA,NA,NA,NA,NA,NA,NA,NA,NA,NA,NA,NA,NA,NA,NA
Mexico,2022,COE,auction,NA,https://allianceforcoffeeexcellence.org/mexico-2022/,2,27,Fincas Innominada,87.4,727.52,$12.10,"$8,802.99",Kyokuto Fadie Corporation,NA,success,NA,NA,NA,NA,NA,NA,NA,NA,NA,NA,NA,NA,NA,NA,NA,NA,NA,NA,NA,NA,NA,NA,NA,NA,NA,NA,NA,NA,NA,NA,NA,NA,NA,NA,NA,NA,NA,NA,NA,NA,NA,NA,NA,NA,NA,NA,NA,NA,NA,NA,NA,NA,NA,NA,NA,NA,NA,NA
Mexico,2022,COE,auction,NA,https://allianceforcoffeeexcellence.org/mexico-2022/,2,28,Metlapoxteca,87.3,529.11,$10.30,"$5,449.83",Honu Kato Coffee Inc.,NA,success,NA,NA,NA,NA,NA,NA,NA,NA,NA,NA,NA,NA,NA,NA,NA,NA,NA,NA,NA,NA,NA,NA,NA,NA,NA,NA,NA,NA,NA,NA,NA,NA,NA,NA,NA,NA,NA,NA,NA,NA,NA,NA,NA,NA,NA,NA,NA,NA,NA,NA,NA,NA,NA,NA,NA,NA,NA,NA
Mexico,2022,COE,auction,NA,https://allianceforcoffeeexcellence.org/mexico-2022/,2,29,Finca el Bordo,87.23,793.66,$10.00,"$7,936.60","Wataru & Co., Ltd.",NA,success,NA,NA,NA,NA,NA,NA,NA,NA,NA,NA,NA,NA,NA,NA,NA,NA,NA,NA,NA,NA,NA,NA,NA,NA,NA,NA,NA,NA,NA,NA,NA,NA,NA,NA,NA,NA,NA,NA,NA,NA,NA,NA,NA,NA,NA,NA,NA,NA,NA,NA,NA,NA,NA,NA,NA,NA,NA,NA
Mexico,2022,COE,auction,NA,https://allianceforcoffeeexcellence.org/mexico-2022/,2,30,La Vega,87.2,462.97,$10.20,"$4,722.29",Orsir Coffee,NA,success,NA,NA,NA,NA,NA,NA,NA,NA,NA,NA,NA,NA,NA,NA,NA,NA,NA,NA,NA,NA,NA,NA,NA,NA,NA,NA,NA,NA,NA,NA,NA,NA,NA,NA,NA,NA,NA,NA,NA,NA,NA,NA,NA,NA,NA,NA,NA,NA,NA,NA,NA,NA,NA,NA,NA,NA,NA,NA
Mexico,2022,COE,auction,NA,https://allianceforcoffeeexcellence.org/mexico-2022/,2,Totals:,,,22149.8,"Auction Average $/lb
$21.76/lb","Total Auction Value
$482,008.97",,NA,success,NA,NA,NA,NA,NA,NA,NA,NA,NA,NA,NA,NA,NA,NA,NA,NA,NA,NA,NA,NA,NA,NA,NA,NA,NA,NA,NA,NA,NA,NA,NA,NA,NA,NA,NA,NA,NA,NA,NA,NA,NA,NA,NA,NA,NA,NA,NA,NA,NA,NA,NA,NA,NA,NA,NA,NA,NA,NA
Mexico,2022,NW,auction,NA,https://allianceforcoffeeexcellence.org/mexico-2022/,4,NW,Finca Jade,87.17,992.08,$6.50,"$6,448.52",NA,"Al Cafeci, S.A. de C.V. (Calufe – Hermann Thomas)",success,NA,NA,NA,NA,NA,NA,NA,NA,NA,NA,NA,NA,NA,NA,NA,NA,NA,NA,NA,NA,NA,NA,NA,NA,NA,NA,NA,NA,NA,NA,NA,NA,NA,NA,NA,NA,NA,NA,NA,NA,NA,NA,NA,NA,NA,NA,NA,NA,NA,NA,NA,NA,NA,NA,NA,NA,NA,NA
Mexico,2022,NW,auction,NA,https://allianceforcoffeeexcellence.org/mexico-2022/,4,NW,La Peña,87.13,595.25,$7.10,"$4,226.28",NA,SkyTop Coffee,success,NA,NA,NA,NA,NA,NA,NA,NA,NA,NA,NA,NA,NA,NA,NA,NA,NA,NA,NA,NA,NA,NA,NA,NA,NA,NA,NA,NA,NA,NA,NA,NA,NA,NA,NA,NA,NA,NA,NA,NA,NA,NA,NA,NA,NA,NA,NA,NA,NA,NA,NA,NA,NA,NA,NA,NA,NA,NA
Mexico,2022,NW,auction,NA,https://allianceforcoffeeexcellence.org/mexico-2022/,4,NW,Santa Teresa,86.93,595.25,$6.60,"$3,928.65",NA,"Al Cafeci, S.A. de C.V. (Calufe – Hermann Thomas)",success,NA,NA,NA,NA,NA,NA,NA,NA,NA,NA,NA,NA,NA,NA,NA,NA,NA,NA,NA,NA,NA,NA,NA,NA,NA,NA,NA,NA,NA,NA,NA,NA,NA,NA,NA,NA,NA,NA,NA,NA,NA,NA,NA,NA,NA,NA,NA,NA,NA,NA,NA,NA,NA,NA,NA,NA,NA,NA
Mexico,2022,NW,auction,NA,https://allianceforcoffeeexcellence.org/mexico-2022/,4,NW,El Veladero,86.87,462.97,$5.30,"$2,453.74",NA,MARISSTELLA COFFEE,success,NA,NA,NA,NA,NA,NA,NA,NA,NA,NA,NA,NA,NA,NA,NA,NA,NA,NA,NA,NA,NA,NA,NA,NA,NA,NA,NA,NA,NA,NA,NA,NA,NA,NA,NA,NA,NA,NA,NA,NA,NA,NA,NA,NA,NA,NA,NA,NA,NA,NA,NA,NA,NA,NA,NA,NA,NA,NA
Mexico,2022,NW,auction,NA,https://allianceforcoffeeexcellence.org/mexico-2022/,4,NW,,Totals:,"2,645.55","Auction Average $/lb
$6.45/lb","Total Auction Value
$17,057.19",NA,,success,NA,NA,NA,NA,NA,NA,NA,NA,NA,NA,NA,NA,NA,NA,NA,NA,NA,NA,NA,NA,NA,NA,NA,NA,NA,NA,NA,NA,NA,NA,NA,NA,NA,NA,NA,NA,NA,NA,NA,NA,NA,NA,NA,NA,NA,NA,NA,NA,NA,NA,NA,NA,NA,NA,NA,NA,NA,NA
Nicaragua,2022,COE,auction,NA,https://allianceforcoffeeexcellence.org/nicaragua-2022/,2,1a,El Avión,90.74,264.6,$25.20,"$6,667.92",Times Club & Coffee Libre,NA,success,NA,NA,NA,NA,NA,NA,NA,NA,NA,NA,NA,NA,NA,NA,NA,NA,NA,NA,NA,NA,NA,NA,NA,NA,NA,NA,NA,NA,NA,NA,NA,NA,NA,NA,NA,NA,NA,NA,NA,NA,NA,NA,NA,NA,NA,NA,NA,NA,NA,NA,NA,NA,NA,NA,NA,NA,NA,NA
Nicaragua,2022,COE,auction,NA,https://allianceforcoffeeexcellence.org/nicaragua-2022/,2,1b,El Avión,90.74,252.5,$23.50,"$5,933.75","Snow Beans Coffee, Japan Roasters Community, Adachi Coffee Inc. by Maruyama Coffee",NA,success,NA,NA,NA,NA,NA,NA,NA,NA,NA,NA,NA,NA,NA,NA,NA,NA,NA,NA,NA,NA,NA,NA,NA,NA,NA,NA,NA,NA,NA,NA,NA,NA,NA,NA,NA,NA,NA,NA,NA,NA,NA,NA,NA,NA,NA,NA,NA,NA,NA,NA,NA,NA,NA,NA,NA,NA,NA,NA
Nicaragua,2022,COE,auction,NA,https://allianceforcoffeeexcellence.org/nicaragua-2022/,2,2,Buenos Aires,89.65,427,$8.00,"$3,416.00","Bokkum & Gil coffee Roasters, Comansa, Oraund Coffee",NA,success,NA,NA,NA,NA,NA,NA,NA,NA,NA,NA,NA,NA,NA,NA,NA,NA,NA,NA,NA,NA,NA,NA,NA,NA,NA,NA,NA,NA,NA,NA,NA,NA,NA,NA,NA,NA,NA,NA,NA,NA,NA,NA,NA,NA,NA,NA,NA,NA,NA,NA,NA,NA,NA,NA,NA,NA,NA,NA
Nicaragua,2022,COE,auction,NA,https://allianceforcoffeeexcellence.org/nicaragua-2022/,2,3,Un Regalo De Dios,89.53,504,$17.30,"$8,719.20","𝐿𝐸𝐴𝑉𝐸𝑆 𝐶𝑂𝐹𝐹𝐸𝐸 𝑅𝑂𝐴𝑆𝑇𝐸𝑅𝑆, WAVY COFFEE ROASTERS, ETHICUS coffee roasters and Acid Coffee Tokyo by Marukai",NA,success,NA,NA,NA,NA,NA,NA,NA,NA,NA,NA,NA,NA,NA,NA,NA,NA,NA,NA,NA,NA,NA,NA,NA,NA,NA,NA,NA,NA,NA,NA,NA,NA,NA,NA,NA,NA,NA,NA,NA,NA,NA,NA,NA,NA,NA,NA,NA,NA,NA,NA,NA,NA,NA,NA,NA,NA,NA,NA
Nicaragua,2022,COE,auction,NA,https://allianceforcoffeeexcellence.org/nicaragua-2022/,2,4,Los Volcancitos,89.35,406,$25.10,"$10,190.60",Kyokuto Fadie Corporation,NA,success,NA,NA,NA,NA,NA,NA,NA,NA,NA,NA,NA,NA,NA,NA,NA,NA,NA,NA,NA,NA,NA,NA,NA,NA,NA,NA,NA,NA,NA,NA,NA,NA,NA,NA,NA,NA,NA,NA,NA,NA,NA,NA,NA,NA,NA,NA,NA,NA,NA,NA,NA,NA,NA,NA,NA,NA,NA,NA
Nicaragua,2022,COE,auction,NA,https://allianceforcoffeeexcellence.org/nicaragua-2022/,2,5,Bella Aurora,89,395,$12.10,"$4,779.50","Orsir International Co., Ltd.",NA,success,NA,NA,NA,NA,NA,NA,NA,NA,NA,NA,NA,NA,NA,NA,NA,NA,NA,NA,NA,NA,NA,NA,NA,NA,NA,NA,NA,NA,NA,NA,NA,NA,NA,NA,NA,NA,NA,NA,NA,NA,NA,NA,NA,NA,NA,NA,NA,NA,NA,NA,NA,NA,NA,NA,NA,NA,NA,NA
Nicaragua,2022,COE,auction,NA,https://allianceforcoffeeexcellence.org/nicaragua-2022/,2,6,La Soledad,88.91,493,$7.50,"$3,697.50","Wataru & Co., Ltd.",NA,success,NA,NA,NA,NA,NA,NA,NA,NA,NA,NA,NA,NA,NA,NA,NA,NA,NA,NA,NA,NA,NA,NA,NA,NA,NA,NA,NA,NA,NA,NA,NA,NA,NA,NA,NA,NA,NA,NA,NA,NA,NA,NA,NA,NA,NA,NA,NA,NA,NA,NA,NA,NA,NA,NA,NA,NA,NA,NA
Nicaragua,2022,COE,auction,NA,https://allianceforcoffeeexcellence.org/nicaragua-2022/,2,7,El Cambalache,88.76,457,$8.10,"$3,701.70",Studio Caffeine,NA,success,NA,NA,NA,NA,NA,NA,NA,NA,NA,NA,NA,NA,NA,NA,NA,NA,NA,NA,NA,NA,NA,NA,NA,NA,NA,NA,NA,NA,NA,NA,NA,NA,NA,NA,NA,NA,NA,NA,NA,NA,NA,NA,NA,NA,NA,NA,NA,NA,NA,NA,NA,NA,NA,NA,NA,NA,NA,NA
Nicaragua,2022,COE,auction,NA,https://allianceforcoffeeexcellence.org/nicaragua-2022/,2,8,Jesús Mountain Coffee Company,88.76,1137,$17.70,"$20,124.90",Campos Coffee,NA,success,NA,NA,NA,NA,NA,NA,NA,NA,NA,NA,NA,NA,NA,NA,NA,NA,NA,NA,NA,NA,NA,NA,NA,NA,NA,NA,NA,NA,NA,NA,NA,NA,NA,NA,NA,NA,NA,NA,NA,NA,NA,NA,NA,NA,NA,NA,NA,NA,NA,NA,NA,NA,NA,NA,NA,NA,NA,NA
Nicaragua,2022,COE,auction,NA,https://allianceforcoffeeexcellence.org/nicaragua-2022/,2,9,La Orquídea,87.94,599,$10.80,"$6,469.20",TAKAMURA COFFEE ROASTERS by Marukai,NA,success,NA,NA,NA,NA,NA,NA,NA,NA,NA,NA,NA,NA,NA,NA,NA,NA,NA,NA,NA,NA,NA,NA,NA,NA,NA,NA,NA,NA,NA,NA,NA,NA,NA,NA,NA,NA,NA,NA,NA,NA,NA,NA,NA,NA,NA,NA,NA,NA,NA,NA,NA,NA,NA,NA,NA,NA,NA,NA
Nicaragua,2022,COE,auction,NA,https://allianceforcoffeeexcellence.org/nicaragua-2022/,2,10,Los Suyates,87.94,439,$7.00,"$3,073.00","Wataru & Co., Ltd.",NA,success,NA,NA,NA,NA,NA,NA,NA,NA,NA,NA,NA,NA,NA,NA,NA,NA,NA,NA,NA,NA,NA,NA,NA,NA,NA,NA,NA,NA,NA,NA,NA,NA,NA,NA,NA,NA,NA,NA,NA,NA,NA,NA,NA,NA,NA,NA,NA,NA,NA,NA,NA,NA,NA,NA,NA,NA,NA,NA
Nicaragua,2022,COE,auction,NA,https://allianceforcoffeeexcellence.org/nicaragua-2022/,2,11,Las Termópilas,87.76,1745,$5.20,"$9,074.00","Wataru & Co., Ltd.",NA,success,NA,NA,NA,NA,NA,NA,NA,NA,NA,NA,NA,NA,NA,NA,NA,NA,NA,NA,NA,NA,NA,NA,NA,NA,NA,NA,NA,NA,NA,NA,NA,NA,NA,NA,NA,NA,NA,NA,NA,NA,NA,NA,NA,NA,NA,NA,NA,NA,NA,NA,NA,NA,NA,NA,NA,NA,NA,NA
Nicaragua,2022,COE,auction,NA,https://allianceforcoffeeexcellence.org/nicaragua-2022/,2,12,El Porvenir,87.71,519,$5.80,"$3,010.20","GSC International Co., Ltd",NA,success,NA,NA,NA,NA,NA,NA,NA,NA,NA,NA,NA,NA,NA,NA,NA,NA,NA,NA,NA,NA,NA,NA,NA,NA,NA,NA,NA,NA,NA,NA,NA,NA,NA,NA,NA,NA,NA,NA,NA,NA,NA,NA,NA,NA,NA,NA,NA,NA,NA,NA,NA,NA,NA,NA,NA,NA,NA,NA
Nicaragua,2022,COE,auction,NA,https://allianceforcoffeeexcellence.org/nicaragua-2022/,2,13,La Bendicion,87.59,424,$6.80,"$2,883.20","Wataru & Co., Ltd.",NA,success,NA,NA,NA,NA,NA,NA,NA,NA,NA,NA,NA,NA,NA,NA,NA,NA,NA,NA,NA,NA,NA,NA,NA,NA,NA,NA,NA,NA,NA,NA,NA,NA,NA,NA,NA,NA,NA,NA,NA,NA,NA,NA,NA,NA,NA,NA,NA,NA,NA,NA,NA,NA,NA,NA,NA,NA,NA,NA
Nicaragua,2022,COE,auction,NA,https://allianceforcoffeeexcellence.org/nicaragua-2022/,2,14,Libertad,87.56,624,$6.10,"$3,806.40",Kyokuto Fadie Corporation,NA,success,NA,NA,NA,NA,NA,NA,NA,NA,NA,NA,NA,NA,NA,NA,NA,NA,NA,NA,NA,NA,NA,NA,NA,NA,NA,NA,NA,NA,NA,NA,NA,NA,NA,NA,NA,NA,NA,NA,NA,NA,NA,NA,NA,NA,NA,NA,NA,NA,NA,NA,NA,NA,NA,NA,NA,NA,NA,NA
Nicaragua,2022,COE,auction,NA,https://allianceforcoffeeexcellence.org/nicaragua-2022/,2,15,Divina Providencia,87.53,776,$5.20,"$4,035.20","Wataru & Co., Ltd.",NA,success,NA,NA,NA,NA,NA,NA,NA,NA,NA,NA,NA,NA,NA,NA,NA,NA,NA,NA,NA,NA,NA,NA,NA,NA,NA,NA,NA,NA,NA,NA,NA,NA,NA,NA,NA,NA,NA,NA,NA,NA,NA,NA,NA,NA,NA,NA,NA,NA,NA,NA,NA,NA,NA,NA,NA,NA,NA,NA
Nicaragua,2022,COE,auction,NA,https://allianceforcoffeeexcellence.org/nicaragua-2022/,2,16,Las Pavas,87.41,759,$5.20,"$3,946.80","Wataru & Co., Ltd.",NA,success,NA,NA,NA,NA,NA,NA,NA,NA,NA,NA,NA,NA,NA,NA,NA,NA,NA,NA,NA,NA,NA,NA,NA,NA,NA,NA,NA,NA,NA,NA,NA,NA,NA,NA,NA,NA,NA,NA,NA,NA,NA,NA,NA,NA,NA,NA,NA,NA,NA,NA,NA,NA,NA,NA,NA,NA,NA,NA
Nicaragua,2022,COE,auction,NA,https://allianceforcoffeeexcellence.org/nicaragua-2022/,2,17,La Esperanza,87.41,504,$5.80,"$2,923.20","Wataru & Co., Ltd.",NA,success,NA,NA,NA,NA,NA,NA,NA,NA,NA,NA,NA,NA,NA,NA,NA,NA,NA,NA,NA,NA,NA,NA,NA,NA,NA,NA,NA,NA,NA,NA,NA,NA,NA,NA,NA,NA,NA,NA,NA,NA,NA,NA,NA,NA,NA,NA,NA,NA,NA,NA,NA,NA,NA,NA,NA,NA,NA,NA
Nicaragua,2022,COE,auction,NA,https://allianceforcoffeeexcellence.org/nicaragua-2022/,2,18,Los Pirineos,87.35,434,$5.90,"$2,560.60","THE DRIP CO.,LTD",NA,success,NA,NA,NA,NA,NA,NA,NA,NA,NA,NA,NA,NA,NA,NA,NA,NA,NA,NA,NA,NA,NA,NA,NA,NA,NA,NA,NA,NA,NA,NA,NA,NA,NA,NA,NA,NA,NA,NA,NA,NA,NA,NA,NA,NA,NA,NA,NA,NA,NA,NA,NA,NA,NA,NA,NA,NA,NA,NA
Nicaragua,2022,COE,auction,NA,https://allianceforcoffeeexcellence.org/nicaragua-2022/,2,19,El Recuerdo,87.32,385,$5.60,"$2,156.00",Wataru for OGAWA COFFEE,NA,success,NA,NA,NA,NA,NA,NA,NA,NA,NA,NA,NA,NA,NA,NA,NA,NA,NA,NA,NA,NA,NA,NA,NA,NA,NA,NA,NA,NA,NA,NA,NA,NA,NA,NA,NA,NA,NA,NA,NA,NA,NA,NA,NA,NA,NA,NA,NA,NA,NA,NA,NA,NA,NA,NA,NA,NA,NA,NA
Nicaragua,2022,COE,auction,NA,https://allianceforcoffeeexcellence.org/nicaragua-2022/,2,20,El Chele,87.26,423,$7.30,"$3,087.90","Wataru & Co., Ltd.",NA,success,NA,NA,NA,NA,NA,NA,NA,NA,NA,NA,NA,NA,NA,NA,NA,NA,NA,NA,NA,NA,NA,NA,NA,NA,NA,NA,NA,NA,NA,NA,NA,NA,NA,NA,NA,NA,NA,NA,NA,NA,NA,NA,NA,NA,NA,NA,NA,NA,NA,NA,NA,NA,NA,NA,NA,NA,NA,NA
Nicaragua,2022,COE,auction,NA,https://allianceforcoffeeexcellence.org/nicaragua-2022/,2,21,Los Cuadros,87.18,326,$5.60,"$1,825.60","Wataru & Co., Ltd.",NA,success,NA,NA,NA,NA,NA,NA,NA,NA,NA,NA,NA,NA,NA,NA,NA,NA,NA,NA,NA,NA,NA,NA,NA,NA,NA,NA,NA,NA,NA,NA,NA,NA,NA,NA,NA,NA,NA,NA,NA,NA,NA,NA,NA,NA,NA,NA,NA,NA,NA,NA,NA,NA,NA,NA,NA,NA,NA,NA
Nicaragua,2022,COE,auction,NA,https://allianceforcoffeeexcellence.org/nicaragua-2022/,2,22,El Poste,87.15,891,$5.10,"$4,544.10",honu加藤珈琲店株式会社,NA,success,NA,NA,NA,NA,NA,NA,NA,NA,NA,NA,NA,NA,NA,NA,NA,NA,NA,NA,NA,NA,NA,NA,NA,NA,NA,NA,NA,NA,NA,NA,NA,NA,NA,NA,NA,NA,NA,NA,NA,NA,NA,NA,NA,NA,NA,NA,NA,NA,NA,NA,NA,NA,NA,NA,NA,NA,NA,NA
Nicaragua,2022,COE,auction,NA,https://allianceforcoffeeexcellence.org/nicaragua-2022/,2,23,Ufcm,87.12,324,$7.00,"$2,268.00",MOKKA COFFEE,NA,success,NA,NA,NA,NA,NA,NA,NA,NA,NA,NA,NA,NA,NA,NA,NA,NA,NA,NA,NA,NA,NA,NA,NA,NA,NA,NA,NA,NA,NA,NA,NA,NA,NA,NA,NA,NA,NA,NA,NA,NA,NA,NA,NA,NA,NA,NA,NA,NA,NA,NA,NA,NA,NA,NA,NA,NA,NA,NA
Nicaragua,2022,COE,auction,NA,https://allianceforcoffeeexcellence.org/nicaragua-2022/,2,24,Bethania,87.12,503,$7.10,"$3,571.30",Kyokuto Fadie Corporation,NA,success,NA,NA,NA,NA,NA,NA,NA,NA,NA,NA,NA,NA,NA,NA,NA,NA,NA,NA,NA,NA,NA,NA,NA,NA,NA,NA,NA,NA,NA,NA,NA,NA,NA,NA,NA,NA,NA,NA,NA,NA,NA,NA,NA,NA,NA,NA,NA,NA,NA,NA,NA,NA,NA,NA,NA,NA,NA,NA
Nicaragua,2022,COE,auction,NA,https://allianceforcoffeeexcellence.org/nicaragua-2022/,2,25,Viento Del Espiritu Santo,87.12,563,$7.30,"$4,109.90",Linking Coffee,NA,success,NA,NA,NA,NA,NA,NA,NA,NA,NA,NA,NA,NA,NA,NA,NA,NA,NA,NA,NA,NA,NA,NA,NA,NA,NA,NA,NA,NA,NA,NA,NA,NA,NA,NA,NA,NA,NA,NA,NA,NA,NA,NA,NA,NA,NA,NA,NA,NA,NA,NA,NA,NA,NA,NA,NA,NA,NA,NA
Nicaragua,2022,COE,auction,NA,https://allianceforcoffeeexcellence.org/nicaragua-2022/,2,26,Puma Punkú,87.09,446,$5.20,"$2,319.20",Wataru for Voila Coffee,NA,success,NA,NA,NA,NA,NA,NA,NA,NA,NA,NA,NA,NA,NA,NA,NA,NA,NA,NA,NA,NA,NA,NA,NA,NA,NA,NA,NA,NA,NA,NA,NA,NA,NA,NA,NA,NA,NA,NA,NA,NA,NA,NA,NA,NA,NA,NA,NA,NA,NA,NA,NA,NA,NA,NA,NA,NA,NA,NA
Nicaragua,2022,COE,auction,NA,https://allianceforcoffeeexcellence.org/nicaragua-2022/,2,Totals:,,,15020.1,"Auction Average $/lb
$8.85/lb","Total Auction Value
$132,894.87",,NA,success,NA,NA,NA,NA,NA,NA,NA,NA,NA,NA,NA,NA,NA,NA,NA,NA,NA,NA,NA,NA,NA,NA,NA,NA,NA,NA,NA,NA,NA,NA,NA,NA,NA,NA,NA,NA,NA,NA,NA,NA,NA,NA,NA,NA,NA,NA,NA,NA,NA,NA,NA,NA,NA,NA,NA,NA,NA,NA
Nicaragua,2022,NW,auction,NA,https://allianceforcoffeeexcellence.org/nicaragua-2022/,4,NW,NA,86.88,520.91,NA,"$          2,239.91",NA,NA,success,NA,NA,NA,NA,NA,NA,NA,NA,NA,NA,NA,"cafe DAZAC, Eungubiro Roasters, Crema Costa",NA,Las Hortensias,$            4.30,NA,NA,NA,NA,NA,NA,NA,NA,NA,NA,NA,NA,NA,NA,NA,NA,NA,NA,NA,NA,NA,NA,NA,NA,NA,NA,NA,NA,NA,NA,NA,NA,NA,NA,NA,NA,NA,NA,NA,NA,NA,NA,NA
Nicaragua,2022,NW,auction,NA,https://allianceforcoffeeexcellence.org/nicaragua-2022/,4,NW,NA,86.82,462.97,NA,"$          2,037.07",NA,NA,success,NA,NA,NA,NA,NA,NA,NA,NA,NA,NA,NA,"cafe DAZAC, Eungubiro Roasters, Crema Costa",NA,Dios Todopoderoso,$            4.40,NA,NA,NA,NA,NA,NA,NA,NA,NA,NA,NA,NA,NA,NA,NA,NA,NA,NA,NA,NA,NA,NA,NA,NA,NA,NA,NA,NA,NA,NA,NA,NA,NA,NA,NA,NA,NA,NA,NA,NA,NA,NA,NA
Nicaragua,2022,NW,auction,NA,https://allianceforcoffeeexcellence.org/nicaragua-2022/,4,NW,NA,86.79,521.91,NA,"$          2,244.21",NA,NA,success,NA,NA,NA,NA,NA,NA,NA,NA,NA,NA,NA,"cafe DAZAC, Eungubiro Roasters, Crema Costa",NA,Los Altiplanos Datanli,$            4.30,NA,NA,NA,NA,NA,NA,NA,NA,NA,NA,NA,NA,NA,NA,NA,NA,NA,NA,NA,NA,NA,NA,NA,NA,NA,NA,NA,NA,NA,NA,NA,NA,NA,NA,NA,NA,NA,NA,NA,NA,NA,NA,NA
Nicaragua,2022,NW,auction,NA,https://allianceforcoffeeexcellence.org/nicaragua-2022/,4,NW,NA,86.68,462.97,NA,"$          2,175.96",NA,NA,success,NA,NA,NA,NA,NA,NA,NA,NA,NA,NA,NA,Sweet Spot,NA,Agua Sarca,$            4.70,NA,NA,NA,NA,NA,NA,NA,NA,NA,NA,NA,NA,NA,NA,NA,NA,NA,NA,NA,NA,NA,NA,NA,NA,NA,NA,NA,NA,NA,NA,NA,NA,NA,NA,NA,NA,NA,NA,NA,NA,NA,NA,NA
Nicaragua,2022,NW,auction,NA,https://allianceforcoffeeexcellence.org/nicaragua-2022/,4,NW,NA,86.26,661.39,NA,"$          2,711.70",NA,NA,success,NA,NA,NA,NA,NA,NA,NA,NA,NA,NA,NA,Pedestrian Coffee,NA,Ina Occidental,$            4.10,NA,NA,NA,NA,NA,NA,NA,NA,NA,NA,NA,NA,NA,NA,NA,NA,NA,NA,NA,NA,NA,NA,NA,NA,NA,NA,NA,NA,NA,NA,NA,NA,NA,NA,NA,NA,NA,NA,NA,NA,NA,NA,NA
Nicaragua,2022,NW,auction,NA,https://allianceforcoffeeexcellence.org/nicaragua-2022/,4,NW,NA,Totals:,2630.15,NA,"Total Auction Value
$ 11,408.85",NA,NA,success,NA,NA,NA,NA,NA,NA,NA,NA,NA,NA,NA,,NA,,"Auction Average $/lb
$ 4.36",NA,NA,NA,NA,NA,NA,NA,NA,NA,NA,NA,NA,NA,NA,NA,NA,NA,NA,NA,NA,NA,NA,NA,NA,NA,NA,NA,NA,NA,NA,NA,NA,NA,NA,NA,NA,NA,NA,NA,NA,NA,NA,NA
Peru,2022,COE,auction,NA,https://allianceforcoffeeexcellence.org/peru-2022/,2,1a,NA,90.39,"363,76",NA,"$27,282.00",NA,NA,success,NA,NA,NA,NA,NA,NA,NA,NA,NA,LA BOLA,$75.00,"AROMA GROUP, 1:2 Coffee Company,
Drippin Coffee Roasters,Drippin Coffee Roasters, Vela Ethan International Co., Ltd.",Thailand,NA,NA,NA,NA,NA,NA,NA,NA,NA,NA,NA,NA,NA,NA,NA,NA,NA,NA,NA,NA,NA,NA,NA,NA,NA,NA,NA,NA,NA,NA,NA,NA,NA,NA,NA,NA,NA,NA,NA,NA,NA,NA,NA,NA,NA
Peru,2022,COE,auction,NA,https://allianceforcoffeeexcellence.org/peru-2022/,2,1b,NA,90.39,"264,55",NA,"$20,767.18",NA,NA,success,NA,NA,NA,NA,NA,NA,NA,NA,NA,LA BOLA,$78.50,Snow Beans Coffee,Japan,NA,NA,NA,NA,NA,NA,NA,NA,NA,NA,NA,NA,NA,NA,NA,NA,NA,NA,NA,NA,NA,NA,NA,NA,NA,NA,NA,NA,NA,NA,NA,NA,NA,NA,NA,NA,NA,NA,NA,NA,NA,NA,NA,NA,NA
Peru,2022,COE,auction,NA,https://allianceforcoffeeexcellence.org/peru-2022/,2,2a,NA,90.25,"381,66",NA,"$11,602.46",NA,NA,success,NA,NA,NA,NA,NA,NA,NA,NA,NA,SAN SEBASTIAN,$30.40,Orsir Coffee and TRN( Taiwan Roasters Network),Taiwan,NA,NA,NA,NA,NA,NA,NA,NA,NA,NA,NA,NA,NA,NA,NA,NA,NA,NA,NA,NA,NA,NA,NA,NA,NA,NA,NA,NA,NA,NA,NA,NA,NA,NA,NA,NA,NA,NA,NA,NA,NA,NA,NA,NA,NA
Peru,2022,COE,auction,NA,https://allianceforcoffeeexcellence.org/peru-2022/,2,2b,NA,90.25,"264,55",NA,"$8,015.56",NA,NA,success,NA,NA,NA,NA,NA,NA,NA,NA,NA,SAN SEBASTIAN,$30.30,Coffee Libre,South Korea,NA,NA,NA,NA,NA,NA,NA,NA,NA,NA,NA,NA,NA,NA,NA,NA,NA,NA,NA,NA,NA,NA,NA,NA,NA,NA,NA,NA,NA,NA,NA,NA,NA,NA,NA,NA,NA,NA,NA,NA,NA,NA,NA,NA,NA
Peru,2022,COE,auction,NA,https://allianceforcoffeeexcellence.org/peru-2022/,2,3a,NA,90,"306,13",NA,"$9,214.51",NA,NA,success,NA,NA,NA,NA,NA,NA,NA,NA,NA,EL CERRO,$30.10,YN coffee,USA,NA,NA,NA,NA,NA,NA,NA,NA,NA,NA,NA,NA,NA,NA,NA,NA,NA,NA,NA,NA,NA,NA,NA,NA,NA,NA,NA,NA,NA,NA,NA,NA,NA,NA,NA,NA,NA,NA,NA,NA,NA,NA,NA,NA,NA
Peru,2022,COE,auction,NA,https://allianceforcoffeeexcellence.org/peru-2022/,2,3b,NA,90,"264,55",NA,"$8,333.33",NA,NA,success,NA,NA,NA,NA,NA,NA,NA,NA,NA,EL CERRO,$31.50,"AROMA GROUP,1:2 Coffee Company, Drippin Coffee Roasters, Vela Ethan International Co., Ltd.",Thailand,NA,NA,NA,NA,NA,NA,NA,NA,NA,NA,NA,NA,NA,NA,NA,NA,NA,NA,NA,NA,NA,NA,NA,NA,NA,NA,NA,NA,NA,NA,NA,NA,NA,NA,NA,NA,NA,NA,NA,NA,NA,NA,NA,NA,NA
Peru,2022,COE,auction,NA,https://allianceforcoffeeexcellence.org/peru-2022/,2,4,NA,89.8,"595,25",NA,"$9,464.48",NA,NA,success,NA,NA,NA,NA,NA,NA,NA,NA,NA,CHIRILOMA,$15.90,"NANJING ECO FARM TRADING CO., LTD. / Cut Hand Group (剁手咖啡群) / Kinglo Coffee（轻乐咖）/ 有容乃大Small Arms Big Heart / Title coffee / 啟程拓殖 TerraformCoffee / KOMENCU Coffee(广州启程)",China,NA,NA,NA,NA,NA,NA,NA,NA,NA,NA,NA,NA,NA,NA,NA,NA,NA,NA,NA,NA,NA,NA,NA,NA,NA,NA,NA,NA,NA,NA,NA,NA,NA,NA,NA,NA,NA,NA,NA,NA,NA,NA,NA,NA,NA
Peru,2022,COE,auction,NA,https://allianceforcoffeeexcellence.org/peru-2022/,2,5,NA,89.66,"584,82",NA,"$8,012.03",NA,NA,success,NA,NA,NA,NA,NA,NA,NA,NA,NA,FUNDO PUQUIOPATA,$13.70,terarosa,South Korea,NA,NA,NA,NA,NA,NA,NA,NA,NA,NA,NA,NA,NA,NA,NA,NA,NA,NA,NA,NA,NA,NA,NA,NA,NA,NA,NA,NA,NA,NA,NA,NA,NA,NA,NA,NA,NA,NA,NA,NA,NA,NA,NA,NA,NA
Peru,2022,COE,auction,NA,https://allianceforcoffeeexcellence.org/peru-2022/,2,6,NA,89.46,"637,25",NA,"$12,872.45",NA,NA,success,NA,NA,NA,NA,NA,NA,NA,NA,NA,BELLO HORIZONTE,$20.20,"Songdo Coffee(South Korea), Studio Caffeine(Hong Kong), WAVY COFFEE ROASTERS(Japan), Big Black Box(Thailand), Bean & Bean(USA)",South Korea,NA,NA,NA,NA,NA,NA,NA,NA,NA,NA,NA,NA,NA,NA,NA,NA,NA,NA,NA,NA,NA,NA,NA,NA,NA,NA,NA,NA,NA,NA,NA,NA,NA,NA,NA,NA,NA,NA,NA,NA,NA,NA,NA,NA,NA
Peru,2022,COE,auction,NA,https://allianceforcoffeeexcellence.org/peru-2022/,2,7,NA,89.3,"591,79",NA,"$7,101.48",NA,NA,success,NA,NA,NA,NA,NA,NA,NA,NA,NA,ALTO MORERILLO,$12.00,"Wataru & Co., Ltd.",Japan,NA,NA,NA,NA,NA,NA,NA,NA,NA,NA,NA,NA,NA,NA,NA,NA,NA,NA,NA,NA,NA,NA,NA,NA,NA,NA,NA,NA,NA,NA,NA,NA,NA,NA,NA,NA,NA,NA,NA,NA,NA,NA,NA,NA,NA
Peru,2022,COE,auction,NA,https://allianceforcoffeeexcellence.org/peru-2022/,2,8,NA,89.02,"631,78",NA,"$12,761.96",NA,NA,success,NA,NA,NA,NA,NA,NA,NA,NA,NA,NUEVO PROGRESO,$20.20,"Coffee Montage, coffeeTemple, rbhcoffee, FEBRUARY ROASTERS, 502 Coffee Roasters, DeepBlueLake
, COFFEE PLACE, HYANGMISA, No Doubt",South Korea,NA,NA,NA,NA,NA,NA,NA,NA,NA,NA,NA,NA,NA,NA,NA,NA,NA,NA,NA,NA,NA,NA,NA,NA,NA,NA,NA,NA,NA,NA,NA,NA,NA,NA,NA,NA,NA,NA,NA,NA,NA,NA,NA,NA,NA
Peru,2022,COE,auction,NA,https://allianceforcoffeeexcellence.org/peru-2022/,2,9,NA,88.89,"595,25",NA,"$9,285.90",NA,NA,success,NA,NA,NA,NA,NA,NA,NA,NA,NA,SILLAPATA,$15.60,Linking Coffee,Taiwan,NA,NA,NA,NA,NA,NA,NA,NA,NA,NA,NA,NA,NA,NA,NA,NA,NA,NA,NA,NA,NA,NA,NA,NA,NA,NA,NA,NA,NA,NA,NA,NA,NA,NA,NA,NA,NA,NA,NA,NA,NA,NA,NA,NA,NA
Peru,2022,COE,auction,NA,https://allianceforcoffeeexcellence.org/peru-2022/,2,10,NA,88.48,"556,34",NA,"$8,400.73",NA,NA,success,NA,NA,NA,NA,NA,NA,NA,NA,NA,PALTOS A,$15.10,Orsir Coffee and TRN( Taiwan Roasters Network),Taiwan,NA,NA,NA,NA,NA,NA,NA,NA,NA,NA,NA,NA,NA,NA,NA,NA,NA,NA,NA,NA,NA,NA,NA,NA,NA,NA,NA,NA,NA,NA,NA,NA,NA,NA,NA,NA,NA,NA,NA,NA,NA,NA,NA,NA,NA
Peru,2022,COE,auction,NA,https://allianceforcoffeeexcellence.org/peru-2022/,2,11,NA,88.13,"595,25",NA,"$8,988.28",NA,NA,success,NA,NA,NA,NA,NA,NA,NA,NA,NA,CEDRUYOC,$15.10,M.I.Coffee Corporation,South Korea,NA,NA,NA,NA,NA,NA,NA,NA,NA,NA,NA,NA,NA,NA,NA,NA,NA,NA,NA,NA,NA,NA,NA,NA,NA,NA,NA,NA,NA,NA,NA,NA,NA,NA,NA,NA,NA,NA,NA,NA,NA,NA,NA,NA,NA
Peru,2022,COE,auction,NA,https://allianceforcoffeeexcellence.org/peru-2022/,2,12,NA,88.08,"621,92",NA,"$9,328.80",NA,NA,success,NA,NA,NA,NA,NA,NA,NA,NA,NA,LA MARAGARITA COFFEE RESERVE,$15.00,"AROMA GROUP, 1:2 Coffee Company, Drippin Coffee Roasters",Thailand,NA,NA,NA,NA,NA,NA,NA,NA,NA,NA,NA,NA,NA,NA,NA,NA,NA,NA,NA,NA,NA,NA,NA,NA,NA,NA,NA,NA,NA,NA,NA,NA,NA,NA,NA,NA,NA,NA,NA,NA,NA,NA,NA,NA,NA
Peru,2022,COE,auction,NA,https://allianceforcoffeeexcellence.org/peru-2022/,2,13,NA,88.08,"636,78",NA,"$9,551.70",NA,NA,success,NA,NA,NA,NA,NA,NA,NA,NA,NA,SANTA MONICA,$15.00,Urth Caffe,USA,NA,NA,NA,NA,NA,NA,NA,NA,NA,NA,NA,NA,NA,NA,NA,NA,NA,NA,NA,NA,NA,NA,NA,NA,NA,NA,NA,NA,NA,NA,NA,NA,NA,NA,NA,NA,NA,NA,NA,NA,NA,NA,NA,NA,NA
Peru,2022,COE,auction,NA,https://allianceforcoffeeexcellence.org/peru-2022/,2,14,NA,88,"706,60",NA,"$8,408.54",NA,NA,success,NA,NA,NA,NA,NA,NA,NA,NA,NA,LA PALMA,$11.90,Caffeinelab Coffee Roasters,Saudi Arabia,NA,NA,NA,NA,NA,NA,NA,NA,NA,NA,NA,NA,NA,NA,NA,NA,NA,NA,NA,NA,NA,NA,NA,NA,NA,NA,NA,NA,NA,NA,NA,NA,NA,NA,NA,NA,NA,NA,NA,NA,NA,NA,NA,NA,NA
Peru,2022,COE,auction,NA,https://allianceforcoffeeexcellence.org/peru-2022/,2,15,NA,88,"675,54",NA,"$7,295.83",NA,NA,success,NA,NA,NA,NA,NA,NA,NA,NA,NA,LA PALMA,$10.80,"Wataru & Co., Ltd.",Japan,NA,NA,NA,NA,NA,NA,NA,NA,NA,NA,NA,NA,NA,NA,NA,NA,NA,NA,NA,NA,NA,NA,NA,NA,NA,NA,NA,NA,NA,NA,NA,NA,NA,NA,NA,NA,NA,NA,NA,NA,NA,NA,NA,NA,NA
Peru,2022,COE,auction,NA,https://allianceforcoffeeexcellence.org/peru-2022/,2,16,NA,87.77,"618,22",NA,"$6,862.13",NA,NA,success,NA,NA,NA,NA,NA,NA,NA,NA,NA,LA BERENJENA,$11.10,"Wataru & Co., Ltd.",Japan,NA,NA,NA,NA,NA,NA,NA,NA,NA,NA,NA,NA,NA,NA,NA,NA,NA,NA,NA,NA,NA,NA,NA,NA,NA,NA,NA,NA,NA,NA,NA,NA,NA,NA,NA,NA,NA,NA,NA,NA,NA,NA,NA,NA,NA
Peru,2022,COE,auction,NA,https://allianceforcoffeeexcellence.org/peru-2022/,2,17,NA,87.6,595.25,NA,"$7,083.48",NA,NA,success,NA,NA,NA,NA,NA,NA,NA,NA,NA,EXPERIMENTAL CANDELARIA,$11.90,NOZY COFFEE,Japan,NA,NA,NA,NA,NA,NA,NA,NA,NA,NA,NA,NA,NA,NA,NA,NA,NA,NA,NA,NA,NA,NA,NA,NA,NA,NA,NA,NA,NA,NA,NA,NA,NA,NA,NA,NA,NA,NA,NA,NA,NA,NA,NA,NA,NA
Peru,2022,COE,auction,NA,https://allianceforcoffeeexcellence.org/peru-2022/,2,18,NA,87.5,"620,51",NA,"$8,500.99",NA,NA,success,NA,NA,NA,NA,NA,NA,NA,NA,NA,SANTA MONICA,$13.70,NOZY COFFEE,Japan,NA,NA,NA,NA,NA,NA,NA,NA,NA,NA,NA,NA,NA,NA,NA,NA,NA,NA,NA,NA,NA,NA,NA,NA,NA,NA,NA,NA,NA,NA,NA,NA,NA,NA,NA,NA,NA,NA,NA,NA,NA,NA,NA,NA,NA
Peru,2022,COE,auction,NA,https://allianceforcoffeeexcellence.org/peru-2022/,2,19,NA,87.5,"659,49",NA,"$7,979.83",NA,NA,success,NA,NA,NA,NA,NA,NA,NA,NA,NA,LAS ETIOPES,$12.10,KAFFEBRENNERIET AS,Norway,NA,NA,NA,NA,NA,NA,NA,NA,NA,NA,NA,NA,NA,NA,NA,NA,NA,NA,NA,NA,NA,NA,NA,NA,NA,NA,NA,NA,NA,NA,NA,NA,NA,NA,NA,NA,NA,NA,NA,NA,NA,NA,NA,NA,NA
Peru,2022,COE,auction,NA,https://allianceforcoffeeexcellence.org/peru-2022/,2,20,NA,87.5,"783,83",NA,"$9,405.96",NA,NA,success,NA,NA,NA,NA,NA,NA,NA,NA,NA,EL JAZMIN,$12.00,Urth Caffe,USA,NA,NA,NA,NA,NA,NA,NA,NA,NA,NA,NA,NA,NA,NA,NA,NA,NA,NA,NA,NA,NA,NA,NA,NA,NA,NA,NA,NA,NA,NA,NA,NA,NA,NA,NA,NA,NA,NA,NA,NA,NA,NA,NA,NA,NA
Peru,2022,COE,auction,NA,https://allianceforcoffeeexcellence.org/peru-2022/,2,21,NA,87.42,"575,82",NA,"$8,694.88",NA,NA,success,NA,NA,NA,NA,NA,NA,NA,NA,NA,EL CEDRO,$15.10,"Saerin co.,Ltd(MGPG)",South Korea,NA,NA,NA,NA,NA,NA,NA,NA,NA,NA,NA,NA,NA,NA,NA,NA,NA,NA,NA,NA,NA,NA,NA,NA,NA,NA,NA,NA,NA,NA,NA,NA,NA,NA,NA,NA,NA,NA,NA,NA,NA,NA,NA,NA,NA
Peru,2022,COE,auction,NA,https://allianceforcoffeeexcellence.org/peru-2022/,2,22,NA,87.42,"706,23",NA,"$8,545.38",NA,NA,success,NA,NA,NA,NA,NA,NA,NA,NA,NA,CAMINOS DEL INCA,$12.10,honu加藤珈琲店株式会社,Japan,NA,NA,NA,NA,NA,NA,NA,NA,NA,NA,NA,NA,NA,NA,NA,NA,NA,NA,NA,NA,NA,NA,NA,NA,NA,NA,NA,NA,NA,NA,NA,NA,NA,NA,NA,NA,NA,NA,NA,NA,NA,NA,NA,NA,NA
Peru,2022,COE,auction,NA,https://allianceforcoffeeexcellence.org/peru-2022/,2,23,NA,87.42,"608,28",NA,"$9,185.03",NA,NA,success,NA,NA,NA,NA,NA,NA,NA,NA,NA,LA MARAGARITA COFFEE RESERVE,$15.10,"Wataru & Co., Ltd.",Japan,NA,NA,NA,NA,NA,NA,NA,NA,NA,NA,NA,NA,NA,NA,NA,NA,NA,NA,NA,NA,NA,NA,NA,NA,NA,NA,NA,NA,NA,NA,NA,NA,NA,NA,NA,NA,NA,NA,NA,NA,NA,NA,NA,NA,NA
Peru,2022,COE,auction,NA,https://allianceforcoffeeexcellence.org/peru-2022/,2,24,NA,87.42,"411,49",NA,"$6,213.50",NA,NA,success,NA,NA,NA,NA,NA,NA,NA,NA,NA,LA NARANJA,$15.10,Wataru for Voila Coffee,Japan,NA,NA,NA,NA,NA,NA,NA,NA,NA,NA,NA,NA,NA,NA,NA,NA,NA,NA,NA,NA,NA,NA,NA,NA,NA,NA,NA,NA,NA,NA,NA,NA,NA,NA,NA,NA,NA,NA,NA,NA,NA,NA,NA,NA,NA
Peru,2022,COE,auction,NA,https://allianceforcoffeeexcellence.org/peru-2022/,2,25,NA,87.38,"595,25",NA,"$7,202.53",NA,NA,success,NA,NA,NA,NA,NA,NA,NA,NA,NA,SAN CARLOS,$12.10,NOZY COFFEE,Japan,NA,NA,NA,NA,NA,NA,NA,NA,NA,NA,NA,NA,NA,NA,NA,NA,NA,NA,NA,NA,NA,NA,NA,NA,NA,NA,NA,NA,NA,NA,NA,NA,NA,NA,NA,NA,NA,NA,NA,NA,NA,NA,NA,NA,NA
Peru,2022,COE,auction,NA,https://allianceforcoffeeexcellence.org/peru-2022/,2,26,NA,87.31,"619,50",NA,"$7,681.68",NA,NA,success,NA,NA,NA,NA,NA,NA,NA,NA,NA,NUEVA ZELANDIA,$12.40,Linking Coffee,Taiwan,NA,NA,NA,NA,NA,NA,NA,NA,NA,NA,NA,NA,NA,NA,NA,NA,NA,NA,NA,NA,NA,NA,NA,NA,NA,NA,NA,NA,NA,NA,NA,NA,NA,NA,NA,NA,NA,NA,NA,NA,NA,NA,NA,NA,NA
Peru,2022,COE,auction,NA,https://allianceforcoffeeexcellence.org/peru-2022/,2,27,NA,87.17,"529,11",NA,"$6,402.11",NA,NA,success,NA,NA,NA,NA,NA,NA,NA,NA,NA,EL ZAPOTE,$12.10,Campos Coffee,Australia,NA,NA,NA,NA,NA,NA,NA,NA,NA,NA,NA,NA,NA,NA,NA,NA,NA,NA,NA,NA,NA,NA,NA,NA,NA,NA,NA,NA,NA,NA,NA,NA,NA,NA,NA,NA,NA,NA,NA,NA,NA,NA,NA,NA,NA
Peru,2022,COE,auction,NA,https://allianceforcoffeeexcellence.org/peru-2022/,2,28,NA,87.12,"621,70",NA,"$5,595.21",NA,NA,success,NA,NA,NA,NA,NA,NA,NA,NA,NA,FINCA EL MORITO S.R.L,$9.00,"Wataru & Co., Ltd.",Japan,NA,NA,NA,NA,NA,NA,NA,NA,NA,NA,NA,NA,NA,NA,NA,NA,NA,NA,NA,NA,NA,NA,NA,NA,NA,NA,NA,NA,NA,NA,NA,NA,NA,NA,NA,NA,NA,NA,NA,NA,NA,NA,NA,NA,NA
Peru,2022,COE,auction,NA,https://allianceforcoffeeexcellence.org/peru-2022/,2,29,NA,87.04,"616,94",NA,"$7,464.97",NA,NA,success,NA,NA,NA,NA,NA,NA,NA,NA,NA,PROGRESO,$12.10,Kyokuto Fadie Corporation,Japan,NA,NA,NA,NA,NA,NA,NA,NA,NA,NA,NA,NA,NA,NA,NA,NA,NA,NA,NA,NA,NA,NA,NA,NA,NA,NA,NA,NA,NA,NA,NA,NA,NA,NA,NA,NA,NA,NA,NA,NA,NA,NA,NA,NA,NA
Peru,2022,COE,auction,NA,https://allianceforcoffeeexcellence.org/peru-2022/,2,Totals:,NA,,595.25,NA,"Total Auction Value
$303,504.90",NA,NA,success,NA,NA,NA,NA,NA,NA,NA,NA,NA,,"Auction Average $/Lb
$19.76",,,NA,NA,NA,NA,NA,NA,NA,NA,NA,NA,NA,NA,NA,NA,NA,NA,NA,NA,NA,NA,NA,NA,NA,NA,NA,NA,NA,NA,NA,NA,NA,NA,NA,NA,NA,NA,NA,NA,NA,NA,NA,NA,NA,NA,NA
Brazil,2023,COE,auction,Experimental,https://allianceforcoffeeexcellence.org/brazil-2023/,4,NA,FAZENDA RIO VERDE,"91,32","330,69",NA,NA,NA,NA,success,NA,NA,NA,NA,NA,NA,NA,NA,NA,NA,NA,DECAMERON COFFEE,NA,NA,NA,NA,1,"$50,50","$16.699,85",China,NA,NA,NA,NA,NA,NA,NA,NA,NA,NA,NA,NA,NA,NA,NA,NA,NA,NA,NA,NA,NA,NA,NA,NA,NA,NA,NA,NA,NA,NA,NA,NA,NA,NA,NA,NA,NA,NA
Brazil,2023,COE,auction,Experimental,https://allianceforcoffeeexcellence.org/brazil-2023/,4,NA,ECOAGRÍCOLA CAFE,"89,88","793,66",NA,NA,NA,NA,success,NA,NA,NA,NA,NA,NA,NA,NA,NA,NA,NA,"Dabov Specialty Coffee. Coffee Me Up (Korea), Coffee Therapy (Thailand)",NA,NA,NA,NA,2,"$11,70","$9.285,82",Bulgaria,NA,NA,NA,NA,NA,NA,NA,NA,NA,NA,NA,NA,NA,NA,NA,NA,NA,NA,NA,NA,NA,NA,NA,NA,NA,NA,NA,NA,NA,NA,NA,NA,NA,NA,NA,NA,NA,NA
Brazil,2023,COE,auction,Experimental,https://allianceforcoffeeexcellence.org/brazil-2023/,4,NA,FAZENDA CAMPO ALEGRE,"89,85","330,69",NA,NA,NA,NA,success,NA,NA,NA,NA,NA,NA,NA,NA,NA,NA,NA,Campos Coffee,NA,NA,NA,NA,3,"$16,05","$5.307,57",Australia,NA,NA,NA,NA,NA,NA,NA,NA,NA,NA,NA,NA,NA,NA,NA,NA,NA,NA,NA,NA,NA,NA,NA,NA,NA,NA,NA,NA,NA,NA,NA,NA,NA,NA,NA,NA,NA,NA
Brazil,2023,COE,auction,Experimental,https://allianceforcoffeeexcellence.org/brazil-2023/,4,NA,FAZENDA SANTO ANTÔNIO,"88,79","396,83",NA,NA,NA,NA,success,NA,NA,NA,NA,NA,NA,NA,NA,NA,NA,NA,"Idle Hands Roasting Co., Casa Brasil, Lucca Cafés Especiais, One to Two Coffee",NA,NA,NA,NA,4,"$12,45","$4.940,53",United States of America,NA,NA,NA,NA,NA,NA,NA,NA,NA,NA,NA,NA,NA,NA,NA,NA,NA,NA,NA,NA,NA,NA,NA,NA,NA,NA,NA,NA,NA,NA,NA,NA,NA,NA,NA,NA,NA,NA
Brazil,2023,COE,auction,Experimental,https://allianceforcoffeeexcellence.org/brazil-2023/,4,NA,FAZENDA IRMÃS PEREIRA II,"88,76","363,76",NA,NA,NA,NA,success,NA,NA,NA,NA,NA,NA,NA,NA,NA,NA,NA,REHM SPECIALTY COFFEE IMPORTERS,NA,NA,NA,NA,5,"$12,10","$4.401,50",Germany,NA,NA,NA,NA,NA,NA,NA,NA,NA,NA,NA,NA,NA,NA,NA,NA,NA,NA,NA,NA,NA,NA,NA,NA,NA,NA,NA,NA,NA,NA,NA,NA,NA,NA,NA,NA,NA,NA
Brazil,2023,COE,auction,Experimental,https://allianceforcoffeeexcellence.org/brazil-2023/,4,NA,PAIOLINHO,"87,62","396,83",NA,NA,NA,NA,success,NA,NA,NA,NA,NA,NA,NA,NA,NA,NA,NA,Kyokuto Fadie Corporation,NA,NA,NA,NA,6,"$18,10","$7.182,62",Japan,NA,NA,NA,NA,NA,NA,NA,NA,NA,NA,NA,NA,NA,NA,NA,NA,NA,NA,NA,NA,NA,NA,NA,NA,NA,NA,NA,NA,NA,NA,NA,NA,NA,NA,NA,NA,NA,NA
Brazil,2023,COE,auction,Experimental,https://allianceforcoffeeexcellence.org/brazil-2023/,4,NA,SÍTIO AGUAS CLARAS,"87,41","793,66",NA,NA,NA,NA,success,NA,NA,NA,NA,NA,NA,NA,NA,NA,NA,NA,"KALDI COFFEE FARM (CAMEL COFFEE CO.,LTD.)",NA,NA,NA,NA,7,"$11,60","$9.206,46",Japan,NA,NA,NA,NA,NA,NA,NA,NA,NA,NA,NA,NA,NA,NA,NA,NA,NA,NA,NA,NA,NA,NA,NA,NA,NA,NA,NA,NA,NA,NA,NA,NA,NA,NA,NA,NA,NA,NA
Brazil,2023,COE,auction,Experimental,https://allianceforcoffeeexcellence.org/brazil-2023/,4,NA,FAZENDA BELA VISTA,"87,38","793,66",NA,NA,NA,NA,success,NA,NA,NA,NA,NA,NA,NA,NA,NA,NA,NA,"Wataru & Co., Ltd.",NA,NA,NA,NA,8,"$11,45","$9.087,41",Japan,NA,NA,NA,NA,NA,NA,NA,NA,NA,NA,NA,NA,NA,NA,NA,NA,NA,NA,NA,NA,NA,NA,NA,NA,NA,NA,NA,NA,NA,NA,NA,NA,NA,NA,NA,NA,NA,NA
Brazil,2023,COE,auction,Experimental,https://allianceforcoffeeexcellence.org/brazil-2023/,4,NA,FAZENDA LAGOA DOS ESTULANOS,"87,38","396,83",NA,NA,NA,NA,success,NA,NA,NA,NA,NA,NA,NA,NA,NA,NA,NA,Brew92,NA,NA,NA,NA,9,"$11,70","$4.642,91",Saudi Arabia,NA,NA,NA,NA,NA,NA,NA,NA,NA,NA,NA,NA,NA,NA,NA,NA,NA,NA,NA,NA,NA,NA,NA,NA,NA,NA,NA,NA,NA,NA,NA,NA,NA,NA,NA,NA,NA,NA
Brazil,2023,COE,auction,Experimental,https://allianceforcoffeeexcellence.org/brazil-2023/,4,NA,FAZENDA ÁGUA LIMPA,"87,24","396,83",NA,NA,NA,NA,success,NA,NA,NA,NA,NA,NA,NA,NA,NA,NA,NA,"Wataru & Co., Ltd.",NA,NA,NA,NA,10,"$11,65","$4.623,07",Japan,NA,NA,NA,NA,NA,NA,NA,NA,NA,NA,NA,NA,NA,NA,NA,NA,NA,NA,NA,NA,NA,NA,NA,NA,NA,NA,NA,NA,NA,NA,NA,NA,NA,NA,NA,NA,NA,NA
Brazil,2023,COE,auction,Dry,https://allianceforcoffeeexcellence.org/brazil-2023/,5,NA,FAZENDA RAINHA,"91,38","396,83",NA,NA,NA,NA,success,NA,NA,NA,NA,NA,NA,NA,NA,NA,NA,NA,SARUTAHIKO COFFEE,NA,NA,NA,NA,1,"$130,30","$51.706,95",Japan,NA,NA,NA,NA,NA,NA,NA,NA,NA,NA,NA,NA,NA,NA,NA,NA,NA,NA,NA,NA,NA,NA,NA,NA,NA,NA,NA,NA,NA,NA,NA,NA,NA,NA,NA,NA,NA,NA
Brazil,2023,COE,auction,Dry,https://allianceforcoffeeexcellence.org/brazil-2023/,5,NA,SÃO GERALDO,"90,12","529,11",NA,NA,NA,NA,success,NA,NA,NA,NA,NA,NA,NA,NA,NA,NA,NA,REHM SPECIALTY COFFEE IMPORTERS,NA,NA,NA,NA,2,"$19,00","$10.053,09",Germany,NA,NA,NA,NA,NA,NA,NA,NA,NA,NA,NA,NA,NA,NA,NA,NA,NA,NA,NA,NA,NA,NA,NA,NA,NA,NA,NA,NA,NA,NA,NA,NA,NA,NA,NA,NA,NA,NA
Brazil,2023,COE,auction,Dry,https://allianceforcoffeeexcellence.org/brazil-2023/,5,NA,SÍTIO SANTA LUZIA,"90,06","396,83",NA,NA,NA,NA,success,NA,NA,NA,NA,NA,NA,NA,NA,NA,NA,NA,Proud Mary and Bean & Bean Coffee (NYC),NA,NA,NA,NA,3,"$33,30","$13.214,44",Australia,NA,NA,NA,NA,NA,NA,NA,NA,NA,NA,NA,NA,NA,NA,NA,NA,NA,NA,NA,NA,NA,NA,NA,NA,NA,NA,NA,NA,NA,NA,NA,NA,NA,NA,NA,NA,NA,NA
Brazil,2023,COE,auction,Dry,https://allianceforcoffeeexcellence.org/brazil-2023/,5,NA,FAZENDA RECREIO,"89,38","330,69",NA,NA,NA,NA,success,NA,NA,NA,NA,NA,NA,NA,NA,NA,NA,NA,"KALDI COFFEE FARM (CAMEL COFFEE CO.,LTD.)",NA,NA,NA,NA,4,"$24,30","$8.035,77",Japan,NA,NA,NA,NA,NA,NA,NA,NA,NA,NA,NA,NA,NA,NA,NA,NA,NA,NA,NA,NA,NA,NA,NA,NA,NA,NA,NA,NA,NA,NA,NA,NA,NA,NA,NA,NA,NA,NA
Brazil,2023,COE,auction,Dry,https://allianceforcoffeeexcellence.org/brazil-2023/,5,NA,CASA BRÁS,"88,94","396,83",NA,NA,NA,NA,success,NA,NA,NA,NA,NA,NA,NA,NA,NA,NA,NA,"Xiamen Doowell Ocean Biotechnology Co., Ltd.",NA,NA,NA,NA,5,"$20,10","$7.976,28",China,NA,NA,NA,NA,NA,NA,NA,NA,NA,NA,NA,NA,NA,NA,NA,NA,NA,NA,NA,NA,NA,NA,NA,NA,NA,NA,NA,NA,NA,NA,NA,NA,NA,NA,NA,NA,NA,NA
Brazil,2023,COE,auction,Dry,https://allianceforcoffeeexcellence.org/brazil-2023/,5,NA,SANTUÁRIO SUL,"88,21","396,83",NA,NA,NA,NA,success,NA,NA,NA,NA,NA,NA,NA,NA,NA,NA,NA,"Proud Mary, Supremo Coffee",NA,NA,NA,NA,6,"$28,40","$11.269,97",Australia,NA,NA,NA,NA,NA,NA,NA,NA,NA,NA,NA,NA,NA,NA,NA,NA,NA,NA,NA,NA,NA,NA,NA,NA,NA,NA,NA,NA,NA,NA,NA,NA,NA,NA,NA,NA,NA,NA
Brazil,2023,COE,auction,Dry,https://allianceforcoffeeexcellence.org/brazil-2023/,5,NA,ECOAGRÍCOLA CAFE,"88,15","793,66",NA,NA,NA,NA,success,NA,NA,NA,NA,NA,NA,NA,NA,NA,NA,NA,"Kyokuto Fadie Corporation, Coffee Libre, Time’s Club",NA,NA,NA,NA,7,"$13,25","$10.516,00",Japan,NA,NA,NA,NA,NA,NA,NA,NA,NA,NA,NA,NA,NA,NA,NA,NA,NA,NA,NA,NA,NA,NA,NA,NA,NA,NA,NA,NA,NA,NA,NA,NA,NA,NA,NA,NA,NA,NA
Brazil,2023,COE,auction,Dry,https://allianceforcoffeeexcellence.org/brazil-2023/,5,NA,PEDRA BRANCA,"88,00","396,83",NA,NA,NA,NA,success,NA,NA,NA,NA,NA,NA,NA,NA,NA,NA,NA,BPC for Coffee Fie,NA,NA,NA,NA,8,"$11,80","$4.682,59",South Korea,NA,NA,NA,NA,NA,NA,NA,NA,NA,NA,NA,NA,NA,NA,NA,NA,NA,NA,NA,NA,NA,NA,NA,NA,NA,NA,NA,NA,NA,NA,NA,NA,NA,NA,NA,NA,NA,NA
Brazil,2023,COE,auction,Dry,https://allianceforcoffeeexcellence.org/brazil-2023/,5,NA,MORADA DO SOL,"87,85","330,69",NA,NA,NA,NA,success,NA,NA,NA,NA,NA,NA,NA,NA,NA,NA,NA,"Adachi Coffee, Sugi Coffee Roasting, THOTH COFFEE, Japan Roasters’ Network.",NA,NA,NA,NA,9,"$12,00","$3.968,28",Japan,NA,NA,NA,NA,NA,NA,NA,NA,NA,NA,NA,NA,NA,NA,NA,NA,NA,NA,NA,NA,NA,NA,NA,NA,NA,NA,NA,NA,NA,NA,NA,NA,NA,NA,NA,NA,NA,NA
Brazil,2023,COE,auction,Dry,https://allianceforcoffeeexcellence.org/brazil-2023/,5,NA,SANTIAGO,"87,47","661,39",NA,NA,NA,NA,success,NA,NA,NA,NA,NA,NA,NA,NA,NA,NA,NA,honu加藤珈琲店株式会社,NA,NA,NA,NA,10,"$11,10","$7.341,43",Japan,NA,NA,NA,NA,NA,NA,NA,NA,NA,NA,NA,NA,NA,NA,NA,NA,NA,NA,NA,NA,NA,NA,NA,NA,NA,NA,NA,NA,NA,NA,NA,NA,NA,NA,NA,NA,NA,NA
Brazil,2023,COE,auction,Wet,https://allianceforcoffeeexcellence.org/brazil-2023/,6,NA,FAZENDA RIO VERDE,"92,15","330,69",NA,NA,NA,NA,success,NA,NA,NA,NA,NA,NA,NA,NA,NA,NA,NA,Grupo CAFEZA,NA,NA,NA,NA,1,"$62,70","$20.734,26",Brazil,NA,NA,NA,NA,NA,NA,NA,NA,NA,NA,NA,NA,NA,NA,NA,NA,NA,NA,NA,NA,NA,NA,NA,NA,NA,NA,NA,NA,NA,NA,NA,NA,NA,NA,NA,NA,NA,NA
Brazil,2023,COE,auction,Wet,https://allianceforcoffeeexcellence.org/brazil-2023/,6,NA,SÍTIO TRÊS BARRAS,"91,00","793,66",NA,NA,NA,NA,success,NA,NA,NA,NA,NA,NA,NA,NA,NA,NA,NA,SARUTAHIKO COFFEE,NA,NA,NA,NA,2,"$25,50","$20.238,33",Japan,NA,NA,NA,NA,NA,NA,NA,NA,NA,NA,NA,NA,NA,NA,NA,NA,NA,NA,NA,NA,NA,NA,NA,NA,NA,NA,NA,NA,NA,NA,NA,NA,NA,NA,NA,NA,NA,NA
Brazil,2023,COE,auction,Wet,https://allianceforcoffeeexcellence.org/brazil-2023/,6,NA,CASA BRÁS,"89,71","396,83",NA,NA,NA,NA,success,NA,NA,NA,NA,NA,NA,NA,NA,NA,NA,NA,Kyokuto Fadie Corporation,NA,NA,NA,NA,3,"$33,40","$13.254,12",Japan,NA,NA,NA,NA,NA,NA,NA,NA,NA,NA,NA,NA,NA,NA,NA,NA,NA,NA,NA,NA,NA,NA,NA,NA,NA,NA,NA,NA,NA,NA,NA,NA,NA,NA,NA,NA,NA,NA
Brazil,2023,COE,auction,Wet,https://allianceforcoffeeexcellence.org/brazil-2023/,6,NA,FAZENDA ROCHEDO,"89,26","793,66",NA,NA,NA,NA,success,NA,NA,NA,NA,NA,NA,NA,NA,NA,NA,NA,TAKAMURA COFFEE ROASTERS  by MARUKAI,NA,NA,NA,NA,4,"$13,00","$10.317,58",Japan,NA,NA,NA,NA,NA,NA,NA,NA,NA,NA,NA,NA,NA,NA,NA,NA,NA,NA,NA,NA,NA,NA,NA,NA,NA,NA,NA,NA,NA,NA,NA,NA,NA,NA,NA,NA,NA,NA
Brazil,2023,COE,auction,Wet,https://allianceforcoffeeexcellence.org/brazil-2023/,6,NA,CORRÉGO DA LIBERDADE,"88,88","760,59",NA,NA,NA,NA,success,NA,NA,NA,NA,NA,NA,NA,NA,NA,NA,NA,"Wataru & Co., Ltd.",NA,NA,NA,NA,5,"$11,40","$8.670,73",Japan,NA,NA,NA,NA,NA,NA,NA,NA,NA,NA,NA,NA,NA,NA,NA,NA,NA,NA,NA,NA,NA,NA,NA,NA,NA,NA,NA,NA,NA,NA,NA,NA,NA,NA,NA,NA,NA,NA
Brazil,2023,COE,auction,Wet,https://allianceforcoffeeexcellence.org/brazil-2023/,6,NA,FAZENDA JR,"88,03","793,66",NA,NA,NA,NA,success,NA,NA,NA,NA,NA,NA,NA,NA,NA,NA,NA,BPC for Coffee Fie,NA,NA,NA,NA,6,"$10,35","$8.214,38",South Korea,NA,NA,NA,NA,NA,NA,NA,NA,NA,NA,NA,NA,NA,NA,NA,NA,NA,NA,NA,NA,NA,NA,NA,NA,NA,NA,NA,NA,NA,NA,NA,NA,NA,NA,NA,NA,NA,NA
Brazil,2023,COE,auction,Wet,https://allianceforcoffeeexcellence.org/brazil-2023/,6,NA,SÍTIO LIBERDADE,"88,00","396,83",NA,NA,NA,NA,success,NA,NA,NA,NA,NA,NA,NA,NA,NA,NA,NA,"Wataru for Towa Food Service CO., LTD.",NA,NA,NA,NA,7,"$11,70","$4.642,91",Japan,NA,NA,NA,NA,NA,NA,NA,NA,NA,NA,NA,NA,NA,NA,NA,NA,NA,NA,NA,NA,NA,NA,NA,NA,NA,NA,NA,NA,NA,NA,NA,NA,NA,NA,NA,NA,NA,NA
Brazil,2023,COE,auction,Wet,https://allianceforcoffeeexcellence.org/brazil-2023/,6,NA,SÍTIO SR. NIQUINHO,"87,82","396,83",NA,NA,NA,NA,success,NA,NA,NA,NA,NA,NA,NA,NA,NA,NA,NA,"MUSEO Co., Ltd.",NA,NA,NA,NA,8,"$11,90","$4.722,28",South Korea,NA,NA,NA,NA,NA,NA,NA,NA,NA,NA,NA,NA,NA,NA,NA,NA,NA,NA,NA,NA,NA,NA,NA,NA,NA,NA,NA,NA,NA,NA,NA,NA,NA,NA,NA,NA,NA,NA
Brazil,2023,COE,auction,Wet,https://allianceforcoffeeexcellence.org/brazil-2023/,6,NA,CHÁCARA PONTO ALTO,"87,79","330,69",NA,NA,NA,NA,success,NA,NA,NA,NA,NA,NA,NA,NA,NA,NA,NA,Wataru for Ogawa Coffee,NA,NA,NA,NA,9,"$11,90","$3.935,21",Japan,NA,NA,NA,NA,NA,NA,NA,NA,NA,NA,NA,NA,NA,NA,NA,NA,NA,NA,NA,NA,NA,NA,NA,NA,NA,NA,NA,NA,NA,NA,NA,NA,NA,NA,NA,NA,NA,NA
Brazil,2023,COE,auction,Wet,https://allianceforcoffeeexcellence.org/brazil-2023/,6,NA,FAZENDA ÁGUA LIMPA,"87,65","793,66",NA,NA,NA,NA,success,NA,NA,NA,NA,NA,NA,NA,NA,NA,NA,NA,KAFFEBRENNERIET AS,NA,NA,NA,NA,10,"$11,50","$9.127,09",Norway,NA,NA,NA,NA,NA,NA,NA,NA,NA,NA,NA,NA,NA,NA,NA,NA,NA,NA,NA,NA,NA,NA,NA,NA,NA,NA,NA,NA,NA,NA,NA,NA,NA,NA,NA,NA,NA,NA
Brazil,2023,NW,auction,Experimental,https://allianceforcoffeeexcellence.org/brazil-2023/,10,NW,SÍTIO DA LAGOA,"86,97","396,83",NA,"$2.023,83",NA,NA,success,NA,NA,NA,NA,NA,NA,NA,NA,NA,NA,NA,NA,NA,NA,NA,NA,NA,"$5,10",NA,China,Co.Seekers Roasters,NA,NA,NA,NA,NA,NA,NA,NA,NA,NA,NA,NA,NA,NA,NA,NA,NA,NA,NA,NA,NA,NA,NA,NA,NA,NA,NA,NA,NA,NA,NA,NA,NA,NA,NA,NA,NA
Brazil,2023,NW,auction,Dry,https://allianceforcoffeeexcellence.org/brazil-2023/,11,NW,FAZENDA SAMAMBAIA,"86,82","330,69",NA,"$2.843,93",NA,NA,success,NA,NA,NA,NA,NA,NA,NA,NA,NA,NA,NA,NA,NA,NA,NA,NA,NA,"$8,60",NA,Japan,"Adachi Coffee, Sugi Coffee Roasting,THOTH COFFEE.",NA,NA,NA,NA,NA,NA,NA,NA,NA,NA,NA,NA,NA,NA,NA,NA,NA,NA,NA,NA,NA,NA,NA,NA,NA,NA,NA,NA,NA,NA,NA,NA,NA,NA,NA,NA,NA
Brazil,2023,NW,auction,Wet,https://allianceforcoffeeexcellence.org/brazil-2023/,12,NW,FAZENDA PRIMAVERA,"85,76","694,46",NA,"$4.166,76",NA,NA,success,NA,NA,NA,NA,NA,NA,NA,NA,NA,NA,NA,NA,NA,NA,NA,NA,NA,"$6,00",NA,Japan,"Wataru & Co., Ltd.",NA,NA,NA,NA,NA,NA,NA,NA,NA,NA,NA,NA,NA,NA,NA,NA,NA,NA,NA,NA,NA,NA,NA,NA,NA,NA,NA,NA,NA,NA,NA,NA,NA,NA,NA,NA,NA
Brazil,2023,NW,auction,Wet,https://allianceforcoffeeexcellence.org/brazil-2023/,12,NW,FAZENDA SANTO ANTÔNIO,"86,35","396,83",NA,"$2.420,66",NA,NA,success,NA,NA,NA,NA,NA,NA,NA,NA,NA,NA,NA,NA,NA,NA,NA,NA,NA,"$6,10",NA,South Korea,Tov Studio,NA,NA,NA,NA,NA,NA,NA,NA,NA,NA,NA,NA,NA,NA,NA,NA,NA,NA,NA,NA,NA,NA,NA,NA,NA,NA,NA,NA,NA,NA,NA,NA,NA,NA,NA,NA,NA
Brazil,2023,NW,auction,Wet,https://allianceforcoffeeexcellence.org/brazil-2023/,12,NW,SÍTIO DA SERRA,"87,15","529,11",NA,"$3.756,68",NA,NA,success,NA,NA,NA,NA,NA,NA,NA,NA,NA,NA,NA,NA,NA,NA,NA,NA,NA,"$ 7,10",NA,Japan,Nozy Coffee,NA,NA,NA,NA,NA,NA,NA,NA,NA,NA,NA,NA,NA,NA,NA,NA,NA,NA,NA,NA,NA,NA,NA,NA,NA,NA,NA,NA,NA,NA,NA,NA,NA,NA,NA,NA,NA
Brazil,2023,NW,auction,Wet,https://allianceforcoffeeexcellence.org/brazil-2023/,12,NW,SÍTIO DIAMANTINA COFFEE,"87,32","396,83",NA,"$ 2.976,23",NA,NA,success,NA,NA,NA,NA,NA,NA,NA,NA,NA,NA,NA,NA,NA,NA,NA,NA,NA,"$7,50",NA,Japan,Nozy Coffee,NA,NA,NA,NA,NA,NA,NA,NA,NA,NA,NA,NA,NA,NA,NA,NA,NA,NA,NA,NA,NA,NA,NA,NA,NA,NA,NA,NA,NA,NA,NA,NA,NA,NA,NA,NA,NA
Colombia,2023,COE,auction,NA,https://allianceforcoffeeexcellence.org/colombia-2023/,2,NA,Montreal,90.61,330.693,$70.50,"$23,313.65",Onyx Coffee Lab (USA),NA,success,NA,NA,NA,NA,NA,NA,NA,NA,NA,NA,NA,NA,NA,NA,NA,NA,1A,NA,NA,NA,NA,NA,NA,NA,NA,NA,NA,NA,NA,NA,NA,NA,NA,NA,NA,NA,NA,NA,NA,NA,NA,NA,NA,NA,NA,NA,NA,NA,NA,NA,NA,NA,NA,NA,NA,NA,NA,NA
Colombia,2023,COE,auction,NA,https://allianceforcoffeeexcellence.org/colombia-2023/,2,NA,Montreal,90.61,319.6699,$75.10,"$24,007.22",GLITCH COFFEE&ROASTERS by MARUKAI(Japan),NA,success,NA,NA,NA,NA,NA,NA,NA,NA,NA,NA,NA,NA,NA,NA,NA,NA,1B,NA,NA,NA,NA,NA,NA,NA,NA,NA,NA,NA,NA,NA,NA,NA,NA,NA,NA,NA,NA,NA,NA,NA,NA,NA,NA,NA,NA,NA,NA,NA,NA,NA,NA,NA,NA,NA,NA,NA,NA,NA
Colombia,2023,COE,auction,NA,https://allianceforcoffeeexcellence.org/colombia-2023/,2,NA,Santa Ana,90.39,264.5544,$45.00,"$11,904.75","东方国际商业（集团）有限公司/Fisher coffee 啡舍/SHANGHAI CARMO TRADING CO., LTD (珈露梦咖啡）(Mainland China)",NA,success,NA,NA,NA,NA,NA,NA,NA,NA,NA,NA,NA,NA,NA,NA,NA,NA,2A,NA,NA,NA,NA,NA,NA,NA,NA,NA,NA,NA,NA,NA,NA,NA,NA,NA,NA,NA,NA,NA,NA,NA,NA,NA,NA,NA,NA,NA,NA,NA,NA,NA,NA,NA,NA,NA,NA,NA,NA,NA
Colombia,2023,COE,auction,NA,https://allianceforcoffeeexcellence.org/colombia-2023/,2,NA,Santa Ana,90.39,231.4851,$45.00,"$10,417.05","MUSEO Co., Ltd. / 정헌식 / Haewool coffee / 블루문 커피 / Junto coffee roasters / COFFEE HWA / Birosocoffee (South Korea)",NA,success,NA,NA,NA,NA,NA,NA,NA,NA,NA,NA,NA,NA,NA,NA,NA,NA,2B,NA,NA,NA,NA,NA,NA,NA,NA,NA,NA,NA,NA,NA,NA,NA,NA,NA,NA,NA,NA,NA,NA,NA,NA,NA,NA,NA,NA,NA,NA,NA,NA,NA,NA,NA,NA,NA,NA,NA,NA,NA
Colombia,2023,COE,auction,NA,https://allianceforcoffeeexcellence.org/colombia-2023/,2,NA,El Cedral,90.33,264.5544,$48.10,"$12,724.86",Pebble Coffee (Taiwan),NA,success,NA,NA,NA,NA,NA,NA,NA,NA,NA,NA,NA,NA,NA,NA,NA,NA,3A,NA,NA,NA,NA,NA,NA,NA,NA,NA,NA,NA,NA,NA,NA,NA,NA,NA,NA,NA,NA,NA,NA,NA,NA,NA,NA,NA,NA,NA,NA,NA,NA,NA,NA,NA,NA,NA,NA,NA,NA,NA
Colombia,2023,COE,auction,NA,https://allianceforcoffeeexcellence.org/colombia-2023/,2,NA,El Cedral,90.33,154.3234,$48.20,"$7,438.22","Mel Coffee Roasters Co.,Ltd. (Japan)",NA,success,NA,NA,NA,NA,NA,NA,NA,NA,NA,NA,NA,NA,NA,NA,NA,NA,3B,NA,NA,NA,NA,NA,NA,NA,NA,NA,NA,NA,NA,NA,NA,NA,NA,NA,NA,NA,NA,NA,NA,NA,NA,NA,NA,NA,NA,NA,NA,NA,NA,NA,NA,NA,NA,NA,NA,NA,NA,NA
Colombia,2023,COE,auction,NA,https://allianceforcoffeeexcellence.org/colombia-2023/,2,NA,Los Aguacates,90.05,363.7623,$40.00,"$14,550.40","PRIVATE RESERVE, Rose Cafe玫瑰咖啡（广州）,
乜早咖啡 Miezao Coffee, 东莞够钟饮啡工作室 Dongguan Gouzhongyinfei Studio
(Mainland China)",NA,success,NA,NA,NA,NA,NA,NA,NA,NA,NA,NA,NA,NA,NA,NA,NA,NA,4,NA,NA,NA,NA,NA,NA,NA,NA,NA,NA,NA,NA,NA,NA,NA,NA,NA,NA,NA,NA,NA,NA,NA,NA,NA,NA,NA,NA,NA,NA,NA,NA,NA,NA,NA,NA,NA,NA,NA,NA,NA
Colombia,2023,COE,auction,NA,https://allianceforcoffeeexcellence.org/colombia-2023/,2,NA,La Bohemia,89.78,562.1781,$39.00,"$21,925.02","Wolfing Coffee, Doris Coffee Lab. (Mainland China)",NA,success,NA,NA,NA,NA,NA,NA,NA,NA,NA,NA,NA,NA,NA,NA,NA,NA,5,NA,NA,NA,NA,NA,NA,NA,NA,NA,NA,NA,NA,NA,NA,NA,NA,NA,NA,NA,NA,NA,NA,NA,NA,NA,NA,NA,NA,NA,NA,NA,NA,NA,NA,NA,NA,NA,NA,NA,NA,NA
Colombia,2023,COE,auction,NA,https://allianceforcoffeeexcellence.org/colombia-2023/,2,NA,El Triunfo,89.56,429.9009,$42.20,"$18,141.78",Pebble Coffee (Taiwan),NA,success,NA,NA,NA,NA,NA,NA,NA,NA,NA,NA,NA,NA,NA,NA,NA,NA,6,NA,NA,NA,NA,NA,NA,NA,NA,NA,NA,NA,NA,NA,NA,NA,NA,NA,NA,NA,NA,NA,NA,NA,NA,NA,NA,NA,NA,NA,NA,NA,NA,NA,NA,NA,NA,NA,NA,NA,NA,NA
Colombia,2023,COE,auction,NA,https://allianceforcoffeeexcellence.org/colombia-2023/,2,NA,Buenos Aires,89.50,396.8316,$24.30,"$9,642.97",TAKAMURA COFFEE ROASTERS by MARUKAI (Japan),NA,success,NA,NA,NA,NA,NA,NA,NA,NA,NA,NA,NA,NA,NA,NA,NA,NA,7,NA,NA,NA,NA,NA,NA,NA,NA,NA,NA,NA,NA,NA,NA,NA,NA,NA,NA,NA,NA,NA,NA,NA,NA,NA,NA,NA,NA,NA,NA,NA,NA,NA,NA,NA,NA,NA,NA,NA,NA,NA
Colombia,2023,COE,auction,NA,https://allianceforcoffeeexcellence.org/colombia-2023/,2,NA,La Palma,89.39,451.9471,$17.20,"$7,773.54",elbgold Röstkaffee GmbH (Germany),NA,success,NA,NA,NA,NA,NA,NA,NA,NA,NA,NA,NA,NA,NA,NA,NA,NA,8,NA,NA,NA,NA,NA,NA,NA,NA,NA,NA,NA,NA,NA,NA,NA,NA,NA,NA,NA,NA,NA,NA,NA,NA,NA,NA,NA,NA,NA,NA,NA,NA,NA,NA,NA,NA,NA,NA,NA,NA,NA
Colombia,2023,COE,auction,NA,https://allianceforcoffeeexcellence.org/colombia-2023/,2,NA,Juanambú,88.89,1091.2869,$21.00,"$22,917.09",1895 by Lavazza (Italy),NA,success,NA,NA,NA,NA,NA,NA,NA,NA,NA,NA,NA,NA,NA,NA,NA,NA,9,NA,NA,NA,NA,NA,NA,NA,NA,NA,NA,NA,NA,NA,NA,NA,NA,NA,NA,NA,NA,NA,NA,NA,NA,NA,NA,NA,NA,NA,NA,NA,NA,NA,NA,NA,NA,NA,NA,NA,NA,NA
Colombia,2023,COE,auction,NA,https://allianceforcoffeeexcellence.org/colombia-2023/,2,NA,Juan Martin,88.83,383.60388,$22.70,"$8,707.72",M.I.Coffee Corporation (South Korea),NA,success,NA,NA,NA,NA,NA,NA,NA,NA,NA,NA,NA,NA,NA,NA,NA,NA,10,NA,NA,NA,NA,NA,NA,NA,NA,NA,NA,NA,NA,NA,NA,NA,NA,NA,NA,NA,NA,NA,NA,NA,NA,NA,NA,NA,NA,NA,NA,NA,NA,NA,NA,NA,NA,NA,NA,NA,NA,NA
Colombia,2023,COE,auction,NA,https://allianceforcoffeeexcellence.org/colombia-2023/,2,NA,Buena Vista,88.17,418.8778,$20.10,"$8,419.49",Happenstance Coffee际遇咖啡，Parking Coffee，MARUS COFFEE马路咖啡，铂澜咖啡学院 (Mainland China),NA,success,NA,NA,NA,NA,NA,NA,NA,NA,NA,NA,NA,NA,NA,NA,NA,NA,11,NA,NA,NA,NA,NA,NA,NA,NA,NA,NA,NA,NA,NA,NA,NA,NA,NA,NA,NA,NA,NA,NA,NA,NA,NA,NA,NA,NA,NA,NA,NA,NA,NA,NA,NA,NA,NA,NA,NA,NA,NA
Colombia,2023,COE,auction,NA,https://allianceforcoffeeexcellence.org/colombia-2023/,2,NA,La cruz,88.06,462.9702,$21.30,"$9,861.26",Pebble Coffee (Taiwan),NA,success,NA,NA,NA,NA,NA,NA,NA,NA,NA,NA,NA,NA,NA,NA,NA,NA,12,NA,NA,NA,NA,NA,NA,NA,NA,NA,NA,NA,NA,NA,NA,NA,NA,NA,NA,NA,NA,NA,NA,NA,NA,NA,NA,NA,NA,NA,NA,NA,NA,NA,NA,NA,NA,NA,NA,NA,NA,NA
Colombia,2023,COE,auction,NA,https://allianceforcoffeeexcellence.org/colombia-2023/,2,NA,Zamora,88.00,485.0164,$20.10,"$9,748.90","Wataru & Co., Ltd. (Japan)",NA,success,NA,NA,NA,NA,NA,NA,NA,NA,NA,NA,NA,NA,NA,NA,NA,NA,13,NA,NA,NA,NA,NA,NA,NA,NA,NA,NA,NA,NA,NA,NA,NA,NA,NA,NA,NA,NA,NA,NA,NA,NA,NA,NA,NA,NA,NA,NA,NA,NA,NA,NA,NA,NA,NA,NA,NA,NA,NA
Colombia,2023,COE,auction,NA,https://allianceforcoffeeexcellence.org/colombia-2023/,2,NA,La Vega,88.00,1477.0954,$13.60,"$20,088.56",BBPC for Coffee Fiel (South Korea),NA,success,NA,NA,NA,NA,NA,NA,NA,NA,NA,NA,NA,NA,NA,NA,NA,NA,14,NA,NA,NA,NA,NA,NA,NA,NA,NA,NA,NA,NA,NA,NA,NA,NA,NA,NA,NA,NA,NA,NA,NA,NA,NA,NA,NA,NA,NA,NA,NA,NA,NA,NA,NA,NA,NA,NA,NA,NA,NA
Colombia,2023,COE,auction,NA,https://allianceforcoffeeexcellence.org/colombia-2023/,2,NA,Los Guayacanes,88.00,451.9471,$20.11,"$9,088.71","Wolfing Coffee, Doris Coffee Lab (Mainland China)",NA,success,NA,NA,NA,NA,NA,NA,NA,NA,NA,NA,NA,NA,NA,NA,NA,NA,15,NA,NA,NA,NA,NA,NA,NA,NA,NA,NA,NA,NA,NA,NA,NA,NA,NA,NA,NA,NA,NA,NA,NA,NA,NA,NA,NA,NA,NA,NA,NA,NA,NA,NA,NA,NA,NA,NA,NA,NA,NA
Colombia,2023,COE,auction,NA,https://allianceforcoffeeexcellence.org/colombia-2023/,2,NA,El Guayabo,88.00,683.4322,$13.30,"$9,089.62","Wataru & Co., Ltd. (Japan)",NA,success,NA,NA,NA,NA,NA,NA,NA,NA,NA,NA,NA,NA,NA,NA,NA,NA,16,NA,NA,NA,NA,NA,NA,NA,NA,NA,NA,NA,NA,NA,NA,NA,NA,NA,NA,NA,NA,NA,NA,NA,NA,NA,NA,NA,NA,NA,NA,NA,NA,NA,NA,NA,NA,NA,NA,NA,NA,NA
Colombia,2023,COE,auction,NA,https://allianceforcoffeeexcellence.org/colombia-2023/,2,NA,San Pedro,87.89,496.0395,$27.70,"$13,740.31",CHG（剁手咖啡群）& abit coffee & 廈門豆威 & Ecofarm Coffee (Mainland China),NA,success,NA,NA,NA,NA,NA,NA,NA,NA,NA,NA,NA,NA,NA,NA,NA,NA,17,NA,NA,NA,NA,NA,NA,NA,NA,NA,NA,NA,NA,NA,NA,NA,NA,NA,NA,NA,NA,NA,NA,NA,NA,NA,NA,NA,NA,NA,NA,NA,NA,NA,NA,NA,NA,NA,NA,NA,NA,NA
Colombia,2023,COE,auction,NA,https://allianceforcoffeeexcellence.org/colombia-2023/,2,NA,El cachingo,87.89,529.1088,$13.10,"$6,931.34",Wataru for Voila Coffee (Japan),NA,success,NA,NA,NA,NA,NA,NA,NA,NA,NA,NA,NA,NA,NA,NA,NA,NA,18,NA,NA,NA,NA,NA,NA,NA,NA,NA,NA,NA,NA,NA,NA,NA,NA,NA,NA,NA,NA,NA,NA,NA,NA,NA,NA,NA,NA,NA,NA,NA,NA,NA,NA,NA,NA,NA,NA,NA,NA,NA
Colombia,2023,COE,auction,NA,https://allianceforcoffeeexcellence.org/colombia-2023/,2,NA,La mina,87.78,683.4322,$12.20,"$8,337.85","Wataru & Co., Ltd. (Japan)",NA,success,NA,NA,NA,NA,NA,NA,NA,NA,NA,NA,NA,NA,NA,NA,NA,NA,19,NA,NA,NA,NA,NA,NA,NA,NA,NA,NA,NA,NA,NA,NA,NA,NA,NA,NA,NA,NA,NA,NA,NA,NA,NA,NA,NA,NA,NA,NA,NA,NA,NA,NA,NA,NA,NA,NA,NA,NA,NA
Colombia,2023,COE,auction,NA,https://allianceforcoffeeexcellence.org/colombia-2023/,2,NA,Los Cachingos,87.61,385.8085,$14.10,"$5,439.92",BPC for Coffee Fiel (South Korea),NA,success,NA,NA,NA,NA,NA,NA,NA,NA,NA,NA,NA,NA,NA,NA,NA,NA,20,NA,NA,NA,NA,NA,NA,NA,NA,NA,NA,NA,NA,NA,NA,NA,NA,NA,NA,NA,NA,NA,NA,NA,NA,NA,NA,NA,NA,NA,NA,NA,NA,NA,NA,NA,NA,NA,NA,NA,NA,NA
Colombia,2023,COE,auction,NA,https://allianceforcoffeeexcellence.org/colombia-2023/,2,NA,Monteverde,87.56,1256.6334,$14.50,"$18,221.14",Dabov Specialty Coffee (Bulgaria) Coffee Me Up (Korea),NA,success,NA,NA,NA,NA,NA,NA,NA,NA,NA,NA,NA,NA,NA,NA,NA,NA,21,NA,NA,NA,NA,NA,NA,NA,NA,NA,NA,NA,NA,NA,NA,NA,NA,NA,NA,NA,NA,NA,NA,NA,NA,NA,NA,NA,NA,NA,NA,NA,NA,NA,NA,NA,NA,NA,NA,NA,NA,NA
Colombia,2023,COE,auction,NA,https://allianceforcoffeeexcellence.org/colombia-2023/,2,NA,La Fortuna,87.50,297.6237,$15.20,"$4,523.82","MUSEO Co., Ltd. / BIROSO COFFEE / Harucobeans (South Korea)",NA,success,NA,NA,NA,NA,NA,NA,NA,NA,NA,NA,NA,NA,NA,NA,NA,NA,22,NA,NA,NA,NA,NA,NA,NA,NA,NA,NA,NA,NA,NA,NA,NA,NA,NA,NA,NA,NA,NA,NA,NA,NA,NA,NA,NA,NA,NA,NA,NA,NA,NA,NA,NA,NA,NA,NA,NA,NA,NA
Colombia,2023,COE,auction,NA,https://allianceforcoffeeexcellence.org/colombia-2023/,2,NA,Diamante,87.44,418.8778,$14.10,"$5,906.21",Valley Coffee Roasters（山谷咖啡）(Mainland China),NA,success,NA,NA,NA,NA,NA,NA,NA,NA,NA,NA,NA,NA,NA,NA,NA,NA,23,NA,NA,NA,NA,NA,NA,NA,NA,NA,NA,NA,NA,NA,NA,NA,NA,NA,NA,NA,NA,NA,NA,NA,NA,NA,NA,NA,NA,NA,NA,NA,NA,NA,NA,NA,NA,NA,NA,NA,NA,NA
Colombia,2023,COE,auction,NA,https://allianceforcoffeeexcellence.org/colombia-2023/,2,NA,La Roca,87.44,440.924,$26.50,"$11,684.38",ECOFARM COFFEE (CHINA) for 有容乃大 SmallArmsBigHeart/ June’s Garden Coffee北京六月花园咖啡 (Mainland China),NA,success,NA,NA,NA,NA,NA,NA,NA,NA,NA,NA,NA,NA,NA,NA,NA,NA,24,NA,NA,NA,NA,NA,NA,NA,NA,NA,NA,NA,NA,NA,NA,NA,NA,NA,NA,NA,NA,NA,NA,NA,NA,NA,NA,NA,NA,NA,NA,NA,NA,NA,NA,NA,NA,NA,NA,NA,NA,NA
Colombia,2023,COE,auction,NA,https://allianceforcoffeeexcellence.org/colombia-2023/,2,NA,La Piragua,87.28,925.9404,$13.30,"$12,315.00",honu加藤珈琲店株式会社 (Japan),NA,success,NA,NA,NA,NA,NA,NA,NA,NA,NA,NA,NA,NA,NA,NA,NA,NA,25,NA,NA,NA,NA,NA,NA,NA,NA,NA,NA,NA,NA,NA,NA,NA,NA,NA,NA,NA,NA,NA,NA,NA,NA,NA,NA,NA,NA,NA,NA,NA,NA,NA,NA,NA,NA,NA,NA,NA,NA,NA
Colombia,2023,COE,auction,NA,https://allianceforcoffeeexcellence.org/colombia-2023/,2,NA,El Refugio,87.22,451.9471,$13.10,"$5,920.55",BPC for Coffee Fiel (South Korea),NA,success,NA,NA,NA,NA,NA,NA,NA,NA,NA,NA,NA,NA,NA,NA,NA,NA,26,NA,NA,NA,NA,NA,NA,NA,NA,NA,NA,NA,NA,NA,NA,NA,NA,NA,NA,NA,NA,NA,NA,NA,NA,NA,NA,NA,NA,NA,NA,NA,NA,NA,NA,NA,NA,NA,NA,NA,NA,NA
Colombia,2023,COE,auction,NA,https://allianceforcoffeeexcellence.org/colombia-2023/,2,NA,El Cairo,87.11,319.6699,$13.30,"$4,251.61",Wataru for Coffee County (Japan),NA,success,NA,NA,NA,NA,NA,NA,NA,NA,NA,NA,NA,NA,NA,NA,NA,NA,27,NA,NA,NA,NA,NA,NA,NA,NA,NA,NA,NA,NA,NA,NA,NA,NA,NA,NA,NA,NA,NA,NA,NA,NA,NA,NA,NA,NA,NA,NA,NA,NA,NA,NA,NA,NA,NA,NA,NA,NA,NA
Colombia,2023,COE,auction,NA,https://allianceforcoffeeexcellence.org/colombia-2023/,2,NA,La Siberia,87.06,462.9702,$14.60,"$6,759.36",mychem (South Korea),NA,success,NA,NA,NA,NA,NA,NA,NA,NA,NA,NA,NA,NA,NA,NA,NA,NA,28,NA,NA,NA,NA,NA,NA,NA,NA,NA,NA,NA,NA,NA,NA,NA,NA,NA,NA,NA,NA,NA,NA,NA,NA,NA,NA,NA,NA,NA,NA,NA,NA,NA,NA,NA,NA,NA,NA,NA,NA,NA
Colombia,2023,COE,auction,NA,https://allianceforcoffeeexcellence.org/colombia-2023/,2,NA,,,,$22.89,"$363,792.30",,NA,success,NA,NA,NA,NA,NA,NA,NA,NA,NA,NA,NA,NA,NA,NA,NA,NA,,NA,NA,NA,NA,NA,NA,NA,NA,NA,NA,NA,NA,NA,NA,NA,NA,NA,NA,NA,NA,NA,NA,NA,NA,NA,NA,NA,NA,NA,NA,NA,NA,NA,NA,NA,NA,NA,NA,NA,NA,NA
Costa Rica,2023,COE,auction,NA,https://allianceforcoffeeexcellence.org/costa-rica-2023/,2,1a,El Cedro – San Isidro Labrador,91.08,NA,NA,"$28,009.69","Orsir Coffee -Taiwan. Mindfo Coffee, VWI by CHADWANG",NA,success,NA,NA,NA,NA,NA,NA,NA,NA,NA,NA,NA,NA,NA,NA,NA,NA,NA,NA,NA,NA,NA,NA,NA,NA,NA,NA,NA,NA,NA,NA,NA,NA,NA,NA,NA,NA,462.97,$60.50,NA,NA,NA,NA,NA,NA,NA,NA,NA,NA,NA,NA,NA,NA,NA,NA,NA,NA,NA,NA
Costa Rica,2023,COE,auction,NA,https://allianceforcoffeeexcellence.org/costa-rica-2023/,2,1b,El Cedro – San Isidro Labrador,91.08,NA,NA,"$28,055.98","Fisher coffee 啡舍 /playbeans喜豆豆咖啡烘焙 /DECAMERON COFFEE/青岛李想珈 /东方国际商业（集团）有限公司 /CHG (剁手咖啡群) – CoffeeBuff/ SHANGHAI CARMO TRADING CO., LTD (珈露梦咖啡). Wolfing Coffee",NA,success,NA,NA,NA,NA,NA,NA,NA,NA,NA,NA,NA,NA,NA,NA,NA,NA,NA,NA,NA,NA,NA,NA,NA,NA,NA,NA,NA,NA,NA,NA,NA,NA,NA,NA,NA,NA,462.97,$60.60,NA,NA,NA,NA,NA,NA,NA,NA,NA,NA,NA,NA,NA,NA,NA,NA,NA,NA,NA,NA
Costa Rica,2023,COE,auction,NA,https://allianceforcoffeeexcellence.org/costa-rica-2023/,2,2a,Finca VOO,91,NA,NA,"$7,804.28","Nanjing Eco Farm Trading Co., Ltd. – China, Lagooon Coffee百灵岛咖啡，June’s Garden Coffee北京六月花园咖啡，芦田家中岛英男，TWO HANDS FULL (Indonesia)",NA,success,NA,NA,NA,NA,NA,NA,NA,NA,NA,NA,NA,NA,NA,NA,NA,NA,NA,NA,NA,NA,NA,NA,NA,NA,NA,NA,NA,NA,NA,NA,NA,NA,NA,NA,NA,NA,330.69,$23.60,NA,NA,NA,NA,NA,NA,NA,NA,NA,NA,NA,NA,NA,NA,NA,NA,NA,NA,NA,NA
Costa Rica,2023,COE,auction,NA,https://allianceforcoffeeexcellence.org/costa-rica-2023/,2,2b,Finca VOO,91,NA,NA,"$6,534.39",Sulalat Coffee Trading – Saudi Arabia,NA,success,NA,NA,NA,NA,NA,NA,NA,NA,NA,NA,NA,NA,NA,NA,NA,NA,NA,NA,NA,NA,NA,NA,NA,NA,NA,NA,NA,NA,NA,NA,NA,NA,NA,NA,NA,NA,264.55,$24.70,NA,NA,NA,NA,NA,NA,NA,NA,NA,NA,NA,NA,NA,NA,NA,NA,NA,NA,NA,NA
Costa Rica,2023,COE,auction,NA,https://allianceforcoffeeexcellence.org/costa-rica-2023/,2,3a,Finca Don Cayito,90.85,NA,NA,"$9,920.70",One to Two Coffee – Thailand,NA,success,NA,NA,NA,NA,NA,NA,NA,NA,NA,NA,NA,NA,NA,NA,NA,NA,NA,NA,NA,NA,NA,NA,NA,NA,NA,NA,NA,NA,NA,NA,NA,NA,NA,NA,NA,NA,330.69,$30.00,NA,NA,NA,NA,NA,NA,NA,NA,NA,NA,NA,NA,NA,NA,NA,NA,NA,NA,NA,NA
Costa Rica,2023,COE,auction,NA,https://allianceforcoffeeexcellence.org/costa-rica-2023/,2,3b,Finca Don Cayito,90.85,NA,NA,"$9,920.70","Coffee Me Up (Korea), Coffee Therapy (Thailand), DNU COFFEE, Bean & Bean Coffee (New York) , jibbilittles coffee roasters",NA,success,NA,NA,NA,NA,NA,NA,NA,NA,NA,NA,NA,NA,NA,NA,NA,NA,NA,NA,NA,NA,NA,NA,NA,NA,NA,NA,NA,NA,NA,NA,NA,NA,NA,NA,NA,NA,330.69,$30.00,NA,NA,NA,NA,NA,NA,NA,NA,NA,NA,NA,NA,NA,NA,NA,NA,NA,NA,NA,NA
Costa Rica,2023,COE,auction,NA,https://allianceforcoffeeexcellence.org/costa-rica-2023/,2,4,San Martín,90.27,NA,NA,"$12,566.40",MOLLIF COFFEE – South Korea,NA,success,NA,NA,NA,NA,NA,NA,NA,NA,NA,NA,NA,NA,NA,NA,NA,NA,NA,NA,NA,NA,NA,NA,NA,NA,NA,NA,NA,NA,NA,NA,NA,NA,NA,NA,NA,NA,628.32,$20.00,NA,NA,NA,NA,NA,NA,NA,NA,NA,NA,NA,NA,NA,NA,NA,NA,NA,NA,NA,NA
Costa Rica,2023,COE,auction,NA,https://allianceforcoffeeexcellence.org/costa-rica-2023/,2,5,El Chizo,90.19,NA,NA,"$12,698.64","Saerin co.,Ltd(MGPG) – South Korea",NA,success,NA,NA,NA,NA,NA,NA,NA,NA,NA,NA,NA,NA,NA,NA,NA,NA,NA,NA,NA,NA,NA,NA,NA,NA,NA,NA,NA,NA,NA,NA,NA,NA,NA,NA,NA,NA,"1,058.22",$12.00,NA,NA,NA,NA,NA,NA,NA,NA,NA,NA,NA,NA,NA,NA,NA,NA,NA,NA,NA,NA
Costa Rica,2023,COE,auction,NA,https://allianceforcoffeeexcellence.org/costa-rica-2023/,2,6,HACIENDA COPEY,90.15,NA,NA,"$19,775.34","REC COFFEE, TAOCA COFFEE, GESHARY COFFEE",NA,success,NA,NA,NA,NA,NA,NA,NA,NA,NA,NA,NA,NA,NA,NA,NA,NA,NA,NA,NA,NA,NA,NA,NA,NA,NA,NA,NA,NA,NA,NA,NA,NA,NA,NA,NA,NA,760.59,$26.00,NA,NA,NA,NA,NA,NA,NA,NA,NA,NA,NA,NA,NA,NA,NA,NA,NA,NA,NA,NA
Costa Rica,2023,COE,auction,NA,https://allianceforcoffeeexcellence.org/costa-rica-2023/,2,7,Las Nubes,89.81,NA,NA,"$30,714.64",Sulalat Coffee Trading – Saudi Arabia,NA,success,NA,NA,NA,NA,NA,NA,NA,NA,NA,NA,NA,NA,NA,NA,NA,NA,NA,NA,NA,NA,NA,NA,NA,NA,NA,NA,NA,NA,NA,NA,NA,NA,NA,NA,NA,NA,793.66,$38.70,NA,NA,NA,NA,NA,NA,NA,NA,NA,NA,NA,NA,NA,NA,NA,NA,NA,NA,NA,NA
Costa Rica,2023,COE,auction,NA,https://allianceforcoffeeexcellence.org/costa-rica-2023/,2,8,FCJ VOLCAN AZUL,89.58,NA,NA,"$13,006.09","GSC International Co., Ltd – South Korea",NA,success,NA,NA,NA,NA,NA,NA,NA,NA,NA,NA,NA,NA,NA,NA,NA,NA,NA,NA,NA,NA,NA,NA,NA,NA,NA,NA,NA,NA,NA,NA,NA,NA,NA,NA,NA,NA,760.59,$17.10,NA,NA,NA,NA,NA,NA,NA,NA,NA,NA,NA,NA,NA,NA,NA,NA,NA,NA,NA,NA
Costa Rica,2023,COE,auction,NA,https://allianceforcoffeeexcellence.org/costa-rica-2023/,2,9,SANTA TERESA,89.5,NA,NA,"$12,698.56",Coffee Libre – South Korea,NA,success,NA,NA,NA,NA,NA,NA,NA,NA,NA,NA,NA,NA,NA,NA,NA,NA,NA,NA,NA,NA,NA,NA,NA,NA,NA,NA,NA,NA,NA,NA,NA,NA,NA,NA,NA,NA,793.66,$16.00,NA,NA,NA,NA,NA,NA,NA,NA,NA,NA,NA,NA,NA,NA,NA,NA,NA,NA,NA,NA
Costa Rica,2023,COE,auction,NA,https://allianceforcoffeeexcellence.org/costa-rica-2023/,2,10,CIPRESAL – FCJ VOLCAN AZUL,89.38,NA,NA,"$12,169.44","Foosung Corporation. – South Korea, Olympia Graeco Egyptian Coffee (OGE Coffee) / Raku Coffee Roaster",NA,success,NA,NA,NA,NA,NA,NA,NA,NA,NA,NA,NA,NA,NA,NA,NA,NA,NA,NA,NA,NA,NA,NA,NA,NA,NA,NA,NA,NA,NA,NA,NA,NA,NA,NA,NA,NA,760.59,$16.00,NA,NA,NA,NA,NA,NA,NA,NA,NA,NA,NA,NA,NA,NA,NA,NA,NA,NA,NA,NA
Costa Rica,2023,COE,auction,NA,https://allianceforcoffeeexcellence.org/costa-rica-2023/,2,11,Don Danilo,88.67,NA,NA,"$13,042.54","Dabov Specialty Coffee, Coffee Me Up (Korea), Coffee Therapy (Thailand)",NA,success,NA,NA,NA,NA,NA,NA,NA,NA,NA,NA,NA,NA,NA,NA,NA,NA,NA,NA,NA,NA,NA,NA,NA,NA,NA,NA,NA,NA,NA,NA,NA,NA,NA,NA,NA,NA,959.01,$13.60,NA,NA,NA,NA,NA,NA,NA,NA,NA,NA,NA,NA,NA,NA,NA,NA,NA,NA,NA,NA
Costa Rica,2023,COE,auction,NA,https://allianceforcoffeeexcellence.org/costa-rica-2023/,2,12,Pie San,88.63,NA,NA,"$11,484.91",NOZY COFFEE – Japan,NA,success,NA,NA,NA,NA,NA,NA,NA,NA,NA,NA,NA,NA,NA,NA,NA,NA,NA,NA,NA,NA,NA,NA,NA,NA,NA,NA,NA,NA,NA,NA,NA,NA,NA,NA,NA,NA,760.59,$15.10,NA,NA,NA,NA,NA,NA,NA,NA,NA,NA,NA,NA,NA,NA,NA,NA,NA,NA,NA,NA
Costa Rica,2023,COE,auction,NA,https://allianceforcoffeeexcellence.org/costa-rica-2023/,2,13,HACIENDA COPEY – ITADAKI ESTATE,88.58,NA,NA,"$13,766.68",Brew92 – Saudi Arabia,NA,success,NA,NA,NA,NA,NA,NA,NA,NA,NA,NA,NA,NA,NA,NA,NA,NA,NA,NA,NA,NA,NA,NA,NA,NA,NA,NA,NA,NA,NA,NA,NA,NA,NA,NA,NA,NA,760.59,$18.10,NA,NA,NA,NA,NA,NA,NA,NA,NA,NA,NA,NA,NA,NA,NA,NA,NA,NA,NA,NA
Costa Rica,2023,COE,auction,NA,https://allianceforcoffeeexcellence.org/costa-rica-2023/,2,14,GLORIANA,88.25,NA,NA,"$10,370.56",terarosa – South Korea,NA,success,NA,NA,NA,NA,NA,NA,NA,NA,NA,NA,NA,NA,NA,NA,NA,NA,NA,NA,NA,NA,NA,NA,NA,NA,NA,NA,NA,NA,NA,NA,NA,NA,NA,NA,NA,NA,"1,058.22",$9.80,NA,NA,NA,NA,NA,NA,NA,NA,NA,NA,NA,NA,NA,NA,NA,NA,NA,NA,NA,NA
Costa Rica,2023,COE,auction,NA,https://allianceforcoffeeexcellence.org/costa-rica-2023/,2,15,Don Darío – San Isidro Labrador,88.17,NA,NA,"$7,976.35","Xiamen Doowell Ocean Biotechnology Co., Ltd. – China",NA,success,NA,NA,NA,NA,NA,NA,NA,NA,NA,NA,NA,NA,NA,NA,NA,NA,NA,NA,NA,NA,NA,NA,NA,NA,NA,NA,NA,NA,NA,NA,NA,NA,NA,NA,NA,NA,595.25,$13.40,NA,NA,NA,NA,NA,NA,NA,NA,NA,NA,NA,NA,NA,NA,NA,NA,NA,NA,NA,NA
Costa Rica,2023,COE,auction,NA,https://allianceforcoffeeexcellence.org/costa-rica-2023/,2,16,Don Joaquín,88.04,NA,NA,"$8,482.32","Orsir International Co., Ltd. – Taiwan,Mindfo Coffee
海南惊探号咖啡",NA,success,NA,NA,NA,NA,NA,NA,NA,NA,NA,NA,NA,NA,NA,NA,NA,NA,NA,NA,NA,NA,NA,NA,NA,NA,NA,NA,NA,NA,NA,NA,NA,NA,NA,NA,NA,NA,628.32,$13.50,NA,NA,NA,NA,NA,NA,NA,NA,NA,NA,NA,NA,NA,NA,NA,NA,NA,NA,NA,NA
Costa Rica,2023,COE,auction,NA,https://allianceforcoffeeexcellence.org/costa-rica-2023/,2,17,La Planada,87.96,NA,NA,"$9,127.08",honu加藤珈琲店株式会社 – Japan,NA,success,NA,NA,NA,NA,NA,NA,NA,NA,NA,NA,NA,NA,NA,NA,NA,NA,NA,NA,NA,NA,NA,NA,NA,NA,NA,NA,NA,NA,NA,NA,NA,NA,NA,NA,NA,NA,760.59,$12.00,NA,NA,NA,NA,NA,NA,NA,NA,NA,NA,NA,NA,NA,NA,NA,NA,NA,NA,NA,NA
Costa Rica,2023,COE,auction,NA,https://allianceforcoffeeexcellence.org/costa-rica-2023/,2,18,Don Mayo Los Tucanes,87.96,NA,NA,"$11,637.03","Nanjing Eco Farm Trading Co., Ltd. – China , La Finca领地，铜山里咖啡，珈琲豆专门店， 乔治队长， TWO HANDS FULL (Indonesia)",NA,success,NA,NA,NA,NA,NA,NA,NA,NA,NA,NA,NA,NA,NA,NA,NA,NA,NA,NA,NA,NA,NA,NA,NA,NA,NA,NA,NA,NA,NA,NA,NA,NA,NA,NA,NA,NA,760.59,$15.30,NA,NA,NA,NA,NA,NA,NA,NA,NA,NA,NA,NA,NA,NA,NA,NA,NA,NA,NA,NA
Costa Rica,2023,COE,auction,NA,https://allianceforcoffeeexcellence.org/costa-rica-2023/,2,19,SIN LIMITES,87.96,NA,NA,"$9,821.63",Kyokuto Fadie Corporation – Japan,NA,success,NA,NA,NA,NA,NA,NA,NA,NA,NA,NA,NA,NA,NA,NA,NA,NA,NA,NA,NA,NA,NA,NA,NA,NA,NA,NA,NA,NA,NA,NA,NA,NA,NA,NA,NA,NA,595.25,$16.50,NA,NA,NA,NA,NA,NA,NA,NA,NA,NA,NA,NA,NA,NA,NA,NA,NA,NA,NA,NA
Costa Rica,2023,COE,auction,NA,https://allianceforcoffeeexcellence.org/costa-rica-2023/,2,20,Finca Toño,87.92,NA,NA,"$6,620.43","Wataru & Co., Ltd. – Japan",NA,success,NA,NA,NA,NA,NA,NA,NA,NA,NA,NA,NA,NA,NA,NA,NA,NA,NA,NA,NA,NA,NA,NA,NA,NA,NA,NA,NA,NA,NA,NA,NA,NA,NA,NA,NA,NA,727.52,$9.10,NA,NA,NA,NA,NA,NA,NA,NA,NA,NA,NA,NA,NA,NA,NA,NA,NA,NA,NA,NA
Costa Rica,2023,COE,auction,NA,https://allianceforcoffeeexcellence.org/costa-rica-2023/,2,21,SIN LIMITES CR7,87.92,NA,NA,"$6,190.60","Wataru & Co., Ltd. – Japan",NA,success,NA,NA,NA,NA,NA,NA,NA,NA,NA,NA,NA,NA,NA,NA,NA,NA,NA,NA,NA,NA,NA,NA,NA,NA,NA,NA,NA,NA,NA,NA,NA,NA,NA,NA,NA,NA,595.25,$10.40,NA,NA,NA,NA,NA,NA,NA,NA,NA,NA,NA,NA,NA,NA,NA,NA,NA,NA,NA,NA
Costa Rica,2023,COE,auction,NA,https://allianceforcoffeeexcellence.org/costa-rica-2023/,2,22,FINCA LA ROCA,87.83,NA,NA,"$6,471.70",Wataru for Voila Coffee. – Japan,NA,success,NA,NA,NA,NA,NA,NA,NA,NA,NA,NA,NA,NA,NA,NA,NA,NA,NA,NA,NA,NA,NA,NA,NA,NA,NA,NA,NA,NA,NA,NA,NA,NA,NA,NA,NA,NA,628.32,$10.30,NA,NA,NA,NA,NA,NA,NA,NA,NA,NA,NA,NA,NA,NA,NA,NA,NA,NA,NA,NA
Costa Rica,2023,COE,auction,NA,https://allianceforcoffeeexcellence.org/costa-rica-2023/,2,23,FINCA DAVID,87.83,NA,NA,"$7,083.48","Wataru & Co., Ltd. – Japan",NA,success,NA,NA,NA,NA,NA,NA,NA,NA,NA,NA,NA,NA,NA,NA,NA,NA,NA,NA,NA,NA,NA,NA,NA,NA,NA,NA,NA,NA,NA,NA,NA,NA,NA,NA,NA,NA,595.25,$11.90,NA,NA,NA,NA,NA,NA,NA,NA,NA,NA,NA,NA,NA,NA,NA,NA,NA,NA,NA,NA
Costa Rica,2023,COE,auction,NA,https://allianceforcoffeeexcellence.org/costa-rica-2023/,2,24,El Burío.,87.75,NA,NA,"$8,670.73",NOZY COFFEE – Japan,NA,success,NA,NA,NA,NA,NA,NA,NA,NA,NA,NA,NA,NA,NA,NA,NA,NA,NA,NA,NA,NA,NA,NA,NA,NA,NA,NA,NA,NA,NA,NA,NA,NA,NA,NA,NA,NA,760.59,$11.40,NA,NA,NA,NA,NA,NA,NA,NA,NA,NA,NA,NA,NA,NA,NA,NA,NA,NA,NA,NA
Costa Rica,2023,COE,auction,NA,https://allianceforcoffeeexcellence.org/costa-rica-2023/,2,25,Don Joel,87.71,NA,NA,"$10,793.84",mychem – South Korea,NA,success,NA,NA,NA,NA,NA,NA,NA,NA,NA,NA,NA,NA,NA,NA,NA,NA,NA,NA,NA,NA,NA,NA,NA,NA,NA,NA,NA,NA,NA,NA,NA,NA,NA,NA,NA,NA,"1,058.22",$10.20,NA,NA,NA,NA,NA,NA,NA,NA,NA,NA,NA,NA,NA,NA,NA,NA,NA,NA,NA,NA
Costa Rica,2023,COE,auction,NA,https://allianceforcoffeeexcellence.org/costa-rica-2023/,2,26,El Alto,87.71,NA,NA,"$7,681.96",mychem – South Korea,NA,success,NA,NA,NA,NA,NA,NA,NA,NA,NA,NA,NA,NA,NA,NA,NA,NA,NA,NA,NA,NA,NA,NA,NA,NA,NA,NA,NA,NA,NA,NA,NA,NA,NA,NA,NA,NA,760.59,$10.10,NA,NA,NA,NA,NA,NA,NA,NA,NA,NA,NA,NA,NA,NA,NA,NA,NA,NA,NA,NA
Costa Rica,2023,COE,auction,NA,https://allianceforcoffeeexcellence.org/costa-rica-2023/,2,27,DON ELI,87.62,NA,NA,"$8,677.40","Cuppers of Korea
Anthracite
Five_C_CoffeeWorks
AGCOFFEE
Rough_Roasters
O,Kam",NA,success,NA,NA,NA,NA,NA,NA,NA,NA,NA,NA,NA,NA,NA,NA,NA,NA,NA,NA,NA,NA,NA,NA,NA,NA,NA,NA,NA,NA,NA,NA,NA,NA,NA,NA,NA,NA,529.11,$16.40,NA,NA,NA,NA,NA,NA,NA,NA,NA,NA,NA,NA,NA,NA,NA,NA,NA,NA,NA,NA
Costa Rica,2023,COE,auction,NA,https://allianceforcoffeeexcellence.org/costa-rica-2023/,2,28,Ladera Alessia,87.37,NA,NA,"$7,681.96","Wataru & Co., Ltd. – Japan",NA,success,NA,NA,NA,NA,NA,NA,NA,NA,NA,NA,NA,NA,NA,NA,NA,NA,NA,NA,NA,NA,NA,NA,NA,NA,NA,NA,NA,NA,NA,NA,NA,NA,NA,NA,NA,NA,760.59,$10.10,NA,NA,NA,NA,NA,NA,NA,NA,NA,NA,NA,NA,NA,NA,NA,NA,NA,NA,NA,NA
Costa Rica,2023,COE,auction,NA,https://allianceforcoffeeexcellence.org/costa-rica-2023/,2,29,Fideluz,87.29,NA,NA,"$9,259.40","Wataru & Co., Ltd. – Japan",NA,success,NA,NA,NA,NA,NA,NA,NA,NA,NA,NA,NA,NA,NA,NA,NA,NA,NA,NA,NA,NA,NA,NA,NA,NA,NA,NA,NA,NA,NA,NA,NA,NA,NA,NA,NA,NA,925.94,$10.00,NA,NA,NA,NA,NA,NA,NA,NA,NA,NA,NA,NA,NA,NA,NA,NA,NA,NA,NA,NA
Costa Rica,2023,COE,auction,NA,https://allianceforcoffeeexcellence.org/costa-rica-2023/,2,30,Don Egidio Rodriguez,87.29,NA,NA,"$5,416.78",Wataru for OGAWA COFFEE. – Japan,NA,success,NA,NA,NA,NA,NA,NA,NA,NA,NA,NA,NA,NA,NA,NA,NA,NA,NA,NA,NA,NA,NA,NA,NA,NA,NA,NA,NA,NA,NA,NA,NA,NA,NA,NA,NA,NA,595.25,$9.10,NA,NA,NA,NA,NA,NA,NA,NA,NA,NA,NA,NA,NA,NA,NA,NA,NA,NA,NA,NA
Costa Rica,2023,NW,auction,NA,https://allianceforcoffeeexcellence.org/costa-rica-2023/,4,NW,EL PACAYAL,87.17,NA,NA,"$7,758.02",Brew92 – Saudi Arabia,NA,success,NA,NA,NA,JUAN CARLOS VALERIO QUESADA,NA,NA,NA,NA,NA,NA,NA,NA,NA,NA,NA,NA,NA,NA,NA,NA,NA,NA,NA,NA,NA,NA,NA,NA,NA,NA,NA,NA,NA,NA,NA,NA,760.59,NA,$10.20,NA,NA,NA,NA,NA,NA,NA,NA,NA,NA,NA,NA,NA,NA,NA,NA,NA,NA,NA
Costa Rica,2023,NW,auction,NA,https://allianceforcoffeeexcellence.org/costa-rica-2023/,4,NW,FINCA EMANUEL,87.08,NA,NA,"$4,107.23","Orsir Coffee – Taiwan Mindfo Coffee
海南惊探号咖啡",NA,success,NA,NA,NA,JOSE JAIME CARDENAS ROJAS,NA,NA,NA,NA,NA,NA,NA,NA,NA,NA,NA,NA,NA,NA,NA,NA,NA,NA,NA,NA,NA,NA,NA,NA,NA,NA,NA,NA,NA,NA,NA,NA,595.25,NA,$6.90,NA,NA,NA,NA,NA,NA,NA,NA,NA,NA,NA,NA,NA,NA,NA,NA,NA,NA,NA
Costa Rica,2023,NW,auction,NA,https://allianceforcoffeeexcellence.org/costa-rica-2023/,4,NW,Finca Don Fernando,86.54,NA,NA,"$6,904.87",Brew92 – Saudi Arabia,NA,success,NA,NA,NA,Michael Trejos Porras,NA,NA,NA,NA,NA,NA,NA,NA,NA,NA,NA,NA,NA,NA,NA,NA,NA,NA,NA,NA,NA,NA,NA,NA,NA,NA,NA,NA,NA,NA,NA,NA,959.01,NA,$7.20,NA,NA,NA,NA,NA,NA,NA,NA,NA,NA,NA,NA,NA,NA,NA,NA,NA,NA,NA
Ecuador,2023,COE,auction,NA,https://allianceforcoffeeexcellence.org/ecuador-2023/,2,1A,NA,91.22,NA,NA,"$ 20,354.45",NA,NA,success,NA,NA,NA,NA,NA,NA,NA,NA,NA,La Noria,NA,NA,NA,NA,NA,NA,NA,$ 102.50,NA,NA,"Lowkey Coffee, Toch Coffee, Malic Coffee, NoSmokeWithoutFire, Trekkers Bean",NA,NA,NA,NA,NA,NA,NA,NA,NA,NA,NA,NA,NA,NA,NA,198.58,NA,NA,NA,NA,NA,NA,NA,NA,NA,NA,NA,NA,NA,NA,NA,NA,NA,NA,NA,NA,NA
Ecuador,2023,COE,auction,NA,https://allianceforcoffeeexcellence.org/ecuador-2023/,2,1B,NA,91.22,NA,NA,"$ 13,718.38",NA,NA,success,NA,NA,NA,NA,NA,NA,NA,NA,NA,La Noria,NA,NA,NA,NA,NA,NA,NA,$ 103.20,NA,NA,Sae Coffee Studio,NA,NA,NA,NA,NA,NA,NA,NA,NA,NA,NA,NA,NA,NA,NA,132.93,NA,NA,NA,NA,NA,NA,NA,NA,NA,NA,NA,NA,NA,NA,NA,NA,NA,NA,NA,NA,NA
Ecuador,2023,COE,auction,NA,https://allianceforcoffeeexcellence.org/ecuador-2023/,2,2A,NA,89.53,NA,NA,"$ 7,963.06",NA,NA,success,NA,NA,NA,NA,NA,NA,NA,NA,NA,Nuestra Señora De Guadalupe,NA,NA,NA,NA,NA,NA,NA,$ 40.10,NA,NA,KOMENCU Coffee (China),NA,NA,NA,NA,NA,NA,NA,NA,NA,NA,NA,NA,NA,NA,NA,198.58,NA,NA,NA,NA,NA,NA,NA,NA,NA,NA,NA,NA,NA,NA,NA,NA,NA,NA,NA,NA,NA
Ecuador,2023,COE,auction,NA,https://allianceforcoffeeexcellence.org/ecuador-2023/,2,2B,NA,89.53,NA,NA,"$ 9,844.56",NA,NA,success,NA,NA,NA,NA,NA,NA,NA,NA,NA,Nuestra Señora De Guadalupe,NA,NA,NA,NA,NA,NA,NA,$ 44.00,NA,NA,Fadie Sasaguri Roastery Corporation,NA,NA,NA,NA,NA,NA,NA,NA,NA,NA,NA,NA,NA,NA,NA,223.74,NA,NA,NA,NA,NA,NA,NA,NA,NA,NA,NA,NA,NA,NA,NA,NA,NA,NA,NA,NA,NA
Ecuador,2023,COE,auction,NA,https://allianceforcoffeeexcellence.org/ecuador-2023/,2,3A,NA,89.53,NA,NA,"$ 12,867.98",NA,NA,success,NA,NA,NA,NA,NA,NA,NA,NA,NA,Cruz Loma,NA,NA,NA,NA,NA,NA,NA,$ 64.80,NA,NA,"GLITCH COFFEE&ROASTERS, TAKAMURA COFFEE ROASTERS by MARUKAI",NA,NA,NA,NA,NA,NA,NA,NA,NA,NA,NA,NA,NA,NA,NA,198.58,NA,NA,NA,NA,NA,NA,NA,NA,NA,NA,NA,NA,NA,NA,NA,NA,NA,NA,NA,NA,NA
Ecuador,2023,COE,auction,NA,https://allianceforcoffeeexcellence.org/ecuador-2023/,2,3B,NA,89.53,NA,NA,"$ 10,896.20",NA,NA,success,NA,NA,NA,NA,NA,NA,NA,NA,NA,Cruz Loma,NA,NA,NA,NA,NA,NA,NA,$ 62.20,NA,NA,terarosa,NA,NA,NA,NA,NA,NA,NA,NA,NA,NA,NA,NA,NA,NA,NA,175.18,NA,NA,NA,NA,NA,NA,NA,NA,NA,NA,NA,NA,NA,NA,NA,NA,NA,NA,NA,NA,NA
Ecuador,2023,COE,auction,NA,https://allianceforcoffeeexcellence.org/ecuador-2023/,2,4,NA,89.39,NA,NA,"$ 8,863.96",NA,NA,success,NA,NA,NA,NA,NA,NA,NA,NA,NA,Hacienda La Florida,NA,NA,NA,NA,NA,NA,NA,$ 24.59,NA,NA,Prodigal Coffee,NA,NA,NA,NA,NA,NA,NA,NA,NA,NA,NA,NA,NA,NA,NA,360.47,NA,NA,NA,NA,NA,NA,NA,NA,NA,NA,NA,NA,NA,NA,NA,NA,NA,NA,NA,NA,NA
Ecuador,2023,COE,auction,NA,https://allianceforcoffeeexcellence.org/ecuador-2023/,2,5,NA,89.36,NA,NA,"$ 7,357.95",NA,NA,success,NA,NA,NA,NA,NA,NA,NA,NA,NA,Clara Luz,NA,NA,NA,NA,NA,NA,NA,$ 30.10,NA,NA,"Orsir International Co., Ltd.",NA,NA,NA,NA,NA,NA,NA,NA,NA,NA,NA,NA,NA,NA,NA,244.45,NA,NA,NA,NA,NA,NA,NA,NA,NA,NA,NA,NA,NA,NA,NA,NA,NA,NA,NA,NA,NA
Ecuador,2023,COE,auction,NA,https://allianceforcoffeeexcellence.org/ecuador-2023/,2,6,NA,89.25,NA,NA,"$ 8,066.50",NA,NA,success,NA,NA,NA,NA,NA,NA,NA,NA,NA,Lugmapata,NA,NA,NA,NA,NA,NA,NA,$ 23.84,NA,NA,"Prodigal Coffee, Idle Hands Roasting Company",NA,NA,NA,NA,NA,NA,NA,NA,NA,NA,NA,NA,NA,NA,NA,338.36,NA,NA,NA,NA,NA,NA,NA,NA,NA,NA,NA,NA,NA,NA,NA,NA,NA,NA,NA,NA,NA
Ecuador,2023,COE,auction,NA,https://allianceforcoffeeexcellence.org/ecuador-2023/,2,7,NA,89.17,NA,NA,"$ 7,212.97",NA,NA,success,NA,NA,NA,NA,NA,NA,NA,NA,NA,La Ponderosa,NA,NA,NA,NA,NA,NA,NA,$ 25.33,NA,NA,Prodigal Coffee,NA,NA,NA,NA,NA,NA,NA,NA,NA,NA,NA,NA,NA,NA,NA,284.76,NA,NA,NA,NA,NA,NA,NA,NA,NA,NA,NA,NA,NA,NA,NA,NA,NA,NA,NA,NA,NA
Ecuador,2023,COE,auction,NA,https://allianceforcoffeeexcellence.org/ecuador-2023/,2,8,NA,88.44,NA,NA,"$ 9,350.84",NA,NA,success,NA,NA,NA,NA,NA,NA,NA,NA,NA,El Dorado,NA,NA,NA,NA,NA,NA,NA,$ 28.20,NA,NA,"coffee lusso, ArounZ",NA,NA,NA,NA,NA,NA,NA,NA,NA,NA,NA,NA,NA,NA,NA,331.59,NA,NA,NA,NA,NA,NA,NA,NA,NA,NA,NA,NA,NA,NA,NA,NA,NA,NA,NA,NA,NA
Ecuador,2023,COE,auction,NA,https://allianceforcoffeeexcellence.org/ecuador-2023/,2,9,NA,88.36,NA,NA,"$ 6,745.59",NA,NA,success,NA,NA,NA,NA,NA,NA,NA,NA,NA,El Alisal,NA,NA,NA,NA,NA,NA,NA,$ 20.20,NA,NA,"YN Coffee, Still Coffee, AllYouWant Coffee",NA,NA,NA,NA,NA,NA,NA,NA,NA,NA,NA,NA,NA,NA,NA,333.94,NA,NA,NA,NA,NA,NA,NA,NA,NA,NA,NA,NA,NA,NA,NA,NA,NA,NA,NA,NA,NA
Ecuador,2023,COE,auction,NA,https://allianceforcoffeeexcellence.org/ecuador-2023/,2,10,NA,88.25,NA,NA,"$ 9,445.76",NA,NA,success,NA,NA,NA,NA,NA,NA,NA,NA,NA,Eliza,NA,NA,NA,NA,NA,NA,NA,$ 28.50,NA,NA,Proud Mary,NA,NA,NA,NA,NA,NA,NA,NA,NA,NA,NA,NA,NA,NA,NA,331.43,NA,NA,NA,NA,NA,NA,NA,NA,NA,NA,NA,NA,NA,NA,NA,NA,NA,NA,NA,NA,NA
Ecuador,2023,COE,auction,NA,https://allianceforcoffeeexcellence.org/ecuador-2023/,2,11,NA,88.00,NA,NA,"$ 4,679.43",NA,NA,success,NA,NA,NA,NA,NA,NA,NA,NA,NA,Cafetalera Angelita,NA,NA,NA,NA,NA,NA,NA,$ 17.20,NA,NA,honu加藤珈琲店株式会社,NA,NA,NA,NA,NA,NA,NA,NA,NA,NA,NA,NA,NA,NA,NA,272.06,NA,NA,NA,NA,NA,NA,NA,NA,NA,NA,NA,NA,NA,NA,NA,NA,NA,NA,NA,NA,NA
Ecuador,2023,COE,auction,NA,https://allianceforcoffeeexcellence.org/ecuador-2023/,2,12,NA,87.92,NA,NA,"$ 5,797.35",NA,NA,success,NA,NA,NA,NA,NA,NA,NA,NA,NA,Capamaco,NA,NA,NA,NA,NA,NA,NA,$ 21.20,NA,NA,SUPREMO COFFEE – Germany,NA,NA,NA,NA,NA,NA,NA,NA,NA,NA,NA,NA,NA,NA,NA,273.46,NA,NA,NA,NA,NA,NA,NA,NA,NA,NA,NA,NA,NA,NA,NA,NA,NA,NA,NA,NA,NA
Ecuador,2023,COE,auction,NA,https://allianceforcoffeeexcellence.org/ecuador-2023/,2,13,NA,87.75,NA,NA,"$ 6,838.24",NA,NA,success,NA,NA,NA,NA,NA,NA,NA,NA,NA,La Reserva,NA,NA,NA,NA,NA,NA,NA,$ 25.10,NA,NA,Blossom Valley 宸嶧國際 | CHG（手多多咖啡）| i . e . CAFE’ | Mlab coffee,NA,NA,NA,NA,NA,NA,NA,NA,NA,NA,NA,NA,NA,NA,NA,272.44,NA,NA,NA,NA,NA,NA,NA,NA,NA,NA,NA,NA,NA,NA,NA,NA,NA,NA,NA,NA,NA
Ecuador,2023,COE,auction,NA,https://allianceforcoffeeexcellence.org/ecuador-2023/,2,14,NA,87.33,NA,NA,"$ 6,745.59",NA,NA,success,NA,NA,NA,NA,NA,NA,NA,NA,NA,La Carolina,NA,NA,NA,NA,NA,NA,NA,$ 20.20,NA,NA,KAFFEBRENNERIET AS,NA,NA,NA,NA,NA,NA,NA,NA,NA,NA,NA,NA,NA,NA,NA,333.94,NA,NA,NA,NA,NA,NA,NA,NA,NA,NA,NA,NA,NA,NA,NA,NA,NA,NA,NA,NA,NA
Ecuador,2023,COE,auction,NA,https://allianceforcoffeeexcellence.org/ecuador-2023/,2,15,NA,87.25,NA,NA,"$ 7,199.95",NA,NA,success,NA,NA,NA,NA,NA,NA,NA,NA,NA,Café Johann,NA,NA,NA,NA,NA,NA,NA,$ 21.10,NA,NA,REHM SPECIALTY COFFEE IMPORTERS,NA,NA,NA,NA,NA,NA,NA,NA,NA,NA,NA,NA,NA,NA,NA,341.23,NA,NA,NA,NA,NA,NA,NA,NA,NA,NA,NA,NA,NA,NA,NA,NA,NA,NA,NA,NA,NA
Ecuador,2023,COE,auction,NA,https://allianceforcoffeeexcellence.org/ecuador-2023/,2,16,NA,87.11,NA,NA,"$ 4,539.74",NA,NA,success,NA,NA,NA,NA,NA,NA,NA,NA,NA,Café Johann,NA,NA,NA,NA,NA,NA,NA,$ 16.35,NA,NA,"Wataru & Co., Ltd.",NA,NA,NA,NA,NA,NA,NA,NA,NA,NA,NA,NA,NA,NA,NA,277.66,NA,NA,NA,NA,NA,NA,NA,NA,NA,NA,NA,NA,NA,NA,NA,NA,NA,NA,NA,NA,NA
El Salvador,2023,COE,auction,NA,https://allianceforcoffeeexcellence.org/el-salvador-2023/,2,1a,MILEYDI,91.82,NA,NA,"$31,693.69","Orsir International Co., Ltd. – Taiwan",NA,success,NA,NA,NA,NA,NA,NA,NA,NA,NA,NA,NA,NA,NA,NA,NA,NA,NA,NA,NA,NA,NA,NA,NA,NA,NA,NA,NA,NA,NA,NA,NA,NA,NA,NA,NA,NA,529.11,$59.90,NA,NA,NA,NA,NA,NA,NA,NA,NA,NA,NA,NA,NA,NA,NA,NA,NA,NA,NA,NA
El Salvador,2023,COE,auction,NA,https://allianceforcoffeeexcellence.org/el-salvador-2023/,2,1b,MILEYDI,91.82,NA,NA,"$27,130.04",Snow Beans Coffee – Japan. WAVY COFFEE. Songdo Coffee. RIO COFFEE,NA,success,NA,NA,NA,NA,NA,NA,NA,NA,NA,NA,NA,NA,NA,NA,NA,NA,NA,NA,NA,NA,NA,NA,NA,NA,NA,NA,NA,NA,NA,NA,NA,NA,NA,NA,NA,NA,462.97,$58.60,NA,NA,NA,NA,NA,NA,NA,NA,NA,NA,NA,NA,NA,NA,NA,NA,NA,NA,NA,NA
El Salvador,2023,COE,auction,NA,https://allianceforcoffeeexcellence.org/el-salvador-2023/,2,2a,LOS MORALES 1,91.23,NA,NA,"$12,719.64","Songdo Coffee_South Korea
Snow Beans Coffee, Bean Brothers Rosa, ONE TO TWO COFFEE, Big Black Box",NA,success,NA,NA,NA,NA,NA,NA,NA,NA,NA,NA,NA,NA,NA,NA,NA,NA,NA,NA,NA,NA,NA,NA,NA,NA,NA,NA,NA,NA,NA,NA,NA,NA,NA,NA,NA,NA,421.18,$30.20,NA,NA,NA,NA,NA,NA,NA,NA,NA,NA,NA,NA,NA,NA,NA,NA,NA,NA,NA,NA
El Salvador,2023,COE,auction,NA,https://allianceforcoffeeexcellence.org/el-salvador-2023/,2,2b,LOS MORALES 1,91.23,NA,NA,"$11,944.58",CHG(剁手咖啡群)/ Bean2cup Coffee / 成都澎澎/ M1咖啡奇幻工场/ 海南惊探号/ Boqueron火萨,NA,success,NA,NA,NA,NA,NA,NA,NA,NA,NA,NA,NA,NA,NA,NA,NA,NA,NA,NA,NA,NA,NA,NA,NA,NA,NA,NA,NA,NA,NA,NA,NA,NA,NA,NA,NA,NA,396.83,$30.10,NA,NA,NA,NA,NA,NA,NA,NA,NA,NA,NA,NA,NA,NA,NA,NA,NA,NA,NA,NA
El Salvador,2023,COE,auction,NA,https://allianceforcoffeeexcellence.org/el-salvador-2023/,2,3a,SAN LUIS DE LOS RECUERDOS,90.05,NA,NA,"$6,646.87","coffee lusso, ArounZ – South Korea",NA,success,NA,NA,NA,NA,NA,NA,NA,NA,NA,NA,NA,NA,NA,NA,NA,NA,NA,NA,NA,NA,NA,NA,NA,NA,NA,NA,NA,NA,NA,NA,NA,NA,NA,NA,NA,NA,330.69,$20.10,NA,NA,NA,NA,NA,NA,NA,NA,NA,NA,NA,NA,NA,NA,NA,NA,NA,NA,NA,NA
El Salvador,2023,COE,auction,NA,https://allianceforcoffeeexcellence.org/el-salvador-2023/,2,3b,SAN LUIS DE LOS RECUERDOS,90.05,NA,NA,"$6,283.11",Brew92 – Saudi Arabia,NA,success,NA,NA,NA,NA,NA,NA,NA,NA,NA,NA,NA,NA,NA,NA,NA,NA,NA,NA,NA,NA,NA,NA,NA,NA,NA,NA,NA,NA,NA,NA,NA,NA,NA,NA,NA,NA,330.69,$19.00,NA,NA,NA,NA,NA,NA,NA,NA,NA,NA,NA,NA,NA,NA,NA,NA,NA,NA,NA,NA
El Salvador,2023,COE,auction,NA,https://allianceforcoffeeexcellence.org/el-salvador-2023/,2,4,LA MONTAÑA,89.89,NA,NA,"$10,480.65",Kyokuto Fadie Corporation – Japan,NA,success,NA,NA,NA,NA,NA,NA,NA,NA,NA,NA,NA,NA,NA,NA,NA,NA,NA,NA,NA,NA,NA,NA,NA,NA,NA,NA,NA,NA,NA,NA,NA,NA,NA,NA,NA,NA,685.01,$15.30,NA,NA,NA,NA,NA,NA,NA,NA,NA,NA,NA,NA,NA,NA,NA,NA,NA,NA,NA,NA
El Salvador,2023,COE,auction,NA,https://allianceforcoffeeexcellence.org/el-salvador-2023/,2,5,LA ARADA,89.89,NA,NA,"$13,918.89","Mercanta North America for Cartel Roasting Co., Mercanta Limited UK.",NA,success,NA,NA,NA,NA,NA,NA,NA,NA,NA,NA,NA,NA,NA,NA,NA,NA,NA,NA,NA,NA,NA,NA,NA,NA,NA,NA,NA,NA,NA,NA,NA,NA,NA,NA,NA,NA,"1,521.19",$9.15,NA,NA,NA,NA,NA,NA,NA,NA,NA,NA,NA,NA,NA,NA,NA,NA,NA,NA,NA,NA
El Salvador,2023,COE,auction,NA,https://allianceforcoffeeexcellence.org/el-salvador-2023/,2,6,NUEVA GRANADA,89.54,NA,NA,"$10,079.48",Madcap Coffee Company – United States of America,NA,success,NA,NA,NA,NA,NA,NA,NA,NA,NA,NA,NA,NA,NA,NA,NA,NA,NA,NA,NA,NA,NA,NA,NA,NA,NA,NA,NA,NA,NA,NA,NA,NA,NA,NA,NA,NA,793.66,$12.70,NA,NA,NA,NA,NA,NA,NA,NA,NA,NA,NA,NA,NA,NA,NA,NA,NA,NA,NA,NA
El Salvador,2023,COE,auction,NA,https://allianceforcoffeeexcellence.org/el-salvador-2023/,2,7,DIVINA PROVIDENCIA,89.36,NA,NA,"$12,037.22",La Cabra – Denmark,NA,success,NA,NA,NA,NA,NA,NA,NA,NA,NA,NA,NA,NA,NA,NA,NA,NA,NA,NA,NA,NA,NA,NA,NA,NA,NA,NA,NA,NA,NA,NA,NA,NA,NA,NA,NA,NA,925.94,$13.00,NA,NA,NA,NA,NA,NA,NA,NA,NA,NA,NA,NA,NA,NA,NA,NA,NA,NA,NA,NA
El Salvador,2023,COE,auction,NA,https://allianceforcoffeeexcellence.org/el-salvador-2023/,2,8,PLAN DEL HOYO,89.25,NA,NA,"$10,248.12",honu加藤珈琲店株式会社 – Japan,NA,success,NA,NA,NA,NA,NA,NA,NA,NA,NA,NA,NA,NA,NA,NA,NA,NA,NA,NA,NA,NA,NA,NA,NA,NA,NA,NA,NA,NA,NA,NA,NA,NA,NA,NA,NA,NA,"1,680.02",$6.10,NA,NA,NA,NA,NA,NA,NA,NA,NA,NA,NA,NA,NA,NA,NA,NA,NA,NA,NA,NA
El Salvador,2023,COE,auction,NA,https://allianceforcoffeeexcellence.org/el-salvador-2023/,2,9,LOS MORALES 2,88.91,NA,NA,"$8,994.88",COFFEE COUNTY – Japan,NA,success,NA,NA,NA,NA,NA,NA,NA,NA,NA,NA,NA,NA,NA,NA,NA,NA,NA,NA,NA,NA,NA,NA,NA,NA,NA,NA,NA,NA,NA,NA,NA,NA,NA,NA,NA,NA,"1,124.36",$8.00,NA,NA,NA,NA,NA,NA,NA,NA,NA,NA,NA,NA,NA,NA,NA,NA,NA,NA,NA,NA
El Salvador,2023,COE,auction,NA,https://allianceforcoffeeexcellence.org/el-salvador-2023/,2,10,EL MIRADOR,88.84,NA,NA,"$7,716.03",M.I.Coffee Corporation – South Korea,NA,success,NA,NA,NA,NA,NA,NA,NA,NA,NA,NA,NA,NA,NA,NA,NA,NA,NA,NA,NA,NA,NA,NA,NA,NA,NA,NA,NA,NA,NA,NA,NA,NA,NA,NA,NA,NA,589.01,$13.10,NA,NA,NA,NA,NA,NA,NA,NA,NA,NA,NA,NA,NA,NA,NA,NA,NA,NA,NA,NA
El Salvador,2023,COE,auction,NA,https://allianceforcoffeeexcellence.org/el-salvador-2023/,2,11,SANTA FE,88.7,NA,NA,"$10,561.76",Wataru for WOODBERRY COFFEE – Japan,NA,success,NA,NA,NA,NA,NA,NA,NA,NA,NA,NA,NA,NA,NA,NA,NA,NA,NA,NA,NA,NA,NA,NA,NA,NA,NA,NA,NA,NA,NA,NA,NA,NA,NA,NA,NA,NA,644.01,$16.40,NA,NA,NA,NA,NA,NA,NA,NA,NA,NA,NA,NA,NA,NA,NA,NA,NA,NA,NA,NA
El Salvador,2023,COE,auction,NA,https://allianceforcoffeeexcellence.org/el-salvador-2023/,2,12,LAS MARIAS,88.66,NA,NA,"$7,579.45",DECAMERON COFFEE – China,NA,success,NA,NA,NA,NA,NA,NA,NA,NA,NA,NA,NA,NA,NA,NA,NA,NA,NA,NA,NA,NA,NA,NA,NA,NA,NA,NA,NA,NA,NA,NA,NA,NA,NA,NA,NA,NA,396.83,$19.10,NA,NA,NA,NA,NA,NA,NA,NA,NA,NA,NA,NA,NA,NA,NA,NA,NA,NA,NA,NA
El Salvador,2023,COE,auction,NA,https://allianceforcoffeeexcellence.org/el-salvador-2023/,2,13,LAS DUANAS,88.55,NA,NA,"$12,044.78",Kyokuto Fadie Corporation – Japan,NA,success,NA,NA,NA,NA,NA,NA,NA,NA,NA,NA,NA,NA,NA,NA,NA,NA,NA,NA,NA,NA,NA,NA,NA,NA,NA,NA,NA,NA,NA,NA,NA,NA,NA,NA,NA,NA,"1,487.01",$8.10,NA,NA,NA,NA,NA,NA,NA,NA,NA,NA,NA,NA,NA,NA,NA,NA,NA,NA,NA,NA
El Salvador,2023,COE,auction,NA,https://allianceforcoffeeexcellence.org/el-salvador-2023/,2,14,TALQUEZALAR,88.54,NA,NA,"$5,414.46",List & Beisler – Germany,NA,success,NA,NA,NA,NA,NA,NA,NA,NA,NA,NA,NA,NA,NA,NA,NA,NA,NA,NA,NA,NA,NA,NA,NA,NA,NA,NA,NA,NA,NA,NA,NA,NA,NA,NA,NA,NA,846.01,$6.40,NA,NA,NA,NA,NA,NA,NA,NA,NA,NA,NA,NA,NA,NA,NA,NA,NA,NA,NA,NA
El Salvador,2023,COE,auction,NA,https://allianceforcoffeeexcellence.org/el-salvador-2023/,2,15,MILAN,88.46,NA,NA,"$5,798.70","Xiamen Doowell Ocean Biotechnology Co., Ltd. – China",NA,success,NA,NA,NA,NA,NA,NA,NA,NA,NA,NA,NA,NA,NA,NA,NA,NA,NA,NA,NA,NA,NA,NA,NA,NA,NA,NA,NA,NA,NA,NA,NA,NA,NA,NA,NA,NA,379,$15.30,NA,NA,NA,NA,NA,NA,NA,NA,NA,NA,NA,NA,NA,NA,NA,NA,NA,NA,NA,NA
El Salvador,2023,COE,auction,NA,https://allianceforcoffeeexcellence.org/el-salvador-2023/,2,16,LA MANUELA,88.25,NA,NA,"$5,801.16",1895 by Lavazza – Italy,NA,success,NA,NA,NA,NA,NA,NA,NA,NA,NA,NA,NA,NA,NA,NA,NA,NA,NA,NA,NA,NA,NA,NA,NA,NA,NA,NA,NA,NA,NA,NA,NA,NA,NA,NA,NA,NA,951.01,$6.10,NA,NA,NA,NA,NA,NA,NA,NA,NA,NA,NA,NA,NA,NA,NA,NA,NA,NA,NA,NA
El Salvador,2023,COE,auction,NA,https://allianceforcoffeeexcellence.org/el-salvador-2023/,2,17,SAN NICOLAS,88.11,NA,NA,"$9,708.96",Wataru for Voila Coffee. – Japan,NA,success,NA,NA,NA,NA,NA,NA,NA,NA,NA,NA,NA,NA,NA,NA,NA,NA,NA,NA,NA,NA,NA,NA,NA,NA,NA,NA,NA,NA,NA,NA,NA,NA,NA,NA,NA,NA,592.01,$16.40,NA,NA,NA,NA,NA,NA,NA,NA,NA,NA,NA,NA,NA,NA,NA,NA,NA,NA,NA,NA
El Salvador,2023,COE,auction,NA,https://allianceforcoffeeexcellence.org/el-salvador-2023/,2,18,D.R.,88.09,NA,NA,"$6,349.32","Wataru & Co., Ltd. – Japan",NA,success,NA,NA,NA,NA,NA,NA,NA,NA,NA,NA,NA,NA,NA,NA,NA,NA,NA,NA,NA,NA,NA,NA,NA,NA,NA,NA,NA,NA,NA,NA,NA,NA,NA,NA,NA,NA,"1,058.22",$6.00,NA,NA,NA,NA,NA,NA,NA,NA,NA,NA,NA,NA,NA,NA,NA,NA,NA,NA,NA,NA
El Salvador,2023,COE,auction,NA,https://allianceforcoffeeexcellence.org/el-salvador-2023/,2,19,LOS AZACUANES,88.05,NA,NA,"$4,855.27",Brew92 – Saudi Arabia,NA,success,NA,NA,NA,NA,NA,NA,NA,NA,NA,NA,NA,NA,NA,NA,NA,NA,NA,NA,NA,NA,NA,NA,NA,NA,NA,NA,NA,NA,NA,NA,NA,NA,NA,NA,NA,NA,714.01,$6.80,NA,NA,NA,NA,NA,NA,NA,NA,NA,NA,NA,NA,NA,NA,NA,NA,NA,NA,NA,NA
El Salvador,2023,COE,auction,NA,https://allianceforcoffeeexcellence.org/el-salvador-2023/,2,20,NORUEGA,88.05,NA,NA,"$6,388.99",Campos Coffee – Australia,NA,success,NA,NA,NA,NA,NA,NA,NA,NA,NA,NA,NA,NA,NA,NA,NA,NA,NA,NA,NA,NA,NA,NA,NA,NA,NA,NA,NA,NA,NA,NA,NA,NA,NA,NA,NA,NA,462.97,$13.80,NA,NA,NA,NA,NA,NA,NA,NA,NA,NA,NA,NA,NA,NA,NA,NA,NA,NA,NA,NA
El Salvador,2023,COE,auction,NA,https://allianceforcoffeeexcellence.org/el-salvador-2023/,2,21,SANTA LETICIA,87.91,NA,NA,"$5,000.08","Wataru & Co., Ltd. – Japan",NA,success,NA,NA,NA,NA,NA,NA,NA,NA,NA,NA,NA,NA,NA,NA,NA,NA,NA,NA,NA,NA,NA,NA,NA,NA,NA,NA,NA,NA,NA,NA,NA,NA,NA,NA,NA,NA,925.94,$5.40,NA,NA,NA,NA,NA,NA,NA,NA,NA,NA,NA,NA,NA,NA,NA,NA,NA,NA,NA,NA
El Salvador,2023,COE,auction,NA,https://allianceforcoffeeexcellence.org/el-salvador-2023/,2,22,EL ZAPOTE (ETHIOPIA),87.73,NA,NA,"$4,347.07",NOZY COFFEE – Japan,NA,success,NA,NA,NA,NA,NA,NA,NA,NA,NA,NA,NA,NA,NA,NA,NA,NA,NA,NA,NA,NA,NA,NA,NA,NA,NA,NA,NA,NA,NA,NA,NA,NA,NA,NA,NA,NA,630.01,$6.90,NA,NA,NA,NA,NA,NA,NA,NA,NA,NA,NA,NA,NA,NA,NA,NA,NA,NA,NA,NA
El Salvador,2023,COE,auction,NA,https://allianceforcoffeeexcellence.org/el-salvador-2023/,2,23,PEÑA REDONDA,87.66,NA,NA,"$6,106.17","Wataru & Co., Ltd. – Japan",NA,success,NA,NA,NA,NA,NA,NA,NA,NA,NA,NA,NA,NA,NA,NA,NA,NA,NA,NA,NA,NA,NA,NA,NA,NA,NA,NA,NA,NA,NA,NA,NA,NA,NA,NA,NA,NA,854.01,$7.15,NA,NA,NA,NA,NA,NA,NA,NA,NA,NA,NA,NA,NA,NA,NA,NA,NA,NA,NA,NA
El Salvador,2023,COE,auction,NA,https://allianceforcoffeeexcellence.org/el-salvador-2023/,2,24,EL TARRO,87.64,NA,NA,"$3,936.45","Wataru & Co., Ltd. – Japan",NA,success,NA,NA,NA,NA,NA,NA,NA,NA,NA,NA,NA,NA,NA,NA,NA,NA,NA,NA,NA,NA,NA,NA,NA,NA,NA,NA,NA,NA,NA,NA,NA,NA,NA,NA,NA,NA,757.01,$5.20,NA,NA,NA,NA,NA,NA,NA,NA,NA,NA,NA,NA,NA,NA,NA,NA,NA,NA,NA,NA
El Salvador,2023,COE,auction,NA,https://allianceforcoffeeexcellence.org/el-salvador-2023/,2,25,EL GUAJE,87.63,NA,NA,"$4,076.85","Wataru & Co., Ltd. – Japan",NA,success,NA,NA,NA,NA,NA,NA,NA,NA,NA,NA,NA,NA,NA,NA,NA,NA,NA,NA,NA,NA,NA,NA,NA,NA,NA,NA,NA,NA,NA,NA,NA,NA,NA,NA,NA,NA,784.01,$5.20,NA,NA,NA,NA,NA,NA,NA,NA,NA,NA,NA,NA,NA,NA,NA,NA,NA,NA,NA,NA
El Salvador,2023,COE,auction,NA,https://allianceforcoffeeexcellence.org/el-salvador-2023/,2,26,PINAR DE SANTIAGO,87.59,NA,NA,"$3,968.30",NOZY COFFEE – Japan,NA,success,NA,NA,NA,NA,NA,NA,NA,NA,NA,NA,NA,NA,NA,NA,NA,NA,NA,NA,NA,NA,NA,NA,NA,NA,NA,NA,NA,NA,NA,NA,NA,NA,NA,NA,NA,NA,793.66,$5.00,NA,NA,NA,NA,NA,NA,NA,NA,NA,NA,NA,NA,NA,NA,NA,NA,NA,NA,NA,NA
El Salvador,2023,COE,auction,NA,https://allianceforcoffeeexcellence.org/el-salvador-2023/,2,27,SANTA PETRONA,87.55,NA,NA,"$3,637.65",honu加藤珈琲店株式会社 – Japan,NA,success,NA,NA,NA,NA,NA,NA,NA,NA,NA,NA,NA,NA,NA,NA,NA,NA,NA,NA,NA,NA,NA,NA,NA,NA,NA,NA,NA,NA,NA,NA,NA,NA,NA,NA,NA,NA,661.39,$5.50,NA,NA,NA,NA,NA,NA,NA,NA,NA,NA,NA,NA,NA,NA,NA,NA,NA,NA,NA,NA
El Salvador,2023,COE,auction,NA,https://allianceforcoffeeexcellence.org/el-salvador-2023/,2,28,LOS ANGELES,87.54,NA,NA,"$2,035.80",珈琲豆专门店/ 成都澎澎/ 海南惊探号/ Boqueron火萨,NA,success,NA,NA,NA,NA,NA,NA,NA,NA,NA,NA,NA,NA,NA,NA,NA,NA,NA,NA,NA,NA,NA,NA,NA,NA,NA,NA,NA,NA,NA,NA,NA,NA,NA,NA,NA,NA,377,$5.40,NA,NA,NA,NA,NA,NA,NA,NA,NA,NA,NA,NA,NA,NA,NA,NA,NA,NA,NA,NA
El Salvador,2023,COE,auction,NA,https://allianceforcoffeeexcellence.org/el-salvador-2023/,2,29,HOLANDA,87.5,NA,NA,"$3,988.25","Wataru & Co., Ltd. – Japan",NA,success,NA,NA,NA,NA,NA,NA,NA,NA,NA,NA,NA,NA,NA,NA,NA,NA,NA,NA,NA,NA,NA,NA,NA,NA,NA,NA,NA,NA,NA,NA,NA,NA,NA,NA,NA,NA,782.01,$5.10,NA,NA,NA,NA,NA,NA,NA,NA,NA,NA,NA,NA,NA,NA,NA,NA,NA,NA,NA,NA
El Salvador,2023,COE,auction,NA,https://allianceforcoffeeexcellence.org/el-salvador-2023/,2,30,EL IZOTAL,87.39,NA,NA,"$3,211.60",M.I.Coffee Corporation – South Korea,NA,success,NA,NA,NA,NA,NA,NA,NA,NA,NA,NA,NA,NA,NA,NA,NA,NA,NA,NA,NA,NA,NA,NA,NA,NA,NA,NA,NA,NA,NA,NA,NA,NA,NA,NA,NA,NA,518,$6.20,NA,NA,NA,NA,NA,NA,NA,NA,NA,NA,NA,NA,NA,NA,NA,NA,NA,NA,NA,NA
El Salvador,2023,NW,auction,NA,https://allianceforcoffeeexcellence.org/el-salvador-2023/,4,NW,MATTEO,87.29,"1,162.00",4,"4,648.00",Gil-Coffee – South Korea,NA,success,NA,NA,NA,NA,NA,NA,NA,NA,NA,NA,NA,NA,NA,NA,NA,NA,NA,NA,NA,NA,NA,NA,NA,NA,NA,NA,NA,NA,NA,NA,NA,NA,NA,NA,NA,NA,NA,NA,NA,NA,NA,NA,NA,NA,NA,NA,NA,NA,NA,NA,NA,NA,NA,NA,NA,NA,NA,NA
El Salvador,2023,NW,auction,NA,https://allianceforcoffeeexcellence.org/el-salvador-2023/,4,NW,ARGENTINA,87.13,661.39,4.2,"2,777.84",Brew 92 – Saudi Arabia,NA,success,NA,NA,NA,NA,NA,NA,NA,NA,NA,NA,NA,NA,NA,NA,NA,NA,NA,NA,NA,NA,NA,NA,NA,NA,NA,NA,NA,NA,NA,NA,NA,NA,NA,NA,NA,NA,NA,NA,NA,NA,NA,NA,NA,NA,NA,NA,NA,NA,NA,NA,NA,NA,NA,NA,NA,NA,NA,NA
El Salvador,2023,NW,auction,NA,https://allianceforcoffeeexcellence.org/el-salvador-2023/,4,NW,LOS NARANJOS,87.07,582,8.2,"4,772.40",Nozy Coffee – Japan,NA,success,NA,NA,NA,NA,NA,NA,NA,NA,NA,NA,NA,NA,NA,NA,NA,NA,NA,NA,NA,NA,NA,NA,NA,NA,NA,NA,NA,NA,NA,NA,NA,NA,NA,NA,NA,NA,NA,NA,NA,NA,NA,NA,NA,NA,NA,NA,NA,NA,NA,NA,NA,NA,NA,NA,NA,NA,NA,NA
El Salvador,2023,NW,auction,NA,https://allianceforcoffeeexcellence.org/el-salvador-2023/,4,NW,SAN ANDRES,86.64,595.25,6,"3,571.50",Wataru & Co. Ltd – Japan,NA,success,NA,NA,NA,NA,NA,NA,NA,NA,NA,NA,NA,NA,NA,NA,NA,NA,NA,NA,NA,NA,NA,NA,NA,NA,NA,NA,NA,NA,NA,NA,NA,NA,NA,NA,NA,NA,NA,NA,NA,NA,NA,NA,NA,NA,NA,NA,NA,NA,NA,NA,NA,NA,NA,NA,NA,NA,NA,NA
Guatemala,2023,COE,auction,NA,https://allianceforcoffeeexcellence.org/guatemala-2023/,2,1a,EL SOCORRO,91.13,340.75,131.85,"44,927.89",Taiwan Coffee Development Association、路易莎咖啡 Louisa Coffee、BEAN SUPER 豆超國際、Fika Fika Cafe Taiwan、Kakalove Cafe、達文西咖啡 dAVinci Coffee、OKLAO 歐客佬咖啡、Black Gold Specialty Coffee、詹記咖啡 Chanji Coffee 、咖啡匙、爐鍋咖啡 LUGUO CAFE 、虎咖啡、鵲 Kasasagi Coffee Roasters、鴉埠咖啡 YABOO café、Olivia Coffee Roaster、Peace and Love Cafe、馬戲團夠咖啡 Cirke Go、呷點心、Cafetaster 咖啡嗜者、啡茶時刻、93 coffee、Coffee L&J、UPON有香咖啡、麟閣咖啡、鐵魚咖啡、云境莊園、D3咖啡、守成咖啡、Taiwan Coffee Laboratory,NA,success,NA,NA,NA,NA,NA,NA,NA,NA,NA,NA,NA,NA,NA,NA,NA,NA,NA,NA,NA,NA,NA,NA,NA,NA,NA,NA,NA,NA,NA,NA,NA,NA,NA,NA,NA,NA,NA,NA,NA,NA,NA,NA,NA,NA,NA,NA,NA,NA,NA,NA,NA,NA,NA,NA,NA,NA,NA,NA
Guatemala,2023,COE,auction,NA,https://allianceforcoffeeexcellence.org/guatemala-2023/,2,1b,EL SOCORRO,91.13,340.75,130,"44,297.50","Fisher coffee 啡舍 /CoffeeBuff /NORDIC FROGGY COFFEE/HYLID COFFEE/  玫瑰咖啡ROSE CAFE/PRIVATE RESERVE-China/青岛李想珈 /东方国际商业（集团）有限公司 / SHANGHAI CARMO TRADING CO., LTD (珈露梦咖啡), 复苏计划咖啡工厂/Recovery Plan Coffee Factory. Wolfing Coffee",NA,success,NA,NA,NA,NA,NA,NA,NA,NA,NA,NA,NA,NA,NA,NA,NA,NA,NA,NA,NA,NA,NA,NA,NA,NA,NA,NA,NA,NA,NA,NA,NA,NA,NA,NA,NA,NA,NA,NA,NA,NA,NA,NA,NA,NA,NA,NA,NA,NA,NA,NA,NA,NA,NA,NA,NA,NA,NA,NA
Guatemala,2023,COE,auction,NA,https://allianceforcoffeeexcellence.org/guatemala-2023/,2,2a,ROSMA,90.82,308.1,70.2,"21,628.62","GeeCoffee – China, Discover Coffee (Malaysia)",NA,success,NA,NA,NA,NA,NA,NA,NA,NA,NA,NA,NA,NA,NA,NA,NA,NA,NA,NA,NA,NA,NA,NA,NA,NA,NA,NA,NA,NA,NA,NA,NA,NA,NA,NA,NA,NA,NA,NA,NA,NA,NA,NA,NA,NA,NA,NA,NA,NA,NA,NA,NA,NA,NA,NA,NA,NA,NA,NA
Guatemala,2023,COE,auction,NA,https://allianceforcoffeeexcellence.org/guatemala-2023/,2,2b,ROSMA,90.82,308.1,70.1,"21,597.81",NOZY COFFEE – Japan,NA,success,NA,NA,NA,NA,NA,NA,NA,NA,NA,NA,NA,NA,NA,NA,NA,NA,NA,NA,NA,NA,NA,NA,NA,NA,NA,NA,NA,NA,NA,NA,NA,NA,NA,NA,NA,NA,NA,NA,NA,NA,NA,NA,NA,NA,NA,NA,NA,NA,NA,NA,NA,NA,NA,NA,NA,NA,NA,NA
Guatemala,2023,COE,auction,NA,https://allianceforcoffeeexcellence.org/guatemala-2023/,2,3a,LA REFORMA Y ANEXOS,90.45,560.2,32.4,"18,150.48",BEAN SUPER豆超國際/ 啡茶時刻/ 93咖啡(93coffee.tw)/ Coffee L&J/ UPON有香咖啡/ 麟閣咖啡/ 鐵魚咖啡/ 云境莊園/ D3咖啡,NA,success,NA,NA,NA,NA,NA,NA,NA,NA,NA,NA,NA,NA,NA,NA,NA,NA,NA,NA,NA,NA,NA,NA,NA,NA,NA,NA,NA,NA,NA,NA,NA,NA,NA,NA,NA,NA,NA,NA,NA,NA,NA,NA,NA,NA,NA,NA,NA,NA,NA,NA,NA,NA,NA,NA,NA,NA,NA,NA
Guatemala,2023,COE,auction,NA,https://allianceforcoffeeexcellence.org/guatemala-2023/,2,3b,LA REFORMA Y ANEXOS,90.45,560.2,32.1,"17,982.42","Coffee Me Up (Korea), Coffee Therapy (Thailand), Mayforest(Ava Sofia), TWO HANDS FULL (Indonesia), BigBlackBox (Thailand), GLITCH COFFEE& ROASTERS by Marukai",NA,success,NA,NA,NA,NA,NA,NA,NA,NA,NA,NA,NA,NA,NA,NA,NA,NA,NA,NA,NA,NA,NA,NA,NA,NA,NA,NA,NA,NA,NA,NA,NA,NA,NA,NA,NA,NA,NA,NA,NA,NA,NA,NA,NA,NA,NA,NA,NA,NA,NA,NA,NA,NA,NA,NA,NA,NA,NA,NA
Guatemala,2023,COE,auction,NA,https://allianceforcoffeeexcellence.org/guatemala-2023/,2,4,LA COLINA,89.91,697.72,22.6,"15,768.47",Brew92 – Saudi Arabia,NA,success,NA,NA,NA,NA,NA,NA,NA,NA,NA,NA,NA,NA,NA,NA,NA,NA,NA,NA,NA,NA,NA,NA,NA,NA,NA,NA,NA,NA,NA,NA,NA,NA,NA,NA,NA,NA,NA,NA,NA,NA,NA,NA,NA,NA,NA,NA,NA,NA,NA,NA,NA,NA,NA,NA,NA,NA,NA,NA
Guatemala,2023,COE,auction,NA,https://allianceforcoffeeexcellence.org/guatemala-2023/,2,5,COYOTE BLANCO-SAC UTIÚ,89.73,579.88,20,"11,597.60","GABEE./ GOZOCAFE /有容乃大/kisscoffee/青岛李想珈 /东方国际商业（集团）有限公司 / SHANGHAI CARMO TRADING CO., LTD (珈露梦咖啡）",NA,success,NA,NA,NA,NA,NA,NA,NA,NA,NA,NA,NA,NA,NA,NA,NA,NA,NA,NA,NA,NA,NA,NA,NA,NA,NA,NA,NA,NA,NA,NA,NA,NA,NA,NA,NA,NA,NA,NA,NA,NA,NA,NA,NA,NA,NA,NA,NA,NA,NA,NA,NA,NA,NA,NA,NA,NA,NA,NA
Guatemala,2023,COE,auction,NA,https://allianceforcoffeeexcellence.org/guatemala-2023/,2,6,SAN JOSE DE LA BUENA ESPERANZA,89.7,550.67,22.1,"12,169.81","KALDI COFFEE FARM (CAMEL COFFEE CO.,LTD.) – Japan",NA,success,NA,NA,NA,NA,NA,NA,NA,NA,NA,NA,NA,NA,NA,NA,NA,NA,NA,NA,NA,NA,NA,NA,NA,NA,NA,NA,NA,NA,NA,NA,NA,NA,NA,NA,NA,NA,NA,NA,NA,NA,NA,NA,NA,NA,NA,NA,NA,NA,NA,NA,NA,NA,NA,NA,NA,NA,NA,NA
Guatemala,2023,COE,auction,NA,https://allianceforcoffeeexcellence.org/guatemala-2023/,2,7,MIRAMUNDO,89.66,495.5,23,"11,396.50",TAKAMURA COFFEE ROASTERS by Marukai,NA,success,NA,NA,NA,NA,NA,NA,NA,NA,NA,NA,NA,NA,NA,NA,NA,NA,NA,NA,NA,NA,NA,NA,NA,NA,NA,NA,NA,NA,NA,NA,NA,NA,NA,NA,NA,NA,NA,NA,NA,NA,NA,NA,NA,NA,NA,NA,NA,NA,NA,NA,NA,NA,NA,NA,NA,NA,NA,NA
Guatemala,2023,COE,auction,NA,https://allianceforcoffeeexcellence.org/guatemala-2023/,2,8,MONTAÑA HELADA,89.21,485.46,20,"9,709.20",SARUTAHIKO COFFEE – Japan,NA,success,NA,NA,NA,NA,NA,NA,NA,NA,NA,NA,NA,NA,NA,NA,NA,NA,NA,NA,NA,NA,NA,NA,NA,NA,NA,NA,NA,NA,NA,NA,NA,NA,NA,NA,NA,NA,NA,NA,NA,NA,NA,NA,NA,NA,NA,NA,NA,NA,NA,NA,NA,NA,NA,NA,NA,NA,NA,NA
Guatemala,2023,COE,auction,NA,https://allianceforcoffeeexcellence.org/guatemala-2023/,2,9,EL MUÑECO,88.96,595.29,20.1,"11,965.33",DECAMERON COFFEE – China,NA,success,NA,NA,NA,NA,NA,NA,NA,NA,NA,NA,NA,NA,NA,NA,NA,NA,NA,NA,NA,NA,NA,NA,NA,NA,NA,NA,NA,NA,NA,NA,NA,NA,NA,NA,NA,NA,NA,NA,NA,NA,NA,NA,NA,NA,NA,NA,NA,NA,NA,NA,NA,NA,NA,NA,NA,NA,NA,NA
Guatemala,2023,COE,auction,NA,https://allianceforcoffeeexcellence.org/guatemala-2023/,2,10,SANTA ELISA PACHUP,88.46,736.25,16.3,"12,000.88","MUSEO Co., Ltd. // COFFEE HWA ROASTERS (Korea) //언더프레셔(핸디엄) // liike coffee",NA,success,NA,NA,NA,NA,NA,NA,NA,NA,NA,NA,NA,NA,NA,NA,NA,NA,NA,NA,NA,NA,NA,NA,NA,NA,NA,NA,NA,NA,NA,NA,NA,NA,NA,NA,NA,NA,NA,NA,NA,NA,NA,NA,NA,NA,NA,NA,NA,NA,NA,NA,NA,NA,NA,NA,NA,NA,NA,NA
Guatemala,2023,COE,auction,NA,https://allianceforcoffeeexcellence.org/guatemala-2023/,2,11,SAN JUAN,88.3,658.17,14.7,"9,675.10",honu加藤珈琲店株式会社 – Japan,NA,success,NA,NA,NA,NA,NA,NA,NA,NA,NA,NA,NA,NA,NA,NA,NA,NA,NA,NA,NA,NA,NA,NA,NA,NA,NA,NA,NA,NA,NA,NA,NA,NA,NA,NA,NA,NA,NA,NA,NA,NA,NA,NA,NA,NA,NA,NA,NA,NA,NA,NA,NA,NA,NA,NA,NA,NA,NA,NA
Guatemala,2023,COE,auction,NA,https://allianceforcoffeeexcellence.org/guatemala-2023/,2,12,EL AMATE Y ANEXOS,88.27,656.14,14.8,"9,710.87",ONYX COFFEE – United States of America,NA,success,NA,NA,NA,NA,NA,NA,NA,NA,NA,NA,NA,NA,NA,NA,NA,NA,NA,NA,NA,NA,NA,NA,NA,NA,NA,NA,NA,NA,NA,NA,NA,NA,NA,NA,NA,NA,NA,NA,NA,NA,NA,NA,NA,NA,NA,NA,NA,NA,NA,NA,NA,NA,NA,NA,NA,NA,NA,NA
Guatemala,2023,COE,auction,NA,https://allianceforcoffeeexcellence.org/guatemala-2023/,2,13,LA BUGAMBILIA,88.13,534.44,14.2,"7,589.05","MayForest (Owol-sup), CAFFEOL, MARISSTELLA COFFEE, Roasting For a While -South Korea",NA,success,NA,NA,NA,NA,NA,NA,NA,NA,NA,NA,NA,NA,NA,NA,NA,NA,NA,NA,NA,NA,NA,NA,NA,NA,NA,NA,NA,NA,NA,NA,NA,NA,NA,NA,NA,NA,NA,NA,NA,NA,NA,NA,NA,NA,NA,NA,NA,NA,NA,NA,NA,NA,NA,NA,NA,NA,NA,NA
Guatemala,2023,COE,auction,NA,https://allianceforcoffeeexcellence.org/guatemala-2023/,2,14,GUATALON,88.04,700.05,14,"9,800.70",mychem – South Korea,NA,success,NA,NA,NA,NA,NA,NA,NA,NA,NA,NA,NA,NA,NA,NA,NA,NA,NA,NA,NA,NA,NA,NA,NA,NA,NA,NA,NA,NA,NA,NA,NA,NA,NA,NA,NA,NA,NA,NA,NA,NA,NA,NA,NA,NA,NA,NA,NA,NA,NA,NA,NA,NA,NA,NA,NA,NA,NA,NA
Guatemala,2023,COE,auction,NA,https://allianceforcoffeeexcellence.org/guatemala-2023/,2,15,LAS MACADAMIAS,87.91,614.56,20.4,"12,537.02","Xiamen Doowell Ocean Biotechnology Co., Ltd. – China",NA,success,NA,NA,NA,NA,NA,NA,NA,NA,NA,NA,NA,NA,NA,NA,NA,NA,NA,NA,NA,NA,NA,NA,NA,NA,NA,NA,NA,NA,NA,NA,NA,NA,NA,NA,NA,NA,NA,NA,NA,NA,NA,NA,NA,NA,NA,NA,NA,NA,NA,NA,NA,NA,NA,NA,NA,NA,NA,NA
Guatemala,2023,COE,auction,NA,https://allianceforcoffeeexcellence.org/guatemala-2023/,2,16,BELLA VISTA,87.88,613.55,16.8,"10,307.64",ONYX COFFEE  and Idle Hands Roasting Co – United States of America,NA,success,NA,NA,NA,NA,NA,NA,NA,NA,NA,NA,NA,NA,NA,NA,NA,NA,NA,NA,NA,NA,NA,NA,NA,NA,NA,NA,NA,NA,NA,NA,NA,NA,NA,NA,NA,NA,NA,NA,NA,NA,NA,NA,NA,NA,NA,NA,NA,NA,NA,NA,NA,NA,NA,NA,NA,NA,NA,NA
Guatemala,2023,COE,auction,NA,https://allianceforcoffeeexcellence.org/guatemala-2023/,2,17,AGUA TIBIA Y ANEXOS,87.86,691.63,15.3,"10,581.94","GSC International Co., Ltd – South Korea",NA,success,NA,NA,NA,NA,NA,NA,NA,NA,NA,NA,NA,NA,NA,NA,NA,NA,NA,NA,NA,NA,NA,NA,NA,NA,NA,NA,NA,NA,NA,NA,NA,NA,NA,NA,NA,NA,NA,NA,NA,NA,NA,NA,NA,NA,NA,NA,NA,NA,NA,NA,NA,NA,NA,NA,NA,NA,NA,NA
Guatemala,2023,COE,auction,NA,https://allianceforcoffeeexcellence.org/guatemala-2023/,2,18,CASCADA ENCANTADA,87.7,510.1,25.1,"12,803.51",NOZY COFFEE – Japan,NA,success,NA,NA,NA,NA,NA,NA,NA,NA,NA,NA,NA,NA,NA,NA,NA,NA,NA,NA,NA,NA,NA,NA,NA,NA,NA,NA,NA,NA,NA,NA,NA,NA,NA,NA,NA,NA,NA,NA,NA,NA,NA,NA,NA,NA,NA,NA,NA,NA,NA,NA,NA,NA,NA,NA,NA,NA,NA,NA
Guatemala,2023,COE,auction,NA,https://allianceforcoffeeexcellence.org/guatemala-2023/,2,19,EL ZAPOTE Y ANEXOS,87.64,971.53,15.1,"14,670.10","GSC International Co., Ltd – South Korea",NA,success,NA,NA,NA,NA,NA,NA,NA,NA,NA,NA,NA,NA,NA,NA,NA,NA,NA,NA,NA,NA,NA,NA,NA,NA,NA,NA,NA,NA,NA,NA,NA,NA,NA,NA,NA,NA,NA,NA,NA,NA,NA,NA,NA,NA,NA,NA,NA,NA,NA,NA,NA,NA,NA,NA,NA,NA,NA,NA
Guatemala,2023,COE,auction,NA,https://allianceforcoffeeexcellence.org/guatemala-2023/,2,20,ANTIGUA BUENA VISTA Y ANEXOS,87.63,600.36,12.7,"7,624.57",Wataru for Voila Coffee,NA,success,NA,NA,NA,NA,NA,NA,NA,NA,NA,NA,NA,NA,NA,NA,NA,NA,NA,NA,NA,NA,NA,NA,NA,NA,NA,NA,NA,NA,NA,NA,NA,NA,NA,NA,NA,NA,NA,NA,NA,NA,NA,NA,NA,NA,NA,NA,NA,NA,NA,NA,NA,NA,NA,NA,NA,NA,NA,NA
Guatemala,2023,COE,auction,NA,https://allianceforcoffeeexcellence.org/guatemala-2023/,2,21,SIERRA ROJA,87.61,536.47,17.2,"9,227.28","Tabei Coffee, Branch coffee, Chatoracoffee, Japan Roasters’ Network",NA,success,NA,NA,NA,NA,NA,NA,NA,NA,NA,NA,NA,NA,NA,NA,NA,NA,NA,NA,NA,NA,NA,NA,NA,NA,NA,NA,NA,NA,NA,NA,NA,NA,NA,NA,NA,NA,NA,NA,NA,NA,NA,NA,NA,NA,NA,NA,NA,NA,NA,NA,NA,NA,NA,NA,NA,NA,NA,NA
Guatemala,2023,COE,auction,NA,https://allianceforcoffeeexcellence.org/guatemala-2023/,2,22,LA CANOA,87.52,456.86,19.6,"8,954.46",ECOFARM COFFEE for Fisher Coffee,NA,success,NA,NA,NA,NA,NA,NA,NA,NA,NA,NA,NA,NA,NA,NA,NA,NA,NA,NA,NA,NA,NA,NA,NA,NA,NA,NA,NA,NA,NA,NA,NA,NA,NA,NA,NA,NA,NA,NA,NA,NA,NA,NA,NA,NA,NA,NA,NA,NA,NA,NA,NA,NA,NA,NA,NA,NA,NA,NA
Guatemala,2023,COE,auction,NA,https://allianceforcoffeeexcellence.org/guatemala-2023/,2,23,LAS HORTENSIAS,87.39,778.85,14.4,"11,215.44","Wataru & Co., Ltd.",NA,success,NA,NA,NA,NA,NA,NA,NA,NA,NA,NA,NA,NA,NA,NA,NA,NA,NA,NA,NA,NA,NA,NA,NA,NA,NA,NA,NA,NA,NA,NA,NA,NA,NA,NA,NA,NA,NA,NA,NA,NA,NA,NA,NA,NA,NA,NA,NA,NA,NA,NA,NA,NA,NA,NA,NA,NA,NA,NA
Guatemala,2023,COE,auction,NA,https://allianceforcoffeeexcellence.org/guatemala-2023/,2,24,LOS JUTES,87.3,692.65,19.4,"13,437.41","La Pluma & Bohemian, ESCUDO COFFEE – South Korea",NA,success,NA,NA,NA,NA,NA,NA,NA,NA,NA,NA,NA,NA,NA,NA,NA,NA,NA,NA,NA,NA,NA,NA,NA,NA,NA,NA,NA,NA,NA,NA,NA,NA,NA,NA,NA,NA,NA,NA,NA,NA,NA,NA,NA,NA,NA,NA,NA,NA,NA,NA,NA,NA,NA,NA,NA,NA,NA,NA
Guatemala,2023,COE,auction,NA,https://allianceforcoffeeexcellence.org/guatemala-2023/,2,25,LA ESPERANZA,87.27,424.92,14.1,"5,991.37",List & Beisler – Germany,NA,success,NA,NA,NA,NA,NA,NA,NA,NA,NA,NA,NA,NA,NA,NA,NA,NA,NA,NA,NA,NA,NA,NA,NA,NA,NA,NA,NA,NA,NA,NA,NA,NA,NA,NA,NA,NA,NA,NA,NA,NA,NA,NA,NA,NA,NA,NA,NA,NA,NA,NA,NA,NA,NA,NA,NA,NA,NA,NA
Guatemala,2023,COE,auction,NA,https://allianceforcoffeeexcellence.org/guatemala-2023/,2,26,GRANO DE ORO,87.18,591.03,12.2,"7,210.57","Wataru & Co., Ltd.",NA,success,NA,NA,NA,NA,NA,NA,NA,NA,NA,NA,NA,NA,NA,NA,NA,NA,NA,NA,NA,NA,NA,NA,NA,NA,NA,NA,NA,NA,NA,NA,NA,NA,NA,NA,NA,NA,NA,NA,NA,NA,NA,NA,NA,NA,NA,NA,NA,NA,NA,NA,NA,NA,NA,NA,NA,NA,NA,NA
Guatemala,2023,COE,auction,NA,https://allianceforcoffeeexcellence.org/guatemala-2023/,2,27,PAMPOJILA Y ANEXOS,87.16,"1,427.38",13.7,"19,555.11",Campos Coffee – Australia,NA,success,NA,NA,NA,NA,NA,NA,NA,NA,NA,NA,NA,NA,NA,NA,NA,NA,NA,NA,NA,NA,NA,NA,NA,NA,NA,NA,NA,NA,NA,NA,NA,NA,NA,NA,NA,NA,NA,NA,NA,NA,NA,NA,NA,NA,NA,NA,NA,NA,NA,NA,NA,NA,NA,NA,NA,NA,NA,NA
Guatemala,2023,COE,auction,NA,https://allianceforcoffeeexcellence.org/guatemala-2023/,2,28,LA QUINA,87.02,660.2,13.8,"9,110.76",Kyokuto Fadie Corporation – Japan,NA,success,NA,NA,NA,NA,NA,NA,NA,NA,NA,NA,NA,NA,NA,NA,NA,NA,NA,NA,NA,NA,NA,NA,NA,NA,NA,NA,NA,NA,NA,NA,NA,NA,NA,NA,NA,NA,NA,NA,NA,NA,NA,NA,NA,NA,NA,NA,NA,NA,NA,NA,NA,NA,NA,NA,NA,NA,NA,NA
Guatemala,2023,NW,auction,NA,https://allianceforcoffeeexcellence.org/guatemala-2023/,4,NW,RETANA Y ANEXOS,86.95,NA,8.1,"4,780.78",Wataru – Japan,NA,success,NA,NA,NA,NA,NA,NA,NA,NA,NA,NA,NA,NA,NA,NA,NA,NA,NA,NA,NA,NA,NA,NA,NA,NA,NA,NA,NA,NA,NA,NA,NA,NA,NA,NA,NA,NA,590.22,NA,NA,NA,NA,NA,NA,NA,NA,NA,NA,NA,NA,NA,NA,NA,NA,NA,NA,NA,NA,NA
Guatemala,2023,NW,auction,NA,https://allianceforcoffeeexcellence.org/guatemala-2023/,4,NW,LA HERMOSA,86.89,NA,11.1,"6,664.00",Orsir – Taiwan,NA,success,NA,NA,NA,NA,NA,NA,NA,NA,NA,NA,NA,NA,NA,NA,NA,NA,NA,NA,NA,NA,NA,NA,NA,NA,NA,NA,NA,NA,NA,NA,NA,NA,NA,NA,NA,NA,600.36,NA,NA,NA,NA,NA,NA,NA,NA,NA,NA,NA,NA,NA,NA,NA,NA,NA,NA,NA,NA,NA
Guatemala,2023,NW,auction,NA,https://allianceforcoffeeexcellence.org/guatemala-2023/,4,NW,AURORA,86.43,NA,10.1,"5,807.60",Dongjin TRADING – South Korea,NA,success,NA,NA,NA,NA,NA,NA,NA,NA,NA,NA,NA,NA,NA,NA,NA,NA,NA,NA,NA,NA,NA,NA,NA,NA,NA,NA,NA,NA,NA,NA,NA,NA,NA,NA,NA,NA,575.01,NA,NA,NA,NA,NA,NA,NA,NA,NA,NA,NA,NA,NA,NA,NA,NA,NA,NA,NA,NA,NA
Honduras,2023,COE,auction,NA,https://allianceforcoffeeexcellence.org/honduras-2023/,2,1a,Pino De Oro,91.78,462.97,US$ 62.00/lb,"US$ 28,704.14",Coffee Libre – South Korea,NA,success,NA,NA,NA,NA,NA,NA,NA,NA,NA,NA,NA,NA,NA,NA,NA,NA,NA,NA,NA,NA,NA,NA,NA,NA,NA,NA,NA,NA,NA,NA,NA,NA,NA,NA,NA,NA,NA,NA,NA,NA,NA,NA,NA,NA,NA,NA,NA,NA,NA,NA,NA,NA,NA,NA,NA,NA,NA,NA
Honduras,2023,COE,auction,NA,https://allianceforcoffeeexcellence.org/honduras-2023/,2,1b,Pino De Oro,91.78,462.97,US$ 62.00/lb,"US$ 28,704.14","Proud Mary – Australia, SUPREMO COFFEE- Germany, Cafe Kreyol – USA",NA,success,NA,NA,NA,NA,NA,NA,NA,NA,NA,NA,NA,NA,NA,NA,NA,NA,NA,NA,NA,NA,NA,NA,NA,NA,NA,NA,NA,NA,NA,NA,NA,NA,NA,NA,NA,NA,NA,NA,NA,NA,NA,NA,NA,NA,NA,NA,NA,NA,NA,NA,NA,NA,NA,NA,NA,NA,NA,NA
Honduras,2023,COE,auction,NA,https://allianceforcoffeeexcellence.org/honduras-2023/,2,2a,Las Virginias,91.08,330.69,US$ 60.40/lb,"US$ 19,973.68","Coffee Me Up (Korea), Coffee Therapy (Thailand), GLITCH COFFEE & ROASTERS by MARUKAI, Red meow coffee company",NA,success,NA,NA,NA,NA,NA,NA,NA,NA,NA,NA,NA,NA,NA,NA,NA,NA,NA,NA,NA,NA,NA,NA,NA,NA,NA,NA,NA,NA,NA,NA,NA,NA,NA,NA,NA,NA,NA,NA,NA,NA,NA,NA,NA,NA,NA,NA,NA,NA,NA,NA,NA,NA,NA,NA,NA,NA,NA,NA
Honduras,2023,COE,auction,NA,https://allianceforcoffeeexcellence.org/honduras-2023/,2,2b,Las Virginias,91.08,324.08,US$ 60.20/lb,"US$ 19,509.62",Snow Beans Coffee – Japan,NA,success,NA,NA,NA,NA,NA,NA,NA,NA,NA,NA,NA,NA,NA,NA,NA,NA,NA,NA,NA,NA,NA,NA,NA,NA,NA,NA,NA,NA,NA,NA,NA,NA,NA,NA,NA,NA,NA,NA,NA,NA,NA,NA,NA,NA,NA,NA,NA,NA,NA,NA,NA,NA,NA,NA,NA,NA,NA,NA
Honduras,2023,COE,auction,NA,https://allianceforcoffeeexcellence.org/honduras-2023/,2,3,La Fresa,89.92,513.68,US$ 42.10/lb,"US$ 21,625.93",DECAMERON COFFEE – China,NA,success,NA,NA,NA,NA,NA,NA,NA,NA,NA,NA,NA,NA,NA,NA,NA,NA,NA,NA,NA,NA,NA,NA,NA,NA,NA,NA,NA,NA,NA,NA,NA,NA,NA,NA,NA,NA,NA,NA,NA,NA,NA,NA,NA,NA,NA,NA,NA,NA,NA,NA,NA,NA,NA,NA,NA,NA,NA,NA
Honduras,2023,COE,auction,NA,https://allianceforcoffeeexcellence.org/honduras-2023/,2,4,El Zapote,89.69,562.18,US$ 36.00/lb,"US$ 20,238.48",Coffee Libre – South Korea,NA,success,NA,NA,NA,NA,NA,NA,NA,NA,NA,NA,NA,NA,NA,NA,NA,NA,NA,NA,NA,NA,NA,NA,NA,NA,NA,NA,NA,NA,NA,NA,NA,NA,NA,NA,NA,NA,NA,NA,NA,NA,NA,NA,NA,NA,NA,NA,NA,NA,NA,NA,NA,NA,NA,NA,NA,NA,NA,NA
Honduras,2023,COE,auction,NA,https://allianceforcoffeeexcellence.org/honduras-2023/,2,5,La Salsa,89.22,595.25,US$ 30.10/lb,"US$ 17,917.03",Black & White – United States,NA,success,NA,NA,NA,NA,NA,NA,NA,NA,NA,NA,NA,NA,NA,NA,NA,NA,NA,NA,NA,NA,NA,NA,NA,NA,NA,NA,NA,NA,NA,NA,NA,NA,NA,NA,NA,NA,NA,NA,NA,NA,NA,NA,NA,NA,NA,NA,NA,NA,NA,NA,NA,NA,NA,NA,NA,NA,NA,NA
Honduras,2023,COE,auction,NA,https://allianceforcoffeeexcellence.org/honduras-2023/,2,6,Platanares,89.08,652.57,US$ 10.10/lb,"US$ 6,590.96",NOZY COFFEE – Japan,NA,success,NA,NA,NA,NA,NA,NA,NA,NA,NA,NA,NA,NA,NA,NA,NA,NA,NA,NA,NA,NA,NA,NA,NA,NA,NA,NA,NA,NA,NA,NA,NA,NA,NA,NA,NA,NA,NA,NA,NA,NA,NA,NA,NA,NA,NA,NA,NA,NA,NA,NA,NA,NA,NA,NA,NA,NA,NA,NA
Honduras,2023,COE,auction,NA,https://allianceforcoffeeexcellence.org/honduras-2023/,2,7,Los Pinos,88.94,529.11,US$ 20.20/lb,"US$ 10,688.02",NOZY COFFEE – Japan,NA,success,NA,NA,NA,NA,NA,NA,NA,NA,NA,NA,NA,NA,NA,NA,NA,NA,NA,NA,NA,NA,NA,NA,NA,NA,NA,NA,NA,NA,NA,NA,NA,NA,NA,NA,NA,NA,NA,NA,NA,NA,NA,NA,NA,NA,NA,NA,NA,NA,NA,NA,NA,NA,NA,NA,NA,NA,NA,NA
Honduras,2023,COE,auction,NA,https://allianceforcoffeeexcellence.org/honduras-2023/,2,8,De La Casa,88.94,529.11,US$ 10.00/lb,"US$ 5,291.10",NOZY COFFEE – Japan,NA,success,NA,NA,NA,NA,NA,NA,NA,NA,NA,NA,NA,NA,NA,NA,NA,NA,NA,NA,NA,NA,NA,NA,NA,NA,NA,NA,NA,NA,NA,NA,NA,NA,NA,NA,NA,NA,NA,NA,NA,NA,NA,NA,NA,NA,NA,NA,NA,NA,NA,NA,NA,NA,NA,NA,NA,NA,NA,NA
Honduras,2023,COE,auction,NA,https://allianceforcoffeeexcellence.org/honduras-2023/,2,9,La Salvaje,88.89,595.25,US$ 20.00/lb,"US$ 11,905.00","Coffee A Go! Go!, Adachi Coffee, THOTH COFFEE, Japan Roasters’ Network",NA,success,NA,NA,NA,NA,NA,NA,NA,NA,NA,NA,NA,NA,NA,NA,NA,NA,NA,NA,NA,NA,NA,NA,NA,NA,NA,NA,NA,NA,NA,NA,NA,NA,NA,NA,NA,NA,NA,NA,NA,NA,NA,NA,NA,NA,NA,NA,NA,NA,NA,NA,NA,NA,NA,NA,NA,NA,NA,NA
Honduras,2023,COE,auction,NA,https://allianceforcoffeeexcellence.org/honduras-2023/,2,10,Agua Dulce,88.89,590.84,US$ 19.60/lb,"US$ 11,580.46",M.I.Coffee Corporation – South Korea,NA,success,NA,NA,NA,NA,NA,NA,NA,NA,NA,NA,NA,NA,NA,NA,NA,NA,NA,NA,NA,NA,NA,NA,NA,NA,NA,NA,NA,NA,NA,NA,NA,NA,NA,NA,NA,NA,NA,NA,NA,NA,NA,NA,NA,NA,NA,NA,NA,NA,NA,NA,NA,NA,NA,NA,NA,NA,NA,NA
Honduras,2023,COE,auction,NA,https://allianceforcoffeeexcellence.org/honduras-2023/,2,11,La Reina,88.64,"1,719.60",US$ 17.00/lb,"US$ 29,233.20",KAFFEBRENNERIET AS – Norway,NA,success,NA,NA,NA,NA,NA,NA,NA,NA,NA,NA,NA,NA,NA,NA,NA,NA,NA,NA,NA,NA,NA,NA,NA,NA,NA,NA,NA,NA,NA,NA,NA,NA,NA,NA,NA,NA,NA,NA,NA,NA,NA,NA,NA,NA,NA,NA,NA,NA,NA,NA,NA,NA,NA,NA,NA,NA,NA,NA
Honduras,2023,COE,auction,NA,https://allianceforcoffeeexcellence.org/honduras-2023/,2,12,Los Tres Cedros,88.64,595.25,US$ 10.30/lb,"US$ 6,131.08",Solberg & Hansen – Norway,NA,success,NA,NA,NA,NA,NA,NA,NA,NA,NA,NA,NA,NA,NA,NA,NA,NA,NA,NA,NA,NA,NA,NA,NA,NA,NA,NA,NA,NA,NA,NA,NA,NA,NA,NA,NA,NA,NA,NA,NA,NA,NA,NA,NA,NA,NA,NA,NA,NA,NA,NA,NA,NA,NA,NA,NA,NA,NA,NA
Honduras,2023,COE,auction,NA,https://allianceforcoffeeexcellence.org/honduras-2023/,2,13,Arianita,88.64,571,US$ 20.20/lb,"US$ 11,534.20",terarosa – South Korea,NA,success,NA,NA,NA,NA,NA,NA,NA,NA,NA,NA,NA,NA,NA,NA,NA,NA,NA,NA,NA,NA,NA,NA,NA,NA,NA,NA,NA,NA,NA,NA,NA,NA,NA,NA,NA,NA,NA,NA,NA,NA,NA,NA,NA,NA,NA,NA,NA,NA,NA,NA,NA,NA,NA,NA,NA,NA,NA,NA
Honduras,2023,COE,auction,NA,https://allianceforcoffeeexcellence.org/honduras-2023/,2,14,La Casa,88.58,698.86,US$ 9.00/lb,"US$ 6,289.74",Wataru for OGAWA COFFEE – Japan,NA,success,NA,NA,NA,NA,NA,NA,NA,NA,NA,NA,NA,NA,NA,NA,NA,NA,NA,NA,NA,NA,NA,NA,NA,NA,NA,NA,NA,NA,NA,NA,NA,NA,NA,NA,NA,NA,NA,NA,NA,NA,NA,NA,NA,NA,NA,NA,NA,NA,NA,NA,NA,NA,NA,NA,NA,NA,NA,NA
Honduras,2023,COE,auction,NA,https://allianceforcoffeeexcellence.org/honduras-2023/,2,15,El Guamal,88.5,595.25,US$ 13.10/lb,"US$ 7,797.78","Foosung Corporation
LaB Coffee – Roaster
Ryans Coffee Roasters
KOOK Coffee roasters",NA,success,NA,NA,NA,NA,NA,NA,NA,NA,NA,NA,NA,NA,NA,NA,NA,NA,NA,NA,NA,NA,NA,NA,NA,NA,NA,NA,NA,NA,NA,NA,NA,NA,NA,NA,NA,NA,NA,NA,NA,NA,NA,NA,NA,NA,NA,NA,NA,NA,NA,NA,NA,NA,NA,NA,NA,NA,NA,NA
Honduras,2023,COE,auction,NA,https://allianceforcoffeeexcellence.org/honduras-2023/,2,16,La Montañita,88.33,793.66,US$ 8.90/lb,"US$ 7,063.57",honu加藤珈琲店株式会社 – Japan,NA,success,NA,NA,NA,NA,NA,NA,NA,NA,NA,NA,NA,NA,NA,NA,NA,NA,NA,NA,NA,NA,NA,NA,NA,NA,NA,NA,NA,NA,NA,NA,NA,NA,NA,NA,NA,NA,NA,NA,NA,NA,NA,NA,NA,NA,NA,NA,NA,NA,NA,NA,NA,NA,NA,NA,NA,NA,NA,NA
Honduras,2023,COE,auction,NA,https://allianceforcoffeeexcellence.org/honduras-2023/,2,17,Buena Vista,88.14,595.25,US$ 6.60/lb,"US$ 3,928.65","Wataru & Co., Ltd. – Japan",NA,success,NA,NA,NA,NA,NA,NA,NA,NA,NA,NA,NA,NA,NA,NA,NA,NA,NA,NA,NA,NA,NA,NA,NA,NA,NA,NA,NA,NA,NA,NA,NA,NA,NA,NA,NA,NA,NA,NA,NA,NA,NA,NA,NA,NA,NA,NA,NA,NA,NA,NA,NA,NA,NA,NA,NA,NA,NA,NA
Honduras,2023,COE,auction,NA,https://allianceforcoffeeexcellence.org/honduras-2023/,2,18,Los Robles,88.11,462.97,US$ 8.20/lb,"US$ 3,796.35","Wataru & Co., Ltd. – Japan",NA,success,NA,NA,NA,NA,NA,NA,NA,NA,NA,NA,NA,NA,NA,NA,NA,NA,NA,NA,NA,NA,NA,NA,NA,NA,NA,NA,NA,NA,NA,NA,NA,NA,NA,NA,NA,NA,NA,NA,NA,NA,NA,NA,NA,NA,NA,NA,NA,NA,NA,NA,NA,NA,NA,NA,NA,NA,NA,NA
Honduras,2023,COE,auction,NA,https://allianceforcoffeeexcellence.org/honduras-2023/,2,19,La Colmena,88.11,595.25,US$ 19.10/lb,"US$ 11,369.28","coffee lusso, ArounZ – South Korea",NA,success,NA,NA,NA,NA,NA,NA,NA,NA,NA,NA,NA,NA,NA,NA,NA,NA,NA,NA,NA,NA,NA,NA,NA,NA,NA,NA,NA,NA,NA,NA,NA,NA,NA,NA,NA,NA,NA,NA,NA,NA,NA,NA,NA,NA,NA,NA,NA,NA,NA,NA,NA,NA,NA,NA,NA,NA,NA,NA
Honduras,2023,COE,auction,NA,https://allianceforcoffeeexcellence.org/honduras-2023/,2,20,La Peña,87.81,564.38,US$ 9.20/lb,"US$ 5,192.30","Wataru & Co., Ltd. – Japan",NA,success,NA,NA,NA,NA,NA,NA,NA,NA,NA,NA,NA,NA,NA,NA,NA,NA,NA,NA,NA,NA,NA,NA,NA,NA,NA,NA,NA,NA,NA,NA,NA,NA,NA,NA,NA,NA,NA,NA,NA,NA,NA,NA,NA,NA,NA,NA,NA,NA,NA,NA,NA,NA,NA,NA,NA,NA,NA,NA
Honduras,2023,COE,auction,NA,https://allianceforcoffeeexcellence.org/honduras-2023/,2,21,El Pozo,87.72,529.11,US$ 8.20/lb,"US$ 4,338.70",Black & White – United States,NA,success,NA,NA,NA,NA,NA,NA,NA,NA,NA,NA,NA,NA,NA,NA,NA,NA,NA,NA,NA,NA,NA,NA,NA,NA,NA,NA,NA,NA,NA,NA,NA,NA,NA,NA,NA,NA,NA,NA,NA,NA,NA,NA,NA,NA,NA,NA,NA,NA,NA,NA,NA,NA,NA,NA,NA,NA,NA,NA
Honduras,2023,COE,auction,NA,https://allianceforcoffeeexcellence.org/honduras-2023/,2,22,La Bendicion,87.61,595.25,US$ 7.70/lb,"US$ 4,583.43","Wataru & Co., Ltd. – Japan",NA,success,NA,NA,NA,NA,NA,NA,NA,NA,NA,NA,NA,NA,NA,NA,NA,NA,NA,NA,NA,NA,NA,NA,NA,NA,NA,NA,NA,NA,NA,NA,NA,NA,NA,NA,NA,NA,NA,NA,NA,NA,NA,NA,NA,NA,NA,NA,NA,NA,NA,NA,NA,NA,NA,NA,NA,NA,NA,NA
Honduras,2023,COE,auction,NA,https://allianceforcoffeeexcellence.org/honduras-2023/,2,23,Sueño Fertil,87.61,507.06,US$ 20.20/lb,"US$ 10,242.61","Wataru & Co., Ltd. – Japan",NA,success,NA,NA,NA,NA,NA,NA,NA,NA,NA,NA,NA,NA,NA,NA,NA,NA,NA,NA,NA,NA,NA,NA,NA,NA,NA,NA,NA,NA,NA,NA,NA,NA,NA,NA,NA,NA,NA,NA,NA,NA,NA,NA,NA,NA,NA,NA,NA,NA,NA,NA,NA,NA,NA,NA,NA,NA,NA,NA
Honduras,2023,COE,auction,NA,https://allianceforcoffeeexcellence.org/honduras-2023/,2,24,Chavelo N°2,87.58,725.32,US$ 8.40/lb,"US$ 6,092.69",Kyokuto Fadie Corporation – Japan,NA,success,NA,NA,NA,NA,NA,NA,NA,NA,NA,NA,NA,NA,NA,NA,NA,NA,NA,NA,NA,NA,NA,NA,NA,NA,NA,NA,NA,NA,NA,NA,NA,NA,NA,NA,NA,NA,NA,NA,NA,NA,NA,NA,NA,NA,NA,NA,NA,NA,NA,NA,NA,NA,NA,NA,NA,NA,NA,NA
Honduras,2023,COE,auction,NA,https://allianceforcoffeeexcellence.org/honduras-2023/,2,25,El Sol,87.39,529.11,US$ 5.80/lb,"US$ 3,068.84","Wataru & Co., Ltd. – Japan",NA,success,NA,NA,NA,NA,NA,NA,NA,NA,NA,NA,NA,NA,NA,NA,NA,NA,NA,NA,NA,NA,NA,NA,NA,NA,NA,NA,NA,NA,NA,NA,NA,NA,NA,NA,NA,NA,NA,NA,NA,NA,NA,NA,NA,NA,NA,NA,NA,NA,NA,NA,NA,NA,NA,NA,NA,NA,NA,NA
Honduras,2023,COE,auction,NA,https://allianceforcoffeeexcellence.org/honduras-2023/,2,26,Los Quetzales,87.39,518.09,US$ 10.10/lb,"US$ 5,232.71",Wataru for Voila Coffee – Japan,NA,success,NA,NA,NA,NA,NA,NA,NA,NA,NA,NA,NA,NA,NA,NA,NA,NA,NA,NA,NA,NA,NA,NA,NA,NA,NA,NA,NA,NA,NA,NA,NA,NA,NA,NA,NA,NA,NA,NA,NA,NA,NA,NA,NA,NA,NA,NA,NA,NA,NA,NA,NA,NA,NA,NA,NA,NA,NA,NA
Honduras,2023,COE,auction,NA,https://allianceforcoffeeexcellence.org/honduras-2023/,2,27,El Itacayo,87.39,529.11,US$ 16.80/lb,"US$ 8,889.05",Linking Coffee + Zhanlu Coffee – Taiwan.,NA,success,NA,NA,NA,NA,NA,NA,NA,NA,NA,NA,NA,NA,NA,NA,NA,NA,NA,NA,NA,NA,NA,NA,NA,NA,NA,NA,NA,NA,NA,NA,NA,NA,NA,NA,NA,NA,NA,NA,NA,NA,NA,NA,NA,NA,NA,NA,NA,NA,NA,NA,NA,NA,NA,NA,NA,NA,NA,NA
Honduras,2023,COE,auction,NA,https://allianceforcoffeeexcellence.org/honduras-2023/,2,28,El Boqueron,87.36,449.74,US$ 8.20/lb,"US$ 3,687.87","Wataru & Co., Ltd. – Japan",NA,success,NA,NA,NA,NA,NA,NA,NA,NA,NA,NA,NA,NA,NA,NA,NA,NA,NA,NA,NA,NA,NA,NA,NA,NA,NA,NA,NA,NA,NA,NA,NA,NA,NA,NA,NA,NA,NA,NA,NA,NA,NA,NA,NA,NA,NA,NA,NA,NA,NA,NA,NA,NA,NA,NA,NA,NA,NA,NA
Honduras,2023,COE,auction,NA,https://allianceforcoffeeexcellence.org/honduras-2023/,2,29,El Mango,87.36,727.52,US$ 8.40/lb,"US$ 6,111.17","Wataru & Co., Ltd. – Japan",NA,success,NA,NA,NA,NA,NA,NA,NA,NA,NA,NA,NA,NA,NA,NA,NA,NA,NA,NA,NA,NA,NA,NA,NA,NA,NA,NA,NA,NA,NA,NA,NA,NA,NA,NA,NA,NA,NA,NA,NA,NA,NA,NA,NA,NA,NA,NA,NA,NA,NA,NA,NA,NA,NA,NA,NA,NA,NA,NA
Honduras,2023,COE,auction,NA,https://allianceforcoffeeexcellence.org/honduras-2023/,2,30,Liquidambar,87.33,"1,446.23",US$ 9.50/lb,"US$ 13,739.19",honu加藤珈琲店株式会社 – Japan,NA,success,NA,NA,NA,NA,NA,NA,NA,NA,NA,NA,NA,NA,NA,NA,NA,NA,NA,NA,NA,NA,NA,NA,NA,NA,NA,NA,NA,NA,NA,NA,NA,NA,NA,NA,NA,NA,NA,NA,NA,NA,NA,NA,NA,NA,NA,NA,NA,NA,NA,NA,NA,NA,NA,NA,NA,NA,NA,NA
Indonesia,2023,COE,auction,NA,https://allianceforcoffeeexcellence.org/indonesia-2023/,2,NA,Ijen Lestari,91.41,NA,NA,NA,NA,NA,success,NA,NA,NA,NA,NA,NA,NA,NA,NA,NA,NA,NA,NA,NA,NA,NA,1A,$45.50,"$18,055.77",NA,"Orsir International Co., Ltd.",NA,NA,NA,NA,NA,NA,NA,NA,NA,NA,NA,NA,NA,NA,NA,396.83,NA,NA,NA,NA,NA,NA,NA,NA,NA,NA,NA,NA,NA,NA,NA,NA,NA,NA,NA,NA,NA
Indonesia,2023,COE,auction,NA,https://allianceforcoffeeexcellence.org/indonesia-2023/,2,NA,Ijen Lestari,91.41,NA,NA,NA,NA,NA,success,NA,NA,NA,NA,NA,NA,NA,NA,NA,NA,NA,NA,NA,NA,NA,NA,1B,$43.60,"$17,055.88",NA,"SAVAYA Coffee Market – USA
WAVY Coffee Roasters and GLITCH Coffee& Roasters by Marukai – Japan

L’escargot d’or cosmetocafe – France",NA,NA,NA,NA,NA,NA,NA,NA,NA,NA,NA,NA,NA,NA,NA,391.19,NA,NA,NA,NA,NA,NA,NA,NA,NA,NA,NA,NA,NA,NA,NA,NA,NA,NA,NA,NA,NA
Indonesia,2023,COE,auction,NA,https://allianceforcoffeeexcellence.org/indonesia-2023/,2,NA,Wajamala,90.35,NA,NA,NA,NA,NA,success,NA,NA,NA,NA,NA,NA,NA,NA,NA,NA,NA,NA,NA,NA,NA,NA,2A,$30.00,"$9,920.70",NA,"Coffee Me Up (Korea), Slick Coffee Co., Coffee Therapy (Thailand), Lotus Lab",NA,NA,NA,NA,NA,NA,NA,NA,NA,NA,NA,NA,NA,NA,NA,330.69,NA,NA,NA,NA,NA,NA,NA,NA,NA,NA,NA,NA,NA,NA,NA,NA,NA,NA,NA,NA,NA
Indonesia,2023,COE,auction,NA,https://allianceforcoffeeexcellence.org/indonesia-2023/,2,NA,Wajamala,90.35,NA,NA,NA,NA,NA,success,NA,NA,NA,NA,NA,NA,NA,NA,NA,NA,NA,NA,NA,NA,NA,NA,2B,$30.50,"$9,000.86",NA,"BIG BLACK BOX (Thailand), Casa Lapin, Koff&Bun, Nicherry",NA,NA,NA,NA,NA,NA,NA,NA,NA,NA,NA,NA,NA,NA,NA,295.11,NA,NA,NA,NA,NA,NA,NA,NA,NA,NA,NA,NA,NA,NA,NA,NA,NA,NA,NA,NA,NA
Indonesia,2023,COE,auction,NA,https://allianceforcoffeeexcellence.org/indonesia-2023/,2,NA,Angin-angin,90.06,NA,NA,NA,NA,NA,success,NA,NA,NA,NA,NA,NA,NA,NA,NA,NA,NA,NA,NA,NA,NA,NA,3A,$26.25,"$7,835.89",NA,"BLACK GOLD COFFEE (TAIWAN), COFFEE PARTNER INTERNATIONAL (INDONESIA)",NA,NA,NA,NA,NA,NA,NA,NA,NA,NA,NA,NA,NA,NA,NA,298.51,NA,NA,NA,NA,NA,NA,NA,NA,NA,NA,NA,NA,NA,NA,NA,NA,NA,NA,NA,NA,NA
Indonesia,2023,COE,auction,NA,https://allianceforcoffeeexcellence.org/indonesia-2023/,2,NA,Angin-angin,90.06,NA,NA,NA,NA,NA,success,NA,NA,NA,NA,NA,NA,NA,NA,NA,NA,NA,NA,NA,NA,NA,NA,3B,$27.30,"$7,222.22",NA,CHG（手多多咖啡）,NA,NA,NA,NA,NA,NA,NA,NA,NA,NA,NA,NA,NA,NA,NA,264.55,NA,NA,NA,NA,NA,NA,NA,NA,NA,NA,NA,NA,NA,NA,NA,NA,NA,NA,NA,NA,NA
Indonesia,2023,COE,auction,NA,https://allianceforcoffeeexcellence.org/indonesia-2023/,2,NA,Avarata Coffee,90.06,NA,NA,NA,NA,NA,success,NA,NA,NA,NA,NA,NA,NA,NA,NA,NA,NA,NA,NA,NA,NA,NA,4,$10.00,"$5,825.00",NA,"Coffee Beyond Borders for XTRAT, A Roastworks, Two Hands Full, L Coffee Roaster, TBRK, Espresso Embassy, Rumah Sangrai Bloom, Temu Roastery.",NA,NA,NA,NA,NA,NA,NA,NA,NA,NA,NA,NA,NA,NA,NA,582.50,NA,NA,NA,NA,NA,NA,NA,NA,NA,NA,NA,NA,NA,NA,NA,NA,NA,NA,NA,NA,NA
Indonesia,2023,COE,auction,NA,https://allianceforcoffeeexcellence.org/indonesia-2023/,2,NA,Central Sumatera Coffee,89.47,NA,NA,NA,NA,NA,success,NA,NA,NA,NA,NA,NA,NA,NA,NA,NA,NA,NA,NA,NA,NA,NA,5,$8.60,"$6,649.18",NA,"List & Beisler
LA BOHEME",NA,NA,NA,NA,NA,NA,NA,NA,NA,NA,NA,NA,NA,NA,NA,773.16,NA,NA,NA,NA,NA,NA,NA,NA,NA,NA,NA,NA,NA,NA,NA,NA,NA,NA,NA,NA,NA
Indonesia,2023,COE,auction,NA,https://allianceforcoffeeexcellence.org/indonesia-2023/,2,NA,Wanoja Coffee Plot Hj. Eti Sumiati,89.35,NA,NA,NA,NA,NA,success,NA,NA,NA,NA,NA,NA,NA,NA,NA,NA,NA,NA,NA,NA,NA,NA,6,$10.37,"$5,895.14",NA,"SAVAYA COFFEE MARKET – USA
LaB Coffee & Roasters",NA,NA,NA,NA,NA,NA,NA,NA,NA,NA,NA,NA,NA,NA,NA,568.48,NA,NA,NA,NA,NA,NA,NA,NA,NA,NA,NA,NA,NA,NA,NA,NA,NA,NA,NA,NA,NA
Indonesia,2023,COE,auction,NA,https://allianceforcoffeeexcellence.org/indonesia-2023/,2,NA,Atang Jungket,89.21,NA,NA,NA,NA,NA,success,NA,NA,NA,NA,NA,NA,NA,NA,NA,NA,NA,NA,NA,NA,NA,NA,7,$15.80,"$9,182.64",NA,"Coffee Beyond Borders for XTRAT, Uminomukou, L Coffee Roaster, TBRK.",NA,NA,NA,NA,NA,NA,NA,NA,NA,NA,NA,NA,NA,NA,NA,581.18,NA,NA,NA,NA,NA,NA,NA,NA,NA,NA,NA,NA,NA,NA,NA,NA,NA,NA,NA,NA,NA
Indonesia,2023,COE,auction,NA,https://allianceforcoffeeexcellence.org/indonesia-2023/,2,NA,Rantekarua Coffee Plantation PT. Sulotco Jaya Abadi,89.15,NA,NA,NA,NA,NA,success,NA,NA,NA,NA,NA,NA,NA,NA,NA,NA,NA,NA,NA,NA,NA,NA,8,$9.30,"$5,315.23",NA,"La Pluma & Bohemian, ESCUDO COFFEE",NA,NA,NA,NA,NA,NA,NA,NA,NA,NA,NA,NA,NA,NA,NA,571.53,NA,NA,NA,NA,NA,NA,NA,NA,NA,NA,NA,NA,NA,NA,NA,NA,NA,NA,NA,NA,NA
Indonesia,2023,COE,auction,NA,https://allianceforcoffeeexcellence.org/indonesia-2023/,2,NA,PT. De Gayo Agri Indonesia,88.38,NA,NA,NA,NA,NA,success,NA,NA,NA,NA,NA,NA,NA,NA,NA,NA,NA,NA,NA,NA,NA,NA,9,$11.80,"$6,772.61",NA,Sulalat Coffee Trading,NA,NA,NA,NA,NA,NA,NA,NA,NA,NA,NA,NA,NA,NA,NA,573.95,NA,NA,NA,NA,NA,NA,NA,NA,NA,NA,NA,NA,NA,NA,NA,NA,NA,NA,NA,NA,NA
Indonesia,2023,COE,auction,NA,https://allianceforcoffeeexcellence.org/indonesia-2023/,2,NA,Finca De Berman,88.15,NA,NA,NA,NA,NA,success,NA,NA,NA,NA,NA,NA,NA,NA,NA,NA,NA,NA,NA,NA,NA,NA,10,$9.00,"$5,477.85",NA,"Wataru & Co., Ltd.",NA,NA,NA,NA,NA,NA,NA,NA,NA,NA,NA,NA,NA,NA,NA,608.65,NA,NA,NA,NA,NA,NA,NA,NA,NA,NA,NA,NA,NA,NA,NA,NA,NA,NA,NA,NA,NA
Indonesia,2023,COE,auction,NA,https://allianceforcoffeeexcellence.org/indonesia-2023/,2,NA,Koperasi Ribang Gayo Musara,88.06,NA,NA,NA,NA,NA,success,NA,NA,NA,NA,NA,NA,NA,NA,NA,NA,NA,NA,NA,NA,NA,NA,11,$7.00,"$5,064.57",NA,"Wataru & Co., Ltd.",NA,NA,NA,NA,NA,NA,NA,NA,NA,NA,NA,NA,NA,NA,NA,723.51,NA,NA,NA,NA,NA,NA,NA,NA,NA,NA,NA,NA,NA,NA,NA,NA,NA,NA,NA,NA,NA
Indonesia,2023,COE,auction,NA,https://allianceforcoffeeexcellence.org/indonesia-2023/,2,NA,Pelage Coffee,88.03,NA,NA,NA,NA,NA,success,NA,NA,NA,NA,NA,NA,NA,NA,NA,NA,NA,NA,NA,NA,NA,NA,12,$8.60,"$4,910.60",NA,"Wataru & Co., Ltd.",NA,NA,NA,NA,NA,NA,NA,NA,NA,NA,NA,NA,NA,NA,NA,571.00,NA,NA,NA,NA,NA,NA,NA,NA,NA,NA,NA,NA,NA,NA,NA,NA,NA,NA,NA,NA,NA
Indonesia,2023,COE,auction,NA,https://allianceforcoffeeexcellence.org/indonesia-2023/,2,NA,Bengkolan Dua Farm,87.97,NA,NA,NA,NA,NA,success,NA,NA,NA,NA,NA,NA,NA,NA,NA,NA,NA,NA,NA,NA,NA,NA,13,$10.20,"$5,959.04",NA,"Wataru & Co., Ltd.",NA,NA,NA,NA,NA,NA,NA,NA,NA,NA,NA,NA,NA,NA,NA,584.22,NA,NA,NA,NA,NA,NA,NA,NA,NA,NA,NA,NA,NA,NA,NA,NA,NA,NA,NA,NA,NA
Indonesia,2023,COE,auction,NA,https://allianceforcoffeeexcellence.org/indonesia-2023/,2,NA,Blok Emper,87.97,NA,NA,NA,NA,NA,success,NA,NA,NA,NA,NA,NA,NA,NA,NA,NA,NA,NA,NA,NA,NA,NA,14,$11.11,"$6,386.92",NA,"MUSEO Co., Ltd.",NA,NA,NA,NA,NA,NA,NA,NA,NA,NA,NA,NA,NA,NA,NA,574.88,NA,NA,NA,NA,NA,NA,NA,NA,NA,NA,NA,NA,NA,NA,NA,NA,NA,NA,NA,NA,NA
Indonesia,2023,COE,auction,NA,https://allianceforcoffeeexcellence.org/indonesia-2023/,2,NA,Wanoja Coffee Plot Satrea Amambi,87.82,NA,NA,NA,NA,NA,success,NA,NA,NA,NA,NA,NA,NA,NA,NA,NA,NA,NA,NA,NA,NA,NA,15,$10.90,"$6,371.38",NA,M.I.Coffee Corporation,NA,NA,NA,NA,NA,NA,NA,NA,NA,NA,NA,NA,NA,NA,NA,584.53,NA,NA,NA,NA,NA,NA,NA,NA,NA,NA,NA,NA,NA,NA,NA,NA,NA,NA,NA,NA,NA
Indonesia,2023,COE,auction,NA,https://allianceforcoffeeexcellence.org/indonesia-2023/,2,NA,Wanoja Coffee Plot Ita Rosita,87.65,NA,NA,NA,NA,NA,success,NA,NA,NA,NA,NA,NA,NA,NA,NA,NA,NA,NA,NA,NA,NA,NA,16,$11.10,"$6,284.71",NA,Wataru for Voila Coffee,NA,NA,NA,NA,NA,NA,NA,NA,NA,NA,NA,NA,NA,NA,NA,566.19,NA,NA,NA,NA,NA,NA,NA,NA,NA,NA,NA,NA,NA,NA,NA,NA,NA,NA,NA,NA,NA
Indonesia,2023,COE,auction,NA,https://allianceforcoffeeexcellence.org/indonesia-2023/,2,NA,Weninggalih,87.59,NA,NA,NA,NA,NA,success,NA,NA,NA,NA,NA,NA,NA,NA,NA,NA,NA,NA,NA,NA,NA,NA,17,$10.20,"$5,897.03",NA,SUPREMO COFFEE – Germany,NA,NA,NA,NA,NA,NA,NA,NA,NA,NA,NA,NA,NA,NA,NA,578.14,NA,NA,NA,NA,NA,NA,NA,NA,NA,NA,NA,NA,NA,NA,NA,NA,NA,NA,NA,NA,NA
Indonesia,2023,COE,auction,NA,https://allianceforcoffeeexcellence.org/indonesia-2023/,2,NA,Kian Mandiri Farm,87.47,NA,NA,NA,NA,NA,success,NA,NA,NA,NA,NA,NA,NA,NA,NA,NA,NA,NA,NA,NA,NA,NA,18,$10.20,"$6,338.69",NA,Campos Coffee,NA,NA,NA,NA,NA,NA,NA,NA,NA,NA,NA,NA,NA,NA,NA,621.44,NA,NA,NA,NA,NA,NA,NA,NA,NA,NA,NA,NA,NA,NA,NA,NA,NA,NA,NA,NA,NA
Indonesia,2023,COE,auction,NA,https://allianceforcoffeeexcellence.org/indonesia-2023/,2,NA,Siluk Coffee,87.35,NA,NA,NA,NA,NA,success,NA,NA,NA,NA,NA,NA,NA,NA,NA,NA,NA,NA,NA,NA,NA,NA,19,$13.60,"$12,213.21",NA,"Coffee Beyond Borders for XTRAT, Uminomukou, TBRK, Temu Roastery",NA,NA,NA,NA,NA,NA,NA,NA,NA,NA,NA,NA,NA,NA,NA,898.03,NA,NA,NA,NA,NA,NA,NA,NA,NA,NA,NA,NA,NA,NA,NA,NA,NA,NA,NA,NA,NA
Indonesia,2023,COE,auction,NA,https://allianceforcoffeeexcellence.org/indonesia-2023/,2,NA,Suket Mountain/Gunung Suket,87.35,NA,NA,NA,NA,NA,success,NA,NA,NA,NA,NA,NA,NA,NA,NA,NA,NA,NA,NA,NA,NA,NA,20,$6.25,"$5,676.88",NA,"Wataru & Co., Ltd.",NA,NA,NA,NA,NA,NA,NA,NA,NA,NA,NA,NA,NA,NA,NA,908.30,NA,NA,NA,NA,NA,NA,NA,NA,NA,NA,NA,NA,NA,NA,NA,NA,NA,NA,NA,NA,NA
Indonesia,2023,COE,auction,NA,https://allianceforcoffeeexcellence.org/indonesia-2023/,2,NA,Rukun Saudara Farm,87.32,NA,NA,NA,NA,NA,success,NA,NA,NA,NA,NA,NA,NA,NA,NA,NA,NA,NA,NA,NA,NA,NA,21,$16.40,"$9,649.27",NA,Solberg & Hansen,NA,NA,NA,NA,NA,NA,NA,NA,NA,NA,NA,NA,NA,NA,NA,588.37,NA,NA,NA,NA,NA,NA,NA,NA,NA,NA,NA,NA,NA,NA,NA,NA,NA,NA,NA,NA,NA
Indonesia,2023,COE,auction,NA,https://allianceforcoffeeexcellence.org/indonesia-2023/,2,NA,Empus Reje Guru,87.24,NA,NA,NA,NA,NA,success,NA,NA,NA,NA,NA,NA,NA,NA,NA,NA,NA,NA,NA,NA,NA,NA,22,$8.45,"$4,878.95",NA,"Cuppers of Korea, Woojongho Coffee, Imbarista, Five_C_CoffeeWorks, AG COFFEE, Q_coffee_lab, Look at the Barista",NA,NA,NA,NA,NA,NA,NA,NA,NA,NA,NA,NA,NA,NA,NA,577.39,NA,NA,NA,NA,NA,NA,NA,NA,NA,NA,NA,NA,NA,NA,NA,NA,NA,NA,NA,NA,NA
Indonesia,2023,COE,auction,NA,https://allianceforcoffeeexcellence.org/indonesia-2023/,2,NA,,,NA,NA,NA,NA,NA,success,NA,NA,NA,NA,NA,NA,NA,NA,NA,NA,NA,NA,NA,NA,NA,NA,TOTALS:,Avg. $/lb 13.83,"$193,840.18",NA,,NA,NA,NA,NA,NA,NA,NA,NA,NA,NA,NA,NA,NA,NA,NA,Total lb 14012.33,NA,NA,NA,NA,NA,NA,NA,NA,NA,NA,NA,NA,NA,NA,NA,NA,NA,NA,NA,NA,NA
Indonesia,2023,NW,auction,NA,https://allianceforcoffeeexcellence.org/indonesia-2023/,4,NA,Sisola Specialty Coffee,86.38,NA,NA,NA,NA,NA,success,NA,NA,NA,NA,NA,NA,NA,NA,NA,NA,NA,NA,NA,NA,NA,NA,NW,$5.10,3004.95438,NA,SAVAYA COFFEE LLC,NA,NA,NA,NA,NA,NA,NA,NA,NA,NA,NA,NA,NA,NA,NA,589.21,NA,NA,NA,NA,NA,NA,NA,NA,NA,NA,NA,NA,NA,NA,NA,NA,NA,NA,NA,NA,NA
Indonesia,2023,NW,auction,NA,https://allianceforcoffeeexcellence.org/indonesia-2023/,4,NA,Dete Coffee,85.68,NA,NA,NA,NA,NA,success,NA,NA,NA,NA,NA,NA,NA,NA,NA,NA,NA,NA,NA,NA,NA,NA,NW,$5.20,3090.930151,NA,SAVAYA COFFEE LLC,NA,NA,NA,NA,NA,NA,NA,NA,NA,NA,NA,NA,NA,NA,NA,594.41,NA,NA,NA,NA,NA,NA,NA,NA,NA,NA,NA,NA,NA,NA,NA,NA,NA,NA,NA,NA,NA
Indonesia,2023,NW,auction,NA,https://allianceforcoffeeexcellence.org/indonesia-2023/,4,NA,,,NA,NA,NA,NA,NA,success,NA,NA,NA,NA,NA,NA,NA,NA,NA,NA,NA,NA,NA,NA,NA,NA,,Avg. $ 5.15 /lb,"$6,095.88",NA,,NA,NA,NA,NA,NA,NA,NA,NA,NA,NA,NA,NA,NA,NA,NA,1183.62,NA,NA,NA,NA,NA,NA,NA,NA,NA,NA,NA,NA,NA,NA,NA,NA,NA,NA,NA,NA,NA
Mexico,2023,COE,auction,NA,https://allianceforcoffeeexcellence.org/mexico-2023/,2,1a,FINCA LAS NIEVES,91,264.5544,NA,"US$ 16,137.55","Proud Mary – Australia
L’escargot d’or cosmetocafe FRANCE",NA,success,NA,NA,NA,NA,NA,NA,NA,NA,NA,NA,NA,NA,NA,NA,NA,NA,NA,NA,NA,NA,NA,NA,NA,NA,NA,NA,NA,NA,NA,NA,NA,NA,NA,NA,NA,NA,NA,US$ 61.00,NA,NA,NA,NA,NA,NA,NA,NA,NA,NA,NA,NA,NA,NA,NA,NA,NA,NA,NA,NA
Mexico,2023,COE,auction,NA,https://allianceforcoffeeexcellence.org/mexico-2023/,2,1b,FINCA LAS NIEVES,91,315.26066,NA,"US$ 13,278.10","SAVAYA COFFEE LLC, Difference Coffee, Coffee Me Up (Korea)",NA,success,NA,NA,NA,NA,NA,NA,NA,NA,NA,NA,NA,NA,NA,NA,NA,NA,NA,NA,NA,NA,NA,NA,NA,NA,NA,NA,NA,NA,NA,NA,NA,NA,NA,NA,NA,NA,NA,US$ 53.30,NA,NA,NA,NA,NA,NA,NA,NA,NA,NA,NA,NA,NA,NA,NA,NA,NA,NA,NA,NA
Mexico,2023,COE,auction,NA,https://allianceforcoffeeexcellence.org/mexico-2023/,2,2a,FINCA SANTA CRUZ,90.69,595.2474,NA,"US$ 22,910.46","KALDI COFFEE FARM (CAMEL COFFEE CO.,LTD.) – Japan",NA,success,NA,NA,NA,NA,NA,NA,NA,NA,NA,NA,NA,NA,NA,NA,NA,NA,NA,NA,NA,NA,NA,NA,NA,NA,NA,NA,NA,NA,NA,NA,NA,NA,NA,NA,NA,NA,NA,US$ 43.30,NA,NA,NA,NA,NA,NA,NA,NA,NA,NA,NA,NA,NA,NA,NA,NA,NA,NA,NA,NA
Mexico,2023,COE,auction,NA,https://allianceforcoffeeexcellence.org/mexico-2023/,2,2b,FINCA SANTA CRUZ,90.69,524.69956,NA,"US$ 23,034.33","ACCIO BEANS COFFEE
西双版纳里头咖啡有限公司（Little.）
咖星人 E·T COFFEE",NA,success,NA,NA,NA,NA,NA,NA,NA,NA,NA,NA,NA,NA,NA,NA,NA,NA,NA,NA,NA,NA,NA,NA,NA,NA,NA,NA,NA,NA,NA,NA,NA,NA,NA,NA,NA,NA,NA,US$ 43.90,NA,NA,NA,NA,NA,NA,NA,NA,NA,NA,NA,NA,NA,NA,NA,NA,NA,NA,NA,NA
Mexico,2023,COE,auction,NA,https://allianceforcoffeeexcellence.org/mexico-2023/,2,3a,FINCA POCITOS,90.25,132.2772,NA,"US$ 6,746.28",Nanjing Eco Farm China for TarTar Coffee / TWO HANDS FULL,NA,success,NA,NA,NA,NA,NA,NA,NA,NA,NA,NA,NA,NA,NA,NA,NA,NA,NA,NA,NA,NA,NA,NA,NA,NA,NA,NA,NA,NA,NA,NA,NA,NA,NA,NA,NA,NA,NA,US$ 51.00,NA,NA,NA,NA,NA,NA,NA,NA,NA,NA,NA,NA,NA,NA,NA,NA,NA,NA,NA,NA
Mexico,2023,COE,auction,NA,https://allianceforcoffeeexcellence.org/mexico-2023/,2,3b,FINCA POCITOS,90.25,132.2772,NA,"US$ 7,076.98","ACCIO BEANS COFFEE
CHG (剁手咖啡群) & Encore Coffee （云南谙客咖啡）",NA,success,NA,NA,NA,NA,NA,NA,NA,NA,NA,NA,NA,NA,NA,NA,NA,NA,NA,NA,NA,NA,NA,NA,NA,NA,NA,NA,NA,NA,NA,NA,NA,NA,NA,NA,NA,NA,NA,US$ 53.50,NA,NA,NA,NA,NA,NA,NA,NA,NA,NA,NA,NA,NA,NA,NA,NA,NA,NA,NA,NA
Mexico,2023,COE,auction,NA,https://allianceforcoffeeexcellence.org/mexico-2023/,2,4,LOS AGUACATES,89.91,"1,256.63",NA,"US$ 22,619.34","SAVAYA COFFEE LLC – USA

L’escargot d’or cosmetocafe FRANCE",NA,success,NA,NA,NA,NA,NA,NA,NA,NA,NA,NA,NA,NA,NA,NA,NA,NA,NA,NA,NA,NA,NA,NA,NA,NA,NA,NA,NA,NA,NA,NA,NA,NA,NA,NA,NA,NA,NA,US$ 18.00,NA,NA,NA,NA,NA,NA,NA,NA,NA,NA,NA,NA,NA,NA,NA,NA,NA,NA,NA,NA
Mexico,2023,COE,auction,NA,https://allianceforcoffeeexcellence.org/mexico-2023/,2,5,FINCA EL MIRADOR,89.5,"1,027.35",NA,"US$ 15,512.99",Full Sweet Coffee – Taiwan,NA,success,NA,NA,NA,NA,NA,NA,NA,NA,NA,NA,NA,NA,NA,NA,NA,NA,NA,NA,NA,NA,NA,NA,NA,NA,NA,NA,NA,NA,NA,NA,NA,NA,NA,NA,NA,NA,NA,US$ 15.10,NA,NA,NA,NA,NA,NA,NA,NA,NA,NA,NA,NA,NA,NA,NA,NA,NA,NA,NA,NA
Mexico,2023,COE,auction,NA,https://allianceforcoffeeexcellence.org/mexico-2023/,2,6,FINCA SINAI,89.31,718.70612,NA,"US$ 10,996.26","Coffee Me Up (Korea), Coffee Therapy (Thailand), Tob Coffee (Arnia Limited),⁣⁣ DNU COFFEE, Bean & Bean Coffee – (New York City) – Lotus Lab, 331Roasters",NA,success,NA,NA,NA,NA,NA,NA,NA,NA,NA,NA,NA,NA,NA,NA,NA,NA,NA,NA,NA,NA,NA,NA,NA,NA,NA,NA,NA,NA,NA,NA,NA,NA,NA,NA,NA,NA,NA,US$ 15.30,NA,NA,NA,NA,NA,NA,NA,NA,NA,NA,NA,NA,NA,NA,NA,NA,NA,NA,NA,NA
Mexico,2023,COE,auction,NA,https://allianceforcoffeeexcellence.org/mexico-2023/,2,7,EL CUERVO,89.22,"2,447.13",NA,"US$ 22,268.88",AL CAFECI SA DE CV – Mexico,NA,success,NA,NA,NA,NA,NA,NA,NA,NA,NA,NA,NA,NA,NA,NA,NA,NA,NA,NA,NA,NA,NA,NA,NA,NA,NA,NA,NA,NA,NA,NA,NA,NA,NA,NA,NA,NA,NA,US$ 9.10,NA,NA,NA,NA,NA,NA,NA,NA,NA,NA,NA,NA,NA,NA,NA,NA,NA,NA,NA,NA
Mexico,2023,COE,auction,NA,https://allianceforcoffeeexcellence.org/mexico-2023/,2,8,ZAPOTITLA,89.13,590.83816,NA,"US$ 8,465.76",Nanjing Eco Farm China for TarTar Coffee / 啟程拓殖 TerraformCoffee / TWO HANDS FULL / Title coffee标题咖啡,NA,success,NA,NA,NA,NA,NA,NA,NA,NA,NA,NA,NA,NA,NA,NA,NA,NA,NA,NA,NA,NA,NA,NA,NA,NA,NA,NA,NA,NA,NA,NA,NA,NA,NA,NA,NA,NA,NA,US$ 16.00,NA,NA,NA,NA,NA,NA,NA,NA,NA,NA,NA,NA,NA,NA,NA,NA,NA,NA,NA,NA
Mexico,2023,COE,auction,NA,https://allianceforcoffeeexcellence.org/mexico-2023/,2,9,ABAXOLOL,88.41,771.617,NA,"US$ 7,947.69",terarosa – South Korea,NA,success,NA,NA,NA,NA,NA,NA,NA,NA,NA,NA,NA,NA,NA,NA,NA,NA,NA,NA,NA,NA,NA,NA,NA,NA,NA,NA,NA,NA,NA,NA,NA,NA,NA,NA,NA,NA,NA,US$ 10.30,NA,NA,NA,NA,NA,NA,NA,NA,NA,NA,NA,NA,NA,NA,NA,NA,NA,NA,NA,NA
Mexico,2023,COE,auction,NA,https://allianceforcoffeeexcellence.org/mexico-2023/,2,10,LA NENA,88.16,577.61044,NA,"US$ 5,165.85",M.I.Coffee Corporation – South Korea,NA,success,NA,NA,NA,NA,NA,NA,NA,NA,NA,NA,NA,NA,NA,NA,NA,NA,NA,NA,NA,NA,NA,NA,NA,NA,NA,NA,NA,NA,NA,NA,NA,NA,NA,NA,NA,NA,NA,US$ 10.10,NA,NA,NA,NA,NA,NA,NA,NA,NA,NA,NA,NA,NA,NA,NA,NA,NA,NA,NA,NA
Mexico,2023,COE,auction,NA,https://allianceforcoffeeexcellence.org/mexico-2023/,2,11,FINCA KASSANDRA,88.16,518.0857,NA,"US$ 5,601.94",SHRUB COFFEE and ETHICUS coffee roasters by MARUKAI,NA,success,NA,NA,NA,NA,NA,NA,NA,NA,NA,NA,NA,NA,NA,NA,NA,NA,NA,NA,NA,NA,NA,NA,NA,NA,NA,NA,NA,NA,NA,NA,NA,NA,NA,NA,NA,NA,NA,US$ 12.10,NA,NA,NA,NA,NA,NA,NA,NA,NA,NA,NA,NA,NA,NA,NA,NA,NA,NA,NA,NA
Mexico,2023,COE,auction,NA,https://allianceforcoffeeexcellence.org/mexico-2023/,2,12,FINCA LA LOMITA,88,661.386,NA,"US$ 15,536.03",ECOM Japan for NOZY COFFEE & COFFEE COUNTY,NA,success,NA,NA,NA,NA,NA,NA,NA,NA,NA,NA,NA,NA,NA,NA,NA,NA,NA,NA,NA,NA,NA,NA,NA,NA,NA,NA,NA,NA,NA,NA,NA,NA,NA,NA,NA,NA,NA,US$ 26.10,NA,NA,NA,NA,NA,NA,NA,NA,NA,NA,NA,NA,NA,NA,NA,NA,NA,NA,NA,NA
Mexico,2023,COE,auction,NA,https://allianceforcoffeeexcellence.org/mexico-2023/,2,13,LA GUADALUPE,87.97,233.68972,NA,"US$ 6,496.58",Full Sweet Coffee – Taiwan,NA,success,NA,NA,NA,NA,NA,NA,NA,NA,NA,NA,NA,NA,NA,NA,NA,NA,NA,NA,NA,NA,NA,NA,NA,NA,NA,NA,NA,NA,NA,NA,NA,NA,NA,NA,NA,NA,NA,US$ 27.80,NA,NA,NA,NA,NA,NA,NA,NA,NA,NA,NA,NA,NA,NA,NA,NA,NA,NA,NA,NA
Mexico,2023,COE,auction,NA,https://allianceforcoffeeexcellence.org/mexico-2023/,2,14,FINCA HUEHUETEPAN,87.88,198.4158,NA,"US$ 4,008.08",Cypher Roastery LLC – UAE,NA,success,NA,NA,NA,NA,NA,NA,NA,NA,NA,NA,NA,NA,NA,NA,NA,NA,NA,NA,NA,NA,NA,NA,NA,NA,NA,NA,NA,NA,NA,NA,NA,NA,NA,NA,NA,NA,NA,US$ 20.20,NA,NA,NA,NA,NA,NA,NA,NA,NA,NA,NA,NA,NA,NA,NA,NA,NA,NA,NA,NA
Mexico,2023,COE,auction,NA,https://allianceforcoffeeexcellence.org/mexico-2023/,2,15,FINCA EL ESTRIBO,87.81,727.5246,NA,"US$ 5,820.23","Wataru & Co., Ltd. – Japan",NA,success,NA,NA,NA,NA,NA,NA,NA,NA,NA,NA,NA,NA,NA,NA,NA,NA,NA,NA,NA,NA,NA,NA,NA,NA,NA,NA,NA,NA,NA,NA,NA,NA,NA,NA,NA,NA,NA,US$ 8.80,NA,NA,NA,NA,NA,NA,NA,NA,NA,NA,NA,NA,NA,NA,NA,NA,NA,NA,NA,NA
Mexico,2023,COE,auction,NA,https://allianceforcoffeeexcellence.org/mexico-2023/,2,16,FINCA EL IZOTE,87.81,833.34636,NA,"US$ 7,750.16","Xiamen Doowell Ocean Biotechnology Co., Ltd. – China",NA,success,NA,NA,NA,NA,NA,NA,NA,NA,NA,NA,NA,NA,NA,NA,NA,NA,NA,NA,NA,NA,NA,NA,NA,NA,NA,NA,NA,NA,NA,NA,NA,NA,NA,NA,NA,NA,NA,US$ 9.30,NA,NA,NA,NA,NA,NA,NA,NA,NA,NA,NA,NA,NA,NA,NA,NA,NA,NA,NA,NA
Mexico,2023,COE,auction,NA,https://allianceforcoffeeexcellence.org/mexico-2023/,2,17,FINCA TREBOLILLOS,87.41,462.9702,NA,"US$ 7,037.14",Wataru for OGAWA COFFEE. – Japan,NA,success,NA,NA,NA,NA,NA,NA,NA,NA,NA,NA,NA,NA,NA,NA,NA,NA,NA,NA,NA,NA,NA,NA,NA,NA,NA,NA,NA,NA,NA,NA,NA,NA,NA,NA,NA,NA,NA,US$ 15.20,NA,NA,NA,NA,NA,NA,NA,NA,NA,NA,NA,NA,NA,NA,NA,NA,NA,NA,NA,NA
Mexico,2023,COE,auction,NA,https://allianceforcoffeeexcellence.org/mexico-2023/,2,18,DINASTIA ALTAMIRANO,87.38,727.5246,NA,"US$ 6,911.44",KAFFEBRENNERIET AS – Norway,NA,success,NA,NA,NA,NA,NA,NA,NA,NA,NA,NA,NA,NA,NA,NA,NA,NA,NA,NA,NA,NA,NA,NA,NA,NA,NA,NA,NA,NA,NA,NA,NA,NA,NA,NA,NA,NA,NA,US$ 9.50,NA,NA,NA,NA,NA,NA,NA,NA,NA,NA,NA,NA,NA,NA,NA,NA,NA,NA,NA,NA
Mexico,2023,COE,auction,NA,https://allianceforcoffeeexcellence.org/mexico-2023/,2,19,JADE,87.31,707.68302,NA,"US$ 5,777.86","Wataru & Co., Ltd. – Japan",NA,success,NA,NA,NA,NA,NA,NA,NA,NA,NA,NA,NA,NA,NA,NA,NA,NA,NA,NA,NA,NA,NA,NA,NA,NA,NA,NA,NA,NA,NA,NA,NA,NA,NA,NA,NA,NA,NA,US$ 9.10,NA,NA,NA,NA,NA,NA,NA,NA,NA,NA,NA,NA,NA,NA,NA,NA,NA,NA,NA,NA
Mexico,2023,COE,auction,NA,https://allianceforcoffeeexcellence.org/mexico-2023/,2,20,EL RIO,87.25,784.84472,NA,"US$ 7,063.56",honu加藤珈琲店株式会社 – Japan,NA,success,NA,NA,NA,NA,NA,NA,NA,NA,NA,NA,NA,NA,NA,NA,NA,NA,NA,NA,NA,NA,NA,NA,NA,NA,NA,NA,NA,NA,NA,NA,NA,NA,NA,NA,NA,NA,NA,US$ 9.00,NA,NA,NA,NA,NA,NA,NA,NA,NA,NA,NA,NA,NA,NA,NA,NA,NA,NA,NA,NA
Mexico,2023,COE,auction,NA,https://allianceforcoffeeexcellence.org/mexico-2023/,2,21,FINCA CRUZ VERDE,87.25,529.1088,NA,"US$ 5,555.64",Wataru for Voila Coffee. – Japan,NA,success,NA,NA,NA,NA,NA,NA,NA,NA,NA,NA,NA,NA,NA,NA,NA,NA,NA,NA,NA,NA,NA,NA,NA,NA,NA,NA,NA,NA,NA,NA,NA,NA,NA,NA,NA,NA,NA,US$ 12.00,NA,NA,NA,NA,NA,NA,NA,NA,NA,NA,NA,NA,NA,NA,NA,NA,NA,NA,NA,NA
Mexico,2023,COE,auction,NA,https://allianceforcoffeeexcellence.org/mexico-2023/,2,22,NARANJAL,87.16,568.79196,NA,"US$ 5,972.30",ECOM JAPAN LTD. – Japan,NA,success,NA,NA,NA,NA,NA,NA,NA,NA,NA,NA,NA,NA,NA,NA,NA,NA,NA,NA,NA,NA,NA,NA,NA,NA,NA,NA,NA,NA,NA,NA,NA,NA,NA,NA,NA,NA,NA,US$ 10.50,NA,NA,NA,NA,NA,NA,NA,NA,NA,NA,NA,NA,NA,NA,NA,NA,NA,NA,NA,NA
Mexico,2023,COE,auction,NA,https://allianceforcoffeeexcellence.org/mexico-2023/,2,23,SAN JUAN DEL VESUBIO,87.16,"1,119.95",NA,"US$ 9,631.57",Brew92 – Saudi Arabia,NA,success,NA,NA,NA,NA,NA,NA,NA,NA,NA,NA,NA,NA,NA,NA,NA,NA,NA,NA,NA,NA,NA,NA,NA,NA,NA,NA,NA,NA,NA,NA,NA,NA,NA,NA,NA,NA,NA,US$ 8.60,NA,NA,NA,NA,NA,NA,NA,NA,NA,NA,NA,NA,NA,NA,NA,NA,NA,NA,NA,NA
Mexico,2023,COE,auction,NA,https://allianceforcoffeeexcellence.org/mexico-2023/,2,24,FINCA CONSOLAPAN,87.13,"1,318.36",NA,"US$ 9,934.89","Wataru & Co., Ltd. – Japan",NA,success,NA,NA,NA,NA,NA,NA,NA,NA,NA,NA,NA,NA,NA,NA,NA,NA,NA,NA,NA,NA,NA,NA,NA,NA,NA,NA,NA,NA,NA,NA,NA,NA,NA,NA,NA,NA,NA,US$ 8.60,NA,NA,NA,NA,NA,NA,NA,NA,NA,NA,NA,NA,NA,NA,NA,NA,NA,NA,NA,NA
Mexico,2023,COE,auction,NA,https://allianceforcoffeeexcellence.org/mexico-2023/,2,25,FINCA CORAHE,87.09,330.693,NA,"US$ 3,339.97","Saerin co.,Ltd(MGPG) – South Korea",NA,success,NA,NA,NA,NA,NA,NA,NA,NA,NA,NA,NA,NA,NA,NA,NA,NA,NA,NA,NA,NA,NA,NA,NA,NA,NA,NA,NA,NA,NA,NA,NA,NA,NA,NA,NA,NA,NA,US$ 10.10,NA,NA,NA,NA,NA,NA,NA,NA,NA,NA,NA,NA,NA,NA,NA,NA,NA,NA,NA,NA
Mexico,2023,COE,auction,NA,https://allianceforcoffeeexcellence.org/mexico-2023/,2,26,EL POZO,87.06,793.6632,NA,"US$ 6,620.43","KALDI COFFEE FARM (CAMEL COFFEE CO.,LTD.) – Japan",NA,success,NA,NA,NA,NA,NA,NA,NA,NA,NA,NA,NA,NA,NA,NA,NA,NA,NA,NA,NA,NA,NA,NA,NA,NA,NA,NA,NA,NA,NA,NA,NA,NA,NA,NA,NA,NA,NA,US$ 9.10,NA,NA,NA,NA,NA,NA,NA,NA,NA,NA,NA,NA,NA,NA,NA,NA,NA,NA,NA,NA
Mexico,2023,NW,auction,NA,https://allianceforcoffeeexcellence.org/mexico-2023/,4,NW,FINCA KITOS,86.88,493.83,NA,"US$ 4,493.85",NA,NA,success,NA,NA,NA,NA,NA,NA,NA,NA,NA,NA,NA,NA,NA,NA,NA,NA,NA,NA,NA,NA,NA,NA,NA,NA,NA,NA,NA,NA,NA,NA,NA,NA,NA,NA,NA,NA,NA,US$ 9.10,NA,NA,NA,NA,NA,AL CAFECI SA DE CV – Mexico,NA,NA,NA,NA,NA,NA,NA,NA,NA,NA,NA,NA,NA,NA
Mexico,2023,NW,auction,NA,https://allianceforcoffeeexcellence.org/mexico-2023/,4,NW,PASO VIEJO,86.84,630.52,NA,"US$ 2,585.13",NA,NA,success,NA,NA,NA,NA,NA,NA,NA,NA,NA,NA,NA,NA,NA,NA,NA,NA,NA,NA,NA,NA,NA,NA,NA,NA,NA,NA,NA,NA,NA,NA,NA,NA,NA,NA,NA,NA,NA,US$ 4.10,NA,NA,NA,NA,NA,PRIVATE RESERVE – China,NA,NA,NA,NA,NA,NA,NA,NA,NA,NA,NA,NA,NA,NA
Mexico,2023,NW,auction,NA,https://allianceforcoffeeexcellence.org/mexico-2023/,4,NW,LA PENA,86.81,917.12,NA,"US$ 4,218.75",NA,NA,success,NA,NA,NA,NA,NA,NA,NA,NA,NA,NA,NA,NA,NA,NA,NA,NA,NA,NA,NA,NA,NA,NA,NA,NA,NA,NA,NA,NA,NA,NA,NA,NA,NA,NA,NA,NA,NA,US$ 4.60,NA,NA,NA,NA,NA,"Wataru & Co., Ltd. – Japan",NA,NA,NA,NA,NA,NA,NA,NA,NA,NA,NA,NA,NA,NA
Mexico,2023,NW,auction,NA,https://allianceforcoffeeexcellence.org/mexico-2023/,4,NW,PALMA,86.66,925.94,NA,"US$ 5,370.45",NA,NA,success,NA,NA,NA,NA,NA,NA,NA,NA,NA,NA,NA,NA,NA,NA,NA,NA,NA,NA,NA,NA,NA,NA,NA,NA,NA,NA,NA,NA,NA,NA,NA,NA,NA,NA,NA,NA,NA,US$ 5.80,NA,NA,NA,NA,NA,PRIVATE RESERVE – China,NA,NA,NA,NA,NA,NA,NA,NA,NA,NA,NA,NA,NA,NA
Mexico,2023,NW,auction,NA,https://allianceforcoffeeexcellence.org/mexico-2023/,4,NW,LOS CHINAS,86.5,925.94,NA,"US$ 4,250.07",NA,NA,success,NA,NA,NA,NA,NA,NA,NA,NA,NA,NA,NA,NA,NA,NA,NA,NA,NA,NA,NA,NA,NA,NA,NA,NA,NA,NA,NA,NA,NA,NA,NA,NA,NA,NA,NA,NA,NA,US$ 5.40,NA,NA,NA,NA,NA,AL CAFECI SA DE CV – Mexico,NA,NA,NA,NA,NA,NA,NA,NA,NA,NA,NA,NA,NA,NA
Mexico,2023,NW,auction,NA,https://allianceforcoffeeexcellence.org/mexico-2023/,4,NW,FINCA LOS PINOS,86.5,595.25,NA,"US$ 3,631.03",NA,NA,success,NA,NA,NA,NA,NA,NA,NA,NA,NA,NA,NA,NA,NA,NA,NA,NA,NA,NA,NA,NA,NA,NA,NA,NA,NA,NA,NA,NA,NA,NA,NA,NA,NA,NA,NA,NA,NA,US$ 6.10,NA,NA,NA,NA,NA,Brew92 – Saudi Arabia,NA,NA,NA,NA,NA,NA,NA,NA,NA,NA,NA,NA,NA,NA
Mexico,2023,NW,auction,NA,https://allianceforcoffeeexcellence.org/mexico-2023/,4,NW,TECOXCO,86.44,661.39,NA,"US$ 3,428.62",NA,NA,success,NA,NA,NA,NA,NA,NA,NA,NA,NA,NA,NA,NA,NA,NA,NA,NA,NA,NA,NA,NA,NA,NA,NA,NA,NA,NA,NA,NA,NA,NA,NA,NA,NA,NA,NA,NA,NA,US$ 5.40,NA,NA,NA,NA,NA,AL CAFECI SA DE CV – Mexico,NA,NA,NA,NA,NA,NA,NA,NA,NA,NA,NA,NA,NA,NA
Mexico,2023,NW,auction,NA,https://allianceforcoffeeexcellence.org/mexico-2023/,4,NW,LA PLAYA,86.38,727.52,NA,"US$ 2,976.26",NA,NA,success,NA,NA,NA,NA,NA,NA,NA,NA,NA,NA,NA,NA,NA,NA,NA,NA,NA,NA,NA,NA,NA,NA,NA,NA,NA,NA,NA,NA,NA,NA,NA,NA,NA,NA,NA,NA,NA,US$ 4.50,NA,NA,NA,NA,NA,AL CAFECI SA DE CV – Mexico,NA,NA,NA,NA,NA,NA,NA,NA,NA,NA,NA,NA,NA,NA
Mexico,2023,NW,auction,NA,https://allianceforcoffeeexcellence.org/mexico-2023/,4,NW,FINCA EL MANANTIAL,86.19,661.39,NA,"US$ 3,637.65",NA,NA,success,NA,NA,NA,NA,NA,NA,NA,NA,NA,NA,NA,NA,NA,NA,NA,NA,NA,NA,NA,NA,NA,NA,NA,NA,NA,NA,NA,NA,NA,NA,NA,NA,NA,NA,NA,NA,NA,US$ 5.50,NA,NA,NA,NA,NA,Brew92 – Saudi Arabia,NA,NA,NA,NA,NA,NA,NA,NA,NA,NA,NA,NA,NA,NA
Nicaragua,2023,COE,auction,NA,https://allianceforcoffeeexcellence.org/nicaragua-2023/,2,1a,LOS ALPES,91.6,NA,NA,"$16,286.87","Snow Beans Coffee – Japan, YN Coffee, WAVY COFFEE",NA,success,NA,NA,NA,NA,NA,NA,NA,NA,NA,NA,NA,NA,NA,NA,NA,NA,NA,NA,NA,NA,NA,NA,NA,NA,NA,NA,NA,NA,NA,NA,NA,NA,NA,NA,NA,NA,221.59,$73.50,NA,NA,NA,NA,NA,NA,NA,NA,NA,NA,NA,NA,NA,NA,NA,NA,NA,NA,NA,NA
Nicaragua,2023,COE,auction,NA,https://allianceforcoffeeexcellence.org/nicaragua-2023/,2,1b,LOS ALPES,91.6,NA,NA,"$15,893.44","NOZY COFFEE, manucoffee, hugcoffee, ocami coffee – Japan",NA,success,NA,NA,NA,NA,NA,NA,NA,NA,NA,NA,NA,NA,NA,NA,NA,NA,NA,NA,NA,NA,NA,NA,NA,NA,NA,NA,NA,NA,NA,NA,NA,NA,NA,NA,NA,NA,198.42,$80.10,NA,NA,NA,NA,NA,NA,NA,NA,NA,NA,NA,NA,NA,NA,NA,NA,NA,NA,NA,NA
Nicaragua,2023,COE,auction,NA,https://allianceforcoffeeexcellence.org/nicaragua-2023/,2,2a,BUENOS AIRES,90.25,NA,NA,"$17,633.07",PRIVATE RESERVE (China) /玫瑰咖啡ROSE CAFÉ/ 乜早咖啡 / 乐否咖啡 Leforkaffe,NA,success,NA,NA,NA,NA,NA,NA,NA,NA,NA,NA,NA,NA,NA,NA,NA,NA,NA,NA,NA,NA,NA,NA,NA,NA,NA,NA,NA,NA,NA,NA,NA,NA,NA,NA,NA,NA,329.59,$53.50,NA,NA,NA,NA,NA,NA,NA,NA,NA,NA,NA,NA,NA,NA,NA,NA,NA,NA,NA,NA
Nicaragua,2023,COE,auction,NA,https://allianceforcoffeeexcellence.org/nicaragua-2023/,2,2b,BUENOS AIRES,90.25,NA,NA,"$11,925.04",NOZY COFFEE – Japan,NA,success,NA,NA,NA,NA,NA,NA,NA,NA,NA,NA,NA,NA,NA,NA,NA,NA,NA,NA,NA,NA,NA,NA,NA,NA,NA,NA,NA,NA,NA,NA,NA,NA,NA,NA,NA,NA,198.42,$60.10,NA,NA,NA,NA,NA,NA,NA,NA,NA,NA,NA,NA,NA,NA,NA,NA,NA,NA,NA,NA
Nicaragua,2023,COE,auction,NA,https://allianceforcoffeeexcellence.org/nicaragua-2023/,2,3,SANTA CRUZ,89.45,NA,NA,"$12,958.40",SARUTAHIKO COFFEE – Japan,NA,success,NA,NA,NA,NA,NA,NA,NA,NA,NA,NA,NA,NA,NA,NA,NA,NA,NA,NA,NA,NA,NA,NA,NA,NA,NA,NA,NA,NA,NA,NA,NA,NA,NA,NA,NA,NA,623,$20.80,NA,NA,NA,NA,NA,NA,NA,NA,NA,NA,NA,NA,NA,NA,NA,NA,NA,NA,NA,NA
Nicaragua,2023,COE,auction,NA,https://allianceforcoffeeexcellence.org/nicaragua-2023/,2,4,JESUS MOUNTAIN COFFEE,89.3,NA,NA,"$17,897.07","Coffee Libre – South Korea Times Club, Japan. – Nylon Coffee Roasters.",NA,success,NA,NA,NA,NA,NA,NA,NA,NA,NA,NA,NA,NA,NA,NA,NA,NA,NA,NA,NA,NA,NA,NA,NA,NA,NA,NA,NA,NA,NA,NA,NA,NA,NA,NA,NA,NA,"2,182.57",$8.20,NA,NA,NA,NA,NA,NA,NA,NA,NA,NA,NA,NA,NA,NA,NA,NA,NA,NA,NA,NA
Nicaragua,2023,COE,auction,NA,https://allianceforcoffeeexcellence.org/nicaragua-2023/,2,5,EL CAMBALACHE,88.9,NA,NA,"$8,650.00",SHRUB COFFEE by Marukai,NA,success,NA,NA,NA,NA,NA,NA,NA,NA,NA,NA,NA,NA,NA,NA,NA,NA,NA,NA,NA,NA,NA,NA,NA,NA,NA,NA,NA,NA,NA,NA,NA,NA,NA,NA,NA,NA,500,$17.30,NA,NA,NA,NA,NA,NA,NA,NA,NA,NA,NA,NA,NA,NA,NA,NA,NA,NA,NA,NA
Nicaragua,2023,COE,auction,NA,https://allianceforcoffeeexcellence.org/nicaragua-2023/,2,6,UN REGALO DE DIOS,88.5,NA,NA,"$7,729.00","YOKOI COFFEE, YAMADA COFFEE, Sugi Coffee Roasting, Japan Roasters’ Network",NA,success,NA,NA,NA,NA,NA,NA,NA,NA,NA,NA,NA,NA,NA,NA,NA,NA,NA,NA,NA,NA,NA,NA,NA,NA,NA,NA,NA,NA,NA,NA,NA,NA,NA,NA,NA,NA,590,$13.10,NA,NA,NA,NA,NA,NA,NA,NA,NA,NA,NA,NA,NA,NA,NA,NA,NA,NA,NA,NA
Nicaragua,2023,COE,auction,NA,https://allianceforcoffeeexcellence.org/nicaragua-2023/,2,7,QUITASUEÑOS,88.25,NA,NA,"$5,140.80","Wataru & Co., Ltd. – Japan",NA,success,NA,NA,NA,NA,NA,NA,NA,NA,NA,NA,NA,NA,NA,NA,NA,NA,NA,NA,NA,NA,NA,NA,NA,NA,NA,NA,NA,NA,NA,NA,NA,NA,NA,NA,NA,NA,714,$7.20,NA,NA,NA,NA,NA,NA,NA,NA,NA,NA,NA,NA,NA,NA,NA,NA,NA,NA,NA,NA
Nicaragua,2023,COE,auction,NA,https://allianceforcoffeeexcellence.org/nicaragua-2023/,2,8,COFFEE LIBRE S.A.,88.1,NA,NA,"$35,451.00",DECAMERON COFFEE – China,NA,success,NA,NA,NA,NA,NA,NA,NA,NA,NA,NA,NA,NA,NA,NA,NA,NA,NA,NA,NA,NA,NA,NA,NA,NA,NA,NA,NA,NA,NA,NA,NA,NA,NA,NA,NA,NA,505,$70.20,NA,NA,NA,NA,NA,NA,NA,NA,NA,NA,NA,NA,NA,NA,NA,NA,NA,NA,NA,NA
Nicaragua,2023,COE,auction,NA,https://allianceforcoffeeexcellence.org/nicaragua-2023/,2,9,LA ORQUIDEA,88,NA,NA,"$9,788.80",Wataru for Voila Coffee,NA,success,NA,NA,NA,NA,NA,NA,NA,NA,NA,NA,NA,NA,NA,NA,NA,NA,NA,NA,NA,NA,NA,NA,NA,NA,NA,NA,NA,NA,NA,NA,NA,NA,NA,NA,NA,NA,644,$15.20,NA,NA,NA,NA,NA,NA,NA,NA,NA,NA,NA,NA,NA,NA,NA,NA,NA,NA,NA,NA
Nicaragua,2023,COE,auction,NA,https://allianceforcoffeeexcellence.org/nicaragua-2023/,2,10,EL PORVENIR,87.95,NA,NA,"$3,920.00","Wataru & Co., Ltd. – Japan",NA,success,NA,NA,NA,NA,NA,NA,NA,NA,NA,NA,NA,NA,NA,NA,NA,NA,NA,NA,NA,NA,NA,NA,NA,NA,NA,NA,NA,NA,NA,NA,NA,NA,NA,NA,NA,NA,560,$7.00,NA,NA,NA,NA,NA,NA,NA,NA,NA,NA,NA,NA,NA,NA,NA,NA,NA,NA,NA,NA
Nicaragua,2023,COE,auction,NA,https://allianceforcoffeeexcellence.org/nicaragua-2023/,2,11,BUENA ESPERANZA,87.35,NA,NA,"$5,555.66",1895 by Lavazza – Italy,NA,success,NA,NA,NA,NA,NA,NA,NA,NA,NA,NA,NA,NA,NA,NA,NA,NA,NA,NA,NA,NA,NA,NA,NA,NA,NA,NA,NA,NA,NA,NA,NA,NA,NA,NA,NA,NA,529.11,$10.50,NA,NA,NA,NA,NA,NA,NA,NA,NA,NA,NA,NA,NA,NA,NA,NA,NA,NA,NA,NA
Nicaragua,2023,COE,auction,NA,https://allianceforcoffeeexcellence.org/nicaragua-2023/,2,12,LA PICONA,87.3,NA,NA,"$4,233.60",M.I.Coffee Corporation – South Korea,NA,success,NA,NA,NA,NA,NA,NA,NA,NA,NA,NA,NA,NA,NA,NA,NA,NA,NA,NA,NA,NA,NA,NA,NA,NA,NA,NA,NA,NA,NA,NA,NA,NA,NA,NA,NA,NA,588,$7.20,NA,NA,NA,NA,NA,NA,NA,NA,NA,NA,NA,NA,NA,NA,NA,NA,NA,NA,NA,NA
Nicaragua,2023,COE,auction,NA,https://allianceforcoffeeexcellence.org/nicaragua-2023/,2,13,EL PROGRESO,87.25,NA,NA,"$3,660.00",COFFEE COUNTY – Japan,NA,success,NA,NA,NA,NA,NA,NA,NA,NA,NA,NA,NA,NA,NA,NA,NA,NA,NA,NA,NA,NA,NA,NA,NA,NA,NA,NA,NA,NA,NA,NA,NA,NA,NA,NA,NA,NA,488,$7.50,NA,NA,NA,NA,NA,NA,NA,NA,NA,NA,NA,NA,NA,NA,NA,NA,NA,NA,NA,NA
Nicaragua,2023,COE,auction,NA,https://allianceforcoffeeexcellence.org/nicaragua-2023/,2,14,MONTESOL,87,NA,NA,"$12,300.60","Wataru & Co., Ltd. – Japan",NA,success,NA,NA,NA,NA,NA,NA,NA,NA,NA,NA,NA,NA,NA,NA,NA,NA,NA,NA,NA,NA,NA,NA,NA,NA,NA,NA,NA,NA,NA,NA,NA,NA,NA,NA,NA,NA,"1,577.00",$7.80,NA,NA,NA,NA,NA,NA,NA,NA,NA,NA,NA,NA,NA,NA,NA,NA,NA,NA,NA,NA
Nicaragua,2023,COE,auction,NA,https://allianceforcoffeeexcellence.org/nicaragua-2023/,2,15,LA AURORA,87,NA,NA,"$3,584.00","Wataru & Co., Ltd. – Japan",NA,success,NA,NA,NA,NA,NA,NA,NA,NA,NA,NA,NA,NA,NA,NA,NA,NA,NA,NA,NA,NA,NA,NA,NA,NA,NA,NA,NA,NA,NA,NA,NA,NA,NA,NA,NA,NA,512,$7.00,NA,NA,NA,NA,NA,NA,NA,NA,NA,NA,NA,NA,NA,NA,NA,NA,NA,NA,NA,NA
Nicaragua,2023,COE,auction,NA,https://allianceforcoffeeexcellence.org/nicaragua-2023/,2,16,LA HACIENDA,87,NA,NA,"$4,256.00","Wataru & Co., Ltd. – Japan",NA,success,NA,NA,NA,NA,NA,NA,NA,NA,NA,NA,NA,NA,NA,NA,NA,NA,NA,NA,NA,NA,NA,NA,NA,NA,NA,NA,NA,NA,NA,NA,NA,NA,NA,NA,NA,NA,760,$5.60,NA,NA,NA,NA,NA,NA,NA,NA,NA,NA,NA,NA,NA,NA,NA,NA,NA,NA,NA,NA
Nicaragua,2023,NW,auction,NA,https://allianceforcoffeeexcellence.org/nicaragua-2023/,4,NW,Spes No. 1,86.95,925.94,US$ 4.20,"US$ 3,888.95","Xiamen Doowell Ocean Biotechnology Co., Ltd. – China",NA,success,NA,NA,NA,NA,NA,NA,NA,NA,NA,NA,NA,NA,NA,NA,NA,NA,NA,NA,NA,NA,NA,NA,NA,NA,NA,NA,NA,NA,NA,NA,NA,NA,NA,NA,NA,NA,NA,NA,NA,NA,NA,NA,NA,NA,NA,NA,NA,NA,NA,NA,NA,NA,NA,NA,NA,NA,NA,NA
Nicaragua,2023,NW,auction,NA,https://allianceforcoffeeexcellence.org/nicaragua-2023/,4,NW,San Jose Las Nubes,86.9,564,US$ 4.25,"US$ 2,397.00",The Espresso Lab – United Arab Emirates,NA,success,NA,NA,NA,NA,NA,NA,NA,NA,NA,NA,NA,NA,NA,NA,NA,NA,NA,NA,NA,NA,NA,NA,NA,NA,NA,NA,NA,NA,NA,NA,NA,NA,NA,NA,NA,NA,NA,NA,NA,NA,NA,NA,NA,NA,NA,NA,NA,NA,NA,NA,NA,NA,NA,NA,NA,NA,NA,NA
Nicaragua,2023,NW,auction,NA,https://allianceforcoffeeexcellence.org/nicaragua-2023/,4,NW,La Libertad,86.85,625,US$ 4.00,"US$ 2,500.00",Gil-coffee – South Korea,NA,success,NA,NA,NA,NA,NA,NA,NA,NA,NA,NA,NA,NA,NA,NA,NA,NA,NA,NA,NA,NA,NA,NA,NA,NA,NA,NA,NA,NA,NA,NA,NA,NA,NA,NA,NA,NA,NA,NA,NA,NA,NA,NA,NA,NA,NA,NA,NA,NA,NA,NA,NA,NA,NA,NA,NA,NA,NA,NA
Nicaragua,2023,NW,auction,NA,https://allianceforcoffeeexcellence.org/nicaragua-2023/,4,NW,La Virgen De La Piedra,86.8,"1,173.00",US$ 4.00,"US$ 4,692.00",Gil-coffee – South Korea,NA,success,NA,NA,NA,NA,NA,NA,NA,NA,NA,NA,NA,NA,NA,NA,NA,NA,NA,NA,NA,NA,NA,NA,NA,NA,NA,NA,NA,NA,NA,NA,NA,NA,NA,NA,NA,NA,NA,NA,NA,NA,NA,NA,NA,NA,NA,NA,NA,NA,NA,NA,NA,NA,NA,NA,NA,NA,NA,NA
Nicaragua,2023,NW,auction,NA,https://allianceforcoffeeexcellence.org/nicaragua-2023/,4,NW,Spes No. 3,86.75,"1,167.00",US$ 4.40,"US$ 5,134.80",Eungubicomapny – South Korea,NA,success,NA,NA,NA,NA,NA,NA,NA,NA,NA,NA,NA,NA,NA,NA,NA,NA,NA,NA,NA,NA,NA,NA,NA,NA,NA,NA,NA,NA,NA,NA,NA,NA,NA,NA,NA,NA,NA,NA,NA,NA,NA,NA,NA,NA,NA,NA,NA,NA,NA,NA,NA,NA,NA,NA,NA,NA,NA,NA
Nicaragua,2023,NW,auction,NA,https://allianceforcoffeeexcellence.org/nicaragua-2023/,4,NW,Ojo De Agua,86.35,859.8,US$ 4.00,"US$ 3,439.20",,NA,success,NA,NA,NA,NA,NA,NA,NA,NA,NA,NA,NA,NA,NA,NA,NA,NA,NA,NA,NA,NA,NA,NA,NA,NA,NA,NA,NA,NA,NA,NA,NA,NA,NA,NA,NA,NA,NA,NA,NA,NA,NA,NA,NA,NA,NA,NA,NA,NA,NA,NA,NA,NA,NA,NA,NA,NA,NA,NA
Nicaragua,2023,NW,auction,NA,https://allianceforcoffeeexcellence.org/nicaragua-2023/,4,NW,Dios Todo Poderoso,85.95,780,US$ 4.10,"US$ 3,198.00",What’s Brewing – United States of America,NA,success,NA,NA,NA,NA,NA,NA,NA,NA,NA,NA,NA,NA,NA,NA,NA,NA,NA,NA,NA,NA,NA,NA,NA,NA,NA,NA,NA,NA,NA,NA,NA,NA,NA,NA,NA,NA,NA,NA,NA,NA,NA,NA,NA,NA,NA,NA,NA,NA,NA,NA,NA,NA,NA,NA,NA,NA,NA,NA
Nicaragua,2023,NW,auction,NA,https://allianceforcoffeeexcellence.org/nicaragua-2023/,4,NW,San Jose,85.59,859.8,US$ 4.00,"US$ 3,439.20",Eungubicomapny – South Korea,NA,success,NA,NA,NA,NA,NA,NA,NA,NA,NA,NA,NA,NA,NA,NA,NA,NA,NA,NA,NA,NA,NA,NA,NA,NA,NA,NA,NA,NA,NA,NA,NA,NA,NA,NA,NA,NA,NA,NA,NA,NA,NA,NA,NA,NA,NA,NA,NA,NA,NA,NA,NA,NA,NA,NA,NA,NA,NA,NA
Nicaragua,2023,NW,auction,NA,https://allianceforcoffeeexcellence.org/nicaragua-2023/,4,NW,Los Volcancitos,85.45,552,US$ 4.40,"US$ 2,428.80",Eungubicomapny – South Korea,NA,success,NA,NA,NA,NA,NA,NA,NA,NA,NA,NA,NA,NA,NA,NA,NA,NA,NA,NA,NA,NA,NA,NA,NA,NA,NA,NA,NA,NA,NA,NA,NA,NA,NA,NA,NA,NA,NA,NA,NA,NA,NA,NA,NA,NA,NA,NA,NA,NA,NA,NA,NA,NA,NA,NA,NA,NA,NA,NA
Peru,2023,COE,auction,NA,https://allianceforcoffeeexcellence.org/peru-2023/,2,1a,Alto Mirador,90.74,330.69,NA,"$26,521.34",NA,NA,success,NA,NA,NA,NA,NA,NA,NA,NA,NA,NA,NA,NA,NA,NA,NA,NA,NA,$80.20,NA,NA,"KALDI COFFEE FARM (CAMEL COFFEE CO.,LTD.)",NA,NA,NA,NA,NA,NA,NA,NA,NA,NA,NA,NA,NA,NA,NA,NA,NA,NA,NA,NA,NA,NA,NA,Japan,NA,NA,NA,NA,NA,NA,NA,NA,NA,NA,NA,NA,NA
Peru,2023,COE,auction,NA,https://allianceforcoffeeexcellence.org/peru-2023/,2,1b,Alto Mirador,90.74,327.54,NA,"$26,301.46",NA,NA,success,NA,NA,NA,NA,NA,NA,NA,NA,NA,NA,NA,NA,NA,NA,NA,NA,NA,$80.30,NA,NA,"KALDI COFFEE FARM (CAMEL COFFEE CO.,LTD.)",NA,NA,NA,NA,NA,NA,NA,NA,NA,NA,NA,NA,NA,NA,NA,NA,NA,NA,NA,NA,NA,NA,NA,Japan,NA,NA,NA,NA,NA,NA,NA,NA,NA,NA,NA,NA,NA
Peru,2023,COE,auction,NA,https://allianceforcoffeeexcellence.org/peru-2023/,2,2a,La Lucuma,90.68,396.83,NA,"$17,777.98",NA,NA,success,NA,NA,NA,NA,NA,NA,NA,NA,NA,NA,NA,NA,NA,NA,NA,NA,NA,$44.80,NA,NA,"Cultivar Coffees, Kawa Coffee",NA,NA,NA,NA,NA,NA,NA,NA,NA,NA,NA,NA,NA,NA,NA,NA,NA,NA,NA,NA,NA,NA,NA,The Netherlands,NA,NA,NA,NA,NA,NA,NA,NA,NA,NA,NA,NA,NA
Peru,2023,COE,auction,NA,https://allianceforcoffeeexcellence.org/peru-2023/,2,2b,La Lucuma,90.68,388.76,NA,"$17,144.32",NA,NA,success,NA,NA,NA,NA,NA,NA,NA,NA,NA,NA,NA,NA,NA,NA,NA,NA,NA,$44.10,NA,NA,DECAMERON COFFEE,NA,NA,NA,NA,NA,NA,NA,NA,NA,NA,NA,NA,NA,NA,NA,NA,NA,NA,NA,NA,NA,NA,NA,China,NA,NA,NA,NA,NA,NA,NA,NA,NA,NA,NA,NA,NA
Peru,2023,COE,auction,NA,https://allianceforcoffeeexcellence.org/peru-2023/,2,3a,Chiriloma,90.32,330.69,NA,"$19,874.47",NA,NA,success,NA,NA,NA,NA,NA,NA,NA,NA,NA,NA,NA,NA,NA,NA,NA,NA,NA,$60.10,NA,NA,Kyokuto Fadie Corporation,NA,NA,NA,NA,NA,NA,NA,NA,NA,NA,NA,NA,NA,NA,NA,NA,NA,NA,NA,NA,NA,NA,NA,Japan,NA,NA,NA,NA,NA,NA,NA,NA,NA,NA,NA,NA,NA
Peru,2023,COE,auction,NA,https://allianceforcoffeeexcellence.org/peru-2023/,2,3b,Chiriloma,90.32,286.60,NA,"$17,926.83",NA,NA,success,NA,NA,NA,NA,NA,NA,NA,NA,NA,NA,NA,NA,NA,NA,NA,NA,NA,$62.55,NA,NA,"Snow Beans Coffee, 1:2 Coffee Company, Wavy Coffee",NA,NA,NA,NA,NA,NA,NA,NA,NA,NA,NA,NA,NA,NA,NA,NA,NA,NA,NA,NA,NA,NA,NA,"Japan, Thailand",NA,NA,NA,NA,NA,NA,NA,NA,NA,NA,NA,NA,NA
Peru,2023,COE,auction,NA,https://allianceforcoffeeexcellence.org/peru-2023/,2,4,Pedregal,90.15,595.25,NA,"$15,119.35",NA,NA,success,NA,NA,NA,NA,NA,NA,NA,NA,NA,NA,NA,NA,NA,NA,NA,NA,NA,$25.40,NA,NA,COFFEE COUNTY,NA,NA,NA,NA,NA,NA,NA,NA,NA,NA,NA,NA,NA,NA,NA,NA,NA,NA,NA,NA,NA,NA,NA,Japan,NA,NA,NA,NA,NA,NA,NA,NA,NA,NA,NA,NA,NA
Peru,2023,COE,auction,NA,https://allianceforcoffeeexcellence.org/peru-2023/,2,5,Randu,89.62,586.58,NA,"$11,145.02",NA,NA,success,NA,NA,NA,NA,NA,NA,NA,NA,NA,NA,NA,NA,NA,NA,NA,NA,NA,$19.00,NA,NA,SARUTAHIKO COFFEE,NA,NA,NA,NA,NA,NA,NA,NA,NA,NA,NA,NA,NA,NA,NA,NA,NA,NA,NA,NA,NA,NA,NA,Japan,NA,NA,NA,NA,NA,NA,NA,NA,NA,NA,NA,NA,NA
Peru,2023,COE,auction,NA,https://allianceforcoffeeexcellence.org/peru-2023/,2,6,Llactapata,89.47,635.37,NA,"$14,613.51",NA,NA,success,NA,NA,NA,NA,NA,NA,NA,NA,NA,NA,NA,NA,NA,NA,NA,NA,NA,$23.00,NA,NA,SARUTAHIKO COFFEE,NA,NA,NA,NA,NA,NA,NA,NA,NA,NA,NA,NA,NA,NA,NA,NA,NA,NA,NA,NA,NA,NA,NA,Japan,NA,NA,NA,NA,NA,NA,NA,NA,NA,NA,NA,NA,NA
Peru,2023,COE,auction,NA,https://allianceforcoffeeexcellence.org/peru-2023/,2,7,El Pino,89.41,1124.36,NA,"$20,238.48",NA,NA,success,NA,NA,NA,NA,NA,NA,NA,NA,NA,NA,NA,NA,NA,NA,NA,NA,NA,$18.00,NA,NA,"Dabov Specialty Coffee, Coffee Me Up (Korea), Coffee Therapy (Thailand)",NA,NA,NA,NA,NA,NA,NA,NA,NA,NA,NA,NA,NA,NA,NA,NA,NA,NA,NA,NA,NA,NA,NA,Bulgaria,NA,NA,NA,NA,NA,NA,NA,NA,NA,NA,NA,NA,NA
Peru,2023,COE,auction,NA,https://allianceforcoffeeexcellence.org/peru-2023/,2,8,Bello Horizonte,89.29,767.55,NA,"$18,421.20",NA,NA,success,NA,NA,NA,NA,NA,NA,NA,NA,NA,NA,NA,NA,NA,NA,NA,NA,NA,$24.00,NA,NA,"MUSEO Co., Ltd. / 언더프레셔(핸디엄) / COFFEE HWA ROASTERS / Micro Roaster Union / 월드베스트커피협회(WBCA)",NA,NA,NA,NA,NA,NA,NA,NA,NA,NA,NA,NA,NA,NA,NA,NA,NA,NA,NA,NA,NA,NA,NA,South Korea,NA,NA,NA,NA,NA,NA,NA,NA,NA,NA,NA,NA,NA
Peru,2023,COE,auction,NA,https://allianceforcoffeeexcellence.org/peru-2023/,2,9,Nueva Alianza,89.24,650.36,NA,"$14,275.40",NA,NA,success,NA,NA,NA,NA,NA,NA,NA,NA,NA,NA,NA,NA,NA,NA,NA,NA,NA,$21.95,NA,NA,Onyx Coffee Lab,NA,NA,NA,NA,NA,NA,NA,NA,NA,NA,NA,NA,NA,NA,NA,NA,NA,NA,NA,NA,NA,NA,NA,United States of America,NA,NA,NA,NA,NA,NA,NA,NA,NA,NA,NA,NA,NA
Peru,2023,COE,auction,NA,https://allianceforcoffeeexcellence.org/peru-2023/,2,10,Finca Los Santos,88.94,657.87,NA,"$9,933.84",NA,NA,success,NA,NA,NA,NA,NA,NA,NA,NA,NA,NA,NA,NA,NA,NA,NA,NA,NA,$15.10,NA,NA,治光师 Beam Timer,NA,NA,NA,NA,NA,NA,NA,NA,NA,NA,NA,NA,NA,NA,NA,NA,NA,NA,NA,NA,NA,NA,NA,China,NA,NA,NA,NA,NA,NA,NA,NA,NA,NA,NA,NA,NA
Peru,2023,COE,auction,NA,https://allianceforcoffeeexcellence.org/peru-2023/,2,11,Sol Naciente,88.59,529.11,NA,"$10,106.00",NA,NA,success,NA,NA,NA,NA,NA,NA,NA,NA,NA,NA,NA,NA,NA,NA,NA,NA,NA,$19.10,NA,NA,Pebble Coffee,NA,NA,NA,NA,NA,NA,NA,NA,NA,NA,NA,NA,NA,NA,NA,NA,NA,NA,NA,NA,NA,NA,NA,Taiwan,NA,NA,NA,NA,NA,NA,NA,NA,NA,NA,NA,NA,NA
Peru,2023,COE,auction,NA,https://allianceforcoffeeexcellence.org/peru-2023/,2,12,El Colibri,88.56,661.39,NA,"$9,259.46",NA,NA,success,NA,NA,NA,NA,NA,NA,NA,NA,NA,NA,NA,NA,NA,NA,NA,NA,NA,$14.00,NA,NA,Brew92,NA,NA,NA,NA,NA,NA,NA,NA,NA,NA,NA,NA,NA,NA,NA,NA,NA,NA,NA,NA,NA,NA,NA,Saudi Arabia,NA,NA,NA,NA,NA,NA,NA,NA,NA,NA,NA,NA,NA
Peru,2023,COE,auction,NA,https://allianceforcoffeeexcellence.org/peru-2023/,2,13,Alto San Jose,88.53,636.00,NA,"$9,285.60",NA,NA,success,NA,NA,NA,NA,NA,NA,NA,NA,NA,NA,NA,NA,NA,NA,NA,NA,NA,$14.60,NA,NA,NOZY COFFEE,NA,NA,NA,NA,NA,NA,NA,NA,NA,NA,NA,NA,NA,NA,NA,NA,NA,NA,NA,NA,NA,NA,NA,Japan,NA,NA,NA,NA,NA,NA,NA,NA,NA,NA,NA,NA,NA
Peru,2023,COE,auction,NA,https://allianceforcoffeeexcellence.org/peru-2023/,2,14,Miscabamba,88.53,577.32,NA,"$9,641.24",NA,NA,success,NA,NA,NA,NA,NA,NA,NA,NA,NA,NA,NA,NA,NA,NA,NA,NA,NA,$16.70,NA,NA,SARUTAHIKO COFFEE,NA,NA,NA,NA,NA,NA,NA,NA,NA,NA,NA,NA,NA,NA,NA,NA,NA,NA,NA,NA,NA,NA,NA,Japan,NA,NA,NA,NA,NA,NA,NA,NA,NA,NA,NA,NA,NA
Peru,2023,COE,auction,NA,https://allianceforcoffeeexcellence.org/peru-2023/,2,15,Mate,88.47,589.78,NA,"$9,023.63",NA,NA,success,NA,NA,NA,NA,NA,NA,NA,NA,NA,NA,NA,NA,NA,NA,NA,NA,NA,$15.30,NA,NA,REHM SPECIALTY COFFEE IMPORTERS,NA,NA,NA,NA,NA,NA,NA,NA,NA,NA,NA,NA,NA,NA,NA,NA,NA,NA,NA,NA,NA,NA,NA,Germany,NA,NA,NA,NA,NA,NA,NA,NA,NA,NA,NA,NA,NA
Peru,2023,COE,auction,NA,https://allianceforcoffeeexcellence.org/peru-2023/,2,16,Finca Montalvan,88.29,661.39,NA,"$8,928.77",NA,NA,success,NA,NA,NA,NA,NA,NA,NA,NA,NA,NA,NA,NA,NA,NA,NA,NA,NA,$13.50,NA,NA,"Wataru & Co., Ltd.",NA,NA,NA,NA,NA,NA,NA,NA,NA,NA,NA,NA,NA,NA,NA,NA,NA,NA,NA,NA,NA,NA,NA,Japan,NA,NA,NA,NA,NA,NA,NA,NA,NA,NA,NA,NA,NA
Peru,2023,COE,auction,NA,https://allianceforcoffeeexcellence.org/peru-2023/,2,17,La Curva,88.18,617.82,NA,"$9,637.99",NA,NA,success,NA,NA,NA,NA,NA,NA,NA,NA,NA,NA,NA,NA,NA,NA,NA,NA,NA,$15.60,NA,NA,"Wataru & Co., Ltd.",NA,NA,NA,NA,NA,NA,NA,NA,NA,NA,NA,NA,NA,NA,NA,NA,NA,NA,NA,NA,NA,NA,NA,Japan,NA,NA,NA,NA,NA,NA,NA,NA,NA,NA,NA,NA,NA
Peru,2023,COE,auction,NA,https://allianceforcoffeeexcellence.org/peru-2023/,2,18,Artemira,88.15,986.52,NA,"$15,981.62",NA,NA,success,NA,NA,NA,NA,NA,NA,NA,NA,NA,NA,NA,NA,NA,NA,NA,NA,NA,$16.20,NA,NA,"KALDI COFFEE FARM (CAMEL COFFEE CO.,LTD.)",NA,NA,NA,NA,NA,NA,NA,NA,NA,NA,NA,NA,NA,NA,NA,NA,NA,NA,NA,NA,NA,NA,NA,Japan,NA,NA,NA,NA,NA,NA,NA,NA,NA,NA,NA,NA,NA
Peru,2023,COE,auction,NA,https://allianceforcoffeeexcellence.org/peru-2023/,2,19,Puquiopampa,88.15,595.25,NA,"$8,988.28",NA,NA,success,NA,NA,NA,NA,NA,NA,NA,NA,NA,NA,NA,NA,NA,NA,NA,NA,NA,$15.10,NA,NA,Kyokuto Fadie Corporation,NA,NA,NA,NA,NA,NA,NA,NA,NA,NA,NA,NA,NA,NA,NA,NA,NA,NA,NA,NA,NA,NA,NA,Japan,NA,NA,NA,NA,NA,NA,NA,NA,NA,NA,NA,NA,NA
Peru,2023,COE,auction,NA,https://allianceforcoffeeexcellence.org/peru-2023/,2,20,Tranca Amarilluyuq,88.12,584.22,NA,"$10,223.85",NA,NA,success,NA,NA,NA,NA,NA,NA,NA,NA,NA,NA,NA,NA,NA,NA,NA,NA,NA,$17.50,NA,NA,KAFFEBRENNERIET AS,NA,NA,NA,NA,NA,NA,NA,NA,NA,NA,NA,NA,NA,NA,NA,NA,NA,NA,NA,NA,NA,NA,NA,Norway,NA,NA,NA,NA,NA,NA,NA,NA,NA,NA,NA,NA,NA
Peru,2023,COE,auction,NA,https://allianceforcoffeeexcellence.org/peru-2023/,2,21,El Cedro,87.88,783.24,NA,"$17,779.55",NA,NA,success,NA,NA,NA,NA,NA,NA,NA,NA,NA,NA,NA,NA,NA,NA,NA,NA,NA,$22.70,NA,NA,Sulalat Coffee Trading,NA,NA,NA,NA,NA,NA,NA,NA,NA,NA,NA,NA,NA,NA,NA,NA,NA,NA,NA,NA,NA,NA,NA,Saudi Arabia,NA,NA,NA,NA,NA,NA,NA,NA,NA,NA,NA,NA,NA
Peru,2023,COE,auction,NA,https://allianceforcoffeeexcellence.org/peru-2023/,2,22,Rosas Pata,87.79,617.29,NA,"$10,370.47",NA,NA,success,NA,NA,NA,NA,NA,NA,NA,NA,NA,NA,NA,NA,NA,NA,NA,NA,NA,$16.80,NA,NA,NOZY COFFEE,NA,NA,NA,NA,NA,NA,NA,NA,NA,NA,NA,NA,NA,NA,NA,NA,NA,NA,NA,NA,NA,NA,NA,Japan,NA,NA,NA,NA,NA,NA,NA,NA,NA,NA,NA,NA,NA
Peru,2023,COE,auction,NA,https://allianceforcoffeeexcellence.org/peru-2023/,2,23,El Rejo,87.79,621.61,NA,"$8,298.49",NA,NA,success,NA,NA,NA,NA,NA,NA,NA,NA,NA,NA,NA,NA,NA,NA,NA,NA,NA,$13.35,NA,NA,Campos Coffee,NA,NA,NA,NA,NA,NA,NA,NA,NA,NA,NA,NA,NA,NA,NA,NA,NA,NA,NA,NA,NA,NA,NA,Australia,NA,NA,NA,NA,NA,NA,NA,NA,NA,NA,NA,NA,NA
Peru,2023,COE,auction,NA,https://allianceforcoffeeexcellence.org/peru-2023/,2,24,La Pomarrosa,87.76,629.20,NA,"$7,172.88",NA,NA,success,NA,NA,NA,NA,NA,NA,NA,NA,NA,NA,NA,NA,NA,NA,NA,NA,NA,$11.40,NA,NA,honu加藤珈琲店株式会社,NA,NA,NA,NA,NA,NA,NA,NA,NA,NA,NA,NA,NA,NA,NA,NA,NA,NA,NA,NA,NA,NA,NA,Japan,NA,NA,NA,NA,NA,NA,NA,NA,NA,NA,NA,NA,NA
Peru,2023,COE,auction,NA,https://allianceforcoffeeexcellence.org/peru-2023/,2,25,La Palta,87.76,711.37,NA,"$9,461.22",NA,NA,success,NA,NA,NA,NA,NA,NA,NA,NA,NA,NA,NA,NA,NA,NA,NA,NA,NA,$13.30,NA,NA,Kyokuto Fadie Corporation,NA,NA,NA,NA,NA,NA,NA,NA,NA,NA,NA,NA,NA,NA,NA,NA,NA,NA,NA,NA,NA,NA,NA,Japan,NA,NA,NA,NA,NA,NA,NA,NA,NA,NA,NA,NA,NA
Peru,2023,COE,auction,NA,https://allianceforcoffeeexcellence.org/peru-2023/,2,26,Alto Mirador,87.71,618.18,NA,"$10,138.15",NA,NA,success,NA,NA,NA,NA,NA,NA,NA,NA,NA,NA,NA,NA,NA,NA,NA,NA,NA,$16.40,NA,NA,Wataru for Voila Coffee,NA,NA,NA,NA,NA,NA,NA,NA,NA,NA,NA,NA,NA,NA,NA,NA,NA,NA,NA,NA,NA,NA,NA,Japan,NA,NA,NA,NA,NA,NA,NA,NA,NA,NA,NA,NA,NA
Peru,2023,COE,auction,NA,https://allianceforcoffeeexcellence.org/peru-2023/,2,27,Kukipata,87.68,655.70,NA,"$10,032.21",NA,NA,success,NA,NA,NA,NA,NA,NA,NA,NA,NA,NA,NA,NA,NA,NA,NA,NA,NA,$15.30,NA,NA,"Wolfing Coffee, Doris Coffee Lab",NA,NA,NA,NA,NA,NA,NA,NA,NA,NA,NA,NA,NA,NA,NA,NA,NA,NA,NA,NA,NA,NA,NA,China,NA,NA,NA,NA,NA,NA,NA,NA,NA,NA,NA,NA,NA
Peru,2023,COE,auction,NA,https://allianceforcoffeeexcellence.org/peru-2023/,2,28,Arco Iris,87.56,633.12,NA,"$8,547.12",NA,NA,success,NA,NA,NA,NA,NA,NA,NA,NA,NA,NA,NA,NA,NA,NA,NA,NA,NA,$13.50,NA,NA,"Wataru & Co., Ltd.",NA,NA,NA,NA,NA,NA,NA,NA,NA,NA,NA,NA,NA,NA,NA,NA,NA,NA,NA,NA,NA,NA,NA,Japan,NA,NA,NA,NA,NA,NA,NA,NA,NA,NA,NA,NA,NA
Peru,2023,COE,auction,NA,https://allianceforcoffeeexcellence.org/peru-2023/,2,29,Ermelita,87.53,716.50,NA,"$11,392.35",NA,NA,success,NA,NA,NA,NA,NA,NA,NA,NA,NA,NA,NA,NA,NA,NA,NA,NA,NA,$15.90,NA,NA,M.I.Coffee Corporation,NA,NA,NA,NA,NA,NA,NA,NA,NA,NA,NA,NA,NA,NA,NA,NA,NA,NA,NA,NA,NA,NA,NA,South Korea,NA,NA,NA,NA,NA,NA,NA,NA,NA,NA,NA,NA,NA
Peru,2023,COE,auction,NA,https://allianceforcoffeeexcellence.org/peru-2023/,2,30,Rayos Del Sol,87.53,650.36,NA,"$7,544.18",NA,NA,success,NA,NA,NA,NA,NA,NA,NA,NA,NA,NA,NA,NA,NA,NA,NA,NA,NA,$11.60,NA,NA,"Wataru & Co., Ltd.",NA,NA,NA,NA,NA,NA,NA,NA,NA,NA,NA,NA,NA,NA,NA,NA,NA,NA,NA,NA,NA,NA,NA,Japan,NA,NA,NA,NA,NA,NA,NA,NA,NA,NA,NA,NA,NA
Peru,2023,COE,auction,NA,https://allianceforcoffeeexcellence.org/peru-2023/,2,,,,Total,NA,"$431,106.26",NA,NA,success,NA,NA,NA,NA,NA,NA,NA,NA,NA,NA,NA,NA,NA,NA,NA,NA,NA,$21.39/lb,NA,NA,,NA,NA,NA,NA,NA,NA,NA,NA,NA,NA,NA,NA,NA,NA,NA,NA,NA,NA,NA,NA,NA,NA,NA,,NA,NA,NA,NA,NA,NA,NA,NA,NA,NA,NA,NA,NA
Peru,2023,NW,auction,NA,https://allianceforcoffeeexcellence.org/peru-2023/,4,NW,Santa Yamilet,87.50,569.67,NA,"$5,240.96",NA,NA,success,NA,NA,NA,NA,NA,NA,NA,NA,NA,NA,NA,治光师,NA,NA,NA,NA,NA,$9.20,NA,China,NA,NA,NA,NA,NA,NA,NA,NA,NA,NA,NA,NA,NA,NA,NA,NA,NA,NA,NA,NA,NA,NA,NA,NA,NA,NA,NA,NA,NA,NA,NA,NA,NA,NA,NA,NA,NA,NA
Peru,2023,NW,auction,NA,https://allianceforcoffeeexcellence.org/peru-2023/,4,NW,Valle Cristal,87.21,595.25,NA,"$7,738.25",NA,NA,success,NA,NA,NA,NA,NA,NA,NA,NA,NA,NA,NA,Vela Ethan（Peru Taiwan China),NA,NA,NA,NA,NA,$13.00,NA,Taiwan,NA,NA,NA,NA,NA,NA,NA,NA,NA,NA,NA,NA,NA,NA,NA,NA,NA,NA,NA,NA,NA,NA,NA,NA,NA,NA,NA,NA,NA,NA,NA,NA,NA,NA,NA,NA,NA,NA
Peru,2023,NW,auction,NA,https://allianceforcoffeeexcellence.org/peru-2023/,4,NW,Huatoroni,86.76,694.94,NA,"$6,810.41",NA,NA,success,NA,NA,NA,NA,NA,NA,NA,NA,NA,NA,NA,PRIVATE RESERVE,NA,NA,NA,NA,NA,$9.80,NA,China,NA,NA,NA,NA,NA,NA,NA,NA,NA,NA,NA,NA,NA,NA,NA,NA,NA,NA,NA,NA,NA,NA,NA,NA,NA,NA,NA,NA,NA,NA,NA,NA,NA,NA,NA,NA,NA,NA
Peru,2023,NW,auction,NA,https://allianceforcoffeeexcellence.org/peru-2023/,4,NW,Santa Sofia,86.74,966.73,NA,"$7,540.49",NA,NA,success,NA,NA,NA,NA,NA,NA,NA,NA,NA,NA,NA,治光师,NA,NA,NA,NA,NA,$7.80,NA,China,NA,NA,NA,NA,NA,NA,NA,NA,NA,NA,NA,NA,NA,NA,NA,NA,NA,NA,NA,NA,NA,NA,NA,NA,NA,NA,NA,NA,NA,NA,NA,NA,NA,NA,NA,NA,NA,NA
Peru,2023,NW,auction,NA,https://allianceforcoffeeexcellence.org/peru-2023/,4,NW,La Lucuma,85.94,859.80,NA,"$4,041.06",NA,NA,success,NA,NA,NA,NA,NA,NA,NA,NA,NA,NA,NA,"Wataru & Co., Ltd.",NA,NA,NA,NA,NA,$4.70,NA,Japan,NA,NA,NA,NA,NA,NA,NA,NA,NA,NA,NA,NA,NA,NA,NA,NA,NA,NA,NA,NA,NA,NA,NA,NA,NA,NA,NA,NA,NA,NA,NA,NA,NA,NA,NA,NA,NA,NA
Peru,2023,NW,auction,NA,https://allianceforcoffeeexcellence.org/peru-2023/,4,NW,Justino Huaman,85.56,626.99,NA,"$7,022.29",NA,NA,success,NA,NA,NA,NA,NA,NA,NA,NA,NA,NA,NA,Vela Ethan（Peru Taiwan China),NA,NA,NA,NA,NA,$11.20,NA,Taiwan,NA,NA,NA,NA,NA,NA,NA,NA,NA,NA,NA,NA,NA,NA,NA,NA,NA,NA,NA,NA,NA,NA,NA,NA,NA,NA,NA,NA,NA,NA,NA,NA,NA,NA,NA,NA,NA,NA
Peru,2023,NW,auction,NA,https://allianceforcoffeeexcellence.org/peru-2023/,4,NW,El Huayaquil,85.53,925.94,NA,"$4,259.32",NA,NA,success,NA,NA,NA,NA,NA,NA,NA,NA,NA,NA,NA,Vela Ethan（Peru Taiwan China),NA,NA,NA,NA,NA,$4.60,NA,Taiwan,NA,NA,NA,NA,NA,NA,NA,NA,NA,NA,NA,NA,NA,NA,NA,NA,NA,NA,NA,NA,NA,NA,NA,NA,NA,NA,NA,NA,NA,NA,NA,NA,NA,NA,NA,NA,NA,NA
Peru,2023,NW,auction,NA,https://allianceforcoffeeexcellence.org/peru-2023/,4,NW,,,,NA,"$42,652.78",NA,NA,success,NA,NA,NA,NA,NA,NA,NA,NA,NA,NA,NA,,NA,NA,NA,NA,NA,Total,NA,,NA,NA,NA,NA,NA,NA,NA,NA,NA,NA,NA,NA,NA,NA,NA,NA,NA,NA,NA,NA,NA,NA,NA,NA,NA,NA,NA,NA,NA,NA,NA,NA,NA,NA,NA,NA,NA,NA
Thailand,2023,COE,auction,NA,https://allianceforcoffeeexcellence.org/thailand-2023/,2,1a,Coffee De Hmong Biofarm,91.13,NA,$69.50,NA,"YN coffee,
Vela Ethan International Co.,Ltd,
Cuppingpost",NA,success,NA,NA,NA,NA,NA,NA,NA,NA,NA,NA,NA,NA,NA,NA,NA,NA,NA,NA,"$5,543.32",NA,NA,NA,NA,NA,NA,NA,NA,NA,NA,NA,NA,NA,NA,NA,NA,NA,79.76,NA,NA,NA,NA,NA,NA,NA,NA,NA,NA,NA,NA,NA,NA,NA,NA,NA,NA,NA,NA,NA
Thailand,2023,COE,auction,NA,https://allianceforcoffeeexcellence.org/thailand-2023/,2,1b,Coffee De Hmong Biofarm,91.13,NA,$73.30,NA,CHG（手多多咖啡）、Tasty&Oracle（塔苏瑞）、BEAN SUPER豆超國際 – China,NA,success,NA,NA,NA,NA,NA,NA,NA,NA,NA,NA,NA,NA,NA,NA,NA,NA,NA,NA,"$4,848.06",NA,NA,NA,NA,NA,NA,NA,NA,NA,NA,NA,NA,NA,NA,NA,NA,NA,66.14,NA,NA,NA,NA,NA,NA,NA,NA,NA,NA,NA,NA,NA,NA,NA,NA,NA,NA,NA,NA,NA
Thailand,2023,COE,auction,NA,https://allianceforcoffeeexcellence.org/thailand-2023/,2,2,Phala Akha Coffee Farm,89.5,NA,$25.30,NA,Kyokuto Fadie Corporation – Japan,NA,success,NA,NA,NA,NA,NA,NA,NA,NA,NA,NA,NA,NA,NA,NA,NA,NA,NA,NA,"$3,888.86",NA,NA,NA,NA,NA,NA,NA,NA,NA,NA,NA,NA,NA,NA,NA,NA,NA,153.71,NA,NA,NA,NA,NA,NA,NA,NA,NA,NA,NA,NA,NA,NA,NA,NA,NA,NA,NA,NA,NA
Thailand,2023,COE,auction,NA,https://allianceforcoffeeexcellence.org/thailand-2023/,2,3,Soft Coffee Farm,89.13,NA,$45.00,NA,Cuppingpost – South Korea,NA,success,NA,NA,NA,NA,NA,NA,NA,NA,NA,NA,NA,NA,NA,NA,NA,NA,NA,NA,"$7,968.60",NA,NA,NA,NA,NA,NA,NA,NA,NA,NA,NA,NA,NA,NA,NA,NA,NA,177.08,NA,NA,NA,NA,NA,NA,NA,NA,NA,NA,NA,NA,NA,NA,NA,NA,NA,NA,NA,NA,NA
Thailand,2023,COE,auction,NA,https://allianceforcoffeeexcellence.org/thailand-2023/,2,4,Cherpong village,88.93,NA,$18.80,NA,The Coffee Tree Roasters – United States of America,NA,success,NA,NA,NA,NA,NA,NA,NA,NA,NA,NA,NA,NA,NA,NA,NA,NA,NA,NA,"$2,879.78",NA,NA,NA,NA,NA,NA,NA,NA,NA,NA,NA,NA,NA,NA,NA,NA,NA,153.18,NA,NA,NA,NA,NA,NA,NA,NA,NA,NA,NA,NA,NA,NA,NA,NA,NA,NA,NA,NA,NA
Thailand,2023,COE,auction,NA,https://allianceforcoffeeexcellence.org/thailand-2023/,2,5,Amazingcoffee at Mae Chan Tai,88.8,NA,$17.30,NA,Kizuna Roaster & Co. – Hong Kong,NA,success,NA,NA,NA,NA,NA,NA,NA,NA,NA,NA,NA,NA,NA,NA,NA,NA,NA,NA,"$2,680.46",NA,NA,NA,NA,NA,NA,NA,NA,NA,NA,NA,NA,NA,NA,NA,NA,NA,154.94,NA,NA,NA,NA,NA,NA,NA,NA,NA,NA,NA,NA,NA,NA,NA,NA,NA,NA,NA,NA,NA
Thailand,2023,COE,auction,NA,https://allianceforcoffeeexcellence.org/thailand-2023/,2,6,Doi Pakgud coffee,88.8,NA,$15.10,NA,Full Sweet Coffee – Taiwan,NA,success,NA,NA,NA,NA,NA,NA,NA,NA,NA,NA,NA,NA,NA,NA,NA,NA,NA,NA,"$2,574.70",NA,NA,NA,NA,NA,NA,NA,NA,NA,NA,NA,NA,NA,NA,NA,NA,NA,170.51,NA,NA,NA,NA,NA,NA,NA,NA,NA,NA,NA,NA,NA,NA,NA,NA,NA,NA,NA,NA,NA
Thailand,2023,COE,auction,NA,https://allianceforcoffeeexcellence.org/thailand-2023/,2,7,DoiTung,88.73,NA,$25.60,NA,"KALDI COFFEE FARM (CAMEL COFFEE CO.,LTD.) – Japan",NA,success,NA,NA,NA,NA,NA,NA,NA,NA,NA,NA,NA,NA,NA,NA,NA,NA,NA,NA,"$4,226.05",NA,NA,NA,NA,NA,NA,NA,NA,NA,NA,NA,NA,NA,NA,NA,NA,NA,165.08,NA,NA,NA,NA,NA,NA,NA,NA,NA,NA,NA,NA,NA,NA,NA,NA,NA,NA,NA,NA,NA
Thailand,2023,COE,auction,NA,https://allianceforcoffeeexcellence.org/thailand-2023/,2,8,Ma Family Coffee Farm,88.63,NA,$15.20,NA,Ryans Coffee Roasters – South Korea,NA,success,NA,NA,NA,NA,NA,NA,NA,NA,NA,NA,NA,NA,NA,NA,NA,NA,NA,NA,"$2,407.98",NA,NA,NA,NA,NA,NA,NA,NA,NA,NA,NA,NA,NA,NA,NA,NA,NA,158.42,NA,NA,NA,NA,NA,NA,NA,NA,NA,NA,NA,NA,NA,NA,NA,NA,NA,NA,NA,NA,NA
Thailand,2023,COE,auction,NA,https://allianceforcoffeeexcellence.org/thailand-2023/,2,9,Doi Nan,88.6,NA,$12.10,NA,Mercanta The Coffee Hunters for Alchemist Singapore,NA,success,NA,NA,NA,NA,NA,NA,NA,NA,NA,NA,NA,NA,NA,NA,NA,NA,NA,NA,"$2,029.53",NA,NA,NA,NA,NA,NA,NA,NA,NA,NA,NA,NA,NA,NA,NA,NA,NA,167.73,NA,NA,NA,NA,NA,NA,NA,NA,NA,NA,NA,NA,NA,NA,NA,NA,NA,NA,NA,NA,NA
Thailand,2023,COE,auction,NA,https://allianceforcoffeeexcellence.org/thailand-2023/,2,10,Heramon farm,88.37,NA,$13.20,NA,Kizuna Roaster & Co. – Hong Kong,NA,success,NA,NA,NA,NA,NA,NA,NA,NA,NA,NA,NA,NA,NA,NA,NA,NA,NA,NA,"$2,092.33",NA,NA,NA,NA,NA,NA,NA,NA,NA,NA,NA,NA,NA,NA,NA,NA,NA,158.51,NA,NA,NA,NA,NA,NA,NA,NA,NA,NA,NA,NA,NA,NA,NA,NA,NA,NA,NA,NA,NA
Thailand,2023,COE,auction,NA,https://allianceforcoffeeexcellence.org/thailand-2023/,2,11,DoiTung – Scaling Project in Nan,87.63,NA,$20.00,NA,La Cabra – Denmark,NA,success,NA,NA,NA,NA,NA,NA,NA,NA,NA,NA,NA,NA,NA,NA,NA,NA,NA,NA,"$3,294.60",NA,NA,NA,NA,NA,NA,NA,NA,NA,NA,NA,NA,NA,NA,NA,NA,NA,164.73,NA,NA,NA,NA,NA,NA,NA,NA,NA,NA,NA,NA,NA,NA,NA,NA,NA,NA,NA,NA,NA
Thailand,2023,COE,auction,NA,https://allianceforcoffeeexcellence.org/thailand-2023/,2,12,Follow Your Heart Coffee,87.47,NA,$5.70,NA,"Wataru & Co., Ltd. – Japan",NA,success,NA,NA,NA,NA,NA,NA,NA,NA,NA,NA,NA,NA,NA,NA,NA,NA,NA,NA,$920.38,NA,NA,NA,NA,NA,NA,NA,NA,NA,NA,NA,NA,NA,NA,NA,NA,NA,161.47,NA,NA,NA,NA,NA,NA,NA,NA,NA,NA,NA,NA,NA,NA,NA,NA,NA,NA,NA,NA,NA
Thailand,2023,COE,auction,NA,https://allianceforcoffeeexcellence.org/thailand-2023/,2,13,Soyi,87.4,NA,$12.80,NA,"K.V.N. Import Export (1991) Co.,Ltd. – Thailand",NA,success,NA,NA,NA,NA,NA,NA,NA,NA,NA,NA,NA,NA,NA,NA,NA,NA,NA,NA,"$3,435.90",NA,NA,NA,NA,NA,NA,NA,NA,NA,NA,NA,NA,NA,NA,NA,NA,NA,268.43,NA,NA,NA,NA,NA,NA,NA,NA,NA,NA,NA,NA,NA,NA,NA,NA,NA,NA,NA,NA,NA
Thailand,2023,COE,auction,NA,https://allianceforcoffeeexcellence.org/thailand-2023/,2,14,Karen Farm,87.3,NA,$20.00,NA,"SHRUB COFFEE ,FUKUSUKE COFFEE ROASTERY ,新田珈琲  and  Glams Coffee Roastery by Marukai",NA,success,NA,NA,NA,NA,NA,NA,NA,NA,NA,NA,NA,NA,NA,NA,NA,NA,NA,NA,"$3,413.60",NA,NA,NA,NA,NA,NA,NA,NA,NA,NA,NA,NA,NA,NA,NA,NA,NA,170.68,NA,NA,NA,NA,NA,NA,NA,NA,NA,NA,NA,NA,NA,NA,NA,NA,NA,NA,NA,NA,NA
Thailand,2023,COE,auction,NA,https://allianceforcoffeeexcellence.org/thailand-2023/,2,15,Apae,87.2,NA,$9.40,NA,KAFFEBRENNERIET AS – Norway,NA,success,NA,NA,NA,NA,NA,NA,NA,NA,NA,NA,NA,NA,NA,NA,NA,NA,NA,NA,"$2,915.41",NA,NA,NA,NA,NA,NA,NA,NA,NA,NA,NA,NA,NA,NA,NA,NA,NA,310.15,NA,NA,NA,NA,NA,NA,NA,NA,NA,NA,NA,NA,NA,NA,NA,NA,NA,NA,NA,NA,NA
Thailand,2023,COE,auction,NA,https://allianceforcoffeeexcellence.org/thailand-2023/,2,16,Praiwan estate,87.2,NA,$6.10,NA,"Wataru & Co., Ltd. – Japan",NA,success,NA,NA,NA,NA,NA,NA,NA,NA,NA,NA,NA,NA,NA,NA,NA,NA,NA,NA,"$1,593.63",NA,NA,NA,NA,NA,NA,NA,NA,NA,NA,NA,NA,NA,NA,NA,NA,NA,261.25,NA,NA,NA,NA,NA,NA,NA,NA,NA,NA,NA,NA,NA,NA,NA,NA,NA,NA,NA,NA,NA
Thailand,2023,NW,auction,NA,https://allianceforcoffeeexcellence.org/thailand-2023/,4,NW,BONGKOTSASADA CHAIPROM,86.97,NA,8.2,"$1,406.46",COFFEE HUNTER THAILAND,NA,success,NA,NA,NA,NA,NA,NA,NA,NA,NA,NA,NA,NA,NA,NA,NA,NA,NA,NA,NA,NA,NA,NA,NA,NA,NA,NA,NA,NA,NA,NA,NA,NA,NA,NA,NA,NA,171.52,NA,NA,NA,NA,NA,NA,NA,NA,NA,NA,NA,NA,NA,NA,NA,NA,NA,NA,NA,NA,NA
Thailand,2023,NW,auction,NA,https://allianceforcoffeeexcellence.org/thailand-2023/,4,NW,SOFT Coffee,86.87,NA,10.2,"$1,743.18",COFFEE HUNTER THAILAND,NA,success,NA,NA,NA,NA,NA,NA,NA,NA,NA,NA,NA,NA,NA,NA,NA,NA,NA,NA,NA,NA,NA,NA,NA,NA,NA,NA,NA,NA,NA,NA,NA,NA,NA,NA,NA,NA,170.9,NA,NA,NA,NA,NA,NA,NA,NA,NA,NA,NA,NA,NA,NA,NA,NA,NA,NA,NA,NA,NA
Thailand,2023,NW,auction,NA,https://allianceforcoffeeexcellence.org/thailand-2023/,4,NW,Riadindee Tea&coffee,86.83,NA,4,$925.04,COFFEE HUNTER THAILAND,NA,success,NA,NA,NA,NA,NA,NA,NA,NA,NA,NA,NA,NA,NA,NA,NA,NA,NA,NA,NA,NA,NA,NA,NA,NA,NA,NA,NA,NA,NA,NA,NA,NA,NA,NA,NA,NA,231.26,NA,NA,NA,NA,NA,NA,NA,NA,NA,NA,NA,NA,NA,NA,NA,NA,NA,NA,NA,NA,NA
Thailand,2023,NW,auction,NA,https://allianceforcoffeeexcellence.org/thailand-2023/,4,NW,PIYAMAPORN WANMANEE,86.5,NA,5.6,"$3,836.62",COFFEE HUNTER THAILAND,NA,success,NA,NA,NA,NA,NA,NA,NA,NA,NA,NA,NA,NA,NA,NA,NA,NA,NA,NA,NA,NA,NA,NA,NA,NA,NA,NA,NA,NA,NA,NA,NA,NA,NA,NA,NA,NA,685.11,NA,NA,NA,NA,NA,NA,NA,NA,NA,NA,NA,NA,NA,NA,NA,NA,NA,NA,NA,NA,NA
Thailand,2023,NW,auction,NA,https://allianceforcoffeeexcellence.org/thailand-2023/,4,NW,ATAcoffeefarm,86.3,NA,4,"$1,100.00",COFFEE HUNTER THAILAND,NA,success,NA,NA,NA,NA,NA,NA,NA,NA,NA,NA,NA,NA,NA,NA,NA,NA,NA,NA,NA,NA,NA,NA,NA,NA,NA,NA,NA,NA,NA,NA,NA,NA,NA,NA,NA,NA,275,NA,NA,NA,NA,NA,NA,NA,NA,NA,NA,NA,NA,NA,NA,NA,NA,NA,NA,NA,NA,NA
Thailand,2023,NW,auction,NA,https://allianceforcoffeeexcellence.org/thailand-2023/,4,NW,SAENCHAI JUPO,86.13,NA,12.3,"$2,368.98","Coffee Therapy (Thailand), Coffee Me Up (Korea)
Bla Bla Bla Coffee Energy,
Eights A Day",NA,success,NA,NA,NA,NA,NA,NA,NA,NA,NA,NA,NA,NA,NA,NA,NA,NA,NA,NA,NA,NA,NA,NA,NA,NA,NA,NA,NA,NA,NA,NA,NA,NA,NA,NA,NA,NA,192.6,NA,NA,NA,NA,NA,NA,NA,NA,NA,NA,NA,NA,NA,NA,NA,NA,NA,NA,NA,NA,NA
Thailand,2023,NW,auction,NA,https://allianceforcoffeeexcellence.org/thailand-2023/,4,NW,Rai Doi Nan Coffee Farm,86.1,NA,8.1,"$1,469.34",COFFEE HUNTER THAILAND,NA,success,NA,NA,NA,NA,NA,NA,NA,NA,NA,NA,NA,NA,NA,NA,NA,NA,NA,NA,NA,NA,NA,NA,NA,NA,NA,NA,NA,NA,NA,NA,NA,NA,NA,NA,NA,NA,181.4,NA,NA,NA,NA,NA,NA,NA,NA,NA,NA,NA,NA,NA,NA,NA,NA,NA,NA,NA,NA,NA
Thailand,2023,NW,auction,NA,https://allianceforcoffeeexcellence.org/thailand-2023/,4,NW,FINCA CECRATA,85.93,NA,4.6,$942.31,COFFEE HUNTER THAILAND,NA,success,NA,NA,NA,NA,NA,NA,NA,NA,NA,NA,NA,NA,NA,NA,NA,NA,NA,NA,NA,NA,NA,NA,NA,NA,NA,NA,NA,NA,NA,NA,NA,NA,NA,NA,NA,NA,204.85,NA,NA,NA,NA,NA,NA,NA,NA,NA,NA,NA,NA,NA,NA,NA,NA,NA,NA,NA,NA,NA
Brazil,2024,COE,auction,Washed + Honey,https://allianceforcoffeeexcellence.org/brazil-2024/,4,1A,NA,"91,93",NA,NA,"$15.902,46",Orange Brown Import and Export Ltd.,NA,success,NA,NA,NA,NA,NA,Topázio Amarelo,NA,NA,NA,NA,NA,NA,NA,NA,NA,NA,NA,NA,NA,NA,NA,NA,NA,NA,NA,NA,NA,NA,NA,NA,NA,NA,NA,NA,NA,NA,"264,6",NA,NA,NA,NA,NA,NA,NA,NA,Fazenda Sobro E Bonito De Cima – Dbarbosa Coffee,NA,"$60,10",NA,NA,NA,NA,NA,NA,NA,NA,NA,NA
Brazil,2024,COE,auction,Washed + Honey,https://allianceforcoffeeexcellence.org/brazil-2024/,4,1B,NA,"91,93",NA,NA,"$15.373,26",Orange Brown Import and Export Ltd.,NA,success,NA,NA,NA,NA,NA,Topázio Amarelo,NA,NA,NA,NA,NA,NA,NA,NA,NA,NA,NA,NA,NA,NA,NA,NA,NA,NA,NA,NA,NA,NA,NA,NA,NA,NA,NA,NA,NA,NA,"264,60",NA,NA,NA,NA,NA,NA,NA,NA,Fazenda Sobro E Bonito De Cima – Dbarbosa Coffee,NA,"$58,10",NA,NA,NA,NA,NA,NA,NA,NA,NA,NA
Brazil,2024,COE,auction,Washed + Honey,https://allianceforcoffeeexcellence.org/brazil-2024/,4,2☘️,NA,"90,89",NA,NA,"$6.705,92",Brulerie du Quai,NA,success,NA,NA,NA,NA,NA,Arara,NA,NA,NA,NA,NA,NA,NA,NA,NA,NA,NA,NA,NA,NA,NA,NA,NA,NA,NA,NA,NA,NA,NA,NA,NA,NA,NA,NA,NA,NA,"396,80",NA,NA,NA,NA,NA,NA,NA,NA,Fazenda Olhos D’Agua,NA,"$16,90",NA,NA,NA,NA,NA,NA,NA,NA,NA,NA
Brazil,2024,COE,auction,Washed + Honey,https://allianceforcoffeeexcellence.org/brazil-2024/,4,3,NA,"90,21",NA,NA,"$10.753,28",terarosa,NA,success,NA,NA,NA,NA,NA,Arara,NA,NA,NA,NA,NA,NA,NA,NA,NA,NA,NA,NA,NA,NA,NA,NA,NA,NA,NA,NA,NA,NA,NA,NA,NA,NA,NA,NA,NA,NA,"396,80",NA,NA,NA,NA,NA,NA,NA,NA,Sitio Pedro Varinha,NA,"$27,10",NA,NA,NA,NA,NA,NA,NA,NA,NA,NA
Brazil,2024,COE,auction,Washed + Honey,https://allianceforcoffeeexcellence.org/brazil-2024/,4,4,NA,"89,93",NA,NA,"$6.051,20",NOZY COFFEE,NA,success,NA,NA,NA,NA,NA,Yellow Catuai,NA,NA,NA,NA,NA,NA,NA,NA,NA,NA,NA,NA,NA,NA,NA,NA,NA,NA,NA,NA,NA,NA,NA,NA,NA,NA,NA,NA,NA,NA,"396,80",NA,NA,NA,NA,NA,NA,NA,NA,Vista Brigadeiro,NA,"$15,25",NA,NA,NA,NA,NA,NA,NA,NA,NA,NA
Brazil,2024,COE,auction,Washed + Honey,https://allianceforcoffeeexcellence.org/brazil-2024/,4,5,NA,"89,75",NA,NA,"$7.176,50",Mercanta The Coffee Hunters,NA,success,NA,NA,NA,NA,NA,Catucaí Amarelo,NA,NA,NA,NA,NA,NA,NA,NA,NA,NA,NA,NA,NA,NA,NA,NA,NA,NA,NA,NA,NA,NA,NA,NA,NA,NA,NA,NA,NA,NA,"463,00",NA,NA,NA,NA,NA,NA,NA,NA,Sítio Denizar,NA,"$15,50",NA,NA,NA,NA,NA,NA,NA,NA,NA,NA
Brazil,2024,COE,auction,Washed + Honey,https://allianceforcoffeeexcellence.org/brazil-2024/,4,6☘️,NA,"89,14",NA,NA,"$10.753,28",ROOTS BY EARTH,NA,success,NA,NA,NA,NA,NA,Arara,NA,NA,NA,NA,NA,NA,NA,NA,NA,NA,NA,NA,NA,NA,NA,NA,NA,NA,NA,NA,NA,NA,NA,NA,NA,NA,NA,NA,NA,NA,"396,80",NA,NA,NA,NA,NA,NA,NA,NA,Fazenda Paredão,NA,"$27,10",NA,NA,NA,NA,NA,NA,NA,NA,NA,NA
Brazil,2024,COE,auction,Washed + Honey,https://allianceforcoffeeexcellence.org/brazil-2024/,4,7☘️,NA,"88,43",NA,NA,"$6.110,72","Joud Coffee Roaster, Kenny Hills Coffee Roasters, Discover Coffee Roasting Co.",NA,success,NA,NA,NA,NA,NA,Geisha,NA,NA,NA,NA,NA,NA,NA,NA,NA,NA,NA,NA,NA,NA,NA,NA,NA,NA,NA,NA,NA,NA,NA,NA,NA,NA,NA,NA,NA,NA,"396,80",NA,NA,NA,NA,NA,NA,NA,NA,Sítio Boa Vista,NA,"$15,40",NA,NA,NA,NA,NA,NA,NA,NA,NA,NA
Brazil,2024,COE,auction,Washed + Honey,https://allianceforcoffeeexcellence.org/brazil-2024/,4,8,NA,"88,36",NA,NA,"$5.952,00",Brew92,NA,success,NA,NA,NA,NA,NA,Paraiso 2,NA,NA,NA,NA,NA,NA,NA,NA,NA,NA,NA,NA,NA,NA,NA,NA,NA,NA,NA,NA,NA,NA,NA,NA,NA,NA,NA,NA,NA,NA,"396,80",NA,NA,NA,NA,NA,NA,NA,NA,Fazenda Campo Alegre,NA,"$15,00",NA,NA,NA,NA,NA,NA,NA,NA,NA,NA
Brazil,2024,COE,auction,Washed + Honey,https://allianceforcoffeeexcellence.org/brazil-2024/,4,9,NA,"88,29",NA,NA,"$11.561,12",Ryans Coffee Roasters,NA,success,NA,NA,NA,NA,NA,Geisha,NA,NA,NA,NA,NA,NA,NA,NA,NA,NA,NA,NA,NA,NA,NA,NA,NA,NA,NA,NA,NA,NA,NA,NA,NA,NA,NA,NA,NA,NA,"760,60",NA,NA,NA,NA,NA,NA,NA,NA,Fazenda Primavera Matriz,NA,"$15,20",NA,NA,NA,NA,NA,NA,NA,NA,NA,NA
Brazil,2024,COE,auction,Washed + Honey,https://allianceforcoffeeexcellence.org/brazil-2024/,4,10,NA,"88,21",NA,NA,"$11.905,50","Wataru & Co., Ltd. / Taste Trigger Limited",NA,success,NA,NA,NA,NA,NA,Catuaí Vermelho,NA,NA,NA,NA,NA,NA,NA,NA,NA,NA,NA,NA,NA,NA,NA,NA,NA,NA,NA,NA,NA,NA,NA,NA,NA,NA,NA,NA,NA,NA,"793,70",NA,NA,NA,NA,NA,NA,NA,NA,Fazenda Moete,NA,"$15,00",NA,NA,NA,NA,NA,NA,NA,NA,NA,NA
Brazil,2024,COE,auction,Natural,https://allianceforcoffeeexcellence.org/brazil-2024/,5,1A,NA,"92,32",NA,NA,"$10.951,68",Proud Mary and SUPREMO COFFEE – Germany,NA,success,NA,NA,NA,NA,NA,Catucaí Amarelo,NA,NA,NA,NA,NA,NA,NA,NA,NA,NA,NA,NA,NA,NA,NA,NA,NA,NA,NA,NA,NA,NA,NA,NA,NA,NA,NA,NA,NA,NA,"198,40",NA,NA,NA,NA,NA,NA,NA,NA,Sítio Santa Luzia,NA,"$55,20",NA,NA,NA,NA,NA,NA,NA,NA,NA,NA
Brazil,2024,COE,auction,Natural,https://allianceforcoffeeexcellence.org/brazil-2024/,5,1B,NA,"92,32",NA,NA,"$11.011,20",Coffee Bros.,NA,success,NA,NA,NA,NA,NA,Catucaí Amarelo,NA,NA,NA,NA,NA,NA,NA,NA,NA,NA,NA,NA,NA,NA,NA,NA,NA,NA,NA,NA,NA,NA,NA,NA,NA,NA,NA,NA,NA,NA,"198,40",NA,NA,NA,NA,NA,NA,NA,NA,Sítio Santa Luzia,NA,"$55,50",NA,NA,NA,NA,NA,NA,NA,NA,NA,NA
Brazil,2024,COE,auction,Natural,https://allianceforcoffeeexcellence.org/brazil-2024/,5,2,NA,"91,89",NA,NA,"$9.999,99",SAVAYA COFFEE LLC,NA,success,NA,NA,NA,NA,NA,Geisha,NA,NA,NA,NA,NA,NA,NA,NA,NA,NA,NA,NA,NA,NA,NA,NA,NA,NA,NA,NA,NA,NA,NA,NA,NA,NA,NA,NA,NA,NA,"529,10",NA,NA,NA,NA,NA,NA,NA,NA,Fazenda Rainha,NA,"$18,90",NA,NA,NA,NA,NA,NA,NA,NA,NA,NA
Brazil,2024,COE,auction,Natural,https://allianceforcoffeeexcellence.org/brazil-2024/,5,3,NA,"91,57",NA,NA,"$12.037,48",SAVAYA COFFEE LLC,NA,success,NA,NA,NA,NA,NA,Geisha,NA,NA,NA,NA,NA,NA,NA,NA,NA,NA,NA,NA,NA,NA,NA,NA,NA,NA,NA,NA,NA,NA,NA,NA,NA,NA,NA,NA,NA,NA,"661,40",NA,NA,NA,NA,NA,NA,NA,NA,Fazenda Rio Verde,NA,"$18,20",NA,NA,NA,NA,NA,NA,NA,NA,NA,NA
Brazil,2024,COE,auction,Natural,https://allianceforcoffeeexcellence.org/brazil-2024/,5,4,NA,"90,89",NA,NA,"$19.921,87",SUPREMO COFFEE – Germany,NA,success,NA,NA,NA,NA,NA,Catucaí,NA,NA,NA,NA,NA,NA,NA,NA,NA,NA,NA,NA,NA,NA,NA,NA,NA,NA,NA,NA,NA,NA,NA,NA,NA,NA,NA,NA,NA,NA,"793,70",NA,NA,NA,NA,NA,NA,NA,NA,Fazenda Boa Vista,NA,"$25,10",NA,NA,NA,NA,NA,NA,NA,NA,NA,NA
Brazil,2024,COE,auction,Natural,https://allianceforcoffeeexcellence.org/brazil-2024/,5,5,NA,"90,57",NA,NA,,,NA,success,NA,NA,NA,NA,NA,Geisha,NA,NA,NA,NA,NA,NA,NA,NA,NA,NA,NA,NA,NA,NA,NA,NA,NA,NA,NA,NA,NA,NA,NA,NA,NA,NA,NA,NA,NA,NA,,NA,NA,NA,NA,NA,NA,NA,NA,Fazenda Cotrim E D’Alessandro,NA,,NA,NA,NA,NA,NA,NA,NA,NA,NA,NA
Brazil,2024,COE,auction,Natural,https://allianceforcoffeeexcellence.org/brazil-2024/,5,6,NA,"88,79",NA,NA,"$12.566,60",Proud Mary,NA,success,NA,NA,NA,NA,NA,Catucaí,NA,NA,NA,NA,NA,NA,NA,NA,NA,NA,NA,NA,NA,NA,NA,NA,NA,NA,NA,NA,NA,NA,NA,NA,NA,NA,NA,NA,NA,NA,"661,40",NA,NA,NA,NA,NA,NA,NA,NA,Serra Das Tres Barras,NA,"$19,00",NA,NA,NA,NA,NA,NA,NA,NA,NA,NA
Brazil,2024,COE,auction,Natural,https://allianceforcoffeeexcellence.org/brazil-2024/,5,7,NA,"88,61",NA,NA,"$5.991,68","Wataru & Co., Ltd.",NA,success,NA,NA,NA,NA,NA,Geisha,NA,NA,NA,NA,NA,NA,NA,NA,NA,NA,NA,NA,NA,NA,NA,NA,NA,NA,NA,NA,NA,NA,NA,NA,NA,NA,NA,NA,NA,NA,"396,80",NA,NA,NA,NA,NA,NA,NA,NA,Casa Brás,NA,"$15,10",NA,NA,NA,NA,NA,NA,NA,NA,NA,NA
Brazil,2024,COE,auction,Natural,https://allianceforcoffeeexcellence.org/brazil-2024/,5,8☘️,NA,"88,61",NA,NA,"$5.991,68","Wataru & Co., Ltd.",NA,success,NA,NA,NA,NA,NA,Arara,NA,NA,NA,NA,NA,NA,NA,NA,NA,NA,NA,NA,NA,NA,NA,NA,NA,NA,NA,NA,NA,NA,NA,NA,NA,NA,NA,NA,NA,NA,"396,80",NA,NA,NA,NA,NA,NA,NA,NA,Fazenda M&F Coffee,NA,"$15,10",NA,NA,NA,NA,NA,NA,NA,NA,NA,NA
Brazil,2024,COE,auction,Natural,https://allianceforcoffeeexcellence.org/brazil-2024/,5,9,NA,"88,39",NA,NA,"$5.952,00",Grupo CAFEZA,NA,success,NA,NA,NA,NA,NA,"Geisha, SL34",NA,NA,NA,NA,NA,NA,NA,NA,NA,NA,NA,NA,NA,NA,NA,NA,NA,NA,NA,NA,NA,NA,NA,NA,NA,NA,NA,NA,NA,NA,"396,80",NA,NA,NA,NA,NA,NA,NA,NA,Fazenda Recreio,NA,"$15,00",NA,NA,NA,NA,NA,NA,NA,NA,NA,NA
Brazil,2024,COE,auction,Natural,https://allianceforcoffeeexcellence.org/brazil-2024/,5,10,NA,"88,21",NA,NA,"$7.989,41","KALDI COFFEE FARM (CAMEL COFFEE CO.,LTD.)",NA,success,NA,NA,NA,NA,NA,Yellow Catuai,NA,NA,NA,NA,NA,NA,NA,NA,NA,NA,NA,NA,NA,NA,NA,NA,NA,NA,NA,NA,NA,NA,NA,NA,NA,NA,NA,NA,NA,NA,"529,10",NA,NA,NA,NA,NA,NA,NA,NA,Sitio Vargem Alegre,NA,"$15,10",NA,NA,NA,NA,NA,NA,NA,NA,NA,NA
Brazil,2024,COE,auction,Experimental,https://allianceforcoffeeexcellence.org/brazil-2024/,6,1A☘️,NA,"93,14",NA,NA,"$20.851,84","Wataru & Co., Ltd. for WOODBERRY COFFEE",NA,success,NA,NA,NA,NA,NA,Arara,NA,NA,NA,NA,NA,NA,NA,NA,NA,NA,NA,NA,NA,NA,NA,NA,NA,NA,NA,NA,NA,NA,NA,NA,NA,NA,NA,NA,NA,NA,"198,4",NA,NA,NA,NA,NA,NA,NA,NA,M&F Coffee,NA,"$105,10",NA,NA,NA,NA,NA,NA,NA,NA,NA,NA
Brazil,2024,COE,auction,Experimental,https://allianceforcoffeeexcellence.org/brazil-2024/,6,1B☘️,NA,"93,14",NA,NA,"$20.653,44",GLITCH COFFEE& ROASTER by Marukai,NA,success,NA,NA,NA,NA,NA,Arara,NA,NA,NA,NA,NA,NA,NA,NA,NA,NA,NA,NA,NA,NA,NA,NA,NA,NA,NA,NA,NA,NA,NA,NA,NA,NA,NA,NA,NA,NA,"198,40",NA,NA,NA,NA,NA,NA,NA,NA,M&F Coffee,NA,"$104,10",NA,NA,NA,NA,NA,NA,NA,NA,NA,NA
Brazil,2024,COE,auction,Experimental,https://allianceforcoffeeexcellence.org/brazil-2024/,6,2,NA,"91,00",NA,NA,"$15.911,68",Truth coffee roastery,NA,success,NA,NA,NA,NA,NA,Geisha,NA,NA,NA,NA,NA,NA,NA,NA,NA,NA,NA,NA,NA,NA,NA,NA,NA,NA,NA,NA,NA,NA,NA,NA,NA,NA,NA,NA,NA,NA,"396,80",NA,NA,NA,NA,NA,NA,NA,NA,Fazenda Santa Rita Do Xicao,NA,"$40,10",NA,NA,NA,NA,NA,NA,NA,NA,NA,NA
Brazil,2024,COE,auction,Experimental,https://allianceforcoffeeexcellence.org/brazil-2024/,6,3,NA,"90,50",NA,NA,"$9.523,20",Snow Beans Coffee,NA,success,NA,NA,NA,NA,NA,Arara,NA,NA,NA,NA,NA,NA,NA,NA,NA,NA,NA,NA,NA,NA,NA,NA,NA,NA,NA,NA,NA,NA,NA,NA,NA,NA,NA,NA,NA,NA,"396,80",NA,NA,NA,NA,NA,NA,NA,NA,Fazenda Queixadas/ Cacheira E Palmital,NA,"$24,00",NA,NA,NA,NA,NA,NA,NA,NA,NA,NA
Brazil,2024,COE,auction,Experimental,https://allianceforcoffeeexcellence.org/brazil-2024/,6,4,NA,"90,36",NA,NA,"$10.733,44",Truth coffee roastery,NA,success,NA,NA,NA,NA,NA,Yellow Catuai,NA,NA,NA,NA,NA,NA,NA,NA,NA,NA,NA,NA,NA,NA,NA,NA,NA,NA,NA,NA,NA,NA,NA,NA,NA,NA,NA,NA,NA,NA,"396,80",NA,NA,NA,NA,NA,NA,NA,NA,Fazenda Lagoa Seca,NA,"$27,05",NA,NA,NA,NA,NA,NA,NA,NA,NA,NA
Brazil,2024,COE,auction,Experimental,https://allianceforcoffeeexcellence.org/brazil-2024/,6,5,NA,"90,14",NA,NA,"$6.110,72",M.I.Coffee Corporation,NA,success,NA,NA,NA,NA,NA,Geisha,NA,NA,NA,NA,NA,NA,NA,NA,NA,NA,NA,NA,NA,NA,NA,NA,NA,NA,NA,NA,NA,NA,NA,NA,NA,NA,NA,NA,NA,NA,"396,80",NA,NA,NA,NA,NA,NA,NA,NA,Fazenda Rio Verde,NA,"$15,40",NA,NA,NA,NA,NA,NA,NA,NA,NA,NA
Brazil,2024,COE,auction,Experimental,https://allianceforcoffeeexcellence.org/brazil-2024/,6,6,NA,"89,96",NA,NA,"$10.713,60",Sulalat Coffee Trading,NA,success,NA,NA,NA,NA,NA,Catucaí Amarelo,NA,NA,NA,NA,NA,NA,NA,NA,NA,NA,NA,NA,NA,NA,NA,NA,NA,NA,NA,NA,NA,NA,NA,NA,NA,NA,NA,NA,NA,NA,"396,80",NA,NA,NA,NA,NA,NA,NA,NA,Sitio Tres Barras,NA,"$27,00",NA,NA,NA,NA,NA,NA,NA,NA,NA,NA
Brazil,2024,COE,auction,Experimental,https://allianceforcoffeeexcellence.org/brazil-2024/,6,7,NA,"88,11",NA,NA,"$6.945,00","Wataru & Co., Ltd.",NA,success,NA,NA,NA,NA,NA,Arara,NA,NA,NA,NA,NA,NA,NA,NA,NA,NA,NA,NA,NA,NA,NA,NA,NA,NA,NA,NA,NA,NA,NA,NA,NA,NA,NA,NA,NA,NA,"463,00",NA,NA,NA,NA,NA,NA,NA,NA,Sítio Da Pedra,NA,"$15,00",NA,NA,NA,NA,NA,NA,NA,NA,NA,NA
Brazil,2024,NW,auction,Washed + Honey,https://allianceforcoffeeexcellence.org/brazil-2024/,10,NW,NA,"86,96",NA,NA,"$3.492,06","Wataru & Co., Ltd.",NA,success,NA,NA,NA,NA,NA,Yellow Catuai,NA,NA,NA,NA,NA,NA,NA,NA,NA,NA,NA,NA,NA,NA,NA,NA,NA,NA,NA,NA,NA,NA,NA,NA,NA,NA,NA,NA,NA,NA,"529,10",NA,NA,NA,NA,NA,NA,NA,NA,Fazenda Cachoeira,NA,"$6,60",NA,NA,NA,NA,NA,NA,NA,NA,NA,NA
Brazil,2024,NW,auction,Washed + Honey,https://allianceforcoffeeexcellence.org/brazil-2024/,10,NW,NA,"86,82",NA,NA,"$2.222,08",Grupo CAFEZA,NA,success,NA,NA,NA,NA,NA,Catucaí,NA,NA,NA,NA,NA,NA,NA,NA,NA,NA,NA,NA,NA,NA,NA,NA,NA,NA,NA,NA,NA,NA,NA,NA,NA,NA,NA,NA,NA,NA,"396,80",NA,NA,NA,NA,NA,NA,NA,NA,Sítio Bela Vista Cafés,NA,"$5,60",NA,NA,NA,NA,NA,NA,NA,NA,NA,NA
Brazil,2024,NW,auction,Washed + Honey,https://allianceforcoffeeexcellence.org/brazil-2024/,10,NW,NA,"86,07",NA,NA,"$2.142,72",SAVAYA COFFEE LLC,NA,success,NA,NA,NA,NA,NA,SL28 & Geisha,NA,NA,NA,NA,NA,NA,NA,NA,NA,NA,NA,NA,NA,NA,NA,NA,NA,NA,NA,NA,NA,NA,NA,NA,NA,NA,NA,NA,NA,NA,"396,80",NA,NA,NA,NA,NA,NA,NA,NA,Sítio São Pedro,NA,"$5,40",NA,NA,NA,NA,NA,NA,NA,NA,NA,NA
Brazil,2024,NW,auction,Natural,https://allianceforcoffeeexcellence.org/brazil-2024/,11,NW,NA,"88,14",NA,NA,"$4.365,35","Wataru & Co., Ltd.",NA,success,NA,NA,NA,NA,NA,Arara,NA,NA,NA,NA,NA,NA,NA,NA,NA,NA,NA,NA,NA,NA,NA,NA,NA,NA,NA,NA,NA,NA,NA,NA,NA,NA,NA,NA,NA,NA,"793,70",NA,NA,NA,NA,NA,NA,NA,NA,Sitio Vale Do Amanhecer,NA,"$5,50",NA,NA,NA,NA,NA,NA,NA,NA,NA,NA
Brazil,2024,NW,auction,Natural,https://allianceforcoffeeexcellence.org/brazil-2024/,11,NW☘️,NA,"88,07",NA,NA,"$3.174,40","Wataru & Co., Ltd.",NA,success,NA,NA,NA,NA,NA,Arara,NA,NA,NA,NA,NA,NA,NA,NA,NA,NA,NA,NA,NA,NA,NA,NA,NA,NA,NA,NA,NA,NA,NA,NA,NA,NA,NA,NA,NA,NA,"396,80",NA,NA,NA,NA,NA,NA,NA,NA,Fazenda  Pa Santa Cecilia,NA,"$8,00",NA,NA,NA,NA,NA,NA,NA,NA,NA,NA
Brazil,2024,NW,auction,Natural,https://allianceforcoffeeexcellence.org/brazil-2024/,11,NW,NA,"87,89",NA,NA,"$3.174,40","Wataru & Co., Ltd.",NA,success,NA,NA,NA,NA,NA,SL28 & Geisha,NA,NA,NA,NA,NA,NA,NA,NA,NA,NA,NA,NA,NA,NA,NA,NA,NA,NA,NA,NA,NA,NA,NA,NA,NA,NA,NA,NA,NA,NA,"396,8",NA,NA,NA,NA,NA,NA,NA,NA,Sítio São Pedro,NA,"$8,00",NA,NA,NA,NA,NA,NA,NA,NA,NA,NA
Brazil,2024,NW,auction,Natural,https://allianceforcoffeeexcellence.org/brazil-2024/,11,NW,NA,"86,75",NA,NA,"$2.804,23",Grupo CAFEZA,NA,success,NA,NA,NA,NA,NA,Catucaí Amarelo,NA,NA,NA,NA,NA,NA,NA,NA,NA,NA,NA,NA,NA,NA,NA,NA,NA,NA,NA,NA,NA,NA,NA,NA,NA,NA,NA,NA,NA,NA,"529,1",NA,NA,NA,NA,NA,NA,NA,NA,Fazenda Chapadão – Dbarbosa Coffee,NA,"$5,30",NA,NA,NA,NA,NA,NA,NA,NA,NA,NA
Brazil,2024,NW,auction,Experimental,https://allianceforcoffeeexcellence.org/brazil-2024/,12,NW,NA,"86,75",NA,NA,"$2.023,68",SAVAYA COFFEE LLC,NA,success,NA,NA,NA,NA,NA,Catuaí,NA,NA,NA,NA,NA,NA,NA,NA,NA,NA,NA,NA,NA,NA,NA,NA,NA,NA,NA,NA,NA,NA,NA,NA,NA,NA,NA,NA,NA,NA,"396,8",NA,NA,NA,NA,NA,NA,NA,NA,Sitio Coffe Mel,NA,"$5,10",NA,NA,NA,NA,NA,NA,NA,NA,NA,NA
Costa Rica,2024,COE,auction,Traditional Washed Processes,https://allianceforcoffeeexcellence.org/costa-rica-2024/,4,1A,NA,92.04,NA,NA,"$27,447.27","KALDI COFFEE FARM (CAMEL COFFEE CO.,LTD.)",NA,success,NA,NA,NA,NA,NA,NA,NA,NA,NA,NA,NA,NA,NA,NA,NA,NA,NA,NA,NA,NA,NA,NA,NA,NA,NA,NA,NA,NA,NA,NA,NA,NA,NA,NA,NA,NA,330.69,NA,NA,NA,NA,NA,NA,NA,NA,Santa Teresa,NA,$83.00,NA,NA,NA,NA,NA,NA,NA,NA,NA,NA
Costa Rica,2024,COE,auction,Traditional Washed Processes,https://allianceforcoffeeexcellence.org/costa-rica-2024/,4,1B,NA,92.04,NA,NA,"$27,777.96","RYU BEANS COFFEE, TXT Coffee (.txt), CLARIMENTO, IDENTITY COFFEE LAB",NA,success,NA,NA,NA,NA,NA,NA,NA,NA,NA,NA,NA,NA,NA,NA,NA,NA,NA,NA,NA,NA,NA,NA,NA,NA,NA,NA,NA,NA,NA,NA,NA,NA,NA,NA,NA,NA,330.69,NA,NA,NA,NA,NA,NA,NA,NA,Santa Teresa,NA,$84.00,NA,NA,NA,NA,NA,NA,NA,NA,NA,NA
Costa Rica,2024,COE,auction,Traditional Washed Processes,https://allianceforcoffeeexcellence.org/costa-rica-2024/,4,2,NA,90.65,NA,NA,"$25,327.69",DECAMERON COFFEE,NA,success,NA,NA,NA,NA,NA,NA,NA,NA,NA,NA,NA,NA,NA,NA,NA,NA,NA,NA,NA,NA,NA,NA,NA,NA,NA,NA,NA,NA,NA,NA,NA,NA,NA,NA,NA,NA,1223.56,NA,NA,NA,NA,NA,NA,NA,NA,El Cedro – Hacienda San Isidro Labrador,NA,$20.70,NA,NA,NA,NA,NA,NA,NA,NA,NA,NA
Costa Rica,2024,COE,auction,Traditional Washed Processes,https://allianceforcoffeeexcellence.org/costa-rica-2024/,4,3,NA,90.46,NA,NA,"$14,523.98",Angelino’s Coffee,NA,success,NA,NA,NA,NA,NA,NA,NA,NA,NA,NA,NA,NA,NA,NA,NA,NA,NA,NA,NA,NA,NA,NA,NA,NA,NA,NA,NA,NA,NA,NA,NA,NA,NA,NA,NA,NA,793.66,NA,NA,NA,NA,NA,NA,NA,NA,Quebrada Grande,NA,$18.30,NA,NA,NA,NA,NA,NA,NA,NA,NA,NA
Costa Rica,2024,COE,auction,Traditional Washed Processes,https://allianceforcoffeeexcellence.org/costa-rica-2024/,4,4,NA,89.50,NA,NA,"$30,651.78","REC COFFEE, TAOCA COFFEE, GESHARY COFFEE",NA,success,NA,NA,NA,NA,NA,NA,NA,NA,NA,NA,NA,NA,NA,NA,NA,NA,NA,NA,NA,NA,NA,NA,NA,NA,NA,NA,NA,NA,NA,NA,NA,NA,NA,NA,NA,NA,760.59,NA,NA,NA,NA,NA,NA,NA,NA,Hacienda Copey – Itadaki,NA,$40.30,NA,NA,NA,NA,NA,NA,NA,NA,NA,NA
Costa Rica,2024,COE,auction,Traditional Washed Processes,https://allianceforcoffeeexcellence.org/costa-rica-2024/,4,5,NA,88.69,NA,NA,"$10,115.95",honu加藤珈琲店株式会社,NA,success,NA,NA,NA,NA,NA,NA,NA,NA,NA,NA,NA,NA,NA,NA,NA,NA,NA,NA,NA,NA,NA,NA,NA,NA,NA,NA,NA,NA,NA,NA,NA,NA,NA,NA,NA,NA,628.32,NA,NA,NA,NA,NA,NA,NA,NA,Río Blanco,NA,$16.10,NA,NA,NA,NA,NA,NA,NA,NA,NA,NA
Costa Rica,2024,COE,auction,Traditional Washed Processes,https://allianceforcoffeeexcellence.org/costa-rica-2024/,4,6,NA,88.62,NA,NA,"$14,146.97",KAFFEBRENNERIET AS,NA,success,NA,NA,NA,NA,NA,NA,NA,NA,NA,NA,NA,NA,NA,NA,NA,NA,NA,NA,NA,NA,NA,NA,NA,NA,NA,NA,NA,NA,NA,NA,NA,NA,NA,NA,NA,NA,760.59,NA,NA,NA,NA,NA,NA,NA,NA,Don Cayito,NA,$18.60,NA,NA,NA,NA,NA,NA,NA,NA,NA,NA
Costa Rica,2024,COE,auction,Traditional Washed Processes,https://allianceforcoffeeexcellence.org/costa-rica-2024/,4,7,NA,88.31,NA,NA,"$12,169.44",Brew92,NA,success,NA,NA,NA,NA,NA,NA,NA,NA,NA,NA,NA,NA,NA,NA,NA,NA,NA,NA,NA,NA,NA,NA,NA,NA,NA,NA,NA,NA,NA,NA,NA,NA,NA,NA,NA,NA,760.59,NA,NA,NA,NA,NA,NA,NA,NA,Volcan Azul Hacienda Colima,NA,$16.00,NA,NA,NA,NA,NA,NA,NA,NA,NA,NA
Costa Rica,2024,COE,auction,Traditional Washed Processes,https://allianceforcoffeeexcellence.org/costa-rica-2024/,4,8,NA,87.04,NA,NA,"$11,309.77","WAVY COFFEE ROASTERS(Japan), GoldenNine(Korea), by UCC",NA,success,NA,NA,NA,NA,NA,NA,NA,NA,NA,NA,NA,NA,NA,NA,NA,NA,NA,NA,NA,NA,NA,NA,NA,NA,NA,NA,NA,NA,NA,NA,NA,NA,NA,NA,NA,NA,661.39,NA,NA,NA,NA,NA,NA,NA,NA,San Martín,NA,$17.10,NA,NA,NA,NA,NA,NA,NA,NA,NA,NA
Costa Rica,2024,COE,auction,Traditional Honey & Natural Processes,https://allianceforcoffeeexcellence.org/costa-rica-2024/,5,1A,NA,93.62,NA,NA,"$29,937.45",Angelino’s Coffee,NA,success,NA,NA,NA,NA,NA,NA,NA,NA,NA,NA,NA,NA,NA,NA,NA,NA,NA,NA,NA,NA,NA,NA,NA,NA,NA,NA,NA,NA,NA,NA,NA,NA,NA,NA,NA,NA,$363.76,NA,NA,NA,NA,NA,NA,NA,NA,Don Cayito,NA,$82.30,NA,NA,NA,NA,NA,NA,NA,NA,NA,NA
Costa Rica,2024,COE,auction,Traditional Honey & Natural Processes,https://allianceforcoffeeexcellence.org/costa-rica-2024/,5,1B,NA,93.62,NA,NA,"$29,137.18","Orsir International Co., Ltd. Blossom Valley东莞市宸峄贸易有限公司",NA,success,NA,NA,NA,NA,NA,NA,NA,NA,NA,NA,NA,NA,NA,NA,NA,NA,NA,NA,NA,NA,NA,NA,NA,NA,NA,NA,NA,NA,NA,NA,NA,NA,NA,NA,NA,NA,$363.76,NA,NA,NA,NA,NA,NA,NA,NA,Don Cayito,NA,$80.10,NA,NA,NA,NA,NA,NA,NA,NA,NA,NA
Costa Rica,2024,COE,auction,Traditional Honey & Natural Processes,https://allianceforcoffeeexcellence.org/costa-rica-2024/,5,2,NA,92.00,NA,NA,"$32,143.50",Slope Roastery,NA,success,NA,NA,NA,NA,NA,NA,NA,NA,NA,NA,NA,NA,NA,NA,NA,NA,NA,NA,NA,NA,NA,NA,NA,NA,NA,NA,NA,NA,NA,NA,NA,NA,NA,NA,NA,NA,$595.25,NA,NA,NA,NA,NA,NA,NA,NA,La Torre,NA,$54.00,NA,NA,NA,NA,NA,NA,NA,NA,NA,NA
Costa Rica,2024,COE,auction,Traditional Honey & Natural Processes,https://allianceforcoffeeexcellence.org/costa-rica-2024/,5,3,NA,91.42,NA,NA,"$16,875.24","Kawa Coffee, Brulerie du Quai.",NA,success,NA,NA,NA,NA,NA,NA,NA,NA,NA,NA,NA,NA,NA,NA,NA,NA,NA,NA,NA,NA,NA,NA,NA,NA,NA,NA,NA,NA,NA,NA,NA,NA,NA,NA,NA,NA,$892.87,NA,NA,NA,NA,NA,NA,NA,NA,Don Joel,NA,$18.90,NA,NA,NA,NA,NA,NA,NA,NA,NA,NA
Costa Rica,2024,COE,auction,Traditional Honey & Natural Processes,https://allianceforcoffeeexcellence.org/costa-rica-2024/,5,4,NA,91.19,NA,NA,"$48,569.14",AL QAHWA AL ARABIAH,NA,success,NA,NA,NA,NA,NA,NA,NA,NA,NA,NA,NA,NA,NA,NA,NA,NA,NA,NA,NA,NA,NA,NA,NA,NA,NA,NA,NA,NA,NA,NA,NA,NA,NA,NA,NA,NA,$628.32,NA,NA,NA,NA,NA,NA,NA,NA,La Esmeralda,NA,$77.30,NA,NA,NA,NA,NA,NA,NA,NA,NA,NA
Costa Rica,2024,COE,auction,Traditional Honey & Natural Processes,https://allianceforcoffeeexcellence.org/costa-rica-2024/,5,5,NA,89.04,NA,NA,"$18,231.04","Wataru & Co., Ltd.",NA,success,NA,NA,NA,NA,NA,NA,NA,NA,NA,NA,NA,NA,NA,NA,NA,NA,NA,NA,NA,NA,NA,NA,NA,NA,NA,NA,NA,NA,NA,NA,NA,NA,NA,NA,NA,NA,"$1,223.56",NA,NA,NA,NA,NA,NA,NA,NA,La Ele,NA,$14.90,NA,NA,NA,NA,NA,NA,NA,NA,NA,NA
Costa Rica,2024,COE,auction,Traditional Honey & Natural Processes,https://allianceforcoffeeexcellence.org/costa-rica-2024/,5,6,NA,89.04,NA,NA,"$23,810.04","MUSEO Co., Ltd / COFFEE HWA / Haewol Coffee (South Korea) / liike coffee",NA,success,NA,NA,NA,NA,NA,NA,NA,NA,NA,NA,NA,NA,NA,NA,NA,NA,NA,NA,NA,NA,NA,NA,NA,NA,NA,NA,NA,NA,NA,NA,NA,NA,NA,NA,NA,NA,$661.39,NA,NA,NA,NA,NA,NA,NA,NA,Don Elí,NA,$36.00,NA,NA,NA,NA,NA,NA,NA,NA,NA,NA
Costa Rica,2024,COE,auction,Traditional Honey & Natural Processes,https://allianceforcoffeeexcellence.org/costa-rica-2024/,5,7,NA,89.04,NA,NA,"$18,412.99",karaz Albun,NA,success,NA,NA,NA,NA,NA,NA,NA,NA,NA,NA,NA,NA,NA,NA,NA,NA,NA,NA,NA,NA,NA,NA,NA,NA,NA,NA,NA,NA,NA,NA,NA,NA,NA,NA,NA,NA,$959.01,NA,NA,NA,NA,NA,NA,NA,NA,Don Mayo Tucanes,NA,$19.20,NA,NA,NA,NA,NA,NA,NA,NA,NA,NA
Costa Rica,2024,COE,auction,Traditional Honey & Natural Processes,https://allianceforcoffeeexcellence.org/costa-rica-2024/,5,8,NA,88.96,NA,NA,"$14,514.19",BLACK SIP COFFEE,NA,success,NA,NA,NA,NA,NA,NA,NA,NA,NA,NA,NA,NA,NA,NA,NA,NA,NA,NA,NA,NA,NA,NA,NA,NA,NA,NA,NA,NA,NA,NA,NA,NA,NA,NA,NA,NA,$628.32,NA,NA,NA,NA,NA,NA,NA,NA,Quebrada Grande,NA,$23.10,NA,NA,NA,NA,NA,NA,NA,NA,NA,NA
Costa Rica,2024,COE,auction,Traditional Honey & Natural Processes,https://allianceforcoffeeexcellence.org/costa-rica-2024/,5,9,NA,88.81,NA,NA,"$19,841.60",ORO ROASTERS (SAUDI ARABIA),NA,success,NA,NA,NA,NA,NA,NA,NA,NA,NA,NA,NA,NA,NA,NA,NA,NA,NA,NA,NA,NA,NA,NA,NA,NA,NA,NA,NA,NA,NA,NA,NA,NA,NA,NA,NA,NA,$496.04,NA,NA,NA,NA,NA,NA,NA,NA,La Bandera,NA,$40.00,NA,NA,NA,NA,NA,NA,NA,NA,NA,NA
Costa Rica,2024,COE,auction,Traditional Honey & Natural Processes,https://allianceforcoffeeexcellence.org/costa-rica-2024/,5,10,NA,88.62,NA,NA,"$27,457.30","TAOCA COFFEE, REC COFFEE",NA,success,NA,NA,NA,NA,NA,NA,NA,NA,NA,NA,NA,NA,NA,NA,NA,NA,NA,NA,NA,NA,NA,NA,NA,NA,NA,NA,NA,NA,NA,NA,NA,NA,NA,NA,NA,NA,$760.59,NA,NA,NA,NA,NA,NA,NA,NA,Hacienda Copey,NA,$36.10,NA,NA,NA,NA,NA,NA,NA,NA,NA,NA
Costa Rica,2024,COE,auction,Traditional Honey & Natural Processes,https://allianceforcoffeeexcellence.org/costa-rica-2024/,5,11,NA,88.58,NA,NA,"$24,838.27",CHG（手多多咖啡）& BEAM Specialty (MAS)、Fisher Coffee、有容乃大Small Arms Big Heart、武汉铜山里、珈琲豆专门店、il gatto coffee意咖多咖啡、浙江咖豆咖啡有限公司、ALWAYS COFFEE、余温手冲咖啡屋 auctioned by Ecofarm Coffee (China),NA,success,NA,NA,NA,NA,NA,NA,NA,NA,NA,NA,NA,NA,NA,NA,NA,NA,NA,NA,NA,NA,NA,NA,NA,NA,NA,NA,NA,NA,NA,NA,NA,NA,NA,NA,NA,NA,"$1,223.56",NA,NA,NA,NA,NA,NA,NA,NA,El Cedro – Hacienda San Isidro Labrador,NA,$20.30,NA,NA,NA,NA,NA,NA,NA,NA,NA,NA
Costa Rica,2024,COE,auction,Traditional Honey & Natural Processes,https://allianceforcoffeeexcellence.org/costa-rica-2024/,5,12,NA,88.42,NA,NA,"$11,713.09",NOZY COFFEE,NA,success,NA,NA,NA,NA,NA,NA,NA,NA,NA,NA,NA,NA,NA,NA,NA,NA,NA,NA,NA,NA,NA,NA,NA,NA,NA,NA,NA,NA,NA,NA,NA,NA,NA,NA,NA,NA,$760.59,NA,NA,NA,NA,NA,NA,NA,NA,Pie San,NA,$15.40,NA,NA,NA,NA,NA,NA,NA,NA,NA,NA
Costa Rica,2024,COE,auction,Traditional Honey & Natural Processes,https://allianceforcoffeeexcellence.org/costa-rica-2024/,5,13,NA,88.35,NA,NA,"$13,839.49",AG COFFEE,NA,success,NA,NA,NA,NA,NA,NA,NA,NA,NA,NA,NA,NA,NA,NA,NA,NA,NA,NA,NA,NA,NA,NA,NA,NA,NA,NA,NA,NA,NA,NA,NA,NA,NA,NA,NA,NA,$892.87,NA,NA,NA,NA,NA,NA,NA,NA,El Chizo,NA,$15.50,NA,NA,NA,NA,NA,NA,NA,NA,NA,NA
Costa Rica,2024,COE,auction,Traditional Honey & Natural Processes,https://allianceforcoffeeexcellence.org/costa-rica-2024/,5,14,NA,88.35,NA,NA,"$11,180.81",elbgold Röstkaffee GmbH,NA,success,NA,NA,NA,NA,NA,NA,NA,NA,NA,NA,NA,NA,NA,NA,NA,NA,NA,NA,NA,NA,NA,NA,NA,NA,NA,NA,NA,NA,NA,NA,NA,NA,NA,NA,NA,NA,$694.46,NA,NA,NA,NA,NA,NA,NA,NA,Las Nubes,NA,$16.10,NA,NA,NA,NA,NA,NA,NA,NA,NA,NA
Costa Rica,2024,COE,auction,Traditional Honey & Natural Processes,https://allianceforcoffeeexcellence.org/costa-rica-2024/,5,15,NA,88.35,NA,NA,"$20,040.12",Takamura Coffee Roasters by Marukai.,NA,success,NA,NA,NA,NA,NA,NA,NA,NA,NA,NA,NA,NA,NA,NA,NA,NA,NA,NA,NA,NA,NA,NA,NA,NA,NA,NA,NA,NA,NA,NA,NA,NA,NA,NA,NA,NA,$661.39,NA,NA,NA,NA,NA,NA,NA,NA,Don Mayo La Loma,NA,$30.30,NA,NA,NA,NA,NA,NA,NA,NA,NA,NA
Costa Rica,2024,COE,auction,Traditional Honey & Natural Processes,https://allianceforcoffeeexcellence.org/costa-rica-2024/,5,16,NA,88.31,NA,NA,"$9,550.46","Wataru & Co., Ltd.",NA,success,NA,NA,NA,NA,NA,NA,NA,NA,NA,NA,NA,NA,NA,NA,NA,NA,NA,NA,NA,NA,NA,NA,NA,NA,NA,NA,NA,NA,NA,NA,NA,NA,NA,NA,NA,NA,$628.32,NA,NA,NA,NA,NA,NA,NA,NA,Finca Voo,NA,$15.20,NA,NA,NA,NA,NA,NA,NA,NA,NA,NA
Costa Rica,2024,COE,auction,Experimental,https://allianceforcoffeeexcellence.org/costa-rica-2024/,6,1A,NA,91.19,NA,NA,"$11,759.69",Fadie Sasaguri Roastery Corporation,NA,success,NA,NA,NA,NA,NA,NA,NA,NA,NA,NA,NA,NA,NA,NA,NA,NA,NA,NA,NA,NA,NA,NA,NA,NA,NA,NA,NA,NA,NA,NA,NA,NA,NA,NA,NA,NA,231.49,NA,NA,NA,NA,NA,NA,NA,NA,Finca Voo,NA,$50.80,NA,NA,NA,NA,NA,NA,NA,NA,NA,NA
Costa Rica,2024,COE,auction,Experimental,https://allianceforcoffeeexcellence.org/costa-rica-2024/,6,1B,NA,91.19,NA,NA,"$13,756.60",AL QAHWA AL ARABIAH,NA,success,NA,NA,NA,NA,NA,NA,NA,NA,NA,NA,NA,NA,NA,NA,NA,NA,NA,NA,NA,NA,NA,NA,NA,NA,NA,NA,NA,NA,NA,NA,NA,NA,NA,NA,NA,NA,264.55,NA,NA,NA,NA,NA,NA,NA,NA,Finca Voo,NA,$52.00,NA,NA,NA,NA,NA,NA,NA,NA,NA,NA
Costa Rica,2024,COE,auction,Experimental,https://allianceforcoffeeexcellence.org/costa-rica-2024/,6,2,NA,90.81,NA,NA,"$23,333.69","C&B coffee roasters, Blossom Valley东莞市宸峄贸易有限公司, 厦门野豆咖啡, OONEX, 不精品咖啡协会 , 捌比特咖啡",NA,success,NA,NA,NA,NA,NA,NA,NA,NA,NA,NA,NA,NA,NA,NA,NA,NA,NA,NA,NA,NA,NA,NA,NA,NA,NA,NA,NA,NA,NA,NA,NA,NA,NA,NA,NA,NA,925.94,NA,NA,NA,NA,NA,NA,NA,NA,Don Dario – Hacienda San Isidro Labrador,NA,$25.20,NA,NA,NA,NA,NA,NA,NA,NA,NA,NA
Costa Rica,2024,COE,auction,Experimental,https://allianceforcoffeeexcellence.org/costa-rica-2024/,6,3,NA,90.42,NA,NA,"$12,321.56","Coffee Me Up (Korea), Coffee Therapy (Thailand), Little City Coffee Roasters, Bean and Bean Coffee (NYC), Coffee Montage, PANDORA COFFEE ROASTERS",NA,success,NA,NA,NA,NA,NA,NA,NA,NA,NA,NA,NA,NA,NA,NA,NA,NA,NA,NA,NA,NA,NA,NA,NA,NA,NA,NA,NA,NA,NA,NA,NA,NA,NA,NA,NA,NA,760.59,NA,NA,NA,NA,NA,NA,NA,NA,Monte Llano Bonito El Kinkajou,NA,$16.20,NA,NA,NA,NA,NA,NA,NA,NA,NA,NA
Costa Rica,2024,COE,auction,Experimental,https://allianceforcoffeeexcellence.org/costa-rica-2024/,6,4,NA,90.08,NA,NA,"$20,893.28",karaz Albun,NA,success,NA,NA,NA,NA,NA,NA,NA,NA,NA,NA,NA,NA,NA,NA,NA,NA,NA,NA,NA,NA,NA,NA,NA,NA,NA,NA,NA,NA,NA,NA,NA,NA,NA,NA,NA,NA,595.25,NA,NA,NA,NA,NA,NA,NA,NA,Fcj Volcan Azul,NA,$35.10,NA,NA,NA,NA,NA,NA,NA,NA,NA,NA
Costa Rica,2024,COE,auction,Experimental,https://allianceforcoffeeexcellence.org/costa-rica-2024/,6,5,NA,88.62,NA,NA,"$13,293.94","GSC International Co., Ltd",NA,success,NA,NA,NA,NA,NA,NA,NA,NA,NA,NA,NA,NA,NA,NA,NA,NA,NA,NA,NA,NA,NA,NA,NA,NA,NA,NA,NA,NA,NA,NA,NA,NA,NA,NA,NA,NA,661.39,NA,NA,NA,NA,NA,NA,NA,NA,El Bosque Geisha,NA,$20.10,NA,NA,NA,NA,NA,NA,NA,NA,NA,NA
Costa Rica,2024,COE,auction,Experimental,https://allianceforcoffeeexcellence.org/costa-rica-2024/,6,6,NA,87.58,NA,NA,"$10,119.25",Brew92,NA,success,NA,NA,NA,NA,NA,NA,NA,NA,NA,NA,NA,NA,NA,NA,NA,NA,NA,NA,NA,NA,NA,NA,NA,NA,NA,NA,NA,NA,NA,NA,NA,NA,NA,NA,NA,NA,595.25,NA,NA,NA,NA,NA,NA,NA,NA,Fcj Volcan Azul – Cipresal,NA,$17.00,NA,NA,NA,NA,NA,NA,NA,NA,NA,NA
Costa Rica,2024,NW,auction,Traditional Honey & Natural Processes,https://allianceforcoffeeexcellence.org/costa-rica-2024/,8,NW,NA,87.42,NA,NA,"$6,746.11",Slope Roastery,NA,success,NA,NA,NA,NA,NA,NA,NA,NA,NA,NA,NA,NA,NA,NA,NA,NA,NA,NA,NA,NA,NA,NA,NA,NA,NA,NA,NA,NA,NA,NA,NA,NA,NA,NA,NA,NA,793.66,NA,NA,NA,NA,NA,NA,NA,NA,Aquiares Estate,NA,$8.50,NA,NA,NA,NA,NA,NA,NA,NA,NA,NA
El Salvador,2024,COE,auction,Washed + Honey,https://allianceforcoffeeexcellence.org/el-salvador-2024/,4,1A,NA,92.00,NA,NA,"$20,899.61","Snow Beans Coffee, Bean & Bean Coffee (NYC), Cultivar Coffee, Idle Hands Roasting. Co. RYANS COFFEE ROASTERS, GABEE COFFEE",NA,success,NA,NA,NA,NA,NA,NA,NA,NA,NA,NA,NA,NA,NA,NA,NA,NA,NA,NA,NA,NA,NA,NA,NA,NA,NA,NA,NA,NA,NA,NA,NA,NA,NA,NA,NA,NA,661.38,NA,NA,NA,NA,NA,NA,NA,NA,La Bendicion,NA,$31.60,NA,NA,NA,NA,NA,NA,NA,NA,NA,NA
El Salvador,2024,COE,auction,Washed + Honey,https://allianceforcoffeeexcellence.org/el-salvador-2024/,4,1B,NA,92.00,NA,NA,"$22,139.85","KALDI COFFEE FARM (CAMEL COFFEE CO.,LTD.)",NA,success,NA,NA,NA,NA,NA,NA,NA,NA,NA,NA,NA,NA,NA,NA,NA,NA,NA,NA,NA,NA,NA,NA,NA,NA,NA,NA,NA,NA,NA,NA,NA,NA,NA,NA,NA,NA,716.50,NA,NA,NA,NA,NA,NA,NA,NA,La Bendicion,NA,$30.90,NA,NA,NA,NA,NA,NA,NA,NA,NA,NA
El Salvador,2024,COE,auction,Washed + Honey,https://allianceforcoffeeexcellence.org/el-salvador-2024/,4,2,NA,91.02,NA,NA,"$16,477.14",DECAMERON COFFEE,NA,success,NA,NA,NA,NA,NA,NA,NA,NA,NA,NA,NA,NA,NA,NA,NA,NA,NA,NA,NA,NA,NA,NA,NA,NA,NA,NA,NA,NA,NA,NA,NA,NA,NA,NA,NA,NA,815.70,NA,NA,NA,NA,NA,NA,NA,NA,Los Naranjos,NA,$20.20,NA,NA,NA,NA,NA,NA,NA,NA,NA,NA
El Salvador,2024,COE,auction,Washed + Honey,https://allianceforcoffeeexcellence.org/el-salvador-2024/,4,3,NA,90.09,NA,NA,"$14,523.84","Dabov Specialty Coffee, Coffee Me Up",NA,success,NA,NA,NA,NA,NA,NA,NA,NA,NA,NA,NA,NA,NA,NA,NA,NA,NA,NA,NA,NA,NA,NA,NA,NA,NA,NA,NA,NA,NA,NA,NA,NA,NA,NA,NA,NA,1075.84,NA,NA,NA,NA,NA,NA,NA,NA,Finca El Portezuelo,NA,$13.50,NA,NA,NA,NA,NA,NA,NA,NA,NA,NA
El Salvador,2024,COE,auction,Washed + Honey,https://allianceforcoffeeexcellence.org/el-salvador-2024/,4,4,NA,89.50,NA,NA,"$6,373.09","Kawa Coffee, Brulerie du Quai.",NA,success,NA,NA,NA,NA,NA,NA,NA,NA,NA,NA,NA,NA,NA,NA,NA,NA,NA,NA,NA,NA,NA,NA,NA,NA,NA,NA,NA,NA,NA,NA,NA,NA,NA,NA,NA,NA,482.81,NA,NA,NA,NA,NA,NA,NA,NA,La Montaña,NA,$13.20,NA,NA,NA,NA,NA,NA,NA,NA,NA,NA
El Salvador,2024,COE,auction,Washed + Honey,https://allianceforcoffeeexcellence.org/el-salvador-2024/,4,5,NA,89.18,NA,NA,"$7,425.27",M.I.Coffee Corporation,NA,success,NA,NA,NA,NA,NA,NA,NA,NA,NA,NA,NA,NA,NA,NA,NA,NA,NA,NA,NA,NA,NA,NA,NA,NA,NA,NA,NA,NA,NA,NA,NA,NA,NA,NA,NA,NA,720.90,NA,NA,NA,NA,NA,NA,NA,NA,San Antonio De Alejandria,NA,$10.30,NA,NA,NA,NA,NA,NA,NA,NA,NA,NA
El Salvador,2024,COE,auction,Washed + Honey,https://allianceforcoffeeexcellence.org/el-salvador-2024/,4,6,NA,88.05,NA,NA,"$5,164.53",Boqueron火萨 for CHG（手多多咖啡）,NA,success,NA,NA,NA,NA,NA,NA,NA,NA,NA,NA,NA,NA,NA,NA,NA,NA,NA,NA,NA,NA,NA,NA,NA,NA,NA,NA,NA,NA,NA,NA,NA,NA,NA,NA,NA,NA,487.22,NA,NA,NA,NA,NA,NA,NA,NA,San Jose,NA,$10.60,NA,NA,NA,NA,NA,NA,NA,NA,NA,NA
El Salvador,2024,COE,auction,Washed + Honey,https://allianceforcoffeeexcellence.org/el-salvador-2024/,4,7,NA,87.77,NA,NA,"$11,832.35",Prodigal Coffee,NA,success,NA,NA,NA,NA,NA,NA,NA,NA,NA,NA,NA,NA,NA,NA,NA,NA,NA,NA,NA,NA,NA,NA,NA,NA,NA,NA,NA,NA,NA,NA,NA,NA,NA,NA,NA,NA,421.08,NA,NA,NA,NA,NA,NA,NA,NA,Plan Del Hoyo,NA,$28.10,NA,NA,NA,NA,NA,NA,NA,NA,NA,NA
El Salvador,2024,COE,auction,Washed + Honey,https://allianceforcoffeeexcellence.org/el-salvador-2024/,4,8,NA,87.14,NA,NA,"$14,931.30",Brew92,NA,success,NA,NA,NA,NA,NA,NA,NA,NA,NA,NA,NA,NA,NA,NA,NA,NA,NA,NA,NA,NA,NA,NA,NA,NA,NA,NA,NA,NA,NA,NA,NA,NA,NA,NA,NA,NA,1097.89,NA,NA,NA,NA,NA,NA,NA,NA,San Luis De Los Recuerdos,NA,$13.60,NA,NA,NA,NA,NA,NA,NA,NA,NA,NA
El Salvador,2024,COE,auction,Natural,https://allianceforcoffeeexcellence.org/el-salvador-2024/,5,1A,NA,91.80,NA,NA,"$24,206.02",Angelino’s Coffee,NA,success,NA,NA,NA,NA,NA,NA,NA,NA,NA,NA,NA,NA,NA,NA,NA,NA,NA,NA,NA,NA,NA,NA,NA,NA,NA,NA,NA,NA,NA,NA,NA,NA,NA,NA,NA,NA,198.41,NA,NA,NA,NA,NA,NA,NA,NA,Los Morales,NA,$122.00,NA,NA,NA,NA,NA,NA,NA,NA,NA,NA
El Salvador,2024,COE,auction,Natural,https://allianceforcoffeeexcellence.org/el-salvador-2024/,5,1B,NA,91.80,NA,NA,"$29,655.96",AL QAHWA AL ARABIAH,NA,success,NA,NA,NA,NA,NA,NA,NA,NA,NA,NA,NA,NA,NA,NA,NA,NA,NA,NA,NA,NA,NA,NA,NA,NA,NA,NA,NA,NA,NA,NA,NA,NA,NA,NA,NA,NA,260.14,NA,NA,NA,NA,NA,NA,NA,NA,Los Morales,NA,$114.00,NA,NA,NA,NA,NA,NA,NA,NA,NA,NA
El Salvador,2024,COE,auction,Natural,https://allianceforcoffeeexcellence.org/el-salvador-2024/,5,2,NA,91.45,NA,NA,"$18,145.67",Angelino’s Coffee,NA,success,NA,NA,NA,NA,NA,NA,NA,NA,NA,NA,NA,NA,NA,NA,NA,NA,NA,NA,NA,NA,NA,NA,NA,NA,NA,NA,NA,NA,NA,NA,NA,NA,NA,NA,NA,NA,502.65,NA,NA,NA,NA,NA,NA,NA,NA,El Angel,NA,$36.10,NA,NA,NA,NA,NA,NA,NA,NA,NA,NA
El Salvador,2024,COE,auction,Natural,https://allianceforcoffeeexcellence.org/el-salvador-2024/,5,3,NA,90.43,NA,NA,"$16,248.74",karaz Albun,NA,success,NA,NA,NA,NA,NA,NA,NA,NA,NA,NA,NA,NA,NA,NA,NA,NA,NA,NA,NA,NA,NA,NA,NA,NA,NA,NA,NA,NA,NA,NA,NA,NA,NA,NA,NA,NA,978.84,NA,NA,NA,NA,NA,NA,NA,NA,Campo Bello,NA,$16.60,NA,NA,NA,NA,NA,NA,NA,NA,NA,NA
El Salvador,2024,COE,auction,Natural,https://allianceforcoffeeexcellence.org/el-salvador-2024/,5,4,NA,89.34,NA,NA,"$6,716.03",Taresso Artisan Coffee Roasters,NA,success,NA,NA,NA,NA,NA,NA,NA,NA,NA,NA,NA,NA,NA,NA,NA,NA,NA,NA,NA,NA,NA,NA,NA,NA,NA,NA,NA,NA,NA,NA,NA,NA,NA,NA,NA,NA,524.69,NA,NA,NA,NA,NA,NA,NA,NA,Don Octavio,NA,$12.80,NA,NA,NA,NA,NA,NA,NA,NA,NA,NA
El Salvador,2024,COE,auction,Natural,https://allianceforcoffeeexcellence.org/el-salvador-2024/,5,5,NA,88.95,NA,NA,"$9,744.30",Brew92,NA,success,NA,NA,NA,NA,NA,NA,NA,NA,NA,NA,NA,NA,NA,NA,NA,NA,NA,NA,NA,NA,NA,NA,NA,NA,NA,NA,NA,NA,NA,NA,NA,NA,NA,NA,NA,NA,974.43,NA,NA,NA,NA,NA,NA,NA,NA,Los Naranjos,NA,$10.00,NA,NA,NA,NA,NA,NA,NA,NA,NA,NA
El Salvador,2024,COE,auction,Natural,https://allianceforcoffeeexcellence.org/el-salvador-2024/,5,6,NA,88.30,NA,NA,"$10,524.80",AL QAHWA AL ARABIAH,NA,success,NA,NA,NA,NA,NA,NA,NA,NA,NA,NA,NA,NA,NA,NA,NA,NA,NA,NA,NA,NA,NA,NA,NA,NA,NA,NA,NA,NA,NA,NA,NA,NA,NA,NA,NA,NA,956.80,NA,NA,NA,NA,NA,NA,NA,NA,Mirador,NA,$11.00,NA,NA,NA,NA,NA,NA,NA,NA,NA,NA
El Salvador,2024,COE,auction,Natural,https://allianceforcoffeeexcellence.org/el-salvador-2024/,5,7,NA,88.30,NA,NA,"$6,333.86","TOB COFFEE( ARNIA LIMITED), Zi Zi, Q Lab, Pual’s Way Coffee, Stolen Summer and Ugly Coffee",NA,success,NA,NA,NA,NA,NA,NA,NA,NA,NA,NA,NA,NA,NA,NA,NA,NA,NA,NA,NA,NA,NA,NA,NA,NA,NA,NA,NA,NA,NA,NA,NA,NA,NA,NA,NA,NA,487.22,NA,NA,NA,NA,NA,NA,NA,NA,Plan Del Hoyo,NA,$13.00,NA,NA,NA,NA,NA,NA,NA,NA,NA,NA
El Salvador,2024,COE,auction,Natural,https://allianceforcoffeeexcellence.org/el-salvador-2024/,5,8,NA,88.14,NA,NA,"$6,333.33",Saza Coffee,NA,success,NA,NA,NA,NA,NA,NA,NA,NA,NA,NA,NA,NA,NA,NA,NA,NA,NA,NA,NA,NA,NA,NA,NA,NA,NA,NA,NA,NA,NA,NA,NA,NA,NA,NA,NA,NA,476.19,NA,NA,NA,NA,NA,NA,NA,NA,"Finca  El Pital Coffee Estate, S.A. De C.V..",NA,$13.30,NA,NA,NA,NA,NA,NA,NA,NA,NA,NA
El Salvador,2024,COE,auction,Natural,https://allianceforcoffeeexcellence.org/el-salvador-2024/,5,9,NA,87.45,NA,NA,"$6,264.62",Brew92,NA,success,NA,NA,NA,NA,NA,NA,NA,NA,NA,NA,NA,NA,NA,NA,NA,NA,NA,NA,NA,NA,NA,NA,NA,NA,NA,NA,NA,NA,NA,NA,NA,NA,NA,NA,NA,NA,564.38,NA,NA,NA,NA,NA,NA,NA,NA,Holanda,NA,$11.10,NA,NA,NA,NA,NA,NA,NA,NA,NA,NA
El Salvador,2024,COE,auction,Natural,https://allianceforcoffeeexcellence.org/el-salvador-2024/,5,10,NA,87.27,NA,NA,"$7,459.25",honu加藤珈琲店株式会社,NA,success,NA,NA,NA,NA,NA,NA,NA,NA,NA,NA,NA,NA,NA,NA,NA,NA,NA,NA,NA,NA,NA,NA,NA,NA,NA,NA,NA,NA,NA,NA,NA,NA,NA,NA,NA,NA,738.54,NA,NA,NA,NA,NA,NA,NA,NA,El Angel,NA,$10.10,NA,NA,NA,NA,NA,NA,NA,NA,NA,NA
El Salvador,2024,COE,auction,Experimental,https://allianceforcoffeeexcellence.org/el-salvador-2024/,6,1A,NA,91.09,NA,NA,"$14,550.25",AL QAHWA AL ARABIAH,NA,success,NA,NA,NA,NA,NA,NA,NA,NA,NA,NA,NA,NA,NA,NA,NA,NA,NA,NA,NA,NA,NA,NA,NA,NA,NA,NA,NA,NA,NA,NA,NA,NA,NA,NA,NA,NA,264.55,NA,NA,NA,NA,NA,NA,NA,NA,Las Brumas,NA,$55.00,NA,NA,NA,NA,NA,NA,NA,NA,NA,NA
El Salvador,2024,COE,auction,Experimental,https://allianceforcoffeeexcellence.org/el-salvador-2024/,6,1B,NA,91.09,NA,NA,"$18,028.38","Shrub Coffee, Time’s Club",NA,success,NA,NA,NA,NA,NA,NA,NA,NA,NA,NA,NA,NA,NA,NA,NA,NA,NA,NA,NA,NA,NA,NA,NA,NA,NA,NA,NA,NA,NA,NA,NA,NA,NA,NA,NA,NA,335.10,NA,NA,NA,NA,NA,NA,NA,NA,Las Brumas,NA,$53.80,NA,NA,NA,NA,NA,NA,NA,NA,NA,NA
El Salvador,2024,COE,auction,Experimental,https://allianceforcoffeeexcellence.org/el-salvador-2024/,6,2,NA,91.02,NA,NA,"$15,809.22",NOZY COFFEE,NA,success,NA,NA,NA,NA,NA,NA,NA,NA,NA,NA,NA,NA,NA,NA,NA,NA,NA,NA,NA,NA,NA,NA,NA,NA,NA,NA,NA,NA,NA,NA,NA,NA,NA,NA,NA,NA,890.66,NA,NA,NA,NA,NA,NA,NA,NA,Finca Ethiopia,NA,$17.75,NA,NA,NA,NA,NA,NA,NA,NA,NA,NA
El Salvador,2024,COE,auction,Experimental,https://allianceforcoffeeexcellence.org/el-salvador-2024/,6,3,NA,90.45,NA,NA,"$11,576.83",Fadie Sasaguri Coffee Roastery,NA,success,NA,NA,NA,NA,NA,NA,NA,NA,NA,NA,NA,NA,NA,NA,NA,NA,NA,NA,NA,NA,NA,NA,NA,NA,NA,NA,NA,NA,NA,NA,NA,NA,NA,NA,NA,NA,1205.92,NA,NA,NA,NA,NA,NA,NA,NA,Los Pirineos,NA,$9.60,NA,NA,NA,NA,NA,NA,NA,NA,NA,NA
El Salvador,2024,COE,auction,Experimental,https://allianceforcoffeeexcellence.org/el-salvador-2024/,6,4,NA,90.23,NA,NA,"$10,119.11",Taresso Artisan Coffee Roasters,NA,success,NA,NA,NA,NA,NA,NA,NA,NA,NA,NA,NA,NA,NA,NA,NA,NA,NA,NA,NA,NA,NA,NA,NA,NA,NA,NA,NA,NA,NA,NA,NA,NA,NA,NA,NA,NA,992.07,NA,NA,NA,NA,NA,NA,NA,NA,Noruega,NA,$10.20,NA,NA,NA,NA,NA,NA,NA,NA,NA,NA
El Salvador,2024,COE,auction,Experimental,https://allianceforcoffeeexcellence.org/el-salvador-2024/,6,5,NA,88.68,NA,NA,"$7,476.88",Fadie Sasaguri Coffee Roastery,NA,success,NA,NA,NA,NA,NA,NA,NA,NA,NA,NA,NA,NA,NA,NA,NA,NA,NA,NA,NA,NA,NA,NA,NA,NA,NA,NA,NA,NA,NA,NA,NA,NA,NA,NA,NA,NA,787.04,NA,NA,NA,NA,NA,NA,NA,NA,La Perla,NA,$9.50,NA,NA,NA,NA,NA,NA,NA,NA,NA,NA
El Salvador,2024,COE,auction,Experimental,https://allianceforcoffeeexcellence.org/el-salvador-2024/,6,6,NA,88.32,NA,NA,"$6,689.80","Wataru & Co., Ltd.",NA,success,NA,NA,NA,NA,NA,NA,NA,NA,NA,NA,NA,NA,NA,NA,NA,NA,NA,NA,NA,NA,NA,NA,NA,NA,NA,NA,NA,NA,NA,NA,NA,NA,NA,NA,NA,NA,524.69,NA,NA,NA,NA,NA,NA,NA,NA,Las Delicias,NA,$12.75,NA,NA,NA,NA,NA,NA,NA,NA,NA,NA
El Salvador,2024,COE,auction,Experimental,https://allianceforcoffeeexcellence.org/el-salvador-2024/,6,7,NA,88.32,NA,NA,"$7,307.58",Boqueron火萨 for OONEX / 不精品咖啡协会 / 捌比特咖啡,NA,success,NA,NA,NA,NA,NA,NA,NA,NA,NA,NA,NA,NA,NA,NA,NA,NA,NA,NA,NA,NA,NA,NA,NA,NA,NA,NA,NA,NA,NA,NA,NA,NA,NA,NA,NA,NA,575.40,NA,NA,NA,NA,NA,NA,NA,NA,El Angel,NA,$12.70,NA,NA,NA,NA,NA,NA,NA,NA,NA,NA
El Salvador,2024,COE,auction,Experimental,https://allianceforcoffeeexcellence.org/el-salvador-2024/,6,8,NA,88.20,NA,NA,"$5,432.99","Shrub Coffee, Glams Coffee Roastery, Base Coffee, So Good Coffee, Coffee Roastery 101, Fourth Dimension Coffee and cafetia′m coffee roaster by Marukai",NA,success,NA,NA,NA,NA,NA,NA,NA,NA,NA,NA,NA,NA,NA,NA,NA,NA,NA,NA,NA,NA,NA,NA,NA,NA,NA,NA,NA,NA,NA,NA,NA,NA,NA,NA,NA,NA,537.92,NA,NA,NA,NA,NA,NA,NA,NA,Puerto Arturo,NA,$10.10,NA,NA,NA,NA,NA,NA,NA,NA,NA,NA
El Salvador,2024,COE,auction,Experimental,https://allianceforcoffeeexcellence.org/el-salvador-2024/,6,9,NA,88.07,NA,NA,"$7,103.25","Wataru & Co., Ltd.",NA,success,NA,NA,NA,NA,NA,NA,NA,NA,NA,NA,NA,NA,NA,NA,NA,NA,NA,NA,NA,NA,NA,NA,NA,NA,NA,NA,NA,NA,NA,NA,NA,NA,NA,NA,NA,NA,789.25,NA,NA,NA,NA,NA,NA,NA,NA,El Manantial,NA,$9.00,NA,NA,NA,NA,NA,NA,NA,NA,NA,NA
El Salvador,2024,COE,auction,Experimental,https://allianceforcoffeeexcellence.org/el-salvador-2024/,6,10,NA,88.02,NA,NA,"$12,280.49",karaz Albun,NA,success,NA,NA,NA,NA,NA,NA,NA,NA,NA,NA,NA,NA,NA,NA,NA,NA,NA,NA,NA,NA,NA,NA,NA,NA,NA,NA,NA,NA,NA,NA,NA,NA,NA,NA,NA,NA,465.17,NA,NA,NA,NA,NA,NA,NA,NA,El Izotal,NA,$26.40,NA,NA,NA,NA,NA,NA,NA,NA,NA,NA
El Salvador,2024,COE,auction,Experimental,https://allianceforcoffeeexcellence.org/el-salvador-2024/,6,11,NA,87.91,NA,NA,"$12,494.34","Wataru & Co., Ltd.",NA,success,NA,NA,NA,NA,NA,NA,NA,NA,NA,NA,NA,NA,NA,NA,NA,NA,NA,NA,NA,NA,NA,NA,NA,NA,NA,NA,NA,NA,NA,NA,NA,NA,NA,NA,NA,NA,1452.83,NA,NA,NA,NA,NA,NA,NA,NA,Las Duanas,NA,$8.60,NA,NA,NA,NA,NA,NA,NA,NA,NA,NA
El Salvador,2024,COE,auction,Experimental,https://allianceforcoffeeexcellence.org/el-salvador-2024/,6,12,NA,87.75,NA,NA,"$7,023.02",List & Beisler,NA,success,NA,NA,NA,NA,NA,NA,NA,NA,NA,NA,NA,NA,NA,NA,NA,NA,NA,NA,NA,NA,NA,NA,NA,NA,NA,NA,NA,NA,NA,NA,NA,NA,NA,NA,NA,NA,798.07,NA,NA,NA,NA,NA,NA,NA,NA,Finca El Pezote,NA,$8.80,NA,NA,NA,NA,NA,NA,NA,NA,NA,NA
El Salvador,2024,NW,auction,Natural,https://allianceforcoffeeexcellence.org/el-salvador-2024/,9,NW,NA,86.95,NA,NA,"$5,363.11",Nozy Coffee,NA,success,NA,NA,NA,NA,NA,NA,NA,NA,NA,NA,NA,NA,NA,NA,NA,NA,NA,NA,NA,NA,NA,NA,NA,NA,NA,NA,NA,NA,NA,NA,NA,NA,NA,NA,NA,NA,1051.59,NA,NA,NA,NA,NA,NA,NA,NA,Finca Ethiopia,NA,$5.10,NA,NA,NA,NA,NA,NA,NA,NA,NA,NA
El Salvador,2024,NW,auction,Natural,https://allianceforcoffeeexcellence.org/el-salvador-2024/,9,NW,NA,85.86,NA,NA,"$3,384.05",Karaz Albun,NA,success,NA,NA,NA,NA,NA,NA,NA,NA,NA,NA,NA,NA,NA,NA,NA,NA,NA,NA,NA,NA,NA,NA,NA,NA,NA,NA,NA,NA,NA,NA,NA,NA,NA,NA,NA,NA,676.81,NA,NA,NA,NA,NA,NA,NA,NA,La Esperanza,NA,$5.00,NA,NA,NA,NA,NA,NA,NA,NA,NA,NA
El Salvador,2024,NW,auction,Experimental,https://allianceforcoffeeexcellence.org/el-salvador-2024/,10,NW,NA,87.36,NA,NA,"$6,240.11","Wataru & Co., Ltd.",NA,success,NA,NA,NA,NA,NA,NA,NA,NA,NA,NA,NA,NA,NA,NA,NA,NA,NA,NA,NA,NA,NA,NA,NA,NA,NA,NA,NA,NA,NA,NA,NA,NA,NA,NA,NA,NA,1223.55,NA,NA,NA,NA,NA,NA,NA,NA,Helvetia,NA,$5.10,NA,NA,NA,NA,NA,NA,NA,NA,NA,NA
Ethiopia,2024,COE,auction,NA,https://allianceforcoffeeexcellence.org/ethiopia-2024/,2,1A,NA,90.50,NA,NA,"$88,296.90",Angelino’s Coffee,NA,success,NA,NA,NA,NA,NA,NA,NA,NA,NA,NA,NA,NA,NA,NA,NA,NA,NA,NA,NA,NA,NA,NA,NA,NA,NA,NA,NA,NA,NA,NA,NA,NA,NA,NA,NA,NA,198.42,NA,NA,NA,NA,NA,NA,NA,NA,Basha,NA,$445.00,NA,NA,NA,NA,NA,NA,NA,NA,NA,NA
Ethiopia,2024,COE,auction,NA,https://allianceforcoffeeexcellence.org/ethiopia-2024/,2,1B,NA,90.50,NA,NA,"$81,044.65","Orsir International Co. Ltd., SAZA COFFEE",NA,success,NA,NA,NA,NA,NA,NA,NA,NA,NA,NA,NA,NA,NA,NA,NA,NA,NA,NA,NA,NA,NA,NA,NA,NA,NA,NA,NA,NA,NA,NA,NA,NA,NA,NA,NA,NA,231.49,NA,NA,NA,NA,NA,NA,NA,NA,Basha,NA,$350.10,NA,NA,NA,NA,NA,NA,NA,NA,NA,NA
Ethiopia,2024,COE,auction,NA,https://allianceforcoffeeexcellence.org/ethiopia-2024/,2,2A,NA,90.13,NA,NA,"$59,591.24",Sulalat Coffee Trading,NA,success,NA,NA,NA,NA,NA,NA,NA,NA,NA,NA,NA,NA,NA,NA,NA,NA,NA,NA,NA,NA,NA,NA,NA,NA,NA,NA,NA,NA,NA,NA,NA,NA,NA,NA,NA,NA,661.39,NA,NA,NA,NA,NA,NA,NA,NA,Mate,NA,$90.10,NA,NA,NA,NA,NA,NA,NA,NA,NA,NA
Ethiopia,2024,COE,auction,NA,https://allianceforcoffeeexcellence.org/ethiopia-2024/,2,2B,NA,90.13,NA,NA,"$61,876.39",ORO ROASTERS (SAUDI ARABIA),NA,success,NA,NA,NA,NA,NA,NA,NA,NA,NA,NA,NA,NA,NA,NA,NA,NA,NA,NA,NA,NA,NA,NA,NA,NA,NA,NA,NA,NA,NA,NA,NA,NA,NA,NA,NA,NA,694.46,NA,NA,NA,NA,NA,NA,NA,NA,Mate,NA,$89.10,NA,NA,NA,NA,NA,NA,NA,NA,NA,NA
Ethiopia,2024,COE,auction,NA,https://allianceforcoffeeexcellence.org/ethiopia-2024/,2,3,NA,89.70,NA,NA,"$51,912.28",Black Knight SA.,NA,success,NA,NA,NA,NA,NA,NA,NA,NA,NA,NA,NA,NA,NA,NA,NA,NA,NA,NA,NA,NA,NA,NA,NA,NA,NA,NA,NA,NA,NA,NA,NA,NA,NA,NA,NA,NA,1554.26,NA,NA,NA,NA,NA,NA,NA,NA,Bukto,NA,$33.40,NA,NA,NA,NA,NA,NA,NA,NA,NA,NA
Ethiopia,2024,COE,auction,NA,https://allianceforcoffeeexcellence.org/ethiopia-2024/,2,4,NA,89.61,NA,NA,"$34,524.21",AL QAHWA AL ARABIAH,NA,success,NA,NA,NA,NA,NA,NA,NA,NA,NA,NA,NA,NA,NA,NA,NA,NA,NA,NA,NA,NA,NA,NA,NA,NA,NA,NA,NA,NA,NA,NA,NA,NA,NA,NA,NA,NA,1190.49,NA,NA,NA,NA,NA,NA,NA,NA,Bekele,NA,$29.00,NA,NA,NA,NA,NA,NA,NA,NA,NA,NA
Ethiopia,2024,COE,auction,NA,https://allianceforcoffeeexcellence.org/ethiopia-2024/,2,5,NA,89.41,NA,NA,"$18,611.39","MUSEO Co., Ltd / COFFEE HWA / AYANTU(아얀투) / liike coffee",NA,success,NA,NA,NA,NA,NA,NA,NA,NA,NA,NA,NA,NA,NA,NA,NA,NA,NA,NA,NA,NA,NA,NA,NA,NA,NA,NA,NA,NA,NA,NA,NA,NA,NA,NA,NA,NA,462.97,NA,NA,NA,NA,NA,NA,NA,NA,Bekele,NA,$40.20,NA,NA,NA,NA,NA,NA,NA,NA,NA,NA
Ethiopia,2024,COE,auction,NA,https://allianceforcoffeeexcellence.org/ethiopia-2024/,2,6,NA,89.33,NA,NA,"$55,695.29",Sulalat Coffee Trading,NA,success,NA,NA,NA,NA,NA,NA,NA,NA,NA,NA,NA,NA,NA,NA,NA,NA,NA,NA,NA,NA,NA,NA,NA,NA,NA,NA,NA,NA,NA,NA,NA,NA,NA,NA,NA,NA,1388.91,NA,NA,NA,NA,NA,NA,NA,NA,Mitiku,NA,$40.10,NA,NA,NA,NA,NA,NA,NA,NA,NA,NA
Ethiopia,2024,COE,auction,NA,https://allianceforcoffeeexcellence.org/ethiopia-2024/,2,7,NA,89.02,NA,NA,"$39,335.85","DECAMERON COFFEE, 印格咖啡Ingenuity Coffee, Songdo Coffee.",NA,success,NA,NA,NA,NA,NA,NA,NA,NA,NA,NA,NA,NA,NA,NA,NA,NA,NA,NA,NA,NA,NA,NA,NA,NA,NA,NA,NA,NA,NA,NA,NA,NA,NA,NA,NA,NA,2149.50,NA,NA,NA,NA,NA,NA,NA,NA,Sintayehu,NA,$18.30,NA,NA,NA,NA,NA,NA,NA,NA,NA,NA
Ethiopia,2024,COE,auction,NA,https://allianceforcoffeeexcellence.org/ethiopia-2024/,2,8,NA,89.00,NA,NA,"$17,083.72",Slope Roastery,NA,success,NA,NA,NA,NA,NA,NA,NA,NA,NA,NA,NA,NA,NA,NA,NA,NA,NA,NA,NA,NA,NA,NA,NA,NA,NA,NA,NA,NA,NA,NA,NA,NA,NA,NA,NA,NA,694.46,NA,NA,NA,NA,NA,NA,NA,NA,Samuel,NA,$24.60,NA,NA,NA,NA,NA,NA,NA,NA,NA,NA
Ethiopia,2024,COE,auction,NA,https://allianceforcoffeeexcellence.org/ethiopia-2024/,2,9,NA,88.96,NA,NA,"$43,304.29",Sulalat Coffee Trading,NA,success,NA,NA,NA,NA,NA,NA,NA,NA,NA,NA,NA,NA,NA,NA,NA,NA,NA,NA,NA,NA,NA,NA,NA,NA,NA,NA,NA,NA,NA,NA,NA,NA,NA,NA,NA,NA,1488.12,NA,NA,NA,NA,NA,NA,NA,NA,Etenesh,NA,$29.10,NA,NA,NA,NA,NA,NA,NA,NA,NA,NA
Ethiopia,2024,COE,auction,NA,https://allianceforcoffeeexcellence.org/ethiopia-2024/,2,10,NA,88.72,NA,NA,"$28,055.98",honu加藤珈琲店株式会社,NA,success,NA,NA,NA,NA,NA,NA,NA,NA,NA,NA,NA,NA,NA,NA,NA,NA,NA,NA,NA,NA,NA,NA,NA,NA,NA,NA,NA,NA,NA,NA,NA,NA,NA,NA,NA,NA,2777.82,NA,NA,NA,NA,NA,NA,NA,NA,Mustefa,NA,$10.10,NA,NA,NA,NA,NA,NA,NA,NA,NA,NA
Ethiopia,2024,COE,auction,NA,https://allianceforcoffeeexcellence.org/ethiopia-2024/,2,11,NA,87.67,NA,NA,"$15,863.33",Bunah,NA,success,NA,NA,NA,NA,NA,NA,NA,NA,NA,NA,NA,NA,NA,NA,NA,NA,NA,NA,NA,NA,NA,NA,NA,NA,NA,NA,NA,NA,NA,NA,NA,NA,NA,NA,NA,NA,1355.84,NA,NA,NA,NA,NA,NA,NA,NA,Sebeto,NA,$11.70,NA,NA,NA,NA,NA,NA,NA,NA,NA,NA
Ethiopia,2024,COE,auction,NA,https://allianceforcoffeeexcellence.org/ethiopia-2024/,2,12,NA,87.65,NA,NA,"$19,087.56","KALDI COFFEE FARM (CAMEL COFFEE CO.,LTD.)",NA,success,NA,NA,NA,NA,NA,NA,NA,NA,NA,NA,NA,NA,NA,NA,NA,NA,NA,NA,NA,NA,NA,NA,NA,NA,NA,NA,NA,NA,NA,NA,NA,NA,NA,NA,NA,NA,859.80,NA,NA,NA,NA,NA,NA,NA,NA,Tesfaye,NA,$22.20,NA,NA,NA,NA,NA,NA,NA,NA,NA,NA
Ethiopia,2024,COE,auction,NA,https://allianceforcoffeeexcellence.org/ethiopia-2024/,2,13,NA,87.63,NA,NA,"$28,142.02",Saza Coffee,NA,success,NA,NA,NA,NA,NA,NA,NA,NA,NA,NA,NA,NA,NA,NA,NA,NA,NA,NA,NA,NA,NA,NA,NA,NA,NA,NA,NA,NA,NA,NA,NA,NA,NA,NA,NA,NA,1521.19,NA,NA,NA,NA,NA,NA,NA,NA,Ermias,NA,$18.50,NA,NA,NA,NA,NA,NA,NA,NA,NA,NA
Ethiopia,2024,COE,auction,NA,https://allianceforcoffeeexcellence.org/ethiopia-2024/,2,14,NA,87.61,NA,NA,"$30,020.33","Wataru & Co., Ltd.",NA,success,NA,NA,NA,NA,NA,NA,NA,NA,NA,NA,NA,NA,NA,NA,NA,NA,NA,NA,NA,NA,NA,NA,NA,NA,NA,NA,NA,NA,NA,NA,NA,NA,NA,NA,NA,NA,2943.17,NA,NA,NA,NA,NA,NA,NA,NA,Azalech,NA,$10.20,NA,NA,NA,NA,NA,NA,NA,NA,NA,NA
Ethiopia,2024,COE,auction,NA,https://allianceforcoffeeexcellence.org/ethiopia-2024/,2,15,NA,87.57,NA,NA,"$32,156.61",Fadie Sasaguri Roastery Corporation,NA,success,NA,NA,NA,NA,NA,NA,NA,NA,NA,NA,NA,NA,NA,NA,NA,NA,NA,NA,NA,NA,NA,NA,NA,NA,NA,NA,NA,NA,NA,NA,NA,NA,NA,NA,NA,NA,1455.05,NA,NA,NA,NA,NA,NA,NA,NA,Belaineh,NA,$22.10,NA,NA,NA,NA,NA,NA,NA,NA,NA,NA
Ethiopia,2024,COE,auction,NA,https://allianceforcoffeeexcellence.org/ethiopia-2024/,2,16,NA,87.52,NA,NA,"$28,027.86",Snow Beans Coffee & Ryans Coffee Roasters,NA,success,NA,NA,NA,NA,NA,NA,NA,NA,NA,NA,NA,NA,NA,NA,NA,NA,NA,NA,NA,NA,NA,NA,NA,NA,NA,NA,NA,NA,NA,NA,NA,NA,NA,NA,NA,NA,1818.81,NA,NA,NA,NA,NA,NA,NA,NA,Tamru,NA,$15.41,NA,NA,NA,NA,NA,NA,NA,NA,NA,NA
Ethiopia,2024,COE,auction,NA,https://allianceforcoffeeexcellence.org/ethiopia-2024/,2,17,NA,87.50,NA,NA,"$17,877.32",Prodigal Coffee,NA,success,NA,NA,NA,NA,NA,NA,NA,NA,NA,NA,NA,NA,NA,NA,NA,NA,NA,NA,NA,NA,NA,NA,NA,NA,NA,NA,NA,NA,NA,NA,NA,NA,NA,NA,NA,NA,1124.36,NA,NA,NA,NA,NA,NA,NA,NA,Tafo,NA,$15.90,NA,NA,NA,NA,NA,NA,NA,NA,NA,NA
Ethiopia,2024,COE,auction,NA,https://allianceforcoffeeexcellence.org/ethiopia-2024/,2,18,NA,87.50,NA,NA,"$20,503.00",1895 by Lavazza,NA,success,NA,NA,NA,NA,NA,NA,NA,NA,NA,NA,NA,NA,NA,NA,NA,NA,NA,NA,NA,NA,NA,NA,NA,NA,NA,NA,NA,NA,NA,NA,NA,NA,NA,NA,NA,NA,1025.15,NA,NA,NA,NA,NA,NA,NA,NA,Abriham,NA,$20.00,NA,NA,NA,NA,NA,NA,NA,NA,NA,NA
Ethiopia,2024,COE,auction,NA,https://allianceforcoffeeexcellence.org/ethiopia-2024/,2,19,NA,87.48,NA,NA,"$14,325.58",Full Sweet Coffee,NA,success,NA,NA,NA,NA,NA,NA,NA,NA,NA,NA,NA,NA,NA,NA,NA,NA,NA,NA,NA,NA,NA,NA,NA,NA,NA,NA,NA,NA,NA,NA,NA,NA,NA,NA,NA,NA,1256.63,NA,NA,NA,NA,NA,NA,NA,NA,Bayene,NA,$11.40,NA,NA,NA,NA,NA,NA,NA,NA,NA,NA
Ethiopia,2024,COE,auction,NA,https://allianceforcoffeeexcellence.org/ethiopia-2024/,2,20,NA,87.46,NA,NA,"$18,188.17","Dabov Specialty Coffee, Coffee Me Up (Korea), Coffee Therapy (Thailand), MARISSTELLA COFFEE, TWO HANDS FULL (Indonesia), A Roastworks (Indonesia), JIBBI COFFEE ROASTERS, Baristatus. Idle Hands Coffee",NA,success,NA,NA,NA,NA,NA,NA,NA,NA,NA,NA,NA,NA,NA,NA,NA,NA,NA,NA,NA,NA,NA,NA,NA,NA,NA,NA,NA,NA,NA,NA,NA,NA,NA,NA,NA,NA,1653.47,NA,NA,NA,NA,NA,NA,NA,NA,Leikun,NA,$11.00,NA,NA,NA,NA,NA,NA,NA,NA,NA,NA
Ethiopia,2024,COE,auction,NA,https://allianceforcoffeeexcellence.org/ethiopia-2024/,2,21,NA,87.41,NA,NA,"$17,563.14","印格咖啡Ingenuity Coffee & CHG (手多多咖啡) & Orsir International Co., Ltd & BEAM Specialty (MAS) & 搞搞咖啡 & 林可斯特 & Aokka Coffee & abit coffee & Little Whale Coffee Limited & 穷学生小李",NA,success,NA,NA,NA,NA,NA,NA,NA,NA,NA,NA,NA,NA,NA,NA,NA,NA,NA,NA,NA,NA,NA,NA,NA,NA,NA,NA,NA,NA,NA,NA,NA,NA,NA,NA,NA,NA,1554.26,NA,NA,NA,NA,NA,NA,NA,NA,Agana,NA,$11.30,NA,NA,NA,NA,NA,NA,NA,NA,NA,NA
Ethiopia,2024,COE,auction,NA,https://allianceforcoffeeexcellence.org/ethiopia-2024/,2,22,NA,87.26,NA,NA,"$13,756.86",Prodigal Coffee,NA,success,NA,NA,NA,NA,NA,NA,NA,NA,NA,NA,NA,NA,NA,NA,NA,NA,NA,NA,NA,NA,NA,NA,NA,NA,NA,NA,NA,NA,NA,NA,NA,NA,NA,NA,NA,NA,1058.22,NA,NA,NA,NA,NA,NA,NA,NA,Zewuditu,NA,$13.00,NA,NA,NA,NA,NA,NA,NA,NA,NA,NA
Ethiopia,2024,COE,auction,NA,https://allianceforcoffeeexcellence.org/ethiopia-2024/,2,23,NA,87.24,NA,NA,"$13,826.23",Wolfing Coffee，北京深浅白贸易有限公司，际遇咖啡Happenstance,NA,success,NA,NA,NA,NA,NA,NA,NA,NA,NA,NA,NA,NA,NA,NA,NA,NA,NA,NA,NA,NA,NA,NA,NA,NA,NA,NA,NA,NA,NA,NA,NA,NA,NA,NA,NA,NA,1223.56,NA,NA,NA,NA,NA,NA,NA,NA,Legesse,NA,$11.30,NA,NA,NA,NA,NA,NA,NA,NA,NA,NA
Ethiopia,2024,COE,auction,NA,https://allianceforcoffeeexcellence.org/ethiopia-2024/,2,24,NA,87.20,NA,NA,"$11,177.40",中国武汉铜山里、浙江咖豆咖啡、Roaster Camp、Golden Bear Coffee、Instinct Coffee Roastery (Indonesia) auctioned by Ecofarm Coffee (China),NA,success,NA,NA,NA,NA,NA,NA,NA,NA,NA,NA,NA,NA,NA,NA,NA,NA,NA,NA,NA,NA,NA,NA,NA,NA,NA,NA,NA,NA,NA,NA,NA,NA,NA,NA,NA,NA,859.80,NA,NA,NA,NA,NA,NA,NA,NA,Tamiru,NA,$13.00,NA,NA,NA,NA,NA,NA,NA,NA,NA,NA
Ethiopia,2024,COE,auction,NA,https://allianceforcoffeeexcellence.org/ethiopia-2024/,2,25,NA,87.09,NA,NA,"$18,611.39","LNK Coffee for 弘顺咖啡, StillCoffee, 弘顺咖啡 – Lebunna, 派福咖啡 – PASSION FRUIT, 寻豆师SEEDHERO , 中国武汉铜山里咖啡 – Tongshanli Coffee, Wuhan, China, 不急咖啡小屋 – Buji Coffee Shop",NA,success,NA,NA,NA,NA,NA,NA,NA,NA,NA,NA,NA,NA,NA,NA,NA,NA,NA,NA,NA,NA,NA,NA,NA,NA,NA,NA,NA,NA,NA,NA,NA,NA,NA,NA,NA,NA,925.94,NA,NA,NA,NA,NA,NA,NA,NA,Ejigu,NA,$20.10,NA,NA,NA,NA,NA,NA,NA,NA,NA,NA
Ethiopia,2024,COE,auction,NA,https://allianceforcoffeeexcellence.org/ethiopia-2024/,2,26,NA,87.04,NA,NA,"$12,113.32","Wataru & Co., Ltd.",NA,success,NA,NA,NA,NA,NA,NA,NA,NA,NA,NA,NA,NA,NA,NA,NA,NA,NA,NA,NA,NA,NA,NA,NA,NA,NA,NA,NA,NA,NA,NA,NA,NA,NA,NA,NA,NA,1091.29,NA,NA,NA,NA,NA,NA,NA,NA,Almaz,NA,$11.10,NA,NA,NA,NA,NA,NA,NA,NA,NA,NA
Ethiopia,2024,COE,auction,NA,https://allianceforcoffeeexcellence.org/ethiopia-2024/,2,27,NA,87.02,NA,NA,"$16,349.50","Wataru & Co., Ltd.",NA,success,NA,NA,NA,NA,NA,NA,NA,NA,NA,NA,NA,NA,NA,NA,NA,NA,NA,NA,NA,NA,NA,NA,NA,NA,NA,NA,NA,NA,NA,NA,NA,NA,NA,NA,NA,NA,1587.33,NA,NA,NA,NA,NA,NA,NA,NA,Tadess,NA,$10.30,NA,NA,NA,NA,NA,NA,NA,NA,NA,NA
Ethiopia,2024,NW,auction,NA,https://allianceforcoffeeexcellence.org/ethiopia-2024/,4,NW,NA,86.98,NA,NA,"$8,670.78",Brew92,NA,success,NA,NA,NA,NA,NA,NA,NA,NA,NA,NA,NA,NA,NA,NA,NA,NA,NA,NA,NA,NA,NA,NA,NA,NA,NA,NA,NA,NA,NA,NA,NA,NA,NA,NA,NA,NA,1521.19,NA,NA,NA,NA,NA,NA,NA,NA,Burtekan,NA,$5.70,NA,NA,NA,NA,NA,NA,NA,NA,NA,NA
Ethiopia,2024,NW,auction,NA,https://allianceforcoffeeexcellence.org/ethiopia-2024/,4,NW,NA,86.91,NA,NA,"$5,357.22",NOZY COFFEE,NA,success,NA,NA,NA,NA,NA,NA,NA,NA,NA,NA,NA,NA,NA,NA,NA,NA,NA,NA,NA,NA,NA,NA,NA,NA,NA,NA,NA,NA,NA,NA,NA,NA,NA,NA,NA,NA,892.87,NA,NA,NA,NA,NA,NA,NA,NA,Negussie,NA,$6.00,NA,NA,NA,NA,NA,NA,NA,NA,NA,NA
Ethiopia,2024,NW,auction,NA,https://allianceforcoffeeexcellence.org/ethiopia-2024/,4,NW,NA,86.89,NA,NA,"$15,542.62",Linking Coffee. Billy Roaster,NA,success,NA,NA,NA,NA,NA,NA,NA,NA,NA,NA,NA,NA,NA,NA,NA,NA,NA,NA,NA,NA,NA,NA,NA,NA,NA,NA,NA,NA,NA,NA,NA,NA,NA,NA,NA,NA,1653.47,NA,NA,NA,NA,NA,NA,NA,NA,Yiromnesh,NA,$9.40,NA,NA,NA,NA,NA,NA,NA,NA,NA,NA
Ethiopia,2024,NW,auction,NA,https://allianceforcoffeeexcellence.org/ethiopia-2024/,4,NW,NA,86.74,NA,NA,"$3,888.98",Brew92,NA,success,NA,NA,NA,NA,NA,NA,NA,NA,NA,NA,NA,NA,NA,NA,NA,NA,NA,NA,NA,NA,NA,NA,NA,NA,NA,NA,NA,NA,NA,NA,NA,NA,NA,NA,NA,NA,694.46,NA,NA,NA,NA,NA,NA,NA,NA,W/ro Buja,NA,$5.60,NA,NA,NA,NA,NA,NA,NA,NA,NA,NA
Ethiopia,2024,NW,auction,NA,https://allianceforcoffeeexcellence.org/ethiopia-2024/,4,NW,NA,86.65,NA,NA,"$7,539.79",Brew92,NA,success,NA,NA,NA,NA,NA,NA,NA,NA,NA,NA,NA,NA,NA,NA,NA,NA,NA,NA,NA,NA,NA,NA,NA,NA,NA,NA,NA,NA,NA,NA,NA,NA,NA,NA,NA,NA,1322.77,NA,NA,NA,NA,NA,NA,NA,NA,Bekele,NA,$5.70,NA,NA,NA,NA,NA,NA,NA,NA,NA,NA
Ethiopia,2024,NW,auction,NA,https://allianceforcoffeeexcellence.org/ethiopia-2024/,4,NW,NA,86.59,NA,NA,"$4,761.99","Wataru & Co., Ltd.",NA,success,NA,NA,NA,NA,NA,NA,NA,NA,NA,NA,NA,NA,NA,NA,NA,NA,NA,NA,NA,NA,NA,NA,NA,NA,NA,NA,NA,NA,NA,NA,NA,NA,NA,NA,NA,NA,529.11,NA,NA,NA,NA,NA,NA,NA,NA,Meswat Shimeles Abera,NA,$9.00,NA,NA,NA,NA,NA,NA,NA,NA,NA,NA
Ethiopia,2024,NW,auction,NA,https://allianceforcoffeeexcellence.org/ethiopia-2024/,4,NW,NA,86.43,NA,NA,"$10,416.85",Linking Coffee. 樂波波珈琲 Le BoBo Coffee. 失親兒福利基金會 TOWF 「有光咖啡」Taipei Orphan Welfare Foundation/ Yehi’or,NA,success,NA,NA,NA,NA,NA,NA,NA,NA,NA,NA,NA,NA,NA,NA,NA,NA,NA,NA,NA,NA,NA,NA,NA,NA,NA,NA,NA,NA,NA,NA,NA,NA,NA,NA,NA,NA,2083.37,NA,NA,NA,NA,NA,NA,NA,NA,Assefa,NA,$5.00,NA,NA,NA,NA,NA,NA,NA,NA,NA,NA
Ethiopia,2024,NW,auction,NA,https://allianceforcoffeeexcellence.org/ethiopia-2024/,4,NW,NA,86.43,NA,NA,"$9,762.02",Sulalat Coffee Trading,NA,success,NA,NA,NA,NA,NA,NA,NA,NA,NA,NA,NA,NA,NA,NA,NA,NA,NA,NA,NA,NA,NA,NA,NA,NA,NA,NA,NA,NA,NA,NA,NA,NA,NA,NA,NA,NA,1190.49,NA,NA,NA,NA,NA,NA,NA,NA,Yednkachew,NA,$8.20,NA,NA,NA,NA,NA,NA,NA,NA,NA,NA
Ethiopia,2024,NW,auction,NA,https://allianceforcoffeeexcellence.org/ethiopia-2024/,4,NW,NA,86.41,NA,NA,"$4,160.13",Sulalat Coffee Trading,NA,success,NA,NA,NA,NA,NA,NA,NA,NA,NA,NA,NA,NA,NA,NA,NA,NA,NA,NA,NA,NA,NA,NA,NA,NA,NA,NA,NA,NA,NA,NA,NA,NA,NA,NA,NA,NA,562.18,NA,NA,NA,NA,NA,NA,NA,NA,Niguse,NA,$7.40,NA,NA,NA,NA,NA,NA,NA,NA,NA,NA
Ethiopia,2024,NW,auction,NA,https://allianceforcoffeeexcellence.org/ethiopia-2024/,4,NW,NA,86.33,NA,NA,"$2,923.34",L’escargot d’or cosmetocafe,NA,success,NA,NA,NA,NA,NA,NA,NA,NA,NA,NA,NA,NA,NA,NA,NA,NA,NA,NA,NA,NA,NA,NA,NA,NA,NA,NA,NA,NA,NA,NA,NA,NA,NA,NA,NA,NA,562.18,NA,NA,NA,NA,NA,NA,NA,NA,Biruk,NA,$5.20,NA,NA,NA,NA,NA,NA,NA,NA,NA,NA
Ethiopia,2024,NW,auction,NA,https://allianceforcoffeeexcellence.org/ethiopia-2024/,4,NW,NA,86.26,NA,NA,"$8,809.63",Sulalat Coffee Trading,NA,success,NA,NA,NA,NA,NA,NA,NA,NA,NA,NA,NA,NA,NA,NA,NA,NA,NA,NA,NA,NA,NA,NA,NA,NA,NA,NA,NA,NA,NA,NA,NA,NA,NA,NA,NA,NA,1190.49,NA,NA,NA,NA,NA,NA,NA,NA,Mairegnesh,NA,$7.40,NA,NA,NA,NA,NA,NA,NA,NA,NA,NA
Ethiopia,2024,NW,auction,NA,https://allianceforcoffeeexcellence.org/ethiopia-2024/,4,NW,NA,86.04,NA,NA,"$5,902.89",What’s Brewing,NA,success,NA,NA,NA,NA,NA,NA,NA,NA,NA,NA,NA,NA,NA,NA,NA,NA,NA,NA,NA,NA,NA,NA,NA,NA,NA,NA,NA,NA,NA,NA,NA,NA,NA,NA,NA,NA,1157.43,NA,NA,NA,NA,NA,NA,NA,NA,Esyas,NA,$5.10,NA,NA,NA,NA,NA,NA,NA,NA,NA,NA
Ethiopia,2024,NW,auction,NA,https://allianceforcoffeeexcellence.org/ethiopia-2024/,4,NW,NA,85.72,NA,NA,"$4,299.00",Gil-coffee,NA,success,NA,NA,NA,NA,NA,NA,NA,NA,NA,NA,NA,NA,NA,NA,NA,NA,NA,NA,NA,NA,NA,NA,NA,NA,NA,NA,NA,NA,NA,NA,NA,NA,NA,NA,NA,NA,859.80,NA,NA,NA,NA,NA,NA,NA,NA,Adisu,NA,$5.00,NA,NA,NA,NA,NA,NA,NA,NA,NA,NA
Guatemala,2024,COE,auction,Exotic Washed,https://allianceforcoffeeexcellence.org/guatemala-2024/,4,1A,NA,91.27,NA,NA,"$34,062.57",Taiwan Coffee Development Association、迎芳咖啡 Ying Fang Lei、達文西咖啡 dAVinci Coffee、Kakalove Cafe、Fika Fika Cafe Taiwan、詹記咖啡 Chanji Coffee 、咖啡匙、鵲 Kasasagi Coffee Roasters、鴉埠咖啡 YABOO café、馬戲團夠咖啡 Cirke Go、93咖啡、GK咖啡、吸貓咖啡館、WELLS CAFE、BLUEKOFF、CASA LAPIN、名人高爾夫、蘭那泰式餐廳、Yosano 与謝野珈琲、墨啡咖啡 melfee express、一弄咖啡、塔作伙工作室、杜宅咖啡、臻實咖啡 Real Coffee、Coffee L&J、可可鬆餅屋、Q caf’e x 滿福烘豆場、銘溢手作咖啡、Euphora Coffee Studio、BRBP Specialty Coffee、成名咖啡Be Famous Coffee、咖狗咖啡、花兒的5號玫瑰園、維堤咖啡、Ritrovare coffee、Coffee Stopover、BEAN SUPER豆超國際、Taiwan Coffee Laboratory,NA,success,NA,NA,NA,NA,NA,NA,NA,NA,NA,NA,NA,NA,NA,NA,NA,NA,NA,NA,NA,NA,NA,NA,NA,NA,NA,NA,NA,NA,NA,NA,NA,NA,NA,NA,NA,NA,289.5,NA,NA,NA,NA,NA,NA,NA,NA,La Reforma Y Anexos,NA,$117.66,NA,NA,NA,NA,NA,NA,NA,NA,NA,NA
Guatemala,2024,COE,auction,Exotic Washed,https://allianceforcoffeeexcellence.org/guatemala-2024/,4,1B,NA,91.27,NA,NA,"$31,931.85",Angelino’s Coffee,NA,success,NA,NA,NA,NA,NA,NA,NA,NA,NA,NA,NA,NA,NA,NA,NA,NA,NA,NA,NA,NA,NA,NA,NA,NA,NA,NA,NA,NA,NA,NA,NA,NA,NA,NA,NA,NA,289.5,NA,NA,NA,NA,NA,NA,NA,NA,La Reforma Y Anexos,NA,$110.30,NA,NA,NA,NA,NA,NA,NA,NA,NA,NA
Guatemala,2024,COE,auction,Exotic Washed,https://allianceforcoffeeexcellence.org/guatemala-2024/,4,2,NA,90.56,NA,NA,"$19,807.50","Coffee Libre, Times Club, Rawstuff, Roastmill, Deepbluelake",NA,success,NA,NA,NA,NA,NA,NA,NA,NA,NA,NA,NA,NA,NA,NA,NA,NA,NA,NA,NA,NA,NA,NA,NA,NA,NA,NA,NA,NA,NA,NA,NA,NA,NA,NA,NA,NA,1042.5,NA,NA,NA,NA,NA,NA,NA,NA,Las Macadamias,NA,$19.00,NA,NA,NA,NA,NA,NA,NA,NA,NA,NA
Guatemala,2024,COE,auction,Exotic Washed,https://allianceforcoffeeexcellence.org/guatemala-2024/,4,3,NA,89.94,NA,NA,"$29,940.22",GLITCH COFFEE& ROASTERS by Marukai,NA,success,NA,NA,NA,NA,NA,NA,NA,NA,NA,NA,NA,NA,NA,NA,NA,NA,NA,NA,NA,NA,NA,NA,NA,NA,NA,NA,NA,NA,NA,NA,NA,NA,NA,NA,NA,NA,596.3,NA,NA,NA,NA,NA,NA,NA,NA,El Eden,NA,$50.21,NA,NA,NA,NA,NA,NA,NA,NA,NA,NA
Guatemala,2024,COE,auction,Exotic Washed,https://allianceforcoffeeexcellence.org/guatemala-2024/,4,4,NA,89.31,NA,NA,"$21,444.75","ECOM Japan for REC COFFEE, TOA COFFEE, TRIBE COFFEE, WAVY COFFEE ROASTERS & LEAVES COFFEE ROASTERS",NA,success,NA,NA,NA,NA,NA,NA,NA,NA,NA,NA,NA,NA,NA,NA,NA,NA,NA,NA,NA,NA,NA,NA,NA,NA,NA,NA,NA,NA,NA,NA,NA,NA,NA,NA,NA,NA,607.5,NA,NA,NA,NA,NA,NA,NA,NA,Rosma,NA,$35.30,NA,NA,NA,NA,NA,NA,NA,NA,NA,NA
Guatemala,2024,COE,auction,Exotic Washed,https://allianceforcoffeeexcellence.org/guatemala-2024/,4,5,NA,88.83,NA,NA,"$20,404.20","Coffee Me Up (Korea), Coffee Therapy (Thailand), SOT Coffee Roaster, TWO HANDS FULL (Indonesia), Anson Wong – Kizuna Roaster & Co. ,Baristatus",NA,success,NA,NA,NA,NA,NA,NA,NA,NA,NA,NA,NA,NA,NA,NA,NA,NA,NA,NA,NA,NA,NA,NA,NA,NA,NA,NA,NA,NA,NA,NA,NA,NA,NA,NA,NA,NA,658.2,NA,NA,NA,NA,NA,NA,NA,NA,El Socorro,NA,$31.00,NA,NA,NA,NA,NA,NA,NA,NA,NA,NA
Guatemala,2024,COE,auction,Exotic Washed,https://allianceforcoffeeexcellence.org/guatemala-2024/,4,6,NA,88.3,NA,NA,"$9,248.75",Pilot Coffee Roasters,NA,success,NA,NA,NA,NA,NA,NA,NA,NA,NA,NA,NA,NA,NA,NA,NA,NA,NA,NA,NA,NA,NA,NA,NA,NA,NA,NA,NA,NA,NA,NA,NA,NA,NA,NA,NA,NA,612.5,NA,NA,NA,NA,NA,NA,NA,NA,Guatalon,NA,$15.10,NA,NA,NA,NA,NA,NA,NA,NA,NA,NA
Guatemala,2024,COE,auction,Exotic Washed,https://allianceforcoffeeexcellence.org/guatemala-2024/,4,7,NA,88.19,NA,NA,"$15,143.48",TAKAMURA COFFEE ROASTERS by Marukai,NA,success,NA,NA,NA,NA,NA,NA,NA,NA,NA,NA,NA,NA,NA,NA,NA,NA,NA,NA,NA,NA,NA,NA,NA,NA,NA,NA,NA,NA,NA,NA,NA,NA,NA,NA,NA,NA,558.8,NA,NA,NA,NA,NA,NA,NA,NA,Villaure,NA,$27.10,NA,NA,NA,NA,NA,NA,NA,NA,NA,NA
Guatemala,2024,COE,auction,Exotic Washed,https://allianceforcoffeeexcellence.org/guatemala-2024/,4,8,NA,88.14,NA,NA,"$18,441.55","WAVY COFFEE ROASTERS, ABOUT US COFFEE, THE GOOD GOODIES, ManlyCoffee, Rain Coffee Roastery, BREATH HIROSHIMA, LOUPE COFFEE STAND, UKIHIRA COFFEE sweets & coffee",NA,success,NA,NA,NA,NA,NA,NA,NA,NA,NA,NA,NA,NA,NA,NA,NA,NA,NA,NA,NA,NA,NA,NA,NA,NA,NA,NA,NA,NA,NA,NA,NA,NA,NA,NA,NA,NA,680.5,NA,NA,NA,NA,NA,NA,NA,NA,Kalibus La Sierra,NA,$27.10,NA,NA,NA,NA,NA,NA,NA,NA,NA,NA
Guatemala,2024,COE,auction,Exotic Washed,https://allianceforcoffeeexcellence.org/guatemala-2024/,4,9,NA,88.13,NA,NA,"$9,129.92","GSC International Co., Ltd",NA,success,NA,NA,NA,NA,NA,NA,NA,NA,NA,NA,NA,NA,NA,NA,NA,NA,NA,NA,NA,NA,NA,NA,NA,NA,NA,NA,NA,NA,NA,NA,NA,NA,NA,NA,NA,NA,443.2,NA,NA,NA,NA,NA,NA,NA,NA,Montaña Helada,NA,$20.60,NA,NA,NA,NA,NA,NA,NA,NA,NA,NA
Guatemala,2024,COE,auction,Exotic Washed,https://allianceforcoffeeexcellence.org/guatemala-2024/,4,10,NA,87.67,NA,NA,"$8,542.26",honu加藤珈琲店株式会社,NA,success,NA,NA,NA,NA,NA,NA,NA,NA,NA,NA,NA,NA,NA,NA,NA,NA,NA,NA,NA,NA,NA,NA,NA,NA,NA,NA,NA,NA,NA,NA,NA,NA,NA,NA,NA,NA,527.3,NA,NA,NA,NA,NA,NA,NA,NA,Hacienda Del Cafe,NA,$16.20,NA,NA,NA,NA,NA,NA,NA,NA,NA,NA
Guatemala,2024,COE,auction,Exotic Washed,https://allianceforcoffeeexcellence.org/guatemala-2024/,4,11,NA,87.5,NA,NA,"$11,764.88","Linking Coffee,樂波波珈琲 Le bobo coffee,313 Cafe,Billy Roaster,アアアアアア豆焙所,WELLS CAFE,CASA LAPIN,BIG BLACK BOX(Thailand),允品咖啡",NA,success,NA,NA,NA,NA,NA,NA,NA,NA,NA,NA,NA,NA,NA,NA,NA,NA,NA,NA,NA,NA,NA,NA,NA,NA,NA,NA,NA,NA,NA,NA,NA,NA,NA,NA,NA,NA,591.2,NA,NA,NA,NA,NA,NA,NA,NA,Vista Hermosa,NA,$19.90,NA,NA,NA,NA,NA,NA,NA,NA,NA,NA
Guatemala,2024,COE,auction,Exotic Washed,https://allianceforcoffeeexcellence.org/guatemala-2024/,4,12,NA,87.47,NA,NA,"$13,293.32",Brew92,NA,success,NA,NA,NA,NA,NA,NA,NA,NA,NA,NA,NA,NA,NA,NA,NA,NA,NA,NA,NA,NA,NA,NA,NA,NA,NA,NA,NA,NA,NA,NA,NA,NA,NA,NA,NA,NA,588.2,NA,NA,NA,NA,NA,NA,NA,NA,Coyote Blanco-Sac Utiú,NA,$22.60,NA,NA,NA,NA,NA,NA,NA,NA,NA,NA
Guatemala,2024,COE,auction,Exotic Washed,https://allianceforcoffeeexcellence.org/guatemala-2024/,4,13,NA,87.22,NA,NA,"$10,093.60",El Gran Cafe,NA,success,NA,NA,NA,NA,NA,NA,NA,NA,NA,NA,NA,NA,NA,NA,NA,NA,NA,NA,NA,NA,NA,NA,NA,NA,NA,NA,NA,NA,NA,NA,NA,NA,NA,NA,NA,NA,545.6,NA,NA,NA,NA,NA,NA,NA,NA,Santa Isabel,NA,$18.50,NA,NA,NA,NA,NA,NA,NA,NA,NA,NA
Guatemala,2024,COE,auction,Exotic Natural & Honey,https://allianceforcoffeeexcellence.org/guatemala-2024/,5,1A,NA,90.20,NA,NA,"$15,743.21","Orsir International Co., Ltd.",NA,success,NA,NA,NA,NA,NA,NA,NA,NA,NA,NA,NA,NA,NA,NA,NA,NA,NA,NA,NA,NA,NA,NA,NA,NA,NA,NA,NA,NA,NA,NA,NA,NA,NA,NA,NA,NA,436.10,NA,NA,NA,NA,NA,NA,NA,NA,Bella Vista,NA,$36.10,NA,NA,NA,NA,NA,NA,NA,NA,NA,NA
Guatemala,2024,COE,auction,Exotic Natural & Honey,https://allianceforcoffeeexcellence.org/guatemala-2024/,5,1B,NA,90.20,NA,NA,"$15,350.72",Angelino’s Coffee,NA,success,NA,NA,NA,NA,NA,NA,NA,NA,NA,NA,NA,NA,NA,NA,NA,NA,NA,NA,NA,NA,NA,NA,NA,NA,NA,NA,NA,NA,NA,NA,NA,NA,NA,NA,NA,NA,436.10,NA,NA,NA,NA,NA,NA,NA,NA,Bella Vista,NA,$35.20,NA,NA,NA,NA,NA,NA,NA,NA,NA,NA
Guatemala,2024,COE,auction,Exotic Natural & Honey,https://allianceforcoffeeexcellence.org/guatemala-2024/,5,2,NA,90.19,NA,NA,"$24,971.85","GSC International Co., Ltd",NA,success,NA,NA,NA,NA,NA,NA,NA,NA,NA,NA,NA,NA,NA,NA,NA,NA,NA,NA,NA,NA,NA,NA,NA,NA,NA,NA,NA,NA,NA,NA,NA,NA,NA,NA,NA,NA,1183.50,NA,NA,NA,NA,NA,NA,NA,NA,El Zapote Y Anexos,NA,$21.10,NA,NA,NA,NA,NA,NA,NA,NA,NA,NA
Guatemala,2024,COE,auction,Exotic Natural & Honey,https://allianceforcoffeeexcellence.org/guatemala-2024/,5,3,NA,89.80,NA,NA,"$12,031.34",NOZY COFFEE,NA,success,NA,NA,NA,NA,NA,NA,NA,NA,NA,NA,NA,NA,NA,NA,NA,NA,NA,NA,NA,NA,NA,NA,NA,NA,NA,NA,NA,NA,NA,NA,NA,NA,NA,NA,NA,NA,439.10,NA,NA,NA,NA,NA,NA,NA,NA,La Gran Manzana,NA,$27.40,NA,NA,NA,NA,NA,NA,NA,NA,NA,NA
Guatemala,2024,COE,auction,Exotic Natural & Honey,https://allianceforcoffeeexcellence.org/guatemala-2024/,5,4,NA,89.53,NA,NA,"$12,291.00",SUPREMO COFFEE & Proud Mary,NA,success,NA,NA,NA,NA,NA,NA,NA,NA,NA,NA,NA,NA,NA,NA,NA,NA,NA,NA,NA,NA,NA,NA,NA,NA,NA,NA,NA,NA,NA,NA,NA,NA,NA,NA,NA,NA,819.40,NA,NA,NA,NA,NA,NA,NA,NA,Ponderosa,NA,$15.00,NA,NA,NA,NA,NA,NA,NA,NA,NA,NA
Guatemala,2024,COE,auction,Exotic Natural & Honey,https://allianceforcoffeeexcellence.org/guatemala-2024/,5,5,NA,88.89,NA,NA,"$13,024.80",ErgosCoffee.com (Taiwan) & Ying Fang Lei & 悠樂咖啡Euphora coffees studio,NA,success,NA,NA,NA,NA,NA,NA,NA,NA,NA,NA,NA,NA,NA,NA,NA,NA,NA,NA,NA,NA,NA,NA,NA,NA,NA,NA,NA,NA,NA,NA,NA,NA,NA,NA,NA,NA,648.00,NA,NA,NA,NA,NA,NA,NA,NA,Morelia,NA,$20.10,NA,NA,NA,NA,NA,NA,NA,NA,NA,NA
Guatemala,2024,COE,auction,Exotic Natural & Honey,https://allianceforcoffeeexcellence.org/guatemala-2024/,5,6,NA,87.61,NA,NA,"$6,431.60",Brew92,NA,success,NA,NA,NA,NA,NA,NA,NA,NA,NA,NA,NA,NA,NA,NA,NA,NA,NA,NA,NA,NA,NA,NA,NA,NA,NA,NA,NA,NA,NA,NA,NA,NA,NA,NA,NA,NA,459.40,NA,NA,NA,NA,NA,NA,NA,NA,La Bugambilia,NA,$14.00,NA,NA,NA,NA,NA,NA,NA,NA,NA,NA
Guatemala,2024,COE,auction,One Of A Kind,https://allianceforcoffeeexcellence.org/guatemala-2024/,6,1,NA,89.59,NA,NA,"$17,379.65",Angelino’s Coffee,NA,success,NA,NA,NA,NA,NA,NA,NA,NA,NA,NA,NA,NA,NA,NA,NA,NA,NA,NA,NA,NA,NA,NA,NA,NA,NA,NA,NA,NA,NA,NA,NA,NA,NA,NA,NA,NA,900.50,NA,NA,NA,NA,NA,NA,NA,NA,Bella Elizabeth,NA,$19.30,NA,NA,NA,NA,NA,NA,NA,NA,NA,NA
Guatemala,2024,COE,auction,One Of A Kind,https://allianceforcoffeeexcellence.org/guatemala-2024/,6,2,NA,89.28,NA,NA,"$10,187.12","ADACHI COFFEE, BRANCH COFFEE, COFFEE A GO! GO!, CHATORA COFFEE, Sugi Coffee Roasting, TABEI COFFEE, THOTH COFFEE, YOKOI COFFEE, YAMADA COFFEE, SPROUT, COFFEA EXLIBRIS",NA,success,NA,NA,NA,NA,NA,NA,NA,NA,NA,NA,NA,NA,NA,NA,NA,NA,NA,NA,NA,NA,NA,NA,NA,NA,NA,NA,NA,NA,NA,NA,NA,NA,NA,NA,NA,NA,635.90,NA,NA,NA,NA,NA,NA,NA,NA,Plan De La Vega,NA,$16.02,NA,NA,NA,NA,NA,NA,NA,NA,NA,NA
Guatemala,2024,COE,auction,One Of A Kind,https://allianceforcoffeeexcellence.org/guatemala-2024/,6,3,NA,89.23,NA,NA,"$12,129.00","Wataru & Co., Ltd.",NA,success,NA,NA,NA,NA,NA,NA,NA,NA,NA,NA,NA,NA,NA,NA,NA,NA,NA,NA,NA,NA,NA,NA,NA,NA,NA,NA,NA,NA,NA,NA,NA,NA,NA,NA,NA,NA,933.00,NA,NA,NA,NA,NA,NA,NA,NA,La Cima,NA,$13.00,NA,NA,NA,NA,NA,NA,NA,NA,NA,NA
Guatemala,2024,COE,auction,One Of A Kind,https://allianceforcoffeeexcellence.org/guatemala-2024/,6,4,NA,88.97,NA,NA,"$9,370.90",M.I.Coffee Corporation,NA,success,NA,NA,NA,NA,NA,NA,NA,NA,NA,NA,NA,NA,NA,NA,NA,NA,NA,NA,NA,NA,NA,NA,NA,NA,NA,NA,NA,NA,NA,NA,NA,NA,NA,NA,NA,NA,608.50,NA,NA,NA,NA,NA,NA,NA,NA,Coop. Agricola Integral Chicoj. R.L.,NA,$15.40,NA,NA,NA,NA,NA,NA,NA,NA,NA,NA
Guatemala,2024,COE,auction,One Of A Kind,https://allianceforcoffeeexcellence.org/guatemala-2024/,6,5,NA,88.20,NA,NA,"$9,523.14","Wataru & Co., Ltd.",NA,success,NA,NA,NA,NA,NA,NA,NA,NA,NA,NA,NA,NA,NA,NA,NA,NA,NA,NA,NA,NA,NA,NA,NA,NA,NA,NA,NA,NA,NA,NA,NA,NA,NA,NA,NA,NA,675.40,NA,NA,NA,NA,NA,NA,NA,NA,Los Conejos,NA,$14.10,NA,NA,NA,NA,NA,NA,NA,NA,NA,NA
Guatemala,2024,COE,auction,One Of A Kind,https://allianceforcoffeeexcellence.org/guatemala-2024/,6,6,NA,87.70,NA,NA,"$8,461.60",Campos Coffee,NA,success,NA,NA,NA,NA,NA,NA,NA,NA,NA,NA,NA,NA,NA,NA,NA,NA,NA,NA,NA,NA,NA,NA,NA,NA,NA,NA,NA,NA,NA,NA,NA,NA,NA,NA,NA,NA,604.40,NA,NA,NA,NA,NA,NA,NA,NA,La Bolsa,NA,$14.00,NA,NA,NA,NA,NA,NA,NA,NA,NA,NA
Guatemala,2024,COE,auction,One Of A Kind,https://allianceforcoffeeexcellence.org/guatemala-2024/,6,7,NA,87.50,NA,NA,"$12,101.49","Wataru & Co., Ltd.",NA,success,NA,NA,NA,NA,NA,NA,NA,NA,NA,NA,NA,NA,NA,NA,NA,NA,NA,NA,NA,NA,NA,NA,NA,NA,NA,NA,NA,NA,NA,NA,NA,NA,NA,NA,NA,NA,938.10,NA,NA,NA,NA,NA,NA,NA,NA,La Tacita,NA,$12.90,NA,NA,NA,NA,NA,NA,NA,NA,NA,NA
Guatemala,2024,COE,auction,One Of A Kind,https://allianceforcoffeeexcellence.org/guatemala-2024/,6,8,NA,87.30,NA,NA,"$6,403.60",Brew92,NA,success,NA,NA,NA,NA,NA,NA,NA,NA,NA,NA,NA,NA,NA,NA,NA,NA,NA,NA,NA,NA,NA,NA,NA,NA,NA,NA,NA,NA,NA,NA,NA,NA,NA,NA,NA,NA,457.40,NA,NA,NA,NA,NA,NA,NA,NA,El Cipres,NA,$14.00,NA,NA,NA,NA,NA,NA,NA,NA,NA,NA
Guatemala,2024,COE,auction,One Of A Kind,https://allianceforcoffeeexcellence.org/guatemala-2024/,6,9,NA,87.22,NA,NA,"$7,672.60",Wataru for Voila Coffee,NA,success,NA,NA,NA,NA,NA,NA,NA,NA,NA,NA,NA,NA,NA,NA,NA,NA,NA,NA,NA,NA,NA,NA,NA,NA,NA,NA,NA,NA,NA,NA,NA,NA,NA,NA,NA,NA,590.20,NA,NA,NA,NA,NA,NA,NA,NA,Calahute Alto,NA,$13.00,NA,NA,NA,NA,NA,NA,NA,NA,NA,NA
Guatemala,2024,NW,auction,Exotic Natural & Honey,https://allianceforcoffeeexcellence.org/guatemala-2024/,8,NW,NA,86.95,NA,NA,"$10,291.05",SARUTAHIKO COFFEE,NA,success,NA,NA,NA,NA,NA,NA,NA,NA,NA,NA,NA,NA,NA,NA,NA,NA,NA,NA,NA,NA,NA,NA,NA,NA,NA,NA,NA,NA,NA,NA,NA,NA,NA,NA,NA,NA,1039.50,NA,NA,NA,NA,NA,NA,NA,NA,Pampojila Y Anexos,NA,$9.90,NA,NA,NA,NA,NA,NA,NA,NA,NA,NA
Guatemala,2024,NW,auction,Exotic Natural & Honey,https://allianceforcoffeeexcellence.org/guatemala-2024/,8,NW,NA,86.89,NA,NA,"$7,586.00","Linking Coffee,
合力咖啡Café de Synergie,
樂波波珈琲Le BoBo coffee,
失親兒福利基金會TOWF 「有光咖啡」Taipei Orphan Welfare Foundation/ Yehi’or",NA,success,NA,NA,NA,NA,NA,NA,NA,NA,NA,NA,NA,NA,NA,NA,NA,NA,NA,NA,NA,NA,NA,NA,NA,NA,NA,NA,NA,NA,NA,NA,NA,NA,NA,NA,NA,NA,758.60,NA,NA,NA,NA,NA,NA,NA,NA,Santa Ines,NA,$10.00,NA,NA,NA,NA,NA,NA,NA,NA,NA,NA
Guatemala,2024,NW,auction,Exotic Natural & Honey,https://allianceforcoffeeexcellence.org/guatemala-2024/,8,NW,NA,85.38,NA,NA,"$6,347.25","Saerin co.,Ltd(MGPG)",NA,success,NA,NA,NA,NA,NA,NA,NA,NA,NA,NA,NA,NA,NA,NA,NA,NA,NA,NA,NA,NA,NA,NA,NA,NA,NA,NA,NA,NA,NA,NA,NA,NA,NA,NA,NA,NA,682.50,NA,NA,NA,NA,NA,NA,NA,NA,Los Andes,NA,$9.30,NA,NA,NA,NA,NA,NA,NA,NA,NA,NA
Honduras,2024,COE,auction,NA,https://allianceforcoffeeexcellence.org/honduras-2024/,2,1A,La Salsa,"91,21",NA,NA,NA,NA,NA,success,NA,NA,NA,NA,NA,NA,NA,NA,NA,NA,NA,NA,NA,NA,NA,NA,NA,$132.00,"$36,505.92",NA,Angelino’s Coffee,NA,NA,NA,NA,NA,NA,NA,NA,NA,NA,NA,NA,NA,NA,NA,276.56,NA,NA,NA,NA,NA,NA,NA,NA,NA,NA,NA,NA,NA,NA,NA,NA,NA,NA,NA,NA,NA
Honduras,2024,COE,auction,NA,https://allianceforcoffeeexcellence.org/honduras-2024/,2,1B,La Salsa,"91,21",NA,NA,NA,NA,NA,success,NA,NA,NA,NA,NA,NA,NA,NA,NA,NA,NA,NA,NA,NA,NA,NA,NA,$136.50,"$36,112.44",NA,"B&W, Verve, Onyx, Proud Mary",NA,NA,NA,NA,NA,NA,NA,NA,NA,NA,NA,NA,NA,NA,NA,264.56,NA,NA,NA,NA,NA,NA,NA,NA,NA,NA,NA,NA,NA,NA,NA,NA,NA,NA,NA,NA,NA
Honduras,2024,COE,auction,NA,https://allianceforcoffeeexcellence.org/honduras-2024/,2,2A,El Mango,"90,86",NA,NA,NA,NA,NA,success,NA,NA,NA,NA,NA,NA,NA,NA,NA,NA,NA,NA,NA,NA,NA,NA,NA,$50.00,"$14,881.50",NA,GLITCH COFFEE& ROASTERS by Marukai,NA,NA,NA,NA,NA,NA,NA,NA,NA,NA,NA,NA,NA,NA,NA,297.63,NA,NA,NA,NA,NA,NA,NA,NA,NA,NA,NA,NA,NA,NA,NA,NA,NA,NA,NA,NA,NA
Honduras,2024,COE,auction,NA,https://allianceforcoffeeexcellence.org/honduras-2024/,2,2B,El Mango,"90,86",NA,NA,NA,NA,NA,success,NA,NA,NA,NA,NA,NA,NA,NA,NA,NA,NA,NA,NA,NA,NA,NA,NA,$50.10,"$13,855.66",NA,Kyokuto Fadie Corporation,NA,NA,NA,NA,NA,NA,NA,NA,NA,NA,NA,NA,NA,NA,NA,276.56,NA,NA,NA,NA,NA,NA,NA,NA,NA,NA,NA,NA,NA,NA,NA,NA,NA,NA,NA,NA,NA
Honduras,2024,COE,auction,NA,https://allianceforcoffeeexcellence.org/honduras-2024/,2,3A,Los Pinos,"90,71",NA,NA,NA,NA,NA,success,NA,NA,NA,NA,NA,NA,NA,NA,NA,NA,NA,NA,NA,NA,NA,NA,NA,$33.10,"$10,946.17",NA,"Idle Hands Roasting Company
YN Coffee
Songdo Coffee
Pebble Coffee",NA,NA,NA,NA,NA,NA,NA,NA,NA,NA,NA,NA,NA,NA,NA,330.70,NA,NA,NA,NA,NA,NA,NA,NA,NA,NA,NA,NA,NA,NA,NA,NA,NA,NA,NA,NA,NA
Honduras,2024,COE,auction,NA,https://allianceforcoffeeexcellence.org/honduras-2024/,2,3B,Los Pinos,"90,71",NA,NA,NA,NA,NA,success,NA,NA,NA,NA,NA,NA,NA,NA,NA,NA,NA,NA,NA,NA,NA,NA,NA,$34.40,"$10,513.67",NA,"Orsir International Co., Ltd.",NA,NA,NA,NA,NA,NA,NA,NA,NA,NA,NA,NA,NA,NA,NA,305.63,NA,NA,NA,NA,NA,NA,NA,NA,NA,NA,NA,NA,NA,NA,NA,NA,NA,NA,NA,NA,NA
Honduras,2024,COE,auction,NA,https://allianceforcoffeeexcellence.org/honduras-2024/,2,4,Pino de Oro,"90,04",NA,NA,NA,NA,NA,success,NA,NA,NA,NA,NA,NA,NA,NA,NA,NA,NA,NA,NA,NA,NA,NA,NA,$30.20,"$17,340.54",NA,Brulerie du Quai,NA,NA,NA,NA,NA,NA,NA,NA,NA,NA,NA,NA,NA,NA,NA,574.19,NA,NA,NA,NA,NA,NA,NA,NA,NA,NA,NA,NA,NA,NA,NA,NA,NA,NA,NA,NA,NA
Honduras,2024,COE,auction,NA,https://allianceforcoffeeexcellence.org/honduras-2024/,2,5,Las Virginias,"90,04",NA,NA,NA,NA,NA,success,NA,NA,NA,NA,NA,NA,NA,NA,NA,NA,NA,NA,NA,NA,NA,NA,NA,$41.00,"$26,909.53",NA,"Coffee Me Up (Korea), Coffee Therapy (Thailand), TOB COFFEE (ARNIA LIMITED), TWO HANDS FULL (Indonesia), MARISSTELLA COFFEE, Bean and Bean Coffee (NYC), Baristatus",NA,NA,NA,NA,NA,NA,NA,NA,NA,NA,NA,NA,NA,NA,NA,656.33,NA,NA,NA,NA,NA,NA,NA,NA,NA,NA,NA,NA,NA,NA,NA,NA,NA,NA,NA,NA,NA
Honduras,2024,COE,auction,NA,https://allianceforcoffeeexcellence.org/honduras-2024/,2,6,Los Primos,"90,00",NA,NA,NA,NA,NA,success,NA,NA,NA,NA,NA,NA,NA,NA,NA,NA,NA,NA,NA,NA,NA,NA,NA,$20.10,"$17,684.38",NA,Kyokuto Fadie Corporation,NA,NA,NA,NA,NA,NA,NA,NA,NA,NA,NA,NA,NA,NA,NA,879.82,NA,NA,NA,NA,NA,NA,NA,NA,NA,NA,NA,NA,NA,NA,NA,NA,NA,NA,NA,NA,NA
Honduras,2024,COE,auction,NA,https://allianceforcoffeeexcellence.org/honduras-2024/,2,7,El Itacayo,"90,00",NA,NA,NA,NA,NA,success,NA,NA,NA,NA,NA,NA,NA,NA,NA,NA,NA,NA,NA,NA,NA,NA,NA,$27.10,"$18,682.74",NA,Black & White,NA,NA,NA,NA,NA,NA,NA,NA,NA,NA,NA,NA,NA,NA,NA,689.40,NA,NA,NA,NA,NA,NA,NA,NA,NA,NA,NA,NA,NA,NA,NA,NA,NA,NA,NA,NA,NA
Honduras,2024,COE,auction,NA,https://allianceforcoffeeexcellence.org/honduras-2024/,2,8,Las Moras,"89,82",NA,NA,NA,NA,NA,success,NA,NA,NA,NA,NA,NA,NA,NA,NA,NA,NA,NA,NA,NA,NA,NA,NA,$29.10,"$15,630.19",NA,NOZY COFFEE,NA,NA,NA,NA,NA,NA,NA,NA,NA,NA,NA,NA,NA,NA,NA,537.12,NA,NA,NA,NA,NA,NA,NA,NA,NA,NA,NA,NA,NA,NA,NA,NA,NA,NA,NA,NA,NA
Honduras,2024,COE,auction,NA,https://allianceforcoffeeexcellence.org/honduras-2024/,2,9,La Montaña,"89,29",NA,NA,NA,NA,NA,success,NA,NA,NA,NA,NA,NA,NA,NA,NA,NA,NA,NA,NA,NA,NA,NA,NA,$19.40,"$14,911.03",NA,"COFFEE COUNTY, KASAI COFFEE",NA,NA,NA,NA,NA,NA,NA,NA,NA,NA,NA,NA,NA,NA,NA,768.61,NA,NA,NA,NA,NA,NA,NA,NA,NA,NA,NA,NA,NA,NA,NA,NA,NA,NA,NA,NA,NA
Honduras,2024,COE,auction,NA,https://allianceforcoffeeexcellence.org/honduras-2024/,2,10,Buena Vista,"89,25",NA,NA,NA,NA,NA,success,NA,NA,NA,NA,NA,NA,NA,NA,NA,NA,NA,NA,NA,NA,NA,NA,NA,$20.10,"$11,077.51",NA,SPIRIT ANIMAL COFFEE,NA,NA,NA,NA,NA,NA,NA,NA,NA,NA,NA,NA,NA,NA,NA,551.12,NA,NA,NA,NA,NA,NA,NA,NA,NA,NA,NA,NA,NA,NA,NA,NA,NA,NA,NA,NA,NA
Honduras,2024,COE,auction,NA,https://allianceforcoffeeexcellence.org/honduras-2024/,2,11,El Mirador,"88,57",NA,NA,NA,NA,NA,success,NA,NA,NA,NA,NA,NA,NA,NA,NA,NA,NA,NA,NA,NA,NA,NA,NA,$21.00,"$10,711.05",NA,COFFEE COUNTY,NA,NA,NA,NA,NA,NA,NA,NA,NA,NA,NA,NA,NA,NA,NA,510.05,NA,NA,NA,NA,NA,NA,NA,NA,NA,NA,NA,NA,NA,NA,NA,NA,NA,NA,NA,NA,NA
Honduras,2024,COE,auction,NA,https://allianceforcoffeeexcellence.org/honduras-2024/,2,12,El Zapote,"88,54",NA,NA,NA,NA,NA,success,NA,NA,NA,NA,NA,NA,NA,NA,NA,NA,NA,NA,NA,NA,NA,NA,NA,$19.70,"$12,969.10",NA,"Linking Coffee; 樂波波珈琲 Le bobo coffee ;
アアアアアア豆焙所",NA,NA,NA,NA,NA,NA,NA,NA,NA,NA,NA,NA,NA,NA,NA,658.33,NA,NA,NA,NA,NA,NA,NA,NA,NA,NA,NA,NA,NA,NA,NA,NA,NA,NA,NA,NA,NA
Honduras,2024,COE,auction,NA,https://allianceforcoffeeexcellence.org/honduras-2024/,2,13,La Leona,"88,36",NA,NA,NA,NA,NA,success,NA,NA,NA,NA,NA,NA,NA,NA,NA,NA,NA,NA,NA,NA,NA,NA,NA,$19.20,"$11,966.59",NA,Verve Coffee Roasters,NA,NA,NA,NA,NA,NA,NA,NA,NA,NA,NA,NA,NA,NA,NA,623.26,NA,NA,NA,NA,NA,NA,NA,NA,NA,NA,NA,NA,NA,NA,NA,NA,NA,NA,NA,NA,NA
Honduras,2024,COE,auction,NA,https://allianceforcoffeeexcellence.org/honduras-2024/,2,14,La Esmeralda,"88,36",NA,NA,NA,NA,NA,success,NA,NA,NA,NA,NA,NA,NA,NA,NA,NA,NA,NA,NA,NA,NA,NA,NA,$20.80,"$10,692.24",NA,Angelino’s Coffee,NA,NA,NA,NA,NA,NA,NA,NA,NA,NA,NA,NA,NA,NA,NA,514.05,NA,NA,NA,NA,NA,NA,NA,NA,NA,NA,NA,NA,NA,NA,NA,NA,NA,NA,NA,NA,NA
Honduras,2024,COE,auction,NA,https://allianceforcoffeeexcellence.org/honduras-2024/,2,15,La Colmena,"88,14",NA,NA,NA,NA,NA,success,NA,NA,NA,NA,NA,NA,NA,NA,NA,NA,NA,NA,NA,NA,NA,NA,NA,$20.00,"$11,182.40",NA,Linking Coffee,NA,NA,NA,NA,NA,NA,NA,NA,NA,NA,NA,NA,NA,NA,NA,559.12,NA,NA,NA,NA,NA,NA,NA,NA,NA,NA,NA,NA,NA,NA,NA,NA,NA,NA,NA,NA,NA
Honduras,2024,COE,auction,NA,https://allianceforcoffeeexcellence.org/honduras-2024/,2,16,El Aguate,"88,14",NA,NA,NA,NA,NA,success,NA,NA,NA,NA,NA,NA,NA,NA,NA,NA,NA,NA,NA,NA,NA,NA,NA,$19.20,"$14,603.71",NA,Solberg & Hansen,NA,NA,NA,NA,NA,NA,NA,NA,NA,NA,NA,NA,NA,NA,NA,760.61,NA,NA,NA,NA,NA,NA,NA,NA,NA,NA,NA,NA,NA,NA,NA,NA,NA,NA,NA,NA,NA
Honduras,2024,COE,auction,NA,https://allianceforcoffeeexcellence.org/honduras-2024/,2,17,El Gravileo,"88,07",NA,NA,NA,NA,NA,success,NA,NA,NA,NA,NA,NA,NA,NA,NA,NA,NA,NA,NA,NA,NA,NA,NA,$16.60,"$9,332.35",NA,"Coffee Libre, May Forest",NA,NA,NA,NA,NA,NA,NA,NA,NA,NA,NA,NA,NA,NA,NA,562.19,NA,NA,NA,NA,NA,NA,NA,NA,NA,NA,NA,NA,NA,NA,NA,NA,NA,NA,NA,NA,NA
Honduras,2024,COE,auction,NA,https://allianceforcoffeeexcellence.org/honduras-2024/,2,18,El Durazno,"88,07",NA,NA,NA,NA,NA,success,NA,NA,NA,NA,NA,NA,NA,NA,NA,NA,NA,NA,NA,NA,NA,NA,NA,$23.10,"$13,356.19",NA,MOMOS COFFEE,NA,NA,NA,NA,NA,NA,NA,NA,NA,NA,NA,NA,NA,NA,NA,578.19,NA,NA,NA,NA,NA,NA,NA,NA,NA,NA,NA,NA,NA,NA,NA,NA,NA,NA,NA,NA,NA
Honduras,2024,COE,auction,NA,https://allianceforcoffeeexcellence.org/honduras-2024/,2,19,Los Tanquez,"88,00",NA,NA,NA,NA,NA,success,NA,NA,NA,NA,NA,NA,NA,NA,NA,NA,NA,NA,NA,NA,NA,NA,NA,$15.00,"$8,266.80",NA,Prodigal Coffee,NA,NA,NA,NA,NA,NA,NA,NA,NA,NA,NA,NA,NA,NA,NA,551.12,NA,NA,NA,NA,NA,NA,NA,NA,NA,NA,NA,NA,NA,NA,NA,NA,NA,NA,NA,NA,NA
Honduras,2024,COE,auction,NA,https://allianceforcoffeeexcellence.org/honduras-2024/,2,20,La Pila,"87,96",NA,NA,NA,NA,NA,success,NA,NA,NA,NA,NA,NA,NA,NA,NA,NA,NA,NA,NA,NA,NA,NA,NA,$15.00,"$9,303.90",NA,Black & White,NA,NA,NA,NA,NA,NA,NA,NA,NA,NA,NA,NA,NA,NA,NA,620.26,NA,NA,NA,NA,NA,NA,NA,NA,NA,NA,NA,NA,NA,NA,NA,NA,NA,NA,NA,NA,NA
Honduras,2024,COE,auction,NA,https://allianceforcoffeeexcellence.org/honduras-2024/,2,21,Las Tres Peñas,"87,96",NA,NA,NA,NA,NA,success,NA,NA,NA,NA,NA,NA,NA,NA,NA,NA,NA,NA,NA,NA,NA,NA,NA,$14.40,"$11,428.99",NA,"Wataru & Co., Ltd.",NA,NA,NA,NA,NA,NA,NA,NA,NA,NA,NA,NA,NA,NA,NA,793.68,NA,NA,NA,NA,NA,NA,NA,NA,NA,NA,NA,NA,NA,NA,NA,NA,NA,NA,NA,NA,NA
Honduras,2024,COE,auction,NA,https://allianceforcoffeeexcellence.org/honduras-2024/,2,22,Las Rocas,"87,75",NA,NA,NA,NA,NA,success,NA,NA,NA,NA,NA,NA,NA,NA,NA,NA,NA,NA,NA,NA,NA,NA,NA,$14.30,"$12,295.43",NA,Brew92,NA,NA,NA,NA,NA,NA,NA,NA,NA,NA,NA,NA,NA,NA,NA,859.82,NA,NA,NA,NA,NA,NA,NA,NA,NA,NA,NA,NA,NA,NA,NA,NA,NA,NA,NA,NA,NA
Honduras,2024,COE,auction,NA,https://allianceforcoffeeexcellence.org/honduras-2024/,2,23,El Pozo,"87,46",NA,NA,NA,NA,NA,success,NA,NA,NA,NA,NA,NA,NA,NA,NA,NA,NA,NA,NA,NA,NA,NA,NA,$18.10,"$13,168.47",NA,M.I.Coffee Corporation,NA,NA,NA,NA,NA,NA,NA,NA,NA,NA,NA,NA,NA,NA,NA,727.54,NA,NA,NA,NA,NA,NA,NA,NA,NA,NA,NA,NA,NA,NA,NA,NA,NA,NA,NA,NA,NA
Honduras,2024,COE,auction,NA,https://allianceforcoffeeexcellence.org/honduras-2024/,2,24,Yireh,"87,43",NA,NA,NA,NA,NA,success,NA,NA,NA,NA,NA,NA,NA,NA,NA,NA,NA,NA,NA,NA,NA,NA,NA,$15.10,"$7,731.96",NA,Espresso Americano,NA,NA,NA,NA,NA,NA,NA,NA,NA,NA,NA,NA,NA,NA,NA,512.05,NA,NA,NA,NA,NA,NA,NA,NA,NA,NA,NA,NA,NA,NA,NA,NA,NA,NA,NA,NA,NA
Honduras,2024,COE,auction,NA,https://allianceforcoffeeexcellence.org/honduras-2024/,2,25,El Guayabo,"87,29",NA,NA,NA,NA,NA,success,NA,NA,NA,NA,NA,NA,NA,NA,NA,NA,NA,NA,NA,NA,NA,NA,NA,$22.10,"$12,091.35",NA,ECOFARM COFFEE (CHINA) for CHG（手多多咖啡）; FisherCoffee；Rarakiddo绝对小孩；CoSeekers ; 武汉铜山里; 普鲁斯蓝咖啡,NA,NA,NA,NA,NA,NA,NA,NA,NA,NA,NA,NA,NA,NA,NA,547.12,NA,NA,NA,NA,NA,NA,NA,NA,NA,NA,NA,NA,NA,NA,NA,NA,NA,NA,NA,NA,NA
Honduras,2024,COE,auction,NA,https://allianceforcoffeeexcellence.org/honduras-2024/,2,26,El Sile,"87,29",NA,NA,NA,NA,NA,success,NA,NA,NA,NA,NA,NA,NA,NA,NA,NA,NA,NA,NA,NA,NA,NA,NA,$17.10,"$8,790.26",NA,Sulalat Coffee Trading,NA,NA,NA,NA,NA,NA,NA,NA,NA,NA,NA,NA,NA,NA,NA,514.05,NA,NA,NA,NA,NA,NA,NA,NA,NA,NA,NA,NA,NA,NA,NA,NA,NA,NA,NA,NA,NA
Honduras,2024,COE,auction,NA,https://allianceforcoffeeexcellence.org/honduras-2024/,2,27,Medalla Milagrosa,"87,29",NA,NA,NA,NA,NA,success,NA,NA,NA,NA,NA,NA,NA,NA,NA,NA,NA,NA,NA,NA,NA,NA,NA,$14.20,"$13,375.83",NA,Espresso Americano,NA,NA,NA,NA,NA,NA,NA,NA,NA,NA,NA,NA,NA,NA,NA,941.96,NA,NA,NA,NA,NA,NA,NA,NA,NA,NA,NA,NA,NA,NA,NA,NA,NA,NA,NA,NA,NA
Honduras,2024,COE,auction,NA,https://allianceforcoffeeexcellence.org/honduras-2024/,2,28,El Carreto,"87,29",NA,NA,NA,NA,NA,success,NA,NA,NA,NA,NA,NA,NA,NA,NA,NA,NA,NA,NA,NA,NA,NA,NA,$15.30,"$8,523.94",NA,Black & White,NA,NA,NA,NA,NA,NA,NA,NA,NA,NA,NA,NA,NA,NA,NA,557.12,NA,NA,NA,NA,NA,NA,NA,NA,NA,NA,NA,NA,NA,NA,NA,NA,NA,NA,NA,NA,NA
Honduras,2024,COE,auction,NA,https://allianceforcoffeeexcellence.org/honduras-2024/,2,29,Los Romeros,"87,11",NA,NA,NA,NA,NA,success,NA,NA,NA,NA,NA,NA,NA,NA,NA,NA,NA,NA,NA,NA,NA,NA,NA,$13.40,"$19,215.73",NA,honu加藤珈琲店株式会社,NA,NA,NA,NA,NA,NA,NA,NA,NA,NA,NA,NA,NA,NA,NA,1434.01,NA,NA,NA,NA,NA,NA,NA,NA,NA,NA,NA,NA,NA,NA,NA,NA,NA,NA,NA,NA,NA
Honduras,2024,COE,auction,NA,https://allianceforcoffeeexcellence.org/honduras-2024/,2,,TOTALS:,,NA,NA,NA,NA,NA,success,NA,NA,NA,NA,NA,NA,NA,NA,NA,NA,NA,NA,NA,NA,NA,NA,NA,Avg. $/lb 24.13,"$464,057.58",NA,,NA,NA,NA,NA,NA,NA,NA,NA,NA,NA,NA,NA,NA,NA,NA,Total lb 19232.76,NA,NA,NA,NA,NA,NA,NA,NA,NA,NA,NA,NA,NA,NA,NA,NA,NA,NA,NA,NA,NA
Mexico,2024,COE,auction,Traditional Honey & Natural Processes,https://allianceforcoffeeexcellence.org/mexico-2024/,4,1A,NA,91.13,NA,NA,15066.56,Angelino’s Coffee,NA,success,NA,NA,NA,NA,NA,NA,NA,NA,NA,NA,NA,NA,NA,NA,NA,NA,NA,NA,NA,NA,NA,NA,NA,NA,NA,NA,NA,NA,NA,NA,NA,NA,NA,NA,NA,NA,200.62,NA,NA,NA,NA,NA,NA,NA,NA,Las Nieves,NA,75.10,NA,NA,NA,NA,NA,NA,NA,NA,NA,NA
Mexico,2024,COE,auction,Traditional Honey & Natural Processes,https://allianceforcoffeeexcellence.org/mexico-2024/,4,1B,NA,91.13,NA,NA,14901.34,Proud Mary,NA,success,NA,NA,NA,NA,NA,NA,NA,NA,NA,NA,NA,NA,NA,NA,NA,NA,NA,NA,NA,NA,NA,NA,NA,NA,NA,NA,NA,NA,NA,NA,NA,NA,NA,NA,NA,NA,198.42,NA,NA,NA,NA,NA,NA,NA,NA,Las Nieves,NA,75.10,NA,NA,NA,NA,NA,NA,NA,NA,NA,NA
Mexico,2024,COE,auction,Traditional Honey & Natural Processes,https://allianceforcoffeeexcellence.org/mexico-2024/,4,2,NA,90.53,NA,NA,15035.60,"KALDI COFFEE FARM (CAMEL COFFEE CO.,LTD.)",NA,success,NA,NA,NA,NA,NA,NA,NA,NA,NA,NA,NA,NA,NA,NA,NA,NA,NA,NA,NA,NA,NA,NA,NA,NA,NA,NA,NA,NA,NA,NA,NA,NA,NA,NA,NA,NA,751.78,NA,NA,NA,NA,NA,NA,NA,NA,Santa Cruz,NA,20.00,NA,NA,NA,NA,NA,NA,NA,NA,NA,NA
Mexico,2024,COE,auction,Traditional Honey & Natural Processes,https://allianceforcoffeeexcellence.org/mexico-2024/,4,3,NA,90.16,NA,NA,14385.25,What’s Brewing,NA,success,NA,NA,NA,NA,NA,NA,NA,NA,NA,NA,NA,NA,NA,NA,NA,NA,NA,NA,NA,NA,NA,NA,NA,NA,NA,NA,NA,NA,NA,NA,NA,NA,NA,NA,NA,NA,575.41,NA,NA,NA,NA,NA,NA,NA,NA,Santa Cruz,NA,25.00,NA,NA,NA,NA,NA,NA,NA,NA,NA,NA
Mexico,2024,COE,auction,Traditional Honey & Natural Processes,https://allianceforcoffeeexcellence.org/mexico-2024/,4,4,NA,89.66,NA,NA,8964.85,Cultivar Coffee,NA,success,NA,NA,NA,NA,NA,NA,NA,NA,NA,NA,NA,NA,NA,NA,NA,NA,NA,NA,NA,NA,NA,NA,NA,NA,NA,NA,NA,NA,NA,NA,NA,NA,NA,NA,NA,NA,487.22,NA,NA,NA,NA,NA,NA,NA,NA,Xilontla,NA,18.40,NA,NA,NA,NA,NA,NA,NA,NA,NA,NA
Mexico,2024,COE,auction,Traditional Honey & Natural Processes,https://allianceforcoffeeexcellence.org/mexico-2024/,4,5,NA,89,NA,NA,10198.62,"Coffee Me Up (Korea), Coffee Therapy (Thailand), Lotus Lab, 331Roasters, MONARCH HAUS Mexico, MARISSTELLA COFFEE, Bean and Bean Coffee (NYC). ACCIO BEANS COFFEE",NA,success,NA,NA,NA,NA,NA,NA,NA,NA,NA,NA,NA,NA,NA,NA,NA,NA,NA,NA,NA,NA,NA,NA,NA,NA,NA,NA,NA,NA,NA,NA,NA,NA,NA,NA,NA,NA,566.59,NA,NA,NA,NA,NA,NA,NA,NA,Sinai,NA,18.00,NA,NA,NA,NA,NA,NA,NA,NA,NA,NA
Mexico,2024,COE,auction,Traditional Honey & Natural Processes,https://allianceforcoffeeexcellence.org/mexico-2024/,4,6,NA,88.39,NA,NA,11369.16,AL QAHWA AL ARABIAH,NA,success,NA,NA,NA,NA,NA,NA,NA,NA,NA,NA,NA,NA,NA,NA,NA,NA,NA,NA,NA,NA,NA,NA,NA,NA,NA,NA,NA,NA,NA,NA,NA,NA,NA,NA,NA,NA,421.08,NA,NA,NA,NA,NA,NA,NA,NA,Paso Viejo,NA,27.00,NA,NA,NA,NA,NA,NA,NA,NA,NA,NA
Mexico,2024,COE,auction,Traditional Honey & Natural Processes,https://allianceforcoffeeexcellence.org/mexico-2024/,4,7,NA,88.32,NA,NA,6393.38,M.I.Coffee Corporation,NA,success,NA,NA,NA,NA,NA,NA,NA,NA,NA,NA,NA,NA,NA,NA,NA,NA,NA,NA,NA,NA,NA,NA,NA,NA,NA,NA,NA,NA,NA,NA,NA,NA,NA,NA,NA,NA,511.47,NA,NA,NA,NA,NA,NA,NA,NA,Los Chuchos,NA,12.50,NA,NA,NA,NA,NA,NA,NA,NA,NA,NA
Mexico,2024,COE,auction,Traditional Honey & Natural Processes,https://allianceforcoffeeexcellence.org/mexico-2024/,4,8,NA,88.08,NA,NA,17001.09,"Shinni Coffee Company, NEWS Coffee (South Korea)",NA,success,NA,NA,NA,NA,NA,NA,NA,NA,NA,NA,NA,NA,NA,NA,NA,NA,NA,NA,NA,NA,NA,NA,NA,NA,NA,NA,NA,NA,NA,NA,NA,NA,NA,NA,NA,NA,584.23,NA,NA,NA,NA,NA,NA,NA,NA,Rancho Viejo,NA,29.10,NA,NA,NA,NA,NA,NA,NA,NA,NA,NA
Mexico,2024,COE,auction,Traditional Honey & Natural Processes,https://allianceforcoffeeexcellence.org/mexico-2024/,4,9,NA,87.97,NA,NA,3928.58,AL CAFECI SA DE CV,NA,success,NA,NA,NA,NA,NA,NA,NA,NA,NA,NA,NA,NA,NA,NA,NA,NA,NA,NA,NA,NA,NA,NA,NA,NA,NA,NA,NA,NA,NA,NA,NA,NA,NA,NA,NA,NA,297.62,NA,NA,NA,NA,NA,NA,NA,NA,Rancho El Separo,NA,13.20,NA,NA,NA,NA,NA,NA,NA,NA,NA,NA
Mexico,2024,COE,auction,Traditional Honey & Natural Processes,https://allianceforcoffeeexcellence.org/mexico-2024/,4,10,NA,87.68,NA,NA,5086.55,AL CAFECI SA DE CV,NA,success,NA,NA,NA,NA,NA,NA,NA,NA,NA,NA,NA,NA,NA,NA,NA,NA,NA,NA,NA,NA,NA,NA,NA,NA,NA,NA,NA,NA,NA,NA,NA,NA,NA,NA,NA,NA,493.84,NA,NA,NA,NA,NA,NA,NA,NA,Santoli,NA,10.30,NA,NA,NA,NA,NA,NA,NA,NA,NA,NA
Mexico,2024,COE,auction,Traditional Washed Processes,https://allianceforcoffeeexcellence.org/mexico-2024/,5,1A,NA,90.79,NA,NA,15942.31,Angelino’s Coffee,NA,success,NA,NA,NA,NA,NA,NA,NA,NA,NA,NA,NA,NA,NA,NA,NA,NA,NA,NA,NA,NA,NA,NA,NA,NA,NA,NA,NA,NA,NA,NA,NA,NA,NA,NA,NA,NA,288.81,NA,NA,NA,NA,NA,NA,NA,NA,La Perla,NA,55.20,NA,NA,NA,NA,NA,NA,NA,NA,NA,NA
Mexico,2024,COE,auction,Traditional Washed Processes,https://allianceforcoffeeexcellence.org/mexico-2024/,5,1B,NA,90.79,NA,NA,14629.62,Wataru for ROKUMEI COFFEE CO.,NA,success,NA,NA,NA,NA,NA,NA,NA,NA,NA,NA,NA,NA,NA,NA,NA,NA,NA,NA,NA,NA,NA,NA,NA,NA,NA,NA,NA,NA,NA,NA,NA,NA,NA,NA,NA,NA,264.55,NA,NA,NA,NA,NA,NA,NA,NA,La Perla,NA,55.30,NA,NA,NA,NA,NA,NA,NA,NA,NA,NA
Mexico,2024,COE,auction,Traditional Washed Processes,https://allianceforcoffeeexcellence.org/mexico-2024/,5,2,NA,90.63,NA,NA,9622.11,"George Howell, Idle Hands Coffee, Bean & Bean Coffee (NY) and Cosmetocafe",NA,success,NA,NA,NA,NA,NA,NA,NA,NA,NA,NA,NA,NA,NA,NA,NA,NA,NA,NA,NA,NA,NA,NA,NA,NA,NA,NA,NA,NA,NA,NA,NA,NA,NA,NA,NA,NA,447.54,NA,NA,NA,NA,NA,NA,NA,NA,Monokiemo,NA,21.50,NA,NA,NA,NA,NA,NA,NA,NA,NA,NA
Mexico,2024,COE,auction,Traditional Washed Processes,https://allianceforcoffeeexcellence.org/mexico-2024/,5,3,NA,89.58,NA,NA,24112.59,"GSC International Co., Ltd",NA,success,NA,NA,NA,NA,NA,NA,NA,NA,NA,NA,NA,NA,NA,NA,NA,NA,NA,NA,NA,NA,NA,NA,NA,NA,NA,NA,NA,NA,NA,NA,NA,NA,NA,NA,NA,NA,1479.30,NA,NA,NA,NA,NA,NA,NA,NA,Palma,NA,16.30,NA,NA,NA,NA,NA,NA,NA,NA,NA,NA
Mexico,2024,COE,auction,Traditional Washed Processes,https://allianceforcoffeeexcellence.org/mexico-2024/,5,4,NA,89.03,NA,NA,6095.38,KARIOMONS COFFEE ＆ SHRUB COFFEE  by Marukai.,NA,success,NA,NA,NA,NA,NA,NA,NA,NA,NA,NA,NA,NA,NA,NA,NA,NA,NA,NA,NA,NA,NA,NA,NA,NA,NA,NA,NA,NA,NA,NA,NA,NA,NA,NA,NA,NA,423.29,NA,NA,NA,NA,NA,NA,NA,NA,Peña Blanca,NA,14.40,NA,NA,NA,NA,NA,NA,NA,NA,NA,NA
Mexico,2024,COE,auction,Traditional Washed Processes,https://allianceforcoffeeexcellence.org/mexico-2024/,5,5,NA,88.63,NA,NA,7410.83,SAVAYA COFFEE LLC,NA,success,NA,NA,NA,NA,NA,NA,NA,NA,NA,NA,NA,NA,NA,NA,NA,NA,NA,NA,NA,NA,NA,NA,NA,NA,NA,NA,NA,NA,NA,NA,NA,NA,NA,NA,NA,NA,548.95,NA,NA,NA,NA,NA,NA,NA,NA,Ocoteno,NA,13.50,NA,NA,NA,NA,NA,NA,NA,NA,NA,NA
Mexico,2024,COE,auction,Traditional Washed Processes,https://allianceforcoffeeexcellence.org/mexico-2024/,5,6,NA,87.61,NA,NA,8362.56,"Wataru & Co., Ltd.",NA,success,NA,NA,NA,NA,NA,NA,NA,NA,NA,NA,NA,NA,NA,NA,NA,NA,NA,NA,NA,NA,NA,NA,NA,NA,NA,NA,NA,NA,NA,NA,NA,NA,NA,NA,NA,NA,720.91,NA,NA,NA,NA,NA,NA,NA,NA,Tapula,NA,11.60,NA,NA,NA,NA,NA,NA,NA,NA,NA,NA
Mexico,2024,COE,auction,Traditional Washed Processes,https://allianceforcoffeeexcellence.org/mexico-2024/,5,7,NA,87.58,NA,NA,6543.27,Fadie Sasaguri Roastery Corporation,NA,success,NA,NA,NA,NA,NA,NA,NA,NA,NA,NA,NA,NA,NA,NA,NA,NA,NA,NA,NA,NA,NA,NA,NA,NA,NA,NA,NA,NA,NA,NA,NA,NA,NA,NA,NA,NA,617.29,NA,NA,NA,NA,NA,NA,NA,NA,Ahuateno,NA,10.60,NA,NA,NA,NA,NA,NA,NA,NA,NA,NA
Mexico,2024,COE,auction,Traditional Washed Processes,https://allianceforcoffeeexcellence.org/mexico-2024/,5,8,NA,87.58,NA,NA,7147.57,"Wataru & Co., Ltd.",NA,success,NA,NA,NA,NA,NA,NA,NA,NA,NA,NA,NA,NA,NA,NA,NA,NA,NA,NA,NA,NA,NA,NA,NA,NA,NA,NA,NA,NA,NA,NA,NA,NA,NA,NA,NA,NA,707.68,NA,NA,NA,NA,NA,NA,NA,NA,El Izote,NA,10.10,NA,NA,NA,NA,NA,NA,NA,NA,NA,NA
Mexico,2024,COE,auction,Traditional Washed Processes,https://allianceforcoffeeexcellence.org/mexico-2024/,5,9,NA,87.26,NA,NA,4609.24,"Wataru & Co., Ltd.",NA,success,NA,NA,NA,NA,NA,NA,NA,NA,NA,NA,NA,NA,NA,NA,NA,NA,NA,NA,NA,NA,NA,NA,NA,NA,NA,NA,NA,NA,NA,NA,NA,NA,NA,NA,NA,NA,456.36,NA,NA,NA,NA,NA,NA,NA,NA,Los Pinos,NA,10.10,NA,NA,NA,NA,NA,NA,NA,NA,NA,NA
Mexico,2024,COE,auction,Traditional Washed Processes,https://allianceforcoffeeexcellence.org/mexico-2024/,5,10,NA,87.24,NA,NA,8818.50,"Wataru & Co., Ltd.",NA,success,NA,NA,NA,NA,NA,NA,NA,NA,NA,NA,NA,NA,NA,NA,NA,NA,NA,NA,NA,NA,NA,NA,NA,NA,NA,NA,NA,NA,NA,NA,NA,NA,NA,NA,NA,NA,881.85,NA,NA,NA,NA,NA,NA,NA,NA,Sol y Lluvia,NA,10.00,NA,NA,NA,NA,NA,NA,NA,NA,NA,NA
Mexico,2024,COE,auction,Experimental,https://allianceforcoffeeexcellence.org/mexico-2024/,6,1A,NA,90.66,NA,NA,11216.11,ECOM Japan for TSUJIMOTO COFFEE & Puente Coffee,NA,success,NA,NA,NA,NA,NA,NA,NA,NA,NA,NA,NA,NA,NA,NA,NA,NA,NA,NA,NA,NA,NA,NA,NA,NA,NA,NA,NA,NA,NA,NA,NA,NA,NA,NA,NA,NA,275.58,NA,NA,NA,NA,NA,NA,NA,NA,Pocitos,NA,40.7,NA,NA,NA,NA,NA,NA,NA,NA,NA,NA
Mexico,2024,COE,auction,Experimental,https://allianceforcoffeeexcellence.org/mexico-2024/,6,1B,NA,90.66,NA,NA,10634.91,AL QAHWA AL ARABIAH,NA,success,NA,NA,NA,NA,NA,NA,NA,NA,NA,NA,NA,NA,NA,NA,NA,NA,NA,NA,NA,NA,NA,NA,NA,NA,NA,NA,NA,NA,NA,NA,NA,NA,NA,NA,NA,NA,264.55,NA,NA,NA,NA,NA,NA,NA,NA,Pocitos,NA,40.2,NA,NA,NA,NA,NA,NA,NA,NA,NA,NA
Mexico,2024,COE,auction,Experimental,https://allianceforcoffeeexcellence.org/mexico-2024/,6,2,NA,90.32,NA,NA,6746.08,AL CAFECI SA DE CV,NA,success,NA,NA,NA,NA,NA,NA,NA,NA,NA,NA,NA,NA,NA,NA,NA,NA,NA,NA,NA,NA,NA,NA,NA,NA,NA,NA,NA,NA,NA,NA,NA,NA,NA,NA,NA,NA,440.92,NA,NA,NA,NA,NA,NA,NA,NA,La Gruta,NA,15.3,NA,NA,NA,NA,NA,NA,NA,NA,NA,NA
Mexico,2024,COE,auction,Experimental,https://allianceforcoffeeexcellence.org/mexico-2024/,6,3,NA,90.26,NA,NA,7434.00,AL CAFECI SA DE CV,NA,success,NA,NA,NA,NA,NA,NA,NA,NA,NA,NA,NA,NA,NA,NA,NA,NA,NA,NA,NA,NA,NA,NA,NA,NA,NA,NA,NA,NA,NA,NA,NA,NA,NA,NA,NA,NA,619.50,NA,NA,NA,NA,NA,NA,NA,NA,Las Barrancas,NA,12,NA,NA,NA,NA,NA,NA,NA,NA,NA,NA
Mexico,2024,COE,auction,Experimental,https://allianceforcoffeeexcellence.org/mexico-2024/,6,4,NA,89.82,NA,NA,12465.11,"PRIVATE RESERVE(中國長沙), ROSE CAFE 玫瑰咖啡，珈琲光景，ALWAYS COFFEE，Blossom Valley 东莞市宸峄国际",NA,success,NA,NA,NA,NA,NA,NA,NA,NA,NA,NA,NA,NA,NA,NA,NA,NA,NA,NA,NA,NA,NA,NA,NA,NA,NA,NA,NA,NA,NA,NA,NA,NA,NA,NA,NA,NA,884.05,NA,NA,NA,NA,NA,NA,NA,NA,Sinai,NA,14.1,NA,NA,NA,NA,NA,NA,NA,NA,NA,NA
Mexico,2024,COE,auction,Experimental,https://allianceforcoffeeexcellence.org/mexico-2024/,6,5,NA,88.53,NA,NA,10368.13,honu加藤珈琲店株式会社,NA,success,NA,NA,NA,NA,NA,NA,NA,NA,NA,NA,NA,NA,NA,NA,NA,NA,NA,NA,NA,NA,NA,NA,NA,NA,NA,NA,NA,NA,NA,NA,NA,NA,NA,NA,NA,NA,791.46,NA,NA,NA,NA,NA,NA,NA,NA,Trebolillos,NA,13.1,NA,NA,NA,NA,NA,NA,NA,NA,NA,NA
Mexico,2024,COE,auction,Experimental,https://allianceforcoffeeexcellence.org/mexico-2024/,6,6,NA,88.08,NA,NA,7374.45,Cypher Urban Roastery,NA,success,NA,NA,NA,NA,NA,NA,NA,NA,NA,NA,NA,NA,NA,NA,NA,NA,NA,NA,NA,NA,NA,NA,NA,NA,NA,NA,NA,NA,NA,NA,NA,NA,NA,NA,NA,NA,491.63,NA,NA,NA,NA,NA,NA,NA,NA,Zacatlami,NA,15,NA,NA,NA,NA,NA,NA,NA,NA,NA,NA
Mexico,2024,COE,auction,Experimental,https://allianceforcoffeeexcellence.org/mexico-2024/,6,7,NA,87.89,NA,NA,10352.49,Brew92,NA,success,NA,NA,NA,NA,NA,NA,NA,NA,NA,NA,NA,NA,NA,NA,NA,NA,NA,NA,NA,NA,NA,NA,NA,NA,NA,NA,NA,NA,NA,NA,NA,NA,NA,NA,NA,NA,976.65,NA,NA,NA,NA,NA,NA,NA,NA,Apipias,NA,10.6,NA,NA,NA,NA,NA,NA,NA,NA,NA,NA
Mexico,2024,COE,auction,Experimental,https://allianceforcoffeeexcellence.org/mexico-2024/,6,8,NA,87.87,NA,NA,8928.91,"Wataru & Co., Ltd.",NA,success,NA,NA,NA,NA,NA,NA,NA,NA,NA,NA,NA,NA,NA,NA,NA,NA,NA,NA,NA,NA,NA,NA,NA,NA,NA,NA,NA,NA,NA,NA,NA,NA,NA,NA,NA,NA,884.05,NA,NA,NA,NA,NA,NA,NA,NA,Las Delicias,NA,10.1,NA,NA,NA,NA,NA,NA,NA,NA,NA,NA
Mexico,2024,COE,auction,Experimental,https://allianceforcoffeeexcellence.org/mexico-2024/,6,9,NA,87.74,NA,NA,10562.79,Cafe Kreyol,NA,success,NA,NA,NA,NA,NA,NA,NA,NA,NA,NA,NA,NA,NA,NA,NA,NA,NA,NA,NA,NA,NA,NA,NA,NA,NA,NA,NA,NA,NA,NA,NA,NA,NA,NA,NA,NA,996.49,NA,NA,NA,NA,NA,NA,NA,NA,El Río,NA,10.6,NA,NA,NA,NA,NA,NA,NA,NA,NA,NA
Mexico,2024,COE,auction,Experimental,https://allianceforcoffeeexcellence.org/mexico-2024/,6,10,NA,87.71,NA,NA,11299.82,Cypher Urban Roastery,NA,success,NA,NA,NA,NA,NA,NA,NA,NA,NA,NA,NA,NA,NA,NA,NA,NA,NA,NA,NA,NA,NA,NA,NA,NA,NA,NA,NA,NA,NA,NA,NA,NA,NA,NA,NA,NA,443.13,NA,NA,NA,NA,NA,NA,NA,NA,Huehuetepan,NA,25.5,NA,NA,NA,NA,NA,NA,NA,NA,NA,NA
Mexico,2024,NW,auction,TRADITIONAL WASHED PROCESSES,https://allianceforcoffeeexcellence.org/mexico-2024/,9,NW,NA,87.11,NA,NA,"$2,685.24",AL CAFECI SA DE CV,NA,success,NA,NA,NA,NA,NA,NA,NA,NA,NA,NA,NA,NA,NA,NA,NA,NA,NA,NA,NA,NA,NA,NA,NA,NA,NA,NA,NA,NA,NA,NA,NA,NA,NA,NA,NA,NA,447.54,NA,NA,NA,NA,NA,NA,NA,NA,Esmeralda,NA,$6.00,NA,NA,NA,NA,NA,NA,NA,NA,NA,NA
Mexico,2024,NW,auction,TRADITIONAL WASHED PROCESSES,https://allianceforcoffeeexcellence.org/mexico-2024/,9,NW,NA,87.05,NA,NA,$2711.68,"Wataru & Co., Ltd.",NA,success,NA,NA,NA,NA,NA,NA,NA,NA,NA,NA,NA,NA,NA,NA,NA,NA,NA,NA,NA,NA,NA,NA,NA,NA,NA,NA,NA,NA,NA,NA,NA,NA,NA,NA,NA,NA,451.95,NA,NA,NA,NA,NA,NA,NA,NA,Capolcuahutitan,NA,$6.00,NA,NA,NA,NA,NA,NA,NA,NA,NA,NA
Mexico,2024,NW,auction,TRADITIONAL WASHED PROCESSES,https://allianceforcoffeeexcellence.org/mexico-2024/,9,NW,NA,87.03,NA,NA,"$3,245.18",Exportadora de Cafe California,NA,success,NA,NA,NA,NA,NA,NA,NA,NA,NA,NA,NA,NA,NA,NA,NA,NA,NA,NA,NA,NA,NA,NA,NA,NA,NA,NA,NA,NA,NA,NA,NA,NA,NA,NA,NA,NA,507.06,NA,NA,NA,NA,NA,NA,NA,NA,Las Chicharras,NA,$6.40,NA,NA,NA,NA,NA,NA,NA,NA,NA,NA
Mexico,2024,NW,auction,TRADITIONAL HONEY & NATURAL PROCESSES,https://allianceforcoffeeexcellence.org/mexico-2024/,10,NW,NA,87.11,NA,NA,"$2,847.29",Brew92,NA,success,NA,NA,NA,NA,NA,NA,NA,NA,NA,NA,NA,NA,NA,NA,NA,NA,NA,NA,NA,NA,NA,NA,NA,NA,NA,NA,NA,NA,NA,NA,NA,NA,NA,NA,NA,NA,451.95,NA,NA,NA,NA,NA,NA,NA,NA,La Gloria,NA,$6.30,NA,NA,NA,NA,NA,NA,NA,NA,NA,NA
Nicaragua,2024,COE,auction,NA,https://allianceforcoffeeexcellence.org/nicaragua-2024/,2,1A,NA,91.10,NA,NA,"$ 21,626.69",Angelino’s Coffee,NA,success,NA,NA,NA,NA,NA,NA,NA,NA,NA,NA,NA,NA,NA,NA,NA,NA,NA,NA,NA,NA,NA,NA,NA,NA,NA,NA,NA,NA,NA,NA,NA,NA,NA,NA,NA,NA,198.41,NA,NA,NA,NA,NA,NA,NA,NA,Los Alpes,NA,$ 109.00,NA,NA,NA,NA,NA,NA,NA,NA,NA,NA
Nicaragua,2024,COE,auction,NA,https://allianceforcoffeeexcellence.org/nicaragua-2024/,2,1B,NA,91.10,NA,NA,"$ 27,104.26","ECOM Japan for NOZY COFFEE, manucoffee, hugcoffee, ocami coffee",NA,success,NA,NA,NA,NA,NA,NA,NA,NA,NA,NA,NA,NA,NA,NA,NA,NA,NA,NA,NA,NA,NA,NA,NA,NA,NA,NA,NA,NA,NA,NA,NA,NA,NA,NA,NA,NA,249.12,NA,NA,NA,NA,NA,NA,NA,NA,Los Alpes,NA,$ 108.80,NA,NA,NA,NA,NA,NA,NA,NA,NA,NA
Nicaragua,2024,COE,auction,NA,https://allianceforcoffeeexcellence.org/nicaragua-2024/,2,2,NA,89.85,NA,NA,"$ 21,851.83",Sulalat Coffee Trading,NA,success,NA,NA,NA,NA,NA,NA,NA,NA,NA,NA,NA,NA,NA,NA,NA,NA,NA,NA,NA,NA,NA,NA,NA,NA,NA,NA,NA,NA,NA,NA,NA,NA,NA,NA,NA,NA,529.10,NA,NA,NA,NA,NA,NA,NA,NA,Los Suyates,NA,$ 41.30,NA,NA,NA,NA,NA,NA,NA,NA,NA,NA
Nicaragua,2024,COE,auction,NA,https://allianceforcoffeeexcellence.org/nicaragua-2024/,2,3,NA,89.80,NA,NA,"$ 26,402.09",Terraform Coffee Roasters,NA,success,NA,NA,NA,NA,NA,NA,NA,NA,NA,NA,NA,NA,NA,NA,NA,NA,NA,NA,NA,NA,NA,NA,NA,NA,NA,NA,NA,NA,NA,NA,NA,NA,NA,NA,NA,NA,529.10,NA,NA,NA,NA,NA,NA,NA,NA,Libre,NA,$ 49.90,NA,NA,NA,NA,NA,NA,NA,NA,NA,NA
Nicaragua,2024,COE,auction,NA,https://allianceforcoffeeexcellence.org/nicaragua-2024/,2,4,NA,89.45,NA,NA,"$ 14,629.54",Angelino’s Coffee,NA,success,NA,NA,NA,NA,NA,NA,NA,NA,NA,NA,NA,NA,NA,NA,NA,NA,NA,NA,NA,NA,NA,NA,NA,NA,NA,NA,NA,NA,NA,NA,NA,NA,NA,NA,NA,NA,462.96,NA,NA,NA,NA,NA,NA,NA,NA,Paraiso,NA,$ 31.60,NA,NA,NA,NA,NA,NA,NA,NA,NA,NA
Nicaragua,2024,COE,auction,NA,https://allianceforcoffeeexcellence.org/nicaragua-2024/,2,5,NA,89.45,NA,NA,"$ 7,591.68",Savaya Coffee Llc,NA,success,NA,NA,NA,NA,NA,NA,NA,NA,NA,NA,NA,NA,NA,NA,NA,NA,NA,NA,NA,NA,NA,NA,NA,NA,NA,NA,NA,NA,NA,NA,NA,NA,NA,NA,NA,NA,419.43,NA,NA,NA,NA,NA,NA,NA,NA,El Cambalache,NA,$ 18.10,NA,NA,NA,NA,NA,NA,NA,NA,NA,NA
Nicaragua,2024,COE,auction,NA,https://allianceforcoffeeexcellence.org/nicaragua-2024/,2,6,NA,89.35,NA,NA,"$ 11,230.88","Wataru & Co., Ltd.",NA,success,NA,NA,NA,NA,NA,NA,NA,NA,NA,NA,NA,NA,NA,NA,NA,NA,NA,NA,NA,NA,NA,NA,NA,NA,NA,NA,NA,NA,NA,NA,NA,NA,NA,NA,NA,NA,558.75,NA,NA,NA,NA,NA,NA,NA,NA,El Porvenir,NA,$ 20.10,NA,NA,NA,NA,NA,NA,NA,NA,NA,NA
Nicaragua,2024,COE,auction,NA,https://allianceforcoffeeexcellence.org/nicaragua-2024/,2,7,NA,89.35,NA,NA,"$ 16,461.09","NOZY COFFEE, TOA COFFEE, TRIBE COFFEE",NA,success,NA,NA,NA,NA,NA,NA,NA,NA,NA,NA,NA,NA,NA,NA,NA,NA,NA,NA,NA,NA,NA,NA,NA,NA,NA,NA,NA,NA,NA,NA,NA,NA,NA,NA,NA,NA,446.10,NA,NA,NA,NA,NA,NA,NA,NA,Buenos Aires,NA,$ 36.90,NA,NA,NA,NA,NA,NA,NA,NA,NA,NA
Nicaragua,2024,COE,auction,NA,https://allianceforcoffeeexcellence.org/nicaragua-2024/,2,8,NA,89.20,NA,NA,"$ 19,920.62","Time’s Club, Coffee Libre, Coffee Temple",NA,success,NA,NA,NA,NA,NA,NA,NA,NA,NA,NA,NA,NA,NA,NA,NA,NA,NA,NA,NA,NA,NA,NA,NA,NA,NA,NA,NA,NA,NA,NA,NA,NA,NA,NA,NA,NA,793.65,NA,NA,NA,NA,NA,NA,NA,NA,Jesus Mountain Coffe Company,NA,$ 25.10,NA,NA,NA,NA,NA,NA,NA,NA,NA,NA
Nicaragua,2024,COE,auction,NA,https://allianceforcoffeeexcellence.org/nicaragua-2024/,2,9,NA,88.70,NA,NA,"$ 18,304.80","Time’s Club, Coffee Libre, Coffee Montage",NA,success,NA,NA,NA,NA,NA,NA,NA,NA,NA,NA,NA,NA,NA,NA,NA,NA,NA,NA,NA,NA,NA,NA,NA,NA,NA,NA,NA,NA,NA,NA,NA,NA,NA,NA,NA,NA,696.00,NA,NA,NA,NA,NA,NA,NA,NA,La Furiosa,NA,$ 26.30,NA,NA,NA,NA,NA,NA,NA,NA,NA,NA
Nicaragua,2024,COE,auction,NA,https://allianceforcoffeeexcellence.org/nicaragua-2024/,2,10,NA,88.45,NA,NA,"$ 6,704.40",M.I.Coffee Corporation,NA,success,NA,NA,NA,NA,NA,NA,NA,NA,NA,NA,NA,NA,NA,NA,NA,NA,NA,NA,NA,NA,NA,NA,NA,NA,NA,NA,NA,NA,NA,NA,NA,NA,NA,NA,NA,NA,444.00,NA,NA,NA,NA,NA,NA,NA,NA,El Guacalito,NA,$ 15.10,NA,NA,NA,NA,NA,NA,NA,NA,NA,NA
Nicaragua,2024,COE,auction,NA,https://allianceforcoffeeexcellence.org/nicaragua-2024/,2,11,NA,88.30,NA,NA,"$ 10,432.24","Wataru & Co., Ltd.",NA,success,NA,NA,NA,NA,NA,NA,NA,NA,NA,NA,NA,NA,NA,NA,NA,NA,NA,NA,NA,NA,NA,NA,NA,NA,NA,NA,NA,NA,NA,NA,NA,NA,NA,NA,NA,NA,1146.40,NA,NA,NA,NA,NA,NA,NA,NA,La Ilusion,NA,$ 9.10,NA,NA,NA,NA,NA,NA,NA,NA,NA,NA
Nicaragua,2024,COE,auction,NA,https://allianceforcoffeeexcellence.org/nicaragua-2024/,2,12,NA,88.25,NA,NA,"$ 5,740.40",Takamura Coffee Roasters by Marukai.,NA,success,NA,NA,NA,NA,NA,NA,NA,NA,NA,NA,NA,NA,NA,NA,NA,NA,NA,NA,NA,NA,NA,NA,NA,NA,NA,NA,NA,NA,NA,NA,NA,NA,NA,NA,NA,NA,557.32,NA,NA,NA,NA,NA,NA,NA,NA,La Libertad,NA,$ 10.30,NA,NA,NA,NA,NA,NA,NA,NA,NA,NA
Nicaragua,2024,COE,auction,NA,https://allianceforcoffeeexcellence.org/nicaragua-2024/,2,13,NA,88.20,NA,NA,"$ 4,136.00",E.R Corporation (이알코퍼레이션),NA,success,NA,NA,NA,NA,NA,NA,NA,NA,NA,NA,NA,NA,NA,NA,NA,NA,NA,NA,NA,NA,NA,NA,NA,NA,NA,NA,NA,NA,NA,NA,NA,NA,NA,NA,NA,NA,440.00,NA,NA,NA,NA,NA,NA,NA,NA,Santa Maria De Lourdes,NA,$ 9.40,NA,NA,NA,NA,NA,NA,NA,NA,NA,NA
Nicaragua,2024,COE,auction,NA,https://allianceforcoffeeexcellence.org/nicaragua-2024/,2,14,NA,88.05,NA,NA,"$ 8,316.80","Anthem Coffee Imports for Florisbella Coffee, Amrita Certified Pure, Noble Coffee Roasting, Airship, Good Boy Bob",NA,success,NA,NA,NA,NA,NA,NA,NA,NA,NA,NA,NA,NA,NA,NA,NA,NA,NA,NA,NA,NA,NA,NA,NA,NA,NA,NA,NA,NA,NA,NA,NA,NA,NA,NA,NA,NA,904.00,NA,NA,NA,NA,NA,NA,NA,NA,Santa Cruz,NA,$ 9.20,NA,NA,NA,NA,NA,NA,NA,NA,NA,NA
Nicaragua,2024,COE,auction,NA,https://allianceforcoffeeexcellence.org/nicaragua-2024/,2,15,NA,87.90,NA,NA,"$ 6,746.03","Cuppers of Korea, Look at the Barista, TPS COFFEE, AG COFFEE",NA,success,NA,NA,NA,NA,NA,NA,NA,NA,NA,NA,NA,NA,NA,NA,NA,NA,NA,NA,NA,NA,NA,NA,NA,NA,NA,NA,NA,NA,NA,NA,NA,NA,NA,NA,NA,NA,793.65,NA,NA,NA,NA,NA,NA,NA,NA,El Poste,NA,$ 8.50,NA,NA,NA,NA,NA,NA,NA,NA,NA,NA
Nicaragua,2024,COE,auction,NA,https://allianceforcoffeeexcellence.org/nicaragua-2024/,2,16,NA,87.85,NA,NA,"$ 7,308.22",Savaya Coffee Llc,NA,success,NA,NA,NA,NA,NA,NA,NA,NA,NA,NA,NA,NA,NA,NA,NA,NA,NA,NA,NA,NA,NA,NA,NA,NA,NA,NA,NA,NA,NA,NA,NA,NA,NA,NA,NA,NA,859.79,NA,NA,NA,NA,NA,NA,NA,NA,De La Coffee Farm,NA,$ 8.50,NA,NA,NA,NA,NA,NA,NA,NA,NA,NA
Nicaragua,2024,COE,auction,NA,https://allianceforcoffeeexcellence.org/nicaragua-2024/,2,17,NA,87.80,NA,NA,"$ 3,922.10",Wataru for Voila Coffee,NA,success,NA,NA,NA,NA,NA,NA,NA,NA,NA,NA,NA,NA,NA,NA,NA,NA,NA,NA,NA,NA,NA,NA,NA,NA,NA,NA,NA,NA,NA,NA,NA,NA,NA,NA,NA,NA,431.00,NA,NA,NA,NA,NA,NA,NA,NA,Bella Aurora,NA,$ 9.10,NA,NA,NA,NA,NA,NA,NA,NA,NA,NA
Nicaragua,2024,COE,auction,NA,https://allianceforcoffeeexcellence.org/nicaragua-2024/,2,18,NA,87.75,NA,NA,"$ 4,122.30","Wataru & Co., Ltd.",NA,success,NA,NA,NA,NA,NA,NA,NA,NA,NA,NA,NA,NA,NA,NA,NA,NA,NA,NA,NA,NA,NA,NA,NA,NA,NA,NA,NA,NA,NA,NA,NA,NA,NA,NA,NA,NA,453.00,NA,NA,NA,NA,NA,NA,NA,NA,El Porvenir,NA,$ 9.10,NA,NA,NA,NA,NA,NA,NA,NA,NA,NA
Nicaragua,2024,COE,auction,NA,https://allianceforcoffeeexcellence.org/nicaragua-2024/,2,19,NA,87.70,NA,NA,"$ 8,491.20",Savaya Coffee Llc,NA,success,NA,NA,NA,NA,NA,NA,NA,NA,NA,NA,NA,NA,NA,NA,NA,NA,NA,NA,NA,NA,NA,NA,NA,NA,NA,NA,NA,NA,NA,NA,NA,NA,NA,NA,NA,NA,976.00,NA,NA,NA,NA,NA,NA,NA,NA,El Porvenir,NA,$ 8.70,NA,NA,NA,NA,NA,NA,NA,NA,NA,NA
Nicaragua,2024,COE,auction,NA,https://allianceforcoffeeexcellence.org/nicaragua-2024/,2,20,NA,87.60,NA,NA,"$ 4,058.20",Wataru for COFFEE COUNTY and YARD Coffee & Craft Chocolate,NA,success,NA,NA,NA,NA,NA,NA,NA,NA,NA,NA,NA,NA,NA,NA,NA,NA,NA,NA,NA,NA,NA,NA,NA,NA,NA,NA,NA,NA,NA,NA,NA,NA,NA,NA,NA,NA,394.00,NA,NA,NA,NA,NA,NA,NA,NA,Volcancitos,NA,$ 10.30,NA,NA,NA,NA,NA,NA,NA,NA,NA,NA
Nicaragua,2024,COE,auction,NA,https://allianceforcoffeeexcellence.org/nicaragua-2024/,2,21,NA,87.60,NA,NA,"$ 3,750.01","Wataru & Co., Ltd.",NA,success,NA,NA,NA,NA,NA,NA,NA,NA,NA,NA,NA,NA,NA,NA,NA,NA,NA,NA,NA,NA,NA,NA,NA,NA,NA,NA,NA,NA,NA,NA,NA,NA,NA,NA,NA,NA,595.24,NA,NA,NA,NA,NA,NA,NA,NA,Buena Vista,NA,$ 6.30,NA,NA,NA,NA,NA,NA,NA,NA,NA,NA
Nicaragua,2024,COE,auction,NA,https://allianceforcoffeeexcellence.org/nicaragua-2024/,2,22,NA,87.60,NA,NA,"$ 7,050.28",Rehm Specialty Coffee Importers,NA,success,NA,NA,NA,NA,NA,NA,NA,NA,NA,NA,NA,NA,NA,NA,NA,NA,NA,NA,NA,NA,NA,NA,NA,NA,NA,NA,NA,NA,NA,NA,NA,NA,NA,NA,NA,NA,859.79,NA,NA,NA,NA,NA,NA,NA,NA,Los Alamos,NA,$ 8.20,NA,NA,NA,NA,NA,NA,NA,NA,NA,NA
Nicaragua,2024,COE,auction,NA,https://allianceforcoffeeexcellence.org/nicaragua-2024/,2,23,NA,87.55,NA,NA,"$ 3,990.00","Wataru & Co., Ltd.",NA,success,NA,NA,NA,NA,NA,NA,NA,NA,NA,NA,NA,NA,NA,NA,NA,NA,NA,NA,NA,NA,NA,NA,NA,NA,NA,NA,NA,NA,NA,NA,NA,NA,NA,NA,NA,NA,525.00,NA,NA,NA,NA,NA,NA,NA,NA,La Picona,NA,$ 7.60,NA,NA,NA,NA,NA,NA,NA,NA,NA,NA
Nicaragua,2024,COE,auction,NA,https://allianceforcoffeeexcellence.org/nicaragua-2024/,2,24,NA,87.50,NA,NA,"$ 3,921.60",Brew92,NA,success,NA,NA,NA,NA,NA,NA,NA,NA,NA,NA,NA,NA,NA,NA,NA,NA,NA,NA,NA,NA,NA,NA,NA,NA,NA,NA,NA,NA,NA,NA,NA,NA,NA,NA,NA,NA,456.00,NA,NA,NA,NA,NA,NA,NA,NA,La Esperanza,NA,$ 8.60,NA,NA,NA,NA,NA,NA,NA,NA,NA,NA
Nicaragua,2024,COE,auction,NA,https://allianceforcoffeeexcellence.org/nicaragua-2024/,2,25,NA,87.45,NA,NA,"$ 4,656.08","Wataru & Co., Ltd.",NA,success,NA,NA,NA,NA,NA,NA,NA,NA,NA,NA,NA,NA,NA,NA,NA,NA,NA,NA,NA,NA,NA,NA,NA,NA,NA,NA,NA,NA,NA,NA,NA,NA,NA,NA,NA,NA,529.10,NA,NA,NA,NA,NA,NA,NA,NA,Hugo Medina,NA,$ 8.80,NA,NA,NA,NA,NA,NA,NA,NA,NA,NA
Nicaragua,2024,COE,auction,NA,https://allianceforcoffeeexcellence.org/nicaragua-2024/,2,26,NA,87.45,NA,NA,"$ 2,832.40","Wataru & Co., Ltd.",NA,success,NA,NA,NA,NA,NA,NA,NA,NA,NA,NA,NA,NA,NA,NA,NA,NA,NA,NA,NA,NA,NA,NA,NA,NA,NA,NA,NA,NA,NA,NA,NA,NA,NA,NA,NA,NA,388.00,NA,NA,NA,NA,NA,NA,NA,NA,La Guadalupana,NA,$ 7.30,NA,NA,NA,NA,NA,NA,NA,NA,NA,NA
Nicaragua,2024,COE,auction,NA,https://allianceforcoffeeexcellence.org/nicaragua-2024/,2,27,NA,87.35,NA,NA,"$ 3,788.40","Wataru & Co., Ltd.",NA,success,NA,NA,NA,NA,NA,NA,NA,NA,NA,NA,NA,NA,NA,NA,NA,NA,NA,NA,NA,NA,NA,NA,NA,NA,NA,NA,NA,NA,NA,NA,NA,NA,NA,NA,NA,NA,462.00,NA,NA,NA,NA,NA,NA,NA,NA,Fila Quemada,NA,$ 8.20,NA,NA,NA,NA,NA,NA,NA,NA,NA,NA
Nicaragua,2024,COE,auction,NA,https://allianceforcoffeeexcellence.org/nicaragua-2024/,2,28,NA,87.25,NA,NA,"$ 2,795.00","Private Reserve(中國長沙),Rose Cafe 玫瑰咖啡, 珈琲光景 , Always Coffee",NA,success,NA,NA,NA,NA,NA,NA,NA,NA,NA,NA,NA,NA,NA,NA,NA,NA,NA,NA,NA,NA,NA,NA,NA,NA,NA,NA,NA,NA,NA,NA,NA,NA,NA,NA,NA,NA,325.00,NA,NA,NA,NA,NA,NA,NA,NA,El Jordan,NA,$ 8.60,NA,NA,NA,NA,NA,NA,NA,NA,NA,NA
Nicaragua,2024,COE,auction,NA,https://allianceforcoffeeexcellence.org/nicaragua-2024/,2,29,NA,87.25,NA,NA,"$ 6,502.50",Honu加藤珈琲店株式会社,NA,success,NA,NA,NA,NA,NA,NA,NA,NA,NA,NA,NA,NA,NA,NA,NA,NA,NA,NA,NA,NA,NA,NA,NA,NA,NA,NA,NA,NA,NA,NA,NA,NA,NA,NA,NA,NA,765.00,NA,NA,NA,NA,NA,NA,NA,NA,Virgen De La Piedra,NA,$ 8.50,NA,NA,NA,NA,NA,NA,NA,NA,NA,NA
Nicaragua,2024,COE,auction,NA,https://allianceforcoffeeexcellence.org/nicaragua-2024/,2,30,NA,87.20,NA,NA,"$ 4,600.00",Vela Ethan（Peru Taiwan China),NA,success,NA,NA,NA,NA,NA,NA,NA,NA,NA,NA,NA,NA,NA,NA,NA,NA,NA,NA,NA,NA,NA,NA,NA,NA,NA,NA,NA,NA,NA,NA,NA,NA,NA,NA,NA,NA,500.00,NA,NA,NA,NA,NA,NA,NA,NA,Las Hortencias,NA,$ 9.20,NA,NA,NA,NA,NA,NA,NA,NA,NA,NA
Nicaragua,2024,COE,auction,NA,https://allianceforcoffeeexcellence.org/nicaragua-2024/,2,,NA,,NA,NA,"$ 298,987.61",,NA,success,NA,NA,NA,NA,NA,NA,NA,NA,NA,NA,NA,NA,NA,NA,NA,NA,NA,NA,NA,NA,NA,NA,NA,NA,NA,NA,NA,NA,NA,NA,NA,NA,NA,NA,NA,NA,Total lb 17686.91,NA,NA,NA,NA,NA,NA,NA,NA,TOTALS:,NA,Avg. $/lb 16.90,NA,NA,NA,NA,NA,NA,NA,NA,NA,NA
Peru,2024,COE,auction,NA,https://allianceforcoffeeexcellence.org/peru-2024/,2,1A,NA,"90,54",NA,NA,"$23.875,82",Angelino’s Coffee,NA,success,NA,NA,NA,NA,NA,"Caturra, Bourbon, Geisha",NA,NA,NA,NA,NA,NA,NA,NA,NA,NA,NA,NA,NA,NA,NA,NA,NA,NA,NA,NA,NA,NA,NA,NA,NA,NA,NA,NA,NA,NA,"330,69",NA,NA,NA,NA,NA,NA,NA,NA,El Mirador,NA,"$72,20",NA,NA,NA,NA,NA,NA,NA,NA,NA,NA
Peru,2024,COE,auction,NA,https://allianceforcoffeeexcellence.org/peru-2024/,2,1B,NA,"90,54",NA,NA,"$20.635,20","北京深浅白贸易有限公司 – Beijing Shenqianbai Trading Co., Ltd.",NA,success,NA,NA,NA,NA,NA,"Caturra, Bourbon, Geisha",NA,NA,NA,NA,NA,NA,NA,NA,NA,NA,NA,NA,NA,NA,NA,NA,NA,NA,NA,NA,NA,NA,NA,NA,NA,NA,NA,NA,NA,NA,"286,60",NA,NA,NA,NA,NA,NA,NA,NA,El Mirador,NA,"$72,00",NA,NA,NA,NA,NA,NA,NA,NA,NA,NA
Peru,2024,COE,auction,NA,https://allianceforcoffeeexcellence.org/peru-2024/,2,2A☘️,NA,"90,21",NA,NA,"$23.148,30","Wataru & Co., Ltd. for WOODBERRY COFFEE",NA,success,NA,NA,NA,NA,NA,"Geisha, Bourbon",NA,NA,NA,NA,NA,NA,NA,NA,NA,NA,NA,NA,NA,NA,NA,NA,NA,NA,NA,NA,NA,NA,NA,NA,NA,NA,NA,NA,NA,NA,"330,69",NA,NA,NA,NA,NA,NA,NA,NA,Campo Verde,NA,"$70,00",NA,NA,NA,NA,NA,NA,NA,NA,NA,NA
Peru,2024,COE,auction,NA,https://allianceforcoffeeexcellence.org/peru-2024/,2,2B☘️,NA,"90,21",NA,NA,"$19.047,60",Snow Beans Coffee. Bean & Bean (NYC),NA,success,NA,NA,NA,NA,NA,"Geisha, Bourbon",NA,NA,NA,NA,NA,NA,NA,NA,NA,NA,NA,NA,NA,NA,NA,NA,NA,NA,NA,NA,NA,NA,NA,NA,NA,NA,NA,NA,NA,NA,"264,55",NA,NA,NA,NA,NA,NA,NA,NA,Campo Verde,NA,"$72,00",NA,NA,NA,NA,NA,NA,NA,NA,NA,NA
Peru,2024,COE,auction,NA,https://allianceforcoffeeexcellence.org/peru-2024/,2,3,NA,"89,86",NA,NA,"$27.160,76",Vela Ethan維啦怡森 Simple Kaffa 興波咖啡,NA,success,NA,NA,NA,NA,NA,Geisha,NA,NA,NA,NA,NA,NA,NA,NA,NA,NA,NA,NA,NA,NA,NA,NA,NA,NA,NA,NA,NA,NA,NA,NA,NA,NA,NA,NA,NA,NA,"617,29",NA,NA,NA,NA,NA,NA,NA,NA,Flor De La Montaña,NA,"$44,00",NA,NA,NA,NA,NA,NA,NA,NA,NA,NA
Peru,2024,COE,auction,NA,https://allianceforcoffeeexcellence.org/peru-2024/,2,4☘️,NA,"89,64",NA,NA,"$15.476,24","Cultivar Coffee, Roots by Earth Coffee Roastery, E.R Corporation, Ryans Coffee, Derail Coffee Roasters Co, Signature Roasters",NA,success,NA,NA,NA,NA,NA,Geisha,NA,NA,NA,NA,NA,NA,NA,NA,NA,NA,NA,NA,NA,NA,NA,NA,NA,NA,NA,NA,NA,NA,NA,NA,NA,NA,NA,NA,NA,NA,"595,24",NA,NA,NA,NA,NA,NA,NA,NA,Montaña,NA,"$26,00",NA,NA,NA,NA,NA,NA,NA,NA,NA,NA
Peru,2024,COE,auction,NA,https://allianceforcoffeeexcellence.org/peru-2024/,2,5☘️,NA,"89,54",NA,NA,"$15.926,08",Vela Ethan維啦怡森 Simple Kaffa 興波咖啡,NA,success,NA,NA,NA,NA,NA,Geisha,NA,NA,NA,NA,NA,NA,NA,NA,NA,NA,NA,NA,NA,NA,NA,NA,NA,NA,NA,NA,NA,NA,NA,NA,NA,NA,NA,NA,NA,NA,"617,29",NA,NA,NA,NA,NA,NA,NA,NA,Paqchaq Pata,NA,"$25,80",NA,NA,NA,NA,NA,NA,NA,NA,NA,NA
Peru,2024,COE,auction,NA,https://allianceforcoffeeexcellence.org/peru-2024/,2,6,NA,"89,29",NA,NA,"$16.701,62","MUSEO Co., Ltd. Blossom Valley 宸嶧國際",NA,success,NA,NA,NA,NA,NA,Geisha,NA,NA,NA,NA,NA,NA,NA,NA,NA,NA,NA,NA,NA,NA,NA,NA,NA,NA,NA,NA,NA,NA,NA,NA,NA,NA,NA,NA,NA,NA,"644,85",NA,NA,NA,NA,NA,NA,NA,NA,El Nevado,NA,"$25,90",NA,NA,NA,NA,NA,NA,NA,NA,NA,NA
Peru,2024,COE,auction,NA,https://allianceforcoffeeexcellence.org/peru-2024/,2,7☘️,NA,"89,29",NA,NA,"$15.597,50","Vela Ethan 維啦怡森, SmallArmsBigHeart有容乃大",NA,success,NA,NA,NA,NA,NA,Sl-09,NA,NA,NA,NA,NA,NA,NA,NA,NA,NA,NA,NA,NA,NA,NA,NA,NA,NA,NA,NA,NA,NA,NA,NA,NA,NA,NA,NA,NA,NA,"623,90",NA,NA,NA,NA,NA,NA,NA,NA,San Sebastian,NA,"$25,00",NA,NA,NA,NA,NA,NA,NA,NA,NA,NA
Peru,2024,COE,auction,NA,https://allianceforcoffeeexcellence.org/peru-2024/,2,8,NA,"89,21",NA,NA,"$15.920,89",oma coffee roaster,NA,success,NA,NA,NA,NA,NA,Geisha,NA,NA,NA,NA,NA,NA,NA,NA,NA,NA,NA,NA,NA,NA,NA,NA,NA,NA,NA,NA,NA,NA,NA,NA,NA,NA,NA,NA,NA,NA,"619,49",NA,NA,NA,NA,NA,NA,NA,NA,Sillapata,NA,"$25,70",NA,NA,NA,NA,NA,NA,NA,NA,NA,NA
Peru,2024,COE,auction,NA,https://allianceforcoffeeexcellence.org/peru-2024/,2,8,NA,"89,21",NA,NA,"$15.920,89",Blendin Coffee Club,NA,success,NA,NA,NA,NA,NA,Geisha,NA,NA,NA,NA,NA,NA,NA,NA,NA,NA,NA,NA,NA,NA,NA,NA,NA,NA,NA,NA,NA,NA,NA,NA,NA,NA,NA,NA,NA,NA,"619,49",NA,NA,NA,NA,NA,NA,NA,NA,Sillapata,NA,"$25,70",NA,NA,NA,NA,NA,NA,NA,NA,NA,NA
Peru,2024,COE,auction,NA,https://allianceforcoffeeexcellence.org/peru-2024/,2,9,NA,"88,96",NA,NA,"$17.857,20","coffee lusso, ArounZ",NA,success,NA,NA,NA,NA,NA,Geisha,NA,NA,NA,NA,NA,NA,NA,NA,NA,NA,NA,NA,NA,NA,NA,NA,NA,NA,NA,NA,NA,NA,NA,NA,NA,NA,NA,NA,NA,NA,"595,24",NA,NA,NA,NA,NA,NA,NA,NA,El Cerro,NA,"$30,00",NA,NA,NA,NA,NA,NA,NA,NA,NA,NA
Peru,2024,COE,auction,NA,https://allianceforcoffeeexcellence.org/peru-2024/,2,10,NA,"88,64",NA,NA,"$13.690,52",M.I.Coffee Corporation,NA,success,NA,NA,NA,NA,NA,Geisha,NA,NA,NA,NA,NA,NA,NA,NA,NA,NA,NA,NA,NA,NA,NA,NA,NA,NA,NA,NA,NA,NA,NA,NA,NA,NA,NA,NA,NA,NA,"595,24",NA,NA,NA,NA,NA,NA,NA,NA,El Naranjo,NA,"$23,00",NA,NA,NA,NA,NA,NA,NA,NA,NA,NA
Peru,2024,COE,auction,NA,https://allianceforcoffeeexcellence.org/peru-2024/,2,11☘️,NA,"88,18",NA,NA,"$16.686,51",Caravela Coffee,NA,success,NA,NA,NA,NA,NA,Geisha,NA,NA,NA,NA,NA,NA,NA,NA,NA,NA,NA,NA,NA,NA,NA,NA,NA,NA,NA,NA,NA,NA,NA,NA,NA,NA,NA,NA,NA,NA,"639,33",NA,NA,NA,NA,NA,NA,NA,NA,El Pedregal,NA,"$26,10",NA,NA,NA,NA,NA,NA,NA,NA,NA,NA
Peru,2024,COE,auction,NA,https://allianceforcoffeeexcellence.org/peru-2024/,2,12,NA,"88,14",NA,NA,"$15.144,62",C&B coffee roasters,NA,success,NA,NA,NA,NA,NA,Geisha,NA,NA,NA,NA,NA,NA,NA,NA,NA,NA,NA,NA,NA,NA,NA,NA,NA,NA,NA,NA,NA,NA,NA,NA,NA,NA,NA,NA,NA,NA,"610,67",NA,NA,NA,NA,NA,NA,NA,NA,La Florida,NA,"$24,80",NA,NA,NA,NA,NA,NA,NA,NA,NA,NA
Peru,2024,COE,auction,NA,https://allianceforcoffeeexcellence.org/peru-2024/,2,13☘️,NA,"88,11",NA,NA,"$13.950,75","KALDI COFFEE FARM (CAMEL COFFEE CO.,LTD.)",NA,success,NA,NA,NA,NA,NA,Geisha,NA,NA,NA,NA,NA,NA,NA,NA,NA,NA,NA,NA,NA,NA,NA,NA,NA,NA,NA,NA,NA,NA,NA,NA,NA,NA,NA,NA,NA,NA,"617,29",NA,NA,NA,NA,NA,NA,NA,NA,Huallhuayoc,NA,"$22,60",NA,NA,NA,NA,NA,NA,NA,NA,NA,NA
Peru,2024,COE,auction,NA,https://allianceforcoffeeexcellence.org/peru-2024/,2,14,NA,"88,07",NA,NA,"$15.158,91",KAFFEBRENNERIET AS,NA,success,NA,NA,NA,NA,NA,Geisha,NA,NA,NA,NA,NA,NA,NA,NA,NA,NA,NA,NA,NA,NA,NA,NA,NA,NA,NA,NA,NA,NA,NA,NA,NA,NA,NA,NA,NA,NA,"793,66",NA,NA,NA,NA,NA,NA,NA,NA,Mamaruntu,NA,"$19,10",NA,NA,NA,NA,NA,NA,NA,NA,NA,NA
Peru,2024,COE,auction,NA,https://allianceforcoffeeexcellence.org/peru-2024/,2,15,NA,"87,93",NA,NA,"$12.978,40","Wataru & Co., Ltd.",NA,success,NA,NA,NA,NA,NA,Geisha,NA,NA,NA,NA,NA,NA,NA,NA,NA,NA,NA,NA,NA,NA,NA,NA,NA,NA,NA,NA,NA,NA,NA,NA,NA,NA,NA,NA,NA,NA,"639,33",NA,NA,NA,NA,NA,NA,NA,NA,La Lucuma,NA,"$20,30",NA,NA,NA,NA,NA,NA,NA,NA,NA,NA
Peru,2024,COE,auction,NA,https://allianceforcoffeeexcellence.org/peru-2024/,2,16,NA,"87,89",NA,NA,"$13.154,80",Brew92,NA,success,NA,NA,NA,NA,NA,Geisha,NA,NA,NA,NA,NA,NA,NA,NA,NA,NA,NA,NA,NA,NA,NA,NA,NA,NA,NA,NA,NA,NA,NA,NA,NA,NA,NA,NA,NA,NA,"595,24",NA,NA,NA,NA,NA,NA,NA,NA,La Lima,NA,"$22,10",NA,NA,NA,NA,NA,NA,NA,NA,NA,NA
Peru,2024,COE,auction,NA,https://allianceforcoffeeexcellence.org/peru-2024/,2,17,NA,"87,86",NA,NA,"$12.658,85",Coffee Libre,NA,success,NA,NA,NA,NA,NA,"Bourbon, Marcellesa",NA,NA,NA,NA,NA,NA,NA,NA,NA,NA,NA,NA,NA,NA,NA,NA,NA,NA,NA,NA,NA,NA,NA,NA,NA,NA,NA,NA,NA,NA,"727,52",NA,NA,NA,NA,NA,NA,NA,NA,La Lucuma,NA,"$17,40",NA,NA,NA,NA,NA,NA,NA,NA,NA,NA
Peru,2024,COE,auction,NA,https://allianceforcoffeeexcellence.org/peru-2024/,2,18☘️,NA,"87,75",NA,NA,"$12.389,80","SHRUB COFFEE, Glams Coffee Roastery, BASE COFFEE, Coffee Roastery 101, Fourth dimension coffee, cafe tia’m coffee roaster, IMOM inc., and soyogocoffee by Marukai",NA,success,NA,NA,NA,NA,NA,"Geisha, Bourbon Hibrida",NA,NA,NA,NA,NA,NA,NA,NA,NA,NA,NA,NA,NA,NA,NA,NA,NA,NA,NA,NA,NA,NA,NA,NA,NA,NA,NA,NA,NA,NA,"619,49",NA,NA,NA,NA,NA,NA,NA,NA,Sillapata,NA,"$20,00",NA,NA,NA,NA,NA,NA,NA,NA,NA,NA
Peru,2024,COE,auction,NA,https://allianceforcoffeeexcellence.org/peru-2024/,2,19☘️,NA,"87,75",NA,NA,"$13.657,56",COFFEE COUNTY,NA,success,NA,NA,NA,NA,NA,Geisha,NA,NA,NA,NA,NA,NA,NA,NA,NA,NA,NA,NA,NA,NA,NA,NA,NA,NA,NA,NA,NA,NA,NA,NA,NA,NA,NA,NA,NA,NA,"650,36",NA,NA,NA,NA,NA,NA,NA,NA,Vista Hermosa,NA,"$21,00",NA,NA,NA,NA,NA,NA,NA,NA,NA,NA
Peru,2024,COE,auction,NA,https://allianceforcoffeeexcellence.org/peru-2024/,2,20☘️,NA,"87,64",NA,NA,"$12.440,63","Sugi Coffee Roasting, THOTH COFFEE, ADACHI COFFEE, YAMADA COFFEE, BRANCH COFFEE, COFFEE A GO! GO!, TABEI COFFEE,",NA,success,NA,NA,NA,NA,NA,Geisha,NA,NA,NA,NA,NA,NA,NA,NA,NA,NA,NA,NA,NA,NA,NA,NA,NA,NA,NA,NA,NA,NA,NA,NA,NA,NA,NA,NA,NA,NA,"654,77",NA,NA,NA,NA,NA,NA,NA,NA,La Encantada,NA,"$19,00",NA,NA,NA,NA,NA,NA,NA,NA,NA,NA
Peru,2024,COE,auction,NA,https://allianceforcoffeeexcellence.org/peru-2024/,2,21,NA,"87,54",NA,NA,"$10.297,65","北京深浅白贸易有限公司 – Beijing Shenqianbai Trading Co., Ltd.",NA,success,NA,NA,NA,NA,NA,"Marcellesa, Caturra",NA,NA,NA,NA,NA,NA,NA,NA,NA,NA,NA,NA,NA,NA,NA,NA,NA,NA,NA,NA,NA,NA,NA,NA,NA,NA,NA,NA,NA,NA,"595,24",NA,NA,NA,NA,NA,NA,NA,NA,Aromas Del Corazon,NA,"$17,30",NA,NA,NA,NA,NA,NA,NA,NA,NA,NA
Peru,2024,COE,auction,NA,https://allianceforcoffeeexcellence.org/peru-2024/,2,22☘️,NA,"87,46",NA,NA,"$13.739,57",Prodigal Coffee,NA,success,NA,NA,NA,NA,NA,Gesisha,NA,NA,NA,NA,NA,NA,NA,NA,NA,NA,NA,NA,NA,NA,NA,NA,NA,NA,NA,NA,NA,NA,NA,NA,NA,NA,NA,NA,NA,NA,"621,70",NA,NA,NA,NA,NA,NA,NA,NA,Llaqtapata,NA,"$22,10",NA,NA,NA,NA,NA,NA,NA,NA,NA,NA
Peru,2024,COE,auction,NA,https://allianceforcoffeeexcellence.org/peru-2024/,2,23,NA,"87,32",NA,NA,"$11.970,98",Blossom Valley 宸嶧國際 DreamHigh梦想舍咖啡,NA,success,NA,NA,NA,NA,NA,Geisha,NA,NA,NA,NA,NA,NA,NA,NA,NA,NA,NA,NA,NA,NA,NA,NA,NA,NA,NA,NA,NA,NA,NA,NA,NA,NA,NA,NA,NA,NA,"661,38",NA,NA,NA,NA,NA,NA,NA,NA,Café Flor Del Santuario,NA,"$18,10",NA,NA,NA,NA,NA,NA,NA,NA,NA,NA
Peru,2024,COE,auction,NA,https://allianceforcoffeeexcellence.org/peru-2024/,2,24,NA,"87,25",NA,NA,"$11.375,74","Wataru & Co., Ltd.",NA,success,NA,NA,NA,NA,NA,Villa Sarchi,NA,NA,NA,NA,NA,NA,NA,NA,NA,NA,NA,NA,NA,NA,NA,NA,NA,NA,NA,NA,NA,NA,NA,NA,NA,NA,NA,NA,NA,NA,"661,38",NA,NA,NA,NA,NA,NA,NA,NA,El Mirador,NA,"$17,20",NA,NA,NA,NA,NA,NA,NA,NA,NA,NA
Peru,2024,COE,auction,NA,https://allianceforcoffeeexcellence.org/peru-2024/,2,25,NA,"87,00",NA,NA,"$10.744,08","Wataru & Co., Ltd.",NA,success,NA,NA,NA,NA,NA,Geisha,NA,NA,NA,NA,NA,NA,NA,NA,NA,NA,NA,NA,NA,NA,NA,NA,NA,NA,NA,NA,NA,NA,NA,NA,NA,NA,NA,NA,NA,NA,"595,24",NA,NA,NA,NA,NA,NA,NA,NA,Peña De Leon,NA,"$18,05",NA,NA,NA,NA,NA,NA,NA,NA,NA,NA
Peru,2024,NW,auction,NA,https://allianceforcoffeeexcellence.org/peru-2024/,4,NW,NA,"86,89",NA,NA,"$5.829,46",COFFEE COUNTY,NA,success,NA,NA,NA,NA,NA,Bourbon,NA,NA,NA,NA,NA,NA,NA,NA,NA,NA,NA,NA,NA,NA,NA,NA,NA,NA,NA,NA,NA,NA,NA,NA,NA,NA,NA,NA,NA,NA,"747,37",NA,NA,NA,NA,NA,NA,NA,NA,Ayapirayoc,NA,"$7,80",NA,NA,NA,NA,NA,NA,NA,NA,NA,NA
Peru,2024,NW,auction,NA,https://allianceforcoffeeexcellence.org/peru-2024/,4,NW,NA,"86,79",NA,NA,"$3.373,07","Vela Ethan維啦怡森 Simple Kaffa 興波咖啡, 達文西咖啡 Davinci Coffee",NA,success,NA,NA,NA,NA,NA,Castillo,NA,NA,NA,NA,NA,NA,NA,NA,NA,NA,NA,NA,NA,NA,NA,NA,NA,NA,NA,NA,NA,NA,NA,NA,NA,NA,NA,NA,NA,NA,"661,39",NA,NA,NA,NA,NA,NA,NA,NA,Pucaloma,NA,"$5,10",NA,NA,NA,NA,NA,NA,NA,NA,NA,NA
Peru,2024,NW,auction,NA,https://allianceforcoffeeexcellence.org/peru-2024/,4,NW,NA,"86,39",NA,NA,"$7.857,27","Wataru & Co., Ltd.",NA,success,NA,NA,NA,NA,NA,Geisha,NA,NA,NA,NA,NA,NA,NA,NA,NA,NA,NA,NA,NA,NA,NA,NA,NA,NA,NA,NA,NA,NA,NA,NA,NA,NA,NA,NA,NA,NA,"595,25",NA,NA,NA,NA,NA,NA,NA,NA,La Requia Ii,NA,"$13,20",NA,NA,NA,NA,NA,NA,NA,NA,NA,NA
Peru,2024,NW,auction,NA,https://allianceforcoffeeexcellence.org/peru-2024/,4,NW,NA,"86,21",NA,NA,"$8.519,31",治光师,NA,success,NA,NA,NA,NA,NA,Geisha,NA,NA,NA,NA,NA,NA,NA,NA,NA,NA,NA,NA,NA,NA,NA,NA,NA,NA,NA,NA,NA,NA,NA,NA,NA,NA,NA,NA,NA,NA,"774,48",NA,NA,NA,NA,NA,NA,NA,NA,Finca Wilder Garcia,NA,"$11,00",NA,NA,NA,NA,NA,NA,NA,NA,NA,NA
Peru,2024,NW,auction,NA,https://allianceforcoffeeexcellence.org/peru-2024/,4,NW,NA,"86,18",NA,NA,"$6.956,70","Coffee Montage, COFFEE PLACE, HYANGMISA, No Doubt Coffee, coffeeTemple, RAW STUFF",NA,success,NA,NA,NA,NA,NA,Geisha,NA,NA,NA,NA,NA,NA,NA,NA,NA,NA,NA,NA,NA,NA,NA,NA,NA,NA,NA,NA,NA,NA,NA,NA,NA,NA,NA,NA,NA,NA,"626,73",NA,NA,NA,NA,NA,NA,NA,NA,El Mirador,NA,"$11,10",NA,NA,NA,NA,NA,NA,NA,NA,NA,NA
Peru,2024,NW,auction,NA,https://allianceforcoffeeexcellence.org/peru-2024/,4,NW ☘️,NA,"85,96",NA,NA,"$6.802,36","Wataru & Co., Ltd.",NA,success,NA,NA,NA,NA,NA,Geisha,NA,NA,NA,NA,NA,NA,NA,NA,NA,NA,NA,NA,NA,NA,NA,NA,NA,NA,NA,NA,NA,NA,NA,NA,NA,NA,NA,NA,NA,NA,"618,40",NA,NA,NA,NA,NA,NA,NA,NA,Iñispata,NA,"$11,00",NA,NA,NA,NA,NA,NA,NA,NA,NA,NA
Peru,2024,NW,auction,NA,https://allianceforcoffeeexcellence.org/peru-2024/,4,NW,NA,"85,86",NA,NA,"$6.940,10","Wataru & Co., Ltd.",NA,success,NA,NA,NA,NA,NA,Geisha,NA,NA,NA,NA,NA,NA,NA,NA,NA,NA,NA,NA,NA,NA,NA,NA,NA,NA,NA,NA,NA,NA,NA,NA,NA,NA,NA,NA,NA,NA,"630,92",NA,NA,NA,NA,NA,NA,NA,NA,Vista Alegre,NA,"$11,00",NA,NA,NA,NA,NA,NA,NA,NA,NA,NA
Taiwan,2024,COE,auction,NA,https://allianceforcoffeeexcellence.org/taiwan-2024/,2,1,NA,92.25,NA,NA,"$31,589.22","Orsir International Co., Ltd. 歐舍咖啡",NA,success,NA,NA,NA,NA,NA,Gesha,NA,NA,NA,NA,NA,NA,NA,NA,NA,NA,NA,NA,NA,NA,NA,NA,NA,NA,NA,NA,NA,NA,NA,NA,NA,NA,NA,NA,NA,NA,101.41,NA,NA,NA,NA,NA,NA,NA,NA,名陽園 MINGYANG,NA,$311.50,NA,NA,NA,NA,NA,NA,NA,NA,NA,NA
Taiwan,2024,COE,auction,NA,https://allianceforcoffeeexcellence.org/taiwan-2024/,2,2,NA,91.31,NA,NA,"$12,897.30","Vela Ethan S.A.C (Peru) ,Snow Beans Coffee, 甜在心咖啡館, 席瑪朵珈琲有限公司",NA,success,NA,NA,NA,NA,NA,SL34,NA,NA,NA,NA,NA,NA,NA,NA,NA,NA,NA,NA,NA,NA,NA,NA,NA,NA,NA,NA,NA,NA,NA,NA,NA,NA,NA,NA,NA,NA,99.21,NA,NA,NA,NA,NA,NA,NA,NA,向陽台灣咖啡 Sunlit Taiwan Coffee Farm,NA,$130.00,NA,NA,NA,NA,NA,NA,NA,NA,NA,NA
Taiwan,2024,COE,auction,NA,https://allianceforcoffeeexcellence.org/taiwan-2024/,2,3,NA,90.97,NA,NA,"$15,076.71",GK COFFEE(TAIWAN CR98)、BEAN SUPER豆超國際,NA,success,NA,NA,NA,NA,NA,Gesha,NA,NA,NA,NA,NA,NA,NA,NA,NA,NA,NA,NA,NA,NA,NA,NA,NA,NA,NA,NA,NA,NA,NA,NA,NA,NA,NA,NA,NA,NA,103.62,NA,NA,NA,NA,NA,NA,NA,NA,鄒築園 Zou Zhou Yuan,NA,$145.50,NA,NA,NA,NA,NA,NA,NA,NA,NA,NA
Taiwan,2024,COE,auction,NA,https://allianceforcoffeeexcellence.org/taiwan-2024/,2,4,NA,90.59,NA,NA,"$24,735.00",BEAN SUPER豆超國際、GK COFFEE(TAIWAN CR98)、元食咖啡、93coffee.tw 捷晨國際、Piccolo Angolo角落咖啡、有香咖啡、Q caf’e x 滿福烘豆場、悠樂咖啡、臻實咖啡、三勝國際、花兒的5號玫瑰園、i.e.CAFÉ、jaca_kahvi呷巧咖啡、Sun Bear Coffee、Davinci Coffee,NA,success,NA,NA,NA,NA,NA,Gesha,NA,NA,NA,NA,NA,NA,NA,NA,NA,NA,NA,NA,NA,NA,NA,NA,NA,NA,NA,NA,NA,NA,NA,NA,NA,NA,NA,NA,NA,NA,145.5,NA,NA,NA,NA,NA,NA,NA,NA,豆御香藝伎莊園 Royal Bean Geisha Estate,NA,$170.00,NA,NA,NA,NA,NA,NA,NA,NA,NA,NA
Taiwan,2024,COE,auction,NA,https://allianceforcoffeeexcellence.org/taiwan-2024/,2,5,NA,89.72,NA,NA,"$8,184.83","BLACK GOLD COFFEE, OKLAO SPECIALTY COFFEE, 統一超商不可思議咖啡",NA,success,NA,NA,NA,NA,NA,Gesha,NA,NA,NA,NA,NA,NA,NA,NA,NA,NA,NA,NA,NA,NA,NA,NA,NA,NA,NA,NA,NA,NA,NA,NA,NA,NA,NA,NA,NA,NA,99.21,NA,NA,NA,NA,NA,NA,NA,NA,雅慕伊咖啡莊園 Yangui Coffee Farm,NA,$82.50,NA,NA,NA,NA,NA,NA,NA,NA,NA,NA
Taiwan,2024,COE,auction,NA,https://allianceforcoffeeexcellence.org/taiwan-2024/,2,6,NA,89.69,NA,NA,"$10,465.62",Black Knight,NA,success,NA,NA,NA,NA,NA,Gesha,NA,NA,NA,NA,NA,NA,NA,NA,NA,NA,NA,NA,NA,NA,NA,NA,NA,NA,NA,NA,NA,NA,NA,NA,NA,NA,NA,NA,NA,NA,103.62,NA,NA,NA,NA,NA,NA,NA,NA,嵩岳咖啡莊園 SONGYUE coffee manor,NA,$101.00,NA,NA,NA,NA,NA,NA,NA,NA,NA,NA
Taiwan,2024,COE,auction,NA,https://allianceforcoffeeexcellence.org/taiwan-2024/,2,7,NA,89.38,NA,NA,"$6,448.65",Black Knight,NA,success,NA,NA,NA,NA,NA,SL34,NA,NA,NA,NA,NA,NA,NA,NA,NA,NA,NA,NA,NA,NA,NA,NA,NA,NA,NA,NA,NA,NA,NA,NA,NA,NA,NA,NA,NA,NA,99.21,NA,NA,NA,NA,NA,NA,NA,NA,東泓咖啡莊園 Donghong Coffee Farm,NA,$65.00,NA,NA,NA,NA,NA,NA,NA,NA,NA,NA
Taiwan,2024,COE,auction,NA,https://allianceforcoffeeexcellence.org/taiwan-2024/,2,8,NA,89.16,NA,NA,"$10,779.76",KAKALOVE CAFE,NA,success,NA,NA,NA,NA,NA,Gesha,NA,NA,NA,NA,NA,NA,NA,NA,NA,NA,NA,NA,NA,NA,NA,NA,NA,NA,NA,NA,NA,NA,NA,NA,NA,NA,NA,NA,NA,NA,169.76,NA,NA,NA,NA,NA,NA,NA,NA,七彩琉璃咖啡莊園 Chi Tsai Liu Li Ecological Farm,NA,$63.50,NA,NA,NA,NA,NA,NA,NA,NA,NA,NA
Taiwan,2024,COE,auction,NA,https://allianceforcoffeeexcellence.org/taiwan-2024/,2,9,NA,88.88,NA,NA,"$7,301.52",元食咖啡、BEAN SUPER豆超國際,NA,success,NA,NA,NA,NA,NA,Gesha,NA,NA,NA,NA,NA,NA,NA,NA,NA,NA,NA,NA,NA,NA,NA,NA,NA,NA,NA,NA,NA,NA,NA,NA,NA,NA,NA,NA,NA,NA,101.41,NA,NA,NA,NA,NA,NA,NA,NA,卓武山咖啡農場 Zhuo Wu Mountain Coffee Farm,NA,$72.00,NA,NA,NA,NA,NA,NA,NA,NA,NA,NA
Taiwan,2024,COE,auction,NA,https://allianceforcoffeeexcellence.org/taiwan-2024/,2,10,NA,88.75,NA,NA,"$5,374.73",Q咖啡工作室(Q COFFEE STUDIO)、一個咖啡 (EAGER CAFE)、臥龍食創國際有限公司 (Wolong Coffee Studio)、翌莎精品咖啡 (ISA COFFEE)、順風秀水飲食文化企業社(順風咖啡),NA,success,NA,NA,NA,NA,NA,Gesha,NA,NA,NA,NA,NA,NA,NA,NA,NA,NA,NA,NA,NA,NA,NA,NA,NA,NA,NA,NA,NA,NA,NA,NA,NA,NA,NA,NA,NA,NA,101.41,NA,NA,NA,NA,NA,NA,NA,NA,野牡丹咖啡 Melastoma Coffee Estate,NA,$53.00,NA,NA,NA,NA,NA,NA,NA,NA,NA,NA
Taiwan,2024,COE,auction,NA,https://allianceforcoffeeexcellence.org/taiwan-2024/,2,11,NA,88.31,NA,NA,"$6,012.03",Blue Bottle Coffee,NA,success,NA,NA,NA,NA,NA,Gesha,NA,NA,NA,NA,NA,NA,NA,NA,NA,NA,NA,NA,NA,NA,NA,NA,NA,NA,NA,NA,NA,NA,NA,NA,NA,NA,NA,NA,NA,NA,119.05,NA,NA,NA,NA,NA,NA,NA,NA,樁萱巫師咖啡莊園 Zhuang Xuan Yoifo Coffee,NA,$50.50,NA,NA,NA,NA,NA,NA,NA,NA,NA,NA
Taiwan,2024,COE,auction,NA,https://allianceforcoffeeexcellence.org/taiwan-2024/,2,12,NA,88.19,NA,NA,"$4,196.61",SAVAYA COFFEE LLC,NA,success,NA,NA,NA,NA,NA,SL34,NA,NA,NA,NA,NA,NA,NA,NA,NA,NA,NA,NA,NA,NA,NA,NA,NA,NA,NA,NA,NA,NA,NA,NA,NA,NA,NA,NA,NA,NA,103.62,NA,NA,NA,NA,NA,NA,NA,NA,珍5吉咖啡莊園 Zhen  5  Ji  Coffee,NA,$40.50,NA,NA,NA,NA,NA,NA,NA,NA,NA,NA
Taiwan,2024,COE,auction,NA,https://allianceforcoffeeexcellence.org/taiwan-2024/,2,13,NA,88.13,NA,NA,"$5,802.72",y&m coffee (Simple Mind Ltd.),NA,success,NA,NA,NA,NA,NA,Gesha,NA,NA,NA,NA,NA,NA,NA,NA,NA,NA,NA,NA,NA,NA,NA,NA,NA,NA,NA,NA,NA,NA,NA,NA,NA,NA,NA,NA,NA,NA,103.62,NA,NA,NA,NA,NA,NA,NA,NA,璟隆咖啡莊園 Jing Long Coffee Manor,NA,$56.00,NA,NA,NA,NA,NA,NA,NA,NA,NA,NA
Taiwan,2024,COE,auction,NA,https://allianceforcoffeeexcellence.org/taiwan-2024/,2,14,NA,88.09,NA,NA,"$6,349.20",canaan,NA,success,NA,NA,NA,NA,NA,SL34 60% + Geisha 40%,NA,NA,NA,NA,NA,NA,NA,NA,NA,NA,NA,NA,NA,NA,NA,NA,NA,NA,NA,NA,NA,NA,NA,NA,NA,NA,NA,NA,NA,NA,105.82,NA,NA,NA,NA,NA,NA,NA,NA,香香久溢咖啡莊園 Alluring Scent Coffee Estate,NA,$60.00,NA,NA,NA,NA,NA,NA,NA,NA,NA,NA
Taiwan,2024,COE,auction,NA,https://allianceforcoffeeexcellence.org/taiwan-2024/,2,15,NA,88,NA,NA,"$6,649.12",y&m coffee (Simple Mind Ltd.),NA,success,NA,NA,NA,NA,NA,Gesha 65% + SL34 35%,NA,NA,NA,NA,NA,NA,NA,NA,NA,NA,NA,NA,NA,NA,NA,NA,NA,NA,NA,NA,NA,NA,NA,NA,NA,NA,NA,NA,NA,NA,114.64,NA,NA,NA,NA,NA,NA,NA,NA,花囍田咖啡莊園 Hua Xi Tian Manor Café,NA,$58.00,NA,NA,NA,NA,NA,NA,NA,NA,NA,NA
Taiwan,2024,COE,auction,NA,https://allianceforcoffeeexcellence.org/taiwan-2024/,2,16,NA,87.94,NA,NA,"$4,814.81","Orsir International Co., Ltd. 歐舍咖啡",NA,success,NA,NA,NA,NA,NA,SL34,NA,NA,NA,NA,NA,NA,NA,NA,NA,NA,NA,NA,NA,NA,NA,NA,NA,NA,NA,NA,NA,NA,NA,NA,NA,NA,NA,NA,NA,NA,105.82,NA,NA,NA,NA,NA,NA,NA,NA,他扶芽有機農園 Tfu’ya Organic Farm,NA,$45.50,NA,NA,NA,NA,NA,NA,NA,NA,NA,NA
Taiwan,2024,COE,auction,NA,https://allianceforcoffeeexcellence.org/taiwan-2024/,2,17,NA,87.88,NA,NA,"$4,483.25",Huracan Coffer,NA,success,NA,NA,NA,NA,NA,Arabica,NA,NA,NA,NA,NA,NA,NA,NA,NA,NA,NA,NA,NA,NA,NA,NA,NA,NA,NA,NA,NA,NA,NA,NA,NA,NA,NA,NA,NA,NA,108.03,NA,NA,NA,NA,NA,NA,NA,NA,裸咖啡有機莊園 NUDE Organic Coffee Estate,NA,$41.50,NA,NA,NA,NA,NA,NA,NA,NA,NA,NA
Taiwan,2024,COE,auction,NA,https://allianceforcoffeeexcellence.org/taiwan-2024/,2,18,NA,87.78,NA,NA,"$4,285.71","Wataru & Co., Ltd.",NA,success,NA,NA,NA,NA,NA,Gesha 65% + SL34 35%,NA,NA,NA,NA,NA,NA,NA,NA,NA,NA,NA,NA,NA,NA,NA,NA,NA,NA,NA,NA,NA,NA,NA,NA,NA,NA,NA,NA,NA,NA,105.82,NA,NA,NA,NA,NA,NA,NA,NA,牛磨角庄園 Gû Buâ Kak Estate,NA,$40.50,NA,NA,NA,NA,NA,NA,NA,NA,NA,NA
Taiwan,2024,COE,auction,NA,https://allianceforcoffeeexcellence.org/taiwan-2024/,2,19,NA,87.34,NA,NA,"$5,455.52","Wataru & Co., Ltd.",NA,success,NA,NA,NA,NA,NA,Gesha,NA,NA,NA,NA,NA,NA,NA,NA,NA,NA,NA,NA,NA,NA,NA,NA,NA,NA,NA,NA,NA,NA,NA,NA,NA,NA,NA,NA,NA,NA,108.03,NA,NA,NA,NA,NA,NA,NA,NA,為我等咖啡莊園+楓香咖啡 Oe’otx Coffee Farm and  Fragant Maple Coffee,NA,$50.50,NA,NA,NA,NA,NA,NA,NA,NA,NA,NA
Taiwan,2024,COE,auction,NA,https://allianceforcoffeeexcellence.org/taiwan-2024/,2,20,NA,87.25,NA,NA,"$4,391.53",穎鋒國際＆SWEET HOME COFFEE,NA,success,NA,NA,NA,NA,NA,SL34,NA,NA,NA,NA,NA,NA,NA,NA,NA,NA,NA,NA,NA,NA,NA,NA,NA,NA,NA,NA,NA,NA,NA,NA,NA,NA,NA,NA,NA,NA,105.82,NA,NA,NA,NA,NA,NA,NA,NA,亮軒咖啡莊園 Liang Xuan Coffee Farm,NA,$41.50,NA,NA,NA,NA,NA,NA,NA,NA,NA,NA
Taiwan,2024,NW,auction,NA,https://allianceforcoffeeexcellence.org/taiwan-2024/,4,NW,NA,87.09,NA,NA,"$4.232,80",Wataru for YARD Coffee & Craft Chocolate,NA,success,NA,NA,NA,NA,NA,Gesha,NA,NA,NA,NA,NA,NA,NA,NA,NA,NA,NA,NA,NA,NA,NA,NA,NA,NA,NA,NA,NA,NA,NA,NA,NA,NA,NA,NA,NA,NA,"105,82",NA,NA,NA,NA,NA,NA,NA,NA,鼎豐珈琲莊園 Ding-Feng Estatecafe,NA,"$40,00",NA,NA,NA,NA,NA,NA,NA,NA,NA,NA
Taiwan,2024,NW,auction,NA,https://allianceforcoffeeexcellence.org/taiwan-2024/,4,NW,NA,86.69,NA,NA,"$2.169,31","Orsir International Co., Ltd. and 中鋼咖啡社",NA,success,NA,NA,NA,NA,NA,Gesha 60% + SL34 40%,NA,NA,NA,NA,NA,NA,NA,NA,NA,NA,NA,NA,NA,NA,NA,NA,NA,NA,NA,NA,NA,NA,NA,NA,NA,NA,NA,NA,NA,NA,"105,82",NA,NA,NA,NA,NA,NA,NA,NA,皇庭咖啡莊園 Huang Ting Coffee Estate,NA,"$20,50",NA,NA,NA,NA,NA,NA,NA,NA,NA,NA
Taiwan,2024,NW,auction,NA,https://allianceforcoffeeexcellence.org/taiwan-2024/,4,NW,NA,86.38,NA,NA,"$2.214,62",KAKALOVE CAFE,NA,success,NA,NA,NA,NA,NA,Gesha,NA,NA,NA,NA,NA,NA,NA,NA,NA,NA,NA,NA,NA,NA,NA,NA,NA,NA,NA,NA,NA,NA,NA,NA,NA,NA,NA,NA,NA,NA,"108,03",NA,NA,NA,NA,NA,NA,NA,NA,部舞咖啡莊園 PU’U COFFEE MANOR,NA,"$20,50",NA,NA,NA,NA,NA,NA,NA,NA,NA,NA
Taiwan,2024,NW,auction,NA,https://allianceforcoffeeexcellence.org/taiwan-2024/,4,NW,NA,85.81,NA,NA,"$3.294,92",Blue Bottle Coffee,NA,success,NA,NA,NA,NA,NA,Gesha,NA,NA,NA,NA,NA,NA,NA,NA,NA,NA,NA,NA,NA,NA,NA,NA,NA,NA,NA,NA,NA,NA,NA,NA,NA,NA,NA,NA,NA,NA,"108,03",NA,NA,NA,NA,NA,NA,NA,NA,青山坪咖啡農場 Qingshanping Coffee Farm,NA,"$30,50",NA,NA,NA,NA,NA,NA,NA,NA,NA,NA
Taiwan,2024,NW,auction,NA,https://allianceforcoffeeexcellence.org/taiwan-2024/,4,NW,NA,85.31,NA,NA,$2116.4,Calufe Group Mexico,NA,success,NA,NA,NA,NA,NA,Gesha,NA,NA,NA,NA,NA,NA,NA,NA,NA,NA,NA,NA,NA,NA,NA,NA,NA,NA,NA,NA,NA,NA,NA,NA,NA,NA,NA,NA,NA,NA,105.82,NA,NA,NA,NA,NA,NA,NA,NA,櫻桃果古坑咖啡莊園 COFEE  BERRIES  MANOR,NA,$20,NA,NA,NA,NA,NA,NA,NA,NA,NA,NA
Thailand,2024,COE,auction,NA,https://allianceforcoffeeexcellence.org/thailand-2024/,2,1A,NA,91.80,NA,NA,"$8,373.32",Angelino’s Coffee,NA,success,NA,NA,NA,NA,NA,NA,NA,NA,NA,NA,NA,NA,NA,NA,NA,NA,NA,NA,NA,NA,NA,NA,NA,NA,NA,NA,NA,NA,NA,NA,NA,NA,NA,NA,NA,NA,99.21,NA,NA,NA,NA,NA,NA,NA,NA,Coffee De Hmong Bio,NA,$84.40,NA,NA,NA,NA,NA,NA,NA,NA,NA,NA
Thailand,2024,COE,auction,NA,https://allianceforcoffeeexcellence.org/thailand-2024/,2,1B,NA,91.80,NA,NA,"$7,758.67",Fadie Sasaguri Roastery Corporation and Taniguchi Coffee,NA,success,NA,NA,NA,NA,NA,NA,NA,NA,NA,NA,NA,NA,NA,NA,NA,NA,NA,NA,NA,NA,NA,NA,NA,NA,NA,NA,NA,NA,NA,NA,NA,NA,NA,NA,NA,NA,91.71,NA,NA,NA,NA,NA,NA,NA,NA,Coffee De Hmong Bio,NA,$84.60,NA,NA,NA,NA,NA,NA,NA,NA,NA,NA
Thailand,2024,COE,auction,NA,https://allianceforcoffeeexcellence.org/thailand-2024/,2,2A,NA,90.16,NA,NA,"$4,334.36",taf coffee,NA,success,NA,NA,NA,NA,NA,NA,NA,NA,NA,NA,NA,NA,NA,NA,NA,NA,NA,NA,NA,NA,NA,NA,NA,NA,NA,NA,NA,NA,NA,NA,NA,NA,NA,NA,NA,NA,99.87,NA,NA,NA,NA,NA,NA,NA,NA,SOFT Coffee,NA,$43.40,NA,NA,NA,NA,NA,NA,NA,NA,NA,NA
Thailand,2024,COE,auction,NA,https://allianceforcoffeeexcellence.org/thailand-2024/,2,2B,NA,90.16,NA,NA,"$4,324.37",TAKAMURA COFFEE ROASTERS by MARUKAI,NA,success,NA,NA,NA,NA,NA,NA,NA,NA,NA,NA,NA,NA,NA,NA,NA,NA,NA,NA,NA,NA,NA,NA,NA,NA,NA,NA,NA,NA,NA,NA,NA,NA,NA,NA,NA,NA,99.87,NA,NA,NA,NA,NA,NA,NA,NA,SOFT Coffee,NA,$43.30,NA,NA,NA,NA,NA,NA,NA,NA,NA,NA
Thailand,2024,COE,auction,NA,https://allianceforcoffeeexcellence.org/thailand-2024/,2,3,NA,89.77,NA,NA,"$4,237.20",Sulalat Coffee Trading,NA,success,NA,NA,NA,NA,NA,NA,NA,NA,NA,NA,NA,NA,NA,NA,NA,NA,NA,NA,NA,NA,NA,NA,NA,NA,NA,NA,NA,NA,NA,NA,NA,NA,NA,NA,NA,NA,150.79,NA,NA,NA,NA,NA,NA,NA,NA,Live Specialty,NA,$28.10,NA,NA,NA,NA,NA,NA,NA,NA,NA,NA
Thailand,2024,COE,auction,NA,https://allianceforcoffeeexcellence.org/thailand-2024/,2,4,NA,89.20,NA,NA,"$3,243.74",ORO ROASTERS (SAUDI ARABIA),NA,success,NA,NA,NA,NA,NA,NA,NA,NA,NA,NA,NA,NA,NA,NA,NA,NA,NA,NA,NA,NA,NA,NA,NA,NA,NA,NA,NA,NA,NA,NA,NA,NA,NA,NA,NA,NA,161.38,NA,NA,NA,NA,NA,NA,NA,NA,yosniyom coffee farm,NA,$20.10,NA,NA,NA,NA,NA,NA,NA,NA,NA,NA
Thailand,2024,COE,auction,NA,https://allianceforcoffeeexcellence.org/thailand-2024/,2,5,NA,88.78,NA,NA,"$2,339.28",TABLA COMPANY LIMITED,NA,success,NA,NA,NA,NA,NA,NA,NA,NA,NA,NA,NA,NA,NA,NA,NA,NA,NA,NA,NA,NA,NA,NA,NA,NA,NA,NA,NA,NA,NA,NA,NA,NA,NA,NA,NA,NA,173.28,NA,NA,NA,NA,NA,NA,NA,NA,Cherdpong Village,NA,$13.50,NA,NA,NA,NA,NA,NA,NA,NA,NA,NA
Thailand,2024,COE,auction,NA,https://allianceforcoffeeexcellence.org/thailand-2024/,2,6,NA,88.75,NA,NA,"$3,820.14",Full Sweet Coffee,NA,success,NA,NA,NA,NA,NA,NA,NA,NA,NA,NA,NA,NA,NA,NA,NA,NA,NA,NA,NA,NA,NA,NA,NA,NA,NA,NA,NA,NA,NA,NA,NA,NA,NA,NA,NA,NA,201.06,NA,NA,NA,NA,NA,NA,NA,NA,Chatchai organic coffee farming,NA,$19.00,NA,NA,NA,NA,NA,NA,NA,NA,NA,NA
Thailand,2024,COE,auction,NA,https://allianceforcoffeeexcellence.org/thailand-2024/,2,7,NA,88.53,NA,NA,"$3,216.89",COFFEE potohoto,NA,success,NA,NA,NA,NA,NA,NA,NA,NA,NA,NA,NA,NA,NA,NA,NA,NA,NA,NA,NA,NA,NA,NA,NA,NA,NA,NA,NA,NA,NA,NA,NA,NA,NA,NA,NA,NA,169.31,NA,NA,NA,NA,NA,NA,NA,NA,Amazingcoffee BY บ้านแม่จันใต้,NA,$19.00,NA,NA,NA,NA,NA,NA,NA,NA,NA,NA
Thailand,2024,COE,auction,NA,https://allianceforcoffeeexcellence.org/thailand-2024/,2,8,NA,88.31,NA,NA,"$4,254.88",taf coffee,NA,success,NA,NA,NA,NA,NA,NA,NA,NA,NA,NA,NA,NA,NA,NA,NA,NA,NA,NA,NA,NA,NA,NA,NA,NA,NA,NA,NA,NA,NA,NA,NA,NA,NA,NA,NA,NA,220.46,NA,NA,NA,NA,NA,NA,NA,NA,Priwon estate,NA,$19.30,NA,NA,NA,NA,NA,NA,NA,NA,NA,NA
Thailand,2024,COE,auction,NA,https://allianceforcoffeeexcellence.org/thailand-2024/,2,9,NA,88.06,NA,NA,"$3,142.92",Campos Coffee,NA,success,NA,NA,NA,NA,NA,NA,NA,NA,NA,NA,NA,NA,NA,NA,NA,NA,NA,NA,NA,NA,NA,NA,NA,NA,NA,NA,NA,NA,NA,NA,NA,NA,NA,NA,NA,NA,190.48,NA,NA,NA,NA,NA,NA,NA,NA,Ma family coffee farm,NA,$16.50,NA,NA,NA,NA,NA,NA,NA,NA,NA,NA
Thailand,2024,COE,auction,NA,https://allianceforcoffeeexcellence.org/thailand-2024/,2,10,NA,87.94,NA,NA,"$5,962.08",Brew92,NA,success,NA,NA,NA,NA,NA,NA,NA,NA,NA,NA,NA,NA,NA,NA,NA,NA,NA,NA,NA,NA,NA,NA,NA,NA,NA,NA,NA,NA,NA,NA,NA,NA,NA,NA,NA,NA,394.84,NA,NA,NA,NA,NA,NA,NA,NA,Soyi,NA,$15.10,NA,NA,NA,NA,NA,NA,NA,NA,NA,NA
Thailand,2024,COE,auction,NA,https://allianceforcoffeeexcellence.org/thailand-2024/,2,11,NA,87.72,NA,NA,"$3,828.73",SHRUB COFFEE by MARUKAI,NA,success,NA,NA,NA,NA,NA,NA,NA,NA,NA,NA,NA,NA,NA,NA,NA,NA,NA,NA,NA,NA,NA,NA,NA,NA,NA,NA,NA,NA,NA,NA,NA,NA,NA,NA,NA,NA,209.22,NA,NA,NA,NA,NA,NA,NA,NA,SOFT Coffee Farm,NA,$18.30,NA,NA,NA,NA,NA,NA,NA,NA,NA,NA
Thailand,2024,COE,auction,NA,https://allianceforcoffeeexcellence.org/thailand-2024/,2,12,NA,87.66,NA,NA,"$2,609.66",Black Knight SA,NA,success,NA,NA,NA,NA,NA,NA,NA,NA,NA,NA,NA,NA,NA,NA,NA,NA,NA,NA,NA,NA,NA,NA,NA,NA,NA,NA,NA,NA,NA,NA,NA,NA,NA,NA,NA,NA,144.18,NA,NA,NA,NA,NA,NA,NA,NA,Ma Family Coffee Farm,NA,$18.10,NA,NA,NA,NA,NA,NA,NA,NA,NA,NA
Thailand,2024,COE,auction,NA,https://allianceforcoffeeexcellence.org/thailand-2024/,2,13,NA,87.63,NA,NA,"$1,713.44",Black Knight SA,NA,success,NA,NA,NA,NA,NA,NA,NA,NA,NA,NA,NA,NA,NA,NA,NA,NA,NA,NA,NA,NA,NA,NA,NA,NA,NA,NA,NA,NA,NA,NA,NA,NA,NA,NA,NA,NA,147.71,NA,NA,NA,NA,NA,NA,NA,NA,Paulo coffee farm-Pangkhon,NA,$11.60,NA,NA,NA,NA,NA,NA,NA,NA,NA,NA
Thailand,2024,COE,auction,NA,https://allianceforcoffeeexcellence.org/thailand-2024/,2,14,NA,87.58,NA,NA,"$2,805.83",Black Knight SA,NA,success,NA,NA,NA,NA,NA,NA,NA,NA,NA,NA,NA,NA,NA,NA,NA,NA,NA,NA,NA,NA,NA,NA,NA,NA,NA,NA,NA,NA,NA,NA,NA,NA,NA,NA,NA,NA,156.75,NA,NA,NA,NA,NA,NA,NA,NA,AKAZA GM FARM,NA,$17.90,NA,NA,NA,NA,NA,NA,NA,NA,NA,NA
Thailand,2024,COE,auction,NA,https://allianceforcoffeeexcellence.org/thailand-2024/,2,15,NA,87.58,NA,NA,"$2,154.24",M.I.Coffee Corporation,NA,success,NA,NA,NA,NA,NA,NA,NA,NA,NA,NA,NA,NA,NA,NA,NA,NA,NA,NA,NA,NA,NA,NA,NA,NA,NA,NA,NA,NA,NA,NA,NA,NA,NA,NA,NA,NA,211.20,NA,NA,NA,NA,NA,NA,NA,NA,PhalaAkha coffee farm,NA,$10.20,NA,NA,NA,NA,NA,NA,NA,NA,NA,NA
Thailand,2024,COE,auction,NA,https://allianceforcoffeeexcellence.org/thailand-2024/,2,16,NA,87.53,NA,NA,"$1,689.52","Wataru & Co., Ltd.",NA,success,NA,NA,NA,NA,NA,NA,NA,NA,NA,NA,NA,NA,NA,NA,NA,NA,NA,NA,NA,NA,NA,NA,NA,NA,NA,NA,NA,NA,NA,NA,NA,NA,NA,NA,NA,NA,172.40,NA,NA,NA,NA,NA,NA,NA,NA,Phayoifarm,NA,$9.80,NA,NA,NA,NA,NA,NA,NA,NA,NA,NA
Thailand,2024,COE,auction,NA,https://allianceforcoffeeexcellence.org/thailand-2024/,2,17,NA,87.47,NA,NA,"$2,022.23","Wataru & Co., Ltd.",NA,success,NA,NA,NA,NA,NA,NA,NA,NA,NA,NA,NA,NA,NA,NA,NA,NA,NA,NA,NA,NA,NA,NA,NA,NA,NA,NA,NA,NA,NA,NA,NA,NA,NA,NA,NA,NA,206.35,NA,NA,NA,NA,NA,NA,NA,NA,Huai wai farm,NA,$9.80,NA,NA,NA,NA,NA,NA,NA,NA,NA,NA
Thailand,2024,COE,auction,NA,https://allianceforcoffeeexcellence.org/thailand-2024/,2,18,NA,87.44,NA,NA,"$2,147.30","ANNA COFFEE ROASTER CO.,LTD.",NA,success,NA,NA,NA,NA,NA,NA,NA,NA,NA,NA,NA,NA,NA,NA,NA,NA,NA,NA,NA,NA,NA,NA,NA,NA,NA,NA,NA,NA,NA,NA,NA,NA,NA,NA,NA,NA,214.73,NA,NA,NA,NA,NA,NA,NA,NA,Priwan coffee farm,NA,$10.00,NA,NA,NA,NA,NA,NA,NA,NA,NA,NA
Thailand,2024,COE,auction,NA,https://allianceforcoffeeexcellence.org/thailand-2024/,2,19,NA,87.33,NA,NA,"$1,823.49","K.V.N. Import Export (1991) Co.,Ltd. (Aroma Group), ALLRIDE – Coffee Roaster , af pheromones café.cnx , Tachaphum Roaster",NA,success,NA,NA,NA,NA,NA,NA,NA,NA,NA,NA,NA,NA,NA,NA,NA,NA,NA,NA,NA,NA,NA,NA,NA,NA,NA,NA,NA,NA,NA,NA,NA,NA,NA,NA,NA,NA,186.07,NA,NA,NA,NA,NA,NA,NA,NA,Hua Ha coffee Farm,NA,$9.80,NA,NA,NA,NA,NA,NA,NA,NA,NA,NA
Thailand,2024,COE,auction,NA,https://allianceforcoffeeexcellence.org/thailand-2024/,2,20,NA,87.28,NA,NA,"$2,053.07","River Phin Coffee Roasters, GoodBoyBob Coffee Roasters",NA,success,NA,NA,NA,NA,NA,NA,NA,NA,NA,NA,NA,NA,NA,NA,NA,NA,NA,NA,NA,NA,NA,NA,NA,NA,NA,NA,NA,NA,NA,NA,NA,NA,NA,NA,NA,NA,165.57,NA,NA,NA,NA,NA,NA,NA,NA,Follow Your Heart Coffee,NA,$12.40,NA,NA,NA,NA,NA,NA,NA,NA,NA,NA
Thailand,2024,COE,auction,NA,https://allianceforcoffeeexcellence.org/thailand-2024/,2,21,NA,87.19,NA,NA,"$1,980.26","Wataru & Co., Ltd.",NA,success,NA,NA,NA,NA,NA,NA,NA,NA,NA,NA,NA,NA,NA,NA,NA,NA,NA,NA,NA,NA,NA,NA,NA,NA,NA,NA,NA,NA,NA,NA,NA,NA,NA,NA,NA,NA,204.15,NA,NA,NA,NA,NA,NA,NA,NA,Uraiwan Farm,NA,$9.70,NA,NA,NA,NA,NA,NA,NA,NA,NA,NA
Thailand,2024,COE,auction,NA,https://allianceforcoffeeexcellence.org/thailand-2024/,2,22,NA,87.14,NA,NA,"$2,082.33",WAVY COFFEE ROASTERS by MARUKAI,NA,success,NA,NA,NA,NA,NA,NA,NA,NA,NA,NA,NA,NA,NA,NA,NA,NA,NA,NA,NA,NA,NA,NA,NA,NA,NA,NA,NA,NA,NA,NA,NA,NA,NA,NA,NA,NA,204.15,NA,NA,NA,NA,NA,NA,NA,NA,Mae-toey,NA,$10.20,NA,NA,NA,NA,NA,NA,NA,NA,NA,NA
Thailand,2024,COE,auction,NA,https://allianceforcoffeeexcellence.org/thailand-2024/,2,23,NA,87.09,NA,NA,"$1,564.46",Wataru for Taniguchi Coffee,NA,success,NA,NA,NA,NA,NA,NA,NA,NA,NA,NA,NA,NA,NA,NA,NA,NA,NA,NA,NA,NA,NA,NA,NA,NA,NA,NA,NA,NA,NA,NA,NA,NA,NA,NA,NA,NA,164.68,NA,NA,NA,NA,NA,NA,NA,NA,Rai DinDee,NA,$9.50,NA,NA,NA,NA,NA,NA,NA,NA,NA,NA
Thailand,2024,COE,auction,NA,https://allianceforcoffeeexcellence.org/thailand-2024/,2,24,NA,87.06,NA,NA,"$2,979.59",Cypher Urban Roastery,NA,success,NA,NA,NA,NA,NA,NA,NA,NA,NA,NA,NA,NA,NA,NA,NA,NA,NA,NA,NA,NA,NA,NA,NA,NA,NA,NA,NA,NA,NA,NA,NA,NA,NA,NA,NA,NA,175.27,NA,NA,NA,NA,NA,NA,NA,NA,DoiTung,NA,$17.00,NA,NA,NA,NA,NA,NA,NA,NA,NA,NA
Thailand,2024,COE,auction,NA,https://allianceforcoffeeexcellence.org/thailand-2024/,2,25,NA,87.05,NA,NA,"$2,320.07","Wataru & Co., Ltd.",NA,success,NA,NA,NA,NA,NA,NA,NA,NA,NA,NA,NA,NA,NA,NA,NA,NA,NA,NA,NA,NA,NA,NA,NA,NA,NA,NA,NA,NA,NA,NA,NA,NA,NA,NA,NA,NA,234.35,NA,NA,NA,NA,NA,NA,NA,NA,Lee family,NA,$9.90,NA,NA,NA,NA,NA,NA,NA,NA,NA,NA
Thailand,2024,COE,auction,NA,https://allianceforcoffeeexcellence.org/thailand-2024/,2,26,NA,87.00,NA,NA,"$2,160.97",Bunah,NA,success,NA,NA,NA,NA,NA,NA,NA,NA,NA,NA,NA,NA,NA,NA,NA,NA,NA,NA,NA,NA,NA,NA,NA,NA,NA,NA,NA,NA,NA,NA,NA,NA,NA,NA,NA,NA,211.86,NA,NA,NA,NA,NA,NA,NA,NA,Saenchai estate,NA,$10.20,NA,NA,NA,NA,NA,NA,NA,NA,NA,NA
Thailand,2024,COE,auction,NA,https://allianceforcoffeeexcellence.org/thailand-2024/,2,27,NA,87.00,NA,NA,"$3,007.52",VAYGA SAS – Kawa Coffee,NA,success,NA,NA,NA,NA,NA,NA,NA,NA,NA,NA,NA,NA,NA,NA,NA,NA,NA,NA,NA,NA,NA,NA,NA,NA,NA,NA,NA,NA,NA,NA,NA,NA,NA,NA,NA,NA,303.79,NA,NA,NA,NA,NA,NA,NA,NA,Naiying Farm,NA,$9.90,NA,NA,NA,NA,NA,NA,NA,NA,NA,NA
Thailand,2024,NW,auction,NA,https://allianceforcoffeeexcellence.org/thailand-2024/,4,NW,NA,86.98,NA,NA,"$1,273.56",Ryans Coffee Roasters,NA,success,NA,NA,NA,NA,NA,NA,NA,NA,NA,NA,NA,NA,NA,NA,NA,NA,NA,NA,NA,NA,NA,NA,NA,NA,NA,NA,NA,NA,NA,NA,NA,NA,NA,NA,NA,NA,208.78,NA,NA,NA,NA,NA,NA,NA,NA,Hoa Ha coffee Farm,NA,$6.10,NA,NA,NA,NA,NA,NA,NA,NA,NA,NA
Thailand,2024,NW,auction,NA,https://allianceforcoffeeexcellence.org/thailand-2024/,4,NW,NA,86.86,NA,NA,"$2,625.08","K.V.N. Import Export (1991) Co., Ltd. (Aroma Group), ALLRIDE – Coffee Roaster",NA,success,NA,NA,NA,NA,NA,NA,NA,NA,NA,NA,NA,NA,NA,NA,NA,NA,NA,NA,NA,NA,NA,NA,NA,NA,NA,NA,NA,NA,NA,NA,NA,NA,NA,NA,NA,NA,194.45,NA,NA,NA,NA,NA,NA,NA,NA,Phupha Estate,NA,$13.50,NA,NA,NA,NA,NA,NA,NA,NA,NA,NA
Thailand,2024,NW,auction,NA,https://allianceforcoffeeexcellence.org/thailand-2024/,4,NW,NA,86.63,NA,NA,$981.29,Bunah,NA,success,NA,NA,NA,NA,NA,NA,NA,NA,NA,NA,NA,NA,NA,NA,NA,NA,NA,NA,NA,NA,NA,NA,NA,NA,NA,NA,NA,NA,NA,NA,NA,NA,NA,NA,NA,NA,188.71,NA,NA,NA,NA,NA,NA,NA,NA,PHALA AKHA COFFEE FARM,NA,$5.20,NA,NA,NA,NA,NA,NA,NA,NA,NA,NA
Thailand,2024,NW,auction,NA,https://allianceforcoffeeexcellence.org/thailand-2024/,4,NW,NA,86.61,NA,NA,"$1,744.42","K.V.N. Import Export (1991) Co.,Ltd. (Aroma Group), ALLRIDE – Coffee Roaster , Tachaphum Roaster",NA,success,NA,NA,NA,NA,NA,NA,NA,NA,NA,NA,NA,NA,NA,NA,NA,NA,NA,NA,NA,NA,NA,NA,NA,NA,NA,NA,NA,NA,NA,NA,NA,NA,NA,NA,NA,NA,242.28,NA,NA,NA,NA,NA,NA,NA,NA,Com back coffee by Mae Jan Tai,NA,$7.20,NA,NA,NA,NA,NA,NA,NA,NA,NA,NA
Brazil,2025,COE,auction,Washed + Honey,https://allianceforcoffeeexcellence.org/brazil-2025/,4,1A,NA,"91,37",NA,NA,$10932.94,"Snow Beans Coffee, YN Coffee",NA,success,NA,NA,NA,NA,NA,NA,NA,NA,NA,NA,NA,NA,NA,NA,NA,NA,NA,NA,NA,NA,NA,NA,NA,NA,NA,NA,NA,NA,NA,NA,NA,NA,NA,NA,NA,NA,198.42lbs,NA,NA,NA,NA,NA,NA,NA,NA,Fazenda Agua Limpa,NA,$55.10/lb,NA,NA,NA,NA,NA,NA,NA,NA,NA,NA
Brazil,2025,COE,auction,Washed + Honey,https://allianceforcoffeeexcellence.org/brazil-2025/,4,1B,NA,"91,37",NA,NA,$8055.85,HoneyCoffee (Izaki Coffee Co. Ltd),NA,success,NA,NA,NA,NA,NA,NA,NA,NA,NA,NA,NA,NA,NA,NA,NA,NA,NA,NA,NA,NA,NA,NA,NA,NA,NA,NA,NA,NA,NA,NA,NA,NA,NA,NA,NA,NA,198.42lbs,NA,NA,NA,NA,NA,NA,NA,NA,Fazenda Agua Limpa,NA,$40.60/lb,NA,NA,NA,NA,NA,NA,NA,NA,NA,NA
Brazil,2025,COE,auction,Washed + Honey,https://allianceforcoffeeexcellence.org/brazil-2025/,4,2,NA,"90,82",NA,NA,$12381.10,Sarutahiko Coffee Inc.,NA,success,NA,NA,NA,NA,NA,NA,NA,NA,NA,NA,NA,NA,NA,NA,NA,NA,NA,NA,NA,NA,NA,NA,NA,NA,NA,NA,NA,NA,NA,NA,NA,NA,NA,NA,NA,NA,793.66lbs,NA,NA,NA,NA,NA,NA,NA,NA,Fazenda Boa Vista,NA,$15.60/lb,NA,NA,NA,NA,NA,NA,NA,NA,NA,NA
Brazil,2025,COE,auction,Washed + Honey,https://allianceforcoffeeexcellence.org/brazil-2025/,4,3,NA,"90,5o",NA,NA,$14762.08,Angelino’s Coffee,NA,success,NA,NA,NA,NA,NA,NA,NA,NA,NA,NA,NA,NA,NA,NA,NA,NA,NA,NA,NA,NA,NA,NA,NA,NA,NA,NA,NA,NA,NA,NA,NA,NA,NA,NA,NA,NA,396.83lbs,NA,NA,NA,NA,NA,NA,NA,NA,Fazenda Água Limpa,NA,$37.20/lb,NA,NA,NA,NA,NA,NA,NA,NA,NA,NA
Brazil,2025,COE,auction,Washed + Honey,https://allianceforcoffeeexcellence.org/brazil-2025/,4,4,NA,"90,08",NA,NA,$6746.11,Vivid Coffee,NA,success,NA,NA,NA,NA,NA,NA,NA,NA,NA,NA,NA,NA,NA,NA,NA,NA,NA,NA,NA,NA,NA,NA,NA,NA,NA,NA,NA,NA,NA,NA,NA,NA,NA,NA,NA,NA,396.83lbs,NA,NA,NA,NA,NA,NA,NA,NA,Sitio Pedro Varinhas,NA,$17.00/lb,NA,NA,NA,NA,NA,NA,NA,NA,NA,NA
Brazil,2025,COE,auction,Washed + Honey,https://allianceforcoffeeexcellence.org/brazil-2025/,4,5,NA,"89,32",NA,NA,$8994.90,MI Coffee Corporation,NA,success,NA,NA,NA,NA,NA,NA,NA,NA,NA,NA,NA,NA,NA,NA,NA,NA,NA,NA,NA,NA,NA,NA,NA,NA,NA,NA,NA,NA,NA,NA,NA,NA,NA,NA,NA,NA,661.39lbs,NA,NA,NA,NA,NA,NA,NA,NA,Fazenda Canastra,NA,$13.60/lb,NA,NA,NA,NA,NA,NA,NA,NA,NA,NA
Brazil,2025,COE,auction,Washed + Honey,https://allianceforcoffeeexcellence.org/brazil-2025/,4,6,NA,"88,34",NA,NA,$9061.04,"Wataru & Co., Ltd.",NA,success,NA,NA,NA,NA,NA,NA,NA,NA,NA,NA,NA,NA,NA,NA,NA,NA,NA,NA,NA,NA,NA,NA,NA,NA,NA,NA,NA,NA,NA,NA,NA,NA,NA,NA,NA,NA,661.39lbs,NA,NA,NA,NA,NA,NA,NA,NA,Sitio Vargem Grande,NA,$13.70/lb,NA,NA,NA,NA,NA,NA,NA,NA,NA,NA
Brazil,2025,COE,auction,Washed + Honey,https://allianceforcoffeeexcellence.org/brazil-2025/,4,7,NA,"88,21",NA,NA,$6031.82,CAFEZA,NA,success,NA,NA,NA,NA,NA,NA,NA,NA,NA,NA,NA,NA,NA,NA,NA,NA,NA,NA,NA,NA,NA,NA,NA,NA,NA,NA,NA,NA,NA,NA,NA,NA,NA,NA,NA,NA,396.83lbs,NA,NA,NA,NA,NA,NA,NA,NA,Fazenda Santa Cecília,NA,$15.20/lb,NA,NA,NA,NA,NA,NA,NA,NA,NA,NA
Brazil,2025,COE,auction,Washed + Honey,https://allianceforcoffeeexcellence.org/brazil-2025/,4,8,NA,"87,71",NA,NA,$5396.89,NOZY COFFEE,NA,success,NA,NA,NA,NA,NA,NA,NA,NA,NA,NA,NA,NA,NA,NA,NA,NA,NA,NA,NA,NA,NA,NA,NA,NA,NA,NA,NA,NA,NA,NA,NA,NA,NA,NA,NA,NA,396.83lbs,NA,NA,NA,NA,NA,NA,NA,NA,Sítio Córrego Frio,NA,$13.60/lb,NA,NA,NA,NA,NA,NA,NA,NA,NA,NA
Brazil,2025,COE,auction,Washed + Honey,https://allianceforcoffeeexcellence.org/brazil-2025/,4,9,NA,"87,42",NA,NA,$8598.07,BP COMMERCE,NA,success,NA,NA,NA,NA,NA,NA,NA,NA,NA,NA,NA,NA,NA,NA,NA,NA,NA,NA,NA,NA,NA,NA,NA,NA,NA,NA,NA,NA,NA,NA,NA,NA,NA,NA,NA,NA,661.39lbs,NA,NA,NA,NA,NA,NA,NA,NA,Sitio Santa Terezinha,NA,$13.00/lb,NA,NA,NA,NA,NA,NA,NA,NA,NA,NA
Brazil,2025,COE,auction,Washed + Honey,https://allianceforcoffeeexcellence.org/brazil-2025/,4,10,NA,"87,37",NA,NA,$9061.04,Fadie Sasaguri Roastery Corporation,NA,success,NA,NA,NA,NA,NA,NA,NA,NA,NA,NA,NA,NA,NA,NA,NA,NA,NA,NA,NA,NA,NA,NA,NA,NA,NA,NA,NA,NA,NA,NA,NA,NA,NA,NA,NA,NA,661.39lbs,NA,NA,NA,NA,NA,NA,NA,NA,Sítio Capadócia Ii,NA,$13.70/lb,NA,NA,NA,NA,NA,NA,NA,NA,NA,NA
Brazil,2025,COE,auction,Natural,https://allianceforcoffeeexcellence.org/brazil-2025/,5,1A,NA,"90,79",NA,NA,$17222.21,"Snow Beans Coffee,ASSIST COFFEE ROASTERY,KURIHARA COFFEE ROASTERS",NA,success,NA,NA,NA,NA,NA,NA,NA,NA,NA,NA,NA,NA,NA,NA,NA,NA,NA,NA,NA,NA,NA,NA,NA,NA,NA,NA,NA,NA,NA,NA,NA,NA,NA,NA,NA,NA,264.55lbs,NA,NA,NA,NA,NA,NA,NA,NA,Fazenda Aracaçu,NA,$65.10/lb,NA,NA,NA,NA,NA,NA,NA,NA,NA,NA
Brazil,2025,COE,auction,Natural,https://allianceforcoffeeexcellence.org/brazil-2025/,5,1B,NA,"90,79",NA,NA,$17195.75,Angelino’s Coffee,NA,success,NA,NA,NA,NA,NA,NA,NA,NA,NA,NA,NA,NA,NA,NA,NA,NA,NA,NA,NA,NA,NA,NA,NA,NA,NA,NA,NA,NA,NA,NA,NA,NA,NA,NA,NA,NA,264.55lbs,NA,NA,NA,NA,NA,NA,NA,NA,Fazenda Aracaçu,NA,$65.00/lb,NA,NA,NA,NA,NA,NA,NA,NA,NA,NA
Brazil,2025,COE,auction,Natural,https://allianceforcoffeeexcellence.org/brazil-2025/,5,2,NA,"90,32",NA,NA,$10000.15,Sarutahiko Coffee Inc.,NA,success,NA,NA,NA,NA,NA,NA,NA,NA,NA,NA,NA,NA,NA,NA,NA,NA,NA,NA,NA,NA,NA,NA,NA,NA,NA,NA,NA,NA,NA,NA,NA,NA,NA,NA,NA,NA,462.97lbs,NA,NA,NA,NA,NA,NA,NA,NA,Fazenda Sucuri,NA,$21.60/lb,NA,NA,NA,NA,NA,NA,NA,NA,NA,NA
Brazil,2025,COE,auction,Natural,https://allianceforcoffeeexcellence.org/brazil-2025/,5,3,NA,"90,11",NA,NA,$10383.82,SENSEL COFFEE,NA,success,NA,NA,NA,NA,NA,NA,NA,NA,NA,NA,NA,NA,NA,NA,NA,NA,NA,NA,NA,NA,NA,NA,NA,NA,NA,NA,NA,NA,NA,NA,NA,NA,NA,NA,NA,NA,661.39lbs,NA,NA,NA,NA,NA,NA,NA,NA,Fazenda Chapadão,NA,$15.70/lb,NA,NA,NA,NA,NA,NA,NA,NA,NA,NA
Brazil,2025,COE,auction,Natural,https://allianceforcoffeeexcellence.org/brazil-2025/,5,4,NA,"89,55",NA,NA,$6031.82,Dongsuh Foods Corporation,NA,success,NA,NA,NA,NA,NA,NA,NA,NA,NA,NA,NA,NA,NA,NA,NA,NA,NA,NA,NA,NA,NA,NA,NA,NA,NA,NA,NA,NA,NA,NA,NA,NA,NA,NA,NA,NA,396.83lbs,NA,NA,NA,NA,NA,NA,NA,NA,Fazenda Olhos D’Água,NA,$15.20/lb,NA,NA,NA,NA,NA,NA,NA,NA,NA,NA
Brazil,2025,COE,auction,Natural,https://allianceforcoffeeexcellence.org/brazil-2025/,5,5,NA,"89,32",NA,NA,$13154.94,"CAMEL COFFEE CO.,LTD. (KALDI COFFEE FARM)",NA,success,NA,NA,NA,NA,NA,NA,NA,NA,NA,NA,NA,NA,NA,NA,NA,NA,NA,NA,NA,NA,NA,NA,NA,NA,NA,NA,NA,NA,NA,NA,NA,NA,NA,NA,NA,NA,859.8lbs,NA,NA,NA,NA,NA,NA,NA,NA,Fazenda Sertão,NA,$15.30/lb,NA,NA,NA,NA,NA,NA,NA,NA,NA,NA
Brazil,2025,COE,auction,Natural,https://allianceforcoffeeexcellence.org/brazil-2025/,5,6,NA,"88,18",NA,NA,$11435.34,honu加藤珈琲店株式会社,NA,success,NA,NA,NA,NA,NA,NA,NA,NA,NA,NA,NA,NA,NA,NA,NA,NA,NA,NA,NA,NA,NA,NA,NA,NA,NA,NA,NA,NA,NA,NA,NA,NA,NA,NA,NA,NA,859.8lbs,NA,NA,NA,NA,NA,NA,NA,NA,Sitio Ponte Alta,NA,$13.30/lb,NA,NA,NA,NA,NA,NA,NA,NA,NA,NA
Brazil,2025,COE,auction,Natural,https://allianceforcoffeeexcellence.org/brazil-2025/,5,7,NA,"88,08",NA,NA,$10403.58,Wataru for TAKAMURA COFFEE ROASTERS,NA,success,NA,NA,NA,NA,NA,NA,NA,NA,NA,NA,NA,NA,NA,NA,NA,NA,NA,NA,NA,NA,NA,NA,NA,NA,NA,NA,NA,NA,NA,NA,NA,NA,NA,NA,NA,NA,859.8lbs,NA,NA,NA,NA,NA,NA,NA,NA,Sitio Ponte Alta,NA,$12.10/lb,NA,NA,NA,NA,NA,NA,NA,NA,NA,NA
Brazil,2025,COE,auction,Natural,https://allianceforcoffeeexcellence.org/brazil-2025/,5,8,NA,"88,05",NA,NA,$5952.45,"Greenoak Coffee,  103 Coffee Roasters",NA,success,NA,NA,NA,NA,NA,NA,NA,NA,NA,NA,NA,NA,NA,NA,NA,NA,NA,NA,NA,NA,NA,NA,NA,NA,NA,NA,NA,NA,NA,NA,NA,NA,NA,NA,NA,NA,396.83lbs,NA,NA,NA,NA,NA,NA,NA,NA,Sítio Santa Fé,NA,$15.00/lb,NA,NA,NA,NA,NA,NA,NA,NA,NA,NA
Brazil,2025,COE,auction,Natural,https://allianceforcoffeeexcellence.org/brazil-2025/,5,9,NA,"87,66",NA,NA,$5509.34,CAFEZA,NA,success,NA,NA,NA,NA,NA,NA,NA,NA,NA,NA,NA,NA,NA,NA,NA,NA,NA,NA,NA,NA,NA,NA,NA,NA,NA,NA,NA,NA,NA,NA,NA,NA,NA,NA,NA,NA,462.97lbs,NA,NA,NA,NA,NA,NA,NA,NA,Fazenda Santa Terezinha,NA,$11.90/lb,NA,NA,NA,NA,NA,NA,NA,NA,NA,NA
Brazil,2025,COE,auction,Natural,https://allianceforcoffeeexcellence.org/brazil-2025/,5,10,NA,"87,58",NA,NA,$9841.38,"Wataru & Co., Ltd.",NA,success,NA,NA,NA,NA,NA,NA,NA,NA,NA,NA,NA,NA,NA,NA,NA,NA,NA,NA,NA,NA,NA,NA,NA,NA,NA,NA,NA,NA,NA,NA,NA,NA,NA,NA,NA,NA,793.66lbs,NA,NA,NA,NA,NA,NA,NA,NA,Fazenda Vale Do Cristal,NA,$12.40/lb,NA,NA,NA,NA,NA,NA,NA,NA,NA,NA
Brazil,2025,COE,auction,Experimental,https://allianceforcoffeeexcellence.org/brazil-2025/,6,1A,NA,"91,68",NA,NA,$12182.99,CAFEZA,NA,success,NA,NA,NA,NA,NA,NA,NA,NA,NA,NA,NA,NA,NA,NA,NA,NA,NA,NA,NA,NA,NA,NA,NA,NA,NA,NA,NA,NA,NA,NA,NA,NA,NA,NA,NA,NA,198.42lbs,NA,NA,NA,NA,NA,NA,NA,NA,Fazenda Rio Verde,NA,$61.40/lb,NA,NA,NA,NA,NA,NA,NA,NA,NA,NA
Brazil,2025,COE,auction,Experimental,https://allianceforcoffeeexcellence.org/brazil-2025/,6,1B,NA,"91,68",NA,NA,$12163.15,DECAMERON COFFEE 十日谈,NA,success,NA,NA,NA,NA,NA,NA,NA,NA,NA,NA,NA,NA,NA,NA,NA,NA,NA,NA,NA,NA,NA,NA,NA,NA,NA,NA,NA,NA,NA,NA,NA,NA,NA,NA,NA,NA,198.42lbs,NA,NA,NA,NA,NA,NA,NA,NA,Fazenda Rio Verde,NA,$61.30/lb,NA,NA,NA,NA,NA,NA,NA,NA,NA,NA
Brazil,2025,COE,auction,Experimental,https://allianceforcoffeeexcellence.org/brazil-2025/,6,2,NA,"91,11",NA,NA,$29894.83,TRUTH ROASTERY,NA,success,NA,NA,NA,NA,NA,NA,NA,NA,NA,NA,NA,NA,NA,NA,NA,NA,NA,NA,NA,NA,NA,NA,NA,NA,NA,NA,NA,NA,NA,NA,NA,NA,NA,NA,NA,NA,661.39lbs,NA,NA,NA,NA,NA,NA,NA,NA,Fazenda Rancho Grande,NA,$45.20/lb,NA,NA,NA,NA,NA,NA,NA,NA,NA,NA
Brazil,2025,COE,auction,Experimental,https://allianceforcoffeeexcellence.org/brazil-2025/,6,3,NA,"90,29",NA,NA,$6746.11,CAFEZA,NA,success,NA,NA,NA,NA,NA,NA,NA,NA,NA,NA,NA,NA,NA,NA,NA,NA,NA,NA,NA,NA,NA,NA,NA,NA,NA,NA,NA,NA,NA,NA,NA,NA,NA,NA,NA,NA,396.83lbs,NA,NA,NA,NA,NA,NA,NA,NA,Sitio Sao Sebastiao,NA,$17.00/lb,NA,NA,NA,NA,NA,NA,NA,NA,NA,NA
Brazil,2025,COE,auction,Experimental,https://allianceforcoffeeexcellence.org/brazil-2025/,6,4,NA,"89,89",NA,NA,$8055.65,"Ryans Coffee Roasters Haodee Coffee Roasters, MAGE COFFEE, Citric meets Malic, Vivid Coffee",NA,success,NA,NA,NA,NA,NA,NA,NA,NA,NA,NA,NA,NA,NA,NA,NA,NA,NA,NA,NA,NA,NA,NA,NA,NA,NA,NA,NA,NA,NA,NA,NA,NA,NA,NA,NA,NA,396.83lbs,NA,NA,NA,NA,NA,NA,NA,NA,Fazenda Olhos D’Água,NA,$20.30/lb,NA,NA,NA,NA,NA,NA,NA,NA,NA,NA
Brazil,2025,COE,auction,Experimental,https://allianceforcoffeeexcellence.org/brazil-2025/,6,5,NA,"89,11",NA,NA,$7453.82,Solberg & Hansen As,NA,success,NA,NA,NA,NA,NA,NA,NA,NA,NA,NA,NA,NA,NA,NA,NA,NA,NA,NA,NA,NA,NA,NA,NA,NA,NA,NA,NA,NA,NA,NA,NA,NA,NA,NA,NA,NA,462.97lbs,NA,NA,NA,NA,NA,NA,NA,NA,Casa Brás,NA,$16.10/lb,NA,NA,NA,NA,NA,NA,NA,NA,NA,NA
Brazil,2025,COE,auction,Experimental,https://allianceforcoffeeexcellence.org/brazil-2025/,6,6,NA,"89,08",NA,NA,$8690.58,Sulalat,NA,success,NA,NA,NA,NA,NA,NA,NA,NA,NA,NA,NA,NA,NA,NA,NA,NA,NA,NA,NA,NA,NA,NA,NA,NA,NA,NA,NA,NA,NA,NA,NA,NA,NA,NA,NA,NA,396.83lbs,NA,NA,NA,NA,NA,NA,NA,NA,Fazenda Abaete Dos Mendes,NA,$21.90/lb,NA,NA,NA,NA,NA,NA,NA,NA,NA,NA
Brazil,2025,COE,auction,Experimental,https://allianceforcoffeeexcellence.org/brazil-2025/,6,7,NA,"88,82",NA,NA,$7460.40,Sulalat,NA,success,NA,NA,NA,NA,NA,NA,NA,NA,NA,NA,NA,NA,NA,NA,NA,NA,NA,NA,NA,NA,NA,NA,NA,NA,NA,NA,NA,NA,NA,NA,NA,NA,NA,NA,NA,NA,396.83lbs,NA,NA,NA,NA,NA,NA,NA,NA,Fazenda Boa Vista De Pinhal 2,NA,$18.80/lb,NA,NA,NA,NA,NA,NA,NA,NA,NA,NA
Brazil,2025,COE,auction,Experimental,https://allianceforcoffeeexcellence.org/brazil-2025/,6,8,NA,"88,37",NA,NA,$7037.14,Ecofarm Coffee(China) for 有容乃大Small Arms Big Heart、CHG（手多多咖啡）、中国武汉铜山里TONGSHANLI COFFEE、Always Coffee Roaster、SOUL BEAN 树本,NA,success,NA,NA,NA,NA,NA,NA,NA,NA,NA,NA,NA,NA,NA,NA,NA,NA,NA,NA,NA,NA,NA,NA,NA,NA,NA,NA,NA,NA,NA,NA,NA,NA,NA,NA,NA,NA,462.97lbs,NA,NA,NA,NA,NA,NA,NA,NA,Fazenda Água Limpa,NA,$15.20/lb,NA,NA,NA,NA,NA,NA,NA,NA,NA,NA
Brazil,2025,COE,auction,Experimental,https://allianceforcoffeeexcellence.org/brazil-2025/,6,9,NA,"88,24",NA,NA,$8015.97,Idle Hands Roasting Co.,NA,success,NA,NA,NA,NA,NA,NA,NA,NA,NA,NA,NA,NA,NA,NA,NA,NA,NA,NA,NA,NA,NA,NA,NA,NA,NA,NA,NA,NA,NA,NA,NA,NA,NA,NA,NA,NA,396.83lbs,NA,NA,NA,NA,NA,NA,NA,NA,Fazenda Das Almas,NA,$20.20/lb,NA,NA,NA,NA,NA,NA,NA,NA,NA,NA
Brazil,2025,COE,auction,Experimental,https://allianceforcoffeeexcellence.org/brazil-2025/,6,10,NA,"88,16",NA,NA,$4841.33,"Wataru & Co., Ltd.",NA,success,NA,NA,NA,NA,NA,NA,NA,NA,NA,NA,NA,NA,NA,NA,NA,NA,NA,NA,NA,NA,NA,NA,NA,NA,NA,NA,NA,NA,NA,NA,NA,NA,NA,NA,NA,NA,396.83lbs,NA,NA,NA,NA,NA,NA,NA,NA,Fazenda Santa Terezinha,NA,$12.20/lb,NA,NA,NA,NA,NA,NA,NA,NA,NA,NA
Brazil,2025,NW,auction,Washed + Honey,https://allianceforcoffeeexcellence.org/brazil-2025/,10,NW,NA,"87,3",NA,NA,$5310.97,"Wataru & Co., Ltd.",NA,success,NA,NA,NA,NA,NA,NA,NA,NA,NA,NA,NA,NA,NA,NA,NA,NA,NA,NA,NA,NA,NA,NA,NA,NA,NA,NA,NA,NA,NA,NA,NA,NA,NA,NA,NA,NA,727.53lbs,NA,NA,NA,NA,NA,NA,NA,NA,Dom Silvério,NA,$7.30/lb,NA,NA,NA,NA,NA,NA,NA,NA,NA,NA
Brazil,2025,NW,auction,Washed + Honey,https://allianceforcoffeeexcellence.org/brazil-2025/,10,NW,NA,"86,2",NA,NA,$5244.78,Savaya Coffee LLC,NA,success,NA,NA,NA,NA,NA,NA,NA,NA,NA,NA,NA,NA,NA,NA,NA,NA,NA,NA,NA,NA,NA,NA,NA,NA,NA,NA,NA,NA,NA,NA,NA,NA,NA,NA,NA,NA,859.8lbs,NA,NA,NA,NA,NA,NA,NA,NA,Fazenda Moinho,NA,$6.10/lb,NA,NA,NA,NA,NA,NA,NA,NA,NA,NA
Brazil,2025,NW,auction,Natural,https://allianceforcoffeeexcellence.org/brazil-2025/,11,NW,NA,"87,60",NA,NA,$5079.42,Savaya Coffee LLC,NA,success,NA,NA,NA,NA,NA,NA,NA,NA,NA,NA,NA,NA,NA,NA,NA,NA,NA,NA,NA,NA,NA,NA,NA,NA,NA,NA,NA,NA,NA,NA,NA,NA,NA,NA,NA,NA,793.66lbs,NA,NA,NA,NA,NA,NA,NA,NA,Fazenda vale encantado,NA,$6.40/lb,NA,NA,NA,NA,NA,NA,NA,NA,NA,NA
Brazil,2025,NW,auction,Natural,https://allianceforcoffeeexcellence.org/brazil-2025/,11,NW,NA,"87,00",NA,NA,$2380.98,ROAST Cafés,NA,success,NA,NA,NA,NA,NA,NA,NA,NA,NA,NA,NA,NA,NA,NA,NA,NA,NA,NA,NA,NA,NA,NA,NA,NA,NA,NA,NA,NA,NA,NA,NA,NA,NA,NA,NA,NA,396.83lbs,NA,NA,NA,NA,NA,NA,NA,NA,Fazenda Barra Funda,NA,$6.00/lb,NA,NA,NA,NA,NA,NA,NA,NA,NA,NA
Brazil,2025,NW,auction,Natural,https://allianceforcoffeeexcellence.org/brazil-2025/,11,NW,NA,"86,90",NA,NA,$2440.50,CAFEZA,NA,success,NA,NA,NA,NA,NA,NA,NA,NA,NA,NA,NA,NA,NA,NA,NA,NA,NA,NA,NA,NA,NA,NA,NA,NA,NA,NA,NA,NA,NA,NA,NA,NA,NA,NA,NA,NA,396.83lbs,NA,NA,NA,NA,NA,NA,NA,NA,Vista Alegre,NA,$6.15/lb,NA,NA,NA,NA,NA,NA,NA,NA,NA,NA
Brazil,2025,NW,auction,Experimental,https://allianceforcoffeeexcellence.org/brazil-2025/,12,NW,NA,"87,9",NA,NA,$3287.09,Savaya Coffee LLC,NA,success,NA,NA,NA,NA,NA,NA,NA,NA,NA,NA,NA,NA,NA,NA,NA,NA,NA,NA,NA,NA,NA,NA,NA,NA,NA,NA,NA,NA,NA,NA,NA,NA,NA,NA,NA,NA,462.97lbs,NA,NA,NA,NA,NA,NA,NA,NA,Sitio Da Serra,NA,$7.10/lb,NA,NA,NA,NA,NA,NA,NA,NA,NA,NA
Brazil,2025,NW,auction,Experimental,https://allianceforcoffeeexcellence.org/brazil-2025/,12,NW,NA,"87,8",NA,NA,$2420.66,Vivid Coffee,NA,success,NA,NA,NA,NA,NA,NA,NA,NA,NA,NA,NA,NA,NA,NA,NA,NA,NA,NA,NA,NA,NA,NA,NA,NA,NA,NA,NA,NA,NA,NA,NA,NA,NA,NA,NA,NA,396.83lbs,NA,NA,NA,NA,NA,NA,NA,NA,Fazenda Samambaia,NA,$6.10/lb,NA,NA,NA,NA,NA,NA,NA,NA,NA,NA
Brazil,2025,NW,auction,Experimental,https://allianceforcoffeeexcellence.org/brazil-2025/,12,NW,NA,"87,3",NA,NA,$2380.98,CAFEZA,NA,success,NA,NA,NA,NA,NA,NA,NA,NA,NA,NA,NA,NA,NA,NA,NA,NA,NA,NA,NA,NA,NA,NA,NA,NA,NA,NA,NA,NA,NA,NA,NA,NA,NA,NA,NA,NA,396.83lbs,NA,NA,NA,NA,NA,NA,NA,NA,Fazenda Queixadas,NA,$6.00/lb,NA,NA,NA,NA,NA,NA,NA,NA,NA,NA
Brazil,2025,NW,auction,Experimental,https://allianceforcoffeeexcellence.org/brazil-2025/,12,NW,NA,"87,2",NA,NA,$2817.49,Savaya Coffee LLC,NA,success,NA,NA,NA,NA,NA,NA,NA,NA,NA,NA,NA,NA,NA,NA,NA,NA,NA,NA,NA,NA,NA,NA,NA,NA,NA,NA,NA,NA,NA,NA,NA,NA,NA,NA,NA,NA,396.83lbs,NA,NA,NA,NA,NA,NA,NA,NA,Sítio Mãe Da Providência,NA,$7.10/lb,NA,NA,NA,NA,NA,NA,NA,NA,NA,NA
Costa Rica,2025,COE,auction,Traditional Washed Processes,https://allianceforcoffeeexcellence.org/costa-rica-2025/,4,1A,Vista Paraiso,"90,63",NA,NA,$26554.41,NA,NA,success,NA,NA,NA,NA,NA,NA,NA,NA,NA,NA,NA,NA,NA,NA,NA,NA,NA,NA,NA,NA,NA,NA,NA,NA,NA,NA,NA,NA,NA,NA,NA,NA,NA,NA,NA,NA,NA,NA,NA,NA,NA,NA,NA,NA,NA,NA,NA,NA,NA,NA,NA,NA,330.69lbs,$80.30/lb,"YN coffee for Beanner Coffee(China), Taste Trigger Limited (Hongkong), AllYouWant Coffee (China), Superbeans Import 超级豆子(China), Coffee Me Up Coffee(Korea)",NA,NA,NA
Costa Rica,2025,COE,auction,Traditional Washed Processes,https://allianceforcoffeeexcellence.org/costa-rica-2025/,4,1B,Vista Paraiso,"90,63",NA,NA,$21216.91,NA,NA,success,NA,NA,NA,NA,NA,NA,NA,NA,NA,NA,NA,NA,NA,NA,NA,NA,NA,NA,NA,NA,NA,NA,NA,NA,NA,NA,NA,NA,NA,NA,NA,NA,NA,NA,NA,NA,NA,NA,NA,NA,NA,NA,NA,NA,NA,NA,NA,NA,NA,NA,NA,NA,264.55lbs,$80.20/lb,nam·e Coffee Roaster、Whisper’s Taste饕選咖啡、GeeCoffee、CHG（手多多咖啡）、FISHER COFFEE啡舍 bid by Ecofarm Coffee (China),NA,NA,NA
Costa Rica,2025,COE,auction,Traditional Washed Processes,https://allianceforcoffeeexcellence.org/costa-rica-2025/,4,2,Volcan Azul Hacienda Colima,"90,09",NA,NA,$20992.28,NA,NA,success,NA,NA,NA,NA,NA,NA,NA,NA,NA,NA,NA,NA,NA,NA,NA,NA,NA,NA,NA,NA,NA,NA,NA,NA,NA,NA,NA,NA,NA,NA,NA,NA,NA,NA,NA,NA,NA,NA,NA,NA,NA,NA,NA,NA,NA,NA,NA,NA,NA,NA,NA,NA,760.59lbs,$27.60/lb,"0566 珈琲製作所/ 0566 COFFEE 、FISHER COFFEE啡舍、中国武汉铜山里TONGSHANLI COFFEE、有容乃大Small Arms Big Heart、Title coffee、Whisper’s Taste饕選咖啡、穷学生小李LL Roastery&青逸贸易QingYi Trading Co., Ltd bid by Ecofarm Coffee (China)",NA,NA,NA
Costa Rica,2025,COE,auction,Traditional Washed Processes,https://allianceforcoffeeexcellence.org/costa-rica-2025/,4,3,La Torre,"89,59",NA,NA,$24537.57,NA,NA,success,NA,NA,NA,NA,NA,NA,NA,NA,NA,NA,NA,NA,NA,NA,NA,NA,NA,NA,NA,NA,NA,NA,NA,NA,NA,NA,NA,NA,NA,NA,NA,NA,NA,NA,NA,NA,NA,NA,NA,NA,NA,NA,NA,NA,NA,NA,NA,NA,NA,NA,NA,NA,661.39lbs,$37.10/lb,GESHARY COFFEE,NA,NA,NA
Costa Rica,2025,COE,auction,Traditional Washed Processes,https://allianceforcoffeeexcellence.org/costa-rica-2025/,4,4,Kizuna,"88,81",NA,NA,$13690.70,NA,NA,success,NA,NA,NA,NA,NA,NA,NA,NA,NA,NA,NA,NA,NA,NA,NA,NA,NA,NA,NA,NA,NA,NA,NA,NA,NA,NA,NA,NA,NA,NA,NA,NA,NA,NA,NA,NA,NA,NA,NA,NA,NA,NA,NA,NA,NA,NA,NA,NA,NA,NA,NA,NA,496.04lbs,$27.60/lb,NOZY COFFEE,NA,NA,NA
Costa Rica,2025,COE,auction,Traditional Washed Processes,https://allianceforcoffeeexcellence.org/costa-rica-2025/,4,5,Don Joaquin,"88,78",NA,NA,$22969.82,NA,NA,success,NA,NA,NA,NA,NA,NA,NA,NA,NA,NA,NA,NA,NA,NA,NA,NA,NA,NA,NA,NA,NA,NA,NA,NA,NA,NA,NA,NA,NA,NA,NA,NA,NA,NA,NA,NA,NA,NA,NA,NA,NA,NA,NA,NA,NA,NA,NA,NA,NA,NA,NA,NA,760.59lbs,$30.20/lb,Brew92 Cafe & Roastery,NA,NA,NA
Costa Rica,2025,COE,auction,Traditional Washed Processes,https://allianceforcoffeeexcellence.org/costa-rica-2025/,4,6,El Cedro,"88,66",NA,NA,$22133.17,NA,NA,success,NA,NA,NA,NA,NA,NA,NA,NA,NA,NA,NA,NA,NA,NA,NA,NA,NA,NA,NA,NA,NA,NA,NA,NA,NA,NA,NA,NA,NA,NA,NA,NA,NA,NA,NA,NA,NA,NA,NA,NA,NA,NA,NA,NA,NA,NA,NA,NA,NA,NA,NA,NA,760.59lbs,$29.10/lb,Angelino’s Coffee,NA,NA,NA
Costa Rica,2025,COE,auction,Traditional Washed Processes,https://allianceforcoffeeexcellence.org/costa-rica-2025/,4,7,Santa Teresa,"88,63",NA,NA,$21068.34,NA,NA,success,NA,NA,NA,NA,NA,NA,NA,NA,NA,NA,NA,NA,NA,NA,NA,NA,NA,NA,NA,NA,NA,NA,NA,NA,NA,NA,NA,NA,NA,NA,NA,NA,NA,NA,NA,NA,NA,NA,NA,NA,NA,NA,NA,NA,NA,NA,NA,NA,NA,NA,NA,NA,760.59lbs,$27.70/lb,"Prodigal Coffee, Idle Hands Roasting Co.",NA,NA,NA
Costa Rica,2025,COE,auction,Traditional Washed Processes,https://allianceforcoffeeexcellence.org/costa-rica-2025/,4,8,Hacienda Copey – Itadaki,"87,53",NA,NA,$23357.72,NA,NA,success,NA,NA,NA,NA,NA,NA,NA,NA,NA,NA,NA,NA,NA,NA,NA,NA,NA,NA,NA,NA,NA,NA,NA,NA,NA,NA,NA,NA,NA,NA,NA,NA,NA,NA,NA,NA,NA,NA,NA,NA,NA,NA,NA,NA,NA,NA,NA,NA,NA,NA,NA,NA,760.59lbs,$30.71/lb,"REC COFFEE, TAOCA COFFEE, GESHARY COFFEE",NA,NA,NA
Costa Rica,2025,COE,auction,Traditional Washed Processes,https://allianceforcoffeeexcellence.org/costa-rica-2025/,4,9,Emanuel,"87,5",NA,NA,$23125.28,NA,NA,success,NA,NA,NA,NA,NA,NA,NA,NA,NA,NA,NA,NA,NA,NA,NA,NA,NA,NA,NA,NA,NA,NA,NA,NA,NA,NA,NA,NA,NA,NA,NA,NA,NA,NA,NA,NA,NA,NA,NA,NA,NA,NA,NA,NA,NA,NA,NA,NA,NA,NA,NA,NA,"1,223.56lbs",$18.90/lb,honu加藤珈琲店株式会社,NA,NA,NA
Costa Rica,2025,COE,auction,Traditional Washed Processes,https://allianceforcoffeeexcellence.org/costa-rica-2025/,4,10,La Pastora – Don Eli,"87,22",NA,NA,$10972.39,NA,NA,success,NA,NA,NA,NA,NA,NA,NA,NA,NA,NA,NA,NA,NA,NA,NA,NA,NA,NA,NA,NA,NA,NA,NA,NA,NA,NA,NA,NA,NA,NA,NA,NA,NA,NA,NA,NA,NA,NA,NA,NA,NA,NA,NA,NA,NA,NA,NA,NA,NA,NA,NA,NA,462.97lbs,$23.70/lb,"GSC International Co., Ltd.",NA,NA,NA
Costa Rica,2025,COE,auction,Traditional Honey & Natural Processes,https://allianceforcoffeeexcellence.org/costa-rica-2025/,5,1A,La Cusuka,"91,22",NA,NA,$36111.53,NA,NA,success,NA,NA,NA,NA,NA,NA,NA,NA,NA,NA,NA,NA,NA,NA,NA,NA,NA,NA,NA,NA,NA,NA,NA,NA,NA,NA,NA,NA,NA,NA,NA,NA,NA,NA,NA,NA,NA,NA,NA,NA,NA,NA,NA,NA,NA,NA,NA,NA,NA,NA,NA,NA,396.83lbs,$91.00/lb,Black Knight,NA,NA,NA
Costa Rica,2025,COE,auction,Traditional Honey & Natural Processes,https://allianceforcoffeeexcellence.org/costa-rica-2025/,5,1B,La Cusuka,"91,22",NA,NA,$29927.45,NA,NA,success,NA,NA,NA,NA,NA,NA,NA,NA,NA,NA,NA,NA,NA,NA,NA,NA,NA,NA,NA,NA,NA,NA,NA,NA,NA,NA,NA,NA,NA,NA,NA,NA,NA,NA,NA,NA,NA,NA,NA,NA,NA,NA,NA,NA,NA,NA,NA,NA,NA,NA,NA,NA,330.69lbs,$90.50/lb,TRUTH ROASTERY,NA,NA,NA
Costa Rica,2025,COE,auction,Traditional Honey & Natural Processes,https://allianceforcoffeeexcellence.org/costa-rica-2025/,5,2,Hsil – Arcoiris,"89,72",NA,NA,$13981.69,NA,NA,success,NA,NA,NA,NA,NA,NA,NA,NA,NA,NA,NA,NA,NA,NA,NA,NA,NA,NA,NA,NA,NA,NA,NA,NA,NA,NA,NA,NA,NA,NA,NA,NA,NA,NA,NA,NA,NA,NA,NA,NA,NA,NA,NA,NA,NA,NA,NA,NA,NA,NA,NA,NA,462.97lbs,$30.20/lb,DECAMERON COFFEE 十日谈,NA,NA,NA
Costa Rica,2025,COE,auction,Traditional Honey & Natural Processes,https://allianceforcoffeeexcellence.org/costa-rica-2025/,5,3,Don Cayito,"89,53",NA,NA,$21031.99,NA,NA,success,NA,NA,NA,NA,NA,NA,NA,NA,NA,NA,NA,NA,NA,NA,NA,NA,NA,NA,NA,NA,NA,NA,NA,NA,NA,NA,NA,NA,NA,NA,NA,NA,NA,NA,NA,NA,NA,NA,NA,NA,NA,NA,NA,NA,NA,NA,NA,NA,NA,NA,NA,NA,793.66lbs,$26.50/lb,"Blossom Valley Intl, TWO HANDS FULL (Indonesia), Little Whale Coffee, Citric meets Malic, GABEE COFFEE, E.R. CORPORATION(이알코퍼레이션), Artisan Roast Ltd, GLITCH COFFEE&ROASTERS, S.O.E COFFEE",NA,NA,NA
Costa Rica,2025,COE,auction,Traditional Honey & Natural Processes,https://allianceforcoffeeexcellence.org/costa-rica-2025/,5,4,El Centro,"89,5",NA,NA,$14755.45,NA,NA,success,NA,NA,NA,NA,NA,NA,NA,NA,NA,NA,NA,NA,NA,NA,NA,NA,NA,NA,NA,NA,NA,NA,NA,NA,NA,NA,NA,NA,NA,NA,NA,NA,NA,NA,NA,NA,NA,NA,NA,NA,NA,NA,NA,NA,NA,NA,NA,NA,NA,NA,NA,NA,760.59lbs,$19.40/lb,Brew92 Cafe & Roastery,NA,NA,NA
Costa Rica,2025,COE,auction,Traditional Honey & Natural Processes,https://allianceforcoffeeexcellence.org/costa-rica-2025/,5,5,La Bandera,"89,47",NA,NA,$45761.14,NA,NA,success,NA,NA,NA,NA,NA,NA,NA,NA,NA,NA,NA,NA,NA,NA,NA,NA,NA,NA,NA,NA,NA,NA,NA,NA,NA,NA,NA,NA,NA,NA,NA,NA,NA,NA,NA,NA,NA,NA,NA,NA,NA,NA,NA,NA,NA,NA,NA,NA,NA,NA,NA,NA,"1,223.56lbs",$37.40/lb,Black Knight,NA,NA,NA
Costa Rica,2025,COE,auction,Traditional Honey & Natural Processes,https://allianceforcoffeeexcellence.org/costa-rica-2025/,5,6,La Isla,"88,66",NA,NA,$24911.13,NA,NA,success,NA,NA,NA,NA,NA,NA,NA,NA,NA,NA,NA,NA,NA,NA,NA,NA,NA,NA,NA,NA,NA,NA,NA,NA,NA,NA,NA,NA,NA,NA,NA,NA,NA,NA,NA,NA,NA,NA,NA,NA,NA,NA,NA,NA,NA,NA,NA,NA,NA,NA,NA,NA,992.08lbs,$25.11/lb,Terarosa (Haksan Co.Ltd),NA,NA,NA
Costa Rica,2025,COE,auction,Traditional Honey & Natural Processes,https://allianceforcoffeeexcellence.org/costa-rica-2025/,5,7,Las Nubes,"88,63",NA,NA,$17437.89,NA,NA,success,NA,NA,NA,NA,NA,NA,NA,NA,NA,NA,NA,NA,NA,NA,NA,NA,NA,NA,NA,NA,NA,NA,NA,NA,NA,NA,NA,NA,NA,NA,NA,NA,NA,NA,NA,NA,NA,NA,NA,NA,NA,NA,NA,NA,NA,NA,NA,NA,NA,NA,NA,NA,694.46lbs,$25.11/lb,"CAMEL COFFEE CO.,LTD. (KALDI COFFEE FARM)",NA,NA,NA
Costa Rica,2025,COE,auction,Traditional Honey & Natural Processes,https://allianceforcoffeeexcellence.org/costa-rica-2025/,5,8,Leoncio,"88,47",NA,NA,$10449.96,NA,NA,success,NA,NA,NA,NA,NA,NA,NA,NA,NA,NA,NA,NA,NA,NA,NA,NA,NA,NA,NA,NA,NA,NA,NA,NA,NA,NA,NA,NA,NA,NA,NA,NA,NA,NA,NA,NA,NA,NA,NA,NA,NA,NA,NA,NA,NA,NA,NA,NA,NA,NA,NA,NA,661.39lbs,$15.80/lb,"Wataru & Co., Ltd.",NA,NA,NA
Costa Rica,2025,COE,auction,Traditional Honey & Natural Processes,https://allianceforcoffeeexcellence.org/costa-rica-2025/,5,9,La Torre,"88,28",NA,NA,$11666.90,NA,NA,success,NA,NA,NA,NA,NA,NA,NA,NA,NA,NA,NA,NA,NA,NA,NA,NA,NA,NA,NA,NA,NA,NA,NA,NA,NA,NA,NA,NA,NA,NA,NA,NA,NA,NA,NA,NA,NA,NA,NA,NA,NA,NA,NA,NA,NA,NA,NA,NA,NA,NA,NA,NA,595.25lbs,$19.60/lb,slope roastery,NA,NA,NA
Costa Rica,2025,COE,auction,Traditional Honey & Natural Processes,https://allianceforcoffeeexcellence.org/costa-rica-2025/,5,10,El Cusuco,"88,13",NA,NA,$42212.82,NA,NA,success,NA,NA,NA,NA,NA,NA,NA,NA,NA,NA,NA,NA,NA,NA,NA,NA,NA,NA,NA,NA,NA,NA,NA,NA,NA,NA,NA,NA,NA,NA,NA,NA,NA,NA,NA,NA,NA,NA,NA,NA,NA,NA,NA,NA,NA,NA,NA,NA,NA,NA,NA,NA,"1,223.56lbs",$34.50/lb,Sulalat,NA,NA,NA
Costa Rica,2025,COE,auction,Experimental,https://allianceforcoffeeexcellence.org/costa-rica-2025/,6,1A,Finca Voo,"90,47",NA,NA,$27063.81,NA,NA,success,NA,NA,NA,NA,NA,NA,NA,NA,NA,NA,NA,NA,NA,NA,NA,NA,NA,NA,NA,NA,NA,NA,NA,NA,NA,NA,NA,NA,NA,NA,NA,NA,NA,NA,NA,NA,NA,NA,NA,NA,NA,NA,NA,NA,NA,NA,NA,NA,NA,NA,NA,NA,396.83lbs,$68.20/lb,"Saerin co.,Ltd (MOGIPOGROUND)",NA,NA,NA
Costa Rica,2025,COE,auction,Experimental,https://allianceforcoffeeexcellence.org/costa-rica-2025/,6,1B,Finca Voo,"90,47",NA,NA,$23181.37,NA,NA,success,NA,NA,NA,NA,NA,NA,NA,NA,NA,NA,NA,NA,NA,NA,NA,NA,NA,NA,NA,NA,NA,NA,NA,NA,NA,NA,NA,NA,NA,NA,NA,NA,NA,NA,NA,NA,NA,NA,NA,NA,NA,NA,NA,NA,NA,NA,NA,NA,NA,NA,NA,NA,330.69lbs,$70.10/lb,"Wolfing Coffee, 北京深浅白贸易有限公司（BEIJING DEEP LIGHT WHITE TRADING CO .LTD, 武咖骑士（CHIVALROAST), 王子辰（Victor), 何浚豪（ADAN）",NA,NA,NA
Costa Rica,2025,COE,auction,Experimental,https://allianceforcoffeeexcellence.org/costa-rica-2025/,6,2,La Corona,"89,88",NA,NA,$20370.56,NA,NA,success,NA,NA,NA,NA,NA,NA,NA,NA,NA,NA,NA,NA,NA,NA,NA,NA,NA,NA,NA,NA,NA,NA,NA,NA,NA,NA,NA,NA,NA,NA,NA,NA,NA,NA,NA,NA,NA,NA,NA,NA,NA,NA,NA,NA,NA,NA,NA,NA,NA,NA,NA,NA,727.52lbs,$28.00/lb,Ghost Roasters,NA,NA,NA
Costa Rica,2025,COE,auction,Experimental,https://allianceforcoffeeexcellence.org/costa-rica-2025/,6,3,Hsil – Don Dario,"89,59",NA,NA,$14560.46,NA,NA,success,NA,NA,NA,NA,NA,NA,NA,NA,NA,NA,NA,NA,NA,NA,NA,NA,NA,NA,NA,NA,NA,NA,NA,NA,NA,NA,NA,NA,NA,NA,NA,NA,NA,NA,NA,NA,NA,NA,NA,NA,NA,NA,NA,NA,NA,NA,NA,NA,NA,NA,NA,NA,562.18lbs,$25.90/lb,WOLF ROASTERY,NA,NA,NA
Costa Rica,2025,COE,auction,Experimental,https://allianceforcoffeeexcellence.org/costa-rica-2025/,6,4,Don Joel,"88,94",NA,NA,$17870.64,NA,NA,success,NA,NA,NA,NA,NA,NA,NA,NA,NA,NA,NA,NA,NA,NA,NA,NA,NA,NA,NA,NA,NA,NA,NA,NA,NA,NA,NA,NA,NA,NA,NA,NA,NA,NA,NA,NA,NA,NA,NA,NA,NA,NA,NA,NA,NA,NA,NA,NA,NA,NA,NA,NA,925.94lbs,$19.30/lb,"Wataru & Co., Ltd.",NA,NA,NA
Costa Rica,2025,COE,auction,Experimental,https://allianceforcoffeeexcellence.org/costa-rica-2025/,6,5,El Burio,"88,59",NA,NA,$16732.98,NA,NA,success,NA,NA,NA,NA,NA,NA,NA,NA,NA,NA,NA,NA,NA,NA,NA,NA,NA,NA,NA,NA,NA,NA,NA,NA,NA,NA,NA,NA,NA,NA,NA,NA,NA,NA,NA,NA,NA,NA,NA,NA,NA,NA,NA,NA,NA,NA,NA,NA,NA,NA,NA,NA,760.59lbs,$22.00/lb,NOZY COFFEE,NA,NA,NA
Costa Rica,2025,COE,auction,Experimental,https://allianceforcoffeeexcellence.org/costa-rica-2025/,6,6,Bendición,"88,44",NA,NA,$24414.94,NA,NA,success,NA,NA,NA,NA,NA,NA,NA,NA,NA,NA,NA,NA,NA,NA,NA,NA,NA,NA,NA,NA,NA,NA,NA,NA,NA,NA,NA,NA,NA,NA,NA,NA,NA,NA,NA,NA,NA,NA,NA,NA,NA,NA,NA,NA,NA,NA,NA,NA,NA,NA,NA,NA,760.59lbs,$32.10/lb,Caffe dal 1927 kft.,NA,NA,NA
Costa Rica,2025,COE,auction,Experimental,https://allianceforcoffeeexcellence.org/costa-rica-2025/,6,7,Los Pinos,"88,13",NA,NA,$12473.68,NA,NA,success,NA,NA,NA,NA,NA,NA,NA,NA,NA,NA,NA,NA,NA,NA,NA,NA,NA,NA,NA,NA,NA,NA,NA,NA,NA,NA,NA,NA,NA,NA,NA,NA,NA,NA,NA,NA,NA,NA,NA,NA,NA,NA,NA,NA,NA,NA,NA,NA,NA,NA,NA,NA,760.59lbs,$16.40/lb,"Wataru & Co., Ltd.",NA,NA,NA
Costa Rica,2025,COE,auction,Experimental,https://allianceforcoffeeexcellence.org/costa-rica-2025/,6,8,Volcan Azul,"87,81",NA,NA,$13895.63,NA,NA,success,NA,NA,NA,NA,NA,NA,NA,NA,NA,NA,NA,NA,NA,NA,NA,NA,NA,NA,NA,NA,NA,NA,NA,NA,NA,NA,NA,NA,NA,NA,NA,NA,NA,NA,NA,NA,NA,NA,NA,NA,NA,NA,NA,NA,NA,NA,NA,NA,NA,NA,NA,NA,727.52lbs,$19.10/lb,Brew92 Cafe & Roastery,NA,NA,NA
Costa Rica,2025,COE,auction,Experimental,https://allianceforcoffeeexcellence.org/costa-rica-2025/,6,9,Don Joaquin,"87,78",NA,NA,$15287.86,NA,NA,success,NA,NA,NA,NA,NA,NA,NA,NA,NA,NA,NA,NA,NA,NA,NA,NA,NA,NA,NA,NA,NA,NA,NA,NA,NA,NA,NA,NA,NA,NA,NA,NA,NA,NA,NA,NA,NA,NA,NA,NA,NA,NA,NA,NA,NA,NA,NA,NA,NA,NA,NA,NA,760.59lbs,$20.10/lb,"Wataru & Co., Ltd.",NA,NA,NA
Costa Rica,2025,COE,auction,Experimental,https://allianceforcoffeeexcellence.org/costa-rica-2025/,6,10,Don Eli,"87,47",NA,NA,$15344.25,NA,NA,success,NA,NA,NA,NA,NA,NA,NA,NA,NA,NA,NA,NA,NA,NA,NA,NA,NA,NA,NA,NA,NA,NA,NA,NA,NA,NA,NA,NA,NA,NA,NA,NA,NA,NA,NA,NA,NA,NA,NA,NA,NA,NA,NA,NA,NA,NA,NA,NA,NA,NA,NA,NA,661.39lbs,$23.20/lb,C&B coffee roasters,NA,NA,NA
El Salvador,2025,COE,auction,Washed + Honey,https://allianceforcoffeeexcellence.org/el-salvador-2025/,4,1A,Santa Rosa,"90,93",NA,NA,$8219.40,NA,NA,success,NA,NA,NA,NA,NA,NA,NA,NA,NA,NA,NA,NA,NA,NA,NA,NA,NA,NA,NA,NA,NA,NA,NA,NA,NA,NA,NA,NA,NA,NA,NA,NA,NA,NA,NA,NA,NA,NA,NA,NA,NA,NA,NA,NA,NA,NA,NA,NA,NA,NA,NA,NA,199.5lbs,$41.20/lb,CHG（手多多咖啡），Boqueron coffee火萨，S.O.E Coffee 八平方咖啡,NA,NA,NA
El Salvador,2025,COE,auction,Washed + Honey,https://allianceforcoffeeexcellence.org/el-salvador-2025/,4,1B,Santa Rosa,"90,93",NA,NA,$8398.95,NA,NA,success,NA,NA,NA,NA,NA,NA,NA,NA,NA,NA,NA,NA,NA,NA,NA,NA,NA,NA,NA,NA,NA,NA,NA,NA,NA,NA,NA,NA,NA,NA,NA,NA,NA,NA,NA,NA,NA,NA,NA,NA,NA,NA,NA,NA,NA,NA,NA,NA,NA,NA,NA,NA,199.5lbs,$42.10/lb,Huracan Coffee (Sviezia Kava),NA,NA,NA
El Salvador,2025,COE,auction,Washed + Honey,https://allianceforcoffeeexcellence.org/el-salvador-2025/,4,2,Los Morales,"90,57",NA,NA,$18068.60,NA,NA,success,NA,NA,NA,NA,NA,NA,NA,NA,NA,NA,NA,NA,NA,NA,NA,NA,NA,NA,NA,NA,NA,NA,NA,NA,NA,NA,NA,NA,NA,NA,NA,NA,NA,NA,NA,NA,NA,NA,NA,NA,NA,NA,NA,NA,NA,NA,NA,NA,NA,NA,NA,NA,946lbs,$19.10/lb,"YN coffee for Beanner Coffee (China), ACE GROWTH LIMITED上海瑜钭实业有限公司, AllYouWant Coffee (China), Mowent Coffee Roasters (China), 4mins coffee (China) , Hainan Free Trade Zone Viva Trading Company Ltd",NA,NA,NA
El Salvador,2025,COE,auction,Washed + Honey,https://allianceforcoffeeexcellence.org/el-salvador-2025/,4,3,Los Naranjos,"90,02",NA,NA,$23254.40,NA,NA,success,NA,NA,NA,NA,NA,NA,NA,NA,NA,NA,NA,NA,NA,NA,NA,NA,NA,NA,NA,NA,NA,NA,NA,NA,NA,NA,NA,NA,NA,NA,NA,NA,NA,NA,NA,NA,NA,NA,NA,NA,NA,NA,NA,NA,NA,NA,NA,NA,NA,NA,NA,NA,416lbs,$55.90/lb,MOMOS COFFEE,NA,NA,NA
El Salvador,2025,COE,auction,Washed + Honey,https://allianceforcoffeeexcellence.org/el-salvador-2025/,4,4,La Esperanza,"89,55",NA,NA,$9153.00,NA,NA,success,NA,NA,NA,NA,NA,NA,NA,NA,NA,NA,NA,NA,NA,NA,NA,NA,NA,NA,NA,NA,NA,NA,NA,NA,NA,NA,NA,NA,NA,NA,NA,NA,NA,NA,NA,NA,NA,NA,NA,NA,NA,NA,NA,NA,NA,NA,NA,NA,NA,NA,NA,NA,339lbs,$27.00/lb,Huracan Coffee (Sviezia Kava),NA,NA,NA
El Salvador,2025,COE,auction,Washed + Honey,https://allianceforcoffeeexcellence.org/el-salvador-2025/,4,,Miramar,"88,88",NA,NA,$5467.20,NA,NA,success,NA,NA,NA,NA,NA,NA,NA,NA,NA,NA,NA,NA,NA,NA,NA,NA,NA,NA,NA,NA,NA,NA,NA,NA,NA,NA,NA,NA,NA,NA,NA,NA,NA,NA,NA,NA,NA,NA,NA,NA,NA,NA,NA,NA,NA,NA,NA,NA,NA,NA,NA,NA,272lbs,$20.10/lb,"Goldkind GmbH, Cafés Él Magnifico",NA,NA,NA
El Salvador,2025,COE,auction,Washed + Honey,https://allianceforcoffeeexcellence.org/el-salvador-2025/,4,6,Finca El Pezote,"87,14",NA,NA,$9781.20,NA,NA,success,NA,NA,NA,NA,NA,NA,NA,NA,NA,NA,NA,NA,NA,NA,NA,NA,NA,NA,NA,NA,NA,NA,NA,NA,NA,NA,NA,NA,NA,NA,NA,NA,NA,NA,NA,NA,NA,NA,NA,NA,NA,NA,NA,NA,NA,NA,NA,NA,NA,NA,NA,NA,627lbs,$15.60/lb,Brew92 Cafe & Roastery,NA,NA,NA
El Salvador,2025,COE,auction,Washed + Honey,https://allianceforcoffeeexcellence.org/el-salvador-2025/,4,7,El Izotal,"87,11",NA,NA,$8812.80,NA,NA,success,NA,NA,NA,NA,NA,NA,NA,NA,NA,NA,NA,NA,NA,NA,NA,NA,NA,NA,NA,NA,NA,NA,NA,NA,NA,NA,NA,NA,NA,NA,NA,NA,NA,NA,NA,NA,NA,NA,NA,NA,NA,NA,NA,NA,NA,NA,NA,NA,NA,NA,NA,NA,432lbs,$20.40/lb,"Wataru & Co., Ltd.",NA,NA,NA
El Salvador,2025,COE,auction,Washed + Honey,https://allianceforcoffeeexcellence.org/el-salvador-2025/,4,8,Finca El Durazno,"87,02",NA,NA,$11250.40,NA,NA,success,NA,NA,NA,NA,NA,NA,NA,NA,NA,NA,NA,NA,NA,NA,NA,NA,NA,NA,NA,NA,NA,NA,NA,NA,NA,NA,NA,NA,NA,NA,NA,NA,NA,NA,NA,NA,NA,NA,NA,NA,NA,NA,NA,NA,NA,NA,NA,NA,NA,NA,NA,NA,686lbs,$16.40/lb,"Wataru & Co., Ltd.",NA,NA,NA
El Salvador,2025,COE,auction,Natural,https://allianceforcoffeeexcellence.org/el-salvador-2025/,5,1A,La Pacaya,"90,30",NA,NA,$14598.50,NA,NA,success,NA,NA,NA,NA,NA,NA,NA,NA,NA,NA,NA,NA,NA,NA,NA,NA,NA,NA,NA,NA,NA,NA,NA,NA,NA,NA,NA,NA,NA,NA,NA,NA,NA,NA,NA,NA,NA,NA,NA,NA,NA,NA,NA,NA,NA,NA,NA,NA,NA,NA,NA,NA,485lbs,$30.10/lb,Onyx Coffee Lab,NA,NA,NA
El Salvador,2025,COE,auction,Natural,https://allianceforcoffeeexcellence.org/el-salvador-2025/,5,1B,La Pacaya,"90,30",NA,NA,$14598.50,NA,NA,success,NA,NA,NA,NA,NA,NA,NA,NA,NA,NA,NA,NA,NA,NA,NA,NA,NA,NA,NA,NA,NA,NA,NA,NA,NA,NA,NA,NA,NA,NA,NA,NA,NA,NA,NA,NA,NA,NA,NA,NA,NA,NA,NA,NA,NA,NA,NA,NA,NA,NA,NA,NA,485lbs,$30.10/lb,DECAMERON COFFEE 十日谈,NA,NA,NA
El Salvador,2025,COE,auction,Natural,https://allianceforcoffeeexcellence.org/el-salvador-2025/,5,2,Los Morales,"89,79",NA,NA,$16575.00,NA,NA,success,NA,NA,NA,NA,NA,NA,NA,NA,NA,NA,NA,NA,NA,NA,NA,NA,NA,NA,NA,NA,NA,NA,NA,NA,NA,NA,NA,NA,NA,NA,NA,NA,NA,NA,NA,NA,NA,NA,NA,NA,NA,NA,NA,NA,NA,NA,NA,NA,NA,NA,NA,NA,750lbs,$22.10/lb,Sarutahiko Coffee Inc.,NA,NA,NA
El Salvador,2025,COE,auction,Natural,https://allianceforcoffeeexcellence.org/el-salvador-2025/,5,3,El Conacaste,"89,52",NA,NA,$17892.50,NA,NA,success,NA,NA,NA,NA,NA,NA,NA,NA,NA,NA,NA,NA,NA,NA,NA,NA,NA,NA,NA,NA,NA,NA,NA,NA,NA,NA,NA,NA,NA,NA,NA,NA,NA,NA,NA,NA,NA,NA,NA,NA,NA,NA,NA,NA,NA,NA,NA,NA,NA,NA,NA,NA,425lbs,$42.10/lb,"YN coffee, YN coffee for Beanner Coffee(China), AllYouWant Coffee (China), Blossom Valley宸峄咖啡, 落雨Coffee Studio(China)",NA,NA,NA
El Salvador,2025,COE,auction,Natural,https://allianceforcoffeeexcellence.org/el-salvador-2025/,5,4,El Angel,"89,21",NA,NA,$15526.50,NA,NA,success,NA,NA,NA,NA,NA,NA,NA,NA,NA,NA,NA,NA,NA,NA,NA,NA,NA,NA,NA,NA,NA,NA,NA,NA,NA,NA,NA,NA,NA,NA,NA,NA,NA,NA,NA,NA,NA,NA,NA,NA,NA,NA,NA,NA,NA,NA,NA,NA,NA,NA,NA,NA,941lbs,$16.50/lb,honu加藤珈琲店株式会社,NA,NA,NA
El Salvador,2025,COE,auction,Natural,https://allianceforcoffeeexcellence.org/el-salvador-2025/,5,5,Plan Del Hoyo,"88,46",NA,NA,$14067.50,NA,NA,success,NA,NA,NA,NA,NA,NA,NA,NA,NA,NA,NA,NA,NA,NA,NA,NA,NA,NA,NA,NA,NA,NA,NA,NA,NA,NA,NA,NA,NA,NA,NA,NA,NA,NA,NA,NA,NA,NA,NA,NA,NA,NA,NA,NA,NA,NA,NA,NA,NA,NA,NA,NA,425lbs,$33.10/lb,mindfo coffee、Always Coffee Roaster、有容乃大Small Arms Big Heart、珈琲光景 Café Lumiere、Beansip Limited bid by Ecofarm Coffee(China),NA,NA,NA
El Salvador,2025,COE,auction,Natural,https://allianceforcoffeeexcellence.org/el-salvador-2025/,5,6,La Alegria,"88,27",NA,NA,$12768.00,NA,NA,success,NA,NA,NA,NA,NA,NA,NA,NA,NA,NA,NA,NA,NA,NA,NA,NA,NA,NA,NA,NA,NA,NA,NA,NA,NA,NA,NA,NA,NA,NA,NA,NA,NA,NA,NA,NA,NA,NA,NA,NA,NA,NA,NA,NA,NA,NA,NA,NA,NA,NA,NA,NA,760lbs,$16.80/lb,Brew92 Cafe & Roastery,NA,NA,NA
El Salvador,2025,COE,auction,Natural,https://allianceforcoffeeexcellence.org/el-salvador-2025/,5,7,Finca Altamira,"88,16",NA,NA,$8223.60,NA,NA,success,NA,NA,NA,NA,NA,NA,NA,NA,NA,NA,NA,NA,NA,NA,NA,NA,NA,NA,NA,NA,NA,NA,NA,NA,NA,NA,NA,NA,NA,NA,NA,NA,NA,NA,NA,NA,NA,NA,NA,NA,NA,NA,NA,NA,NA,NA,NA,NA,NA,NA,NA,NA,534lbs,$15.40/lb,"Saerin co.,Ltd (MOGIPOGROUND) & COMANSA",NA,NA,NA
El Salvador,2025,COE,auction,Natural,https://allianceforcoffeeexcellence.org/el-salvador-2025/,5,8,Llano Grande,"87,77",NA,NA,$6857.50,NA,NA,success,NA,NA,NA,NA,NA,NA,NA,NA,NA,NA,NA,NA,NA,NA,NA,NA,NA,NA,NA,NA,NA,NA,NA,NA,NA,NA,NA,NA,NA,NA,NA,NA,NA,NA,NA,NA,NA,NA,NA,NA,NA,NA,NA,NA,NA,NA,NA,NA,NA,NA,NA,NA,325lbs,$21.10/lb,DAWA,NA,NA,NA
El Salvador,2025,COE,auction,Natural,https://allianceforcoffeeexcellence.org/el-salvador-2025/,5,9,Los Bellotos,"87,64",NA,NA,$6230.70,NA,NA,success,NA,NA,NA,NA,NA,NA,NA,NA,NA,NA,NA,NA,NA,NA,NA,NA,NA,NA,NA,NA,NA,NA,NA,NA,NA,NA,NA,NA,NA,NA,NA,NA,NA,NA,NA,NA,NA,NA,NA,NA,NA,NA,NA,NA,NA,NA,NA,NA,NA,NA,NA,NA,387lbs,$16.10/lb,Kaffebrenneriet as,NA,NA,NA
El Salvador,2025,COE,auction,Natural,https://allianceforcoffeeexcellence.org/el-salvador-2025/,5,10,El Izotal,"87,50",NA,NA,$7919.40,NA,NA,success,NA,NA,NA,NA,NA,NA,NA,NA,NA,NA,NA,NA,NA,NA,NA,NA,NA,NA,NA,NA,NA,NA,NA,NA,NA,NA,NA,NA,NA,NA,NA,NA,NA,NA,NA,NA,NA,NA,NA,NA,NA,NA,NA,NA,NA,NA,NA,NA,NA,NA,NA,NA,394lbs,$20.10/lb,Black Knight,NA,NA,NA
El Salvador,2025,COE,auction,Natural,https://allianceforcoffeeexcellence.org/el-salvador-2025/,5,11,Campo Bello,"87,50",NA,NA,$6318.00,NA,NA,success,NA,NA,NA,NA,NA,NA,NA,NA,NA,NA,NA,NA,NA,NA,NA,NA,NA,NA,NA,NA,NA,NA,NA,NA,NA,NA,NA,NA,NA,NA,NA,NA,NA,NA,NA,NA,NA,NA,NA,NA,NA,NA,NA,NA,NA,NA,NA,NA,NA,NA,NA,NA,390lbs,$16.20/lb,Pilot Coffee Roasters,NA,NA,NA
El Salvador,2025,COE,auction,Natural,https://allianceforcoffeeexcellence.org/el-salvador-2025/,5,12,El Cerro,"87,50",NA,NA,$7726.50,NA,NA,success,NA,NA,NA,NA,NA,NA,NA,NA,NA,NA,NA,NA,NA,NA,NA,NA,NA,NA,NA,NA,NA,NA,NA,NA,NA,NA,NA,NA,NA,NA,NA,NA,NA,NA,NA,NA,NA,NA,NA,NA,NA,NA,NA,NA,NA,NA,NA,NA,NA,NA,NA,NA,505lbs,$15.30/lb,ORO ROASTERS,NA,NA,NA
El Salvador,2025,COE,auction,Experimental,https://allianceforcoffeeexcellence.org/el-salvador-2025/,6,1A,Las Duanas,"90,18",NA,NA,$11473.90,NA,NA,success,NA,NA,NA,NA,NA,NA,NA,NA,NA,NA,NA,NA,NA,NA,NA,NA,NA,NA,NA,NA,NA,NA,NA,NA,NA,NA,NA,NA,NA,NA,NA,NA,NA,NA,NA,NA,NA,NA,NA,NA,NA,NA,NA,NA,NA,NA,NA,NA,NA,NA,NA,NA,641lbs,$17.90/lb,Kaffebrenneriet as,NA,NA,NA
El Salvador,2025,COE,auction,Experimental,https://allianceforcoffeeexcellence.org/el-salvador-2025/,6,1B,Las Duanas,"90,18",NA,NA,$11473.90,NA,NA,success,NA,NA,NA,NA,NA,NA,NA,NA,NA,NA,NA,NA,NA,NA,NA,NA,NA,NA,NA,NA,NA,NA,NA,NA,NA,NA,NA,NA,NA,NA,NA,NA,NA,NA,NA,NA,NA,NA,NA,NA,NA,NA,NA,NA,NA,NA,NA,NA,NA,NA,NA,NA,641lbs,$17.90/lb,WAVY COFFEE ROASTERS by Marukai,NA,NA,NA
El Salvador,2025,COE,auction,Experimental,https://allianceforcoffeeexcellence.org/el-salvador-2025/,6,2,Las Duanas,"89,55",NA,NA,$6140.80,NA,NA,success,NA,NA,NA,NA,NA,NA,NA,NA,NA,NA,NA,NA,NA,NA,NA,NA,NA,NA,NA,NA,NA,NA,NA,NA,NA,NA,NA,NA,NA,NA,NA,NA,NA,NA,NA,NA,NA,NA,NA,NA,NA,NA,NA,NA,NA,NA,NA,NA,NA,NA,NA,NA,404lbs,$15.20/lb,Brew92 Cafe & Roastery,NA,NA,NA
El Salvador,2025,COE,auction,Experimental,https://allianceforcoffeeexcellence.org/el-salvador-2025/,6,3,Finca El Portezuelo,"89,30",NA,NA,$4135.80,NA,NA,success,NA,NA,NA,NA,NA,NA,NA,NA,NA,NA,NA,NA,NA,NA,NA,NA,NA,NA,NA,NA,NA,NA,NA,NA,NA,NA,NA,NA,NA,NA,NA,NA,NA,NA,NA,NA,NA,NA,NA,NA,NA,NA,NA,NA,NA,NA,NA,NA,NA,NA,NA,NA,226lbs,$18.30/lb,Black Sip Coffee Roasters,NA,NA,NA
El Salvador,2025,COE,auction,Experimental,https://allianceforcoffeeexcellence.org/el-salvador-2025/,6,4,Los Angeles,"88,80",NA,NA,$7980.00,NA,NA,success,NA,NA,NA,NA,NA,NA,NA,NA,NA,NA,NA,NA,NA,NA,NA,NA,NA,NA,NA,NA,NA,NA,NA,NA,NA,NA,NA,NA,NA,NA,NA,NA,NA,NA,NA,NA,NA,NA,NA,NA,NA,NA,NA,NA,NA,NA,NA,NA,NA,NA,NA,NA,525lbs,$15.20/lb,Mira Mar 08 Ltd / Dabov Specialty Coffee,NA,NA,NA
El Salvador,2025,COE,auction,Experimental,https://allianceforcoffeeexcellence.org/el-salvador-2025/,6,5,Finca El Portezuelo,"88,14",NA,NA,$8846.40,NA,NA,success,NA,NA,NA,NA,NA,NA,NA,NA,NA,NA,NA,NA,NA,NA,NA,NA,NA,NA,NA,NA,NA,NA,NA,NA,NA,NA,NA,NA,NA,NA,NA,NA,NA,NA,NA,NA,NA,NA,NA,NA,NA,NA,NA,NA,NA,NA,NA,NA,NA,NA,NA,NA,582lbs,$15.20/lb,"Wataru & Co., Ltd.",NA,NA,NA
El Salvador,2025,COE,auction,Experimental,https://allianceforcoffeeexcellence.org/el-salvador-2025/,6,6,Santa Rita,"87,98",NA,NA,$10804.60,NA,NA,success,NA,NA,NA,NA,NA,NA,NA,NA,NA,NA,NA,NA,NA,NA,NA,NA,NA,NA,NA,NA,NA,NA,NA,NA,NA,NA,NA,NA,NA,NA,NA,NA,NA,NA,NA,NA,NA,NA,NA,NA,NA,NA,NA,NA,NA,NA,NA,NA,NA,NA,NA,NA,607lbs,$17.80/lb,Sulalat,NA,NA,NA
El Salvador,2025,COE,auction,Experimental,https://allianceforcoffeeexcellence.org/el-salvador-2025/,6,7,Finca Ethiopia,"87,96",NA,NA,$8883.50,NA,NA,success,NA,NA,NA,NA,NA,NA,NA,NA,NA,NA,NA,NA,NA,NA,NA,NA,NA,NA,NA,NA,NA,NA,NA,NA,NA,NA,NA,NA,NA,NA,NA,NA,NA,NA,NA,NA,NA,NA,NA,NA,NA,NA,NA,NA,NA,NA,NA,NA,NA,NA,NA,NA,545lbs,$16.30/lb,NOZY COFFEE,NA,NA,NA
El Salvador,2025,COE,auction,Experimental,https://allianceforcoffeeexcellence.org/el-salvador-2025/,6,8,Los Naranjos,"87,70",NA,NA,$7270.50,NA,NA,success,NA,NA,NA,NA,NA,NA,NA,NA,NA,NA,NA,NA,NA,NA,NA,NA,NA,NA,NA,NA,NA,NA,NA,NA,NA,NA,NA,NA,NA,NA,NA,NA,NA,NA,NA,NA,NA,NA,NA,NA,NA,NA,NA,NA,NA,NA,NA,NA,NA,NA,NA,NA,555lbs,$13.10/lb,"Wataru & Co., Ltd.",NA,NA,NA
El Salvador,2025,COE,auction,Experimental,https://allianceforcoffeeexcellence.org/el-salvador-2025/,6,9,Las Camelias Estate,"87,34",NA,NA,$5250.00,NA,NA,success,NA,NA,NA,NA,NA,NA,NA,NA,NA,NA,NA,NA,NA,NA,NA,NA,NA,NA,NA,NA,NA,NA,NA,NA,NA,NA,NA,NA,NA,NA,NA,NA,NA,NA,NA,NA,NA,NA,NA,NA,NA,NA,NA,NA,NA,NA,NA,NA,NA,NA,NA,NA,350lbs,$15.00/lb,MI Coffee Corporation,NA,NA,NA
Guatemala,2025,COE,auction,Exotic Washed,https://allianceforcoffeeexcellence.org/guatemala-2025/,4,1A,La Gran Manzana,"91,15",NA,NA,$41727.96,NA,NA,success,NA,NA,NA,NA,NA,NA,NA,NA,NA,NA,NA,NA,NA,NA,NA,NA,NA,NA,NA,NA,NA,NA,NA,NA,NA,NA,NA,NA,NA,NA,NA,NA,NA,NA,NA,NA,NA,NA,NA,NA,NA,NA,NA,NA,NA,NA,NA,NA,NA,NA,NA,NA,291.6lbs,$143.10/lb,"Taiwan Coffee Development Association, BEAN SUPER 豆超國際, Orsir International Co 歐舍咖啡, Taiwan Coffee Laboratory",NA,NA,NA
Guatemala,2025,COE,auction,Exotic Washed,https://allianceforcoffeeexcellence.org/guatemala-2025/,4,1B,La Gran Manzana,"91,15",NA,NA,$34233.84,NA,NA,success,NA,NA,NA,NA,NA,NA,NA,NA,NA,NA,NA,NA,NA,NA,NA,NA,NA,NA,NA,NA,NA,NA,NA,NA,NA,NA,NA,NA,NA,NA,NA,NA,NA,NA,NA,NA,NA,NA,NA,NA,NA,NA,NA,NA,NA,NA,NA,NA,NA,NA,NA,NA,291.6lbs,$117.40/lb,"ECOM Japan for TSUJIMOTO COFFEE, TRIBE, NOZY COFFEE, REC COFFEE",NA,NA,NA
Guatemala,2025,COE,auction,Exotic Washed,https://allianceforcoffeeexcellence.org/guatemala-2025/,4,2,El Morito,"90,90",NA,NA,$38152.00,NA,NA,success,NA,NA,NA,NA,NA,NA,NA,NA,NA,NA,NA,NA,NA,NA,NA,NA,NA,NA,NA,NA,NA,NA,NA,NA,NA,NA,NA,NA,NA,NA,NA,NA,NA,NA,NA,NA,NA,NA,NA,NA,NA,NA,NA,NA,NA,NA,NA,NA,NA,NA,NA,NA,502lbs,$76.00/lb,DAESANG DIVES,NA,NA,NA
Guatemala,2025,COE,auction,Exotic Washed,https://allianceforcoffeeexcellence.org/guatemala-2025/,4,3,El Socorro,"90,65",NA,NA,$52721.82,NA,NA,success,NA,NA,NA,NA,NA,NA,NA,NA,NA,NA,NA,NA,NA,NA,NA,NA,NA,NA,NA,NA,NA,NA,NA,NA,NA,NA,NA,NA,NA,NA,NA,NA,NA,NA,NA,NA,NA,NA,NA,NA,NA,NA,NA,NA,NA,NA,NA,NA,NA,NA,NA,NA,658.2lbs,$80.10/lb,MOMOS COFFEE,NA,NA,NA
Guatemala,2025,COE,auction,Exotic Washed,https://allianceforcoffeeexcellence.org/guatemala-2025/,4,4,Hacienda Del Café,"89,38",NA,NA,$17687.57,NA,NA,success,NA,NA,NA,NA,NA,NA,NA,NA,NA,NA,NA,NA,NA,NA,NA,NA,NA,NA,NA,NA,NA,NA,NA,NA,NA,NA,NA,NA,NA,NA,NA,NA,NA,NA,NA,NA,NA,NA,NA,NA,NA,NA,NA,NA,NA,NA,NA,NA,NA,NA,NA,NA,585.1lbs,$30.23/lb,Sarutahiko Coffee Inc.,NA,NA,NA
Guatemala,2025,COE,auction,Exotic Washed,https://allianceforcoffeeexcellence.org/guatemala-2025/,4,5,El Injerto I,"89,24",NA,NA,$20518.75,NA,NA,success,NA,NA,NA,NA,NA,NA,NA,NA,NA,NA,NA,NA,NA,NA,NA,NA,NA,NA,NA,NA,NA,NA,NA,NA,NA,NA,NA,NA,NA,NA,NA,NA,NA,NA,NA,NA,NA,NA,NA,NA,NA,NA,NA,NA,NA,NA,NA,NA,NA,NA,NA,NA,612.5lbs,$33.50/lb,"MOMOS COFFEE, KALAS COFFEE, MALIC COFFEE, DEEPBLUELAKE, HEBE COFFEE, SANGDOOGRAY , Always Au8ust",NA,NA,NA
Guatemala,2025,COE,auction,Exotic Washed,https://allianceforcoffeeexcellence.org/guatemala-2025/,4,6,Rosma,"88,76",NA,NA,$20156.85,NA,NA,success,NA,NA,NA,NA,NA,NA,NA,NA,NA,NA,NA,NA,NA,NA,NA,NA,NA,NA,NA,NA,NA,NA,NA,NA,NA,NA,NA,NA,NA,NA,NA,NA,NA,NA,NA,NA,NA,NA,NA,NA,NA,NA,NA,NA,NA,NA,NA,NA,NA,NA,NA,NA,639.9lbs,$31.50/lb,GESHARY COFFEE,NA,NA,NA
Guatemala,2025,COE,auction,Exotic Washed,https://allianceforcoffeeexcellence.org/guatemala-2025/,4,7,Villaure,"88,16",NA,NA,$18711.92,NA,NA,success,NA,NA,NA,NA,NA,NA,NA,NA,NA,NA,NA,NA,NA,NA,NA,NA,NA,NA,NA,NA,NA,NA,NA,NA,NA,NA,NA,NA,NA,NA,NA,NA,NA,NA,NA,NA,NA,NA,NA,NA,NA,NA,NA,NA,NA,NA,NA,NA,NA,NA,NA,NA,619.6lbs,$30.20/lb,Brew92 Cafe & Roastery,NA,NA,NA
Guatemala,2025,COE,auction,Exotic Washed,https://allianceforcoffeeexcellence.org/guatemala-2025/,4,8,Vista Hermosa,"87,79",NA,NA,$16952.98,NA,NA,success,NA,NA,NA,NA,NA,NA,NA,NA,NA,NA,NA,NA,NA,NA,NA,NA,NA,NA,NA,NA,NA,NA,NA,NA,NA,NA,NA,NA,NA,NA,NA,NA,NA,NA,NA,NA,NA,NA,NA,NA,NA,NA,NA,NA,NA,NA,NA,NA,NA,NA,NA,NA,560.8lbs,$30.23/lb,"Linking Coffee Co., Ltd. Big Black Box(Thailand), n樂波波珈琲 Le BoBo Coffee(Taiwan), Ten Past Ten咖啡豆專賣店(Taiwan), Brave Roasters(Thailand), Saerin co.,Ltd (MOGIPOGROUND)",NA,NA,NA
Guatemala,2025,COE,auction,Exotic Washed,https://allianceforcoffeeexcellence.org/guatemala-2025/,4,9,Plan De La Vega,"87,66",NA,NA,$11448.86,NA,NA,success,NA,NA,NA,NA,NA,NA,NA,NA,NA,NA,NA,NA,NA,NA,NA,NA,NA,NA,NA,NA,NA,NA,NA,NA,NA,NA,NA,NA,NA,NA,NA,NA,NA,NA,NA,NA,NA,NA,NA,NA,NA,NA,NA,NA,NA,NA,NA,NA,NA,NA,NA,NA,542.6lbs,$21.10/lb,Angelino’s Coffee,NA,NA,NA
Guatemala,2025,COE,auction,Exotic Washed,https://allianceforcoffeeexcellence.org/guatemala-2025/,4,10,La Peña,"87,50",NA,NA,$17640.96,NA,NA,success,NA,NA,NA,NA,NA,NA,NA,NA,NA,NA,NA,NA,NA,NA,NA,NA,NA,NA,NA,NA,NA,NA,NA,NA,NA,NA,NA,NA,NA,NA,NA,NA,NA,NA,NA,NA,NA,NA,NA,NA,NA,NA,NA,NA,NA,NA,NA,NA,NA,NA,NA,NA,918.8lbs,$19.20/lb,Terarosa (Haksan Co.Ltd),NA,NA,NA
Guatemala,2025,COE,auction,Exotic Washed,https://allianceforcoffeeexcellence.org/guatemala-2025/,4,11,Sierra Roja,"87,50",NA,NA,$15738.08,NA,NA,success,NA,NA,NA,NA,NA,NA,NA,NA,NA,NA,NA,NA,NA,NA,NA,NA,NA,NA,NA,NA,NA,NA,NA,NA,NA,NA,NA,NA,NA,NA,NA,NA,NA,NA,NA,NA,NA,NA,NA,NA,NA,NA,NA,NA,NA,NA,NA,NA,NA,NA,NA,NA,"1,035.4lbs",$15.20/lb,"Wataru & Co., Ltd.",NA,NA,NA
Guatemala,2025,COE,auction,Exotic Washed,https://allianceforcoffeeexcellence.org/guatemala-2025/,4,12,Guatalon,"87,44",NA,NA,$11802.00,NA,NA,success,NA,NA,NA,NA,NA,NA,NA,NA,NA,NA,NA,NA,NA,NA,NA,NA,NA,NA,NA,NA,NA,NA,NA,NA,NA,NA,NA,NA,NA,NA,NA,NA,NA,NA,NA,NA,NA,NA,NA,NA,NA,NA,NA,NA,NA,NA,NA,NA,NA,NA,NA,NA,674.4lbs,$17.50/lb,"CAMEL COFFEE CO.,LTD. (KALDI COFFEE FARM)",NA,NA,NA
Guatemala,2025,COE,auction,Exotic Natural & Honey,https://allianceforcoffeeexcellence.org/guatemala-2025/,5,1A,Las Macadamias,"91,04",NA,NA,$32918.96,NA,NA,success,NA,NA,NA,NA,NA,NA,NA,NA,NA,NA,NA,NA,NA,NA,NA,NA,NA,NA,NA,NA,NA,NA,NA,NA,NA,NA,NA,NA,NA,NA,NA,NA,NA,NA,NA,NA,NA,NA,NA,NA,NA,NA,NA,NA,NA,NA,NA,NA,NA,NA,NA,NA,280.4lbs,$117.40/lb,"MOMOS COFFEE, MALIC COFFEE, DEEPBLUELAKE, Always Au8ust",NA,NA,NA
Guatemala,2025,COE,auction,Exotic Natural & Honey,https://allianceforcoffeeexcellence.org/guatemala-2025/,5,1B,Las Macadamias,"91,04",NA,NA,$32918.96,NA,NA,success,NA,NA,NA,NA,NA,NA,NA,NA,NA,NA,NA,NA,NA,NA,NA,NA,NA,NA,NA,NA,NA,NA,NA,NA,NA,NA,NA,NA,NA,NA,NA,NA,NA,NA,NA,NA,NA,NA,NA,NA,NA,NA,NA,NA,NA,NA,NA,NA,NA,NA,NA,NA,280.4lbs,$117.40/lb,"Coffee Me Up (Korea),  Coffee Therapy (Thailand), TWO HANDS FULL (Indonesia), Lotus Lab, HAEWOL Coffee (Korea)",NA,NA,NA
Guatemala,2025,COE,auction,Exotic Natural & Honey,https://allianceforcoffeeexcellence.org/guatemala-2025/,5,2,Morelia,"90,53",NA,NA,$27588.21,NA,NA,success,NA,NA,NA,NA,NA,NA,NA,NA,NA,NA,NA,NA,NA,NA,NA,NA,NA,NA,NA,NA,NA,NA,NA,NA,NA,NA,NA,NA,NA,NA,NA,NA,NA,NA,NA,NA,NA,NA,NA,NA,NA,NA,NA,NA,NA,NA,NA,NA,NA,NA,NA,NA,724.1lbs,$38.10/lb,Sulalat,NA,NA,NA
Guatemala,2025,COE,auction,Exotic Natural & Honey,https://allianceforcoffeeexcellence.org/guatemala-2025/,5,3,Los Jutes,"89,25",NA,NA,$22719.03,NA,NA,success,NA,NA,NA,NA,NA,NA,NA,NA,NA,NA,NA,NA,NA,NA,NA,NA,NA,NA,NA,NA,NA,NA,NA,NA,NA,NA,NA,NA,NA,NA,NA,NA,NA,NA,NA,NA,NA,NA,NA,NA,NA,NA,NA,NA,NA,NA,NA,NA,NA,NA,NA,NA,596.3lbs,$38.10/lb,Sulalat,NA,NA,NA
Guatemala,2025,COE,auction,Exotic Natural & Honey,https://allianceforcoffeeexcellence.org/guatemala-2025/,5,4,La Cookies,"89,21",NA,NA,$15330.96,NA,NA,success,NA,NA,NA,NA,NA,NA,NA,NA,NA,NA,NA,NA,NA,NA,NA,NA,NA,NA,NA,NA,NA,NA,NA,NA,NA,NA,NA,NA,NA,NA,NA,NA,NA,NA,NA,NA,NA,NA,NA,NA,NA,NA,NA,NA,NA,NA,NA,NA,NA,NA,NA,NA,477.6lbs,$32.10/lb,ORO ROASTERS,NA,NA,NA
Guatemala,2025,COE,auction,Exotic Natural & Honey,https://allianceforcoffeeexcellence.org/guatemala-2025/,5,5,Bella Vista,"88,79",NA,NA,$15275.56,NA,NA,success,NA,NA,NA,NA,NA,NA,NA,NA,NA,NA,NA,NA,NA,NA,NA,NA,NA,NA,NA,NA,NA,NA,NA,NA,NA,NA,NA,NA,NA,NA,NA,NA,NA,NA,NA,NA,NA,NA,NA,NA,NA,NA,NA,NA,NA,NA,NA,NA,NA,NA,NA,NA,601.4lbs,$25.40/lb,Brew92 Cafe & Roastery,NA,NA,NA
Guatemala,2025,COE,auction,Exotic Natural & Honey,https://allianceforcoffeeexcellence.org/guatemala-2025/,5,6,La Florida,"88,62",NA,NA,$13504.35,NA,NA,success,NA,NA,NA,NA,NA,NA,NA,NA,NA,NA,NA,NA,NA,NA,NA,NA,NA,NA,NA,NA,NA,NA,NA,NA,NA,NA,NA,NA,NA,NA,NA,NA,NA,NA,NA,NA,NA,NA,NA,NA,NA,NA,NA,NA,NA,NA,NA,NA,NA,NA,NA,NA,685.5lbs,$19.70/lb,Cultivar Coffee Roasting Co. MayForest,NA,NA,NA
Guatemala,2025,COE,auction,Exotic Natural & Honey,https://allianceforcoffeeexcellence.org/guatemala-2025/,5,7,Pampojila Y Anexos,"88,46",NA,NA,$19223.97,NA,NA,success,NA,NA,NA,NA,NA,NA,NA,NA,NA,NA,NA,NA,NA,NA,NA,NA,NA,NA,NA,NA,NA,NA,NA,NA,NA,NA,NA,NA,NA,NA,NA,NA,NA,NA,NA,NA,NA,NA,NA,NA,NA,NA,NA,NA,NA,NA,NA,NA,NA,NA,NA,NA,"1,086.1lbs",$17.70/lb,Young-In Traders Pte Ltd,NA,NA,NA
Guatemala,2025,COE,auction,Exotic Natural & Honey,https://allianceforcoffeeexcellence.org/guatemala-2025/,5,8,San Patricio El Limon,"88,38",NA,NA,$19881.82,NA,NA,success,NA,NA,NA,NA,NA,NA,NA,NA,NA,NA,NA,NA,NA,NA,NA,NA,NA,NA,NA,NA,NA,NA,NA,NA,NA,NA,NA,NA,NA,NA,NA,NA,NA,NA,NA,NA,NA,NA,NA,NA,NA,NA,NA,NA,NA,NA,NA,NA,NA,NA,NA,NA,"1,197.7lbs",$16.60/lb,honu加藤珈琲店株式会社,NA,NA,NA
Guatemala,2025,COE,auction,Exotic Natural & Honey,https://allianceforcoffeeexcellence.org/guatemala-2025/,5,9,San Isidro Chacaya,"87,99",NA,NA,$11892.90,NA,NA,success,NA,NA,NA,NA,NA,NA,NA,NA,NA,NA,NA,NA,NA,NA,NA,NA,NA,NA,NA,NA,NA,NA,NA,NA,NA,NA,NA,NA,NA,NA,NA,NA,NA,NA,NA,NA,NA,NA,NA,NA,NA,NA,NA,NA,NA,NA,NA,NA,NA,NA,NA,NA,683.5lbs,$17.40/lb,List + Beisler GmbH,NA,NA,NA
Guatemala,2025,COE,auction,Exotic Natural & Honey,https://allianceforcoffeeexcellence.org/guatemala-2025/,5,10,La Bolsa,"87,75",NA,NA,$10274.80,NA,NA,success,NA,NA,NA,NA,NA,NA,NA,NA,NA,NA,NA,NA,NA,NA,NA,NA,NA,NA,NA,NA,NA,NA,NA,NA,NA,NA,NA,NA,NA,NA,NA,NA,NA,NA,NA,NA,NA,NA,NA,NA,NA,NA,NA,NA,NA,NA,NA,NA,NA,NA,NA,NA,604.4lbs,$17.00/lb,Taiwan Coffee Development Association、Taisugar、Taiwan Coffee Laboratory,NA,NA,NA
Guatemala,2025,COE,auction,One Of A Kind,https://allianceforcoffeeexcellence.org/guatemala-2025/,6,1A,El Nazareno,"89,26",NA,NA,$6837.74,NA,NA,success,NA,NA,NA,NA,NA,NA,NA,NA,NA,NA,NA,NA,NA,NA,NA,NA,NA,NA,NA,NA,NA,NA,NA,NA,NA,NA,NA,NA,NA,NA,NA,NA,NA,NA,NA,NA,NA,NA,NA,NA,NA,NA,NA,NA,NA,NA,NA,NA,NA,NA,NA,NA,375.7lbs,$18.20/lb,WOLF ROASTERY,NA,NA,NA
Guatemala,2025,COE,auction,One Of A Kind,https://allianceforcoffeeexcellence.org/guatemala-2025/,6,1B,El Nazareno,"89,26",NA,NA,$6236.62,NA,NA,success,NA,NA,NA,NA,NA,NA,NA,NA,NA,NA,NA,NA,NA,NA,NA,NA,NA,NA,NA,NA,NA,NA,NA,NA,NA,NA,NA,NA,NA,NA,NA,NA,NA,NA,NA,NA,NA,NA,NA,NA,NA,NA,NA,NA,NA,NA,NA,NA,NA,NA,NA,NA,375.7lbs,$16.60/lb,WAVY COFFEE ROASTERS by Marukai,NA,NA,NA
Guatemala,2025,COE,auction,One Of A Kind,https://allianceforcoffeeexcellence.org/guatemala-2025/,6,2,Bella Elizabeth,"89,09",NA,NA,$9767.88,NA,NA,success,NA,NA,NA,NA,NA,NA,NA,NA,NA,NA,NA,NA,NA,NA,NA,NA,NA,NA,NA,NA,NA,NA,NA,NA,NA,NA,NA,NA,NA,NA,NA,NA,NA,NA,NA,NA,NA,NA,NA,NA,NA,NA,NA,NA,NA,NA,NA,NA,NA,NA,NA,NA,567.9lbs,$17.20/lb,Idle Hands Roasting Co.; Pedestrian Coffee; RYANS COFFEE ROASTERS; Snowbeans Coffee; Songdo Coffee.,NA,NA,NA
Guatemala,2025,COE,auction,One Of A Kind,https://allianceforcoffeeexcellence.org/guatemala-2025/,6,3,Granito De Oro,"89,06",NA,NA,$19632.04,NA,NA,success,NA,NA,NA,NA,NA,NA,NA,NA,NA,NA,NA,NA,NA,NA,NA,NA,NA,NA,NA,NA,NA,NA,NA,NA,NA,NA,NA,NA,NA,NA,NA,NA,NA,NA,NA,NA,NA,NA,NA,NA,NA,NA,NA,NA,NA,NA,NA,NA,NA,NA,NA,NA,"1,065.8lbs",$18.42/lb,"Wataru & Co., Ltd.",NA,NA,NA
Guatemala,2025,COE,auction,One Of A Kind,https://allianceforcoffeeexcellence.org/guatemala-2025/,6,4,El Vergel,"87,65",NA,NA,$11043.76,NA,NA,success,NA,NA,NA,NA,NA,NA,NA,NA,NA,NA,NA,NA,NA,NA,NA,NA,NA,NA,NA,NA,NA,NA,NA,NA,NA,NA,NA,NA,NA,NA,NA,NA,NA,NA,NA,NA,NA,NA,NA,NA,NA,NA,NA,NA,NA,NA,NA,NA,NA,NA,NA,NA,673.4lbs,$16.40/lb,Sulalat,NA,NA,NA
Guatemala,2025,COE,auction,One Of A Kind,https://allianceforcoffeeexcellence.org/guatemala-2025/,6,5,Los Arroyos,"87,56",NA,NA,$9733.48,NA,NA,success,NA,NA,NA,NA,NA,NA,NA,NA,NA,NA,NA,NA,NA,NA,NA,NA,NA,NA,NA,NA,NA,NA,NA,NA,NA,NA,NA,NA,NA,NA,NA,NA,NA,NA,NA,NA,NA,NA,NA,NA,NA,NA,NA,NA,NA,NA,NA,NA,NA,NA,NA,NA,565.9lbs,$17.20/lb,"Wataru & Co., Ltd.",NA,NA,NA
Guatemala,2025,COE,auction,One Of A Kind,https://allianceforcoffeeexcellence.org/guatemala-2025/,6,6,La Tormenta,"87,47",NA,NA,$9346.21,NA,NA,success,NA,NA,NA,NA,NA,NA,NA,NA,NA,NA,NA,NA,NA,NA,NA,NA,NA,NA,NA,NA,NA,NA,NA,NA,NA,NA,NA,NA,NA,NA,NA,NA,NA,NA,NA,NA,NA,NA,NA,NA,NA,NA,NA,NA,NA,NA,NA,NA,NA,NA,NA,NA,595.3lbs,$15.70/lb,Wataru for Voila Coffee,NA,NA,NA
Guatemala,2025,COE,auction,One Of A Kind,https://allianceforcoffeeexcellence.org/guatemala-2025/,6,7,Granja El Tempixque,"87,34",NA,NA,$11680.35,NA,NA,success,NA,NA,NA,NA,NA,NA,NA,NA,NA,NA,NA,NA,NA,NA,NA,NA,NA,NA,NA,NA,NA,NA,NA,NA,NA,NA,NA,NA,NA,NA,NA,NA,NA,NA,NA,NA,NA,NA,NA,NA,NA,NA,NA,NA,NA,NA,NA,NA,NA,NA,NA,NA,707.9lbs,$16.50/lb,Prodigal Coffee,NA,NA,NA
Guatemala,2025,COE,auction,One Of A Kind,https://allianceforcoffeeexcellence.org/guatemala-2025/,6,8,El Diamante,"87,21",NA,NA,$9838.95,NA,NA,success,NA,NA,NA,NA,NA,NA,NA,NA,NA,NA,NA,NA,NA,NA,NA,NA,NA,NA,NA,NA,NA,NA,NA,NA,NA,NA,NA,NA,NA,NA,NA,NA,NA,NA,NA,NA,NA,NA,NA,NA,NA,NA,NA,NA,NA,NA,NA,NA,NA,NA,NA,NA,596.3lbs,$16.50/lb,"El Gran Cafe, S.A.",NA,NA,NA
Guatemala,2025,NW,auction,Exotic Natural & Honey,https://allianceforcoffeeexcellence.org/guatemala-2025/,9,NW,San Rafael,"87,53",NA,NA,$3769.34,NA,NA,success,NA,NA,NA,NA,NA,NA,NA,NA,NA,NA,NA,NA,NA,NA,NA,NA,NA,NA,NA,NA,NA,NA,NA,NA,NA,NA,NA,NA,NA,NA,NA,NA,NA,NA,NA,NA,NA,NA,NA,NA,NA,NA,NA,NA,NA,NA,NA,NA,NA,NA,NA,NA,736.2lbs,$5.12/lb,Ryans Coffee Roasters,NA,NA,NA
Guatemala,2025,NW,auction,Exotic Natural & Honey,https://allianceforcoffeeexcellence.org/guatemala-2025/,9,NW,El Hermoso,"87,41",NA,NA,$2828.04,NA,NA,success,NA,NA,NA,NA,NA,NA,NA,NA,NA,NA,NA,NA,NA,NA,NA,NA,NA,NA,NA,NA,NA,NA,NA,NA,NA,NA,NA,NA,NA,NA,NA,NA,NA,NA,NA,NA,NA,NA,NA,NA,NA,NA,NA,NA,NA,NA,NA,NA,NA,NA,NA,NA,556.7lbs,$5.08/lb,COFFEE COUNTY,NA,NA,NA
Guatemala,2025,NW,auction,Exotic Natural & Honey,https://allianceforcoffeeexcellence.org/guatemala-2025/,9,NW,San Andres,"86,93",NA,NA,$2595.32,NA,NA,success,NA,NA,NA,NA,NA,NA,NA,NA,NA,NA,NA,NA,NA,NA,NA,NA,NA,NA,NA,NA,NA,NA,NA,NA,NA,NA,NA,NA,NA,NA,NA,NA,NA,NA,NA,NA,NA,NA,NA,NA,NA,NA,NA,NA,NA,NA,NA,NA,NA,NA,NA,NA,644lbs,$4.03/lb,Savaya Coffee LLC,NA,NA,NA
Guatemala,2025,NW,auction,Exotic Washed,https://allianceforcoffeeexcellence.org/guatemala-2025/,10,NW,La Esperanza,"87,35",NA,NA,$9352.09,NA,NA,success,NA,NA,NA,NA,NA,NA,NA,NA,NA,NA,NA,NA,NA,NA,NA,NA,NA,NA,NA,NA,NA,NA,NA,NA,NA,NA,NA,NA,NA,NA,NA,NA,NA,NA,NA,NA,NA,NA,NA,NA,NA,NA,NA,NA,NA,NA,NA,NA,NA,NA,NA,NA,713.9lbs,$13.10/lb,"Wataru & Co., Ltd.",NA,NA,NA
Guatemala,2025,NW,auction,Exotic Washed,https://allianceforcoffeeexcellence.org/guatemala-2025/,10,NW,La Colina,"86,88",NA,NA,$5268.24,NA,NA,success,NA,NA,NA,NA,NA,NA,NA,NA,NA,NA,NA,NA,NA,NA,NA,NA,NA,NA,NA,NA,NA,NA,NA,NA,NA,NA,NA,NA,NA,NA,NA,NA,NA,NA,NA,NA,NA,NA,NA,NA,NA,NA,NA,NA,NA,NA,NA,NA,NA,NA,NA,NA,648lbs,$8.13/lb,"Wataru & Co., Ltd.",NA,NA,NA
Mexico,2025,COE,auction,Traditional Washed Processes,https://allianceforcoffeeexcellence.org/mexico-2025/,4,1A,NA,"91,36",NA,NA,$18835.96,FISHER COFFEE啡舍、0566 珈琲製作所/0566 COFFEE bid by Ecofarm Coffee (China),NA,success,NA,NA,NA,NA,NA,NA,NA,NA,NA,NA,NA,NA,NA,NA,NA,NA,NA,NA,NA,NA,NA,NA,NA,NA,NA,NA,NA,NA,NA,NA,NA,NA,NA,NA,NA,NA,264.55lbs,NA,NA,NA,NA,NA,NA,NA,NA,Finca Santa Cruz,NA,$71.20/lb,NA,NA,NA,NA,NA,NA,NA,NA,NA,NA
Mexico,2025,COE,auction,Traditional Washed Processes,https://allianceforcoffeeexcellence.org/mexico-2025/,4,1B,NA,"91,36",NA,NA,$14484.66,"Coffee Me Up (Korea), GeeCoffee, Coffee Therapy (Thailand), Haewol Coffee",NA,success,NA,NA,NA,NA,NA,NA,NA,NA,NA,NA,NA,NA,NA,NA,NA,NA,NA,NA,NA,NA,NA,NA,NA,NA,NA,NA,NA,NA,NA,NA,NA,NA,NA,NA,NA,NA,198.42lbs,NA,NA,NA,NA,NA,NA,NA,NA,Finca Santa Cruz,NA,$73.00/lb,NA,NA,NA,NA,NA,NA,NA,NA,NA,NA
Mexico,2025,COE,auction,Traditional Washed Processes,https://allianceforcoffeeexcellence.org/mexico-2025/,4,2,NA,"90,58",NA,NA,$21494.85,Snow Beans Coffee,NA,success,NA,NA,NA,NA,NA,NA,NA,NA,NA,NA,NA,NA,NA,NA,NA,NA,NA,NA,NA,NA,NA,NA,NA,NA,NA,NA,NA,NA,NA,NA,NA,NA,NA,NA,NA,NA,330.69lbs,NA,NA,NA,NA,NA,NA,NA,NA,Finca Don Gustavo,NA,$65.00/lb,NA,NA,NA,NA,NA,NA,NA,NA,NA,NA
Mexico,2025,COE,auction,Traditional Washed Processes,https://allianceforcoffeeexcellence.org/mexico-2025/,4,3,NA,"89,36",NA,NA,$11620.55,Angelino’s Coffee,NA,success,NA,NA,NA,NA,NA,NA,NA,NA,NA,NA,NA,NA,NA,NA,NA,NA,NA,NA,NA,NA,NA,NA,NA,NA,NA,NA,NA,NA,NA,NA,NA,NA,NA,NA,NA,NA,462.97lbs,NA,NA,NA,NA,NA,NA,NA,NA,Los Manantiales,NA,$25.10/lb,NA,NA,NA,NA,NA,NA,NA,NA,NA,NA
Mexico,2025,COE,auction,Traditional Washed Processes,https://allianceforcoffeeexcellence.org/mexico-2025/,4,4,NA,"88,11",NA,NA,$8901.81,Wataru for Marumi Coffee,NA,success,NA,NA,NA,NA,NA,NA,NA,NA,NA,NA,NA,NA,NA,NA,NA,NA,NA,NA,NA,NA,NA,NA,NA,NA,NA,NA,NA,NA,NA,NA,NA,NA,NA,NA,NA,NA,328.48lbs,NA,NA,NA,NA,NA,NA,NA,NA,Finca Ocoxotla,NA,$27.10/lb,NA,NA,NA,NA,NA,NA,NA,NA,NA,NA
Mexico,2025,COE,auction,Traditional Washed Processes,https://allianceforcoffeeexcellence.org/mexico-2025/,4,5,NA,"88,03",NA,NA,$13214.55,Brew92 Cafe & Roastery,NA,success,NA,NA,NA,NA,NA,NA,NA,NA,NA,NA,NA,NA,NA,NA,NA,NA,NA,NA,NA,NA,NA,NA,NA,NA,NA,NA,NA,NA,NA,NA,NA,NA,NA,NA,NA,NA,595.25lbs,NA,NA,NA,NA,NA,NA,NA,NA,Finca Fátima,NA,$22.20/lb,NA,NA,NA,NA,NA,NA,NA,NA,NA,NA
Mexico,2025,COE,auction,Traditional Washed Processes,https://allianceforcoffeeexcellence.org/mexico-2025/,4,6,NA,"87,94",NA,NA,$7460.45,"SHRUB COFFEE by Marukai, Huracan Coffee",NA,success,NA,NA,NA,NA,NA,NA,NA,NA,NA,NA,NA,NA,NA,NA,NA,NA,NA,NA,NA,NA,NA,NA,NA,NA,NA,NA,NA,NA,NA,NA,NA,NA,NA,NA,NA,NA,529.11lbs,NA,NA,NA,NA,NA,NA,NA,NA,Finca Momokømo,NA,$14.10/lb,NA,NA,NA,NA,NA,NA,NA,NA,NA,NA
Mexico,2025,COE,auction,Traditional Washed Processes,https://allianceforcoffeeexcellence.org/mexico-2025/,4,7,NA,"87,56",NA,NA,$12592.78,honu加藤珈琲店株式会社,NA,success,NA,NA,NA,NA,NA,NA,NA,NA,NA,NA,NA,NA,NA,NA,NA,NA,NA,NA,NA,NA,NA,NA,NA,NA,NA,NA,NA,NA,NA,NA,NA,NA,NA,NA,NA,NA,925.94lbs,NA,NA,NA,NA,NA,NA,NA,NA,Finca San José,NA,$13.60/lb,NA,NA,NA,NA,NA,NA,NA,NA,NA,NA
Mexico,2025,COE,auction,Traditional Washed Processes,https://allianceforcoffeeexcellence.org/mexico-2025/,4,8,NA,"87,56",NA,NA,$9457.73,NOZY COFFEE,NA,success,NA,NA,NA,NA,NA,NA,NA,NA,NA,NA,NA,NA,NA,NA,NA,NA,NA,NA,NA,NA,NA,NA,NA,NA,NA,NA,NA,NA,NA,NA,NA,NA,NA,NA,NA,NA,330.69lbs,NA,NA,NA,NA,NA,NA,NA,NA,Finca La Lomita,NA,$28.60/lb,NA,NA,NA,NA,NA,NA,NA,NA,NA,NA
Mexico,2025,COE,auction,Traditional Washed Processes,https://allianceforcoffeeexcellence.org/mexico-2025/,4,9,NA,"87,47",NA,NA,$12685.38,"Wataru & Co., Ltd.",NA,success,NA,NA,NA,NA,NA,NA,NA,NA,NA,NA,NA,NA,NA,NA,NA,NA,NA,NA,NA,NA,NA,NA,NA,NA,NA,NA,NA,NA,NA,NA,NA,NA,NA,NA,NA,NA,925.94lbs,NA,NA,NA,NA,NA,NA,NA,NA,Finca El Izote,NA,$13.70/lb,NA,NA,NA,NA,NA,NA,NA,NA,NA,NA
Mexico,2025,COE,auction,Traditional Washed Processes,https://allianceforcoffeeexcellence.org/mexico-2025/,4,10,NA,"87,36",NA,NA,$10112.53,Kaffebrenneriet as,NA,success,NA,NA,NA,NA,NA,NA,NA,NA,NA,NA,NA,NA,NA,NA,NA,NA,NA,NA,NA,NA,NA,NA,NA,NA,NA,NA,NA,NA,NA,NA,NA,NA,NA,NA,NA,NA,727.52lbs,NA,NA,NA,NA,NA,NA,NA,NA,Rancho El Separo,NA,$13.90/lb,NA,NA,NA,NA,NA,NA,NA,NA,NA,NA
Mexico,2025,COE,auction,Traditional Honey & Natural Processes,https://allianceforcoffeeexcellence.org/mexico-2025/,5,1A,NA,"90,83",NA,NA,$20601.99,"CAMEL COFFEE CO.,LTD. (KALDI COFFEE FARM)",NA,success,NA,NA,NA,NA,NA,NA,NA,NA,NA,NA,NA,NA,NA,NA,NA,NA,NA,NA,NA,NA,NA,NA,NA,NA,NA,NA,NA,NA,NA,NA,NA,NA,NA,NA,NA,NA,330.69lbs,NA,NA,NA,NA,NA,NA,NA,NA,Finca Santa Cruz,NA,$62.30/lb,NA,NA,NA,NA,NA,NA,NA,NA,NA,NA
Mexico,2025,COE,auction,Traditional Honey & Natural Processes,https://allianceforcoffeeexcellence.org/mexico-2025/,5,1B,NA,"90,83",NA,NA,$21018.08,"CAMEL COFFEE CO.,LTD. (KALDI COFFEE FARM)",NA,success,NA,NA,NA,NA,NA,NA,NA,NA,NA,NA,NA,NA,NA,NA,NA,NA,NA,NA,NA,NA,NA,NA,NA,NA,NA,NA,NA,NA,NA,NA,NA,NA,NA,NA,NA,NA,299.83lbs,NA,NA,NA,NA,NA,NA,NA,NA,Finca Santa Cruz,NA,$70.10/lb,NA,NA,NA,NA,NA,NA,NA,NA,NA,NA
Mexico,2025,COE,auction,Traditional Honey & Natural Processes,https://allianceforcoffeeexcellence.org/mexico-2025/,5,2,NA,"90,75",NA,NA,$17022.23,Cafe Kreyol,NA,success,NA,NA,NA,NA,NA,NA,NA,NA,NA,NA,NA,NA,NA,NA,NA,NA,NA,NA,NA,NA,NA,NA,NA,NA,NA,NA,NA,NA,NA,NA,NA,NA,NA,NA,NA,NA,456.36lbs,NA,NA,NA,NA,NA,NA,NA,NA,El Ocote,NA,$37.30/lb,NA,NA,NA,NA,NA,NA,NA,NA,NA,NA
Mexico,2025,COE,auction,Traditional Honey & Natural Processes,https://allianceforcoffeeexcellence.org/mexico-2025/,5,3,NA,"89,00",NA,NA,$7083.59,DECAMERON COFFEE 十日谈,NA,success,NA,NA,NA,NA,NA,NA,NA,NA,NA,NA,NA,NA,NA,NA,NA,NA,NA,NA,NA,NA,NA,NA,NA,NA,NA,NA,NA,NA,NA,NA,NA,NA,NA,NA,NA,NA,198.42lbs,NA,NA,NA,NA,NA,NA,NA,NA,Finca La Luz,NA,$35.70/lb,NA,NA,NA,NA,NA,NA,NA,NA,NA,NA
Mexico,2025,COE,auction,Traditional Honey & Natural Processes,https://allianceforcoffeeexcellence.org/mexico-2025/,5,4,NA,"87,92",NA,NA,$9118.24,C&B coffee roasters,NA,success,NA,NA,NA,NA,NA,NA,NA,NA,NA,NA,NA,NA,NA,NA,NA,NA,NA,NA,NA,NA,NA,NA,NA,NA,NA,NA,NA,NA,NA,NA,NA,NA,NA,NA,NA,NA,388.01lbs,NA,NA,NA,NA,NA,NA,NA,NA,Finca Huehuetepan,NA,$23.50/lb,NA,NA,NA,NA,NA,NA,NA,NA,NA,NA
Mexico,2025,COE,auction,Traditional Honey & Natural Processes,https://allianceforcoffeeexcellence.org/mexico-2025/,5,5,NA,"87,78",NA,NA,$12373.55,"Cartel Coffee Roasters, Huracan Coffee",NA,success,NA,NA,NA,NA,NA,NA,NA,NA,NA,NA,NA,NA,NA,NA,NA,NA,NA,NA,NA,NA,NA,NA,NA,NA,NA,NA,NA,NA,NA,NA,NA,NA,NA,NA,NA,NA,647.83lbs,NA,NA,NA,NA,NA,NA,NA,NA,Finca del Alba,NA,$19.10/lb,NA,NA,NA,NA,NA,NA,NA,NA,NA,NA
Mexico,2025,COE,auction,Traditional Honey & Natural Processes,https://allianceforcoffeeexcellence.org/mexico-2025/,5,6,NA,"87,72",NA,NA,$9494.14,Sulalat,NA,success,NA,NA,NA,NA,NA,NA,NA,NA,NA,NA,NA,NA,NA,NA,NA,NA,NA,NA,NA,NA,NA,NA,NA,NA,NA,NA,NA,NA,NA,NA,NA,NA,NA,NA,NA,NA,363.76lbs,NA,NA,NA,NA,NA,NA,NA,NA,Finca Zapotitla,NA,$26.10/lb,NA,NA,NA,NA,NA,NA,NA,NA,NA,NA
Mexico,2025,COE,auction,Traditional Honey & Natural Processes,https://allianceforcoffeeexcellence.org/mexico-2025/,5,7,NA,"87,61",NA,NA,$4959.11,"Little Whale Coffee Limited, Huracan Coffee",NA,success,NA,NA,NA,NA,NA,NA,NA,NA,NA,NA,NA,NA,NA,NA,NA,NA,NA,NA,NA,NA,NA,NA,NA,NA,NA,NA,NA,NA,NA,NA,NA,NA,NA,NA,NA,NA,304.24lbs,NA,NA,NA,NA,NA,NA,NA,NA,Finca Xilontla,NA,$16.30/lb,NA,NA,NA,NA,NA,NA,NA,NA,NA,NA
Mexico,2025,COE,auction,Traditional Honey & Natural Processes,https://allianceforcoffeeexcellence.org/mexico-2025/,5,8,NA,"87,58",NA,NA,$6424.00,"Wataru & Co., Ltd.",NA,success,NA,NA,NA,NA,NA,NA,NA,NA,NA,NA,NA,NA,NA,NA,NA,NA,NA,NA,NA,NA,NA,NA,NA,NA,NA,NA,NA,NA,NA,NA,NA,NA,NA,NA,NA,NA,440lbs,NA,NA,NA,NA,NA,NA,NA,NA,Rancho viejo-Kohmar,NA,$14.60/lb,NA,NA,NA,NA,NA,NA,NA,NA,NA,NA
Mexico,2025,COE,auction,Traditional Honey & Natural Processes,https://allianceforcoffeeexcellence.org/mexico-2025/,5,9,NA,"87,56",NA,NA,$8085.45,Monarch Haus,NA,success,NA,NA,NA,NA,NA,NA,NA,NA,NA,NA,NA,NA,NA,NA,NA,NA,NA,NA,NA,NA,NA,NA,NA,NA,NA,NA,NA,NA,NA,NA,NA,NA,NA,NA,NA,NA,496.04lbs,NA,NA,NA,NA,NA,NA,NA,NA,Finca Zacatlami,NA,$16.30/lb,NA,NA,NA,NA,NA,NA,NA,NA,NA,NA
Mexico,2025,COE,auction,Traditional Honey & Natural Processes,https://allianceforcoffeeexcellence.org/mexico-2025/,5,10,NA,"87,44",NA,NA,$5026.49,"Cultivar Coffee Roasting Co., Huracan Coffee, Carrboro Coffee Roasters",NA,success,NA,NA,NA,NA,NA,NA,NA,NA,NA,NA,NA,NA,NA,NA,NA,NA,NA,NA,NA,NA,NA,NA,NA,NA,NA,NA,NA,NA,NA,NA,NA,NA,NA,NA,NA,NA,330.69lbs,NA,NA,NA,NA,NA,NA,NA,NA,Rancho el Separo,NA,$15.20/lb,NA,NA,NA,NA,NA,NA,NA,NA,NA,NA
Mexico,2025,COE,auction,Traditional Honey & Natural Processes,https://allianceforcoffeeexcellence.org/mexico-2025/,5,11,NA,"87,19",NA,NA,$6912.83,Black Sip Coffee Roasters,NA,success,NA,NA,NA,NA,NA,NA,NA,NA,NA,NA,NA,NA,NA,NA,NA,NA,NA,NA,NA,NA,NA,NA,NA,NA,NA,NA,NA,NA,NA,NA,NA,NA,NA,NA,NA,NA,443.13lbs,NA,NA,NA,NA,NA,NA,NA,NA,Finca Alina,NA,$15.60/lb,NA,NA,NA,NA,NA,NA,NA,NA,NA,NA
Mexico,2025,COE,auction,Experimental,https://allianceforcoffeeexcellence.org/mexico-2025/,6,1A,NA,"89,78",NA,NA,$9531.11,Sulalat,NA,success,NA,NA,NA,NA,NA,NA,NA,NA,NA,NA,NA,NA,NA,NA,NA,NA,NA,NA,NA,NA,NA,NA,NA,NA,NA,NA,NA,NA,NA,NA,NA,NA,NA,NA,NA,NA,246.92lbs,NA,NA,NA,NA,NA,NA,NA,NA,Finca la Palma,NA,$38.60/lb,NA,NA,NA,NA,NA,NA,NA,NA,NA,NA
Mexico,2025,COE,auction,Experimental,https://allianceforcoffeeexcellence.org/mexico-2025/,6,1B,NA,"89,78",NA,NA,$8055.85,Monarch Haus,NA,success,NA,NA,NA,NA,NA,NA,NA,NA,NA,NA,NA,NA,NA,NA,NA,NA,NA,NA,NA,NA,NA,NA,NA,NA,NA,NA,NA,NA,NA,NA,NA,NA,NA,NA,NA,NA,198.42lbs,NA,NA,NA,NA,NA,NA,NA,NA,Finca la Palma,NA,$40.60/lb,NA,NA,NA,NA,NA,NA,NA,NA,NA,NA
Mexico,2025,COE,auction,Experimental,https://allianceforcoffeeexcellence.org/mexico-2025/,6,2,NA,"89,39",NA,NA,$12751.55,Cafe Kreyol,NA,success,NA,NA,NA,NA,NA,NA,NA,NA,NA,NA,NA,NA,NA,NA,NA,NA,NA,NA,NA,NA,NA,NA,NA,NA,NA,NA,NA,NA,NA,NA,NA,NA,NA,NA,NA,NA,529.11lbs,NA,NA,NA,NA,NA,NA,NA,NA,Finca El Río,NA,$24.10/lb,NA,NA,NA,NA,NA,NA,NA,NA,NA,NA
Mexico,2025,COE,auction,Experimental,https://allianceforcoffeeexcellence.org/mexico-2025/,6,3,NA,"88,94",NA,NA,$16137.86,Cartel Coffee Roasters,NA,success,NA,NA,NA,NA,NA,NA,NA,NA,NA,NA,NA,NA,NA,NA,NA,NA,NA,NA,NA,NA,NA,NA,NA,NA,NA,NA,NA,NA,NA,NA,NA,NA,NA,NA,NA,NA,529.11lbs,NA,NA,NA,NA,NA,NA,NA,NA,Finca Pocitos,NA,$30.50/lb,NA,NA,NA,NA,NA,NA,NA,NA,NA,NA
Mexico,2025,COE,auction,Experimental,https://allianceforcoffeeexcellence.org/mexico-2025/,6,4,NA,"87,97",NA,NA,$4938.36,Brew92 Cafe & Roastery,NA,success,NA,NA,NA,NA,NA,NA,NA,NA,NA,NA,NA,NA,NA,NA,NA,NA,NA,NA,NA,NA,NA,NA,NA,NA,NA,NA,NA,NA,NA,NA,NA,NA,NA,NA,NA,NA,352.74lbs,NA,NA,NA,NA,NA,NA,NA,NA,Finca Xilontla,NA,$14.00/lb,NA,NA,NA,NA,NA,NA,NA,NA,NA,NA
Mexico,2025,COE,auction,Experimental,https://allianceforcoffeeexcellence.org/mexico-2025/,6,5,NA,"87,78",NA,NA,$5217.16,CAFE ESTELAR,NA,success,NA,NA,NA,NA,NA,NA,NA,NA,NA,NA,NA,NA,NA,NA,NA,NA,NA,NA,NA,NA,NA,NA,NA,NA,NA,NA,NA,NA,NA,NA,NA,NA,NA,NA,NA,NA,389.34lbs,NA,NA,NA,NA,NA,NA,NA,NA,Finca La Bendición,NA,$13.40/lb,NA,NA,NA,NA,NA,NA,NA,NA,NA,NA
Mexico,2025,COE,auction,Experimental,https://allianceforcoffeeexcellence.org/mexico-2025/,6,6,NA,"87,75",NA,NA,$6690.29,"Wataru & Co., Ltd.",NA,success,NA,NA,NA,NA,NA,NA,NA,NA,NA,NA,NA,NA,NA,NA,NA,NA,NA,NA,NA,NA,NA,NA,NA,NA,NA,NA,NA,NA,NA,NA,NA,NA,NA,NA,NA,NA,506.84lbs,NA,NA,NA,NA,NA,NA,NA,NA,Finca Tierra Amarilla,NA,$13.20/lb,NA,NA,NA,NA,NA,NA,NA,NA,NA,NA
Mexico,2025,COE,auction,Experimental,https://allianceforcoffeeexcellence.org/mexico-2025/,6,7,NA,"87,44",NA,NA,$6831.94,"Al Cafeci, S.A. de C.V.",NA,success,NA,NA,NA,NA,NA,NA,NA,NA,NA,NA,NA,NA,NA,NA,NA,NA,NA,NA,NA,NA,NA,NA,NA,NA,NA,NA,NA,NA,NA,NA,NA,NA,NA,NA,NA,NA,513.68lbs,NA,NA,NA,NA,NA,NA,NA,NA,Finca Trebolillos,NA,$13.30/lb,NA,NA,NA,NA,NA,NA,NA,NA,NA,NA
Mexico,2025,COE,auction,Experimental,https://allianceforcoffeeexcellence.org/mexico-2025/,6,8,NA,"87,11",NA,NA,$6626.19,Mercanta The Coffee Hunters and Alchemist Coffee Singapore,NA,success,NA,NA,NA,NA,NA,NA,NA,NA,NA,NA,NA,NA,NA,NA,NA,NA,NA,NA,NA,NA,NA,NA,NA,NA,NA,NA,NA,NA,NA,NA,NA,NA,NA,NA,NA,NA,487.22lbs,NA,NA,NA,NA,NA,NA,NA,NA,Finca Regina,NA,$13.60/lb,NA,NA,NA,NA,NA,NA,NA,NA,NA,NA
Mexico,2025,COE,auction,Experimental,https://allianceforcoffeeexcellence.org/mexico-2025/,6,9,NA,"87,00",NA,NA,$4827.26,"Wataru & Co., Ltd.",NA,success,NA,NA,NA,NA,NA,NA,NA,NA,NA,NA,NA,NA,NA,NA,NA,NA,NA,NA,NA,NA,NA,NA,NA,NA,NA,NA,NA,NA,NA,NA,NA,NA,NA,NA,NA,NA,299.83lbs,NA,NA,NA,NA,NA,NA,NA,NA,Finca Corahe,NA,$16.10/lb,NA,NA,NA,NA,NA,NA,NA,NA,NA,NA
Mexico,2025,NW,auction,TRADITIONAL WASHED PROCESSES,https://allianceforcoffeeexcellence.org/mexico-2025/,9,NW,NA,"86,78",NA,NA,$8698.56,Fadie Sasaguri Roastery Corporation,NA,success,NA,NA,NA,NA,NA,NA,NA,NA,NA,NA,NA,NA,NA,NA,NA,NA,NA,NA,NA,NA,NA,NA,NA,NA,NA,NA,NA,NA,NA,NA,NA,NA,NA,NA,NA,NA,906.1lbs,NA,NA,NA,NA,NA,NA,NA,NA,Finca El Naranjo,NA,$9.60/lb,NA,NA,NA,NA,NA,NA,NA,NA,NA,NA
Mexico,2025,NW,auction,TRADITIONAL WASHED PROCESSES,https://allianceforcoffeeexcellence.org/mexico-2025/,9,NW,NA,"86,64",NA,NA,$1717.41,Carrboro Coffee Roasters,NA,success,NA,NA,NA,NA,NA,NA,NA,NA,NA,NA,NA,NA,NA,NA,NA,NA,NA,NA,NA,NA,NA,NA,NA,NA,NA,NA,NA,NA,NA,NA,NA,NA,NA,NA,NA,NA,361.56lbs,NA,NA,NA,NA,NA,NA,NA,NA,Finca Xoxohuico,NA,$4.75/lb,NA,NA,NA,NA,NA,NA,NA,NA,NA,NA
Mexico,2025,NW,auction,TRADITIONAL WASHED PROCESSES,https://allianceforcoffeeexcellence.org/mexico-2025/,9,NW,NA,"86,47",NA,NA,$2610.30,Savaya Coffee LLC,NA,success,NA,NA,NA,NA,NA,NA,NA,NA,NA,NA,NA,NA,NA,NA,NA,NA,NA,NA,NA,NA,NA,NA,NA,NA,NA,NA,NA,NA,NA,NA,NA,NA,NA,NA,NA,NA,407.86lbs,NA,NA,NA,NA,NA,NA,NA,NA,Finca Los Vázquez,NA,$6.40/lb,NA,NA,NA,NA,NA,NA,NA,NA,NA,NA
Mexico,2025,NW,auction,EXPERIMENTAL,https://allianceforcoffeeexcellence.org/mexico-2025/,10,NW,NA,"86,83",NA,NA,$3052.75,"Al Cafeci, S.A. de C.V.",NA,success,NA,NA,NA,NA,NA,NA,NA,NA,NA,NA,NA,NA,NA,NA,NA,NA,NA,NA,NA,NA,NA,NA,NA,NA,NA,NA,NA,NA,NA,NA,NA,NA,NA,NA,NA,NA,500.45lbs,NA,NA,NA,NA,NA,NA,NA,NA,Finca Tepetzinta,NA,$6.10/lb,NA,NA,NA,NA,NA,NA,NA,NA,NA,NA
Nicaragua,2025,COE,auction,Washed Processes,https://allianceforcoffeeexcellence.org/nicaragua-2025/,3,1A,NA,"90,73",NA,NA,$12778.25,"K.V.N. IMPORT EXPORT (1991) CO., LTD.",NA,success,NA,NA,NA,NA,NA,NA,NA,NA,NA,NA,NA,NA,NA,NA,NA,NA,NA,NA,NA,NA,NA,NA,NA,NA,NA,NA,NA,NA,NA,NA,NA,NA,NA,NA,NA,NA,198.42lbs,NA,NA,NA,NA,NA,NA,NA,NA,La Esperanza,NA,$64.40/lb,NA,NA,NA,NA,NA,NA,NA,NA,NA,NA
Nicaragua,2025,COE,auction,Washed Processes,https://allianceforcoffeeexcellence.org/nicaragua-2025/,3,1B,NA,"90,73",NA,NA,$10476.18,"Coffee Me Up (Korea), TWO HANDS FULL (Indonesia)",NA,success,NA,NA,NA,NA,NA,NA,NA,NA,NA,NA,NA,NA,NA,NA,NA,NA,NA,NA,NA,NA,NA,NA,NA,NA,NA,NA,NA,NA,NA,NA,NA,NA,NA,NA,NA,NA,158.73lbs,NA,NA,NA,NA,NA,NA,NA,NA,La Esperanza,NA,$66.00/lb,NA,NA,NA,NA,NA,NA,NA,NA,NA,NA
Nicaragua,2025,COE,auction,Washed Processes,https://allianceforcoffeeexcellence.org/nicaragua-2025/,3,2,NA,"90,5",NA,NA,$35755.86,"Dabov Specialty Coffee, RYANS COFFEE, Roots by Earth, Savaya Coﬀee LLC, SUPREMO COFFEE, MOGIPOGROUND, Citric meets Malic, MAGE COFFEE, Smoky Shark Coffee",NA,success,NA,NA,NA,NA,NA,NA,NA,NA,NA,NA,NA,NA,NA,NA,NA,NA,NA,NA,NA,NA,NA,NA,NA,NA,NA,NA,NA,NA,NA,NA,NA,NA,NA,NA,NA,NA,"2,553.99lbs",NA,NA,NA,NA,NA,NA,NA,NA,Solidaridad,NA,$14.00/lb,NA,NA,NA,NA,NA,NA,NA,NA,NA,NA
Nicaragua,2025,COE,auction,Washed Processes,https://allianceforcoffeeexcellence.org/nicaragua-2025/,3,3,NA,"90,45",NA,NA,$13848.37,Brew92 Cafe & Roastery,NA,success,NA,NA,NA,NA,NA,NA,NA,NA,NA,NA,NA,NA,NA,NA,NA,NA,NA,NA,NA,NA,NA,NA,NA,NA,NA,NA,NA,NA,NA,NA,NA,NA,NA,NA,NA,NA,511.01lbs,NA,NA,NA,NA,NA,NA,NA,NA,El Porvenir,NA,$27.10/lb,NA,NA,NA,NA,NA,NA,NA,NA,NA,NA
Nicaragua,2025,COE,auction,Washed Processes,https://allianceforcoffeeexcellence.org/nicaragua-2025/,3,4,NA,"90,14",NA,NA,$34661.72,BELCO SAS,NA,success,NA,NA,NA,NA,NA,NA,NA,NA,NA,NA,NA,NA,NA,NA,NA,NA,NA,NA,NA,NA,NA,NA,NA,NA,NA,NA,NA,NA,NA,NA,NA,NA,NA,NA,NA,NA,392.99lbs,NA,NA,NA,NA,NA,NA,NA,NA,Los Alpes,NA,$88.20/lb,NA,NA,NA,NA,NA,NA,NA,NA,NA,NA
Nicaragua,2025,COE,auction,Washed Processes,https://allianceforcoffeeexcellence.org/nicaragua-2025/,3,5.,NA,"89,36",NA,NA,$7670.40,MOMOS COFFEE,NA,success,NA,NA,NA,NA,NA,NA,NA,NA,NA,NA,NA,NA,NA,NA,NA,NA,NA,NA,NA,NA,NA,NA,NA,NA,NA,NA,NA,NA,NA,NA,NA,NA,NA,NA,NA,NA,544lbs,NA,NA,NA,NA,NA,NA,NA,NA,San Judas Tadeo,NA,$14.10/lb,NA,NA,NA,NA,NA,NA,NA,NA,NA,NA
Nicaragua,2025,COE,auction,Washed Processes,https://allianceforcoffeeexcellence.org/nicaragua-2025/,3,6,NA,"87,73",NA,NA,$8881.28,honu加藤珈琲店株式会社,NA,success,NA,NA,NA,NA,NA,NA,NA,NA,NA,NA,NA,NA,NA,NA,NA,NA,NA,NA,NA,NA,NA,NA,NA,NA,NA,NA,NA,NA,NA,NA,NA,NA,NA,NA,NA,NA,733.99lbs,NA,NA,NA,NA,NA,NA,NA,NA,Los Granadilos,NA,$12.10/lb,NA,NA,NA,NA,NA,NA,NA,NA,NA,NA
Nicaragua,2025,COE,auction,Washed Processes,https://allianceforcoffeeexcellence.org/nicaragua-2025/,3,7,NA,"87,64",NA,NA,$17482.60,Kaffebrenneriet as,NA,success,NA,NA,NA,NA,NA,NA,NA,NA,NA,NA,NA,NA,NA,NA,NA,NA,NA,NA,NA,NA,NA,NA,NA,NA,NA,NA,NA,NA,NA,NA,NA,NA,NA,NA,NA,NA,"1,433lbs",NA,NA,NA,NA,NA,NA,NA,NA,San Ramón,NA,$12.20/lb,NA,NA,NA,NA,NA,NA,NA,NA,NA,NA
Nicaragua,2025,COE,auction,Washed Processes,https://allianceforcoffeeexcellence.org/nicaragua-2025/,3,8,NA,"87,59",NA,NA,$3330.48,SHRUB COFFEE by Marukai,NA,success,NA,NA,NA,NA,NA,NA,NA,NA,NA,NA,NA,NA,NA,NA,NA,NA,NA,NA,NA,NA,NA,NA,NA,NA,NA,NA,NA,NA,NA,NA,NA,NA,NA,NA,NA,NA,272.99lbs,NA,NA,NA,NA,NA,NA,NA,NA,Hugo Medina,NA,$12.20/lb,NA,NA,NA,NA,NA,NA,NA,NA,NA,NA
Nicaragua,2025,COE,auction,Washed Processes,https://allianceforcoffeeexcellence.org/nicaragua-2025/,3,9,NA,"87,41",NA,NA,$8712.00,Loca Coffee (China) for BeamTimer治光师/少数派,NA,success,NA,NA,NA,NA,NA,NA,NA,NA,NA,NA,NA,NA,NA,NA,NA,NA,NA,NA,NA,NA,NA,NA,NA,NA,NA,NA,NA,NA,NA,NA,NA,NA,NA,NA,NA,NA,720lbs,NA,NA,NA,NA,NA,NA,NA,NA,La Furiosa,NA,$12.10/lb,NA,NA,NA,NA,NA,NA,NA,NA,NA,NA
Nicaragua,2025,COE,auction,Washed Processes,https://allianceforcoffeeexcellence.org/nicaragua-2025/,3,10,NA,"87,41",NA,NA,$9958.18,Loca Coffee (China) for BeamTimer治光师/少数派,NA,success,NA,NA,NA,NA,NA,NA,NA,NA,NA,NA,NA,NA,NA,NA,NA,NA,NA,NA,NA,NA,NA,NA,NA,NA,NA,NA,NA,NA,NA,NA,NA,NA,NA,NA,NA,NA,822.99lbs,NA,NA,NA,NA,NA,NA,NA,NA,El Porvenir,NA,$12.10/lb,NA,NA,NA,NA,NA,NA,NA,NA,NA,NA
Nicaragua,2025,COE,auction,Washed Processes,https://allianceforcoffeeexcellence.org/nicaragua-2025/,3,11,NA,"87,36",NA,NA,$8100.00,"Wataru & Co., Ltd.",NA,success,NA,NA,NA,NA,NA,NA,NA,NA,NA,NA,NA,NA,NA,NA,NA,NA,NA,NA,NA,NA,NA,NA,NA,NA,NA,NA,NA,NA,NA,NA,NA,NA,NA,NA,NA,NA,675lbs,NA,NA,NA,NA,NA,NA,NA,NA,El Palacio,NA,$12.00/lb,NA,NA,NA,NA,NA,NA,NA,NA,NA,NA
Nicaragua,2025,COE,auction,Washed Processes,https://allianceforcoffeeexcellence.org/nicaragua-2025/,3,12,NA,"87,27",NA,NA,$7282.80,"Wataru & Co., Ltd.",NA,success,NA,NA,NA,NA,NA,NA,NA,NA,NA,NA,NA,NA,NA,NA,NA,NA,NA,NA,NA,NA,NA,NA,NA,NA,NA,NA,NA,NA,NA,NA,NA,NA,NA,NA,NA,NA,578lbs,NA,NA,NA,NA,NA,NA,NA,NA,El Poste,NA,$12.60/lb,NA,NA,NA,NA,NA,NA,NA,NA,NA,NA
Nicaragua,2025,COE,auction,Washed Processes,https://allianceforcoffeeexcellence.org/nicaragua-2025/,3,13,NA,"87,14",NA,NA,$5322.80,"Wataru & Co., Ltd.",NA,success,NA,NA,NA,NA,NA,NA,NA,NA,NA,NA,NA,NA,NA,NA,NA,NA,NA,NA,NA,NA,NA,NA,NA,NA,NA,NA,NA,NA,NA,NA,NA,NA,NA,NA,NA,NA,527.01lbs,NA,NA,NA,NA,NA,NA,NA,NA,Las Hortencias,NA,$10.10/lb,NA,NA,NA,NA,NA,NA,NA,NA,NA,NA
Nicaragua,2025,COE,auction,Washed Processes,https://allianceforcoffeeexcellence.org/nicaragua-2025/,3,14,NA,"87,09",NA,NA,$8881.60,Brew92 Cafe & Roastery,NA,success,NA,NA,NA,NA,NA,NA,NA,NA,NA,NA,NA,NA,NA,NA,NA,NA,NA,NA,NA,NA,NA,NA,NA,NA,NA,NA,NA,NA,NA,NA,NA,NA,NA,NA,NA,NA,728lbs,NA,NA,NA,NA,NA,NA,NA,NA,El Porvenir,NA,$12.20/lb,NA,NA,NA,NA,NA,NA,NA,NA,NA,NA
Nicaragua,2025,COE,auction,Washed Processes,https://allianceforcoffeeexcellence.org/nicaragua-2025/,3,15,NA,"87,05",NA,NA,$12464.91,"Wataru & Co., Ltd.",NA,success,NA,NA,NA,NA,NA,NA,NA,NA,NA,NA,NA,NA,NA,NA,NA,NA,NA,NA,NA,NA,NA,NA,NA,NA,NA,NA,NA,NA,NA,NA,NA,NA,NA,NA,NA,NA,"1,384.99lbs",NA,NA,NA,NA,NA,NA,NA,NA,Bella Aurora,NA,$9.00/lb,NA,NA,NA,NA,NA,NA,NA,NA,NA,NA
Nicaragua,2025,COE,auction,Natural & Honey,https://allianceforcoffeeexcellence.org/nicaragua-2025/,4,1A,NA,"91,77",NA,NA,$14497.34,"K.V.N. IMPORT EXPORT (1991) CO., LTD.",NA,success,NA,NA,NA,NA,NA,NA,NA,NA,NA,NA,NA,NA,NA,NA,NA,NA,NA,NA,NA,NA,NA,NA,NA,NA,NA,NA,NA,NA,NA,NA,NA,NA,NA,NA,NA,NA,264.55lbs,NA,NA,NA,NA,NA,NA,NA,NA,Elite,NA,$54.80/lb,NA,NA,NA,NA,NA,NA,NA,NA,NA,NA
Nicaragua,2025,COE,auction,Natural & Honey,https://allianceforcoffeeexcellence.org/nicaragua-2025/,4,1B,NA,"91,77",NA,NA,$12984.35,DECAMERON COFFEE十日谈,NA,success,NA,NA,NA,NA,NA,NA,NA,NA,NA,NA,NA,NA,NA,NA,NA,NA,NA,NA,NA,NA,NA,NA,NA,NA,NA,NA,NA,NA,NA,NA,NA,NA,NA,NA,NA,NA,231.45lbs,NA,NA,NA,NA,NA,NA,NA,NA,Elite,NA,$56.10/lb,NA,NA,NA,NA,NA,NA,NA,NA,NA,NA
Nicaragua,2025,COE,auction,Natural & Honey,https://allianceforcoffeeexcellence.org/nicaragua-2025/,4,2,NA,"90,59",NA,NA,$21030.80,SHRUB COFFEE by Marukai,NA,success,NA,NA,NA,NA,NA,NA,NA,NA,NA,NA,NA,NA,NA,NA,NA,NA,NA,NA,NA,NA,NA,NA,NA,NA,NA,NA,NA,NA,NA,NA,NA,NA,NA,NA,NA,NA,"1,036lbs",NA,NA,NA,NA,NA,NA,NA,NA,El Porvenir,NA,$20.30/lb,NA,NA,NA,NA,NA,NA,NA,NA,NA,NA
Nicaragua,2025,COE,auction,Natural & Honey,https://allianceforcoffeeexcellence.org/nicaragua-2025/,4,3,NA,"90,27",NA,NA,$9788.70,0566 珈琲製作所/ 0566 COFFEE bid by Ecofarm Coffee (China),NA,success,NA,NA,NA,NA,NA,NA,NA,NA,NA,NA,NA,NA,NA,NA,NA,NA,NA,NA,NA,NA,NA,NA,NA,NA,NA,NA,NA,NA,NA,NA,NA,NA,NA,NA,NA,NA,487lbs,NA,NA,NA,NA,NA,NA,NA,NA,Buenos Aires,NA,$20.10/lb,NA,NA,NA,NA,NA,NA,NA,NA,NA,NA
Nicaragua,2025,COE,auction,Natural & Honey,https://allianceforcoffeeexcellence.org/nicaragua-2025/,4,4,NA,"89,77",NA,NA,$7075.38,Sarutahiko Coffee Inc.,NA,success,NA,NA,NA,NA,NA,NA,NA,NA,NA,NA,NA,NA,NA,NA,NA,NA,NA,NA,NA,NA,NA,NA,NA,NA,NA,NA,NA,NA,NA,NA,NA,NA,NA,NA,NA,NA,402.01lbs,NA,NA,NA,NA,NA,NA,NA,NA,Finca Paraiso,NA,$17.60/lb,NA,NA,NA,NA,NA,NA,NA,NA,NA,NA
Nicaragua,2025,COE,auction,Natural & Honey,https://allianceforcoffeeexcellence.org/nicaragua-2025/,4,5,NA,"88,86",NA,NA,$12006.26,Loca Coffee (China) for BeamTimer治光师/少数派,NA,success,NA,NA,NA,NA,NA,NA,NA,NA,NA,NA,NA,NA,NA,NA,NA,NA,NA,NA,NA,NA,NA,NA,NA,NA,NA,NA,NA,NA,NA,NA,NA,NA,NA,NA,NA,NA,460.01lbs,NA,NA,NA,NA,NA,NA,NA,NA,El Guacalito,NA,$26.10/lb,NA,NA,NA,NA,NA,NA,NA,NA,NA,NA
Nicaragua,2025,COE,auction,Natural & Honey,https://allianceforcoffeeexcellence.org/nicaragua-2025/,4,6,NA,"88,18",NA,NA,$6461.88,MI Coffee Corporation,NA,success,NA,NA,NA,NA,NA,NA,NA,NA,NA,NA,NA,NA,NA,NA,NA,NA,NA,NA,NA,NA,NA,NA,NA,NA,NA,NA,NA,NA,NA,NA,NA,NA,NA,NA,NA,NA,357.01lbs,NA,NA,NA,NA,NA,NA,NA,NA,Las Neblinas,NA,$18.10/lb,NA,NA,NA,NA,NA,NA,NA,NA,NA,NA
Nicaragua,2025,COE,auction,Natural & Honey,https://allianceforcoffeeexcellence.org/nicaragua-2025/,4,7,NA,"88,18",NA,NA,$7282.65,"Saerin co.,Ltd (MOGIPOGROUND)",NA,success,NA,NA,NA,NA,NA,NA,NA,NA,NA,NA,NA,NA,NA,NA,NA,NA,NA,NA,NA,NA,NA,NA,NA,NA,NA,NA,NA,NA,NA,NA,NA,NA,NA,NA,NA,NA,475.99lbs,NA,NA,NA,NA,NA,NA,NA,NA,Delafincacoffee Farm,NA,$15.30/lb,NA,NA,NA,NA,NA,NA,NA,NA,NA,NA
Nicaragua,2025,COE,auction,Natural & Honey,https://allianceforcoffeeexcellence.org/nicaragua-2025/,4,8.,NA,"88,14",NA,NA,$8299.80,Solberg & Hansen As,NA,success,NA,NA,NA,NA,NA,NA,NA,NA,NA,NA,NA,NA,NA,NA,NA,NA,NA,NA,NA,NA,NA,NA,NA,NA,NA,NA,NA,NA,NA,NA,NA,NA,NA,NA,NA,NA,414.99lbs,NA,NA,NA,NA,NA,NA,NA,NA,Un Regalo De Dios,NA,$20.00/lb,NA,NA,NA,NA,NA,NA,NA,NA,NA,NA
Nicaragua,2025,COE,auction,Natural & Honey,https://allianceforcoffeeexcellence.org/nicaragua-2025/,4,9.,NA,88,NA,NA,$7992.12,1895 by Lavazza,NA,success,NA,NA,NA,NA,NA,NA,NA,NA,NA,NA,NA,NA,NA,NA,NA,NA,NA,NA,NA,NA,NA,NA,NA,NA,NA,NA,NA,NA,NA,NA,NA,NA,NA,NA,NA,NA,666.01lbs,NA,NA,NA,NA,NA,NA,NA,NA,San Jose N° 1,NA,$12.00/lb,NA,NA,NA,NA,NA,NA,NA,NA,NA,NA
Nicaragua,2025,COE,auction,Natural & Honey,https://allianceforcoffeeexcellence.org/nicaragua-2025/,4,10,NA,88,NA,NA,$14407.25,"CAMEL COFFEE CO.,LTD. (KALDI COFFEE FARM)",NA,success,NA,NA,NA,NA,NA,NA,NA,NA,NA,NA,NA,NA,NA,NA,NA,NA,NA,NA,NA,NA,NA,NA,NA,NA,NA,NA,NA,NA,NA,NA,NA,NA,NA,NA,NA,NA,564.99lbs,NA,NA,NA,NA,NA,NA,NA,NA,Los Congos,NA,$25.50/lb,NA,NA,NA,NA,NA,NA,NA,NA,NA,NA
Nicaragua,2025,COE,auction,Natural & Honey,https://allianceforcoffeeexcellence.org/nicaragua-2025/,4,11,NA,"87,86",NA,NA,$7236.00,"Wataru & Co., Ltd.",NA,success,NA,NA,NA,NA,NA,NA,NA,NA,NA,NA,NA,NA,NA,NA,NA,NA,NA,NA,NA,NA,NA,NA,NA,NA,NA,NA,NA,NA,NA,NA,NA,NA,NA,NA,NA,NA,603lbs,NA,NA,NA,NA,NA,NA,NA,NA,San Antonio,NA,$12.00/lb,NA,NA,NA,NA,NA,NA,NA,NA,NA,NA
Nicaragua,2025,COE,auction,Natural & Honey,https://allianceforcoffeeexcellence.org/nicaragua-2025/,4,12,NA,"87,64",NA,NA,$8562.54,"Wataru & Co., Ltd.",NA,success,NA,NA,NA,NA,NA,NA,NA,NA,NA,NA,NA,NA,NA,NA,NA,NA,NA,NA,NA,NA,NA,NA,NA,NA,NA,NA,NA,NA,NA,NA,NA,NA,NA,NA,NA,NA,616.01lbs,NA,NA,NA,NA,NA,NA,NA,NA,Los Altiplanos,NA,$13.90/lb,NA,NA,NA,NA,NA,NA,NA,NA,NA,NA
Nicaragua,2025,COE,auction,Natural & Honey,https://allianceforcoffeeexcellence.org/nicaragua-2025/,4,13,NA,"87,55",NA,NA,$13133.31,CHG（手多多咖啡）、Dream High梦想舍、有容乃大Small Arms Big Heart、中国武汉铜山里、titlecoffee、Valley Coffee Roasters（山谷咖啡）(Mainland China) bid by Ecofarm Coffee (China),NA,success,NA,NA,NA,NA,NA,NA,NA,NA,NA,NA,NA,NA,NA,NA,NA,NA,NA,NA,NA,NA,NA,NA,NA,NA,NA,NA,NA,NA,NA,NA,NA,NA,NA,NA,NA,NA,513.02lbs,NA,NA,NA,NA,NA,NA,NA,NA,Brisas Del Mogoton,NA,$25.60/lb,NA,NA,NA,NA,NA,NA,NA,NA,NA,NA
Nicaragua,2025,COE,auction,Natural & Honey,https://allianceforcoffeeexcellence.org/nicaragua-2025/,4,14,NA,"87,41",NA,NA,$5859.80,Brew92 Cafe & Roastery,NA,success,NA,NA,NA,NA,NA,NA,NA,NA,NA,NA,NA,NA,NA,NA,NA,NA,NA,NA,NA,NA,NA,NA,NA,NA,NA,NA,NA,NA,NA,NA,NA,NA,NA,NA,NA,NA,353lbs,NA,NA,NA,NA,NA,NA,NA,NA,El Liquidambar,NA,$16.60/lb,NA,NA,NA,NA,NA,NA,NA,NA,NA,NA
Nicaragua,2025,COE,auction,Natural & Honey,https://allianceforcoffeeexcellence.org/nicaragua-2025/,4,15,NA,"87,23",NA,NA,$5154.60,"Dapper & Wise, Idle Hands Roasting Co, 不喝没味的水、MINDFO NIC",NA,success,NA,NA,NA,NA,NA,NA,NA,NA,NA,NA,NA,NA,NA,NA,NA,NA,NA,NA,NA,NA,NA,NA,NA,NA,NA,NA,NA,NA,NA,NA,NA,NA,NA,NA,NA,NA,426lbs,NA,NA,NA,NA,NA,NA,NA,NA,La Picona,NA,$12.10/lb,NA,NA,NA,NA,NA,NA,NA,NA,NA,NA
Peru,2025,COE,auction,NA,https://allianceforcoffeeexcellence.org/peru-2025/,2,1A,NA,"90,64",NA,NA,$26493.08,La Cabra Coffee,NA,success,NA,NA,NA,NA,NA,NA,NA,NA,NA,NA,NA,NA,NA,NA,NA,NA,NA,NA,NA,NA,NA,NA,NA,NA,NA,NA,NA,NA,NA,NA,NA,NA,NA,NA,NA,NA,"330,75",NA,NA,NA,NA,NA,NA,NA,NA,La Catarata,NA,$80.10/lb,NA,NA,NA,NA,NA,NA,NA,NA,NA,NA
Peru,2025,COE,auction,NA,https://allianceforcoffeeexcellence.org/peru-2025/,2,1B,NA,"90,64",NA,NA,$23844.17,"CAMEL COFFEE CO.,LTD. (KALDI COFFEE FARM)",NA,success,NA,NA,NA,NA,NA,NA,NA,NA,NA,NA,NA,NA,NA,NA,NA,NA,NA,NA,NA,NA,NA,NA,NA,NA,NA,NA,NA,NA,NA,NA,NA,NA,NA,NA,NA,NA,"297,68",NA,NA,NA,NA,NA,NA,NA,NA,La Catarata,NA,$80.10/lb,NA,NA,NA,NA,NA,NA,NA,NA,NA,NA
Peru,2025,COE,auction,NA,https://allianceforcoffeeexcellence.org/peru-2025/,2,2A,NA,"90,42",NA,NA,$19845.00,"Pebble Coffee Co., Ltd.",NA,success,NA,NA,NA,NA,NA,NA,NA,NA,NA,NA,NA,NA,NA,NA,NA,NA,NA,NA,NA,NA,NA,NA,NA,NA,NA,NA,NA,NA,NA,NA,NA,NA,NA,NA,NA,NA,"330,75",NA,NA,NA,NA,NA,NA,NA,NA,Finca La Ponderoza,NA,$60.00/lb,NA,NA,NA,NA,NA,NA,NA,NA,NA,NA
Peru,2025,COE,auction,NA,https://allianceforcoffeeexcellence.org/peru-2025/,2,2B,NA,"90,42",NA,NA,$15975.57,Wolfing Coffee 北京深浅白贸易有限公司,NA,success,NA,NA,NA,NA,NA,NA,NA,NA,NA,NA,NA,NA,NA,NA,NA,NA,NA,NA,NA,NA,NA,NA,NA,NA,NA,NA,NA,NA,NA,NA,NA,NA,NA,NA,NA,NA,"231,53",NA,NA,NA,NA,NA,NA,NA,NA,Finca La Ponderoza,NA,$69.00/lb,NA,NA,NA,NA,NA,NA,NA,NA,NA,NA
Peru,2025,COE,auction,NA,https://allianceforcoffeeexcellence.org/peru-2025/,2,3,NA,"89,97",NA,NA,$30190.43,"George Howell Coffee, Moonwake Coffee Roasters, Vela Ethan 維啦怡森, 穎鋒國際＆SWEET HOME COFFEE, Orca Spin Cafe, 凱爾車業（TAIWAN), Moonwake Coffee Roasters, CHG（手多多咖啡), Taster’s Coffee 饕選咖啡, 社會企業樂波波珈琲 LeBoBo Coffee",NA,success,NA,NA,NA,NA,NA,NA,NA,NA,NA,NA,NA,NA,NA,NA,NA,NA,NA,NA,NA,NA,NA,NA,NA,NA,NA,NA,NA,NA,NA,NA,NA,NA,NA,NA,NA,NA,"654,89",NA,NA,NA,NA,NA,NA,NA,NA,Llaqta Pata,NA,$46.10/lb,NA,NA,NA,NA,NA,NA,NA,NA,NA,NA
Peru,2025,COE,auction,NA,https://allianceforcoffeeexcellence.org/peru-2025/,2,4,NA,"89,86",NA,NA,$16458.12,Sulalat,NA,success,NA,NA,NA,NA,NA,NA,NA,NA,NA,NA,NA,NA,NA,NA,NA,NA,NA,NA,NA,NA,NA,NA,NA,NA,NA,NA,NA,NA,NA,NA,NA,NA,NA,NA,NA,NA,"529,20",NA,NA,NA,NA,NA,NA,NA,NA,La Encantada,NA,$31.10/lb,NA,NA,NA,NA,NA,NA,NA,NA,NA,NA
Peru,2025,COE,auction,NA,https://allianceforcoffeeexcellence.org/peru-2025/,2,5,NA,"89,86",NA,NA,$20549.66,"Vela Ethan 維啦怡森, Cultivar Coffee Roasting Co., La Boheme Café, 社會企業樂波波珈琲 LeBoBo Coffee, GK Coffee (Taiwan 宜蘭), Chanji Coffee Firm, Taster’s Coffee 饕選咖啡, i.e.Cafe’ 一即企業, Dedolatecoffee – 蠻荒咖啡",NA,success,NA,NA,NA,NA,NA,NA,NA,NA,NA,NA,NA,NA,NA,NA,NA,NA,NA,NA,NA,NA,NA,NA,NA,NA,NA,NA,NA,NA,NA,NA,NA,NA,NA,NA,NA,NA,"628,43",NA,NA,NA,NA,NA,NA,NA,NA,Nueva  Alianza,NA,$32.70/lb,NA,NA,NA,NA,NA,NA,NA,NA,NA,NA
Peru,2025,COE,auction,NA,https://allianceforcoffeeexcellence.org/peru-2025/,2,6,NA,"89,86",NA,NA,$19870.96,Sarutahiko Coffee Inc.,NA,success,NA,NA,NA,NA,NA,NA,NA,NA,NA,NA,NA,NA,NA,NA,NA,NA,NA,NA,NA,NA,NA,NA,NA,NA,NA,NA,NA,NA,NA,NA,NA,NA,NA,NA,NA,NA,"615,20",NA,NA,NA,NA,NA,NA,NA,NA,Corralpampa,NA,$32.30/lb,NA,NA,NA,NA,NA,NA,NA,NA,NA,NA
Peru,2025,COE,auction,NA,https://allianceforcoffeeexcellence.org/peru-2025/,2,7,NA,"89,69",NA,NA,$24652.78,Wataru for TAKAMURA COFFEE ROASTERS,NA,success,NA,NA,NA,NA,NA,NA,NA,NA,NA,NA,NA,NA,NA,NA,NA,NA,NA,NA,NA,NA,NA,NA,NA,NA,NA,NA,NA,NA,NA,NA,NA,NA,NA,NA,NA,NA,"679,14",NA,NA,NA,NA,NA,NA,NA,NA,La Miel,NA,$36.30/lb,NA,NA,NA,NA,NA,NA,NA,NA,NA,NA
Peru,2025,COE,auction,NA,https://allianceforcoffeeexcellence.org/peru-2025/,2,8,NA,"88,75",NA,NA,$19645.67,"Wataru & Co., Ltd.",NA,success,NA,NA,NA,NA,NA,NA,NA,NA,NA,NA,NA,NA,NA,NA,NA,NA,NA,NA,NA,NA,NA,NA,NA,NA,NA,NA,NA,NA,NA,NA,NA,NA,NA,NA,NA,NA,"652,68",NA,NA,NA,NA,NA,NA,NA,NA,Wallwayoq,NA,$30.10/lb,NA,NA,NA,NA,NA,NA,NA,NA,NA,NA
Peru,2025,COE,auction,NA,https://allianceforcoffeeexcellence.org/peru-2025/,2,9,NA,"88,39",NA,NA,$9737.28,Ecofarm Coffee(China) for Terraform Coffee，合咖啡&nam·é coffee ，中国武汉铜山里TONGSHANLI COFFEE，有容乃大Small Arms Big Heart，Title coffee，FISHER COFFEE啡舍，咖乐乐KolaKola，Umber Coffee,NA,success,NA,NA,NA,NA,NA,NA,NA,NA,NA,NA,NA,NA,NA,NA,NA,NA,NA,NA,NA,NA,NA,NA,NA,NA,NA,NA,NA,NA,NA,NA,NA,NA,NA,NA,NA,NA,"529,20",NA,NA,NA,NA,NA,NA,NA,NA,Finca´S Remi,NA,$18.40/lb,NA,NA,NA,NA,NA,NA,NA,NA,NA,NA
Peru,2025,COE,auction,NA,https://allianceforcoffeeexcellence.org/peru-2025/,2,10,NA,"88,28",NA,NA,$13296.15,Sarutahiko Coffee Inc.,NA,success,NA,NA,NA,NA,NA,NA,NA,NA,NA,NA,NA,NA,NA,NA,NA,NA,NA,NA,NA,NA,NA,NA,NA,NA,NA,NA,NA,NA,NA,NA,NA,NA,NA,NA,NA,NA,"661,50",NA,NA,NA,NA,NA,NA,NA,NA,Seb,NA,$20.10/lb,NA,NA,NA,NA,NA,NA,NA,NA,NA,NA
Peru,2025,COE,auction,NA,https://allianceforcoffeeexcellence.org/peru-2025/,2,11,NA,"88,25",NA,NA,$12901.90,Brew92 Cafe & Roastery,NA,success,NA,NA,NA,NA,NA,NA,NA,NA,NA,NA,NA,NA,NA,NA,NA,NA,NA,NA,NA,NA,NA,NA,NA,NA,NA,NA,NA,NA,NA,NA,NA,NA,NA,NA,NA,NA,"608,58",NA,NA,NA,NA,NA,NA,NA,NA,Caminos Del Inka Coffee Estate,NA,$21.20/lb,NA,NA,NA,NA,NA,NA,NA,NA,NA,NA
Peru,2025,COE,auction,NA,https://allianceforcoffeeexcellence.org/peru-2025/,2,12,NA,"88,22",NA,NA,$15876.00,June’s Garden Coffee 六月花园咖啡，Rambach specialty coffee.,NA,success,NA,NA,NA,NA,NA,NA,NA,NA,NA,NA,NA,NA,NA,NA,NA,NA,NA,NA,NA,NA,NA,NA,NA,NA,NA,NA,NA,NA,NA,NA,NA,NA,NA,NA,NA,NA,"661,50",NA,NA,NA,NA,NA,NA,NA,NA,Pacaybamba,NA,$24.00/lb,NA,NA,NA,NA,NA,NA,NA,NA,NA,NA
Peru,2025,COE,auction,NA,https://allianceforcoffeeexcellence.org/peru-2025/,2,13,NA,"88,22",NA,NA,$12921.40,"ADACHI COFFEE, COFFEE A GO! GO!, YAMADA COFFEE, Sugi Coffee Roasting, TABEI COFFEE, BRANCH COFFEE, THOTH COFFEE, CHATORA COFFEE",NA,success,NA,NA,NA,NA,NA,NA,NA,NA,NA,NA,NA,NA,NA,NA,NA,NA,NA,NA,NA,NA,NA,NA,NA,NA,NA,NA,NA,NA,NA,NA,NA,NA,NA,NA,NA,NA,"646,07",NA,NA,NA,NA,NA,NA,NA,NA,Finca Wilder Garcia,NA,$20.00/lb,NA,NA,NA,NA,NA,NA,NA,NA,NA,NA
Peru,2025,COE,auction,NA,https://allianceforcoffeeexcellence.org/peru-2025/,2,14,NA,"88,06",NA,NA,$13632.19,Black Knight,NA,success,NA,NA,NA,NA,NA,NA,NA,NA,NA,NA,NA,NA,NA,NA,NA,NA,NA,NA,NA,NA,NA,NA,NA,NA,NA,NA,NA,NA,NA,NA,NA,NA,NA,NA,NA,NA,"710,01",NA,NA,NA,NA,NA,NA,NA,NA,Bella Rosa,NA,$19.20/lb,NA,NA,NA,NA,NA,NA,NA,NA,NA,NA
Peru,2025,COE,auction,NA,https://allianceforcoffeeexcellence.org/peru-2025/,2,15,NA,"88,00",NA,NA,$14119.06,Wataru for TAKAMURA COFFEE ROASTERS,NA,success,NA,NA,NA,NA,NA,NA,NA,NA,NA,NA,NA,NA,NA,NA,NA,NA,NA,NA,NA,NA,NA,NA,NA,NA,NA,NA,NA,NA,NA,NA,NA,NA,NA,NA,NA,NA,"608,58",NA,NA,NA,NA,NA,NA,NA,NA,Miscabamba,NA,$23.20/lb,NA,NA,NA,NA,NA,NA,NA,NA,NA,NA
Peru,2025,COE,auction,NA,https://allianceforcoffeeexcellence.org/peru-2025/,2,16,NA,"88,00",NA,NA,$10359.53,honu加藤珈琲店株式会社,NA,success,NA,NA,NA,NA,NA,NA,NA,NA,NA,NA,NA,NA,NA,NA,NA,NA,NA,NA,NA,NA,NA,NA,NA,NA,NA,NA,NA,NA,NA,NA,NA,NA,NA,NA,NA,NA,"612,99",NA,NA,NA,NA,NA,NA,NA,NA,Paqhaq Alto,NA,$16.90/lb,NA,NA,NA,NA,NA,NA,NA,NA,NA,NA
Peru,2025,COE,auction,NA,https://allianceforcoffeeexcellence.org/peru-2025/,2,17,NA,"87,89",NA,NA,$10835.37,COFFEE COUNTY,NA,success,NA,NA,NA,NA,NA,NA,NA,NA,NA,NA,NA,NA,NA,NA,NA,NA,NA,NA,NA,NA,NA,NA,NA,NA,NA,NA,NA,NA,NA,NA,NA,NA,NA,NA,NA,NA,"595,35",NA,NA,NA,NA,NA,NA,NA,NA,Miscabamba Alta,NA,$18.20/lb,NA,NA,NA,NA,NA,NA,NA,NA,NA,NA
Peru,2025,COE,auction,NA,https://allianceforcoffeeexcellence.org/peru-2025/,2,18,NA,"87,83",NA,NA,$12612.60,"Wataru & Co., Ltd.",NA,success,NA,NA,NA,NA,NA,NA,NA,NA,NA,NA,NA,NA,NA,NA,NA,NA,NA,NA,NA,NA,NA,NA,NA,NA,NA,NA,NA,NA,NA,NA,NA,NA,NA,NA,NA,NA,"882,00",NA,NA,NA,NA,NA,NA,NA,NA,Santa Teresa,NA,$14.30/lb,NA,NA,NA,NA,NA,NA,NA,NA,NA,NA
Peru,2025,COE,auction,NA,https://allianceforcoffeeexcellence.org/peru-2025/,2,19,NA,"87,78",NA,NA,$21168.00,Terarosa (Haksan Co.Ltd),NA,success,NA,NA,NA,NA,NA,NA,NA,NA,NA,NA,NA,NA,NA,NA,NA,NA,NA,NA,NA,NA,NA,NA,NA,NA,NA,NA,NA,NA,NA,NA,NA,NA,NA,NA,NA,NA,"882,00",NA,NA,NA,NA,NA,NA,NA,NA,El Gringo,NA,$24.00/lb,NA,NA,NA,NA,NA,NA,NA,NA,NA,NA
Peru,2025,COE,auction,NA,https://allianceforcoffeeexcellence.org/peru-2025/,2,20,NA,"87,61",NA,NA,$13263.52,Prodigal Coffee,NA,success,NA,NA,NA,NA,NA,NA,NA,NA,NA,NA,NA,NA,NA,NA,NA,NA,NA,NA,NA,NA,NA,NA,NA,NA,NA,NA,NA,NA,NA,NA,NA,NA,NA,NA,NA,NA,"643,86",NA,NA,NA,NA,NA,NA,NA,NA,La Rinconada,NA,$20.60/lb,NA,NA,NA,NA,NA,NA,NA,NA,NA,NA
Peru,2025,COE,auction,NA,https://allianceforcoffeeexcellence.org/peru-2025/,2,21,NA,"87,61",NA,NA,$12204.68,Prodigal Coffee,NA,success,NA,NA,NA,NA,NA,NA,NA,NA,NA,NA,NA,NA,NA,NA,NA,NA,NA,NA,NA,NA,NA,NA,NA,NA,NA,NA,NA,NA,NA,NA,NA,NA,NA,NA,NA,NA,"595,35",NA,NA,NA,NA,NA,NA,NA,NA,La Lima,NA,$20.50/lb,NA,NA,NA,NA,NA,NA,NA,NA,NA,NA
Peru,2025,COE,auction,NA,https://allianceforcoffeeexcellence.org/peru-2025/,2,22,NA,"87,61",NA,NA,$12536.75,"Pebble Coffee Co., Ltd.",NA,success,NA,NA,NA,NA,NA,NA,NA,NA,NA,NA,NA,NA,NA,NA,NA,NA,NA,NA,NA,NA,NA,NA,NA,NA,NA,NA,NA,NA,NA,NA,NA,NA,NA,NA,NA,NA,"608,58",NA,NA,NA,NA,NA,NA,NA,NA,Aromas Del Aniz,NA,$20.60/lb,NA,NA,NA,NA,NA,NA,NA,NA,NA,NA
Peru,2025,COE,auction,NA,https://allianceforcoffeeexcellence.org/peru-2025/,2,23,NA,"87,44",NA,NA,$11678.21,MI Coffee Corporation,NA,success,NA,NA,NA,NA,NA,NA,NA,NA,NA,NA,NA,NA,NA,NA,NA,NA,NA,NA,NA,NA,NA,NA,NA,NA,NA,NA,NA,NA,NA,NA,NA,NA,NA,NA,NA,NA,"641,66",NA,NA,NA,NA,NA,NA,NA,NA,El Romerillo,NA,$18.20/lb,NA,NA,NA,NA,NA,NA,NA,NA,NA,NA
Peru,2025,COE,auction,NA,https://allianceforcoffeeexcellence.org/peru-2025/,2,24,NA,"87,31",NA,NA,$11530.03,"Wataru & Co., Ltd.",NA,success,NA,NA,NA,NA,NA,NA,NA,NA,NA,NA,NA,NA,NA,NA,NA,NA,NA,NA,NA,NA,NA,NA,NA,NA,NA,NA,NA,NA,NA,NA,NA,NA,NA,NA,NA,NA,"694,58",NA,NA,NA,NA,NA,NA,NA,NA,Finca La Florida,NA,$16.60/lb,NA,NA,NA,NA,NA,NA,NA,NA,NA,NA
Peru,2025,COE,auction,NA,https://allianceforcoffeeexcellence.org/peru-2025/,2,25,NA,"87,28",NA,NA,$11174.94,WAVY COFFEE ROASTERS & SHRUB COFFEE by Marukai,NA,success,NA,NA,NA,NA,NA,NA,NA,NA,NA,NA,NA,NA,NA,NA,NA,NA,NA,NA,NA,NA,NA,NA,NA,NA,NA,NA,NA,NA,NA,NA,NA,NA,NA,NA,NA,NA,"617,40",NA,NA,NA,NA,NA,NA,NA,NA,Sierra Dorada,NA,$18.10/lb,NA,NA,NA,NA,NA,NA,NA,NA,NA,NA
Peru,2025,COE,auction,NA,https://allianceforcoffeeexcellence.org/peru-2025/,2,26,NA,"87,25",NA,NA,$12039.38,Kaffebrenneriet as,NA,success,NA,NA,NA,NA,NA,NA,NA,NA,NA,NA,NA,NA,NA,NA,NA,NA,NA,NA,NA,NA,NA,NA,NA,NA,NA,NA,NA,NA,NA,NA,NA,NA,NA,NA,NA,NA,"716,63",NA,NA,NA,NA,NA,NA,NA,NA,Finca Los Cedros,NA,$16.80/lb,NA,NA,NA,NA,NA,NA,NA,NA,NA,NA
Peru,2025,COE,auction,NA,https://allianceforcoffeeexcellence.org/peru-2025/,2,27,NA,"87,22",NA,NA,$6846.53,"Wataru & Co., Ltd.",NA,success,NA,NA,NA,NA,NA,NA,NA,NA,NA,NA,NA,NA,NA,NA,NA,NA,NA,NA,NA,NA,NA,NA,NA,NA,NA,NA,NA,NA,NA,NA,NA,NA,NA,NA,NA,NA,"595,35",NA,NA,NA,NA,NA,NA,NA,NA,El Romerillo,NA,$11.50/lb,NA,NA,NA,NA,NA,NA,NA,NA,NA,NA
Peru,2025,COE,auction,NA,https://allianceforcoffeeexcellence.org/peru-2025/,2,28,NA,"87,19",NA,NA,$12382.40,Loca Coffee (China) for BeamTimer治光师/少数派 and Beanlink Trading Ltd. 缤联贸易,NA,success,NA,NA,NA,NA,NA,NA,NA,NA,NA,NA,NA,NA,NA,NA,NA,NA,NA,NA,NA,NA,NA,NA,NA,NA,NA,NA,NA,NA,NA,NA,NA,NA,NA,NA,NA,NA,"612,99",NA,NA,NA,NA,NA,NA,NA,NA,Palma Pampa,NA,$20.20/lb,NA,NA,NA,NA,NA,NA,NA,NA,NA,NA
Peru,2025,COE,auction,NA,https://allianceforcoffeeexcellence.org/peru-2025/,2,29,NA,"87,19",NA,NA,$9817.98,"ECOM Japan for REC COFFEE, COFFEA EXLIBRIS, TRIBE, Your Coffee, ADACHI COFFEE, Sugi Coffee Roasting, THOTH COFFEE",NA,success,NA,NA,NA,NA,NA,NA,NA,NA,NA,NA,NA,NA,NA,NA,NA,NA,NA,NA,NA,NA,NA,NA,NA,NA,NA,NA,NA,NA,NA,NA,NA,NA,NA,NA,NA,NA,"542,43",NA,NA,NA,NA,NA,NA,NA,NA,Camino Viejo,NA,$18.10/lb,NA,NA,NA,NA,NA,NA,NA,NA,NA,NA
Peru,2025,COE,auction,NA,https://allianceforcoffeeexcellence.org/peru-2025/,2,30,NA,"87,08",NA,NA,$12293.32,Hangzhou Lihuang Foreign Trade Service Ltd,NA,success,NA,NA,NA,NA,NA,NA,NA,NA,NA,NA,NA,NA,NA,NA,NA,NA,NA,NA,NA,NA,NA,NA,NA,NA,NA,NA,NA,NA,NA,NA,NA,NA,NA,NA,NA,NA,"608,58",NA,NA,NA,NA,NA,NA,NA,NA,Uscamayta,NA,$20.20/lb,NA,NA,NA,NA,NA,NA,NA,NA,NA,NA
Peru,2025,NW,auction,NA,https://allianceforcoffeeexcellence.org/peru-2025/,4,NW,NA,"87,06",NA,NA,$6661.36,"Wataru & Co., Ltd.",NA,success,NA,NA,NA,NA,NA,NA,NA,NA,NA,NA,NA,NA,NA,NA,NA,NA,NA,NA,NA,NA,NA,NA,NA,NA,NA,NA,NA,NA,NA,NA,NA,NA,NA,NA,NA,NA,628.43lbs,NA,NA,NA,NA,NA,NA,NA,NA,Tintin,NA,$10.60/lb,NA,NA,NA,NA,NA,NA,NA,NA,NA,NA
Peru,2025,NW,auction,NA,https://allianceforcoffeeexcellence.org/peru-2025/,4,NW,NA,"86,72",NA,NA,$9343.74,"Wataru & Co., Ltd.",NA,success,NA,NA,NA,NA,NA,NA,NA,NA,NA,NA,NA,NA,NA,NA,NA,NA,NA,NA,NA,NA,NA,NA,NA,NA,NA,NA,NA,NA,NA,NA,NA,NA,NA,NA,NA,NA,826.88lbs,NA,NA,NA,NA,NA,NA,NA,NA,El Colibri,NA,$11.30/lb,NA,NA,NA,NA,NA,NA,NA,NA,NA,NA
Peru,2025,NW,auction,NA,https://allianceforcoffeeexcellence.org/peru-2025/,4,NW,NA,"86,36",NA,NA,$7166.25,Cypher Roastery LLC,NA,success,NA,NA,NA,NA,NA,NA,NA,NA,NA,NA,NA,NA,NA,NA,NA,NA,NA,NA,NA,NA,NA,NA,NA,NA,NA,NA,NA,NA,NA,NA,NA,NA,NA,NA,NA,NA,551.25lbs,NA,NA,NA,NA,NA,NA,NA,NA,Finca Los Santos Sac,NA,$13.00/lb,NA,NA,NA,NA,NA,NA,NA,NA,NA,NA
Taiwan,2025,COE,auction,Ready to Bid on Taiwan's Best Coffees?,https://allianceforcoffeeexcellence.org/taiwan-2025/,2,1,NA,91.08,NA,NA,$17897.48,NA,NA,success,NA,NA,NA,NA,NA,NA,NA,NA,NA,NA,NA,"y＆m Coffee、EVER RICH D.F.S. 昇恆昌股份有限公司, JC Coffee JC咖啡, BEAN SUPER Auction Team",NA,NA,NA,NA,NA,NA,NA,NA,NA,NA,NA,NA,NA,NA,NA,NA,NA,NA,NA,NA,NA,NA,NA,NA,NA,NA,NA,NA,NA,NA,NA,NA,NA,NA,NA,NA,NA,NA,NA,NA,99.21lbs,$180.40/lb,NA,NA,NA,Chi Tsai Liu Li Mountain Fresh Café
Taiwan,2025,COE,auction,Ready to Bid on Taiwan's Best Coffees?,https://allianceforcoffeeexcellence.org/taiwan-2025/,2,2A,NA,90.84,NA,NA,$12538.89,NA,NA,success,NA,NA,NA,NA,NA,NA,NA,NA,NA,NA,NA,Silky Drum,NA,NA,NA,NA,NA,NA,NA,NA,NA,NA,NA,NA,NA,NA,NA,NA,NA,NA,NA,NA,NA,NA,NA,NA,NA,NA,NA,NA,NA,NA,NA,NA,NA,NA,NA,NA,NA,NA,NA,NA,137.79lbs,$91.00/lb,NA,NA,NA,Royal Bean Geisha Estate
Taiwan,2025,COE,auction,Ready to Bid on Taiwan's Best Coffees?,https://allianceforcoffeeexcellence.org/taiwan-2025/,2,2b,NA,90.84,NA,NA,$11436.57,NA,NA,success,NA,NA,NA,NA,NA,NA,NA,NA,NA,NA,NA,Orsir Coffee 歐舍咖啡 and Piccolo Angolo 角落咖啡,NA,NA,NA,NA,NA,NA,NA,NA,NA,NA,NA,NA,NA,NA,NA,NA,NA,NA,NA,NA,NA,NA,NA,NA,NA,NA,NA,NA,NA,NA,NA,NA,NA,NA,NA,NA,NA,NA,NA,NA,137.79lbs,$83.00/lb,NA,NA,NA,Royal Bean Geisha Estate
Taiwan,2025,COE,auction,Ready to Bid on Taiwan's Best Coffees?,https://allianceforcoffeeexcellence.org/taiwan-2025/,2,3,NA,90.53,NA,NA,$7490.36,NA,NA,success,NA,NA,NA,NA,NA,NA,NA,NA,NA,NA,NA,"Mirra Coffee, Tanat Coffee, Maison Notre Terre",NA,NA,NA,NA,NA,NA,NA,NA,NA,NA,NA,NA,NA,NA,NA,NA,NA,NA,NA,NA,NA,NA,NA,NA,NA,NA,NA,NA,NA,NA,NA,NA,NA,NA,NA,NA,NA,NA,NA,NA,99.21lbs,$75.50/lb,NA,NA,NA,Melastoma Coffee Estate
Taiwan,2025,COE,auction,Ready to Bid on Taiwan's Best Coffees?,https://allianceforcoffeeexcellence.org/taiwan-2025/,2,4,NA,90.32,NA,NA,$10069.82,NA,NA,success,NA,NA,NA,NA,NA,NA,NA,NA,NA,NA,NA,"YING FUNG 頴鋒國際, SWEET HOME COFFEE 甜心屋咖啡, i.e. CAFE’ 一即企業有限公司",NA,NA,NA,NA,NA,NA,NA,NA,NA,NA,NA,NA,NA,NA,NA,NA,NA,NA,NA,NA,NA,NA,NA,NA,NA,NA,NA,NA,NA,NA,NA,NA,NA,NA,NA,NA,NA,NA,NA,NA,99.21lbs,$101.50/lb,NA,NA,NA,Sunlit Taiwan Coffee Farm
Taiwan,2025,COE,auction,Ready to Bid on Taiwan's Best Coffees?,https://allianceforcoffeeexcellence.org/taiwan-2025/,2,5,NA,89.63,NA,NA,$7143.12,NA,NA,success,NA,NA,NA,NA,NA,NA,NA,NA,NA,NA,NA,Blue Bottle Coffee,NA,NA,NA,NA,NA,NA,NA,NA,NA,NA,NA,NA,NA,NA,NA,NA,NA,NA,NA,NA,NA,NA,NA,NA,NA,NA,NA,NA,NA,NA,NA,NA,NA,NA,NA,NA,NA,NA,NA,NA,99.21lbs,$72.00/lb,NA,NA,NA,Ching Ye Coffee Estate
Taiwan,2025,COE,auction,Ready to Bid on Taiwan's Best Coffees?,https://allianceforcoffeeexcellence.org/taiwan-2025/,2,6,NA,89.34,NA,NA,$7936.80,NA,NA,success,NA,NA,NA,NA,NA,NA,NA,NA,NA,NA,NA,Vetti co ltd,NA,NA,NA,NA,NA,NA,NA,NA,NA,NA,NA,NA,NA,NA,NA,NA,NA,NA,NA,NA,NA,NA,NA,NA,NA,NA,NA,NA,NA,NA,NA,NA,NA,NA,NA,NA,NA,NA,NA,NA,99.21lbs,$80.00/lb,NA,NA,NA,Zou Zhou Yuan
Taiwan,2025,COE,auction,Ready to Bid on Taiwan's Best Coffees?,https://allianceforcoffeeexcellence.org/taiwan-2025/,2,7,NA,89.34,NA,NA,$6101.42,NA,NA,success,NA,NA,NA,NA,NA,NA,NA,NA,NA,NA,NA,Sulalat,NA,NA,NA,NA,NA,NA,NA,NA,NA,NA,NA,NA,NA,NA,NA,NA,NA,NA,NA,NA,NA,NA,NA,NA,NA,NA,NA,NA,NA,NA,NA,NA,NA,NA,NA,NA,NA,NA,NA,NA,99.21lbs,$61.50/lb,NA,NA,NA,SONGYUE coffee manor
Taiwan,2025,COE,auction,Ready to Bid on Taiwan's Best Coffees?,https://allianceforcoffeeexcellence.org/taiwan-2025/,2,8,NA,89.11,NA,NA,$4664.86,NA,NA,success,NA,NA,NA,NA,NA,NA,NA,NA,NA,NA,NA,"Wataru & Co., Ltd.  for KARIOMONS COFFEE",NA,NA,NA,NA,NA,NA,NA,NA,NA,NA,NA,NA,NA,NA,NA,NA,NA,NA,NA,NA,NA,NA,NA,NA,NA,NA,NA,NA,NA,NA,NA,NA,NA,NA,NA,NA,NA,NA,NA,NA,101.41lbs,$46.00/lb,NA,NA,NA,Homestead coffee
Taiwan,2025,COE,auction,Ready to Bid on Taiwan's Best Coffees?,https://allianceforcoffeeexcellence.org/taiwan-2025/,2,9,NA,88.95,NA,NA,$3175.80,NA,NA,success,NA,NA,NA,NA,NA,NA,NA,NA,NA,NA,NA,"卡卡愛咖啡KaKaLove CAFE, 饕選咖啡Taster’s Coffee, 吳朵兒記事Eleanor Flavor Journal, Songdo Coffee",NA,NA,NA,NA,NA,NA,NA,NA,NA,NA,NA,NA,NA,NA,NA,NA,NA,NA,NA,NA,NA,NA,NA,NA,NA,NA,NA,NA,NA,NA,NA,NA,NA,NA,NA,NA,NA,NA,NA,NA,94.8lbs,$33.50/lb,NA,NA,NA,Hunter Story Studio
Taiwan,2025,COE,auction,Ready to Bid on Taiwan's Best Coffees?,https://allianceforcoffeeexcellence.org/taiwan-2025/,2,10,NA,88.71,NA,NA,$5506.16,NA,NA,success,NA,NA,NA,NA,NA,NA,NA,NA,NA,NA,NA,ORO ROASTERS,NA,NA,NA,NA,NA,NA,NA,NA,NA,NA,NA,NA,NA,NA,NA,NA,NA,NA,NA,NA,NA,NA,NA,NA,NA,NA,NA,NA,NA,NA,NA,NA,NA,NA,NA,NA,NA,NA,NA,NA,99.21lbs,$55.50/lb,NA,NA,NA,Alluring Scent Coffee Estate
Taiwan,2025,COE,auction,Ready to Bid on Taiwan's Best Coffees?,https://allianceforcoffeeexcellence.org/taiwan-2025/,2,11,NA,88.58,NA,NA,$5015.40,NA,NA,success,NA,NA,NA,NA,NA,NA,NA,NA,NA,NA,NA,"Orbiter Roaster, MALLIKA CAFE, Paul Coffee Roastery Lab, Sheena Liu",NA,NA,NA,NA,NA,NA,NA,NA,NA,NA,NA,NA,NA,NA,NA,NA,NA,NA,NA,NA,NA,NA,NA,NA,NA,NA,NA,NA,NA,NA,NA,NA,NA,NA,NA,NA,NA,NA,NA,NA,154.32lbs,$32.50/lb,NA,NA,NA,Liang Xuan Coffee Farm
Taiwan,2025,COE,auction,Ready to Bid on Taiwan's Best Coffees?,https://allianceforcoffeeexcellence.org/taiwan-2025/,2,12,NA,88.58,NA,NA,$4563.66,NA,NA,success,NA,NA,NA,NA,NA,NA,NA,NA,NA,NA,NA,"卡卡愛咖啡KaKaLove CAFE, 饕選咖啡Taster’s Coffee, 吳朵兒記事Eleanor Flavor Journal",NA,NA,NA,NA,NA,NA,NA,NA,NA,NA,NA,NA,NA,NA,NA,NA,NA,NA,NA,NA,NA,NA,NA,NA,NA,NA,NA,NA,NA,NA,NA,NA,NA,NA,NA,NA,NA,NA,NA,NA,99.21lbs,$46.00/lb,NA,NA,NA,Yangui Coffee Farm
Taiwan,2025,COE,auction,Ready to Bid on Taiwan's Best Coffees?,https://allianceforcoffeeexcellence.org/taiwan-2025/,2,13,NA,88.55,NA,NA,$5396.82,NA,NA,success,NA,NA,NA,NA,NA,NA,NA,NA,NA,NA,NA,i.e.CAFE’ 一即企業有限公司,NA,NA,NA,NA,NA,NA,NA,NA,NA,NA,NA,NA,NA,NA,NA,NA,NA,NA,NA,NA,NA,NA,NA,NA,NA,NA,NA,NA,NA,NA,NA,NA,NA,NA,NA,NA,NA,NA,NA,NA,105.82lbs,$51.00/lb,NA,NA,NA,Oe’otx Coffee Farm + Fragant Maple Coffee
Taiwan,2025,COE,auction,Ready to Bid on Taiwan's Best Coffees?,https://allianceforcoffeeexcellence.org/taiwan-2025/,2,14,NA,88.53,NA,NA,$4464.32,NA,NA,success,NA,NA,NA,NA,NA,NA,NA,NA,NA,NA,NA,Black Knight,NA,NA,NA,NA,NA,NA,NA,NA,NA,NA,NA,NA,NA,NA,NA,NA,NA,NA,NA,NA,NA,NA,NA,NA,NA,NA,NA,NA,NA,NA,NA,NA,NA,NA,NA,NA,NA,NA,NA,NA,110.23lbs,$40.50/lb,NA,NA,NA,Donghong Coffee Farm
Taiwan,2025,COE,auction,Ready to Bid on Taiwan's Best Coffees?,https://allianceforcoffeeexcellence.org/taiwan-2025/,2,15,NA,88.39,NA,NA,$14444.64,NA,NA,success,NA,NA,NA,NA,NA,NA,NA,NA,NA,NA,NA,Orsir Coffee (歐舍咖啡) and China Steel Coffee Society (中鋼咖啡社).,NA,NA,NA,NA,NA,NA,NA,NA,NA,NA,NA,NA,NA,NA,NA,NA,NA,NA,NA,NA,NA,NA,NA,NA,NA,NA,NA,NA,NA,NA,NA,NA,NA,NA,NA,NA,NA,NA,NA,NA,343.92lbs,$42.00/lb,NA,NA,NA,Royal Geisha Estate
Taiwan,2025,COE,auction,Ready to Bid on Taiwan's Best Coffees?,https://allianceforcoffeeexcellence.org/taiwan-2025/,2,16,NA,88.26,NA,NA,$2877.09,NA,NA,success,NA,NA,NA,NA,NA,NA,NA,NA,NA,NA,NA,"Yuan cafe 元食咖啡, BEAN SUPER豆超國際",NA,NA,NA,NA,NA,NA,NA,NA,NA,NA,NA,NA,NA,NA,NA,NA,NA,NA,NA,NA,NA,NA,NA,NA,NA,NA,NA,NA,NA,NA,NA,NA,NA,NA,NA,NA,NA,NA,NA,NA,99.21lbs,$29.00/lb,NA,NA,NA,Amber Coffee Estate
Taiwan,2025,COE,auction,Ready to Bid on Taiwan's Best Coffees?,https://allianceforcoffeeexcellence.org/taiwan-2025/,2,17,NA,88.21,NA,NA,$3295.83,NA,NA,success,NA,NA,NA,NA,NA,NA,NA,NA,NA,NA,NA,MOMOS COFFEE,NA,NA,NA,NA,NA,NA,NA,NA,NA,NA,NA,NA,NA,NA,NA,NA,NA,NA,NA,NA,NA,NA,NA,NA,NA,NA,NA,NA,NA,NA,NA,NA,NA,NA,NA,NA,NA,NA,NA,NA,101.41lbs,$32.50/lb,NA,NA,NA,Cpu’u ‘
Taiwan,2025,COE,auction,Ready to Bid on Taiwan's Best Coffees?,https://allianceforcoffeeexcellence.org/taiwan-2025/,2,18,NA,88.21,NA,NA,$2940.89,NA,NA,success,NA,NA,NA,NA,NA,NA,NA,NA,NA,NA,NA,WAVY COFFEE ROASTERS by Marukai,NA,NA,NA,NA,NA,NA,NA,NA,NA,NA,NA,NA,NA,NA,NA,NA,NA,NA,NA,NA,NA,NA,NA,NA,NA,NA,NA,NA,NA,NA,NA,NA,NA,NA,NA,NA,NA,NA,NA,NA,101.41lbs,$29.00/lb,NA,NA,NA,Koana Coffee Farm
Taiwan,2025,COE,auction,Ready to Bid on Taiwan's Best Coffees?,https://allianceforcoffeeexcellence.org/taiwan-2025/,2,19,NA,88.18,NA,NA,$3075.51,NA,NA,success,NA,NA,NA,NA,NA,NA,NA,NA,NA,NA,NA,Fadie Sasaguri Roastery Corporation,NA,NA,NA,NA,NA,NA,NA,NA,NA,NA,NA,NA,NA,NA,NA,NA,NA,NA,NA,NA,NA,NA,NA,NA,NA,NA,NA,NA,NA,NA,NA,NA,NA,NA,NA,NA,NA,NA,NA,NA,99.21lbs,$31.00/lb,NA,NA,NA,Hua Xi Tian Manor Café
Taiwan,2025,COE,auction,Ready to Bid on Taiwan's Best Coffees?,https://allianceforcoffeeexcellence.org/taiwan-2025/,2,20,NA,87.95,NA,NA,$3833.94,NA,NA,success,NA,NA,NA,NA,NA,NA,NA,NA,NA,NA,NA,Calima coffee,NA,NA,NA,NA,NA,NA,NA,NA,NA,NA,NA,NA,NA,NA,NA,NA,NA,NA,NA,NA,NA,NA,NA,NA,NA,NA,NA,NA,NA,NA,NA,NA,NA,NA,NA,NA,NA,NA,NA,NA,103.62lbs,$37.00/lb,NA,NA,NA,Tougui Shan Scenic Ecological Coffee Farm
Taiwan,2025,COE,auction,Ready to Bid on Taiwan's Best Coffees?,https://allianceforcoffeeexcellence.org/taiwan-2025/,2,21,NA,87.63,NA,NA,$3143.71,NA,NA,success,NA,NA,NA,NA,NA,NA,NA,NA,NA,NA,NA,"Davinci Coffee 達文西咖啡, liu yi hao | 友友 Coffee, CHINGWEI CHIANG江青衛, Lei Ying Fang 李螢芳",NA,NA,NA,NA,NA,NA,NA,NA,NA,NA,NA,NA,NA,NA,NA,NA,NA,NA,NA,NA,NA,NA,NA,NA,NA,NA,NA,NA,NA,NA,NA,NA,NA,NA,NA,NA,NA,NA,NA,NA,101.41lbs,$31.00/lb,NA,NA,NA,Zhuang Xuan Yoifo Coffee
Taiwan,2025,COE,auction,Ready to Bid on Taiwan's Best Coffees?,https://allianceforcoffeeexcellence.org/taiwan-2025/,2,22,NA,87.61,NA,NA,$3686.10,NA,NA,success,NA,NA,NA,NA,NA,NA,NA,NA,NA,NA,NA,Orsir Coffee 歐舍咖啡,NA,NA,NA,NA,NA,NA,NA,NA,NA,NA,NA,NA,NA,NA,NA,NA,NA,NA,NA,NA,NA,NA,NA,NA,NA,NA,NA,NA,NA,NA,NA,NA,NA,NA,NA,NA,NA,NA,NA,NA,167.55lbs,$22.00/lb,NA,NA,NA,NUDE Organic Coffee Estate
Taiwan,2025,COE,auction,Ready to Bid on Taiwan's Best Coffees?,https://allianceforcoffeeexcellence.org/taiwan-2025/,2,23,NA,87.42,NA,NA,$2745.93,NA,NA,success,NA,NA,NA,NA,NA,NA,NA,NA,NA,NA,NA,Liu Yihao | 友友 Coffee,NA,NA,NA,NA,NA,NA,NA,NA,NA,NA,NA,NA,NA,NA,NA,NA,NA,NA,NA,NA,NA,NA,NA,NA,NA,NA,NA,NA,NA,NA,NA,NA,NA,NA,NA,NA,NA,NA,NA,NA,103.62lbs,$26.50/lb,NA,NA,NA,Hometown Island Coffee Manor
Taiwan,2025,COE,auction,Ready to Bid on Taiwan's Best Coffees?,https://allianceforcoffeeexcellence.org/taiwan-2025/,2,24,NA,87.37,NA,NA,$4514.06,NA,NA,success,NA,NA,NA,NA,NA,NA,NA,NA,NA,NA,NA,GK coffee 宜蘭、BEAN SUPER豆超國際,NA,NA,NA,NA,NA,NA,NA,NA,NA,NA,NA,NA,NA,NA,NA,NA,NA,NA,NA,NA,NA,NA,NA,NA,NA,NA,NA,NA,NA,NA,NA,NA,NA,NA,NA,NA,NA,NA,NA,NA,99.21lbs,$45.50/lb,NA,NA,NA,Zhen 5 Ji Coffee
Taiwan,2025,COE,auction,Ready to Bid on Taiwan's Best Coffees?,https://allianceforcoffeeexcellence.org/taiwan-2025/,2,25,NA,87.18,NA,NA,$3481.63,NA,NA,success,NA,NA,NA,NA,NA,NA,NA,NA,NA,NA,NA,"Wataru & Co., Ltd.",NA,NA,NA,NA,NA,NA,NA,NA,NA,NA,NA,NA,NA,NA,NA,NA,NA,NA,NA,NA,NA,NA,NA,NA,NA,NA,NA,NA,NA,NA,NA,NA,NA,NA,NA,NA,NA,NA,NA,NA,103.62lbs,$33.60/lb,NA,NA,NA,WeiShu Farm
Taiwan,2025,COE,auction,Ready to Bid on Taiwan's Best Coffees?,https://allianceforcoffeeexcellence.org/taiwan-2025/,2,26,NA,87.11,NA,NA,$4960.50,NA,NA,success,NA,NA,NA,NA,NA,NA,NA,NA,NA,NA,NA,i.e.CAFE’ 一即企業有限公司,NA,NA,NA,NA,NA,NA,NA,NA,NA,NA,NA,NA,NA,NA,NA,NA,NA,NA,NA,NA,NA,NA,NA,NA,NA,NA,NA,NA,NA,NA,NA,NA,NA,NA,NA,NA,NA,NA,NA,NA,99.21lbs,$50.00/lb,NA,NA,NA,Zhuo Wu Mountain Coffee Farm
Taiwan,2025,COE,auction,Ready to Bid on Taiwan's Best Coffees?,https://allianceforcoffeeexcellence.org/taiwan-2025/,2,27,NA,87.03,NA,NA,$2383.14,NA,NA,success,NA,NA,NA,NA,NA,NA,NA,NA,NA,NA,NA,"Wataru & Co., Ltd.",NA,NA,NA,NA,NA,NA,NA,NA,NA,NA,NA,NA,NA,NA,NA,NA,NA,NA,NA,NA,NA,NA,NA,NA,NA,NA,NA,NA,NA,NA,NA,NA,NA,NA,NA,NA,NA,NA,NA,NA,101.41lbs,$23.50/lb,NA,NA,NA,JinYunSin Tea Coffee Fram
Thailand,2025,COE,auction,NA,https://allianceforcoffeeexcellence.org/thailand-2025/,2,1A,Discovery coffee farm,"90,80",NA,NA,$7400.27,NA,NA,success,NA,NA,NA,NA,NA,NA,NA,NA,NA,NA,NA,UNO/ Koff & Bun,NA,NA,NA,NA,NA,NA,NA,NA,NA,NA,NA,NA,NA,NA,NA,NA,NA,NA,NA,NA,NA,NA,NA,NA,NA,NA,NA,NA,NA,NA,NA,NA,NA,NA,NA,NA,NA,NA,NA,NA,147.71lbs,$50.10/lb,NA,NA,NA,NA
Thailand,2025,COE,auction,NA,https://allianceforcoffeeexcellence.org/thailand-2025/,2,1B,Discovery coffee farm,"90,80",NA,NA,$6693.37,NA,NA,success,NA,NA,NA,NA,NA,NA,NA,NA,NA,NA,NA,Baristaneer Coffee Academy,NA,NA,NA,NA,NA,NA,NA,NA,NA,NA,NA,NA,NA,NA,NA,NA,NA,NA,NA,NA,NA,NA,NA,NA,NA,NA,NA,NA,NA,NA,NA,NA,NA,NA,NA,NA,NA,NA,NA,NA,132.28lbs,$50.60/lb,NA,NA,NA,NA
Thailand,2025,COE,auction,NA,https://allianceforcoffeeexcellence.org/thailand-2025/,2,2A,Discovery coffee farm,"90,37",NA,NA,$6098.11,NA,NA,success,NA,NA,NA,NA,NA,NA,NA,NA,NA,NA,NA,UNO/ Koff & Bun,NA,NA,NA,NA,NA,NA,NA,NA,NA,NA,NA,NA,NA,NA,NA,NA,NA,NA,NA,NA,NA,NA,NA,NA,NA,NA,NA,NA,NA,NA,NA,NA,NA,NA,NA,NA,NA,NA,NA,NA,132.28lbs,$46.10/lb,NA,NA,NA,NA
Thailand,2025,COE,auction,NA,https://allianceforcoffeeexcellence.org/thailand-2025/,2,2B,Discovery coffee farm,"90,37",NA,NA,$5565.38,NA,NA,success,NA,NA,NA,NA,NA,NA,NA,NA,NA,NA,NA,Baristaneer Coffee Academy,NA,NA,NA,NA,NA,NA,NA,NA,NA,NA,NA,NA,NA,NA,NA,NA,NA,NA,NA,NA,NA,NA,NA,NA,NA,NA,NA,NA,NA,NA,NA,NA,NA,NA,NA,NA,NA,NA,NA,NA,121.25lbs,$45.90/lb,NA,NA,NA,NA
Thailand,2025,COE,auction,NA,https://allianceforcoffeeexcellence.org/thailand-2025/,2,3,Saenchai estate,"89,90",NA,NA,$8526.87,NA,NA,success,NA,NA,NA,NA,NA,NA,NA,NA,NA,NA,NA,Black Knight,NA,NA,NA,NA,NA,NA,NA,NA,NA,NA,NA,NA,NA,NA,NA,NA,NA,NA,NA,NA,NA,NA,NA,NA,NA,NA,NA,NA,NA,NA,NA,NA,NA,NA,NA,NA,NA,NA,NA,NA,182.98lbs,$46.60/lb,NA,NA,NA,NA
Thailand,2025,COE,auction,NA,https://allianceforcoffeeexcellence.org/thailand-2025/,2,4,Doi Tung Development Project,"89,77",NA,NA,$5842.12,NA,NA,success,NA,NA,NA,NA,NA,NA,NA,NA,NA,NA,NA,SUPREMO COFFEE,NA,NA,NA,NA,NA,NA,NA,NA,NA,NA,NA,NA,NA,NA,NA,NA,NA,NA,NA,NA,NA,NA,NA,NA,NA,NA,NA,NA,NA,NA,NA,NA,NA,NA,NA,NA,NA,NA,NA,NA,160.94lbs,$36.30/lb,NA,NA,NA,NA
Thailand,2025,COE,auction,NA,https://allianceforcoffeeexcellence.org/thailand-2025/,2,5,Coffee De Hmong Bio Farm,"89,47",NA,NA,$9138.72,NA,NA,success,NA,NA,NA,NA,NA,NA,NA,NA,NA,NA,NA,"Tatido Coffee Roasters (INDONESIA), TWO HANDS FULL (INDONESIA), A Roastworks (INDONESIA), Vulcan Coffee, Pyroast",NA,NA,NA,NA,NA,NA,NA,NA,NA,NA,NA,NA,NA,NA,NA,NA,NA,NA,NA,NA,NA,NA,NA,NA,NA,NA,NA,NA,NA,NA,NA,NA,NA,NA,NA,NA,NA,NA,NA,NA,189.6lbs,$48.20/lb,NA,NA,NA,NA
Thailand,2025,COE,auction,NA,https://allianceforcoffeeexcellence.org/thailand-2025/,2,6,Doi Tung Development Project,"89,27",NA,NA,$5661.48,NA,NA,success,NA,NA,NA,NA,NA,NA,NA,NA,NA,NA,NA,Kafema,NA,NA,NA,NA,NA,NA,NA,NA,NA,NA,NA,NA,NA,NA,NA,NA,NA,NA,NA,NA,NA,NA,NA,NA,NA,NA,NA,NA,NA,NA,NA,NA,NA,NA,NA,NA,NA,NA,NA,NA,176.37lbs,$32.10/lb,NA,NA,NA,NA
Thailand,2025,COE,auction,NA,https://allianceforcoffeeexcellence.org/thailand-2025/,2,7,Ching family farm,"89,13",NA,NA,$7870.45,NA,NA,success,NA,NA,NA,NA,NA,NA,NA,NA,NA,NA,NA,Kafema,NA,NA,NA,NA,NA,NA,NA,NA,NA,NA,NA,NA,NA,NA,NA,NA,NA,NA,NA,NA,NA,NA,NA,NA,NA,NA,NA,NA,NA,NA,NA,NA,NA,NA,NA,NA,NA,NA,NA,NA,224.87lbs,$35.00/lb,NA,NA,NA,NA
Thailand,2025,COE,auction,NA,https://allianceforcoffeeexcellence.org/thailand-2025/,2,8,yosniyom coffee farm,"88,87",NA,NA,$11703.37,NA,NA,success,NA,NA,NA,NA,NA,NA,NA,NA,NA,NA,NA,WOLF ROASTERY,NA,NA,NA,NA,NA,NA,NA,NA,NA,NA,NA,NA,NA,NA,NA,NA,NA,NA,NA,NA,NA,NA,NA,NA,NA,NA,NA,NA,NA,NA,NA,NA,NA,NA,NA,NA,NA,NA,NA,NA,559.97lbs,$20.90/lb,NA,NA,NA,NA
Thailand,2025,COE,auction,NA,https://allianceforcoffeeexcellence.org/thailand-2025/,2,9,Sahayrernfarm,"88,83",NA,NA,$6724.63,NA,NA,success,NA,NA,NA,NA,NA,NA,NA,NA,NA,NA,NA,ICU COFFEE,NA,NA,NA,NA,NA,NA,NA,NA,NA,NA,NA,NA,NA,NA,NA,NA,NA,NA,NA,NA,NA,NA,NA,NA,NA,NA,NA,NA,NA,NA,NA,NA,NA,NA,NA,NA,NA,NA,NA,NA,222.67lbs,$30.20/lb,NA,NA,NA,NA
Thailand,2025,COE,auction,NA,https://allianceforcoffeeexcellence.org/thailand-2025/,2,10,Chatchai Organic Coffee Farming,"88,47",NA,NA,$10031.06,NA,NA,success,NA,NA,NA,NA,NA,NA,NA,NA,NA,NA,NA,ORO ROASTERS,NA,NA,NA,NA,NA,NA,NA,NA,NA,NA,NA,NA,NA,NA,NA,NA,NA,NA,NA,NA,NA,NA,NA,NA,NA,NA,NA,NA,NA,NA,NA,NA,NA,NA,NA,NA,NA,NA,NA,NA,385.81lbs,$26.00/lb,NA,NA,NA,NA
Thailand,2025,COE,auction,NA,https://allianceforcoffeeexcellence.org/thailand-2025/,2,11,Pakakayo Family,"88,43",NA,NA,$3512.03,NA,NA,success,NA,NA,NA,NA,NA,NA,NA,NA,NA,NA,NA,Nylon Coffee Pte Ltd and SAVAYA-USA,NA,NA,NA,NA,NA,NA,NA,NA,NA,NA,NA,NA,NA,NA,NA,NA,NA,NA,NA,NA,NA,NA,NA,NA,NA,NA,NA,NA,NA,NA,NA,NA,NA,NA,NA,NA,NA,NA,NA,NA,198.42lbs,$17.70/lb,NA,NA,NA,NA
Thailand,2025,COE,auction,NA,https://allianceforcoffeeexcellence.org/thailand-2025/,2,12,Phupha Estate,"88,43",NA,NA,$3499.97,NA,NA,success,NA,NA,NA,NA,NA,NA,NA,NA,NA,NA,NA,Brew92 Cafe & Roastery,NA,NA,NA,NA,NA,NA,NA,NA,NA,NA,NA,NA,NA,NA,NA,NA,NA,NA,NA,NA,NA,NA,NA,NA,NA,NA,NA,NA,NA,NA,NA,NA,NA,NA,NA,NA,NA,NA,NA,NA,178.57lbs,$19.60/lb,NA,NA,NA,NA
Thailand,2025,COE,auction,NA,https://allianceforcoffeeexcellence.org/thailand-2025/,2,13,SOFT Coffee farm,"88,23",NA,NA,$7162.85,NA,NA,success,NA,NA,NA,NA,NA,NA,NA,NA,NA,NA,NA,"Wataru & Co., Ltd.",NA,NA,NA,NA,NA,NA,NA,NA,NA,NA,NA,NA,NA,NA,NA,NA,NA,NA,NA,NA,NA,NA,NA,NA,NA,NA,NA,NA,NA,NA,NA,NA,NA,NA,NA,NA,NA,NA,NA,NA,628.32lbs,$11.40/lb,NA,NA,NA,NA
Thailand,2025,COE,auction,NA,https://allianceforcoffeeexcellence.org/thailand-2025/,2,14,SOFT Coffee,"88,10",NA,NA,$9064.90,NA,NA,success,NA,NA,NA,NA,NA,NA,NA,NA,NA,NA,NA,TAKAMURA COFFEE ROASTERS and SHRUB COFFEE by Marukai,NA,NA,NA,NA,NA,NA,NA,NA,NA,NA,NA,NA,NA,NA,NA,NA,NA,NA,NA,NA,NA,NA,NA,NA,NA,NA,NA,NA,NA,NA,NA,NA,NA,NA,NA,NA,NA,NA,NA,NA,588.63lbs,$15.40/lb,NA,NA,NA,NA
Thailand,2025,COE,auction,NA,https://allianceforcoffeeexcellence.org/thailand-2025/,2,15,Rai Nai Ying,"88,07",NA,NA,$3767.23,NA,NA,success,NA,NA,NA,NA,NA,NA,NA,NA,NA,NA,NA,Roots by Earth,NA,NA,NA,NA,NA,NA,NA,NA,NA,NA,NA,NA,NA,NA,NA,NA,NA,NA,NA,NA,NA,NA,NA,NA,NA,NA,NA,NA,NA,NA,NA,NA,NA,NA,NA,NA,NA,NA,NA,NA,196.21lbs,$19.20/lb,NA,NA,NA,NA
Thailand,2025,COE,auction,NA,https://allianceforcoffeeexcellence.org/thailand-2025/,2,16,SOFT Coffee Farm,"87,93",NA,NA,$7301.70,NA,NA,success,NA,NA,NA,NA,NA,NA,NA,NA,NA,NA,NA,WAVY COFFEE ROASTERS by Marukai,NA,NA,NA,NA,NA,NA,NA,NA,NA,NA,NA,NA,NA,NA,NA,NA,NA,NA,NA,NA,NA,NA,NA,NA,NA,NA,NA,NA,NA,NA,NA,NA,NA,NA,NA,NA,NA,NA,NA,NA,634.93lbs,$11.50/lb,NA,NA,NA,NA
Thailand,2025,COE,auction,NA,https://allianceforcoffeeexcellence.org/thailand-2025/,2,,Live Specialty,"87,83",NA,NA,$4447.71,NA,NA,success,NA,NA,NA,NA,NA,NA,NA,NA,NA,NA,NA,Sulalat,NA,NA,NA,NA,NA,NA,NA,NA,NA,NA,NA,NA,NA,NA,NA,NA,NA,NA,NA,NA,NA,NA,NA,NA,NA,NA,NA,NA,NA,NA,NA,NA,NA,NA,NA,NA,NA,NA,NA,NA,169.76lbs,$26.20/lb,NA,NA,NA,NA
Thailand,2025,COE,auction,NA,https://allianceforcoffeeexcellence.org/thailand-2025/,2,18,Phupha Estate,"87,60",NA,NA,$2989.72,NA,NA,success,NA,NA,NA,NA,NA,NA,NA,NA,NA,NA,NA,Wataru for COFFEE potohoto,NA,NA,NA,NA,NA,NA,NA,NA,NA,NA,NA,NA,NA,NA,NA,NA,NA,NA,NA,NA,NA,NA,NA,NA,NA,NA,NA,NA,NA,NA,NA,NA,NA,NA,NA,NA,NA,NA,NA,NA,156.53lbs,$19.10/lb,NA,NA,NA,NA
Thailand,2025,COE,auction,NA,https://allianceforcoffeeexcellence.org/thailand-2025/,2,19,Rai Nai Ying,"87,23",NA,NA,$6845.28,NA,NA,success,NA,NA,NA,NA,NA,NA,NA,NA,NA,NA,NA,UNO/ Koff & Bun,NA,NA,NA,NA,NA,NA,NA,NA,NA,NA,NA,NA,NA,NA,NA,NA,NA,NA,NA,NA,NA,NA,NA,NA,NA,NA,NA,NA,NA,NA,NA,NA,NA,NA,NA,NA,NA,NA,NA,NA,330.69lbs,$20.70/lb,NA,NA,NA,NA
Thailand,2025,COE,auction,NA,https://allianceforcoffeeexcellence.org/thailand-2025/,2,20,Saenchai estate,"87,20",NA,NA,$3560.48,NA,NA,success,NA,NA,NA,NA,NA,NA,NA,NA,NA,NA,NA,Bunah,NA,NA,NA,NA,NA,NA,NA,NA,NA,NA,NA,NA,NA,NA,NA,NA,NA,NA,NA,NA,NA,NA,NA,NA,NA,NA,NA,NA,NA,NA,NA,NA,NA,NA,NA,NA,NA,NA,NA,NA,209.44lbs,$17.00/lb,NA,NA,NA,NA
Thailand,2025,COE,auction,NA,https://allianceforcoffeeexcellence.org/thailand-2025/,2,21,Pakakayo Family,"87,10",NA,NA,$3073.26,NA,NA,success,NA,NA,NA,NA,NA,NA,NA,NA,NA,NA,NA,"Wataru & Co., Ltd.",NA,NA,NA,NA,NA,NA,NA,NA,NA,NA,NA,NA,NA,NA,NA,NA,NA,NA,NA,NA,NA,NA,NA,NA,NA,NA,NA,NA,NA,NA,NA,NA,NA,NA,NA,NA,NA,NA,NA,NA,180.78lbs,$17.00/lb,NA,NA,NA,NA
Thailand,2025,NW,auction,NA,https://allianceforcoffeeexcellence.org/thailand-2025/,4,NW,Lungdit Coffee Farm – Khunlao,"86,8",NA,NA,$1273.38,NA,NA,success,NA,NA,NA,NA,NA,NA,NA,NA,NA,NA,NA,NA,NA,NW,NA,NA,NA,NA,NA,NA,NA,NA,NA,NA,NA,NA,NA,NA,NA,NA,NA,NA,NA,NA,NA,NA,NA,NA,NA,NA,NA,NA,NA,NA,NA,NA,NA,NA,NA,NA,NA,NA,167.55lbs,$7.60/lb,Savaya Coffee LLC,NA,NA,NA
Thailand,2025,NW,auction,NA,https://allianceforcoffeeexcellence.org/thailand-2025/,4,NW,Pakakayo Family,"86,8",NA,NA,$1222.25,NA,NA,success,NA,NA,NA,NA,NA,NA,NA,NA,NA,NA,NA,NA,NA,NW,NA,NA,NA,NA,NA,NA,NA,NA,NA,NA,NA,NA,NA,NA,NA,NA,NA,NA,NA,NA,NA,NA,NA,NA,NA,NA,NA,NA,NA,NA,NA,NA,NA,NA,NA,NA,NA,NA,185.19lbs,$6.60/lb,Teerarat Techapiwat,NA,NA,NA
Thailand,2025,NW,auction,NA,https://allianceforcoffeeexcellence.org/thailand-2025/,4,NW,Karen Farm,"86,7",NA,NA,$1134.94,NA,NA,success,NA,NA,NA,NA,NA,NA,NA,NA,NA,NA,NA,NA,NA,NW,NA,NA,NA,NA,NA,NA,NA,NA,NA,NA,NA,NA,NA,NA,NA,NA,NA,NA,NA,NA,NA,NA,NA,NA,NA,NA,NA,NA,NA,NA,NA,NA,NA,NA,NA,NA,NA,NA,171.96lbs,$6.60/lb,Teerarat Techapiwat,NA,NA,NA
Thailand,2025,NW,auction,NA,https://allianceforcoffeeexcellence.org/thailand-2025/,4,NW,I Amm Doi Coffee Farm,"86,7",NA,NA,$1633.65,NA,NA,success,NA,NA,NA,NA,NA,NA,NA,NA,NA,NA,NA,NA,NA,NW,NA,NA,NA,NA,NA,NA,NA,NA,NA,NA,NA,NA,NA,NA,NA,NA,NA,NA,NA,NA,NA,NA,NA,NA,NA,NA,NA,NA,NA,NA,NA,NA,NA,NA,NA,NA,NA,NA,251.33lbs,$6.50/lb,"Wataru & Co., Ltd.",NA,NA,NA
Thailand,2025,NW,auction,NA,https://allianceforcoffeeexcellence.org/thailand-2025/,4,NW,Natee Coffee Estate,"86,6",NA,NA,$1517.85,NA,NA,success,NA,NA,NA,NA,NA,NA,NA,NA,NA,NA,NA,NA,NA,NW,NA,NA,NA,NA,NA,NA,NA,NA,NA,NA,NA,NA,NA,NA,NA,NA,NA,NA,NA,NA,NA,NA,NA,NA,NA,NA,NA,NA,NA,NA,NA,NA,NA,NA,NA,NA,NA,NA,178.57lbs,$8.50/lb,Beaubeau,NA,NA,NA
Thailand,2025,NW,auction,NA,https://allianceforcoffeeexcellence.org/thailand-2025/,4,NW,Karen Farm,"86,5",NA,NA,$1207.67,NA,NA,success,NA,NA,NA,NA,NA,NA,NA,NA,NA,NA,NA,NA,NA,NW,NA,NA,NA,NA,NA,NA,NA,NA,NA,NA,NA,NA,NA,NA,NA,NA,NA,NA,NA,NA,NA,NA,NA,NA,NA,NA,NA,NA,NA,NA,NA,NA,NA,NA,NA,NA,NA,NA,182.98lbs,$6.60/lb,"Wataru & Co., Ltd.",NA,NA,NA
Thailand,2025,NW,auction,NA,https://allianceforcoffeeexcellence.org/thailand-2025/,4,NW,Typicarakpa,"86,4",NA,NA,$1450.61,NA,NA,success,NA,NA,NA,NA,NA,NA,NA,NA,NA,NA,NA,NA,NA,NW,NA,NA,NA,NA,NA,NA,NA,NA,NA,NA,NA,NA,NA,NA,NA,NA,NA,NA,NA,NA,NA,NA,NA,NA,NA,NA,NA,NA,NA,NA,NA,NA,NA,NA,NA,NA,NA,NA,154.32lbs,$9.40/lb,Teerarat Techapiwat,NA,NA,NA
