country,year,program,stage,process_group,source_url,source_table_id,rank,size,farm_cws,farmer_representative,region,score,download_status,download_error,lot_number,lot_size,high_bid,total_value,high_bidder_s,producer,variety,process,weight_kg,farm,farmer,process_variety,weight_lbs,company_name,farm_name,bid_lb,winner,buyer_s_location,altitude_masl,ranking,price_per_lb,total_price,origin,buyer,na,na_2,na_3,na_4,na_5,na_6,na_7,na_8,na_9,na_10,na_11,na_12,na_13,na_14,na_15,weight_lb,final_bid_lb,processing,lot_no,coffee_washing_station_name,coffee_washing_station_owner,variety_processing,boxes,weight,bid,high_bidder,owner,size_30kg_boxes,hight_bid,high_bid_lb,business_name,farmer_name,farmer_organization,zone,woreda,lot_lbs,size_lbs,weights_kg,altitude_m,estimated_weight_kg,proceso,variedad,winners,weigth_kg,lot,lb,size_69kg_bags,origin_of_buyer,wight_lb,farmer_representetive,farmer_en,farm_en
Brazil,2017,NW,auction,NA,https://allianceforcoffeeexcellence.org/brazil-naturals-2017/,5,33,0,SÍTIO SERRA DA VERA 2017,JOÃO CARLOS JUNQUEIRA NOGUEIRA,"CARMO DE MINAS, MANTIQUEIRA DE MINAS",85.63,success,NA,33,0,-/lb,–,,NA,NA,NA,NA,NA,NA,NA,NA,NA,NA,NA,NA,NA,NA,NA,NA,NA,NA,NA,NA,NA,NA,NA,NA,NA,NA,NA,NA,NA,NA,NA,NA,NA,NA,NA,NA,NA,NA,NA,NA,NA,NA,NA,NA,NA,NA,NA,NA,NA,NA,NA,NA,NA,NA,NA,NA,NA,NA,NA,NA,NA,NA,NA,NA,NA,NA,NA,NA,NA,NA,NA
Brazil,2017,NW,auction,NA,https://allianceforcoffeeexcellence.org/brazil-naturals-2017/,5,34,41,FAZENDA PARAÍSO 2017,MARIA DO CARMO DE ANDRADE,"CARMO DO PARANAÍBA, CERRADO MINEIRO",85.18,success,NA,34,41,$4.00/lb,"$3,615.56","Wataru & Co., Ltd.",NA,NA,NA,NA,NA,NA,NA,NA,NA,NA,NA,NA,NA,NA,NA,NA,NA,NA,NA,NA,NA,NA,NA,NA,NA,NA,NA,NA,NA,NA,NA,NA,NA,NA,NA,NA,NA,NA,NA,NA,NA,NA,NA,NA,NA,NA,NA,NA,NA,NA,NA,NA,NA,NA,NA,NA,NA,NA,NA,NA,NA,NA,NA,NA,NA,NA,NA,NA,NA,NA,NA
Brazil,2017,NW,auction,NA,https://allianceforcoffeeexcellence.org/brazil-naturals-2017/,5,35,35,FAZENDA BARINAS 2017 {RA},MÁRCIO BORGES CASTRO ALVES,"ARAXÁ , CERRADO MINEIRO",85.06,success,NA,35,35,$4.00/lb,"$3,086.48","Cafe DAZAC, Eungubi Roasters, Crema Costa",NA,NA,NA,NA,NA,NA,NA,NA,NA,NA,NA,NA,NA,NA,NA,NA,NA,NA,NA,NA,NA,NA,NA,NA,NA,NA,NA,NA,NA,NA,NA,NA,NA,NA,NA,NA,NA,NA,NA,NA,NA,NA,NA,NA,NA,NA,NA,NA,NA,NA,NA,NA,NA,NA,NA,NA,NA,NA,NA,NA,NA,NA,NA,NA,NA,NA,NA,NA,NA,NA,NA
Brazil,2017,NW,auction,NA,https://allianceforcoffeeexcellence.org/brazil-naturals-2017/,5,36,35,FAZENDA DOIS IRMÃOS CAFÉS…,EVANDRO SANCHEZ,"COROMANDEL, CERRADO MINEIRO",84.83,success,NA,36,35,$3.55/lb,"$2,739.25",,NA,NA,NA,NA,NA,NA,NA,NA,NA,NA,NA,NA,NA,NA,NA,NA,NA,NA,NA,NA,NA,NA,NA,NA,NA,NA,NA,NA,NA,NA,NA,NA,NA,NA,NA,NA,NA,NA,NA,NA,NA,NA,NA,NA,NA,NA,NA,NA,NA,NA,NA,NA,NA,NA,NA,NA,NA,NA,NA,NA,NA,NA,NA,NA,NA,NA,NA,NA,NA,NA,NA
Brazil,2017,NW,auction,NA,https://allianceforcoffeeexcellence.org/brazil-naturals-2017/,5,37,42,SÍTIO SERRA DA CARETA 2017,SAMUEL MANGIA,"BAEPENDI, MANTIQUEIRA DE MINAS",84.57,success,NA,37,42,$3.50/lb,"$3,240.79",LaB Coffee & Academy,NA,NA,NA,NA,NA,NA,NA,NA,NA,NA,NA,NA,NA,NA,NA,NA,NA,NA,NA,NA,NA,NA,NA,NA,NA,NA,NA,NA,NA,NA,NA,NA,NA,NA,NA,NA,NA,NA,NA,NA,NA,NA,NA,NA,NA,NA,NA,NA,NA,NA,NA,NA,NA,NA,NA,NA,NA,NA,NA,NA,NA,NA,NA,NA,NA,NA,NA,NA,NA,NA,NA
Brazil,2017,NW,auction,NA,https://allianceforcoffeeexcellence.org/brazil-pulped-naturals-2017/,2,26,89,FAZENDA RAINHA 2017,FAZENDA RAINHA,"SÃO SEBASTIÃO DA GRAMA , MÉDIA MOGIANA",85.67,success,NA,26,89,$4.00/lb,"$7,848.44","Cafe DAZAC, Eungubi Roasters, Crema Costa",NA,NA,NA,NA,NA,NA,NA,NA,NA,NA,NA,NA,NA,NA,NA,NA,NA,NA,NA,NA,NA,NA,NA,NA,NA,NA,NA,NA,NA,NA,NA,NA,NA,NA,NA,NA,NA,NA,NA,NA,NA,NA,NA,NA,NA,NA,NA,NA,NA,NA,NA,NA,NA,NA,NA,NA,NA,NA,NA,NA,NA,NA,NA,NA,NA,NA,NA,NA,NA,NA,NA
Brazil,2017,NW,auction,NA,https://allianceforcoffeeexcellence.org/brazil-pulped-naturals-2017/,2,27,0,SÍTIO VELHO 2017,HERBERT DE CASTRO JUNQUEIRA,"JESUÂNIA, MANTIQUEIRA DE MINAS",85.50,success,NA,27,0,-/lb,–,,NA,NA,NA,NA,NA,NA,NA,NA,NA,NA,NA,NA,NA,NA,NA,NA,NA,NA,NA,NA,NA,NA,NA,NA,NA,NA,NA,NA,NA,NA,NA,NA,NA,NA,NA,NA,NA,NA,NA,NA,NA,NA,NA,NA,NA,NA,NA,NA,NA,NA,NA,NA,NA,NA,NA,NA,NA,NA,NA,NA,NA,NA,NA,NA,NA,NA,NA,NA,NA,NA,NA
Brazil,2017,NW,auction,NA,https://allianceforcoffeeexcellence.org/brazil-pulped-naturals-2017/,2,28,35,SÍTIO SÃO LUIZ 2017,VALDEIR LUIZ DE SOUZA,"TOMAZINA , NORTE PIONEIRO DO PARANÁ",85.03,success,NA,28,35,$3.70/lb,"$2,854.99",Wataru & Co.,NA,NA,NA,NA,NA,NA,NA,NA,NA,NA,NA,NA,NA,NA,NA,NA,NA,NA,NA,NA,NA,NA,NA,NA,NA,NA,NA,NA,NA,NA,NA,NA,NA,NA,NA,NA,NA,NA,NA,NA,NA,NA,NA,NA,NA,NA,NA,NA,NA,NA,NA,NA,NA,NA,NA,NA,NA,NA,NA,NA,NA,NA,NA,NA,NA,NA,NA,NA,NA,NA,NA
Brazil,2017,NW,auction,NA,https://allianceforcoffeeexcellence.org/brazil-pulped-naturals-2017/,2,29,35,FAZENDA BOM FIM 2017,LUCIANO DUTRA PIMENTA,"AFONSO CLÁUDIO, MONTANHAS DO ESPÍRITO SANTO",84.93,success,NA,29,35,$3.70/lb,"$2,854.99",Coffee Meikan,NA,NA,NA,NA,NA,NA,NA,NA,NA,NA,NA,NA,NA,NA,NA,NA,NA,NA,NA,NA,NA,NA,NA,NA,NA,NA,NA,NA,NA,NA,NA,NA,NA,NA,NA,NA,NA,NA,NA,NA,NA,NA,NA,NA,NA,NA,NA,NA,NA,NA,NA,NA,NA,NA,NA,NA,NA,NA,NA,NA,NA,NA,NA,NA,NA,NA,NA,NA,NA,NA,NA
Brazil,2017,NW,auction,NA,https://allianceforcoffeeexcellence.org/brazil-pulped-naturals-2017/,2,30,78,FAZENDA TIJUCO 2017,ANTÔNIO RIGNO DE OLIVEIRA FILHO,"PIATÃ, CHAPADA DIAMANTINA",84.67,success,NA,30,78,$3.50/lb,"$6,018.60","Cafe DAZAC, Eungubi Roasters, Crema Costa",NA,NA,NA,NA,NA,NA,NA,NA,NA,NA,NA,NA,NA,NA,NA,NA,NA,NA,NA,NA,NA,NA,NA,NA,NA,NA,NA,NA,NA,NA,NA,NA,NA,NA,NA,NA,NA,NA,NA,NA,NA,NA,NA,NA,NA,NA,NA,NA,NA,NA,NA,NA,NA,NA,NA,NA,NA,NA,NA,NA,NA,NA,NA,NA,NA,NA,NA,NA,NA,NA,NA
Brazil,2017,NW,auction,NA,https://allianceforcoffeeexcellence.org/brazil-pulped-naturals-2017/,2,31,47,FAZENDA CACHOEIRA DA GRAMA…,GABRIEL DE CARVALHO DIAS,"SÃO SEBASTIÃO DA GRAMA, MÉDIA MOGIANA",84.60,success,NA,31,47,$3.60/lb,"$3,730.21","Cafe DAZAC, Eungubi Roasters, Crema Costa",NA,NA,NA,NA,NA,NA,NA,NA,NA,NA,NA,NA,NA,NA,NA,NA,NA,NA,NA,NA,NA,NA,NA,NA,NA,NA,NA,NA,NA,NA,NA,NA,NA,NA,NA,NA,NA,NA,NA,NA,NA,NA,NA,NA,NA,NA,NA,NA,NA,NA,NA,NA,NA,NA,NA,NA,NA,NA,NA,NA,NA,NA,NA,NA,NA,NA,NA,NA,NA,NA,NA
Brazil,2017,NW,auction,NA,https://allianceforcoffeeexcellence.org/brazil-pulped-naturals-2017/,2,32,89,SÍTIO BELA VISTA 2017 {FT},JARBAS CLETO LOPES,"SÃO GONÇALO DO SAPUCAÍ , MANTIQUEIRA DE MINAS",84.07,success,NA,32,89,-/lb,–,,NA,NA,NA,NA,NA,NA,NA,NA,NA,NA,NA,NA,NA,NA,NA,NA,NA,NA,NA,NA,NA,NA,NA,NA,NA,NA,NA,NA,NA,NA,NA,NA,NA,NA,NA,NA,NA,NA,NA,NA,NA,NA,NA,NA,NA,NA,NA,NA,NA,NA,NA,NA,NA,NA,NA,NA,NA,NA,NA,NA,NA,NA,NA,NA,NA,NA,NA,NA,NA,NA,NA
Brazil,2017,NW,auction,NA,https://allianceforcoffeeexcellence.org/brazil-pulped-naturals-2017/,2,33,59,SÍTIO SANTA ANA 2017 {FT/4C},EDSON MESSIAS DE CARVALHO,"JOAQUIM TÁVORA, NORTE PIONEIRO DO PARANÁ",84.00,success,NA,33,59,-/lb,–,NA,NA,NA,NA,NA,NA,NA,NA,NA,NA,NA,NA,NA,NA,NA,NA,NA,NA,NA,NA,NA,NA,NA,NA,NA,NA,NA,NA,NA,NA,NA,NA,NA,NA,NA,NA,NA,NA,NA,NA,NA,NA,NA,NA,NA,NA,NA,NA,NA,NA,NA,NA,NA,NA,NA,NA,NA,NA,NA,NA,NA,NA,NA,NA,NA,NA,NA,NA,NA,NA,NA,NA
Brazil,2018,NW,auction,NA,https://allianceforcoffeeexcellence.org/brazil-pulped-naturals-2018/,2,32,20,Sítio Laranjeira,Valmirar Matos Novais,Chapada Diamantina,85.81,success,NA,NA,NA,$4.20/lb,"$5,555.63","Cafe DAZAC, Coffee Sallim Factory, Juk-dong Cafe D, Crema Costa, Beanstore, Eungubiro Roasters",NA,NA,NA,NA,NA,NA,NA,NA,NA,NA,NA,NA,NA,NA,NA,NA,NA,NA,NA,NA,NA,NA,NA,NA,NA,NA,NA,NA,NA,NA,NA,NA,NA,NA,NA,NA,NA,NA,NA,NA,NA,NA,NA,NA,NA,NA,NA,NA,NA,NA,NA,NA,NA,NA,NA,NA,NA,NA,NA,NA,NA,NA,NA,NA,NA,NA,NA,NA,NA,NA,NA
Brazil,2018,NW,auction,NA,https://allianceforcoffeeexcellence.org/brazil-pulped-naturals-2018/,2,33,12,Sitio Limoeiro,Heládio Pedro Brito,Chapada Diamantina,85.75,success,NA,NA,NA,$4.40/lb,"$3,492.10","Tashiro Coffee Co., Ltd",NA,NA,NA,NA,NA,NA,NA,NA,NA,NA,NA,NA,NA,NA,NA,NA,NA,NA,NA,NA,NA,NA,NA,NA,NA,NA,NA,NA,NA,NA,NA,NA,NA,NA,NA,NA,NA,NA,NA,NA,NA,NA,NA,NA,NA,NA,NA,NA,NA,NA,NA,NA,NA,NA,NA,NA,NA,NA,NA,NA,NA,NA,NA,NA,NA,NA,NA,NA,NA,NA,NA
Brazil,2018,NW,auction,NA,https://allianceforcoffeeexcellence.org/brazil-pulped-naturals-2018/,2,34,21,Fazenda Monte Verde,Nobletree Coffee Farms,Mantiqueira de Minas,85.69,success,NA,NA,NA,$4.00/lb,"$5,555.64","Cafe DAZAC, Coffee Sallim Factory, Juk-dong Cafe D, Crema Costa, Beanstore, Eungubiro Roasters",NA,NA,NA,NA,NA,NA,NA,NA,NA,NA,NA,NA,NA,NA,NA,NA,NA,NA,NA,NA,NA,NA,NA,NA,NA,NA,NA,NA,NA,NA,NA,NA,NA,NA,NA,NA,NA,NA,NA,NA,NA,NA,NA,NA,NA,NA,NA,NA,NA,NA,NA,NA,NA,NA,NA,NA,NA,NA,NA,NA,NA,NA,NA,NA,NA,NA,NA,NA,NA,NA,NA
Brazil,2018,NW,auction,NA,https://allianceforcoffeeexcellence.org/brazil-pulped-naturals-2018/,2,35,12,Sítio Paraíso (Lote 3),Cristiana Maria Carneiro Bustamante Figueira,Mantiqueira de Minas,85.44,success,NA,NA,NA,$4.40/lb,"$3,492.10",CoffeeMeikan,NA,NA,NA,NA,NA,NA,NA,NA,NA,NA,NA,NA,NA,NA,NA,NA,NA,NA,NA,NA,NA,NA,NA,NA,NA,NA,NA,NA,NA,NA,NA,NA,NA,NA,NA,NA,NA,NA,NA,NA,NA,NA,NA,NA,NA,NA,NA,NA,NA,NA,NA,NA,NA,NA,NA,NA,NA,NA,NA,NA,NA,NA,NA,NA,NA,NA,NA,NA,NA,NA,NA
Brazil,2018,NW,auction,NA,https://allianceforcoffeeexcellence.org/brazil-pulped-naturals-2018/,2,37,16,Fazenda Shekinah II,Samuel Costa Brito,Planalto de Vitória da Conquista,85.05,success,NA,NA,NA,$4.00/lb,"$4,232.88",Campos Coffee,NA,NA,NA,NA,NA,NA,NA,NA,NA,NA,NA,NA,NA,NA,NA,NA,NA,NA,NA,NA,NA,NA,NA,NA,NA,NA,NA,NA,NA,NA,NA,NA,NA,NA,NA,NA,NA,NA,NA,NA,NA,NA,NA,NA,NA,NA,NA,NA,NA,NA,NA,NA,NA,NA,NA,NA,NA,NA,NA,NA,NA,NA,NA,NA,NA,NA,NA,NA,NA,NA,NA
Brazil,2019,NW,auction,NA,https://allianceforcoffeeexcellence.org/brazil-2019/,2,NW,NA,NA,NA,Cerrado Mineiro,85.98,success,NA,NA,NA,$3.50/lb,"$2,777.88",Carrboro Coffee Roasters,NA,NA,NA,360,Fazenda Freitas,Osmar Pereira Nunes Junior,"Natural Anaerobic, Arara",NA,NA,NA,NA,NA,NA,NA,NA,NA,NA,NA,NA,NA,NA,NA,NA,NA,NA,NA,NA,NA,NA,NA,NA,NA,NA,NA,NA,NA,NA,NA,NA,NA,NA,NA,NA,NA,NA,NA,NA,NA,NA,NA,NA,NA,NA,NA,NA,NA,NA,NA,NA,NA,NA,NA,NA,NA,NA,NA,NA,NA,NA,NA,NA
Brazil,2020,COE,auction,NA,https://allianceforcoffeeexcellence.org/brazil-2020/,1,1a,NA,NA,NA,NA,90.03,success,NA,NA,NA,$40.00,"$15,873.20",NA,NA,NA,NA,NA,Sítio Escondica,NA,NA,396.83,Luce Coffee Roasters,NA,NA,NA,NA,NA,NA,NA,NA,NA,NA,NA,NA,NA,NA,NA,NA,NA,NA,NA,NA,NA,NA,NA,NA,NA,NA,NA,NA,NA,NA,NA,NA,NA,NA,NA,NA,NA,NA,NA,NA,NA,NA,NA,NA,NA,NA,NA,NA,NA,NA,NA,NA,NA,NA,NA,NA,NA,NA,NA,NA,NA,NA
Brazil,2020,COE,auction,NA,https://allianceforcoffeeexcellence.org/brazil-2020/,1,1b,NA,NA,NA,NA,90.03,success,NA,NA,NA,$38.90,"$12,863.84",NA,NA,NA,NA,NA,Sítio Escondica,NA,NA,330.69,"Proud Mary Coffee Roasters. Timesclub, and Supremo Coffee",NA,NA,NA,NA,NA,NA,NA,NA,NA,NA,NA,NA,NA,NA,NA,NA,NA,NA,NA,NA,NA,NA,NA,NA,NA,NA,NA,NA,NA,NA,NA,NA,NA,NA,NA,NA,NA,NA,NA,NA,NA,NA,NA,NA,NA,NA,NA,NA,NA,NA,NA,NA,NA,NA,NA,NA,NA,NA,NA,NA,NA,NA
Brazil,2020,COE,auction,NA,https://allianceforcoffeeexcellence.org/brazil-2020/,1,2,NA,NA,NA,NA,89.71,success,NA,NA,NA,$12.90,"$18,770.15",NA,NA,NA,NA,NA,Sítio Boa Vista,NA,NA,1455.05,"Cafe Sinbi’s LOVE,
BOKKUM COFFEE ROASTERS
& GIL-COFFEE",NA,NA,NA,NA,NA,NA,NA,NA,NA,NA,NA,NA,NA,NA,NA,NA,NA,NA,NA,NA,NA,NA,NA,NA,NA,NA,NA,NA,NA,NA,NA,NA,NA,NA,NA,NA,NA,NA,NA,NA,NA,NA,NA,NA,NA,NA,NA,NA,NA,NA,NA,NA,NA,NA,NA,NA,NA,NA,NA,NA,NA,NA
Brazil,2020,COE,auction,NA,https://allianceforcoffeeexcellence.org/brazil-2020/,1,3,NA,NA,NA,NA,88.94,success,NA,NA,NA,$14.60,"$16,415.66",NA,NA,NA,NA,NA,Fazenda Monte Alto,NA,NA,1124.36,Latorre & Dutch Coffee (China) for Taster’s Coffee / Small Arms Big Heart / Nopparoot Kitcharoen / 白鲸咖啡豆子店 / Gozo Cafe / KOLAKOLA COFFEE / Fisher Coffee,NA,NA,NA,NA,NA,NA,NA,NA,NA,NA,NA,NA,NA,NA,NA,NA,NA,NA,NA,NA,NA,NA,NA,NA,NA,NA,NA,NA,NA,NA,NA,NA,NA,NA,NA,NA,NA,NA,NA,NA,NA,NA,NA,NA,NA,NA,NA,NA,NA,NA,NA,NA,NA,NA,NA,NA,NA,NA,NA,NA,NA,NA
Brazil,2020,COE,auction,NA,https://allianceforcoffeeexcellence.org/brazil-2020/,1,4,NA,NA,NA,NA,88.94,success,NA,NA,NA,$20.50,"$14,914.37",NA,NA,NA,NA,NA,Sítio Floresta,NA,NA,727.53,Kyokuto Fadie Corporation,NA,NA,NA,NA,NA,NA,NA,NA,NA,NA,NA,NA,NA,NA,NA,NA,NA,NA,NA,NA,NA,NA,NA,NA,NA,NA,NA,NA,NA,NA,NA,NA,NA,NA,NA,NA,NA,NA,NA,NA,NA,NA,NA,NA,NA,NA,NA,NA,NA,NA,NA,NA,NA,NA,NA,NA,NA,NA,NA,NA,NA,NA
Brazil,2020,COE,auction,NA,https://allianceforcoffeeexcellence.org/brazil-2020/,1,5,NA,NA,NA,NA,88.88,success,NA,NA,NA,$27.80,"$20,225.33",NA,NA,NA,NA,NA,Chácara Vista Alegre,NA,NA,727.53,Blue Bottle Coffee,NA,NA,NA,NA,NA,NA,NA,NA,NA,NA,NA,NA,NA,NA,NA,NA,NA,NA,NA,NA,NA,NA,NA,NA,NA,NA,NA,NA,NA,NA,NA,NA,NA,NA,NA,NA,NA,NA,NA,NA,NA,NA,NA,NA,NA,NA,NA,NA,NA,NA,NA,NA,NA,NA,NA,NA,NA,NA,NA,NA,NA,NA
Brazil,2020,COE,auction,NA,https://allianceforcoffeeexcellence.org/brazil-2020/,1,6,NA,NA,NA,NA,88.88,success,NA,NA,NA,$17.30,"$11,442.05",NA,NA,NA,NA,NA,Sítio Monjolinho,NA,NA,661.39,"Tashiro Coffee Co., Ltd",NA,NA,NA,NA,NA,NA,NA,NA,NA,NA,NA,NA,NA,NA,NA,NA,NA,NA,NA,NA,NA,NA,NA,NA,NA,NA,NA,NA,NA,NA,NA,NA,NA,NA,NA,NA,NA,NA,NA,NA,NA,NA,NA,NA,NA,NA,NA,NA,NA,NA,NA,NA,NA,NA,NA,NA,NA,NA,NA,NA,NA,NA
Brazil,2020,COE,auction,NA,https://allianceforcoffeeexcellence.org/brazil-2020/,1,7,NA,NA,NA,NA,88.88,success,NA,NA,NA,$15.10,"$9,986.99",NA,NA,NA,NA,NA,Fazenda Paixão,NA,NA,661.39,ECOM Japan Limited for NOZY COFFEE,NA,NA,NA,NA,NA,NA,NA,NA,NA,NA,NA,NA,NA,NA,NA,NA,NA,NA,NA,NA,NA,NA,NA,NA,NA,NA,NA,NA,NA,NA,NA,NA,NA,NA,NA,NA,NA,NA,NA,NA,NA,NA,NA,NA,NA,NA,NA,NA,NA,NA,NA,NA,NA,NA,NA,NA,NA,NA,NA,NA,NA,NA
Brazil,2020,COE,auction,NA,https://allianceforcoffeeexcellence.org/brazil-2020/,1,8,NA,NA,NA,NA,88.85,success,NA,NA,NA,$12.20,"$8,875.87",NA,NA,NA,NA,NA,Sítio Braga,NA,NA,727.53,"Wataru & Co., Ltd.",NA,NA,NA,NA,NA,NA,NA,NA,NA,NA,NA,NA,NA,NA,NA,NA,NA,NA,NA,NA,NA,NA,NA,NA,NA,NA,NA,NA,NA,NA,NA,NA,NA,NA,NA,NA,NA,NA,NA,NA,NA,NA,NA,NA,NA,NA,NA,NA,NA,NA,NA,NA,NA,NA,NA,NA,NA,NA,NA,NA,NA,NA
Brazil,2020,COE,auction,NA,https://allianceforcoffeeexcellence.org/brazil-2020/,1,9,NA,NA,NA,NA,88.76,success,NA,NA,NA,$13.15,"$8,697.28",NA,NA,NA,NA,NA,Fazenda Pedra Preta,NA,NA,661.39,Japan Roasters’ Network,NA,NA,NA,NA,NA,NA,NA,NA,NA,NA,NA,NA,NA,NA,NA,NA,NA,NA,NA,NA,NA,NA,NA,NA,NA,NA,NA,NA,NA,NA,NA,NA,NA,NA,NA,NA,NA,NA,NA,NA,NA,NA,NA,NA,NA,NA,NA,NA,NA,NA,NA,NA,NA,NA,NA,NA,NA,NA,NA,NA,NA,NA
Brazil,2020,COE,auction,NA,https://allianceforcoffeeexcellence.org/brazil-2020/,1,10,NA,NA,NA,NA,88.56,success,NA,NA,NA,$12.00,"$7,936.68",NA,NA,NA,NA,NA,Sítio Triunfo,NA,NA,661.39,"Wataru & Co., Ltd.",NA,NA,NA,NA,NA,NA,NA,NA,NA,NA,NA,NA,NA,NA,NA,NA,NA,NA,NA,NA,NA,NA,NA,NA,NA,NA,NA,NA,NA,NA,NA,NA,NA,NA,NA,NA,NA,NA,NA,NA,NA,NA,NA,NA,NA,NA,NA,NA,NA,NA,NA,NA,NA,NA,NA,NA,NA,NA,NA,NA,NA,NA
Brazil,2020,COE,auction,NA,https://allianceforcoffeeexcellence.org/brazil-2020/,1,11,NA,NA,NA,NA,88.44,success,NA,NA,NA,$10.30,"$9,537.18",NA,NA,NA,NA,NA,Sítio dos Coli,NA,NA,925.94,"Wataru & Co., Ltd.",NA,NA,NA,NA,NA,NA,NA,NA,NA,NA,NA,NA,NA,NA,NA,NA,NA,NA,NA,NA,NA,NA,NA,NA,NA,NA,NA,NA,NA,NA,NA,NA,NA,NA,NA,NA,NA,NA,NA,NA,NA,NA,NA,NA,NA,NA,NA,NA,NA,NA,NA,NA,NA,NA,NA,NA,NA,NA,NA,NA,NA,NA
Brazil,2020,COE,auction,NA,https://allianceforcoffeeexcellence.org/brazil-2020/,1,12,NA,NA,NA,NA,88.44,success,NA,NA,NA,$13.05,"$10,357.26",NA,NA,NA,NA,NA,Fazenda Sertãozinho,NA,NA,793.66,ECOM Japan Limited for NOZY COFFEE,NA,NA,NA,NA,NA,NA,NA,NA,NA,NA,NA,NA,NA,NA,NA,NA,NA,NA,NA,NA,NA,NA,NA,NA,NA,NA,NA,NA,NA,NA,NA,NA,NA,NA,NA,NA,NA,NA,NA,NA,NA,NA,NA,NA,NA,NA,NA,NA,NA,NA,NA,NA,NA,NA,NA,NA,NA,NA,NA,NA,NA,NA
Brazil,2020,COE,auction,NA,https://allianceforcoffeeexcellence.org/brazil-2020/,1,13,NA,NA,NA,NA,88.44,success,NA,NA,NA,$26.10,"$17,262.28",NA,NA,NA,NA,NA,Sítio Sr. Niquinho,NA,NA,661.39,Mandrake & Saza Coffee,NA,NA,NA,NA,NA,NA,NA,NA,NA,NA,NA,NA,NA,NA,NA,NA,NA,NA,NA,NA,NA,NA,NA,NA,NA,NA,NA,NA,NA,NA,NA,NA,NA,NA,NA,NA,NA,NA,NA,NA,NA,NA,NA,NA,NA,NA,NA,NA,NA,NA,NA,NA,NA,NA,NA,NA,NA,NA,NA,NA,NA,NA
Brazil,2020,COE,auction,NA,https://allianceforcoffeeexcellence.org/brazil-2020/,1,14,NA,NA,NA,NA,88.38,success,NA,NA,NA,$11.95,"$7,903.61",NA,NA,NA,NA,NA,Fazenda Paraíso,NA,NA,661.39,"Orsir Coffee Co., Ltd.",NA,NA,NA,NA,NA,NA,NA,NA,NA,NA,NA,NA,NA,NA,NA,NA,NA,NA,NA,NA,NA,NA,NA,NA,NA,NA,NA,NA,NA,NA,NA,NA,NA,NA,NA,NA,NA,NA,NA,NA,NA,NA,NA,NA,NA,NA,NA,NA,NA,NA,NA,NA,NA,NA,NA,NA,NA,NA,NA,NA,NA,NA
Brazil,2020,COE,auction,NA,https://allianceforcoffeeexcellence.org/brazil-2020/,1,15,NA,NA,NA,NA,88.32,success,NA,NA,NA,$10.05,"$11,964.53",NA,NA,NA,NA,NA,Sítio São Judas Tadeu,NA,NA,1190.5,Kaffebrenneriet As,NA,NA,NA,NA,NA,NA,NA,NA,NA,NA,NA,NA,NA,NA,NA,NA,NA,NA,NA,NA,NA,NA,NA,NA,NA,NA,NA,NA,NA,NA,NA,NA,NA,NA,NA,NA,NA,NA,NA,NA,NA,NA,NA,NA,NA,NA,NA,NA,NA,NA,NA,NA,NA,NA,NA,NA,NA,NA,NA,NA,NA,NA
Brazil,2020,COE,auction,NA,https://allianceforcoffeeexcellence.org/brazil-2020/,1,16,NA,NA,NA,NA,88.24,success,NA,NA,NA,$12.90,"$18,770.15",NA,NA,NA,NA,NA,Fazenda Serra do Boné,NA,NA,1455.05,Kyokuto Fadie Corporation,NA,NA,NA,NA,NA,NA,NA,NA,NA,NA,NA,NA,NA,NA,NA,NA,NA,NA,NA,NA,NA,NA,NA,NA,NA,NA,NA,NA,NA,NA,NA,NA,NA,NA,NA,NA,NA,NA,NA,NA,NA,NA,NA,NA,NA,NA,NA,NA,NA,NA,NA,NA,NA,NA,NA,NA,NA,NA,NA,NA,NA,NA
Brazil,2020,COE,auction,NA,https://allianceforcoffeeexcellence.org/brazil-2020/,1,17,NA,NA,NA,NA,88.15,success,NA,NA,NA,$12.00,"$8,730.36",NA,NA,NA,NA,NA,Fazenda Santa Izabel,NA,NA,727.53,"TOA COFFEE Co., Ltd.",NA,NA,NA,NA,NA,NA,NA,NA,NA,NA,NA,NA,NA,NA,NA,NA,NA,NA,NA,NA,NA,NA,NA,NA,NA,NA,NA,NA,NA,NA,NA,NA,NA,NA,NA,NA,NA,NA,NA,NA,NA,NA,NA,NA,NA,NA,NA,NA,NA,NA,NA,NA,NA,NA,NA,NA,NA,NA,NA,NA,NA,NA
Brazil,2020,COE,auction,NA,https://allianceforcoffeeexcellence.org/brazil-2020/,1,18,NA,NA,NA,NA,88.15,success,NA,NA,NA,$11.00,"$8,730.26",NA,NA,NA,NA,NA,Sítio Sertãozinho,NA,NA,793.66,"Wataru & Co., Ltd.",NA,NA,NA,NA,NA,NA,NA,NA,NA,NA,NA,NA,NA,NA,NA,NA,NA,NA,NA,NA,NA,NA,NA,NA,NA,NA,NA,NA,NA,NA,NA,NA,NA,NA,NA,NA,NA,NA,NA,NA,NA,NA,NA,NA,NA,NA,NA,NA,NA,NA,NA,NA,NA,NA,NA,NA,NA,NA,NA,NA,NA,NA
Brazil,2020,COE,auction,NA,https://allianceforcoffeeexcellence.org/brazil-2020/,1,19,NA,NA,NA,NA,88.12,success,NA,NA,NA,$11.30,"$7,473.71",NA,NA,NA,NA,NA,Rancho do Mirante,NA,NA,661.39,ROAST Coffee,NA,NA,NA,NA,NA,NA,NA,NA,NA,NA,NA,NA,NA,NA,NA,NA,NA,NA,NA,NA,NA,NA,NA,NA,NA,NA,NA,NA,NA,NA,NA,NA,NA,NA,NA,NA,NA,NA,NA,NA,NA,NA,NA,NA,NA,NA,NA,NA,NA,NA,NA,NA,NA,NA,NA,NA,NA,NA,NA,NA,NA,NA
Brazil,2020,COE,auction,NA,https://allianceforcoffeeexcellence.org/brazil-2020/,1,20,NA,NA,NA,NA,88.03,success,NA,NA,NA,$10.25,"$15,592.20",NA,NA,NA,NA,NA,Fazenda Caixetas,NA,NA,1521.19,Ecom Japan Limited,NA,NA,NA,NA,NA,NA,NA,NA,NA,NA,NA,NA,NA,NA,NA,NA,NA,NA,NA,NA,NA,NA,NA,NA,NA,NA,NA,NA,NA,NA,NA,NA,NA,NA,NA,NA,NA,NA,NA,NA,NA,NA,NA,NA,NA,NA,NA,NA,NA,NA,NA,NA,NA,NA,NA,NA,NA,NA,NA,NA,NA,NA
Brazil,2020,COE,auction,NA,https://allianceforcoffeeexcellence.org/brazil-2020/,1,21,NA,NA,NA,NA,88,success,NA,NA,NA,$12.20,"$17,751.61",NA,NA,NA,NA,NA,Fazenda Criciúma,NA,NA,1455.05,"Wataru & Co., Ltd.",NA,NA,NA,NA,NA,NA,NA,NA,NA,NA,NA,NA,NA,NA,NA,NA,NA,NA,NA,NA,NA,NA,NA,NA,NA,NA,NA,NA,NA,NA,NA,NA,NA,NA,NA,NA,NA,NA,NA,NA,NA,NA,NA,NA,NA,NA,NA,NA,NA,NA,NA,NA,NA,NA,NA,NA,NA,NA,NA,NA,NA,NA
Brazil,2020,COE,auction,NA,https://allianceforcoffeeexcellence.org/brazil-2020/,1,22,NA,NA,NA,NA,87.94,success,NA,NA,NA,$26.00,"$18,915.78",NA,NA,NA,NA,NA,Fazenda Recanto,NA,NA,727.53,"Global Performance LLC, Takamura Coffee Roasters, The Espresso Lab",NA,NA,NA,NA,NA,NA,NA,NA,NA,NA,NA,NA,NA,NA,NA,NA,NA,NA,NA,NA,NA,NA,NA,NA,NA,NA,NA,NA,NA,NA,NA,NA,NA,NA,NA,NA,NA,NA,NA,NA,NA,NA,NA,NA,NA,NA,NA,NA,NA,NA,NA,NA,NA,NA,NA,NA,NA,NA,NA,NA,NA,NA
Brazil,2020,COE,auction,NA,https://allianceforcoffeeexcellence.org/brazil-2020/,1,23,NA,NA,NA,NA,87.53,success,NA,NA,NA,$10.20,"$8,095.33",NA,NA,NA,NA,NA,Sítio LM,NA,NA,793.66,Nagahama Coffee Inc.,NA,NA,NA,NA,NA,NA,NA,NA,NA,NA,NA,NA,NA,NA,NA,NA,NA,NA,NA,NA,NA,NA,NA,NA,NA,NA,NA,NA,NA,NA,NA,NA,NA,NA,NA,NA,NA,NA,NA,NA,NA,NA,NA,NA,NA,NA,NA,NA,NA,NA,NA,NA,NA,NA,NA,NA,NA,NA,NA,NA,NA,NA
Brazil,2020,COE,auction,NA,https://allianceforcoffeeexcellence.org/brazil-2020/,1,24,NA,NA,NA,NA,87.5,success,NA,NA,NA,$10.10,"$9,351.99",NA,NA,NA,NA,NA,Sítio São Sebastião,NA,NA,925.94,Wataru for Nozy Coffee,NA,NA,NA,NA,NA,NA,NA,NA,NA,NA,NA,NA,NA,NA,NA,NA,NA,NA,NA,NA,NA,NA,NA,NA,NA,NA,NA,NA,NA,NA,NA,NA,NA,NA,NA,NA,NA,NA,NA,NA,NA,NA,NA,NA,NA,NA,NA,NA,NA,NA,NA,NA,NA,NA,NA,NA,NA,NA,NA,NA,NA,NA
Brazil,2020,COE,auction,NA,https://allianceforcoffeeexcellence.org/brazil-2020/,1,25,NA,NA,NA,NA,87.35,success,NA,NA,NA,$17.30,"$11,442.05",NA,NA,NA,NA,NA,Sítio do Campo,NA,NA,661.39,Sulalat Coffee Trading,NA,NA,NA,NA,NA,NA,NA,NA,NA,NA,NA,NA,NA,NA,NA,NA,NA,NA,NA,NA,NA,NA,NA,NA,NA,NA,NA,NA,NA,NA,NA,NA,NA,NA,NA,NA,NA,NA,NA,NA,NA,NA,NA,NA,NA,NA,NA,NA,NA,NA,NA,NA,NA,NA,NA,NA,NA,NA,NA,NA,NA,NA
Brazil,2020,COE,auction,NA,https://allianceforcoffeeexcellence.org/brazil-2020/,1,26,NA,NA,NA,NA,87.29,success,NA,NA,NA,$12.95,"$9,421.51",NA,NA,NA,NA,NA,Fazenda Lagoa Seca,NA,NA,727.53,"Mercanta The Coffee Hunters, Austraat Kaffebrenneri Norway, Picapau Coffee Roastery Italy",NA,NA,NA,NA,NA,NA,NA,NA,NA,NA,NA,NA,NA,NA,NA,NA,NA,NA,NA,NA,NA,NA,NA,NA,NA,NA,NA,NA,NA,NA,NA,NA,NA,NA,NA,NA,NA,NA,NA,NA,NA,NA,NA,NA,NA,NA,NA,NA,NA,NA,NA,NA,NA,NA,NA,NA,NA,NA,NA,NA,NA,NA
Brazil,2020,COE,auction,NA,https://allianceforcoffeeexcellence.org/brazil-2020/,1,28,NA,NA,NA,NA,87.26,success,NA,NA,NA,$11.00,"$13,095.50",NA,NA,NA,NA,NA,Sítio Santo Antônio,NA,NA,1190.5,"Wataru & Co., Ltd.",NA,NA,NA,NA,NA,NA,NA,NA,NA,NA,NA,NA,NA,NA,NA,NA,NA,NA,NA,NA,NA,NA,NA,NA,NA,NA,NA,NA,NA,NA,NA,NA,NA,NA,NA,NA,NA,NA,NA,NA,NA,NA,NA,NA,NA,NA,NA,NA,NA,NA,NA,NA,NA,NA,NA,NA,NA,NA,NA,NA,NA,NA
Brazil,2020,COE,auction,NA,https://allianceforcoffeeexcellence.org/brazil-2020/,1,29,NA,NA,NA,NA,87.24,success,NA,NA,NA,$12.85,"$9,348.76",NA,NA,NA,NA,NA,Fazenda Passeio,NA,NA,727.53,Kyokuto Fadie Corporation,NA,NA,NA,NA,NA,NA,NA,NA,NA,NA,NA,NA,NA,NA,NA,NA,NA,NA,NA,NA,NA,NA,NA,NA,NA,NA,NA,NA,NA,NA,NA,NA,NA,NA,NA,NA,NA,NA,NA,NA,NA,NA,NA,NA,NA,NA,NA,NA,NA,NA,NA,NA,NA,NA,NA,NA,NA,NA,NA,NA,NA,NA
Brazil,2020,COE,auction,NA,https://allianceforcoffeeexcellence.org/brazil-2020/,1,30,NA,NA,NA,NA,87.21,success,NA,NA,NA,$13.10,"$10,396.95",NA,NA,NA,NA,NA,Sítio Boa Vista,NA,NA,793.66,Latorre & Dutch Coffee (China) for Fisheye Café / June’s Garden Coffee / 甜樱桃咖啡 / Small Arms Big Heart / KOLAKOLA COFFEE / Fisher Coffee,NA,NA,NA,NA,NA,NA,NA,NA,NA,NA,NA,NA,NA,NA,NA,NA,NA,NA,NA,NA,NA,NA,NA,NA,NA,NA,NA,NA,NA,NA,NA,NA,NA,NA,NA,NA,NA,NA,NA,NA,NA,NA,NA,NA,NA,NA,NA,NA,NA,NA,NA,NA,NA,NA,NA,NA,NA,NA,NA,NA,NA,NA
Brazil,2020,COE,auction,NA,https://allianceforcoffeeexcellence.org/brazil-2020/,1,Totals:,NA,NA,NA,NA,,success,NA,NA,NA,$14.50/lb,"$370,142.44",NA,NA,NA,NA,NA,,NA,NA,"25,529.57",,NA,NA,NA,NA,NA,NA,NA,NA,NA,NA,NA,NA,NA,NA,NA,NA,NA,NA,NA,NA,NA,NA,NA,NA,NA,NA,NA,NA,NA,NA,NA,NA,NA,NA,NA,NA,NA,NA,NA,NA,NA,NA,NA,NA,NA,NA,NA,NA,NA,NA,NA,NA,NA,NA,NA,NA,NA,NA,NA,NA,NA,NA
Brazil,2020,NW,auction,NA,https://allianceforcoffeeexcellence.org/brazil-2020/,2,NW,NA,NA,NA,NA,87.15,success,NA,NA,NA,$6.00,"$9,127.14","Wataru & Co., Ltd.",NA,NA,NA,NA,Chácara São Judas Tadeu,NA,NA,"1,521.19",NA,NA,NA,NA,NA,NA,NA,NA,NA,NA,NA,NA,NA,NA,NA,NA,NA,NA,NA,NA,NA,NA,NA,NA,NA,NA,NA,NA,NA,NA,NA,NA,NA,NA,NA,NA,NA,NA,NA,NA,NA,NA,NA,NA,NA,NA,NA,NA,NA,NA,NA,NA,NA,NA,NA,NA,NA,NA,NA,NA,NA,NA,NA
Brazil,2020,NW,auction,NA,https://allianceforcoffeeexcellence.org/brazil-2020/,2,NW,NA,NA,NA,NA,86.68,success,NA,NA,NA,$4.00,"$2,910.12","cafe DAZAC, Eungubiro Roasters, Crema Costa",NA,NA,NA,NA,Sitío Baixa Funda,NA,NA,727.53,NA,NA,NA,NA,NA,NA,NA,NA,NA,NA,NA,NA,NA,NA,NA,NA,NA,NA,NA,NA,NA,NA,NA,NA,NA,NA,NA,NA,NA,NA,NA,NA,NA,NA,NA,NA,NA,NA,NA,NA,NA,NA,NA,NA,NA,NA,NA,NA,NA,NA,NA,NA,NA,NA,NA,NA,NA,NA,NA,NA,NA,NA,NA
Brazil,2020,NW,auction,NA,https://allianceforcoffeeexcellence.org/brazil-2020/,2,NW,NA,NA,NA,NA,86.18,success,NA,NA,NA,$4.00,"$6,084.76","cafe DAZAC, Eungubiro Roasters, Crema Costa",NA,NA,NA,NA,Fazenda Cruzeiro,NA,NA,"1,521.19",NA,NA,NA,NA,NA,NA,NA,NA,NA,NA,NA,NA,NA,NA,NA,NA,NA,NA,NA,NA,NA,NA,NA,NA,NA,NA,NA,NA,NA,NA,NA,NA,NA,NA,NA,NA,NA,NA,NA,NA,NA,NA,NA,NA,NA,NA,NA,NA,NA,NA,NA,NA,NA,NA,NA,NA,NA,NA,NA,NA,NA,NA,NA
Brazil,2020,NW,auction,NA,https://allianceforcoffeeexcellence.org/brazil-2020/,2,NW,NA,NA,NA,NA,Totals:,success,NA,NA,NA,$4.81/lb,"$18,122.02",,NA,NA,NA,NA,,NA,NA,"3,769.91",NA,NA,NA,NA,NA,NA,NA,NA,NA,NA,NA,NA,NA,NA,NA,NA,NA,NA,NA,NA,NA,NA,NA,NA,NA,NA,NA,NA,NA,NA,NA,NA,NA,NA,NA,NA,NA,NA,NA,NA,NA,NA,NA,NA,NA,NA,NA,NA,NA,NA,NA,NA,NA,NA,NA,NA,NA,NA,NA,NA,NA,NA,NA
Brazil,2021,COE,auction,NA,https://allianceforcoffeeexcellence.org/brazil-2021/,2,1a,NA,NA,NA,NA,90.5,success,NA,NA,NA,$66.00,"$26,190.78",NA,NA,NA,NA,NA,Dbarbosa Coffee – Fazenda Cachoeira,NA,NA,396.83,"회현카페 , 커피플랜트 (Coffeeplant)",NA,NA,NA,NA,NA,NA,NA,NA,NA,NA,NA,NA,NA,NA,NA,NA,NA,NA,NA,NA,NA,NA,NA,NA,NA,NA,NA,NA,NA,NA,NA,NA,NA,NA,NA,NA,NA,NA,NA,NA,NA,NA,NA,NA,NA,NA,NA,NA,NA,NA,NA,NA,NA,NA,NA,NA,NA,NA,NA,NA,NA,NA
Brazil,2021,COE,auction,NA,https://allianceforcoffeeexcellence.org/brazil-2021/,2,1b,NA,NA,NA,NA,90.5,success,NA,NA,NA,$61.00,"$24,206.63",NA,NA,NA,NA,NA,Dbarbosa Coffee – Fazenda Cachoeira,NA,NA,396.83,Brulerie du Quai & Orsir Coffee,NA,NA,NA,NA,NA,NA,NA,NA,NA,NA,NA,NA,NA,NA,NA,NA,NA,NA,NA,NA,NA,NA,NA,NA,NA,NA,NA,NA,NA,NA,NA,NA,NA,NA,NA,NA,NA,NA,NA,NA,NA,NA,NA,NA,NA,NA,NA,NA,NA,NA,NA,NA,NA,NA,NA,NA,NA,NA,NA,NA,NA,NA
Brazil,2021,COE,auction,NA,https://allianceforcoffeeexcellence.org/brazil-2021/,2,2a,NA,NA,NA,NA,90.14,success,NA,NA,NA,$25.10,"$9,960.43",NA,NA,NA,NA,NA,Fazenda Do I.P.,NA,NA,396.83,Japan Roasters’ Network,NA,NA,NA,NA,NA,NA,NA,NA,NA,NA,NA,NA,NA,NA,NA,NA,NA,NA,NA,NA,NA,NA,NA,NA,NA,NA,NA,NA,NA,NA,NA,NA,NA,NA,NA,NA,NA,NA,NA,NA,NA,NA,NA,NA,NA,NA,NA,NA,NA,NA,NA,NA,NA,NA,NA,NA,NA,NA,NA,NA,NA,NA
Brazil,2021,COE,auction,NA,https://allianceforcoffeeexcellence.org/brazil-2021/,2,2b,NA,NA,NA,NA,90.14,success,NA,NA,NA,$25.10,"$9,960.43",NA,NA,NA,NA,NA,Fazenda Do I.P.,NA,NA,396.83,"회현카페 , 커피플랜트 (Coffeeplant)",NA,NA,NA,NA,NA,NA,NA,NA,NA,NA,NA,NA,NA,NA,NA,NA,NA,NA,NA,NA,NA,NA,NA,NA,NA,NA,NA,NA,NA,NA,NA,NA,NA,NA,NA,NA,NA,NA,NA,NA,NA,NA,NA,NA,NA,NA,NA,NA,NA,NA,NA,NA,NA,NA,NA,NA,NA,NA,NA,NA,NA,NA
Brazil,2021,COE,auction,NA,https://allianceforcoffeeexcellence.org/brazil-2021/,2,3,NA,NA,NA,NA,89.43,success,NA,NA,NA,$42.40,"$29,445.10",NA,NA,NA,NA,NA,Sítio São Pedro,NA,NA,694.46,"Orsir Coffee Co., Ltd.",NA,NA,NA,NA,NA,NA,NA,NA,NA,NA,NA,NA,NA,NA,NA,NA,NA,NA,NA,NA,NA,NA,NA,NA,NA,NA,NA,NA,NA,NA,NA,NA,NA,NA,NA,NA,NA,NA,NA,NA,NA,NA,NA,NA,NA,NA,NA,NA,NA,NA,NA,NA,NA,NA,NA,NA,NA,NA,NA,NA,NA,NA
Brazil,2021,COE,auction,NA,https://allianceforcoffeeexcellence.org/brazil-2021/,2,4,NA,NA,NA,NA,89.18,success,NA,NA,NA,$13.50,"$10,714.55",NA,NA,NA,NA,NA,Fazenda Ressaca,NA,NA,793.67,Terarosa (Haksan Co. Ltd),NA,NA,NA,NA,NA,NA,NA,NA,NA,NA,NA,NA,NA,NA,NA,NA,NA,NA,NA,NA,NA,NA,NA,NA,NA,NA,NA,NA,NA,NA,NA,NA,NA,NA,NA,NA,NA,NA,NA,NA,NA,NA,NA,NA,NA,NA,NA,NA,NA,NA,NA,NA,NA,NA,NA,NA,NA,NA,NA,NA,NA,NA
Brazil,2021,COE,auction,NA,https://allianceforcoffeeexcellence.org/brazil-2021/,2,5,NA,NA,NA,NA,89.11,success,NA,NA,NA,$9.20,"$14,299.19",NA,NA,NA,NA,NA,Fazenda Sáo Benedito,NA,NA,1554.26,NOZY COFFEE,NA,NA,NA,NA,NA,NA,NA,NA,NA,NA,NA,NA,NA,NA,NA,NA,NA,NA,NA,NA,NA,NA,NA,NA,NA,NA,NA,NA,NA,NA,NA,NA,NA,NA,NA,NA,NA,NA,NA,NA,NA,NA,NA,NA,NA,NA,NA,NA,NA,NA,NA,NA,NA,NA,NA,NA,NA,NA,NA,NA,NA,NA
Brazil,2021,COE,auction,NA,https://allianceforcoffeeexcellence.org/brazil-2021/,2,6,NA,NA,NA,NA,89.07,success,NA,NA,NA,$12.25,"$8,507.14",NA,NA,NA,NA,NA,Chácara Vista Alegre,NA,NA,694.46,WAVY COFFEE ROASTERS,NA,NA,NA,NA,NA,NA,NA,NA,NA,NA,NA,NA,NA,NA,NA,NA,NA,NA,NA,NA,NA,NA,NA,NA,NA,NA,NA,NA,NA,NA,NA,NA,NA,NA,NA,NA,NA,NA,NA,NA,NA,NA,NA,NA,NA,NA,NA,NA,NA,NA,NA,NA,NA,NA,NA,NA,NA,NA,NA,NA,NA,NA
Brazil,2021,COE,auction,NA,https://allianceforcoffeeexcellence.org/brazil-2021/,2,7,NA,NA,NA,NA,88.93,success,NA,NA,NA,$9.70,"$12,510.19",NA,NA,NA,NA,NA,Fazenda Serra Do Boné,NA,NA,1289.71,Ecom Japan Limited,NA,NA,NA,NA,NA,NA,NA,NA,NA,NA,NA,NA,NA,NA,NA,NA,NA,NA,NA,NA,NA,NA,NA,NA,NA,NA,NA,NA,NA,NA,NA,NA,NA,NA,NA,NA,NA,NA,NA,NA,NA,NA,NA,NA,NA,NA,NA,NA,NA,NA,NA,NA,NA,NA,NA,NA,NA,NA,NA,NA,NA,NA
Brazil,2021,COE,auction,NA,https://allianceforcoffeeexcellence.org/brazil-2021/,2,8,NA,NA,NA,NA,88.89,success,NA,NA,NA,$8.60,"$5,972.36",NA,NA,NA,NA,NA,Fazenda Santo Antônio,NA,NA,694.46,"Wataru & Co., Ltd.",NA,NA,NA,NA,NA,NA,NA,NA,NA,NA,NA,NA,NA,NA,NA,NA,NA,NA,NA,NA,NA,NA,NA,NA,NA,NA,NA,NA,NA,NA,NA,NA,NA,NA,NA,NA,NA,NA,NA,NA,NA,NA,NA,NA,NA,NA,NA,NA,NA,NA,NA,NA,NA,NA,NA,NA,NA,NA,NA,NA,NA,NA
Brazil,2021,COE,auction,NA,https://allianceforcoffeeexcellence.org/brazil-2021/,2,9,NA,NA,NA,NA,88.68,success,NA,NA,NA,$9.10,"$6,620.52",NA,NA,NA,NA,NA,Sitio Jardim Das Oliveiras,NA,NA,727.53,Nagahama Coffee Inc.,NA,NA,NA,NA,NA,NA,NA,NA,NA,NA,NA,NA,NA,NA,NA,NA,NA,NA,NA,NA,NA,NA,NA,NA,NA,NA,NA,NA,NA,NA,NA,NA,NA,NA,NA,NA,NA,NA,NA,NA,NA,NA,NA,NA,NA,NA,NA,NA,NA,NA,NA,NA,NA,NA,NA,NA,NA,NA,NA,NA,NA,NA
Brazil,2021,COE,auction,NA,https://allianceforcoffeeexcellence.org/brazil-2021/,2,10,NA,NA,NA,NA,88.68,success,NA,NA,NA,$9.10,"$11,134.49",NA,NA,NA,NA,NA,Sítio Batista,NA,NA,1223.57,Campos Coffee,NA,NA,NA,NA,NA,NA,NA,NA,NA,NA,NA,NA,NA,NA,NA,NA,NA,NA,NA,NA,NA,NA,NA,NA,NA,NA,NA,NA,NA,NA,NA,NA,NA,NA,NA,NA,NA,NA,NA,NA,NA,NA,NA,NA,NA,NA,NA,NA,NA,NA,NA,NA,NA,NA,NA,NA,NA,NA,NA,NA,NA,NA
Brazil,2021,COE,auction,NA,https://allianceforcoffeeexcellence.org/brazil-2021/,2,11,NA,NA,NA,NA,88.17,success,NA,NA,NA,$12.25,"$8,507.14",NA,NA,NA,NA,NA,Fazenda Santa Alina,NA,NA,694.46,Nossa Familia Coffee,NA,NA,NA,NA,NA,NA,NA,NA,NA,NA,NA,NA,NA,NA,NA,NA,NA,NA,NA,NA,NA,NA,NA,NA,NA,NA,NA,NA,NA,NA,NA,NA,NA,NA,NA,NA,NA,NA,NA,NA,NA,NA,NA,NA,NA,NA,NA,NA,NA,NA,NA,NA,NA,NA,NA,NA,NA,NA,NA,NA,NA,NA
Brazil,2021,COE,auction,NA,https://allianceforcoffeeexcellence.org/brazil-2021/,2,12,NA,NA,NA,NA,88.17,success,NA,NA,NA,$15.10,"$11,984.42",NA,NA,NA,NA,NA,Fazenda Catanduva II,NA,NA,793.67,TAKAMURA COFFEE ROASTERS,NA,NA,NA,NA,NA,NA,NA,NA,NA,NA,NA,NA,NA,NA,NA,NA,NA,NA,NA,NA,NA,NA,NA,NA,NA,NA,NA,NA,NA,NA,NA,NA,NA,NA,NA,NA,NA,NA,NA,NA,NA,NA,NA,NA,NA,NA,NA,NA,NA,NA,NA,NA,NA,NA,NA,NA,NA,NA,NA,NA,NA,NA
Brazil,2021,COE,auction,NA,https://allianceforcoffeeexcellence.org/brazil-2021/,2,13,NA,NA,NA,NA,88.13,success,NA,NA,NA,$10.00,"$6,944.60",NA,NA,NA,NA,NA,Sítio Matinha,NA,NA,694.46,Mercanta Ltd & Times Club Japan,NA,NA,NA,NA,NA,NA,NA,NA,NA,NA,NA,NA,NA,NA,NA,NA,NA,NA,NA,NA,NA,NA,NA,NA,NA,NA,NA,NA,NA,NA,NA,NA,NA,NA,NA,NA,NA,NA,NA,NA,NA,NA,NA,NA,NA,NA,NA,NA,NA,NA,NA,NA,NA,NA,NA,NA,NA,NA,NA,NA,NA,NA
Brazil,2021,COE,auction,NA,https://allianceforcoffeeexcellence.org/brazil-2021/,2,14,NA,NA,NA,NA,88.1,success,NA,NA,NA,$8.60,"$6,541.16",NA,NA,NA,NA,NA,Sítio Monte Alegre,NA,NA,760.6,DABOV Specialty Coffee,NA,NA,NA,NA,NA,NA,NA,NA,NA,NA,NA,NA,NA,NA,NA,NA,NA,NA,NA,NA,NA,NA,NA,NA,NA,NA,NA,NA,NA,NA,NA,NA,NA,NA,NA,NA,NA,NA,NA,NA,NA,NA,NA,NA,NA,NA,NA,NA,NA,NA,NA,NA,NA,NA,NA,NA,NA,NA,NA,NA,NA,NA
Brazil,2021,COE,auction,NA,https://allianceforcoffeeexcellence.org/brazil-2021/,2,15,NA,NA,NA,NA,88.1,success,NA,NA,NA,$26.00,"$18,055.96",NA,NA,NA,NA,NA,Fazenda Recreio,NA,NA,694.46,KALDI COFFEE FARM,NA,NA,NA,NA,NA,NA,NA,NA,NA,NA,NA,NA,NA,NA,NA,NA,NA,NA,NA,NA,NA,NA,NA,NA,NA,NA,NA,NA,NA,NA,NA,NA,NA,NA,NA,NA,NA,NA,NA,NA,NA,NA,NA,NA,NA,NA,NA,NA,NA,NA,NA,NA,NA,NA,NA,NA,NA,NA,NA,NA,NA,NA
Brazil,2021,COE,auction,NA,https://allianceforcoffeeexcellence.org/brazil-2021/,2,16,NA,NA,NA,NA,87.87,success,NA,NA,NA,$11.00,"$7,639.06",NA,NA,NA,NA,NA,Vista Brigadeiro,NA,NA,694.46,NOZY COFFEE,NA,NA,NA,NA,NA,NA,NA,NA,NA,NA,NA,NA,NA,NA,NA,NA,NA,NA,NA,NA,NA,NA,NA,NA,NA,NA,NA,NA,NA,NA,NA,NA,NA,NA,NA,NA,NA,NA,NA,NA,NA,NA,NA,NA,NA,NA,NA,NA,NA,NA,NA,NA,NA,NA,NA,NA,NA,NA,NA,NA,NA,NA
Brazil,2021,COE,auction,NA,https://allianceforcoffeeexcellence.org/brazil-2021/,2,17,NA,NA,NA,NA,87.87,success,NA,NA,NA,$57.10,"$43,430.26",NA,NA,NA,NA,NA,Fazenda Cerca De Pedra São Benedito,NA,NA,760.6,Saza Coffee,NA,NA,NA,NA,NA,NA,NA,NA,NA,NA,NA,NA,NA,NA,NA,NA,NA,NA,NA,NA,NA,NA,NA,NA,NA,NA,NA,NA,NA,NA,NA,NA,NA,NA,NA,NA,NA,NA,NA,NA,NA,NA,NA,NA,NA,NA,NA,NA,NA,NA,NA,NA,NA,NA,NA,NA,NA,NA,NA,NA,NA,NA
Brazil,2021,COE,auction,NA,https://allianceforcoffeeexcellence.org/brazil-2021/,2,18,NA,NA,NA,NA,87.83,success,NA,NA,NA,$8.80,"$6,984.30",NA,NA,NA,NA,NA,Fazenda Campo Alegre,NA,NA,793.67,Kyokuto Fadie Corporation,NA,NA,NA,NA,NA,NA,NA,NA,NA,NA,NA,NA,NA,NA,NA,NA,NA,NA,NA,NA,NA,NA,NA,NA,NA,NA,NA,NA,NA,NA,NA,NA,NA,NA,NA,NA,NA,NA,NA,NA,NA,NA,NA,NA,NA,NA,NA,NA,NA,NA,NA,NA,NA,NA,NA,NA,NA,NA,NA,NA,NA,NA
Brazil,2021,COE,auction,NA,https://allianceforcoffeeexcellence.org/brazil-2021/,2,19,NA,NA,NA,NA,87.83,success,NA,NA,NA,$8.70,"$7,192.55",NA,NA,NA,NA,NA,Sitio Rochedo,NA,NA,826.73,"Wataru & Co., Ltd.",NA,NA,NA,NA,NA,NA,NA,NA,NA,NA,NA,NA,NA,NA,NA,NA,NA,NA,NA,NA,NA,NA,NA,NA,NA,NA,NA,NA,NA,NA,NA,NA,NA,NA,NA,NA,NA,NA,NA,NA,NA,NA,NA,NA,NA,NA,NA,NA,NA,NA,NA,NA,NA,NA,NA,NA,NA,NA,NA,NA,NA,NA
Brazil,2021,COE,auction,NA,https://allianceforcoffeeexcellence.org/brazil-2021/,2,20,NA,NA,NA,NA,87.83,success,NA,NA,NA,$8.60,"$6,541.16",NA,NA,NA,NA,NA,Fazenda Pedro Rodrigues,NA,NA,760.6,Honu Kato Coffee Inc.,NA,NA,NA,NA,NA,NA,NA,NA,NA,NA,NA,NA,NA,NA,NA,NA,NA,NA,NA,NA,NA,NA,NA,NA,NA,NA,NA,NA,NA,NA,NA,NA,NA,NA,NA,NA,NA,NA,NA,NA,NA,NA,NA,NA,NA,NA,NA,NA,NA,NA,NA,NA,NA,NA,NA,NA,NA,NA,NA,NA,NA,NA
Brazil,2021,COE,auction,NA,https://allianceforcoffeeexcellence.org/brazil-2021/,2,21,NA,NA,NA,NA,87.8,success,NA,NA,NA,$8.50,"$10,962.54",NA,NA,NA,NA,NA,Sítio Mutuca,NA,NA,1289.71,"Linking Coffee Co., Ltd.",NA,NA,NA,NA,NA,NA,NA,NA,NA,NA,NA,NA,NA,NA,NA,NA,NA,NA,NA,NA,NA,NA,NA,NA,NA,NA,NA,NA,NA,NA,NA,NA,NA,NA,NA,NA,NA,NA,NA,NA,NA,NA,NA,NA,NA,NA,NA,NA,NA,NA,NA,NA,NA,NA,NA,NA,NA,NA,NA,NA,NA,NA
Brazil,2021,COE,auction,NA,https://allianceforcoffeeexcellence.org/brazil-2021/,2,22,NA,NA,NA,NA,87.67,success,NA,NA,NA,$8.60,"$13,366.64",NA,NA,NA,NA,NA,Fazenda Pedra Preta,NA,NA,1554.26,"Wataru & Co., Ltd.",NA,NA,NA,NA,NA,NA,NA,NA,NA,NA,NA,NA,NA,NA,NA,NA,NA,NA,NA,NA,NA,NA,NA,NA,NA,NA,NA,NA,NA,NA,NA,NA,NA,NA,NA,NA,NA,NA,NA,NA,NA,NA,NA,NA,NA,NA,NA,NA,NA,NA,NA,NA,NA,NA,NA,NA,NA,NA,NA,NA,NA,NA
Brazil,2021,COE,auction,NA,https://allianceforcoffeeexcellence.org/brazil-2021/,2,23,NA,NA,NA,NA,87.47,success,NA,NA,NA,$18.60,"$14,762.26",NA,NA,NA,NA,NA,Fazenda Rainha,NA,NA,793.67,KALDI COFFEE FARM,NA,NA,NA,NA,NA,NA,NA,NA,NA,NA,NA,NA,NA,NA,NA,NA,NA,NA,NA,NA,NA,NA,NA,NA,NA,NA,NA,NA,NA,NA,NA,NA,NA,NA,NA,NA,NA,NA,NA,NA,NA,NA,NA,NA,NA,NA,NA,NA,NA,NA,NA,NA,NA,NA,NA,NA,NA,NA,NA,NA,NA,NA
Brazil,2021,COE,auction,NA,https://allianceforcoffeeexcellence.org/brazil-2021/,2,24,NA,NA,NA,NA,87.4,success,NA,NA,NA,$8.50,"$7,027.21",NA,NA,NA,NA,NA,Sítio Da Serra,NA,NA,826.73,GLITCH COFFEE & ROASTERS,NA,NA,NA,NA,NA,NA,NA,NA,NA,NA,NA,NA,NA,NA,NA,NA,NA,NA,NA,NA,NA,NA,NA,NA,NA,NA,NA,NA,NA,NA,NA,NA,NA,NA,NA,NA,NA,NA,NA,NA,NA,NA,NA,NA,NA,NA,NA,NA,NA,NA,NA,NA,NA,NA,NA,NA,NA,NA,NA,NA,NA,NA
Brazil,2021,COE,auction,NA,https://allianceforcoffeeexcellence.org/brazil-2021/,2,25,NA,NA,NA,NA,87.33,success,NA,NA,NA,$8.50,"$5,621.82",NA,NA,NA,NA,NA,Sitio São João,NA,NA,661.39,Wataru for Voila Coffee,NA,NA,NA,NA,NA,NA,NA,NA,NA,NA,NA,NA,NA,NA,NA,NA,NA,NA,NA,NA,NA,NA,NA,NA,NA,NA,NA,NA,NA,NA,NA,NA,NA,NA,NA,NA,NA,NA,NA,NA,NA,NA,NA,NA,NA,NA,NA,NA,NA,NA,NA,NA,NA,NA,NA,NA,NA,NA,NA,NA,NA,NA
Brazil,2021,COE,auction,NA,https://allianceforcoffeeexcellence.org/brazil-2021/,2,26,NA,NA,NA,NA,87.33,success,NA,NA,NA,$9.20,"$7,301.76",NA,NA,NA,NA,NA,Sítio Rancho Dantas,NA,NA,793.67,"Linking Coffee Co., Ltd.",NA,NA,NA,NA,NA,NA,NA,NA,NA,NA,NA,NA,NA,NA,NA,NA,NA,NA,NA,NA,NA,NA,NA,NA,NA,NA,NA,NA,NA,NA,NA,NA,NA,NA,NA,NA,NA,NA,NA,NA,NA,NA,NA,NA,NA,NA,NA,NA,NA,NA,NA,NA,NA,NA,NA,NA,NA,NA,NA,NA,NA,NA
Brazil,2021,COE,auction,NA,https://allianceforcoffeeexcellence.org/brazil-2021/,2,27,NA,NA,NA,NA,87.3,success,NA,NA,NA,$9.20,"$7,301.76",NA,NA,NA,NA,NA,Fazenda Irmãs Pereira,NA,NA,793.67,"Linking Coffee Co., Ltd.",NA,NA,NA,NA,NA,NA,NA,NA,NA,NA,NA,NA,NA,NA,NA,NA,NA,NA,NA,NA,NA,NA,NA,NA,NA,NA,NA,NA,NA,NA,NA,NA,NA,NA,NA,NA,NA,NA,NA,NA,NA,NA,NA,NA,NA,NA,NA,NA,NA,NA,NA,NA,NA,NA,NA,NA,NA,NA,NA,NA,NA,NA
Brazil,2021,COE,auction,NA,https://allianceforcoffeeexcellence.org/brazil-2021/,2,28,NA,NA,NA,NA,87.17,success,NA,NA,NA,$8.20,"$8,677.40",NA,NA,NA,NA,NA,Sitio Santa Barbara,NA,NA,1058.22,"Wataru & Co., Ltd.",NA,NA,NA,NA,NA,NA,NA,NA,NA,NA,NA,NA,NA,NA,NA,NA,NA,NA,NA,NA,NA,NA,NA,NA,NA,NA,NA,NA,NA,NA,NA,NA,NA,NA,NA,NA,NA,NA,NA,NA,NA,NA,NA,NA,NA,NA,NA,NA,NA,NA,NA,NA,NA,NA,NA,NA,NA,NA,NA,NA,NA,NA
Brazil,2021,COE,auction,NA,https://allianceforcoffeeexcellence.org/brazil-2021/,2,29,NA,NA,NA,NA,87.1,success,NA,NA,NA,$8.10,"$5,892.99",NA,NA,NA,NA,NA,Fazenda Ponte Alta,NA,NA,727.53,"Wataru & Co., Ltd.",NA,NA,NA,NA,NA,NA,NA,NA,NA,NA,NA,NA,NA,NA,NA,NA,NA,NA,NA,NA,NA,NA,NA,NA,NA,NA,NA,NA,NA,NA,NA,NA,NA,NA,NA,NA,NA,NA,NA,NA,NA,NA,NA,NA,NA,NA,NA,NA,NA,NA,NA,NA,NA,NA,NA,NA,NA,NA,NA,NA,NA,NA
Brazil,2021,COE,auction,NA,https://allianceforcoffeeexcellence.org/brazil-2021/,2,Totals:,NA,NA,NA,NA,,success,NA,NA,NA,$14.83/lb,"$374,256.80",NA,NA,NA,NA,NA,,NA,NA,25232,,NA,NA,NA,NA,NA,NA,NA,NA,NA,NA,NA,NA,NA,NA,NA,NA,NA,NA,NA,NA,NA,NA,NA,NA,NA,NA,NA,NA,NA,NA,NA,NA,NA,NA,NA,NA,NA,NA,NA,NA,NA,NA,NA,NA,NA,NA,NA,NA,NA,NA,NA,NA,NA,NA,NA,NA,NA,NA,NA,NA,NA,NA
Brazil,2021,NW,auction,NA,https://allianceforcoffeeexcellence.org/brazil-2021/,4,NW,NA,NA,NA,NA,86.97,success,NA,NA,NA,$4.50,"$4,910.81",NA,NA,NA,NA,NA,Sítio Serra Azul,NA,NA,1091.29,"cafe DAZAC, Eungubiro Roasters, Crema Costa",NA,NA,NA,NA,NA,NA,NA,NA,NA,NA,NA,NA,NA,NA,NA,NA,NA,NA,NA,NA,NA,NA,NA,NA,NA,NA,NA,NA,NA,NA,NA,NA,NA,NA,NA,NA,NA,NA,NA,NA,NA,NA,NA,NA,NA,NA,NA,NA,NA,NA,NA,NA,NA,NA,NA,NA,NA,NA,NA,NA,NA,NA
Brazil,2021,NW,auction,NA,https://allianceforcoffeeexcellence.org/brazil-2021/,4,NW,NA,NA,NA,NA,86.83,success,NA,NA,NA,$5.10,"$4,890.95",NA,NA,NA,NA,NA,Fazenda Criciuma,NA,NA,959.01,"cafe DAZAC, Eungubiro Roasters, Crema Costa",NA,NA,NA,NA,NA,NA,NA,NA,NA,NA,NA,NA,NA,NA,NA,NA,NA,NA,NA,NA,NA,NA,NA,NA,NA,NA,NA,NA,NA,NA,NA,NA,NA,NA,NA,NA,NA,NA,NA,NA,NA,NA,NA,NA,NA,NA,NA,NA,NA,NA,NA,NA,NA,NA,NA,NA,NA,NA,NA,NA,NA,NA
Brazil,2021,NW,auction,NA,https://allianceforcoffeeexcellence.org/brazil-2021/,4,NW,NA,NA,NA,NA,86.53,success,NA,NA,NA,$4.60,"$4,107.20",NA,NA,NA,NA,NA,Chácara São Severino,NA,NA,892.87,tovstudio,NA,NA,NA,NA,NA,NA,NA,NA,NA,NA,NA,NA,NA,NA,NA,NA,NA,NA,NA,NA,NA,NA,NA,NA,NA,NA,NA,NA,NA,NA,NA,NA,NA,NA,NA,NA,NA,NA,NA,NA,NA,NA,NA,NA,NA,NA,NA,NA,NA,NA,NA,NA,NA,NA,NA,NA,NA,NA,NA,NA,NA,NA
Brazil,2021,NW,auction,NA,https://allianceforcoffeeexcellence.org/brazil-2021/,4,NW,NA,NA,NA,NA,Totals:,success,NA,NA,NA,$4.73/lb,"$13,908.96",NA,NA,NA,NA,NA,,NA,NA,2943.17,,NA,NA,NA,NA,NA,NA,NA,NA,NA,NA,NA,NA,NA,NA,NA,NA,NA,NA,NA,NA,NA,NA,NA,NA,NA,NA,NA,NA,NA,NA,NA,NA,NA,NA,NA,NA,NA,NA,NA,NA,NA,NA,NA,NA,NA,NA,NA,NA,NA,NA,NA,NA,NA,NA,NA,NA,NA,NA,NA,NA,NA,NA
Brazil,2022,COE,auction,NA,https://allianceforcoffeeexcellence.org/brazil-2022/,2,1a,NA,NA,NA,NA,91.41,success,NA,NA,NA,NA,"$19,907.71",NA,NA,NA,NA,NA,NA,NA,NA,462.97,NA,Fazenda Tijuco,$43.00,Caffè Pascucci Torrefazione S.p.A.,Italy,NA,NA,NA,NA,NA,NA,NA,NA,NA,NA,NA,NA,NA,NA,NA,NA,NA,NA,NA,NA,NA,NA,NA,NA,NA,NA,NA,NA,NA,NA,NA,NA,NA,NA,NA,NA,NA,NA,NA,NA,NA,NA,NA,NA,NA,NA,NA,NA,NA,NA,NA,NA,NA,NA,NA,NA,NA,NA
Brazil,2022,COE,auction,NA,https://allianceforcoffeeexcellence.org/brazil-2022/,2,1b,NA,NA,NA,NA,91.41,success,NA,NA,NA,NA,"$19,861.41",NA,NA,NA,NA,NA,NA,NA,NA,462.97,NA,Fazenda Tijuco,$42.90,"KALDI COFFEE FARM (CAMEL COFFEE CO.,LTD.)",Japan,NA,NA,NA,NA,NA,NA,NA,NA,NA,NA,NA,NA,NA,NA,NA,NA,NA,NA,NA,NA,NA,NA,NA,NA,NA,NA,NA,NA,NA,NA,NA,NA,NA,NA,NA,NA,NA,NA,NA,NA,NA,NA,NA,NA,NA,NA,NA,NA,NA,NA,NA,NA,NA,NA,NA,NA,NA,NA
Brazil,2022,COE,auction,NA,https://allianceforcoffeeexcellence.org/brazil-2022/,2,2a,NA,NA,NA,NA,90.59,success,NA,NA,NA,NA,"$11,276.56",NA,NA,NA,NA,NA,NA,NA,NA,363.76,NA,Sitio Bonilha,$31.00,Kyokuto Fadie Corporation,Japan,NA,NA,NA,NA,NA,NA,NA,NA,NA,NA,NA,NA,NA,NA,NA,NA,NA,NA,NA,NA,NA,NA,NA,NA,NA,NA,NA,NA,NA,NA,NA,NA,NA,NA,NA,NA,NA,NA,NA,NA,NA,NA,NA,NA,NA,NA,NA,NA,NA,NA,NA,NA,NA,NA,NA,NA,NA,NA
Brazil,2022,COE,auction,NA,https://allianceforcoffeeexcellence.org/brazil-2022/,2,2b,NA,NA,NA,NA,90.59,success,NA,NA,NA,NA,"$11,058.30",NA,NA,NA,NA,NA,NA,NA,NA,363.76,NA,Sitio Bonilha,$30.40,TAKAMURA COFFEE ROASTERS by MARUKAI,Japan,NA,NA,NA,NA,NA,NA,NA,NA,NA,NA,NA,NA,NA,NA,NA,NA,NA,NA,NA,NA,NA,NA,NA,NA,NA,NA,NA,NA,NA,NA,NA,NA,NA,NA,NA,NA,NA,NA,NA,NA,NA,NA,NA,NA,NA,NA,NA,NA,NA,NA,NA,NA,NA,NA,NA,NA,NA,NA
Brazil,2022,COE,auction,NA,https://allianceforcoffeeexcellence.org/brazil-2022/,2,3a,NA,NA,NA,NA,90.53,success,NA,NA,NA,NA,"$6,230.23",NA,NA,NA,NA,NA,NA,NA,NA,396.83,NA,FAZENDA RECANTO,$15.70,NOZY COFFEE,Japan,NA,NA,NA,NA,NA,NA,NA,NA,NA,NA,NA,NA,NA,NA,NA,NA,NA,NA,NA,NA,NA,NA,NA,NA,NA,NA,NA,NA,NA,NA,NA,NA,NA,NA,NA,NA,NA,NA,NA,NA,NA,NA,NA,NA,NA,NA,NA,NA,NA,NA,NA,NA,NA,NA,NA,NA,NA,NA
Brazil,2022,COE,auction,NA,https://allianceforcoffeeexcellence.org/brazil-2022/,2,3b,NA,NA,NA,NA,90.53,success,NA,NA,NA,NA,"$6,269.91",NA,NA,NA,NA,NA,NA,NA,NA,396.83,NA,FAZENDA RECANTO,$15.80,Wataru for GOLPIE COFFEE,Japan,NA,NA,NA,NA,NA,NA,NA,NA,NA,NA,NA,NA,NA,NA,NA,NA,NA,NA,NA,NA,NA,NA,NA,NA,NA,NA,NA,NA,NA,NA,NA,NA,NA,NA,NA,NA,NA,NA,NA,NA,NA,NA,NA,NA,NA,NA,NA,NA,NA,NA,NA,NA,NA,NA,NA,NA,NA,NA
Brazil,2022,COE,auction,NA,https://allianceforcoffeeexcellence.org/brazil-2022/,2,4,NA,NA,NA,NA,90.47,success,NA,NA,NA,NA,"$14,110.72",NA,NA,NA,NA,NA,NA,NA,NA,562.18,NA,Fazenda Recreio,$25.10,"KALDI COFFEE FARM (CAMEL COFFEE CO.,LTD.)",Japan,NA,NA,NA,NA,NA,NA,NA,NA,NA,NA,NA,NA,NA,NA,NA,NA,NA,NA,NA,NA,NA,NA,NA,NA,NA,NA,NA,NA,NA,NA,NA,NA,NA,NA,NA,NA,NA,NA,NA,NA,NA,NA,NA,NA,NA,NA,NA,NA,NA,NA,NA,NA,NA,NA,NA,NA,NA,NA
Brazil,2022,COE,auction,NA,https://allianceforcoffeeexcellence.org/brazil-2022/,2,5,NA,NA,NA,NA,90.41,success,NA,NA,NA,NA,"$29,100.80",NA,NA,NA,NA,NA,NA,NA,NA,727.52,NA,CASA BRÁS,$40.00,taf coffee,Greece,NA,NA,NA,NA,NA,NA,NA,NA,NA,NA,NA,NA,NA,NA,NA,NA,NA,NA,NA,NA,NA,NA,NA,NA,NA,NA,NA,NA,NA,NA,NA,NA,NA,NA,NA,NA,NA,NA,NA,NA,NA,NA,NA,NA,NA,NA,NA,NA,NA,NA,NA,NA,NA,NA,NA,NA,NA,NA
Brazil,2022,COE,auction,NA,https://allianceforcoffeeexcellence.org/brazil-2022/,2,6,NA,NA,NA,NA,89.31,success,NA,NA,NA,NA,"$6,236.84",NA,NA,NA,NA,NA,NA,NA,NA,760.59,NA,Fazenda Gerais,$8.20,TASHIRO COFFEE,Japan,NA,NA,NA,NA,NA,NA,NA,NA,NA,NA,NA,NA,NA,NA,NA,NA,NA,NA,NA,NA,NA,NA,NA,NA,NA,NA,NA,NA,NA,NA,NA,NA,NA,NA,NA,NA,NA,NA,NA,NA,NA,NA,NA,NA,NA,NA,NA,NA,NA,NA,NA,NA,NA,NA,NA,NA,NA,NA
Brazil,2022,COE,auction,NA,https://allianceforcoffeeexcellence.org/brazil-2022/,2,7,NA,NA,NA,NA,89.16,success,NA,NA,NA,NA,"$9,523.92",NA,NA,NA,NA,NA,NA,NA,NA,793.66,NA,FAZENDA DIVINO ESPÍRITO SANTO,$12.00,terarosa,South Korea,NA,NA,NA,NA,NA,NA,NA,NA,NA,NA,NA,NA,NA,NA,NA,NA,NA,NA,NA,NA,NA,NA,NA,NA,NA,NA,NA,NA,NA,NA,NA,NA,NA,NA,NA,NA,NA,NA,NA,NA,NA,NA,NA,NA,NA,NA,NA,NA,NA,NA,NA,NA,NA,NA,NA,NA,NA,NA
Brazil,2022,COE,auction,NA,https://allianceforcoffeeexcellence.org/brazil-2022/,2,8,NA,NA,NA,NA,88.75,success,NA,NA,NA,NA,"$6,944.53",NA,NA,NA,NA,NA,NA,NA,NA,793.66,NA,FAZENDA CLAUDIO,$8.75,GLITCH COFFEE & ROASTERS And WAVY COFFEE ROASTERS by MARUKAI,Japan,NA,NA,NA,NA,NA,NA,NA,NA,NA,NA,NA,NA,NA,NA,NA,NA,NA,NA,NA,NA,NA,NA,NA,NA,NA,NA,NA,NA,NA,NA,NA,NA,NA,NA,NA,NA,NA,NA,NA,NA,NA,NA,NA,NA,NA,NA,NA,NA,NA,NA,NA,NA,NA,NA,NA,NA,NA,NA
Brazil,2022,COE,auction,NA,https://allianceforcoffeeexcellence.org/brazil-2022/,2,9,NA,NA,NA,NA,88.38,success,NA,NA,NA,NA,"$5,873.08",NA,NA,NA,NA,NA,NA,NA,NA,793.66,NA,Sítio São Sebastião,$7.40,NOZY COFFEE,Japan,NA,NA,NA,NA,NA,NA,NA,NA,NA,NA,NA,NA,NA,NA,NA,NA,NA,NA,NA,NA,NA,NA,NA,NA,NA,NA,NA,NA,NA,NA,NA,NA,NA,NA,NA,NA,NA,NA,NA,NA,NA,NA,NA,NA,NA,NA,NA,NA,NA,NA,NA,NA,NA,NA,NA,NA,NA,NA
Brazil,2022,COE,auction,NA,https://allianceforcoffeeexcellence.org/brazil-2022/,2,10,NA,NA,NA,NA,88.06,success,NA,NA,NA,NA,"$5,714.35",NA,NA,NA,NA,NA,NA,NA,NA,793.66,NA,Sitio Entre Vales,$7.20,Honu Kato Coffee,Japan,NA,NA,NA,NA,NA,NA,NA,NA,NA,NA,NA,NA,NA,NA,NA,NA,NA,NA,NA,NA,NA,NA,NA,NA,NA,NA,NA,NA,NA,NA,NA,NA,NA,NA,NA,NA,NA,NA,NA,NA,NA,NA,NA,NA,NA,NA,NA,NA,NA,NA,NA,NA,NA,NA,NA,NA,NA,NA
Brazil,2022,COE,auction,NA,https://allianceforcoffeeexcellence.org/brazil-2022/,2,11,NA,NA,NA,NA,87.84,success,NA,NA,NA,NA,"$5,873.08",NA,NA,NA,NA,NA,NA,NA,NA,793.66,NA,SÍTIO DA CHAPADA,$7.40,Honu Kato Coffee,Japan,NA,NA,NA,NA,NA,NA,NA,NA,NA,NA,NA,NA,NA,NA,NA,NA,NA,NA,NA,NA,NA,NA,NA,NA,NA,NA,NA,NA,NA,NA,NA,NA,NA,NA,NA,NA,NA,NA,NA,NA,NA,NA,NA,NA,NA,NA,NA,NA,NA,NA,NA,NA,NA,NA,NA,NA,NA,NA
Brazil,2022,COE,auction,NA,https://allianceforcoffeeexcellence.org/brazil-2022/,2,12,NA,NA,NA,NA,87.84,success,NA,NA,NA,NA,"$5,714.35",NA,NA,NA,NA,NA,NA,NA,NA,793.66,NA,SÍTIO SÃO PEDRO,$7.20,"GSC International Co., Ltd",South Korea,NA,NA,NA,NA,NA,NA,NA,NA,NA,NA,NA,NA,NA,NA,NA,NA,NA,NA,NA,NA,NA,NA,NA,NA,NA,NA,NA,NA,NA,NA,NA,NA,NA,NA,NA,NA,NA,NA,NA,NA,NA,NA,NA,NA,NA,NA,NA,NA,NA,NA,NA,NA,NA,NA,NA,NA,NA,NA
Brazil,2022,COE,auction,NA,https://allianceforcoffeeexcellence.org/brazil-2022/,2,13,NA,NA,NA,NA,87.81,success,NA,NA,NA,NA,"$6,339.38",NA,NA,NA,NA,NA,NA,NA,NA,892.87,NA,DRALZIO FERREIRA DE SANTANA,$7.10,TASHIRO COFFEE,Japan,NA,NA,NA,NA,NA,NA,NA,NA,NA,NA,NA,NA,NA,NA,NA,NA,NA,NA,NA,NA,NA,NA,NA,NA,NA,NA,NA,NA,NA,NA,NA,NA,NA,NA,NA,NA,NA,NA,NA,NA,NA,NA,NA,NA,NA,NA,NA,NA,NA,NA,NA,NA,NA,NA,NA,NA,NA,NA
Brazil,2022,COE,auction,NA,https://allianceforcoffeeexcellence.org/brazil-2022/,2,14,NA,NA,NA,NA,87.75,success,NA,NA,NA,NA,"$5,820.16",NA,NA,NA,NA,NA,NA,NA,NA,727.52,NA,Fazenda Santa Inês,$8.00,Volcanica Coffee,United States,NA,NA,NA,NA,NA,NA,NA,NA,NA,NA,NA,NA,NA,NA,NA,NA,NA,NA,NA,NA,NA,NA,NA,NA,NA,NA,NA,NA,NA,NA,NA,NA,NA,NA,NA,NA,NA,NA,NA,NA,NA,NA,NA,NA,NA,NA,NA,NA,NA,NA,NA,NA,NA,NA,NA,NA,NA,NA
Brazil,2022,COE,auction,NA,https://allianceforcoffeeexcellence.org/brazil-2022/,2,15,NA,NA,NA,NA,87.72,success,NA,NA,NA,NA,"$10,724.39",NA,NA,NA,NA,NA,NA,NA,NA,1554.26,NA,Córrego Seco,$6.90,"Wataru & Co., Ltd.",Japan,NA,NA,NA,NA,NA,NA,NA,NA,NA,NA,NA,NA,NA,NA,NA,NA,NA,NA,NA,NA,NA,NA,NA,NA,NA,NA,NA,NA,NA,NA,NA,NA,NA,NA,NA,NA,NA,NA,NA,NA,NA,NA,NA,NA,NA,NA,NA,NA,NA,NA,NA,NA,NA,NA,NA,NA,NA,NA
Brazil,2022,COE,auction,NA,https://allianceforcoffeeexcellence.org/brazil-2022/,2,16,NA,NA,NA,NA,87.63,success,NA,NA,NA,NA,"$6,296.39",NA,NA,NA,NA,NA,NA,NA,NA,925.94,NA,Fazenda Capão,$6.80,NAGAHAMA COFFEE Inc.,Japan,NA,NA,NA,NA,NA,NA,NA,NA,NA,NA,NA,NA,NA,NA,NA,NA,NA,NA,NA,NA,NA,NA,NA,NA,NA,NA,NA,NA,NA,NA,NA,NA,NA,NA,NA,NA,NA,NA,NA,NA,NA,NA,NA,NA,NA,NA,NA,NA,NA,NA,NA,NA,NA,NA,NA,NA,NA,NA
Brazil,2022,COE,auction,NA,https://allianceforcoffeeexcellence.org/brazil-2022/,2,17,NA,NA,NA,NA,87.63,success,NA,NA,NA,NA,"$5,714.35",NA,NA,NA,NA,NA,NA,NA,NA,793.66,NA,Sítio São Judas Tadeu,$7.20,"Wataru & Co., Ltd.",Japan,NA,NA,NA,NA,NA,NA,NA,NA,NA,NA,NA,NA,NA,NA,NA,NA,NA,NA,NA,NA,NA,NA,NA,NA,NA,NA,NA,NA,NA,NA,NA,NA,NA,NA,NA,NA,NA,NA,NA,NA,NA,NA,NA,NA,NA,NA,NA,NA,NA,NA,NA,NA,NA,NA,NA,NA,NA,NA
Brazil,2022,COE,auction,NA,https://allianceforcoffeeexcellence.org/brazil-2022/,2,18,NA,NA,NA,NA,87.47,success,NA,NA,NA,NA,"$4,553.66",NA,NA,NA,NA,NA,NA,NA,NA,562.18,NA,Terracota Specialty Coffee,$8.10,Little City Coffee Roasters,United States,NA,NA,NA,NA,NA,NA,NA,NA,NA,NA,NA,NA,NA,NA,NA,NA,NA,NA,NA,NA,NA,NA,NA,NA,NA,NA,NA,NA,NA,NA,NA,NA,NA,NA,NA,NA,NA,NA,NA,NA,NA,NA,NA,NA,NA,NA,NA,NA,NA,NA,NA,NA,NA,NA,NA,NA,NA,NA
Brazil,2022,COE,auction,NA,https://allianceforcoffeeexcellence.org/brazil-2022/,2,19,NA,NA,NA,NA,87.47,success,NA,NA,NA,NA,"$7,023.89",NA,NA,NA,NA,NA,NA,NA,NA,793.66,NA,FAZENDA CHAPADÃO,$8.85,Studio Caffeine,Hong Kong,NA,NA,NA,NA,NA,NA,NA,NA,NA,NA,NA,NA,NA,NA,NA,NA,NA,NA,NA,NA,NA,NA,NA,NA,NA,NA,NA,NA,NA,NA,NA,NA,NA,NA,NA,NA,NA,NA,NA,NA,NA,NA,NA,NA,NA,NA,NA,NA,NA,NA,NA,NA,NA,NA,NA,NA,NA,NA
Brazil,2022,COE,auction,NA,https://allianceforcoffeeexcellence.org/brazil-2022/,2,20,NA,NA,NA,NA,87.19,success,NA,NA,NA,NA,"$5,714.35",NA,NA,NA,NA,NA,NA,NA,NA,793.66,NA,Fazenda Cerca de Pedras São Benedito,$7.20,Wataru for Voila Coffee,Japan,NA,NA,NA,NA,NA,NA,NA,NA,NA,NA,NA,NA,NA,NA,NA,NA,NA,NA,NA,NA,NA,NA,NA,NA,NA,NA,NA,NA,NA,NA,NA,NA,NA,NA,NA,NA,NA,NA,NA,NA,NA,NA,NA,NA,NA,NA,NA,NA,NA,NA,NA,NA,NA,NA,NA,NA,NA,NA
Brazil,2022,COE,auction,NA,https://allianceforcoffeeexcellence.org/brazil-2022/,2,21,NA,NA,NA,NA,87.16,success,NA,NA,NA,NA,"$5,396.89",NA,NA,NA,NA,NA,NA,NA,NA,793.66,NA,Fazenda Baixadão,$6.80,"Wataru & Co., Ltd.",Japan,NA,NA,NA,NA,NA,NA,NA,NA,NA,NA,NA,NA,NA,NA,NA,NA,NA,NA,NA,NA,NA,NA,NA,NA,NA,NA,NA,NA,NA,NA,NA,NA,NA,NA,NA,NA,NA,NA,NA,NA,NA,NA,NA,NA,NA,NA,NA,NA,NA,NA,NA,NA,NA,NA,NA,NA,NA,NA
Brazil,2022,COE,auction,NA,https://allianceforcoffeeexcellence.org/brazil-2022/,2,22,NA,NA,NA,NA,87.13,success,NA,NA,NA,NA,"$5,317.52",NA,NA,NA,NA,NA,NA,NA,NA,793.66,NA,Paraiso – Andrade Bros,$6.70,"Wataru & Co., Ltd.",Japan,NA,NA,NA,NA,NA,NA,NA,NA,NA,NA,NA,NA,NA,NA,NA,NA,NA,NA,NA,NA,NA,NA,NA,NA,NA,NA,NA,NA,NA,NA,NA,NA,NA,NA,NA,NA,NA,NA,NA,NA,NA,NA,NA,NA,NA,NA,NA,NA,NA,NA,NA,NA,NA,NA,NA,NA,NA,NA
Brazil,2022,COE,auction,NA,https://allianceforcoffeeexcellence.org/brazil-2022/,2,23,NA,NA,NA,NA,87.09,success,NA,NA,NA,NA,"$5,383.65",NA,NA,NA,NA,NA,NA,NA,NA,727.52,NA,SÍTIO GUIOMAR,$7.40,"MUSEO Co., Ltd. // 포비아워스 로스터리 // liike coffee  // huelgo // MC company // 커피화 로스터스",South Korea,NA,NA,NA,NA,NA,NA,NA,NA,NA,NA,NA,NA,NA,NA,NA,NA,NA,NA,NA,NA,NA,NA,NA,NA,NA,NA,NA,NA,NA,NA,NA,NA,NA,NA,NA,NA,NA,NA,NA,NA,NA,NA,NA,NA,NA,NA,NA,NA,NA,NA,NA,NA,NA,NA,NA,NA,NA,NA
Brazil,2022,COE,auction,NA,https://allianceforcoffeeexcellence.org/brazil-2022/,2,24,NA,NA,NA,NA,87.09,success,NA,NA,NA,NA,"$6,765.99",NA,NA,NA,NA,NA,NA,NA,NA,1025.15,NA,Fazenda Ouro Verde,$6.60,NOZY COFFEE,Japan,NA,NA,NA,NA,NA,NA,NA,NA,NA,NA,NA,NA,NA,NA,NA,NA,NA,NA,NA,NA,NA,NA,NA,NA,NA,NA,NA,NA,NA,NA,NA,NA,NA,NA,NA,NA,NA,NA,NA,NA,NA,NA,NA,NA,NA,NA,NA,NA,NA,NA,NA,NA,NA,NA,NA,NA,NA,NA
Brazil,2022,COE,auction,NA,https://allianceforcoffeeexcellence.org/brazil-2022/,2,Totals:,NA,NA,NA,NA,,success,NA,NA,NA,NA,"Total Auction Value
$238,746.41",NA,NA,NA,NA,NA,NA,NA,NA,19643,NA,Totals:,"Auction Average $/Lb
$14.43",,,NA,NA,NA,NA,NA,NA,NA,NA,NA,NA,NA,NA,NA,NA,NA,NA,NA,NA,NA,NA,NA,NA,NA,NA,NA,NA,NA,NA,NA,NA,NA,NA,NA,NA,NA,NA,NA,NA,NA,NA,NA,NA,NA,NA,NA,NA,NA,NA,NA,NA,NA,NA,NA,NA,NA,NA,NA,NA
Brazil,2023,COE,auction,Experimental,https://allianceforcoffeeexcellence.org/brazil-2023/,4,NA,NA,NA,NA,NA,"91,32",success,NA,NA,NA,NA,NA,NA,NA,NA,NA,NA,FAZENDA RIO VERDE,NA,NA,"330,69",NA,NA,NA,DECAMERON COFFEE,NA,NA,1,"$50,50","$16.699,85",China,NA,NA,NA,NA,NA,NA,NA,NA,NA,NA,NA,NA,NA,NA,NA,NA,NA,NA,NA,NA,NA,NA,NA,NA,NA,NA,NA,NA,NA,NA,NA,NA,NA,NA,NA,NA,NA,NA,NA,NA,NA,NA,NA,NA,NA,NA,NA,NA,NA,NA,NA,NA,NA
Brazil,2023,COE,auction,Experimental,https://allianceforcoffeeexcellence.org/brazil-2023/,4,NA,NA,NA,NA,NA,"89,88",success,NA,NA,NA,NA,NA,NA,NA,NA,NA,NA,ECOAGRÍCOLA CAFE,NA,NA,"793,66",NA,NA,NA,"Dabov Specialty Coffee. Coffee Me Up (Korea), Coffee Therapy (Thailand)",NA,NA,2,"$11,70","$9.285,82",Bulgaria,NA,NA,NA,NA,NA,NA,NA,NA,NA,NA,NA,NA,NA,NA,NA,NA,NA,NA,NA,NA,NA,NA,NA,NA,NA,NA,NA,NA,NA,NA,NA,NA,NA,NA,NA,NA,NA,NA,NA,NA,NA,NA,NA,NA,NA,NA,NA,NA,NA,NA,NA,NA,NA
Brazil,2023,COE,auction,Experimental,https://allianceforcoffeeexcellence.org/brazil-2023/,4,NA,NA,NA,NA,NA,"89,85",success,NA,NA,NA,NA,NA,NA,NA,NA,NA,NA,FAZENDA CAMPO ALEGRE,NA,NA,"330,69",NA,NA,NA,Campos Coffee,NA,NA,3,"$16,05","$5.307,57",Australia,NA,NA,NA,NA,NA,NA,NA,NA,NA,NA,NA,NA,NA,NA,NA,NA,NA,NA,NA,NA,NA,NA,NA,NA,NA,NA,NA,NA,NA,NA,NA,NA,NA,NA,NA,NA,NA,NA,NA,NA,NA,NA,NA,NA,NA,NA,NA,NA,NA,NA,NA,NA,NA
Brazil,2023,COE,auction,Experimental,https://allianceforcoffeeexcellence.org/brazil-2023/,4,NA,NA,NA,NA,NA,"88,79",success,NA,NA,NA,NA,NA,NA,NA,NA,NA,NA,FAZENDA SANTO ANTÔNIO,NA,NA,"396,83",NA,NA,NA,"Idle Hands Roasting Co., Casa Brasil, Lucca Cafés Especiais, One to Two Coffee",NA,NA,4,"$12,45","$4.940,53",United States of America,NA,NA,NA,NA,NA,NA,NA,NA,NA,NA,NA,NA,NA,NA,NA,NA,NA,NA,NA,NA,NA,NA,NA,NA,NA,NA,NA,NA,NA,NA,NA,NA,NA,NA,NA,NA,NA,NA,NA,NA,NA,NA,NA,NA,NA,NA,NA,NA,NA,NA,NA,NA,NA
Brazil,2023,COE,auction,Experimental,https://allianceforcoffeeexcellence.org/brazil-2023/,4,NA,NA,NA,NA,NA,"88,76",success,NA,NA,NA,NA,NA,NA,NA,NA,NA,NA,FAZENDA IRMÃS PEREIRA II,NA,NA,"363,76",NA,NA,NA,REHM SPECIALTY COFFEE IMPORTERS,NA,NA,5,"$12,10","$4.401,50",Germany,NA,NA,NA,NA,NA,NA,NA,NA,NA,NA,NA,NA,NA,NA,NA,NA,NA,NA,NA,NA,NA,NA,NA,NA,NA,NA,NA,NA,NA,NA,NA,NA,NA,NA,NA,NA,NA,NA,NA,NA,NA,NA,NA,NA,NA,NA,NA,NA,NA,NA,NA,NA,NA
Brazil,2023,COE,auction,Experimental,https://allianceforcoffeeexcellence.org/brazil-2023/,4,NA,NA,NA,NA,NA,"87,62",success,NA,NA,NA,NA,NA,NA,NA,NA,NA,NA,PAIOLINHO,NA,NA,"396,83",NA,NA,NA,Kyokuto Fadie Corporation,NA,NA,6,"$18,10","$7.182,62",Japan,NA,NA,NA,NA,NA,NA,NA,NA,NA,NA,NA,NA,NA,NA,NA,NA,NA,NA,NA,NA,NA,NA,NA,NA,NA,NA,NA,NA,NA,NA,NA,NA,NA,NA,NA,NA,NA,NA,NA,NA,NA,NA,NA,NA,NA,NA,NA,NA,NA,NA,NA,NA,NA
Brazil,2023,COE,auction,Experimental,https://allianceforcoffeeexcellence.org/brazil-2023/,4,NA,NA,NA,NA,NA,"87,41",success,NA,NA,NA,NA,NA,NA,NA,NA,NA,NA,SÍTIO AGUAS CLARAS,NA,NA,"793,66",NA,NA,NA,"KALDI COFFEE FARM (CAMEL COFFEE CO.,LTD.)",NA,NA,7,"$11,60","$9.206,46",Japan,NA,NA,NA,NA,NA,NA,NA,NA,NA,NA,NA,NA,NA,NA,NA,NA,NA,NA,NA,NA,NA,NA,NA,NA,NA,NA,NA,NA,NA,NA,NA,NA,NA,NA,NA,NA,NA,NA,NA,NA,NA,NA,NA,NA,NA,NA,NA,NA,NA,NA,NA,NA,NA
Brazil,2023,COE,auction,Experimental,https://allianceforcoffeeexcellence.org/brazil-2023/,4,NA,NA,NA,NA,NA,"87,38",success,NA,NA,NA,NA,NA,NA,NA,NA,NA,NA,FAZENDA BELA VISTA,NA,NA,"793,66",NA,NA,NA,"Wataru & Co., Ltd.",NA,NA,8,"$11,45","$9.087,41",Japan,NA,NA,NA,NA,NA,NA,NA,NA,NA,NA,NA,NA,NA,NA,NA,NA,NA,NA,NA,NA,NA,NA,NA,NA,NA,NA,NA,NA,NA,NA,NA,NA,NA,NA,NA,NA,NA,NA,NA,NA,NA,NA,NA,NA,NA,NA,NA,NA,NA,NA,NA,NA,NA
Brazil,2023,COE,auction,Experimental,https://allianceforcoffeeexcellence.org/brazil-2023/,4,NA,NA,NA,NA,NA,"87,38",success,NA,NA,NA,NA,NA,NA,NA,NA,NA,NA,FAZENDA LAGOA DOS ESTULANOS,NA,NA,"396,83",NA,NA,NA,Brew92,NA,NA,9,"$11,70","$4.642,91",Saudi Arabia,NA,NA,NA,NA,NA,NA,NA,NA,NA,NA,NA,NA,NA,NA,NA,NA,NA,NA,NA,NA,NA,NA,NA,NA,NA,NA,NA,NA,NA,NA,NA,NA,NA,NA,NA,NA,NA,NA,NA,NA,NA,NA,NA,NA,NA,NA,NA,NA,NA,NA,NA,NA,NA
Brazil,2023,COE,auction,Experimental,https://allianceforcoffeeexcellence.org/brazil-2023/,4,NA,NA,NA,NA,NA,"87,24",success,NA,NA,NA,NA,NA,NA,NA,NA,NA,NA,FAZENDA ÁGUA LIMPA,NA,NA,"396,83",NA,NA,NA,"Wataru & Co., Ltd.",NA,NA,10,"$11,65","$4.623,07",Japan,NA,NA,NA,NA,NA,NA,NA,NA,NA,NA,NA,NA,NA,NA,NA,NA,NA,NA,NA,NA,NA,NA,NA,NA,NA,NA,NA,NA,NA,NA,NA,NA,NA,NA,NA,NA,NA,NA,NA,NA,NA,NA,NA,NA,NA,NA,NA,NA,NA,NA,NA,NA,NA
Brazil,2023,COE,auction,Dry,https://allianceforcoffeeexcellence.org/brazil-2023/,5,NA,NA,NA,NA,NA,"91,38",success,NA,NA,NA,NA,NA,NA,NA,NA,NA,NA,FAZENDA RAINHA,NA,NA,"396,83",NA,NA,NA,SARUTAHIKO COFFEE,NA,NA,1,"$130,30","$51.706,95",Japan,NA,NA,NA,NA,NA,NA,NA,NA,NA,NA,NA,NA,NA,NA,NA,NA,NA,NA,NA,NA,NA,NA,NA,NA,NA,NA,NA,NA,NA,NA,NA,NA,NA,NA,NA,NA,NA,NA,NA,NA,NA,NA,NA,NA,NA,NA,NA,NA,NA,NA,NA,NA,NA
Brazil,2023,COE,auction,Dry,https://allianceforcoffeeexcellence.org/brazil-2023/,5,NA,NA,NA,NA,NA,"90,12",success,NA,NA,NA,NA,NA,NA,NA,NA,NA,NA,SÃO GERALDO,NA,NA,"529,11",NA,NA,NA,REHM SPECIALTY COFFEE IMPORTERS,NA,NA,2,"$19,00","$10.053,09",Germany,NA,NA,NA,NA,NA,NA,NA,NA,NA,NA,NA,NA,NA,NA,NA,NA,NA,NA,NA,NA,NA,NA,NA,NA,NA,NA,NA,NA,NA,NA,NA,NA,NA,NA,NA,NA,NA,NA,NA,NA,NA,NA,NA,NA,NA,NA,NA,NA,NA,NA,NA,NA,NA
Brazil,2023,COE,auction,Dry,https://allianceforcoffeeexcellence.org/brazil-2023/,5,NA,NA,NA,NA,NA,"90,06",success,NA,NA,NA,NA,NA,NA,NA,NA,NA,NA,SÍTIO SANTA LUZIA,NA,NA,"396,83",NA,NA,NA,Proud Mary and Bean & Bean Coffee (NYC),NA,NA,3,"$33,30","$13.214,44",Australia,NA,NA,NA,NA,NA,NA,NA,NA,NA,NA,NA,NA,NA,NA,NA,NA,NA,NA,NA,NA,NA,NA,NA,NA,NA,NA,NA,NA,NA,NA,NA,NA,NA,NA,NA,NA,NA,NA,NA,NA,NA,NA,NA,NA,NA,NA,NA,NA,NA,NA,NA,NA,NA
Brazil,2023,COE,auction,Dry,https://allianceforcoffeeexcellence.org/brazil-2023/,5,NA,NA,NA,NA,NA,"89,38",success,NA,NA,NA,NA,NA,NA,NA,NA,NA,NA,FAZENDA RECREIO,NA,NA,"330,69",NA,NA,NA,"KALDI COFFEE FARM (CAMEL COFFEE CO.,LTD.)",NA,NA,4,"$24,30","$8.035,77",Japan,NA,NA,NA,NA,NA,NA,NA,NA,NA,NA,NA,NA,NA,NA,NA,NA,NA,NA,NA,NA,NA,NA,NA,NA,NA,NA,NA,NA,NA,NA,NA,NA,NA,NA,NA,NA,NA,NA,NA,NA,NA,NA,NA,NA,NA,NA,NA,NA,NA,NA,NA,NA,NA
Brazil,2023,COE,auction,Dry,https://allianceforcoffeeexcellence.org/brazil-2023/,5,NA,NA,NA,NA,NA,"88,94",success,NA,NA,NA,NA,NA,NA,NA,NA,NA,NA,CASA BRÁS,NA,NA,"396,83",NA,NA,NA,"Xiamen Doowell Ocean Biotechnology Co., Ltd.",NA,NA,5,"$20,10","$7.976,28",China,NA,NA,NA,NA,NA,NA,NA,NA,NA,NA,NA,NA,NA,NA,NA,NA,NA,NA,NA,NA,NA,NA,NA,NA,NA,NA,NA,NA,NA,NA,NA,NA,NA,NA,NA,NA,NA,NA,NA,NA,NA,NA,NA,NA,NA,NA,NA,NA,NA,NA,NA,NA,NA
Brazil,2023,COE,auction,Dry,https://allianceforcoffeeexcellence.org/brazil-2023/,5,NA,NA,NA,NA,NA,"88,21",success,NA,NA,NA,NA,NA,NA,NA,NA,NA,NA,SANTUÁRIO SUL,NA,NA,"396,83",NA,NA,NA,"Proud Mary, Supremo Coffee",NA,NA,6,"$28,40","$11.269,97",Australia,NA,NA,NA,NA,NA,NA,NA,NA,NA,NA,NA,NA,NA,NA,NA,NA,NA,NA,NA,NA,NA,NA,NA,NA,NA,NA,NA,NA,NA,NA,NA,NA,NA,NA,NA,NA,NA,NA,NA,NA,NA,NA,NA,NA,NA,NA,NA,NA,NA,NA,NA,NA,NA
Brazil,2023,COE,auction,Dry,https://allianceforcoffeeexcellence.org/brazil-2023/,5,NA,NA,NA,NA,NA,"88,15",success,NA,NA,NA,NA,NA,NA,NA,NA,NA,NA,ECOAGRÍCOLA CAFE,NA,NA,"793,66",NA,NA,NA,"Kyokuto Fadie Corporation, Coffee Libre, Time’s Club",NA,NA,7,"$13,25","$10.516,00",Japan,NA,NA,NA,NA,NA,NA,NA,NA,NA,NA,NA,NA,NA,NA,NA,NA,NA,NA,NA,NA,NA,NA,NA,NA,NA,NA,NA,NA,NA,NA,NA,NA,NA,NA,NA,NA,NA,NA,NA,NA,NA,NA,NA,NA,NA,NA,NA,NA,NA,NA,NA,NA,NA
Brazil,2023,COE,auction,Dry,https://allianceforcoffeeexcellence.org/brazil-2023/,5,NA,NA,NA,NA,NA,"88,00",success,NA,NA,NA,NA,NA,NA,NA,NA,NA,NA,PEDRA BRANCA,NA,NA,"396,83",NA,NA,NA,BPC for Coffee Fie,NA,NA,8,"$11,80","$4.682,59",South Korea,NA,NA,NA,NA,NA,NA,NA,NA,NA,NA,NA,NA,NA,NA,NA,NA,NA,NA,NA,NA,NA,NA,NA,NA,NA,NA,NA,NA,NA,NA,NA,NA,NA,NA,NA,NA,NA,NA,NA,NA,NA,NA,NA,NA,NA,NA,NA,NA,NA,NA,NA,NA,NA
Brazil,2023,COE,auction,Dry,https://allianceforcoffeeexcellence.org/brazil-2023/,5,NA,NA,NA,NA,NA,"87,85",success,NA,NA,NA,NA,NA,NA,NA,NA,NA,NA,MORADA DO SOL,NA,NA,"330,69",NA,NA,NA,"Adachi Coffee, Sugi Coffee Roasting, THOTH COFFEE, Japan Roasters’ Network.",NA,NA,9,"$12,00","$3.968,28",Japan,NA,NA,NA,NA,NA,NA,NA,NA,NA,NA,NA,NA,NA,NA,NA,NA,NA,NA,NA,NA,NA,NA,NA,NA,NA,NA,NA,NA,NA,NA,NA,NA,NA,NA,NA,NA,NA,NA,NA,NA,NA,NA,NA,NA,NA,NA,NA,NA,NA,NA,NA,NA,NA
Brazil,2023,COE,auction,Dry,https://allianceforcoffeeexcellence.org/brazil-2023/,5,NA,NA,NA,NA,NA,"87,47",success,NA,NA,NA,NA,NA,NA,NA,NA,NA,NA,SANTIAGO,NA,NA,"661,39",NA,NA,NA,honu加藤珈琲店株式会社,NA,NA,10,"$11,10","$7.341,43",Japan,NA,NA,NA,NA,NA,NA,NA,NA,NA,NA,NA,NA,NA,NA,NA,NA,NA,NA,NA,NA,NA,NA,NA,NA,NA,NA,NA,NA,NA,NA,NA,NA,NA,NA,NA,NA,NA,NA,NA,NA,NA,NA,NA,NA,NA,NA,NA,NA,NA,NA,NA,NA,NA
Brazil,2023,COE,auction,Wet,https://allianceforcoffeeexcellence.org/brazil-2023/,6,NA,NA,NA,NA,NA,"92,15",success,NA,NA,NA,NA,NA,NA,NA,NA,NA,NA,FAZENDA RIO VERDE,NA,NA,"330,69",NA,NA,NA,Grupo CAFEZA,NA,NA,1,"$62,70","$20.734,26",Brazil,NA,NA,NA,NA,NA,NA,NA,NA,NA,NA,NA,NA,NA,NA,NA,NA,NA,NA,NA,NA,NA,NA,NA,NA,NA,NA,NA,NA,NA,NA,NA,NA,NA,NA,NA,NA,NA,NA,NA,NA,NA,NA,NA,NA,NA,NA,NA,NA,NA,NA,NA,NA,NA
Brazil,2023,COE,auction,Wet,https://allianceforcoffeeexcellence.org/brazil-2023/,6,NA,NA,NA,NA,NA,"91,00",success,NA,NA,NA,NA,NA,NA,NA,NA,NA,NA,SÍTIO TRÊS BARRAS,NA,NA,"793,66",NA,NA,NA,SARUTAHIKO COFFEE,NA,NA,2,"$25,50","$20.238,33",Japan,NA,NA,NA,NA,NA,NA,NA,NA,NA,NA,NA,NA,NA,NA,NA,NA,NA,NA,NA,NA,NA,NA,NA,NA,NA,NA,NA,NA,NA,NA,NA,NA,NA,NA,NA,NA,NA,NA,NA,NA,NA,NA,NA,NA,NA,NA,NA,NA,NA,NA,NA,NA,NA
Brazil,2023,COE,auction,Wet,https://allianceforcoffeeexcellence.org/brazil-2023/,6,NA,NA,NA,NA,NA,"89,71",success,NA,NA,NA,NA,NA,NA,NA,NA,NA,NA,CASA BRÁS,NA,NA,"396,83",NA,NA,NA,Kyokuto Fadie Corporation,NA,NA,3,"$33,40","$13.254,12",Japan,NA,NA,NA,NA,NA,NA,NA,NA,NA,NA,NA,NA,NA,NA,NA,NA,NA,NA,NA,NA,NA,NA,NA,NA,NA,NA,NA,NA,NA,NA,NA,NA,NA,NA,NA,NA,NA,NA,NA,NA,NA,NA,NA,NA,NA,NA,NA,NA,NA,NA,NA,NA,NA
Brazil,2023,COE,auction,Wet,https://allianceforcoffeeexcellence.org/brazil-2023/,6,NA,NA,NA,NA,NA,"89,26",success,NA,NA,NA,NA,NA,NA,NA,NA,NA,NA,FAZENDA ROCHEDO,NA,NA,"793,66",NA,NA,NA,TAKAMURA COFFEE ROASTERS  by MARUKAI,NA,NA,4,"$13,00","$10.317,58",Japan,NA,NA,NA,NA,NA,NA,NA,NA,NA,NA,NA,NA,NA,NA,NA,NA,NA,NA,NA,NA,NA,NA,NA,NA,NA,NA,NA,NA,NA,NA,NA,NA,NA,NA,NA,NA,NA,NA,NA,NA,NA,NA,NA,NA,NA,NA,NA,NA,NA,NA,NA,NA,NA
Brazil,2023,COE,auction,Wet,https://allianceforcoffeeexcellence.org/brazil-2023/,6,NA,NA,NA,NA,NA,"88,88",success,NA,NA,NA,NA,NA,NA,NA,NA,NA,NA,CORRÉGO DA LIBERDADE,NA,NA,"760,59",NA,NA,NA,"Wataru & Co., Ltd.",NA,NA,5,"$11,40","$8.670,73",Japan,NA,NA,NA,NA,NA,NA,NA,NA,NA,NA,NA,NA,NA,NA,NA,NA,NA,NA,NA,NA,NA,NA,NA,NA,NA,NA,NA,NA,NA,NA,NA,NA,NA,NA,NA,NA,NA,NA,NA,NA,NA,NA,NA,NA,NA,NA,NA,NA,NA,NA,NA,NA,NA
Brazil,2023,COE,auction,Wet,https://allianceforcoffeeexcellence.org/brazil-2023/,6,NA,NA,NA,NA,NA,"88,03",success,NA,NA,NA,NA,NA,NA,NA,NA,NA,NA,FAZENDA JR,NA,NA,"793,66",NA,NA,NA,BPC for Coffee Fie,NA,NA,6,"$10,35","$8.214,38",South Korea,NA,NA,NA,NA,NA,NA,NA,NA,NA,NA,NA,NA,NA,NA,NA,NA,NA,NA,NA,NA,NA,NA,NA,NA,NA,NA,NA,NA,NA,NA,NA,NA,NA,NA,NA,NA,NA,NA,NA,NA,NA,NA,NA,NA,NA,NA,NA,NA,NA,NA,NA,NA,NA
Brazil,2023,COE,auction,Wet,https://allianceforcoffeeexcellence.org/brazil-2023/,6,NA,NA,NA,NA,NA,"88,00",success,NA,NA,NA,NA,NA,NA,NA,NA,NA,NA,SÍTIO LIBERDADE,NA,NA,"396,83",NA,NA,NA,"Wataru for Towa Food Service CO., LTD.",NA,NA,7,"$11,70","$4.642,91",Japan,NA,NA,NA,NA,NA,NA,NA,NA,NA,NA,NA,NA,NA,NA,NA,NA,NA,NA,NA,NA,NA,NA,NA,NA,NA,NA,NA,NA,NA,NA,NA,NA,NA,NA,NA,NA,NA,NA,NA,NA,NA,NA,NA,NA,NA,NA,NA,NA,NA,NA,NA,NA,NA
Brazil,2023,COE,auction,Wet,https://allianceforcoffeeexcellence.org/brazil-2023/,6,NA,NA,NA,NA,NA,"87,82",success,NA,NA,NA,NA,NA,NA,NA,NA,NA,NA,SÍTIO SR. NIQUINHO,NA,NA,"396,83",NA,NA,NA,"MUSEO Co., Ltd.",NA,NA,8,"$11,90","$4.722,28",South Korea,NA,NA,NA,NA,NA,NA,NA,NA,NA,NA,NA,NA,NA,NA,NA,NA,NA,NA,NA,NA,NA,NA,NA,NA,NA,NA,NA,NA,NA,NA,NA,NA,NA,NA,NA,NA,NA,NA,NA,NA,NA,NA,NA,NA,NA,NA,NA,NA,NA,NA,NA,NA,NA
Brazil,2023,COE,auction,Wet,https://allianceforcoffeeexcellence.org/brazil-2023/,6,NA,NA,NA,NA,NA,"87,79",success,NA,NA,NA,NA,NA,NA,NA,NA,NA,NA,CHÁCARA PONTO ALTO,NA,NA,"330,69",NA,NA,NA,Wataru for Ogawa Coffee,NA,NA,9,"$11,90","$3.935,21",Japan,NA,NA,NA,NA,NA,NA,NA,NA,NA,NA,NA,NA,NA,NA,NA,NA,NA,NA,NA,NA,NA,NA,NA,NA,NA,NA,NA,NA,NA,NA,NA,NA,NA,NA,NA,NA,NA,NA,NA,NA,NA,NA,NA,NA,NA,NA,NA,NA,NA,NA,NA,NA,NA
Brazil,2023,COE,auction,Wet,https://allianceforcoffeeexcellence.org/brazil-2023/,6,NA,NA,NA,NA,NA,"87,65",success,NA,NA,NA,NA,NA,NA,NA,NA,NA,NA,FAZENDA ÁGUA LIMPA,NA,NA,"793,66",NA,NA,NA,KAFFEBRENNERIET AS,NA,NA,10,"$11,50","$9.127,09",Norway,NA,NA,NA,NA,NA,NA,NA,NA,NA,NA,NA,NA,NA,NA,NA,NA,NA,NA,NA,NA,NA,NA,NA,NA,NA,NA,NA,NA,NA,NA,NA,NA,NA,NA,NA,NA,NA,NA,NA,NA,NA,NA,NA,NA,NA,NA,NA,NA,NA,NA,NA,NA,NA
Brazil,2023,NW,auction,Experimental,https://allianceforcoffeeexcellence.org/brazil-2023/,10,NW,NA,NA,NA,NA,"86,97",success,NA,NA,NA,NA,"$2.023,83",NA,NA,NA,NA,NA,SÍTIO DA LAGOA,NA,NA,"396,83",NA,NA,NA,NA,NA,NA,NA,"$5,10",NA,China,Co.Seekers Roasters,NA,NA,NA,NA,NA,NA,NA,NA,NA,NA,NA,NA,NA,NA,NA,NA,NA,NA,NA,NA,NA,NA,NA,NA,NA,NA,NA,NA,NA,NA,NA,NA,NA,NA,NA,NA,NA,NA,NA,NA,NA,NA,NA,NA,NA,NA,NA,NA,NA,NA,NA,NA
Brazil,2023,NW,auction,Dry,https://allianceforcoffeeexcellence.org/brazil-2023/,11,NW,NA,NA,NA,NA,"86,82",success,NA,NA,NA,NA,"$2.843,93",NA,NA,NA,NA,NA,FAZENDA SAMAMBAIA,NA,NA,"330,69",NA,NA,NA,NA,NA,NA,NA,"$8,60",NA,Japan,"Adachi Coffee, Sugi Coffee Roasting,THOTH COFFEE.",NA,NA,NA,NA,NA,NA,NA,NA,NA,NA,NA,NA,NA,NA,NA,NA,NA,NA,NA,NA,NA,NA,NA,NA,NA,NA,NA,NA,NA,NA,NA,NA,NA,NA,NA,NA,NA,NA,NA,NA,NA,NA,NA,NA,NA,NA,NA,NA,NA,NA,NA,NA
Brazil,2023,NW,auction,Wet,https://allianceforcoffeeexcellence.org/brazil-2023/,12,NW,NA,NA,NA,NA,"85,76",success,NA,NA,NA,NA,"$4.166,76",NA,NA,NA,NA,NA,FAZENDA PRIMAVERA,NA,NA,"694,46",NA,NA,NA,NA,NA,NA,NA,"$6,00",NA,Japan,"Wataru & Co., Ltd.",NA,NA,NA,NA,NA,NA,NA,NA,NA,NA,NA,NA,NA,NA,NA,NA,NA,NA,NA,NA,NA,NA,NA,NA,NA,NA,NA,NA,NA,NA,NA,NA,NA,NA,NA,NA,NA,NA,NA,NA,NA,NA,NA,NA,NA,NA,NA,NA,NA,NA,NA,NA
Brazil,2023,NW,auction,Wet,https://allianceforcoffeeexcellence.org/brazil-2023/,12,NW,NA,NA,NA,NA,"86,35",success,NA,NA,NA,NA,"$2.420,66",NA,NA,NA,NA,NA,FAZENDA SANTO ANTÔNIO,NA,NA,"396,83",NA,NA,NA,NA,NA,NA,NA,"$6,10",NA,South Korea,Tov Studio,NA,NA,NA,NA,NA,NA,NA,NA,NA,NA,NA,NA,NA,NA,NA,NA,NA,NA,NA,NA,NA,NA,NA,NA,NA,NA,NA,NA,NA,NA,NA,NA,NA,NA,NA,NA,NA,NA,NA,NA,NA,NA,NA,NA,NA,NA,NA,NA,NA,NA,NA,NA
Brazil,2023,NW,auction,Wet,https://allianceforcoffeeexcellence.org/brazil-2023/,12,NW,NA,NA,NA,NA,"87,15",success,NA,NA,NA,NA,"$3.756,68",NA,NA,NA,NA,NA,SÍTIO DA SERRA,NA,NA,"529,11",NA,NA,NA,NA,NA,NA,NA,"$ 7,10",NA,Japan,Nozy Coffee,NA,NA,NA,NA,NA,NA,NA,NA,NA,NA,NA,NA,NA,NA,NA,NA,NA,NA,NA,NA,NA,NA,NA,NA,NA,NA,NA,NA,NA,NA,NA,NA,NA,NA,NA,NA,NA,NA,NA,NA,NA,NA,NA,NA,NA,NA,NA,NA,NA,NA,NA,NA
Brazil,2023,NW,auction,Wet,https://allianceforcoffeeexcellence.org/brazil-2023/,12,NW,NA,NA,NA,NA,"87,32",success,NA,NA,NA,NA,"$ 2.976,23",NA,NA,NA,NA,NA,SÍTIO DIAMANTINA COFFEE,NA,NA,"396,83",NA,NA,NA,NA,NA,NA,NA,"$7,50",NA,Japan,Nozy Coffee,NA,NA,NA,NA,NA,NA,NA,NA,NA,NA,NA,NA,NA,NA,NA,NA,NA,NA,NA,NA,NA,NA,NA,NA,NA,NA,NA,NA,NA,NA,NA,NA,NA,NA,NA,NA,NA,NA,NA,NA,NA,NA,NA,NA,NA,NA,NA,NA,NA,NA,NA,NA
Brazil,2024,COE,auction,Washed + Honey,https://allianceforcoffeeexcellence.org/brazil-2024/,4,1A,NA,Fazenda Sobro E Bonito De Cima – Dbarbosa Coffee,NA,NA,"91,93",success,NA,NA,NA,NA,"$15.902,46",NA,NA,Topázio Amarelo,NA,NA,NA,NA,NA,NA,Orange Brown Import and Export Ltd.,NA,NA,NA,NA,NA,NA,NA,NA,NA,NA,NA,NA,NA,NA,NA,NA,NA,NA,NA,NA,NA,NA,NA,NA,NA,"264,6","$60,10",NA,NA,NA,NA,NA,NA,NA,NA,NA,NA,NA,NA,NA,NA,NA,NA,NA,NA,NA,NA,NA,NA,NA,NA,NA,NA,NA,NA,NA,NA,NA,NA,NA,NA,NA
Brazil,2024,COE,auction,Washed + Honey,https://allianceforcoffeeexcellence.org/brazil-2024/,4,1B,NA,Fazenda Sobro E Bonito De Cima – Dbarbosa Coffee,NA,NA,"91,93",success,NA,NA,NA,NA,"$15.373,26",NA,NA,Topázio Amarelo,NA,NA,NA,NA,NA,NA,Orange Brown Import and Export Ltd.,NA,NA,NA,NA,NA,NA,NA,NA,NA,NA,NA,NA,NA,NA,NA,NA,NA,NA,NA,NA,NA,NA,NA,NA,NA,"264,60","$58,10",NA,NA,NA,NA,NA,NA,NA,NA,NA,NA,NA,NA,NA,NA,NA,NA,NA,NA,NA,NA,NA,NA,NA,NA,NA,NA,NA,NA,NA,NA,NA,NA,NA,NA,NA
Brazil,2024,COE,auction,Washed + Honey,https://allianceforcoffeeexcellence.org/brazil-2024/,4,2☘️,NA,Fazenda Olhos D’Agua,NA,NA,"90,89",success,NA,NA,NA,NA,"$6.705,92",NA,NA,Arara,NA,NA,NA,NA,NA,NA,Brulerie du Quai,NA,NA,NA,NA,NA,NA,NA,NA,NA,NA,NA,NA,NA,NA,NA,NA,NA,NA,NA,NA,NA,NA,NA,NA,NA,"396,80","$16,90",NA,NA,NA,NA,NA,NA,NA,NA,NA,NA,NA,NA,NA,NA,NA,NA,NA,NA,NA,NA,NA,NA,NA,NA,NA,NA,NA,NA,NA,NA,NA,NA,NA,NA,NA
Brazil,2024,COE,auction,Washed + Honey,https://allianceforcoffeeexcellence.org/brazil-2024/,4,3,NA,Sitio Pedro Varinha,NA,NA,"90,21",success,NA,NA,NA,NA,"$10.753,28",NA,NA,Arara,NA,NA,NA,NA,NA,NA,terarosa,NA,NA,NA,NA,NA,NA,NA,NA,NA,NA,NA,NA,NA,NA,NA,NA,NA,NA,NA,NA,NA,NA,NA,NA,NA,"396,80","$27,10",NA,NA,NA,NA,NA,NA,NA,NA,NA,NA,NA,NA,NA,NA,NA,NA,NA,NA,NA,NA,NA,NA,NA,NA,NA,NA,NA,NA,NA,NA,NA,NA,NA,NA,NA
Brazil,2024,COE,auction,Washed + Honey,https://allianceforcoffeeexcellence.org/brazil-2024/,4,4,NA,Vista Brigadeiro,NA,NA,"89,93",success,NA,NA,NA,NA,"$6.051,20",NA,NA,Yellow Catuai,NA,NA,NA,NA,NA,NA,NOZY COFFEE,NA,NA,NA,NA,NA,NA,NA,NA,NA,NA,NA,NA,NA,NA,NA,NA,NA,NA,NA,NA,NA,NA,NA,NA,NA,"396,80","$15,25",NA,NA,NA,NA,NA,NA,NA,NA,NA,NA,NA,NA,NA,NA,NA,NA,NA,NA,NA,NA,NA,NA,NA,NA,NA,NA,NA,NA,NA,NA,NA,NA,NA,NA,NA
Brazil,2024,COE,auction,Washed + Honey,https://allianceforcoffeeexcellence.org/brazil-2024/,4,5,NA,Sítio Denizar,NA,NA,"89,75",success,NA,NA,NA,NA,"$7.176,50",NA,NA,Catucaí Amarelo,NA,NA,NA,NA,NA,NA,Mercanta The Coffee Hunters,NA,NA,NA,NA,NA,NA,NA,NA,NA,NA,NA,NA,NA,NA,NA,NA,NA,NA,NA,NA,NA,NA,NA,NA,NA,"463,00","$15,50",NA,NA,NA,NA,NA,NA,NA,NA,NA,NA,NA,NA,NA,NA,NA,NA,NA,NA,NA,NA,NA,NA,NA,NA,NA,NA,NA,NA,NA,NA,NA,NA,NA,NA,NA
Brazil,2024,COE,auction,Washed + Honey,https://allianceforcoffeeexcellence.org/brazil-2024/,4,6☘️,NA,Fazenda Paredão,NA,NA,"89,14",success,NA,NA,NA,NA,"$10.753,28",NA,NA,Arara,NA,NA,NA,NA,NA,NA,ROOTS BY EARTH,NA,NA,NA,NA,NA,NA,NA,NA,NA,NA,NA,NA,NA,NA,NA,NA,NA,NA,NA,NA,NA,NA,NA,NA,NA,"396,80","$27,10",NA,NA,NA,NA,NA,NA,NA,NA,NA,NA,NA,NA,NA,NA,NA,NA,NA,NA,NA,NA,NA,NA,NA,NA,NA,NA,NA,NA,NA,NA,NA,NA,NA,NA,NA
Brazil,2024,COE,auction,Washed + Honey,https://allianceforcoffeeexcellence.org/brazil-2024/,4,7☘️,NA,Sítio Boa Vista,NA,NA,"88,43",success,NA,NA,NA,NA,"$6.110,72",NA,NA,Geisha,NA,NA,NA,NA,NA,NA,"Joud Coffee Roaster, Kenny Hills Coffee Roasters, Discover Coffee Roasting Co.",NA,NA,NA,NA,NA,NA,NA,NA,NA,NA,NA,NA,NA,NA,NA,NA,NA,NA,NA,NA,NA,NA,NA,NA,NA,"396,80","$15,40",NA,NA,NA,NA,NA,NA,NA,NA,NA,NA,NA,NA,NA,NA,NA,NA,NA,NA,NA,NA,NA,NA,NA,NA,NA,NA,NA,NA,NA,NA,NA,NA,NA,NA,NA
Brazil,2024,COE,auction,Washed + Honey,https://allianceforcoffeeexcellence.org/brazil-2024/,4,8,NA,Fazenda Campo Alegre,NA,NA,"88,36",success,NA,NA,NA,NA,"$5.952,00",NA,NA,Paraiso 2,NA,NA,NA,NA,NA,NA,Brew92,NA,NA,NA,NA,NA,NA,NA,NA,NA,NA,NA,NA,NA,NA,NA,NA,NA,NA,NA,NA,NA,NA,NA,NA,NA,"396,80","$15,00",NA,NA,NA,NA,NA,NA,NA,NA,NA,NA,NA,NA,NA,NA,NA,NA,NA,NA,NA,NA,NA,NA,NA,NA,NA,NA,NA,NA,NA,NA,NA,NA,NA,NA,NA
Brazil,2024,COE,auction,Washed + Honey,https://allianceforcoffeeexcellence.org/brazil-2024/,4,9,NA,Fazenda Primavera Matriz,NA,NA,"88,29",success,NA,NA,NA,NA,"$11.561,12",NA,NA,Geisha,NA,NA,NA,NA,NA,NA,Ryans Coffee Roasters,NA,NA,NA,NA,NA,NA,NA,NA,NA,NA,NA,NA,NA,NA,NA,NA,NA,NA,NA,NA,NA,NA,NA,NA,NA,"760,60","$15,20",NA,NA,NA,NA,NA,NA,NA,NA,NA,NA,NA,NA,NA,NA,NA,NA,NA,NA,NA,NA,NA,NA,NA,NA,NA,NA,NA,NA,NA,NA,NA,NA,NA,NA,NA
Brazil,2024,COE,auction,Washed + Honey,https://allianceforcoffeeexcellence.org/brazil-2024/,4,10,NA,Fazenda Moete,NA,NA,"88,21",success,NA,NA,NA,NA,"$11.905,50",NA,NA,Catuaí Vermelho,NA,NA,NA,NA,NA,NA,"Wataru & Co., Ltd. / Taste Trigger Limited",NA,NA,NA,NA,NA,NA,NA,NA,NA,NA,NA,NA,NA,NA,NA,NA,NA,NA,NA,NA,NA,NA,NA,NA,NA,"793,70","$15,00",NA,NA,NA,NA,NA,NA,NA,NA,NA,NA,NA,NA,NA,NA,NA,NA,NA,NA,NA,NA,NA,NA,NA,NA,NA,NA,NA,NA,NA,NA,NA,NA,NA,NA,NA
Brazil,2024,COE,auction,Natural,https://allianceforcoffeeexcellence.org/brazil-2024/,5,1A,NA,Sítio Santa Luzia,NA,NA,"92,32",success,NA,NA,NA,NA,"$10.951,68",NA,NA,Catucaí Amarelo,NA,NA,NA,NA,NA,NA,Proud Mary and SUPREMO COFFEE – Germany,NA,NA,NA,NA,NA,NA,NA,NA,NA,NA,NA,NA,NA,NA,NA,NA,NA,NA,NA,NA,NA,NA,NA,NA,NA,"198,40","$55,20",NA,NA,NA,NA,NA,NA,NA,NA,NA,NA,NA,NA,NA,NA,NA,NA,NA,NA,NA,NA,NA,NA,NA,NA,NA,NA,NA,NA,NA,NA,NA,NA,NA,NA,NA
Brazil,2024,COE,auction,Natural,https://allianceforcoffeeexcellence.org/brazil-2024/,5,1B,NA,Sítio Santa Luzia,NA,NA,"92,32",success,NA,NA,NA,NA,"$11.011,20",NA,NA,Catucaí Amarelo,NA,NA,NA,NA,NA,NA,Coffee Bros.,NA,NA,NA,NA,NA,NA,NA,NA,NA,NA,NA,NA,NA,NA,NA,NA,NA,NA,NA,NA,NA,NA,NA,NA,NA,"198,40","$55,50",NA,NA,NA,NA,NA,NA,NA,NA,NA,NA,NA,NA,NA,NA,NA,NA,NA,NA,NA,NA,NA,NA,NA,NA,NA,NA,NA,NA,NA,NA,NA,NA,NA,NA,NA
Brazil,2024,COE,auction,Natural,https://allianceforcoffeeexcellence.org/brazil-2024/,5,2,NA,Fazenda Rainha,NA,NA,"91,89",success,NA,NA,NA,NA,"$9.999,99",NA,NA,Geisha,NA,NA,NA,NA,NA,NA,SAVAYA COFFEE LLC,NA,NA,NA,NA,NA,NA,NA,NA,NA,NA,NA,NA,NA,NA,NA,NA,NA,NA,NA,NA,NA,NA,NA,NA,NA,"529,10","$18,90",NA,NA,NA,NA,NA,NA,NA,NA,NA,NA,NA,NA,NA,NA,NA,NA,NA,NA,NA,NA,NA,NA,NA,NA,NA,NA,NA,NA,NA,NA,NA,NA,NA,NA,NA
Brazil,2024,COE,auction,Natural,https://allianceforcoffeeexcellence.org/brazil-2024/,5,3,NA,Fazenda Rio Verde,NA,NA,"91,57",success,NA,NA,NA,NA,"$12.037,48",NA,NA,Geisha,NA,NA,NA,NA,NA,NA,SAVAYA COFFEE LLC,NA,NA,NA,NA,NA,NA,NA,NA,NA,NA,NA,NA,NA,NA,NA,NA,NA,NA,NA,NA,NA,NA,NA,NA,NA,"661,40","$18,20",NA,NA,NA,NA,NA,NA,NA,NA,NA,NA,NA,NA,NA,NA,NA,NA,NA,NA,NA,NA,NA,NA,NA,NA,NA,NA,NA,NA,NA,NA,NA,NA,NA,NA,NA
Brazil,2024,COE,auction,Natural,https://allianceforcoffeeexcellence.org/brazil-2024/,5,4,NA,Fazenda Boa Vista,NA,NA,"90,89",success,NA,NA,NA,NA,"$19.921,87",NA,NA,Catucaí,NA,NA,NA,NA,NA,NA,SUPREMO COFFEE – Germany,NA,NA,NA,NA,NA,NA,NA,NA,NA,NA,NA,NA,NA,NA,NA,NA,NA,NA,NA,NA,NA,NA,NA,NA,NA,"793,70","$25,10",NA,NA,NA,NA,NA,NA,NA,NA,NA,NA,NA,NA,NA,NA,NA,NA,NA,NA,NA,NA,NA,NA,NA,NA,NA,NA,NA,NA,NA,NA,NA,NA,NA,NA,NA
Brazil,2024,COE,auction,Natural,https://allianceforcoffeeexcellence.org/brazil-2024/,5,5,NA,Fazenda Cotrim E D’Alessandro,NA,NA,"90,57",success,NA,NA,NA,NA,,NA,NA,Geisha,NA,NA,NA,NA,NA,NA,,NA,NA,NA,NA,NA,NA,NA,NA,NA,NA,NA,NA,NA,NA,NA,NA,NA,NA,NA,NA,NA,NA,NA,NA,NA,,,NA,NA,NA,NA,NA,NA,NA,NA,NA,NA,NA,NA,NA,NA,NA,NA,NA,NA,NA,NA,NA,NA,NA,NA,NA,NA,NA,NA,NA,NA,NA,NA,NA,NA,NA
Brazil,2024,COE,auction,Natural,https://allianceforcoffeeexcellence.org/brazil-2024/,5,6,NA,Serra Das Tres Barras,NA,NA,"88,79",success,NA,NA,NA,NA,"$12.566,60",NA,NA,Catucaí,NA,NA,NA,NA,NA,NA,Proud Mary,NA,NA,NA,NA,NA,NA,NA,NA,NA,NA,NA,NA,NA,NA,NA,NA,NA,NA,NA,NA,NA,NA,NA,NA,NA,"661,40","$19,00",NA,NA,NA,NA,NA,NA,NA,NA,NA,NA,NA,NA,NA,NA,NA,NA,NA,NA,NA,NA,NA,NA,NA,NA,NA,NA,NA,NA,NA,NA,NA,NA,NA,NA,NA
Brazil,2024,COE,auction,Natural,https://allianceforcoffeeexcellence.org/brazil-2024/,5,7,NA,Casa Brás,NA,NA,"88,61",success,NA,NA,NA,NA,"$5.991,68",NA,NA,Geisha,NA,NA,NA,NA,NA,NA,"Wataru & Co., Ltd.",NA,NA,NA,NA,NA,NA,NA,NA,NA,NA,NA,NA,NA,NA,NA,NA,NA,NA,NA,NA,NA,NA,NA,NA,NA,"396,80","$15,10",NA,NA,NA,NA,NA,NA,NA,NA,NA,NA,NA,NA,NA,NA,NA,NA,NA,NA,NA,NA,NA,NA,NA,NA,NA,NA,NA,NA,NA,NA,NA,NA,NA,NA,NA
Brazil,2024,COE,auction,Natural,https://allianceforcoffeeexcellence.org/brazil-2024/,5,8☘️,NA,Fazenda M&F Coffee,NA,NA,"88,61",success,NA,NA,NA,NA,"$5.991,68",NA,NA,Arara,NA,NA,NA,NA,NA,NA,"Wataru & Co., Ltd.",NA,NA,NA,NA,NA,NA,NA,NA,NA,NA,NA,NA,NA,NA,NA,NA,NA,NA,NA,NA,NA,NA,NA,NA,NA,"396,80","$15,10",NA,NA,NA,NA,NA,NA,NA,NA,NA,NA,NA,NA,NA,NA,NA,NA,NA,NA,NA,NA,NA,NA,NA,NA,NA,NA,NA,NA,NA,NA,NA,NA,NA,NA,NA
Brazil,2024,COE,auction,Natural,https://allianceforcoffeeexcellence.org/brazil-2024/,5,9,NA,Fazenda Recreio,NA,NA,"88,39",success,NA,NA,NA,NA,"$5.952,00",NA,NA,"Geisha, SL34",NA,NA,NA,NA,NA,NA,Grupo CAFEZA,NA,NA,NA,NA,NA,NA,NA,NA,NA,NA,NA,NA,NA,NA,NA,NA,NA,NA,NA,NA,NA,NA,NA,NA,NA,"396,80","$15,00",NA,NA,NA,NA,NA,NA,NA,NA,NA,NA,NA,NA,NA,NA,NA,NA,NA,NA,NA,NA,NA,NA,NA,NA,NA,NA,NA,NA,NA,NA,NA,NA,NA,NA,NA
Brazil,2024,COE,auction,Natural,https://allianceforcoffeeexcellence.org/brazil-2024/,5,10,NA,Sitio Vargem Alegre,NA,NA,"88,21",success,NA,NA,NA,NA,"$7.989,41",NA,NA,Yellow Catuai,NA,NA,NA,NA,NA,NA,"KALDI COFFEE FARM (CAMEL COFFEE CO.,LTD.)",NA,NA,NA,NA,NA,NA,NA,NA,NA,NA,NA,NA,NA,NA,NA,NA,NA,NA,NA,NA,NA,NA,NA,NA,NA,"529,10","$15,10",NA,NA,NA,NA,NA,NA,NA,NA,NA,NA,NA,NA,NA,NA,NA,NA,NA,NA,NA,NA,NA,NA,NA,NA,NA,NA,NA,NA,NA,NA,NA,NA,NA,NA,NA
Brazil,2024,COE,auction,Experimental,https://allianceforcoffeeexcellence.org/brazil-2024/,6,1A☘️,NA,M&F Coffee,NA,NA,"93,14",success,NA,NA,NA,NA,"$20.851,84",NA,NA,Arara,NA,NA,NA,NA,NA,NA,"Wataru & Co., Ltd. for WOODBERRY COFFEE",NA,NA,NA,NA,NA,NA,NA,NA,NA,NA,NA,NA,NA,NA,NA,NA,NA,NA,NA,NA,NA,NA,NA,NA,NA,"198,4","$105,10",NA,NA,NA,NA,NA,NA,NA,NA,NA,NA,NA,NA,NA,NA,NA,NA,NA,NA,NA,NA,NA,NA,NA,NA,NA,NA,NA,NA,NA,NA,NA,NA,NA,NA,NA
Brazil,2024,COE,auction,Experimental,https://allianceforcoffeeexcellence.org/brazil-2024/,6,1B☘️,NA,M&F Coffee,NA,NA,"93,14",success,NA,NA,NA,NA,"$20.653,44",NA,NA,Arara,NA,NA,NA,NA,NA,NA,GLITCH COFFEE& ROASTER by Marukai,NA,NA,NA,NA,NA,NA,NA,NA,NA,NA,NA,NA,NA,NA,NA,NA,NA,NA,NA,NA,NA,NA,NA,NA,NA,"198,40","$104,10",NA,NA,NA,NA,NA,NA,NA,NA,NA,NA,NA,NA,NA,NA,NA,NA,NA,NA,NA,NA,NA,NA,NA,NA,NA,NA,NA,NA,NA,NA,NA,NA,NA,NA,NA
Brazil,2024,COE,auction,Experimental,https://allianceforcoffeeexcellence.org/brazil-2024/,6,2,NA,Fazenda Santa Rita Do Xicao,NA,NA,"91,00",success,NA,NA,NA,NA,"$15.911,68",NA,NA,Geisha,NA,NA,NA,NA,NA,NA,Truth coffee roastery,NA,NA,NA,NA,NA,NA,NA,NA,NA,NA,NA,NA,NA,NA,NA,NA,NA,NA,NA,NA,NA,NA,NA,NA,NA,"396,80","$40,10",NA,NA,NA,NA,NA,NA,NA,NA,NA,NA,NA,NA,NA,NA,NA,NA,NA,NA,NA,NA,NA,NA,NA,NA,NA,NA,NA,NA,NA,NA,NA,NA,NA,NA,NA
Brazil,2024,COE,auction,Experimental,https://allianceforcoffeeexcellence.org/brazil-2024/,6,3,NA,Fazenda Queixadas/ Cacheira E Palmital,NA,NA,"90,50",success,NA,NA,NA,NA,"$9.523,20",NA,NA,Arara,NA,NA,NA,NA,NA,NA,Snow Beans Coffee,NA,NA,NA,NA,NA,NA,NA,NA,NA,NA,NA,NA,NA,NA,NA,NA,NA,NA,NA,NA,NA,NA,NA,NA,NA,"396,80","$24,00",NA,NA,NA,NA,NA,NA,NA,NA,NA,NA,NA,NA,NA,NA,NA,NA,NA,NA,NA,NA,NA,NA,NA,NA,NA,NA,NA,NA,NA,NA,NA,NA,NA,NA,NA
Brazil,2024,COE,auction,Experimental,https://allianceforcoffeeexcellence.org/brazil-2024/,6,4,NA,Fazenda Lagoa Seca,NA,NA,"90,36",success,NA,NA,NA,NA,"$10.733,44",NA,NA,Yellow Catuai,NA,NA,NA,NA,NA,NA,Truth coffee roastery,NA,NA,NA,NA,NA,NA,NA,NA,NA,NA,NA,NA,NA,NA,NA,NA,NA,NA,NA,NA,NA,NA,NA,NA,NA,"396,80","$27,05",NA,NA,NA,NA,NA,NA,NA,NA,NA,NA,NA,NA,NA,NA,NA,NA,NA,NA,NA,NA,NA,NA,NA,NA,NA,NA,NA,NA,NA,NA,NA,NA,NA,NA,NA
Brazil,2024,COE,auction,Experimental,https://allianceforcoffeeexcellence.org/brazil-2024/,6,5,NA,Fazenda Rio Verde,NA,NA,"90,14",success,NA,NA,NA,NA,"$6.110,72",NA,NA,Geisha,NA,NA,NA,NA,NA,NA,M.I.Coffee Corporation,NA,NA,NA,NA,NA,NA,NA,NA,NA,NA,NA,NA,NA,NA,NA,NA,NA,NA,NA,NA,NA,NA,NA,NA,NA,"396,80","$15,40",NA,NA,NA,NA,NA,NA,NA,NA,NA,NA,NA,NA,NA,NA,NA,NA,NA,NA,NA,NA,NA,NA,NA,NA,NA,NA,NA,NA,NA,NA,NA,NA,NA,NA,NA
Brazil,2024,COE,auction,Experimental,https://allianceforcoffeeexcellence.org/brazil-2024/,6,6,NA,Sitio Tres Barras,NA,NA,"89,96",success,NA,NA,NA,NA,"$10.713,60",NA,NA,Catucaí Amarelo,NA,NA,NA,NA,NA,NA,Sulalat Coffee Trading,NA,NA,NA,NA,NA,NA,NA,NA,NA,NA,NA,NA,NA,NA,NA,NA,NA,NA,NA,NA,NA,NA,NA,NA,NA,"396,80","$27,00",NA,NA,NA,NA,NA,NA,NA,NA,NA,NA,NA,NA,NA,NA,NA,NA,NA,NA,NA,NA,NA,NA,NA,NA,NA,NA,NA,NA,NA,NA,NA,NA,NA,NA,NA
Brazil,2024,COE,auction,Experimental,https://allianceforcoffeeexcellence.org/brazil-2024/,6,7,NA,Sítio Da Pedra,NA,NA,"88,11",success,NA,NA,NA,NA,"$6.945,00",NA,NA,Arara,NA,NA,NA,NA,NA,NA,"Wataru & Co., Ltd.",NA,NA,NA,NA,NA,NA,NA,NA,NA,NA,NA,NA,NA,NA,NA,NA,NA,NA,NA,NA,NA,NA,NA,NA,NA,"463,00","$15,00",NA,NA,NA,NA,NA,NA,NA,NA,NA,NA,NA,NA,NA,NA,NA,NA,NA,NA,NA,NA,NA,NA,NA,NA,NA,NA,NA,NA,NA,NA,NA,NA,NA,NA,NA
Brazil,2024,NW,auction,Washed + Honey,https://allianceforcoffeeexcellence.org/brazil-2024/,10,NW,NA,Fazenda Cachoeira,NA,NA,"86,96",success,NA,NA,NA,NA,"$3.492,06",NA,NA,Yellow Catuai,NA,NA,NA,NA,NA,NA,"Wataru & Co., Ltd.",NA,NA,NA,NA,NA,NA,NA,NA,NA,NA,NA,NA,NA,NA,NA,NA,NA,NA,NA,NA,NA,NA,NA,NA,NA,"529,10","$6,60",NA,NA,NA,NA,NA,NA,NA,NA,NA,NA,NA,NA,NA,NA,NA,NA,NA,NA,NA,NA,NA,NA,NA,NA,NA,NA,NA,NA,NA,NA,NA,NA,NA,NA,NA
Brazil,2024,NW,auction,Washed + Honey,https://allianceforcoffeeexcellence.org/brazil-2024/,10,NW,NA,Sítio Bela Vista Cafés,NA,NA,"86,82",success,NA,NA,NA,NA,"$2.222,08",NA,NA,Catucaí,NA,NA,NA,NA,NA,NA,Grupo CAFEZA,NA,NA,NA,NA,NA,NA,NA,NA,NA,NA,NA,NA,NA,NA,NA,NA,NA,NA,NA,NA,NA,NA,NA,NA,NA,"396,80","$5,60",NA,NA,NA,NA,NA,NA,NA,NA,NA,NA,NA,NA,NA,NA,NA,NA,NA,NA,NA,NA,NA,NA,NA,NA,NA,NA,NA,NA,NA,NA,NA,NA,NA,NA,NA
Brazil,2024,NW,auction,Washed + Honey,https://allianceforcoffeeexcellence.org/brazil-2024/,10,NW,NA,Sítio São Pedro,NA,NA,"86,07",success,NA,NA,NA,NA,"$2.142,72",NA,NA,SL28 & Geisha,NA,NA,NA,NA,NA,NA,SAVAYA COFFEE LLC,NA,NA,NA,NA,NA,NA,NA,NA,NA,NA,NA,NA,NA,NA,NA,NA,NA,NA,NA,NA,NA,NA,NA,NA,NA,"396,80","$5,40",NA,NA,NA,NA,NA,NA,NA,NA,NA,NA,NA,NA,NA,NA,NA,NA,NA,NA,NA,NA,NA,NA,NA,NA,NA,NA,NA,NA,NA,NA,NA,NA,NA,NA,NA
Brazil,2024,NW,auction,Natural,https://allianceforcoffeeexcellence.org/brazil-2024/,11,NW,NA,Sitio Vale Do Amanhecer,NA,NA,"88,14",success,NA,NA,NA,NA,"$4.365,35",NA,NA,Arara,NA,NA,NA,NA,NA,NA,"Wataru & Co., Ltd.",NA,NA,NA,NA,NA,NA,NA,NA,NA,NA,NA,NA,NA,NA,NA,NA,NA,NA,NA,NA,NA,NA,NA,NA,NA,"793,70","$5,50",NA,NA,NA,NA,NA,NA,NA,NA,NA,NA,NA,NA,NA,NA,NA,NA,NA,NA,NA,NA,NA,NA,NA,NA,NA,NA,NA,NA,NA,NA,NA,NA,NA,NA,NA
Brazil,2024,NW,auction,Natural,https://allianceforcoffeeexcellence.org/brazil-2024/,11,NW☘️,NA,Fazenda  Pa Santa Cecilia,NA,NA,"88,07",success,NA,NA,NA,NA,"$3.174,40",NA,NA,Arara,NA,NA,NA,NA,NA,NA,"Wataru & Co., Ltd.",NA,NA,NA,NA,NA,NA,NA,NA,NA,NA,NA,NA,NA,NA,NA,NA,NA,NA,NA,NA,NA,NA,NA,NA,NA,"396,80","$8,00",NA,NA,NA,NA,NA,NA,NA,NA,NA,NA,NA,NA,NA,NA,NA,NA,NA,NA,NA,NA,NA,NA,NA,NA,NA,NA,NA,NA,NA,NA,NA,NA,NA,NA,NA
Brazil,2024,NW,auction,Natural,https://allianceforcoffeeexcellence.org/brazil-2024/,11,NW,NA,Sítio São Pedro,NA,NA,"87,89",success,NA,NA,NA,NA,"$3.174,40",NA,NA,SL28 & Geisha,NA,NA,NA,NA,NA,NA,"Wataru & Co., Ltd.",NA,NA,NA,NA,NA,NA,NA,NA,NA,NA,NA,NA,NA,NA,NA,NA,NA,NA,NA,NA,NA,NA,NA,NA,NA,"396,8","$8,00",NA,NA,NA,NA,NA,NA,NA,NA,NA,NA,NA,NA,NA,NA,NA,NA,NA,NA,NA,NA,NA,NA,NA,NA,NA,NA,NA,NA,NA,NA,NA,NA,NA,NA,NA
Brazil,2024,NW,auction,Natural,https://allianceforcoffeeexcellence.org/brazil-2024/,11,NW,NA,Fazenda Chapadão – Dbarbosa Coffee,NA,NA,"86,75",success,NA,NA,NA,NA,"$2.804,23",NA,NA,Catucaí Amarelo,NA,NA,NA,NA,NA,NA,Grupo CAFEZA,NA,NA,NA,NA,NA,NA,NA,NA,NA,NA,NA,NA,NA,NA,NA,NA,NA,NA,NA,NA,NA,NA,NA,NA,NA,"529,1","$5,30",NA,NA,NA,NA,NA,NA,NA,NA,NA,NA,NA,NA,NA,NA,NA,NA,NA,NA,NA,NA,NA,NA,NA,NA,NA,NA,NA,NA,NA,NA,NA,NA,NA,NA,NA
Brazil,2024,NW,auction,Experimental,https://allianceforcoffeeexcellence.org/brazil-2024/,12,NW,NA,Sitio Coffe Mel,NA,NA,"86,75",success,NA,NA,NA,NA,"$2.023,68",NA,NA,Catuaí,NA,NA,NA,NA,NA,NA,SAVAYA COFFEE LLC,NA,NA,NA,NA,NA,NA,NA,NA,NA,NA,NA,NA,NA,NA,NA,NA,NA,NA,NA,NA,NA,NA,NA,NA,NA,"396,8","$5,10",NA,NA,NA,NA,NA,NA,NA,NA,NA,NA,NA,NA,NA,NA,NA,NA,NA,NA,NA,NA,NA,NA,NA,NA,NA,NA,NA,NA,NA,NA,NA,NA,NA,NA,NA
Brazil,2025,COE,auction,Washed + Honey,https://allianceforcoffeeexcellence.org/brazil-2025/,4,1A,NA,Fazenda Agua Limpa,NA,NA,"91,37",success,NA,NA,NA,NA,$10932.94,NA,NA,NA,NA,NA,NA,NA,NA,NA,"Snow Beans Coffee, YN Coffee",NA,NA,NA,NA,NA,NA,NA,NA,NA,NA,NA,NA,NA,NA,NA,NA,NA,NA,NA,NA,NA,NA,NA,NA,NA,198.42lbs,$55.10/lb,NA,NA,NA,NA,NA,NA,NA,NA,NA,NA,NA,NA,NA,NA,NA,NA,NA,NA,NA,NA,NA,NA,NA,NA,NA,NA,NA,NA,NA,NA,NA,NA,NA,NA,NA
Brazil,2025,COE,auction,Washed + Honey,https://allianceforcoffeeexcellence.org/brazil-2025/,4,1B,NA,Fazenda Agua Limpa,NA,NA,"91,37",success,NA,NA,NA,NA,$8055.85,NA,NA,NA,NA,NA,NA,NA,NA,NA,HoneyCoffee (Izaki Coffee Co. Ltd),NA,NA,NA,NA,NA,NA,NA,NA,NA,NA,NA,NA,NA,NA,NA,NA,NA,NA,NA,NA,NA,NA,NA,NA,NA,198.42lbs,$40.60/lb,NA,NA,NA,NA,NA,NA,NA,NA,NA,NA,NA,NA,NA,NA,NA,NA,NA,NA,NA,NA,NA,NA,NA,NA,NA,NA,NA,NA,NA,NA,NA,NA,NA,NA,NA
Brazil,2025,COE,auction,Washed + Honey,https://allianceforcoffeeexcellence.org/brazil-2025/,4,2,NA,Fazenda Boa Vista,NA,NA,"90,82",success,NA,NA,NA,NA,$12381.10,NA,NA,NA,NA,NA,NA,NA,NA,NA,Sarutahiko Coffee Inc.,NA,NA,NA,NA,NA,NA,NA,NA,NA,NA,NA,NA,NA,NA,NA,NA,NA,NA,NA,NA,NA,NA,NA,NA,NA,793.66lbs,$15.60/lb,NA,NA,NA,NA,NA,NA,NA,NA,NA,NA,NA,NA,NA,NA,NA,NA,NA,NA,NA,NA,NA,NA,NA,NA,NA,NA,NA,NA,NA,NA,NA,NA,NA,NA,NA
Brazil,2025,COE,auction,Washed + Honey,https://allianceforcoffeeexcellence.org/brazil-2025/,4,3,NA,Fazenda Água Limpa,NA,NA,"90,5o",success,NA,NA,NA,NA,$14762.08,NA,NA,NA,NA,NA,NA,NA,NA,NA,Angelino’s Coffee,NA,NA,NA,NA,NA,NA,NA,NA,NA,NA,NA,NA,NA,NA,NA,NA,NA,NA,NA,NA,NA,NA,NA,NA,NA,396.83lbs,$37.20/lb,NA,NA,NA,NA,NA,NA,NA,NA,NA,NA,NA,NA,NA,NA,NA,NA,NA,NA,NA,NA,NA,NA,NA,NA,NA,NA,NA,NA,NA,NA,NA,NA,NA,NA,NA
Brazil,2025,COE,auction,Washed + Honey,https://allianceforcoffeeexcellence.org/brazil-2025/,4,4,NA,Sitio Pedro Varinhas,NA,NA,"90,08",success,NA,NA,NA,NA,$6746.11,NA,NA,NA,NA,NA,NA,NA,NA,NA,Vivid Coffee,NA,NA,NA,NA,NA,NA,NA,NA,NA,NA,NA,NA,NA,NA,NA,NA,NA,NA,NA,NA,NA,NA,NA,NA,NA,396.83lbs,$17.00/lb,NA,NA,NA,NA,NA,NA,NA,NA,NA,NA,NA,NA,NA,NA,NA,NA,NA,NA,NA,NA,NA,NA,NA,NA,NA,NA,NA,NA,NA,NA,NA,NA,NA,NA,NA
Brazil,2025,COE,auction,Washed + Honey,https://allianceforcoffeeexcellence.org/brazil-2025/,4,5,NA,Fazenda Canastra,NA,NA,"89,32",success,NA,NA,NA,NA,$8994.90,NA,NA,NA,NA,NA,NA,NA,NA,NA,MI Coffee Corporation,NA,NA,NA,NA,NA,NA,NA,NA,NA,NA,NA,NA,NA,NA,NA,NA,NA,NA,NA,NA,NA,NA,NA,NA,NA,661.39lbs,$13.60/lb,NA,NA,NA,NA,NA,NA,NA,NA,NA,NA,NA,NA,NA,NA,NA,NA,NA,NA,NA,NA,NA,NA,NA,NA,NA,NA,NA,NA,NA,NA,NA,NA,NA,NA,NA
Brazil,2025,COE,auction,Washed + Honey,https://allianceforcoffeeexcellence.org/brazil-2025/,4,6,NA,Sitio Vargem Grande,NA,NA,"88,34",success,NA,NA,NA,NA,$9061.04,NA,NA,NA,NA,NA,NA,NA,NA,NA,"Wataru & Co., Ltd.",NA,NA,NA,NA,NA,NA,NA,NA,NA,NA,NA,NA,NA,NA,NA,NA,NA,NA,NA,NA,NA,NA,NA,NA,NA,661.39lbs,$13.70/lb,NA,NA,NA,NA,NA,NA,NA,NA,NA,NA,NA,NA,NA,NA,NA,NA,NA,NA,NA,NA,NA,NA,NA,NA,NA,NA,NA,NA,NA,NA,NA,NA,NA,NA,NA
Brazil,2025,COE,auction,Washed + Honey,https://allianceforcoffeeexcellence.org/brazil-2025/,4,7,NA,Fazenda Santa Cecília,NA,NA,"88,21",success,NA,NA,NA,NA,$6031.82,NA,NA,NA,NA,NA,NA,NA,NA,NA,CAFEZA,NA,NA,NA,NA,NA,NA,NA,NA,NA,NA,NA,NA,NA,NA,NA,NA,NA,NA,NA,NA,NA,NA,NA,NA,NA,396.83lbs,$15.20/lb,NA,NA,NA,NA,NA,NA,NA,NA,NA,NA,NA,NA,NA,NA,NA,NA,NA,NA,NA,NA,NA,NA,NA,NA,NA,NA,NA,NA,NA,NA,NA,NA,NA,NA,NA
Brazil,2025,COE,auction,Washed + Honey,https://allianceforcoffeeexcellence.org/brazil-2025/,4,8,NA,Sítio Córrego Frio,NA,NA,"87,71",success,NA,NA,NA,NA,$5396.89,NA,NA,NA,NA,NA,NA,NA,NA,NA,NOZY COFFEE,NA,NA,NA,NA,NA,NA,NA,NA,NA,NA,NA,NA,NA,NA,NA,NA,NA,NA,NA,NA,NA,NA,NA,NA,NA,396.83lbs,$13.60/lb,NA,NA,NA,NA,NA,NA,NA,NA,NA,NA,NA,NA,NA,NA,NA,NA,NA,NA,NA,NA,NA,NA,NA,NA,NA,NA,NA,NA,NA,NA,NA,NA,NA,NA,NA
Brazil,2025,COE,auction,Washed + Honey,https://allianceforcoffeeexcellence.org/brazil-2025/,4,9,NA,Sitio Santa Terezinha,NA,NA,"87,42",success,NA,NA,NA,NA,$8598.07,NA,NA,NA,NA,NA,NA,NA,NA,NA,BP COMMERCE,NA,NA,NA,NA,NA,NA,NA,NA,NA,NA,NA,NA,NA,NA,NA,NA,NA,NA,NA,NA,NA,NA,NA,NA,NA,661.39lbs,$13.00/lb,NA,NA,NA,NA,NA,NA,NA,NA,NA,NA,NA,NA,NA,NA,NA,NA,NA,NA,NA,NA,NA,NA,NA,NA,NA,NA,NA,NA,NA,NA,NA,NA,NA,NA,NA
Brazil,2025,COE,auction,Washed + Honey,https://allianceforcoffeeexcellence.org/brazil-2025/,4,10,NA,Sítio Capadócia Ii,NA,NA,"87,37",success,NA,NA,NA,NA,$9061.04,NA,NA,NA,NA,NA,NA,NA,NA,NA,Fadie Sasaguri Roastery Corporation,NA,NA,NA,NA,NA,NA,NA,NA,NA,NA,NA,NA,NA,NA,NA,NA,NA,NA,NA,NA,NA,NA,NA,NA,NA,661.39lbs,$13.70/lb,NA,NA,NA,NA,NA,NA,NA,NA,NA,NA,NA,NA,NA,NA,NA,NA,NA,NA,NA,NA,NA,NA,NA,NA,NA,NA,NA,NA,NA,NA,NA,NA,NA,NA,NA
Brazil,2025,COE,auction,Natural,https://allianceforcoffeeexcellence.org/brazil-2025/,5,1A,NA,Fazenda Aracaçu,NA,NA,"90,79",success,NA,NA,NA,NA,$17222.21,NA,NA,NA,NA,NA,NA,NA,NA,NA,"Snow Beans Coffee,ASSIST COFFEE ROASTERY,KURIHARA COFFEE ROASTERS",NA,NA,NA,NA,NA,NA,NA,NA,NA,NA,NA,NA,NA,NA,NA,NA,NA,NA,NA,NA,NA,NA,NA,NA,NA,264.55lbs,$65.10/lb,NA,NA,NA,NA,NA,NA,NA,NA,NA,NA,NA,NA,NA,NA,NA,NA,NA,NA,NA,NA,NA,NA,NA,NA,NA,NA,NA,NA,NA,NA,NA,NA,NA,NA,NA
Brazil,2025,COE,auction,Natural,https://allianceforcoffeeexcellence.org/brazil-2025/,5,1B,NA,Fazenda Aracaçu,NA,NA,"90,79",success,NA,NA,NA,NA,$17195.75,NA,NA,NA,NA,NA,NA,NA,NA,NA,Angelino’s Coffee,NA,NA,NA,NA,NA,NA,NA,NA,NA,NA,NA,NA,NA,NA,NA,NA,NA,NA,NA,NA,NA,NA,NA,NA,NA,264.55lbs,$65.00/lb,NA,NA,NA,NA,NA,NA,NA,NA,NA,NA,NA,NA,NA,NA,NA,NA,NA,NA,NA,NA,NA,NA,NA,NA,NA,NA,NA,NA,NA,NA,NA,NA,NA,NA,NA
Brazil,2025,COE,auction,Natural,https://allianceforcoffeeexcellence.org/brazil-2025/,5,2,NA,Fazenda Sucuri,NA,NA,"90,32",success,NA,NA,NA,NA,$10000.15,NA,NA,NA,NA,NA,NA,NA,NA,NA,Sarutahiko Coffee Inc.,NA,NA,NA,NA,NA,NA,NA,NA,NA,NA,NA,NA,NA,NA,NA,NA,NA,NA,NA,NA,NA,NA,NA,NA,NA,462.97lbs,$21.60/lb,NA,NA,NA,NA,NA,NA,NA,NA,NA,NA,NA,NA,NA,NA,NA,NA,NA,NA,NA,NA,NA,NA,NA,NA,NA,NA,NA,NA,NA,NA,NA,NA,NA,NA,NA
Brazil,2025,COE,auction,Natural,https://allianceforcoffeeexcellence.org/brazil-2025/,5,3,NA,Fazenda Chapadão,NA,NA,"90,11",success,NA,NA,NA,NA,$10383.82,NA,NA,NA,NA,NA,NA,NA,NA,NA,SENSEL COFFEE,NA,NA,NA,NA,NA,NA,NA,NA,NA,NA,NA,NA,NA,NA,NA,NA,NA,NA,NA,NA,NA,NA,NA,NA,NA,661.39lbs,$15.70/lb,NA,NA,NA,NA,NA,NA,NA,NA,NA,NA,NA,NA,NA,NA,NA,NA,NA,NA,NA,NA,NA,NA,NA,NA,NA,NA,NA,NA,NA,NA,NA,NA,NA,NA,NA
Brazil,2025,COE,auction,Natural,https://allianceforcoffeeexcellence.org/brazil-2025/,5,4,NA,Fazenda Olhos D’Água,NA,NA,"89,55",success,NA,NA,NA,NA,$6031.82,NA,NA,NA,NA,NA,NA,NA,NA,NA,Dongsuh Foods Corporation,NA,NA,NA,NA,NA,NA,NA,NA,NA,NA,NA,NA,NA,NA,NA,NA,NA,NA,NA,NA,NA,NA,NA,NA,NA,396.83lbs,$15.20/lb,NA,NA,NA,NA,NA,NA,NA,NA,NA,NA,NA,NA,NA,NA,NA,NA,NA,NA,NA,NA,NA,NA,NA,NA,NA,NA,NA,NA,NA,NA,NA,NA,NA,NA,NA
Brazil,2025,COE,auction,Natural,https://allianceforcoffeeexcellence.org/brazil-2025/,5,5,NA,Fazenda Sertão,NA,NA,"89,32",success,NA,NA,NA,NA,$13154.94,NA,NA,NA,NA,NA,NA,NA,NA,NA,"CAMEL COFFEE CO.,LTD. (KALDI COFFEE FARM)",NA,NA,NA,NA,NA,NA,NA,NA,NA,NA,NA,NA,NA,NA,NA,NA,NA,NA,NA,NA,NA,NA,NA,NA,NA,859.8lbs,$15.30/lb,NA,NA,NA,NA,NA,NA,NA,NA,NA,NA,NA,NA,NA,NA,NA,NA,NA,NA,NA,NA,NA,NA,NA,NA,NA,NA,NA,NA,NA,NA,NA,NA,NA,NA,NA
Brazil,2025,COE,auction,Natural,https://allianceforcoffeeexcellence.org/brazil-2025/,5,6,NA,Sitio Ponte Alta,NA,NA,"88,18",success,NA,NA,NA,NA,$11435.34,NA,NA,NA,NA,NA,NA,NA,NA,NA,honu加藤珈琲店株式会社,NA,NA,NA,NA,NA,NA,NA,NA,NA,NA,NA,NA,NA,NA,NA,NA,NA,NA,NA,NA,NA,NA,NA,NA,NA,859.8lbs,$13.30/lb,NA,NA,NA,NA,NA,NA,NA,NA,NA,NA,NA,NA,NA,NA,NA,NA,NA,NA,NA,NA,NA,NA,NA,NA,NA,NA,NA,NA,NA,NA,NA,NA,NA,NA,NA
Brazil,2025,COE,auction,Natural,https://allianceforcoffeeexcellence.org/brazil-2025/,5,7,NA,Sitio Ponte Alta,NA,NA,"88,08",success,NA,NA,NA,NA,$10403.58,NA,NA,NA,NA,NA,NA,NA,NA,NA,Wataru for TAKAMURA COFFEE ROASTERS,NA,NA,NA,NA,NA,NA,NA,NA,NA,NA,NA,NA,NA,NA,NA,NA,NA,NA,NA,NA,NA,NA,NA,NA,NA,859.8lbs,$12.10/lb,NA,NA,NA,NA,NA,NA,NA,NA,NA,NA,NA,NA,NA,NA,NA,NA,NA,NA,NA,NA,NA,NA,NA,NA,NA,NA,NA,NA,NA,NA,NA,NA,NA,NA,NA
Brazil,2025,COE,auction,Natural,https://allianceforcoffeeexcellence.org/brazil-2025/,5,8,NA,Sítio Santa Fé,NA,NA,"88,05",success,NA,NA,NA,NA,$5952.45,NA,NA,NA,NA,NA,NA,NA,NA,NA,"Greenoak Coffee,  103 Coffee Roasters",NA,NA,NA,NA,NA,NA,NA,NA,NA,NA,NA,NA,NA,NA,NA,NA,NA,NA,NA,NA,NA,NA,NA,NA,NA,396.83lbs,$15.00/lb,NA,NA,NA,NA,NA,NA,NA,NA,NA,NA,NA,NA,NA,NA,NA,NA,NA,NA,NA,NA,NA,NA,NA,NA,NA,NA,NA,NA,NA,NA,NA,NA,NA,NA,NA
Brazil,2025,COE,auction,Natural,https://allianceforcoffeeexcellence.org/brazil-2025/,5,9,NA,Fazenda Santa Terezinha,NA,NA,"87,66",success,NA,NA,NA,NA,$5509.34,NA,NA,NA,NA,NA,NA,NA,NA,NA,CAFEZA,NA,NA,NA,NA,NA,NA,NA,NA,NA,NA,NA,NA,NA,NA,NA,NA,NA,NA,NA,NA,NA,NA,NA,NA,NA,462.97lbs,$11.90/lb,NA,NA,NA,NA,NA,NA,NA,NA,NA,NA,NA,NA,NA,NA,NA,NA,NA,NA,NA,NA,NA,NA,NA,NA,NA,NA,NA,NA,NA,NA,NA,NA,NA,NA,NA
Brazil,2025,COE,auction,Natural,https://allianceforcoffeeexcellence.org/brazil-2025/,5,10,NA,Fazenda Vale Do Cristal,NA,NA,"87,58",success,NA,NA,NA,NA,$9841.38,NA,NA,NA,NA,NA,NA,NA,NA,NA,"Wataru & Co., Ltd.",NA,NA,NA,NA,NA,NA,NA,NA,NA,NA,NA,NA,NA,NA,NA,NA,NA,NA,NA,NA,NA,NA,NA,NA,NA,793.66lbs,$12.40/lb,NA,NA,NA,NA,NA,NA,NA,NA,NA,NA,NA,NA,NA,NA,NA,NA,NA,NA,NA,NA,NA,NA,NA,NA,NA,NA,NA,NA,NA,NA,NA,NA,NA,NA,NA
Brazil,2025,COE,auction,Experimental,https://allianceforcoffeeexcellence.org/brazil-2025/,6,1A,NA,Fazenda Rio Verde,NA,NA,"91,68",success,NA,NA,NA,NA,$12182.99,NA,NA,NA,NA,NA,NA,NA,NA,NA,CAFEZA,NA,NA,NA,NA,NA,NA,NA,NA,NA,NA,NA,NA,NA,NA,NA,NA,NA,NA,NA,NA,NA,NA,NA,NA,NA,198.42lbs,$61.40/lb,NA,NA,NA,NA,NA,NA,NA,NA,NA,NA,NA,NA,NA,NA,NA,NA,NA,NA,NA,NA,NA,NA,NA,NA,NA,NA,NA,NA,NA,NA,NA,NA,NA,NA,NA
Brazil,2025,COE,auction,Experimental,https://allianceforcoffeeexcellence.org/brazil-2025/,6,1B,NA,Fazenda Rio Verde,NA,NA,"91,68",success,NA,NA,NA,NA,$12163.15,NA,NA,NA,NA,NA,NA,NA,NA,NA,DECAMERON COFFEE 十日谈,NA,NA,NA,NA,NA,NA,NA,NA,NA,NA,NA,NA,NA,NA,NA,NA,NA,NA,NA,NA,NA,NA,NA,NA,NA,198.42lbs,$61.30/lb,NA,NA,NA,NA,NA,NA,NA,NA,NA,NA,NA,NA,NA,NA,NA,NA,NA,NA,NA,NA,NA,NA,NA,NA,NA,NA,NA,NA,NA,NA,NA,NA,NA,NA,NA
Brazil,2025,COE,auction,Experimental,https://allianceforcoffeeexcellence.org/brazil-2025/,6,2,NA,Fazenda Rancho Grande,NA,NA,"91,11",success,NA,NA,NA,NA,$29894.83,NA,NA,NA,NA,NA,NA,NA,NA,NA,TRUTH ROASTERY,NA,NA,NA,NA,NA,NA,NA,NA,NA,NA,NA,NA,NA,NA,NA,NA,NA,NA,NA,NA,NA,NA,NA,NA,NA,661.39lbs,$45.20/lb,NA,NA,NA,NA,NA,NA,NA,NA,NA,NA,NA,NA,NA,NA,NA,NA,NA,NA,NA,NA,NA,NA,NA,NA,NA,NA,NA,NA,NA,NA,NA,NA,NA,NA,NA
Brazil,2025,COE,auction,Experimental,https://allianceforcoffeeexcellence.org/brazil-2025/,6,3,NA,Sitio Sao Sebastiao,NA,NA,"90,29",success,NA,NA,NA,NA,$6746.11,NA,NA,NA,NA,NA,NA,NA,NA,NA,CAFEZA,NA,NA,NA,NA,NA,NA,NA,NA,NA,NA,NA,NA,NA,NA,NA,NA,NA,NA,NA,NA,NA,NA,NA,NA,NA,396.83lbs,$17.00/lb,NA,NA,NA,NA,NA,NA,NA,NA,NA,NA,NA,NA,NA,NA,NA,NA,NA,NA,NA,NA,NA,NA,NA,NA,NA,NA,NA,NA,NA,NA,NA,NA,NA,NA,NA
Brazil,2025,COE,auction,Experimental,https://allianceforcoffeeexcellence.org/brazil-2025/,6,4,NA,Fazenda Olhos D’Água,NA,NA,"89,89",success,NA,NA,NA,NA,$8055.65,NA,NA,NA,NA,NA,NA,NA,NA,NA,"Ryans Coffee Roasters Haodee Coffee Roasters, MAGE COFFEE, Citric meets Malic, Vivid Coffee",NA,NA,NA,NA,NA,NA,NA,NA,NA,NA,NA,NA,NA,NA,NA,NA,NA,NA,NA,NA,NA,NA,NA,NA,NA,396.83lbs,$20.30/lb,NA,NA,NA,NA,NA,NA,NA,NA,NA,NA,NA,NA,NA,NA,NA,NA,NA,NA,NA,NA,NA,NA,NA,NA,NA,NA,NA,NA,NA,NA,NA,NA,NA,NA,NA
Brazil,2025,COE,auction,Experimental,https://allianceforcoffeeexcellence.org/brazil-2025/,6,5,NA,Casa Brás,NA,NA,"89,11",success,NA,NA,NA,NA,$7453.82,NA,NA,NA,NA,NA,NA,NA,NA,NA,Solberg & Hansen As,NA,NA,NA,NA,NA,NA,NA,NA,NA,NA,NA,NA,NA,NA,NA,NA,NA,NA,NA,NA,NA,NA,NA,NA,NA,462.97lbs,$16.10/lb,NA,NA,NA,NA,NA,NA,NA,NA,NA,NA,NA,NA,NA,NA,NA,NA,NA,NA,NA,NA,NA,NA,NA,NA,NA,NA,NA,NA,NA,NA,NA,NA,NA,NA,NA
Brazil,2025,COE,auction,Experimental,https://allianceforcoffeeexcellence.org/brazil-2025/,6,6,NA,Fazenda Abaete Dos Mendes,NA,NA,"89,08",success,NA,NA,NA,NA,$8690.58,NA,NA,NA,NA,NA,NA,NA,NA,NA,Sulalat,NA,NA,NA,NA,NA,NA,NA,NA,NA,NA,NA,NA,NA,NA,NA,NA,NA,NA,NA,NA,NA,NA,NA,NA,NA,396.83lbs,$21.90/lb,NA,NA,NA,NA,NA,NA,NA,NA,NA,NA,NA,NA,NA,NA,NA,NA,NA,NA,NA,NA,NA,NA,NA,NA,NA,NA,NA,NA,NA,NA,NA,NA,NA,NA,NA
Brazil,2025,COE,auction,Experimental,https://allianceforcoffeeexcellence.org/brazil-2025/,6,7,NA,Fazenda Boa Vista De Pinhal 2,NA,NA,"88,82",success,NA,NA,NA,NA,$7460.40,NA,NA,NA,NA,NA,NA,NA,NA,NA,Sulalat,NA,NA,NA,NA,NA,NA,NA,NA,NA,NA,NA,NA,NA,NA,NA,NA,NA,NA,NA,NA,NA,NA,NA,NA,NA,396.83lbs,$18.80/lb,NA,NA,NA,NA,NA,NA,NA,NA,NA,NA,NA,NA,NA,NA,NA,NA,NA,NA,NA,NA,NA,NA,NA,NA,NA,NA,NA,NA,NA,NA,NA,NA,NA,NA,NA
Brazil,2025,COE,auction,Experimental,https://allianceforcoffeeexcellence.org/brazil-2025/,6,8,NA,Fazenda Água Limpa,NA,NA,"88,37",success,NA,NA,NA,NA,$7037.14,NA,NA,NA,NA,NA,NA,NA,NA,NA,Ecofarm Coffee(China) for 有容乃大Small Arms Big Heart、CHG（手多多咖啡）、中国武汉铜山里TONGSHANLI COFFEE、Always Coffee Roaster、SOUL BEAN 树本,NA,NA,NA,NA,NA,NA,NA,NA,NA,NA,NA,NA,NA,NA,NA,NA,NA,NA,NA,NA,NA,NA,NA,NA,NA,462.97lbs,$15.20/lb,NA,NA,NA,NA,NA,NA,NA,NA,NA,NA,NA,NA,NA,NA,NA,NA,NA,NA,NA,NA,NA,NA,NA,NA,NA,NA,NA,NA,NA,NA,NA,NA,NA,NA,NA
Brazil,2025,COE,auction,Experimental,https://allianceforcoffeeexcellence.org/brazil-2025/,6,9,NA,Fazenda Das Almas,NA,NA,"88,24",success,NA,NA,NA,NA,$8015.97,NA,NA,NA,NA,NA,NA,NA,NA,NA,Idle Hands Roasting Co.,NA,NA,NA,NA,NA,NA,NA,NA,NA,NA,NA,NA,NA,NA,NA,NA,NA,NA,NA,NA,NA,NA,NA,NA,NA,396.83lbs,$20.20/lb,NA,NA,NA,NA,NA,NA,NA,NA,NA,NA,NA,NA,NA,NA,NA,NA,NA,NA,NA,NA,NA,NA,NA,NA,NA,NA,NA,NA,NA,NA,NA,NA,NA,NA,NA
Brazil,2025,COE,auction,Experimental,https://allianceforcoffeeexcellence.org/brazil-2025/,6,10,NA,Fazenda Santa Terezinha,NA,NA,"88,16",success,NA,NA,NA,NA,$4841.33,NA,NA,NA,NA,NA,NA,NA,NA,NA,"Wataru & Co., Ltd.",NA,NA,NA,NA,NA,NA,NA,NA,NA,NA,NA,NA,NA,NA,NA,NA,NA,NA,NA,NA,NA,NA,NA,NA,NA,396.83lbs,$12.20/lb,NA,NA,NA,NA,NA,NA,NA,NA,NA,NA,NA,NA,NA,NA,NA,NA,NA,NA,NA,NA,NA,NA,NA,NA,NA,NA,NA,NA,NA,NA,NA,NA,NA,NA,NA
Brazil,2025,NW,auction,Washed + Honey,https://allianceforcoffeeexcellence.org/brazil-2025/,10,NW,NA,Dom Silvério,NA,NA,"87,3",success,NA,NA,NA,NA,$5310.97,NA,NA,NA,NA,NA,NA,NA,NA,NA,"Wataru & Co., Ltd.",NA,NA,NA,NA,NA,NA,NA,NA,NA,NA,NA,NA,NA,NA,NA,NA,NA,NA,NA,NA,NA,NA,NA,NA,NA,727.53lbs,$7.30/lb,NA,NA,NA,NA,NA,NA,NA,NA,NA,NA,NA,NA,NA,NA,NA,NA,NA,NA,NA,NA,NA,NA,NA,NA,NA,NA,NA,NA,NA,NA,NA,NA,NA,NA,NA
Brazil,2025,NW,auction,Washed + Honey,https://allianceforcoffeeexcellence.org/brazil-2025/,10,NW,NA,Fazenda Moinho,NA,NA,"86,2",success,NA,NA,NA,NA,$5244.78,NA,NA,NA,NA,NA,NA,NA,NA,NA,Savaya Coffee LLC,NA,NA,NA,NA,NA,NA,NA,NA,NA,NA,NA,NA,NA,NA,NA,NA,NA,NA,NA,NA,NA,NA,NA,NA,NA,859.8lbs,$6.10/lb,NA,NA,NA,NA,NA,NA,NA,NA,NA,NA,NA,NA,NA,NA,NA,NA,NA,NA,NA,NA,NA,NA,NA,NA,NA,NA,NA,NA,NA,NA,NA,NA,NA,NA,NA
Brazil,2025,NW,auction,Natural,https://allianceforcoffeeexcellence.org/brazil-2025/,11,NW,NA,Fazenda vale encantado,NA,NA,"87,60",success,NA,NA,NA,NA,$5079.42,NA,NA,NA,NA,NA,NA,NA,NA,NA,Savaya Coffee LLC,NA,NA,NA,NA,NA,NA,NA,NA,NA,NA,NA,NA,NA,NA,NA,NA,NA,NA,NA,NA,NA,NA,NA,NA,NA,793.66lbs,$6.40/lb,NA,NA,NA,NA,NA,NA,NA,NA,NA,NA,NA,NA,NA,NA,NA,NA,NA,NA,NA,NA,NA,NA,NA,NA,NA,NA,NA,NA,NA,NA,NA,NA,NA,NA,NA
Brazil,2025,NW,auction,Natural,https://allianceforcoffeeexcellence.org/brazil-2025/,11,NW,NA,Fazenda Barra Funda,NA,NA,"87,00",success,NA,NA,NA,NA,$2380.98,NA,NA,NA,NA,NA,NA,NA,NA,NA,ROAST Cafés,NA,NA,NA,NA,NA,NA,NA,NA,NA,NA,NA,NA,NA,NA,NA,NA,NA,NA,NA,NA,NA,NA,NA,NA,NA,396.83lbs,$6.00/lb,NA,NA,NA,NA,NA,NA,NA,NA,NA,NA,NA,NA,NA,NA,NA,NA,NA,NA,NA,NA,NA,NA,NA,NA,NA,NA,NA,NA,NA,NA,NA,NA,NA,NA,NA
Brazil,2025,NW,auction,Natural,https://allianceforcoffeeexcellence.org/brazil-2025/,11,NW,NA,Vista Alegre,NA,NA,"86,90",success,NA,NA,NA,NA,$2440.50,NA,NA,NA,NA,NA,NA,NA,NA,NA,CAFEZA,NA,NA,NA,NA,NA,NA,NA,NA,NA,NA,NA,NA,NA,NA,NA,NA,NA,NA,NA,NA,NA,NA,NA,NA,NA,396.83lbs,$6.15/lb,NA,NA,NA,NA,NA,NA,NA,NA,NA,NA,NA,NA,NA,NA,NA,NA,NA,NA,NA,NA,NA,NA,NA,NA,NA,NA,NA,NA,NA,NA,NA,NA,NA,NA,NA
Brazil,2025,NW,auction,Experimental,https://allianceforcoffeeexcellence.org/brazil-2025/,12,NW,NA,Sitio Da Serra,NA,NA,"87,9",success,NA,NA,NA,NA,$3287.09,NA,NA,NA,NA,NA,NA,NA,NA,NA,Savaya Coffee LLC,NA,NA,NA,NA,NA,NA,NA,NA,NA,NA,NA,NA,NA,NA,NA,NA,NA,NA,NA,NA,NA,NA,NA,NA,NA,462.97lbs,$7.10/lb,NA,NA,NA,NA,NA,NA,NA,NA,NA,NA,NA,NA,NA,NA,NA,NA,NA,NA,NA,NA,NA,NA,NA,NA,NA,NA,NA,NA,NA,NA,NA,NA,NA,NA,NA
Brazil,2025,NW,auction,Experimental,https://allianceforcoffeeexcellence.org/brazil-2025/,12,NW,NA,Fazenda Samambaia,NA,NA,"87,8",success,NA,NA,NA,NA,$2420.66,NA,NA,NA,NA,NA,NA,NA,NA,NA,Vivid Coffee,NA,NA,NA,NA,NA,NA,NA,NA,NA,NA,NA,NA,NA,NA,NA,NA,NA,NA,NA,NA,NA,NA,NA,NA,NA,396.83lbs,$6.10/lb,NA,NA,NA,NA,NA,NA,NA,NA,NA,NA,NA,NA,NA,NA,NA,NA,NA,NA,NA,NA,NA,NA,NA,NA,NA,NA,NA,NA,NA,NA,NA,NA,NA,NA,NA
Brazil,2025,NW,auction,Experimental,https://allianceforcoffeeexcellence.org/brazil-2025/,12,NW,NA,Fazenda Queixadas,NA,NA,"87,3",success,NA,NA,NA,NA,$2380.98,NA,NA,NA,NA,NA,NA,NA,NA,NA,CAFEZA,NA,NA,NA,NA,NA,NA,NA,NA,NA,NA,NA,NA,NA,NA,NA,NA,NA,NA,NA,NA,NA,NA,NA,NA,NA,396.83lbs,$6.00/lb,NA,NA,NA,NA,NA,NA,NA,NA,NA,NA,NA,NA,NA,NA,NA,NA,NA,NA,NA,NA,NA,NA,NA,NA,NA,NA,NA,NA,NA,NA,NA,NA,NA,NA,NA
Brazil,2025,NW,auction,Experimental,https://allianceforcoffeeexcellence.org/brazil-2025/,12,NW,NA,Sítio Mãe Da Providência,NA,NA,"87,2",success,NA,NA,NA,NA,$2817.49,NA,NA,NA,NA,NA,NA,NA,NA,NA,Savaya Coffee LLC,NA,NA,NA,NA,NA,NA,NA,NA,NA,NA,NA,NA,NA,NA,NA,NA,NA,NA,NA,NA,NA,NA,NA,NA,NA,396.83lbs,$7.10/lb,NA,NA,NA,NA,NA,NA,NA,NA,NA,NA,NA,NA,NA,NA,NA,NA,NA,NA,NA,NA,NA,NA,NA,NA,NA,NA,NA,NA,NA,NA,NA,NA,NA,NA,NA
Burundi,2017,NW,auction,NA,https://allianceforcoffeeexcellence.org/burundi-2017/,2,25,10,BUSINDE 2017,MATSITSI Zuberi – MATRACO,"GAHOMBO, KAYANZA",85.81,success,NA,25,10,$4.00/lb,"$5,176.44","Wataru & Co., Ltd.",NA,NA,NA,NA,NA,NA,NA,NA,NA,NA,NA,NA,NA,NA,NA,NA,NA,NA,NA,NA,NA,NA,NA,NA,NA,NA,NA,NA,NA,NA,NA,NA,NA,NA,NA,NA,NA,NA,NA,NA,NA,NA,NA,NA,NA,NA,NA,NA,NA,NA,NA,NA,NA,NA,NA,NA,NA,NA,NA,NA,NA,NA,NA,NA,NA,NA,NA,NA,NA,NA,NA
Burundi,2017,NW,auction,NA,https://allianceforcoffeeexcellence.org/burundi-2017/,2,27,11,HOREZO 2017,BIBURUWICAYE PROTAIS – COOP UBWIZA BW’IKAWA,"SONGA, BURURI",85.74,success,NA,27,11,$4.00/lb,"$5,820.20","Wataru & Co., Ltd.",NA,NA,NA,NA,NA,NA,NA,NA,NA,NA,NA,NA,NA,NA,NA,NA,NA,NA,NA,NA,NA,NA,NA,NA,NA,NA,NA,NA,NA,NA,NA,NA,NA,NA,NA,NA,NA,NA,NA,NA,NA,NA,NA,NA,NA,NA,NA,NA,NA,NA,NA,NA,NA,NA,NA,NA,NA,NA,NA,NA,NA,NA,NA,NA,NA,NA,NA,NA,NA,NA,NA
Burundi,2017,NW,auction,NA,https://allianceforcoffeeexcellence.org/burundi-2017/,2,29,16,MUNYINYA 2017,BABONANGENDA Etienne – MUNYINYA COFFEE,"BUTAGANZWA, KAYANZA",85.74,success,NA,29,16,-/lb,–,,NA,NA,NA,NA,NA,NA,NA,NA,NA,NA,NA,NA,NA,NA,NA,NA,NA,NA,NA,NA,NA,NA,NA,NA,NA,NA,NA,NA,NA,NA,NA,NA,NA,NA,NA,NA,NA,NA,NA,NA,NA,NA,NA,NA,NA,NA,NA,NA,NA,NA,NA,NA,NA,NA,NA,NA,NA,NA,NA,NA,NA,NA,NA,NA,NA,NA,NA,NA,NA,NA,NA
Burundi,2017,NW,auction,NA,https://allianceforcoffeeexcellence.org/burundi-2017/,2,30,17,GATARE 2017,KAYOYA Adelaide – SOGESTAL KAYANZA,"RANGO, KAYANZA",85.62,success,NA,30,17,-/lb,–,,NA,NA,NA,NA,NA,NA,NA,NA,NA,NA,NA,NA,NA,NA,NA,NA,NA,NA,NA,NA,NA,NA,NA,NA,NA,NA,NA,NA,NA,NA,NA,NA,NA,NA,NA,NA,NA,NA,NA,NA,NA,NA,NA,NA,NA,NA,NA,NA,NA,NA,NA,NA,NA,NA,NA,NA,NA,NA,NA,NA,NA,NA,NA,NA,NA,NA,NA,NA,NA,NA,NA
Burundi,2017,NW,auction,NA,https://allianceforcoffeeexcellence.org/burundi-2017/,2,31,17,MUNYINYA 2017,BABONANGENDA Etienne – MUNYINYA COFFEE – 2,"BUTAGANZWA, KAYANZA",85.57,success,NA,31,17,-/lb,–,,NA,NA,NA,NA,NA,NA,NA,NA,NA,NA,NA,NA,NA,NA,NA,NA,NA,NA,NA,NA,NA,NA,NA,NA,NA,NA,NA,NA,NA,NA,NA,NA,NA,NA,NA,NA,NA,NA,NA,NA,NA,NA,NA,NA,NA,NA,NA,NA,NA,NA,NA,NA,NA,NA,NA,NA,NA,NA,NA,NA,NA,NA,NA,NA,NA,NA,NA,NA,NA,NA,NA
Burundi,2017,NW,auction,NA,https://allianceforcoffeeexcellence.org/burundi-2017/,2,32,13,MUYEBE 2017,NSANZAMAHORO Salvator – COOP TWESE TWOTERIMBERE/ HORAMAMA COFFEE,"MUSIGATI, BUBANZA",85.52,success,NA,32,13,-/lb,–,,NA,NA,NA,NA,NA,NA,NA,NA,NA,NA,NA,NA,NA,NA,NA,NA,NA,NA,NA,NA,NA,NA,NA,NA,NA,NA,NA,NA,NA,NA,NA,NA,NA,NA,NA,NA,NA,NA,NA,NA,NA,NA,NA,NA,NA,NA,NA,NA,NA,NA,NA,NA,NA,NA,NA,NA,NA,NA,NA,NA,NA,NA,NA,NA,NA,NA,NA,NA,NA,NA,NA
Burundi,2017,NW,auction,NA,https://allianceforcoffeeexcellence.org/burundi-2017/,2,34,15,MUZENGA 2017,NAHIMANA Mariane – MUNYINYA COFFEE,"GIHOGAZI, KARUSI",85.21,success,NA,34,15,-/lb,–,,NA,NA,NA,NA,NA,NA,NA,NA,NA,NA,NA,NA,NA,NA,NA,NA,NA,NA,NA,NA,NA,NA,NA,NA,NA,NA,NA,NA,NA,NA,NA,NA,NA,NA,NA,NA,NA,NA,NA,NA,NA,NA,NA,NA,NA,NA,NA,NA,NA,NA,NA,NA,NA,NA,NA,NA,NA,NA,NA,NA,NA,NA,NA,NA,NA,NA,NA,NA,NA,NA,NA
Burundi,2017,NW,auction,NA,https://allianceforcoffeeexcellence.org/burundi-2017/,2,35,15,GACOKWE 2017,NIYONKURU Ezechiel – SOGESTAL KAYANZA,"RANGO, KAYANZA",85.10,success,NA,35,15,-/lb,–,,NA,NA,NA,NA,NA,NA,NA,NA,NA,NA,NA,NA,NA,NA,NA,NA,NA,NA,NA,NA,NA,NA,NA,NA,NA,NA,NA,NA,NA,NA,NA,NA,NA,NA,NA,NA,NA,NA,NA,NA,NA,NA,NA,NA,NA,NA,NA,NA,NA,NA,NA,NA,NA,NA,NA,NA,NA,NA,NA,NA,NA,NA,NA,NA,NA,NA,NA,NA,NA,NA,NA
Burundi,2017,NW,auction,NA,https://allianceforcoffeeexcellence.org/burundi-2017/,2,Stats:,Stats:,,,,,success,NA,,21,$4.00/lb,"$10,996.64",NA,NA,NA,NA,NA,NA,NA,NA,NA,NA,NA,NA,NA,NA,NA,NA,NA,NA,NA,NA,NA,NA,NA,NA,NA,NA,NA,NA,NA,NA,NA,NA,NA,NA,NA,NA,NA,NA,NA,NA,NA,NA,NA,NA,NA,NA,NA,NA,NA,NA,NA,NA,NA,NA,NA,NA,NA,NA,NA,NA,NA,NA,NA,NA,NA,NA,NA,NA,NA,NA,NA,NA
Burundi,2018,NW,auction,NA,https://allianceforcoffeeexcellence.org/burundi-2018/,2,30,37,NA,NA,"KAYANZA, RANGO",85.93,success,NA,NA,NA,,,,NA,NA,NA,NA,NA,NA,NA,NA,NA,NA,NA,NA,NA,NA,NA,NA,NA,NA,NA,NA,NA,NA,NA,NA,NA,NA,NA,NA,NA,NA,NA,NA,NA,NA,NA,NA,NA,NA,GACOKWE,SOGESTAL KAYANZA,Bourbon/Washed,NA,NA,NA,NA,NA,NA,NA,NA,NA,NA,NA,NA,NA,NA,NA,NA,NA,NA,NA,NA,NA,NA,NA,NA,NA,NA,NA,NA,NA,NA
Burundi,2018,NW,auction,NA,https://allianceforcoffeeexcellence.org/burundi-2018/,2,31,18,NA,NA,"MUYINGA, MUYINGA",85.89,success,NA,NA,NA,,,,NA,NA,NA,NA,NA,NA,NA,NA,NA,NA,NA,NA,NA,NA,NA,NA,NA,NA,NA,NA,NA,NA,NA,NA,NA,NA,NA,NA,NA,NA,NA,NA,NA,NA,NA,NA,NA,NA,MIZUGA,MICOSTA 2,Bourbon/Washed,NA,NA,NA,NA,NA,NA,NA,NA,NA,NA,NA,NA,NA,NA,NA,NA,NA,NA,NA,NA,NA,NA,NA,NA,NA,NA,NA,NA,NA,NA
Burundi,2018,NW,auction,NA,https://allianceforcoffeeexcellence.org/burundi-2018/,2,32,9,NA,NA,"NGOZI, NYAMURENZA",85.82,success,NA,NA,NA,,,,NA,NA,NA,NA,NA,NA,NA,NA,NA,NA,NA,NA,NA,NA,NA,NA,NA,NA,NA,NA,NA,NA,NA,NA,NA,NA,NA,NA,NA,NA,NA,NA,NA,NA,NA,NA,NA,NA,KAGOMA,GREENCO,Bourbon/Washed,NA,NA,NA,NA,NA,NA,NA,NA,NA,NA,NA,NA,NA,NA,NA,NA,NA,NA,NA,NA,NA,NA,NA,NA,NA,NA,NA,NA,NA,NA
Burundi,2018,NW,auction,NA,https://allianceforcoffeeexcellence.org/burundi-2018/,2,33,38,NA,NA,"KAYANZA, MATONGO",85.64,success,NA,NA,NA,,,,NA,NA,NA,NA,NA,NA,NA,NA,NA,NA,NA,NA,NA,NA,NA,NA,NA,NA,NA,NA,NA,NA,NA,NA,NA,NA,NA,NA,NA,NA,NA,NA,NA,NA,NA,NA,NA,NA,GWIRI,COOP YAGIKAWA,Bourbon/Washed,NA,NA,NA,NA,NA,NA,NA,NA,NA,NA,NA,NA,NA,NA,NA,NA,NA,NA,NA,NA,NA,NA,NA,NA,NA,NA,NA,NA,NA,NA
Burundi,2018,NW,auction,NA,https://allianceforcoffeeexcellence.org/burundi-2018/,2,34,28,NA,NA,"KAYANZA, MATONGO",85.39,success,NA,NA,NA,,,,NA,NA,NA,NA,NA,NA,NA,NA,NA,NA,NA,NA,NA,NA,NA,NA,NA,NA,NA,NA,NA,NA,NA,NA,NA,NA,NA,NA,NA,NA,NA,NA,NA,NA,NA,NA,NA,NA,MPEMBA,COOP KAZOZANIKAWA,Bourbon/Washed,NA,NA,NA,NA,NA,NA,NA,NA,NA,NA,NA,NA,NA,NA,NA,NA,NA,NA,NA,NA,NA,NA,NA,NA,NA,NA,NA,NA,NA,NA
Burundi,2018,NW,auction,NA,https://allianceforcoffeeexcellence.org/burundi-2018/,2,35,34,NA,NA,"KAYANZA, MATONGO",85.21,success,NA,NA,NA,,,,NA,NA,NA,NA,NA,NA,NA,NA,NA,NA,NA,NA,NA,NA,NA,NA,NA,NA,NA,NA,NA,NA,NA,NA,NA,NA,NA,NA,NA,NA,NA,NA,NA,NA,NA,NA,NA,NA,KINYOVU,SOGESTAL KAYANZA,Bourbon/Washed,NA,NA,NA,NA,NA,NA,NA,NA,NA,NA,NA,NA,NA,NA,NA,NA,NA,NA,NA,NA,NA,NA,NA,NA,NA,NA,NA,NA,NA,NA
Burundi,2018,COE,auction,NA,https://allianceforcoffeeexcellence.org/burundi-2018/,5,1A,NA,NA,NA,NA,91.43,success,NA,NA,NA,NA,"$5,264.55",NA,NA,NA,NA,NA,RUBAGABAGA – Barinzigo Honoré – GREENCO,NA,NA,NA,NA,NA,NA,NA,NA,NA,NA,NA,NA,NA,NA,NA,NA,NA,NA,NA,NA,NA,NA,NA,NA,NA,NA,NA,NA,NA,NA,NA,NA,NA,NA,NA,NA,4,264.55lbs,$19.90/lb,"Maruyama Coffee Co., Ltd., Sarutahiko Coffee, Good Boy Bob Coffee",NA,NA,NA,NA,NA,NA,NA,NA,NA,NA,NA,NA,NA,NA,NA,NA,NA,NA,NA,NA,NA,NA,NA,NA,NA,NA
Burundi,2018,COE,auction,NA,https://allianceforcoffeeexcellence.org/burundi-2018/,5,1B,NA,NA,NA,NA,91.43,success,NA,NA,NA,NA,"$6,179.10",NA,NA,NA,NA,NA,RUBAGABAGA – Barinzigo Honoré – GREENCO,NA,NA,NA,NA,NA,NA,NA,NA,NA,NA,NA,NA,NA,NA,NA,NA,NA,NA,NA,NA,NA,NA,NA,NA,NA,NA,NA,NA,NA,NA,NA,NA,NA,NA,NA,NA,5,315.26lbs,$19.60/lb,"Time’s Club, Hisashi Yamamoto Coffee (Unir), Coffee Libre",NA,NA,NA,NA,NA,NA,NA,NA,NA,NA,NA,NA,NA,NA,NA,NA,NA,NA,NA,NA,NA,NA,NA,NA,NA,NA
Burundi,2018,COE,auction,NA,https://allianceforcoffeeexcellence.org/burundi-2018/,5,2A,NA,NA,NA,NA,91.14,success,NA,NA,NA,NA,"$10,893.08",NA,NA,NA,NA,NA,MUNKAZE COFFEE – Bavumiragira Antoine – BUJA COFFEE 15+,NA,NA,NA,NA,NA,NA,NA,NA,NA,NA,NA,NA,NA,NA,NA,NA,NA,NA,NA,NA,NA,NA,NA,NA,NA,NA,NA,NA,NA,NA,NA,NA,NA,NA,NA,NA,9,595.25lbs,$18.30/lb,Campos Coffee,NA,NA,NA,NA,NA,NA,NA,NA,NA,NA,NA,NA,NA,NA,NA,NA,NA,NA,NA,NA,NA,NA,NA,NA,NA,NA
Burundi,2018,COE,auction,NA,https://allianceforcoffeeexcellence.org/burundi-2018/,5,2B,NA,NA,NA,NA,91.14,success,NA,NA,NA,NA,"$10,832.66",NA,NA,NA,NA,NA,MUNKAZE COFFEE – Bavumiragira Antoine – BUJA COFFEE 15+,NA,NA,NA,NA,NA,NA,NA,NA,NA,NA,NA,NA,NA,NA,NA,NA,NA,NA,NA,NA,NA,NA,NA,NA,NA,NA,NA,NA,NA,NA,NA,NA,NA,NA,NA,NA,10,652.57lbs,$16.60/lb,Campos Coffee,NA,NA,NA,NA,NA,NA,NA,NA,NA,NA,NA,NA,NA,NA,NA,NA,NA,NA,NA,NA,NA,NA,NA,NA,NA,NA
Burundi,2018,COE,auction,NA,https://allianceforcoffeeexcellence.org/burundi-2018/,5,3A,NA,NA,NA,NA,90.57,success,NA,NA,NA,NA,"$2,910.05",NA,NA,NA,NA,NA,RUBAGABAGA – Bucumi Casimile – GREENCO,NA,NA,NA,NA,NA,NA,NA,NA,NA,NA,NA,NA,NA,NA,NA,NA,NA,NA,NA,NA,NA,NA,NA,NA,NA,NA,NA,NA,NA,NA,NA,NA,NA,NA,NA,NA,4,264.55lbs,$11.00/lb,Mokka Speciality Coffee,NA,NA,NA,NA,NA,NA,NA,NA,NA,NA,NA,NA,NA,NA,NA,NA,NA,NA,NA,NA,NA,NA,NA,NA,NA,NA
Burundi,2018,COE,auction,NA,https://allianceforcoffeeexcellence.org/burundi-2018/,5,3B,NA,NA,NA,NA,90.57,success,NA,NA,NA,NA,"$3,637.59",NA,NA,NA,NA,NA,RUBAGABAGA – Bucumi Casimile – GREENCO,NA,NA,NA,NA,NA,NA,NA,NA,NA,NA,NA,NA,NA,NA,NA,NA,NA,NA,NA,NA,NA,NA,NA,NA,NA,NA,NA,NA,NA,NA,NA,NA,NA,NA,NA,NA,5,330.69lbs,$11.00/lb,"Red Meow Coffee, Chanji Coffee Firm",NA,NA,NA,NA,NA,NA,NA,NA,NA,NA,NA,NA,NA,NA,NA,NA,NA,NA,NA,NA,NA,NA,NA,NA,NA,NA
Burundi,2018,COE,auction,NA,https://allianceforcoffeeexcellence.org/burundi-2018/,5,4A,NA,NA,NA,NA,90.46,success,NA,NA,NA,NA,"$9,603.33",NA,NA,NA,NA,NA,BWAYI – Minani Agnès – SOGESTAL KAYANZA,NA,NA,NA,NA,NA,NA,NA,NA,NA,NA,NA,NA,NA,NA,NA,NA,NA,NA,NA,NA,NA,NA,NA,NA,NA,NA,NA,NA,NA,NA,NA,NA,NA,NA,NA,NA,22,"1,455.05lbs",$6.60/lb,Kafema,NA,NA,NA,NA,NA,NA,NA,NA,NA,NA,NA,NA,NA,NA,NA,NA,NA,NA,NA,NA,NA,NA,NA,NA,NA,NA
Burundi,2018,COE,auction,NA,https://allianceforcoffeeexcellence.org/burundi-2018/,5,4B,NA,NA,NA,NA,90.46,success,NA,NA,NA,NA,"$9,087.42",NA,NA,NA,NA,NA,BWAYI – Minani Agnès – SOGESTAL KAYANZA,NA,NA,NA,NA,NA,NA,NA,NA,NA,NA,NA,NA,NA,NA,NA,NA,NA,NA,NA,NA,NA,NA,NA,NA,NA,NA,NA,NA,NA,NA,NA,NA,NA,NA,NA,NA,23,"1,514.57lbs",$6.00/lb,"Wataru & Co., Ltd.",NA,NA,NA,NA,NA,NA,NA,NA,NA,NA,NA,NA,NA,NA,NA,NA,NA,NA,NA,NA,NA,NA,NA,NA,NA,NA
Burundi,2018,COE,auction,NA,https://allianceforcoffeeexcellence.org/burundi-2018/,5,5A,NA,NA,NA,NA,90.32,success,NA,NA,NA,NA,"$2,678.59",NA,NA,NA,NA,NA,NEMBA – Miburo Adrien – GREENCO,NA,NA,NA,NA,NA,NA,NA,NA,NA,NA,NA,NA,NA,NA,NA,NA,NA,NA,NA,NA,NA,NA,NA,NA,NA,NA,NA,NA,NA,NA,NA,NA,NA,NA,NA,NA,5,330.69lbs,$8.10/lb,lowkeycoffee (coffeejumbbang),NA,NA,NA,NA,NA,NA,NA,NA,NA,NA,NA,NA,NA,NA,NA,NA,NA,NA,NA,NA,NA,NA,NA,NA,NA,NA
Burundi,2018,COE,auction,NA,https://allianceforcoffeeexcellence.org/burundi-2018/,5,5B,NA,NA,NA,NA,90.32,success,NA,NA,NA,NA,"$2,380.97",NA,NA,NA,NA,NA,NEMBA – Miburo Adrien – GREENCO,NA,NA,NA,NA,NA,NA,NA,NA,NA,NA,NA,NA,NA,NA,NA,NA,NA,NA,NA,NA,NA,NA,NA,NA,NA,NA,NA,NA,NA,NA,NA,NA,NA,NA,NA,NA,5,330.69lbs,$7.20/lb,32CUP N.V.,NA,NA,NA,NA,NA,NA,NA,NA,NA,NA,NA,NA,NA,NA,NA,NA,NA,NA,NA,NA,NA,NA,NA,NA,NA,NA
Burundi,2018,COE,auction,NA,https://allianceforcoffeeexcellence.org/burundi-2018/,5,6A,NA,NA,NA,NA,90.32,success,NA,NA,NA,NA,"$2,380.97",NA,NA,NA,NA,NA,NZOVE – Minani Elias – GREENCO,NA,NA,NA,NA,NA,NA,NA,NA,NA,NA,NA,NA,NA,NA,NA,NA,NA,NA,NA,NA,NA,NA,NA,NA,NA,NA,NA,NA,NA,NA,NA,NA,NA,NA,NA,NA,5,330.69lbs,$7.20/lb,"Toa Coffee Co., Ltd. JAPAN",NA,NA,NA,NA,NA,NA,NA,NA,NA,NA,NA,NA,NA,NA,NA,NA,NA,NA,NA,NA,NA,NA,NA,NA,NA,NA
Burundi,2018,COE,auction,NA,https://allianceforcoffeeexcellence.org/burundi-2018/,5,6B,NA,NA,NA,NA,90.32,success,NA,NA,NA,NA,"$2,345.74",NA,NA,NA,NA,NA,NZOVE – Minani Elias – GREENCO,NA,NA,NA,NA,NA,NA,NA,NA,NA,NA,NA,NA,NA,NA,NA,NA,NA,NA,NA,NA,NA,NA,NA,NA,NA,NA,NA,NA,NA,NA,NA,NA,NA,NA,NA,NA,5,308.65lbs,$7.60/lb,"Wataru & Co., Ltd. – Nagoya",NA,NA,NA,NA,NA,NA,NA,NA,NA,NA,NA,NA,NA,NA,NA,NA,NA,NA,NA,NA,NA,NA,NA,NA,NA,NA
Burundi,2018,COE,auction,NA,https://allianceforcoffeeexcellence.org/burundi-2018/,5,7A,NA,NA,NA,NA,90.25,success,NA,NA,NA,NA,"$8,194.57",NA,NA,NA,NA,NA,BWAYI – Nizigiyimana Léonard – SOGESTAL KAYANZA,NA,NA,NA,NA,NA,NA,NA,NA,NA,NA,NA,NA,NA,NA,NA,NA,NA,NA,NA,NA,NA,NA,NA,NA,NA,NA,NA,NA,NA,NA,NA,NA,NA,NA,NA,NA,21,"1,388.91lbs",$5.90/lb,"Wataru & Co., Ltd.",NA,NA,NA,NA,NA,NA,NA,NA,NA,NA,NA,NA,NA,NA,NA,NA,NA,NA,NA,NA,NA,NA,NA,NA,NA,NA
Burundi,2018,COE,auction,NA,https://allianceforcoffeeexcellence.org/burundi-2018/,5,7B,NA,NA,NA,NA,90.25,success,NA,NA,NA,NA,"$8,505.42",NA,NA,NA,NA,NA,BWAYI – Nizigiyimana Léonard – SOGESTAL KAYANZA,NA,NA,NA,NA,NA,NA,NA,NA,NA,NA,NA,NA,NA,NA,NA,NA,NA,NA,NA,NA,NA,NA,NA,NA,NA,NA,NA,NA,NA,NA,NA,NA,NA,NA,NA,NA,21,"1,417.57lbs",$6.00/lb,elbgold Roestkaffee GmbH,NA,NA,NA,NA,NA,NA,NA,NA,NA,NA,NA,NA,NA,NA,NA,NA,NA,NA,NA,NA,NA,NA,NA,NA,NA,NA
Burundi,2018,COE,auction,NA,https://allianceforcoffeeexcellence.org/burundi-2018/,5,8,NA,NA,NA,NA,89.96,success,NA,NA,NA,NA,"$11,882.85",NA,NA,NA,NA,NA,BUZIRAGUHINDWA – Sindihebura Aghalte – CPC,NA,NA,NA,NA,NA,NA,NA,NA,NA,NA,NA,NA,NA,NA,NA,NA,NA,NA,NA,NA,NA,NA,NA,NA,NA,NA,NA,NA,NA,NA,NA,NA,NA,NA,NA,NA,10,679.02lbs,$17.50/lb,Campos Coffee,NA,NA,NA,NA,NA,NA,NA,NA,NA,NA,NA,NA,NA,NA,NA,NA,NA,NA,NA,NA,NA,NA,NA,NA,NA,NA
Burundi,2018,COE,auction,NA,https://allianceforcoffeeexcellence.org/burundi-2018/,5,9,NA,NA,NA,NA,89.79,success,NA,NA,NA,NA,"$3,392.93",NA,NA,NA,NA,NA,NKAKA – Minani Balthazar – GREENCO,NA,NA,NA,NA,NA,NA,NA,NA,NA,NA,NA,NA,NA,NA,NA,NA,NA,NA,NA,NA,NA,NA,NA,NA,NA,NA,NA,NA,NA,NA,NA,NA,NA,NA,NA,NA,9,595.25lbs,$5.70/lb,"Moustache Coffee Club, Florisbella Coffee, Carrboro Coffee Roasters, Kean Coffee",NA,NA,NA,NA,NA,NA,NA,NA,NA,NA,NA,NA,NA,NA,NA,NA,NA,NA,NA,NA,NA,NA,NA,NA,NA,NA
Burundi,2018,COE,auction,NA,https://allianceforcoffeeexcellence.org/burundi-2018/,5,10,NA,NA,NA,NA,89.71,success,NA,NA,NA,NA,"$3,769.92",NA,NA,NA,NA,NA,KINYANA – Faida Denise – GREENCO,NA,NA,NA,NA,NA,NA,NA,NA,NA,NA,NA,NA,NA,NA,NA,NA,NA,NA,NA,NA,NA,NA,NA,NA,NA,NA,NA,NA,NA,NA,NA,NA,NA,NA,NA,NA,10,661.39lbs,$5.70/lb,BPC for Coffee Fiel,NA,NA,NA,NA,NA,NA,NA,NA,NA,NA,NA,NA,NA,NA,NA,NA,NA,NA,NA,NA,NA,NA,NA,NA,NA,NA
Burundi,2018,COE,auction,NA,https://allianceforcoffeeexcellence.org/burundi-2018/,5,11,NA,NA,NA,NA,88.61,success,NA,NA,NA,NA,"$11,422.13",NA,NA,NA,NA,NA,GWIRI – Niyonzima Géovanie – COOP YAGIKAWA,NA,NA,NA,NA,NA,NA,NA,NA,NA,NA,NA,NA,NA,NA,NA,NA,NA,NA,NA,NA,NA,NA,NA,NA,NA,NA,NA,NA,NA,NA,NA,NA,NA,NA,NA,NA,31,"2,076.75lbs",$5.50/lb,Kyokuto Fadie Corporation,NA,NA,NA,NA,NA,NA,NA,NA,NA,NA,NA,NA,NA,NA,NA,NA,NA,NA,NA,NA,NA,NA,NA,NA,NA,NA
Burundi,2018,COE,auction,NA,https://allianceforcoffeeexcellence.org/burundi-2018/,5,12,NA,NA,NA,NA,88.54,success,NA,NA,NA,NA,"$3,968.34",NA,NA,NA,NA,NA,NEMBA – Banyansekare Marc – GREENCO,NA,NA,NA,NA,NA,NA,NA,NA,NA,NA,NA,NA,NA,NA,NA,NA,NA,NA,NA,NA,NA,NA,NA,NA,NA,NA,NA,NA,NA,NA,NA,NA,NA,NA,NA,NA,10,661.39lbs,$6.00/lb,Dimattina Coffee,NA,NA,NA,NA,NA,NA,NA,NA,NA,NA,NA,NA,NA,NA,NA,NA,NA,NA,NA,NA,NA,NA,NA,NA,NA,NA
Burundi,2018,COE,auction,NA,https://allianceforcoffeeexcellence.org/burundi-2018/,5,13,NA,NA,NA,NA,88.43,success,NA,NA,NA,NA,"$4,272.54",NA,NA,NA,NA,NA,NZOVE – Bucumi Consilie – GREENCO,NA,NA,NA,NA,NA,NA,NA,NA,NA,NA,NA,NA,NA,NA,NA,NA,NA,NA,NA,NA,NA,NA,NA,NA,NA,NA,NA,NA,NA,NA,NA,NA,NA,NA,NA,NA,11,712.09lbs,$6.00/lb,La Boheme Cafe,NA,NA,NA,NA,NA,NA,NA,NA,NA,NA,NA,NA,NA,NA,NA,NA,NA,NA,NA,NA,NA,NA,NA,NA,NA,NA
Burundi,2018,COE,auction,NA,https://allianceforcoffeeexcellence.org/burundi-2018/,5,14,NA,NA,NA,NA,88.39,success,NA,NA,NA,NA,"$9,575.11",NA,NA,NA,NA,NA,KIREMA – Nyandwi Immaculée – SOGESTAL KAYANZA,NA,NA,NA,NA,NA,NA,NA,NA,NA,NA,NA,NA,NA,NA,NA,NA,NA,NA,NA,NA,NA,NA,NA,NA,NA,NA,NA,NA,NA,NA,NA,NA,NA,NA,NA,NA,24,"1,569.69lbs",$6.10/lb,Campos Coffee,NA,NA,NA,NA,NA,NA,NA,NA,NA,NA,NA,NA,NA,NA,NA,NA,NA,NA,NA,NA,NA,NA,NA,NA,NA,NA
Burundi,2018,COE,auction,NA,https://allianceforcoffeeexcellence.org/burundi-2018/,5,15,NA,NA,NA,NA,88.29,success,NA,NA,NA,NA,"$4,858.98",NA,NA,NA,NA,NA,KIBINGO – Miburo Anicet – GREENCO,NA,NA,NA,NA,NA,NA,NA,NA,NA,NA,NA,NA,NA,NA,NA,NA,NA,NA,NA,NA,NA,NA,NA,NA,NA,NA,NA,NA,NA,NA,NA,NA,NA,NA,NA,NA,10,639.34lbs,$7.60/lb,Dragonfly Coffee Roasters,NA,NA,NA,NA,NA,NA,NA,NA,NA,NA,NA,NA,NA,NA,NA,NA,NA,NA,NA,NA,NA,NA,NA,NA,NA,NA
Burundi,2018,COE,auction,NA,https://allianceforcoffeeexcellence.org/burundi-2018/,5,16,NA,NA,NA,NA,88.25,success,NA,NA,NA,NA,"$4,960.43",NA,NA,NA,NA,NA,YANDARO – Minani Eliphase – GREENCO,NA,NA,NA,NA,NA,NA,NA,NA,NA,NA,NA,NA,NA,NA,NA,NA,NA,NA,NA,NA,NA,NA,NA,NA,NA,NA,NA,NA,NA,NA,NA,NA,NA,NA,NA,NA,10,661.39lbs,$7.50/lb,Wataru for Nozy Coffee,NA,NA,NA,NA,NA,NA,NA,NA,NA,NA,NA,NA,NA,NA,NA,NA,NA,NA,NA,NA,NA,NA,NA,NA,NA,NA
Burundi,2018,COE,auction,NA,https://allianceforcoffeeexcellence.org/burundi-2018/,5,17,NA,NA,NA,NA,88.18,success,NA,NA,NA,NA,"$3,827.21",NA,NA,NA,NA,NA,BUZIRAGUHINDWA – Barisesa Immaculée – CPC,NA,NA,NA,NA,NA,NA,NA,NA,NA,NA,NA,NA,NA,NA,NA,NA,NA,NA,NA,NA,NA,NA,NA,NA,NA,NA,NA,NA,NA,NA,NA,NA,NA,NA,NA,NA,10,683.43lbs,$5.60/lb,"Red Meow Coffee, Chanji Coffee Firm",NA,NA,NA,NA,NA,NA,NA,NA,NA,NA,NA,NA,NA,NA,NA,NA,NA,NA,NA,NA,NA,NA,NA,NA,NA,NA
Burundi,2018,COE,auction,NA,https://allianceforcoffeeexcellence.org/burundi-2018/,5,18,NA,NA,NA,NA,88.14,success,NA,NA,NA,NA,"$3,370.84",NA,NA,NA,NA,NA,KAGOMA – Minani Balthazar – GREENCO,NA,NA,NA,NA,NA,NA,NA,NA,NA,NA,NA,NA,NA,NA,NA,NA,NA,NA,NA,NA,NA,NA,NA,NA,NA,NA,NA,NA,NA,NA,NA,NA,NA,NA,NA,NA,9,612.88lbs,$5.50/lb,"Maruyama Coffee Co., Ltd.",NA,NA,NA,NA,NA,NA,NA,NA,NA,NA,NA,NA,NA,NA,NA,NA,NA,NA,NA,NA,NA,NA,NA,NA,NA,NA
Burundi,2018,COE,auction,NA,https://allianceforcoffeeexcellence.org/burundi-2018/,5,19,NA,NA,NA,NA,88.14,success,NA,NA,NA,NA,"$3,086.50",NA,NA,NA,NA,NA,NKAKA – Ngendakumana Salvator – GREENCO,NA,NA,NA,NA,NA,NA,NA,NA,NA,NA,NA,NA,NA,NA,NA,NA,NA,NA,NA,NA,NA,NA,NA,NA,NA,NA,NA,NA,NA,NA,NA,NA,NA,NA,NA,NA,8,551.16lbs,$5.60/lb,Nippon Coffee Trading,NA,NA,NA,NA,NA,NA,NA,NA,NA,NA,NA,NA,NA,NA,NA,NA,NA,NA,NA,NA,NA,NA,NA,NA,NA,NA
Burundi,2018,COE,auction,NA,https://allianceforcoffeeexcellence.org/burundi-2018/,5,20,NA,NA,NA,NA,88.11,success,NA,NA,NA,NA,"$15,435.64",NA,NA,NA,NA,NA,BWAYI – Mpamira Joseph – SOGESTAL KAYANZA,NA,NA,NA,NA,NA,NA,NA,NA,NA,NA,NA,NA,NA,NA,NA,NA,NA,NA,NA,NA,NA,NA,NA,NA,NA,NA,NA,NA,NA,NA,NA,NA,NA,NA,NA,NA,42,"2,806.48lbs",$5.50/lb,Honu Kato Coffee Inc.,NA,NA,NA,NA,NA,NA,NA,NA,NA,NA,NA,NA,NA,NA,NA,NA,NA,NA,NA,NA,NA,NA,NA,NA,NA,NA
Burundi,2018,COE,auction,NA,https://allianceforcoffeeexcellence.org/burundi-2018/,5,21,NA,NA,NA,NA,88.11,success,NA,NA,NA,NA,"$10,621.88",NA,NA,NA,NA,NA,GWIRI – Ntungicimpaye Caline – COOP YAGIKAWA,NA,NA,NA,NA,NA,NA,NA,NA,NA,NA,NA,NA,NA,NA,NA,NA,NA,NA,NA,NA,NA,NA,NA,NA,NA,NA,NA,NA,NA,NA,NA,NA,NA,NA,NA,NA,29,"1,931.25lbs",$5.50/lb,"Wataru & Co., Ltd.",NA,NA,NA,NA,NA,NA,NA,NA,NA,NA,NA,NA,NA,NA,NA,NA,NA,NA,NA,NA,NA,NA,NA,NA,NA,NA
Burundi,2018,COE,auction,NA,https://allianceforcoffeeexcellence.org/burundi-2018/,5,22,NA,NA,NA,NA,88,success,NA,NA,NA,NA,"$3,580.30",NA,NA,NA,NA,NA,BUKEYE – Ndorere Juvenal – CCC,NA,NA,NA,NA,NA,NA,NA,NA,NA,NA,NA,NA,NA,NA,NA,NA,NA,NA,NA,NA,NA,NA,NA,NA,NA,NA,NA,NA,NA,NA,NA,NA,NA,NA,NA,NA,10,639.34lbs,$5.60/lb,Ogawa Coffee,NA,NA,NA,NA,NA,NA,NA,NA,NA,NA,NA,NA,NA,NA,NA,NA,NA,NA,NA,NA,NA,NA,NA,NA,NA,NA
Burundi,2018,COE,auction,NA,https://allianceforcoffeeexcellence.org/burundi-2018/,5,23,NA,NA,NA,NA,87.89,success,NA,NA,NA,NA,"$4,074.12",NA,NA,NA,NA,NA,NEMBA – Barutwanayo Cassien – GREENCO,NA,NA,NA,NA,NA,NA,NA,NA,NA,NA,NA,NA,NA,NA,NA,NA,NA,NA,NA,NA,NA,NA,NA,NA,NA,NA,NA,NA,NA,NA,NA,NA,NA,NA,NA,NA,10,679.02lbs,$6.00/lb,HAYDEN,NA,NA,NA,NA,NA,NA,NA,NA,NA,NA,NA,NA,NA,NA,NA,NA,NA,NA,NA,NA,NA,NA,NA,NA,NA,NA
Burundi,2018,COE,auction,NA,https://allianceforcoffeeexcellence.org/burundi-2018/,5,24,NA,NA,NA,NA,87.71,success,NA,NA,NA,NA,"$7,275.24",NA,NA,NA,NA,NA,MPANGA –  – MATRACO,NA,NA,NA,NA,NA,NA,NA,NA,NA,NA,NA,NA,NA,NA,NA,NA,NA,NA,NA,NA,NA,NA,NA,NA,NA,NA,NA,NA,NA,NA,NA,NA,NA,NA,NA,NA,20,"1,322.77lbs",$5.50/lb,"UCC Ueshima Coffee Co., Ltd.",NA,NA,NA,NA,NA,NA,NA,NA,NA,NA,NA,NA,NA,NA,NA,NA,NA,NA,NA,NA,NA,NA,NA,NA,NA,NA
Burundi,2018,COE,auction,NA,https://allianceforcoffeeexcellence.org/burundi-2018/,5,25,NA,NA,NA,NA,87.68,success,NA,NA,NA,NA,"$5,250.30",NA,NA,NA,NA,NA,KAZIBAZIBA – Manirakiza Thérèse – COOP DOHORERABARIMYI,NA,NA,NA,NA,NA,NA,NA,NA,NA,NA,NA,NA,NA,NA,NA,NA,NA,NA,NA,NA,NA,NA,NA,NA,NA,NA,NA,NA,NA,NA,NA,NA,NA,NA,NA,NA,14,954.6lbs,$5.50/lb,Honu Kato Coffee Inc.,NA,NA,NA,NA,NA,NA,NA,NA,NA,NA,NA,NA,NA,NA,NA,NA,NA,NA,NA,NA,NA,NA,NA,NA,NA,NA
Burundi,2018,COE,auction,NA,https://allianceforcoffeeexcellence.org/burundi-2018/,5,26,NA,NA,NA,NA,87.54,success,NA,NA,NA,NA,"$3,456.82",NA,NA,NA,NA,NA,KAGOMA – Manimbona Laurant – GREENCO,NA,NA,NA,NA,NA,NA,NA,NA,NA,NA,NA,NA,NA,NA,NA,NA,NA,NA,NA,NA,NA,NA,NA,NA,NA,NA,NA,NA,NA,NA,NA,NA,NA,NA,NA,NA,9,617.29lbs,$5.60/lb,"Wataru & Co., Ltd. – Nagoya",NA,NA,NA,NA,NA,NA,NA,NA,NA,NA,NA,NA,NA,NA,NA,NA,NA,NA,NA,NA,NA,NA,NA,NA,NA,NA
Burundi,2018,COE,auction,NA,https://allianceforcoffeeexcellence.org/burundi-2018/,5,27,NA,NA,NA,NA,87.46,success,NA,NA,NA,NA,"$12,004.14",NA,NA,NA,NA,NA,MUNYINYA – Biyuhire Joselyne – MUNYINYA COFFEE,NA,NA,NA,NA,NA,NA,NA,NA,NA,NA,NA,NA,NA,NA,NA,NA,NA,NA,NA,NA,NA,NA,NA,NA,NA,NA,NA,NA,NA,NA,NA,NA,NA,NA,NA,NA,33,"2,182.57lbs",$5.50/lb,Honu Kato Coffee Inc.,NA,NA,NA,NA,NA,NA,NA,NA,NA,NA,NA,NA,NA,NA,NA,NA,NA,NA,NA,NA,NA,NA,NA,NA,NA,NA
Burundi,2018,COE,auction,NA,https://allianceforcoffeeexcellence.org/burundi-2018/,5,28,NA,NA,NA,NA,87.46,success,NA,NA,NA,NA,"$5,032.06",NA,NA,NA,NA,NA,BUSINDE – Nsengiyumva Désiré – MATRACO,NA,NA,NA,NA,NA,NA,NA,NA,NA,NA,NA,NA,NA,NA,NA,NA,NA,NA,NA,NA,NA,NA,NA,NA,NA,NA,NA,NA,NA,NA,NA,NA,NA,NA,NA,NA,14,914.92lbs,$5.50/lb,Honu Kato Coffee Inc.,NA,NA,NA,NA,NA,NA,NA,NA,NA,NA,NA,NA,NA,NA,NA,NA,NA,NA,NA,NA,NA,NA,NA,NA,NA,NA
Burundi,2018,COE,auction,NA,https://allianceforcoffeeexcellence.org/burundi-2018/,5,29,NA,NA,NA,NA,87.11,success,NA,NA,NA,NA,"$3,455.76",NA,NA,NA,NA,NA,KAGOMA – Hatungimana Donatien – GREENCO,NA,NA,NA,NA,NA,NA,NA,NA,NA,NA,NA,NA,NA,NA,NA,NA,NA,NA,NA,NA,NA,NA,NA,NA,NA,NA,NA,NA,NA,NA,NA,NA,NA,NA,NA,NA,10,628.32lbs,$5.50/lb,Honu Kato Coffee Inc.,NA,NA,NA,NA,NA,NA,NA,NA,NA,NA,NA,NA,NA,NA,NA,NA,NA,NA,NA,NA,NA,NA,NA,NA,NA,NA
Burundi,2018,COE,auction,NA,https://allianceforcoffeeexcellence.org/burundi-2018/,5,Stats:,NA,NA,NA,NA,,success,NA,NA,NA,NA,"$223,468.08",NA,NA,NA,NA,NA,,NA,NA,NA,NA,NA,NA,NA,NA,NA,NA,NA,NA,NA,NA,NA,NA,NA,NA,NA,NA,NA,NA,NA,NA,NA,NA,NA,NA,NA,NA,NA,NA,NA,NA,NA,NA,487,"32,280.03lbs",$6.92/lb,,NA,NA,NA,NA,NA,NA,NA,NA,NA,NA,NA,NA,NA,NA,NA,NA,NA,NA,NA,NA,NA,NA,NA,NA,NA,NA
Burundi,2019,NW,auction,NA,https://allianceforcoffeeexcellence.org/burundi-2019/,2,NW,NA,BUTEZI,NA,"KAYANZA, GAHOMBO",87.73,success,NA,NA,NA,,,,NA,NA,NA,1200,NA,NA,"Washed, Bourbon",NA,NA,NA,NA,NA,NA,NA,NA,NA,NA,NA,NA,NA,NA,NA,NA,NA,NA,NA,NA,NA,NA,NA,NA,NA,NA,NA,NA,NA,NA,NA,NA,NA,NA,NA,NA,NA,NA,SOGESTAL KAYANZA,NA,NA,NA,NA,NA,NA,NA,NA,NA,NA,NA,NA,NA,NA,NA,NA,NA,NA,NA,NA,NA,NA,NA,NA,NA
Burundi,2019,NW,auction,NA,https://allianceforcoffeeexcellence.org/burundi-2019/,2,NW,NA,RURENGERA,NA,"GITEGA, MUTAHO",87.2,success,NA,NA,NA,,,,NA,NA,NA,1310,NA,NA,"Washed, Bourbon",NA,NA,NA,NA,NA,NA,NA,NA,NA,NA,NA,NA,NA,NA,NA,NA,NA,NA,NA,NA,NA,NA,NA,NA,NA,NA,NA,NA,NA,NA,NA,NA,NA,NA,NA,NA,NA,NA,BUGESTAL,NA,NA,NA,NA,NA,NA,NA,NA,NA,NA,NA,NA,NA,NA,NA,NA,NA,NA,NA,NA,NA,NA,NA,NA,NA
Burundi,2019,NW,auction,NA,https://allianceforcoffeeexcellence.org/burundi-2019/,2,NW,NA,BUTIHINDA,NA,"MUYINGA, BUTIHINDA",87.07,success,NA,NA,NA,,,,NA,NA,NA,822,NA,NA,"Washed, Bourbon",NA,NA,NA,NA,NA,NA,NA,NA,NA,NA,NA,NA,NA,NA,NA,NA,NA,NA,NA,NA,NA,NA,NA,NA,NA,NA,NA,NA,NA,NA,NA,NA,NA,NA,NA,NA,NA,NA,KALICO,NA,NA,NA,NA,NA,NA,NA,NA,NA,NA,NA,NA,NA,NA,NA,NA,NA,NA,NA,NA,NA,NA,NA,NA,NA
Burundi,2019,NW,auction,NA,https://allianceforcoffeeexcellence.org/burundi-2019/,2,NW,NA,RUTOBO,NA,"NGOZI, KIREMBA",85.68,success,NA,NA,NA,,,,NA,NA,NA,645,NA,NA,"Washed, Bourbon",NA,NA,NA,NA,NA,NA,NA,NA,NA,NA,NA,NA,NA,NA,NA,NA,NA,NA,NA,NA,NA,NA,NA,NA,NA,NA,NA,NA,NA,NA,NA,NA,NA,NA,NA,NA,NA,NA,COOP RYOHORIKAWA,NA,NA,NA,NA,NA,NA,NA,NA,NA,NA,NA,NA,NA,NA,NA,NA,NA,NA,NA,NA,NA,NA,NA,NA,NA
Burundi,2019,NW,auction,NA,https://allianceforcoffeeexcellence.org/burundi-2019/,2,NW,NA,GIHUZU,NA,"RUMONGE, RUMONGE",85.63,success,NA,NA,NA,,,,NA,NA,NA,1190,NA,NA,"Washed, Bourbon",NA,NA,NA,NA,NA,NA,NA,NA,NA,NA,NA,NA,NA,NA,NA,NA,NA,NA,NA,NA,NA,NA,NA,NA,NA,NA,NA,NA,NA,NA,NA,NA,NA,NA,NA,NA,NA,NA,COOP TERIMBEREGITERWA C’IKAWA,NA,NA,NA,NA,NA,NA,NA,NA,NA,NA,NA,NA,NA,NA,NA,NA,NA,NA,NA,NA,NA,NA,NA,NA,NA
Colombia,2020,COE,auction,NA,https://allianceforcoffeeexcellence.org/colombia-2020/,1,1a,NA,NA,NA,NA,90.03,success,NA,NA,NA,$69.00,"$41,072.25",NA,NA,NA,NA,NA,Los Tres Mosqueteros,NA,NA,595.25,Sarutahiko Coffee Inc.,NA,NA,NA,NA,NA,NA,NA,NA,NA,NA,NA,NA,NA,NA,NA,NA,NA,NA,NA,NA,NA,NA,NA,NA,NA,NA,NA,NA,NA,NA,NA,NA,NA,NA,NA,NA,NA,NA,NA,NA,NA,NA,NA,NA,NA,NA,NA,NA,NA,NA,NA,NA,NA,NA,NA,NA,NA,NA,NA,NA,NA,NA
Colombia,2020,COE,auction,NA,https://allianceforcoffeeexcellence.org/colombia-2020/,1,1b,NA,NA,NA,NA,90.03,success,NA,NA,NA,$70.00,"$39,352.60",NA,NA,NA,NA,NA,Los Tres Mosqueteros,NA,NA,562.18,"SUPREMO COFFEE, Cometeer, L’escargot d’or cosmetocafe, Proud Mary Coffee Roasters",NA,NA,NA,NA,NA,NA,NA,NA,NA,NA,NA,NA,NA,NA,NA,NA,NA,NA,NA,NA,NA,NA,NA,NA,NA,NA,NA,NA,NA,NA,NA,NA,NA,NA,NA,NA,NA,NA,NA,NA,NA,NA,NA,NA,NA,NA,NA,NA,NA,NA,NA,NA,NA,NA,NA,NA,NA,NA,NA,NA,NA,NA
Colombia,2020,COE,auction,NA,https://allianceforcoffeeexcellence.org/colombia-2020/,1,2,NA,NA,NA,NA,89.5,success,NA,NA,NA,$25.70,"$22,946.76",NA,NA,NA,NA,NA,El Porvenir,NA,NA,892.87,Global Performance LLC,NA,NA,NA,NA,NA,NA,NA,NA,NA,NA,NA,NA,NA,NA,NA,NA,NA,NA,NA,NA,NA,NA,NA,NA,NA,NA,NA,NA,NA,NA,NA,NA,NA,NA,NA,NA,NA,NA,NA,NA,NA,NA,NA,NA,NA,NA,NA,NA,NA,NA,NA,NA,NA,NA,NA,NA,NA,NA,NA,NA,NA,NA
Colombia,2020,COE,auction,NA,https://allianceforcoffeeexcellence.org/colombia-2020/,1,3,NA,NA,NA,NA,89.25,success,NA,NA,NA,$33.20,"$30,741.21",NA,NA,NA,NA,NA,El Paraíso,NA,NA,925.94,"Intelligentsia (USA), Single O (AU), La Boheme (CZ), Moustache Coffee Club (USA)",NA,NA,NA,NA,NA,NA,NA,NA,NA,NA,NA,NA,NA,NA,NA,NA,NA,NA,NA,NA,NA,NA,NA,NA,NA,NA,NA,NA,NA,NA,NA,NA,NA,NA,NA,NA,NA,NA,NA,NA,NA,NA,NA,NA,NA,NA,NA,NA,NA,NA,NA,NA,NA,NA,NA,NA,NA,NA,NA,NA,NA,NA
Colombia,2020,COE,auction,NA,https://allianceforcoffeeexcellence.org/colombia-2020/,1,4,NA,NA,NA,NA,88.69,success,NA,NA,NA,$37.00,"$14,682.71",NA,NA,NA,NA,NA,Buenos Aires,NA,NA,396.83,"DABOV Specialty Coffee, Coffee Me Up (Korea), tochcoffee, coffee therapy (Thailand)⁣",NA,NA,NA,NA,NA,NA,NA,NA,NA,NA,NA,NA,NA,NA,NA,NA,NA,NA,NA,NA,NA,NA,NA,NA,NA,NA,NA,NA,NA,NA,NA,NA,NA,NA,NA,NA,NA,NA,NA,NA,NA,NA,NA,NA,NA,NA,NA,NA,NA,NA,NA,NA,NA,NA,NA,NA,NA,NA,NA,NA,NA,NA
Colombia,2020,COE,auction,NA,https://allianceforcoffeeexcellence.org/colombia-2020/,1,5,NA,NA,NA,NA,88.56,success,NA,NA,NA,$17.10,"$23,184.86",NA,NA,NA,NA,NA,El Cedro,NA,NA,1355.84,"Bohemian (An-am), ESCUDO Coffee",NA,NA,NA,NA,NA,NA,NA,NA,NA,NA,NA,NA,NA,NA,NA,NA,NA,NA,NA,NA,NA,NA,NA,NA,NA,NA,NA,NA,NA,NA,NA,NA,NA,NA,NA,NA,NA,NA,NA,NA,NA,NA,NA,NA,NA,NA,NA,NA,NA,NA,NA,NA,NA,NA,NA,NA,NA,NA,NA,NA,NA,NA
Colombia,2020,COE,auction,NA,https://allianceforcoffeeexcellence.org/colombia-2020/,1,6,NA,NA,NA,NA,88.47,success,NA,NA,NA,$40.70,"$22,880.73",NA,NA,NA,NA,NA,San Pedro,NA,NA,562.18,THE COFFEE LAB,NA,NA,NA,NA,NA,NA,NA,NA,NA,NA,NA,NA,NA,NA,NA,NA,NA,NA,NA,NA,NA,NA,NA,NA,NA,NA,NA,NA,NA,NA,NA,NA,NA,NA,NA,NA,NA,NA,NA,NA,NA,NA,NA,NA,NA,NA,NA,NA,NA,NA,NA,NA,NA,NA,NA,NA,NA,NA,NA,NA,NA,NA
Colombia,2020,COE,auction,NA,https://allianceforcoffeeexcellence.org/colombia-2020/,1,7,NA,NA,NA,NA,88.41,success,NA,NA,NA,$25.30,"$22,589.61",NA,NA,NA,NA,NA,El Paraiso,NA,NA,892.87,Caravela Coffee for Artisan Roast Scotland,NA,NA,NA,NA,NA,NA,NA,NA,NA,NA,NA,NA,NA,NA,NA,NA,NA,NA,NA,NA,NA,NA,NA,NA,NA,NA,NA,NA,NA,NA,NA,NA,NA,NA,NA,NA,NA,NA,NA,NA,NA,NA,NA,NA,NA,NA,NA,NA,NA,NA,NA,NA,NA,NA,NA,NA,NA,NA,NA,NA,NA,NA
Colombia,2020,COE,auction,NA,https://allianceforcoffeeexcellence.org/colombia-2020/,1,8,NA,NA,NA,NA,88.22,success,NA,NA,NA,$36.70,"$9,708.99",NA,NA,NA,NA,NA,El Obraje,NA,NA,264.55,"MUSEO Co., Ltd.",NA,NA,NA,NA,NA,NA,NA,NA,NA,NA,NA,NA,NA,NA,NA,NA,NA,NA,NA,NA,NA,NA,NA,NA,NA,NA,NA,NA,NA,NA,NA,NA,NA,NA,NA,NA,NA,NA,NA,NA,NA,NA,NA,NA,NA,NA,NA,NA,NA,NA,NA,NA,NA,NA,NA,NA,NA,NA,NA,NA,NA,NA
Colombia,2020,COE,auction,NA,https://allianceforcoffeeexcellence.org/colombia-2020/,1,9,NA,NA,NA,NA,88,success,NA,NA,NA,$13.70,"$20,840.30",NA,NA,NA,NA,NA,Bella Vista,NA,NA,1521.19,"EL CAFE Coffee Roasters, Coffee Libre, Told A Story, Youdong Coffee, Coffee Montage, 304 roasters, Hankook Coffee, FEBRUARY ROASTERS, Cafe Shinbi’s LOVE",NA,NA,NA,NA,NA,NA,NA,NA,NA,NA,NA,NA,NA,NA,NA,NA,NA,NA,NA,NA,NA,NA,NA,NA,NA,NA,NA,NA,NA,NA,NA,NA,NA,NA,NA,NA,NA,NA,NA,NA,NA,NA,NA,NA,NA,NA,NA,NA,NA,NA,NA,NA,NA,NA,NA,NA,NA,NA,NA,NA,NA,NA
Colombia,2020,COE,auction,NA,https://allianceforcoffeeexcellence.org/colombia-2020/,1,10,NA,NA,NA,NA,87.97,success,NA,NA,NA,$13.40,"$12,850.73",NA,NA,NA,NA,NA,San Nicolas,NA,NA,959.01,Kaffebrenneriet As,NA,NA,NA,NA,NA,NA,NA,NA,NA,NA,NA,NA,NA,NA,NA,NA,NA,NA,NA,NA,NA,NA,NA,NA,NA,NA,NA,NA,NA,NA,NA,NA,NA,NA,NA,NA,NA,NA,NA,NA,NA,NA,NA,NA,NA,NA,NA,NA,NA,NA,NA,NA,NA,NA,NA,NA,NA,NA,NA,NA,NA,NA
Colombia,2020,COE,auction,NA,https://allianceforcoffeeexcellence.org/colombia-2020/,1,11,NA,NA,NA,NA,87.75,success,NA,NA,NA,$11.80,"$14,828.23",NA,NA,NA,NA,NA,El Sauce,NA,NA,1256.63,Nagahama Coffee Inc.,NA,NA,NA,NA,NA,NA,NA,NA,NA,NA,NA,NA,NA,NA,NA,NA,NA,NA,NA,NA,NA,NA,NA,NA,NA,NA,NA,NA,NA,NA,NA,NA,NA,NA,NA,NA,NA,NA,NA,NA,NA,NA,NA,NA,NA,NA,NA,NA,NA,NA,NA,NA,NA,NA,NA,NA,NA,NA,NA,NA,NA,NA
Colombia,2020,COE,auction,NA,https://allianceforcoffeeexcellence.org/colombia-2020/,1,12,NA,NA,NA,NA,87.44,success,NA,NA,NA,$11.60,"$11,508.13",NA,NA,NA,NA,NA,La Cruz,NA,NA,992.08,"Tashiro Coffee Co., Ltd",NA,NA,NA,NA,NA,NA,NA,NA,NA,NA,NA,NA,NA,NA,NA,NA,NA,NA,NA,NA,NA,NA,NA,NA,NA,NA,NA,NA,NA,NA,NA,NA,NA,NA,NA,NA,NA,NA,NA,NA,NA,NA,NA,NA,NA,NA,NA,NA,NA,NA,NA,NA,NA,NA,NA,NA,NA,NA,NA,NA,NA,NA
Colombia,2020,COE,auction,NA,https://allianceforcoffeeexcellence.org/colombia-2020/,1,13,NA,NA,NA,NA,87.41,success,NA,NA,NA,$11.10,"$10,645.01",NA,NA,NA,NA,NA,Los Cachingos,NA,NA,959.01,"Wataru & Co., Ltd.",NA,NA,NA,NA,NA,NA,NA,NA,NA,NA,NA,NA,NA,NA,NA,NA,NA,NA,NA,NA,NA,NA,NA,NA,NA,NA,NA,NA,NA,NA,NA,NA,NA,NA,NA,NA,NA,NA,NA,NA,NA,NA,NA,NA,NA,NA,NA,NA,NA,NA,NA,NA,NA,NA,NA,NA,NA,NA,NA,NA,NA,NA
Colombia,2020,COE,auction,NA,https://allianceforcoffeeexcellence.org/colombia-2020/,1,14,NA,NA,NA,NA,87.41,success,NA,NA,NA,$11.10,"$10,277.93",NA,NA,NA,NA,NA,Los Alpes,NA,NA,925.94,Kyokuto Fadie Corporation,NA,NA,NA,NA,NA,NA,NA,NA,NA,NA,NA,NA,NA,NA,NA,NA,NA,NA,NA,NA,NA,NA,NA,NA,NA,NA,NA,NA,NA,NA,NA,NA,NA,NA,NA,NA,NA,NA,NA,NA,NA,NA,NA,NA,NA,NA,NA,NA,NA,NA,NA,NA,NA,NA,NA,NA,NA,NA,NA,NA,NA,NA
Colombia,2020,COE,auction,NA,https://allianceforcoffeeexcellence.org/colombia-2020/,1,15,NA,NA,NA,NA,87.38,success,NA,NA,NA,$15.10,"$14,980.41",NA,NA,NA,NA,NA,El Estoraque,NA,NA,992.08,"Wataru & Co., Ltd.",NA,NA,NA,NA,NA,NA,NA,NA,NA,NA,NA,NA,NA,NA,NA,NA,NA,NA,NA,NA,NA,NA,NA,NA,NA,NA,NA,NA,NA,NA,NA,NA,NA,NA,NA,NA,NA,NA,NA,NA,NA,NA,NA,NA,NA,NA,NA,NA,NA,NA,NA,NA,NA,NA,NA,NA,NA,NA,NA,NA,NA,NA
Colombia,2020,COE,auction,NA,https://allianceforcoffeeexcellence.org/colombia-2020/,1,16,NA,NA,NA,NA,87.34,success,NA,NA,NA,$14.10,"$12,589.47",NA,NA,NA,NA,NA,El Naranjo,NA,NA,892.87,Campos Coffee,NA,NA,NA,NA,NA,NA,NA,NA,NA,NA,NA,NA,NA,NA,NA,NA,NA,NA,NA,NA,NA,NA,NA,NA,NA,NA,NA,NA,NA,NA,NA,NA,NA,NA,NA,NA,NA,NA,NA,NA,NA,NA,NA,NA,NA,NA,NA,NA,NA,NA,NA,NA,NA,NA,NA,NA,NA,NA,NA,NA,NA,NA
Colombia,2020,COE,auction,NA,https://allianceforcoffeeexcellence.org/colombia-2020/,1,17,NA,NA,NA,NA,87.31,success,NA,NA,NA,$16.70,"$20,433.45",NA,NA,NA,NA,NA,La Guaca,NA,NA,1223.56,"Wataru & Co., Ltd.",NA,NA,NA,NA,NA,NA,NA,NA,NA,NA,NA,NA,NA,NA,NA,NA,NA,NA,NA,NA,NA,NA,NA,NA,NA,NA,NA,NA,NA,NA,NA,NA,NA,NA,NA,NA,NA,NA,NA,NA,NA,NA,NA,NA,NA,NA,NA,NA,NA,NA,NA,NA,NA,NA,NA,NA,NA,NA,NA,NA,NA,NA
Colombia,2020,COE,auction,NA,https://allianceforcoffeeexcellence.org/colombia-2020/,1,18,NA,NA,NA,NA,87.28,success,NA,NA,NA,$10.65,"$10,565.65",NA,NA,NA,NA,NA,Bella Vista,NA,NA,992.08,"Coffee County, Wataru & Co., Ltd.",NA,NA,NA,NA,NA,NA,NA,NA,NA,NA,NA,NA,NA,NA,NA,NA,NA,NA,NA,NA,NA,NA,NA,NA,NA,NA,NA,NA,NA,NA,NA,NA,NA,NA,NA,NA,NA,NA,NA,NA,NA,NA,NA,NA,NA,NA,NA,NA,NA,NA,NA,NA,NA,NA,NA,NA,NA,NA,NA,NA,NA,NA
Colombia,2020,COE,auction,NA,https://allianceforcoffeeexcellence.org/colombia-2020/,1,19,NA,NA,NA,NA,87.25,success,NA,NA,NA,$35.10,"$13,928.73",NA,NA,NA,NA,NA,El Chirimoyo,NA,NA,396.83,Knock Box Coffee,NA,NA,NA,NA,NA,NA,NA,NA,NA,NA,NA,NA,NA,NA,NA,NA,NA,NA,NA,NA,NA,NA,NA,NA,NA,NA,NA,NA,NA,NA,NA,NA,NA,NA,NA,NA,NA,NA,NA,NA,NA,NA,NA,NA,NA,NA,NA,NA,NA,NA,NA,NA,NA,NA,NA,NA,NA,NA,NA,NA,NA,NA
Colombia,2020,COE,auction,NA,https://allianceforcoffeeexcellence.org/colombia-2020/,1,20,NA,NA,NA,NA,87.22,success,NA,NA,NA,$10.30,"$20,096.23",NA,NA,NA,NA,NA,El Naranjo,NA,NA,1951.09,Honu Kato Coffee Inc.,NA,NA,NA,NA,NA,NA,NA,NA,NA,NA,NA,NA,NA,NA,NA,NA,NA,NA,NA,NA,NA,NA,NA,NA,NA,NA,NA,NA,NA,NA,NA,NA,NA,NA,NA,NA,NA,NA,NA,NA,NA,NA,NA,NA,NA,NA,NA,NA,NA,NA,NA,NA,NA,NA,NA,NA,NA,NA,NA,NA,NA,NA
Colombia,2020,COE,auction,NA,https://allianceforcoffeeexcellence.org/colombia-2020/,1,21,NA,NA,NA,NA,87.19,success,NA,NA,NA,$11.20,"$10,370.53",NA,NA,NA,NA,NA,La Peña,NA,NA,925.94,19grams / Tres Cabezas,NA,NA,NA,NA,NA,NA,NA,NA,NA,NA,NA,NA,NA,NA,NA,NA,NA,NA,NA,NA,NA,NA,NA,NA,NA,NA,NA,NA,NA,NA,NA,NA,NA,NA,NA,NA,NA,NA,NA,NA,NA,NA,NA,NA,NA,NA,NA,NA,NA,NA,NA,NA,NA,NA,NA,NA,NA,NA,NA,NA,NA,NA
Colombia,2020,COE,auction,NA,https://allianceforcoffeeexcellence.org/colombia-2020/,1,22,NA,NA,NA,NA,87.13,success,NA,NA,NA,$35.20,"$32,593.09",NA,NA,NA,NA,NA,La Piragua,NA,NA,925.94,"Intelligentsia (USA), Single O (AU), La Boheme (CZ), Moustache Coffee Club (USA)",NA,NA,NA,NA,NA,NA,NA,NA,NA,NA,NA,NA,NA,NA,NA,NA,NA,NA,NA,NA,NA,NA,NA,NA,NA,NA,NA,NA,NA,NA,NA,NA,NA,NA,NA,NA,NA,NA,NA,NA,NA,NA,NA,NA,NA,NA,NA,NA,NA,NA,NA,NA,NA,NA,NA,NA,NA,NA,NA,NA,NA,NA
Colombia,2020,COE,auction,NA,https://allianceforcoffeeexcellence.org/colombia-2020/,1,23,NA,NA,NA,NA,87.09,success,NA,NA,NA,$10.00,"$20,172.30",NA,NA,NA,NA,NA,La Mina,NA,NA,2017.23,"Wataru & Co., Ltd.",NA,NA,NA,NA,NA,NA,NA,NA,NA,NA,NA,NA,NA,NA,NA,NA,NA,NA,NA,NA,NA,NA,NA,NA,NA,NA,NA,NA,NA,NA,NA,NA,NA,NA,NA,NA,NA,NA,NA,NA,NA,NA,NA,NA,NA,NA,NA,NA,NA,NA,NA,NA,NA,NA,NA,NA,NA,NA,NA,NA,NA,NA
Colombia,2020,COE,auction,NA,https://allianceforcoffeeexcellence.org/colombia-2020/,1,24,NA,NA,NA,NA,87,success,NA,NA,NA,$10.30,"$9,196.56",NA,NA,NA,NA,NA,Betania,NA,NA,892.87,Hannoversche Kaffeemanufaktur GmbH & Co. Kg,NA,NA,NA,NA,NA,NA,NA,NA,NA,NA,NA,NA,NA,NA,NA,NA,NA,NA,NA,NA,NA,NA,NA,NA,NA,NA,NA,NA,NA,NA,NA,NA,NA,NA,NA,NA,NA,NA,NA,NA,NA,NA,NA,NA,NA,NA,NA,NA,NA,NA,NA,NA,NA,NA,NA,NA,NA,NA,NA,NA,NA,NA
Colombia,2020,COE,auction,NA,https://allianceforcoffeeexcellence.org/colombia-2020/,1,Totals:,NA,NA,NA,NA,,success,NA,NA,NA,$19.49/lb,"$473,036.47",NA,NA,NA,NA,NA,,NA,NA,"24,272.86lbs",,NA,NA,NA,NA,NA,NA,NA,NA,NA,NA,NA,NA,NA,NA,NA,NA,NA,NA,NA,NA,NA,NA,NA,NA,NA,NA,NA,NA,NA,NA,NA,NA,NA,NA,NA,NA,NA,NA,NA,NA,NA,NA,NA,NA,NA,NA,NA,NA,NA,NA,NA,NA,NA,NA,NA,NA,NA,NA,NA,NA,NA,NA
Colombia,2021,COE,auction,NA,https://allianceforcoffeeexcellence.org/colombia-2021/,2,1a,NA,NA,NA,NA,90.61,success,NA,NA,NA,$135.10,"$49,153.43",NA,NA,NA,NA,NA,Obraje,NA,NA,363.83,"K.V.N. Import Export (1991) Co.,Ltd",NA,NA,NA,NA,NA,NA,NA,NA,NA,NA,NA,NA,NA,NA,NA,NA,NA,NA,NA,NA,NA,NA,NA,NA,NA,NA,NA,NA,NA,NA,NA,NA,NA,NA,NA,NA,NA,NA,NA,NA,NA,NA,NA,NA,NA,NA,NA,NA,NA,NA,NA,NA,NA,NA,NA,NA,NA,NA,NA,NA,NA,NA
Colombia,2021,COE,auction,NA,https://allianceforcoffeeexcellence.org/colombia-2021/,2,1b,NA,NA,NA,NA,90.61,success,NA,NA,NA,$122.10,"$40,384.58",NA,NA,NA,NA,NA,Obraje,NA,NA,330.75,"K.V.N. Import Export (1991) Co.,Ltd",NA,NA,NA,NA,NA,NA,NA,NA,NA,NA,NA,NA,NA,NA,NA,NA,NA,NA,NA,NA,NA,NA,NA,NA,NA,NA,NA,NA,NA,NA,NA,NA,NA,NA,NA,NA,NA,NA,NA,NA,NA,NA,NA,NA,NA,NA,NA,NA,NA,NA,NA,NA,NA,NA,NA,NA,NA,NA,NA,NA,NA,NA
Colombia,2021,COE,auction,NA,https://allianceforcoffeeexcellence.org/colombia-2021/,2,2a,NA,NA,NA,NA,90.07,success,NA,NA,NA,$95.10,"$37,745.19",NA,NA,NA,NA,NA,La Siria,NA,NA,396.9,"Cometeer, George Howell, Bird Rock Coffee, Intelligentsia, Passenger",NA,NA,NA,NA,NA,NA,NA,NA,NA,NA,NA,NA,NA,NA,NA,NA,NA,NA,NA,NA,NA,NA,NA,NA,NA,NA,NA,NA,NA,NA,NA,NA,NA,NA,NA,NA,NA,NA,NA,NA,NA,NA,NA,NA,NA,NA,NA,NA,NA,NA,NA,NA,NA,NA,NA,NA,NA,NA,NA,NA,NA,NA
Colombia,2021,COE,auction,NA,https://allianceforcoffeeexcellence.org/colombia-2021/,2,2b,NA,NA,NA,NA,90.07,success,NA,NA,NA,$95.10,"$37,745.19",NA,NA,NA,NA,NA,La Siria,NA,NA,396.9,Latorre & Dutch Coffee (China) for MANNER COFFEE (China),NA,NA,NA,NA,NA,NA,NA,NA,NA,NA,NA,NA,NA,NA,NA,NA,NA,NA,NA,NA,NA,NA,NA,NA,NA,NA,NA,NA,NA,NA,NA,NA,NA,NA,NA,NA,NA,NA,NA,NA,NA,NA,NA,NA,NA,NA,NA,NA,NA,NA,NA,NA,NA,NA,NA,NA,NA,NA,NA,NA,NA,NA
Colombia,2021,COE,auction,NA,https://allianceforcoffeeexcellence.org/colombia-2021/,2,3,NA,NA,NA,NA,89.46,success,NA,NA,NA,$55.00,"$23,648.90",NA,NA,NA,NA,NA,El Zafiro,NA,NA,429.98,KALDI COFFEE FARM,NA,NA,NA,NA,NA,NA,NA,NA,NA,NA,NA,NA,NA,NA,NA,NA,NA,NA,NA,NA,NA,NA,NA,NA,NA,NA,NA,NA,NA,NA,NA,NA,NA,NA,NA,NA,NA,NA,NA,NA,NA,NA,NA,NA,NA,NA,NA,NA,NA,NA,NA,NA,NA,NA,NA,NA,NA,NA,NA,NA,NA,NA
Colombia,2021,COE,auction,NA,https://allianceforcoffeeexcellence.org/colombia-2021/,2,4,NA,NA,NA,NA,89.43,success,NA,NA,NA,$41.40,"$21,908.88",NA,NA,NA,NA,NA,Guayacanes – El Tejar,NA,NA,529.2,"Proud Mary Coffee Roasters, SUPREMO COFFEE, Timesclub, Fineprint",NA,NA,NA,NA,NA,NA,NA,NA,NA,NA,NA,NA,NA,NA,NA,NA,NA,NA,NA,NA,NA,NA,NA,NA,NA,NA,NA,NA,NA,NA,NA,NA,NA,NA,NA,NA,NA,NA,NA,NA,NA,NA,NA,NA,NA,NA,NA,NA,NA,NA,NA,NA,NA,NA,NA,NA,NA,NA,NA,NA,NA,NA
Colombia,2021,COE,auction,NA,https://allianceforcoffeeexcellence.org/colombia-2021/,2,5,NA,NA,NA,NA,89.39,success,NA,NA,NA,$20.30,"$28,871.27",NA,NA,NA,NA,NA,El Casino,NA,NA,1422.23,Terarosa (Haksan Co. Ltd),NA,NA,NA,NA,NA,NA,NA,NA,NA,NA,NA,NA,NA,NA,NA,NA,NA,NA,NA,NA,NA,NA,NA,NA,NA,NA,NA,NA,NA,NA,NA,NA,NA,NA,NA,NA,NA,NA,NA,NA,NA,NA,NA,NA,NA,NA,NA,NA,NA,NA,NA,NA,NA,NA,NA,NA,NA,NA,NA,NA,NA,NA
Colombia,2021,COE,auction,NA,https://allianceforcoffeeexcellence.org/colombia-2021/,2,6,NA,NA,NA,NA,89.32,success,NA,NA,NA,$20.60,"$20,440.35",NA,NA,NA,NA,NA,La Guaca,NA,NA,992.25,"Caravela Coffee, Bean Box, Goodboybob, Equator, Black & White, L’escargot d’or cosmetocafe, Belux Coffee Roasters, Passenger, Onyx Coffee Labs, Goshen Coffee",NA,NA,NA,NA,NA,NA,NA,NA,NA,NA,NA,NA,NA,NA,NA,NA,NA,NA,NA,NA,NA,NA,NA,NA,NA,NA,NA,NA,NA,NA,NA,NA,NA,NA,NA,NA,NA,NA,NA,NA,NA,NA,NA,NA,NA,NA,NA,NA,NA,NA,NA,NA,NA,NA,NA,NA,NA,NA,NA,NA,NA,NA
Colombia,2021,COE,auction,NA,https://allianceforcoffeeexcellence.org/colombia-2021/,2,7,NA,NA,NA,NA,88.86,success,NA,NA,NA,$17.30,"$17,165.93",NA,NA,NA,NA,NA,La Piragua,NA,NA,992.25,BPC for Coffee Fiel,NA,NA,NA,NA,NA,NA,NA,NA,NA,NA,NA,NA,NA,NA,NA,NA,NA,NA,NA,NA,NA,NA,NA,NA,NA,NA,NA,NA,NA,NA,NA,NA,NA,NA,NA,NA,NA,NA,NA,NA,NA,NA,NA,NA,NA,NA,NA,NA,NA,NA,NA,NA,NA,NA,NA,NA,NA,NA,NA,NA,NA,NA
Colombia,2021,COE,auction,NA,https://allianceforcoffeeexcellence.org/colombia-2021/,2,8,NA,NA,NA,NA,88.64,success,NA,NA,NA,$40.10,"$21,220.92",NA,NA,NA,NA,NA,La Miel,NA,NA,529.2,Sarutahiko Coffee Inc.,NA,NA,NA,NA,NA,NA,NA,NA,NA,NA,NA,NA,NA,NA,NA,NA,NA,NA,NA,NA,NA,NA,NA,NA,NA,NA,NA,NA,NA,NA,NA,NA,NA,NA,NA,NA,NA,NA,NA,NA,NA,NA,NA,NA,NA,NA,NA,NA,NA,NA,NA,NA,NA,NA,NA,NA,NA,NA,NA,NA,NA,NA
Colombia,2021,COE,auction,NA,https://allianceforcoffeeexcellence.org/colombia-2021/,2,9,NA,NA,NA,NA,88.57,success,NA,NA,NA,$17.30,"$13,732.74",NA,NA,NA,NA,NA,El Cedro,NA,NA,793.8,M.I.COFFEE CORPORATION,NA,NA,NA,NA,NA,NA,NA,NA,NA,NA,NA,NA,NA,NA,NA,NA,NA,NA,NA,NA,NA,NA,NA,NA,NA,NA,NA,NA,NA,NA,NA,NA,NA,NA,NA,NA,NA,NA,NA,NA,NA,NA,NA,NA,NA,NA,NA,NA,NA,NA,NA,NA,NA,NA,NA,NA,NA,NA,NA,NA,NA,NA
Colombia,2021,COE,auction,NA,https://allianceforcoffeeexcellence.org/colombia-2021/,2,10,NA,NA,NA,NA,88.39,success,NA,NA,NA,$19.10,"$27,164.59",NA,NA,NA,NA,NA,La Fortuna,NA,NA,1422.23,KALDI COFFEE FARM,NA,NA,NA,NA,NA,NA,NA,NA,NA,NA,NA,NA,NA,NA,NA,NA,NA,NA,NA,NA,NA,NA,NA,NA,NA,NA,NA,NA,NA,NA,NA,NA,NA,NA,NA,NA,NA,NA,NA,NA,NA,NA,NA,NA,NA,NA,NA,NA,NA,NA,NA,NA,NA,NA,NA,NA,NA,NA,NA,NA,NA,NA
Colombia,2021,COE,auction,NA,https://allianceforcoffeeexcellence.org/colombia-2021/,2,11,NA,NA,NA,NA,87.93,success,NA,NA,NA,$42.00,"$30,561.30",NA,NA,NA,NA,NA,San Jose,NA,NA,727.65,"Global Beans, Degood Coffee, GZ COFFEE-ERA, ARC Coffee, The Baristro, Caffe de Aromi co.,ltd, Ministry of Roasters, Santipanich co.,ltd, Annie Coffee Roaster, Stupiducks Coffee",NA,NA,NA,NA,NA,NA,NA,NA,NA,NA,NA,NA,NA,NA,NA,NA,NA,NA,NA,NA,NA,NA,NA,NA,NA,NA,NA,NA,NA,NA,NA,NA,NA,NA,NA,NA,NA,NA,NA,NA,NA,NA,NA,NA,NA,NA,NA,NA,NA,NA,NA,NA,NA,NA,NA,NA,NA,NA,NA,NA,NA,NA
Colombia,2021,COE,auction,NA,https://allianceforcoffeeexcellence.org/colombia-2021/,2,12,NA,NA,NA,NA,87.86,success,NA,NA,NA,$50.10,"$16,570.58",NA,NA,NA,NA,NA,La Meliza,NA,NA,330.75,Black sip coffee roasters,NA,NA,NA,NA,NA,NA,NA,NA,NA,NA,NA,NA,NA,NA,NA,NA,NA,NA,NA,NA,NA,NA,NA,NA,NA,NA,NA,NA,NA,NA,NA,NA,NA,NA,NA,NA,NA,NA,NA,NA,NA,NA,NA,NA,NA,NA,NA,NA,NA,NA,NA,NA,NA,NA,NA,NA,NA,NA,NA,NA,NA,NA
Colombia,2021,COE,auction,NA,https://allianceforcoffeeexcellence.org/colombia-2021/,2,13,NA,NA,NA,NA,87.86,success,NA,NA,NA,$17.00,"$17,430.61",NA,NA,NA,NA,NA,El Bosque,NA,NA,1025.33,MARISSTELLA COFFEE / COMANSA / KEVIN COFFEE ROASTERS / BOKKUM & GIL Coffee Roasters / Roaster Rick / Abri Company.corp / Gachicoffee (Yeosu),NA,NA,NA,NA,NA,NA,NA,NA,NA,NA,NA,NA,NA,NA,NA,NA,NA,NA,NA,NA,NA,NA,NA,NA,NA,NA,NA,NA,NA,NA,NA,NA,NA,NA,NA,NA,NA,NA,NA,NA,NA,NA,NA,NA,NA,NA,NA,NA,NA,NA,NA,NA,NA,NA,NA,NA,NA,NA,NA,NA,NA,NA
Colombia,2021,COE,auction,NA,https://allianceforcoffeeexcellence.org/colombia-2021/,2,14,NA,NA,NA,NA,87.82,success,NA,NA,NA,$24.10,"$11,956.73",NA,NA,NA,NA,NA,Betania,NA,NA,496.13,Haru International Corporation,NA,NA,NA,NA,NA,NA,NA,NA,NA,NA,NA,NA,NA,NA,NA,NA,NA,NA,NA,NA,NA,NA,NA,NA,NA,NA,NA,NA,NA,NA,NA,NA,NA,NA,NA,NA,NA,NA,NA,NA,NA,NA,NA,NA,NA,NA,NA,NA,NA,NA,NA,NA,NA,NA,NA,NA,NA,NA,NA,NA,NA,NA
Colombia,2021,COE,auction,NA,https://allianceforcoffeeexcellence.org/colombia-2021/,2,15,NA,NA,NA,NA,87.82,success,NA,NA,NA,$17.90,"$9,472.68",NA,NA,NA,NA,NA,La Falda,NA,NA,529.2,"K.V.N. Import Export (1991) Co.,Ltd",NA,NA,NA,NA,NA,NA,NA,NA,NA,NA,NA,NA,NA,NA,NA,NA,NA,NA,NA,NA,NA,NA,NA,NA,NA,NA,NA,NA,NA,NA,NA,NA,NA,NA,NA,NA,NA,NA,NA,NA,NA,NA,NA,NA,NA,NA,NA,NA,NA,NA,NA,NA,NA,NA,NA,NA,NA,NA,NA,NA,NA,NA
Colombia,2021,COE,auction,NA,https://allianceforcoffeeexcellence.org/colombia-2021/,2,16,NA,NA,NA,NA,87.68,success,NA,NA,NA,$18.60,"$9,843.12",NA,NA,NA,NA,NA,Los Palomos,NA,NA,529.2,Latorre & Dutch Coffee (China) for MANNER COFFEE (China),NA,NA,NA,NA,NA,NA,NA,NA,NA,NA,NA,NA,NA,NA,NA,NA,NA,NA,NA,NA,NA,NA,NA,NA,NA,NA,NA,NA,NA,NA,NA,NA,NA,NA,NA,NA,NA,NA,NA,NA,NA,NA,NA,NA,NA,NA,NA,NA,NA,NA,NA,NA,NA,NA,NA,NA,NA,NA,NA,NA,NA,NA
Colombia,2021,COE,auction,NA,https://allianceforcoffeeexcellence.org/colombia-2021/,2,17,NA,NA,NA,NA,87.68,success,NA,NA,NA,$17.00,"$11,807.86",NA,NA,NA,NA,NA,Las Palmas,NA,NA,694.58,"K.V.N. Import Export (1991) Co.,Ltd",NA,NA,NA,NA,NA,NA,NA,NA,NA,NA,NA,NA,NA,NA,NA,NA,NA,NA,NA,NA,NA,NA,NA,NA,NA,NA,NA,NA,NA,NA,NA,NA,NA,NA,NA,NA,NA,NA,NA,NA,NA,NA,NA,NA,NA,NA,NA,NA,NA,NA,NA,NA,NA,NA,NA,NA,NA,NA,NA,NA,NA,NA
Colombia,2021,COE,auction,NA,https://allianceforcoffeeexcellence.org/colombia-2021/,2,18,NA,NA,NA,NA,87.64,success,NA,NA,NA,$23.30,"$22,348.89",NA,NA,NA,NA,NA,La Siberia,NA,NA,959.18,"Latorre & Dutch Coffee (China) for Fisher Coffee / M2M Coffee Roasters / Taster’s Coffee / Cut Hand Group (剁手咖啡群) / 领地 La Finca / KOMENCU Coffee Roasters (China) / KOLAKOLA COFFEE / Santipanich Co., Ltd. / Stupiducks Coffee",NA,NA,NA,NA,NA,NA,NA,NA,NA,NA,NA,NA,NA,NA,NA,NA,NA,NA,NA,NA,NA,NA,NA,NA,NA,NA,NA,NA,NA,NA,NA,NA,NA,NA,NA,NA,NA,NA,NA,NA,NA,NA,NA,NA,NA,NA,NA,NA,NA,NA,NA,NA,NA,NA,NA,NA,NA,NA,NA,NA,NA,NA
Colombia,2021,COE,auction,NA,https://allianceforcoffeeexcellence.org/colombia-2021/,2,19,NA,NA,NA,NA,87.46,success,NA,NA,NA,$20.80,"$17,199.10",NA,NA,NA,NA,NA,Villa del Prado,NA,NA,826.88,KALDI COFFEE FARM,NA,NA,NA,NA,NA,NA,NA,NA,NA,NA,NA,NA,NA,NA,NA,NA,NA,NA,NA,NA,NA,NA,NA,NA,NA,NA,NA,NA,NA,NA,NA,NA,NA,NA,NA,NA,NA,NA,NA,NA,NA,NA,NA,NA,NA,NA,NA,NA,NA,NA,NA,NA,NA,NA,NA,NA,NA,NA,NA,NA,NA,NA
Colombia,2021,COE,auction,NA,https://allianceforcoffeeexcellence.org/colombia-2021/,2,20,NA,NA,NA,NA,87.39,success,NA,NA,NA,$17.00,"$16,306.06",NA,NA,NA,NA,NA,Los Eucaliptos,NA,NA,959.18,"Wataru & Co., Ltd",NA,NA,NA,NA,NA,NA,NA,NA,NA,NA,NA,NA,NA,NA,NA,NA,NA,NA,NA,NA,NA,NA,NA,NA,NA,NA,NA,NA,NA,NA,NA,NA,NA,NA,NA,NA,NA,NA,NA,NA,NA,NA,NA,NA,NA,NA,NA,NA,NA,NA,NA,NA,NA,NA,NA,NA,NA,NA,NA,NA,NA,NA
Colombia,2021,COE,auction,NA,https://allianceforcoffeeexcellence.org/colombia-2021/,2,21,NA,NA,NA,NA,87.36,success,NA,NA,NA,$27.20,"$16,193.52",NA,NA,NA,NA,NA,La Carolina,NA,NA,595.35,"K.V.N. Import Export (1991) Co.,Ltd",NA,NA,NA,NA,NA,NA,NA,NA,NA,NA,NA,NA,NA,NA,NA,NA,NA,NA,NA,NA,NA,NA,NA,NA,NA,NA,NA,NA,NA,NA,NA,NA,NA,NA,NA,NA,NA,NA,NA,NA,NA,NA,NA,NA,NA,NA,NA,NA,NA,NA,NA,NA,NA,NA,NA,NA,NA,NA,NA,NA,NA,NA
Colombia,2021,COE,auction,NA,https://allianceforcoffeeexcellence.org/colombia-2021/,2,22,NA,NA,NA,NA,87.14,success,NA,NA,NA,$16.70,"$13,256.46",NA,NA,NA,NA,NA,Buena Vista,NA,NA,793.8,Honu Kato Coffee Inc.,NA,NA,NA,NA,NA,NA,NA,NA,NA,NA,NA,NA,NA,NA,NA,NA,NA,NA,NA,NA,NA,NA,NA,NA,NA,NA,NA,NA,NA,NA,NA,NA,NA,NA,NA,NA,NA,NA,NA,NA,NA,NA,NA,NA,NA,NA,NA,NA,NA,NA,NA,NA,NA,NA,NA,NA,NA,NA,NA,NA,NA,NA
Colombia,2021,COE,auction,NA,https://allianceforcoffeeexcellence.org/colombia-2021/,2,23,NA,NA,NA,NA,87.11,success,NA,NA,NA,$18.30,"$9,684.36",NA,NA,NA,NA,NA,La Esperanza,NA,NA,529.2,"K.V.N. Import Export (1991) Co.,Ltd",NA,NA,NA,NA,NA,NA,NA,NA,NA,NA,NA,NA,NA,NA,NA,NA,NA,NA,NA,NA,NA,NA,NA,NA,NA,NA,NA,NA,NA,NA,NA,NA,NA,NA,NA,NA,NA,NA,NA,NA,NA,NA,NA,NA,NA,NA,NA,NA,NA,NA,NA,NA,NA,NA,NA,NA,NA,NA,NA,NA,NA,NA
Colombia,2021,COE,auction,NA,https://allianceforcoffeeexcellence.org/colombia-2021/,2,Totals,NA,NA,NA,NA,,success,NA,NA,NA,$30.79/lb,"$541,813.24",NA,NA,NA,NA,NA,,NA,NA,17595.95,,NA,NA,NA,NA,NA,NA,NA,NA,NA,NA,NA,NA,NA,NA,NA,NA,NA,NA,NA,NA,NA,NA,NA,NA,NA,NA,NA,NA,NA,NA,NA,NA,NA,NA,NA,NA,NA,NA,NA,NA,NA,NA,NA,NA,NA,NA,NA,NA,NA,NA,NA,NA,NA,NA,NA,NA,NA,NA,NA,NA,NA,NA
Colombia,2022,COE,auction,NA,https://allianceforcoffeeexcellence.org/colombia-2022/,2,1a,NA,NA,NA,NA,"90,65",success,NA,NA,NA,$92.20,"$27,644.33",NA,NA,NA,NA,NA,LA BOHEMIA,NA,NA,299.83,Curve Specialty coffee Roastery,NA,NA,NA,NA,NA,NA,NA,NA,NA,NA,NA,NA,NA,NA,NA,NA,NA,NA,NA,NA,NA,NA,NA,NA,NA,NA,NA,NA,NA,NA,NA,NA,NA,NA,NA,NA,NA,NA,NA,NA,NA,NA,NA,NA,NA,NA,NA,NA,NA,NA,NA,NA,NA,NA,NA,NA,NA,NA,NA,NA,NA,NA
Colombia,2022,COE,auction,NA,https://allianceforcoffeeexcellence.org/colombia-2022/,2,1b,NA,NA,NA,NA,"90,65",success,NA,NA,NA,$92.30,"$24,417.97",NA,NA,NA,NA,NA,LA BOHEMIA,NA,NA,264.55,"Orsir International Co., Ltd.",NA,NA,NA,NA,NA,NA,NA,NA,NA,NA,NA,NA,NA,NA,NA,NA,NA,NA,NA,NA,NA,NA,NA,NA,NA,NA,NA,NA,NA,NA,NA,NA,NA,NA,NA,NA,NA,NA,NA,NA,NA,NA,NA,NA,NA,NA,NA,NA,NA,NA,NA,NA,NA,NA,NA,NA,NA,NA,NA,NA,NA,NA
Colombia,2022,COE,auction,NA,https://allianceforcoffeeexcellence.org/colombia-2022/,2,2a,NA,NA,NA,NA,"90,02",success,NA,NA,NA,$50.20,"$16,600.64",NA,NA,NA,NA,NA,EL PORVENIR,NA,NA,330.69,GESHARY COFFEE,NA,NA,NA,NA,NA,NA,NA,NA,NA,NA,NA,NA,NA,NA,NA,NA,NA,NA,NA,NA,NA,NA,NA,NA,NA,NA,NA,NA,NA,NA,NA,NA,NA,NA,NA,NA,NA,NA,NA,NA,NA,NA,NA,NA,NA,NA,NA,NA,NA,NA,NA,NA,NA,NA,NA,NA,NA,NA,NA,NA,NA,NA
Colombia,2022,COE,auction,NA,https://allianceforcoffeeexcellence.org/colombia-2022/,2,2b,NA,NA,NA,NA,"90,02",success,NA,NA,NA,$63.20,"$16,719.56",NA,NA,NA,NA,NA,EL PORVENIR,NA,NA,264.55,"GLITCH COFFEE & ROASTERS ,TAKAMURA COFFEE ROASTERS BY MARUKAI.",NA,NA,NA,NA,NA,NA,NA,NA,NA,NA,NA,NA,NA,NA,NA,NA,NA,NA,NA,NA,NA,NA,NA,NA,NA,NA,NA,NA,NA,NA,NA,NA,NA,NA,NA,NA,NA,NA,NA,NA,NA,NA,NA,NA,NA,NA,NA,NA,NA,NA,NA,NA,NA,NA,NA,NA,NA,NA,NA,NA,NA,NA
Colombia,2022,COE,auction,NA,https://allianceforcoffeeexcellence.org/colombia-2022/,2,3,NA,NA,NA,NA,"89,43",success,NA,NA,NA,$28.10,"$13,009.46",NA,NA,NA,NA,NA,EL JARDIN,NA,NA,462.97,Onyx Coffee Lab,NA,NA,NA,NA,NA,NA,NA,NA,NA,NA,NA,NA,NA,NA,NA,NA,NA,NA,NA,NA,NA,NA,NA,NA,NA,NA,NA,NA,NA,NA,NA,NA,NA,NA,NA,NA,NA,NA,NA,NA,NA,NA,NA,NA,NA,NA,NA,NA,NA,NA,NA,NA,NA,NA,NA,NA,NA,NA,NA,NA,NA,NA
Colombia,2022,COE,auction,NA,https://allianceforcoffeeexcellence.org/colombia-2022/,2,4,NA,NA,NA,NA,"89,09",success,NA,NA,NA,$12.50,"$9,535.00",NA,NA,NA,NA,NA,La cruz,NA,NA,762.8,Curve Specialty coffee Roastery,NA,NA,NA,NA,NA,NA,NA,NA,NA,NA,NA,NA,NA,NA,NA,NA,NA,NA,NA,NA,NA,NA,NA,NA,NA,NA,NA,NA,NA,NA,NA,NA,NA,NA,NA,NA,NA,NA,NA,NA,NA,NA,NA,NA,NA,NA,NA,NA,NA,NA,NA,NA,NA,NA,NA,NA,NA,NA,NA,NA,NA,NA
Colombia,2022,COE,auction,NA,https://allianceforcoffeeexcellence.org/colombia-2022/,2,5,NA,NA,NA,NA,"89,09",success,NA,NA,NA,$23.80,"$10,231.62",NA,NA,NA,NA,NA,LA FORTUNA,NA,NA,429.9,"Caravela Coffee, Floozy Coffee, Elixr Coffee,
Equator Coffees,
Belux Coffee Roasters",NA,NA,NA,NA,NA,NA,NA,NA,NA,NA,NA,NA,NA,NA,NA,NA,NA,NA,NA,NA,NA,NA,NA,NA,NA,NA,NA,NA,NA,NA,NA,NA,NA,NA,NA,NA,NA,NA,NA,NA,NA,NA,NA,NA,NA,NA,NA,NA,NA,NA,NA,NA,NA,NA,NA,NA,NA,NA,NA,NA,NA,NA
Colombia,2022,COE,auction,NA,https://allianceforcoffeeexcellence.org/colombia-2022/,2,6,NA,NA,NA,NA,"88,89",success,NA,NA,NA,$21.40,"$14,153.75",NA,NA,NA,NA,NA,LA PELOTA,NA,NA,661.39,SUPREMO COFFEE,NA,NA,NA,NA,NA,NA,NA,NA,NA,NA,NA,NA,NA,NA,NA,NA,NA,NA,NA,NA,NA,NA,NA,NA,NA,NA,NA,NA,NA,NA,NA,NA,NA,NA,NA,NA,NA,NA,NA,NA,NA,NA,NA,NA,NA,NA,NA,NA,NA,NA,NA,NA,NA,NA,NA,NA,NA,NA,NA,NA,NA,NA
Colombia,2022,COE,auction,NA,https://allianceforcoffeeexcellence.org/colombia-2022/,2,7,NA,NA,NA,NA,"88,37",success,NA,NA,NA,$23.00,"$14,299.10",NA,NA,NA,NA,NA,MONTREAL,NA,NA,621.7,SARUTAHIKO COFFEE,NA,NA,NA,NA,NA,NA,NA,NA,NA,NA,NA,NA,NA,NA,NA,NA,NA,NA,NA,NA,NA,NA,NA,NA,NA,NA,NA,NA,NA,NA,NA,NA,NA,NA,NA,NA,NA,NA,NA,NA,NA,NA,NA,NA,NA,NA,NA,NA,NA,NA,NA,NA,NA,NA,NA,NA,NA,NA,NA,NA,NA,NA
Colombia,2022,COE,auction,NA,https://allianceforcoffeeexcellence.org/colombia-2022/,2,8,NA,NA,NA,NA,"88,35",success,NA,NA,NA,$17.60,"$8,148.27",NA,NA,NA,NA,NA,EL GUAYABO,NA,NA,462.97,M.I.Coffee Corporation,NA,NA,NA,NA,NA,NA,NA,NA,NA,NA,NA,NA,NA,NA,NA,NA,NA,NA,NA,NA,NA,NA,NA,NA,NA,NA,NA,NA,NA,NA,NA,NA,NA,NA,NA,NA,NA,NA,NA,NA,NA,NA,NA,NA,NA,NA,NA,NA,NA,NA,NA,NA,NA,NA,NA,NA,NA,NA,NA,NA,NA,NA
Colombia,2022,COE,auction,NA,https://allianceforcoffeeexcellence.org/colombia-2022/,2,9,NA,NA,NA,NA,"88,28",success,NA,NA,NA,$15.50,"$11,003.30",NA,NA,NA,NA,NA,LA PALMA,NA,NA,709.89,"MUSEO Co., Ltd. , liike coffee , ABRI COFFEE FACTORY , 커피화 로스터스 , huelgo",NA,NA,NA,NA,NA,NA,NA,NA,NA,NA,NA,NA,NA,NA,NA,NA,NA,NA,NA,NA,NA,NA,NA,NA,NA,NA,NA,NA,NA,NA,NA,NA,NA,NA,NA,NA,NA,NA,NA,NA,NA,NA,NA,NA,NA,NA,NA,NA,NA,NA,NA,NA,NA,NA,NA,NA,NA,NA,NA,NA,NA,NA
Colombia,2022,COE,auction,NA,https://allianceforcoffeeexcellence.org/colombia-2022/,2,10,NA,NA,NA,NA,"87,74",success,NA,NA,NA,$13.30,"$6,861.20",NA,NA,NA,NA,NA,LA SIBERIA,NA,NA,515.88,Pebble Coffee,NA,NA,NA,NA,NA,NA,NA,NA,NA,NA,NA,NA,NA,NA,NA,NA,NA,NA,NA,NA,NA,NA,NA,NA,NA,NA,NA,NA,NA,NA,NA,NA,NA,NA,NA,NA,NA,NA,NA,NA,NA,NA,NA,NA,NA,NA,NA,NA,NA,NA,NA,NA,NA,NA,NA,NA,NA,NA,NA,NA,NA,NA
Colombia,2022,COE,auction,NA,https://allianceforcoffeeexcellence.org/colombia-2022/,2,11,NA,NA,NA,NA,"87,59",success,NA,NA,NA,$14.00,"$14,815.08",NA,NA,NA,NA,NA,LAS BRISAS,NA,NA,"1,058.22","Wataru & Co., Ltd.",NA,NA,NA,NA,NA,NA,NA,NA,NA,NA,NA,NA,NA,NA,NA,NA,NA,NA,NA,NA,NA,NA,NA,NA,NA,NA,NA,NA,NA,NA,NA,NA,NA,NA,NA,NA,NA,NA,NA,NA,NA,NA,NA,NA,NA,NA,NA,NA,NA,NA,NA,NA,NA,NA,NA,NA,NA,NA,NA,NA,NA,NA
Colombia,2022,COE,auction,NA,https://allianceforcoffeeexcellence.org/colombia-2022/,2,12,NA,NA,NA,NA,"87,37",success,NA,NA,NA,$10.20,"$5,216.99",NA,NA,NA,NA,NA,Manantiales del Frontino,NA,NA,511.47,"Mercanta The Coffee Hunters, 19 Grams (Germany)",NA,NA,NA,NA,NA,NA,NA,NA,NA,NA,NA,NA,NA,NA,NA,NA,NA,NA,NA,NA,NA,NA,NA,NA,NA,NA,NA,NA,NA,NA,NA,NA,NA,NA,NA,NA,NA,NA,NA,NA,NA,NA,NA,NA,NA,NA,NA,NA,NA,NA,NA,NA,NA,NA,NA,NA,NA,NA,NA,NA,NA,NA
Colombia,2022,COE,auction,NA,https://allianceforcoffeeexcellence.org/colombia-2022/,2,13,NA,NA,NA,NA,"87,35",success,NA,NA,NA,$15.90,"$11,111.87",NA,NA,NA,NA,NA,LA AZUCENA,NA,NA,698.86,terarosa,NA,NA,NA,NA,NA,NA,NA,NA,NA,NA,NA,NA,NA,NA,NA,NA,NA,NA,NA,NA,NA,NA,NA,NA,NA,NA,NA,NA,NA,NA,NA,NA,NA,NA,NA,NA,NA,NA,NA,NA,NA,NA,NA,NA,NA,NA,NA,NA,NA,NA,NA,NA,NA,NA,NA,NA,NA,NA,NA,NA,NA,NA
Colombia,2022,COE,auction,NA,https://allianceforcoffeeexcellence.org/colombia-2022/,2,14,NA,NA,NA,NA,"87,35",success,NA,NA,NA,$14.30,"$16,771.90",NA,NA,NA,NA,NA,EL PORVENIR,NA,NA,"1,172.86",SARUTAHIKO COFFEE,NA,NA,NA,NA,NA,NA,NA,NA,NA,NA,NA,NA,NA,NA,NA,NA,NA,NA,NA,NA,NA,NA,NA,NA,NA,NA,NA,NA,NA,NA,NA,NA,NA,NA,NA,NA,NA,NA,NA,NA,NA,NA,NA,NA,NA,NA,NA,NA,NA,NA,NA,NA,NA,NA,NA,NA,NA,NA,NA,NA,NA,NA
Colombia,2022,COE,auction,NA,https://allianceforcoffeeexcellence.org/colombia-2022/,2,15,NA,NA,NA,NA,"87,22",success,NA,NA,NA,$12.40,"$6,998.31",NA,NA,NA,NA,NA,EL MIRADOR,NA,NA,564.38,Studio Caffeine,NA,NA,NA,NA,NA,NA,NA,NA,NA,NA,NA,NA,NA,NA,NA,NA,NA,NA,NA,NA,NA,NA,NA,NA,NA,NA,NA,NA,NA,NA,NA,NA,NA,NA,NA,NA,NA,NA,NA,NA,NA,NA,NA,NA,NA,NA,NA,NA,NA,NA,NA,NA,NA,NA,NA,NA,NA,NA,NA,NA,NA,NA
Colombia,2022,COE,auction,NA,https://allianceforcoffeeexcellence.org/colombia-2022/,2,16,NA,NA,NA,NA,"87,17",success,NA,NA,NA,$10.10,"$12,691.96",NA,NA,NA,NA,NA,EL CEDRO,NA,NA,1256.63,honu加藤珈琲店株式会社,NA,NA,NA,NA,NA,NA,NA,NA,NA,NA,NA,NA,NA,NA,NA,NA,NA,NA,NA,NA,NA,NA,NA,NA,NA,NA,NA,NA,NA,NA,NA,NA,NA,NA,NA,NA,NA,NA,NA,NA,NA,NA,NA,NA,NA,NA,NA,NA,NA,NA,NA,NA,NA,NA,NA,NA,NA,NA,NA,NA,NA,NA
Colombia,2022,COE,auction,NA,https://allianceforcoffeeexcellence.org/colombia-2022/,2,17,NA,NA,NA,NA,"87,15",success,NA,NA,NA,$12.20,"$6,777.83",NA,NA,NA,NA,NA,SANTA HELENA,NA,NA,555.56,caffeinelab,NA,NA,NA,NA,NA,NA,NA,NA,NA,NA,NA,NA,NA,NA,NA,NA,NA,NA,NA,NA,NA,NA,NA,NA,NA,NA,NA,NA,NA,NA,NA,NA,NA,NA,NA,NA,NA,NA,NA,NA,NA,NA,NA,NA,NA,NA,NA,NA,NA,NA,NA,NA,NA,NA,NA,NA,NA,NA,NA,NA,NA,NA
Colombia,2022,COE,auction,NA,https://allianceforcoffeeexcellence.org/colombia-2022/,2,18,NA,NA,NA,NA,"87,13",success,NA,NA,NA,$10.10,"$13,248.68",NA,NA,NA,NA,NA,El Bosque,NA,NA,1311.75,"Wataru & Co., Ltd.",NA,NA,NA,NA,NA,NA,NA,NA,NA,NA,NA,NA,NA,NA,NA,NA,NA,NA,NA,NA,NA,NA,NA,NA,NA,NA,NA,NA,NA,NA,NA,NA,NA,NA,NA,NA,NA,NA,NA,NA,NA,NA,NA,NA,NA,NA,NA,NA,NA,NA,NA,NA,NA,NA,NA,NA,NA,NA,NA,NA,NA,NA
Colombia,2022,COE,auction,NA,https://allianceforcoffeeexcellence.org/colombia-2022/,2,19,NA,NA,NA,NA,"87,13",success,NA,NA,NA,$11.60,"$6,137.68",NA,NA,NA,NA,NA,EL MIRADOR,NA,NA,529.11,Wataru for GOLPIE COFFEE,NA,NA,NA,NA,NA,NA,NA,NA,NA,NA,NA,NA,NA,NA,NA,NA,NA,NA,NA,NA,NA,NA,NA,NA,NA,NA,NA,NA,NA,NA,NA,NA,NA,NA,NA,NA,NA,NA,NA,NA,NA,NA,NA,NA,NA,NA,NA,NA,NA,NA,NA,NA,NA,NA,NA,NA,NA,NA,NA,NA,NA,NA
Colombia,2022,COE,auction,NA,https://allianceforcoffeeexcellence.org/colombia-2022/,2,20,NA,NA,NA,NA,"87,07",success,NA,NA,NA,$10.40,"$6,488.66",NA,NA,NA,NA,NA,LOS ANGELES,NA,NA,623.91,Wataru for Voila Coffee,NA,NA,NA,NA,NA,NA,NA,NA,NA,NA,NA,NA,NA,NA,NA,NA,NA,NA,NA,NA,NA,NA,NA,NA,NA,NA,NA,NA,NA,NA,NA,NA,NA,NA,NA,NA,NA,NA,NA,NA,NA,NA,NA,NA,NA,NA,NA,NA,NA,NA,NA,NA,NA,NA,NA,NA,NA,NA,NA,NA,NA,NA
Colombia,2022,COE,auction,NA,https://allianceforcoffeeexcellence.org/colombia-2022/,2,21,NA,NA,NA,NA,"87,02",success,NA,NA,NA,$12.20,"$7,181.29",NA,NA,NA,NA,NA,LA CUEVITA,NA,NA,588.63,caffeinelab,NA,NA,NA,NA,NA,NA,NA,NA,NA,NA,NA,NA,NA,NA,NA,NA,NA,NA,NA,NA,NA,NA,NA,NA,NA,NA,NA,NA,NA,NA,NA,NA,NA,NA,NA,NA,NA,NA,NA,NA,NA,NA,NA,NA,NA,NA,NA,NA,NA,NA,NA,NA,NA,NA,NA,NA,NA,NA,NA,NA,NA,NA
Colombia,2022,COE,auction,NA,https://allianceforcoffeeexcellence.org/colombia-2022/,2,22,NA,NA,NA,NA,"87,00",success,NA,NA,NA,$10.00,"$10,582.20",NA,NA,NA,NA,NA,LA PIRAGUA,NA,NA,1058.22,"Wataru & Co., Ltd.",NA,NA,NA,NA,NA,NA,NA,NA,NA,NA,NA,NA,NA,NA,NA,NA,NA,NA,NA,NA,NA,NA,NA,NA,NA,NA,NA,NA,NA,NA,NA,NA,NA,NA,NA,NA,NA,NA,NA,NA,NA,NA,NA,NA,NA,NA,NA,NA,NA,NA,NA,NA,NA,NA,NA,NA,NA,NA,NA,NA,NA,NA
Colombia,2022,COE,auction,NA,https://allianceforcoffeeexcellence.org/colombia-2022/,2,Total,NA,NA,NA,NA,,success,NA,NA,NA,"Auction Average $/lb
$24.85","Total Auction Value
$290,646.65",NA,NA,NA,NA,NA,,NA,NA,15716.72,,NA,NA,NA,NA,NA,NA,NA,NA,NA,NA,NA,NA,NA,NA,NA,NA,NA,NA,NA,NA,NA,NA,NA,NA,NA,NA,NA,NA,NA,NA,NA,NA,NA,NA,NA,NA,NA,NA,NA,NA,NA,NA,NA,NA,NA,NA,NA,NA,NA,NA,NA,NA,NA,NA,NA,NA,NA,NA,NA,NA,NA,NA
Colombia,2023,COE,auction,NA,https://allianceforcoffeeexcellence.org/colombia-2023/,2,NA,NA,NA,NA,NA,90.61,success,NA,NA,NA,$70.50,"$23,313.65",NA,NA,NA,NA,NA,Montreal,NA,NA,330.693,Onyx Coffee Lab (USA),NA,NA,NA,NA,NA,1A,NA,NA,NA,NA,NA,NA,NA,NA,NA,NA,NA,NA,NA,NA,NA,NA,NA,NA,NA,NA,NA,NA,NA,NA,NA,NA,NA,NA,NA,NA,NA,NA,NA,NA,NA,NA,NA,NA,NA,NA,NA,NA,NA,NA,NA,NA,NA,NA,NA,NA,NA,NA,NA,NA,NA,NA
Colombia,2023,COE,auction,NA,https://allianceforcoffeeexcellence.org/colombia-2023/,2,NA,NA,NA,NA,NA,90.61,success,NA,NA,NA,$75.10,"$24,007.22",NA,NA,NA,NA,NA,Montreal,NA,NA,319.6699,GLITCH COFFEE&ROASTERS by MARUKAI(Japan),NA,NA,NA,NA,NA,1B,NA,NA,NA,NA,NA,NA,NA,NA,NA,NA,NA,NA,NA,NA,NA,NA,NA,NA,NA,NA,NA,NA,NA,NA,NA,NA,NA,NA,NA,NA,NA,NA,NA,NA,NA,NA,NA,NA,NA,NA,NA,NA,NA,NA,NA,NA,NA,NA,NA,NA,NA,NA,NA,NA,NA,NA
Colombia,2023,COE,auction,NA,https://allianceforcoffeeexcellence.org/colombia-2023/,2,NA,NA,NA,NA,NA,90.39,success,NA,NA,NA,$45.00,"$11,904.75",NA,NA,NA,NA,NA,Santa Ana,NA,NA,264.5544,"东方国际商业（集团）有限公司/Fisher coffee 啡舍/SHANGHAI CARMO TRADING CO., LTD (珈露梦咖啡）(Mainland China)",NA,NA,NA,NA,NA,2A,NA,NA,NA,NA,NA,NA,NA,NA,NA,NA,NA,NA,NA,NA,NA,NA,NA,NA,NA,NA,NA,NA,NA,NA,NA,NA,NA,NA,NA,NA,NA,NA,NA,NA,NA,NA,NA,NA,NA,NA,NA,NA,NA,NA,NA,NA,NA,NA,NA,NA,NA,NA,NA,NA,NA,NA
Colombia,2023,COE,auction,NA,https://allianceforcoffeeexcellence.org/colombia-2023/,2,NA,NA,NA,NA,NA,90.39,success,NA,NA,NA,$45.00,"$10,417.05",NA,NA,NA,NA,NA,Santa Ana,NA,NA,231.4851,"MUSEO Co., Ltd. / 정헌식 / Haewool coffee / 블루문 커피 / Junto coffee roasters / COFFEE HWA / Birosocoffee (South Korea)",NA,NA,NA,NA,NA,2B,NA,NA,NA,NA,NA,NA,NA,NA,NA,NA,NA,NA,NA,NA,NA,NA,NA,NA,NA,NA,NA,NA,NA,NA,NA,NA,NA,NA,NA,NA,NA,NA,NA,NA,NA,NA,NA,NA,NA,NA,NA,NA,NA,NA,NA,NA,NA,NA,NA,NA,NA,NA,NA,NA,NA,NA
Colombia,2023,COE,auction,NA,https://allianceforcoffeeexcellence.org/colombia-2023/,2,NA,NA,NA,NA,NA,90.33,success,NA,NA,NA,$48.10,"$12,724.86",NA,NA,NA,NA,NA,El Cedral,NA,NA,264.5544,Pebble Coffee (Taiwan),NA,NA,NA,NA,NA,3A,NA,NA,NA,NA,NA,NA,NA,NA,NA,NA,NA,NA,NA,NA,NA,NA,NA,NA,NA,NA,NA,NA,NA,NA,NA,NA,NA,NA,NA,NA,NA,NA,NA,NA,NA,NA,NA,NA,NA,NA,NA,NA,NA,NA,NA,NA,NA,NA,NA,NA,NA,NA,NA,NA,NA,NA
Colombia,2023,COE,auction,NA,https://allianceforcoffeeexcellence.org/colombia-2023/,2,NA,NA,NA,NA,NA,90.33,success,NA,NA,NA,$48.20,"$7,438.22",NA,NA,NA,NA,NA,El Cedral,NA,NA,154.3234,"Mel Coffee Roasters Co.,Ltd. (Japan)",NA,NA,NA,NA,NA,3B,NA,NA,NA,NA,NA,NA,NA,NA,NA,NA,NA,NA,NA,NA,NA,NA,NA,NA,NA,NA,NA,NA,NA,NA,NA,NA,NA,NA,NA,NA,NA,NA,NA,NA,NA,NA,NA,NA,NA,NA,NA,NA,NA,NA,NA,NA,NA,NA,NA,NA,NA,NA,NA,NA,NA,NA
Colombia,2023,COE,auction,NA,https://allianceforcoffeeexcellence.org/colombia-2023/,2,NA,NA,NA,NA,NA,90.05,success,NA,NA,NA,$40.00,"$14,550.40",NA,NA,NA,NA,NA,Los Aguacates,NA,NA,363.7623,"PRIVATE RESERVE, Rose Cafe玫瑰咖啡（广州）,
乜早咖啡 Miezao Coffee, 东莞够钟饮啡工作室 Dongguan Gouzhongyinfei Studio
(Mainland China)",NA,NA,NA,NA,NA,4,NA,NA,NA,NA,NA,NA,NA,NA,NA,NA,NA,NA,NA,NA,NA,NA,NA,NA,NA,NA,NA,NA,NA,NA,NA,NA,NA,NA,NA,NA,NA,NA,NA,NA,NA,NA,NA,NA,NA,NA,NA,NA,NA,NA,NA,NA,NA,NA,NA,NA,NA,NA,NA,NA,NA,NA
Colombia,2023,COE,auction,NA,https://allianceforcoffeeexcellence.org/colombia-2023/,2,NA,NA,NA,NA,NA,89.78,success,NA,NA,NA,$39.00,"$21,925.02",NA,NA,NA,NA,NA,La Bohemia,NA,NA,562.1781,"Wolfing Coffee, Doris Coffee Lab. (Mainland China)",NA,NA,NA,NA,NA,5,NA,NA,NA,NA,NA,NA,NA,NA,NA,NA,NA,NA,NA,NA,NA,NA,NA,NA,NA,NA,NA,NA,NA,NA,NA,NA,NA,NA,NA,NA,NA,NA,NA,NA,NA,NA,NA,NA,NA,NA,NA,NA,NA,NA,NA,NA,NA,NA,NA,NA,NA,NA,NA,NA,NA,NA
Colombia,2023,COE,auction,NA,https://allianceforcoffeeexcellence.org/colombia-2023/,2,NA,NA,NA,NA,NA,89.56,success,NA,NA,NA,$42.20,"$18,141.78",NA,NA,NA,NA,NA,El Triunfo,NA,NA,429.9009,Pebble Coffee (Taiwan),NA,NA,NA,NA,NA,6,NA,NA,NA,NA,NA,NA,NA,NA,NA,NA,NA,NA,NA,NA,NA,NA,NA,NA,NA,NA,NA,NA,NA,NA,NA,NA,NA,NA,NA,NA,NA,NA,NA,NA,NA,NA,NA,NA,NA,NA,NA,NA,NA,NA,NA,NA,NA,NA,NA,NA,NA,NA,NA,NA,NA,NA
Colombia,2023,COE,auction,NA,https://allianceforcoffeeexcellence.org/colombia-2023/,2,NA,NA,NA,NA,NA,89.50,success,NA,NA,NA,$24.30,"$9,642.97",NA,NA,NA,NA,NA,Buenos Aires,NA,NA,396.8316,TAKAMURA COFFEE ROASTERS by MARUKAI (Japan),NA,NA,NA,NA,NA,7,NA,NA,NA,NA,NA,NA,NA,NA,NA,NA,NA,NA,NA,NA,NA,NA,NA,NA,NA,NA,NA,NA,NA,NA,NA,NA,NA,NA,NA,NA,NA,NA,NA,NA,NA,NA,NA,NA,NA,NA,NA,NA,NA,NA,NA,NA,NA,NA,NA,NA,NA,NA,NA,NA,NA,NA
Colombia,2023,COE,auction,NA,https://allianceforcoffeeexcellence.org/colombia-2023/,2,NA,NA,NA,NA,NA,89.39,success,NA,NA,NA,$17.20,"$7,773.54",NA,NA,NA,NA,NA,La Palma,NA,NA,451.9471,elbgold Röstkaffee GmbH (Germany),NA,NA,NA,NA,NA,8,NA,NA,NA,NA,NA,NA,NA,NA,NA,NA,NA,NA,NA,NA,NA,NA,NA,NA,NA,NA,NA,NA,NA,NA,NA,NA,NA,NA,NA,NA,NA,NA,NA,NA,NA,NA,NA,NA,NA,NA,NA,NA,NA,NA,NA,NA,NA,NA,NA,NA,NA,NA,NA,NA,NA,NA
Colombia,2023,COE,auction,NA,https://allianceforcoffeeexcellence.org/colombia-2023/,2,NA,NA,NA,NA,NA,88.89,success,NA,NA,NA,$21.00,"$22,917.09",NA,NA,NA,NA,NA,Juanambú,NA,NA,1091.2869,1895 by Lavazza (Italy),NA,NA,NA,NA,NA,9,NA,NA,NA,NA,NA,NA,NA,NA,NA,NA,NA,NA,NA,NA,NA,NA,NA,NA,NA,NA,NA,NA,NA,NA,NA,NA,NA,NA,NA,NA,NA,NA,NA,NA,NA,NA,NA,NA,NA,NA,NA,NA,NA,NA,NA,NA,NA,NA,NA,NA,NA,NA,NA,NA,NA,NA
Colombia,2023,COE,auction,NA,https://allianceforcoffeeexcellence.org/colombia-2023/,2,NA,NA,NA,NA,NA,88.83,success,NA,NA,NA,$22.70,"$8,707.72",NA,NA,NA,NA,NA,Juan Martin,NA,NA,383.60388,M.I.Coffee Corporation (South Korea),NA,NA,NA,NA,NA,10,NA,NA,NA,NA,NA,NA,NA,NA,NA,NA,NA,NA,NA,NA,NA,NA,NA,NA,NA,NA,NA,NA,NA,NA,NA,NA,NA,NA,NA,NA,NA,NA,NA,NA,NA,NA,NA,NA,NA,NA,NA,NA,NA,NA,NA,NA,NA,NA,NA,NA,NA,NA,NA,NA,NA,NA
Colombia,2023,COE,auction,NA,https://allianceforcoffeeexcellence.org/colombia-2023/,2,NA,NA,NA,NA,NA,88.17,success,NA,NA,NA,$20.10,"$8,419.49",NA,NA,NA,NA,NA,Buena Vista,NA,NA,418.8778,Happenstance Coffee际遇咖啡，Parking Coffee，MARUS COFFEE马路咖啡，铂澜咖啡学院 (Mainland China),NA,NA,NA,NA,NA,11,NA,NA,NA,NA,NA,NA,NA,NA,NA,NA,NA,NA,NA,NA,NA,NA,NA,NA,NA,NA,NA,NA,NA,NA,NA,NA,NA,NA,NA,NA,NA,NA,NA,NA,NA,NA,NA,NA,NA,NA,NA,NA,NA,NA,NA,NA,NA,NA,NA,NA,NA,NA,NA,NA,NA,NA
Colombia,2023,COE,auction,NA,https://allianceforcoffeeexcellence.org/colombia-2023/,2,NA,NA,NA,NA,NA,88.06,success,NA,NA,NA,$21.30,"$9,861.26",NA,NA,NA,NA,NA,La cruz,NA,NA,462.9702,Pebble Coffee (Taiwan),NA,NA,NA,NA,NA,12,NA,NA,NA,NA,NA,NA,NA,NA,NA,NA,NA,NA,NA,NA,NA,NA,NA,NA,NA,NA,NA,NA,NA,NA,NA,NA,NA,NA,NA,NA,NA,NA,NA,NA,NA,NA,NA,NA,NA,NA,NA,NA,NA,NA,NA,NA,NA,NA,NA,NA,NA,NA,NA,NA,NA,NA
Colombia,2023,COE,auction,NA,https://allianceforcoffeeexcellence.org/colombia-2023/,2,NA,NA,NA,NA,NA,88.00,success,NA,NA,NA,$20.10,"$9,748.90",NA,NA,NA,NA,NA,Zamora,NA,NA,485.0164,"Wataru & Co., Ltd. (Japan)",NA,NA,NA,NA,NA,13,NA,NA,NA,NA,NA,NA,NA,NA,NA,NA,NA,NA,NA,NA,NA,NA,NA,NA,NA,NA,NA,NA,NA,NA,NA,NA,NA,NA,NA,NA,NA,NA,NA,NA,NA,NA,NA,NA,NA,NA,NA,NA,NA,NA,NA,NA,NA,NA,NA,NA,NA,NA,NA,NA,NA,NA
Colombia,2023,COE,auction,NA,https://allianceforcoffeeexcellence.org/colombia-2023/,2,NA,NA,NA,NA,NA,88.00,success,NA,NA,NA,$13.60,"$20,088.56",NA,NA,NA,NA,NA,La Vega,NA,NA,1477.0954,BBPC for Coffee Fiel (South Korea),NA,NA,NA,NA,NA,14,NA,NA,NA,NA,NA,NA,NA,NA,NA,NA,NA,NA,NA,NA,NA,NA,NA,NA,NA,NA,NA,NA,NA,NA,NA,NA,NA,NA,NA,NA,NA,NA,NA,NA,NA,NA,NA,NA,NA,NA,NA,NA,NA,NA,NA,NA,NA,NA,NA,NA,NA,NA,NA,NA,NA,NA
Colombia,2023,COE,auction,NA,https://allianceforcoffeeexcellence.org/colombia-2023/,2,NA,NA,NA,NA,NA,88.00,success,NA,NA,NA,$20.11,"$9,088.71",NA,NA,NA,NA,NA,Los Guayacanes,NA,NA,451.9471,"Wolfing Coffee, Doris Coffee Lab (Mainland China)",NA,NA,NA,NA,NA,15,NA,NA,NA,NA,NA,NA,NA,NA,NA,NA,NA,NA,NA,NA,NA,NA,NA,NA,NA,NA,NA,NA,NA,NA,NA,NA,NA,NA,NA,NA,NA,NA,NA,NA,NA,NA,NA,NA,NA,NA,NA,NA,NA,NA,NA,NA,NA,NA,NA,NA,NA,NA,NA,NA,NA,NA
Colombia,2023,COE,auction,NA,https://allianceforcoffeeexcellence.org/colombia-2023/,2,NA,NA,NA,NA,NA,88.00,success,NA,NA,NA,$13.30,"$9,089.62",NA,NA,NA,NA,NA,El Guayabo,NA,NA,683.4322,"Wataru & Co., Ltd. (Japan)",NA,NA,NA,NA,NA,16,NA,NA,NA,NA,NA,NA,NA,NA,NA,NA,NA,NA,NA,NA,NA,NA,NA,NA,NA,NA,NA,NA,NA,NA,NA,NA,NA,NA,NA,NA,NA,NA,NA,NA,NA,NA,NA,NA,NA,NA,NA,NA,NA,NA,NA,NA,NA,NA,NA,NA,NA,NA,NA,NA,NA,NA
Colombia,2023,COE,auction,NA,https://allianceforcoffeeexcellence.org/colombia-2023/,2,NA,NA,NA,NA,NA,87.89,success,NA,NA,NA,$27.70,"$13,740.31",NA,NA,NA,NA,NA,San Pedro,NA,NA,496.0395,CHG（剁手咖啡群）& abit coffee & 廈門豆威 & Ecofarm Coffee (Mainland China),NA,NA,NA,NA,NA,17,NA,NA,NA,NA,NA,NA,NA,NA,NA,NA,NA,NA,NA,NA,NA,NA,NA,NA,NA,NA,NA,NA,NA,NA,NA,NA,NA,NA,NA,NA,NA,NA,NA,NA,NA,NA,NA,NA,NA,NA,NA,NA,NA,NA,NA,NA,NA,NA,NA,NA,NA,NA,NA,NA,NA,NA
Colombia,2023,COE,auction,NA,https://allianceforcoffeeexcellence.org/colombia-2023/,2,NA,NA,NA,NA,NA,87.89,success,NA,NA,NA,$13.10,"$6,931.34",NA,NA,NA,NA,NA,El cachingo,NA,NA,529.1088,Wataru for Voila Coffee (Japan),NA,NA,NA,NA,NA,18,NA,NA,NA,NA,NA,NA,NA,NA,NA,NA,NA,NA,NA,NA,NA,NA,NA,NA,NA,NA,NA,NA,NA,NA,NA,NA,NA,NA,NA,NA,NA,NA,NA,NA,NA,NA,NA,NA,NA,NA,NA,NA,NA,NA,NA,NA,NA,NA,NA,NA,NA,NA,NA,NA,NA,NA
Colombia,2023,COE,auction,NA,https://allianceforcoffeeexcellence.org/colombia-2023/,2,NA,NA,NA,NA,NA,87.78,success,NA,NA,NA,$12.20,"$8,337.85",NA,NA,NA,NA,NA,La mina,NA,NA,683.4322,"Wataru & Co., Ltd. (Japan)",NA,NA,NA,NA,NA,19,NA,NA,NA,NA,NA,NA,NA,NA,NA,NA,NA,NA,NA,NA,NA,NA,NA,NA,NA,NA,NA,NA,NA,NA,NA,NA,NA,NA,NA,NA,NA,NA,NA,NA,NA,NA,NA,NA,NA,NA,NA,NA,NA,NA,NA,NA,NA,NA,NA,NA,NA,NA,NA,NA,NA,NA
Colombia,2023,COE,auction,NA,https://allianceforcoffeeexcellence.org/colombia-2023/,2,NA,NA,NA,NA,NA,87.61,success,NA,NA,NA,$14.10,"$5,439.92",NA,NA,NA,NA,NA,Los Cachingos,NA,NA,385.8085,BPC for Coffee Fiel (South Korea),NA,NA,NA,NA,NA,20,NA,NA,NA,NA,NA,NA,NA,NA,NA,NA,NA,NA,NA,NA,NA,NA,NA,NA,NA,NA,NA,NA,NA,NA,NA,NA,NA,NA,NA,NA,NA,NA,NA,NA,NA,NA,NA,NA,NA,NA,NA,NA,NA,NA,NA,NA,NA,NA,NA,NA,NA,NA,NA,NA,NA,NA
Colombia,2023,COE,auction,NA,https://allianceforcoffeeexcellence.org/colombia-2023/,2,NA,NA,NA,NA,NA,87.56,success,NA,NA,NA,$14.50,"$18,221.14",NA,NA,NA,NA,NA,Monteverde,NA,NA,1256.6334,Dabov Specialty Coffee (Bulgaria) Coffee Me Up (Korea),NA,NA,NA,NA,NA,21,NA,NA,NA,NA,NA,NA,NA,NA,NA,NA,NA,NA,NA,NA,NA,NA,NA,NA,NA,NA,NA,NA,NA,NA,NA,NA,NA,NA,NA,NA,NA,NA,NA,NA,NA,NA,NA,NA,NA,NA,NA,NA,NA,NA,NA,NA,NA,NA,NA,NA,NA,NA,NA,NA,NA,NA
Colombia,2023,COE,auction,NA,https://allianceforcoffeeexcellence.org/colombia-2023/,2,NA,NA,NA,NA,NA,87.50,success,NA,NA,NA,$15.20,"$4,523.82",NA,NA,NA,NA,NA,La Fortuna,NA,NA,297.6237,"MUSEO Co., Ltd. / BIROSO COFFEE / Harucobeans (South Korea)",NA,NA,NA,NA,NA,22,NA,NA,NA,NA,NA,NA,NA,NA,NA,NA,NA,NA,NA,NA,NA,NA,NA,NA,NA,NA,NA,NA,NA,NA,NA,NA,NA,NA,NA,NA,NA,NA,NA,NA,NA,NA,NA,NA,NA,NA,NA,NA,NA,NA,NA,NA,NA,NA,NA,NA,NA,NA,NA,NA,NA,NA
Colombia,2023,COE,auction,NA,https://allianceforcoffeeexcellence.org/colombia-2023/,2,NA,NA,NA,NA,NA,87.44,success,NA,NA,NA,$14.10,"$5,906.21",NA,NA,NA,NA,NA,Diamante,NA,NA,418.8778,Valley Coffee Roasters（山谷咖啡）(Mainland China),NA,NA,NA,NA,NA,23,NA,NA,NA,NA,NA,NA,NA,NA,NA,NA,NA,NA,NA,NA,NA,NA,NA,NA,NA,NA,NA,NA,NA,NA,NA,NA,NA,NA,NA,NA,NA,NA,NA,NA,NA,NA,NA,NA,NA,NA,NA,NA,NA,NA,NA,NA,NA,NA,NA,NA,NA,NA,NA,NA,NA,NA
Colombia,2023,COE,auction,NA,https://allianceforcoffeeexcellence.org/colombia-2023/,2,NA,NA,NA,NA,NA,87.44,success,NA,NA,NA,$26.50,"$11,684.38",NA,NA,NA,NA,NA,La Roca,NA,NA,440.924,ECOFARM COFFEE (CHINA) for 有容乃大 SmallArmsBigHeart/ June’s Garden Coffee北京六月花园咖啡 (Mainland China),NA,NA,NA,NA,NA,24,NA,NA,NA,NA,NA,NA,NA,NA,NA,NA,NA,NA,NA,NA,NA,NA,NA,NA,NA,NA,NA,NA,NA,NA,NA,NA,NA,NA,NA,NA,NA,NA,NA,NA,NA,NA,NA,NA,NA,NA,NA,NA,NA,NA,NA,NA,NA,NA,NA,NA,NA,NA,NA,NA,NA,NA
Colombia,2023,COE,auction,NA,https://allianceforcoffeeexcellence.org/colombia-2023/,2,NA,NA,NA,NA,NA,87.28,success,NA,NA,NA,$13.30,"$12,315.00",NA,NA,NA,NA,NA,La Piragua,NA,NA,925.9404,honu加藤珈琲店株式会社 (Japan),NA,NA,NA,NA,NA,25,NA,NA,NA,NA,NA,NA,NA,NA,NA,NA,NA,NA,NA,NA,NA,NA,NA,NA,NA,NA,NA,NA,NA,NA,NA,NA,NA,NA,NA,NA,NA,NA,NA,NA,NA,NA,NA,NA,NA,NA,NA,NA,NA,NA,NA,NA,NA,NA,NA,NA,NA,NA,NA,NA,NA,NA
Colombia,2023,COE,auction,NA,https://allianceforcoffeeexcellence.org/colombia-2023/,2,NA,NA,NA,NA,NA,87.22,success,NA,NA,NA,$13.10,"$5,920.55",NA,NA,NA,NA,NA,El Refugio,NA,NA,451.9471,BPC for Coffee Fiel (South Korea),NA,NA,NA,NA,NA,26,NA,NA,NA,NA,NA,NA,NA,NA,NA,NA,NA,NA,NA,NA,NA,NA,NA,NA,NA,NA,NA,NA,NA,NA,NA,NA,NA,NA,NA,NA,NA,NA,NA,NA,NA,NA,NA,NA,NA,NA,NA,NA,NA,NA,NA,NA,NA,NA,NA,NA,NA,NA,NA,NA,NA,NA
Colombia,2023,COE,auction,NA,https://allianceforcoffeeexcellence.org/colombia-2023/,2,NA,NA,NA,NA,NA,87.11,success,NA,NA,NA,$13.30,"$4,251.61",NA,NA,NA,NA,NA,El Cairo,NA,NA,319.6699,Wataru for Coffee County (Japan),NA,NA,NA,NA,NA,27,NA,NA,NA,NA,NA,NA,NA,NA,NA,NA,NA,NA,NA,NA,NA,NA,NA,NA,NA,NA,NA,NA,NA,NA,NA,NA,NA,NA,NA,NA,NA,NA,NA,NA,NA,NA,NA,NA,NA,NA,NA,NA,NA,NA,NA,NA,NA,NA,NA,NA,NA,NA,NA,NA,NA,NA
Colombia,2023,COE,auction,NA,https://allianceforcoffeeexcellence.org/colombia-2023/,2,NA,NA,NA,NA,NA,87.06,success,NA,NA,NA,$14.60,"$6,759.36",NA,NA,NA,NA,NA,La Siberia,NA,NA,462.9702,mychem (South Korea),NA,NA,NA,NA,NA,28,NA,NA,NA,NA,NA,NA,NA,NA,NA,NA,NA,NA,NA,NA,NA,NA,NA,NA,NA,NA,NA,NA,NA,NA,NA,NA,NA,NA,NA,NA,NA,NA,NA,NA,NA,NA,NA,NA,NA,NA,NA,NA,NA,NA,NA,NA,NA,NA,NA,NA,NA,NA,NA,NA,NA,NA
Colombia,2023,COE,auction,NA,https://allianceforcoffeeexcellence.org/colombia-2023/,2,NA,NA,NA,NA,NA,,success,NA,NA,NA,$22.89,"$363,792.30",NA,NA,NA,NA,NA,,NA,NA,,,NA,NA,NA,NA,NA,,NA,NA,NA,NA,NA,NA,NA,NA,NA,NA,NA,NA,NA,NA,NA,NA,NA,NA,NA,NA,NA,NA,NA,NA,NA,NA,NA,NA,NA,NA,NA,NA,NA,NA,NA,NA,NA,NA,NA,NA,NA,NA,NA,NA,NA,NA,NA,NA,NA,NA,NA,NA,NA,NA,NA,NA
Costa Rica,2017,NW,auction,NA,https://allianceforcoffeeexcellence.org/costa-rica-coe-2017/,2,30,7,El Pino 2017,Esteban Josué Zamora Picado,"-, Tarrazú",85.24,success,NA,30,7,$6.00/lb,"$6,388.98",Kasai Coffee,NA,NA,NA,NA,NA,NA,NA,NA,NA,NA,NA,NA,NA,NA,NA,NA,NA,NA,NA,NA,NA,NA,NA,NA,NA,NA,NA,NA,NA,NA,NA,NA,NA,NA,NA,NA,NA,NA,NA,NA,NA,NA,NA,NA,NA,NA,NA,NA,NA,NA,NA,NA,NA,NA,NA,NA,NA,NA,NA,NA,NA,NA,NA,NA,NA,NA,NA,NA,NA,NA,NA
Costa Rica,2017,NW,auction,NA,https://allianceforcoffeeexcellence.org/costa-rica-coe-2017/,2,31,7,Finca Doña Maria 2017,Grupo Los Grande de Copey S.A.,"-, Tarrazú",85.06,success,NA,31,7,$5.60/lb,"$5,963.05",Kasai Coffee,NA,NA,NA,NA,NA,NA,NA,NA,NA,NA,NA,NA,NA,NA,NA,NA,NA,NA,NA,NA,NA,NA,NA,NA,NA,NA,NA,NA,NA,NA,NA,NA,NA,NA,NA,NA,NA,NA,NA,NA,NA,NA,NA,NA,NA,NA,NA,NA,NA,NA,NA,NA,NA,NA,NA,NA,NA,NA,NA,NA,NA,NA,NA,NA,NA,NA,NA,NA,NA,NA,NA
Costa Rica,2017,NW,auction,NA,https://allianceforcoffeeexcellence.org/costa-rica-coe-2017/,2,32,7,Finca Los Higuerones 2017,Régulo Ureña Chacón,"-, Brunca",84.82,success,NA,32,7,$7.20/lb,"$7,666.78","Wataru & Co., Ltd.",NA,NA,NA,NA,NA,NA,NA,NA,NA,NA,NA,NA,NA,NA,NA,NA,NA,NA,NA,NA,NA,NA,NA,NA,NA,NA,NA,NA,NA,NA,NA,NA,NA,NA,NA,NA,NA,NA,NA,NA,NA,NA,NA,NA,NA,NA,NA,NA,NA,NA,NA,NA,NA,NA,NA,NA,NA,NA,NA,NA,NA,NA,NA,NA,NA,NA,NA,NA,NA,NA,NA
Costa Rica,2017,NW,auction,NA,https://allianceforcoffeeexcellence.org/costa-rica-coe-2017/,2,Stats:,Stats:,,,,,success,NA,,21,$6.27/lb,"$20,018.81",NA,NA,NA,NA,NA,NA,NA,NA,NA,NA,NA,NA,NA,NA,NA,NA,NA,NA,NA,NA,NA,NA,NA,NA,NA,NA,NA,NA,NA,NA,NA,NA,NA,NA,NA,NA,NA,NA,NA,NA,NA,NA,NA,NA,NA,NA,NA,NA,NA,NA,NA,NA,NA,NA,NA,NA,NA,NA,NA,NA,NA,NA,NA,NA,NA,NA,NA,NA,NA,NA,NA,NA
Costa Rica,2018,NW,auction,NA,https://allianceforcoffeeexcellence.org/costa-rica-2018/,2,37,14,VYG SAN JUANILLO,VYG SAN JUANILLO,Valle Occidental,85.74,success,NA,37,"2,017.23",$5.60/lb,"$11,296.49","Cafe DAZAC, Coffee Sallim Factory, Juk-dong Cafe D, Crema Costa, Beanstore, Eungubiro Roasters",NA,NA,NA,NA,NA,NA,NA,NA,NA,NA,NA,NA,NA,NA,NA,NA,NA,NA,NA,NA,NA,NA,NA,NA,NA,NA,NA,NA,NA,NA,NA,NA,NA,NA,NA,NA,NA,NA,NA,NA,NA,NA,NA,NA,NA,NA,NA,NA,NA,NA,NA,NA,NA,NA,NA,NA,NA,NA,NA,NA,NA,NA,NA,NA,NA,NA,NA,NA,NA,NA,NA
Costa Rica,2018,NW,auction,NA,https://allianceforcoffeeexcellence.org/costa-rica-2018/,2,38,8,Pie-san,Luis Alberto Monge Ureña,Tarrazu,85.65,success,NA,38,"1,062.63",$6.15/lb,"$6,535.17",Wataru for Cafetenango,NA,NA,NA,NA,NA,NA,NA,NA,NA,NA,NA,NA,NA,NA,NA,NA,NA,NA,NA,NA,NA,NA,NA,NA,NA,NA,NA,NA,NA,NA,NA,NA,NA,NA,NA,NA,NA,NA,NA,NA,NA,NA,NA,NA,NA,NA,NA,NA,NA,NA,NA,NA,NA,NA,NA,NA,NA,NA,NA,NA,NA,NA,NA,NA,NA,NA,NA,NA,NA,NA,NA
Costa Rica,2018,NW,auction,NA,https://allianceforcoffeeexcellence.org/costa-rica-2018/,2,39,11,La Torre,Francisco Javier Arrieta Brenes,Valle Occidental,85.53,success,NA,39,"1,525.60",$4.30/lb,"$6,560.08","Cafe DAZAC, Coffee Sallim Factory, Juk-dong Cafe D, Crema Costa, Beanstore, Eungubiro Roasters",NA,NA,NA,NA,NA,NA,NA,NA,NA,NA,NA,NA,NA,NA,NA,NA,NA,NA,NA,NA,NA,NA,NA,NA,NA,NA,NA,NA,NA,NA,NA,NA,NA,NA,NA,NA,NA,NA,NA,NA,NA,NA,NA,NA,NA,NA,NA,NA,NA,NA,NA,NA,NA,NA,NA,NA,NA,NA,NA,NA,NA,NA,NA,NA,NA,NA,NA,NA,NA,NA,NA
Costa Rica,2018,NW,auction,NA,https://allianceforcoffeeexcellence.org/costa-rica-2018/,2,40,15,Fidel,Marlene Brenes Morera,Valle Occidental,85.47,success,NA,40,"2,127.46",$4.50/lb,"$9,573.57","Cafe DAZAC, Coffee Sallim Factory, Juk-dong Cafe D, Crema Costa, Beanstore, Eungubiro Roasters",NA,NA,NA,NA,NA,NA,NA,NA,NA,NA,NA,NA,NA,NA,NA,NA,NA,NA,NA,NA,NA,NA,NA,NA,NA,NA,NA,NA,NA,NA,NA,NA,NA,NA,NA,NA,NA,NA,NA,NA,NA,NA,NA,NA,NA,NA,NA,NA,NA,NA,NA,NA,NA,NA,NA,NA,NA,NA,NA,NA,NA,NA,NA,NA,NA,NA,NA,NA,NA,NA,NA
Costa Rica,2018,NW,auction,NA,https://allianceforcoffeeexcellence.org/costa-rica-2018/,2,41,8,El Higuerón,Marlen Barrantes Zuñiga,Valle Occidental,85.32,success,NA,41,"1,071.45",$6.00/lb,"$6,428.70","Cafe DAZAC, Coffee Sallim Factory, Juk-dong Cafe D, Crema Costa, Beanstore, Eungubiro Roasters",NA,NA,NA,NA,NA,NA,NA,NA,NA,NA,NA,NA,NA,NA,NA,NA,NA,NA,NA,NA,NA,NA,NA,NA,NA,NA,NA,NA,NA,NA,NA,NA,NA,NA,NA,NA,NA,NA,NA,NA,NA,NA,NA,NA,NA,NA,NA,NA,NA,NA,NA,NA,NA,NA,NA,NA,NA,NA,NA,NA,NA,NA,NA,NA,NA,NA,NA,NA,NA,NA,NA
Costa Rica,2019,NW,auction,NA,https://allianceforcoffeeexcellence.org/costa-rica-2019/,2,NW,NA,NA,NA,"Grecia, San Isidro",86.94,success,NA,NA,NA,$5.40/lb,"$4,107.29","GSC International Co., Ltd.",NA,NA,NA,345,Colima,Fernando Castro Jimenez,"Natural, Typica lima",NA,NA,NA,NA,NA,NA,NA,NA,NA,NA,NA,NA,NA,NA,NA,NA,NA,NA,NA,NA,NA,NA,NA,NA,NA,NA,NA,NA,NA,NA,NA,NA,NA,NA,NA,NA,NA,NA,NA,NA,NA,NA,NA,NA,NA,NA,NA,NA,NA,NA,NA,NA,NA,NA,NA,NA,NA,NA,NA,NA,NA,NA,NA,NA
Costa Rica,2019,NW,auction,NA,https://allianceforcoffeeexcellence.org/costa-rica-2019/,2,NW,NA,NA,NA,San Ramon- Piedades Sur,85.97,success,NA,NA,NA,$8.60/lb,"$12,153.43",Latorre & Dutch Coffee Traders,NA,NA,NA,641,El Socorro,Luis Eduardo Campos Varela,"Anaeróbic, F1 Centro-americano",NA,NA,NA,NA,NA,NA,NA,NA,NA,NA,NA,NA,NA,NA,NA,NA,NA,NA,NA,NA,NA,NA,NA,NA,NA,NA,NA,NA,NA,NA,NA,NA,NA,NA,NA,NA,NA,NA,NA,NA,NA,NA,NA,NA,NA,NA,NA,NA,NA,NA,NA,NA,NA,NA,NA,NA,NA,NA,NA,NA,NA,NA,NA,NA
Costa Rica,2019,NW,auction,NA,https://allianceforcoffeeexcellence.org/costa-rica-2019/,2,NW,NA,NA,NA,"Birrí, Heredia",85.75,success,NA,NA,NA,$4.60/lb,"$5,080.88",Kasai Coffee,NA,NA,NA,501,La Margarita,Heinz Ferdinand Hoffmann,"Washed, F1 Centro-americano",NA,NA,NA,NA,NA,NA,NA,NA,NA,NA,NA,NA,NA,NA,NA,NA,NA,NA,NA,NA,NA,NA,NA,NA,NA,NA,NA,NA,NA,NA,NA,NA,NA,NA,NA,NA,NA,NA,NA,NA,NA,NA,NA,NA,NA,NA,NA,NA,NA,NA,NA,NA,NA,NA,NA,NA,NA,NA,NA,NA,NA,NA,NA,NA
Costa Rica,2019,NW,auction,NA,https://allianceforcoffeeexcellence.org/costa-rica-2019/,2,NW,NA,NA,NA,,Totals,success,NA,NA,NA,$6.51/lb,"$21,341.60",,NA,NA,NA,1487,,,,NA,NA,NA,NA,NA,NA,NA,NA,NA,NA,NA,NA,NA,NA,NA,NA,NA,NA,NA,NA,NA,NA,NA,NA,NA,NA,NA,NA,NA,NA,NA,NA,NA,NA,NA,NA,NA,NA,NA,NA,NA,NA,NA,NA,NA,NA,NA,NA,NA,NA,NA,NA,NA,NA,NA,NA,NA,NA,NA,NA,NA,NA,NA,NA
Costa Rica,2020,COE,auction,NA,https://allianceforcoffeeexcellence.org/costa-rica-2020/,1,1a,NA,NA,NA,NA,90.27,success,NA,NA,NA,$66.90,"$26,547.93",NA,NA,NA,NA,NA,Don Mayo La Loma,NA,NA,396.83,"Maruyama Coffee, Thoth Coffee, Cometeer, Mesh Coffee, Snow Beans Coffee, Orsir Coffee( Taiwan)",NA,NA,NA,NA,NA,NA,NA,NA,NA,NA,NA,NA,NA,NA,NA,NA,NA,NA,NA,NA,NA,NA,NA,NA,NA,NA,NA,NA,NA,NA,NA,NA,NA,NA,NA,NA,NA,NA,NA,NA,NA,NA,NA,NA,NA,NA,NA,NA,NA,NA,NA,NA,NA,NA,NA,NA,NA,NA,NA,NA,NA,NA
Costa Rica,2020,COE,auction,NA,https://allianceforcoffeeexcellence.org/costa-rica-2020/,1,1b,NA,NA,NA,NA,90.27,success,NA,NA,NA,$70.10,"$27,817.78",NA,NA,NA,NA,NA,Don Mayo La Loma,NA,NA,396.83,Fisher Coffee / 北京六月花园咖啡 / MANNER COFFEE (China) / Seng Pan Coffee International Ltd.誠品咖啡 / Taster’s Coffee / 广州犀咖烘焙有限公司 / 领地 La Finca / 弥翼 / Latorre & Dutch Coffee (China),NA,NA,NA,NA,NA,NA,NA,NA,NA,NA,NA,NA,NA,NA,NA,NA,NA,NA,NA,NA,NA,NA,NA,NA,NA,NA,NA,NA,NA,NA,NA,NA,NA,NA,NA,NA,NA,NA,NA,NA,NA,NA,NA,NA,NA,NA,NA,NA,NA,NA,NA,NA,NA,NA,NA,NA,NA,NA,NA,NA,NA,NA
Costa Rica,2020,COE,auction,NA,https://allianceforcoffeeexcellence.org/costa-rica-2020/,1,2a,NA,NA,NA,NA,90.14,success,NA,NA,NA,$45.20,"$20,926.24",NA,NA,NA,NA,NA,El Cedro,NA,NA,462.97,Kyokuto Fadie Corporation,NA,NA,NA,NA,NA,NA,NA,NA,NA,NA,NA,NA,NA,NA,NA,NA,NA,NA,NA,NA,NA,NA,NA,NA,NA,NA,NA,NA,NA,NA,NA,NA,NA,NA,NA,NA,NA,NA,NA,NA,NA,NA,NA,NA,NA,NA,NA,NA,NA,NA,NA,NA,NA,NA,NA,NA,NA,NA,NA,NA,NA,NA
Costa Rica,2020,COE,auction,NA,https://allianceforcoffeeexcellence.org/costa-rica-2020/,1,2b,NA,NA,NA,NA,90.14,success,NA,NA,NA,$45.20,"$20,926.24",NA,NA,NA,NA,NA,El Cedro,NA,NA,462.97,Hisashi Yamamoto Coffee INC. (Unir),NA,NA,NA,NA,NA,NA,NA,NA,NA,NA,NA,NA,NA,NA,NA,NA,NA,NA,NA,NA,NA,NA,NA,NA,NA,NA,NA,NA,NA,NA,NA,NA,NA,NA,NA,NA,NA,NA,NA,NA,NA,NA,NA,NA,NA,NA,NA,NA,NA,NA,NA,NA,NA,NA,NA,NA,NA,NA,NA,NA,NA,NA
Costa Rica,2020,COE,auction,NA,https://allianceforcoffeeexcellence.org/costa-rica-2020/,1,3,NA,NA,NA,NA,89.55,success,NA,NA,NA,$35.20,"$37,248.99",NA,NA,NA,NA,NA,Don Cayito,NA,NA,"1,058.21","MUSEO Co., Ltd. // Songdo Coffee // ABRI COFFEE FACTORY // Marty’s Coffee // TXT Coffee (.txt) // Cygnus Coffee // liike coffee",NA,NA,NA,NA,NA,NA,NA,NA,NA,NA,NA,NA,NA,NA,NA,NA,NA,NA,NA,NA,NA,NA,NA,NA,NA,NA,NA,NA,NA,NA,NA,NA,NA,NA,NA,NA,NA,NA,NA,NA,NA,NA,NA,NA,NA,NA,NA,NA,NA,NA,NA,NA,NA,NA,NA,NA,NA,NA,NA,NA,NA,NA
Costa Rica,2020,COE,auction,NA,https://allianceforcoffeeexcellence.org/costa-rica-2020/,1,4,NA,NA,NA,NA,89.18,success,NA,NA,NA,$32.00,"$25,397.10",NA,NA,NA,NA,NA,FCJ Volcan Azul El Cedro,NA,NA,793.66,ONYX COFFEE LAB,NA,NA,NA,NA,NA,NA,NA,NA,NA,NA,NA,NA,NA,NA,NA,NA,NA,NA,NA,NA,NA,NA,NA,NA,NA,NA,NA,NA,NA,NA,NA,NA,NA,NA,NA,NA,NA,NA,NA,NA,NA,NA,NA,NA,NA,NA,NA,NA,NA,NA,NA,NA,NA,NA,NA,NA,NA,NA,NA,NA,NA,NA
Costa Rica,2020,COE,auction,NA,https://allianceforcoffeeexcellence.org/costa-rica-2020/,1,5,NA,NA,NA,NA,89.14,success,NA,NA,NA,$25.10,"$23,240.84",NA,NA,NA,NA,NA,Santa Teresa,NA,NA,925.93,Terarosa (Haksan Co. Ltd),NA,NA,NA,NA,NA,NA,NA,NA,NA,NA,NA,NA,NA,NA,NA,NA,NA,NA,NA,NA,NA,NA,NA,NA,NA,NA,NA,NA,NA,NA,NA,NA,NA,NA,NA,NA,NA,NA,NA,NA,NA,NA,NA,NA,NA,NA,NA,NA,NA,NA,NA,NA,NA,NA,NA,NA,NA,NA,NA,NA,NA,NA
Costa Rica,2020,COE,auction,NA,https://allianceforcoffeeexcellence.org/costa-rica-2020/,1,6,NA,NA,NA,NA,88.66,success,NA,NA,NA,$22.10,"$21,924.75",NA,NA,NA,NA,NA,Finca Ines,NA,NA,992.07,Curve Specialty coffee Roastery,NA,NA,NA,NA,NA,NA,NA,NA,NA,NA,NA,NA,NA,NA,NA,NA,NA,NA,NA,NA,NA,NA,NA,NA,NA,NA,NA,NA,NA,NA,NA,NA,NA,NA,NA,NA,NA,NA,NA,NA,NA,NA,NA,NA,NA,NA,NA,NA,NA,NA,NA,NA,NA,NA,NA,NA,NA,NA,NA,NA,NA,NA
Costa Rica,2020,COE,auction,NA,https://allianceforcoffeeexcellence.org/costa-rica-2020/,1,7,NA,NA,NA,NA,88.59,success,NA,NA,NA,$19.10,"$17,685.26",NA,NA,NA,NA,NA,Emanuel,NA,NA,925.93,Campos Coffee,NA,NA,NA,NA,NA,NA,NA,NA,NA,NA,NA,NA,NA,NA,NA,NA,NA,NA,NA,NA,NA,NA,NA,NA,NA,NA,NA,NA,NA,NA,NA,NA,NA,NA,NA,NA,NA,NA,NA,NA,NA,NA,NA,NA,NA,NA,NA,NA,NA,NA,NA,NA,NA,NA,NA,NA,NA,NA,NA,NA,NA,NA
Costa Rica,2020,COE,auction,NA,https://allianceforcoffeeexcellence.org/costa-rica-2020/,1,8,NA,NA,NA,NA,88.57,success,NA,NA,NA,$16.10,"$22,361.29",NA,NA,NA,NA,NA,Finca Tacacal,NA,NA,"1,388.90","THE DRIP CO., LTD. / AGCOFFEE / RYANS COFFEE ROASTERS / KONGGAGE COFFEE",NA,NA,NA,NA,NA,NA,NA,NA,NA,NA,NA,NA,NA,NA,NA,NA,NA,NA,NA,NA,NA,NA,NA,NA,NA,NA,NA,NA,NA,NA,NA,NA,NA,NA,NA,NA,NA,NA,NA,NA,NA,NA,NA,NA,NA,NA,NA,NA,NA,NA,NA,NA,NA,NA,NA,NA,NA,NA,NA,NA,NA,NA
Costa Rica,2020,COE,auction,NA,https://allianceforcoffeeexcellence.org/costa-rica-2020/,1,9,NA,NA,NA,NA,88.55,success,NA,NA,NA,$20.11,"$13,300.35",NA,NA,NA,NA,NA,Agua y Manto,NA,NA,661.38,Sarutahiko Coffee Inc.,NA,NA,NA,NA,NA,NA,NA,NA,NA,NA,NA,NA,NA,NA,NA,NA,NA,NA,NA,NA,NA,NA,NA,NA,NA,NA,NA,NA,NA,NA,NA,NA,NA,NA,NA,NA,NA,NA,NA,NA,NA,NA,NA,NA,NA,NA,NA,NA,NA,NA,NA,NA,NA,NA,NA,NA,NA,NA,NA,NA,NA,NA
Costa Rica,2020,COE,auction,NA,https://allianceforcoffeeexcellence.org/costa-rica-2020/,1,10,NA,NA,NA,NA,88.5,success,NA,NA,NA,$16.20,"$19,285.78",NA,NA,NA,NA,NA,La Isla,NA,NA,"1,190.48",Kaffebrenneriet As,NA,NA,NA,NA,NA,NA,NA,NA,NA,NA,NA,NA,NA,NA,NA,NA,NA,NA,NA,NA,NA,NA,NA,NA,NA,NA,NA,NA,NA,NA,NA,NA,NA,NA,NA,NA,NA,NA,NA,NA,NA,NA,NA,NA,NA,NA,NA,NA,NA,NA,NA,NA,NA,NA,NA,NA,NA,NA,NA,NA,NA,NA
Costa Rica,2020,COE,auction,NA,https://allianceforcoffeeexcellence.org/costa-rica-2020/,1,11,NA,NA,NA,NA,88.23,success,NA,NA,NA,$15.00,"$15,873.15",NA,NA,NA,NA,NA,Finca Licho,NA,NA,"1,058.21",Blooms Ltd,NA,NA,NA,NA,NA,NA,NA,NA,NA,NA,NA,NA,NA,NA,NA,NA,NA,NA,NA,NA,NA,NA,NA,NA,NA,NA,NA,NA,NA,NA,NA,NA,NA,NA,NA,NA,NA,NA,NA,NA,NA,NA,NA,NA,NA,NA,NA,NA,NA,NA,NA,NA,NA,NA,NA,NA,NA,NA,NA,NA,NA,NA
Costa Rica,2020,COE,auction,NA,https://allianceforcoffeeexcellence.org/costa-rica-2020/,1,12,NA,NA,NA,NA,88,success,NA,NA,NA,$25.60,"$20,317.70",NA,NA,NA,NA,NA,Volcan Azul Cipresal,NA,NA,793.66,Sulalat Coffee Trading,NA,NA,NA,NA,NA,NA,NA,NA,NA,NA,NA,NA,NA,NA,NA,NA,NA,NA,NA,NA,NA,NA,NA,NA,NA,NA,NA,NA,NA,NA,NA,NA,NA,NA,NA,NA,NA,NA,NA,NA,NA,NA,NA,NA,NA,NA,NA,NA,NA,NA,NA,NA,NA,NA,NA,NA,NA,NA,NA,NA,NA,NA
Costa Rica,2020,COE,auction,NA,https://allianceforcoffeeexcellence.org/costa-rica-2020/,1,13,NA,NA,NA,NA,87.95,success,NA,NA,NA,$19.90,"$15,135.74",NA,NA,NA,NA,NA,Finca Dagoberto,NA,NA,760.59,Terarosa (Haksan Co. Ltd),NA,NA,NA,NA,NA,NA,NA,NA,NA,NA,NA,NA,NA,NA,NA,NA,NA,NA,NA,NA,NA,NA,NA,NA,NA,NA,NA,NA,NA,NA,NA,NA,NA,NA,NA,NA,NA,NA,NA,NA,NA,NA,NA,NA,NA,NA,NA,NA,NA,NA,NA,NA,NA,NA,NA,NA,NA,NA,NA,NA,NA,NA
Costa Rica,2020,COE,auction,NA,https://allianceforcoffeeexcellence.org/costa-rica-2020/,1,14,NA,NA,NA,NA,87.86,success,NA,NA,NA,$19.20,"$15,238.27",NA,NA,NA,NA,NA,Sin Limites,NA,NA,793.66,"Tri-Up Coffee, Taster’s Coffee 饕選咖啡, Good Cup Coffee",NA,NA,NA,NA,NA,NA,NA,NA,NA,NA,NA,NA,NA,NA,NA,NA,NA,NA,NA,NA,NA,NA,NA,NA,NA,NA,NA,NA,NA,NA,NA,NA,NA,NA,NA,NA,NA,NA,NA,NA,NA,NA,NA,NA,NA,NA,NA,NA,NA,NA,NA,NA,NA,NA,NA,NA,NA,NA,NA,NA,NA,NA
Costa Rica,2020,COE,auction,NA,https://allianceforcoffeeexcellence.org/costa-rica-2020/,1,15,NA,NA,NA,NA,87.82,success,NA,NA,NA,$17.10,"$15,833.40",NA,NA,NA,NA,NA,Quebrada Grande,NA,NA,925.93,AL QAHWA AL ARABIAH,NA,NA,NA,NA,NA,NA,NA,NA,NA,NA,NA,NA,NA,NA,NA,NA,NA,NA,NA,NA,NA,NA,NA,NA,NA,NA,NA,NA,NA,NA,NA,NA,NA,NA,NA,NA,NA,NA,NA,NA,NA,NA,NA,NA,NA,NA,NA,NA,NA,NA,NA,NA,NA,NA,NA,NA,NA,NA,NA,NA,NA,NA
Costa Rica,2020,COE,auction,NA,https://allianceforcoffeeexcellence.org/costa-rica-2020/,1,16,NA,NA,NA,NA,87.77,success,NA,NA,NA,$15.10,"$15,978.97",NA,NA,NA,NA,NA,Finca La Ladera,NA,NA,"1,058.21","Bohemian (An-am), ESCUDO Coffee",NA,NA,NA,NA,NA,NA,NA,NA,NA,NA,NA,NA,NA,NA,NA,NA,NA,NA,NA,NA,NA,NA,NA,NA,NA,NA,NA,NA,NA,NA,NA,NA,NA,NA,NA,NA,NA,NA,NA,NA,NA,NA,NA,NA,NA,NA,NA,NA,NA,NA,NA,NA,NA,NA,NA,NA,NA,NA,NA,NA,NA,NA
Costa Rica,2020,COE,auction,NA,https://allianceforcoffeeexcellence.org/costa-rica-2020/,1,17,NA,NA,NA,NA,87.73,success,NA,NA,NA,$15.20,"$16,084.79",NA,NA,NA,NA,NA,Finca Chispita,NA,NA,"1,058.21","Wataru & Co., Ltd.",NA,NA,NA,NA,NA,NA,NA,NA,NA,NA,NA,NA,NA,NA,NA,NA,NA,NA,NA,NA,NA,NA,NA,NA,NA,NA,NA,NA,NA,NA,NA,NA,NA,NA,NA,NA,NA,NA,NA,NA,NA,NA,NA,NA,NA,NA,NA,NA,NA,NA,NA,NA,NA,NA,NA,NA,NA,NA,NA,NA,NA,NA
Costa Rica,2020,COE,auction,NA,https://allianceforcoffeeexcellence.org/costa-rica-2020/,1,18,NA,NA,NA,NA,87.64,success,NA,NA,NA,$17.00,"$17,989.57",NA,NA,NA,NA,NA,Doña Clemencia,NA,NA,"1,058.21",Camel Step Roasters,NA,NA,NA,NA,NA,NA,NA,NA,NA,NA,NA,NA,NA,NA,NA,NA,NA,NA,NA,NA,NA,NA,NA,NA,NA,NA,NA,NA,NA,NA,NA,NA,NA,NA,NA,NA,NA,NA,NA,NA,NA,NA,NA,NA,NA,NA,NA,NA,NA,NA,NA,NA,NA,NA,NA,NA,NA,NA,NA,NA,NA,NA
Costa Rica,2020,COE,auction,NA,https://allianceforcoffeeexcellence.org/costa-rica-2020/,1,19,NA,NA,NA,NA,87.59,success,NA,NA,NA,$15.10,"$15,978.97",NA,NA,NA,NA,NA,Los Manantiales,NA,NA,"1,058.21",Kyokuto Fadie Corporation,NA,NA,NA,NA,NA,NA,NA,NA,NA,NA,NA,NA,NA,NA,NA,NA,NA,NA,NA,NA,NA,NA,NA,NA,NA,NA,NA,NA,NA,NA,NA,NA,NA,NA,NA,NA,NA,NA,NA,NA,NA,NA,NA,NA,NA,NA,NA,NA,NA,NA,NA,NA,NA,NA,NA,NA,NA,NA,NA,NA,NA,NA
Costa Rica,2020,COE,auction,NA,https://allianceforcoffeeexcellence.org/costa-rica-2020/,1,20,NA,NA,NA,NA,87.5,success,NA,NA,NA,$14.10,"$14,920.76",NA,NA,NA,NA,NA,La Cumbre,NA,NA,"1,058.21","Wataru & Co., Ltd.",NA,NA,NA,NA,NA,NA,NA,NA,NA,NA,NA,NA,NA,NA,NA,NA,NA,NA,NA,NA,NA,NA,NA,NA,NA,NA,NA,NA,NA,NA,NA,NA,NA,NA,NA,NA,NA,NA,NA,NA,NA,NA,NA,NA,NA,NA,NA,NA,NA,NA,NA,NA,NA,NA,NA,NA,NA,NA,NA,NA,NA,NA
Costa Rica,2020,COE,auction,NA,https://allianceforcoffeeexcellence.org/costa-rica-2020/,1,21,NA,NA,NA,NA,87.36,success,NA,NA,NA,$15.20,"$16,084.79",NA,NA,NA,NA,NA,Don Jose,NA,NA,"1,058.21",澳帝焙咖啡 / 李想咖啡 / GO TO COFFEE / Small Arms Big Heart 有容乃大 / TURNING POINT coffee roastry / Latorre & Dutch Coffee (China),NA,NA,NA,NA,NA,NA,NA,NA,NA,NA,NA,NA,NA,NA,NA,NA,NA,NA,NA,NA,NA,NA,NA,NA,NA,NA,NA,NA,NA,NA,NA,NA,NA,NA,NA,NA,NA,NA,NA,NA,NA,NA,NA,NA,NA,NA,NA,NA,NA,NA,NA,NA,NA,NA,NA,NA,NA,NA,NA,NA,NA,NA
Costa Rica,2020,COE,auction,NA,https://allianceforcoffeeexcellence.org/costa-rica-2020/,1,22,NA,NA,NA,NA,87.32,success,NA,NA,NA,$26.20,"$22,526.50",NA,NA,NA,NA,NA,Don Mayo Bellavista,NA,NA,859.79,Camel Step Roasters,NA,NA,NA,NA,NA,NA,NA,NA,NA,NA,NA,NA,NA,NA,NA,NA,NA,NA,NA,NA,NA,NA,NA,NA,NA,NA,NA,NA,NA,NA,NA,NA,NA,NA,NA,NA,NA,NA,NA,NA,NA,NA,NA,NA,NA,NA,NA,NA,NA,NA,NA,NA,NA,NA,NA,NA,NA,NA,NA,NA,NA,NA
Costa Rica,2020,COE,auction,NA,https://allianceforcoffeeexcellence.org/costa-rica-2020/,1,23,NA,NA,NA,NA,87.32,success,NA,NA,NA,$18.00,"$14,285.88",NA,NA,NA,NA,NA,Hacienda Colima,NA,NA,793.66,Curve Specialty coffee Roastery,NA,NA,NA,NA,NA,NA,NA,NA,NA,NA,NA,NA,NA,NA,NA,NA,NA,NA,NA,NA,NA,NA,NA,NA,NA,NA,NA,NA,NA,NA,NA,NA,NA,NA,NA,NA,NA,NA,NA,NA,NA,NA,NA,NA,NA,NA,NA,NA,NA,NA,NA,NA,NA,NA,NA,NA,NA,NA,NA,NA,NA,NA
Costa Rica,2020,COE,auction,NA,https://allianceforcoffeeexcellence.org/costa-rica-2020/,1,24,NA,NA,NA,NA,87.25,success,NA,NA,NA,$20.10,"$15,952.57",NA,NA,NA,NA,NA,La Mesa,NA,NA,793.66,Wataru for Nozy Coffee,NA,NA,NA,NA,NA,NA,NA,NA,NA,NA,NA,NA,NA,NA,NA,NA,NA,NA,NA,NA,NA,NA,NA,NA,NA,NA,NA,NA,NA,NA,NA,NA,NA,NA,NA,NA,NA,NA,NA,NA,NA,NA,NA,NA,NA,NA,NA,NA,NA,NA,NA,NA,NA,NA,NA,NA,NA,NA,NA,NA,NA,NA
Costa Rica,2020,COE,auction,NA,https://allianceforcoffeeexcellence.org/costa-rica-2020/,1,25,NA,NA,NA,NA,87.23,success,NA,NA,NA,$14.60,"$18,346.65",NA,NA,NA,NA,NA,La Cuesta – Finca Zapote,NA,NA,"1,256.62","Wataru & Co., Ltd.",NA,NA,NA,NA,NA,NA,NA,NA,NA,NA,NA,NA,NA,NA,NA,NA,NA,NA,NA,NA,NA,NA,NA,NA,NA,NA,NA,NA,NA,NA,NA,NA,NA,NA,NA,NA,NA,NA,NA,NA,NA,NA,NA,NA,NA,NA,NA,NA,NA,NA,NA,NA,NA,NA,NA,NA,NA,NA,NA,NA,NA,NA
Costa Rica,2020,COE,auction,NA,https://allianceforcoffeeexcellence.org/costa-rica-2020/,1,26,NA,NA,NA,NA,87.05,success,NA,NA,NA,$15.20,"$12,063.63",NA,NA,NA,NA,NA,Hacienda Colima Alto,NA,NA,793.66,居家咖啡/ 上海宇啡 / 隔壁工坊 / ARC Coffee 星门咖啡 / SUNUO Coffee 速诺咖啡 / Coffee Era Trading 咖纪贸易,NA,NA,NA,NA,NA,NA,NA,NA,NA,NA,NA,NA,NA,NA,NA,NA,NA,NA,NA,NA,NA,NA,NA,NA,NA,NA,NA,NA,NA,NA,NA,NA,NA,NA,NA,NA,NA,NA,NA,NA,NA,NA,NA,NA,NA,NA,NA,NA,NA,NA,NA,NA,NA,NA,NA,NA,NA,NA,NA,NA,NA,NA
Costa Rica,2020,COE,auction,NA,https://allianceforcoffeeexcellence.org/costa-rica-2020/,1,Totals:,NA,NA,NA,NA,,success,NA,NA,NA,$21.71/lb,"$539,273.91",NA,NA,NA,NA,NA,,NA,NA,"24,834.86",,NA,NA,NA,NA,NA,NA,NA,NA,NA,NA,NA,NA,NA,NA,NA,NA,NA,NA,NA,NA,NA,NA,NA,NA,NA,NA,NA,NA,NA,NA,NA,NA,NA,NA,NA,NA,NA,NA,NA,NA,NA,NA,NA,NA,NA,NA,NA,NA,NA,NA,NA,NA,NA,NA,NA,NA,NA,NA,NA,NA,NA,NA
Costa Rica,2020,NW,auction,NA,https://allianceforcoffeeexcellence.org/costa-rica-2020/,2,NW,NA,NA,NA,NA,86.73,success,NA,NA,NA,$5.00,"$6,905.95","cafe DAZAC, Eungubiro Roasters, Crema Costa",NA,NA,NA,NA,Finca Toño,NA,NA,"1,381.19",NA,NA,NA,NA,NA,NA,NA,NA,NA,NA,NA,NA,NA,NA,NA,NA,NA,NA,NA,NA,NA,NA,NA,NA,NA,NA,NA,NA,NA,NA,NA,NA,NA,NA,NA,NA,NA,NA,NA,NA,NA,NA,NA,NA,NA,NA,NA,NA,NA,NA,NA,NA,NA,NA,NA,NA,NA,NA,NA,NA,NA,NA,NA
Costa Rica,2020,NW,auction,NA,https://allianceforcoffeeexcellence.org/costa-rica-2020/,2,NW,NA,NA,NA,NA,86.55,success,NA,NA,NA,$7.10,"$7,635.41","Upstream Coffee Imports Pty Ltd (Australia),
Invalsa Coffee (USA),
Bokkum Coffee Roasters
& GIL-COFFEE (Korea)",NA,NA,NA,NA,Finca Flor del Café,NA,NA,"1,075.41",NA,NA,NA,NA,NA,NA,NA,NA,NA,NA,NA,NA,NA,NA,NA,NA,NA,NA,NA,NA,NA,NA,NA,NA,NA,NA,NA,NA,NA,NA,NA,NA,NA,NA,NA,NA,NA,NA,NA,NA,NA,NA,NA,NA,NA,NA,NA,NA,NA,NA,NA,NA,NA,NA,NA,NA,NA,NA,NA,NA,NA,NA,NA
Costa Rica,2020,NW,auction,NA,https://allianceforcoffeeexcellence.org/costa-rica-2020/,2,NW,NA,NA,NA,NA,86.5,success,NA,NA,NA,$10.20,"$11,009.68",Curve Specialty coffee Roastery,NA,NA,NA,NA,La Cruz – El Encino,NA,NA,"1,079.38",NA,NA,NA,NA,NA,NA,NA,NA,NA,NA,NA,NA,NA,NA,NA,NA,NA,NA,NA,NA,NA,NA,NA,NA,NA,NA,NA,NA,NA,NA,NA,NA,NA,NA,NA,NA,NA,NA,NA,NA,NA,NA,NA,NA,NA,NA,NA,NA,NA,NA,NA,NA,NA,NA,NA,NA,NA,NA,NA,NA,NA,NA,NA
Costa Rica,2020,NW,auction,NA,https://allianceforcoffeeexcellence.org/costa-rica-2020/,2,NW,NA,NA,NA,NA,86.41,success,NA,NA,NA,$5.00,"$7,529.89","cafe DAZAC, Eungubiro Roasters, Crema Costa",NA,NA,NA,NA,La Cruz-El Pino,NA,NA,"1,521.19",NA,NA,NA,NA,NA,NA,NA,NA,NA,NA,NA,NA,NA,NA,NA,NA,NA,NA,NA,NA,NA,NA,NA,NA,NA,NA,NA,NA,NA,NA,NA,NA,NA,NA,NA,NA,NA,NA,NA,NA,NA,NA,NA,NA,NA,NA,NA,NA,NA,NA,NA,NA,NA,NA,NA,NA,NA,NA,NA,NA,NA,NA,NA
Costa Rica,2020,NW,auction,NA,https://allianceforcoffeeexcellence.org/costa-rica-2020/,2,NW,NA,NA,NA,NA,86.27,success,NA,NA,NA,$5.35,"$6,045.98",Sarutahiko Coffee Inc.,NA,NA,NA,NA,Rivense – Los Cipreses,NA,NA,"1,130.09",NA,NA,NA,NA,NA,NA,NA,NA,NA,NA,NA,NA,NA,NA,NA,NA,NA,NA,NA,NA,NA,NA,NA,NA,NA,NA,NA,NA,NA,NA,NA,NA,NA,NA,NA,NA,NA,NA,NA,NA,NA,NA,NA,NA,NA,NA,NA,NA,NA,NA,NA,NA,NA,NA,NA,NA,NA,NA,NA,NA,NA,NA,NA
Costa Rica,2020,NW,auction,NA,https://allianceforcoffeeexcellence.org/costa-rica-2020/,2,NW,NA,NA,NA,NA,86.27,success,NA,NA,NA,$5.35,"$4,019.62",Nagahama Coffee Inc.,NA,NA,NA,NA,El Bosque,NA,NA,751.33,NA,NA,NA,NA,NA,NA,NA,NA,NA,NA,NA,NA,NA,NA,NA,NA,NA,NA,NA,NA,NA,NA,NA,NA,NA,NA,NA,NA,NA,NA,NA,NA,NA,NA,NA,NA,NA,NA,NA,NA,NA,NA,NA,NA,NA,NA,NA,NA,NA,NA,NA,NA,NA,NA,NA,NA,NA,NA,NA,NA,NA,NA,NA
Costa Rica,2020,NW,auction,NA,https://allianceforcoffeeexcellence.org/costa-rica-2020/,2,NW,NA,NA,NA,NA,85.82,success,NA,NA,NA,$5.00,"$7,605.95","Bokkum Coffee Roasters
& GIL-COFFEE (Korea),
Upstream Coffee Imports Pty Ltd (Australia)",NA,NA,NA,NA,El Pacayal,NA,NA,"1,521.19",NA,NA,NA,NA,NA,NA,NA,NA,NA,NA,NA,NA,NA,NA,NA,NA,NA,NA,NA,NA,NA,NA,NA,NA,NA,NA,NA,NA,NA,NA,NA,NA,NA,NA,NA,NA,NA,NA,NA,NA,NA,NA,NA,NA,NA,NA,NA,NA,NA,NA,NA,NA,NA,NA,NA,NA,NA,NA,NA,NA,NA,NA,NA
Costa Rica,2020,NW,auction,NA,https://allianceforcoffeeexcellence.org/costa-rica-2020/,2,NW,NA,NA,NA,NA,85.77,success,NA,NA,NA,$5.25,"$4,055.63","Linking Coffee Co., Ltd.",NA,NA,NA,NA,Sol Naciente,NA,NA,772.5,NA,NA,NA,NA,NA,NA,NA,NA,NA,NA,NA,NA,NA,NA,NA,NA,NA,NA,NA,NA,NA,NA,NA,NA,NA,NA,NA,NA,NA,NA,NA,NA,NA,NA,NA,NA,NA,NA,NA,NA,NA,NA,NA,NA,NA,NA,NA,NA,NA,NA,NA,NA,NA,NA,NA,NA,NA,NA,NA,NA,NA,NA,NA
Costa Rica,2020,NW,auction,NA,https://allianceforcoffeeexcellence.org/costa-rica-2020/,2,NW,NA,NA,NA,NA,Totals:,success,NA,NA,NA,$5.94,"$54,808.11",,NA,NA,NA,NA,,NA,NA,"9,232.28",NA,NA,NA,NA,NA,NA,NA,NA,NA,NA,NA,NA,NA,NA,NA,NA,NA,NA,NA,NA,NA,NA,NA,NA,NA,NA,NA,NA,NA,NA,NA,NA,NA,NA,NA,NA,NA,NA,NA,NA,NA,NA,NA,NA,NA,NA,NA,NA,NA,NA,NA,NA,NA,NA,NA,NA,NA,NA,NA,NA,NA,NA,NA
Costa Rica,2021,COE,auction,NA,https://allianceforcoffeeexcellence.org/costa-rica-2021/,2,1a,NA,NA,NA,NA,90.89,success,NA,NA,NA,$70.40,"$37,249.34",NA,NA,NA,NA,NA,La Esmeralda,NA,NA,529.11,"SHANGHAI CARMO TRADING CO. ,LTD(珈露梦咖啡）/Fisher coffee 啡舍 /青岛李想珈 /东方国际商业（集团）有限公司/有想法咖啡/ 明谦咖啡 MQ coffee",NA,NA,NA,NA,NA,NA,NA,NA,NA,NA,NA,NA,NA,NA,NA,NA,NA,NA,NA,NA,NA,NA,NA,NA,NA,NA,NA,NA,NA,NA,NA,NA,NA,NA,NA,NA,NA,NA,NA,NA,NA,NA,NA,NA,NA,NA,NA,NA,NA,NA,NA,NA,NA,NA,NA,NA,NA,NA,NA,NA,NA,NA
Costa Rica,2021,COE,auction,NA,https://allianceforcoffeeexcellence.org/costa-rica-2021/,2,1b,NA,NA,NA,NA,90.89,success,NA,NA,NA,$70.50,"$37,302.26",NA,NA,NA,NA,NA,La Esmeralda,NA,NA,529.11,"K.V.N. Import Export (1991) Co.,Ltd, Coffee-Tech.co.nz / BC Co. NZ / New Zealand, Cheerbeans Trading Co.",NA,NA,NA,NA,NA,NA,NA,NA,NA,NA,NA,NA,NA,NA,NA,NA,NA,NA,NA,NA,NA,NA,NA,NA,NA,NA,NA,NA,NA,NA,NA,NA,NA,NA,NA,NA,NA,NA,NA,NA,NA,NA,NA,NA,NA,NA,NA,NA,NA,NA,NA,NA,NA,NA,NA,NA,NA,NA,NA,NA,NA,NA
Costa Rica,2021,COE,auction,NA,https://allianceforcoffeeexcellence.org/costa-rica-2021/,2,2a,NA,NA,NA,NA,90.5,success,NA,NA,NA,$66.80,"$22,090.09",NA,NA,NA,NA,NA,HACIENDA COPEY Itadaki Estate,NA,NA,330.69,"REC COFFEE, TAOCA COFFEE,
GESHARY COFFEE",NA,NA,NA,NA,NA,NA,NA,NA,NA,NA,NA,NA,NA,NA,NA,NA,NA,NA,NA,NA,NA,NA,NA,NA,NA,NA,NA,NA,NA,NA,NA,NA,NA,NA,NA,NA,NA,NA,NA,NA,NA,NA,NA,NA,NA,NA,NA,NA,NA,NA,NA,NA,NA,NA,NA,NA,NA,NA,NA,NA,NA,NA
Costa Rica,2021,COE,auction,NA,https://allianceforcoffeeexcellence.org/costa-rica-2021/,2,2b,NA,NA,NA,NA,90.5,success,NA,NA,NA,$66.30,"$21,924.75",NA,NA,NA,NA,NA,HACIENDA COPEY Itadaki Estate,NA,NA,330.69,"K.V.N. Import Export (1991) Co.,Ltd",NA,NA,NA,NA,NA,NA,NA,NA,NA,NA,NA,NA,NA,NA,NA,NA,NA,NA,NA,NA,NA,NA,NA,NA,NA,NA,NA,NA,NA,NA,NA,NA,NA,NA,NA,NA,NA,NA,NA,NA,NA,NA,NA,NA,NA,NA,NA,NA,NA,NA,NA,NA,NA,NA,NA,NA,NA,NA,NA,NA,NA,NA
Costa Rica,2021,COE,auction,NA,https://allianceforcoffeeexcellence.org/costa-rica-2021/,2,3a,NA,NA,NA,NA,90.46,success,NA,NA,NA,$71.60,"$28,413.03",NA,NA,NA,NA,NA,DON CAYITO,NA,NA,396.83,"MUSEO Co., Ltd. // TXT Coffee (.txt) // Cygnus Coffee // liike coffee",NA,NA,NA,NA,NA,NA,NA,NA,NA,NA,NA,NA,NA,NA,NA,NA,NA,NA,NA,NA,NA,NA,NA,NA,NA,NA,NA,NA,NA,NA,NA,NA,NA,NA,NA,NA,NA,NA,NA,NA,NA,NA,NA,NA,NA,NA,NA,NA,NA,NA,NA,NA,NA,NA,NA,NA,NA,NA,NA,NA,NA,NA
Costa Rica,2021,COE,auction,NA,https://allianceforcoffeeexcellence.org/costa-rica-2021/,2,3b,NA,NA,NA,NA,90.46,success,NA,NA,NA,$71.20,"$28,254.30",NA,NA,NA,NA,NA,DON CAYITO,NA,NA,396.83,"K.V.N. Import Export (1991) Co.,Ltd",NA,NA,NA,NA,NA,NA,NA,NA,NA,NA,NA,NA,NA,NA,NA,NA,NA,NA,NA,NA,NA,NA,NA,NA,NA,NA,NA,NA,NA,NA,NA,NA,NA,NA,NA,NA,NA,NA,NA,NA,NA,NA,NA,NA,NA,NA,NA,NA,NA,NA,NA,NA,NA,NA,NA,NA,NA,NA,NA,NA,NA,NA
Costa Rica,2021,COE,auction,NA,https://allianceforcoffeeexcellence.org/costa-rica-2021/,2,4,NA,NA,NA,NA,90.29,success,NA,NA,NA,$32.10,"$33,968.86",NA,NA,NA,NA,NA,La Planada,NA,NA,1058.22,Curve Specialty coffee Roastery,NA,NA,NA,NA,NA,NA,NA,NA,NA,NA,NA,NA,NA,NA,NA,NA,NA,NA,NA,NA,NA,NA,NA,NA,NA,NA,NA,NA,NA,NA,NA,NA,NA,NA,NA,NA,NA,NA,NA,NA,NA,NA,NA,NA,NA,NA,NA,NA,NA,NA,NA,NA,NA,NA,NA,NA,NA,NA,NA,NA,NA,NA
Costa Rica,2021,COE,auction,NA,https://allianceforcoffeeexcellence.org/costa-rica-2021/,2,5,NA,NA,NA,NA,89.93,success,NA,NA,NA,$28.50,"$30,159.27",NA,NA,NA,NA,NA,La Torre,NA,NA,1058.22,Curve Specialty coffee Roastery,NA,NA,NA,NA,NA,NA,NA,NA,NA,NA,NA,NA,NA,NA,NA,NA,NA,NA,NA,NA,NA,NA,NA,NA,NA,NA,NA,NA,NA,NA,NA,NA,NA,NA,NA,NA,NA,NA,NA,NA,NA,NA,NA,NA,NA,NA,NA,NA,NA,NA,NA,NA,NA,NA,NA,NA,NA,NA,NA,NA,NA,NA
Costa Rica,2021,COE,auction,NA,https://allianceforcoffeeexcellence.org/costa-rica-2021/,2,6,NA,NA,NA,NA,89.89,success,NA,NA,NA,$18.40,"$25,555.94",NA,NA,NA,NA,NA,Don Fidel,NA,NA,1388.91,Sarutahiko Coffee Inc.,NA,NA,NA,NA,NA,NA,NA,NA,NA,NA,NA,NA,NA,NA,NA,NA,NA,NA,NA,NA,NA,NA,NA,NA,NA,NA,NA,NA,NA,NA,NA,NA,NA,NA,NA,NA,NA,NA,NA,NA,NA,NA,NA,NA,NA,NA,NA,NA,NA,NA,NA,NA,NA,NA,NA,NA,NA,NA,NA,NA,NA,NA
Costa Rica,2021,COE,auction,NA,https://allianceforcoffeeexcellence.org/costa-rica-2021/,2,7,NA,NA,NA,NA,89.54,success,NA,NA,NA,$46.00,"$63,889.86",NA,NA,NA,NA,NA,Don Darío – Hacienda San Isidro Labrador,NA,NA,1388.91,"SHANGHAI CARMO TRADING CO. ,LTD(珈露梦咖啡）/青岛李想珈 /东方国际商业（集团）有限公司/有想法咖啡 / Something for / CORE COFFEE / AOKKA",NA,NA,NA,NA,NA,NA,NA,NA,NA,NA,NA,NA,NA,NA,NA,NA,NA,NA,NA,NA,NA,NA,NA,NA,NA,NA,NA,NA,NA,NA,NA,NA,NA,NA,NA,NA,NA,NA,NA,NA,NA,NA,NA,NA,NA,NA,NA,NA,NA,NA,NA,NA,NA,NA,NA,NA,NA,NA,NA,NA,NA,NA
Costa Rica,2021,COE,auction,NA,https://allianceforcoffeeexcellence.org/costa-rica-2021/,2,8,NA,NA,NA,NA,89.21,success,NA,NA,NA,$34.20,"$24,881.18",NA,NA,NA,NA,NA,DON ELI,NA,NA,727.52,Mattina Coffee,NA,NA,NA,NA,NA,NA,NA,NA,NA,NA,NA,NA,NA,NA,NA,NA,NA,NA,NA,NA,NA,NA,NA,NA,NA,NA,NA,NA,NA,NA,NA,NA,NA,NA,NA,NA,NA,NA,NA,NA,NA,NA,NA,NA,NA,NA,NA,NA,NA,NA,NA,NA,NA,NA,NA,NA,NA,NA,NA,NA,NA,NA
Costa Rica,2021,COE,auction,NA,https://allianceforcoffeeexcellence.org/costa-rica-2021/,2,9,NA,NA,NA,NA,89.11,success,NA,NA,NA,$29.20,"$40,556.17",NA,NA,NA,NA,NA,El Cedro – Hacienda San Isidro Labrador,NA,NA,1388.91,Terarosa (Haksan Co. Ltd),NA,NA,NA,NA,NA,NA,NA,NA,NA,NA,NA,NA,NA,NA,NA,NA,NA,NA,NA,NA,NA,NA,NA,NA,NA,NA,NA,NA,NA,NA,NA,NA,NA,NA,NA,NA,NA,NA,NA,NA,NA,NA,NA,NA,NA,NA,NA,NA,NA,NA,NA,NA,NA,NA,NA,NA,NA,NA,NA,NA,NA,NA
Costa Rica,2021,COE,auction,NA,https://allianceforcoffeeexcellence.org/costa-rica-2021/,2,10,NA,NA,NA,NA,88.53,success,NA,NA,NA,$20.30,"$20,139.22",NA,NA,NA,NA,NA,La Isla – José Roberto,NA,NA,992.08,Time’s Club,NA,NA,NA,NA,NA,NA,NA,NA,NA,NA,NA,NA,NA,NA,NA,NA,NA,NA,NA,NA,NA,NA,NA,NA,NA,NA,NA,NA,NA,NA,NA,NA,NA,NA,NA,NA,NA,NA,NA,NA,NA,NA,NA,NA,NA,NA,NA,NA,NA,NA,NA,NA,NA,NA,NA,NA,NA,NA,NA,NA,NA,NA
Costa Rica,2021,COE,auction,NA,https://allianceforcoffeeexcellence.org/costa-rica-2021/,2,11,NA,NA,NA,NA,88.50,success,NA,NA,NA,$19.50,"$14,186.64",NA,NA,NA,NA,NA,FCJ VOLCAN AZUL El Cedro,NA,NA,727.52,Decameron coffee,NA,NA,NA,NA,NA,NA,NA,NA,NA,NA,NA,NA,NA,NA,NA,NA,NA,NA,NA,NA,NA,NA,NA,NA,NA,NA,NA,NA,NA,NA,NA,NA,NA,NA,NA,NA,NA,NA,NA,NA,NA,NA,NA,NA,NA,NA,NA,NA,NA,NA,NA,NA,NA,NA,NA,NA,NA,NA,NA,NA,NA,NA
Costa Rica,2021,COE,auction,NA,https://allianceforcoffeeexcellence.org/costa-rica-2021/,2,12,NA,NA,NA,NA,88.40,success,NA,NA,NA,$19.00,"$22,619.31",NA,NA,NA,NA,NA,FID ROASTER,NA,NA,1190.49,"Latorre & Dutch Coffee (China) for Fisher Coffee / 泰摩咖啡（上海）有限公司 / Green Bean Intertrade Co., Ltd. / Taster’s Coffee / 领地La Finca",NA,NA,NA,NA,NA,NA,NA,NA,NA,NA,NA,NA,NA,NA,NA,NA,NA,NA,NA,NA,NA,NA,NA,NA,NA,NA,NA,NA,NA,NA,NA,NA,NA,NA,NA,NA,NA,NA,NA,NA,NA,NA,NA,NA,NA,NA,NA,NA,NA,NA,NA,NA,NA,NA,NA,NA,NA,NA,NA,NA,NA,NA
Costa Rica,2021,COE,auction,NA,https://allianceforcoffeeexcellence.org/costa-rica-2021/,2,13,NA,NA,NA,NA,88.30,success,NA,NA,NA,$22.10,"$11,693.33",NA,NA,NA,NA,NA,Finca Inés,NA,NA,529.11,"Foosung HDS, Sydney Coffee Business, LaB Coffee & Rosters",NA,NA,NA,NA,NA,NA,NA,NA,NA,NA,NA,NA,NA,NA,NA,NA,NA,NA,NA,NA,NA,NA,NA,NA,NA,NA,NA,NA,NA,NA,NA,NA,NA,NA,NA,NA,NA,NA,NA,NA,NA,NA,NA,NA,NA,NA,NA,NA,NA,NA,NA,NA,NA,NA,NA,NA,NA,NA,NA,NA,NA,NA
Costa Rica,2021,COE,auction,NA,https://allianceforcoffeeexcellence.org/costa-rica-2021/,2,14,NA,NA,NA,NA,88.27,success,NA,NA,NA,$21.10,"$18,141.78",NA,NA,NA,NA,NA,Don Mayo El Llano,NA,NA,859.8,"Cobeans coffee, Martys coffee, Jby coffee, Realbean, Kook coffee roasters",NA,NA,NA,NA,NA,NA,NA,NA,NA,NA,NA,NA,NA,NA,NA,NA,NA,NA,NA,NA,NA,NA,NA,NA,NA,NA,NA,NA,NA,NA,NA,NA,NA,NA,NA,NA,NA,NA,NA,NA,NA,NA,NA,NA,NA,NA,NA,NA,NA,NA,NA,NA,NA,NA,NA,NA,NA,NA,NA,NA,NA,NA
Costa Rica,2021,COE,auction,NA,https://allianceforcoffeeexcellence.org/costa-rica-2021/,2,15,NA,NA,NA,NA,88.20,success,NA,NA,NA,$20.00,"$21,164.40",NA,NA,NA,NA,NA,La Planada,NA,NA,1058.22,"K.V.N. Import Export (1991) Co.,Ltd",NA,NA,NA,NA,NA,NA,NA,NA,NA,NA,NA,NA,NA,NA,NA,NA,NA,NA,NA,NA,NA,NA,NA,NA,NA,NA,NA,NA,NA,NA,NA,NA,NA,NA,NA,NA,NA,NA,NA,NA,NA,NA,NA,NA,NA,NA,NA,NA,NA,NA,NA,NA,NA,NA,NA,NA,NA,NA,NA,NA,NA,NA
Costa Rica,2021,COE,auction,NA,https://allianceforcoffeeexcellence.org/costa-rica-2021/,2,16,NA,NA,NA,NA,88.13,success,NA,NA,NA,$30.10,"$19,907.84",NA,NA,NA,NA,NA,HACIENDA COPEY,NA,NA,661.39,"REC COFFEE, TAOCA COFFEE",NA,NA,NA,NA,NA,NA,NA,NA,NA,NA,NA,NA,NA,NA,NA,NA,NA,NA,NA,NA,NA,NA,NA,NA,NA,NA,NA,NA,NA,NA,NA,NA,NA,NA,NA,NA,NA,NA,NA,NA,NA,NA,NA,NA,NA,NA,NA,NA,NA,NA,NA,NA,NA,NA,NA,NA,NA,NA,NA,NA,NA,NA
Costa Rica,2021,COE,auction,NA,https://allianceforcoffeeexcellence.org/costa-rica-2021/,2,17,NA,NA,NA,NA,88.07,success,NA,NA,NA,$18.70,"$14,841.44",NA,NA,NA,NA,NA,Finca Toño,NA,NA,793.66,"Linking Coffee Co., Ltd.",NA,NA,NA,NA,NA,NA,NA,NA,NA,NA,NA,NA,NA,NA,NA,NA,NA,NA,NA,NA,NA,NA,NA,NA,NA,NA,NA,NA,NA,NA,NA,NA,NA,NA,NA,NA,NA,NA,NA,NA,NA,NA,NA,NA,NA,NA,NA,NA,NA,NA,NA,NA,NA,NA,NA,NA,NA,NA,NA,NA,NA,NA
Costa Rica,2021,COE,auction,NA,https://allianceforcoffeeexcellence.org/costa-rica-2021/,2,18,NA,NA,NA,NA,88.00,success,NA,NA,NA,$18.70,"$17,315.08",NA,NA,NA,NA,NA,Don Joel,NA,NA,925.94,Latorre & Dutch Coffee (China) for Fisher Coffee / Manner Coffee (China),NA,NA,NA,NA,NA,NA,NA,NA,NA,NA,NA,NA,NA,NA,NA,NA,NA,NA,NA,NA,NA,NA,NA,NA,NA,NA,NA,NA,NA,NA,NA,NA,NA,NA,NA,NA,NA,NA,NA,NA,NA,NA,NA,NA,NA,NA,NA,NA,NA,NA,NA,NA,NA,NA,NA,NA,NA,NA,NA,NA,NA,NA
Costa Rica,2021,COE,auction,NA,https://allianceforcoffeeexcellence.org/costa-rica-2021/,2,19,NA,NA,NA,NA,87.97,success,NA,NA,NA,$18.30,"$19,365.43",NA,NA,NA,NA,NA,La Torre,NA,NA,1058.22,Latorre & Dutch Coffee (China) for Cut Hand Group（剁手咖啡群）/ 泰摩咖啡（上海）有限公司 / Terroir Lab Melbourne,NA,NA,NA,NA,NA,NA,NA,NA,NA,NA,NA,NA,NA,NA,NA,NA,NA,NA,NA,NA,NA,NA,NA,NA,NA,NA,NA,NA,NA,NA,NA,NA,NA,NA,NA,NA,NA,NA,NA,NA,NA,NA,NA,NA,NA,NA,NA,NA,NA,NA,NA,NA,NA,NA,NA,NA,NA,NA,NA,NA,NA,NA
Costa Rica,2021,COE,auction,NA,https://allianceforcoffeeexcellence.org/costa-rica-2021/,2,20,NA,NA,NA,NA,87.90,success,NA,NA,NA,$18.50,"$19,577.07",NA,NA,NA,NA,NA,Gloriana,NA,NA,1058.22,Honu Kato Coffee Inc.,NA,NA,NA,NA,NA,NA,NA,NA,NA,NA,NA,NA,NA,NA,NA,NA,NA,NA,NA,NA,NA,NA,NA,NA,NA,NA,NA,NA,NA,NA,NA,NA,NA,NA,NA,NA,NA,NA,NA,NA,NA,NA,NA,NA,NA,NA,NA,NA,NA,NA,NA,NA,NA,NA,NA,NA,NA,NA,NA,NA,NA,NA
Costa Rica,2021,COE,auction,NA,https://allianceforcoffeeexcellence.org/costa-rica-2021/,2,21,NA,NA,NA,NA,87.9,success,NA,NA,NA,$18.20,"$19,259.60",NA,NA,NA,NA,NA,Finca Dagoberto,NA,NA,1058.22,"Wataru & Co., Ltd.",NA,NA,NA,NA,NA,NA,NA,NA,NA,NA,NA,NA,NA,NA,NA,NA,NA,NA,NA,NA,NA,NA,NA,NA,NA,NA,NA,NA,NA,NA,NA,NA,NA,NA,NA,NA,NA,NA,NA,NA,NA,NA,NA,NA,NA,NA,NA,NA,NA,NA,NA,NA,NA,NA,NA,NA,NA,NA,NA,NA,NA,NA
Costa Rica,2021,COE,auction,NA,https://allianceforcoffeeexcellence.org/costa-rica-2021/,2,22,NA,NA,NA,NA,87.83,success,NA,NA,NA,$19.10,"$17,685.45",NA,NA,NA,NA,NA,Finca Edgar,NA,NA,925.94,"K.V.N. Import Export (1991) Co.,Ltd",NA,NA,NA,NA,NA,NA,NA,NA,NA,NA,NA,NA,NA,NA,NA,NA,NA,NA,NA,NA,NA,NA,NA,NA,NA,NA,NA,NA,NA,NA,NA,NA,NA,NA,NA,NA,NA,NA,NA,NA,NA,NA,NA,NA,NA,NA,NA,NA,NA,NA,NA,NA,NA,NA,NA,NA,NA,NA,NA,NA,NA,NA
Costa Rica,2021,COE,auction,NA,https://allianceforcoffeeexcellence.org/costa-rica-2021/,2,23,NA,NA,NA,NA,87.83,success,NA,NA,NA,$23.70,"$25,079.81",NA,NA,NA,NA,NA,LAS LAJAS Yellow Diamond,NA,NA,1058.22,Sulalat Coffee Trading,NA,NA,NA,NA,NA,NA,NA,NA,NA,NA,NA,NA,NA,NA,NA,NA,NA,NA,NA,NA,NA,NA,NA,NA,NA,NA,NA,NA,NA,NA,NA,NA,NA,NA,NA,NA,NA,NA,NA,NA,NA,NA,NA,NA,NA,NA,NA,NA,NA,NA,NA,NA,NA,NA,NA,NA,NA,NA,NA,NA,NA,NA
Costa Rica,2021,COE,auction,NA,https://allianceforcoffeeexcellence.org/costa-rica-2021/,2,24,NA,NA,NA,NA,87.8,success,NA,NA,NA,$26.30,"$20,873.26",NA,NA,NA,NA,NA,FCJ VOLCAN AZUL Cipresal,NA,NA,793.66,Arriyadh Roaster,NA,NA,NA,NA,NA,NA,NA,NA,NA,NA,NA,NA,NA,NA,NA,NA,NA,NA,NA,NA,NA,NA,NA,NA,NA,NA,NA,NA,NA,NA,NA,NA,NA,NA,NA,NA,NA,NA,NA,NA,NA,NA,NA,NA,NA,NA,NA,NA,NA,NA,NA,NA,NA,NA,NA,NA,NA,NA,NA,NA,NA,NA
Costa Rica,2021,COE,auction,NA,https://allianceforcoffeeexcellence.org/costa-rica-2021/,2,25,NA,NA,NA,NA,87.77,success,NA,NA,NA,$19.20,"$20,317.82",NA,NA,NA,NA,NA,Finca Victoria,NA,NA,1058.22,Curve Specialty coffee Roastery,NA,NA,NA,NA,NA,NA,NA,NA,NA,NA,NA,NA,NA,NA,NA,NA,NA,NA,NA,NA,NA,NA,NA,NA,NA,NA,NA,NA,NA,NA,NA,NA,NA,NA,NA,NA,NA,NA,NA,NA,NA,NA,NA,NA,NA,NA,NA,NA,NA,NA,NA,NA,NA,NA,NA,NA,NA,NA,NA,NA,NA,NA
Costa Rica,2021,COE,auction,NA,https://allianceforcoffeeexcellence.org/costa-rica-2021/,2,26,NA,NA,NA,NA,87.57,success,NA,NA,NA,$29.40,"$27,222.64",NA,NA,NA,NA,NA,Flor de Montaña,NA,NA,925.94,"K.V.N. Import Export (1991) Co.,Ltd",NA,NA,NA,NA,NA,NA,NA,NA,NA,NA,NA,NA,NA,NA,NA,NA,NA,NA,NA,NA,NA,NA,NA,NA,NA,NA,NA,NA,NA,NA,NA,NA,NA,NA,NA,NA,NA,NA,NA,NA,NA,NA,NA,NA,NA,NA,NA,NA,NA,NA,NA,NA,NA,NA,NA,NA,NA,NA,NA,NA,NA,NA
Costa Rica,2021,COE,auction,NA,https://allianceforcoffeeexcellence.org/costa-rica-2021/,2,27,NA,NA,NA,NA,87.57,success,NA,NA,NA,$21.10,"$15,350.67",NA,NA,NA,NA,NA,Maibel,NA,NA,727.52,"Orsir Coffee Co., Ltd.",NA,NA,NA,NA,NA,NA,NA,NA,NA,NA,NA,NA,NA,NA,NA,NA,NA,NA,NA,NA,NA,NA,NA,NA,NA,NA,NA,NA,NA,NA,NA,NA,NA,NA,NA,NA,NA,NA,NA,NA,NA,NA,NA,NA,NA,NA,NA,NA,NA,NA,NA,NA,NA,NA,NA,NA,NA,NA,NA,NA,NA,NA
Costa Rica,2021,COE,auction,NA,https://allianceforcoffeeexcellence.org/costa-rica-2021/,2,28,NA,NA,NA,NA,87.57,success,NA,NA,NA,$18.50,"$13,459.12",NA,NA,NA,NA,NA,Emanuel,NA,NA,727.52,"K.V.N. Import Export (1991) Co.,Ltd",NA,NA,NA,NA,NA,NA,NA,NA,NA,NA,NA,NA,NA,NA,NA,NA,NA,NA,NA,NA,NA,NA,NA,NA,NA,NA,NA,NA,NA,NA,NA,NA,NA,NA,NA,NA,NA,NA,NA,NA,NA,NA,NA,NA,NA,NA,NA,NA,NA,NA,NA,NA,NA,NA,NA,NA,NA,NA,NA,NA,NA,NA
Costa Rica,2021,COE,auction,NA,https://allianceforcoffeeexcellence.org/costa-rica-2021/,2,29,NA,NA,NA,NA,87.5,success,NA,NA,NA,$18.10,"$15,562.38",NA,NA,NA,NA,NA,San Cristobal,NA,NA,859.8,"Wataru & Co., Ltd.",NA,NA,NA,NA,NA,NA,NA,NA,NA,NA,NA,NA,NA,NA,NA,NA,NA,NA,NA,NA,NA,NA,NA,NA,NA,NA,NA,NA,NA,NA,NA,NA,NA,NA,NA,NA,NA,NA,NA,NA,NA,NA,NA,NA,NA,NA,NA,NA,NA,NA,NA,NA,NA,NA,NA,NA,NA,NA,NA,NA,NA,NA
Costa Rica,2021,COE,auction,NA,https://allianceforcoffeeexcellence.org/costa-rica-2021/,2,30,NA,NA,NA,NA,87.37,success,NA,NA,NA,$18.00,"$19,047.96",NA,NA,NA,NA,NA,El Chayote Emma,NA,NA,1058.22,"Wataru & Co., Ltd.",NA,NA,NA,NA,NA,NA,NA,NA,NA,NA,NA,NA,NA,NA,NA,NA,NA,NA,NA,NA,NA,NA,NA,NA,NA,NA,NA,NA,NA,NA,NA,NA,NA,NA,NA,NA,NA,NA,NA,NA,NA,NA,NA,NA,NA,NA,NA,NA,NA,NA,NA,NA,NA,NA,NA,NA,NA,NA,NA,NA,NA,NA
Costa Rica,2021,COE,auction,NA,https://allianceforcoffeeexcellence.org/costa-rica-2021/,2,Totals:,NA,NA,NA,NA,,success,NA,NA,NA,$27.55/lb,"$787,055.30",NA,NA,NA,NA,NA,,NA,NA,"28,571.86",,NA,NA,NA,NA,NA,NA,NA,NA,NA,NA,NA,NA,NA,NA,NA,NA,NA,NA,NA,NA,NA,NA,NA,NA,NA,NA,NA,NA,NA,NA,NA,NA,NA,NA,NA,NA,NA,NA,NA,NA,NA,NA,NA,NA,NA,NA,NA,NA,NA,NA,NA,NA,NA,NA,NA,NA,NA,NA,NA,NA,NA,NA
Costa Rica,2022,COE,auction,NA,https://allianceforcoffeeexcellence.org/costa-rica-2022/,2,1a,NA,NA,NA,NA,91.08,success,NA,NA,NA,$138.60,"$45,833.63",NA,NA,NA,NA,NA,Don Cayito,NA,NA,330.69,"Coffee Me Up (Korea), Coffee Therapy (Thailand), Cuppingpost, COFFEE FINDER, TXT Coffee(.txt), BARISTATUS⁣",NA,NA,NA,NA,NA,NA,NA,NA,NA,NA,NA,NA,NA,NA,NA,NA,NA,NA,NA,NA,NA,NA,NA,NA,NA,NA,NA,NA,NA,NA,NA,NA,NA,NA,NA,NA,NA,NA,NA,NA,NA,NA,NA,NA,NA,NA,NA,NA,NA,NA,NA,NA,NA,NA,NA,NA,NA,NA,NA,NA,NA,NA
Costa Rica,2022,COE,auction,NA,https://allianceforcoffeeexcellence.org/costa-rica-2022/,2,1b,NA,NA,NA,NA,91.08,success,NA,NA,NA,$140.10,"$41,696.56",NA,NA,NA,NA,NA,Don Cayito,NA,NA,297.62,"Fisher coffee 啡舍 /青岛李想珈 /东方国际商业（集团）有限公司/CoffeeBuff/SHANGHAI CARMO TRADING CO. ,LTD(珈露梦咖啡). 上海日常想喝咖啡有限公司 Shanghai Daily Common Coffee Co., LTD. June’s Garden Coffee 六月花园咖啡",NA,NA,NA,NA,NA,NA,NA,NA,NA,NA,NA,NA,NA,NA,NA,NA,NA,NA,NA,NA,NA,NA,NA,NA,NA,NA,NA,NA,NA,NA,NA,NA,NA,NA,NA,NA,NA,NA,NA,NA,NA,NA,NA,NA,NA,NA,NA,NA,NA,NA,NA,NA,NA,NA,NA,NA,NA,NA,NA,NA,NA,NA
Costa Rica,2022,COE,auction,NA,https://allianceforcoffeeexcellence.org/costa-rica-2022/,2,2a,NA,NA,NA,NA,90.06,success,NA,NA,NA,$61.50,"$40,675.49",NA,NA,NA,NA,NA,El Cedro – Hacienda San Isidro Labra,NA,NA,661.39,AROMA GROUP,NA,NA,NA,NA,NA,NA,NA,NA,NA,NA,NA,NA,NA,NA,NA,NA,NA,NA,NA,NA,NA,NA,NA,NA,NA,NA,NA,NA,NA,NA,NA,NA,NA,NA,NA,NA,NA,NA,NA,NA,NA,NA,NA,NA,NA,NA,NA,NA,NA,NA,NA,NA,NA,NA,NA,NA,NA,NA,NA,NA,NA,NA
Costa Rica,2022,COE,auction,NA,https://allianceforcoffeeexcellence.org/costa-rica-2022/,2,2b,NA,NA,NA,NA,90.06,success,NA,NA,NA,$61.10,"$38,390.35",NA,NA,NA,NA,NA,El Cedro – Hacienda San Isidro Labra,NA,NA,628.32,"Fisher coffee 啡舍 /青岛李想珈 /东方国际商业（集团）有限公司/CoffeeBuff/SHANGHAI CARMO TRADING CO. ,LTD(珈露梦咖啡）/ Olympia Graeco Egyptian Coffee (OGECoffee) /Raku Coffee Roaster. 上海日常想喝咖啡有限公司 Shanghai Daily Common Coffee Co., LTD. AOKKA.",NA,NA,NA,NA,NA,NA,NA,NA,NA,NA,NA,NA,NA,NA,NA,NA,NA,NA,NA,NA,NA,NA,NA,NA,NA,NA,NA,NA,NA,NA,NA,NA,NA,NA,NA,NA,NA,NA,NA,NA,NA,NA,NA,NA,NA,NA,NA,NA,NA,NA,NA,NA,NA,NA,NA,NA,NA,NA,NA,NA,NA,NA
Costa Rica,2022,COE,auction,NA,https://allianceforcoffeeexcellence.org/costa-rica-2022/,2,3a,NA,NA,NA,NA,90.00,success,NA,NA,NA,$43.20,"$22,857.55",NA,NA,NA,NA,NA,Los Toños,NA,NA,529.11,SARUTAHIKO COFFEE,NA,NA,NA,NA,NA,NA,NA,NA,NA,NA,NA,NA,NA,NA,NA,NA,NA,NA,NA,NA,NA,NA,NA,NA,NA,NA,NA,NA,NA,NA,NA,NA,NA,NA,NA,NA,NA,NA,NA,NA,NA,NA,NA,NA,NA,NA,NA,NA,NA,NA,NA,NA,NA,NA,NA,NA,NA,NA,NA,NA,NA,NA
Costa Rica,2022,COE,auction,NA,https://allianceforcoffeeexcellence.org/costa-rica-2022/,2,3b,NA,NA,NA,NA,90.00,success,NA,NA,NA,$43.00,"$22,751.73",NA,NA,NA,NA,NA,Los Toños,NA,NA,529.11,AROMA GROUP,NA,NA,NA,NA,NA,NA,NA,NA,NA,NA,NA,NA,NA,NA,NA,NA,NA,NA,NA,NA,NA,NA,NA,NA,NA,NA,NA,NA,NA,NA,NA,NA,NA,NA,NA,NA,NA,NA,NA,NA,NA,NA,NA,NA,NA,NA,NA,NA,NA,NA,NA,NA,NA,NA,NA,NA,NA,NA,NA,NA,NA,NA
Costa Rica,2022,COE,auction,NA,https://allianceforcoffeeexcellence.org/costa-rica-2022/,2,4,NA,NA,NA,NA,89.78,success,NA,NA,NA,$66.00,"$50,199.60",NA,NA,NA,NA,NA,Fcj Volcan Azul El Cedro,NA,NA,760.6,Black Gold Coffee,NA,NA,NA,NA,NA,NA,NA,NA,NA,NA,NA,NA,NA,NA,NA,NA,NA,NA,NA,NA,NA,NA,NA,NA,NA,NA,NA,NA,NA,NA,NA,NA,NA,NA,NA,NA,NA,NA,NA,NA,NA,NA,NA,NA,NA,NA,NA,NA,NA,NA,NA,NA,NA,NA,NA,NA,NA,NA,NA,NA,NA,NA
Costa Rica,2022,COE,auction,NA,https://allianceforcoffeeexcellence.org/costa-rica-2022/,2,5,NA,NA,NA,NA,89.61,success,NA,NA,NA,$61.50,"$46,776.90",NA,NA,NA,NA,NA,Burío,NA,NA,760.6,Blue Bottle Coffee,NA,NA,NA,NA,NA,NA,NA,NA,NA,NA,NA,NA,NA,NA,NA,NA,NA,NA,NA,NA,NA,NA,NA,NA,NA,NA,NA,NA,NA,NA,NA,NA,NA,NA,NA,NA,NA,NA,NA,NA,NA,NA,NA,NA,NA,NA,NA,NA,NA,NA,NA,NA,NA,NA,NA,NA,NA,NA,NA,NA,NA,NA
Costa Rica,2022,COE,auction,NA,https://allianceforcoffeeexcellence.org/costa-rica-2022/,2,6,NA,NA,NA,NA,89.28,success,NA,NA,NA,$85.50,"$39,583.94",NA,NA,NA,NA,NA,Don Eli,NA,NA,462.97,Sulalat Coffee Trading,NA,NA,NA,NA,NA,NA,NA,NA,NA,NA,NA,NA,NA,NA,NA,NA,NA,NA,NA,NA,NA,NA,NA,NA,NA,NA,NA,NA,NA,NA,NA,NA,NA,NA,NA,NA,NA,NA,NA,NA,NA,NA,NA,NA,NA,NA,NA,NA,NA,NA,NA,NA,NA,NA,NA,NA,NA,NA,NA,NA,NA,NA
Costa Rica,2022,COE,auction,NA,https://allianceforcoffeeexcellence.org/costa-rica-2022/,2,7,NA,NA,NA,NA,89.22,success,NA,NA,NA,$22.70,"$21,018.84",NA,NA,NA,NA,NA,La Bandera,NA,NA,925.94,Hangzhou Superbeans Import,NA,NA,NA,NA,NA,NA,NA,NA,NA,NA,NA,NA,NA,NA,NA,NA,NA,NA,NA,NA,NA,NA,NA,NA,NA,NA,NA,NA,NA,NA,NA,NA,NA,NA,NA,NA,NA,NA,NA,NA,NA,NA,NA,NA,NA,NA,NA,NA,NA,NA,NA,NA,NA,NA,NA,NA,NA,NA,NA,NA,NA,NA
Costa Rica,2022,COE,auction,NA,https://allianceforcoffeeexcellence.org/costa-rica-2022/,2,8,NA,NA,NA,NA,89.22,success,NA,NA,NA,$40.10,"$37,130.19",NA,NA,NA,NA,NA,Santa Teresa,NA,NA,925.94,意可坊咖啡 for 领地 La Finca/ 芦田家中岛英男/ Fisher Coffee/ 咖乐乐KOLAKOLA COFFEE,NA,NA,NA,NA,NA,NA,NA,NA,NA,NA,NA,NA,NA,NA,NA,NA,NA,NA,NA,NA,NA,NA,NA,NA,NA,NA,NA,NA,NA,NA,NA,NA,NA,NA,NA,NA,NA,NA,NA,NA,NA,NA,NA,NA,NA,NA,NA,NA,NA,NA,NA,NA,NA,NA,NA,NA,NA,NA,NA,NA,NA,NA
Costa Rica,2022,COE,auction,NA,https://allianceforcoffeeexcellence.org/costa-rica-2022/,2,9,NA,NA,NA,NA,88.75,success,NA,NA,NA,$22.00,"$24,008.38",NA,NA,NA,NA,NA,Finca Toño,NA,NA,1091.29,"Foosung HDS, AROUND COFFEE(YJ), Coffee Cherry, KINGKONGDRIP & COLLIDE COFFEE, LaB Coffee & Rosters, D:MINE COFFEE ROASTERS",NA,NA,NA,NA,NA,NA,NA,NA,NA,NA,NA,NA,NA,NA,NA,NA,NA,NA,NA,NA,NA,NA,NA,NA,NA,NA,NA,NA,NA,NA,NA,NA,NA,NA,NA,NA,NA,NA,NA,NA,NA,NA,NA,NA,NA,NA,NA,NA,NA,NA,NA,NA,NA,NA,NA,NA,NA,NA,NA,NA,NA,NA
Costa Rica,2022,COE,auction,NA,https://allianceforcoffeeexcellence.org/costa-rica-2022/,2,10,NA,NA,NA,NA,88.53,success,NA,NA,NA,$20.00,"$21,164.40",NA,NA,NA,NA,NA,Las Nubes,NA,NA,1058.22,"意可坊咖啡 for 芦田家中岛英男/ GozoCafe/ Fisher Coffee/ Global Beans Co., Ltd/ Green Bean Intertrade/ 咖乐乐KOLAKOLA COFFEE",NA,NA,NA,NA,NA,NA,NA,NA,NA,NA,NA,NA,NA,NA,NA,NA,NA,NA,NA,NA,NA,NA,NA,NA,NA,NA,NA,NA,NA,NA,NA,NA,NA,NA,NA,NA,NA,NA,NA,NA,NA,NA,NA,NA,NA,NA,NA,NA,NA,NA,NA,NA,NA,NA,NA,NA,NA,NA,NA,NA,NA,NA
Costa Rica,2022,COE,auction,NA,https://allianceforcoffeeexcellence.org/costa-rica-2022/,2,11,NA,NA,NA,NA,88.07,success,NA,NA,NA,$17.50,"$13,310.50",NA,NA,NA,NA,NA,Higueron De Finca Carrizal,NA,NA,760.6,"Foosung HDS, AROUND COFFEE(YJ), Coffee Cherry, KINGKONGDRIP & COLLIDE COFFEE, LaB Coffee & Rosters, D:MINE COFFEE ROASTERS",NA,NA,NA,NA,NA,NA,NA,NA,NA,NA,NA,NA,NA,NA,NA,NA,NA,NA,NA,NA,NA,NA,NA,NA,NA,NA,NA,NA,NA,NA,NA,NA,NA,NA,NA,NA,NA,NA,NA,NA,NA,NA,NA,NA,NA,NA,NA,NA,NA,NA,NA,NA,NA,NA,NA,NA,NA,NA,NA,NA,NA,NA
Costa Rica,2022,COE,auction,NA,https://allianceforcoffeeexcellence.org/costa-rica-2022/,2,12,NA,NA,NA,NA,88.00,success,NA,NA,NA,$20.20,"$14,696.11",NA,NA,NA,NA,NA,Pie San,NA,NA,727.53,NOZY COFFEE,NA,NA,NA,NA,NA,NA,NA,NA,NA,NA,NA,NA,NA,NA,NA,NA,NA,NA,NA,NA,NA,NA,NA,NA,NA,NA,NA,NA,NA,NA,NA,NA,NA,NA,NA,NA,NA,NA,NA,NA,NA,NA,NA,NA,NA,NA,NA,NA,NA,NA,NA,NA,NA,NA,NA,NA,NA,NA,NA,NA,NA,NA
Costa Rica,2022,COE,auction,NA,https://allianceforcoffeeexcellence.org/costa-rica-2022/,2,13,NA,NA,NA,NA,87.82,success,NA,NA,NA,$17.50,"$18,518.85",NA,NA,NA,NA,NA,Gloriana,NA,NA,1058.22,"MUSEO Co., Ltd. // Cygnus Coffee // huelgo // liike coffee",NA,NA,NA,NA,NA,NA,NA,NA,NA,NA,NA,NA,NA,NA,NA,NA,NA,NA,NA,NA,NA,NA,NA,NA,NA,NA,NA,NA,NA,NA,NA,NA,NA,NA,NA,NA,NA,NA,NA,NA,NA,NA,NA,NA,NA,NA,NA,NA,NA,NA,NA,NA,NA,NA,NA,NA,NA,NA,NA,NA,NA,NA
Costa Rica,2022,COE,auction,NA,https://allianceforcoffeeexcellence.org/costa-rica-2022/,2,14,NA,NA,NA,NA,87.76,success,NA,NA,NA,$40.10,"$30,500.06",NA,NA,NA,NA,NA,Fcj Volcan Azul Cipresal,NA,NA,760.6,Sulalat Coffee Trading,NA,NA,NA,NA,NA,NA,NA,NA,NA,NA,NA,NA,NA,NA,NA,NA,NA,NA,NA,NA,NA,NA,NA,NA,NA,NA,NA,NA,NA,NA,NA,NA,NA,NA,NA,NA,NA,NA,NA,NA,NA,NA,NA,NA,NA,NA,NA,NA,NA,NA,NA,NA,NA,NA,NA,NA,NA,NA,NA,NA,NA,NA
Costa Rica,2022,COE,auction,NA,https://allianceforcoffeeexcellence.org/costa-rica-2022/,2,15,NA,NA,NA,NA,87.75,success,NA,NA,NA,$17.20,"$18,201.38",NA,NA,NA,NA,NA,Don Joel,NA,NA,1058.22,"Wataru & Co., Ltd.",NA,NA,NA,NA,NA,NA,NA,NA,NA,NA,NA,NA,NA,NA,NA,NA,NA,NA,NA,NA,NA,NA,NA,NA,NA,NA,NA,NA,NA,NA,NA,NA,NA,NA,NA,NA,NA,NA,NA,NA,NA,NA,NA,NA,NA,NA,NA,NA,NA,NA,NA,NA,NA,NA,NA,NA,NA,NA,NA,NA,NA,NA
Costa Rica,2022,COE,auction,NA,https://allianceforcoffeeexcellence.org/costa-rica-2022/,2,16,NA,NA,NA,NA,87.74,success,NA,NA,NA,$30.10,"$29,861.61",NA,NA,NA,NA,NA,Las Nubes,NA,NA,992.08,elbgold Röstkaffee GmbH,NA,NA,NA,NA,NA,NA,NA,NA,NA,NA,NA,NA,NA,NA,NA,NA,NA,NA,NA,NA,NA,NA,NA,NA,NA,NA,NA,NA,NA,NA,NA,NA,NA,NA,NA,NA,NA,NA,NA,NA,NA,NA,NA,NA,NA,NA,NA,NA,NA,NA,NA,NA,NA,NA,NA,NA,NA,NA,NA,NA,NA,NA
Costa Rica,2022,COE,auction,NA,https://allianceforcoffeeexcellence.org/costa-rica-2022/,2,17,NA,NA,NA,NA,87.71,success,NA,NA,NA,$16.00,"$16,931.52",NA,NA,NA,NA,NA,El Salitre,NA,NA,1058.22,SARUTAHIKO COFFEE,NA,NA,NA,NA,NA,NA,NA,NA,NA,NA,NA,NA,NA,NA,NA,NA,NA,NA,NA,NA,NA,NA,NA,NA,NA,NA,NA,NA,NA,NA,NA,NA,NA,NA,NA,NA,NA,NA,NA,NA,NA,NA,NA,NA,NA,NA,NA,NA,NA,NA,NA,NA,NA,NA,NA,NA,NA,NA,NA,NA,NA,NA
Costa Rica,2022,COE,auction,NA,https://allianceforcoffeeexcellence.org/costa-rica-2022/,2,18,NA,NA,NA,NA,87.41,success,NA,NA,NA,$23.00,"$16,733.19",NA,NA,NA,NA,NA,San Cristobal,NA,NA,727.53,"Wataru & Co., Ltd.",NA,NA,NA,NA,NA,NA,NA,NA,NA,NA,NA,NA,NA,NA,NA,NA,NA,NA,NA,NA,NA,NA,NA,NA,NA,NA,NA,NA,NA,NA,NA,NA,NA,NA,NA,NA,NA,NA,NA,NA,NA,NA,NA,NA,NA,NA,NA,NA,NA,NA,NA,NA,NA,NA,NA,NA,NA,NA,NA,NA,NA,NA
Costa Rica,2022,COE,auction,NA,https://allianceforcoffeeexcellence.org/costa-rica-2022/,2,19,NA,NA,NA,NA,87.38,success,NA,NA,NA,$16.00,"$12,169.60",NA,NA,NA,NA,NA,Hacienda De Colima Alto,NA,NA,760.6,TIMESCULB,NA,NA,NA,NA,NA,NA,NA,NA,NA,NA,NA,NA,NA,NA,NA,NA,NA,NA,NA,NA,NA,NA,NA,NA,NA,NA,NA,NA,NA,NA,NA,NA,NA,NA,NA,NA,NA,NA,NA,NA,NA,NA,NA,NA,NA,NA,NA,NA,NA,NA,NA,NA,NA,NA,NA,NA,NA,NA,NA,NA,NA,NA
Costa Rica,2022,COE,auction,NA,https://allianceforcoffeeexcellence.org/costa-rica-2022/,2,20,NA,NA,NA,NA,87.24,success,NA,NA,NA,$15.90,"$18,928.95",NA,NA,NA,NA,NA,La Isla,NA,NA,1190.5,honu加藤珈琲店株式会社,NA,NA,NA,NA,NA,NA,NA,NA,NA,NA,NA,NA,NA,NA,NA,NA,NA,NA,NA,NA,NA,NA,NA,NA,NA,NA,NA,NA,NA,NA,NA,NA,NA,NA,NA,NA,NA,NA,NA,NA,NA,NA,NA,NA,NA,NA,NA,NA,NA,NA,NA,NA,NA,NA,NA,NA,NA,NA,NA,NA,NA,NA
Costa Rica,2022,COE,auction,NA,https://allianceforcoffeeexcellence.org/costa-rica-2022/,2,21,NA,NA,NA,NA,87.21,success,NA,NA,NA,$16.10,"$17,037.34",NA,NA,NA,NA,NA,La Planada,NA,NA,1058.22,Kyokuto Fadie Corporation,NA,NA,NA,NA,NA,NA,NA,NA,NA,NA,NA,NA,NA,NA,NA,NA,NA,NA,NA,NA,NA,NA,NA,NA,NA,NA,NA,NA,NA,NA,NA,NA,NA,NA,NA,NA,NA,NA,NA,NA,NA,NA,NA,NA,NA,NA,NA,NA,NA,NA,NA,NA,NA,NA,NA,NA,NA,NA,NA,NA,NA,NA
Costa Rica,2022,COE,auction,NA,https://allianceforcoffeeexcellence.org/costa-rica-2022/,2,22,NA,NA,NA,NA,87.09,success,NA,NA,NA,$16.60,"$15,919.57",NA,NA,NA,NA,NA,Don Mayo El Cedral,NA,NA,959.01,"TAKAMURA COFFEE ROASTERS, DEAR ROAST, IMOM COFFEE ROASTERS, Q.O.L. COFFEE,OBROS COFFEE by MARUKAI",NA,NA,NA,NA,NA,NA,NA,NA,NA,NA,NA,NA,NA,NA,NA,NA,NA,NA,NA,NA,NA,NA,NA,NA,NA,NA,NA,NA,NA,NA,NA,NA,NA,NA,NA,NA,NA,NA,NA,NA,NA,NA,NA,NA,NA,NA,NA,NA,NA,NA,NA,NA,NA,NA,NA,NA,NA,NA,NA,NA,NA,NA
Costa Rica,2022,COE,auction,NA,https://allianceforcoffeeexcellence.org/costa-rica-2022/,2,Totals:,NA,NA,NA,NA,,success,NA,NA,NA,$33.62/lb,"$674,888.29",NA,NA,NA,NA,NA,,NA,NA,20073.13,,NA,NA,NA,NA,NA,NA,NA,NA,NA,NA,NA,NA,NA,NA,NA,NA,NA,NA,NA,NA,NA,NA,NA,NA,NA,NA,NA,NA,NA,NA,NA,NA,NA,NA,NA,NA,NA,NA,NA,NA,NA,NA,NA,NA,NA,NA,NA,NA,NA,NA,NA,NA,NA,NA,NA,NA,NA,NA,NA,NA,NA,NA
Costa Rica,2022,NW,auction,NA,https://allianceforcoffeeexcellence.org/costa-rica-2022/,4,NW,NA,NA,NA,NA,86.82,success,NA,NA,NA,NA,"$                                 3,279.95",NA,NA,NA,NA,NA,Leoncio,NA,NA,762.78,NA,NA,$            4.30,"Saerin co.,Ltd(MGPG)",NA,NA,NA,NA,NA,NA,NA,NA,NA,NA,NA,NA,NA,NA,NA,NA,NA,NA,NA,NA,NA,NA,NA,NA,NA,NA,NA,NA,NA,NA,NA,NA,NA,NA,NA,NA,NA,NA,NA,NA,NA,NA,NA,NA,NA,NA,NA,NA,NA,NA,NA,NA,NA,NA,NA,NA,NA,NA,NA
Costa Rica,2022,NW,auction,NA,https://allianceforcoffeeexcellence.org/costa-rica-2022/,4,NW,NA,NA,NA,NA,86.76,success,NA,NA,NA,NA,"$                                 4,369.29",NA,NA,NA,NA,NA,Finca Edgar,NA,NA,"1,065.68",NA,NA,$            4.10,"Orsir International Co., Ltd.",NA,NA,NA,NA,NA,NA,NA,NA,NA,NA,NA,NA,NA,NA,NA,NA,NA,NA,NA,NA,NA,NA,NA,NA,NA,NA,NA,NA,NA,NA,NA,NA,NA,NA,NA,NA,NA,NA,NA,NA,NA,NA,NA,NA,NA,NA,NA,NA,NA,NA,NA,NA,NA,NA,NA,NA,NA,NA,NA
Costa Rica,2022,NW,auction,NA,https://allianceforcoffeeexcellence.org/costa-rica-2022/,4,NW,NA,NA,NA,NA,86.71,success,NA,NA,NA,NA,"$                                 4,253.92",NA,NA,NA,NA,NA,Aromas Del Chiripó,NA,NA,"1,063.48",NA,NA,$            4.00,"Bokkum & Gil coffee Roasters,",NA,NA,NA,NA,NA,NA,NA,NA,NA,NA,NA,NA,NA,NA,NA,NA,NA,NA,NA,NA,NA,NA,NA,NA,NA,NA,NA,NA,NA,NA,NA,NA,NA,NA,NA,NA,NA,NA,NA,NA,NA,NA,NA,NA,NA,NA,NA,NA,NA,NA,NA,NA,NA,NA,NA,NA,NA,NA,NA
Costa Rica,2022,NW,auction,NA,https://allianceforcoffeeexcellence.org/costa-rica-2022/,4,NW,NA,NA,NA,NA,86.62,success,NA,NA,NA,NA,"$                                 3,203.68",NA,NA,NA,NA,NA,La Torre,NA,NA,762.78,NA,NA,$            4.20,caffeinelab,NA,NA,NA,NA,NA,NA,NA,NA,NA,NA,NA,NA,NA,NA,NA,NA,NA,NA,NA,NA,NA,NA,NA,NA,NA,NA,NA,NA,NA,NA,NA,NA,NA,NA,NA,NA,NA,NA,NA,NA,NA,NA,NA,NA,NA,NA,NA,NA,NA,NA,NA,NA,NA,NA,NA,NA,NA,NA,NA
Costa Rica,2022,NW,auction,NA,https://allianceforcoffeeexcellence.org/costa-rica-2022/,4,NW,NA,NA,NA,NA,86.56,success,NA,NA,NA,NA,"$                                 4,378.31",NA,NA,NA,NA,NA,Finca Licho,NA,NA,"1,067.88",NA,NA,$            4.10,DONGJIN TRADING COMPANY,NA,NA,NA,NA,NA,NA,NA,NA,NA,NA,NA,NA,NA,NA,NA,NA,NA,NA,NA,NA,NA,NA,NA,NA,NA,NA,NA,NA,NA,NA,NA,NA,NA,NA,NA,NA,NA,NA,NA,NA,NA,NA,NA,NA,NA,NA,NA,NA,NA,NA,NA,NA,NA,NA,NA,NA,NA,NA,NA
Costa Rica,2022,NW,auction,NA,https://allianceforcoffeeexcellence.org/costa-rica-2022/,4,NW,NA,NA,NA,NA,86.29,success,NA,NA,NA,NA,"$                                 3,038.80",NA,NA,NA,NA,NA,Aguila De Finca Carrizal,NA,NA,759.7,NA,NA,$            4.00,"Orsir International Co., Ltd.",NA,NA,NA,NA,NA,NA,NA,NA,NA,NA,NA,NA,NA,NA,NA,NA,NA,NA,NA,NA,NA,NA,NA,NA,NA,NA,NA,NA,NA,NA,NA,NA,NA,NA,NA,NA,NA,NA,NA,NA,NA,NA,NA,NA,NA,NA,NA,NA,NA,NA,NA,NA,NA,NA,NA,NA,NA,NA,NA
Costa Rica,2022,NW,auction,NA,https://allianceforcoffeeexcellence.org/costa-rica-2022/,4,NW,NA,NA,NA,NA,86.18,success,NA,NA,NA,NA,"$                                 4,258.10",NA,NA,NA,NA,NA,Finca Altavista,NA,NA,608.3,NA,NA,$            7.00,Hatch Coffee Roasters,NA,NA,NA,NA,NA,NA,NA,NA,NA,NA,NA,NA,NA,NA,NA,NA,NA,NA,NA,NA,NA,NA,NA,NA,NA,NA,NA,NA,NA,NA,NA,NA,NA,NA,NA,NA,NA,NA,NA,NA,NA,NA,NA,NA,NA,NA,NA,NA,NA,NA,NA,NA,NA,NA,NA,NA,NA,NA,NA
Costa Rica,2022,NW,auction,NA,https://allianceforcoffeeexcellence.org/costa-rica-2022/,4,NW,NA,NA,NA,NA,85.71,success,NA,NA,NA,NA,"$                                 4,272.92",NA,NA,NA,NA,NA,La Planada,NA,NA,"1,068.23",NA,NA,$            4.00,DONGJIN TRADING COMPANY,NA,NA,NA,NA,NA,NA,NA,NA,NA,NA,NA,NA,NA,NA,NA,NA,NA,NA,NA,NA,NA,NA,NA,NA,NA,NA,NA,NA,NA,NA,NA,NA,NA,NA,NA,NA,NA,NA,NA,NA,NA,NA,NA,NA,NA,NA,NA,NA,NA,NA,NA,NA,NA,NA,NA,NA,NA,NA,NA
Costa Rica,2022,NW,auction,NA,https://allianceforcoffeeexcellence.org/costa-rica-2022/,4,NW,NA,NA,NA,NA,85.68,success,NA,NA,NA,NA,"$                                 4,263.16",NA,NA,NA,NA,NA,Fidel,NA,NA,"1,065.79",NA,NA,$            4.00,"Wataru & Co., Ltd.",NA,NA,NA,NA,NA,NA,NA,NA,NA,NA,NA,NA,NA,NA,NA,NA,NA,NA,NA,NA,NA,NA,NA,NA,NA,NA,NA,NA,NA,NA,NA,NA,NA,NA,NA,NA,NA,NA,NA,NA,NA,NA,NA,NA,NA,NA,NA,NA,NA,NA,NA,NA,NA,NA,NA,NA,NA,NA,NA
Costa Rica,2022,NW,auction,NA,https://allianceforcoffeeexcellence.org/costa-rica-2022/,4,NW,NA,NA,NA,NA,85.32,success,NA,NA,NA,NA,"$                                 4,892.80",NA,NA,NA,NA,NA,Flor De Cafe,NA,NA,"1,223.20",NA,NA,$            4.00,"Bokkum & Gil coffee Roasters,",NA,NA,NA,NA,NA,NA,NA,NA,NA,NA,NA,NA,NA,NA,NA,NA,NA,NA,NA,NA,NA,NA,NA,NA,NA,NA,NA,NA,NA,NA,NA,NA,NA,NA,NA,NA,NA,NA,NA,NA,NA,NA,NA,NA,NA,NA,NA,NA,NA,NA,NA,NA,NA,NA,NA,NA,NA,NA,NA
Costa Rica,2022,NW,auction,NA,https://allianceforcoffeeexcellence.org/costa-rica-2022/,4,NW,NA,NA,NA,NA,Totals:,success,NA,NA,NA,NA,"Total Auction Value
$40,210.93",NA,NA,NA,NA,NA,,NA,NA,"9,447.82",NA,NA,"Auction Average $/lb
$4.37",,NA,NA,NA,NA,NA,NA,NA,NA,NA,NA,NA,NA,NA,NA,NA,NA,NA,NA,NA,NA,NA,NA,NA,NA,NA,NA,NA,NA,NA,NA,NA,NA,NA,NA,NA,NA,NA,NA,NA,NA,NA,NA,NA,NA,NA,NA,NA,NA,NA,NA,NA,NA,NA,NA,NA,NA,NA,NA,NA
Costa Rica,2023,COE,auction,NA,https://allianceforcoffeeexcellence.org/costa-rica-2023/,2,1a,NA,NA,NA,NA,91.08,success,NA,NA,NA,NA,"$28,009.69",NA,NA,NA,NA,NA,El Cedro – San Isidro Labrador,NA,NA,NA,"Orsir Coffee -Taiwan. Mindfo Coffee, VWI by CHADWANG",NA,NA,NA,NA,NA,NA,NA,NA,NA,NA,NA,NA,NA,NA,NA,NA,NA,NA,NA,NA,NA,NA,NA,NA,NA,462.97,NA,NA,NA,NA,NA,NA,NA,NA,NA,NA,NA,NA,$60.50,NA,NA,NA,NA,NA,NA,NA,NA,NA,NA,NA,NA,NA,NA,NA,NA,NA,NA,NA,NA,NA,NA,NA
Costa Rica,2023,COE,auction,NA,https://allianceforcoffeeexcellence.org/costa-rica-2023/,2,1b,NA,NA,NA,NA,91.08,success,NA,NA,NA,NA,"$28,055.98",NA,NA,NA,NA,NA,El Cedro – San Isidro Labrador,NA,NA,NA,"Fisher coffee 啡舍 /playbeans喜豆豆咖啡烘焙 /DECAMERON COFFEE/青岛李想珈 /东方国际商业（集团）有限公司 /CHG (剁手咖啡群) – CoffeeBuff/ SHANGHAI CARMO TRADING CO., LTD (珈露梦咖啡). Wolfing Coffee",NA,NA,NA,NA,NA,NA,NA,NA,NA,NA,NA,NA,NA,NA,NA,NA,NA,NA,NA,NA,NA,NA,NA,NA,NA,462.97,NA,NA,NA,NA,NA,NA,NA,NA,NA,NA,NA,NA,$60.60,NA,NA,NA,NA,NA,NA,NA,NA,NA,NA,NA,NA,NA,NA,NA,NA,NA,NA,NA,NA,NA,NA,NA
Costa Rica,2023,COE,auction,NA,https://allianceforcoffeeexcellence.org/costa-rica-2023/,2,2a,NA,NA,NA,NA,91,success,NA,NA,NA,NA,"$7,804.28",NA,NA,NA,NA,NA,Finca VOO,NA,NA,NA,"Nanjing Eco Farm Trading Co., Ltd. – China, Lagooon Coffee百灵岛咖啡，June’s Garden Coffee北京六月花园咖啡，芦田家中岛英男，TWO HANDS FULL (Indonesia)",NA,NA,NA,NA,NA,NA,NA,NA,NA,NA,NA,NA,NA,NA,NA,NA,NA,NA,NA,NA,NA,NA,NA,NA,NA,330.69,NA,NA,NA,NA,NA,NA,NA,NA,NA,NA,NA,NA,$23.60,NA,NA,NA,NA,NA,NA,NA,NA,NA,NA,NA,NA,NA,NA,NA,NA,NA,NA,NA,NA,NA,NA,NA
Costa Rica,2023,COE,auction,NA,https://allianceforcoffeeexcellence.org/costa-rica-2023/,2,2b,NA,NA,NA,NA,91,success,NA,NA,NA,NA,"$6,534.39",NA,NA,NA,NA,NA,Finca VOO,NA,NA,NA,Sulalat Coffee Trading – Saudi Arabia,NA,NA,NA,NA,NA,NA,NA,NA,NA,NA,NA,NA,NA,NA,NA,NA,NA,NA,NA,NA,NA,NA,NA,NA,NA,264.55,NA,NA,NA,NA,NA,NA,NA,NA,NA,NA,NA,NA,$24.70,NA,NA,NA,NA,NA,NA,NA,NA,NA,NA,NA,NA,NA,NA,NA,NA,NA,NA,NA,NA,NA,NA,NA
Costa Rica,2023,COE,auction,NA,https://allianceforcoffeeexcellence.org/costa-rica-2023/,2,3a,NA,NA,NA,NA,90.85,success,NA,NA,NA,NA,"$9,920.70",NA,NA,NA,NA,NA,Finca Don Cayito,NA,NA,NA,One to Two Coffee – Thailand,NA,NA,NA,NA,NA,NA,NA,NA,NA,NA,NA,NA,NA,NA,NA,NA,NA,NA,NA,NA,NA,NA,NA,NA,NA,330.69,NA,NA,NA,NA,NA,NA,NA,NA,NA,NA,NA,NA,$30.00,NA,NA,NA,NA,NA,NA,NA,NA,NA,NA,NA,NA,NA,NA,NA,NA,NA,NA,NA,NA,NA,NA,NA
Costa Rica,2023,COE,auction,NA,https://allianceforcoffeeexcellence.org/costa-rica-2023/,2,3b,NA,NA,NA,NA,90.85,success,NA,NA,NA,NA,"$9,920.70",NA,NA,NA,NA,NA,Finca Don Cayito,NA,NA,NA,"Coffee Me Up (Korea), Coffee Therapy (Thailand), DNU COFFEE, Bean & Bean Coffee (New York) , jibbilittles coffee roasters",NA,NA,NA,NA,NA,NA,NA,NA,NA,NA,NA,NA,NA,NA,NA,NA,NA,NA,NA,NA,NA,NA,NA,NA,NA,330.69,NA,NA,NA,NA,NA,NA,NA,NA,NA,NA,NA,NA,$30.00,NA,NA,NA,NA,NA,NA,NA,NA,NA,NA,NA,NA,NA,NA,NA,NA,NA,NA,NA,NA,NA,NA,NA
Costa Rica,2023,COE,auction,NA,https://allianceforcoffeeexcellence.org/costa-rica-2023/,2,4,NA,NA,NA,NA,90.27,success,NA,NA,NA,NA,"$12,566.40",NA,NA,NA,NA,NA,San Martín,NA,NA,NA,MOLLIF COFFEE – South Korea,NA,NA,NA,NA,NA,NA,NA,NA,NA,NA,NA,NA,NA,NA,NA,NA,NA,NA,NA,NA,NA,NA,NA,NA,NA,628.32,NA,NA,NA,NA,NA,NA,NA,NA,NA,NA,NA,NA,$20.00,NA,NA,NA,NA,NA,NA,NA,NA,NA,NA,NA,NA,NA,NA,NA,NA,NA,NA,NA,NA,NA,NA,NA
Costa Rica,2023,COE,auction,NA,https://allianceforcoffeeexcellence.org/costa-rica-2023/,2,5,NA,NA,NA,NA,90.19,success,NA,NA,NA,NA,"$12,698.64",NA,NA,NA,NA,NA,El Chizo,NA,NA,NA,"Saerin co.,Ltd(MGPG) – South Korea",NA,NA,NA,NA,NA,NA,NA,NA,NA,NA,NA,NA,NA,NA,NA,NA,NA,NA,NA,NA,NA,NA,NA,NA,NA,"1,058.22",NA,NA,NA,NA,NA,NA,NA,NA,NA,NA,NA,NA,$12.00,NA,NA,NA,NA,NA,NA,NA,NA,NA,NA,NA,NA,NA,NA,NA,NA,NA,NA,NA,NA,NA,NA,NA
Costa Rica,2023,COE,auction,NA,https://allianceforcoffeeexcellence.org/costa-rica-2023/,2,6,NA,NA,NA,NA,90.15,success,NA,NA,NA,NA,"$19,775.34",NA,NA,NA,NA,NA,HACIENDA COPEY,NA,NA,NA,"REC COFFEE, TAOCA COFFEE, GESHARY COFFEE",NA,NA,NA,NA,NA,NA,NA,NA,NA,NA,NA,NA,NA,NA,NA,NA,NA,NA,NA,NA,NA,NA,NA,NA,NA,760.59,NA,NA,NA,NA,NA,NA,NA,NA,NA,NA,NA,NA,$26.00,NA,NA,NA,NA,NA,NA,NA,NA,NA,NA,NA,NA,NA,NA,NA,NA,NA,NA,NA,NA,NA,NA,NA
Costa Rica,2023,COE,auction,NA,https://allianceforcoffeeexcellence.org/costa-rica-2023/,2,7,NA,NA,NA,NA,89.81,success,NA,NA,NA,NA,"$30,714.64",NA,NA,NA,NA,NA,Las Nubes,NA,NA,NA,Sulalat Coffee Trading – Saudi Arabia,NA,NA,NA,NA,NA,NA,NA,NA,NA,NA,NA,NA,NA,NA,NA,NA,NA,NA,NA,NA,NA,NA,NA,NA,NA,793.66,NA,NA,NA,NA,NA,NA,NA,NA,NA,NA,NA,NA,$38.70,NA,NA,NA,NA,NA,NA,NA,NA,NA,NA,NA,NA,NA,NA,NA,NA,NA,NA,NA,NA,NA,NA,NA
Costa Rica,2023,COE,auction,NA,https://allianceforcoffeeexcellence.org/costa-rica-2023/,2,8,NA,NA,NA,NA,89.58,success,NA,NA,NA,NA,"$13,006.09",NA,NA,NA,NA,NA,FCJ VOLCAN AZUL,NA,NA,NA,"GSC International Co., Ltd – South Korea",NA,NA,NA,NA,NA,NA,NA,NA,NA,NA,NA,NA,NA,NA,NA,NA,NA,NA,NA,NA,NA,NA,NA,NA,NA,760.59,NA,NA,NA,NA,NA,NA,NA,NA,NA,NA,NA,NA,$17.10,NA,NA,NA,NA,NA,NA,NA,NA,NA,NA,NA,NA,NA,NA,NA,NA,NA,NA,NA,NA,NA,NA,NA
Costa Rica,2023,COE,auction,NA,https://allianceforcoffeeexcellence.org/costa-rica-2023/,2,9,NA,NA,NA,NA,89.5,success,NA,NA,NA,NA,"$12,698.56",NA,NA,NA,NA,NA,SANTA TERESA,NA,NA,NA,Coffee Libre – South Korea,NA,NA,NA,NA,NA,NA,NA,NA,NA,NA,NA,NA,NA,NA,NA,NA,NA,NA,NA,NA,NA,NA,NA,NA,NA,793.66,NA,NA,NA,NA,NA,NA,NA,NA,NA,NA,NA,NA,$16.00,NA,NA,NA,NA,NA,NA,NA,NA,NA,NA,NA,NA,NA,NA,NA,NA,NA,NA,NA,NA,NA,NA,NA
Costa Rica,2023,COE,auction,NA,https://allianceforcoffeeexcellence.org/costa-rica-2023/,2,10,NA,NA,NA,NA,89.38,success,NA,NA,NA,NA,"$12,169.44",NA,NA,NA,NA,NA,CIPRESAL – FCJ VOLCAN AZUL,NA,NA,NA,"Foosung Corporation. – South Korea, Olympia Graeco Egyptian Coffee (OGE Coffee) / Raku Coffee Roaster",NA,NA,NA,NA,NA,NA,NA,NA,NA,NA,NA,NA,NA,NA,NA,NA,NA,NA,NA,NA,NA,NA,NA,NA,NA,760.59,NA,NA,NA,NA,NA,NA,NA,NA,NA,NA,NA,NA,$16.00,NA,NA,NA,NA,NA,NA,NA,NA,NA,NA,NA,NA,NA,NA,NA,NA,NA,NA,NA,NA,NA,NA,NA
Costa Rica,2023,COE,auction,NA,https://allianceforcoffeeexcellence.org/costa-rica-2023/,2,11,NA,NA,NA,NA,88.67,success,NA,NA,NA,NA,"$13,042.54",NA,NA,NA,NA,NA,Don Danilo,NA,NA,NA,"Dabov Specialty Coffee, Coffee Me Up (Korea), Coffee Therapy (Thailand)",NA,NA,NA,NA,NA,NA,NA,NA,NA,NA,NA,NA,NA,NA,NA,NA,NA,NA,NA,NA,NA,NA,NA,NA,NA,959.01,NA,NA,NA,NA,NA,NA,NA,NA,NA,NA,NA,NA,$13.60,NA,NA,NA,NA,NA,NA,NA,NA,NA,NA,NA,NA,NA,NA,NA,NA,NA,NA,NA,NA,NA,NA,NA
Costa Rica,2023,COE,auction,NA,https://allianceforcoffeeexcellence.org/costa-rica-2023/,2,12,NA,NA,NA,NA,88.63,success,NA,NA,NA,NA,"$11,484.91",NA,NA,NA,NA,NA,Pie San,NA,NA,NA,NOZY COFFEE – Japan,NA,NA,NA,NA,NA,NA,NA,NA,NA,NA,NA,NA,NA,NA,NA,NA,NA,NA,NA,NA,NA,NA,NA,NA,NA,760.59,NA,NA,NA,NA,NA,NA,NA,NA,NA,NA,NA,NA,$15.10,NA,NA,NA,NA,NA,NA,NA,NA,NA,NA,NA,NA,NA,NA,NA,NA,NA,NA,NA,NA,NA,NA,NA
Costa Rica,2023,COE,auction,NA,https://allianceforcoffeeexcellence.org/costa-rica-2023/,2,13,NA,NA,NA,NA,88.58,success,NA,NA,NA,NA,"$13,766.68",NA,NA,NA,NA,NA,HACIENDA COPEY – ITADAKI ESTATE,NA,NA,NA,Brew92 – Saudi Arabia,NA,NA,NA,NA,NA,NA,NA,NA,NA,NA,NA,NA,NA,NA,NA,NA,NA,NA,NA,NA,NA,NA,NA,NA,NA,760.59,NA,NA,NA,NA,NA,NA,NA,NA,NA,NA,NA,NA,$18.10,NA,NA,NA,NA,NA,NA,NA,NA,NA,NA,NA,NA,NA,NA,NA,NA,NA,NA,NA,NA,NA,NA,NA
Costa Rica,2023,COE,auction,NA,https://allianceforcoffeeexcellence.org/costa-rica-2023/,2,14,NA,NA,NA,NA,88.25,success,NA,NA,NA,NA,"$10,370.56",NA,NA,NA,NA,NA,GLORIANA,NA,NA,NA,terarosa – South Korea,NA,NA,NA,NA,NA,NA,NA,NA,NA,NA,NA,NA,NA,NA,NA,NA,NA,NA,NA,NA,NA,NA,NA,NA,NA,"1,058.22",NA,NA,NA,NA,NA,NA,NA,NA,NA,NA,NA,NA,$9.80,NA,NA,NA,NA,NA,NA,NA,NA,NA,NA,NA,NA,NA,NA,NA,NA,NA,NA,NA,NA,NA,NA,NA
Costa Rica,2023,COE,auction,NA,https://allianceforcoffeeexcellence.org/costa-rica-2023/,2,15,NA,NA,NA,NA,88.17,success,NA,NA,NA,NA,"$7,976.35",NA,NA,NA,NA,NA,Don Darío – San Isidro Labrador,NA,NA,NA,"Xiamen Doowell Ocean Biotechnology Co., Ltd. – China",NA,NA,NA,NA,NA,NA,NA,NA,NA,NA,NA,NA,NA,NA,NA,NA,NA,NA,NA,NA,NA,NA,NA,NA,NA,595.25,NA,NA,NA,NA,NA,NA,NA,NA,NA,NA,NA,NA,$13.40,NA,NA,NA,NA,NA,NA,NA,NA,NA,NA,NA,NA,NA,NA,NA,NA,NA,NA,NA,NA,NA,NA,NA
Costa Rica,2023,COE,auction,NA,https://allianceforcoffeeexcellence.org/costa-rica-2023/,2,16,NA,NA,NA,NA,88.04,success,NA,NA,NA,NA,"$8,482.32",NA,NA,NA,NA,NA,Don Joaquín,NA,NA,NA,"Orsir International Co., Ltd. – Taiwan,Mindfo Coffee
海南惊探号咖啡",NA,NA,NA,NA,NA,NA,NA,NA,NA,NA,NA,NA,NA,NA,NA,NA,NA,NA,NA,NA,NA,NA,NA,NA,NA,628.32,NA,NA,NA,NA,NA,NA,NA,NA,NA,NA,NA,NA,$13.50,NA,NA,NA,NA,NA,NA,NA,NA,NA,NA,NA,NA,NA,NA,NA,NA,NA,NA,NA,NA,NA,NA,NA
Costa Rica,2023,COE,auction,NA,https://allianceforcoffeeexcellence.org/costa-rica-2023/,2,17,NA,NA,NA,NA,87.96,success,NA,NA,NA,NA,"$9,127.08",NA,NA,NA,NA,NA,La Planada,NA,NA,NA,honu加藤珈琲店株式会社 – Japan,NA,NA,NA,NA,NA,NA,NA,NA,NA,NA,NA,NA,NA,NA,NA,NA,NA,NA,NA,NA,NA,NA,NA,NA,NA,760.59,NA,NA,NA,NA,NA,NA,NA,NA,NA,NA,NA,NA,$12.00,NA,NA,NA,NA,NA,NA,NA,NA,NA,NA,NA,NA,NA,NA,NA,NA,NA,NA,NA,NA,NA,NA,NA
Costa Rica,2023,COE,auction,NA,https://allianceforcoffeeexcellence.org/costa-rica-2023/,2,18,NA,NA,NA,NA,87.96,success,NA,NA,NA,NA,"$11,637.03",NA,NA,NA,NA,NA,Don Mayo Los Tucanes,NA,NA,NA,"Nanjing Eco Farm Trading Co., Ltd. – China , La Finca领地，铜山里咖啡，珈琲豆专门店， 乔治队长， TWO HANDS FULL (Indonesia)",NA,NA,NA,NA,NA,NA,NA,NA,NA,NA,NA,NA,NA,NA,NA,NA,NA,NA,NA,NA,NA,NA,NA,NA,NA,760.59,NA,NA,NA,NA,NA,NA,NA,NA,NA,NA,NA,NA,$15.30,NA,NA,NA,NA,NA,NA,NA,NA,NA,NA,NA,NA,NA,NA,NA,NA,NA,NA,NA,NA,NA,NA,NA
Costa Rica,2023,COE,auction,NA,https://allianceforcoffeeexcellence.org/costa-rica-2023/,2,19,NA,NA,NA,NA,87.96,success,NA,NA,NA,NA,"$9,821.63",NA,NA,NA,NA,NA,SIN LIMITES,NA,NA,NA,Kyokuto Fadie Corporation – Japan,NA,NA,NA,NA,NA,NA,NA,NA,NA,NA,NA,NA,NA,NA,NA,NA,NA,NA,NA,NA,NA,NA,NA,NA,NA,595.25,NA,NA,NA,NA,NA,NA,NA,NA,NA,NA,NA,NA,$16.50,NA,NA,NA,NA,NA,NA,NA,NA,NA,NA,NA,NA,NA,NA,NA,NA,NA,NA,NA,NA,NA,NA,NA
Costa Rica,2023,COE,auction,NA,https://allianceforcoffeeexcellence.org/costa-rica-2023/,2,20,NA,NA,NA,NA,87.92,success,NA,NA,NA,NA,"$6,620.43",NA,NA,NA,NA,NA,Finca Toño,NA,NA,NA,"Wataru & Co., Ltd. – Japan",NA,NA,NA,NA,NA,NA,NA,NA,NA,NA,NA,NA,NA,NA,NA,NA,NA,NA,NA,NA,NA,NA,NA,NA,NA,727.52,NA,NA,NA,NA,NA,NA,NA,NA,NA,NA,NA,NA,$9.10,NA,NA,NA,NA,NA,NA,NA,NA,NA,NA,NA,NA,NA,NA,NA,NA,NA,NA,NA,NA,NA,NA,NA
Costa Rica,2023,COE,auction,NA,https://allianceforcoffeeexcellence.org/costa-rica-2023/,2,21,NA,NA,NA,NA,87.92,success,NA,NA,NA,NA,"$6,190.60",NA,NA,NA,NA,NA,SIN LIMITES CR7,NA,NA,NA,"Wataru & Co., Ltd. – Japan",NA,NA,NA,NA,NA,NA,NA,NA,NA,NA,NA,NA,NA,NA,NA,NA,NA,NA,NA,NA,NA,NA,NA,NA,NA,595.25,NA,NA,NA,NA,NA,NA,NA,NA,NA,NA,NA,NA,$10.40,NA,NA,NA,NA,NA,NA,NA,NA,NA,NA,NA,NA,NA,NA,NA,NA,NA,NA,NA,NA,NA,NA,NA
Costa Rica,2023,COE,auction,NA,https://allianceforcoffeeexcellence.org/costa-rica-2023/,2,22,NA,NA,NA,NA,87.83,success,NA,NA,NA,NA,"$6,471.70",NA,NA,NA,NA,NA,FINCA LA ROCA,NA,NA,NA,Wataru for Voila Coffee. – Japan,NA,NA,NA,NA,NA,NA,NA,NA,NA,NA,NA,NA,NA,NA,NA,NA,NA,NA,NA,NA,NA,NA,NA,NA,NA,628.32,NA,NA,NA,NA,NA,NA,NA,NA,NA,NA,NA,NA,$10.30,NA,NA,NA,NA,NA,NA,NA,NA,NA,NA,NA,NA,NA,NA,NA,NA,NA,NA,NA,NA,NA,NA,NA
Costa Rica,2023,COE,auction,NA,https://allianceforcoffeeexcellence.org/costa-rica-2023/,2,23,NA,NA,NA,NA,87.83,success,NA,NA,NA,NA,"$7,083.48",NA,NA,NA,NA,NA,FINCA DAVID,NA,NA,NA,"Wataru & Co., Ltd. – Japan",NA,NA,NA,NA,NA,NA,NA,NA,NA,NA,NA,NA,NA,NA,NA,NA,NA,NA,NA,NA,NA,NA,NA,NA,NA,595.25,NA,NA,NA,NA,NA,NA,NA,NA,NA,NA,NA,NA,$11.90,NA,NA,NA,NA,NA,NA,NA,NA,NA,NA,NA,NA,NA,NA,NA,NA,NA,NA,NA,NA,NA,NA,NA
Costa Rica,2023,COE,auction,NA,https://allianceforcoffeeexcellence.org/costa-rica-2023/,2,24,NA,NA,NA,NA,87.75,success,NA,NA,NA,NA,"$8,670.73",NA,NA,NA,NA,NA,El Burío.,NA,NA,NA,NOZY COFFEE – Japan,NA,NA,NA,NA,NA,NA,NA,NA,NA,NA,NA,NA,NA,NA,NA,NA,NA,NA,NA,NA,NA,NA,NA,NA,NA,760.59,NA,NA,NA,NA,NA,NA,NA,NA,NA,NA,NA,NA,$11.40,NA,NA,NA,NA,NA,NA,NA,NA,NA,NA,NA,NA,NA,NA,NA,NA,NA,NA,NA,NA,NA,NA,NA
Costa Rica,2023,COE,auction,NA,https://allianceforcoffeeexcellence.org/costa-rica-2023/,2,25,NA,NA,NA,NA,87.71,success,NA,NA,NA,NA,"$10,793.84",NA,NA,NA,NA,NA,Don Joel,NA,NA,NA,mychem – South Korea,NA,NA,NA,NA,NA,NA,NA,NA,NA,NA,NA,NA,NA,NA,NA,NA,NA,NA,NA,NA,NA,NA,NA,NA,NA,"1,058.22",NA,NA,NA,NA,NA,NA,NA,NA,NA,NA,NA,NA,$10.20,NA,NA,NA,NA,NA,NA,NA,NA,NA,NA,NA,NA,NA,NA,NA,NA,NA,NA,NA,NA,NA,NA,NA
Costa Rica,2023,COE,auction,NA,https://allianceforcoffeeexcellence.org/costa-rica-2023/,2,26,NA,NA,NA,NA,87.71,success,NA,NA,NA,NA,"$7,681.96",NA,NA,NA,NA,NA,El Alto,NA,NA,NA,mychem – South Korea,NA,NA,NA,NA,NA,NA,NA,NA,NA,NA,NA,NA,NA,NA,NA,NA,NA,NA,NA,NA,NA,NA,NA,NA,NA,760.59,NA,NA,NA,NA,NA,NA,NA,NA,NA,NA,NA,NA,$10.10,NA,NA,NA,NA,NA,NA,NA,NA,NA,NA,NA,NA,NA,NA,NA,NA,NA,NA,NA,NA,NA,NA,NA
Costa Rica,2023,COE,auction,NA,https://allianceforcoffeeexcellence.org/costa-rica-2023/,2,27,NA,NA,NA,NA,87.62,success,NA,NA,NA,NA,"$8,677.40",NA,NA,NA,NA,NA,DON ELI,NA,NA,NA,"Cuppers of Korea
Anthracite
Five_C_CoffeeWorks
AGCOFFEE
Rough_Roasters
O,Kam",NA,NA,NA,NA,NA,NA,NA,NA,NA,NA,NA,NA,NA,NA,NA,NA,NA,NA,NA,NA,NA,NA,NA,NA,NA,529.11,NA,NA,NA,NA,NA,NA,NA,NA,NA,NA,NA,NA,$16.40,NA,NA,NA,NA,NA,NA,NA,NA,NA,NA,NA,NA,NA,NA,NA,NA,NA,NA,NA,NA,NA,NA,NA
Costa Rica,2023,COE,auction,NA,https://allianceforcoffeeexcellence.org/costa-rica-2023/,2,28,NA,NA,NA,NA,87.37,success,NA,NA,NA,NA,"$7,681.96",NA,NA,NA,NA,NA,Ladera Alessia,NA,NA,NA,"Wataru & Co., Ltd. – Japan",NA,NA,NA,NA,NA,NA,NA,NA,NA,NA,NA,NA,NA,NA,NA,NA,NA,NA,NA,NA,NA,NA,NA,NA,NA,760.59,NA,NA,NA,NA,NA,NA,NA,NA,NA,NA,NA,NA,$10.10,NA,NA,NA,NA,NA,NA,NA,NA,NA,NA,NA,NA,NA,NA,NA,NA,NA,NA,NA,NA,NA,NA,NA
Costa Rica,2023,COE,auction,NA,https://allianceforcoffeeexcellence.org/costa-rica-2023/,2,29,NA,NA,NA,NA,87.29,success,NA,NA,NA,NA,"$9,259.40",NA,NA,NA,NA,NA,Fideluz,NA,NA,NA,"Wataru & Co., Ltd. – Japan",NA,NA,NA,NA,NA,NA,NA,NA,NA,NA,NA,NA,NA,NA,NA,NA,NA,NA,NA,NA,NA,NA,NA,NA,NA,925.94,NA,NA,NA,NA,NA,NA,NA,NA,NA,NA,NA,NA,$10.00,NA,NA,NA,NA,NA,NA,NA,NA,NA,NA,NA,NA,NA,NA,NA,NA,NA,NA,NA,NA,NA,NA,NA
Costa Rica,2023,COE,auction,NA,https://allianceforcoffeeexcellence.org/costa-rica-2023/,2,30,NA,NA,NA,NA,87.29,success,NA,NA,NA,NA,"$5,416.78",NA,NA,NA,NA,NA,Don Egidio Rodriguez,NA,NA,NA,Wataru for OGAWA COFFEE. – Japan,NA,NA,NA,NA,NA,NA,NA,NA,NA,NA,NA,NA,NA,NA,NA,NA,NA,NA,NA,NA,NA,NA,NA,NA,NA,595.25,NA,NA,NA,NA,NA,NA,NA,NA,NA,NA,NA,NA,$9.10,NA,NA,NA,NA,NA,NA,NA,NA,NA,NA,NA,NA,NA,NA,NA,NA,NA,NA,NA,NA,NA,NA,NA
Costa Rica,2023,NW,auction,NA,https://allianceforcoffeeexcellence.org/costa-rica-2023/,4,NW,NA,NA,NA,NA,87.17,success,NA,NA,NA,NA,"$7,758.02",NA,NA,NA,NA,NA,EL PACAYAL,JUAN CARLOS VALERIO QUESADA,NA,NA,Brew92 – Saudi Arabia,NA,NA,NA,NA,NA,NA,NA,NA,NA,NA,NA,NA,NA,NA,NA,NA,NA,NA,NA,NA,NA,NA,NA,NA,NA,760.59,NA,NA,NA,NA,NA,NA,NA,NA,NA,NA,NA,NA,NA,$10.20,NA,NA,NA,NA,NA,NA,NA,NA,NA,NA,NA,NA,NA,NA,NA,NA,NA,NA,NA,NA,NA,NA
Costa Rica,2023,NW,auction,NA,https://allianceforcoffeeexcellence.org/costa-rica-2023/,4,NW,NA,NA,NA,NA,87.08,success,NA,NA,NA,NA,"$4,107.23",NA,NA,NA,NA,NA,FINCA EMANUEL,JOSE JAIME CARDENAS ROJAS,NA,NA,"Orsir Coffee – Taiwan Mindfo Coffee
海南惊探号咖啡",NA,NA,NA,NA,NA,NA,NA,NA,NA,NA,NA,NA,NA,NA,NA,NA,NA,NA,NA,NA,NA,NA,NA,NA,NA,595.25,NA,NA,NA,NA,NA,NA,NA,NA,NA,NA,NA,NA,NA,$6.90,NA,NA,NA,NA,NA,NA,NA,NA,NA,NA,NA,NA,NA,NA,NA,NA,NA,NA,NA,NA,NA,NA
Costa Rica,2023,NW,auction,NA,https://allianceforcoffeeexcellence.org/costa-rica-2023/,4,NW,NA,NA,NA,NA,86.54,success,NA,NA,NA,NA,"$6,904.87",NA,NA,NA,NA,NA,Finca Don Fernando,Michael Trejos Porras,NA,NA,Brew92 – Saudi Arabia,NA,NA,NA,NA,NA,NA,NA,NA,NA,NA,NA,NA,NA,NA,NA,NA,NA,NA,NA,NA,NA,NA,NA,NA,NA,959.01,NA,NA,NA,NA,NA,NA,NA,NA,NA,NA,NA,NA,NA,$7.20,NA,NA,NA,NA,NA,NA,NA,NA,NA,NA,NA,NA,NA,NA,NA,NA,NA,NA,NA,NA,NA,NA
Costa Rica,2024,COE,auction,Traditional Washed Processes,https://allianceforcoffeeexcellence.org/costa-rica-2024/,4,1A,NA,Santa Teresa,NA,NA,92.04,success,NA,NA,NA,NA,"$27,447.27",NA,NA,NA,NA,NA,NA,NA,NA,NA,"KALDI COFFEE FARM (CAMEL COFFEE CO.,LTD.)",NA,NA,NA,NA,NA,NA,NA,NA,NA,NA,NA,NA,NA,NA,NA,NA,NA,NA,NA,NA,NA,NA,NA,NA,NA,330.69,$83.00,NA,NA,NA,NA,NA,NA,NA,NA,NA,NA,NA,NA,NA,NA,NA,NA,NA,NA,NA,NA,NA,NA,NA,NA,NA,NA,NA,NA,NA,NA,NA,NA,NA,NA,NA
Costa Rica,2024,COE,auction,Traditional Washed Processes,https://allianceforcoffeeexcellence.org/costa-rica-2024/,4,1B,NA,Santa Teresa,NA,NA,92.04,success,NA,NA,NA,NA,"$27,777.96",NA,NA,NA,NA,NA,NA,NA,NA,NA,"RYU BEANS COFFEE, TXT Coffee (.txt), CLARIMENTO, IDENTITY COFFEE LAB",NA,NA,NA,NA,NA,NA,NA,NA,NA,NA,NA,NA,NA,NA,NA,NA,NA,NA,NA,NA,NA,NA,NA,NA,NA,330.69,$84.00,NA,NA,NA,NA,NA,NA,NA,NA,NA,NA,NA,NA,NA,NA,NA,NA,NA,NA,NA,NA,NA,NA,NA,NA,NA,NA,NA,NA,NA,NA,NA,NA,NA,NA,NA
Costa Rica,2024,COE,auction,Traditional Washed Processes,https://allianceforcoffeeexcellence.org/costa-rica-2024/,4,2,NA,El Cedro – Hacienda San Isidro Labrador,NA,NA,90.65,success,NA,NA,NA,NA,"$25,327.69",NA,NA,NA,NA,NA,NA,NA,NA,NA,DECAMERON COFFEE,NA,NA,NA,NA,NA,NA,NA,NA,NA,NA,NA,NA,NA,NA,NA,NA,NA,NA,NA,NA,NA,NA,NA,NA,NA,1223.56,$20.70,NA,NA,NA,NA,NA,NA,NA,NA,NA,NA,NA,NA,NA,NA,NA,NA,NA,NA,NA,NA,NA,NA,NA,NA,NA,NA,NA,NA,NA,NA,NA,NA,NA,NA,NA
Costa Rica,2024,COE,auction,Traditional Washed Processes,https://allianceforcoffeeexcellence.org/costa-rica-2024/,4,3,NA,Quebrada Grande,NA,NA,90.46,success,NA,NA,NA,NA,"$14,523.98",NA,NA,NA,NA,NA,NA,NA,NA,NA,Angelino’s Coffee,NA,NA,NA,NA,NA,NA,NA,NA,NA,NA,NA,NA,NA,NA,NA,NA,NA,NA,NA,NA,NA,NA,NA,NA,NA,793.66,$18.30,NA,NA,NA,NA,NA,NA,NA,NA,NA,NA,NA,NA,NA,NA,NA,NA,NA,NA,NA,NA,NA,NA,NA,NA,NA,NA,NA,NA,NA,NA,NA,NA,NA,NA,NA
Costa Rica,2024,COE,auction,Traditional Washed Processes,https://allianceforcoffeeexcellence.org/costa-rica-2024/,4,4,NA,Hacienda Copey – Itadaki,NA,NA,89.50,success,NA,NA,NA,NA,"$30,651.78",NA,NA,NA,NA,NA,NA,NA,NA,NA,"REC COFFEE, TAOCA COFFEE, GESHARY COFFEE",NA,NA,NA,NA,NA,NA,NA,NA,NA,NA,NA,NA,NA,NA,NA,NA,NA,NA,NA,NA,NA,NA,NA,NA,NA,760.59,$40.30,NA,NA,NA,NA,NA,NA,NA,NA,NA,NA,NA,NA,NA,NA,NA,NA,NA,NA,NA,NA,NA,NA,NA,NA,NA,NA,NA,NA,NA,NA,NA,NA,NA,NA,NA
Costa Rica,2024,COE,auction,Traditional Washed Processes,https://allianceforcoffeeexcellence.org/costa-rica-2024/,4,5,NA,Río Blanco,NA,NA,88.69,success,NA,NA,NA,NA,"$10,115.95",NA,NA,NA,NA,NA,NA,NA,NA,NA,honu加藤珈琲店株式会社,NA,NA,NA,NA,NA,NA,NA,NA,NA,NA,NA,NA,NA,NA,NA,NA,NA,NA,NA,NA,NA,NA,NA,NA,NA,628.32,$16.10,NA,NA,NA,NA,NA,NA,NA,NA,NA,NA,NA,NA,NA,NA,NA,NA,NA,NA,NA,NA,NA,NA,NA,NA,NA,NA,NA,NA,NA,NA,NA,NA,NA,NA,NA
Costa Rica,2024,COE,auction,Traditional Washed Processes,https://allianceforcoffeeexcellence.org/costa-rica-2024/,4,6,NA,Don Cayito,NA,NA,88.62,success,NA,NA,NA,NA,"$14,146.97",NA,NA,NA,NA,NA,NA,NA,NA,NA,KAFFEBRENNERIET AS,NA,NA,NA,NA,NA,NA,NA,NA,NA,NA,NA,NA,NA,NA,NA,NA,NA,NA,NA,NA,NA,NA,NA,NA,NA,760.59,$18.60,NA,NA,NA,NA,NA,NA,NA,NA,NA,NA,NA,NA,NA,NA,NA,NA,NA,NA,NA,NA,NA,NA,NA,NA,NA,NA,NA,NA,NA,NA,NA,NA,NA,NA,NA
Costa Rica,2024,COE,auction,Traditional Washed Processes,https://allianceforcoffeeexcellence.org/costa-rica-2024/,4,7,NA,Volcan Azul Hacienda Colima,NA,NA,88.31,success,NA,NA,NA,NA,"$12,169.44",NA,NA,NA,NA,NA,NA,NA,NA,NA,Brew92,NA,NA,NA,NA,NA,NA,NA,NA,NA,NA,NA,NA,NA,NA,NA,NA,NA,NA,NA,NA,NA,NA,NA,NA,NA,760.59,$16.00,NA,NA,NA,NA,NA,NA,NA,NA,NA,NA,NA,NA,NA,NA,NA,NA,NA,NA,NA,NA,NA,NA,NA,NA,NA,NA,NA,NA,NA,NA,NA,NA,NA,NA,NA
Costa Rica,2024,COE,auction,Traditional Washed Processes,https://allianceforcoffeeexcellence.org/costa-rica-2024/,4,8,NA,San Martín,NA,NA,87.04,success,NA,NA,NA,NA,"$11,309.77",NA,NA,NA,NA,NA,NA,NA,NA,NA,"WAVY COFFEE ROASTERS(Japan), GoldenNine(Korea), by UCC",NA,NA,NA,NA,NA,NA,NA,NA,NA,NA,NA,NA,NA,NA,NA,NA,NA,NA,NA,NA,NA,NA,NA,NA,NA,661.39,$17.10,NA,NA,NA,NA,NA,NA,NA,NA,NA,NA,NA,NA,NA,NA,NA,NA,NA,NA,NA,NA,NA,NA,NA,NA,NA,NA,NA,NA,NA,NA,NA,NA,NA,NA,NA
Costa Rica,2024,COE,auction,Traditional Honey & Natural Processes,https://allianceforcoffeeexcellence.org/costa-rica-2024/,5,1A,NA,Don Cayito,NA,NA,93.62,success,NA,NA,NA,NA,"$29,937.45",NA,NA,NA,NA,NA,NA,NA,NA,NA,Angelino’s Coffee,NA,NA,NA,NA,NA,NA,NA,NA,NA,NA,NA,NA,NA,NA,NA,NA,NA,NA,NA,NA,NA,NA,NA,NA,NA,$363.76,$82.30,NA,NA,NA,NA,NA,NA,NA,NA,NA,NA,NA,NA,NA,NA,NA,NA,NA,NA,NA,NA,NA,NA,NA,NA,NA,NA,NA,NA,NA,NA,NA,NA,NA,NA,NA
Costa Rica,2024,COE,auction,Traditional Honey & Natural Processes,https://allianceforcoffeeexcellence.org/costa-rica-2024/,5,1B,NA,Don Cayito,NA,NA,93.62,success,NA,NA,NA,NA,"$29,137.18",NA,NA,NA,NA,NA,NA,NA,NA,NA,"Orsir International Co., Ltd. Blossom Valley东莞市宸峄贸易有限公司",NA,NA,NA,NA,NA,NA,NA,NA,NA,NA,NA,NA,NA,NA,NA,NA,NA,NA,NA,NA,NA,NA,NA,NA,NA,$363.76,$80.10,NA,NA,NA,NA,NA,NA,NA,NA,NA,NA,NA,NA,NA,NA,NA,NA,NA,NA,NA,NA,NA,NA,NA,NA,NA,NA,NA,NA,NA,NA,NA,NA,NA,NA,NA
Costa Rica,2024,COE,auction,Traditional Honey & Natural Processes,https://allianceforcoffeeexcellence.org/costa-rica-2024/,5,2,NA,La Torre,NA,NA,92.00,success,NA,NA,NA,NA,"$32,143.50",NA,NA,NA,NA,NA,NA,NA,NA,NA,Slope Roastery,NA,NA,NA,NA,NA,NA,NA,NA,NA,NA,NA,NA,NA,NA,NA,NA,NA,NA,NA,NA,NA,NA,NA,NA,NA,$595.25,$54.00,NA,NA,NA,NA,NA,NA,NA,NA,NA,NA,NA,NA,NA,NA,NA,NA,NA,NA,NA,NA,NA,NA,NA,NA,NA,NA,NA,NA,NA,NA,NA,NA,NA,NA,NA
Costa Rica,2024,COE,auction,Traditional Honey & Natural Processes,https://allianceforcoffeeexcellence.org/costa-rica-2024/,5,3,NA,Don Joel,NA,NA,91.42,success,NA,NA,NA,NA,"$16,875.24",NA,NA,NA,NA,NA,NA,NA,NA,NA,"Kawa Coffee, Brulerie du Quai.",NA,NA,NA,NA,NA,NA,NA,NA,NA,NA,NA,NA,NA,NA,NA,NA,NA,NA,NA,NA,NA,NA,NA,NA,NA,$892.87,$18.90,NA,NA,NA,NA,NA,NA,NA,NA,NA,NA,NA,NA,NA,NA,NA,NA,NA,NA,NA,NA,NA,NA,NA,NA,NA,NA,NA,NA,NA,NA,NA,NA,NA,NA,NA
Costa Rica,2024,COE,auction,Traditional Honey & Natural Processes,https://allianceforcoffeeexcellence.org/costa-rica-2024/,5,4,NA,La Esmeralda,NA,NA,91.19,success,NA,NA,NA,NA,"$48,569.14",NA,NA,NA,NA,NA,NA,NA,NA,NA,AL QAHWA AL ARABIAH,NA,NA,NA,NA,NA,NA,NA,NA,NA,NA,NA,NA,NA,NA,NA,NA,NA,NA,NA,NA,NA,NA,NA,NA,NA,$628.32,$77.30,NA,NA,NA,NA,NA,NA,NA,NA,NA,NA,NA,NA,NA,NA,NA,NA,NA,NA,NA,NA,NA,NA,NA,NA,NA,NA,NA,NA,NA,NA,NA,NA,NA,NA,NA
Costa Rica,2024,COE,auction,Traditional Honey & Natural Processes,https://allianceforcoffeeexcellence.org/costa-rica-2024/,5,5,NA,La Ele,NA,NA,89.04,success,NA,NA,NA,NA,"$18,231.04",NA,NA,NA,NA,NA,NA,NA,NA,NA,"Wataru & Co., Ltd.",NA,NA,NA,NA,NA,NA,NA,NA,NA,NA,NA,NA,NA,NA,NA,NA,NA,NA,NA,NA,NA,NA,NA,NA,NA,"$1,223.56",$14.90,NA,NA,NA,NA,NA,NA,NA,NA,NA,NA,NA,NA,NA,NA,NA,NA,NA,NA,NA,NA,NA,NA,NA,NA,NA,NA,NA,NA,NA,NA,NA,NA,NA,NA,NA
Costa Rica,2024,COE,auction,Traditional Honey & Natural Processes,https://allianceforcoffeeexcellence.org/costa-rica-2024/,5,6,NA,Don Elí,NA,NA,89.04,success,NA,NA,NA,NA,"$23,810.04",NA,NA,NA,NA,NA,NA,NA,NA,NA,"MUSEO Co., Ltd / COFFEE HWA / Haewol Coffee (South Korea) / liike coffee",NA,NA,NA,NA,NA,NA,NA,NA,NA,NA,NA,NA,NA,NA,NA,NA,NA,NA,NA,NA,NA,NA,NA,NA,NA,$661.39,$36.00,NA,NA,NA,NA,NA,NA,NA,NA,NA,NA,NA,NA,NA,NA,NA,NA,NA,NA,NA,NA,NA,NA,NA,NA,NA,NA,NA,NA,NA,NA,NA,NA,NA,NA,NA
Costa Rica,2024,COE,auction,Traditional Honey & Natural Processes,https://allianceforcoffeeexcellence.org/costa-rica-2024/,5,7,NA,Don Mayo Tucanes,NA,NA,89.04,success,NA,NA,NA,NA,"$18,412.99",NA,NA,NA,NA,NA,NA,NA,NA,NA,karaz Albun,NA,NA,NA,NA,NA,NA,NA,NA,NA,NA,NA,NA,NA,NA,NA,NA,NA,NA,NA,NA,NA,NA,NA,NA,NA,$959.01,$19.20,NA,NA,NA,NA,NA,NA,NA,NA,NA,NA,NA,NA,NA,NA,NA,NA,NA,NA,NA,NA,NA,NA,NA,NA,NA,NA,NA,NA,NA,NA,NA,NA,NA,NA,NA
Costa Rica,2024,COE,auction,Traditional Honey & Natural Processes,https://allianceforcoffeeexcellence.org/costa-rica-2024/,5,8,NA,Quebrada Grande,NA,NA,88.96,success,NA,NA,NA,NA,"$14,514.19",NA,NA,NA,NA,NA,NA,NA,NA,NA,BLACK SIP COFFEE,NA,NA,NA,NA,NA,NA,NA,NA,NA,NA,NA,NA,NA,NA,NA,NA,NA,NA,NA,NA,NA,NA,NA,NA,NA,$628.32,$23.10,NA,NA,NA,NA,NA,NA,NA,NA,NA,NA,NA,NA,NA,NA,NA,NA,NA,NA,NA,NA,NA,NA,NA,NA,NA,NA,NA,NA,NA,NA,NA,NA,NA,NA,NA
Costa Rica,2024,COE,auction,Traditional Honey & Natural Processes,https://allianceforcoffeeexcellence.org/costa-rica-2024/,5,9,NA,La Bandera,NA,NA,88.81,success,NA,NA,NA,NA,"$19,841.60",NA,NA,NA,NA,NA,NA,NA,NA,NA,ORO ROASTERS (SAUDI ARABIA),NA,NA,NA,NA,NA,NA,NA,NA,NA,NA,NA,NA,NA,NA,NA,NA,NA,NA,NA,NA,NA,NA,NA,NA,NA,$496.04,$40.00,NA,NA,NA,NA,NA,NA,NA,NA,NA,NA,NA,NA,NA,NA,NA,NA,NA,NA,NA,NA,NA,NA,NA,NA,NA,NA,NA,NA,NA,NA,NA,NA,NA,NA,NA
Costa Rica,2024,COE,auction,Traditional Honey & Natural Processes,https://allianceforcoffeeexcellence.org/costa-rica-2024/,5,10,NA,Hacienda Copey,NA,NA,88.62,success,NA,NA,NA,NA,"$27,457.30",NA,NA,NA,NA,NA,NA,NA,NA,NA,"TAOCA COFFEE, REC COFFEE",NA,NA,NA,NA,NA,NA,NA,NA,NA,NA,NA,NA,NA,NA,NA,NA,NA,NA,NA,NA,NA,NA,NA,NA,NA,$760.59,$36.10,NA,NA,NA,NA,NA,NA,NA,NA,NA,NA,NA,NA,NA,NA,NA,NA,NA,NA,NA,NA,NA,NA,NA,NA,NA,NA,NA,NA,NA,NA,NA,NA,NA,NA,NA
Costa Rica,2024,COE,auction,Traditional Honey & Natural Processes,https://allianceforcoffeeexcellence.org/costa-rica-2024/,5,11,NA,El Cedro – Hacienda San Isidro Labrador,NA,NA,88.58,success,NA,NA,NA,NA,"$24,838.27",NA,NA,NA,NA,NA,NA,NA,NA,NA,CHG（手多多咖啡）& BEAM Specialty (MAS)、Fisher Coffee、有容乃大Small Arms Big Heart、武汉铜山里、珈琲豆专门店、il gatto coffee意咖多咖啡、浙江咖豆咖啡有限公司、ALWAYS COFFEE、余温手冲咖啡屋 auctioned by Ecofarm Coffee (China),NA,NA,NA,NA,NA,NA,NA,NA,NA,NA,NA,NA,NA,NA,NA,NA,NA,NA,NA,NA,NA,NA,NA,NA,NA,"$1,223.56",$20.30,NA,NA,NA,NA,NA,NA,NA,NA,NA,NA,NA,NA,NA,NA,NA,NA,NA,NA,NA,NA,NA,NA,NA,NA,NA,NA,NA,NA,NA,NA,NA,NA,NA,NA,NA
Costa Rica,2024,COE,auction,Traditional Honey & Natural Processes,https://allianceforcoffeeexcellence.org/costa-rica-2024/,5,12,NA,Pie San,NA,NA,88.42,success,NA,NA,NA,NA,"$11,713.09",NA,NA,NA,NA,NA,NA,NA,NA,NA,NOZY COFFEE,NA,NA,NA,NA,NA,NA,NA,NA,NA,NA,NA,NA,NA,NA,NA,NA,NA,NA,NA,NA,NA,NA,NA,NA,NA,$760.59,$15.40,NA,NA,NA,NA,NA,NA,NA,NA,NA,NA,NA,NA,NA,NA,NA,NA,NA,NA,NA,NA,NA,NA,NA,NA,NA,NA,NA,NA,NA,NA,NA,NA,NA,NA,NA
Costa Rica,2024,COE,auction,Traditional Honey & Natural Processes,https://allianceforcoffeeexcellence.org/costa-rica-2024/,5,13,NA,El Chizo,NA,NA,88.35,success,NA,NA,NA,NA,"$13,839.49",NA,NA,NA,NA,NA,NA,NA,NA,NA,AG COFFEE,NA,NA,NA,NA,NA,NA,NA,NA,NA,NA,NA,NA,NA,NA,NA,NA,NA,NA,NA,NA,NA,NA,NA,NA,NA,$892.87,$15.50,NA,NA,NA,NA,NA,NA,NA,NA,NA,NA,NA,NA,NA,NA,NA,NA,NA,NA,NA,NA,NA,NA,NA,NA,NA,NA,NA,NA,NA,NA,NA,NA,NA,NA,NA
Costa Rica,2024,COE,auction,Traditional Honey & Natural Processes,https://allianceforcoffeeexcellence.org/costa-rica-2024/,5,14,NA,Las Nubes,NA,NA,88.35,success,NA,NA,NA,NA,"$11,180.81",NA,NA,NA,NA,NA,NA,NA,NA,NA,elbgold Röstkaffee GmbH,NA,NA,NA,NA,NA,NA,NA,NA,NA,NA,NA,NA,NA,NA,NA,NA,NA,NA,NA,NA,NA,NA,NA,NA,NA,$694.46,$16.10,NA,NA,NA,NA,NA,NA,NA,NA,NA,NA,NA,NA,NA,NA,NA,NA,NA,NA,NA,NA,NA,NA,NA,NA,NA,NA,NA,NA,NA,NA,NA,NA,NA,NA,NA
Costa Rica,2024,COE,auction,Traditional Honey & Natural Processes,https://allianceforcoffeeexcellence.org/costa-rica-2024/,5,15,NA,Don Mayo La Loma,NA,NA,88.35,success,NA,NA,NA,NA,"$20,040.12",NA,NA,NA,NA,NA,NA,NA,NA,NA,Takamura Coffee Roasters by Marukai.,NA,NA,NA,NA,NA,NA,NA,NA,NA,NA,NA,NA,NA,NA,NA,NA,NA,NA,NA,NA,NA,NA,NA,NA,NA,$661.39,$30.30,NA,NA,NA,NA,NA,NA,NA,NA,NA,NA,NA,NA,NA,NA,NA,NA,NA,NA,NA,NA,NA,NA,NA,NA,NA,NA,NA,NA,NA,NA,NA,NA,NA,NA,NA
Costa Rica,2024,COE,auction,Traditional Honey & Natural Processes,https://allianceforcoffeeexcellence.org/costa-rica-2024/,5,16,NA,Finca Voo,NA,NA,88.31,success,NA,NA,NA,NA,"$9,550.46",NA,NA,NA,NA,NA,NA,NA,NA,NA,"Wataru & Co., Ltd.",NA,NA,NA,NA,NA,NA,NA,NA,NA,NA,NA,NA,NA,NA,NA,NA,NA,NA,NA,NA,NA,NA,NA,NA,NA,$628.32,$15.20,NA,NA,NA,NA,NA,NA,NA,NA,NA,NA,NA,NA,NA,NA,NA,NA,NA,NA,NA,NA,NA,NA,NA,NA,NA,NA,NA,NA,NA,NA,NA,NA,NA,NA,NA
Costa Rica,2024,COE,auction,Experimental,https://allianceforcoffeeexcellence.org/costa-rica-2024/,6,1A,NA,Finca Voo,NA,NA,91.19,success,NA,NA,NA,NA,"$11,759.69",NA,NA,NA,NA,NA,NA,NA,NA,NA,Fadie Sasaguri Roastery Corporation,NA,NA,NA,NA,NA,NA,NA,NA,NA,NA,NA,NA,NA,NA,NA,NA,NA,NA,NA,NA,NA,NA,NA,NA,NA,231.49,$50.80,NA,NA,NA,NA,NA,NA,NA,NA,NA,NA,NA,NA,NA,NA,NA,NA,NA,NA,NA,NA,NA,NA,NA,NA,NA,NA,NA,NA,NA,NA,NA,NA,NA,NA,NA
Costa Rica,2024,COE,auction,Experimental,https://allianceforcoffeeexcellence.org/costa-rica-2024/,6,1B,NA,Finca Voo,NA,NA,91.19,success,NA,NA,NA,NA,"$13,756.60",NA,NA,NA,NA,NA,NA,NA,NA,NA,AL QAHWA AL ARABIAH,NA,NA,NA,NA,NA,NA,NA,NA,NA,NA,NA,NA,NA,NA,NA,NA,NA,NA,NA,NA,NA,NA,NA,NA,NA,264.55,$52.00,NA,NA,NA,NA,NA,NA,NA,NA,NA,NA,NA,NA,NA,NA,NA,NA,NA,NA,NA,NA,NA,NA,NA,NA,NA,NA,NA,NA,NA,NA,NA,NA,NA,NA,NA
Costa Rica,2024,COE,auction,Experimental,https://allianceforcoffeeexcellence.org/costa-rica-2024/,6,2,NA,Don Dario – Hacienda San Isidro Labrador,NA,NA,90.81,success,NA,NA,NA,NA,"$23,333.69",NA,NA,NA,NA,NA,NA,NA,NA,NA,"C&B coffee roasters, Blossom Valley东莞市宸峄贸易有限公司, 厦门野豆咖啡, OONEX, 不精品咖啡协会 , 捌比特咖啡",NA,NA,NA,NA,NA,NA,NA,NA,NA,NA,NA,NA,NA,NA,NA,NA,NA,NA,NA,NA,NA,NA,NA,NA,NA,925.94,$25.20,NA,NA,NA,NA,NA,NA,NA,NA,NA,NA,NA,NA,NA,NA,NA,NA,NA,NA,NA,NA,NA,NA,NA,NA,NA,NA,NA,NA,NA,NA,NA,NA,NA,NA,NA
Costa Rica,2024,COE,auction,Experimental,https://allianceforcoffeeexcellence.org/costa-rica-2024/,6,3,NA,Monte Llano Bonito El Kinkajou,NA,NA,90.42,success,NA,NA,NA,NA,"$12,321.56",NA,NA,NA,NA,NA,NA,NA,NA,NA,"Coffee Me Up (Korea), Coffee Therapy (Thailand), Little City Coffee Roasters, Bean and Bean Coffee (NYC), Coffee Montage, PANDORA COFFEE ROASTERS",NA,NA,NA,NA,NA,NA,NA,NA,NA,NA,NA,NA,NA,NA,NA,NA,NA,NA,NA,NA,NA,NA,NA,NA,NA,760.59,$16.20,NA,NA,NA,NA,NA,NA,NA,NA,NA,NA,NA,NA,NA,NA,NA,NA,NA,NA,NA,NA,NA,NA,NA,NA,NA,NA,NA,NA,NA,NA,NA,NA,NA,NA,NA
Costa Rica,2024,COE,auction,Experimental,https://allianceforcoffeeexcellence.org/costa-rica-2024/,6,4,NA,Fcj Volcan Azul,NA,NA,90.08,success,NA,NA,NA,NA,"$20,893.28",NA,NA,NA,NA,NA,NA,NA,NA,NA,karaz Albun,NA,NA,NA,NA,NA,NA,NA,NA,NA,NA,NA,NA,NA,NA,NA,NA,NA,NA,NA,NA,NA,NA,NA,NA,NA,595.25,$35.10,NA,NA,NA,NA,NA,NA,NA,NA,NA,NA,NA,NA,NA,NA,NA,NA,NA,NA,NA,NA,NA,NA,NA,NA,NA,NA,NA,NA,NA,NA,NA,NA,NA,NA,NA
Costa Rica,2024,COE,auction,Experimental,https://allianceforcoffeeexcellence.org/costa-rica-2024/,6,5,NA,El Bosque Geisha,NA,NA,88.62,success,NA,NA,NA,NA,"$13,293.94",NA,NA,NA,NA,NA,NA,NA,NA,NA,"GSC International Co., Ltd",NA,NA,NA,NA,NA,NA,NA,NA,NA,NA,NA,NA,NA,NA,NA,NA,NA,NA,NA,NA,NA,NA,NA,NA,NA,661.39,$20.10,NA,NA,NA,NA,NA,NA,NA,NA,NA,NA,NA,NA,NA,NA,NA,NA,NA,NA,NA,NA,NA,NA,NA,NA,NA,NA,NA,NA,NA,NA,NA,NA,NA,NA,NA
Costa Rica,2024,COE,auction,Experimental,https://allianceforcoffeeexcellence.org/costa-rica-2024/,6,6,NA,Fcj Volcan Azul – Cipresal,NA,NA,87.58,success,NA,NA,NA,NA,"$10,119.25",NA,NA,NA,NA,NA,NA,NA,NA,NA,Brew92,NA,NA,NA,NA,NA,NA,NA,NA,NA,NA,NA,NA,NA,NA,NA,NA,NA,NA,NA,NA,NA,NA,NA,NA,NA,595.25,$17.00,NA,NA,NA,NA,NA,NA,NA,NA,NA,NA,NA,NA,NA,NA,NA,NA,NA,NA,NA,NA,NA,NA,NA,NA,NA,NA,NA,NA,NA,NA,NA,NA,NA,NA,NA
Costa Rica,2024,NW,auction,Traditional Honey & Natural Processes,https://allianceforcoffeeexcellence.org/costa-rica-2024/,8,NW,NA,Aquiares Estate,NA,NA,87.42,success,NA,NA,NA,NA,"$6,746.11",NA,NA,NA,NA,NA,NA,NA,NA,NA,Slope Roastery,NA,NA,NA,NA,NA,NA,NA,NA,NA,NA,NA,NA,NA,NA,NA,NA,NA,NA,NA,NA,NA,NA,NA,NA,NA,793.66,$8.50,NA,NA,NA,NA,NA,NA,NA,NA,NA,NA,NA,NA,NA,NA,NA,NA,NA,NA,NA,NA,NA,NA,NA,NA,NA,NA,NA,NA,NA,NA,NA,NA,NA,NA,NA
Costa Rica,2025,COE,auction,Traditional Washed Processes,https://allianceforcoffeeexcellence.org/costa-rica-2025/,4,1A,NA,NA,NA,NA,"90,63",success,NA,NA,NA,NA,$26554.41,NA,NA,NA,NA,NA,Vista Paraiso,NA,NA,NA,NA,NA,NA,NA,NA,NA,NA,NA,NA,NA,NA,NA,NA,NA,NA,NA,NA,NA,NA,NA,NA,NA,NA,NA,NA,NA,NA,NA,NA,NA,NA,NA,NA,NA,330.69lbs,$80.30/lb,NA,NA,NA,NA,NA,"YN coffee for Beanner Coffee(China), Taste Trigger Limited (Hongkong), AllYouWant Coffee (China), Superbeans Import 超级豆子(China), Coffee Me Up Coffee(Korea)",NA,NA,NA,NA,NA,NA,NA,NA,NA,NA,NA,NA,NA,NA,NA,NA,NA,NA,NA,NA,NA
Costa Rica,2025,COE,auction,Traditional Washed Processes,https://allianceforcoffeeexcellence.org/costa-rica-2025/,4,1B,NA,NA,NA,NA,"90,63",success,NA,NA,NA,NA,$21216.91,NA,NA,NA,NA,NA,Vista Paraiso,NA,NA,NA,NA,NA,NA,NA,NA,NA,NA,NA,NA,NA,NA,NA,NA,NA,NA,NA,NA,NA,NA,NA,NA,NA,NA,NA,NA,NA,NA,NA,NA,NA,NA,NA,NA,NA,264.55lbs,$80.20/lb,NA,NA,NA,NA,NA,nam·e Coffee Roaster、Whisper’s Taste饕選咖啡、GeeCoffee、CHG（手多多咖啡）、FISHER COFFEE啡舍 bid by Ecofarm Coffee (China),NA,NA,NA,NA,NA,NA,NA,NA,NA,NA,NA,NA,NA,NA,NA,NA,NA,NA,NA,NA,NA
Costa Rica,2025,COE,auction,Traditional Washed Processes,https://allianceforcoffeeexcellence.org/costa-rica-2025/,4,2,NA,NA,NA,NA,"90,09",success,NA,NA,NA,NA,$20992.28,NA,NA,NA,NA,NA,Volcan Azul Hacienda Colima,NA,NA,NA,NA,NA,NA,NA,NA,NA,NA,NA,NA,NA,NA,NA,NA,NA,NA,NA,NA,NA,NA,NA,NA,NA,NA,NA,NA,NA,NA,NA,NA,NA,NA,NA,NA,NA,760.59lbs,$27.60/lb,NA,NA,NA,NA,NA,"0566 珈琲製作所/ 0566 COFFEE 、FISHER COFFEE啡舍、中国武汉铜山里TONGSHANLI COFFEE、有容乃大Small Arms Big Heart、Title coffee、Whisper’s Taste饕選咖啡、穷学生小李LL Roastery&青逸贸易QingYi Trading Co., Ltd bid by Ecofarm Coffee (China)",NA,NA,NA,NA,NA,NA,NA,NA,NA,NA,NA,NA,NA,NA,NA,NA,NA,NA,NA,NA,NA
Costa Rica,2025,COE,auction,Traditional Washed Processes,https://allianceforcoffeeexcellence.org/costa-rica-2025/,4,3,NA,NA,NA,NA,"89,59",success,NA,NA,NA,NA,$24537.57,NA,NA,NA,NA,NA,La Torre,NA,NA,NA,NA,NA,NA,NA,NA,NA,NA,NA,NA,NA,NA,NA,NA,NA,NA,NA,NA,NA,NA,NA,NA,NA,NA,NA,NA,NA,NA,NA,NA,NA,NA,NA,NA,NA,661.39lbs,$37.10/lb,NA,NA,NA,NA,NA,GESHARY COFFEE,NA,NA,NA,NA,NA,NA,NA,NA,NA,NA,NA,NA,NA,NA,NA,NA,NA,NA,NA,NA,NA
Costa Rica,2025,COE,auction,Traditional Washed Processes,https://allianceforcoffeeexcellence.org/costa-rica-2025/,4,4,NA,NA,NA,NA,"88,81",success,NA,NA,NA,NA,$13690.70,NA,NA,NA,NA,NA,Kizuna,NA,NA,NA,NA,NA,NA,NA,NA,NA,NA,NA,NA,NA,NA,NA,NA,NA,NA,NA,NA,NA,NA,NA,NA,NA,NA,NA,NA,NA,NA,NA,NA,NA,NA,NA,NA,NA,496.04lbs,$27.60/lb,NA,NA,NA,NA,NA,NOZY COFFEE,NA,NA,NA,NA,NA,NA,NA,NA,NA,NA,NA,NA,NA,NA,NA,NA,NA,NA,NA,NA,NA
Costa Rica,2025,COE,auction,Traditional Washed Processes,https://allianceforcoffeeexcellence.org/costa-rica-2025/,4,5,NA,NA,NA,NA,"88,78",success,NA,NA,NA,NA,$22969.82,NA,NA,NA,NA,NA,Don Joaquin,NA,NA,NA,NA,NA,NA,NA,NA,NA,NA,NA,NA,NA,NA,NA,NA,NA,NA,NA,NA,NA,NA,NA,NA,NA,NA,NA,NA,NA,NA,NA,NA,NA,NA,NA,NA,NA,760.59lbs,$30.20/lb,NA,NA,NA,NA,NA,Brew92 Cafe & Roastery,NA,NA,NA,NA,NA,NA,NA,NA,NA,NA,NA,NA,NA,NA,NA,NA,NA,NA,NA,NA,NA
Costa Rica,2025,COE,auction,Traditional Washed Processes,https://allianceforcoffeeexcellence.org/costa-rica-2025/,4,6,NA,NA,NA,NA,"88,66",success,NA,NA,NA,NA,$22133.17,NA,NA,NA,NA,NA,El Cedro,NA,NA,NA,NA,NA,NA,NA,NA,NA,NA,NA,NA,NA,NA,NA,NA,NA,NA,NA,NA,NA,NA,NA,NA,NA,NA,NA,NA,NA,NA,NA,NA,NA,NA,NA,NA,NA,760.59lbs,$29.10/lb,NA,NA,NA,NA,NA,Angelino’s Coffee,NA,NA,NA,NA,NA,NA,NA,NA,NA,NA,NA,NA,NA,NA,NA,NA,NA,NA,NA,NA,NA
Costa Rica,2025,COE,auction,Traditional Washed Processes,https://allianceforcoffeeexcellence.org/costa-rica-2025/,4,7,NA,NA,NA,NA,"88,63",success,NA,NA,NA,NA,$21068.34,NA,NA,NA,NA,NA,Santa Teresa,NA,NA,NA,NA,NA,NA,NA,NA,NA,NA,NA,NA,NA,NA,NA,NA,NA,NA,NA,NA,NA,NA,NA,NA,NA,NA,NA,NA,NA,NA,NA,NA,NA,NA,NA,NA,NA,760.59lbs,$27.70/lb,NA,NA,NA,NA,NA,"Prodigal Coffee, Idle Hands Roasting Co.",NA,NA,NA,NA,NA,NA,NA,NA,NA,NA,NA,NA,NA,NA,NA,NA,NA,NA,NA,NA,NA
Costa Rica,2025,COE,auction,Traditional Washed Processes,https://allianceforcoffeeexcellence.org/costa-rica-2025/,4,8,NA,NA,NA,NA,"87,53",success,NA,NA,NA,NA,$23357.72,NA,NA,NA,NA,NA,Hacienda Copey – Itadaki,NA,NA,NA,NA,NA,NA,NA,NA,NA,NA,NA,NA,NA,NA,NA,NA,NA,NA,NA,NA,NA,NA,NA,NA,NA,NA,NA,NA,NA,NA,NA,NA,NA,NA,NA,NA,NA,760.59lbs,$30.71/lb,NA,NA,NA,NA,NA,"REC COFFEE, TAOCA COFFEE, GESHARY COFFEE",NA,NA,NA,NA,NA,NA,NA,NA,NA,NA,NA,NA,NA,NA,NA,NA,NA,NA,NA,NA,NA
Costa Rica,2025,COE,auction,Traditional Washed Processes,https://allianceforcoffeeexcellence.org/costa-rica-2025/,4,9,NA,NA,NA,NA,"87,5",success,NA,NA,NA,NA,$23125.28,NA,NA,NA,NA,NA,Emanuel,NA,NA,NA,NA,NA,NA,NA,NA,NA,NA,NA,NA,NA,NA,NA,NA,NA,NA,NA,NA,NA,NA,NA,NA,NA,NA,NA,NA,NA,NA,NA,NA,NA,NA,NA,NA,NA,"1,223.56lbs",$18.90/lb,NA,NA,NA,NA,NA,honu加藤珈琲店株式会社,NA,NA,NA,NA,NA,NA,NA,NA,NA,NA,NA,NA,NA,NA,NA,NA,NA,NA,NA,NA,NA
Costa Rica,2025,COE,auction,Traditional Washed Processes,https://allianceforcoffeeexcellence.org/costa-rica-2025/,4,10,NA,NA,NA,NA,"87,22",success,NA,NA,NA,NA,$10972.39,NA,NA,NA,NA,NA,La Pastora – Don Eli,NA,NA,NA,NA,NA,NA,NA,NA,NA,NA,NA,NA,NA,NA,NA,NA,NA,NA,NA,NA,NA,NA,NA,NA,NA,NA,NA,NA,NA,NA,NA,NA,NA,NA,NA,NA,NA,462.97lbs,$23.70/lb,NA,NA,NA,NA,NA,"GSC International Co., Ltd.",NA,NA,NA,NA,NA,NA,NA,NA,NA,NA,NA,NA,NA,NA,NA,NA,NA,NA,NA,NA,NA
Costa Rica,2025,COE,auction,Traditional Honey & Natural Processes,https://allianceforcoffeeexcellence.org/costa-rica-2025/,5,1A,NA,NA,NA,NA,"91,22",success,NA,NA,NA,NA,$36111.53,NA,NA,NA,NA,NA,La Cusuka,NA,NA,NA,NA,NA,NA,NA,NA,NA,NA,NA,NA,NA,NA,NA,NA,NA,NA,NA,NA,NA,NA,NA,NA,NA,NA,NA,NA,NA,NA,NA,NA,NA,NA,NA,NA,NA,396.83lbs,$91.00/lb,NA,NA,NA,NA,NA,Black Knight,NA,NA,NA,NA,NA,NA,NA,NA,NA,NA,NA,NA,NA,NA,NA,NA,NA,NA,NA,NA,NA
Costa Rica,2025,COE,auction,Traditional Honey & Natural Processes,https://allianceforcoffeeexcellence.org/costa-rica-2025/,5,1B,NA,NA,NA,NA,"91,22",success,NA,NA,NA,NA,$29927.45,NA,NA,NA,NA,NA,La Cusuka,NA,NA,NA,NA,NA,NA,NA,NA,NA,NA,NA,NA,NA,NA,NA,NA,NA,NA,NA,NA,NA,NA,NA,NA,NA,NA,NA,NA,NA,NA,NA,NA,NA,NA,NA,NA,NA,330.69lbs,$90.50/lb,NA,NA,NA,NA,NA,TRUTH ROASTERY,NA,NA,NA,NA,NA,NA,NA,NA,NA,NA,NA,NA,NA,NA,NA,NA,NA,NA,NA,NA,NA
Costa Rica,2025,COE,auction,Traditional Honey & Natural Processes,https://allianceforcoffeeexcellence.org/costa-rica-2025/,5,2,NA,NA,NA,NA,"89,72",success,NA,NA,NA,NA,$13981.69,NA,NA,NA,NA,NA,Hsil – Arcoiris,NA,NA,NA,NA,NA,NA,NA,NA,NA,NA,NA,NA,NA,NA,NA,NA,NA,NA,NA,NA,NA,NA,NA,NA,NA,NA,NA,NA,NA,NA,NA,NA,NA,NA,NA,NA,NA,462.97lbs,$30.20/lb,NA,NA,NA,NA,NA,DECAMERON COFFEE 十日谈,NA,NA,NA,NA,NA,NA,NA,NA,NA,NA,NA,NA,NA,NA,NA,NA,NA,NA,NA,NA,NA
Costa Rica,2025,COE,auction,Traditional Honey & Natural Processes,https://allianceforcoffeeexcellence.org/costa-rica-2025/,5,3,NA,NA,NA,NA,"89,53",success,NA,NA,NA,NA,$21031.99,NA,NA,NA,NA,NA,Don Cayito,NA,NA,NA,NA,NA,NA,NA,NA,NA,NA,NA,NA,NA,NA,NA,NA,NA,NA,NA,NA,NA,NA,NA,NA,NA,NA,NA,NA,NA,NA,NA,NA,NA,NA,NA,NA,NA,793.66lbs,$26.50/lb,NA,NA,NA,NA,NA,"Blossom Valley Intl, TWO HANDS FULL (Indonesia), Little Whale Coffee, Citric meets Malic, GABEE COFFEE, E.R. CORPORATION(이알코퍼레이션), Artisan Roast Ltd, GLITCH COFFEE&ROASTERS, S.O.E COFFEE",NA,NA,NA,NA,NA,NA,NA,NA,NA,NA,NA,NA,NA,NA,NA,NA,NA,NA,NA,NA,NA
Costa Rica,2025,COE,auction,Traditional Honey & Natural Processes,https://allianceforcoffeeexcellence.org/costa-rica-2025/,5,4,NA,NA,NA,NA,"89,5",success,NA,NA,NA,NA,$14755.45,NA,NA,NA,NA,NA,El Centro,NA,NA,NA,NA,NA,NA,NA,NA,NA,NA,NA,NA,NA,NA,NA,NA,NA,NA,NA,NA,NA,NA,NA,NA,NA,NA,NA,NA,NA,NA,NA,NA,NA,NA,NA,NA,NA,760.59lbs,$19.40/lb,NA,NA,NA,NA,NA,Brew92 Cafe & Roastery,NA,NA,NA,NA,NA,NA,NA,NA,NA,NA,NA,NA,NA,NA,NA,NA,NA,NA,NA,NA,NA
Costa Rica,2025,COE,auction,Traditional Honey & Natural Processes,https://allianceforcoffeeexcellence.org/costa-rica-2025/,5,5,NA,NA,NA,NA,"89,47",success,NA,NA,NA,NA,$45761.14,NA,NA,NA,NA,NA,La Bandera,NA,NA,NA,NA,NA,NA,NA,NA,NA,NA,NA,NA,NA,NA,NA,NA,NA,NA,NA,NA,NA,NA,NA,NA,NA,NA,NA,NA,NA,NA,NA,NA,NA,NA,NA,NA,NA,"1,223.56lbs",$37.40/lb,NA,NA,NA,NA,NA,Black Knight,NA,NA,NA,NA,NA,NA,NA,NA,NA,NA,NA,NA,NA,NA,NA,NA,NA,NA,NA,NA,NA
Costa Rica,2025,COE,auction,Traditional Honey & Natural Processes,https://allianceforcoffeeexcellence.org/costa-rica-2025/,5,6,NA,NA,NA,NA,"88,66",success,NA,NA,NA,NA,$24911.13,NA,NA,NA,NA,NA,La Isla,NA,NA,NA,NA,NA,NA,NA,NA,NA,NA,NA,NA,NA,NA,NA,NA,NA,NA,NA,NA,NA,NA,NA,NA,NA,NA,NA,NA,NA,NA,NA,NA,NA,NA,NA,NA,NA,992.08lbs,$25.11/lb,NA,NA,NA,NA,NA,Terarosa (Haksan Co.Ltd),NA,NA,NA,NA,NA,NA,NA,NA,NA,NA,NA,NA,NA,NA,NA,NA,NA,NA,NA,NA,NA
Costa Rica,2025,COE,auction,Traditional Honey & Natural Processes,https://allianceforcoffeeexcellence.org/costa-rica-2025/,5,7,NA,NA,NA,NA,"88,63",success,NA,NA,NA,NA,$17437.89,NA,NA,NA,NA,NA,Las Nubes,NA,NA,NA,NA,NA,NA,NA,NA,NA,NA,NA,NA,NA,NA,NA,NA,NA,NA,NA,NA,NA,NA,NA,NA,NA,NA,NA,NA,NA,NA,NA,NA,NA,NA,NA,NA,NA,694.46lbs,$25.11/lb,NA,NA,NA,NA,NA,"CAMEL COFFEE CO.,LTD. (KALDI COFFEE FARM)",NA,NA,NA,NA,NA,NA,NA,NA,NA,NA,NA,NA,NA,NA,NA,NA,NA,NA,NA,NA,NA
Costa Rica,2025,COE,auction,Traditional Honey & Natural Processes,https://allianceforcoffeeexcellence.org/costa-rica-2025/,5,8,NA,NA,NA,NA,"88,47",success,NA,NA,NA,NA,$10449.96,NA,NA,NA,NA,NA,Leoncio,NA,NA,NA,NA,NA,NA,NA,NA,NA,NA,NA,NA,NA,NA,NA,NA,NA,NA,NA,NA,NA,NA,NA,NA,NA,NA,NA,NA,NA,NA,NA,NA,NA,NA,NA,NA,NA,661.39lbs,$15.80/lb,NA,NA,NA,NA,NA,"Wataru & Co., Ltd.",NA,NA,NA,NA,NA,NA,NA,NA,NA,NA,NA,NA,NA,NA,NA,NA,NA,NA,NA,NA,NA
Costa Rica,2025,COE,auction,Traditional Honey & Natural Processes,https://allianceforcoffeeexcellence.org/costa-rica-2025/,5,9,NA,NA,NA,NA,"88,28",success,NA,NA,NA,NA,$11666.90,NA,NA,NA,NA,NA,La Torre,NA,NA,NA,NA,NA,NA,NA,NA,NA,NA,NA,NA,NA,NA,NA,NA,NA,NA,NA,NA,NA,NA,NA,NA,NA,NA,NA,NA,NA,NA,NA,NA,NA,NA,NA,NA,NA,595.25lbs,$19.60/lb,NA,NA,NA,NA,NA,slope roastery,NA,NA,NA,NA,NA,NA,NA,NA,NA,NA,NA,NA,NA,NA,NA,NA,NA,NA,NA,NA,NA
Costa Rica,2025,COE,auction,Traditional Honey & Natural Processes,https://allianceforcoffeeexcellence.org/costa-rica-2025/,5,10,NA,NA,NA,NA,"88,13",success,NA,NA,NA,NA,$42212.82,NA,NA,NA,NA,NA,El Cusuco,NA,NA,NA,NA,NA,NA,NA,NA,NA,NA,NA,NA,NA,NA,NA,NA,NA,NA,NA,NA,NA,NA,NA,NA,NA,NA,NA,NA,NA,NA,NA,NA,NA,NA,NA,NA,NA,"1,223.56lbs",$34.50/lb,NA,NA,NA,NA,NA,Sulalat,NA,NA,NA,NA,NA,NA,NA,NA,NA,NA,NA,NA,NA,NA,NA,NA,NA,NA,NA,NA,NA
Costa Rica,2025,COE,auction,Experimental,https://allianceforcoffeeexcellence.org/costa-rica-2025/,6,1A,NA,NA,NA,NA,"90,47",success,NA,NA,NA,NA,$27063.81,NA,NA,NA,NA,NA,Finca Voo,NA,NA,NA,NA,NA,NA,NA,NA,NA,NA,NA,NA,NA,NA,NA,NA,NA,NA,NA,NA,NA,NA,NA,NA,NA,NA,NA,NA,NA,NA,NA,NA,NA,NA,NA,NA,NA,396.83lbs,$68.20/lb,NA,NA,NA,NA,NA,"Saerin co.,Ltd (MOGIPOGROUND)",NA,NA,NA,NA,NA,NA,NA,NA,NA,NA,NA,NA,NA,NA,NA,NA,NA,NA,NA,NA,NA
Costa Rica,2025,COE,auction,Experimental,https://allianceforcoffeeexcellence.org/costa-rica-2025/,6,1B,NA,NA,NA,NA,"90,47",success,NA,NA,NA,NA,$23181.37,NA,NA,NA,NA,NA,Finca Voo,NA,NA,NA,NA,NA,NA,NA,NA,NA,NA,NA,NA,NA,NA,NA,NA,NA,NA,NA,NA,NA,NA,NA,NA,NA,NA,NA,NA,NA,NA,NA,NA,NA,NA,NA,NA,NA,330.69lbs,$70.10/lb,NA,NA,NA,NA,NA,"Wolfing Coffee, 北京深浅白贸易有限公司（BEIJING DEEP LIGHT WHITE TRADING CO .LTD, 武咖骑士（CHIVALROAST), 王子辰（Victor), 何浚豪（ADAN）",NA,NA,NA,NA,NA,NA,NA,NA,NA,NA,NA,NA,NA,NA,NA,NA,NA,NA,NA,NA,NA
Costa Rica,2025,COE,auction,Experimental,https://allianceforcoffeeexcellence.org/costa-rica-2025/,6,2,NA,NA,NA,NA,"89,88",success,NA,NA,NA,NA,$20370.56,NA,NA,NA,NA,NA,La Corona,NA,NA,NA,NA,NA,NA,NA,NA,NA,NA,NA,NA,NA,NA,NA,NA,NA,NA,NA,NA,NA,NA,NA,NA,NA,NA,NA,NA,NA,NA,NA,NA,NA,NA,NA,NA,NA,727.52lbs,$28.00/lb,NA,NA,NA,NA,NA,Ghost Roasters,NA,NA,NA,NA,NA,NA,NA,NA,NA,NA,NA,NA,NA,NA,NA,NA,NA,NA,NA,NA,NA
Costa Rica,2025,COE,auction,Experimental,https://allianceforcoffeeexcellence.org/costa-rica-2025/,6,3,NA,NA,NA,NA,"89,59",success,NA,NA,NA,NA,$14560.46,NA,NA,NA,NA,NA,Hsil – Don Dario,NA,NA,NA,NA,NA,NA,NA,NA,NA,NA,NA,NA,NA,NA,NA,NA,NA,NA,NA,NA,NA,NA,NA,NA,NA,NA,NA,NA,NA,NA,NA,NA,NA,NA,NA,NA,NA,562.18lbs,$25.90/lb,NA,NA,NA,NA,NA,WOLF ROASTERY,NA,NA,NA,NA,NA,NA,NA,NA,NA,NA,NA,NA,NA,NA,NA,NA,NA,NA,NA,NA,NA
Costa Rica,2025,COE,auction,Experimental,https://allianceforcoffeeexcellence.org/costa-rica-2025/,6,4,NA,NA,NA,NA,"88,94",success,NA,NA,NA,NA,$17870.64,NA,NA,NA,NA,NA,Don Joel,NA,NA,NA,NA,NA,NA,NA,NA,NA,NA,NA,NA,NA,NA,NA,NA,NA,NA,NA,NA,NA,NA,NA,NA,NA,NA,NA,NA,NA,NA,NA,NA,NA,NA,NA,NA,NA,925.94lbs,$19.30/lb,NA,NA,NA,NA,NA,"Wataru & Co., Ltd.",NA,NA,NA,NA,NA,NA,NA,NA,NA,NA,NA,NA,NA,NA,NA,NA,NA,NA,NA,NA,NA
Costa Rica,2025,COE,auction,Experimental,https://allianceforcoffeeexcellence.org/costa-rica-2025/,6,5,NA,NA,NA,NA,"88,59",success,NA,NA,NA,NA,$16732.98,NA,NA,NA,NA,NA,El Burio,NA,NA,NA,NA,NA,NA,NA,NA,NA,NA,NA,NA,NA,NA,NA,NA,NA,NA,NA,NA,NA,NA,NA,NA,NA,NA,NA,NA,NA,NA,NA,NA,NA,NA,NA,NA,NA,760.59lbs,$22.00/lb,NA,NA,NA,NA,NA,NOZY COFFEE,NA,NA,NA,NA,NA,NA,NA,NA,NA,NA,NA,NA,NA,NA,NA,NA,NA,NA,NA,NA,NA
Costa Rica,2025,COE,auction,Experimental,https://allianceforcoffeeexcellence.org/costa-rica-2025/,6,6,NA,NA,NA,NA,"88,44",success,NA,NA,NA,NA,$24414.94,NA,NA,NA,NA,NA,Bendición,NA,NA,NA,NA,NA,NA,NA,NA,NA,NA,NA,NA,NA,NA,NA,NA,NA,NA,NA,NA,NA,NA,NA,NA,NA,NA,NA,NA,NA,NA,NA,NA,NA,NA,NA,NA,NA,760.59lbs,$32.10/lb,NA,NA,NA,NA,NA,Caffe dal 1927 kft.,NA,NA,NA,NA,NA,NA,NA,NA,NA,NA,NA,NA,NA,NA,NA,NA,NA,NA,NA,NA,NA
Costa Rica,2025,COE,auction,Experimental,https://allianceforcoffeeexcellence.org/costa-rica-2025/,6,7,NA,NA,NA,NA,"88,13",success,NA,NA,NA,NA,$12473.68,NA,NA,NA,NA,NA,Los Pinos,NA,NA,NA,NA,NA,NA,NA,NA,NA,NA,NA,NA,NA,NA,NA,NA,NA,NA,NA,NA,NA,NA,NA,NA,NA,NA,NA,NA,NA,NA,NA,NA,NA,NA,NA,NA,NA,760.59lbs,$16.40/lb,NA,NA,NA,NA,NA,"Wataru & Co., Ltd.",NA,NA,NA,NA,NA,NA,NA,NA,NA,NA,NA,NA,NA,NA,NA,NA,NA,NA,NA,NA,NA
Costa Rica,2025,COE,auction,Experimental,https://allianceforcoffeeexcellence.org/costa-rica-2025/,6,8,NA,NA,NA,NA,"87,81",success,NA,NA,NA,NA,$13895.63,NA,NA,NA,NA,NA,Volcan Azul,NA,NA,NA,NA,NA,NA,NA,NA,NA,NA,NA,NA,NA,NA,NA,NA,NA,NA,NA,NA,NA,NA,NA,NA,NA,NA,NA,NA,NA,NA,NA,NA,NA,NA,NA,NA,NA,727.52lbs,$19.10/lb,NA,NA,NA,NA,NA,Brew92 Cafe & Roastery,NA,NA,NA,NA,NA,NA,NA,NA,NA,NA,NA,NA,NA,NA,NA,NA,NA,NA,NA,NA,NA
Costa Rica,2025,COE,auction,Experimental,https://allianceforcoffeeexcellence.org/costa-rica-2025/,6,9,NA,NA,NA,NA,"87,78",success,NA,NA,NA,NA,$15287.86,NA,NA,NA,NA,NA,Don Joaquin,NA,NA,NA,NA,NA,NA,NA,NA,NA,NA,NA,NA,NA,NA,NA,NA,NA,NA,NA,NA,NA,NA,NA,NA,NA,NA,NA,NA,NA,NA,NA,NA,NA,NA,NA,NA,NA,760.59lbs,$20.10/lb,NA,NA,NA,NA,NA,"Wataru & Co., Ltd.",NA,NA,NA,NA,NA,NA,NA,NA,NA,NA,NA,NA,NA,NA,NA,NA,NA,NA,NA,NA,NA
Costa Rica,2025,COE,auction,Experimental,https://allianceforcoffeeexcellence.org/costa-rica-2025/,6,10,NA,NA,NA,NA,"87,47",success,NA,NA,NA,NA,$15344.25,NA,NA,NA,NA,NA,Don Eli,NA,NA,NA,NA,NA,NA,NA,NA,NA,NA,NA,NA,NA,NA,NA,NA,NA,NA,NA,NA,NA,NA,NA,NA,NA,NA,NA,NA,NA,NA,NA,NA,NA,NA,NA,NA,NA,661.39lbs,$23.20/lb,NA,NA,NA,NA,NA,C&B coffee roasters,NA,NA,NA,NA,NA,NA,NA,NA,NA,NA,NA,NA,NA,NA,NA,NA,NA,NA,NA,NA,NA
Ecuador,2021,COE,auction,NA,https://allianceforcoffeeexcellence.org/ecuador-2021/,2,1a,NA,NA,NA,NA,90.39,success,NA,NA,NA,$97.10,"$19,266.58",NA,NA,NA,NA,NA,Arashi,NA,NA,198.42,GK Coffee (Taiwan 宜蘭 喝一杯健康的好咖啡/平安居咖啡民宿/海神咖啡）& Terra Bella Fine Roasted Coffee & Haru International Corporation,NA,NA,NA,NA,NA,NA,NA,NA,NA,NA,NA,NA,NA,NA,NA,NA,NA,NA,NA,NA,NA,NA,NA,NA,NA,NA,NA,NA,NA,NA,NA,NA,NA,NA,NA,NA,NA,NA,NA,NA,NA,NA,NA,NA,NA,NA,NA,NA,NA,NA,NA,NA,NA,NA,NA,NA,NA,NA,NA,NA,NA,NA
Ecuador,2021,COE,auction,NA,https://allianceforcoffeeexcellence.org/ecuador-2021/,2,1b,NA,NA,NA,NA,90.39,success,NA,NA,NA,$97.10,"$17,815.91",NA,NA,NA,NA,NA,Arashi,NA,NA,183.48,GK Coffee (Taiwan 宜蘭 喝一杯健康的好咖啡/平安居咖啡民宿/海神咖啡）& Terra Bella Fine Roasted Coffee & Haru International Corporation,NA,NA,NA,NA,NA,NA,NA,NA,NA,NA,NA,NA,NA,NA,NA,NA,NA,NA,NA,NA,NA,NA,NA,NA,NA,NA,NA,NA,NA,NA,NA,NA,NA,NA,NA,NA,NA,NA,NA,NA,NA,NA,NA,NA,NA,NA,NA,NA,NA,NA,NA,NA,NA,NA,NA,NA,NA,NA,NA,NA,NA,NA
Ecuador,2021,COE,auction,NA,https://allianceforcoffeeexcellence.org/ecuador-2021/,2,2,NA,NA,NA,NA,90.21,success,NA,NA,NA,$49.20,"$9,344.56",NA,NA,NA,NA,NA,El Aguacate,NA,NA,189.93,Orsir Coffee (Taiwan),NA,NA,NA,NA,NA,NA,NA,NA,NA,NA,NA,NA,NA,NA,NA,NA,NA,NA,NA,NA,NA,NA,NA,NA,NA,NA,NA,NA,NA,NA,NA,NA,NA,NA,NA,NA,NA,NA,NA,NA,NA,NA,NA,NA,NA,NA,NA,NA,NA,NA,NA,NA,NA,NA,NA,NA,NA,NA,NA,NA,NA,NA
Ecuador,2021,COE,auction,NA,https://allianceforcoffeeexcellence.org/ecuador-2021/,2,3a,NA,NA,NA,NA,90.07,success,NA,NA,NA,$75.10,"$14,901.34",NA,NA,NA,NA,NA,Alaska Del Sur,NA,NA,198.42,Cometeer & George Howell Coffee,NA,NA,NA,NA,NA,NA,NA,NA,NA,NA,NA,NA,NA,NA,NA,NA,NA,NA,NA,NA,NA,NA,NA,NA,NA,NA,NA,NA,NA,NA,NA,NA,NA,NA,NA,NA,NA,NA,NA,NA,NA,NA,NA,NA,NA,NA,NA,NA,NA,NA,NA,NA,NA,NA,NA,NA,NA,NA,NA,NA,NA,NA
Ecuador,2021,COE,auction,NA,https://allianceforcoffeeexcellence.org/ecuador-2021/,2,3b,NA,NA,NA,NA,90.07,success,NA,NA,NA,$76.50,"$11,698.38",NA,NA,NA,NA,NA,Alaska Del Sur,NA,NA,152.92,HARRODS,NA,NA,NA,NA,NA,NA,NA,NA,NA,NA,NA,NA,NA,NA,NA,NA,NA,NA,NA,NA,NA,NA,NA,NA,NA,NA,NA,NA,NA,NA,NA,NA,NA,NA,NA,NA,NA,NA,NA,NA,NA,NA,NA,NA,NA,NA,NA,NA,NA,NA,NA,NA,NA,NA,NA,NA,NA,NA,NA,NA,NA,NA
Ecuador,2021,COE,auction,NA,https://allianceforcoffeeexcellence.org/ecuador-2021/,2,4,NA,NA,NA,NA,89.71,success,NA,NA,NA,$33.40,"$10,552.73",NA,NA,NA,NA,NA,Santa Rita,NA,NA,315.95,Sarutahiko Coffee Inc.,NA,NA,NA,NA,NA,NA,NA,NA,NA,NA,NA,NA,NA,NA,NA,NA,NA,NA,NA,NA,NA,NA,NA,NA,NA,NA,NA,NA,NA,NA,NA,NA,NA,NA,NA,NA,NA,NA,NA,NA,NA,NA,NA,NA,NA,NA,NA,NA,NA,NA,NA,NA,NA,NA,NA,NA,NA,NA,NA,NA,NA,NA
Ecuador,2021,COE,auction,NA,https://allianceforcoffeeexcellence.org/ecuador-2021/,2,5,NA,NA,NA,NA,89.68,success,NA,NA,NA,$38.50,"$13,252.09",NA,NA,NA,NA,NA,Clara Luz,NA,NA,344.21,Latorre&Dutch (China) for Fisher Coffee / Cut Hand Group（剁手咖啡群）/ Taster’s Coffee / 啟程拓殖 (Terraform Coffee Roasters) / Small Arms Big Heart 有容乃大,NA,NA,NA,NA,NA,NA,NA,NA,NA,NA,NA,NA,NA,NA,NA,NA,NA,NA,NA,NA,NA,NA,NA,NA,NA,NA,NA,NA,NA,NA,NA,NA,NA,NA,NA,NA,NA,NA,NA,NA,NA,NA,NA,NA,NA,NA,NA,NA,NA,NA,NA,NA,NA,NA,NA,NA,NA,NA,NA,NA,NA,NA
Ecuador,2021,COE,auction,NA,https://allianceforcoffeeexcellence.org/ecuador-2021/,2,6,NA,NA,NA,NA,89.61,success,NA,NA,NA,$48.40,"$12,650.79",NA,NA,NA,NA,NA,Yamba Mine,NA,NA,261.38,"Coffee Me Up (Korea), Coffee Therapy (Thailand), Cuppingpost",NA,NA,NA,NA,NA,NA,NA,NA,NA,NA,NA,NA,NA,NA,NA,NA,NA,NA,NA,NA,NA,NA,NA,NA,NA,NA,NA,NA,NA,NA,NA,NA,NA,NA,NA,NA,NA,NA,NA,NA,NA,NA,NA,NA,NA,NA,NA,NA,NA,NA,NA,NA,NA,NA,NA,NA,NA,NA,NA,NA,NA,NA
Ecuador,2021,COE,auction,NA,https://allianceforcoffeeexcellence.org/ecuador-2021/,2,7,NA,NA,NA,NA,89.29,success,NA,NA,NA,$30.00,"$7,740.30",NA,NA,NA,NA,NA,Casa Rumisitana,NA,NA,258.01,Wataru for KARIOMONS COFFEE ROASTER,NA,NA,NA,NA,NA,NA,NA,NA,NA,NA,NA,NA,NA,NA,NA,NA,NA,NA,NA,NA,NA,NA,NA,NA,NA,NA,NA,NA,NA,NA,NA,NA,NA,NA,NA,NA,NA,NA,NA,NA,NA,NA,NA,NA,NA,NA,NA,NA,NA,NA,NA,NA,NA,NA,NA,NA,NA,NA,NA,NA,NA,NA
Ecuador,2021,COE,auction,NA,https://allianceforcoffeeexcellence.org/ecuador-2021/,2,8,NA,NA,NA,NA,89.11,success,NA,NA,NA,$43.10,"$11,499.94",NA,NA,NA,NA,NA,Lugmapata,NA,NA,266.82,NOZY COFFEE & Intelligentsia,NA,NA,NA,NA,NA,NA,NA,NA,NA,NA,NA,NA,NA,NA,NA,NA,NA,NA,NA,NA,NA,NA,NA,NA,NA,NA,NA,NA,NA,NA,NA,NA,NA,NA,NA,NA,NA,NA,NA,NA,NA,NA,NA,NA,NA,NA,NA,NA,NA,NA,NA,NA,NA,NA,NA,NA,NA,NA,NA,NA,NA,NA
Ecuador,2021,COE,auction,NA,https://allianceforcoffeeexcellence.org/ecuador-2021/,2,9,NA,NA,NA,NA,89,success,NA,NA,NA,$30.20,"$7,654.79",NA,NA,NA,NA,NA,El Arenal,NA,NA,253.47,"ETHICUS coffee roasters,
GLITCH COFFEE & ROASTERS,
LEAVES COFFEE ROASTERS,
WAVY COFFEE ROASTERS",NA,NA,NA,NA,NA,NA,NA,NA,NA,NA,NA,NA,NA,NA,NA,NA,NA,NA,NA,NA,NA,NA,NA,NA,NA,NA,NA,NA,NA,NA,NA,NA,NA,NA,NA,NA,NA,NA,NA,NA,NA,NA,NA,NA,NA,NA,NA,NA,NA,NA,NA,NA,NA,NA,NA,NA,NA,NA,NA,NA,NA,NA
Ecuador,2021,COE,auction,NA,https://allianceforcoffeeexcellence.org/ecuador-2021/,2,10,NA,NA,NA,NA,88.39,success,NA,NA,NA,$17.10,"$5,975.08",NA,NA,NA,NA,NA,Meridiano,NA,NA,349.42,"Wataru & Co., Ltd.",NA,NA,NA,NA,NA,NA,NA,NA,NA,NA,NA,NA,NA,NA,NA,NA,NA,NA,NA,NA,NA,NA,NA,NA,NA,NA,NA,NA,NA,NA,NA,NA,NA,NA,NA,NA,NA,NA,NA,NA,NA,NA,NA,NA,NA,NA,NA,NA,NA,NA,NA,NA,NA,NA,NA,NA,NA,NA,NA,NA,NA,NA
Ecuador,2021,COE,auction,NA,https://allianceforcoffeeexcellence.org/ecuador-2021/,2,11,NA,NA,NA,NA,88.39,success,NA,NA,NA,$17.60,"$11,857.65",NA,NA,NA,NA,NA,Nuestra Señora De Guadalupe,NA,NA,673.73,"Wataru & Co., Ltd.",NA,NA,NA,NA,NA,NA,NA,NA,NA,NA,NA,NA,NA,NA,NA,NA,NA,NA,NA,NA,NA,NA,NA,NA,NA,NA,NA,NA,NA,NA,NA,NA,NA,NA,NA,NA,NA,NA,NA,NA,NA,NA,NA,NA,NA,NA,NA,NA,NA,NA,NA,NA,NA,NA,NA,NA,NA,NA,NA,NA,NA,NA
Ecuador,2021,COE,auction,NA,https://allianceforcoffeeexcellence.org/ecuador-2021/,2,12,NA,NA,NA,NA,88.39,success,NA,NA,NA,$25.30,"$8,268.80",NA,NA,NA,NA,NA,El Mirador,NA,NA,326.83,Campos Coffee,NA,NA,NA,NA,NA,NA,NA,NA,NA,NA,NA,NA,NA,NA,NA,NA,NA,NA,NA,NA,NA,NA,NA,NA,NA,NA,NA,NA,NA,NA,NA,NA,NA,NA,NA,NA,NA,NA,NA,NA,NA,NA,NA,NA,NA,NA,NA,NA,NA,NA,NA,NA,NA,NA,NA,NA,NA,NA,NA,NA,NA,NA
Ecuador,2021,COE,auction,NA,https://allianceforcoffeeexcellence.org/ecuador-2021/,2,13,NA,NA,NA,NA,88.32,success,NA,NA,NA,$32.10,"$9,416.86",NA,NA,NA,NA,NA,El Dorado,NA,NA,293.36,Campos Coffee,NA,NA,NA,NA,NA,NA,NA,NA,NA,NA,NA,NA,NA,NA,NA,NA,NA,NA,NA,NA,NA,NA,NA,NA,NA,NA,NA,NA,NA,NA,NA,NA,NA,NA,NA,NA,NA,NA,NA,NA,NA,NA,NA,NA,NA,NA,NA,NA,NA,NA,NA,NA,NA,NA,NA,NA,NA,NA,NA,NA,NA,NA
Ecuador,2021,COE,auction,NA,https://allianceforcoffeeexcellence.org/ecuador-2021/,2,14,NA,NA,NA,NA,88.21,success,NA,NA,NA,$29.10,"$6,517.82",NA,NA,NA,NA,NA,Habitat Forest Coffee,NA,NA,223.98,TAKAMURA COFFEE ROASTERS,NA,NA,NA,NA,NA,NA,NA,NA,NA,NA,NA,NA,NA,NA,NA,NA,NA,NA,NA,NA,NA,NA,NA,NA,NA,NA,NA,NA,NA,NA,NA,NA,NA,NA,NA,NA,NA,NA,NA,NA,NA,NA,NA,NA,NA,NA,NA,NA,NA,NA,NA,NA,NA,NA,NA,NA,NA,NA,NA,NA,NA,NA
Ecuador,2021,COE,auction,NA,https://allianceforcoffeeexcellence.org/ecuador-2021/,2,15,NA,NA,NA,NA,87.79,success,NA,NA,NA,$27.10,"$6,413.76",NA,NA,NA,NA,NA,Indera,NA,NA,236.67,Mercanta Ltd,NA,NA,NA,NA,NA,NA,NA,NA,NA,NA,NA,NA,NA,NA,NA,NA,NA,NA,NA,NA,NA,NA,NA,NA,NA,NA,NA,NA,NA,NA,NA,NA,NA,NA,NA,NA,NA,NA,NA,NA,NA,NA,NA,NA,NA,NA,NA,NA,NA,NA,NA,NA,NA,NA,NA,NA,NA,NA,NA,NA,NA,NA
Ecuador,2021,COE,auction,NA,https://allianceforcoffeeexcellence.org/ecuador-2021/,2,16,NA,NA,NA,NA,87.75,success,NA,NA,NA,$32.10,"$8,163.67",NA,NA,NA,NA,NA,Rancho Tio Emilio,NA,NA,254.32,Café Imports,NA,NA,NA,NA,NA,NA,NA,NA,NA,NA,NA,NA,NA,NA,NA,NA,NA,NA,NA,NA,NA,NA,NA,NA,NA,NA,NA,NA,NA,NA,NA,NA,NA,NA,NA,NA,NA,NA,NA,NA,NA,NA,NA,NA,NA,NA,NA,NA,NA,NA,NA,NA,NA,NA,NA,NA,NA,NA,NA,NA,NA,NA
Ecuador,2021,COE,auction,NA,https://allianceforcoffeeexcellence.org/ecuador-2021/,2,17,NA,NA,NA,NA,87.68,success,NA,NA,NA,$25.60,"$14,619.90",NA,NA,NA,NA,NA,Hcda. La Florida,NA,NA,571.09,"THE DRIP CO., LTD.’ ＆ ChoongMooGong ＆ HYANGMISA",NA,NA,NA,NA,NA,NA,NA,NA,NA,NA,NA,NA,NA,NA,NA,NA,NA,NA,NA,NA,NA,NA,NA,NA,NA,NA,NA,NA,NA,NA,NA,NA,NA,NA,NA,NA,NA,NA,NA,NA,NA,NA,NA,NA,NA,NA,NA,NA,NA,NA,NA,NA,NA,NA,NA,NA,NA,NA,NA,NA,NA,NA
Ecuador,2021,COE,auction,NA,https://allianceforcoffeeexcellence.org/ecuador-2021/,2,18,NA,NA,NA,NA,87.64,success,NA,NA,NA,$17.60,"$6,004.77",NA,NA,NA,NA,NA,El Pino,NA,NA,341.18,Latorre&Dutch (China) for KOMENCU Coffee(China),NA,NA,NA,NA,NA,NA,NA,NA,NA,NA,NA,NA,NA,NA,NA,NA,NA,NA,NA,NA,NA,NA,NA,NA,NA,NA,NA,NA,NA,NA,NA,NA,NA,NA,NA,NA,NA,NA,NA,NA,NA,NA,NA,NA,NA,NA,NA,NA,NA,NA,NA,NA,NA,NA,NA,NA,NA,NA,NA,NA,NA,NA
Ecuador,2021,COE,auction,NA,https://allianceforcoffeeexcellence.org/ecuador-2021/,2,19,NA,NA,NA,NA,87.61,success,NA,NA,NA,$16.00,"$5,377.60",NA,NA,NA,NA,NA,El Granjero,NA,NA,336.1,"Wataru & Co., Ltd.",NA,NA,NA,NA,NA,NA,NA,NA,NA,NA,NA,NA,NA,NA,NA,NA,NA,NA,NA,NA,NA,NA,NA,NA,NA,NA,NA,NA,NA,NA,NA,NA,NA,NA,NA,NA,NA,NA,NA,NA,NA,NA,NA,NA,NA,NA,NA,NA,NA,NA,NA,NA,NA,NA,NA,NA,NA,NA,NA,NA,NA,NA
Ecuador,2021,COE,auction,NA,https://allianceforcoffeeexcellence.org/ecuador-2021/,2,20,NA,NA,NA,NA,87.57,success,NA,NA,NA,$29.00,"$10,141.01",NA,NA,NA,NA,NA,Santa Gertrudis,NA,NA,349.69,Wataru for Voila Coffee,NA,NA,NA,NA,NA,NA,NA,NA,NA,NA,NA,NA,NA,NA,NA,NA,NA,NA,NA,NA,NA,NA,NA,NA,NA,NA,NA,NA,NA,NA,NA,NA,NA,NA,NA,NA,NA,NA,NA,NA,NA,NA,NA,NA,NA,NA,NA,NA,NA,NA,NA,NA,NA,NA,NA,NA,NA,NA,NA,NA,NA,NA
Ecuador,2021,COE,auction,NA,https://allianceforcoffeeexcellence.org/ecuador-2021/,2,21,NA,NA,NA,NA,87.54,success,NA,NA,NA,$20.00,"$5,491.20",NA,NA,NA,NA,NA,Chorora,NA,NA,274.56,"Coffee Montage, 304 roasters, COFFEE PLACE, 502 Coffee Roasters, peer coffee",NA,NA,NA,NA,NA,NA,NA,NA,NA,NA,NA,NA,NA,NA,NA,NA,NA,NA,NA,NA,NA,NA,NA,NA,NA,NA,NA,NA,NA,NA,NA,NA,NA,NA,NA,NA,NA,NA,NA,NA,NA,NA,NA,NA,NA,NA,NA,NA,NA,NA,NA,NA,NA,NA,NA,NA,NA,NA,NA,NA,NA,NA
Ecuador,2021,COE,auction,NA,https://allianceforcoffeeexcellence.org/ecuador-2021/,2,22,NA,NA,NA,NA,87.21,success,NA,NA,NA,$25.10,"$8,185.11",NA,NA,NA,NA,NA,Terrazas del Pisque,NA,NA,326.1,Mercanta Ltd,NA,NA,NA,NA,NA,NA,NA,NA,NA,NA,NA,NA,NA,NA,NA,NA,NA,NA,NA,NA,NA,NA,NA,NA,NA,NA,NA,NA,NA,NA,NA,NA,NA,NA,NA,NA,NA,NA,NA,NA,NA,NA,NA,NA,NA,NA,NA,NA,NA,NA,NA,NA,NA,NA,NA,NA,NA,NA,NA,NA,NA,NA
Ecuador,2021,COE,auction,NA,https://allianceforcoffeeexcellence.org/ecuador-2021/,2,23,NA,NA,NA,NA,87.21,success,NA,NA,NA,$26.60,"$7,257.81",NA,NA,NA,NA,NA,Maputo,NA,NA,272.85,Café Imports,NA,NA,NA,NA,NA,NA,NA,NA,NA,NA,NA,NA,NA,NA,NA,NA,NA,NA,NA,NA,NA,NA,NA,NA,NA,NA,NA,NA,NA,NA,NA,NA,NA,NA,NA,NA,NA,NA,NA,NA,NA,NA,NA,NA,NA,NA,NA,NA,NA,NA,NA,NA,NA,NA,NA,NA,NA,NA,NA,NA,NA,NA
Ecuador,2021,COE,auction,NA,https://allianceforcoffeeexcellence.org/ecuador-2021/,2,Totals:,NA,NA,NA,NA,,success,NA,NA,NA,$33.55/lb,"$250,068.45",NA,NA,NA,NA,NA,,NA,NA,7452.89,,NA,NA,NA,NA,NA,NA,NA,NA,NA,NA,NA,NA,NA,NA,NA,NA,NA,NA,NA,NA,NA,NA,NA,NA,NA,NA,NA,NA,NA,NA,NA,NA,NA,NA,NA,NA,NA,NA,NA,NA,NA,NA,NA,NA,NA,NA,NA,NA,NA,NA,NA,NA,NA,NA,NA,NA,NA,NA,NA,NA,NA,NA
Ecuador,2021,NW,auction,NA,https://allianceforcoffeeexcellence.org/ecuador-2021/,4,NW,NA,NA,NA,NA,86.86,success,NA,NA,NA,$10.10,"$2,934.86",Belmont Trade & Commerce LLP,NA,NA,NA,NA,Santa Rosa,NA,NA,290.58,NA,NA,NA,NA,NA,NA,NA,NA,NA,NA,NA,NA,NA,NA,NA,NA,NA,NA,NA,NA,NA,NA,NA,NA,NA,NA,NA,NA,NA,NA,NA,NA,NA,NA,NA,NA,NA,NA,NA,NA,NA,NA,NA,NA,NA,NA,NA,NA,NA,NA,NA,NA,NA,NA,NA,NA,NA,NA,NA,NA,NA,NA,NA
Ecuador,2021,NW,auction,NA,https://allianceforcoffeeexcellence.org/ecuador-2021/,4,NW,NA,NA,NA,NA,86.64,success,NA,NA,NA,$8.10,"$2,935.76","Wataru & Co., Ltd.",NA,NA,NA,NA,La Victoria,NA,NA,362.44,NA,NA,NA,NA,NA,NA,NA,NA,NA,NA,NA,NA,NA,NA,NA,NA,NA,NA,NA,NA,NA,NA,NA,NA,NA,NA,NA,NA,NA,NA,NA,NA,NA,NA,NA,NA,NA,NA,NA,NA,NA,NA,NA,NA,NA,NA,NA,NA,NA,NA,NA,NA,NA,NA,NA,NA,NA,NA,NA,NA,NA,NA,NA
Ecuador,2021,NW,auction,NA,https://allianceforcoffeeexcellence.org/ecuador-2021/,4,NW,NA,NA,NA,NA,86.54,success,NA,NA,NA,$4.10,"$5,811.59","Wataru & Co., Ltd.",NA,NA,NA,NA,Siempre Verde Farm,NA,NA,"1,417.46",NA,NA,NA,NA,NA,NA,NA,NA,NA,NA,NA,NA,NA,NA,NA,NA,NA,NA,NA,NA,NA,NA,NA,NA,NA,NA,NA,NA,NA,NA,NA,NA,NA,NA,NA,NA,NA,NA,NA,NA,NA,NA,NA,NA,NA,NA,NA,NA,NA,NA,NA,NA,NA,NA,NA,NA,NA,NA,NA,NA,NA,NA,NA
Ecuador,2021,NW,auction,NA,https://allianceforcoffeeexcellence.org/ecuador-2021/,4,NW,NA,NA,NA,NA,86.43,success,NA,NA,NA,$8.80,"$2,012.47",Twin Beans Coffee,NA,NA,NA,NA,Café Johann,NA,NA,228.69,NA,NA,NA,NA,NA,NA,NA,NA,NA,NA,NA,NA,NA,NA,NA,NA,NA,NA,NA,NA,NA,NA,NA,NA,NA,NA,NA,NA,NA,NA,NA,NA,NA,NA,NA,NA,NA,NA,NA,NA,NA,NA,NA,NA,NA,NA,NA,NA,NA,NA,NA,NA,NA,NA,NA,NA,NA,NA,NA,NA,NA,NA,NA
Ecuador,2021,NW,auction,NA,https://allianceforcoffeeexcellence.org/ecuador-2021/,4,NW,NA,NA,NA,NA,85.21,success,NA,NA,NA,$4.50,"$1,049.76","Wataru & Co., Ltd.",NA,NA,NA,NA,La Corazonada,NA,NA,233.28,NA,NA,NA,NA,NA,NA,NA,NA,NA,NA,NA,NA,NA,NA,NA,NA,NA,NA,NA,NA,NA,NA,NA,NA,NA,NA,NA,NA,NA,NA,NA,NA,NA,NA,NA,NA,NA,NA,NA,NA,NA,NA,NA,NA,NA,NA,NA,NA,NA,NA,NA,NA,NA,NA,NA,NA,NA,NA,NA,NA,NA,NA,NA
Ecuador,2021,NW,auction,NA,https://allianceforcoffeeexcellence.org/ecuador-2021/,4,NW,NA,NA,NA,NA,Totals:,success,NA,NA,NA,$5.82,"$14,744.44",,NA,NA,NA,NA,,NA,NA,"2,532.45",NA,NA,NA,NA,NA,NA,NA,NA,NA,NA,NA,NA,NA,NA,NA,NA,NA,NA,NA,NA,NA,NA,NA,NA,NA,NA,NA,NA,NA,NA,NA,NA,NA,NA,NA,NA,NA,NA,NA,NA,NA,NA,NA,NA,NA,NA,NA,NA,NA,NA,NA,NA,NA,NA,NA,NA,NA,NA,NA,NA,NA,NA,NA
Ecuador,2022,COE,auction,NA,https://allianceforcoffeeexcellence.org/ecuador-2022/,2,1a,NA,NA,NA,NA,90.28,success,NA,NA,NA,$98.20,"$19,484.84",NA,NA,NA,NA,NA,Hacienda Lugmapata,NA,NA,198.42,NOZY COFFEE,NA,NA,NA,NA,NA,NA,NA,NA,NA,NA,NA,NA,NA,NA,NA,NA,NA,NA,NA,NA,NA,NA,NA,NA,NA,NA,NA,NA,NA,NA,NA,NA,NA,NA,NA,NA,NA,NA,NA,NA,NA,NA,NA,NA,NA,NA,NA,NA,NA,NA,NA,NA,NA,NA,NA,NA,NA,NA,NA,NA,NA,NA
Ecuador,2022,COE,auction,NA,https://allianceforcoffeeexcellence.org/ecuador-2022/,2,1b,NA,NA,NA,NA,90.28,success,NA,NA,NA,$105.10,"$18,580.63",NA,NA,NA,NA,NA,Hacienda Lugmapata,NA,NA,176.79,"IZAKI COFFEE CO. LTD.,",NA,NA,NA,NA,NA,NA,NA,NA,NA,NA,NA,NA,NA,NA,NA,NA,NA,NA,NA,NA,NA,NA,NA,NA,NA,NA,NA,NA,NA,NA,NA,NA,NA,NA,NA,NA,NA,NA,NA,NA,NA,NA,NA,NA,NA,NA,NA,NA,NA,NA,NA,NA,NA,NA,NA,NA,NA,NA,NA,NA,NA,NA
Ecuador,2022,COE,auction,NA,https://allianceforcoffeeexcellence.org/ecuador-2022/,2,2,NA,NA,NA,NA,89.35,success,NA,NA,NA,$55.10,"$22,446.64",NA,NA,NA,NA,NA,La Noria,NA,NA,407.38,"Orsir International Co., Ltd.",NA,NA,NA,NA,NA,NA,NA,NA,NA,NA,NA,NA,NA,NA,NA,NA,NA,NA,NA,NA,NA,NA,NA,NA,NA,NA,NA,NA,NA,NA,NA,NA,NA,NA,NA,NA,NA,NA,NA,NA,NA,NA,NA,NA,NA,NA,NA,NA,NA,NA,NA,NA,NA,NA,NA,NA,NA,NA,NA,NA,NA,NA
Ecuador,2022,COE,auction,NA,https://allianceforcoffeeexcellence.org/ecuador-2022/,2,3,NA,NA,NA,NA,89.25,success,NA,NA,NA,$96.35,"$46,865.60",NA,NA,NA,NA,NA,Cruz Loma,NA,NA,486.41,Osito Coffee,NA,NA,NA,NA,NA,NA,NA,NA,NA,NA,NA,NA,NA,NA,NA,NA,NA,NA,NA,NA,NA,NA,NA,NA,NA,NA,NA,NA,NA,NA,NA,NA,NA,NA,NA,NA,NA,NA,NA,NA,NA,NA,NA,NA,NA,NA,NA,NA,NA,NA,NA,NA,NA,NA,NA,NA,NA,NA,NA,NA,NA,NA
Ecuador,2022,COE,auction,NA,https://allianceforcoffeeexcellence.org/ecuador-2022/,2,4,NA,NA,NA,NA,89.1,success,NA,NA,NA,$95.50,"$38,926.76",NA,NA,NA,NA,NA,El Dorado,NA,NA,407.61,"NANJING ECO FARM TRADING CO., LTD. / 啟程拓殖 TerraformCoffee / Gee Coffee",NA,NA,NA,NA,NA,NA,NA,NA,NA,NA,NA,NA,NA,NA,NA,NA,NA,NA,NA,NA,NA,NA,NA,NA,NA,NA,NA,NA,NA,NA,NA,NA,NA,NA,NA,NA,NA,NA,NA,NA,NA,NA,NA,NA,NA,NA,NA,NA,NA,NA,NA,NA,NA,NA,NA,NA,NA,NA,NA,NA,NA,NA
Ecuador,2022,COE,auction,NA,https://allianceforcoffeeexcellence.org/ecuador-2022/,2,5,NA,NA,NA,NA,88.7,success,NA,NA,NA,$29.80,"$11,174.40",NA,NA,NA,NA,NA,La Florida,NA,NA,374.98,Kyokuto Fadie Corporation,NA,NA,NA,NA,NA,NA,NA,NA,NA,NA,NA,NA,NA,NA,NA,NA,NA,NA,NA,NA,NA,NA,NA,NA,NA,NA,NA,NA,NA,NA,NA,NA,NA,NA,NA,NA,NA,NA,NA,NA,NA,NA,NA,NA,NA,NA,NA,NA,NA,NA,NA,NA,NA,NA,NA,NA,NA,NA,NA,NA,NA,NA
Ecuador,2022,COE,auction,NA,https://allianceforcoffeeexcellence.org/ecuador-2022/,2,6,NA,NA,NA,NA,88.35,success,NA,NA,NA,$35.20,"$12,842.37",NA,NA,NA,NA,NA,Yambamine,NA,NA,364.84,realbean,NA,NA,NA,NA,NA,NA,NA,NA,NA,NA,NA,NA,NA,NA,NA,NA,NA,NA,NA,NA,NA,NA,NA,NA,NA,NA,NA,NA,NA,NA,NA,NA,NA,NA,NA,NA,NA,NA,NA,NA,NA,NA,NA,NA,NA,NA,NA,NA,NA,NA,NA,NA,NA,NA,NA,NA,NA,NA,NA,NA,NA,NA
Ecuador,2022,COE,auction,NA,https://allianceforcoffeeexcellence.org/ecuador-2022/,2,7,NA,NA,NA,NA,88.13,success,NA,NA,NA,$36.75,"$10,403.93",NA,NA,NA,NA,NA,La Papaya Halapa CIA LTDA,NA,NA,283.1,Grand Cru Coffee (China),NA,NA,NA,NA,NA,NA,NA,NA,NA,NA,NA,NA,NA,NA,NA,NA,NA,NA,NA,NA,NA,NA,NA,NA,NA,NA,NA,NA,NA,NA,NA,NA,NA,NA,NA,NA,NA,NA,NA,NA,NA,NA,NA,NA,NA,NA,NA,NA,NA,NA,NA,NA,NA,NA,NA,NA,NA,NA,NA,NA,NA,NA
Ecuador,2022,COE,auction,NA,https://allianceforcoffeeexcellence.org/ecuador-2022/,2,8,NA,NA,NA,NA,87.83,success,NA,NA,NA,$30.05,"$9,704.65",NA,NA,NA,NA,NA,Alaska del Sur,NA,NA,322.95,印格咖啡 Ingenuity Coffee & Cut Hand Group (剁手咖啡群) & Move River Coffee（陈胜豪） & 周狮虎咖啡 & Kinglo Coffee（轻乐咖）,NA,NA,NA,NA,NA,NA,NA,NA,NA,NA,NA,NA,NA,NA,NA,NA,NA,NA,NA,NA,NA,NA,NA,NA,NA,NA,NA,NA,NA,NA,NA,NA,NA,NA,NA,NA,NA,NA,NA,NA,NA,NA,NA,NA,NA,NA,NA,NA,NA,NA,NA,NA,NA,NA,NA,NA,NA,NA,NA,NA,NA,NA
Ecuador,2022,COE,auction,NA,https://allianceforcoffeeexcellence.org/ecuador-2022/,2,9,NA,NA,NA,NA,87.78,success,NA,NA,NA,$18.95,"$5,078.98",NA,NA,NA,NA,NA,Hacienda Biogenica Agroecologica Jesus del Gran Poder,NA,NA,268.02,Carrboro Coffee Roasters,NA,NA,NA,NA,NA,NA,NA,NA,NA,NA,NA,NA,NA,NA,NA,NA,NA,NA,NA,NA,NA,NA,NA,NA,NA,NA,NA,NA,NA,NA,NA,NA,NA,NA,NA,NA,NA,NA,NA,NA,NA,NA,NA,NA,NA,NA,NA,NA,NA,NA,NA,NA,NA,NA,NA,NA,NA,NA,NA,NA,NA,NA
Ecuador,2022,COE,auction,NA,https://allianceforcoffeeexcellence.org/ecuador-2022/,2,10,NA,NA,NA,NA,87.73,success,NA,NA,NA,$26.30,"$10,699.63",NA,NA,NA,NA,NA,Café Johann,NA,NA,406.83,honu加藤珈琲店株式会社,NA,NA,NA,NA,NA,NA,NA,NA,NA,NA,NA,NA,NA,NA,NA,NA,NA,NA,NA,NA,NA,NA,NA,NA,NA,NA,NA,NA,NA,NA,NA,NA,NA,NA,NA,NA,NA,NA,NA,NA,NA,NA,NA,NA,NA,NA,NA,NA,NA,NA,NA,NA,NA,NA,NA,NA,NA,NA,NA,NA,NA,NA
Ecuador,2022,COE,auction,NA,https://allianceforcoffeeexcellence.org/ecuador-2022/,2,11,NA,NA,NA,NA,87.68,success,NA,NA,NA,$21.60,"$6,390.14",NA,NA,NA,NA,NA,El Mirador La Papaya,NA,NA,295.84,"Coffee Montage, COFFEE PLACE, HYANGMISA, No Doubt, coffeeTemple, 502 Coffee Roasters, DeepBlueLake",NA,NA,NA,NA,NA,NA,NA,NA,NA,NA,NA,NA,NA,NA,NA,NA,NA,NA,NA,NA,NA,NA,NA,NA,NA,NA,NA,NA,NA,NA,NA,NA,NA,NA,NA,NA,NA,NA,NA,NA,NA,NA,NA,NA,NA,NA,NA,NA,NA,NA,NA,NA,NA,NA,NA,NA,NA,NA,NA,NA,NA,NA
Ecuador,2022,COE,auction,NA,https://allianceforcoffeeexcellence.org/ecuador-2022/,2,12,NA,NA,NA,NA,87.53,success,NA,NA,NA,$18.40,"$6,477.72",NA,NA,NA,NA,NA,El Alisal,NA,NA,352.05,YN coffee,NA,NA,NA,NA,NA,NA,NA,NA,NA,NA,NA,NA,NA,NA,NA,NA,NA,NA,NA,NA,NA,NA,NA,NA,NA,NA,NA,NA,NA,NA,NA,NA,NA,NA,NA,NA,NA,NA,NA,NA,NA,NA,NA,NA,NA,NA,NA,NA,NA,NA,NA,NA,NA,NA,NA,NA,NA,NA,NA,NA,NA,NA
Ecuador,2022,COE,auction,NA,https://allianceforcoffeeexcellence.org/ecuador-2022/,2,13,NA,NA,NA,NA,87.45,success,NA,NA,NA,$25.50,"$8,284.19",NA,NA,NA,NA,NA,Santa Rita,NA,NA,324.87,Nanjing Eco Farm,NA,NA,NA,NA,NA,NA,NA,NA,NA,NA,NA,NA,NA,NA,NA,NA,NA,NA,NA,NA,NA,NA,NA,NA,NA,NA,NA,NA,NA,NA,NA,NA,NA,NA,NA,NA,NA,NA,NA,NA,NA,NA,NA,NA,NA,NA,NA,NA,NA,NA,NA,NA,NA,NA,NA,NA,NA,NA,NA,NA,NA,NA
Ecuador,2022,COE,auction,NA,https://allianceforcoffeeexcellence.org/ecuador-2022/,2,14,NA,NA,NA,NA,87.37,success,NA,NA,NA,$28.20,"$7,627.82",NA,NA,NA,NA,NA,Santa Gertrudis,NA,NA,270.49,"Snow Beans Coffee , WAVY COFFEE",NA,NA,NA,NA,NA,NA,NA,NA,NA,NA,NA,NA,NA,NA,NA,NA,NA,NA,NA,NA,NA,NA,NA,NA,NA,NA,NA,NA,NA,NA,NA,NA,NA,NA,NA,NA,NA,NA,NA,NA,NA,NA,NA,NA,NA,NA,NA,NA,NA,NA,NA,NA,NA,NA,NA,NA,NA,NA,NA,NA,NA,NA
Ecuador,2022,COE,auction,NA,https://allianceforcoffeeexcellence.org/ecuador-2022/,2,15,NA,NA,NA,NA,87.29,success,NA,NA,NA,$29.20,"$8,214.84",NA,NA,NA,NA,NA,La Ponderosa,NA,NA,281.33,SARUTAHIKO COFFEE,NA,NA,NA,NA,NA,NA,NA,NA,NA,NA,NA,NA,NA,NA,NA,NA,NA,NA,NA,NA,NA,NA,NA,NA,NA,NA,NA,NA,NA,NA,NA,NA,NA,NA,NA,NA,NA,NA,NA,NA,NA,NA,NA,NA,NA,NA,NA,NA,NA,NA,NA,NA,NA,NA,NA,NA,NA,NA,NA,NA,NA,NA
Ecuador,2022,COE,auction,NA,https://allianceforcoffeeexcellence.org/ecuador-2022/,2,16,NA,NA,NA,NA,87.29,success,NA,NA,NA,$17.50,"$8,948.10",NA,NA,NA,NA,NA,Terrazas del Pisque,NA,NA,511.32,Mercanta The Coffee Hunters,NA,NA,NA,NA,NA,NA,NA,NA,NA,NA,NA,NA,NA,NA,NA,NA,NA,NA,NA,NA,NA,NA,NA,NA,NA,NA,NA,NA,NA,NA,NA,NA,NA,NA,NA,NA,NA,NA,NA,NA,NA,NA,NA,NA,NA,NA,NA,NA,NA,NA,NA,NA,NA,NA,NA,NA,NA,NA,NA,NA,NA,NA
Ecuador,2022,COE,auction,NA,https://allianceforcoffeeexcellence.org/ecuador-2022/,2,17,NA,NA,NA,NA,87.21,success,NA,NA,NA,$29.00,"$8,202.07",NA,NA,NA,NA,NA,La Papaya Halapa CIA LTDA,NA,NA,282.83,"Mercanta The Coffee Hunters , Black & White Coffee Roasters",NA,NA,NA,NA,NA,NA,NA,NA,NA,NA,NA,NA,NA,NA,NA,NA,NA,NA,NA,NA,NA,NA,NA,NA,NA,NA,NA,NA,NA,NA,NA,NA,NA,NA,NA,NA,NA,NA,NA,NA,NA,NA,NA,NA,NA,NA,NA,NA,NA,NA,NA,NA,NA,NA,NA,NA,NA,NA,NA,NA,NA,NA
Ecuador,2022,COE,auction,NA,https://allianceforcoffeeexcellence.org/ecuador-2022/,2,18,NA,NA,NA,NA,87,success,NA,NA,NA,$9.90,"$4,286.70",NA,NA,NA,NA,NA,Cafetalera Angelita,NA,NA,433,"Wataru & Co., Ltd.",NA,NA,NA,NA,NA,NA,NA,NA,NA,NA,NA,NA,NA,NA,NA,NA,NA,NA,NA,NA,NA,NA,NA,NA,NA,NA,NA,NA,NA,NA,NA,NA,NA,NA,NA,NA,NA,NA,NA,NA,NA,NA,NA,NA,NA,NA,NA,NA,NA,NA,NA,NA,NA,NA,NA,NA,NA,NA,NA,NA,NA,NA
Ecuador,2022,COE,auction,NA,https://allianceforcoffeeexcellence.org/ecuador-2022/,2,Total,NA,NA,NA,NA,,success,NA,NA,NA,"Auction Average $/lb
$42.45","Total Auction Value
$264,640.01",NA,NA,NA,NA,NA,,NA,NA,6449.06,,NA,NA,NA,NA,NA,NA,NA,NA,NA,NA,NA,NA,NA,NA,NA,NA,NA,NA,NA,NA,NA,NA,NA,NA,NA,NA,NA,NA,NA,NA,NA,NA,NA,NA,NA,NA,NA,NA,NA,NA,NA,NA,NA,NA,NA,NA,NA,NA,NA,NA,NA,NA,NA,NA,NA,NA,NA,NA,NA,NA,NA,NA
Ecuador,2023,COE,auction,NA,https://allianceforcoffeeexcellence.org/ecuador-2023/,2,1A,NA,NA,NA,NA,91.22,success,NA,NA,NA,NA,"$ 20,354.45",NA,NA,NA,NA,NA,NA,NA,NA,NA,NA,La Noria,NA,NA,NA,NA,NA,$ 102.50,NA,NA,"Lowkey Coffee, Toch Coffee, Malic Coffee, NoSmokeWithoutFire, Trekkers Bean",NA,NA,NA,NA,NA,NA,NA,NA,NA,NA,NA,NA,NA,NA,NA,198.58,NA,NA,NA,NA,NA,NA,NA,NA,NA,NA,NA,NA,NA,NA,NA,NA,NA,NA,NA,NA,NA,NA,NA,NA,NA,NA,NA,NA,NA,NA,NA,NA,NA,NA,NA,NA
Ecuador,2023,COE,auction,NA,https://allianceforcoffeeexcellence.org/ecuador-2023/,2,1B,NA,NA,NA,NA,91.22,success,NA,NA,NA,NA,"$ 13,718.38",NA,NA,NA,NA,NA,NA,NA,NA,NA,NA,La Noria,NA,NA,NA,NA,NA,$ 103.20,NA,NA,Sae Coffee Studio,NA,NA,NA,NA,NA,NA,NA,NA,NA,NA,NA,NA,NA,NA,NA,132.93,NA,NA,NA,NA,NA,NA,NA,NA,NA,NA,NA,NA,NA,NA,NA,NA,NA,NA,NA,NA,NA,NA,NA,NA,NA,NA,NA,NA,NA,NA,NA,NA,NA,NA,NA,NA
Ecuador,2023,COE,auction,NA,https://allianceforcoffeeexcellence.org/ecuador-2023/,2,2A,NA,NA,NA,NA,89.53,success,NA,NA,NA,NA,"$ 7,963.06",NA,NA,NA,NA,NA,NA,NA,NA,NA,NA,Nuestra Señora De Guadalupe,NA,NA,NA,NA,NA,$ 40.10,NA,NA,KOMENCU Coffee (China),NA,NA,NA,NA,NA,NA,NA,NA,NA,NA,NA,NA,NA,NA,NA,198.58,NA,NA,NA,NA,NA,NA,NA,NA,NA,NA,NA,NA,NA,NA,NA,NA,NA,NA,NA,NA,NA,NA,NA,NA,NA,NA,NA,NA,NA,NA,NA,NA,NA,NA,NA,NA
Ecuador,2023,COE,auction,NA,https://allianceforcoffeeexcellence.org/ecuador-2023/,2,2B,NA,NA,NA,NA,89.53,success,NA,NA,NA,NA,"$ 9,844.56",NA,NA,NA,NA,NA,NA,NA,NA,NA,NA,Nuestra Señora De Guadalupe,NA,NA,NA,NA,NA,$ 44.00,NA,NA,Fadie Sasaguri Roastery Corporation,NA,NA,NA,NA,NA,NA,NA,NA,NA,NA,NA,NA,NA,NA,NA,223.74,NA,NA,NA,NA,NA,NA,NA,NA,NA,NA,NA,NA,NA,NA,NA,NA,NA,NA,NA,NA,NA,NA,NA,NA,NA,NA,NA,NA,NA,NA,NA,NA,NA,NA,NA,NA
Ecuador,2023,COE,auction,NA,https://allianceforcoffeeexcellence.org/ecuador-2023/,2,3A,NA,NA,NA,NA,89.53,success,NA,NA,NA,NA,"$ 12,867.98",NA,NA,NA,NA,NA,NA,NA,NA,NA,NA,Cruz Loma,NA,NA,NA,NA,NA,$ 64.80,NA,NA,"GLITCH COFFEE&ROASTERS, TAKAMURA COFFEE ROASTERS by MARUKAI",NA,NA,NA,NA,NA,NA,NA,NA,NA,NA,NA,NA,NA,NA,NA,198.58,NA,NA,NA,NA,NA,NA,NA,NA,NA,NA,NA,NA,NA,NA,NA,NA,NA,NA,NA,NA,NA,NA,NA,NA,NA,NA,NA,NA,NA,NA,NA,NA,NA,NA,NA,NA
Ecuador,2023,COE,auction,NA,https://allianceforcoffeeexcellence.org/ecuador-2023/,2,3B,NA,NA,NA,NA,89.53,success,NA,NA,NA,NA,"$ 10,896.20",NA,NA,NA,NA,NA,NA,NA,NA,NA,NA,Cruz Loma,NA,NA,NA,NA,NA,$ 62.20,NA,NA,terarosa,NA,NA,NA,NA,NA,NA,NA,NA,NA,NA,NA,NA,NA,NA,NA,175.18,NA,NA,NA,NA,NA,NA,NA,NA,NA,NA,NA,NA,NA,NA,NA,NA,NA,NA,NA,NA,NA,NA,NA,NA,NA,NA,NA,NA,NA,NA,NA,NA,NA,NA,NA,NA
Ecuador,2023,COE,auction,NA,https://allianceforcoffeeexcellence.org/ecuador-2023/,2,4,NA,NA,NA,NA,89.39,success,NA,NA,NA,NA,"$ 8,863.96",NA,NA,NA,NA,NA,NA,NA,NA,NA,NA,Hacienda La Florida,NA,NA,NA,NA,NA,$ 24.59,NA,NA,Prodigal Coffee,NA,NA,NA,NA,NA,NA,NA,NA,NA,NA,NA,NA,NA,NA,NA,360.47,NA,NA,NA,NA,NA,NA,NA,NA,NA,NA,NA,NA,NA,NA,NA,NA,NA,NA,NA,NA,NA,NA,NA,NA,NA,NA,NA,NA,NA,NA,NA,NA,NA,NA,NA,NA
Ecuador,2023,COE,auction,NA,https://allianceforcoffeeexcellence.org/ecuador-2023/,2,5,NA,NA,NA,NA,89.36,success,NA,NA,NA,NA,"$ 7,357.95",NA,NA,NA,NA,NA,NA,NA,NA,NA,NA,Clara Luz,NA,NA,NA,NA,NA,$ 30.10,NA,NA,"Orsir International Co., Ltd.",NA,NA,NA,NA,NA,NA,NA,NA,NA,NA,NA,NA,NA,NA,NA,244.45,NA,NA,NA,NA,NA,NA,NA,NA,NA,NA,NA,NA,NA,NA,NA,NA,NA,NA,NA,NA,NA,NA,NA,NA,NA,NA,NA,NA,NA,NA,NA,NA,NA,NA,NA,NA
Ecuador,2023,COE,auction,NA,https://allianceforcoffeeexcellence.org/ecuador-2023/,2,6,NA,NA,NA,NA,89.25,success,NA,NA,NA,NA,"$ 8,066.50",NA,NA,NA,NA,NA,NA,NA,NA,NA,NA,Lugmapata,NA,NA,NA,NA,NA,$ 23.84,NA,NA,"Prodigal Coffee, Idle Hands Roasting Company",NA,NA,NA,NA,NA,NA,NA,NA,NA,NA,NA,NA,NA,NA,NA,338.36,NA,NA,NA,NA,NA,NA,NA,NA,NA,NA,NA,NA,NA,NA,NA,NA,NA,NA,NA,NA,NA,NA,NA,NA,NA,NA,NA,NA,NA,NA,NA,NA,NA,NA,NA,NA
Ecuador,2023,COE,auction,NA,https://allianceforcoffeeexcellence.org/ecuador-2023/,2,7,NA,NA,NA,NA,89.17,success,NA,NA,NA,NA,"$ 7,212.97",NA,NA,NA,NA,NA,NA,NA,NA,NA,NA,La Ponderosa,NA,NA,NA,NA,NA,$ 25.33,NA,NA,Prodigal Coffee,NA,NA,NA,NA,NA,NA,NA,NA,NA,NA,NA,NA,NA,NA,NA,284.76,NA,NA,NA,NA,NA,NA,NA,NA,NA,NA,NA,NA,NA,NA,NA,NA,NA,NA,NA,NA,NA,NA,NA,NA,NA,NA,NA,NA,NA,NA,NA,NA,NA,NA,NA,NA
Ecuador,2023,COE,auction,NA,https://allianceforcoffeeexcellence.org/ecuador-2023/,2,8,NA,NA,NA,NA,88.44,success,NA,NA,NA,NA,"$ 9,350.84",NA,NA,NA,NA,NA,NA,NA,NA,NA,NA,El Dorado,NA,NA,NA,NA,NA,$ 28.20,NA,NA,"coffee lusso, ArounZ",NA,NA,NA,NA,NA,NA,NA,NA,NA,NA,NA,NA,NA,NA,NA,331.59,NA,NA,NA,NA,NA,NA,NA,NA,NA,NA,NA,NA,NA,NA,NA,NA,NA,NA,NA,NA,NA,NA,NA,NA,NA,NA,NA,NA,NA,NA,NA,NA,NA,NA,NA,NA
Ecuador,2023,COE,auction,NA,https://allianceforcoffeeexcellence.org/ecuador-2023/,2,9,NA,NA,NA,NA,88.36,success,NA,NA,NA,NA,"$ 6,745.59",NA,NA,NA,NA,NA,NA,NA,NA,NA,NA,El Alisal,NA,NA,NA,NA,NA,$ 20.20,NA,NA,"YN Coffee, Still Coffee, AllYouWant Coffee",NA,NA,NA,NA,NA,NA,NA,NA,NA,NA,NA,NA,NA,NA,NA,333.94,NA,NA,NA,NA,NA,NA,NA,NA,NA,NA,NA,NA,NA,NA,NA,NA,NA,NA,NA,NA,NA,NA,NA,NA,NA,NA,NA,NA,NA,NA,NA,NA,NA,NA,NA,NA
Ecuador,2023,COE,auction,NA,https://allianceforcoffeeexcellence.org/ecuador-2023/,2,10,NA,NA,NA,NA,88.25,success,NA,NA,NA,NA,"$ 9,445.76",NA,NA,NA,NA,NA,NA,NA,NA,NA,NA,Eliza,NA,NA,NA,NA,NA,$ 28.50,NA,NA,Proud Mary,NA,NA,NA,NA,NA,NA,NA,NA,NA,NA,NA,NA,NA,NA,NA,331.43,NA,NA,NA,NA,NA,NA,NA,NA,NA,NA,NA,NA,NA,NA,NA,NA,NA,NA,NA,NA,NA,NA,NA,NA,NA,NA,NA,NA,NA,NA,NA,NA,NA,NA,NA,NA
Ecuador,2023,COE,auction,NA,https://allianceforcoffeeexcellence.org/ecuador-2023/,2,11,NA,NA,NA,NA,88.00,success,NA,NA,NA,NA,"$ 4,679.43",NA,NA,NA,NA,NA,NA,NA,NA,NA,NA,Cafetalera Angelita,NA,NA,NA,NA,NA,$ 17.20,NA,NA,honu加藤珈琲店株式会社,NA,NA,NA,NA,NA,NA,NA,NA,NA,NA,NA,NA,NA,NA,NA,272.06,NA,NA,NA,NA,NA,NA,NA,NA,NA,NA,NA,NA,NA,NA,NA,NA,NA,NA,NA,NA,NA,NA,NA,NA,NA,NA,NA,NA,NA,NA,NA,NA,NA,NA,NA,NA
Ecuador,2023,COE,auction,NA,https://allianceforcoffeeexcellence.org/ecuador-2023/,2,12,NA,NA,NA,NA,87.92,success,NA,NA,NA,NA,"$ 5,797.35",NA,NA,NA,NA,NA,NA,NA,NA,NA,NA,Capamaco,NA,NA,NA,NA,NA,$ 21.20,NA,NA,SUPREMO COFFEE – Germany,NA,NA,NA,NA,NA,NA,NA,NA,NA,NA,NA,NA,NA,NA,NA,273.46,NA,NA,NA,NA,NA,NA,NA,NA,NA,NA,NA,NA,NA,NA,NA,NA,NA,NA,NA,NA,NA,NA,NA,NA,NA,NA,NA,NA,NA,NA,NA,NA,NA,NA,NA,NA
Ecuador,2023,COE,auction,NA,https://allianceforcoffeeexcellence.org/ecuador-2023/,2,13,NA,NA,NA,NA,87.75,success,NA,NA,NA,NA,"$ 6,838.24",NA,NA,NA,NA,NA,NA,NA,NA,NA,NA,La Reserva,NA,NA,NA,NA,NA,$ 25.10,NA,NA,Blossom Valley 宸嶧國際 | CHG（手多多咖啡）| i . e . CAFE’ | Mlab coffee,NA,NA,NA,NA,NA,NA,NA,NA,NA,NA,NA,NA,NA,NA,NA,272.44,NA,NA,NA,NA,NA,NA,NA,NA,NA,NA,NA,NA,NA,NA,NA,NA,NA,NA,NA,NA,NA,NA,NA,NA,NA,NA,NA,NA,NA,NA,NA,NA,NA,NA,NA,NA
Ecuador,2023,COE,auction,NA,https://allianceforcoffeeexcellence.org/ecuador-2023/,2,14,NA,NA,NA,NA,87.33,success,NA,NA,NA,NA,"$ 6,745.59",NA,NA,NA,NA,NA,NA,NA,NA,NA,NA,La Carolina,NA,NA,NA,NA,NA,$ 20.20,NA,NA,KAFFEBRENNERIET AS,NA,NA,NA,NA,NA,NA,NA,NA,NA,NA,NA,NA,NA,NA,NA,333.94,NA,NA,NA,NA,NA,NA,NA,NA,NA,NA,NA,NA,NA,NA,NA,NA,NA,NA,NA,NA,NA,NA,NA,NA,NA,NA,NA,NA,NA,NA,NA,NA,NA,NA,NA,NA
Ecuador,2023,COE,auction,NA,https://allianceforcoffeeexcellence.org/ecuador-2023/,2,15,NA,NA,NA,NA,87.25,success,NA,NA,NA,NA,"$ 7,199.95",NA,NA,NA,NA,NA,NA,NA,NA,NA,NA,Café Johann,NA,NA,NA,NA,NA,$ 21.10,NA,NA,REHM SPECIALTY COFFEE IMPORTERS,NA,NA,NA,NA,NA,NA,NA,NA,NA,NA,NA,NA,NA,NA,NA,341.23,NA,NA,NA,NA,NA,NA,NA,NA,NA,NA,NA,NA,NA,NA,NA,NA,NA,NA,NA,NA,NA,NA,NA,NA,NA,NA,NA,NA,NA,NA,NA,NA,NA,NA,NA,NA
Ecuador,2023,COE,auction,NA,https://allianceforcoffeeexcellence.org/ecuador-2023/,2,16,NA,NA,NA,NA,87.11,success,NA,NA,NA,NA,"$ 4,539.74",NA,NA,NA,NA,NA,NA,NA,NA,NA,NA,Café Johann,NA,NA,NA,NA,NA,$ 16.35,NA,NA,"Wataru & Co., Ltd.",NA,NA,NA,NA,NA,NA,NA,NA,NA,NA,NA,NA,NA,NA,NA,277.66,NA,NA,NA,NA,NA,NA,NA,NA,NA,NA,NA,NA,NA,NA,NA,NA,NA,NA,NA,NA,NA,NA,NA,NA,NA,NA,NA,NA,NA,NA,NA,NA,NA,NA,NA,NA
El Salvador,2017,NW,auction,NA,https://allianceforcoffeeexcellence.org/el-salvador-2017/,2,26,7,LA LAGUNA 2017,GONZALO ANTONIO TICAS REYES,"CHALATENANGO, CITALA",85.82,success,NA,26,0,$4.20/lb,"$4,161.61","Cafe DAZAC, Coffee Sallim Factory, Juk-dong Cafe D, Crema Costa, Beanstore, Eungubiro Roasters",NA,NA,NA,NA,NA,NA,NA,NA,NA,NA,NA,NA,NA,NA,NA,NA,NA,NA,NA,NA,NA,NA,NA,NA,NA,NA,NA,NA,NA,NA,NA,NA,NA,NA,NA,NA,NA,NA,NA,NA,NA,NA,NA,NA,NA,NA,NA,NA,NA,NA,NA,NA,NA,NA,NA,NA,NA,NA,NA,NA,NA,NA,NA,NA,NA,NA,NA,NA,NA,NA,NA
El Salvador,2017,NW,auction,NA,https://allianceforcoffeeexcellence.org/el-salvador-2017/,2,27,9,QUEBRADA HONDA 2017,ANTONIO ULISES LEMUS LANDAVERDE,"SONSONATE, JUAYUA",85.82,success,NA,27,0,$4.70/lb,"$5,638.64","Wataru & Co., Ltd.",NA,NA,NA,NA,NA,NA,NA,NA,NA,NA,NA,NA,NA,NA,NA,NA,NA,NA,NA,NA,NA,NA,NA,NA,NA,NA,NA,NA,NA,NA,NA,NA,NA,NA,NA,NA,NA,NA,NA,NA,NA,NA,NA,NA,NA,NA,NA,NA,NA,NA,NA,NA,NA,NA,NA,NA,NA,NA,NA,NA,NA,NA,NA,NA,NA,NA,NA,NA,NA,NA,NA
El Salvador,2017,NW,auction,NA,https://allianceforcoffeeexcellence.org/el-salvador-2017/,2,30,6,SAN ISIDRO 2017,BESSIE GRACE BATRES SMITH DE GIRON,"AHUACHAPAN, APANECA",85.60,success,NA,30,0,$4.10/lb,"$3,350.64",Carrboro Coffee Roasters,NA,NA,NA,NA,NA,NA,NA,NA,NA,NA,NA,NA,NA,NA,NA,NA,NA,NA,NA,NA,NA,NA,NA,NA,NA,NA,NA,NA,NA,NA,NA,NA,NA,NA,NA,NA,NA,NA,NA,NA,NA,NA,NA,NA,NA,NA,NA,NA,NA,NA,NA,NA,NA,NA,NA,NA,NA,NA,NA,NA,NA,NA,NA,NA,NA,NA,NA,NA,NA,NA,NA
El Salvador,2017,NW,auction,NA,https://allianceforcoffeeexcellence.org/el-salvador-2017/,2,31,15,MIRAVALLE 2017,JAIME ERNESTO RIERA MENENDEZ,"AHUACHAPAN, APANECA",85.39,success,NA,31,0,$4.70/lb,"$9,513.18","Wataru & Co., Ltd.",NA,NA,NA,NA,NA,NA,NA,NA,NA,NA,NA,NA,NA,NA,NA,NA,NA,NA,NA,NA,NA,NA,NA,NA,NA,NA,NA,NA,NA,NA,NA,NA,NA,NA,NA,NA,NA,NA,NA,NA,NA,NA,NA,NA,NA,NA,NA,NA,NA,NA,NA,NA,NA,NA,NA,NA,NA,NA,NA,NA,NA,NA,NA,NA,NA,NA,NA,NA,NA,NA,NA
El Salvador,2017,NW,auction,NA,https://allianceforcoffeeexcellence.org/el-salvador-2017/,2,32,12,EL CONRRODAL 2017,JOSE ARMANDO PORTILLO PERAZA,"CHALATENANGO, LA PALMA",85.35,success,NA,32,0,$4.00/lb,"$6,947.36",Choi Coffee Roasters Company,NA,NA,NA,NA,NA,NA,NA,NA,NA,NA,NA,NA,NA,NA,NA,NA,NA,NA,NA,NA,NA,NA,NA,NA,NA,NA,NA,NA,NA,NA,NA,NA,NA,NA,NA,NA,NA,NA,NA,NA,NA,NA,NA,NA,NA,NA,NA,NA,NA,NA,NA,NA,NA,NA,NA,NA,NA,NA,NA,NA,NA,NA,NA,NA,NA,NA,NA,NA,NA,NA,NA
El Salvador,2017,NW,auction,NA,https://allianceforcoffeeexcellence.org/el-salvador-2017/,2,33,9,EL ROBLITO 2017,JULIO MARTIN LARA AVELAR,"CHALATENANGO, SAN FRANCISCO MORAZAN",84.75,success,NA,33,0,$4.20/lb,"$5,363.95","Cafe DAZAC, Coffee Sallim Factory, Juk-dong Cafe D, Crema Costa, Beanstore, Eungubiro Roasters",NA,NA,NA,NA,NA,NA,NA,NA,NA,NA,NA,NA,NA,NA,NA,NA,NA,NA,NA,NA,NA,NA,NA,NA,NA,NA,NA,NA,NA,NA,NA,NA,NA,NA,NA,NA,NA,NA,NA,NA,NA,NA,NA,NA,NA,NA,NA,NA,NA,NA,NA,NA,NA,NA,NA,NA,NA,NA,NA,NA,NA,NA,NA,NA,NA,NA,NA,NA,NA,NA,NA
El Salvador,2017,NW,auction,NA,https://allianceforcoffeeexcellence.org/el-salvador-2017/,2,34,7,LAS BRUMAS 2017,ALDO VINICIO PARDUCCI MELENDEZ,"LA LIBERTAD, TEPECOYO",84.57,success,NA,34,0,$4.10/lb,"$3,842.36","Cafe DAZAC, Coffee Sallim Factory, Juk-dong Cafe D, Crema Costa, Beanstore, Eungubiro Roasters",NA,NA,NA,NA,NA,NA,NA,NA,NA,NA,NA,NA,NA,NA,NA,NA,NA,NA,NA,NA,NA,NA,NA,NA,NA,NA,NA,NA,NA,NA,NA,NA,NA,NA,NA,NA,NA,NA,NA,NA,NA,NA,NA,NA,NA,NA,NA,NA,NA,NA,NA,NA,NA,NA,NA,NA,NA,NA,NA,NA,NA,NA,NA,NA,NA,NA,NA,NA,NA,NA,NA
El Salvador,2017,NW,auction,NA,https://allianceforcoffeeexcellence.org/el-salvador-2017/,2,Stats:,Stats:,,,,,success,NA,,0,$4.32/lb,"$38,817.74",NA,NA,NA,NA,NA,NA,NA,NA,NA,NA,NA,NA,NA,NA,NA,NA,NA,NA,NA,NA,NA,NA,NA,NA,NA,NA,NA,NA,NA,NA,NA,NA,NA,NA,NA,NA,NA,NA,NA,NA,NA,NA,NA,NA,NA,NA,NA,NA,NA,NA,NA,NA,NA,NA,NA,NA,NA,NA,NA,NA,NA,NA,NA,NA,NA,NA,NA,NA,NA,NA,NA,NA
El Salvador,2019,NW,auction,NA,https://allianceforcoffeeexcellence.org/el-salvador-2019/,2,NW,NA,NA,NA,ALOTEPEC-METAPAN,86.87,success,NA,NA,NA,$4.10/lb,"$4,732.88",HUMMINGBIRD COFFEE LLC,NA,NA,NA,523.61,EL IZOTAL,"ASERRADERO Y VENTA DE MADERAS EL PINAR, S.A. DE C.V.","NATURAL, PACAMARA",NA,NA,NA,NA,NA,NA,NA,NA,NA,NA,NA,NA,NA,NA,NA,NA,NA,NA,NA,NA,NA,NA,NA,NA,NA,NA,NA,NA,NA,NA,NA,NA,NA,NA,NA,NA,NA,NA,NA,NA,NA,NA,NA,NA,NA,NA,NA,NA,NA,NA,NA,NA,NA,NA,NA,NA,NA,NA,NA,NA,NA,NA,NA,NA
El Salvador,2019,NW,auction,NA,https://allianceforcoffeeexcellence.org/el-salvador-2019/,2,NW,NA,NA,NA,APANECA-ILAMATEPEC,86.56,success,NA,NA,NA,$4.30/lb,"$2,891.28",Coffee Montage,NA,NA,NA,304.99,TOROGOZ,"REGPA, S. A. DE C. V.","HONEY, PACAMARA",NA,NA,NA,NA,NA,NA,NA,NA,NA,NA,NA,NA,NA,NA,NA,NA,NA,NA,NA,NA,NA,NA,NA,NA,NA,NA,NA,NA,NA,NA,NA,NA,NA,NA,NA,NA,NA,NA,NA,NA,NA,NA,NA,NA,NA,NA,NA,NA,NA,NA,NA,NA,NA,NA,NA,NA,NA,NA,NA,NA,NA,NA,NA,NA
El Salvador,2019,NW,auction,NA,https://allianceforcoffeeexcellence.org/el-salvador-2019/,2,NW,NA,NA,NA,ALOTEPEC-METAPAN,86.15,success,NA,NA,NA,$4.50/lb,"$7,548.62",HUMMINGBIRD COFFEE LLC,NA,NA,NA,760.89,MARGARITA,MARIA ZOILA PINEDA DE RIVERA,"WASHED, PACAMARA",NA,NA,NA,NA,NA,NA,NA,NA,NA,NA,NA,NA,NA,NA,NA,NA,NA,NA,NA,NA,NA,NA,NA,NA,NA,NA,NA,NA,NA,NA,NA,NA,NA,NA,NA,NA,NA,NA,NA,NA,NA,NA,NA,NA,NA,NA,NA,NA,NA,NA,NA,NA,NA,NA,NA,NA,NA,NA,NA,NA,NA,NA,NA,NA
El Salvador,2019,NW,auction,NA,https://allianceforcoffeeexcellence.org/el-salvador-2019/,2,NW,NA,NA,NA,APANECA-ILAMATEPEC,85.88,success,NA,NA,NA,$3.50/lb,"$2,903.81",Kasai Coffee,NA,NA,NA,376.33,ARGENTINA,"CUCHUBAL, S.A. DE C.V.","NATURAL, HIBRIDO CENTRO-AMERICANO",NA,NA,NA,NA,NA,NA,NA,NA,NA,NA,NA,NA,NA,NA,NA,NA,NA,NA,NA,NA,NA,NA,NA,NA,NA,NA,NA,NA,NA,NA,NA,NA,NA,NA,NA,NA,NA,NA,NA,NA,NA,NA,NA,NA,NA,NA,NA,NA,NA,NA,NA,NA,NA,NA,NA,NA,NA,NA,NA,NA,NA,NA,NA,NA
El Salvador,2019,NW,auction,NA,https://allianceforcoffeeexcellence.org/el-salvador-2019/,2,NW,NA,NA,NA,ALOTEPEC-METAPAN,85.79,success,NA,NA,NA,$3.60/lb,"$3,167.28",EL CAFE COFFEE ROASTERS,NA,NA,NA,399.07,EL RELLENO,NELY YESENIA LANDAVERDE FLORES,"WASHED, PACAMARA",NA,NA,NA,NA,NA,NA,NA,NA,NA,NA,NA,NA,NA,NA,NA,NA,NA,NA,NA,NA,NA,NA,NA,NA,NA,NA,NA,NA,NA,NA,NA,NA,NA,NA,NA,NA,NA,NA,NA,NA,NA,NA,NA,NA,NA,NA,NA,NA,NA,NA,NA,NA,NA,NA,NA,NA,NA,NA,NA,NA,NA,NA,NA,NA
El Salvador,2019,NW,auction,NA,https://allianceforcoffeeexcellence.org/el-salvador-2019/,2,NW,NA,NA,NA,ALOTEPEC-METAPAN,85.32,success,NA,NA,NA,$3.80/lb,"$4,420.77","cafe DAZAC, Eungubiro Roasters, Crema Costa",NA,NA,NA,527.69,LOS VASQUEZ,ALEJANDRO VASQUEZ,"WASHED, PACAMARA",NA,NA,NA,NA,NA,NA,NA,NA,NA,NA,NA,NA,NA,NA,NA,NA,NA,NA,NA,NA,NA,NA,NA,NA,NA,NA,NA,NA,NA,NA,NA,NA,NA,NA,NA,NA,NA,NA,NA,NA,NA,NA,NA,NA,NA,NA,NA,NA,NA,NA,NA,NA,NA,NA,NA,NA,NA,NA,NA,NA,NA,NA,NA,NA
El Salvador,2019,NW,auction,NA,https://allianceforcoffeeexcellence.org/el-salvador-2019/,2,NW,NA,NA,NA,,Totals:,success,NA,NA,NA,$4.02/lb,"$25,664.64",,NA,NA,NA,,,,,NA,NA,NA,NA,NA,NA,NA,NA,NA,NA,NA,NA,NA,NA,NA,NA,NA,NA,NA,NA,NA,NA,NA,NA,NA,NA,NA,NA,NA,NA,NA,NA,NA,NA,NA,NA,NA,NA,NA,NA,NA,NA,NA,NA,NA,NA,NA,NA,NA,NA,NA,NA,NA,NA,NA,NA,NA,NA,NA,NA,NA,NA,NA,NA
El Salvador,2020,COE,auction,NA,https://allianceforcoffeeexcellence.org/el-salvador-2020/,1,1a,NA,NA,NA,NA,90.31,success,NA,NA,NA,$80.10,"$51,079.77",NA,NA,NA,NA,NA,Divina Providencia,NA,NA,637.7,"Maruyama Coffee, Uchida Coffee, Harrods, Difference Coffee, Cometeer, Goodboybob Coffee",NA,NA,NA,NA,NA,NA,NA,NA,NA,NA,NA,NA,NA,NA,NA,NA,NA,NA,NA,NA,NA,NA,NA,NA,NA,NA,NA,NA,NA,NA,NA,NA,NA,NA,NA,NA,NA,NA,NA,NA,NA,NA,NA,NA,NA,NA,NA,NA,NA,NA,NA,NA,NA,NA,NA,NA,NA,NA,NA,NA,NA,NA
El Salvador,2020,COE,auction,NA,https://allianceforcoffeeexcellence.org/el-salvador-2020/,1,1b,NA,NA,NA,NA,90.31,success,NA,NA,NA,$60.10,"$37,762.03",NA,NA,NA,NA,NA,Divina Providencia,NA,NA,628.32,AL QAHWA AL ARABIAH,NA,NA,NA,NA,NA,NA,NA,NA,NA,NA,NA,NA,NA,NA,NA,NA,NA,NA,NA,NA,NA,NA,NA,NA,NA,NA,NA,NA,NA,NA,NA,NA,NA,NA,NA,NA,NA,NA,NA,NA,NA,NA,NA,NA,NA,NA,NA,NA,NA,NA,NA,NA,NA,NA,NA,NA,NA,NA,NA,NA,NA,NA
El Salvador,2020,COE,auction,NA,https://allianceforcoffeeexcellence.org/el-salvador-2020/,1,2,NA,NA,NA,NA,89.91,success,NA,NA,NA,$30.50,"$27,785.50",NA,NA,NA,NA,NA,La Bonita,NA,NA,911,"Kyokuto Fadie Corporation & ARAB COFFEE CO., LTD.",NA,NA,NA,NA,NA,NA,NA,NA,NA,NA,NA,NA,NA,NA,NA,NA,NA,NA,NA,NA,NA,NA,NA,NA,NA,NA,NA,NA,NA,NA,NA,NA,NA,NA,NA,NA,NA,NA,NA,NA,NA,NA,NA,NA,NA,NA,NA,NA,NA,NA,NA,NA,NA,NA,NA,NA,NA,NA,NA,NA,NA,NA
El Salvador,2020,COE,auction,NA,https://allianceforcoffeeexcellence.org/el-salvador-2020/,1,3,NA,NA,NA,NA,89.53,success,NA,NA,NA,$26.80,"$27,336.00",NA,NA,NA,NA,NA,Mileydi,NA,NA,"1,020.00","Time’s Club, Coffee Libre, Valley Coffee(China), EL CAFE coffee roasters, Coffee Montage, 304 roasters, Coffee Place, FEBRUARY ROASTERS",NA,NA,NA,NA,NA,NA,NA,NA,NA,NA,NA,NA,NA,NA,NA,NA,NA,NA,NA,NA,NA,NA,NA,NA,NA,NA,NA,NA,NA,NA,NA,NA,NA,NA,NA,NA,NA,NA,NA,NA,NA,NA,NA,NA,NA,NA,NA,NA,NA,NA,NA,NA,NA,NA,NA,NA,NA,NA,NA,NA,NA,NA
El Salvador,2020,COE,auction,NA,https://allianceforcoffeeexcellence.org/el-salvador-2020/,1,4,NA,NA,NA,NA,89.16,success,NA,NA,NA,$48.60,"$43,059.60",NA,NA,NA,NA,NA,La Pacaya,NA,NA,886,Fisher Coffee / M2M Coffee Roasters / 广州犀咖烘焙有限公司 / 啟程拓殖 / 芦田家咖啡研习社 / Captain George Coffee Roaster / Latorre & Dutch Coffee (China),NA,NA,NA,NA,NA,NA,NA,NA,NA,NA,NA,NA,NA,NA,NA,NA,NA,NA,NA,NA,NA,NA,NA,NA,NA,NA,NA,NA,NA,NA,NA,NA,NA,NA,NA,NA,NA,NA,NA,NA,NA,NA,NA,NA,NA,NA,NA,NA,NA,NA,NA,NA,NA,NA,NA,NA,NA,NA,NA,NA,NA,NA
El Salvador,2020,COE,auction,NA,https://allianceforcoffeeexcellence.org/el-salvador-2020/,1,5,NA,NA,NA,NA,89.06,success,NA,NA,NA,$22.50,"$24,637.50",NA,NA,NA,NA,NA,Los Angeles,NA,NA,"1,095.00",Cypher Roastery LLC,NA,NA,NA,NA,NA,NA,NA,NA,NA,NA,NA,NA,NA,NA,NA,NA,NA,NA,NA,NA,NA,NA,NA,NA,NA,NA,NA,NA,NA,NA,NA,NA,NA,NA,NA,NA,NA,NA,NA,NA,NA,NA,NA,NA,NA,NA,NA,NA,NA,NA,NA,NA,NA,NA,NA,NA,NA,NA,NA,NA,NA,NA
El Salvador,2020,COE,auction,NA,https://allianceforcoffeeexcellence.org/el-salvador-2020/,1,6,NA,NA,NA,NA,88.81,success,NA,NA,NA,$20.30,"$12,078.50",NA,NA,NA,NA,NA,El Amel,NA,NA,595,BLACKUP COFFEE COMPANY,NA,NA,NA,NA,NA,NA,NA,NA,NA,NA,NA,NA,NA,NA,NA,NA,NA,NA,NA,NA,NA,NA,NA,NA,NA,NA,NA,NA,NA,NA,NA,NA,NA,NA,NA,NA,NA,NA,NA,NA,NA,NA,NA,NA,NA,NA,NA,NA,NA,NA,NA,NA,NA,NA,NA,NA,NA,NA,NA,NA,NA,NA
El Salvador,2020,COE,auction,NA,https://allianceforcoffeeexcellence.org/el-salvador-2020/,1,7,NA,NA,NA,NA,88.75,success,NA,NA,NA,$17.60,"$15,628.80",NA,NA,NA,NA,NA,El Aguila,NA,NA,888,Campos Coffee,NA,NA,NA,NA,NA,NA,NA,NA,NA,NA,NA,NA,NA,NA,NA,NA,NA,NA,NA,NA,NA,NA,NA,NA,NA,NA,NA,NA,NA,NA,NA,NA,NA,NA,NA,NA,NA,NA,NA,NA,NA,NA,NA,NA,NA,NA,NA,NA,NA,NA,NA,NA,NA,NA,NA,NA,NA,NA,NA,NA,NA,NA
El Salvador,2020,COE,auction,NA,https://allianceforcoffeeexcellence.org/el-salvador-2020/,1,8,NA,NA,NA,NA,88.69,success,NA,NA,NA,$17.20,"$27,141.60",NA,NA,NA,NA,NA,La Bendicion 2,NA,NA,"1,578.00",Sarutahiko Coffee Inc.,NA,NA,NA,NA,NA,NA,NA,NA,NA,NA,NA,NA,NA,NA,NA,NA,NA,NA,NA,NA,NA,NA,NA,NA,NA,NA,NA,NA,NA,NA,NA,NA,NA,NA,NA,NA,NA,NA,NA,NA,NA,NA,NA,NA,NA,NA,NA,NA,NA,NA,NA,NA,NA,NA,NA,NA,NA,NA,NA,NA,NA,NA
El Salvador,2020,COE,auction,NA,https://allianceforcoffeeexcellence.org/el-salvador-2020/,1,9,NA,NA,NA,NA,88.69,success,NA,NA,NA,$19.10,"$16,960.80",NA,NA,NA,NA,NA,Benasque,NA,NA,888,M.I.COFFEE CORPORATION,NA,NA,NA,NA,NA,NA,NA,NA,NA,NA,NA,NA,NA,NA,NA,NA,NA,NA,NA,NA,NA,NA,NA,NA,NA,NA,NA,NA,NA,NA,NA,NA,NA,NA,NA,NA,NA,NA,NA,NA,NA,NA,NA,NA,NA,NA,NA,NA,NA,NA,NA,NA,NA,NA,NA,NA,NA,NA,NA,NA,NA,NA
El Salvador,2020,COE,auction,NA,https://allianceforcoffeeexcellence.org/el-salvador-2020/,1,10,NA,NA,NA,NA,88.5,success,NA,NA,NA,$19.90,"$10,785.80",NA,NA,NA,NA,NA,Santa Rosa,NA,NA,542,Kyokuto Fadie Corporation,NA,NA,NA,NA,NA,NA,NA,NA,NA,NA,NA,NA,NA,NA,NA,NA,NA,NA,NA,NA,NA,NA,NA,NA,NA,NA,NA,NA,NA,NA,NA,NA,NA,NA,NA,NA,NA,NA,NA,NA,NA,NA,NA,NA,NA,NA,NA,NA,NA,NA,NA,NA,NA,NA,NA,NA,NA,NA,NA,NA,NA,NA
El Salvador,2020,COE,auction,NA,https://allianceforcoffeeexcellence.org/el-salvador-2020/,1,11,NA,NA,NA,NA,88.38,success,NA,NA,NA,$14.00,"$13,286.00",NA,NA,NA,NA,NA,Las Palmas,NA,NA,949,"Bohemian (An-am), ESCUDO Coffee",NA,NA,NA,NA,NA,NA,NA,NA,NA,NA,NA,NA,NA,NA,NA,NA,NA,NA,NA,NA,NA,NA,NA,NA,NA,NA,NA,NA,NA,NA,NA,NA,NA,NA,NA,NA,NA,NA,NA,NA,NA,NA,NA,NA,NA,NA,NA,NA,NA,NA,NA,NA,NA,NA,NA,NA,NA,NA,NA,NA,NA,NA
El Salvador,2020,COE,auction,NA,https://allianceforcoffeeexcellence.org/el-salvador-2020/,1,12,NA,NA,NA,NA,88.31,success,NA,NA,NA,$19.70,"$24,112.80",NA,NA,NA,NA,NA,El Derrumbo,NA,NA,"1,224.00",TAKAMURA COFFEE ROASTERS,NA,NA,NA,NA,NA,NA,NA,NA,NA,NA,NA,NA,NA,NA,NA,NA,NA,NA,NA,NA,NA,NA,NA,NA,NA,NA,NA,NA,NA,NA,NA,NA,NA,NA,NA,NA,NA,NA,NA,NA,NA,NA,NA,NA,NA,NA,NA,NA,NA,NA,NA,NA,NA,NA,NA,NA,NA,NA,NA,NA,NA,NA
El Salvador,2020,COE,auction,NA,https://allianceforcoffeeexcellence.org/el-salvador-2020/,1,13,NA,NA,NA,NA,87.88,success,NA,NA,NA,$20.20,"$13,554.20",NA,NA,NA,NA,NA,La Campanula,NA,NA,671,Orsir Coffee(Taiwan),NA,NA,NA,NA,NA,NA,NA,NA,NA,NA,NA,NA,NA,NA,NA,NA,NA,NA,NA,NA,NA,NA,NA,NA,NA,NA,NA,NA,NA,NA,NA,NA,NA,NA,NA,NA,NA,NA,NA,NA,NA,NA,NA,NA,NA,NA,NA,NA,NA,NA,NA,NA,NA,NA,NA,NA,NA,NA,NA,NA,NA,NA
El Salvador,2020,COE,auction,NA,https://allianceforcoffeeexcellence.org/el-salvador-2020/,1,14,NA,NA,NA,NA,87.75,success,NA,NA,NA,$23.10,"$9,240.00",NA,NA,NA,NA,NA,Las Duanas,NA,NA,400,Sulalat Coffee Trading,NA,NA,NA,NA,NA,NA,NA,NA,NA,NA,NA,NA,NA,NA,NA,NA,NA,NA,NA,NA,NA,NA,NA,NA,NA,NA,NA,NA,NA,NA,NA,NA,NA,NA,NA,NA,NA,NA,NA,NA,NA,NA,NA,NA,NA,NA,NA,NA,NA,NA,NA,NA,NA,NA,NA,NA,NA,NA,NA,NA,NA,NA
El Salvador,2020,COE,auction,NA,https://allianceforcoffeeexcellence.org/el-salvador-2020/,1,15,NA,NA,NA,NA,87.75,success,NA,NA,NA,$33.20,"$21,380.80",NA,NA,NA,NA,NA,Noruega,NA,NA,644,Sulalat Coffee Trading,NA,NA,NA,NA,NA,NA,NA,NA,NA,NA,NA,NA,NA,NA,NA,NA,NA,NA,NA,NA,NA,NA,NA,NA,NA,NA,NA,NA,NA,NA,NA,NA,NA,NA,NA,NA,NA,NA,NA,NA,NA,NA,NA,NA,NA,NA,NA,NA,NA,NA,NA,NA,NA,NA,NA,NA,NA,NA,NA,NA,NA,NA
El Salvador,2020,COE,auction,NA,https://allianceforcoffeeexcellence.org/el-salvador-2020/,1,16,NA,NA,NA,NA,87.63,success,NA,NA,NA,$12.65,"$21,036.95",NA,NA,NA,NA,NA,Las Ventanas,NA,NA,"1,663.00",Honu Kato Coffee Inc.,NA,NA,NA,NA,NA,NA,NA,NA,NA,NA,NA,NA,NA,NA,NA,NA,NA,NA,NA,NA,NA,NA,NA,NA,NA,NA,NA,NA,NA,NA,NA,NA,NA,NA,NA,NA,NA,NA,NA,NA,NA,NA,NA,NA,NA,NA,NA,NA,NA,NA,NA,NA,NA,NA,NA,NA,NA,NA,NA,NA,NA,NA
El Salvador,2020,COE,auction,NA,https://allianceforcoffeeexcellence.org/el-salvador-2020/,1,17,NA,NA,NA,NA,87.63,success,NA,NA,NA,$13.10,"$8,816.30",NA,NA,NA,NA,NA,Roxanita,NA,NA,673,"COFFEE COUNTY, RIO COFFEE, KARIOMONS COFFEE ROASTER",NA,NA,NA,NA,NA,NA,NA,NA,NA,NA,NA,NA,NA,NA,NA,NA,NA,NA,NA,NA,NA,NA,NA,NA,NA,NA,NA,NA,NA,NA,NA,NA,NA,NA,NA,NA,NA,NA,NA,NA,NA,NA,NA,NA,NA,NA,NA,NA,NA,NA,NA,NA,NA,NA,NA,NA,NA,NA,NA,NA,NA,NA
El Salvador,2020,COE,auction,NA,https://allianceforcoffeeexcellence.org/el-salvador-2020/,1,18,NA,NA,NA,NA,87.5,success,NA,NA,NA,$14.10,"$13,959.00",NA,NA,NA,NA,NA,Las Brumas,NA,NA,990,"Wataru & Co., Ltd.",NA,NA,NA,NA,NA,NA,NA,NA,NA,NA,NA,NA,NA,NA,NA,NA,NA,NA,NA,NA,NA,NA,NA,NA,NA,NA,NA,NA,NA,NA,NA,NA,NA,NA,NA,NA,NA,NA,NA,NA,NA,NA,NA,NA,NA,NA,NA,NA,NA,NA,NA,NA,NA,NA,NA,NA,NA,NA,NA,NA,NA,NA
El Salvador,2020,COE,auction,NA,https://allianceforcoffeeexcellence.org/el-salvador-2020/,1,19,NA,NA,NA,NA,87.44,success,NA,NA,NA,$12.70,"$9,245.60",NA,NA,NA,NA,NA,El Topacio,NA,NA,728,Wataru for Nozy Coffee,NA,NA,NA,NA,NA,NA,NA,NA,NA,NA,NA,NA,NA,NA,NA,NA,NA,NA,NA,NA,NA,NA,NA,NA,NA,NA,NA,NA,NA,NA,NA,NA,NA,NA,NA,NA,NA,NA,NA,NA,NA,NA,NA,NA,NA,NA,NA,NA,NA,NA,NA,NA,NA,NA,NA,NA,NA,NA,NA,NA,NA,NA
El Salvador,2020,COE,auction,NA,https://allianceforcoffeeexcellence.org/el-salvador-2020/,1,20,NA,NA,NA,NA,87.25,success,NA,NA,NA,$12.10,"$24,756.60",NA,NA,NA,NA,NA,San Andres,NA,NA,"2,046.00","Wataru & Co., Ltd.",NA,NA,NA,NA,NA,NA,NA,NA,NA,NA,NA,NA,NA,NA,NA,NA,NA,NA,NA,NA,NA,NA,NA,NA,NA,NA,NA,NA,NA,NA,NA,NA,NA,NA,NA,NA,NA,NA,NA,NA,NA,NA,NA,NA,NA,NA,NA,NA,NA,NA,NA,NA,NA,NA,NA,NA,NA,NA,NA,NA,NA,NA
El Salvador,2020,COE,auction,NA,https://allianceforcoffeeexcellence.org/el-salvador-2020/,1,21,NA,NA,NA,NA,87.25,success,NA,NA,NA,$12.20,"$11,053.20",NA,NA,NA,NA,NA,Don Octavio,NA,NA,906,Dabov Specialty Coffee & Ascension Coffee Roasters,NA,NA,NA,NA,NA,NA,NA,NA,NA,NA,NA,NA,NA,NA,NA,NA,NA,NA,NA,NA,NA,NA,NA,NA,NA,NA,NA,NA,NA,NA,NA,NA,NA,NA,NA,NA,NA,NA,NA,NA,NA,NA,NA,NA,NA,NA,NA,NA,NA,NA,NA,NA,NA,NA,NA,NA,NA,NA,NA,NA,NA,NA
El Salvador,2020,COE,auction,NA,https://allianceforcoffeeexcellence.org/el-salvador-2020/,1,22,NA,NA,NA,NA,87.25,success,NA,NA,NA,$19.80,"$10,909.80",NA,NA,NA,NA,NA,Los Pirineos,NA,NA,551,Saza Coffee,NA,NA,NA,NA,NA,NA,NA,NA,NA,NA,NA,NA,NA,NA,NA,NA,NA,NA,NA,NA,NA,NA,NA,NA,NA,NA,NA,NA,NA,NA,NA,NA,NA,NA,NA,NA,NA,NA,NA,NA,NA,NA,NA,NA,NA,NA,NA,NA,NA,NA,NA,NA,NA,NA,NA,NA,NA,NA,NA,NA,NA,NA
El Salvador,2020,COE,auction,NA,https://allianceforcoffeeexcellence.org/el-salvador-2020/,1,Totals:,NA,NA,NA,NA,,success,NA,NA,NA,$22.53/lb,"$475,607.15",NA,NA,NA,NA,NA,,NA,NA,"21,114.02lbs",,NA,NA,NA,NA,NA,NA,NA,NA,NA,NA,NA,NA,NA,NA,NA,NA,NA,NA,NA,NA,NA,NA,NA,NA,NA,NA,NA,NA,NA,NA,NA,NA,NA,NA,NA,NA,NA,NA,NA,NA,NA,NA,NA,NA,NA,NA,NA,NA,NA,NA,NA,NA,NA,NA,NA,NA,NA,NA,NA,NA,NA,NA
El Salvador,2020,NW,auction,NA,https://allianceforcoffeeexcellence.org/el-salvador-2020/,2,NW,NA,NA,NA,NA,86.88,success,NA,NA,NA,$6.00,"$6,444.00",Sarutahiko Coffee Inc.,NA,NA,NA,NA,La Laguna,NA,NA,1074,NA,NA,NA,NA,NA,NA,NA,NA,NA,NA,NA,NA,NA,NA,NA,NA,NA,NA,NA,NA,NA,NA,NA,NA,NA,NA,NA,NA,NA,NA,NA,NA,NA,NA,NA,NA,NA,NA,NA,NA,NA,NA,NA,NA,NA,NA,NA,NA,NA,NA,NA,NA,NA,NA,NA,NA,NA,NA,NA,NA,NA,NA,NA
El Salvador,2020,NW,auction,NA,https://allianceforcoffeeexcellence.org/el-salvador-2020/,2,NW,NA,NA,NA,NA,86.25,success,NA,NA,NA,$5.90,"$5,829.20",Sarutahiko Coffee Inc.,NA,NA,NA,NA,Andalucia,NA,NA,988.00,NA,NA,NA,NA,NA,NA,NA,NA,NA,NA,NA,NA,NA,NA,NA,NA,NA,NA,NA,NA,NA,NA,NA,NA,NA,NA,NA,NA,NA,NA,NA,NA,NA,NA,NA,NA,NA,NA,NA,NA,NA,NA,NA,NA,NA,NA,NA,NA,NA,NA,NA,NA,NA,NA,NA,NA,NA,NA,NA,NA,NA,NA,NA
El Salvador,2020,NW,auction,NA,https://allianceforcoffeeexcellence.org/el-salvador-2020/,2,NW,NA,NA,NA,NA,86.13,success,NA,NA,NA,$12.30,"$8,388.60",Sarutahiko Coffee Inc.,NA,NA,NA,NA,La Esperanza,NA,NA,682.00,NA,NA,NA,NA,NA,NA,NA,NA,NA,NA,NA,NA,NA,NA,NA,NA,NA,NA,NA,NA,NA,NA,NA,NA,NA,NA,NA,NA,NA,NA,NA,NA,NA,NA,NA,NA,NA,NA,NA,NA,NA,NA,NA,NA,NA,NA,NA,NA,NA,NA,NA,NA,NA,NA,NA,NA,NA,NA,NA,NA,NA,NA,NA
El Salvador,2020,NW,auction,NA,https://allianceforcoffeeexcellence.org/el-salvador-2020/,2,NW,NA,NA,NA,NA,85.91,success,NA,NA,NA,$7.50,"$4,687.50",Wataru for Nozy Coffee,NA,NA,NA,NA,El Ausol,NA,NA,625,NA,NA,NA,NA,NA,NA,NA,NA,NA,NA,NA,NA,NA,NA,NA,NA,NA,NA,NA,NA,NA,NA,NA,NA,NA,NA,NA,NA,NA,NA,NA,NA,NA,NA,NA,NA,NA,NA,NA,NA,NA,NA,NA,NA,NA,NA,NA,NA,NA,NA,NA,NA,NA,NA,NA,NA,NA,NA,NA,NA,NA,NA,NA
El Salvador,2020,NW,auction,NA,https://allianceforcoffeeexcellence.org/el-salvador-2020/,2,NW,NA,NA,NA,NA,85.89,success,NA,NA,NA,$5.10,"$3,417.00",Bokkum Coffee Roasters & GIL-COFFEE,NA,NA,NA,NA,La Fany,NA,NA,670,NA,NA,NA,NA,NA,NA,NA,NA,NA,NA,NA,NA,NA,NA,NA,NA,NA,NA,NA,NA,NA,NA,NA,NA,NA,NA,NA,NA,NA,NA,NA,NA,NA,NA,NA,NA,NA,NA,NA,NA,NA,NA,NA,NA,NA,NA,NA,NA,NA,NA,NA,NA,NA,NA,NA,NA,NA,NA,NA,NA,NA,NA,NA
El Salvador,2020,NW,auction,NA,https://allianceforcoffeeexcellence.org/el-salvador-2020/,2,NW,NA,NA,NA,NA,85.81,success,NA,NA,NA,$5.20,"$6,297.20",HUMMINGBIRD COFFEE LLC,NA,NA,NA,NA,Don Jaime,NA,NA,1211,NA,NA,NA,NA,NA,NA,NA,NA,NA,NA,NA,NA,NA,NA,NA,NA,NA,NA,NA,NA,NA,NA,NA,NA,NA,NA,NA,NA,NA,NA,NA,NA,NA,NA,NA,NA,NA,NA,NA,NA,NA,NA,NA,NA,NA,NA,NA,NA,NA,NA,NA,NA,NA,NA,NA,NA,NA,NA,NA,NA,NA,NA,NA
El Salvador,2020,NW,auction,NA,https://allianceforcoffeeexcellence.org/el-salvador-2020/,2,NW,NA,NA,NA,NA,85.59,success,NA,NA,NA,$5.30,"$6,852.90","cafe DAZAC, Eungubiro Roasters, Crema Costa",NA,NA,NA,NA,Malacara Lote A,NA,NA,"1,293.00",NA,NA,NA,NA,NA,NA,NA,NA,NA,NA,NA,NA,NA,NA,NA,NA,NA,NA,NA,NA,NA,NA,NA,NA,NA,NA,NA,NA,NA,NA,NA,NA,NA,NA,NA,NA,NA,NA,NA,NA,NA,NA,NA,NA,NA,NA,NA,NA,NA,NA,NA,NA,NA,NA,NA,NA,NA,NA,NA,NA,NA,NA,NA
El Salvador,2020,NW,auction,NA,https://allianceforcoffeeexcellence.org/el-salvador-2020/,2,NW,NA,NA,NA,NA,85.55,success,NA,NA,NA,$5.50,"$5,956.50","cafe DAZAC, Eungubiro Roasters, Crema Costa",NA,NA,NA,NA,Santa Josefina,NA,NA,1083,NA,NA,NA,NA,NA,NA,NA,NA,NA,NA,NA,NA,NA,NA,NA,NA,NA,NA,NA,NA,NA,NA,NA,NA,NA,NA,NA,NA,NA,NA,NA,NA,NA,NA,NA,NA,NA,NA,NA,NA,NA,NA,NA,NA,NA,NA,NA,NA,NA,NA,NA,NA,NA,NA,NA,NA,NA,NA,NA,NA,NA,NA,NA
El Salvador,2020,NW,auction,NA,https://allianceforcoffeeexcellence.org/el-salvador-2020/,2,NW,NA,NA,NA,NA,85.36,success,NA,NA,NA,$5.10,"$4,074.90",HUMMINGBIRD COFFEE LLC,NA,NA,NA,NA,Puerto Arturo,NA,NA,799,NA,NA,NA,NA,NA,NA,NA,NA,NA,NA,NA,NA,NA,NA,NA,NA,NA,NA,NA,NA,NA,NA,NA,NA,NA,NA,NA,NA,NA,NA,NA,NA,NA,NA,NA,NA,NA,NA,NA,NA,NA,NA,NA,NA,NA,NA,NA,NA,NA,NA,NA,NA,NA,NA,NA,NA,NA,NA,NA,NA,NA,NA,NA
El Salvador,2020,NW,auction,NA,https://allianceforcoffeeexcellence.org/el-salvador-2020/,2,NW,NA,NA,NA,NA,85.27,success,NA,NA,NA,$5.00,"$3,450.00",Bokkum Coffee Roasters & GIL-COFFEE,NA,NA,NA,NA,Nueva Granada,NA,NA,690.00,NA,NA,NA,NA,NA,NA,NA,NA,NA,NA,NA,NA,NA,NA,NA,NA,NA,NA,NA,NA,NA,NA,NA,NA,NA,NA,NA,NA,NA,NA,NA,NA,NA,NA,NA,NA,NA,NA,NA,NA,NA,NA,NA,NA,NA,NA,NA,NA,NA,NA,NA,NA,NA,NA,NA,NA,NA,NA,NA,NA,NA,NA,NA
El Salvador,2020,NW,auction,NA,https://allianceforcoffeeexcellence.org/el-salvador-2020/,2,NW,NA,NA,NA,NA,,success,NA,NA,NA,$6.08/lb,"$55,397.80",,NA,NA,NA,NA,,NA,NA,"9,115.00",NA,NA,NA,NA,NA,NA,NA,NA,NA,NA,NA,NA,NA,NA,NA,NA,NA,NA,NA,NA,NA,NA,NA,NA,NA,NA,NA,NA,NA,NA,NA,NA,NA,NA,NA,NA,NA,NA,NA,NA,NA,NA,NA,NA,NA,NA,NA,NA,NA,NA,NA,NA,NA,NA,NA,NA,NA,NA,NA,NA,NA,NA,NA
El Salvador,2021,COE,auction,NA,https://allianceforcoffeeexcellence.org/el-salvador-2021/,2,1a,NA,NA,NA,NA,91.68,success,NA,NA,NA,$70.00,"$37,664.90",NA,NA,NA,NA,NA,Mileydi,NA,NA,538.07,BIGFACE,NA,NA,NA,NA,NA,NA,NA,NA,NA,NA,NA,NA,NA,NA,NA,NA,NA,NA,NA,NA,NA,NA,NA,NA,NA,NA,NA,NA,NA,NA,NA,NA,NA,NA,NA,NA,NA,NA,NA,NA,NA,NA,NA,NA,NA,NA,NA,NA,NA,NA,NA,NA,NA,NA,NA,NA,NA,NA,NA,NA,NA,NA
El Salvador,2021,COE,auction,NA,https://allianceforcoffeeexcellence.org/el-salvador-2021/,2,1b,NA,NA,NA,NA,91.68,success,NA,NA,NA,$64.30,"$34,021.13",NA,NA,NA,NA,NA,Mileydi,NA,NA,529.1,HoneyCoffee (Izaki Coffee Co. Ltd),NA,NA,NA,NA,NA,NA,NA,NA,NA,NA,NA,NA,NA,NA,NA,NA,NA,NA,NA,NA,NA,NA,NA,NA,NA,NA,NA,NA,NA,NA,NA,NA,NA,NA,NA,NA,NA,NA,NA,NA,NA,NA,NA,NA,NA,NA,NA,NA,NA,NA,NA,NA,NA,NA,NA,NA,NA,NA,NA,NA,NA,NA
El Salvador,2021,COE,auction,NA,https://allianceforcoffeeexcellence.org/el-salvador-2021/,2,2a,NA,NA,NA,NA,91.29,success,NA,NA,NA,$65.20,"$10,568.92",NA,NA,NA,NA,NA,El Conacaste,NA,NA,162.1,"Coffee Me Up (Korea), Coffee Therapy (Thailand), Tob Coffee (Arnia Ltd), Cuppingpost
⁣",NA,NA,NA,NA,NA,NA,NA,NA,NA,NA,NA,NA,NA,NA,NA,NA,NA,NA,NA,NA,NA,NA,NA,NA,NA,NA,NA,NA,NA,NA,NA,NA,NA,NA,NA,NA,NA,NA,NA,NA,NA,NA,NA,NA,NA,NA,NA,NA,NA,NA,NA,NA,NA,NA,NA,NA,NA,NA,NA,NA,NA,NA
El Salvador,2021,COE,auction,NA,https://allianceforcoffeeexcellence.org/el-salvador-2021/,2,2b,NA,NA,NA,NA,91.29,success,NA,NA,NA,$64.10,"$8,479.15",NA,NA,NA,NA,NA,El Conacaste,NA,NA,132.28,Latorre & Dutch Coffee (China) for 喬治隊長 Captain George / 芦田家咖啡研习社,NA,NA,NA,NA,NA,NA,NA,NA,NA,NA,NA,NA,NA,NA,NA,NA,NA,NA,NA,NA,NA,NA,NA,NA,NA,NA,NA,NA,NA,NA,NA,NA,NA,NA,NA,NA,NA,NA,NA,NA,NA,NA,NA,NA,NA,NA,NA,NA,NA,NA,NA,NA,NA,NA,NA,NA,NA,NA,NA,NA,NA,NA
El Salvador,2021,COE,auction,NA,https://allianceforcoffeeexcellence.org/el-salvador-2021/,2,3a,NA,NA,NA,NA,90.54,success,NA,NA,NA,$55.90,"$14,070.59",NA,NA,NA,NA,NA,Santa Elena,NA,NA,251.71,BIGFACE,NA,NA,NA,NA,NA,NA,NA,NA,NA,NA,NA,NA,NA,NA,NA,NA,NA,NA,NA,NA,NA,NA,NA,NA,NA,NA,NA,NA,NA,NA,NA,NA,NA,NA,NA,NA,NA,NA,NA,NA,NA,NA,NA,NA,NA,NA,NA,NA,NA,NA,NA,NA,NA,NA,NA,NA,NA,NA,NA,NA,NA,NA
El Salvador,2021,COE,auction,NA,https://allianceforcoffeeexcellence.org/el-salvador-2021/,2,3b,NA,NA,NA,NA,90.54,success,NA,NA,NA,$52.20,"$13,809.51",NA,NA,NA,NA,NA,Santa Elena,NA,NA,264.55,BIGFACE,NA,NA,NA,NA,NA,NA,NA,NA,NA,NA,NA,NA,NA,NA,NA,NA,NA,NA,NA,NA,NA,NA,NA,NA,NA,NA,NA,NA,NA,NA,NA,NA,NA,NA,NA,NA,NA,NA,NA,NA,NA,NA,NA,NA,NA,NA,NA,NA,NA,NA,NA,NA,NA,NA,NA,NA,NA,NA,NA,NA,NA,NA
El Salvador,2021,COE,auction,NA,https://allianceforcoffeeexcellence.org/el-salvador-2021/,2,4,NA,NA,NA,NA,89.68,success,NA,NA,NA,$25.10,"$27,163.47",NA,NA,NA,NA,NA,Las Ventanas,NA,NA,1082.21,Terarosa (Haksan Co. Ltd),NA,NA,NA,NA,NA,NA,NA,NA,NA,NA,NA,NA,NA,NA,NA,NA,NA,NA,NA,NA,NA,NA,NA,NA,NA,NA,NA,NA,NA,NA,NA,NA,NA,NA,NA,NA,NA,NA,NA,NA,NA,NA,NA,NA,NA,NA,NA,NA,NA,NA,NA,NA,NA,NA,NA,NA,NA,NA,NA,NA,NA,NA
El Salvador,2021,COE,auction,NA,https://allianceforcoffeeexcellence.org/el-salvador-2021/,2,5,NA,NA,NA,NA,89.46,success,NA,NA,NA,$24.10,"$8,739.87",NA,NA,NA,NA,NA,Benasque,NA,NA,362.65,Bluekoff / Factory Coffee,NA,NA,NA,NA,NA,NA,NA,NA,NA,NA,NA,NA,NA,NA,NA,NA,NA,NA,NA,NA,NA,NA,NA,NA,NA,NA,NA,NA,NA,NA,NA,NA,NA,NA,NA,NA,NA,NA,NA,NA,NA,NA,NA,NA,NA,NA,NA,NA,NA,NA,NA,NA,NA,NA,NA,NA,NA,NA,NA,NA,NA,NA
El Salvador,2021,COE,auction,NA,https://allianceforcoffeeexcellence.org/el-salvador-2021/,2,6,NA,NA,NA,NA,89.32,success,NA,NA,NA,$41.00,"$11,982.25",NA,NA,NA,NA,NA,La Pacaya,NA,NA,292.25,Arriyadh Roaster,NA,NA,NA,NA,NA,NA,NA,NA,NA,NA,NA,NA,NA,NA,NA,NA,NA,NA,NA,NA,NA,NA,NA,NA,NA,NA,NA,NA,NA,NA,NA,NA,NA,NA,NA,NA,NA,NA,NA,NA,NA,NA,NA,NA,NA,NA,NA,NA,NA,NA,NA,NA,NA,NA,NA,NA,NA,NA,NA,NA,NA,NA
El Salvador,2021,COE,auction,NA,https://allianceforcoffeeexcellence.org/el-salvador-2021/,2,7,NA,NA,NA,NA,89.25,success,NA,NA,NA,$14.50,"$12,354.87",NA,NA,NA,NA,NA,Tres Pozos,NA,NA,852.06,"DABOV Specialty Coffee, Mókuska Caffè, Erste Tegernseer Kaffeerösterei",NA,NA,NA,NA,NA,NA,NA,NA,NA,NA,NA,NA,NA,NA,NA,NA,NA,NA,NA,NA,NA,NA,NA,NA,NA,NA,NA,NA,NA,NA,NA,NA,NA,NA,NA,NA,NA,NA,NA,NA,NA,NA,NA,NA,NA,NA,NA,NA,NA,NA,NA,NA,NA,NA,NA,NA,NA,NA,NA,NA,NA,NA
El Salvador,2021,COE,auction,NA,https://allianceforcoffeeexcellence.org/el-salvador-2021/,2,8,NA,NA,NA,NA,89.11,success,NA,NA,NA,$30.70,"$17,383.57",NA,NA,NA,NA,NA,La Bendicion 2,NA,NA,566.24,Sulalat Coffee Trading,NA,NA,NA,NA,NA,NA,NA,NA,NA,NA,NA,NA,NA,NA,NA,NA,NA,NA,NA,NA,NA,NA,NA,NA,NA,NA,NA,NA,NA,NA,NA,NA,NA,NA,NA,NA,NA,NA,NA,NA,NA,NA,NA,NA,NA,NA,NA,NA,NA,NA,NA,NA,NA,NA,NA,NA,NA,NA,NA,NA,NA,NA
El Salvador,2021,COE,auction,NA,https://allianceforcoffeeexcellence.org/el-salvador-2021/,2,9,NA,NA,NA,NA,89.04,success,NA,NA,NA,$30.00,"$10,735.80",NA,NA,NA,NA,NA,La Libertad,NA,NA,357.86,CK Corporations for Lusso Coffee,NA,NA,NA,NA,NA,NA,NA,NA,NA,NA,NA,NA,NA,NA,NA,NA,NA,NA,NA,NA,NA,NA,NA,NA,NA,NA,NA,NA,NA,NA,NA,NA,NA,NA,NA,NA,NA,NA,NA,NA,NA,NA,NA,NA,NA,NA,NA,NA,NA,NA,NA,NA,NA,NA,NA,NA,NA,NA,NA,NA,NA,NA
El Salvador,2021,COE,auction,NA,https://allianceforcoffeeexcellence.org/el-salvador-2021/,2,10,NA,NA,NA,NA,88.64,success,NA,NA,NA,$38.85,"$18,543.88",NA,NA,NA,NA,NA,La Esperanza,NA,NA,477.32,Latorre & Dutch Coffee (China) for 剁手咖啡群（Cut Hand Group）/ 啟程拓殖 / M2M COFFEE / MANNER COFFEE（China）/ Small Arms Big Heart 有容乃大,NA,NA,NA,NA,NA,NA,NA,NA,NA,NA,NA,NA,NA,NA,NA,NA,NA,NA,NA,NA,NA,NA,NA,NA,NA,NA,NA,NA,NA,NA,NA,NA,NA,NA,NA,NA,NA,NA,NA,NA,NA,NA,NA,NA,NA,NA,NA,NA,NA,NA,NA,NA,NA,NA,NA,NA,NA,NA,NA,NA,NA,NA
El Salvador,2021,COE,auction,NA,https://allianceforcoffeeexcellence.org/el-salvador-2021/,2,11,NA,NA,NA,NA,88.5,success,NA,NA,NA,$17.30,"$17,655.86",NA,NA,NA,NA,NA,La Bonita,NA,NA,1020.57,Sarutahiko Coffee Inc.,NA,NA,NA,NA,NA,NA,NA,NA,NA,NA,NA,NA,NA,NA,NA,NA,NA,NA,NA,NA,NA,NA,NA,NA,NA,NA,NA,NA,NA,NA,NA,NA,NA,NA,NA,NA,NA,NA,NA,NA,NA,NA,NA,NA,NA,NA,NA,NA,NA,NA,NA,NA,NA,NA,NA,NA,NA,NA,NA,NA,NA,NA
El Salvador,2021,COE,auction,NA,https://allianceforcoffeeexcellence.org/el-salvador-2021/,2,12,NA,NA,NA,NA,88.5,success,NA,NA,NA,$22.55,"$6,455.84",NA,NA,NA,NA,NA,Santa Rosa,NA,NA,286.29,"Boqueron Coffee 火萨
百啡待兴100FFEE CAFE
KOMENCU Coffee（启程）",NA,NA,NA,NA,NA,NA,NA,NA,NA,NA,NA,NA,NA,NA,NA,NA,NA,NA,NA,NA,NA,NA,NA,NA,NA,NA,NA,NA,NA,NA,NA,NA,NA,NA,NA,NA,NA,NA,NA,NA,NA,NA,NA,NA,NA,NA,NA,NA,NA,NA,NA,NA,NA,NA,NA,NA,NA,NA,NA,NA,NA,NA
El Salvador,2021,COE,auction,NA,https://allianceforcoffeeexcellence.org/el-salvador-2021/,2,13,NA,NA,NA,NA,88.4,success,NA,NA,NA,$38.85,"$19,923.06",NA,NA,NA,NA,NA,Santa Juana,NA,NA,512.82,Latorre & Dutch Coffee (China) for FISHER COFFEE 啡舍 / 啟程拓殖 / MANNER COFFEE (China）/ 领地 La Finca,NA,NA,NA,NA,NA,NA,NA,NA,NA,NA,NA,NA,NA,NA,NA,NA,NA,NA,NA,NA,NA,NA,NA,NA,NA,NA,NA,NA,NA,NA,NA,NA,NA,NA,NA,NA,NA,NA,NA,NA,NA,NA,NA,NA,NA,NA,NA,NA,NA,NA,NA,NA,NA,NA,NA,NA,NA,NA,NA,NA,NA,NA
El Salvador,2021,COE,auction,NA,https://allianceforcoffeeexcellence.org/el-salvador-2021/,2,14,NA,NA,NA,NA,88.23,success,NA,NA,NA,$14.20,"$7,079.98",NA,NA,NA,NA,NA,Don Octavio,NA,NA,498.59,Wataru for Voila Coffee,NA,NA,NA,NA,NA,NA,NA,NA,NA,NA,NA,NA,NA,NA,NA,NA,NA,NA,NA,NA,NA,NA,NA,NA,NA,NA,NA,NA,NA,NA,NA,NA,NA,NA,NA,NA,NA,NA,NA,NA,NA,NA,NA,NA,NA,NA,NA,NA,NA,NA,NA,NA,NA,NA,NA,NA,NA,NA,NA,NA,NA,NA
El Salvador,2021,COE,auction,NA,https://allianceforcoffeeexcellence.org/el-salvador-2021/,2,15,NA,NA,NA,NA,88.13,success,NA,NA,NA,$11.40,"$13,234.03",NA,NA,NA,NA,NA,Los Pozos,NA,NA,1160.88,Kaffebrenneriet As,NA,NA,NA,NA,NA,NA,NA,NA,NA,NA,NA,NA,NA,NA,NA,NA,NA,NA,NA,NA,NA,NA,NA,NA,NA,NA,NA,NA,NA,NA,NA,NA,NA,NA,NA,NA,NA,NA,NA,NA,NA,NA,NA,NA,NA,NA,NA,NA,NA,NA,NA,NA,NA,NA,NA,NA,NA,NA,NA,NA,NA,NA
El Salvador,2021,COE,auction,NA,https://allianceforcoffeeexcellence.org/el-salvador-2021/,2,16,NA,NA,NA,NA,87.97,success,NA,NA,NA,$15.10,"$9,155.28",NA,NA,NA,NA,NA,El Milagro,NA,NA,606.31,"Boqueron Coffee 火萨
云南物海文亮
Global Beans
嗒啡馆Coffee Daap",NA,NA,NA,NA,NA,NA,NA,NA,NA,NA,NA,NA,NA,NA,NA,NA,NA,NA,NA,NA,NA,NA,NA,NA,NA,NA,NA,NA,NA,NA,NA,NA,NA,NA,NA,NA,NA,NA,NA,NA,NA,NA,NA,NA,NA,NA,NA,NA,NA,NA,NA,NA,NA,NA,NA,NA,NA,NA,NA,NA,NA,NA
El Salvador,2021,COE,auction,NA,https://allianceforcoffeeexcellence.org/el-salvador-2021/,2,17,NA,NA,NA,NA,87.57,success,NA,NA,NA,$11.20,"$12,938.13",NA,NA,NA,NA,NA,La Montañita,NA,NA,1155.19,Kyokuto Fadie Corporation,NA,NA,NA,NA,NA,NA,NA,NA,NA,NA,NA,NA,NA,NA,NA,NA,NA,NA,NA,NA,NA,NA,NA,NA,NA,NA,NA,NA,NA,NA,NA,NA,NA,NA,NA,NA,NA,NA,NA,NA,NA,NA,NA,NA,NA,NA,NA,NA,NA,NA,NA,NA,NA,NA,NA,NA,NA,NA,NA,NA,NA,NA
El Salvador,2021,COE,auction,NA,https://allianceforcoffeeexcellence.org/el-salvador-2021/,2,18,NA,NA,NA,NA,87.5,success,NA,NA,NA,$14.40,"$7,307.28",NA,NA,NA,NA,NA,El Aguila,NA,NA,507.45,"Tashiro Coffee Co., Ltd",NA,NA,NA,NA,NA,NA,NA,NA,NA,NA,NA,NA,NA,NA,NA,NA,NA,NA,NA,NA,NA,NA,NA,NA,NA,NA,NA,NA,NA,NA,NA,NA,NA,NA,NA,NA,NA,NA,NA,NA,NA,NA,NA,NA,NA,NA,NA,NA,NA,NA,NA,NA,NA,NA,NA,NA,NA,NA,NA,NA,NA,NA
El Salvador,2021,COE,auction,NA,https://allianceforcoffeeexcellence.org/el-salvador-2021/,2,19,NA,NA,NA,NA,87.5,success,NA,NA,NA,$11.10,"$14,322.00",NA,NA,NA,NA,NA,Santa Josefita,NA,NA,1290.27,"Wataru & Co., Ltd.",NA,NA,NA,NA,NA,NA,NA,NA,NA,NA,NA,NA,NA,NA,NA,NA,NA,NA,NA,NA,NA,NA,NA,NA,NA,NA,NA,NA,NA,NA,NA,NA,NA,NA,NA,NA,NA,NA,NA,NA,NA,NA,NA,NA,NA,NA,NA,NA,NA,NA,NA,NA,NA,NA,NA,NA,NA,NA,NA,NA,NA,NA
El Salvador,2021,COE,auction,NA,https://allianceforcoffeeexcellence.org/el-salvador-2021/,2,20,NA,NA,NA,NA,87.5,success,NA,NA,NA,$14.30,"$7,002.00",NA,NA,NA,NA,NA,Las Margaritas,NA,NA,489.65,Thood Qahwa LTD Co,NA,NA,NA,NA,NA,NA,NA,NA,NA,NA,NA,NA,NA,NA,NA,NA,NA,NA,NA,NA,NA,NA,NA,NA,NA,NA,NA,NA,NA,NA,NA,NA,NA,NA,NA,NA,NA,NA,NA,NA,NA,NA,NA,NA,NA,NA,NA,NA,NA,NA,NA,NA,NA,NA,NA,NA,NA,NA,NA,NA,NA,NA
El Salvador,2021,COE,auction,NA,https://allianceforcoffeeexcellence.org/el-salvador-2021/,2,21,NA,NA,NA,NA,87.47,success,NA,NA,NA,$9.70,"$13,124.68",NA,NA,NA,NA,NA,El Izotal,NA,NA,1353.06,"Wataru & Co., Ltd.",NA,NA,NA,NA,NA,NA,NA,NA,NA,NA,NA,NA,NA,NA,NA,NA,NA,NA,NA,NA,NA,NA,NA,NA,NA,NA,NA,NA,NA,NA,NA,NA,NA,NA,NA,NA,NA,NA,NA,NA,NA,NA,NA,NA,NA,NA,NA,NA,NA,NA,NA,NA,NA,NA,NA,NA,NA,NA,NA,NA,NA,NA
El Salvador,2021,COE,auction,NA,https://allianceforcoffeeexcellence.org/el-salvador-2021/,2,22,NA,NA,NA,NA,87.27,success,NA,NA,NA,$14.20,"$7,302.49",NA,NA,NA,NA,NA,Siberia,NA,NA,514.26,COFFEE COUNTY,NA,NA,NA,NA,NA,NA,NA,NA,NA,NA,NA,NA,NA,NA,NA,NA,NA,NA,NA,NA,NA,NA,NA,NA,NA,NA,NA,NA,NA,NA,NA,NA,NA,NA,NA,NA,NA,NA,NA,NA,NA,NA,NA,NA,NA,NA,NA,NA,NA,NA,NA,NA,NA,NA,NA,NA,NA,NA,NA,NA,NA,NA
El Salvador,2021,COE,auction,NA,https://allianceforcoffeeexcellence.org/el-salvador-2021/,2,23,NA,NA,NA,NA,87.23,success,NA,NA,NA,$13.10,"$7,698.74",NA,NA,NA,NA,NA,San Carlos Dos,NA,NA,587.69,"Wataru & Co., Ltd.",NA,NA,NA,NA,NA,NA,NA,NA,NA,NA,NA,NA,NA,NA,NA,NA,NA,NA,NA,NA,NA,NA,NA,NA,NA,NA,NA,NA,NA,NA,NA,NA,NA,NA,NA,NA,NA,NA,NA,NA,NA,NA,NA,NA,NA,NA,NA,NA,NA,NA,NA,NA,NA,NA,NA,NA,NA,NA,NA,NA,NA,NA
El Salvador,2021,COE,auction,NA,https://allianceforcoffeeexcellence.org/el-salvador-2021/,2,24,NA,NA,NA,NA,87.2,success,NA,NA,NA,$11.20,"$11,677.12",NA,NA,NA,NA,NA,Plan Del Hoyo,NA,NA,1042.6,Kaffebrenneriet As,NA,NA,NA,NA,NA,NA,NA,NA,NA,NA,NA,NA,NA,NA,NA,NA,NA,NA,NA,NA,NA,NA,NA,NA,NA,NA,NA,NA,NA,NA,NA,NA,NA,NA,NA,NA,NA,NA,NA,NA,NA,NA,NA,NA,NA,NA,NA,NA,NA,NA,NA,NA,NA,NA,NA,NA,NA,NA,NA,NA,NA,NA
El Salvador,2021,COE,auction,NA,https://allianceforcoffeeexcellence.org/el-salvador-2021/,2,Totals:,NA,NA,NA,NA,,success,NA,NA,NA,$22.52/lb,"$380,394.40",NA,NA,NA,NA,NA,,NA,NA,16894.03,,NA,NA,NA,NA,NA,NA,NA,NA,NA,NA,NA,NA,NA,NA,NA,NA,NA,NA,NA,NA,NA,NA,NA,NA,NA,NA,NA,NA,NA,NA,NA,NA,NA,NA,NA,NA,NA,NA,NA,NA,NA,NA,NA,NA,NA,NA,NA,NA,NA,NA,NA,NA,NA,NA,NA,NA,NA,NA,NA,NA,NA,NA
El Salvador,2021,NW,auction,NA,https://allianceforcoffeeexcellence.org/el-salvador-2021/,4,NW,NA,NA,NA,NA,86.97,success,NA,NA,NA,$7.20,"$11,347.20",Vulcan Coffee & Tin Coffee(Mak Metal),NA,NA,NA,NA,La Montañita,NA,NA,1576,NA,NA,NA,NA,NA,NA,NA,NA,NA,NA,NA,NA,NA,NA,NA,NA,NA,NA,NA,NA,NA,NA,NA,NA,NA,NA,NA,NA,NA,NA,NA,NA,NA,NA,NA,NA,NA,NA,NA,NA,NA,NA,NA,NA,NA,NA,NA,NA,NA,NA,NA,NA,NA,NA,NA,NA,NA,NA,NA,NA,NA,NA,NA
El Salvador,2021,NW,auction,NA,https://allianceforcoffeeexcellence.org/el-salvador-2021/,4,NW,NA,NA,NA,NA,86.9,success,NA,NA,NA,$7.70,"$7,623.00",Mesh Coffee,NA,NA,NA,NA,El Amaton,NA,NA,990,NA,NA,NA,NA,NA,NA,NA,NA,NA,NA,NA,NA,NA,NA,NA,NA,NA,NA,NA,NA,NA,NA,NA,NA,NA,NA,NA,NA,NA,NA,NA,NA,NA,NA,NA,NA,NA,NA,NA,NA,NA,NA,NA,NA,NA,NA,NA,NA,NA,NA,NA,NA,NA,NA,NA,NA,NA,NA,NA,NA,NA,NA,NA
El Salvador,2021,NW,auction,NA,https://allianceforcoffeeexcellence.org/el-salvador-2021/,4,NW,NA,NA,NA,NA,86.9,success,NA,NA,NA,$6.70,"$3,865.90",Sarutahiko Coffee Inc.,NA,NA,NA,NA,La Esperanza,NA,NA,577,NA,NA,NA,NA,NA,NA,NA,NA,NA,NA,NA,NA,NA,NA,NA,NA,NA,NA,NA,NA,NA,NA,NA,NA,NA,NA,NA,NA,NA,NA,NA,NA,NA,NA,NA,NA,NA,NA,NA,NA,NA,NA,NA,NA,NA,NA,NA,NA,NA,NA,NA,NA,NA,NA,NA,NA,NA,NA,NA,NA,NA,NA,NA
El Salvador,2021,NW,auction,NA,https://allianceforcoffeeexcellence.org/el-salvador-2021/,4,NW,NA,NA,NA,NA,86.87,success,NA,NA,NA,$17.20,"$5,612.70",Vulcan Coffee & Tin Coffee(Mak Metal),NA,NA,NA,NA,Colombia,NA,NA,326.32,NA,NA,NA,NA,NA,NA,NA,NA,NA,NA,NA,NA,NA,NA,NA,NA,NA,NA,NA,NA,NA,NA,NA,NA,NA,NA,NA,NA,NA,NA,NA,NA,NA,NA,NA,NA,NA,NA,NA,NA,NA,NA,NA,NA,NA,NA,NA,NA,NA,NA,NA,NA,NA,NA,NA,NA,NA,NA,NA,NA,NA,NA,NA
El Salvador,2021,NW,auction,NA,https://allianceforcoffeeexcellence.org/el-salvador-2021/,4,NW,NA,NA,NA,NA,86.83,success,NA,NA,NA,$6.90,"$5,241.31",Sarutahiko Coffee Inc.,NA,NA,NA,NA,Peña Redonda,NA,NA,759.61,NA,NA,NA,NA,NA,NA,NA,NA,NA,NA,NA,NA,NA,NA,NA,NA,NA,NA,NA,NA,NA,NA,NA,NA,NA,NA,NA,NA,NA,NA,NA,NA,NA,NA,NA,NA,NA,NA,NA,NA,NA,NA,NA,NA,NA,NA,NA,NA,NA,NA,NA,NA,NA,NA,NA,NA,NA,NA,NA,NA,NA,NA,NA
El Salvador,2021,NW,auction,NA,https://allianceforcoffeeexcellence.org/el-salvador-2021/,4,NW,NA,NA,NA,NA,86.77,success,NA,NA,NA,$6.70,"$1,961.83",Sarutahiko Coffee Inc.,NA,NA,NA,NA,Las Marias,NA,NA,292.81,NA,NA,NA,NA,NA,NA,NA,NA,NA,NA,NA,NA,NA,NA,NA,NA,NA,NA,NA,NA,NA,NA,NA,NA,NA,NA,NA,NA,NA,NA,NA,NA,NA,NA,NA,NA,NA,NA,NA,NA,NA,NA,NA,NA,NA,NA,NA,NA,NA,NA,NA,NA,NA,NA,NA,NA,NA,NA,NA,NA,NA,NA,NA
El Salvador,2021,NW,auction,NA,https://allianceforcoffeeexcellence.org/el-salvador-2021/,4,NW,NA,NA,NA,NA,86.67,success,NA,NA,NA,$7.80,"$2,577.67","Linking Coffee Co., Ltd.",NA,NA,NA,NA,Helvetia,NA,NA,330.47,NA,NA,NA,NA,NA,NA,NA,NA,NA,NA,NA,NA,NA,NA,NA,NA,NA,NA,NA,NA,NA,NA,NA,NA,NA,NA,NA,NA,NA,NA,NA,NA,NA,NA,NA,NA,NA,NA,NA,NA,NA,NA,NA,NA,NA,NA,NA,NA,NA,NA,NA,NA,NA,NA,NA,NA,NA,NA,NA,NA,NA,NA,NA
El Salvador,2021,NW,auction,NA,https://allianceforcoffeeexcellence.org/el-salvador-2021/,4,NW,NA,NA,NA,NA,86.67,success,NA,NA,NA,$5.90,"$3,308.84","GSC International Co., Ltd.",NA,NA,NA,NA,San Agustin – Montevideo,NA,NA,560.82,NA,NA,NA,NA,NA,NA,NA,NA,NA,NA,NA,NA,NA,NA,NA,NA,NA,NA,NA,NA,NA,NA,NA,NA,NA,NA,NA,NA,NA,NA,NA,NA,NA,NA,NA,NA,NA,NA,NA,NA,NA,NA,NA,NA,NA,NA,NA,NA,NA,NA,NA,NA,NA,NA,NA,NA,NA,NA,NA,NA,NA,NA,NA
El Salvador,2021,NW,auction,NA,https://allianceforcoffeeexcellence.org/el-salvador-2021/,4,NW,NA,NA,NA,NA,86.43,success,NA,NA,NA,$10.10,"$6,194.13",Latorre&Dutch (China),NA,NA,NA,NA,San Jose Los Naranjos,NA,NA,613.28,NA,NA,NA,NA,NA,NA,NA,NA,NA,NA,NA,NA,NA,NA,NA,NA,NA,NA,NA,NA,NA,NA,NA,NA,NA,NA,NA,NA,NA,NA,NA,NA,NA,NA,NA,NA,NA,NA,NA,NA,NA,NA,NA,NA,NA,NA,NA,NA,NA,NA,NA,NA,NA,NA,NA,NA,NA,NA,NA,NA,NA,NA,NA
El Salvador,2021,NW,auction,NA,https://allianceforcoffeeexcellence.org/el-salvador-2021/,4,NW,NA,NA,NA,NA,86.4,success,NA,NA,NA,$6.60,"$6,408.60","Wataru & Co., Ltd.",NA,NA,NA,NA,Las Duanas,NA,NA,971,NA,NA,NA,NA,NA,NA,NA,NA,NA,NA,NA,NA,NA,NA,NA,NA,NA,NA,NA,NA,NA,NA,NA,NA,NA,NA,NA,NA,NA,NA,NA,NA,NA,NA,NA,NA,NA,NA,NA,NA,NA,NA,NA,NA,NA,NA,NA,NA,NA,NA,NA,NA,NA,NA,NA,NA,NA,NA,NA,NA,NA,NA,NA
El Salvador,2021,NW,auction,NA,https://allianceforcoffeeexcellence.org/el-salvador-2021/,4,NW,NA,NA,NA,NA,86.37,success,NA,NA,NA,$6.50,"$3,821.81",MCC&Barista (Mesh Coffee),NA,NA,NA,NA,Las Delicias,NA,NA,587.97,NA,NA,NA,NA,NA,NA,NA,NA,NA,NA,NA,NA,NA,NA,NA,NA,NA,NA,NA,NA,NA,NA,NA,NA,NA,NA,NA,NA,NA,NA,NA,NA,NA,NA,NA,NA,NA,NA,NA,NA,NA,NA,NA,NA,NA,NA,NA,NA,NA,NA,NA,NA,NA,NA,NA,NA,NA,NA,NA,NA,NA,NA,NA
El Salvador,2021,NW,auction,NA,https://allianceforcoffeeexcellence.org/el-salvador-2021/,4,NW,NA,NA,NA,NA,86.3,success,NA,NA,NA,$7.50,"$4,365.00","Linking Coffee Co., Ltd.",NA,NA,NA,NA,Nueva Granada,NA,NA,582,NA,NA,NA,NA,NA,NA,NA,NA,NA,NA,NA,NA,NA,NA,NA,NA,NA,NA,NA,NA,NA,NA,NA,NA,NA,NA,NA,NA,NA,NA,NA,NA,NA,NA,NA,NA,NA,NA,NA,NA,NA,NA,NA,NA,NA,NA,NA,NA,NA,NA,NA,NA,NA,NA,NA,NA,NA,NA,NA,NA,NA,NA,NA
El Salvador,2021,NW,auction,NA,https://allianceforcoffeeexcellence.org/el-salvador-2021/,4,NW,NA,NA,NA,NA,86.2,success,NA,NA,NA,$6.00,"$1,706.52","GSC International Co., Ltd.",NA,NA,NA,NA,Milan,NA,NA,284.42,NA,NA,NA,NA,NA,NA,NA,NA,NA,NA,NA,NA,NA,NA,NA,NA,NA,NA,NA,NA,NA,NA,NA,NA,NA,NA,NA,NA,NA,NA,NA,NA,NA,NA,NA,NA,NA,NA,NA,NA,NA,NA,NA,NA,NA,NA,NA,NA,NA,NA,NA,NA,NA,NA,NA,NA,NA,NA,NA,NA,NA,NA,NA
El Salvador,2021,NW,auction,NA,https://allianceforcoffeeexcellence.org/el-salvador-2021/,4,NW,NA,NA,NA,NA,85.93,success,NA,NA,NA,$10.10,"$6,782.66","Wataru & Co., Ltd.",NA,NA,NA,NA,El Ausol,NA,NA,671.55,NA,NA,NA,NA,NA,NA,NA,NA,NA,NA,NA,NA,NA,NA,NA,NA,NA,NA,NA,NA,NA,NA,NA,NA,NA,NA,NA,NA,NA,NA,NA,NA,NA,NA,NA,NA,NA,NA,NA,NA,NA,NA,NA,NA,NA,NA,NA,NA,NA,NA,NA,NA,NA,NA,NA,NA,NA,NA,NA,NA,NA,NA,NA
El Salvador,2021,NW,auction,NA,https://allianceforcoffeeexcellence.org/el-salvador-2021/,4,NW,NA,NA,NA,NA,Totals:,success,NA,NA,NA,$7.76/lb,"$70,817.17",,NA,NA,NA,NA,,NA,NA,9123.25,NA,NA,NA,NA,NA,NA,NA,NA,NA,NA,NA,NA,NA,NA,NA,NA,NA,NA,NA,NA,NA,NA,NA,NA,NA,NA,NA,NA,NA,NA,NA,NA,NA,NA,NA,NA,NA,NA,NA,NA,NA,NA,NA,NA,NA,NA,NA,NA,NA,NA,NA,NA,NA,NA,NA,NA,NA,NA,NA,NA,NA,NA,NA
El Salvador,2022,COE,auction,NA,https://allianceforcoffeeexcellence.org/el-salvador-2022/,2,1a,NA,NA,NA,NA,91.82,success,NA,NA,NA,$72.10,"$19,077.66",NA,NA,NA,NA,NA,El Conacaste,NA,NA,264.6,Curve Specialty coffee Roastery,NA,NA,NA,NA,NA,NA,NA,NA,NA,NA,NA,NA,NA,NA,NA,NA,NA,NA,NA,NA,NA,NA,NA,NA,NA,NA,NA,NA,NA,NA,NA,NA,NA,NA,NA,NA,NA,NA,NA,NA,NA,NA,NA,NA,NA,NA,NA,NA,NA,NA,NA,NA,NA,NA,NA,NA,NA,NA,NA,NA,NA,NA
El Salvador,2022,COE,auction,NA,https://allianceforcoffeeexcellence.org/el-salvador-2022/,2,1b,NA,NA,NA,NA,91.82,success,NA,NA,NA,$72.20,"$15,963.42",NA,NA,NA,NA,NA,El Conacaste,NA,NA,221.1,"Coffee Me Up (Korea), Mad Priest Coffee, Studio Caffeine, Coffee Therapy (Thailand)",NA,NA,NA,NA,NA,NA,NA,NA,NA,NA,NA,NA,NA,NA,NA,NA,NA,NA,NA,NA,NA,NA,NA,NA,NA,NA,NA,NA,NA,NA,NA,NA,NA,NA,NA,NA,NA,NA,NA,NA,NA,NA,NA,NA,NA,NA,NA,NA,NA,NA,NA,NA,NA,NA,NA,NA,NA,NA,NA,NA,NA,NA
El Salvador,2022,COE,auction,NA,https://allianceforcoffeeexcellence.org/el-salvador-2022/,2,2a,NA,NA,NA,NA,90.36,success,NA,NA,NA,$18.10,"$4,789.26",NA,NA,NA,NA,NA,Santa Rosa,NA,NA,264.6,Terarosa (Haksan Co. Ltd),NA,NA,NA,NA,NA,NA,NA,NA,NA,NA,NA,NA,NA,NA,NA,NA,NA,NA,NA,NA,NA,NA,NA,NA,NA,NA,NA,NA,NA,NA,NA,NA,NA,NA,NA,NA,NA,NA,NA,NA,NA,NA,NA,NA,NA,NA,NA,NA,NA,NA,NA,NA,NA,NA,NA,NA,NA,NA,NA,NA,NA,NA
El Salvador,2022,COE,auction,NA,https://allianceforcoffeeexcellence.org/el-salvador-2022/,2,2b,NA,NA,NA,NA,90.36,success,NA,NA,NA,$16.80,"$3,692.64",NA,NA,NA,NA,NA,Santa Rosa,NA,NA,219.8,CAFFE PASCUCCI,NA,NA,NA,NA,NA,NA,NA,NA,NA,NA,NA,NA,NA,NA,NA,NA,NA,NA,NA,NA,NA,NA,NA,NA,NA,NA,NA,NA,NA,NA,NA,NA,NA,NA,NA,NA,NA,NA,NA,NA,NA,NA,NA,NA,NA,NA,NA,NA,NA,NA,NA,NA,NA,NA,NA,NA,NA,NA,NA,NA,NA,NA
El Salvador,2022,COE,auction,NA,https://allianceforcoffeeexcellence.org/el-salvador-2022/,2,3a,NA,NA,NA,NA,90.23,success,NA,NA,NA,$16.30,"$7,026.93",NA,NA,NA,NA,NA,Cueva De La Olla,NA,NA,431.1,Saza Coffee,NA,NA,NA,NA,NA,NA,NA,NA,NA,NA,NA,NA,NA,NA,NA,NA,NA,NA,NA,NA,NA,NA,NA,NA,NA,NA,NA,NA,NA,NA,NA,NA,NA,NA,NA,NA,NA,NA,NA,NA,NA,NA,NA,NA,NA,NA,NA,NA,NA,NA,NA,NA,NA,NA,NA,NA,NA,NA,NA,NA,NA,NA
El Salvador,2022,COE,auction,NA,https://allianceforcoffeeexcellence.org/el-salvador-2022/,2,3b,NA,NA,NA,NA,90.23,success,NA,NA,NA,$16.30,"$7,026.93",NA,NA,NA,NA,NA,Cueva De La Olla,NA,NA,431.1,Orsir Coffee,NA,NA,NA,NA,NA,NA,NA,NA,NA,NA,NA,NA,NA,NA,NA,NA,NA,NA,NA,NA,NA,NA,NA,NA,NA,NA,NA,NA,NA,NA,NA,NA,NA,NA,NA,NA,NA,NA,NA,NA,NA,NA,NA,NA,NA,NA,NA,NA,NA,NA,NA,NA,NA,NA,NA,NA,NA,NA,NA,NA,NA,NA
El Salvador,2022,COE,auction,NA,https://allianceforcoffeeexcellence.org/el-salvador-2022/,2,4,NA,NA,NA,NA,"90,07",success,NA,NA,NA,$40.10,"$25,920.64",NA,NA,NA,NA,NA,La Pacaya,NA,NA,646.4,Saza Coffee,NA,NA,NA,NA,NA,NA,NA,NA,NA,NA,NA,NA,NA,NA,NA,NA,NA,NA,NA,NA,NA,NA,NA,NA,NA,NA,NA,NA,NA,NA,NA,NA,NA,NA,NA,NA,NA,NA,NA,NA,NA,NA,NA,NA,NA,NA,NA,NA,NA,NA,NA,NA,NA,NA,NA,NA,NA,NA,NA,NA,NA,NA
El Salvador,2022,COE,auction,NA,https://allianceforcoffeeexcellence.org/el-salvador-2022/,2,5,NA,NA,NA,NA,"89,95",success,NA,NA,NA,$65.30,"$21,222.50",NA,NA,NA,NA,NA,Benasque,NA,NA,325,ONYX COFFEE LAB,NA,NA,NA,NA,NA,NA,NA,NA,NA,NA,NA,NA,NA,NA,NA,NA,NA,NA,NA,NA,NA,NA,NA,NA,NA,NA,NA,NA,NA,NA,NA,NA,NA,NA,NA,NA,NA,NA,NA,NA,NA,NA,NA,NA,NA,NA,NA,NA,NA,NA,NA,NA,NA,NA,NA,NA,NA,NA,NA,NA,NA,NA
El Salvador,2022,COE,auction,NA,https://allianceforcoffeeexcellence.org/el-salvador-2022/,2,6,NA,NA,NA,NA,"89,63",success,NA,NA,NA,$10.55,"$14,286.81",NA,NA,NA,NA,NA,Peña Redonda,NA,NA,1354.2,Kaffebrenneriet As,NA,NA,NA,NA,NA,NA,NA,NA,NA,NA,NA,NA,NA,NA,NA,NA,NA,NA,NA,NA,NA,NA,NA,NA,NA,NA,NA,NA,NA,NA,NA,NA,NA,NA,NA,NA,NA,NA,NA,NA,NA,NA,NA,NA,NA,NA,NA,NA,NA,NA,NA,NA,NA,NA,NA,NA,NA,NA,NA,NA,NA,NA
El Salvador,2022,COE,auction,NA,https://allianceforcoffeeexcellence.org/el-salvador-2022/,2,7,NA,NA,NA,NA,"89,48",success,NA,NA,NA,$8.30,"$7,279.10",NA,NA,NA,NA,NA,La Esperanza,NA,NA,877,Sarutahiko Coffee Inc.,NA,NA,NA,NA,NA,NA,NA,NA,NA,NA,NA,NA,NA,NA,NA,NA,NA,NA,NA,NA,NA,NA,NA,NA,NA,NA,NA,NA,NA,NA,NA,NA,NA,NA,NA,NA,NA,NA,NA,NA,NA,NA,NA,NA,NA,NA,NA,NA,NA,NA,NA,NA,NA,NA,NA,NA,NA,NA,NA,NA,NA,NA
El Salvador,2022,COE,auction,NA,https://allianceforcoffeeexcellence.org/el-salvador-2022/,2,8,NA,NA,NA,NA,"89,13",success,NA,NA,NA,$9.40,"$4,709.40",NA,NA,NA,NA,NA,Don Jaime,NA,NA,501,KAKALOVE CAFE,NA,NA,NA,NA,NA,NA,NA,NA,NA,NA,NA,NA,NA,NA,NA,NA,NA,NA,NA,NA,NA,NA,NA,NA,NA,NA,NA,NA,NA,NA,NA,NA,NA,NA,NA,NA,NA,NA,NA,NA,NA,NA,NA,NA,NA,NA,NA,NA,NA,NA,NA,NA,NA,NA,NA,NA,NA,NA,NA,NA,NA,NA
El Salvador,2022,COE,auction,NA,https://allianceforcoffeeexcellence.org/el-salvador-2022/,2,9,NA,NA,NA,NA,"88,79",success,NA,NA,NA,$25.80,"$7,378.80",NA,NA,NA,NA,NA,Las Duanas,NA,NA,286,Curve Specialty coffee Roastery,NA,NA,NA,NA,NA,NA,NA,NA,NA,NA,NA,NA,NA,NA,NA,NA,NA,NA,NA,NA,NA,NA,NA,NA,NA,NA,NA,NA,NA,NA,NA,NA,NA,NA,NA,NA,NA,NA,NA,NA,NA,NA,NA,NA,NA,NA,NA,NA,NA,NA,NA,NA,NA,NA,NA,NA,NA,NA,NA,NA,NA,NA
El Salvador,2022,COE,auction,NA,https://allianceforcoffeeexcellence.org/el-salvador-2022/,2,10,NA,NA,NA,NA,"88,68",success,NA,NA,NA,$7.80,"$5,059.86",NA,NA,NA,NA,NA,La Libertad,NA,NA,648.7,"Wataru & Co., Ltd.",NA,NA,NA,NA,NA,NA,NA,NA,NA,NA,NA,NA,NA,NA,NA,NA,NA,NA,NA,NA,NA,NA,NA,NA,NA,NA,NA,NA,NA,NA,NA,NA,NA,NA,NA,NA,NA,NA,NA,NA,NA,NA,NA,NA,NA,NA,NA,NA,NA,NA,NA,NA,NA,NA,NA,NA,NA,NA,NA,NA,NA,NA
El Salvador,2022,COE,auction,NA,https://allianceforcoffeeexcellence.org/el-salvador-2022/,2,11,NA,NA,NA,NA,"88,57",success,NA,NA,NA,$11.60,"$8,398.40",NA,NA,NA,NA,NA,Santa Juana,NA,NA,724,Campos Coffee,NA,NA,NA,NA,NA,NA,NA,NA,NA,NA,NA,NA,NA,NA,NA,NA,NA,NA,NA,NA,NA,NA,NA,NA,NA,NA,NA,NA,NA,NA,NA,NA,NA,NA,NA,NA,NA,NA,NA,NA,NA,NA,NA,NA,NA,NA,NA,NA,NA,NA,NA,NA,NA,NA,NA,NA,NA,NA,NA,NA,NA,NA
El Salvador,2022,COE,auction,NA,https://allianceforcoffeeexcellence.org/el-salvador-2022/,2,12,NA,NA,NA,NA,"88,48",success,NA,NA,NA,$8.00,"$6,600.00",NA,NA,NA,NA,NA,La Laguna,NA,NA,825,TAKAMURA COFFEE ROASTERS And WAVY COFFEE ROASTERS by MARUKAI,NA,NA,NA,NA,NA,NA,NA,NA,NA,NA,NA,NA,NA,NA,NA,NA,NA,NA,NA,NA,NA,NA,NA,NA,NA,NA,NA,NA,NA,NA,NA,NA,NA,NA,NA,NA,NA,NA,NA,NA,NA,NA,NA,NA,NA,NA,NA,NA,NA,NA,NA,NA,NA,NA,NA,NA,NA,NA,NA,NA,NA,NA
El Salvador,2022,COE,auction,NA,https://allianceforcoffeeexcellence.org/el-salvador-2022/,2,13,NA,NA,NA,NA,88.46,success,NA,NA,NA,$9.10,"$7,744.10",NA,NA,NA,NA,NA,Finca The Sugar Maples,NA,NA,851,"GSC International Co., Ltd.",NA,NA,NA,NA,NA,NA,NA,NA,NA,NA,NA,NA,NA,NA,NA,NA,NA,NA,NA,NA,NA,NA,NA,NA,NA,NA,NA,NA,NA,NA,NA,NA,NA,NA,NA,NA,NA,NA,NA,NA,NA,NA,NA,NA,NA,NA,NA,NA,NA,NA,NA,NA,NA,NA,NA,NA,NA,NA,NA,NA,NA,NA
El Salvador,2022,COE,auction,NA,https://allianceforcoffeeexcellence.org/el-salvador-2022/,2,14,NA,NA,NA,NA,88.43,success,NA,NA,NA,$18.10,"$7,931.42",NA,NA,NA,NA,NA,Nejapa,NA,NA,438.2,Kyokuto Fadie Corporation,NA,NA,NA,NA,NA,NA,NA,NA,NA,NA,NA,NA,NA,NA,NA,NA,NA,NA,NA,NA,NA,NA,NA,NA,NA,NA,NA,NA,NA,NA,NA,NA,NA,NA,NA,NA,NA,NA,NA,NA,NA,NA,NA,NA,NA,NA,NA,NA,NA,NA,NA,NA,NA,NA,NA,NA,NA,NA,NA,NA,NA,NA
El Salvador,2022,COE,auction,NA,https://allianceforcoffeeexcellence.org/el-salvador-2022/,2,15,NA,NA,NA,NA,88.34,success,NA,NA,NA,$8.00,"$6,128.00",NA,NA,NA,NA,NA,Los Morales,NA,NA,766,Ryans Coffee Roasters. & Mayforest Inc.,NA,NA,NA,NA,NA,NA,NA,NA,NA,NA,NA,NA,NA,NA,NA,NA,NA,NA,NA,NA,NA,NA,NA,NA,NA,NA,NA,NA,NA,NA,NA,NA,NA,NA,NA,NA,NA,NA,NA,NA,NA,NA,NA,NA,NA,NA,NA,NA,NA,NA,NA,NA,NA,NA,NA,NA,NA,NA,NA,NA,NA,NA
El Salvador,2022,COE,auction,NA,https://allianceforcoffeeexcellence.org/el-salvador-2022/,2,16,NA,NA,NA,NA,88.27,success,NA,NA,NA,$6.20,"$5,593.64",NA,NA,NA,NA,NA,Santa Fe,NA,NA,902.2,"Wataru & Co., Ltd.",NA,NA,NA,NA,NA,NA,NA,NA,NA,NA,NA,NA,NA,NA,NA,NA,NA,NA,NA,NA,NA,NA,NA,NA,NA,NA,NA,NA,NA,NA,NA,NA,NA,NA,NA,NA,NA,NA,NA,NA,NA,NA,NA,NA,NA,NA,NA,NA,NA,NA,NA,NA,NA,NA,NA,NA,NA,NA,NA,NA,NA,NA
El Salvador,2022,COE,auction,NA,https://allianceforcoffeeexcellence.org/el-salvador-2022/,2,17,NA,NA,NA,NA,88.23,success,NA,NA,NA,$7.00,"$5,886.30",NA,NA,NA,NA,NA,El Mirador,NA,NA,840.9,KAKALOVE CAFE,NA,NA,NA,NA,NA,NA,NA,NA,NA,NA,NA,NA,NA,NA,NA,NA,NA,NA,NA,NA,NA,NA,NA,NA,NA,NA,NA,NA,NA,NA,NA,NA,NA,NA,NA,NA,NA,NA,NA,NA,NA,NA,NA,NA,NA,NA,NA,NA,NA,NA,NA,NA,NA,NA,NA,NA,NA,NA,NA,NA,NA,NA
El Salvador,2022,COE,auction,NA,https://allianceforcoffeeexcellence.org/el-salvador-2022/,2,18,NA,NA,NA,NA,88.21,success,NA,NA,NA,$7.40,"$6,060.60",NA,NA,NA,NA,NA,La Montañita,NA,NA,819,YN Coffee,NA,NA,NA,NA,NA,NA,NA,NA,NA,NA,NA,NA,NA,NA,NA,NA,NA,NA,NA,NA,NA,NA,NA,NA,NA,NA,NA,NA,NA,NA,NA,NA,NA,NA,NA,NA,NA,NA,NA,NA,NA,NA,NA,NA,NA,NA,NA,NA,NA,NA,NA,NA,NA,NA,NA,NA,NA,NA,NA,NA,NA,NA
El Salvador,2022,COE,auction,NA,https://allianceforcoffeeexcellence.org/el-salvador-2022/,2,19,NA,NA,NA,NA,88.21,success,NA,NA,NA,$7.10,"$6,269.30",NA,NA,NA,NA,NA,Las Ventanas,NA,NA,883,"Wataru & Co., Ltd.",NA,NA,NA,NA,NA,NA,NA,NA,NA,NA,NA,NA,NA,NA,NA,NA,NA,NA,NA,NA,NA,NA,NA,NA,NA,NA,NA,NA,NA,NA,NA,NA,NA,NA,NA,NA,NA,NA,NA,NA,NA,NA,NA,NA,NA,NA,NA,NA,NA,NA,NA,NA,NA,NA,NA,NA,NA,NA,NA,NA,NA,NA
El Salvador,2022,COE,auction,NA,https://allianceforcoffeeexcellence.org/el-salvador-2022/,2,20,NA,NA,NA,NA,88.13,success,NA,NA,NA,$11.10,"$6,164.94",NA,NA,NA,NA,NA,Helvetia,NA,NA,555.4,Wataru for Voila Coffee,NA,NA,NA,NA,NA,NA,NA,NA,NA,NA,NA,NA,NA,NA,NA,NA,NA,NA,NA,NA,NA,NA,NA,NA,NA,NA,NA,NA,NA,NA,NA,NA,NA,NA,NA,NA,NA,NA,NA,NA,NA,NA,NA,NA,NA,NA,NA,NA,NA,NA,NA,NA,NA,NA,NA,NA,NA,NA,NA,NA,NA,NA
El Salvador,2022,COE,auction,NA,https://allianceforcoffeeexcellence.org/el-salvador-2022/,2,21,NA,NA,NA,NA,88.09,success,NA,NA,NA,$7.10,"$6,296.28",NA,NA,NA,NA,NA,Los Milagros,NA,NA,886.8,"Wataru & Co., Ltd.",NA,NA,NA,NA,NA,NA,NA,NA,NA,NA,NA,NA,NA,NA,NA,NA,NA,NA,NA,NA,NA,NA,NA,NA,NA,NA,NA,NA,NA,NA,NA,NA,NA,NA,NA,NA,NA,NA,NA,NA,NA,NA,NA,NA,NA,NA,NA,NA,NA,NA,NA,NA,NA,NA,NA,NA,NA,NA,NA,NA,NA,NA
El Salvador,2022,COE,auction,NA,https://allianceforcoffeeexcellence.org/el-salvador-2022/,2,22,NA,NA,NA,NA,87.98,success,NA,NA,NA,$6.70,"$3,100.09",NA,NA,NA,NA,NA,La Reforma,NA,NA,462.7,"Wataru & Co., Ltd.",NA,NA,NA,NA,NA,NA,NA,NA,NA,NA,NA,NA,NA,NA,NA,NA,NA,NA,NA,NA,NA,NA,NA,NA,NA,NA,NA,NA,NA,NA,NA,NA,NA,NA,NA,NA,NA,NA,NA,NA,NA,NA,NA,NA,NA,NA,NA,NA,NA,NA,NA,NA,NA,NA,NA,NA,NA,NA,NA,NA,NA,NA
El Salvador,2022,COE,auction,NA,https://allianceforcoffeeexcellence.org/el-salvador-2022/,2,23,NA,NA,NA,NA,87.89,success,NA,NA,NA,$8.30,"$4,365.80",NA,NA,NA,NA,NA,Las Brumas,NA,NA,526,Kyokuto Fadie Corporation,NA,NA,NA,NA,NA,NA,NA,NA,NA,NA,NA,NA,NA,NA,NA,NA,NA,NA,NA,NA,NA,NA,NA,NA,NA,NA,NA,NA,NA,NA,NA,NA,NA,NA,NA,NA,NA,NA,NA,NA,NA,NA,NA,NA,NA,NA,NA,NA,NA,NA,NA,NA,NA,NA,NA,NA,NA,NA,NA,NA,NA,NA
El Salvador,2022,COE,auction,NA,https://allianceforcoffeeexcellence.org/el-salvador-2022/,2,24,NA,NA,NA,NA,87.89,success,NA,NA,NA,$6.60,"$5,046.36",NA,NA,NA,NA,NA,Nombre De Dios,NA,NA,764.6,"Wataru & Co., Ltd.",NA,NA,NA,NA,NA,NA,NA,NA,NA,NA,NA,NA,NA,NA,NA,NA,NA,NA,NA,NA,NA,NA,NA,NA,NA,NA,NA,NA,NA,NA,NA,NA,NA,NA,NA,NA,NA,NA,NA,NA,NA,NA,NA,NA,NA,NA,NA,NA,NA,NA,NA,NA,NA,NA,NA,NA,NA,NA,NA,NA,NA,NA
El Salvador,2022,COE,auction,NA,https://allianceforcoffeeexcellence.org/el-salvador-2022/,2,25,NA,NA,NA,NA,87.86,success,NA,NA,NA,$7.00,"$6,209.00",NA,NA,NA,NA,NA,Finca El Pezote,NA,NA,887,List + Beisler GmbH,NA,NA,NA,NA,NA,NA,NA,NA,NA,NA,NA,NA,NA,NA,NA,NA,NA,NA,NA,NA,NA,NA,NA,NA,NA,NA,NA,NA,NA,NA,NA,NA,NA,NA,NA,NA,NA,NA,NA,NA,NA,NA,NA,NA,NA,NA,NA,NA,NA,NA,NA,NA,NA,NA,NA,NA,NA,NA,NA,NA,NA,NA
El Salvador,2022,COE,auction,NA,https://allianceforcoffeeexcellence.org/el-salvador-2022/,2,26,NA,NA,NA,NA,87.61,success,NA,NA,NA,$7.20,"$6,141.60",NA,NA,NA,NA,NA,San Andres,NA,NA,853,Honu Kato Coffee Inc.,NA,NA,NA,NA,NA,NA,NA,NA,NA,NA,NA,NA,NA,NA,NA,NA,NA,NA,NA,NA,NA,NA,NA,NA,NA,NA,NA,NA,NA,NA,NA,NA,NA,NA,NA,NA,NA,NA,NA,NA,NA,NA,NA,NA,NA,NA,NA,NA,NA,NA,NA,NA,NA,NA,NA,NA,NA,NA,NA,NA,NA,NA
El Salvador,2022,COE,auction,NA,https://allianceforcoffeeexcellence.org/el-salvador-2022/,2,27,NA,NA,NA,NA,87.45,success,NA,NA,NA,$6.60,"$2,793.12",NA,NA,NA,NA,NA,Siberia,NA,NA,423.2,Wataru for OGAWA COFFEE,NA,NA,NA,NA,NA,NA,NA,NA,NA,NA,NA,NA,NA,NA,NA,NA,NA,NA,NA,NA,NA,NA,NA,NA,NA,NA,NA,NA,NA,NA,NA,NA,NA,NA,NA,NA,NA,NA,NA,NA,NA,NA,NA,NA,NA,NA,NA,NA,NA,NA,NA,NA,NA,NA,NA,NA,NA,NA,NA,NA,NA,NA
El Salvador,2022,COE,auction,NA,https://allianceforcoffeeexcellence.org/el-salvador-2022/,2,Totals:,NA,NA,NA,NA,,success,NA,NA,NA,"Auction Average $/lb
$12.93/lb","Total Auction Value
$244,162.90",NA,NA,NA,NA,NA,,NA,NA,18878.6,,NA,NA,NA,NA,NA,NA,NA,NA,NA,NA,NA,NA,NA,NA,NA,NA,NA,NA,NA,NA,NA,NA,NA,NA,NA,NA,NA,NA,NA,NA,NA,NA,NA,NA,NA,NA,NA,NA,NA,NA,NA,NA,NA,NA,NA,NA,NA,NA,NA,NA,NA,NA,NA,NA,NA,NA,NA,NA,NA,NA,NA,NA
El Salvador,2022,NW,auction,NA,https://allianceforcoffeeexcellence.org/el-salvador-2022/,4,NW,NA,NA,NA,NA,86.89,success,NA,NA,NA,$8.10,"$6,698.70","Wataru & Co., Ltd.",NA,NA,NA,NA,La Pedrera,NA,NA,827,NA,NA,NA,NA,NA,NA,NA,NA,NA,NA,NA,NA,NA,NA,NA,NA,NA,NA,NA,NA,NA,NA,NA,NA,NA,NA,NA,NA,NA,NA,NA,NA,NA,NA,NA,NA,NA,NA,NA,NA,NA,NA,NA,NA,NA,NA,NA,NA,NA,NA,NA,NA,NA,NA,NA,NA,NA,NA,NA,NA,NA,NA,NA
El Salvador,2022,NW,auction,NA,https://allianceforcoffeeexcellence.org/el-salvador-2022/,4,NW,NA,NA,NA,NA,86.68,success,NA,NA,NA,$7.10,"$4,412.65","Wataru & Co., Ltd.",NA,NA,NA,NA,Las Duanas,NA,NA,621.5,NA,NA,NA,NA,NA,NA,NA,NA,NA,NA,NA,NA,NA,NA,NA,NA,NA,NA,NA,NA,NA,NA,NA,NA,NA,NA,NA,NA,NA,NA,NA,NA,NA,NA,NA,NA,NA,NA,NA,NA,NA,NA,NA,NA,NA,NA,NA,NA,NA,NA,NA,NA,NA,NA,NA,NA,NA,NA,NA,NA,NA,NA,NA
El Salvador,2022,NW,auction,NA,https://allianceforcoffeeexcellence.org/el-salvador-2022/,4,NW,NA,NA,NA,NA,86.68,success,NA,NA,NA,$8.20,"$3,432.52",Studio Caffeine,NA,NA,NA,NA,Colombia,NA,NA,418.6,NA,NA,NA,NA,NA,NA,NA,NA,NA,NA,NA,NA,NA,NA,NA,NA,NA,NA,NA,NA,NA,NA,NA,NA,NA,NA,NA,NA,NA,NA,NA,NA,NA,NA,NA,NA,NA,NA,NA,NA,NA,NA,NA,NA,NA,NA,NA,NA,NA,NA,NA,NA,NA,NA,NA,NA,NA,NA,NA,NA,NA,NA,NA
El Salvador,2022,NW,auction,NA,https://allianceforcoffeeexcellence.org/el-salvador-2022/,4,NW,NA,NA,NA,NA,86.34,success,NA,NA,NA,$5.90,"$6,132.17","Wataru & Co., Ltd.",NA,NA,NA,NA,El Derrumbo,NA,NA,1039.35,NA,NA,NA,NA,NA,NA,NA,NA,NA,NA,NA,NA,NA,NA,NA,NA,NA,NA,NA,NA,NA,NA,NA,NA,NA,NA,NA,NA,NA,NA,NA,NA,NA,NA,NA,NA,NA,NA,NA,NA,NA,NA,NA,NA,NA,NA,NA,NA,NA,NA,NA,NA,NA,NA,NA,NA,NA,NA,NA,NA,NA,NA,NA
El Salvador,2022,NW,auction,NA,https://allianceforcoffeeexcellence.org/el-salvador-2022/,4,NW,NA,NA,NA,NA,Totals:,success,NA,NA,NA,"Auction Average $/lb
$7.33","Total Auction Value
$20,676.04",,NA,NA,NA,NA,,NA,NA,,NA,NA,NA,NA,NA,NA,NA,NA,NA,NA,NA,NA,NA,NA,NA,NA,NA,NA,NA,NA,NA,NA,NA,NA,NA,NA,NA,NA,NA,NA,NA,NA,NA,NA,NA,NA,NA,NA,NA,NA,NA,NA,NA,NA,NA,NA,NA,NA,NA,NA,NA,NA,NA,NA,NA,NA,NA,NA,NA,NA,NA,NA,NA
El Salvador,2023,COE,auction,NA,https://allianceforcoffeeexcellence.org/el-salvador-2023/,2,1a,NA,NA,NA,NA,91.82,success,NA,NA,NA,NA,"$31,693.69",NA,NA,NA,NA,NA,MILEYDI,NA,NA,NA,"Orsir International Co., Ltd. – Taiwan",NA,NA,NA,NA,NA,NA,NA,NA,NA,NA,NA,NA,NA,NA,NA,NA,NA,NA,NA,NA,NA,NA,NA,NA,NA,529.11,NA,NA,NA,NA,NA,NA,NA,NA,NA,NA,NA,NA,$59.90,NA,NA,NA,NA,NA,NA,NA,NA,NA,NA,NA,NA,NA,NA,NA,NA,NA,NA,NA,NA,NA,NA,NA
El Salvador,2023,COE,auction,NA,https://allianceforcoffeeexcellence.org/el-salvador-2023/,2,1b,NA,NA,NA,NA,91.82,success,NA,NA,NA,NA,"$27,130.04",NA,NA,NA,NA,NA,MILEYDI,NA,NA,NA,Snow Beans Coffee – Japan. WAVY COFFEE. Songdo Coffee. RIO COFFEE,NA,NA,NA,NA,NA,NA,NA,NA,NA,NA,NA,NA,NA,NA,NA,NA,NA,NA,NA,NA,NA,NA,NA,NA,NA,462.97,NA,NA,NA,NA,NA,NA,NA,NA,NA,NA,NA,NA,$58.60,NA,NA,NA,NA,NA,NA,NA,NA,NA,NA,NA,NA,NA,NA,NA,NA,NA,NA,NA,NA,NA,NA,NA
El Salvador,2023,COE,auction,NA,https://allianceforcoffeeexcellence.org/el-salvador-2023/,2,2a,NA,NA,NA,NA,91.23,success,NA,NA,NA,NA,"$12,719.64",NA,NA,NA,NA,NA,LOS MORALES 1,NA,NA,NA,"Songdo Coffee_South Korea
Snow Beans Coffee, Bean Brothers Rosa, ONE TO TWO COFFEE, Big Black Box",NA,NA,NA,NA,NA,NA,NA,NA,NA,NA,NA,NA,NA,NA,NA,NA,NA,NA,NA,NA,NA,NA,NA,NA,NA,421.18,NA,NA,NA,NA,NA,NA,NA,NA,NA,NA,NA,NA,$30.20,NA,NA,NA,NA,NA,NA,NA,NA,NA,NA,NA,NA,NA,NA,NA,NA,NA,NA,NA,NA,NA,NA,NA
El Salvador,2023,COE,auction,NA,https://allianceforcoffeeexcellence.org/el-salvador-2023/,2,2b,NA,NA,NA,NA,91.23,success,NA,NA,NA,NA,"$11,944.58",NA,NA,NA,NA,NA,LOS MORALES 1,NA,NA,NA,CHG(剁手咖啡群)/ Bean2cup Coffee / 成都澎澎/ M1咖啡奇幻工场/ 海南惊探号/ Boqueron火萨,NA,NA,NA,NA,NA,NA,NA,NA,NA,NA,NA,NA,NA,NA,NA,NA,NA,NA,NA,NA,NA,NA,NA,NA,NA,396.83,NA,NA,NA,NA,NA,NA,NA,NA,NA,NA,NA,NA,$30.10,NA,NA,NA,NA,NA,NA,NA,NA,NA,NA,NA,NA,NA,NA,NA,NA,NA,NA,NA,NA,NA,NA,NA
El Salvador,2023,COE,auction,NA,https://allianceforcoffeeexcellence.org/el-salvador-2023/,2,3a,NA,NA,NA,NA,90.05,success,NA,NA,NA,NA,"$6,646.87",NA,NA,NA,NA,NA,SAN LUIS DE LOS RECUERDOS,NA,NA,NA,"coffee lusso, ArounZ – South Korea",NA,NA,NA,NA,NA,NA,NA,NA,NA,NA,NA,NA,NA,NA,NA,NA,NA,NA,NA,NA,NA,NA,NA,NA,NA,330.69,NA,NA,NA,NA,NA,NA,NA,NA,NA,NA,NA,NA,$20.10,NA,NA,NA,NA,NA,NA,NA,NA,NA,NA,NA,NA,NA,NA,NA,NA,NA,NA,NA,NA,NA,NA,NA
El Salvador,2023,COE,auction,NA,https://allianceforcoffeeexcellence.org/el-salvador-2023/,2,3b,NA,NA,NA,NA,90.05,success,NA,NA,NA,NA,"$6,283.11",NA,NA,NA,NA,NA,SAN LUIS DE LOS RECUERDOS,NA,NA,NA,Brew92 – Saudi Arabia,NA,NA,NA,NA,NA,NA,NA,NA,NA,NA,NA,NA,NA,NA,NA,NA,NA,NA,NA,NA,NA,NA,NA,NA,NA,330.69,NA,NA,NA,NA,NA,NA,NA,NA,NA,NA,NA,NA,$19.00,NA,NA,NA,NA,NA,NA,NA,NA,NA,NA,NA,NA,NA,NA,NA,NA,NA,NA,NA,NA,NA,NA,NA
El Salvador,2023,COE,auction,NA,https://allianceforcoffeeexcellence.org/el-salvador-2023/,2,4,NA,NA,NA,NA,89.89,success,NA,NA,NA,NA,"$10,480.65",NA,NA,NA,NA,NA,LA MONTAÑA,NA,NA,NA,Kyokuto Fadie Corporation – Japan,NA,NA,NA,NA,NA,NA,NA,NA,NA,NA,NA,NA,NA,NA,NA,NA,NA,NA,NA,NA,NA,NA,NA,NA,NA,685.01,NA,NA,NA,NA,NA,NA,NA,NA,NA,NA,NA,NA,$15.30,NA,NA,NA,NA,NA,NA,NA,NA,NA,NA,NA,NA,NA,NA,NA,NA,NA,NA,NA,NA,NA,NA,NA
El Salvador,2023,COE,auction,NA,https://allianceforcoffeeexcellence.org/el-salvador-2023/,2,5,NA,NA,NA,NA,89.89,success,NA,NA,NA,NA,"$13,918.89",NA,NA,NA,NA,NA,LA ARADA,NA,NA,NA,"Mercanta North America for Cartel Roasting Co., Mercanta Limited UK.",NA,NA,NA,NA,NA,NA,NA,NA,NA,NA,NA,NA,NA,NA,NA,NA,NA,NA,NA,NA,NA,NA,NA,NA,NA,"1,521.19",NA,NA,NA,NA,NA,NA,NA,NA,NA,NA,NA,NA,$9.15,NA,NA,NA,NA,NA,NA,NA,NA,NA,NA,NA,NA,NA,NA,NA,NA,NA,NA,NA,NA,NA,NA,NA
El Salvador,2023,COE,auction,NA,https://allianceforcoffeeexcellence.org/el-salvador-2023/,2,6,NA,NA,NA,NA,89.54,success,NA,NA,NA,NA,"$10,079.48",NA,NA,NA,NA,NA,NUEVA GRANADA,NA,NA,NA,Madcap Coffee Company – United States of America,NA,NA,NA,NA,NA,NA,NA,NA,NA,NA,NA,NA,NA,NA,NA,NA,NA,NA,NA,NA,NA,NA,NA,NA,NA,793.66,NA,NA,NA,NA,NA,NA,NA,NA,NA,NA,NA,NA,$12.70,NA,NA,NA,NA,NA,NA,NA,NA,NA,NA,NA,NA,NA,NA,NA,NA,NA,NA,NA,NA,NA,NA,NA
El Salvador,2023,COE,auction,NA,https://allianceforcoffeeexcellence.org/el-salvador-2023/,2,7,NA,NA,NA,NA,89.36,success,NA,NA,NA,NA,"$12,037.22",NA,NA,NA,NA,NA,DIVINA PROVIDENCIA,NA,NA,NA,La Cabra – Denmark,NA,NA,NA,NA,NA,NA,NA,NA,NA,NA,NA,NA,NA,NA,NA,NA,NA,NA,NA,NA,NA,NA,NA,NA,NA,925.94,NA,NA,NA,NA,NA,NA,NA,NA,NA,NA,NA,NA,$13.00,NA,NA,NA,NA,NA,NA,NA,NA,NA,NA,NA,NA,NA,NA,NA,NA,NA,NA,NA,NA,NA,NA,NA
El Salvador,2023,COE,auction,NA,https://allianceforcoffeeexcellence.org/el-salvador-2023/,2,8,NA,NA,NA,NA,89.25,success,NA,NA,NA,NA,"$10,248.12",NA,NA,NA,NA,NA,PLAN DEL HOYO,NA,NA,NA,honu加藤珈琲店株式会社 – Japan,NA,NA,NA,NA,NA,NA,NA,NA,NA,NA,NA,NA,NA,NA,NA,NA,NA,NA,NA,NA,NA,NA,NA,NA,NA,"1,680.02",NA,NA,NA,NA,NA,NA,NA,NA,NA,NA,NA,NA,$6.10,NA,NA,NA,NA,NA,NA,NA,NA,NA,NA,NA,NA,NA,NA,NA,NA,NA,NA,NA,NA,NA,NA,NA
El Salvador,2023,COE,auction,NA,https://allianceforcoffeeexcellence.org/el-salvador-2023/,2,9,NA,NA,NA,NA,88.91,success,NA,NA,NA,NA,"$8,994.88",NA,NA,NA,NA,NA,LOS MORALES 2,NA,NA,NA,COFFEE COUNTY – Japan,NA,NA,NA,NA,NA,NA,NA,NA,NA,NA,NA,NA,NA,NA,NA,NA,NA,NA,NA,NA,NA,NA,NA,NA,NA,"1,124.36",NA,NA,NA,NA,NA,NA,NA,NA,NA,NA,NA,NA,$8.00,NA,NA,NA,NA,NA,NA,NA,NA,NA,NA,NA,NA,NA,NA,NA,NA,NA,NA,NA,NA,NA,NA,NA
El Salvador,2023,COE,auction,NA,https://allianceforcoffeeexcellence.org/el-salvador-2023/,2,10,NA,NA,NA,NA,88.84,success,NA,NA,NA,NA,"$7,716.03",NA,NA,NA,NA,NA,EL MIRADOR,NA,NA,NA,M.I.Coffee Corporation – South Korea,NA,NA,NA,NA,NA,NA,NA,NA,NA,NA,NA,NA,NA,NA,NA,NA,NA,NA,NA,NA,NA,NA,NA,NA,NA,589.01,NA,NA,NA,NA,NA,NA,NA,NA,NA,NA,NA,NA,$13.10,NA,NA,NA,NA,NA,NA,NA,NA,NA,NA,NA,NA,NA,NA,NA,NA,NA,NA,NA,NA,NA,NA,NA
El Salvador,2023,COE,auction,NA,https://allianceforcoffeeexcellence.org/el-salvador-2023/,2,11,NA,NA,NA,NA,88.7,success,NA,NA,NA,NA,"$10,561.76",NA,NA,NA,NA,NA,SANTA FE,NA,NA,NA,Wataru for WOODBERRY COFFEE – Japan,NA,NA,NA,NA,NA,NA,NA,NA,NA,NA,NA,NA,NA,NA,NA,NA,NA,NA,NA,NA,NA,NA,NA,NA,NA,644.01,NA,NA,NA,NA,NA,NA,NA,NA,NA,NA,NA,NA,$16.40,NA,NA,NA,NA,NA,NA,NA,NA,NA,NA,NA,NA,NA,NA,NA,NA,NA,NA,NA,NA,NA,NA,NA
El Salvador,2023,COE,auction,NA,https://allianceforcoffeeexcellence.org/el-salvador-2023/,2,12,NA,NA,NA,NA,88.66,success,NA,NA,NA,NA,"$7,579.45",NA,NA,NA,NA,NA,LAS MARIAS,NA,NA,NA,DECAMERON COFFEE – China,NA,NA,NA,NA,NA,NA,NA,NA,NA,NA,NA,NA,NA,NA,NA,NA,NA,NA,NA,NA,NA,NA,NA,NA,NA,396.83,NA,NA,NA,NA,NA,NA,NA,NA,NA,NA,NA,NA,$19.10,NA,NA,NA,NA,NA,NA,NA,NA,NA,NA,NA,NA,NA,NA,NA,NA,NA,NA,NA,NA,NA,NA,NA
El Salvador,2023,COE,auction,NA,https://allianceforcoffeeexcellence.org/el-salvador-2023/,2,13,NA,NA,NA,NA,88.55,success,NA,NA,NA,NA,"$12,044.78",NA,NA,NA,NA,NA,LAS DUANAS,NA,NA,NA,Kyokuto Fadie Corporation – Japan,NA,NA,NA,NA,NA,NA,NA,NA,NA,NA,NA,NA,NA,NA,NA,NA,NA,NA,NA,NA,NA,NA,NA,NA,NA,"1,487.01",NA,NA,NA,NA,NA,NA,NA,NA,NA,NA,NA,NA,$8.10,NA,NA,NA,NA,NA,NA,NA,NA,NA,NA,NA,NA,NA,NA,NA,NA,NA,NA,NA,NA,NA,NA,NA
El Salvador,2023,COE,auction,NA,https://allianceforcoffeeexcellence.org/el-salvador-2023/,2,14,NA,NA,NA,NA,88.54,success,NA,NA,NA,NA,"$5,414.46",NA,NA,NA,NA,NA,TALQUEZALAR,NA,NA,NA,List & Beisler – Germany,NA,NA,NA,NA,NA,NA,NA,NA,NA,NA,NA,NA,NA,NA,NA,NA,NA,NA,NA,NA,NA,NA,NA,NA,NA,846.01,NA,NA,NA,NA,NA,NA,NA,NA,NA,NA,NA,NA,$6.40,NA,NA,NA,NA,NA,NA,NA,NA,NA,NA,NA,NA,NA,NA,NA,NA,NA,NA,NA,NA,NA,NA,NA
El Salvador,2023,COE,auction,NA,https://allianceforcoffeeexcellence.org/el-salvador-2023/,2,15,NA,NA,NA,NA,88.46,success,NA,NA,NA,NA,"$5,798.70",NA,NA,NA,NA,NA,MILAN,NA,NA,NA,"Xiamen Doowell Ocean Biotechnology Co., Ltd. – China",NA,NA,NA,NA,NA,NA,NA,NA,NA,NA,NA,NA,NA,NA,NA,NA,NA,NA,NA,NA,NA,NA,NA,NA,NA,379,NA,NA,NA,NA,NA,NA,NA,NA,NA,NA,NA,NA,$15.30,NA,NA,NA,NA,NA,NA,NA,NA,NA,NA,NA,NA,NA,NA,NA,NA,NA,NA,NA,NA,NA,NA,NA
El Salvador,2023,COE,auction,NA,https://allianceforcoffeeexcellence.org/el-salvador-2023/,2,16,NA,NA,NA,NA,88.25,success,NA,NA,NA,NA,"$5,801.16",NA,NA,NA,NA,NA,LA MANUELA,NA,NA,NA,1895 by Lavazza – Italy,NA,NA,NA,NA,NA,NA,NA,NA,NA,NA,NA,NA,NA,NA,NA,NA,NA,NA,NA,NA,NA,NA,NA,NA,NA,951.01,NA,NA,NA,NA,NA,NA,NA,NA,NA,NA,NA,NA,$6.10,NA,NA,NA,NA,NA,NA,NA,NA,NA,NA,NA,NA,NA,NA,NA,NA,NA,NA,NA,NA,NA,NA,NA
El Salvador,2023,COE,auction,NA,https://allianceforcoffeeexcellence.org/el-salvador-2023/,2,17,NA,NA,NA,NA,88.11,success,NA,NA,NA,NA,"$9,708.96",NA,NA,NA,NA,NA,SAN NICOLAS,NA,NA,NA,Wataru for Voila Coffee. – Japan,NA,NA,NA,NA,NA,NA,NA,NA,NA,NA,NA,NA,NA,NA,NA,NA,NA,NA,NA,NA,NA,NA,NA,NA,NA,592.01,NA,NA,NA,NA,NA,NA,NA,NA,NA,NA,NA,NA,$16.40,NA,NA,NA,NA,NA,NA,NA,NA,NA,NA,NA,NA,NA,NA,NA,NA,NA,NA,NA,NA,NA,NA,NA
El Salvador,2023,COE,auction,NA,https://allianceforcoffeeexcellence.org/el-salvador-2023/,2,18,NA,NA,NA,NA,88.09,success,NA,NA,NA,NA,"$6,349.32",NA,NA,NA,NA,NA,D.R.,NA,NA,NA,"Wataru & Co., Ltd. – Japan",NA,NA,NA,NA,NA,NA,NA,NA,NA,NA,NA,NA,NA,NA,NA,NA,NA,NA,NA,NA,NA,NA,NA,NA,NA,"1,058.22",NA,NA,NA,NA,NA,NA,NA,NA,NA,NA,NA,NA,$6.00,NA,NA,NA,NA,NA,NA,NA,NA,NA,NA,NA,NA,NA,NA,NA,NA,NA,NA,NA,NA,NA,NA,NA
El Salvador,2023,COE,auction,NA,https://allianceforcoffeeexcellence.org/el-salvador-2023/,2,19,NA,NA,NA,NA,88.05,success,NA,NA,NA,NA,"$4,855.27",NA,NA,NA,NA,NA,LOS AZACUANES,NA,NA,NA,Brew92 – Saudi Arabia,NA,NA,NA,NA,NA,NA,NA,NA,NA,NA,NA,NA,NA,NA,NA,NA,NA,NA,NA,NA,NA,NA,NA,NA,NA,714.01,NA,NA,NA,NA,NA,NA,NA,NA,NA,NA,NA,NA,$6.80,NA,NA,NA,NA,NA,NA,NA,NA,NA,NA,NA,NA,NA,NA,NA,NA,NA,NA,NA,NA,NA,NA,NA
El Salvador,2023,COE,auction,NA,https://allianceforcoffeeexcellence.org/el-salvador-2023/,2,20,NA,NA,NA,NA,88.05,success,NA,NA,NA,NA,"$6,388.99",NA,NA,NA,NA,NA,NORUEGA,NA,NA,NA,Campos Coffee – Australia,NA,NA,NA,NA,NA,NA,NA,NA,NA,NA,NA,NA,NA,NA,NA,NA,NA,NA,NA,NA,NA,NA,NA,NA,NA,462.97,NA,NA,NA,NA,NA,NA,NA,NA,NA,NA,NA,NA,$13.80,NA,NA,NA,NA,NA,NA,NA,NA,NA,NA,NA,NA,NA,NA,NA,NA,NA,NA,NA,NA,NA,NA,NA
El Salvador,2023,COE,auction,NA,https://allianceforcoffeeexcellence.org/el-salvador-2023/,2,21,NA,NA,NA,NA,87.91,success,NA,NA,NA,NA,"$5,000.08",NA,NA,NA,NA,NA,SANTA LETICIA,NA,NA,NA,"Wataru & Co., Ltd. – Japan",NA,NA,NA,NA,NA,NA,NA,NA,NA,NA,NA,NA,NA,NA,NA,NA,NA,NA,NA,NA,NA,NA,NA,NA,NA,925.94,NA,NA,NA,NA,NA,NA,NA,NA,NA,NA,NA,NA,$5.40,NA,NA,NA,NA,NA,NA,NA,NA,NA,NA,NA,NA,NA,NA,NA,NA,NA,NA,NA,NA,NA,NA,NA
El Salvador,2023,COE,auction,NA,https://allianceforcoffeeexcellence.org/el-salvador-2023/,2,22,NA,NA,NA,NA,87.73,success,NA,NA,NA,NA,"$4,347.07",NA,NA,NA,NA,NA,EL ZAPOTE (ETHIOPIA),NA,NA,NA,NOZY COFFEE – Japan,NA,NA,NA,NA,NA,NA,NA,NA,NA,NA,NA,NA,NA,NA,NA,NA,NA,NA,NA,NA,NA,NA,NA,NA,NA,630.01,NA,NA,NA,NA,NA,NA,NA,NA,NA,NA,NA,NA,$6.90,NA,NA,NA,NA,NA,NA,NA,NA,NA,NA,NA,NA,NA,NA,NA,NA,NA,NA,NA,NA,NA,NA,NA
El Salvador,2023,COE,auction,NA,https://allianceforcoffeeexcellence.org/el-salvador-2023/,2,23,NA,NA,NA,NA,87.66,success,NA,NA,NA,NA,"$6,106.17",NA,NA,NA,NA,NA,PEÑA REDONDA,NA,NA,NA,"Wataru & Co., Ltd. – Japan",NA,NA,NA,NA,NA,NA,NA,NA,NA,NA,NA,NA,NA,NA,NA,NA,NA,NA,NA,NA,NA,NA,NA,NA,NA,854.01,NA,NA,NA,NA,NA,NA,NA,NA,NA,NA,NA,NA,$7.15,NA,NA,NA,NA,NA,NA,NA,NA,NA,NA,NA,NA,NA,NA,NA,NA,NA,NA,NA,NA,NA,NA,NA
El Salvador,2023,COE,auction,NA,https://allianceforcoffeeexcellence.org/el-salvador-2023/,2,24,NA,NA,NA,NA,87.64,success,NA,NA,NA,NA,"$3,936.45",NA,NA,NA,NA,NA,EL TARRO,NA,NA,NA,"Wataru & Co., Ltd. – Japan",NA,NA,NA,NA,NA,NA,NA,NA,NA,NA,NA,NA,NA,NA,NA,NA,NA,NA,NA,NA,NA,NA,NA,NA,NA,757.01,NA,NA,NA,NA,NA,NA,NA,NA,NA,NA,NA,NA,$5.20,NA,NA,NA,NA,NA,NA,NA,NA,NA,NA,NA,NA,NA,NA,NA,NA,NA,NA,NA,NA,NA,NA,NA
El Salvador,2023,COE,auction,NA,https://allianceforcoffeeexcellence.org/el-salvador-2023/,2,25,NA,NA,NA,NA,87.63,success,NA,NA,NA,NA,"$4,076.85",NA,NA,NA,NA,NA,EL GUAJE,NA,NA,NA,"Wataru & Co., Ltd. – Japan",NA,NA,NA,NA,NA,NA,NA,NA,NA,NA,NA,NA,NA,NA,NA,NA,NA,NA,NA,NA,NA,NA,NA,NA,NA,784.01,NA,NA,NA,NA,NA,NA,NA,NA,NA,NA,NA,NA,$5.20,NA,NA,NA,NA,NA,NA,NA,NA,NA,NA,NA,NA,NA,NA,NA,NA,NA,NA,NA,NA,NA,NA,NA
El Salvador,2023,COE,auction,NA,https://allianceforcoffeeexcellence.org/el-salvador-2023/,2,26,NA,NA,NA,NA,87.59,success,NA,NA,NA,NA,"$3,968.30",NA,NA,NA,NA,NA,PINAR DE SANTIAGO,NA,NA,NA,NOZY COFFEE – Japan,NA,NA,NA,NA,NA,NA,NA,NA,NA,NA,NA,NA,NA,NA,NA,NA,NA,NA,NA,NA,NA,NA,NA,NA,NA,793.66,NA,NA,NA,NA,NA,NA,NA,NA,NA,NA,NA,NA,$5.00,NA,NA,NA,NA,NA,NA,NA,NA,NA,NA,NA,NA,NA,NA,NA,NA,NA,NA,NA,NA,NA,NA,NA
El Salvador,2023,COE,auction,NA,https://allianceforcoffeeexcellence.org/el-salvador-2023/,2,27,NA,NA,NA,NA,87.55,success,NA,NA,NA,NA,"$3,637.65",NA,NA,NA,NA,NA,SANTA PETRONA,NA,NA,NA,honu加藤珈琲店株式会社 – Japan,NA,NA,NA,NA,NA,NA,NA,NA,NA,NA,NA,NA,NA,NA,NA,NA,NA,NA,NA,NA,NA,NA,NA,NA,NA,661.39,NA,NA,NA,NA,NA,NA,NA,NA,NA,NA,NA,NA,$5.50,NA,NA,NA,NA,NA,NA,NA,NA,NA,NA,NA,NA,NA,NA,NA,NA,NA,NA,NA,NA,NA,NA,NA
El Salvador,2023,COE,auction,NA,https://allianceforcoffeeexcellence.org/el-salvador-2023/,2,28,NA,NA,NA,NA,87.54,success,NA,NA,NA,NA,"$2,035.80",NA,NA,NA,NA,NA,LOS ANGELES,NA,NA,NA,珈琲豆专门店/ 成都澎澎/ 海南惊探号/ Boqueron火萨,NA,NA,NA,NA,NA,NA,NA,NA,NA,NA,NA,NA,NA,NA,NA,NA,NA,NA,NA,NA,NA,NA,NA,NA,NA,377,NA,NA,NA,NA,NA,NA,NA,NA,NA,NA,NA,NA,$5.40,NA,NA,NA,NA,NA,NA,NA,NA,NA,NA,NA,NA,NA,NA,NA,NA,NA,NA,NA,NA,NA,NA,NA
El Salvador,2023,COE,auction,NA,https://allianceforcoffeeexcellence.org/el-salvador-2023/,2,29,NA,NA,NA,NA,87.5,success,NA,NA,NA,NA,"$3,988.25",NA,NA,NA,NA,NA,HOLANDA,NA,NA,NA,"Wataru & Co., Ltd. – Japan",NA,NA,NA,NA,NA,NA,NA,NA,NA,NA,NA,NA,NA,NA,NA,NA,NA,NA,NA,NA,NA,NA,NA,NA,NA,782.01,NA,NA,NA,NA,NA,NA,NA,NA,NA,NA,NA,NA,$5.10,NA,NA,NA,NA,NA,NA,NA,NA,NA,NA,NA,NA,NA,NA,NA,NA,NA,NA,NA,NA,NA,NA,NA
El Salvador,2023,COE,auction,NA,https://allianceforcoffeeexcellence.org/el-salvador-2023/,2,30,NA,NA,NA,NA,87.39,success,NA,NA,NA,NA,"$3,211.60",NA,NA,NA,NA,NA,EL IZOTAL,NA,NA,NA,M.I.Coffee Corporation – South Korea,NA,NA,NA,NA,NA,NA,NA,NA,NA,NA,NA,NA,NA,NA,NA,NA,NA,NA,NA,NA,NA,NA,NA,NA,NA,518,NA,NA,NA,NA,NA,NA,NA,NA,NA,NA,NA,NA,$6.20,NA,NA,NA,NA,NA,NA,NA,NA,NA,NA,NA,NA,NA,NA,NA,NA,NA,NA,NA,NA,NA,NA,NA
El Salvador,2023,NW,auction,NA,https://allianceforcoffeeexcellence.org/el-salvador-2023/,4,NW,NA,NA,NA,NA,87.29,success,NA,NA,NA,4,"4,648.00",NA,NA,NA,NA,NA,MATTEO,NA,NA,"1,162.00",Gil-Coffee – South Korea,NA,NA,NA,NA,NA,NA,NA,NA,NA,NA,NA,NA,NA,NA,NA,NA,NA,NA,NA,NA,NA,NA,NA,NA,NA,NA,NA,NA,NA,NA,NA,NA,NA,NA,NA,NA,NA,NA,NA,NA,NA,NA,NA,NA,NA,NA,NA,NA,NA,NA,NA,NA,NA,NA,NA,NA,NA,NA,NA,NA,NA,NA
El Salvador,2023,NW,auction,NA,https://allianceforcoffeeexcellence.org/el-salvador-2023/,4,NW,NA,NA,NA,NA,87.13,success,NA,NA,NA,4.2,"2,777.84",NA,NA,NA,NA,NA,ARGENTINA,NA,NA,661.39,Brew 92 – Saudi Arabia,NA,NA,NA,NA,NA,NA,NA,NA,NA,NA,NA,NA,NA,NA,NA,NA,NA,NA,NA,NA,NA,NA,NA,NA,NA,NA,NA,NA,NA,NA,NA,NA,NA,NA,NA,NA,NA,NA,NA,NA,NA,NA,NA,NA,NA,NA,NA,NA,NA,NA,NA,NA,NA,NA,NA,NA,NA,NA,NA,NA,NA,NA
El Salvador,2023,NW,auction,NA,https://allianceforcoffeeexcellence.org/el-salvador-2023/,4,NW,NA,NA,NA,NA,87.07,success,NA,NA,NA,8.2,"4,772.40",NA,NA,NA,NA,NA,LOS NARANJOS,NA,NA,582,Nozy Coffee – Japan,NA,NA,NA,NA,NA,NA,NA,NA,NA,NA,NA,NA,NA,NA,NA,NA,NA,NA,NA,NA,NA,NA,NA,NA,NA,NA,NA,NA,NA,NA,NA,NA,NA,NA,NA,NA,NA,NA,NA,NA,NA,NA,NA,NA,NA,NA,NA,NA,NA,NA,NA,NA,NA,NA,NA,NA,NA,NA,NA,NA,NA,NA
El Salvador,2023,NW,auction,NA,https://allianceforcoffeeexcellence.org/el-salvador-2023/,4,NW,NA,NA,NA,NA,86.64,success,NA,NA,NA,6,"3,571.50",NA,NA,NA,NA,NA,SAN ANDRES,NA,NA,595.25,Wataru & Co. Ltd – Japan,NA,NA,NA,NA,NA,NA,NA,NA,NA,NA,NA,NA,NA,NA,NA,NA,NA,NA,NA,NA,NA,NA,NA,NA,NA,NA,NA,NA,NA,NA,NA,NA,NA,NA,NA,NA,NA,NA,NA,NA,NA,NA,NA,NA,NA,NA,NA,NA,NA,NA,NA,NA,NA,NA,NA,NA,NA,NA,NA,NA,NA,NA
El Salvador,2024,COE,auction,Washed + Honey,https://allianceforcoffeeexcellence.org/el-salvador-2024/,4,1A,NA,La Bendicion,NA,NA,92.00,success,NA,NA,NA,NA,"$20,899.61",NA,NA,NA,NA,NA,NA,NA,NA,NA,"Snow Beans Coffee, Bean & Bean Coffee (NYC), Cultivar Coffee, Idle Hands Roasting. Co. RYANS COFFEE ROASTERS, GABEE COFFEE",NA,NA,NA,NA,NA,NA,NA,NA,NA,NA,NA,NA,NA,NA,NA,NA,NA,NA,NA,NA,NA,NA,NA,NA,NA,661.38,$31.60,NA,NA,NA,NA,NA,NA,NA,NA,NA,NA,NA,NA,NA,NA,NA,NA,NA,NA,NA,NA,NA,NA,NA,NA,NA,NA,NA,NA,NA,NA,NA,NA,NA,NA,NA
El Salvador,2024,COE,auction,Washed + Honey,https://allianceforcoffeeexcellence.org/el-salvador-2024/,4,1B,NA,La Bendicion,NA,NA,92.00,success,NA,NA,NA,NA,"$22,139.85",NA,NA,NA,NA,NA,NA,NA,NA,NA,"KALDI COFFEE FARM (CAMEL COFFEE CO.,LTD.)",NA,NA,NA,NA,NA,NA,NA,NA,NA,NA,NA,NA,NA,NA,NA,NA,NA,NA,NA,NA,NA,NA,NA,NA,NA,716.50,$30.90,NA,NA,NA,NA,NA,NA,NA,NA,NA,NA,NA,NA,NA,NA,NA,NA,NA,NA,NA,NA,NA,NA,NA,NA,NA,NA,NA,NA,NA,NA,NA,NA,NA,NA,NA
El Salvador,2024,COE,auction,Washed + Honey,https://allianceforcoffeeexcellence.org/el-salvador-2024/,4,2,NA,Los Naranjos,NA,NA,91.02,success,NA,NA,NA,NA,"$16,477.14",NA,NA,NA,NA,NA,NA,NA,NA,NA,DECAMERON COFFEE,NA,NA,NA,NA,NA,NA,NA,NA,NA,NA,NA,NA,NA,NA,NA,NA,NA,NA,NA,NA,NA,NA,NA,NA,NA,815.70,$20.20,NA,NA,NA,NA,NA,NA,NA,NA,NA,NA,NA,NA,NA,NA,NA,NA,NA,NA,NA,NA,NA,NA,NA,NA,NA,NA,NA,NA,NA,NA,NA,NA,NA,NA,NA
El Salvador,2024,COE,auction,Washed + Honey,https://allianceforcoffeeexcellence.org/el-salvador-2024/,4,3,NA,Finca El Portezuelo,NA,NA,90.09,success,NA,NA,NA,NA,"$14,523.84",NA,NA,NA,NA,NA,NA,NA,NA,NA,"Dabov Specialty Coffee, Coffee Me Up",NA,NA,NA,NA,NA,NA,NA,NA,NA,NA,NA,NA,NA,NA,NA,NA,NA,NA,NA,NA,NA,NA,NA,NA,NA,1075.84,$13.50,NA,NA,NA,NA,NA,NA,NA,NA,NA,NA,NA,NA,NA,NA,NA,NA,NA,NA,NA,NA,NA,NA,NA,NA,NA,NA,NA,NA,NA,NA,NA,NA,NA,NA,NA
El Salvador,2024,COE,auction,Washed + Honey,https://allianceforcoffeeexcellence.org/el-salvador-2024/,4,4,NA,La Montaña,NA,NA,89.50,success,NA,NA,NA,NA,"$6,373.09",NA,NA,NA,NA,NA,NA,NA,NA,NA,"Kawa Coffee, Brulerie du Quai.",NA,NA,NA,NA,NA,NA,NA,NA,NA,NA,NA,NA,NA,NA,NA,NA,NA,NA,NA,NA,NA,NA,NA,NA,NA,482.81,$13.20,NA,NA,NA,NA,NA,NA,NA,NA,NA,NA,NA,NA,NA,NA,NA,NA,NA,NA,NA,NA,NA,NA,NA,NA,NA,NA,NA,NA,NA,NA,NA,NA,NA,NA,NA
El Salvador,2024,COE,auction,Washed + Honey,https://allianceforcoffeeexcellence.org/el-salvador-2024/,4,5,NA,San Antonio De Alejandria,NA,NA,89.18,success,NA,NA,NA,NA,"$7,425.27",NA,NA,NA,NA,NA,NA,NA,NA,NA,M.I.Coffee Corporation,NA,NA,NA,NA,NA,NA,NA,NA,NA,NA,NA,NA,NA,NA,NA,NA,NA,NA,NA,NA,NA,NA,NA,NA,NA,720.90,$10.30,NA,NA,NA,NA,NA,NA,NA,NA,NA,NA,NA,NA,NA,NA,NA,NA,NA,NA,NA,NA,NA,NA,NA,NA,NA,NA,NA,NA,NA,NA,NA,NA,NA,NA,NA
El Salvador,2024,COE,auction,Washed + Honey,https://allianceforcoffeeexcellence.org/el-salvador-2024/,4,6,NA,San Jose,NA,NA,88.05,success,NA,NA,NA,NA,"$5,164.53",NA,NA,NA,NA,NA,NA,NA,NA,NA,Boqueron火萨 for CHG（手多多咖啡）,NA,NA,NA,NA,NA,NA,NA,NA,NA,NA,NA,NA,NA,NA,NA,NA,NA,NA,NA,NA,NA,NA,NA,NA,NA,487.22,$10.60,NA,NA,NA,NA,NA,NA,NA,NA,NA,NA,NA,NA,NA,NA,NA,NA,NA,NA,NA,NA,NA,NA,NA,NA,NA,NA,NA,NA,NA,NA,NA,NA,NA,NA,NA
El Salvador,2024,COE,auction,Washed + Honey,https://allianceforcoffeeexcellence.org/el-salvador-2024/,4,7,NA,Plan Del Hoyo,NA,NA,87.77,success,NA,NA,NA,NA,"$11,832.35",NA,NA,NA,NA,NA,NA,NA,NA,NA,Prodigal Coffee,NA,NA,NA,NA,NA,NA,NA,NA,NA,NA,NA,NA,NA,NA,NA,NA,NA,NA,NA,NA,NA,NA,NA,NA,NA,421.08,$28.10,NA,NA,NA,NA,NA,NA,NA,NA,NA,NA,NA,NA,NA,NA,NA,NA,NA,NA,NA,NA,NA,NA,NA,NA,NA,NA,NA,NA,NA,NA,NA,NA,NA,NA,NA
El Salvador,2024,COE,auction,Washed + Honey,https://allianceforcoffeeexcellence.org/el-salvador-2024/,4,8,NA,San Luis De Los Recuerdos,NA,NA,87.14,success,NA,NA,NA,NA,"$14,931.30",NA,NA,NA,NA,NA,NA,NA,NA,NA,Brew92,NA,NA,NA,NA,NA,NA,NA,NA,NA,NA,NA,NA,NA,NA,NA,NA,NA,NA,NA,NA,NA,NA,NA,NA,NA,1097.89,$13.60,NA,NA,NA,NA,NA,NA,NA,NA,NA,NA,NA,NA,NA,NA,NA,NA,NA,NA,NA,NA,NA,NA,NA,NA,NA,NA,NA,NA,NA,NA,NA,NA,NA,NA,NA
El Salvador,2024,COE,auction,Natural,https://allianceforcoffeeexcellence.org/el-salvador-2024/,5,1A,NA,Los Morales,NA,NA,91.80,success,NA,NA,NA,NA,"$24,206.02",NA,NA,NA,NA,NA,NA,NA,NA,NA,Angelino’s Coffee,NA,NA,NA,NA,NA,NA,NA,NA,NA,NA,NA,NA,NA,NA,NA,NA,NA,NA,NA,NA,NA,NA,NA,NA,NA,198.41,$122.00,NA,NA,NA,NA,NA,NA,NA,NA,NA,NA,NA,NA,NA,NA,NA,NA,NA,NA,NA,NA,NA,NA,NA,NA,NA,NA,NA,NA,NA,NA,NA,NA,NA,NA,NA
El Salvador,2024,COE,auction,Natural,https://allianceforcoffeeexcellence.org/el-salvador-2024/,5,1B,NA,Los Morales,NA,NA,91.80,success,NA,NA,NA,NA,"$29,655.96",NA,NA,NA,NA,NA,NA,NA,NA,NA,AL QAHWA AL ARABIAH,NA,NA,NA,NA,NA,NA,NA,NA,NA,NA,NA,NA,NA,NA,NA,NA,NA,NA,NA,NA,NA,NA,NA,NA,NA,260.14,$114.00,NA,NA,NA,NA,NA,NA,NA,NA,NA,NA,NA,NA,NA,NA,NA,NA,NA,NA,NA,NA,NA,NA,NA,NA,NA,NA,NA,NA,NA,NA,NA,NA,NA,NA,NA
El Salvador,2024,COE,auction,Natural,https://allianceforcoffeeexcellence.org/el-salvador-2024/,5,2,NA,El Angel,NA,NA,91.45,success,NA,NA,NA,NA,"$18,145.67",NA,NA,NA,NA,NA,NA,NA,NA,NA,Angelino’s Coffee,NA,NA,NA,NA,NA,NA,NA,NA,NA,NA,NA,NA,NA,NA,NA,NA,NA,NA,NA,NA,NA,NA,NA,NA,NA,502.65,$36.10,NA,NA,NA,NA,NA,NA,NA,NA,NA,NA,NA,NA,NA,NA,NA,NA,NA,NA,NA,NA,NA,NA,NA,NA,NA,NA,NA,NA,NA,NA,NA,NA,NA,NA,NA
El Salvador,2024,COE,auction,Natural,https://allianceforcoffeeexcellence.org/el-salvador-2024/,5,3,NA,Campo Bello,NA,NA,90.43,success,NA,NA,NA,NA,"$16,248.74",NA,NA,NA,NA,NA,NA,NA,NA,NA,karaz Albun,NA,NA,NA,NA,NA,NA,NA,NA,NA,NA,NA,NA,NA,NA,NA,NA,NA,NA,NA,NA,NA,NA,NA,NA,NA,978.84,$16.60,NA,NA,NA,NA,NA,NA,NA,NA,NA,NA,NA,NA,NA,NA,NA,NA,NA,NA,NA,NA,NA,NA,NA,NA,NA,NA,NA,NA,NA,NA,NA,NA,NA,NA,NA
El Salvador,2024,COE,auction,Natural,https://allianceforcoffeeexcellence.org/el-salvador-2024/,5,4,NA,Don Octavio,NA,NA,89.34,success,NA,NA,NA,NA,"$6,716.03",NA,NA,NA,NA,NA,NA,NA,NA,NA,Taresso Artisan Coffee Roasters,NA,NA,NA,NA,NA,NA,NA,NA,NA,NA,NA,NA,NA,NA,NA,NA,NA,NA,NA,NA,NA,NA,NA,NA,NA,524.69,$12.80,NA,NA,NA,NA,NA,NA,NA,NA,NA,NA,NA,NA,NA,NA,NA,NA,NA,NA,NA,NA,NA,NA,NA,NA,NA,NA,NA,NA,NA,NA,NA,NA,NA,NA,NA
El Salvador,2024,COE,auction,Natural,https://allianceforcoffeeexcellence.org/el-salvador-2024/,5,5,NA,Los Naranjos,NA,NA,88.95,success,NA,NA,NA,NA,"$9,744.30",NA,NA,NA,NA,NA,NA,NA,NA,NA,Brew92,NA,NA,NA,NA,NA,NA,NA,NA,NA,NA,NA,NA,NA,NA,NA,NA,NA,NA,NA,NA,NA,NA,NA,NA,NA,974.43,$10.00,NA,NA,NA,NA,NA,NA,NA,NA,NA,NA,NA,NA,NA,NA,NA,NA,NA,NA,NA,NA,NA,NA,NA,NA,NA,NA,NA,NA,NA,NA,NA,NA,NA,NA,NA
El Salvador,2024,COE,auction,Natural,https://allianceforcoffeeexcellence.org/el-salvador-2024/,5,6,NA,Mirador,NA,NA,88.30,success,NA,NA,NA,NA,"$10,524.80",NA,NA,NA,NA,NA,NA,NA,NA,NA,AL QAHWA AL ARABIAH,NA,NA,NA,NA,NA,NA,NA,NA,NA,NA,NA,NA,NA,NA,NA,NA,NA,NA,NA,NA,NA,NA,NA,NA,NA,956.80,$11.00,NA,NA,NA,NA,NA,NA,NA,NA,NA,NA,NA,NA,NA,NA,NA,NA,NA,NA,NA,NA,NA,NA,NA,NA,NA,NA,NA,NA,NA,NA,NA,NA,NA,NA,NA
El Salvador,2024,COE,auction,Natural,https://allianceforcoffeeexcellence.org/el-salvador-2024/,5,7,NA,Plan Del Hoyo,NA,NA,88.30,success,NA,NA,NA,NA,"$6,333.86",NA,NA,NA,NA,NA,NA,NA,NA,NA,"TOB COFFEE( ARNIA LIMITED), Zi Zi, Q Lab, Pual’s Way Coffee, Stolen Summer and Ugly Coffee",NA,NA,NA,NA,NA,NA,NA,NA,NA,NA,NA,NA,NA,NA,NA,NA,NA,NA,NA,NA,NA,NA,NA,NA,NA,487.22,$13.00,NA,NA,NA,NA,NA,NA,NA,NA,NA,NA,NA,NA,NA,NA,NA,NA,NA,NA,NA,NA,NA,NA,NA,NA,NA,NA,NA,NA,NA,NA,NA,NA,NA,NA,NA
El Salvador,2024,COE,auction,Natural,https://allianceforcoffeeexcellence.org/el-salvador-2024/,5,8,NA,"Finca  El Pital Coffee Estate, S.A. De C.V..",NA,NA,88.14,success,NA,NA,NA,NA,"$6,333.33",NA,NA,NA,NA,NA,NA,NA,NA,NA,Saza Coffee,NA,NA,NA,NA,NA,NA,NA,NA,NA,NA,NA,NA,NA,NA,NA,NA,NA,NA,NA,NA,NA,NA,NA,NA,NA,476.19,$13.30,NA,NA,NA,NA,NA,NA,NA,NA,NA,NA,NA,NA,NA,NA,NA,NA,NA,NA,NA,NA,NA,NA,NA,NA,NA,NA,NA,NA,NA,NA,NA,NA,NA,NA,NA
El Salvador,2024,COE,auction,Natural,https://allianceforcoffeeexcellence.org/el-salvador-2024/,5,9,NA,Holanda,NA,NA,87.45,success,NA,NA,NA,NA,"$6,264.62",NA,NA,NA,NA,NA,NA,NA,NA,NA,Brew92,NA,NA,NA,NA,NA,NA,NA,NA,NA,NA,NA,NA,NA,NA,NA,NA,NA,NA,NA,NA,NA,NA,NA,NA,NA,564.38,$11.10,NA,NA,NA,NA,NA,NA,NA,NA,NA,NA,NA,NA,NA,NA,NA,NA,NA,NA,NA,NA,NA,NA,NA,NA,NA,NA,NA,NA,NA,NA,NA,NA,NA,NA,NA
El Salvador,2024,COE,auction,Natural,https://allianceforcoffeeexcellence.org/el-salvador-2024/,5,10,NA,El Angel,NA,NA,87.27,success,NA,NA,NA,NA,"$7,459.25",NA,NA,NA,NA,NA,NA,NA,NA,NA,honu加藤珈琲店株式会社,NA,NA,NA,NA,NA,NA,NA,NA,NA,NA,NA,NA,NA,NA,NA,NA,NA,NA,NA,NA,NA,NA,NA,NA,NA,738.54,$10.10,NA,NA,NA,NA,NA,NA,NA,NA,NA,NA,NA,NA,NA,NA,NA,NA,NA,NA,NA,NA,NA,NA,NA,NA,NA,NA,NA,NA,NA,NA,NA,NA,NA,NA,NA
El Salvador,2024,COE,auction,Experimental,https://allianceforcoffeeexcellence.org/el-salvador-2024/,6,1A,NA,Las Brumas,NA,NA,91.09,success,NA,NA,NA,NA,"$14,550.25",NA,NA,NA,NA,NA,NA,NA,NA,NA,AL QAHWA AL ARABIAH,NA,NA,NA,NA,NA,NA,NA,NA,NA,NA,NA,NA,NA,NA,NA,NA,NA,NA,NA,NA,NA,NA,NA,NA,NA,264.55,$55.00,NA,NA,NA,NA,NA,NA,NA,NA,NA,NA,NA,NA,NA,NA,NA,NA,NA,NA,NA,NA,NA,NA,NA,NA,NA,NA,NA,NA,NA,NA,NA,NA,NA,NA,NA
El Salvador,2024,COE,auction,Experimental,https://allianceforcoffeeexcellence.org/el-salvador-2024/,6,1B,NA,Las Brumas,NA,NA,91.09,success,NA,NA,NA,NA,"$18,028.38",NA,NA,NA,NA,NA,NA,NA,NA,NA,"Shrub Coffee, Time’s Club",NA,NA,NA,NA,NA,NA,NA,NA,NA,NA,NA,NA,NA,NA,NA,NA,NA,NA,NA,NA,NA,NA,NA,NA,NA,335.10,$53.80,NA,NA,NA,NA,NA,NA,NA,NA,NA,NA,NA,NA,NA,NA,NA,NA,NA,NA,NA,NA,NA,NA,NA,NA,NA,NA,NA,NA,NA,NA,NA,NA,NA,NA,NA
El Salvador,2024,COE,auction,Experimental,https://allianceforcoffeeexcellence.org/el-salvador-2024/,6,2,NA,Finca Ethiopia,NA,NA,91.02,success,NA,NA,NA,NA,"$15,809.22",NA,NA,NA,NA,NA,NA,NA,NA,NA,NOZY COFFEE,NA,NA,NA,NA,NA,NA,NA,NA,NA,NA,NA,NA,NA,NA,NA,NA,NA,NA,NA,NA,NA,NA,NA,NA,NA,890.66,$17.75,NA,NA,NA,NA,NA,NA,NA,NA,NA,NA,NA,NA,NA,NA,NA,NA,NA,NA,NA,NA,NA,NA,NA,NA,NA,NA,NA,NA,NA,NA,NA,NA,NA,NA,NA
El Salvador,2024,COE,auction,Experimental,https://allianceforcoffeeexcellence.org/el-salvador-2024/,6,3,NA,Los Pirineos,NA,NA,90.45,success,NA,NA,NA,NA,"$11,576.83",NA,NA,NA,NA,NA,NA,NA,NA,NA,Fadie Sasaguri Coffee Roastery,NA,NA,NA,NA,NA,NA,NA,NA,NA,NA,NA,NA,NA,NA,NA,NA,NA,NA,NA,NA,NA,NA,NA,NA,NA,1205.92,$9.60,NA,NA,NA,NA,NA,NA,NA,NA,NA,NA,NA,NA,NA,NA,NA,NA,NA,NA,NA,NA,NA,NA,NA,NA,NA,NA,NA,NA,NA,NA,NA,NA,NA,NA,NA
El Salvador,2024,COE,auction,Experimental,https://allianceforcoffeeexcellence.org/el-salvador-2024/,6,4,NA,Noruega,NA,NA,90.23,success,NA,NA,NA,NA,"$10,119.11",NA,NA,NA,NA,NA,NA,NA,NA,NA,Taresso Artisan Coffee Roasters,NA,NA,NA,NA,NA,NA,NA,NA,NA,NA,NA,NA,NA,NA,NA,NA,NA,NA,NA,NA,NA,NA,NA,NA,NA,992.07,$10.20,NA,NA,NA,NA,NA,NA,NA,NA,NA,NA,NA,NA,NA,NA,NA,NA,NA,NA,NA,NA,NA,NA,NA,NA,NA,NA,NA,NA,NA,NA,NA,NA,NA,NA,NA
El Salvador,2024,COE,auction,Experimental,https://allianceforcoffeeexcellence.org/el-salvador-2024/,6,5,NA,La Perla,NA,NA,88.68,success,NA,NA,NA,NA,"$7,476.88",NA,NA,NA,NA,NA,NA,NA,NA,NA,Fadie Sasaguri Coffee Roastery,NA,NA,NA,NA,NA,NA,NA,NA,NA,NA,NA,NA,NA,NA,NA,NA,NA,NA,NA,NA,NA,NA,NA,NA,NA,787.04,$9.50,NA,NA,NA,NA,NA,NA,NA,NA,NA,NA,NA,NA,NA,NA,NA,NA,NA,NA,NA,NA,NA,NA,NA,NA,NA,NA,NA,NA,NA,NA,NA,NA,NA,NA,NA
El Salvador,2024,COE,auction,Experimental,https://allianceforcoffeeexcellence.org/el-salvador-2024/,6,6,NA,Las Delicias,NA,NA,88.32,success,NA,NA,NA,NA,"$6,689.80",NA,NA,NA,NA,NA,NA,NA,NA,NA,"Wataru & Co., Ltd.",NA,NA,NA,NA,NA,NA,NA,NA,NA,NA,NA,NA,NA,NA,NA,NA,NA,NA,NA,NA,NA,NA,NA,NA,NA,524.69,$12.75,NA,NA,NA,NA,NA,NA,NA,NA,NA,NA,NA,NA,NA,NA,NA,NA,NA,NA,NA,NA,NA,NA,NA,NA,NA,NA,NA,NA,NA,NA,NA,NA,NA,NA,NA
El Salvador,2024,COE,auction,Experimental,https://allianceforcoffeeexcellence.org/el-salvador-2024/,6,7,NA,El Angel,NA,NA,88.32,success,NA,NA,NA,NA,"$7,307.58",NA,NA,NA,NA,NA,NA,NA,NA,NA,Boqueron火萨 for OONEX / 不精品咖啡协会 / 捌比特咖啡,NA,NA,NA,NA,NA,NA,NA,NA,NA,NA,NA,NA,NA,NA,NA,NA,NA,NA,NA,NA,NA,NA,NA,NA,NA,575.40,$12.70,NA,NA,NA,NA,NA,NA,NA,NA,NA,NA,NA,NA,NA,NA,NA,NA,NA,NA,NA,NA,NA,NA,NA,NA,NA,NA,NA,NA,NA,NA,NA,NA,NA,NA,NA
El Salvador,2024,COE,auction,Experimental,https://allianceforcoffeeexcellence.org/el-salvador-2024/,6,8,NA,Puerto Arturo,NA,NA,88.20,success,NA,NA,NA,NA,"$5,432.99",NA,NA,NA,NA,NA,NA,NA,NA,NA,"Shrub Coffee, Glams Coffee Roastery, Base Coffee, So Good Coffee, Coffee Roastery 101, Fourth Dimension Coffee and cafetia′m coffee roaster by Marukai",NA,NA,NA,NA,NA,NA,NA,NA,NA,NA,NA,NA,NA,NA,NA,NA,NA,NA,NA,NA,NA,NA,NA,NA,NA,537.92,$10.10,NA,NA,NA,NA,NA,NA,NA,NA,NA,NA,NA,NA,NA,NA,NA,NA,NA,NA,NA,NA,NA,NA,NA,NA,NA,NA,NA,NA,NA,NA,NA,NA,NA,NA,NA
El Salvador,2024,COE,auction,Experimental,https://allianceforcoffeeexcellence.org/el-salvador-2024/,6,9,NA,El Manantial,NA,NA,88.07,success,NA,NA,NA,NA,"$7,103.25",NA,NA,NA,NA,NA,NA,NA,NA,NA,"Wataru & Co., Ltd.",NA,NA,NA,NA,NA,NA,NA,NA,NA,NA,NA,NA,NA,NA,NA,NA,NA,NA,NA,NA,NA,NA,NA,NA,NA,789.25,$9.00,NA,NA,NA,NA,NA,NA,NA,NA,NA,NA,NA,NA,NA,NA,NA,NA,NA,NA,NA,NA,NA,NA,NA,NA,NA,NA,NA,NA,NA,NA,NA,NA,NA,NA,NA
El Salvador,2024,COE,auction,Experimental,https://allianceforcoffeeexcellence.org/el-salvador-2024/,6,10,NA,El Izotal,NA,NA,88.02,success,NA,NA,NA,NA,"$12,280.49",NA,NA,NA,NA,NA,NA,NA,NA,NA,karaz Albun,NA,NA,NA,NA,NA,NA,NA,NA,NA,NA,NA,NA,NA,NA,NA,NA,NA,NA,NA,NA,NA,NA,NA,NA,NA,465.17,$26.40,NA,NA,NA,NA,NA,NA,NA,NA,NA,NA,NA,NA,NA,NA,NA,NA,NA,NA,NA,NA,NA,NA,NA,NA,NA,NA,NA,NA,NA,NA,NA,NA,NA,NA,NA
El Salvador,2024,COE,auction,Experimental,https://allianceforcoffeeexcellence.org/el-salvador-2024/,6,11,NA,Las Duanas,NA,NA,87.91,success,NA,NA,NA,NA,"$12,494.34",NA,NA,NA,NA,NA,NA,NA,NA,NA,"Wataru & Co., Ltd.",NA,NA,NA,NA,NA,NA,NA,NA,NA,NA,NA,NA,NA,NA,NA,NA,NA,NA,NA,NA,NA,NA,NA,NA,NA,1452.83,$8.60,NA,NA,NA,NA,NA,NA,NA,NA,NA,NA,NA,NA,NA,NA,NA,NA,NA,NA,NA,NA,NA,NA,NA,NA,NA,NA,NA,NA,NA,NA,NA,NA,NA,NA,NA
El Salvador,2024,COE,auction,Experimental,https://allianceforcoffeeexcellence.org/el-salvador-2024/,6,12,NA,Finca El Pezote,NA,NA,87.75,success,NA,NA,NA,NA,"$7,023.02",NA,NA,NA,NA,NA,NA,NA,NA,NA,List & Beisler,NA,NA,NA,NA,NA,NA,NA,NA,NA,NA,NA,NA,NA,NA,NA,NA,NA,NA,NA,NA,NA,NA,NA,NA,NA,798.07,$8.80,NA,NA,NA,NA,NA,NA,NA,NA,NA,NA,NA,NA,NA,NA,NA,NA,NA,NA,NA,NA,NA,NA,NA,NA,NA,NA,NA,NA,NA,NA,NA,NA,NA,NA,NA
El Salvador,2024,NW,auction,Natural,https://allianceforcoffeeexcellence.org/el-salvador-2024/,9,NW,NA,Finca Ethiopia,NA,NA,86.95,success,NA,NA,NA,NA,"$5,363.11",NA,NA,NA,NA,NA,NA,NA,NA,NA,Nozy Coffee,NA,NA,NA,NA,NA,NA,NA,NA,NA,NA,NA,NA,NA,NA,NA,NA,NA,NA,NA,NA,NA,NA,NA,NA,NA,1051.59,$5.10,NA,NA,NA,NA,NA,NA,NA,NA,NA,NA,NA,NA,NA,NA,NA,NA,NA,NA,NA,NA,NA,NA,NA,NA,NA,NA,NA,NA,NA,NA,NA,NA,NA,NA,NA
El Salvador,2024,NW,auction,Natural,https://allianceforcoffeeexcellence.org/el-salvador-2024/,9,NW,NA,La Esperanza,NA,NA,85.86,success,NA,NA,NA,NA,"$3,384.05",NA,NA,NA,NA,NA,NA,NA,NA,NA,Karaz Albun,NA,NA,NA,NA,NA,NA,NA,NA,NA,NA,NA,NA,NA,NA,NA,NA,NA,NA,NA,NA,NA,NA,NA,NA,NA,676.81,$5.00,NA,NA,NA,NA,NA,NA,NA,NA,NA,NA,NA,NA,NA,NA,NA,NA,NA,NA,NA,NA,NA,NA,NA,NA,NA,NA,NA,NA,NA,NA,NA,NA,NA,NA,NA
El Salvador,2024,NW,auction,Experimental,https://allianceforcoffeeexcellence.org/el-salvador-2024/,10,NW,NA,Helvetia,NA,NA,87.36,success,NA,NA,NA,NA,"$6,240.11",NA,NA,NA,NA,NA,NA,NA,NA,NA,"Wataru & Co., Ltd.",NA,NA,NA,NA,NA,NA,NA,NA,NA,NA,NA,NA,NA,NA,NA,NA,NA,NA,NA,NA,NA,NA,NA,NA,NA,1223.55,$5.10,NA,NA,NA,NA,NA,NA,NA,NA,NA,NA,NA,NA,NA,NA,NA,NA,NA,NA,NA,NA,NA,NA,NA,NA,NA,NA,NA,NA,NA,NA,NA,NA,NA,NA,NA
El Salvador,2025,COE,auction,Washed + Honey,https://allianceforcoffeeexcellence.org/el-salvador-2025/,4,1A,NA,NA,NA,NA,"90,93",success,NA,NA,NA,NA,$8219.40,NA,NA,NA,NA,NA,Santa Rosa,NA,NA,NA,NA,NA,NA,NA,NA,NA,NA,NA,NA,NA,NA,NA,NA,NA,NA,NA,NA,NA,NA,NA,NA,NA,NA,NA,NA,NA,NA,NA,NA,NA,NA,NA,NA,NA,199.5lbs,$41.20/lb,NA,NA,NA,NA,NA,CHG（手多多咖啡），Boqueron coffee火萨，S.O.E Coffee 八平方咖啡,NA,NA,NA,NA,NA,NA,NA,NA,NA,NA,NA,NA,NA,NA,NA,NA,NA,NA,NA,NA,NA
El Salvador,2025,COE,auction,Washed + Honey,https://allianceforcoffeeexcellence.org/el-salvador-2025/,4,1B,NA,NA,NA,NA,"90,93",success,NA,NA,NA,NA,$8398.95,NA,NA,NA,NA,NA,Santa Rosa,NA,NA,NA,NA,NA,NA,NA,NA,NA,NA,NA,NA,NA,NA,NA,NA,NA,NA,NA,NA,NA,NA,NA,NA,NA,NA,NA,NA,NA,NA,NA,NA,NA,NA,NA,NA,NA,199.5lbs,$42.10/lb,NA,NA,NA,NA,NA,Huracan Coffee (Sviezia Kava),NA,NA,NA,NA,NA,NA,NA,NA,NA,NA,NA,NA,NA,NA,NA,NA,NA,NA,NA,NA,NA
El Salvador,2025,COE,auction,Washed + Honey,https://allianceforcoffeeexcellence.org/el-salvador-2025/,4,2,NA,NA,NA,NA,"90,57",success,NA,NA,NA,NA,$18068.60,NA,NA,NA,NA,NA,Los Morales,NA,NA,NA,NA,NA,NA,NA,NA,NA,NA,NA,NA,NA,NA,NA,NA,NA,NA,NA,NA,NA,NA,NA,NA,NA,NA,NA,NA,NA,NA,NA,NA,NA,NA,NA,NA,NA,946lbs,$19.10/lb,NA,NA,NA,NA,NA,"YN coffee for Beanner Coffee (China), ACE GROWTH LIMITED上海瑜钭实业有限公司, AllYouWant Coffee (China), Mowent Coffee Roasters (China), 4mins coffee (China) , Hainan Free Trade Zone Viva Trading Company Ltd",NA,NA,NA,NA,NA,NA,NA,NA,NA,NA,NA,NA,NA,NA,NA,NA,NA,NA,NA,NA,NA
El Salvador,2025,COE,auction,Washed + Honey,https://allianceforcoffeeexcellence.org/el-salvador-2025/,4,3,NA,NA,NA,NA,"90,02",success,NA,NA,NA,NA,$23254.40,NA,NA,NA,NA,NA,Los Naranjos,NA,NA,NA,NA,NA,NA,NA,NA,NA,NA,NA,NA,NA,NA,NA,NA,NA,NA,NA,NA,NA,NA,NA,NA,NA,NA,NA,NA,NA,NA,NA,NA,NA,NA,NA,NA,NA,416lbs,$55.90/lb,NA,NA,NA,NA,NA,MOMOS COFFEE,NA,NA,NA,NA,NA,NA,NA,NA,NA,NA,NA,NA,NA,NA,NA,NA,NA,NA,NA,NA,NA
El Salvador,2025,COE,auction,Washed + Honey,https://allianceforcoffeeexcellence.org/el-salvador-2025/,4,4,NA,NA,NA,NA,"89,55",success,NA,NA,NA,NA,$9153.00,NA,NA,NA,NA,NA,La Esperanza,NA,NA,NA,NA,NA,NA,NA,NA,NA,NA,NA,NA,NA,NA,NA,NA,NA,NA,NA,NA,NA,NA,NA,NA,NA,NA,NA,NA,NA,NA,NA,NA,NA,NA,NA,NA,NA,339lbs,$27.00/lb,NA,NA,NA,NA,NA,Huracan Coffee (Sviezia Kava),NA,NA,NA,NA,NA,NA,NA,NA,NA,NA,NA,NA,NA,NA,NA,NA,NA,NA,NA,NA,NA
El Salvador,2025,COE,auction,Washed + Honey,https://allianceforcoffeeexcellence.org/el-salvador-2025/,4,,NA,NA,NA,NA,"88,88",success,NA,NA,NA,NA,$5467.20,NA,NA,NA,NA,NA,Miramar,NA,NA,NA,NA,NA,NA,NA,NA,NA,NA,NA,NA,NA,NA,NA,NA,NA,NA,NA,NA,NA,NA,NA,NA,NA,NA,NA,NA,NA,NA,NA,NA,NA,NA,NA,NA,NA,272lbs,$20.10/lb,NA,NA,NA,NA,NA,"Goldkind GmbH, Cafés Él Magnifico",NA,NA,NA,NA,NA,NA,NA,NA,NA,NA,NA,NA,NA,NA,NA,NA,NA,NA,NA,NA,NA
El Salvador,2025,COE,auction,Washed + Honey,https://allianceforcoffeeexcellence.org/el-salvador-2025/,4,6,NA,NA,NA,NA,"87,14",success,NA,NA,NA,NA,$9781.20,NA,NA,NA,NA,NA,Finca El Pezote,NA,NA,NA,NA,NA,NA,NA,NA,NA,NA,NA,NA,NA,NA,NA,NA,NA,NA,NA,NA,NA,NA,NA,NA,NA,NA,NA,NA,NA,NA,NA,NA,NA,NA,NA,NA,NA,627lbs,$15.60/lb,NA,NA,NA,NA,NA,Brew92 Cafe & Roastery,NA,NA,NA,NA,NA,NA,NA,NA,NA,NA,NA,NA,NA,NA,NA,NA,NA,NA,NA,NA,NA
El Salvador,2025,COE,auction,Washed + Honey,https://allianceforcoffeeexcellence.org/el-salvador-2025/,4,7,NA,NA,NA,NA,"87,11",success,NA,NA,NA,NA,$8812.80,NA,NA,NA,NA,NA,El Izotal,NA,NA,NA,NA,NA,NA,NA,NA,NA,NA,NA,NA,NA,NA,NA,NA,NA,NA,NA,NA,NA,NA,NA,NA,NA,NA,NA,NA,NA,NA,NA,NA,NA,NA,NA,NA,NA,432lbs,$20.40/lb,NA,NA,NA,NA,NA,"Wataru & Co., Ltd.",NA,NA,NA,NA,NA,NA,NA,NA,NA,NA,NA,NA,NA,NA,NA,NA,NA,NA,NA,NA,NA
El Salvador,2025,COE,auction,Washed + Honey,https://allianceforcoffeeexcellence.org/el-salvador-2025/,4,8,NA,NA,NA,NA,"87,02",success,NA,NA,NA,NA,$11250.40,NA,NA,NA,NA,NA,Finca El Durazno,NA,NA,NA,NA,NA,NA,NA,NA,NA,NA,NA,NA,NA,NA,NA,NA,NA,NA,NA,NA,NA,NA,NA,NA,NA,NA,NA,NA,NA,NA,NA,NA,NA,NA,NA,NA,NA,686lbs,$16.40/lb,NA,NA,NA,NA,NA,"Wataru & Co., Ltd.",NA,NA,NA,NA,NA,NA,NA,NA,NA,NA,NA,NA,NA,NA,NA,NA,NA,NA,NA,NA,NA
El Salvador,2025,COE,auction,Natural,https://allianceforcoffeeexcellence.org/el-salvador-2025/,5,1A,NA,NA,NA,NA,"90,30",success,NA,NA,NA,NA,$14598.50,NA,NA,NA,NA,NA,La Pacaya,NA,NA,NA,NA,NA,NA,NA,NA,NA,NA,NA,NA,NA,NA,NA,NA,NA,NA,NA,NA,NA,NA,NA,NA,NA,NA,NA,NA,NA,NA,NA,NA,NA,NA,NA,NA,NA,485lbs,$30.10/lb,NA,NA,NA,NA,NA,Onyx Coffee Lab,NA,NA,NA,NA,NA,NA,NA,NA,NA,NA,NA,NA,NA,NA,NA,NA,NA,NA,NA,NA,NA
El Salvador,2025,COE,auction,Natural,https://allianceforcoffeeexcellence.org/el-salvador-2025/,5,1B,NA,NA,NA,NA,"90,30",success,NA,NA,NA,NA,$14598.50,NA,NA,NA,NA,NA,La Pacaya,NA,NA,NA,NA,NA,NA,NA,NA,NA,NA,NA,NA,NA,NA,NA,NA,NA,NA,NA,NA,NA,NA,NA,NA,NA,NA,NA,NA,NA,NA,NA,NA,NA,NA,NA,NA,NA,485lbs,$30.10/lb,NA,NA,NA,NA,NA,DECAMERON COFFEE 十日谈,NA,NA,NA,NA,NA,NA,NA,NA,NA,NA,NA,NA,NA,NA,NA,NA,NA,NA,NA,NA,NA
El Salvador,2025,COE,auction,Natural,https://allianceforcoffeeexcellence.org/el-salvador-2025/,5,2,NA,NA,NA,NA,"89,79",success,NA,NA,NA,NA,$16575.00,NA,NA,NA,NA,NA,Los Morales,NA,NA,NA,NA,NA,NA,NA,NA,NA,NA,NA,NA,NA,NA,NA,NA,NA,NA,NA,NA,NA,NA,NA,NA,NA,NA,NA,NA,NA,NA,NA,NA,NA,NA,NA,NA,NA,750lbs,$22.10/lb,NA,NA,NA,NA,NA,Sarutahiko Coffee Inc.,NA,NA,NA,NA,NA,NA,NA,NA,NA,NA,NA,NA,NA,NA,NA,NA,NA,NA,NA,NA,NA
El Salvador,2025,COE,auction,Natural,https://allianceforcoffeeexcellence.org/el-salvador-2025/,5,3,NA,NA,NA,NA,"89,52",success,NA,NA,NA,NA,$17892.50,NA,NA,NA,NA,NA,El Conacaste,NA,NA,NA,NA,NA,NA,NA,NA,NA,NA,NA,NA,NA,NA,NA,NA,NA,NA,NA,NA,NA,NA,NA,NA,NA,NA,NA,NA,NA,NA,NA,NA,NA,NA,NA,NA,NA,425lbs,$42.10/lb,NA,NA,NA,NA,NA,"YN coffee, YN coffee for Beanner Coffee(China), AllYouWant Coffee (China), Blossom Valley宸峄咖啡, 落雨Coffee Studio(China)",NA,NA,NA,NA,NA,NA,NA,NA,NA,NA,NA,NA,NA,NA,NA,NA,NA,NA,NA,NA,NA
El Salvador,2025,COE,auction,Natural,https://allianceforcoffeeexcellence.org/el-salvador-2025/,5,4,NA,NA,NA,NA,"89,21",success,NA,NA,NA,NA,$15526.50,NA,NA,NA,NA,NA,El Angel,NA,NA,NA,NA,NA,NA,NA,NA,NA,NA,NA,NA,NA,NA,NA,NA,NA,NA,NA,NA,NA,NA,NA,NA,NA,NA,NA,NA,NA,NA,NA,NA,NA,NA,NA,NA,NA,941lbs,$16.50/lb,NA,NA,NA,NA,NA,honu加藤珈琲店株式会社,NA,NA,NA,NA,NA,NA,NA,NA,NA,NA,NA,NA,NA,NA,NA,NA,NA,NA,NA,NA,NA
El Salvador,2025,COE,auction,Natural,https://allianceforcoffeeexcellence.org/el-salvador-2025/,5,5,NA,NA,NA,NA,"88,46",success,NA,NA,NA,NA,$14067.50,NA,NA,NA,NA,NA,Plan Del Hoyo,NA,NA,NA,NA,NA,NA,NA,NA,NA,NA,NA,NA,NA,NA,NA,NA,NA,NA,NA,NA,NA,NA,NA,NA,NA,NA,NA,NA,NA,NA,NA,NA,NA,NA,NA,NA,NA,425lbs,$33.10/lb,NA,NA,NA,NA,NA,mindfo coffee、Always Coffee Roaster、有容乃大Small Arms Big Heart、珈琲光景 Café Lumiere、Beansip Limited bid by Ecofarm Coffee(China),NA,NA,NA,NA,NA,NA,NA,NA,NA,NA,NA,NA,NA,NA,NA,NA,NA,NA,NA,NA,NA
El Salvador,2025,COE,auction,Natural,https://allianceforcoffeeexcellence.org/el-salvador-2025/,5,6,NA,NA,NA,NA,"88,27",success,NA,NA,NA,NA,$12768.00,NA,NA,NA,NA,NA,La Alegria,NA,NA,NA,NA,NA,NA,NA,NA,NA,NA,NA,NA,NA,NA,NA,NA,NA,NA,NA,NA,NA,NA,NA,NA,NA,NA,NA,NA,NA,NA,NA,NA,NA,NA,NA,NA,NA,760lbs,$16.80/lb,NA,NA,NA,NA,NA,Brew92 Cafe & Roastery,NA,NA,NA,NA,NA,NA,NA,NA,NA,NA,NA,NA,NA,NA,NA,NA,NA,NA,NA,NA,NA
El Salvador,2025,COE,auction,Natural,https://allianceforcoffeeexcellence.org/el-salvador-2025/,5,7,NA,NA,NA,NA,"88,16",success,NA,NA,NA,NA,$8223.60,NA,NA,NA,NA,NA,Finca Altamira,NA,NA,NA,NA,NA,NA,NA,NA,NA,NA,NA,NA,NA,NA,NA,NA,NA,NA,NA,NA,NA,NA,NA,NA,NA,NA,NA,NA,NA,NA,NA,NA,NA,NA,NA,NA,NA,534lbs,$15.40/lb,NA,NA,NA,NA,NA,"Saerin co.,Ltd (MOGIPOGROUND) & COMANSA",NA,NA,NA,NA,NA,NA,NA,NA,NA,NA,NA,NA,NA,NA,NA,NA,NA,NA,NA,NA,NA
El Salvador,2025,COE,auction,Natural,https://allianceforcoffeeexcellence.org/el-salvador-2025/,5,8,NA,NA,NA,NA,"87,77",success,NA,NA,NA,NA,$6857.50,NA,NA,NA,NA,NA,Llano Grande,NA,NA,NA,NA,NA,NA,NA,NA,NA,NA,NA,NA,NA,NA,NA,NA,NA,NA,NA,NA,NA,NA,NA,NA,NA,NA,NA,NA,NA,NA,NA,NA,NA,NA,NA,NA,NA,325lbs,$21.10/lb,NA,NA,NA,NA,NA,DAWA,NA,NA,NA,NA,NA,NA,NA,NA,NA,NA,NA,NA,NA,NA,NA,NA,NA,NA,NA,NA,NA
El Salvador,2025,COE,auction,Natural,https://allianceforcoffeeexcellence.org/el-salvador-2025/,5,9,NA,NA,NA,NA,"87,64",success,NA,NA,NA,NA,$6230.70,NA,NA,NA,NA,NA,Los Bellotos,NA,NA,NA,NA,NA,NA,NA,NA,NA,NA,NA,NA,NA,NA,NA,NA,NA,NA,NA,NA,NA,NA,NA,NA,NA,NA,NA,NA,NA,NA,NA,NA,NA,NA,NA,NA,NA,387lbs,$16.10/lb,NA,NA,NA,NA,NA,Kaffebrenneriet as,NA,NA,NA,NA,NA,NA,NA,NA,NA,NA,NA,NA,NA,NA,NA,NA,NA,NA,NA,NA,NA
El Salvador,2025,COE,auction,Natural,https://allianceforcoffeeexcellence.org/el-salvador-2025/,5,10,NA,NA,NA,NA,"87,50",success,NA,NA,NA,NA,$7919.40,NA,NA,NA,NA,NA,El Izotal,NA,NA,NA,NA,NA,NA,NA,NA,NA,NA,NA,NA,NA,NA,NA,NA,NA,NA,NA,NA,NA,NA,NA,NA,NA,NA,NA,NA,NA,NA,NA,NA,NA,NA,NA,NA,NA,394lbs,$20.10/lb,NA,NA,NA,NA,NA,Black Knight,NA,NA,NA,NA,NA,NA,NA,NA,NA,NA,NA,NA,NA,NA,NA,NA,NA,NA,NA,NA,NA
El Salvador,2025,COE,auction,Natural,https://allianceforcoffeeexcellence.org/el-salvador-2025/,5,11,NA,NA,NA,NA,"87,50",success,NA,NA,NA,NA,$6318.00,NA,NA,NA,NA,NA,Campo Bello,NA,NA,NA,NA,NA,NA,NA,NA,NA,NA,NA,NA,NA,NA,NA,NA,NA,NA,NA,NA,NA,NA,NA,NA,NA,NA,NA,NA,NA,NA,NA,NA,NA,NA,NA,NA,NA,390lbs,$16.20/lb,NA,NA,NA,NA,NA,Pilot Coffee Roasters,NA,NA,NA,NA,NA,NA,NA,NA,NA,NA,NA,NA,NA,NA,NA,NA,NA,NA,NA,NA,NA
El Salvador,2025,COE,auction,Natural,https://allianceforcoffeeexcellence.org/el-salvador-2025/,5,12,NA,NA,NA,NA,"87,50",success,NA,NA,NA,NA,$7726.50,NA,NA,NA,NA,NA,El Cerro,NA,NA,NA,NA,NA,NA,NA,NA,NA,NA,NA,NA,NA,NA,NA,NA,NA,NA,NA,NA,NA,NA,NA,NA,NA,NA,NA,NA,NA,NA,NA,NA,NA,NA,NA,NA,NA,505lbs,$15.30/lb,NA,NA,NA,NA,NA,ORO ROASTERS,NA,NA,NA,NA,NA,NA,NA,NA,NA,NA,NA,NA,NA,NA,NA,NA,NA,NA,NA,NA,NA
El Salvador,2025,COE,auction,Experimental,https://allianceforcoffeeexcellence.org/el-salvador-2025/,6,1A,NA,NA,NA,NA,"90,18",success,NA,NA,NA,NA,$11473.90,NA,NA,NA,NA,NA,Las Duanas,NA,NA,NA,NA,NA,NA,NA,NA,NA,NA,NA,NA,NA,NA,NA,NA,NA,NA,NA,NA,NA,NA,NA,NA,NA,NA,NA,NA,NA,NA,NA,NA,NA,NA,NA,NA,NA,641lbs,$17.90/lb,NA,NA,NA,NA,NA,Kaffebrenneriet as,NA,NA,NA,NA,NA,NA,NA,NA,NA,NA,NA,NA,NA,NA,NA,NA,NA,NA,NA,NA,NA
El Salvador,2025,COE,auction,Experimental,https://allianceforcoffeeexcellence.org/el-salvador-2025/,6,1B,NA,NA,NA,NA,"90,18",success,NA,NA,NA,NA,$11473.90,NA,NA,NA,NA,NA,Las Duanas,NA,NA,NA,NA,NA,NA,NA,NA,NA,NA,NA,NA,NA,NA,NA,NA,NA,NA,NA,NA,NA,NA,NA,NA,NA,NA,NA,NA,NA,NA,NA,NA,NA,NA,NA,NA,NA,641lbs,$17.90/lb,NA,NA,NA,NA,NA,WAVY COFFEE ROASTERS by Marukai,NA,NA,NA,NA,NA,NA,NA,NA,NA,NA,NA,NA,NA,NA,NA,NA,NA,NA,NA,NA,NA
El Salvador,2025,COE,auction,Experimental,https://allianceforcoffeeexcellence.org/el-salvador-2025/,6,2,NA,NA,NA,NA,"89,55",success,NA,NA,NA,NA,$6140.80,NA,NA,NA,NA,NA,Las Duanas,NA,NA,NA,NA,NA,NA,NA,NA,NA,NA,NA,NA,NA,NA,NA,NA,NA,NA,NA,NA,NA,NA,NA,NA,NA,NA,NA,NA,NA,NA,NA,NA,NA,NA,NA,NA,NA,404lbs,$15.20/lb,NA,NA,NA,NA,NA,Brew92 Cafe & Roastery,NA,NA,NA,NA,NA,NA,NA,NA,NA,NA,NA,NA,NA,NA,NA,NA,NA,NA,NA,NA,NA
El Salvador,2025,COE,auction,Experimental,https://allianceforcoffeeexcellence.org/el-salvador-2025/,6,3,NA,NA,NA,NA,"89,30",success,NA,NA,NA,NA,$4135.80,NA,NA,NA,NA,NA,Finca El Portezuelo,NA,NA,NA,NA,NA,NA,NA,NA,NA,NA,NA,NA,NA,NA,NA,NA,NA,NA,NA,NA,NA,NA,NA,NA,NA,NA,NA,NA,NA,NA,NA,NA,NA,NA,NA,NA,NA,226lbs,$18.30/lb,NA,NA,NA,NA,NA,Black Sip Coffee Roasters,NA,NA,NA,NA,NA,NA,NA,NA,NA,NA,NA,NA,NA,NA,NA,NA,NA,NA,NA,NA,NA
El Salvador,2025,COE,auction,Experimental,https://allianceforcoffeeexcellence.org/el-salvador-2025/,6,4,NA,NA,NA,NA,"88,80",success,NA,NA,NA,NA,$7980.00,NA,NA,NA,NA,NA,Los Angeles,NA,NA,NA,NA,NA,NA,NA,NA,NA,NA,NA,NA,NA,NA,NA,NA,NA,NA,NA,NA,NA,NA,NA,NA,NA,NA,NA,NA,NA,NA,NA,NA,NA,NA,NA,NA,NA,525lbs,$15.20/lb,NA,NA,NA,NA,NA,Mira Mar 08 Ltd / Dabov Specialty Coffee,NA,NA,NA,NA,NA,NA,NA,NA,NA,NA,NA,NA,NA,NA,NA,NA,NA,NA,NA,NA,NA
El Salvador,2025,COE,auction,Experimental,https://allianceforcoffeeexcellence.org/el-salvador-2025/,6,5,NA,NA,NA,NA,"88,14",success,NA,NA,NA,NA,$8846.40,NA,NA,NA,NA,NA,Finca El Portezuelo,NA,NA,NA,NA,NA,NA,NA,NA,NA,NA,NA,NA,NA,NA,NA,NA,NA,NA,NA,NA,NA,NA,NA,NA,NA,NA,NA,NA,NA,NA,NA,NA,NA,NA,NA,NA,NA,582lbs,$15.20/lb,NA,NA,NA,NA,NA,"Wataru & Co., Ltd.",NA,NA,NA,NA,NA,NA,NA,NA,NA,NA,NA,NA,NA,NA,NA,NA,NA,NA,NA,NA,NA
El Salvador,2025,COE,auction,Experimental,https://allianceforcoffeeexcellence.org/el-salvador-2025/,6,6,NA,NA,NA,NA,"87,98",success,NA,NA,NA,NA,$10804.60,NA,NA,NA,NA,NA,Santa Rita,NA,NA,NA,NA,NA,NA,NA,NA,NA,NA,NA,NA,NA,NA,NA,NA,NA,NA,NA,NA,NA,NA,NA,NA,NA,NA,NA,NA,NA,NA,NA,NA,NA,NA,NA,NA,NA,607lbs,$17.80/lb,NA,NA,NA,NA,NA,Sulalat,NA,NA,NA,NA,NA,NA,NA,NA,NA,NA,NA,NA,NA,NA,NA,NA,NA,NA,NA,NA,NA
El Salvador,2025,COE,auction,Experimental,https://allianceforcoffeeexcellence.org/el-salvador-2025/,6,7,NA,NA,NA,NA,"87,96",success,NA,NA,NA,NA,$8883.50,NA,NA,NA,NA,NA,Finca Ethiopia,NA,NA,NA,NA,NA,NA,NA,NA,NA,NA,NA,NA,NA,NA,NA,NA,NA,NA,NA,NA,NA,NA,NA,NA,NA,NA,NA,NA,NA,NA,NA,NA,NA,NA,NA,NA,NA,545lbs,$16.30/lb,NA,NA,NA,NA,NA,NOZY COFFEE,NA,NA,NA,NA,NA,NA,NA,NA,NA,NA,NA,NA,NA,NA,NA,NA,NA,NA,NA,NA,NA
El Salvador,2025,COE,auction,Experimental,https://allianceforcoffeeexcellence.org/el-salvador-2025/,6,8,NA,NA,NA,NA,"87,70",success,NA,NA,NA,NA,$7270.50,NA,NA,NA,NA,NA,Los Naranjos,NA,NA,NA,NA,NA,NA,NA,NA,NA,NA,NA,NA,NA,NA,NA,NA,NA,NA,NA,NA,NA,NA,NA,NA,NA,NA,NA,NA,NA,NA,NA,NA,NA,NA,NA,NA,NA,555lbs,$13.10/lb,NA,NA,NA,NA,NA,"Wataru & Co., Ltd.",NA,NA,NA,NA,NA,NA,NA,NA,NA,NA,NA,NA,NA,NA,NA,NA,NA,NA,NA,NA,NA
El Salvador,2025,COE,auction,Experimental,https://allianceforcoffeeexcellence.org/el-salvador-2025/,6,9,NA,NA,NA,NA,"87,34",success,NA,NA,NA,NA,$5250.00,NA,NA,NA,NA,NA,Las Camelias Estate,NA,NA,NA,NA,NA,NA,NA,NA,NA,NA,NA,NA,NA,NA,NA,NA,NA,NA,NA,NA,NA,NA,NA,NA,NA,NA,NA,NA,NA,NA,NA,NA,NA,NA,NA,NA,NA,350lbs,$15.00/lb,NA,NA,NA,NA,NA,MI Coffee Corporation,NA,NA,NA,NA,NA,NA,NA,NA,NA,NA,NA,NA,NA,NA,NA,NA,NA,NA,NA,NA,NA
Ethiopia,2020,NW,auction,NA,https://allianceforcoffeeexcellence.org/ethiopia-2020/,2,NW,NA,NA,NA,NA,86.86,success,NA,NA,NA,$9.70/lb,"$5,773.93",Brulerie du Quai,NA,NA,NA,270,NA,NA,NA,NA,NA,NA,NA,NA,NA,NA,NA,NA,NA,NA,NA,NA,NA,NA,NA,NA,NA,NA,NA,NA,NA,NA,NA,NA,NA,NA,NA,NA,NA,NA,NA,NA,NA,NA,NA,NA,NA,NA,NA,NA,NA,NA,NA,Kebede Godo Loni,NA,NA,NA,NA,NA,NA,NA,NA,NA,NA,NA,NA,NA,NA,NA,NA,NA,NA,NA
Ethiopia,2020,NW,auction,NA,https://allianceforcoffeeexcellence.org/ethiopia-2020/,2,NW,NA,NA,NA,NA,86.75,success,NA,NA,NA,$8.50/lb,"$18,551.85",Sarutahiko Coffee Inc.,NA,NA,NA,990,NA,NA,NA,NA,NA,NA,NA,NA,NA,NA,NA,NA,NA,NA,NA,NA,NA,NA,NA,NA,NA,NA,NA,NA,NA,NA,NA,NA,NA,NA,NA,NA,NA,NA,NA,NA,NA,NA,NA,NA,NA,NA,NA,NA,NA,NA,NA,Yohannes Degoma Gumi,NA,NA,NA,NA,NA,NA,NA,NA,NA,NA,NA,NA,NA,NA,NA,NA,NA,NA,NA
Ethiopia,2020,NW,auction,NA,https://allianceforcoffeeexcellence.org/ethiopia-2020/,2,NW,NA,NA,NA,NA,86.5,success,NA,NA,NA,$9.30/lb,"$15,684.73",Kafema,NA,NA,NA,765,NA,NA,NA,NA,NA,NA,NA,NA,NA,NA,NA,NA,NA,NA,NA,NA,NA,NA,NA,NA,NA,NA,NA,NA,NA,NA,NA,NA,NA,NA,NA,NA,NA,NA,NA,NA,NA,NA,NA,NA,NA,NA,NA,NA,NA,NA,NA,Alemayehu Tilahun Butucho,NA,NA,NA,NA,NA,NA,NA,NA,NA,NA,NA,NA,NA,NA,NA,NA,NA,NA,NA
Ethiopia,2020,NW,auction,NA,https://allianceforcoffeeexcellence.org/ethiopia-2020/,2,NW,NA,NA,NA,NA,85.93,success,NA,NA,NA,$7.70/lb,"$15,532.67","Wataru & Co., Ltd.",NA,NA,NA,915,NA,NA,NA,NA,NA,NA,NA,NA,NA,NA,NA,NA,NA,NA,NA,NA,NA,NA,NA,NA,NA,NA,NA,NA,NA,NA,NA,NA,NA,NA,NA,NA,NA,NA,NA,NA,NA,NA,NA,NA,NA,NA,NA,NA,NA,NA,NA,Abiot Boru Gubana,NA,NA,NA,NA,NA,NA,NA,NA,NA,NA,NA,NA,NA,NA,NA,NA,NA,NA,NA
Ethiopia,2020,NW,auction,NA,https://allianceforcoffeeexcellence.org/ethiopia-2020/,2,NW,NA,NA,NA,NA,85.79,success,NA,NA,NA,$7.90/lb,"$16,197.37",FIKA FIKA CAFE CORPORATION,NA,NA,NA,930,NA,NA,NA,NA,NA,NA,NA,NA,NA,NA,NA,NA,NA,NA,NA,NA,NA,NA,NA,NA,NA,NA,NA,NA,NA,NA,NA,NA,NA,NA,NA,NA,NA,NA,NA,NA,NA,NA,NA,NA,NA,NA,NA,NA,NA,NA,NA,Sibu Coffee Exporters,NA,NA,NA,NA,NA,NA,NA,NA,NA,NA,NA,NA,NA,NA,NA,NA,NA,NA,NA
Ethiopia,2020,NW,auction,NA,https://allianceforcoffeeexcellence.org/ethiopia-2020/,2,NW,NA,NA,NA,NA,85.79,success,NA,NA,NA,$7.80/lb,"$15,734.39","Buon Caffe, 墨咖啡, Linking Coffee Co., Ltd.",NA,NA,NA,915,NA,NA,NA,NA,NA,NA,NA,NA,NA,NA,NA,NA,NA,NA,NA,NA,NA,NA,NA,NA,NA,NA,NA,NA,NA,NA,NA,NA,NA,NA,NA,NA,NA,NA,NA,NA,NA,NA,NA,NA,NA,NA,NA,NA,NA,NA,NA,Tamerat Edema Basaye,NA,NA,NA,NA,NA,NA,NA,NA,NA,NA,NA,NA,NA,NA,NA,NA,NA,NA,NA
Ethiopia,2020,NW,auction,NA,https://allianceforcoffeeexcellence.org/ethiopia-2020/,2,NW,NA,NA,NA,NA,85.79,success,NA,NA,NA,$10.50/lb,"$6,597.36",FIKA FIKA CAFE CORPORATION,NA,NA,NA,285,NA,NA,NA,NA,NA,NA,NA,NA,NA,NA,NA,NA,NA,NA,NA,NA,NA,NA,NA,NA,NA,NA,NA,NA,NA,NA,NA,NA,NA,NA,NA,NA,NA,NA,NA,NA,NA,NA,NA,NA,NA,NA,NA,NA,NA,NA,NA,Mulugeta Tsege Beraso,NA,NA,NA,NA,NA,NA,NA,NA,NA,NA,NA,NA,NA,NA,NA,NA,NA,NA,NA
Ethiopia,2020,NW,auction,NA,https://allianceforcoffeeexcellence.org/ethiopia-2020/,2,NW,NA,NA,NA,NA,85.71,success,NA,NA,NA,$8.10/lb,"$13,393.11","Takao (Coffee bullet JackyLai/Artigiano /Lino coffee Roastery /Bu Cafe/Coffee Drink), Buon Caffe, Linking Coffee Co., Ltd.",NA,NA,NA,750,NA,NA,NA,NA,NA,NA,NA,NA,NA,NA,NA,NA,NA,NA,NA,NA,NA,NA,NA,NA,NA,NA,NA,NA,NA,NA,NA,NA,NA,NA,NA,NA,NA,NA,NA,NA,NA,NA,NA,NA,NA,NA,NA,NA,NA,NA,NA,Layo Hibret Sera Mahber,NA,NA,NA,NA,NA,NA,NA,NA,NA,NA,NA,NA,NA,NA,NA,NA,NA,NA,NA
Ethiopia,2020,NW,auction,NA,https://allianceforcoffeeexcellence.org/ethiopia-2020/,2,NW,NA,NA,NA,NA,85.57,success,NA,NA,NA,$10.00/lb,"$10,912.90",rozam,NA,NA,NA,495,NA,NA,NA,NA,NA,NA,NA,NA,NA,NA,NA,NA,NA,NA,NA,NA,NA,NA,NA,NA,NA,NA,NA,NA,NA,NA,NA,NA,NA,NA,NA,NA,NA,NA,NA,NA,NA,NA,NA,NA,NA,NA,NA,NA,NA,NA,NA,Mengestu Demese Beraso,NA,NA,NA,NA,NA,NA,NA,NA,NA,NA,NA,NA,NA,NA,NA,NA,NA,NA,NA
Ethiopia,2020,NW,auction,NA,https://allianceforcoffeeexcellence.org/ethiopia-2020/,2,NW,NA,NA,NA,NA,85.5,success,NA,NA,NA,$7.60/lb,"$19,100.85",Latorre & Dutch Coffee Traders,NA,NA,NA,1140,NA,NA,NA,NA,NA,NA,NA,NA,NA,NA,NA,NA,NA,NA,NA,NA,NA,NA,NA,NA,NA,NA,NA,NA,NA,NA,NA,NA,NA,NA,NA,NA,NA,NA,NA,NA,NA,NA,NA,NA,NA,NA,NA,NA,NA,NA,NA,Snap Trading and Industry PLC,NA,NA,NA,NA,NA,NA,NA,NA,NA,NA,NA,NA,NA,NA,NA,NA,NA,NA,NA
Ethiopia,2020,NW,auction,NA,https://allianceforcoffeeexcellence.org/ethiopia-2020/,2,NW,NA,NA,NA,NA,85.39,success,NA,NA,NA,$8.60/lb,"$18,201.38",KEFFA COFFEE LLC,NA,NA,NA,960,NA,NA,NA,NA,NA,NA,NA,NA,NA,NA,NA,NA,NA,NA,NA,NA,NA,NA,NA,NA,NA,NA,NA,NA,NA,NA,NA,NA,NA,NA,NA,NA,NA,NA,NA,NA,NA,NA,NA,NA,NA,NA,NA,NA,NA,NA,NA,Yidnekachew Selshi Alemu,NA,NA,NA,NA,NA,NA,NA,NA,NA,NA,NA,NA,NA,NA,NA,NA,NA,NA,NA
Ethiopia,2020,NW,auction,NA,https://allianceforcoffeeexcellence.org/ethiopia-2020/,2,NW,NA,NA,NA,NA,,success,NA,NA,NA,$8.39/lb,"$155,680.54",,NA,NA,NA,,NA,NA,NA,NA,NA,NA,NA,NA,NA,NA,NA,NA,NA,NA,NA,NA,NA,NA,NA,NA,NA,NA,NA,NA,NA,NA,NA,NA,NA,NA,NA,NA,NA,NA,NA,NA,NA,NA,NA,NA,NA,NA,NA,NA,NA,NA,NA,,NA,NA,NA,NA,NA,NA,NA,NA,NA,NA,NA,NA,NA,NA,NA,NA,NA,NA,NA
Ethiopia,2021,COE,auction,NA,https://allianceforcoffeeexcellence.org/ethiopia-2021/,2,1a,NA,NA,NA,NA,90.6,success,NA,NA,NA,$150.00,"$188,494.50",NA,NA,NA,NA,NA,NA,Tamiru Tadesse Tesema,NA,1256.63,"Saza Coffee, Sarutahiko Coffee Inc., Difference Coffee, Pebble Coffee, Kakalove, Simple Kaffa, Urban Coffee Roaster, Coffee-Tech.co.nz / BC Co., BC Co. NZ, 明谦咖啡 MQ coffee, MANNER COFFEE (China), Cheer Beans Trading Co.",NA,NA,NA,NA,NA,NA,NA,NA,NA,NA,NA,NA,NA,NA,NA,NA,NA,NA,NA,NA,NA,NA,NA,NA,NA,NA,NA,NA,NA,NA,NA,NA,NA,NA,NA,NA,NA,NA,NA,NA,NA,NA,NA,NA,NA,NA,NA,NA,NA,NA,NA,NA,NA,NA,NA,NA,NA,NA,NA,NA,NA,NA
Ethiopia,2021,COE,auction,NA,https://allianceforcoffeeexcellence.org/ethiopia-2021/,2,1b,NA,NA,NA,NA,90.6,success,NA,NA,NA,$140.20,"$176,179.50",NA,NA,NA,NA,NA,NA,Tamiru Tadesse Tesema,NA,1256.63,"PICK COFFEE(Taiwan), TUMAZ黑熊咖啡（Taiwan), L’escargot d’or cosmetocafe (FR), Orsir Coffee (Taiwan), Tinker Coffee / OUT OF LINE (Saudi Arabia)",NA,NA,NA,NA,NA,NA,NA,NA,NA,NA,NA,NA,NA,NA,NA,NA,NA,NA,NA,NA,NA,NA,NA,NA,NA,NA,NA,NA,NA,NA,NA,NA,NA,NA,NA,NA,NA,NA,NA,NA,NA,NA,NA,NA,NA,NA,NA,NA,NA,NA,NA,NA,NA,NA,NA,NA,NA,NA,NA,NA,NA,NA
Ethiopia,2021,COE,auction,NA,https://allianceforcoffeeexcellence.org/ethiopia-2021/,2,2a,NA,NA,NA,NA,90.5,success,NA,NA,NA,$53.70,"$71,032.75",NA,NA,NA,NA,NA,NA,Dawencho G/H/D Bunna Amrach,NA,1322.77,"Orsir Coffee Co., Ltd.",NA,NA,NA,NA,NA,NA,NA,NA,NA,NA,NA,NA,NA,NA,NA,NA,NA,NA,NA,NA,NA,NA,NA,NA,NA,NA,NA,NA,NA,NA,NA,NA,NA,NA,NA,NA,NA,NA,NA,NA,NA,NA,NA,NA,NA,NA,NA,NA,NA,NA,NA,NA,NA,NA,NA,NA,NA,NA,NA,NA,NA,NA
Ethiopia,2021,COE,auction,NA,https://allianceforcoffeeexcellence.org/ethiopia-2021/,2,2b,NA,NA,NA,NA,90.5,success,NA,NA,NA,$53.60,"$70,900.47",NA,NA,NA,NA,NA,NA,Dawencho G/H/D Bunna Amrach,NA,1322.77,"Global Bean Holding, UK",NA,NA,NA,NA,NA,NA,NA,NA,NA,NA,NA,NA,NA,NA,NA,NA,NA,NA,NA,NA,NA,NA,NA,NA,NA,NA,NA,NA,NA,NA,NA,NA,NA,NA,NA,NA,NA,NA,NA,NA,NA,NA,NA,NA,NA,NA,NA,NA,NA,NA,NA,NA,NA,NA,NA,NA,NA,NA,NA,NA,NA,NA
Ethiopia,2021,COE,auction,NA,https://allianceforcoffeeexcellence.org/ethiopia-2021/,2,3a,NA,NA,NA,NA,90.37,success,NA,NA,NA,$94.00,"$40,410.60",NA,NA,NA,NA,NA,NA,Tade GG Highland Forest Coffee Producer PLC,NA,429.9,SUPREMO COFFEE & Proud Mary Coffee,NA,NA,NA,NA,NA,NA,NA,NA,NA,NA,NA,NA,NA,NA,NA,NA,NA,NA,NA,NA,NA,NA,NA,NA,NA,NA,NA,NA,NA,NA,NA,NA,NA,NA,NA,NA,NA,NA,NA,NA,NA,NA,NA,NA,NA,NA,NA,NA,NA,NA,NA,NA,NA,NA,NA,NA,NA,NA,NA,NA,NA,NA
Ethiopia,2021,COE,auction,NA,https://allianceforcoffeeexcellence.org/ethiopia-2021/,2,3b,NA,NA,NA,NA,90.37,success,NA,NA,NA,$95.10,"$37,738.53",NA,NA,NA,NA,NA,NA,Tade GG Highland Forest Coffee Producer PLC,NA,396.83,Sulalat Coffee Trading,NA,NA,NA,NA,NA,NA,NA,NA,NA,NA,NA,NA,NA,NA,NA,NA,NA,NA,NA,NA,NA,NA,NA,NA,NA,NA,NA,NA,NA,NA,NA,NA,NA,NA,NA,NA,NA,NA,NA,NA,NA,NA,NA,NA,NA,NA,NA,NA,NA,NA,NA,NA,NA,NA,NA,NA,NA,NA,NA,NA,NA,NA
Ethiopia,2021,COE,auction,NA,https://allianceforcoffeeexcellence.org/ethiopia-2021/,2,4,NA,NA,NA,NA,90.2,success,NA,NA,NA,$25.50,"$67,461.27",NA,NA,NA,NA,NA,NA,Nare Ware Chimba,NA,2645.54,"Global Bean Holding, UK",NA,NA,NA,NA,NA,NA,NA,NA,NA,NA,NA,NA,NA,NA,NA,NA,NA,NA,NA,NA,NA,NA,NA,NA,NA,NA,NA,NA,NA,NA,NA,NA,NA,NA,NA,NA,NA,NA,NA,NA,NA,NA,NA,NA,NA,NA,NA,NA,NA,NA,NA,NA,NA,NA,NA,NA,NA,NA,NA,NA,NA,NA
Ethiopia,2021,COE,auction,NA,https://allianceforcoffeeexcellence.org/ethiopia-2021/,2,5,NA,NA,NA,NA,90.1,success,NA,NA,NA,$26.40,"$67,223.38",NA,NA,NA,NA,NA,NA,Tamiru Tadesse Tesema,NA,2546.34,"Sarutahiko Coffee Inc., Saza Coffee, Songdo Coffee, 明谦咖啡 MQ coffee, Coffee-Tech.co.nz / BC Co. NZ",NA,NA,NA,NA,NA,NA,NA,NA,NA,NA,NA,NA,NA,NA,NA,NA,NA,NA,NA,NA,NA,NA,NA,NA,NA,NA,NA,NA,NA,NA,NA,NA,NA,NA,NA,NA,NA,NA,NA,NA,NA,NA,NA,NA,NA,NA,NA,NA,NA,NA,NA,NA,NA,NA,NA,NA,NA,NA,NA,NA,NA,NA
Ethiopia,2021,COE,auction,NA,https://allianceforcoffeeexcellence.org/ethiopia-2021/,2,6,NA,NA,NA,NA,89.6,success,NA,NA,NA,$20.60,"$54,498.12",NA,NA,NA,NA,NA,NA,Mulugeta Muntasha Bale,NA,2645.54,Kyokuto Fadie Corporation,NA,NA,NA,NA,NA,NA,NA,NA,NA,NA,NA,NA,NA,NA,NA,NA,NA,NA,NA,NA,NA,NA,NA,NA,NA,NA,NA,NA,NA,NA,NA,NA,NA,NA,NA,NA,NA,NA,NA,NA,NA,NA,NA,NA,NA,NA,NA,NA,NA,NA,NA,NA,NA,NA,NA,NA,NA,NA,NA,NA,NA,NA
Ethiopia,2021,COE,auction,NA,https://allianceforcoffeeexcellence.org/ethiopia-2021/,2,7,NA,NA,NA,NA,88.76,success,NA,NA,NA,$19.60,"$51,852.58",NA,NA,NA,NA,NA,NA,Sintayehu Mesele Yirgu,NA,2645.54,"Latorre&Ducth Coffee(China) for Fisher Coffee / Q Cafe / 誠品咖啡 / Cut Hand Group（剁手咖啡群）/ up&down coffee / KOMENCU Coffee Roasters(China) / Nopparoot Kitcharoen / il gatto coffee / PAGA COFFEE CO., LTD / Santipanich Co., Ltd. / Terroir Laboratory ( Melbourne) / KOLAKOLA COFFEE / 轻乐咖 Kinglo Coffee / 沈阳良致商贸有限公司 / 佩索阿咖啡馆",NA,NA,NA,NA,NA,NA,NA,NA,NA,NA,NA,NA,NA,NA,NA,NA,NA,NA,NA,NA,NA,NA,NA,NA,NA,NA,NA,NA,NA,NA,NA,NA,NA,NA,NA,NA,NA,NA,NA,NA,NA,NA,NA,NA,NA,NA,NA,NA,NA,NA,NA,NA,NA,NA,NA,NA,NA,NA,NA,NA,NA,NA
Ethiopia,2021,COE,auction,NA,https://allianceforcoffeeexcellence.org/ethiopia-2021/,2,8,NA,NA,NA,NA,88.57,success,NA,NA,NA,$31.20,"$62,937.58",NA,NA,NA,NA,NA,NA,Assefa Dukamo Kerma,NA,2017.23,"The Coffee Quest Europe for: Nordbeans (CZ), Fascino Coffee (NL), Greenway Coffee (US), Coffee Bros. (US), Origo Roastery (RO), L’escargot d’or cosmetocafe (FR), Vulcan Coffee (QA), Cobeans (KR, Martys coffee (KR), JBY coffee (KR), Coffee-Tech.co.nz / BC Co., 100FFEE Cafe (CN), Manner Coffee (CN), Bloom Coffe College, Gee Coffee (CN), 印格咖啡IngeCoffee (CN), 楚焙 chubei (CN)",NA,NA,NA,NA,NA,NA,NA,NA,NA,NA,NA,NA,NA,NA,NA,NA,NA,NA,NA,NA,NA,NA,NA,NA,NA,NA,NA,NA,NA,NA,NA,NA,NA,NA,NA,NA,NA,NA,NA,NA,NA,NA,NA,NA,NA,NA,NA,NA,NA,NA,NA,NA,NA,NA,NA,NA,NA,NA,NA,NA,NA,NA
Ethiopia,2021,COE,auction,NA,https://allianceforcoffeeexcellence.org/ethiopia-2021/,2,9,NA,NA,NA,NA,88.47,success,NA,NA,NA,$19.30,"$51,058.92",NA,NA,NA,NA,NA,NA,Rumudamo Ye Eshet Bunna Mefelfeya PLC,NA,2645.54,Rambach Specialty Coffee & Ceremorning by Random,NA,NA,NA,NA,NA,NA,NA,NA,NA,NA,NA,NA,NA,NA,NA,NA,NA,NA,NA,NA,NA,NA,NA,NA,NA,NA,NA,NA,NA,NA,NA,NA,NA,NA,NA,NA,NA,NA,NA,NA,NA,NA,NA,NA,NA,NA,NA,NA,NA,NA,NA,NA,NA,NA,NA,NA,NA,NA,NA,NA,NA,NA
Ethiopia,2021,COE,auction,NA,https://allianceforcoffeeexcellence.org/ethiopia-2021/,2,10,NA,NA,NA,NA,88.4,success,NA,NA,NA,$88.30,"$46,720.41",NA,NA,NA,NA,NA,NA,Tatek Alemayehu,NA,529.11,Sulalat Coffee Trading,NA,NA,NA,NA,NA,NA,NA,NA,NA,NA,NA,NA,NA,NA,NA,NA,NA,NA,NA,NA,NA,NA,NA,NA,NA,NA,NA,NA,NA,NA,NA,NA,NA,NA,NA,NA,NA,NA,NA,NA,NA,NA,NA,NA,NA,NA,NA,NA,NA,NA,NA,NA,NA,NA,NA,NA,NA,NA,NA,NA,NA,NA
Ethiopia,2021,COE,auction,NA,https://allianceforcoffeeexcellence.org/ethiopia-2021/,2,11,NA,NA,NA,NA,88.4,success,NA,NA,NA,$37.10,"$80,973.35",NA,NA,NA,NA,NA,NA,Robe Iticha Gurumu,NA,2182.57,"Saza Coffee, Sarutahiko Coffee Inc., Coffee-Tech.co.nz, Cheer Beans Trading Co.",NA,NA,NA,NA,NA,NA,NA,NA,NA,NA,NA,NA,NA,NA,NA,NA,NA,NA,NA,NA,NA,NA,NA,NA,NA,NA,NA,NA,NA,NA,NA,NA,NA,NA,NA,NA,NA,NA,NA,NA,NA,NA,NA,NA,NA,NA,NA,NA,NA,NA,NA,NA,NA,NA,NA,NA,NA,NA,NA,NA,NA,NA
Ethiopia,2021,COE,auction,NA,https://allianceforcoffeeexcellence.org/ethiopia-2021/,2,12,NA,NA,NA,NA,88.38,success,NA,NA,NA,$21.20,"$30,145.98",NA,NA,NA,NA,NA,NA,Aliyie Gobena Hessa,NA,1421.98,"Tashiro Coffee Co., Ltd",NA,NA,NA,NA,NA,NA,NA,NA,NA,NA,NA,NA,NA,NA,NA,NA,NA,NA,NA,NA,NA,NA,NA,NA,NA,NA,NA,NA,NA,NA,NA,NA,NA,NA,NA,NA,NA,NA,NA,NA,NA,NA,NA,NA,NA,NA,NA,NA,NA,NA,NA,NA,NA,NA,NA,NA,NA,NA,NA,NA,NA,NA
Ethiopia,2021,COE,auction,NA,https://allianceforcoffeeexcellence.org/ethiopia-2021/,2,13,NA,NA,NA,NA,88.37,success,NA,NA,NA,$18.90,"$42,500.62",NA,NA,NA,NA,NA,NA,Boledu Industrial PLC,NA,2248.71,TIMES CLUB & COFFEE LIBRE,NA,NA,NA,NA,NA,NA,NA,NA,NA,NA,NA,NA,NA,NA,NA,NA,NA,NA,NA,NA,NA,NA,NA,NA,NA,NA,NA,NA,NA,NA,NA,NA,NA,NA,NA,NA,NA,NA,NA,NA,NA,NA,NA,NA,NA,NA,NA,NA,NA,NA,NA,NA,NA,NA,NA,NA,NA,NA,NA,NA,NA,NA
Ethiopia,2021,COE,auction,NA,https://allianceforcoffeeexcellence.org/ethiopia-2021/,2,14,NA,NA,NA,NA,88.32,success,NA,NA,NA,$22.10,"$23,386.66",NA,NA,NA,NA,NA,NA,AASH Coffee Pulping PLC,NA,1058.22,Blooms Ltd,NA,NA,NA,NA,NA,NA,NA,NA,NA,NA,NA,NA,NA,NA,NA,NA,NA,NA,NA,NA,NA,NA,NA,NA,NA,NA,NA,NA,NA,NA,NA,NA,NA,NA,NA,NA,NA,NA,NA,NA,NA,NA,NA,NA,NA,NA,NA,NA,NA,NA,NA,NA,NA,NA,NA,NA,NA,NA,NA,NA,NA,NA
Ethiopia,2021,COE,auction,NA,https://allianceforcoffeeexcellence.org/ethiopia-2021/,2,15,NA,NA,NA,NA,88.18,success,NA,NA,NA,$18.20,"$48,148.83",NA,NA,NA,NA,NA,NA,Mulugeta Muntasha Bale,NA,2645.54,BPC for Coffee Fiel,NA,NA,NA,NA,NA,NA,NA,NA,NA,NA,NA,NA,NA,NA,NA,NA,NA,NA,NA,NA,NA,NA,NA,NA,NA,NA,NA,NA,NA,NA,NA,NA,NA,NA,NA,NA,NA,NA,NA,NA,NA,NA,NA,NA,NA,NA,NA,NA,NA,NA,NA,NA,NA,NA,NA,NA,NA,NA,NA,NA,NA,NA
Ethiopia,2021,COE,auction,NA,https://allianceforcoffeeexcellence.org/ethiopia-2021/,2,16,NA,NA,NA,NA,88.18,success,NA,NA,NA,$18.10,"$42,497.35",NA,NA,NA,NA,NA,NA,Thewodros Nigusse Gemeda,NA,2347.92,M.I.COFFEE CORPORATION,NA,NA,NA,NA,NA,NA,NA,NA,NA,NA,NA,NA,NA,NA,NA,NA,NA,NA,NA,NA,NA,NA,NA,NA,NA,NA,NA,NA,NA,NA,NA,NA,NA,NA,NA,NA,NA,NA,NA,NA,NA,NA,NA,NA,NA,NA,NA,NA,NA,NA,NA,NA,NA,NA,NA,NA,NA,NA,NA,NA,NA,NA
Ethiopia,2021,COE,auction,NA,https://allianceforcoffeeexcellence.org/ethiopia-2021/,2,17,NA,NA,NA,NA,88.06,success,NA,NA,NA,$23.10,"$50,417.37",NA,NA,NA,NA,NA,NA,Tracon Trading PLC,NA,2182.57,Arriyadh Roaster,NA,NA,NA,NA,NA,NA,NA,NA,NA,NA,NA,NA,NA,NA,NA,NA,NA,NA,NA,NA,NA,NA,NA,NA,NA,NA,NA,NA,NA,NA,NA,NA,NA,NA,NA,NA,NA,NA,NA,NA,NA,NA,NA,NA,NA,NA,NA,NA,NA,NA,NA,NA,NA,NA,NA,NA,NA,NA,NA,NA,NA,NA
Ethiopia,2021,COE,auction,NA,https://allianceforcoffeeexcellence.org/ethiopia-2021/,2,18,NA,NA,NA,NA,88.06,success,NA,NA,NA,$30.10,"$62,709.44",NA,NA,NA,NA,NA,NA,Tracon Trading PLC,NA,2083.37,Sulalat Coffee Trading,NA,NA,NA,NA,NA,NA,NA,NA,NA,NA,NA,NA,NA,NA,NA,NA,NA,NA,NA,NA,NA,NA,NA,NA,NA,NA,NA,NA,NA,NA,NA,NA,NA,NA,NA,NA,NA,NA,NA,NA,NA,NA,NA,NA,NA,NA,NA,NA,NA,NA,NA,NA,NA,NA,NA,NA,NA,NA,NA,NA,NA,NA
Ethiopia,2021,COE,auction,NA,https://allianceforcoffeeexcellence.org/ethiopia-2021/,2,19,NA,NA,NA,NA,88.06,success,NA,NA,NA,$16.40,"$43,386.86",NA,NA,NA,NA,NA,NA,Birhanu Dido Awacho,NA,2645.54,TAKAMURA COFFEE ROASTERS,NA,NA,NA,NA,NA,NA,NA,NA,NA,NA,NA,NA,NA,NA,NA,NA,NA,NA,NA,NA,NA,NA,NA,NA,NA,NA,NA,NA,NA,NA,NA,NA,NA,NA,NA,NA,NA,NA,NA,NA,NA,NA,NA,NA,NA,NA,NA,NA,NA,NA,NA,NA,NA,NA,NA,NA,NA,NA,NA,NA,NA,NA
Ethiopia,2021,COE,auction,NA,https://allianceforcoffeeexcellence.org/ethiopia-2021/,2,20,NA,NA,NA,NA,87.97,success,NA,NA,NA,$90.70,"$38,991.93",NA,NA,NA,NA,NA,NA,Testi Trading PLC (Plantation),NA,429.9,"BLACK GOLD COFFEE CO., LTD. / OKLAO SPECIALTY COFFEE (TAIWAN) / SHANGHAI BOJIN TRADING CO., LTD. / EIGHTY PLUS",NA,NA,NA,NA,NA,NA,NA,NA,NA,NA,NA,NA,NA,NA,NA,NA,NA,NA,NA,NA,NA,NA,NA,NA,NA,NA,NA,NA,NA,NA,NA,NA,NA,NA,NA,NA,NA,NA,NA,NA,NA,NA,NA,NA,NA,NA,NA,NA,NA,NA,NA,NA,NA,NA,NA,NA,NA,NA,NA,NA,NA,NA
Ethiopia,2021,COE,auction,NA,https://allianceforcoffeeexcellence.org/ethiopia-2021/,2,21,NA,NA,NA,NA,87.85,success,NA,NA,NA,$15.70,"$41,015.78",NA,NA,NA,NA,NA,NA,Birhanu Teklu Maribo,NA,2612.47,"Wataru & Co., Ltd.",NA,NA,NA,NA,NA,NA,NA,NA,NA,NA,NA,NA,NA,NA,NA,NA,NA,NA,NA,NA,NA,NA,NA,NA,NA,NA,NA,NA,NA,NA,NA,NA,NA,NA,NA,NA,NA,NA,NA,NA,NA,NA,NA,NA,NA,NA,NA,NA,NA,NA,NA,NA,NA,NA,NA,NA,NA,NA,NA,NA,NA,NA
Ethiopia,2021,COE,auction,NA,https://allianceforcoffeeexcellence.org/ethiopia-2021/,2,22,NA,NA,NA,NA,87.82,success,NA,NA,NA,$67.40,"$31,204.18",NA,NA,NA,NA,NA,NA,Testi Trading PLC Suppliers,NA,462.97,Sulalat Coffee Trading,NA,NA,NA,NA,NA,NA,NA,NA,NA,NA,NA,NA,NA,NA,NA,NA,NA,NA,NA,NA,NA,NA,NA,NA,NA,NA,NA,NA,NA,NA,NA,NA,NA,NA,NA,NA,NA,NA,NA,NA,NA,NA,NA,NA,NA,NA,NA,NA,NA,NA,NA,NA,NA,NA,NA,NA,NA,NA,NA,NA,NA,NA
Ethiopia,2021,COE,auction,NA,https://allianceforcoffeeexcellence.org/ethiopia-2021/,2,23,NA,NA,NA,NA,87.59,success,NA,NA,NA,$15.70,"$28,036.12",NA,NA,NA,NA,NA,NA,Semira Negash Kedir,NA,1785.74,Sulalat Coffee Trading,NA,NA,NA,NA,NA,NA,NA,NA,NA,NA,NA,NA,NA,NA,NA,NA,NA,NA,NA,NA,NA,NA,NA,NA,NA,NA,NA,NA,NA,NA,NA,NA,NA,NA,NA,NA,NA,NA,NA,NA,NA,NA,NA,NA,NA,NA,NA,NA,NA,NA,NA,NA,NA,NA,NA,NA,NA,NA,NA,NA,NA,NA
Ethiopia,2021,COE,auction,NA,https://allianceforcoffeeexcellence.org/ethiopia-2021/,2,24,NA,NA,NA,NA,87.59,success,NA,NA,NA,$46.70,21620.7,NA,NA,NA,NA,NA,NA,Feysel Abdosh Coffee Supplier,NA,462.97,Sulalat Coffee Trading,NA,NA,NA,NA,NA,NA,NA,NA,NA,NA,NA,NA,NA,NA,NA,NA,NA,NA,NA,NA,NA,NA,NA,NA,NA,NA,NA,NA,NA,NA,NA,NA,NA,NA,NA,NA,NA,NA,NA,NA,NA,NA,NA,NA,NA,NA,NA,NA,NA,NA,NA,NA,NA,NA,NA,NA,NA,NA,NA,NA,NA,NA
Ethiopia,2021,COE,auction,NA,https://allianceforcoffeeexcellence.org/ethiopia-2021/,2,25,NA,NA,NA,NA,87.56,success,NA,NA,NA,$15.90,42064.09,NA,NA,NA,NA,NA,NA,Nigussie Gemeda Mude,NA,2645.54,"Wataru & Co., Ltd.",NA,NA,NA,NA,NA,NA,NA,NA,NA,NA,NA,NA,NA,NA,NA,NA,NA,NA,NA,NA,NA,NA,NA,NA,NA,NA,NA,NA,NA,NA,NA,NA,NA,NA,NA,NA,NA,NA,NA,NA,NA,NA,NA,NA,NA,NA,NA,NA,NA,NA,NA,NA,NA,NA,NA,NA,NA,NA,NA,NA,NA,NA
Ethiopia,2021,COE,auction,NA,https://allianceforcoffeeexcellence.org/ethiopia-2021/,2,26,NA,NA,NA,NA,87.53,success,NA,NA,NA,$15.60,34048.09,NA,NA,NA,NA,NA,NA,Robi Wet Coffee Processing PLC,NA,2182.57,Honu Kato Coffee Inc.,NA,NA,NA,NA,NA,NA,NA,NA,NA,NA,NA,NA,NA,NA,NA,NA,NA,NA,NA,NA,NA,NA,NA,NA,NA,NA,NA,NA,NA,NA,NA,NA,NA,NA,NA,NA,NA,NA,NA,NA,NA,NA,NA,NA,NA,NA,NA,NA,NA,NA,NA,NA,NA,NA,NA,NA,NA,NA,NA,NA,NA,NA
Ethiopia,2021,COE,auction,NA,https://allianceforcoffeeexcellence.org/ethiopia-2021/,2,27,NA,NA,NA,NA,87.5,success,NA,NA,NA,$15.20,33175.06,NA,NA,NA,NA,NA,NA,Asmamaw Abebayehu,NA,2182.57,"Global Bean Holding, UK",NA,NA,NA,NA,NA,NA,NA,NA,NA,NA,NA,NA,NA,NA,NA,NA,NA,NA,NA,NA,NA,NA,NA,NA,NA,NA,NA,NA,NA,NA,NA,NA,NA,NA,NA,NA,NA,NA,NA,NA,NA,NA,NA,NA,NA,NA,NA,NA,NA,NA,NA,NA,NA,NA,NA,NA,NA,NA,NA,NA,NA,NA
Ethiopia,2021,COE,auction,NA,https://allianceforcoffeeexcellence.org/ethiopia-2021/,2,28,NA,NA,NA,NA,87.47,success,NA,NA,NA,$16.10,16504.92,NA,NA,NA,NA,NA,NA,AASH Coffee Pulping PLC,NA,1025.15,Huracan Coffee (Sviezia Kava),NA,NA,NA,NA,NA,NA,NA,NA,NA,NA,NA,NA,NA,NA,NA,NA,NA,NA,NA,NA,NA,NA,NA,NA,NA,NA,NA,NA,NA,NA,NA,NA,NA,NA,NA,NA,NA,NA,NA,NA,NA,NA,NA,NA,NA,NA,NA,NA,NA,NA,NA,NA,NA,NA,NA,NA,NA,NA,NA,NA,NA,NA
Ethiopia,2021,COE,auction,NA,https://allianceforcoffeeexcellence.org/ethiopia-2021/,2,29,NA,NA,NA,NA,87.44,success,NA,NA,NA,$40.20,31905.13,NA,NA,NA,NA,NA,NA,Mate Matewos Lemisso,NA,793.66,Arriyadh Roaster,NA,NA,NA,NA,NA,NA,NA,NA,NA,NA,NA,NA,NA,NA,NA,NA,NA,NA,NA,NA,NA,NA,NA,NA,NA,NA,NA,NA,NA,NA,NA,NA,NA,NA,NA,NA,NA,NA,NA,NA,NA,NA,NA,NA,NA,NA,NA,NA,NA,NA,NA,NA,NA,NA,NA,NA,NA,NA,NA,NA,NA,NA
Ethiopia,2021,COE,auction,NA,https://allianceforcoffeeexcellence.org/ethiopia-2021/,2,30,NA,NA,NA,NA,87.38,success,NA,NA,NA,$68.10,74316.85,NA,NA,NA,NA,NA,NA,Assefa Dukale Wakayo Coffee Supplier,NA,1091.29,Sulalat Coffee Trading,NA,NA,NA,NA,NA,NA,NA,NA,NA,NA,NA,NA,NA,NA,NA,NA,NA,NA,NA,NA,NA,NA,NA,NA,NA,NA,NA,NA,NA,NA,NA,NA,NA,NA,NA,NA,NA,NA,NA,NA,NA,NA,NA,NA,NA,NA,NA,NA,NA,NA,NA,NA,NA,NA,NA,NA,NA,NA,NA,NA,NA,NA
Ethiopia,2021,COE,auction,NA,https://allianceforcoffeeexcellence.org/ethiopia-2021/,2,Totals:,NA,NA,NA,NA,,success,NA,NA,NA,$32.12/lb,"$1,803,557.95",NA,NA,NA,NA,NA,NA,,NA,56151.62,,NA,NA,NA,NA,NA,NA,NA,NA,NA,NA,NA,NA,NA,NA,NA,NA,NA,NA,NA,NA,NA,NA,NA,NA,NA,NA,NA,NA,NA,NA,NA,NA,NA,NA,NA,NA,NA,NA,NA,NA,NA,NA,NA,NA,NA,NA,NA,NA,NA,NA,NA,NA,NA,NA,NA,NA,NA,NA,NA,NA,NA,NA
Ethiopia,2021,NW,auction,NA,https://allianceforcoffeeexcellence.org/ethiopia-2021/,4,NW,NA,NA,NA,NA,87.32,success,NA,NA,NA,$9.00,"$21,131.28","Linking Coffee Co., Ltd.",NA,NA,NA,NA,NA,Gano Adula Sutiya,NA,2347.92,NA,NA,NA,NA,NA,NA,NA,NA,NA,NA,NA,NA,NA,NA,NA,NA,NA,NA,NA,NA,NA,NA,NA,NA,NA,NA,NA,NA,NA,NA,NA,NA,NA,NA,NA,NA,NA,NA,NA,NA,NA,NA,NA,NA,NA,NA,NA,NA,NA,NA,NA,NA,NA,NA,NA,NA,NA,NA,NA,NA,NA,NA,NA
Ethiopia,2021,NW,auction,NA,https://allianceforcoffeeexcellence.org/ethiopia-2021/,4,NW,NA,NA,NA,NA,87.26,success,NA,NA,NA,$10.10,"$11,022.03",Latorre&Dutch (China),NA,NA,NA,NA,NA,Faysel Abdosh Yonis,NA,1091.29,NA,NA,NA,NA,NA,NA,NA,NA,NA,NA,NA,NA,NA,NA,NA,NA,NA,NA,NA,NA,NA,NA,NA,NA,NA,NA,NA,NA,NA,NA,NA,NA,NA,NA,NA,NA,NA,NA,NA,NA,NA,NA,NA,NA,NA,NA,NA,NA,NA,NA,NA,NA,NA,NA,NA,NA,NA,NA,NA,NA,NA,NA,NA
Ethiopia,2021,NW,auction,NA,https://allianceforcoffeeexcellence.org/ethiopia-2021/,4,NW,NA,NA,NA,NA,87.21,success,NA,NA,NA,$7.00,"$18,518.78","Wataru & Co., Ltd.",NA,NA,NA,NA,NA,Abdurahman HajiKabato Sadin,NA,2645.54,NA,NA,NA,NA,NA,NA,NA,NA,NA,NA,NA,NA,NA,NA,NA,NA,NA,NA,NA,NA,NA,NA,NA,NA,NA,NA,NA,NA,NA,NA,NA,NA,NA,NA,NA,NA,NA,NA,NA,NA,NA,NA,NA,NA,NA,NA,NA,NA,NA,NA,NA,NA,NA,NA,NA,NA,NA,NA,NA,NA,NA,NA,NA
Ethiopia,2021,NW,auction,NA,https://allianceforcoffeeexcellence.org/ethiopia-2021/,4,NW,NA,NA,NA,NA,87.09,success,NA,NA,NA,$7.40,"$19,577.00",Coffee-Tech.co.nz ; BC Co. (NZ); Cheer Beans Trading Co. ; Pebble Coffee for Simple Kaffa ; AROMA GROUP (Thailand); Mavis & Co. (NZ) ; Billy Café (NZ) ; Meebz Coffee (NZ) ; Coffee lab (NZ) ; Turning Point coffee (NZ) ; Escape Coffee (NZ),NA,NA,NA,NA,NA,Guji Highland Coffee Plantation PLC,NA,"2,645.54",NA,NA,NA,NA,NA,NA,NA,NA,NA,NA,NA,NA,NA,NA,NA,NA,NA,NA,NA,NA,NA,NA,NA,NA,NA,NA,NA,NA,NA,NA,NA,NA,NA,NA,NA,NA,NA,NA,NA,NA,NA,NA,NA,NA,NA,NA,NA,NA,NA,NA,NA,NA,NA,NA,NA,NA,NA,NA,NA,NA,NA,NA,NA
Ethiopia,2021,NW,auction,NA,https://allianceforcoffeeexcellence.org/ethiopia-2021/,4,NW,NA,NA,NA,NA,87.06,success,NA,NA,NA,$9.00,"$5,466.38",Linking Coffee for Buon Caffe,NA,NA,NA,NA,NA,Gujoo Trading PLC,NA,628.32,NA,NA,NA,NA,NA,NA,NA,NA,NA,NA,NA,NA,NA,NA,NA,NA,NA,NA,NA,NA,NA,NA,NA,NA,NA,NA,NA,NA,NA,NA,NA,NA,NA,NA,NA,NA,NA,NA,NA,NA,NA,NA,NA,NA,NA,NA,NA,NA,NA,NA,NA,NA,NA,NA,NA,NA,NA,NA,NA,NA,NA,NA,NA
Ethiopia,2021,NW,auction,NA,https://allianceforcoffeeexcellence.org/ethiopia-2021/,4,NW,NA,NA,NA,NA,86.88,success,NA,NA,NA,$19.80,"$47,143.60",Curve Specialty coffee Roastery,NA,NA,NA,NA,NA,Nigussie Nare Ataro,NA,2380.99,NA,NA,NA,NA,NA,NA,NA,NA,NA,NA,NA,NA,NA,NA,NA,NA,NA,NA,NA,NA,NA,NA,NA,NA,NA,NA,NA,NA,NA,NA,NA,NA,NA,NA,NA,NA,NA,NA,NA,NA,NA,NA,NA,NA,NA,NA,NA,NA,NA,NA,NA,NA,NA,NA,NA,NA,NA,NA,NA,NA,NA,NA,NA
Ethiopia,2021,NW,auction,NA,https://allianceforcoffeeexcellence.org/ethiopia-2021/,4,NW,NA,NA,NA,NA,86.88,success,NA,NA,NA,$4.10,"$9,626.47",Dongjin Trading,NA,NA,NA,NA,NA,Shimelis Obise Mamo,NA,"2,347.92",NA,NA,NA,NA,NA,NA,NA,NA,NA,NA,NA,NA,NA,NA,NA,NA,NA,NA,NA,NA,NA,NA,NA,NA,NA,NA,NA,NA,NA,NA,NA,NA,NA,NA,NA,NA,NA,NA,NA,NA,NA,NA,NA,NA,NA,NA,NA,NA,NA,NA,NA,NA,NA,NA,NA,NA,NA,NA,NA,NA,NA,NA,NA
Ethiopia,2021,NW,auction,NA,https://allianceforcoffeeexcellence.org/ethiopia-2021/,4,NW,NA,NA,NA,NA,86.79,success,NA,NA,NA,$7.50,"$17,857.43","Linking Coffee Co., Ltd.",NA,NA,NA,NA,NA,Hanna Asrat Tilahun,NA,2380.99,NA,NA,NA,NA,NA,NA,NA,NA,NA,NA,NA,NA,NA,NA,NA,NA,NA,NA,NA,NA,NA,NA,NA,NA,NA,NA,NA,NA,NA,NA,NA,NA,NA,NA,NA,NA,NA,NA,NA,NA,NA,NA,NA,NA,NA,NA,NA,NA,NA,NA,NA,NA,NA,NA,NA,NA,NA,NA,NA,NA,NA,NA,NA
Ethiopia,2021,NW,auction,NA,https://allianceforcoffeeexcellence.org/ethiopia-2021/,4,NW,NA,NA,NA,NA,86.41,success,NA,NA,NA,$7.50,"$8,432.70",Latorre&Dutch (China),NA,NA,NA,NA,NA,Feysel Abdosh Coffee Supplier,NA,1124.36,NA,NA,NA,NA,NA,NA,NA,NA,NA,NA,NA,NA,NA,NA,NA,NA,NA,NA,NA,NA,NA,NA,NA,NA,NA,NA,NA,NA,NA,NA,NA,NA,NA,NA,NA,NA,NA,NA,NA,NA,NA,NA,NA,NA,NA,NA,NA,NA,NA,NA,NA,NA,NA,NA,NA,NA,NA,NA,NA,NA,NA,NA,NA
Ethiopia,2021,NW,auction,NA,https://allianceforcoffeeexcellence.org/ethiopia-2021/,4,NW,NA,NA,NA,NA,Totals:,success,NA,NA,NA,$9.03/lb,"$158,775.67",,NA,NA,NA,NA,NA,,NA,17592.87,NA,NA,NA,NA,NA,NA,NA,NA,NA,NA,NA,NA,NA,NA,NA,NA,NA,NA,NA,NA,NA,NA,NA,NA,NA,NA,NA,NA,NA,NA,NA,NA,NA,NA,NA,NA,NA,NA,NA,NA,NA,NA,NA,NA,NA,NA,NA,NA,NA,NA,NA,NA,NA,NA,NA,NA,NA,NA,NA,NA,NA,NA,NA
Ethiopia,2022,COE,auction,NA,https://allianceforcoffeeexcellence.org/ethiopia-2022/,2,1a,NA,NA,NA,NA,90.69,success,NA,NA,NA,NA,"$              211,904.55",NA,NA,NA,NA,NA,Legese,NA,NA,529.1,NA,NA,$           400.50,LNK Coffee Trading DMCC for Lebunna弘顺,NA,NA,NA,NA,NA,NA,NA,NA,NA,NA,NA,NA,NA,NA,NA,NA,NA,NA,NA,NA,NA,NA,NA,NA,NA,NA,NA,NA,NA,NA,NA,NA,NA,NA,NA,NA,NA,NA,NA,NA,NA,NA,NA,NA,NA,NA,NA,NA,NA,NA,NA,NA,NA,NA,NA,NA,NA,NA,NA
Ethiopia,2022,COE,auction,NA,https://allianceforcoffeeexcellence.org/ethiopia-2022/,2,1b,NA,NA,NA,NA,90.69,success,NA,NA,NA,NA,"$              211,640.00",NA,NA,NA,NA,NA,Legese,NA,NA,529.1,NA,NA,$           400.00,SAZA COFFEE ( Japan ) & Orsir Coffee (Taiwan),NA,NA,NA,NA,NA,NA,NA,NA,NA,NA,NA,NA,NA,NA,NA,NA,NA,NA,NA,NA,NA,NA,NA,NA,NA,NA,NA,NA,NA,NA,NA,NA,NA,NA,NA,NA,NA,NA,NA,NA,NA,NA,NA,NA,NA,NA,NA,NA,NA,NA,NA,NA,NA,NA,NA,NA,NA,NA,NA
Ethiopia,2022,COE,auction,NA,https://allianceforcoffeeexcellence.org/ethiopia-2022/,2,2,NA,NA,NA,NA,90.25,success,NA,NA,NA,NA,"$                68,794.58",NA,NA,NA,NA,NA,Kenean,NA,NA,363.8,NA,NA,$           189.10,Sulalat Coffee Trading,NA,NA,NA,NA,NA,NA,NA,NA,NA,NA,NA,NA,NA,NA,NA,NA,NA,NA,NA,NA,NA,NA,NA,NA,NA,NA,NA,NA,NA,NA,NA,NA,NA,NA,NA,NA,NA,NA,NA,NA,NA,NA,NA,NA,NA,NA,NA,NA,NA,NA,NA,NA,NA,NA,NA,NA,NA,NA,NA
Ethiopia,2022,COE,auction,NA,https://allianceforcoffeeexcellence.org/ethiopia-2022/,2,3a,NA,NA,NA,NA,90.19,success,NA,NA,NA,NA,"$                63,200.90",NA,NA,NA,NA,NA,A/ Temam,NA,NA,"1,190.00",NA,NA,$              53.11,"Simple Kaffa The Coffe One, Kakalove (Taiwan), Urban Coffee Roaster (HK), Pebble Coffee (Taiwan), Stellar on Coffee (KOREA), The Hub Coffee, Goodboybob Coffee Roasters, Diff Coffee Roasters (Thailand)",NA,NA,NA,NA,NA,NA,NA,NA,NA,NA,NA,NA,NA,NA,NA,NA,NA,NA,NA,NA,NA,NA,NA,NA,NA,NA,NA,NA,NA,NA,NA,NA,NA,NA,NA,NA,NA,NA,NA,NA,NA,NA,NA,NA,NA,NA,NA,NA,NA,NA,NA,NA,NA,NA,NA,NA,NA,NA,NA
Ethiopia,2022,COE,auction,NA,https://allianceforcoffeeexcellence.org/ethiopia-2022/,2,3b,NA,NA,NA,NA,90.19,success,NA,NA,NA,NA,"$                62,494.40",NA,NA,NA,NA,NA,A/ Temam,NA,NA,"1,124.00",NA,NA,$              55.60,KALDI COFFEE FARM,NA,NA,NA,NA,NA,NA,NA,NA,NA,NA,NA,NA,NA,NA,NA,NA,NA,NA,NA,NA,NA,NA,NA,NA,NA,NA,NA,NA,NA,NA,NA,NA,NA,NA,NA,NA,NA,NA,NA,NA,NA,NA,NA,NA,NA,NA,NA,NA,NA,NA,NA,NA,NA,NA,NA,NA,NA,NA,NA
Ethiopia,2022,COE,auction,NA,https://allianceforcoffeeexcellence.org/ethiopia-2022/,2,4,NA,NA,NA,NA,90.17,success,NA,NA,NA,NA,"$              107,100.00",NA,NA,NA,NA,NA,Bukato,NA,NA,"1,190.00",NA,NA,$              90.00,Sulalat Coffee Trading,NA,NA,NA,NA,NA,NA,NA,NA,NA,NA,NA,NA,NA,NA,NA,NA,NA,NA,NA,NA,NA,NA,NA,NA,NA,NA,NA,NA,NA,NA,NA,NA,NA,NA,NA,NA,NA,NA,NA,NA,NA,NA,NA,NA,NA,NA,NA,NA,NA,NA,NA,NA,NA,NA,NA,NA,NA,NA,NA
Ethiopia,2022,COE,auction,NA,https://allianceforcoffeeexcellence.org/ethiopia-2022/,2,5,NA,NA,NA,NA,90.08,success,NA,NA,NA,NA,"$                36,755.55",NA,NA,NA,NA,NA,Samuel,NA,NA,628.3,NA,NA,$              58.50,SARUTAHIKO COFFEE,NA,NA,NA,NA,NA,NA,NA,NA,NA,NA,NA,NA,NA,NA,NA,NA,NA,NA,NA,NA,NA,NA,NA,NA,NA,NA,NA,NA,NA,NA,NA,NA,NA,NA,NA,NA,NA,NA,NA,NA,NA,NA,NA,NA,NA,NA,NA,NA,NA,NA,NA,NA,NA,NA,NA,NA,NA,NA,NA
Ethiopia,2022,COE,auction,NA,https://allianceforcoffeeexcellence.org/ethiopia-2022/,2,6,NA,NA,NA,NA,89.92,success,NA,NA,NA,NA,"$                58,882.60",NA,NA,NA,NA,NA,Tilahune,NA,NA,"1,918.00",NA,NA,$              30.70,Kyokuto Fadie Corporation,NA,NA,NA,NA,NA,NA,NA,NA,NA,NA,NA,NA,NA,NA,NA,NA,NA,NA,NA,NA,NA,NA,NA,NA,NA,NA,NA,NA,NA,NA,NA,NA,NA,NA,NA,NA,NA,NA,NA,NA,NA,NA,NA,NA,NA,NA,NA,NA,NA,NA,NA,NA,NA,NA,NA,NA,NA,NA,NA
Ethiopia,2022,COE,auction,NA,https://allianceforcoffeeexcellence.org/ethiopia-2022/,2,7,NA,NA,NA,NA,89.78,success,NA,NA,NA,NA,"$                27,507.91",NA,NA,NA,NA,NA,Wolde,NA,NA,529.1,NA,NA,$              51.99,Blue Bottle Coffee,NA,NA,NA,NA,NA,NA,NA,NA,NA,NA,NA,NA,NA,NA,NA,NA,NA,NA,NA,NA,NA,NA,NA,NA,NA,NA,NA,NA,NA,NA,NA,NA,NA,NA,NA,NA,NA,NA,NA,NA,NA,NA,NA,NA,NA,NA,NA,NA,NA,NA,NA,NA,NA,NA,NA,NA,NA,NA,NA
Ethiopia,2022,COE,auction,NA,https://allianceforcoffeeexcellence.org/ethiopia-2022/,2,8,NA,NA,NA,NA,89.56,success,NA,NA,NA,NA,"$                37,967.40",NA,NA,NA,NA,NA,Muluneh,NA,NA,"1,422.00",NA,NA,$              26.70,BEAN SUPER豆超國際 / 百啡有光 / 云境農莊 / 麟閣咖啡 / 樂波波珈琲 / 93咖啡 93 Coffee Beans & Tools / Coffee L&J / Cafetaster咖啡嗜者 / =.= 小眼睛．手作．咖啡館,NA,NA,NA,NA,NA,NA,NA,NA,NA,NA,NA,NA,NA,NA,NA,NA,NA,NA,NA,NA,NA,NA,NA,NA,NA,NA,NA,NA,NA,NA,NA,NA,NA,NA,NA,NA,NA,NA,NA,NA,NA,NA,NA,NA,NA,NA,NA,NA,NA,NA,NA,NA,NA,NA,NA,NA,NA,NA,NA
Ethiopia,2022,COE,auction,NA,https://allianceforcoffeeexcellence.org/ethiopia-2022/,2,9,NA,NA,NA,NA,89.36,success,NA,NA,NA,NA,"$                88,526.50",NA,NA,NA,NA,NA,Abebe,NA,NA,"1,753.00",NA,NA,$              50.50,Sulalat Coffee Trading.,NA,NA,NA,NA,NA,NA,NA,NA,NA,NA,NA,NA,NA,NA,NA,NA,NA,NA,NA,NA,NA,NA,NA,NA,NA,NA,NA,NA,NA,NA,NA,NA,NA,NA,NA,NA,NA,NA,NA,NA,NA,NA,NA,NA,NA,NA,NA,NA,NA,NA,NA,NA,NA,NA,NA,NA,NA,NA,NA
Ethiopia,2022,COE,auction,NA,https://allianceforcoffeeexcellence.org/ethiopia-2022/,2,10,NA,NA,NA,NA,88.78,success,NA,NA,NA,NA,"$                40,763.57",NA,NA,NA,NA,NA,Nare,NA,NA,"2,017.00",NA,NA,$              20.21,Linking Coffee & 步昂咖啡.,NA,NA,NA,NA,NA,NA,NA,NA,NA,NA,NA,NA,NA,NA,NA,NA,NA,NA,NA,NA,NA,NA,NA,NA,NA,NA,NA,NA,NA,NA,NA,NA,NA,NA,NA,NA,NA,NA,NA,NA,NA,NA,NA,NA,NA,NA,NA,NA,NA,NA,NA,NA,NA,NA,NA,NA,NA,NA,NA
Ethiopia,2022,COE,auction,NA,https://allianceforcoffeeexcellence.org/ethiopia-2022/,2,11,NA,NA,NA,NA,88.44,success,NA,NA,NA,NA,"$                23,187.60",NA,NA,NA,NA,NA,Aman,NA,NA,"1,356.00",NA,NA,$              17.10,KAFFEBRENNERIET AS,NA,NA,NA,NA,NA,NA,NA,NA,NA,NA,NA,NA,NA,NA,NA,NA,NA,NA,NA,NA,NA,NA,NA,NA,NA,NA,NA,NA,NA,NA,NA,NA,NA,NA,NA,NA,NA,NA,NA,NA,NA,NA,NA,NA,NA,NA,NA,NA,NA,NA,NA,NA,NA,NA,NA,NA,NA,NA,NA
Ethiopia,2022,COE,auction,NA,https://allianceforcoffeeexcellence.org/ethiopia-2022/,2,12,NA,NA,NA,NA,88.44,success,NA,NA,NA,NA,"$                12,338.13",NA,NA,NA,NA,NA,Yosefe Kasaye,NA,NA,"1,290.00",NA,NA,$              28.70,Coffee Tech Ltd. C&B Coffee Roasters. Demitasse. YOLK 요크.印格咖啡 IngenuityCoffee,NA,NA,NA,NA,NA,NA,NA,NA,NA,NA,NA,NA,NA,NA,NA,NA,NA,NA,NA,NA,NA,NA,NA,NA,NA,NA,NA,NA,NA,NA,NA,NA,NA,NA,NA,NA,NA,NA,NA,NA,NA,NA,NA,NA,NA,NA,NA,NA,NA,NA,NA,NA,NA,NA,NA,NA,NA,NA,NA
Ethiopia,2022,COE,auction,NA,https://allianceforcoffeeexcellence.org/ethiopia-2022/,2,13,NA,NA,NA,NA,88.42,success,NA,NA,NA,NA,"$                19,350.00",NA,NA,NA,NA,NA,Abiyot,NA,NA,"2,249.00",NA,NA,$              15.00,"意可坊咖啡 for Cut Hand Group (剁手咖啡群) & Captain George乔治队长/ 领地La Finca/ 长沙陆光咖啡/ PAGA CO.,LTD/ kisscoffee/ Diff Coffee Roasters/ 18RESERVA/ 咖乐乐KOLAKOLA COFFEE",NA,NA,NA,NA,NA,NA,NA,NA,NA,NA,NA,NA,NA,NA,NA,NA,NA,NA,NA,NA,NA,NA,NA,NA,NA,NA,NA,NA,NA,NA,NA,NA,NA,NA,NA,NA,NA,NA,NA,NA,NA,NA,NA,NA,NA,NA,NA,NA,NA,NA,NA,NA,NA,NA,NA,NA,NA,NA,NA
Ethiopia,2022,COE,auction,NA,https://allianceforcoffeeexcellence.org/ethiopia-2022/,2,14,NA,NA,NA,NA,88.33,success,NA,NA,NA,NA,"$                27,437.80",NA,NA,NA,NA,NA,Dush,NA,NA,"1,620.00",NA,NA,$              12.20,Keffa Coffee,NA,NA,NA,NA,NA,NA,NA,NA,NA,NA,NA,NA,NA,NA,NA,NA,NA,NA,NA,NA,NA,NA,NA,NA,NA,NA,NA,NA,NA,NA,NA,NA,NA,NA,NA,NA,NA,NA,NA,NA,NA,NA,NA,NA,NA,NA,NA,NA,NA,NA,NA,NA,NA,NA,NA,NA,NA,NA,NA
Ethiopia,2022,COE,auction,NA,https://allianceforcoffeeexcellence.org/ethiopia-2022/,2,15,NA,NA,NA,NA,88.31,success,NA,NA,NA,NA,"$                24,300.00",NA,NA,NA,NA,NA,Legese,NA,NA,892.9,NA,NA,$              15.00,Black Gold Coffee,NA,NA,NA,NA,NA,NA,NA,NA,NA,NA,NA,NA,NA,NA,NA,NA,NA,NA,NA,NA,NA,NA,NA,NA,NA,NA,NA,NA,NA,NA,NA,NA,NA,NA,NA,NA,NA,NA,NA,NA,NA,NA,NA,NA,NA,NA,NA,NA,NA,NA,NA,NA,NA,NA,NA,NA,NA,NA,NA
Ethiopia,2022,COE,auction,NA,https://allianceforcoffeeexcellence.org/ethiopia-2022/,2,16,NA,NA,NA,NA,88.22,success,NA,NA,NA,NA,"$                18,750.90",NA,NA,NA,NA,NA,Butu Gelcha,NA,NA,"1,124.00",NA,NA,$              21.00,"Snow Beans Coffee, Japan Roasters Network by Maruyama Coffee",NA,NA,NA,NA,NA,NA,NA,NA,NA,NA,NA,NA,NA,NA,NA,NA,NA,NA,NA,NA,NA,NA,NA,NA,NA,NA,NA,NA,NA,NA,NA,NA,NA,NA,NA,NA,NA,NA,NA,NA,NA,NA,NA,NA,NA,NA,NA,NA,NA,NA,NA,NA,NA,NA,NA,NA,NA,NA,NA
Ethiopia,2022,COE,auction,NA,https://allianceforcoffeeexcellence.org/ethiopia-2022/,2,17,NA,NA,NA,NA,88.17,success,NA,NA,NA,NA,"$                22,592.40",NA,NA,NA,NA,NA,Yohannes,NA,NA,"1,157.00",NA,NA,$              20.10,"Orsir International Co., Ltd.",NA,NA,NA,NA,NA,NA,NA,NA,NA,NA,NA,NA,NA,NA,NA,NA,NA,NA,NA,NA,NA,NA,NA,NA,NA,NA,NA,NA,NA,NA,NA,NA,NA,NA,NA,NA,NA,NA,NA,NA,NA,NA,NA,NA,NA,NA,NA,NA,NA,NA,NA,NA,NA,NA,NA,NA,NA,NA,NA
Ethiopia,2022,COE,auction,NA,https://allianceforcoffeeexcellence.org/ethiopia-2022/,2,18,NA,NA,NA,NA,88.17,success,NA,NA,NA,NA,"$                15,156.70",NA,NA,NA,NA,NA,Alemayehu,NA,NA,330.7,NA,NA,$              13.10,Linking Coffee & 步昂咖啡.,NA,NA,NA,NA,NA,NA,NA,NA,NA,NA,NA,NA,NA,NA,NA,NA,NA,NA,NA,NA,NA,NA,NA,NA,NA,NA,NA,NA,NA,NA,NA,NA,NA,NA,NA,NA,NA,NA,NA,NA,NA,NA,NA,NA,NA,NA,NA,NA,NA,NA,NA,NA,NA,NA,NA,NA,NA,NA,NA
Ethiopia,2022,COE,auction,NA,https://allianceforcoffeeexcellence.org/ethiopia-2022/,2,19,NA,NA,NA,NA,88.11,success,NA,NA,NA,NA,"$                11,905.20",NA,NA,NA,NA,NA,Genale Gamada,NA,NA,595.3,NA,NA,$              36.00,Sulalat Coffee Trading,NA,NA,NA,NA,NA,NA,NA,NA,NA,NA,NA,NA,NA,NA,NA,NA,NA,NA,NA,NA,NA,NA,NA,NA,NA,NA,NA,NA,NA,NA,NA,NA,NA,NA,NA,NA,NA,NA,NA,NA,NA,NA,NA,NA,NA,NA,NA,NA,NA,NA,NA,NA,NA,NA,NA,NA,NA,NA,NA
Ethiopia,2022,COE,auction,NA,https://allianceforcoffeeexcellence.org/ethiopia-2022/,2,20,NA,NA,NA,NA,88.11,success,NA,NA,NA,NA,"$                17,323.23",NA,NA,NA,NA,NA,Sentayehu,NA,NA,859.8,NA,NA,$              29.10,"Nanjing Eco Farm Trading Co., Ltd.",NA,NA,NA,NA,NA,NA,NA,NA,NA,NA,NA,NA,NA,NA,NA,NA,NA,NA,NA,NA,NA,NA,NA,NA,NA,NA,NA,NA,NA,NA,NA,NA,NA,NA,NA,NA,NA,NA,NA,NA,NA,NA,NA,NA,NA,NA,NA,NA,NA,NA,NA,NA,NA,NA,NA,NA,NA,NA,NA
Ethiopia,2022,COE,auction,NA,https://allianceforcoffeeexcellence.org/ethiopia-2022/,2,21,NA,NA,NA,NA,88.06,success,NA,NA,NA,NA,"$                   9,457.80",NA,NA,NA,NA,NA,Desalegn,NA,NA,925.9,NA,NA,$              11.00,Brulerie du Quai,NA,NA,NA,NA,NA,NA,NA,NA,NA,NA,NA,NA,NA,NA,NA,NA,NA,NA,NA,NA,NA,NA,NA,NA,NA,NA,NA,NA,NA,NA,NA,NA,NA,NA,NA,NA,NA,NA,NA,NA,NA,NA,NA,NA,NA,NA,NA,NA,NA,NA,NA,NA,NA,NA,NA,NA,NA,NA,NA
Ethiopia,2022,COE,auction,NA,https://allianceforcoffeeexcellence.org/ethiopia-2022/,2,22,NA,NA,NA,NA,88.03,success,NA,NA,NA,NA,"$                10,184.90",NA,NA,NA,NA,NA,Bukku Abele,NA,NA,727.5,NA,NA,$              11.00,Full Sweet Coffee,NA,NA,NA,NA,NA,NA,NA,NA,NA,NA,NA,NA,NA,NA,NA,NA,NA,NA,NA,NA,NA,NA,NA,NA,NA,NA,NA,NA,NA,NA,NA,NA,NA,NA,NA,NA,NA,NA,NA,NA,NA,NA,NA,NA,NA,NA,NA,NA,NA,NA,NA,NA,NA,NA,NA,NA,NA,NA,NA
Ethiopia,2022,COE,auction,NA,https://allianceforcoffeeexcellence.org/ethiopia-2022/,2,23,NA,NA,NA,NA,87.92,success,NA,NA,NA,NA,"$                13,167.75",NA,NA,NA,NA,NA,Awol,NA,NA,"1,058.00",NA,NA,$              18.10,"Nanjing Eco Farm Trading Co., Ltd.",NA,NA,NA,NA,NA,NA,NA,NA,NA,NA,NA,NA,NA,NA,NA,NA,NA,NA,NA,NA,NA,NA,NA,NA,NA,NA,NA,NA,NA,NA,NA,NA,NA,NA,NA,NA,NA,NA,NA,NA,NA,NA,NA,NA,NA,NA,NA,NA,NA,NA,NA,NA,NA,NA,NA,NA,NA,NA,NA
Ethiopia,2022,COE,auction,NA,https://allianceforcoffeeexcellence.org/ethiopia-2022/,2,24,NA,NA,NA,NA,87.92,success,NA,NA,NA,NA,"$                15,975.80",NA,NA,NA,NA,NA,Fuad,NA,NA,"2,116.00",NA,NA,$              15.10,Linking Coffee & 步昂咖啡.,NA,NA,NA,NA,NA,NA,NA,NA,NA,NA,NA,NA,NA,NA,NA,NA,NA,NA,NA,NA,NA,NA,NA,NA,NA,NA,NA,NA,NA,NA,NA,NA,NA,NA,NA,NA,NA,NA,NA,NA,NA,NA,NA,NA,NA,NA,NA,NA,NA,NA,NA,NA,NA,NA,NA,NA,NA,NA,NA
Ethiopia,2022,COE,auction,NA,https://allianceforcoffeeexcellence.org/ethiopia-2022/,2,25,NA,NA,NA,NA,87.86,success,NA,NA,NA,NA,"$                44,859.20",NA,NA,NA,NA,NA,Tadesse,NA,NA,"1,984.00",NA,NA,$              21.20,"Kakalove (Taiwan), Simple Kaffa The Coffe One, Urban Coffee Roaster (HK), Pebble Coffee (Taiwan)",NA,NA,NA,NA,NA,NA,NA,NA,NA,NA,NA,NA,NA,NA,NA,NA,NA,NA,NA,NA,NA,NA,NA,NA,NA,NA,NA,NA,NA,NA,NA,NA,NA,NA,NA,NA,NA,NA,NA,NA,NA,NA,NA,NA,NA,NA,NA,NA,NA,NA,NA,NA,NA,NA,NA,NA,NA,NA,NA
Ethiopia,2022,COE,auction,NA,https://allianceforcoffeeexcellence.org/ethiopia-2022/,2,26,NA,NA,NA,NA,87.81,success,NA,NA,NA,NA,"$                18,054.40",NA,NA,NA,NA,NA,Ayele,NA,NA,496,NA,NA,$                9.10,"Wataru & Co., Ltd.",NA,NA,NA,NA,NA,NA,NA,NA,NA,NA,NA,NA,NA,NA,NA,NA,NA,NA,NA,NA,NA,NA,NA,NA,NA,NA,NA,NA,NA,NA,NA,NA,NA,NA,NA,NA,NA,NA,NA,NA,NA,NA,NA,NA,NA,NA,NA,NA,NA,NA,NA,NA,NA,NA,NA,NA,NA,NA,NA
Ethiopia,2022,COE,auction,NA,https://allianceforcoffeeexcellence.org/ethiopia-2022/,2,27,NA,NA,NA,NA,87.75,success,NA,NA,NA,NA,"$                   8,233.60",NA,NA,NA,NA,NA,Gemeda,NA,NA,"2,116.00",NA,NA,$              16.60,Wataru for Voila Coffee,NA,NA,NA,NA,NA,NA,NA,NA,NA,NA,NA,NA,NA,NA,NA,NA,NA,NA,NA,NA,NA,NA,NA,NA,NA,NA,NA,NA,NA,NA,NA,NA,NA,NA,NA,NA,NA,NA,NA,NA,NA,NA,NA,NA,NA,NA,NA,NA,NA,NA,NA,NA,NA,NA,NA,NA,NA,NA,NA
Ethiopia,2022,COE,auction,NA,https://allianceforcoffeeexcellence.org/ethiopia-2022/,2,28,NA,NA,NA,NA,87.28,success,NA,NA,NA,NA,"$                19,044.00",NA,NA,NA,NA,NA,Aberashe,NA,NA,694.5,NA,NA,$                9.00,"Wataru & Co., Ltd.",NA,NA,NA,NA,NA,NA,NA,NA,NA,NA,NA,NA,NA,NA,NA,NA,NA,NA,NA,NA,NA,NA,NA,NA,NA,NA,NA,NA,NA,NA,NA,NA,NA,NA,NA,NA,NA,NA,NA,NA,NA,NA,NA,NA,NA,NA,NA,NA,NA,NA,NA,NA,NA,NA,NA,NA,NA,NA,NA
Ethiopia,2022,COE,auction,NA,https://allianceforcoffeeexcellence.org/ethiopia-2022/,2,29,NA,NA,NA,NA,87.17,success,NA,NA,NA,NA,"$                12,501.00",NA,NA,NA,NA,NA,Alem,NA,NA,"1,323.00",NA,NA,$              18.00,Artist Hub Coffee Company,NA,NA,NA,NA,NA,NA,NA,NA,NA,NA,NA,NA,NA,NA,NA,NA,NA,NA,NA,NA,NA,NA,NA,NA,NA,NA,NA,NA,NA,NA,NA,NA,NA,NA,NA,NA,NA,NA,NA,NA,NA,NA,NA,NA,NA,NA,NA,NA,NA,NA,NA,NA,NA,NA,NA,NA,NA,NA,NA
Ethiopia,2022,COE,auction,NA,https://allianceforcoffeeexcellence.org/ethiopia-2022/,2,30,NA,NA,NA,NA,87.17,success,NA,NA,NA,NA,"$                11,377.80",NA,NA,NA,NA,NA,Geno,NA,NA,"36,538.90",NA,NA,$                8.60,honu加藤珈琲店株式会社,NA,NA,NA,NA,NA,NA,NA,NA,NA,NA,NA,NA,NA,NA,NA,NA,NA,NA,NA,NA,NA,NA,NA,NA,NA,NA,NA,NA,NA,NA,NA,NA,NA,NA,NA,NA,NA,NA,NA,NA,NA,NA,NA,NA,NA,NA,NA,NA,NA,NA,NA,NA,NA,NA,NA,NA,NA,NA,NA
Ethiopia,2022,COE,auction,NA,https://allianceforcoffeeexcellence.org/ethiopia-2022/,2,Totals,NA,NA,NA,NA,,success,NA,NA,NA,NA,"Total Auction Value
$1,370,736.17",NA,NA,NA,NA,NA,,NA,NA,72647.9,NA,NA,"Auction Average $/lb.
 $55.37","Total Auction Value
$1,370,736.17",NA,NA,NA,NA,NA,NA,NA,NA,NA,NA,NA,NA,NA,NA,NA,NA,NA,NA,NA,NA,NA,NA,NA,NA,NA,NA,NA,NA,NA,NA,NA,NA,NA,NA,NA,NA,NA,NA,NA,NA,NA,NA,NA,NA,NA,NA,NA,NA,NA,NA,NA,NA,NA,NA,NA,NA,NA,NA,NA
Ethiopia,2022,NW,auction,NA,https://allianceforcoffeeexcellence.org/ethiopia-2022/,4,NW,NA,NA,NA,NA,87.08,success,NA,NA,NA,$6.70,"$8,862.56",NOZY COFFEE,NA,NA,NA,NA,Tamirat Edema Basaye,NA,NA,"1,322.77",NA,NA,NA,NA,NA,NA,NA,NA,NA,NA,NA,NA,NA,NA,NA,NA,NA,NA,NA,NA,NA,NA,NA,NA,NA,NA,NA,NA,NA,NA,NA,NA,NA,NA,NA,NA,NA,NA,NA,NA,NA,NA,NA,NA,NA,NA,NA,NA,NA,NA,NA,NA,NA,NA,NA,NA,NA,NA,NA,NA,NA,NA,NA
Ethiopia,2022,NW,auction,NA,https://allianceforcoffeeexcellence.org/ethiopia-2022/,4,NW,NA,NA,NA,NA,86.97,success,NA,NA,NA,$6.60,"$7,420.78","Wataru & Co., Ltd.",NA,NA,NA,NA,Esayas Barsso Arrer,NA,NA,"1,124.36",NA,NA,NA,NA,NA,NA,NA,NA,NA,NA,NA,NA,NA,NA,NA,NA,NA,NA,NA,NA,NA,NA,NA,NA,NA,NA,NA,NA,NA,NA,NA,NA,NA,NA,NA,NA,NA,NA,NA,NA,NA,NA,NA,NA,NA,NA,NA,NA,NA,NA,NA,NA,NA,NA,NA,NA,NA,NA,NA,NA,NA,NA,NA
Ethiopia,2022,NW,auction,NA,https://allianceforcoffeeexcellence.org/ethiopia-2022/,4,NW,NA,NA,NA,NA,86.94,success,NA,NA,NA,$10.00,"$25,463.40",SUPREMO COFFEE,NA,NA,NA,NA,Dr Hussein Ambo Dubie,NA,NA,"2,546.34",NA,NA,NA,NA,NA,NA,NA,NA,NA,NA,NA,NA,NA,NA,NA,NA,NA,NA,NA,NA,NA,NA,NA,NA,NA,NA,NA,NA,NA,NA,NA,NA,NA,NA,NA,NA,NA,NA,NA,NA,NA,NA,NA,NA,NA,NA,NA,NA,NA,NA,NA,NA,NA,NA,NA,NA,NA,NA,NA,NA,NA,NA,NA
Ethiopia,2022,NW,auction,NA,https://allianceforcoffeeexcellence.org/ethiopia-2022/,4,NW,NA,NA,NA,NA,86.89,success,NA,NA,NA,$4.40,"$5,529.17",INBO International Trading for mojocoffee,NA,NA,NA,NA,Abebe Ware Udesa,NA,NA,"1,256.63",NA,NA,NA,NA,NA,NA,NA,NA,NA,NA,NA,NA,NA,NA,NA,NA,NA,NA,NA,NA,NA,NA,NA,NA,NA,NA,NA,NA,NA,NA,NA,NA,NA,NA,NA,NA,NA,NA,NA,NA,NA,NA,NA,NA,NA,NA,NA,NA,NA,NA,NA,NA,NA,NA,NA,NA,NA,NA,NA,NA,NA,NA,NA
Ethiopia,2022,NW,auction,NA,https://allianceforcoffeeexcellence.org/ethiopia-2022/,4,NW,NA,NA,NA,NA,86.75,success,NA,NA,NA,$4.43,"$9,229.33",Linking Coffee & 步昂咖啡.,NA,NA,NA,NA,Mekuria Wako Bare,NA,NA,"2,083.37",NA,NA,NA,NA,NA,NA,NA,NA,NA,NA,NA,NA,NA,NA,NA,NA,NA,NA,NA,NA,NA,NA,NA,NA,NA,NA,NA,NA,NA,NA,NA,NA,NA,NA,NA,NA,NA,NA,NA,NA,NA,NA,NA,NA,NA,NA,NA,NA,NA,NA,NA,NA,NA,NA,NA,NA,NA,NA,NA,NA,NA,NA,NA
Ethiopia,2022,NW,auction,NA,https://allianceforcoffeeexcellence.org/ethiopia-2022/,4,NW,NA,NA,NA,NA,86.69,success,NA,NA,NA,$7.30,"$10,621.87",Keffa Coffee,NA,NA,NA,NA,Burtukan Mersha Lemma,NA,NA,"1,455.05",NA,NA,NA,NA,NA,NA,NA,NA,NA,NA,NA,NA,NA,NA,NA,NA,NA,NA,NA,NA,NA,NA,NA,NA,NA,NA,NA,NA,NA,NA,NA,NA,NA,NA,NA,NA,NA,NA,NA,NA,NA,NA,NA,NA,NA,NA,NA,NA,NA,NA,NA,NA,NA,NA,NA,NA,NA,NA,NA,NA,NA,NA,NA
Ethiopia,2022,NW,auction,NA,https://allianceforcoffeeexcellence.org/ethiopia-2022/,4,NW,NA,NA,NA,NA,86.39,success,NA,NA,NA,$8.80,"$11,640.38","Wataru & Co., Ltd.",NA,NA,NA,NA,Assefa Amenu Garmamo,NA,NA,"1,322.77",NA,NA,NA,NA,NA,NA,NA,NA,NA,NA,NA,NA,NA,NA,NA,NA,NA,NA,NA,NA,NA,NA,NA,NA,NA,NA,NA,NA,NA,NA,NA,NA,NA,NA,NA,NA,NA,NA,NA,NA,NA,NA,NA,NA,NA,NA,NA,NA,NA,NA,NA,NA,NA,NA,NA,NA,NA,NA,NA,NA,NA,NA,NA
Ethiopia,2022,NW,auction,NA,https://allianceforcoffeeexcellence.org/ethiopia-2022/,4,NW,NA,NA,NA,NA,86.31,success,NA,NA,NA,$6.90,"$18,254.23",Keffa Coffee,NA,NA,NA,NA,Asnakech Tegegne Reta,NA,NA,"2,645.54",NA,NA,NA,NA,NA,NA,NA,NA,NA,NA,NA,NA,NA,NA,NA,NA,NA,NA,NA,NA,NA,NA,NA,NA,NA,NA,NA,NA,NA,NA,NA,NA,NA,NA,NA,NA,NA,NA,NA,NA,NA,NA,NA,NA,NA,NA,NA,NA,NA,NA,NA,NA,NA,NA,NA,NA,NA,NA,NA,NA,NA,NA,NA
Ethiopia,2022,NW,auction,NA,https://allianceforcoffeeexcellence.org/ethiopia-2022/,4,NW,NA,NA,NA,NA,86.14,success,NA,NA,NA,$4.40,"$11,640.38",Wataru for Voila Coffee,NA,NA,NA,NA,Jemal Ali Mohammed,NA,NA,"2,645.54",NA,NA,NA,NA,NA,NA,NA,NA,NA,NA,NA,NA,NA,NA,NA,NA,NA,NA,NA,NA,NA,NA,NA,NA,NA,NA,NA,NA,NA,NA,NA,NA,NA,NA,NA,NA,NA,NA,NA,NA,NA,NA,NA,NA,NA,NA,NA,NA,NA,NA,NA,NA,NA,NA,NA,NA,NA,NA,NA,NA,NA,NA,NA
Ethiopia,2022,NW,auction,NA,https://allianceforcoffeeexcellence.org/ethiopia-2022/,4,NW,NA,NA,NA,NA,85.75,success,NA,NA,NA,$7.57,"$10,263.71",Keffa Coffee,NA,NA,NA,NA,Girma Bekele Degoma,NA,NA,"1,355.84",NA,NA,NA,NA,NA,NA,NA,NA,NA,NA,NA,NA,NA,NA,NA,NA,NA,NA,NA,NA,NA,NA,NA,NA,NA,NA,NA,NA,NA,NA,NA,NA,NA,NA,NA,NA,NA,NA,NA,NA,NA,NA,NA,NA,NA,NA,NA,NA,NA,NA,NA,NA,NA,NA,NA,NA,NA,NA,NA,NA,NA,NA,NA
Ethiopia,2022,NW,auction,NA,https://allianceforcoffeeexcellence.org/ethiopia-2022/,4,NW,NA,NA,NA,NA,Totals:,success,NA,NA,NA,"Auction Average $/lb
$6.71","Total Auction Value
$118,925.79",,NA,NA,NA,NA,,NA,NA,"17,758.21",NA,NA,NA,NA,NA,NA,NA,NA,NA,NA,NA,NA,NA,NA,NA,NA,NA,NA,NA,NA,NA,NA,NA,NA,NA,NA,NA,NA,NA,NA,NA,NA,NA,NA,NA,NA,NA,NA,NA,NA,NA,NA,NA,NA,NA,NA,NA,NA,NA,NA,NA,NA,NA,NA,NA,NA,NA,NA,NA,NA,NA,NA,NA
Ethiopia,2024,COE,auction,NA,https://allianceforcoffeeexcellence.org/ethiopia-2024/,2,1A,NA,Basha,NA,NA,90.50,success,NA,NA,NA,NA,"$88,296.90",NA,NA,NA,NA,NA,NA,NA,NA,NA,Angelino’s Coffee,NA,NA,NA,NA,NA,NA,NA,NA,NA,NA,NA,NA,NA,NA,NA,NA,NA,NA,NA,NA,NA,NA,NA,NA,NA,198.42,$445.00,NA,NA,NA,NA,NA,NA,NA,NA,NA,NA,NA,NA,NA,NA,NA,NA,NA,NA,NA,NA,NA,NA,NA,NA,NA,NA,NA,NA,NA,NA,NA,NA,NA,NA,NA
Ethiopia,2024,COE,auction,NA,https://allianceforcoffeeexcellence.org/ethiopia-2024/,2,1B,NA,Basha,NA,NA,90.50,success,NA,NA,NA,NA,"$81,044.65",NA,NA,NA,NA,NA,NA,NA,NA,NA,"Orsir International Co. Ltd., SAZA COFFEE",NA,NA,NA,NA,NA,NA,NA,NA,NA,NA,NA,NA,NA,NA,NA,NA,NA,NA,NA,NA,NA,NA,NA,NA,NA,231.49,$350.10,NA,NA,NA,NA,NA,NA,NA,NA,NA,NA,NA,NA,NA,NA,NA,NA,NA,NA,NA,NA,NA,NA,NA,NA,NA,NA,NA,NA,NA,NA,NA,NA,NA,NA,NA
Ethiopia,2024,COE,auction,NA,https://allianceforcoffeeexcellence.org/ethiopia-2024/,2,2A,NA,Mate,NA,NA,90.13,success,NA,NA,NA,NA,"$59,591.24",NA,NA,NA,NA,NA,NA,NA,NA,NA,Sulalat Coffee Trading,NA,NA,NA,NA,NA,NA,NA,NA,NA,NA,NA,NA,NA,NA,NA,NA,NA,NA,NA,NA,NA,NA,NA,NA,NA,661.39,$90.10,NA,NA,NA,NA,NA,NA,NA,NA,NA,NA,NA,NA,NA,NA,NA,NA,NA,NA,NA,NA,NA,NA,NA,NA,NA,NA,NA,NA,NA,NA,NA,NA,NA,NA,NA
Ethiopia,2024,COE,auction,NA,https://allianceforcoffeeexcellence.org/ethiopia-2024/,2,2B,NA,Mate,NA,NA,90.13,success,NA,NA,NA,NA,"$61,876.39",NA,NA,NA,NA,NA,NA,NA,NA,NA,ORO ROASTERS (SAUDI ARABIA),NA,NA,NA,NA,NA,NA,NA,NA,NA,NA,NA,NA,NA,NA,NA,NA,NA,NA,NA,NA,NA,NA,NA,NA,NA,694.46,$89.10,NA,NA,NA,NA,NA,NA,NA,NA,NA,NA,NA,NA,NA,NA,NA,NA,NA,NA,NA,NA,NA,NA,NA,NA,NA,NA,NA,NA,NA,NA,NA,NA,NA,NA,NA
Ethiopia,2024,COE,auction,NA,https://allianceforcoffeeexcellence.org/ethiopia-2024/,2,3,NA,Bukto,NA,NA,89.70,success,NA,NA,NA,NA,"$51,912.28",NA,NA,NA,NA,NA,NA,NA,NA,NA,Black Knight SA.,NA,NA,NA,NA,NA,NA,NA,NA,NA,NA,NA,NA,NA,NA,NA,NA,NA,NA,NA,NA,NA,NA,NA,NA,NA,1554.26,$33.40,NA,NA,NA,NA,NA,NA,NA,NA,NA,NA,NA,NA,NA,NA,NA,NA,NA,NA,NA,NA,NA,NA,NA,NA,NA,NA,NA,NA,NA,NA,NA,NA,NA,NA,NA
Ethiopia,2024,COE,auction,NA,https://allianceforcoffeeexcellence.org/ethiopia-2024/,2,4,NA,Bekele,NA,NA,89.61,success,NA,NA,NA,NA,"$34,524.21",NA,NA,NA,NA,NA,NA,NA,NA,NA,AL QAHWA AL ARABIAH,NA,NA,NA,NA,NA,NA,NA,NA,NA,NA,NA,NA,NA,NA,NA,NA,NA,NA,NA,NA,NA,NA,NA,NA,NA,1190.49,$29.00,NA,NA,NA,NA,NA,NA,NA,NA,NA,NA,NA,NA,NA,NA,NA,NA,NA,NA,NA,NA,NA,NA,NA,NA,NA,NA,NA,NA,NA,NA,NA,NA,NA,NA,NA
Ethiopia,2024,COE,auction,NA,https://allianceforcoffeeexcellence.org/ethiopia-2024/,2,5,NA,Bekele,NA,NA,89.41,success,NA,NA,NA,NA,"$18,611.39",NA,NA,NA,NA,NA,NA,NA,NA,NA,"MUSEO Co., Ltd / COFFEE HWA / AYANTU(아얀투) / liike coffee",NA,NA,NA,NA,NA,NA,NA,NA,NA,NA,NA,NA,NA,NA,NA,NA,NA,NA,NA,NA,NA,NA,NA,NA,NA,462.97,$40.20,NA,NA,NA,NA,NA,NA,NA,NA,NA,NA,NA,NA,NA,NA,NA,NA,NA,NA,NA,NA,NA,NA,NA,NA,NA,NA,NA,NA,NA,NA,NA,NA,NA,NA,NA
Ethiopia,2024,COE,auction,NA,https://allianceforcoffeeexcellence.org/ethiopia-2024/,2,6,NA,Mitiku,NA,NA,89.33,success,NA,NA,NA,NA,"$55,695.29",NA,NA,NA,NA,NA,NA,NA,NA,NA,Sulalat Coffee Trading,NA,NA,NA,NA,NA,NA,NA,NA,NA,NA,NA,NA,NA,NA,NA,NA,NA,NA,NA,NA,NA,NA,NA,NA,NA,1388.91,$40.10,NA,NA,NA,NA,NA,NA,NA,NA,NA,NA,NA,NA,NA,NA,NA,NA,NA,NA,NA,NA,NA,NA,NA,NA,NA,NA,NA,NA,NA,NA,NA,NA,NA,NA,NA
Ethiopia,2024,COE,auction,NA,https://allianceforcoffeeexcellence.org/ethiopia-2024/,2,7,NA,Sintayehu,NA,NA,89.02,success,NA,NA,NA,NA,"$39,335.85",NA,NA,NA,NA,NA,NA,NA,NA,NA,"DECAMERON COFFEE, 印格咖啡Ingenuity Coffee, Songdo Coffee.",NA,NA,NA,NA,NA,NA,NA,NA,NA,NA,NA,NA,NA,NA,NA,NA,NA,NA,NA,NA,NA,NA,NA,NA,NA,2149.50,$18.30,NA,NA,NA,NA,NA,NA,NA,NA,NA,NA,NA,NA,NA,NA,NA,NA,NA,NA,NA,NA,NA,NA,NA,NA,NA,NA,NA,NA,NA,NA,NA,NA,NA,NA,NA
Ethiopia,2024,COE,auction,NA,https://allianceforcoffeeexcellence.org/ethiopia-2024/,2,8,NA,Samuel,NA,NA,89.00,success,NA,NA,NA,NA,"$17,083.72",NA,NA,NA,NA,NA,NA,NA,NA,NA,Slope Roastery,NA,NA,NA,NA,NA,NA,NA,NA,NA,NA,NA,NA,NA,NA,NA,NA,NA,NA,NA,NA,NA,NA,NA,NA,NA,694.46,$24.60,NA,NA,NA,NA,NA,NA,NA,NA,NA,NA,NA,NA,NA,NA,NA,NA,NA,NA,NA,NA,NA,NA,NA,NA,NA,NA,NA,NA,NA,NA,NA,NA,NA,NA,NA
Ethiopia,2024,COE,auction,NA,https://allianceforcoffeeexcellence.org/ethiopia-2024/,2,9,NA,Etenesh,NA,NA,88.96,success,NA,NA,NA,NA,"$43,304.29",NA,NA,NA,NA,NA,NA,NA,NA,NA,Sulalat Coffee Trading,NA,NA,NA,NA,NA,NA,NA,NA,NA,NA,NA,NA,NA,NA,NA,NA,NA,NA,NA,NA,NA,NA,NA,NA,NA,1488.12,$29.10,NA,NA,NA,NA,NA,NA,NA,NA,NA,NA,NA,NA,NA,NA,NA,NA,NA,NA,NA,NA,NA,NA,NA,NA,NA,NA,NA,NA,NA,NA,NA,NA,NA,NA,NA
Ethiopia,2024,COE,auction,NA,https://allianceforcoffeeexcellence.org/ethiopia-2024/,2,10,NA,Mustefa,NA,NA,88.72,success,NA,NA,NA,NA,"$28,055.98",NA,NA,NA,NA,NA,NA,NA,NA,NA,honu加藤珈琲店株式会社,NA,NA,NA,NA,NA,NA,NA,NA,NA,NA,NA,NA,NA,NA,NA,NA,NA,NA,NA,NA,NA,NA,NA,NA,NA,2777.82,$10.10,NA,NA,NA,NA,NA,NA,NA,NA,NA,NA,NA,NA,NA,NA,NA,NA,NA,NA,NA,NA,NA,NA,NA,NA,NA,NA,NA,NA,NA,NA,NA,NA,NA,NA,NA
Ethiopia,2024,COE,auction,NA,https://allianceforcoffeeexcellence.org/ethiopia-2024/,2,11,NA,Sebeto,NA,NA,87.67,success,NA,NA,NA,NA,"$15,863.33",NA,NA,NA,NA,NA,NA,NA,NA,NA,Bunah,NA,NA,NA,NA,NA,NA,NA,NA,NA,NA,NA,NA,NA,NA,NA,NA,NA,NA,NA,NA,NA,NA,NA,NA,NA,1355.84,$11.70,NA,NA,NA,NA,NA,NA,NA,NA,NA,NA,NA,NA,NA,NA,NA,NA,NA,NA,NA,NA,NA,NA,NA,NA,NA,NA,NA,NA,NA,NA,NA,NA,NA,NA,NA
Ethiopia,2024,COE,auction,NA,https://allianceforcoffeeexcellence.org/ethiopia-2024/,2,12,NA,Tesfaye,NA,NA,87.65,success,NA,NA,NA,NA,"$19,087.56",NA,NA,NA,NA,NA,NA,NA,NA,NA,"KALDI COFFEE FARM (CAMEL COFFEE CO.,LTD.)",NA,NA,NA,NA,NA,NA,NA,NA,NA,NA,NA,NA,NA,NA,NA,NA,NA,NA,NA,NA,NA,NA,NA,NA,NA,859.80,$22.20,NA,NA,NA,NA,NA,NA,NA,NA,NA,NA,NA,NA,NA,NA,NA,NA,NA,NA,NA,NA,NA,NA,NA,NA,NA,NA,NA,NA,NA,NA,NA,NA,NA,NA,NA
Ethiopia,2024,COE,auction,NA,https://allianceforcoffeeexcellence.org/ethiopia-2024/,2,13,NA,Ermias,NA,NA,87.63,success,NA,NA,NA,NA,"$28,142.02",NA,NA,NA,NA,NA,NA,NA,NA,NA,Saza Coffee,NA,NA,NA,NA,NA,NA,NA,NA,NA,NA,NA,NA,NA,NA,NA,NA,NA,NA,NA,NA,NA,NA,NA,NA,NA,1521.19,$18.50,NA,NA,NA,NA,NA,NA,NA,NA,NA,NA,NA,NA,NA,NA,NA,NA,NA,NA,NA,NA,NA,NA,NA,NA,NA,NA,NA,NA,NA,NA,NA,NA,NA,NA,NA
Ethiopia,2024,COE,auction,NA,https://allianceforcoffeeexcellence.org/ethiopia-2024/,2,14,NA,Azalech,NA,NA,87.61,success,NA,NA,NA,NA,"$30,020.33",NA,NA,NA,NA,NA,NA,NA,NA,NA,"Wataru & Co., Ltd.",NA,NA,NA,NA,NA,NA,NA,NA,NA,NA,NA,NA,NA,NA,NA,NA,NA,NA,NA,NA,NA,NA,NA,NA,NA,2943.17,$10.20,NA,NA,NA,NA,NA,NA,NA,NA,NA,NA,NA,NA,NA,NA,NA,NA,NA,NA,NA,NA,NA,NA,NA,NA,NA,NA,NA,NA,NA,NA,NA,NA,NA,NA,NA
Ethiopia,2024,COE,auction,NA,https://allianceforcoffeeexcellence.org/ethiopia-2024/,2,15,NA,Belaineh,NA,NA,87.57,success,NA,NA,NA,NA,"$32,156.61",NA,NA,NA,NA,NA,NA,NA,NA,NA,Fadie Sasaguri Roastery Corporation,NA,NA,NA,NA,NA,NA,NA,NA,NA,NA,NA,NA,NA,NA,NA,NA,NA,NA,NA,NA,NA,NA,NA,NA,NA,1455.05,$22.10,NA,NA,NA,NA,NA,NA,NA,NA,NA,NA,NA,NA,NA,NA,NA,NA,NA,NA,NA,NA,NA,NA,NA,NA,NA,NA,NA,NA,NA,NA,NA,NA,NA,NA,NA
Ethiopia,2024,COE,auction,NA,https://allianceforcoffeeexcellence.org/ethiopia-2024/,2,16,NA,Tamru,NA,NA,87.52,success,NA,NA,NA,NA,"$28,027.86",NA,NA,NA,NA,NA,NA,NA,NA,NA,Snow Beans Coffee & Ryans Coffee Roasters,NA,NA,NA,NA,NA,NA,NA,NA,NA,NA,NA,NA,NA,NA,NA,NA,NA,NA,NA,NA,NA,NA,NA,NA,NA,1818.81,$15.41,NA,NA,NA,NA,NA,NA,NA,NA,NA,NA,NA,NA,NA,NA,NA,NA,NA,NA,NA,NA,NA,NA,NA,NA,NA,NA,NA,NA,NA,NA,NA,NA,NA,NA,NA
Ethiopia,2024,COE,auction,NA,https://allianceforcoffeeexcellence.org/ethiopia-2024/,2,17,NA,Tafo,NA,NA,87.50,success,NA,NA,NA,NA,"$17,877.32",NA,NA,NA,NA,NA,NA,NA,NA,NA,Prodigal Coffee,NA,NA,NA,NA,NA,NA,NA,NA,NA,NA,NA,NA,NA,NA,NA,NA,NA,NA,NA,NA,NA,NA,NA,NA,NA,1124.36,$15.90,NA,NA,NA,NA,NA,NA,NA,NA,NA,NA,NA,NA,NA,NA,NA,NA,NA,NA,NA,NA,NA,NA,NA,NA,NA,NA,NA,NA,NA,NA,NA,NA,NA,NA,NA
Ethiopia,2024,COE,auction,NA,https://allianceforcoffeeexcellence.org/ethiopia-2024/,2,18,NA,Abriham,NA,NA,87.50,success,NA,NA,NA,NA,"$20,503.00",NA,NA,NA,NA,NA,NA,NA,NA,NA,1895 by Lavazza,NA,NA,NA,NA,NA,NA,NA,NA,NA,NA,NA,NA,NA,NA,NA,NA,NA,NA,NA,NA,NA,NA,NA,NA,NA,1025.15,$20.00,NA,NA,NA,NA,NA,NA,NA,NA,NA,NA,NA,NA,NA,NA,NA,NA,NA,NA,NA,NA,NA,NA,NA,NA,NA,NA,NA,NA,NA,NA,NA,NA,NA,NA,NA
Ethiopia,2024,COE,auction,NA,https://allianceforcoffeeexcellence.org/ethiopia-2024/,2,19,NA,Bayene,NA,NA,87.48,success,NA,NA,NA,NA,"$14,325.58",NA,NA,NA,NA,NA,NA,NA,NA,NA,Full Sweet Coffee,NA,NA,NA,NA,NA,NA,NA,NA,NA,NA,NA,NA,NA,NA,NA,NA,NA,NA,NA,NA,NA,NA,NA,NA,NA,1256.63,$11.40,NA,NA,NA,NA,NA,NA,NA,NA,NA,NA,NA,NA,NA,NA,NA,NA,NA,NA,NA,NA,NA,NA,NA,NA,NA,NA,NA,NA,NA,NA,NA,NA,NA,NA,NA
Ethiopia,2024,COE,auction,NA,https://allianceforcoffeeexcellence.org/ethiopia-2024/,2,20,NA,Leikun,NA,NA,87.46,success,NA,NA,NA,NA,"$18,188.17",NA,NA,NA,NA,NA,NA,NA,NA,NA,"Dabov Specialty Coffee, Coffee Me Up (Korea), Coffee Therapy (Thailand), MARISSTELLA COFFEE, TWO HANDS FULL (Indonesia), A Roastworks (Indonesia), JIBBI COFFEE ROASTERS, Baristatus. Idle Hands Coffee",NA,NA,NA,NA,NA,NA,NA,NA,NA,NA,NA,NA,NA,NA,NA,NA,NA,NA,NA,NA,NA,NA,NA,NA,NA,1653.47,$11.00,NA,NA,NA,NA,NA,NA,NA,NA,NA,NA,NA,NA,NA,NA,NA,NA,NA,NA,NA,NA,NA,NA,NA,NA,NA,NA,NA,NA,NA,NA,NA,NA,NA,NA,NA
Ethiopia,2024,COE,auction,NA,https://allianceforcoffeeexcellence.org/ethiopia-2024/,2,21,NA,Agana,NA,NA,87.41,success,NA,NA,NA,NA,"$17,563.14",NA,NA,NA,NA,NA,NA,NA,NA,NA,"印格咖啡Ingenuity Coffee & CHG (手多多咖啡) & Orsir International Co., Ltd & BEAM Specialty (MAS) & 搞搞咖啡 & 林可斯特 & Aokka Coffee & abit coffee & Little Whale Coffee Limited & 穷学生小李",NA,NA,NA,NA,NA,NA,NA,NA,NA,NA,NA,NA,NA,NA,NA,NA,NA,NA,NA,NA,NA,NA,NA,NA,NA,1554.26,$11.30,NA,NA,NA,NA,NA,NA,NA,NA,NA,NA,NA,NA,NA,NA,NA,NA,NA,NA,NA,NA,NA,NA,NA,NA,NA,NA,NA,NA,NA,NA,NA,NA,NA,NA,NA
Ethiopia,2024,COE,auction,NA,https://allianceforcoffeeexcellence.org/ethiopia-2024/,2,22,NA,Zewuditu,NA,NA,87.26,success,NA,NA,NA,NA,"$13,756.86",NA,NA,NA,NA,NA,NA,NA,NA,NA,Prodigal Coffee,NA,NA,NA,NA,NA,NA,NA,NA,NA,NA,NA,NA,NA,NA,NA,NA,NA,NA,NA,NA,NA,NA,NA,NA,NA,1058.22,$13.00,NA,NA,NA,NA,NA,NA,NA,NA,NA,NA,NA,NA,NA,NA,NA,NA,NA,NA,NA,NA,NA,NA,NA,NA,NA,NA,NA,NA,NA,NA,NA,NA,NA,NA,NA
Ethiopia,2024,COE,auction,NA,https://allianceforcoffeeexcellence.org/ethiopia-2024/,2,23,NA,Legesse,NA,NA,87.24,success,NA,NA,NA,NA,"$13,826.23",NA,NA,NA,NA,NA,NA,NA,NA,NA,Wolfing Coffee，北京深浅白贸易有限公司，际遇咖啡Happenstance,NA,NA,NA,NA,NA,NA,NA,NA,NA,NA,NA,NA,NA,NA,NA,NA,NA,NA,NA,NA,NA,NA,NA,NA,NA,1223.56,$11.30,NA,NA,NA,NA,NA,NA,NA,NA,NA,NA,NA,NA,NA,NA,NA,NA,NA,NA,NA,NA,NA,NA,NA,NA,NA,NA,NA,NA,NA,NA,NA,NA,NA,NA,NA
Ethiopia,2024,COE,auction,NA,https://allianceforcoffeeexcellence.org/ethiopia-2024/,2,24,NA,Tamiru,NA,NA,87.20,success,NA,NA,NA,NA,"$11,177.40",NA,NA,NA,NA,NA,NA,NA,NA,NA,中国武汉铜山里、浙江咖豆咖啡、Roaster Camp、Golden Bear Coffee、Instinct Coffee Roastery (Indonesia) auctioned by Ecofarm Coffee (China),NA,NA,NA,NA,NA,NA,NA,NA,NA,NA,NA,NA,NA,NA,NA,NA,NA,NA,NA,NA,NA,NA,NA,NA,NA,859.80,$13.00,NA,NA,NA,NA,NA,NA,NA,NA,NA,NA,NA,NA,NA,NA,NA,NA,NA,NA,NA,NA,NA,NA,NA,NA,NA,NA,NA,NA,NA,NA,NA,NA,NA,NA,NA
Ethiopia,2024,COE,auction,NA,https://allianceforcoffeeexcellence.org/ethiopia-2024/,2,25,NA,Ejigu,NA,NA,87.09,success,NA,NA,NA,NA,"$18,611.39",NA,NA,NA,NA,NA,NA,NA,NA,NA,"LNK Coffee for 弘顺咖啡, StillCoffee, 弘顺咖啡 – Lebunna, 派福咖啡 – PASSION FRUIT, 寻豆师SEEDHERO , 中国武汉铜山里咖啡 – Tongshanli Coffee, Wuhan, China, 不急咖啡小屋 – Buji Coffee Shop",NA,NA,NA,NA,NA,NA,NA,NA,NA,NA,NA,NA,NA,NA,NA,NA,NA,NA,NA,NA,NA,NA,NA,NA,NA,925.94,$20.10,NA,NA,NA,NA,NA,NA,NA,NA,NA,NA,NA,NA,NA,NA,NA,NA,NA,NA,NA,NA,NA,NA,NA,NA,NA,NA,NA,NA,NA,NA,NA,NA,NA,NA,NA
Ethiopia,2024,COE,auction,NA,https://allianceforcoffeeexcellence.org/ethiopia-2024/,2,26,NA,Almaz,NA,NA,87.04,success,NA,NA,NA,NA,"$12,113.32",NA,NA,NA,NA,NA,NA,NA,NA,NA,"Wataru & Co., Ltd.",NA,NA,NA,NA,NA,NA,NA,NA,NA,NA,NA,NA,NA,NA,NA,NA,NA,NA,NA,NA,NA,NA,NA,NA,NA,1091.29,$11.10,NA,NA,NA,NA,NA,NA,NA,NA,NA,NA,NA,NA,NA,NA,NA,NA,NA,NA,NA,NA,NA,NA,NA,NA,NA,NA,NA,NA,NA,NA,NA,NA,NA,NA,NA
Ethiopia,2024,COE,auction,NA,https://allianceforcoffeeexcellence.org/ethiopia-2024/,2,27,NA,Tadess,NA,NA,87.02,success,NA,NA,NA,NA,"$16,349.50",NA,NA,NA,NA,NA,NA,NA,NA,NA,"Wataru & Co., Ltd.",NA,NA,NA,NA,NA,NA,NA,NA,NA,NA,NA,NA,NA,NA,NA,NA,NA,NA,NA,NA,NA,NA,NA,NA,NA,1587.33,$10.30,NA,NA,NA,NA,NA,NA,NA,NA,NA,NA,NA,NA,NA,NA,NA,NA,NA,NA,NA,NA,NA,NA,NA,NA,NA,NA,NA,NA,NA,NA,NA,NA,NA,NA,NA
Ethiopia,2024,NW,auction,NA,https://allianceforcoffeeexcellence.org/ethiopia-2024/,4,NW,NA,Burtekan,NA,NA,86.98,success,NA,NA,NA,NA,"$8,670.78",NA,NA,NA,NA,NA,NA,NA,NA,NA,Brew92,NA,NA,NA,NA,NA,NA,NA,NA,NA,NA,NA,NA,NA,NA,NA,NA,NA,NA,NA,NA,NA,NA,NA,NA,NA,1521.19,$5.70,NA,NA,NA,NA,NA,NA,NA,NA,NA,NA,NA,NA,NA,NA,NA,NA,NA,NA,NA,NA,NA,NA,NA,NA,NA,NA,NA,NA,NA,NA,NA,NA,NA,NA,NA
Ethiopia,2024,NW,auction,NA,https://allianceforcoffeeexcellence.org/ethiopia-2024/,4,NW,NA,Negussie,NA,NA,86.91,success,NA,NA,NA,NA,"$5,357.22",NA,NA,NA,NA,NA,NA,NA,NA,NA,NOZY COFFEE,NA,NA,NA,NA,NA,NA,NA,NA,NA,NA,NA,NA,NA,NA,NA,NA,NA,NA,NA,NA,NA,NA,NA,NA,NA,892.87,$6.00,NA,NA,NA,NA,NA,NA,NA,NA,NA,NA,NA,NA,NA,NA,NA,NA,NA,NA,NA,NA,NA,NA,NA,NA,NA,NA,NA,NA,NA,NA,NA,NA,NA,NA,NA
Ethiopia,2024,NW,auction,NA,https://allianceforcoffeeexcellence.org/ethiopia-2024/,4,NW,NA,Yiromnesh,NA,NA,86.89,success,NA,NA,NA,NA,"$15,542.62",NA,NA,NA,NA,NA,NA,NA,NA,NA,Linking Coffee. Billy Roaster,NA,NA,NA,NA,NA,NA,NA,NA,NA,NA,NA,NA,NA,NA,NA,NA,NA,NA,NA,NA,NA,NA,NA,NA,NA,1653.47,$9.40,NA,NA,NA,NA,NA,NA,NA,NA,NA,NA,NA,NA,NA,NA,NA,NA,NA,NA,NA,NA,NA,NA,NA,NA,NA,NA,NA,NA,NA,NA,NA,NA,NA,NA,NA
Ethiopia,2024,NW,auction,NA,https://allianceforcoffeeexcellence.org/ethiopia-2024/,4,NW,NA,W/ro Buja,NA,NA,86.74,success,NA,NA,NA,NA,"$3,888.98",NA,NA,NA,NA,NA,NA,NA,NA,NA,Brew92,NA,NA,NA,NA,NA,NA,NA,NA,NA,NA,NA,NA,NA,NA,NA,NA,NA,NA,NA,NA,NA,NA,NA,NA,NA,694.46,$5.60,NA,NA,NA,NA,NA,NA,NA,NA,NA,NA,NA,NA,NA,NA,NA,NA,NA,NA,NA,NA,NA,NA,NA,NA,NA,NA,NA,NA,NA,NA,NA,NA,NA,NA,NA
Ethiopia,2024,NW,auction,NA,https://allianceforcoffeeexcellence.org/ethiopia-2024/,4,NW,NA,Bekele,NA,NA,86.65,success,NA,NA,NA,NA,"$7,539.79",NA,NA,NA,NA,NA,NA,NA,NA,NA,Brew92,NA,NA,NA,NA,NA,NA,NA,NA,NA,NA,NA,NA,NA,NA,NA,NA,NA,NA,NA,NA,NA,NA,NA,NA,NA,1322.77,$5.70,NA,NA,NA,NA,NA,NA,NA,NA,NA,NA,NA,NA,NA,NA,NA,NA,NA,NA,NA,NA,NA,NA,NA,NA,NA,NA,NA,NA,NA,NA,NA,NA,NA,NA,NA
Ethiopia,2024,NW,auction,NA,https://allianceforcoffeeexcellence.org/ethiopia-2024/,4,NW,NA,Meswat Shimeles Abera,NA,NA,86.59,success,NA,NA,NA,NA,"$4,761.99",NA,NA,NA,NA,NA,NA,NA,NA,NA,"Wataru & Co., Ltd.",NA,NA,NA,NA,NA,NA,NA,NA,NA,NA,NA,NA,NA,NA,NA,NA,NA,NA,NA,NA,NA,NA,NA,NA,NA,529.11,$9.00,NA,NA,NA,NA,NA,NA,NA,NA,NA,NA,NA,NA,NA,NA,NA,NA,NA,NA,NA,NA,NA,NA,NA,NA,NA,NA,NA,NA,NA,NA,NA,NA,NA,NA,NA
Ethiopia,2024,NW,auction,NA,https://allianceforcoffeeexcellence.org/ethiopia-2024/,4,NW,NA,Assefa,NA,NA,86.43,success,NA,NA,NA,NA,"$10,416.85",NA,NA,NA,NA,NA,NA,NA,NA,NA,Linking Coffee. 樂波波珈琲 Le BoBo Coffee. 失親兒福利基金會 TOWF 「有光咖啡」Taipei Orphan Welfare Foundation/ Yehi’or,NA,NA,NA,NA,NA,NA,NA,NA,NA,NA,NA,NA,NA,NA,NA,NA,NA,NA,NA,NA,NA,NA,NA,NA,NA,2083.37,$5.00,NA,NA,NA,NA,NA,NA,NA,NA,NA,NA,NA,NA,NA,NA,NA,NA,NA,NA,NA,NA,NA,NA,NA,NA,NA,NA,NA,NA,NA,NA,NA,NA,NA,NA,NA
Ethiopia,2024,NW,auction,NA,https://allianceforcoffeeexcellence.org/ethiopia-2024/,4,NW,NA,Yednkachew,NA,NA,86.43,success,NA,NA,NA,NA,"$9,762.02",NA,NA,NA,NA,NA,NA,NA,NA,NA,Sulalat Coffee Trading,NA,NA,NA,NA,NA,NA,NA,NA,NA,NA,NA,NA,NA,NA,NA,NA,NA,NA,NA,NA,NA,NA,NA,NA,NA,1190.49,$8.20,NA,NA,NA,NA,NA,NA,NA,NA,NA,NA,NA,NA,NA,NA,NA,NA,NA,NA,NA,NA,NA,NA,NA,NA,NA,NA,NA,NA,NA,NA,NA,NA,NA,NA,NA
Ethiopia,2024,NW,auction,NA,https://allianceforcoffeeexcellence.org/ethiopia-2024/,4,NW,NA,Niguse,NA,NA,86.41,success,NA,NA,NA,NA,"$4,160.13",NA,NA,NA,NA,NA,NA,NA,NA,NA,Sulalat Coffee Trading,NA,NA,NA,NA,NA,NA,NA,NA,NA,NA,NA,NA,NA,NA,NA,NA,NA,NA,NA,NA,NA,NA,NA,NA,NA,562.18,$7.40,NA,NA,NA,NA,NA,NA,NA,NA,NA,NA,NA,NA,NA,NA,NA,NA,NA,NA,NA,NA,NA,NA,NA,NA,NA,NA,NA,NA,NA,NA,NA,NA,NA,NA,NA
Ethiopia,2024,NW,auction,NA,https://allianceforcoffeeexcellence.org/ethiopia-2024/,4,NW,NA,Biruk,NA,NA,86.33,success,NA,NA,NA,NA,"$2,923.34",NA,NA,NA,NA,NA,NA,NA,NA,NA,L’escargot d’or cosmetocafe,NA,NA,NA,NA,NA,NA,NA,NA,NA,NA,NA,NA,NA,NA,NA,NA,NA,NA,NA,NA,NA,NA,NA,NA,NA,562.18,$5.20,NA,NA,NA,NA,NA,NA,NA,NA,NA,NA,NA,NA,NA,NA,NA,NA,NA,NA,NA,NA,NA,NA,NA,NA,NA,NA,NA,NA,NA,NA,NA,NA,NA,NA,NA
Ethiopia,2024,NW,auction,NA,https://allianceforcoffeeexcellence.org/ethiopia-2024/,4,NW,NA,Mairegnesh,NA,NA,86.26,success,NA,NA,NA,NA,"$8,809.63",NA,NA,NA,NA,NA,NA,NA,NA,NA,Sulalat Coffee Trading,NA,NA,NA,NA,NA,NA,NA,NA,NA,NA,NA,NA,NA,NA,NA,NA,NA,NA,NA,NA,NA,NA,NA,NA,NA,1190.49,$7.40,NA,NA,NA,NA,NA,NA,NA,NA,NA,NA,NA,NA,NA,NA,NA,NA,NA,NA,NA,NA,NA,NA,NA,NA,NA,NA,NA,NA,NA,NA,NA,NA,NA,NA,NA
Ethiopia,2024,NW,auction,NA,https://allianceforcoffeeexcellence.org/ethiopia-2024/,4,NW,NA,Esyas,NA,NA,86.04,success,NA,NA,NA,NA,"$5,902.89",NA,NA,NA,NA,NA,NA,NA,NA,NA,What’s Brewing,NA,NA,NA,NA,NA,NA,NA,NA,NA,NA,NA,NA,NA,NA,NA,NA,NA,NA,NA,NA,NA,NA,NA,NA,NA,1157.43,$5.10,NA,NA,NA,NA,NA,NA,NA,NA,NA,NA,NA,NA,NA,NA,NA,NA,NA,NA,NA,NA,NA,NA,NA,NA,NA,NA,NA,NA,NA,NA,NA,NA,NA,NA,NA
Ethiopia,2024,NW,auction,NA,https://allianceforcoffeeexcellence.org/ethiopia-2024/,4,NW,NA,Adisu,NA,NA,85.72,success,NA,NA,NA,NA,"$4,299.00",NA,NA,NA,NA,NA,NA,NA,NA,NA,Gil-coffee,NA,NA,NA,NA,NA,NA,NA,NA,NA,NA,NA,NA,NA,NA,NA,NA,NA,NA,NA,NA,NA,NA,NA,NA,NA,859.80,$5.00,NA,NA,NA,NA,NA,NA,NA,NA,NA,NA,NA,NA,NA,NA,NA,NA,NA,NA,NA,NA,NA,NA,NA,NA,NA,NA,NA,NA,NA,NA,NA,NA,NA,NA,NA
Guatemala,2017,NW,auction,NA,https://allianceforcoffeeexcellence.org/guatemala-2017/,2,29,7,San AgustÍn Las Cañas 2017,Ricardo Flavio Zelaya Andrade,"Antigua Guatemala, Sacatepequez",85.97,success,NA,29,7,$4.80/lb,"$4,658.45",Ryans Coffee Roasters,NA,NA,NA,NA,NA,NA,NA,NA,NA,NA,NA,NA,NA,NA,NA,NA,NA,NA,NA,NA,NA,NA,NA,NA,NA,NA,NA,NA,NA,NA,NA,NA,NA,NA,NA,NA,NA,NA,NA,NA,NA,NA,NA,NA,NA,NA,NA,NA,NA,NA,NA,NA,NA,NA,NA,NA,NA,NA,NA,NA,NA,NA,NA,NA,NA,NA,NA,NA,NA,NA,NA
Guatemala,2017,NW,auction,NA,https://allianceforcoffeeexcellence.org/guatemala-2017/,2,30,8,Terrazas y Anexos 2017,Renardo Francisco Ovalle Vides,"La Libertad, Huehetenango",85.91,success,NA,30,8,$4.60/lb,"$5,224.77",CUPPERS COOPERATIVE,NA,NA,NA,NA,NA,NA,NA,NA,NA,NA,NA,NA,NA,NA,NA,NA,NA,NA,NA,NA,NA,NA,NA,NA,NA,NA,NA,NA,NA,NA,NA,NA,NA,NA,NA,NA,NA,NA,NA,NA,NA,NA,NA,NA,NA,NA,NA,NA,NA,NA,NA,NA,NA,NA,NA,NA,NA,NA,NA,NA,NA,NA,NA,NA,NA,NA,NA,NA,NA,NA,NA
Guatemala,2017,NW,auction,NA,https://allianceforcoffeeexcellence.org/guatemala-2017/,2,31,7,Los Aguacatones 2017,Rosa Maria de la Peña Illescas,"Huehuetenango, Huehuetenango",85.83,success,NA,31,7,$7.30/lb,"$7,129.18",Terarosa (Haksan Co.Ltd),NA,NA,NA,NA,NA,NA,NA,NA,NA,NA,NA,NA,NA,NA,NA,NA,NA,NA,NA,NA,NA,NA,NA,NA,NA,NA,NA,NA,NA,NA,NA,NA,NA,NA,NA,NA,NA,NA,NA,NA,NA,NA,NA,NA,NA,NA,NA,NA,NA,NA,NA,NA,NA,NA,NA,NA,NA,NA,NA,NA,NA,NA,NA,NA,NA,NA,NA,NA,NA,NA,NA
Guatemala,2017,NW,auction,NA,https://allianceforcoffeeexcellence.org/guatemala-2017/,2,32,8,Entre Volcanes 2017,Jesus Gerardo Recinos Sagastume,"Moyuta, Jutiapa",85.81,success,NA,32,8,$5.87/lb,"$6,774.39",Kasai Coffee,NA,NA,NA,NA,NA,NA,NA,NA,NA,NA,NA,NA,NA,NA,NA,NA,NA,NA,NA,NA,NA,NA,NA,NA,NA,NA,NA,NA,NA,NA,NA,NA,NA,NA,NA,NA,NA,NA,NA,NA,NA,NA,NA,NA,NA,NA,NA,NA,NA,NA,NA,NA,NA,NA,NA,NA,NA,NA,NA,NA,NA,NA,NA,NA,NA,NA,NA,NA,NA,NA,NA
Guatemala,2017,NW,auction,NA,https://allianceforcoffeeexcellence.org/guatemala-2017/,2,33,6,La Nueva 2017,Ovidio Garcia Monterroso,"Nueva Santa Rosa, Santa Rosa",85.81,success,NA,33,6,$6.20/lb,"$5,671.39",Terarosa (Haksan Co.Ltd),NA,NA,NA,NA,NA,NA,NA,NA,NA,NA,NA,NA,NA,NA,NA,NA,NA,NA,NA,NA,NA,NA,NA,NA,NA,NA,NA,NA,NA,NA,NA,NA,NA,NA,NA,NA,NA,NA,NA,NA,NA,NA,NA,NA,NA,NA,NA,NA,NA,NA,NA,NA,NA,NA,NA,NA,NA,NA,NA,NA,NA,NA,NA,NA,NA,NA,NA,NA,NA,NA,NA
Guatemala,2017,NW,auction,NA,https://allianceforcoffeeexcellence.org/guatemala-2017/,2,34,14,El Aguacate 2017,Jovito Arnoldo Aguilar Muñoz,"Mataquescuintla, Jalapa",85.78,success,NA,34,14,$4.70/lb,"$9,918.83","Cafe DAZAC, Coffee Sallim Factory, Crema Costa, Eungubiro Roasters, Beanstore",NA,NA,NA,NA,NA,NA,NA,NA,NA,NA,NA,NA,NA,NA,NA,NA,NA,NA,NA,NA,NA,NA,NA,NA,NA,NA,NA,NA,NA,NA,NA,NA,NA,NA,NA,NA,NA,NA,NA,NA,NA,NA,NA,NA,NA,NA,NA,NA,NA,NA,NA,NA,NA,NA,NA,NA,NA,NA,NA,NA,NA,NA,NA,NA,NA,NA,NA,NA,NA,NA,NA
Guatemala,2017,NW,auction,NA,https://allianceforcoffeeexcellence.org/guatemala-2017/,2,35,18,El Limonar 2017,Rosa Maria Ovalle Mont,"La Libertad, Huehuetenango",85.78,success,NA,35,18,$4.10/lb,"$10,768.98","Cafe DAZAC, Coffee Sallim Factory, Crema Costa, Eungubiro Roasters, Beanstore",NA,NA,NA,NA,NA,NA,NA,NA,NA,NA,NA,NA,NA,NA,NA,NA,NA,NA,NA,NA,NA,NA,NA,NA,NA,NA,NA,NA,NA,NA,NA,NA,NA,NA,NA,NA,NA,NA,NA,NA,NA,NA,NA,NA,NA,NA,NA,NA,NA,NA,NA,NA,NA,NA,NA,NA,NA,NA,NA,NA,NA,NA,NA,NA,NA,NA,NA,NA,NA,NA,NA
Guatemala,2017,NW,auction,NA,https://allianceforcoffeeexcellence.org/guatemala-2017/,2,36,7,Santa Sofia 2017,Pablo Jose Ferrigno Figueroa,"Tactic, Alta Verapaz",85.56,success,NA,36,7,$4.70/lb,"$4,756.82","Cafe DAZAC, Coffee Sallim Factory, Crema Costa, Eungubiro Roasters, Beanstore",NA,NA,NA,NA,NA,NA,NA,NA,NA,NA,NA,NA,NA,NA,NA,NA,NA,NA,NA,NA,NA,NA,NA,NA,NA,NA,NA,NA,NA,NA,NA,NA,NA,NA,NA,NA,NA,NA,NA,NA,NA,NA,NA,NA,NA,NA,NA,NA,NA,NA,NA,NA,NA,NA,NA,NA,NA,NA,NA,NA,NA,NA,NA,NA,NA,NA,NA,NA,NA,NA,NA
Guatemala,2017,NW,auction,NA,https://allianceforcoffeeexcellence.org/guatemala-2017/,2,37,7,La Hermosa 2017,Max Fernando Perez Rios,"Acatenango, Chimaltenango",85.56,success,NA,37,7,$6.29/lb,"$6,155.58","Orsir Coffee Co., Ltd.",NA,NA,NA,NA,NA,NA,NA,NA,NA,NA,NA,NA,NA,NA,NA,NA,NA,NA,NA,NA,NA,NA,NA,NA,NA,NA,NA,NA,NA,NA,NA,NA,NA,NA,NA,NA,NA,NA,NA,NA,NA,NA,NA,NA,NA,NA,NA,NA,NA,NA,NA,NA,NA,NA,NA,NA,NA,NA,NA,NA,NA,NA,NA,NA,NA,NA,NA,NA,NA,NA,NA
Guatemala,2017,NW,auction,NA,https://allianceforcoffeeexcellence.org/guatemala-2017/,2,38,22,Linda Vista y Anexos 2017,Hector Armando Mendoza Herrera,"Purulhá, Baja Verapaz",85.28,success,NA,38,22,$4.20/lb,"$13,523.33",Kasai Coffee,NA,NA,NA,NA,NA,NA,NA,NA,NA,NA,NA,NA,NA,NA,NA,NA,NA,NA,NA,NA,NA,NA,NA,NA,NA,NA,NA,NA,NA,NA,NA,NA,NA,NA,NA,NA,NA,NA,NA,NA,NA,NA,NA,NA,NA,NA,NA,NA,NA,NA,NA,NA,NA,NA,NA,NA,NA,NA,NA,NA,NA,NA,NA,NA,NA,NA,NA,NA,NA,NA,NA
Guatemala,2017,NW,auction,NA,https://allianceforcoffeeexcellence.org/guatemala-2017/,2,Stats:,Stats:,,,,,success,NA,,104,$4.94/lb,"$74,581.72",NA,NA,NA,NA,NA,NA,NA,NA,NA,NA,NA,NA,NA,NA,NA,NA,NA,NA,NA,NA,NA,NA,NA,NA,NA,NA,NA,NA,NA,NA,NA,NA,NA,NA,NA,NA,NA,NA,NA,NA,NA,NA,NA,NA,NA,NA,NA,NA,NA,NA,NA,NA,NA,NA,NA,NA,NA,NA,NA,NA,NA,NA,NA,NA,NA,NA,NA,NA,NA,NA,NA,NA
Guatemala,2018,NW,auction,NA,https://allianceforcoffeeexcellence.org/guatemala-2018/,2,37,7,Santa Sofia,Pablo Ferrigno,"Alta Verapaz, Tactic",85.57,success,NA,NA,NA,$5.00/lb,"$5,273.40","Wataru & Co., Ltd.",NA,"Caturra, Typica, Catimor",NA,NA,NA,NA,NA,NA,NA,NA,NA,NA,NA,NA,NA,NA,NA,NA,NA,NA,NA,NA,NA,NA,NA,NA,NA,NA,NA,NA,NA,NA,NA,NA,NA,NA,Lavado,NA,NA,NA,NA,NA,NA,NA,NA,NA,NA,NA,NA,NA,NA,NA,NA,NA,1054.7,NA,NA,NA,NA,NA,NA,NA,NA,NA,NA,NA,NA,NA,NA,NA,NA
Guatemala,2018,NW,auction,NA,https://allianceforcoffeeexcellence.org/guatemala-2018/,2,38,14,La Villa,Alberto Reyes,"Guatemala, Palencia",84.93,success,NA,NA,NA,$4.70/lb,"$10,038.03","Cafe DAZAC, Coffee Sallim Factory, Juk-dong Cafe D, Crema Costa, Beanstore, Eungubiro Roasters",NA,Catimor,NA,NA,NA,NA,NA,NA,NA,NA,NA,NA,NA,NA,NA,NA,NA,NA,NA,NA,NA,NA,NA,NA,NA,NA,NA,NA,NA,NA,NA,NA,NA,NA,NA,NA,Lavado,NA,NA,NA,NA,NA,NA,NA,NA,NA,NA,NA,NA,NA,NA,NA,NA,NA,2135.8,NA,NA,NA,NA,NA,NA,NA,NA,NA,NA,NA,NA,NA,NA,NA,NA
Guatemala,2018,NW,auction,NA,https://allianceforcoffeeexcellence.org/guatemala-2018/,2,39,8,Flor del Café,"ADONY OSVALDO, PEREZ RAMIREZ","Huehuetenango, Cuilco",84.93,success,NA,NA,NA,$5.10/lb,"$5,818.49","Cafe DAZAC, Coffee Sallim Factory, Juk-dong Cafe D, Crema Costa, Beanstore, Eungubiro Roasters",NA,Maragogype,NA,NA,NA,NA,NA,NA,NA,NA,NA,NA,NA,NA,NA,NA,NA,NA,NA,NA,NA,NA,NA,NA,NA,NA,NA,NA,NA,NA,NA,NA,NA,NA,NA,NA,Honey,NA,NA,NA,NA,NA,NA,NA,NA,NA,NA,NA,NA,NA,NA,NA,NA,NA,1140.9,NA,NA,NA,NA,NA,NA,NA,NA,NA,NA,NA,NA,NA,NA,NA,NA
Guatemala,2018,NW,auction,NA,https://allianceforcoffeeexcellence.org/guatemala-2018/,2,40,8,Entre Volcanes,Jesus Gerardo Recinos,"Jutiapa, Moyuta",84,success,NA,NA,NA,$9.10/lb,"$10,382.01",Wataru for Nozy Coffee,NA,Geisha,NA,NA,NA,NA,NA,NA,NA,NA,NA,NA,NA,NA,NA,NA,NA,NA,NA,NA,NA,NA,NA,NA,NA,NA,NA,NA,NA,NA,NA,NA,NA,NA,NA,NA,Lavado,NA,NA,NA,NA,NA,NA,NA,NA,NA,NA,NA,NA,NA,NA,NA,NA,NA,1140.9,NA,NA,NA,NA,NA,NA,NA,NA,NA,NA,NA,NA,NA,NA,NA,NA
Guatemala,2019,NW,auction,NA,https://allianceforcoffeeexcellence.org/guatemala-2019/,2,NW,NA,NA,NA,El Progreso,86.91,success,NA,NA,NA,$4.00/lb,"$9,465.68",Choi Coffee Roasters Company,NA,NA,NA,1073.4,La Bella,"Xilate, S. A.","Washed, Pacamara",NA,NA,NA,NA,NA,NA,NA,NA,NA,NA,NA,NA,NA,NA,NA,NA,NA,NA,NA,NA,NA,NA,NA,NA,NA,NA,NA,NA,NA,NA,NA,NA,NA,NA,NA,NA,NA,NA,NA,NA,NA,NA,NA,NA,NA,NA,NA,NA,NA,NA,NA,NA,NA,NA,NA,NA,NA,NA,NA,NA,NA,NA,NA,NA
Guatemala,2019,NW,auction,NA,https://allianceforcoffeeexcellence.org/guatemala-2019/,2,NW,NA,NA,NA,Guatemala,86.81,success,NA,NA,NA,$4.00/lb,"$5,732.40","cafe DAZAC, Eungubiro Roasters, Crema Costa",NA,NA,NA,650.05,Finca de Dios,"Inversiones Unidas, S. A.","Washed, Bourbón",NA,NA,NA,NA,NA,NA,NA,NA,NA,NA,NA,NA,NA,NA,NA,NA,NA,NA,NA,NA,NA,NA,NA,NA,NA,NA,NA,NA,NA,NA,NA,NA,NA,NA,NA,NA,NA,NA,NA,NA,NA,NA,NA,NA,NA,NA,NA,NA,NA,NA,NA,NA,NA,NA,NA,NA,NA,NA,NA,NA,NA,NA,NA,NA
Guatemala,2019,NW,auction,NA,https://allianceforcoffeeexcellence.org/guatemala-2019/,2,NW,NA,NA,NA,Huehuetenango,86.78,success,NA,NA,NA,$4.00/lb,"$5,063.08",Kasai Coffee,NA,NA,NA,574.15,Bella Elizabeth,"Argueta Herrera, Erwin Humberto","Washed, Bourbón & Typica",NA,NA,NA,NA,NA,NA,NA,NA,NA,NA,NA,NA,NA,NA,NA,NA,NA,NA,NA,NA,NA,NA,NA,NA,NA,NA,NA,NA,NA,NA,NA,NA,NA,NA,NA,NA,NA,NA,NA,NA,NA,NA,NA,NA,NA,NA,NA,NA,NA,NA,NA,NA,NA,NA,NA,NA,NA,NA,NA,NA,NA,NA,NA,NA
Guatemala,2019,NW,auction,NA,https://allianceforcoffeeexcellence.org/guatemala-2019/,2,NW,NA,NA,NA,Sololá,86.75,success,NA,NA,NA,$4.00/lb,"$3,959.48","cafe DAZAC, Eungubiro Roasters, Crema Costa",NA,NA,NA,449,San Isidro Chacaya,"San Isidro Chacaya, S. A.","Washed, Caturra",NA,NA,NA,NA,NA,NA,NA,NA,NA,NA,NA,NA,NA,NA,NA,NA,NA,NA,NA,NA,NA,NA,NA,NA,NA,NA,NA,NA,NA,NA,NA,NA,NA,NA,NA,NA,NA,NA,NA,NA,NA,NA,NA,NA,NA,NA,NA,NA,NA,NA,NA,NA,NA,NA,NA,NA,NA,NA,NA,NA,NA,NA,NA,NA
Guatemala,2019,NW,auction,NA,https://allianceforcoffeeexcellence.org/guatemala-2019/,2,NW,NA,NA,NA,El Progreso,86.66,success,NA,NA,NA,$4.00/lb,"$4,933.44","cafe DAZAC, Eungubiro Roasters, Crema Costa",NA,NA,NA,559.45,Coyote Blanco-Sac Utiú,"Castillo Cerezo, Pompeyo","Honey, Café Kalibus (Catimor + Gesha natural mutation)",NA,NA,NA,NA,NA,NA,NA,NA,NA,NA,NA,NA,NA,NA,NA,NA,NA,NA,NA,NA,NA,NA,NA,NA,NA,NA,NA,NA,NA,NA,NA,NA,NA,NA,NA,NA,NA,NA,NA,NA,NA,NA,NA,NA,NA,NA,NA,NA,NA,NA,NA,NA,NA,NA,NA,NA,NA,NA,NA,NA,NA,NA,NA,NA
Guatemala,2019,NW,auction,NA,https://allianceforcoffeeexcellence.org/guatemala-2019/,2,NW,NA,NA,NA,Huehuetenango,86.3,success,NA,NA,NA,$4.00/lb,"$8,694.96",Choi Coffee Roasters Company,NA,NA,NA,986,San Antonio de Esquipulas y Anexo,"Corporacion Mil, S. A.","Washed, Bourbón",NA,NA,NA,NA,NA,NA,NA,NA,NA,NA,NA,NA,NA,NA,NA,NA,NA,NA,NA,NA,NA,NA,NA,NA,NA,NA,NA,NA,NA,NA,NA,NA,NA,NA,NA,NA,NA,NA,NA,NA,NA,NA,NA,NA,NA,NA,NA,NA,NA,NA,NA,NA,NA,NA,NA,NA,NA,NA,NA,NA,NA,NA,NA,NA
Guatemala,2019,NW,auction,NA,https://allianceforcoffeeexcellence.org/guatemala-2019/,2,NW,NA,NA,NA,Huehuetenango,86.27,success,NA,NA,NA,,,,NA,NA,NA,1149,Los Guayabales,"Villatoro Castillo, Pedro","Washed, Caturra & Bourbón",NA,NA,NA,NA,NA,NA,NA,NA,NA,NA,NA,NA,NA,NA,NA,NA,NA,NA,NA,NA,NA,NA,NA,NA,NA,NA,NA,NA,NA,NA,NA,NA,NA,NA,NA,NA,NA,NA,NA,NA,NA,NA,NA,NA,NA,NA,NA,NA,NA,NA,NA,NA,NA,NA,NA,NA,NA,NA,NA,NA,NA,NA,NA,NA
Guatemala,2019,NW,auction,NA,https://allianceforcoffeeexcellence.org/guatemala-2019/,2,NW,NA,NA,NA,Alta Verapaz,85.94,success,NA,NA,NA,$3.50/lb,"$4,683.67","cafe DAZAC, Eungubiro Roasters, Crema Costa",NA,NA,NA,607,Aurora,"Pola, S. A.","Washed, Caturra",NA,NA,NA,NA,NA,NA,NA,NA,NA,NA,NA,NA,NA,NA,NA,NA,NA,NA,NA,NA,NA,NA,NA,NA,NA,NA,NA,NA,NA,NA,NA,NA,NA,NA,NA,NA,NA,NA,NA,NA,NA,NA,NA,NA,NA,NA,NA,NA,NA,NA,NA,NA,NA,NA,NA,NA,NA,NA,NA,NA,NA,NA,NA,NA
Guatemala,2019,NW,auction,NA,https://allianceforcoffeeexcellence.org/guatemala-2019/,2,NW,NA,NA,NA,Guatemala,85.94,success,NA,NA,NA,$3.50/lb,"$3,590.69","cafe DAZAC, Eungubiro Roasters, Crema Costa",NA,NA,NA,465.35,San Guayaba,"Cercol, S. A.","Washed, Maracaturra",NA,NA,NA,NA,NA,NA,NA,NA,NA,NA,NA,NA,NA,NA,NA,NA,NA,NA,NA,NA,NA,NA,NA,NA,NA,NA,NA,NA,NA,NA,NA,NA,NA,NA,NA,NA,NA,NA,NA,NA,NA,NA,NA,NA,NA,NA,NA,NA,NA,NA,NA,NA,NA,NA,NA,NA,NA,NA,NA,NA,NA,NA,NA,NA
Guatemala,2019,NW,auction,NA,https://allianceforcoffeeexcellence.org/guatemala-2019/,2,NW,NA,NA,NA,Santa Rosa,85.92,success,NA,NA,NA,$3.50/lb,"$4,475.35","Wataru & Co., Ltd.",NA,NA,NA,580,La Cabaña,"Solares Jacobo, Isauro Balerio","Washed, Pacamara & Maracaturra",NA,NA,NA,NA,NA,NA,NA,NA,NA,NA,NA,NA,NA,NA,NA,NA,NA,NA,NA,NA,NA,NA,NA,NA,NA,NA,NA,NA,NA,NA,NA,NA,NA,NA,NA,NA,NA,NA,NA,NA,NA,NA,NA,NA,NA,NA,NA,NA,NA,NA,NA,NA,NA,NA,NA,NA,NA,NA,NA,NA,NA,NA,NA,NA
Guatemala,2019,NW,auction,NA,https://allianceforcoffeeexcellence.org/guatemala-2019/,2,NW,NA,NA,NA,Sacatepéquez,85.67,success,NA,NA,NA,$3.50/lb,"$3,501.19",Kasai Coffee,NA,NA,NA,453.75,El Platanar,Agrisar,"Washed, Bourbón & Typica",NA,NA,NA,NA,NA,NA,NA,NA,NA,NA,NA,NA,NA,NA,NA,NA,NA,NA,NA,NA,NA,NA,NA,NA,NA,NA,NA,NA,NA,NA,NA,NA,NA,NA,NA,NA,NA,NA,NA,NA,NA,NA,NA,NA,NA,NA,NA,NA,NA,NA,NA,NA,NA,NA,NA,NA,NA,NA,NA,NA,NA,NA,NA,NA
Guatemala,2019,NW,auction,NA,https://allianceforcoffeeexcellence.org/guatemala-2019/,2,NW,NA,NA,NA,Huehuetenango,85.63,success,NA,NA,NA,$4.50/lb,"$4,519.89",ECOM Japan Limited for NOZY COFFEE,NA,NA,NA,455.6,Rosma,"Morales Merida, Fredy Milton","Washed, Pacamara & Maragogype",NA,NA,NA,NA,NA,NA,NA,NA,NA,NA,NA,NA,NA,NA,NA,NA,NA,NA,NA,NA,NA,NA,NA,NA,NA,NA,NA,NA,NA,NA,NA,NA,NA,NA,NA,NA,NA,NA,NA,NA,NA,NA,NA,NA,NA,NA,NA,NA,NA,NA,NA,NA,NA,NA,NA,NA,NA,NA,NA,NA,NA,NA,NA,NA
Guatemala,2019,NW,auction,NA,https://allianceforcoffeeexcellence.org/guatemala-2019/,2,NW,NA,NA,NA,Huehuetenango,85.5,success,NA,NA,NA,$5.10/lb,"$5,769.02",ECOM Japan Limited for NOZY COFFEE,NA,NA,NA,513.1,Los Cedros de Palmira,"Morales Merida, Fredy Milton","Natural, Bourbón & Typica",NA,NA,NA,NA,NA,NA,NA,NA,NA,NA,NA,NA,NA,NA,NA,NA,NA,NA,NA,NA,NA,NA,NA,NA,NA,NA,NA,NA,NA,NA,NA,NA,NA,NA,NA,NA,NA,NA,NA,NA,NA,NA,NA,NA,NA,NA,NA,NA,NA,NA,NA,NA,NA,NA,NA,NA,NA,NA,NA,NA,NA,NA,NA,NA
Guatemala,2019,NW,auction,NA,https://allianceforcoffeeexcellence.org/guatemala-2019/,2,NW,NA,NA,NA,Huehuetenango,85.41,success,NA,NA,NA,$4.20/lb,"$3,925.95",UPSTREAM COFFEE IMPORTS PTY LTD,NA,NA,NA,424,San Fernando,"La Reforma Y Asociados, S. A.","Washed, Geisha & Pacamara",NA,NA,NA,NA,NA,NA,NA,NA,NA,NA,NA,NA,NA,NA,NA,NA,NA,NA,NA,NA,NA,NA,NA,NA,NA,NA,NA,NA,NA,NA,NA,NA,NA,NA,NA,NA,NA,NA,NA,NA,NA,NA,NA,NA,NA,NA,NA,NA,NA,NA,NA,NA,NA,NA,NA,NA,NA,NA,NA,NA,NA,NA,NA,NA
Guatemala,2019,NW,auction,NA,https://allianceforcoffeeexcellence.org/guatemala-2019/,2,NW,NA,NA,NA,Huehuetenango,85.06,success,NA,NA,NA,$3.50/lb,"$3,434.83",Kasai Coffee,NA,NA,NA,445.15,"La Esperanza, San Pedro Necta","Herrera Perez, Copropiedad","Washed, Bourbón & Caturra & Typica",NA,NA,NA,NA,NA,NA,NA,NA,NA,NA,NA,NA,NA,NA,NA,NA,NA,NA,NA,NA,NA,NA,NA,NA,NA,NA,NA,NA,NA,NA,NA,NA,NA,NA,NA,NA,NA,NA,NA,NA,NA,NA,NA,NA,NA,NA,NA,NA,NA,NA,NA,NA,NA,NA,NA,NA,NA,NA,NA,NA,NA,NA,NA,NA
Guatemala,2019,NW,auction,NA,https://allianceforcoffeeexcellence.org/guatemala-2019/,2,NW,NA,NA,NA,Huehuetenango,85.03,success,NA,NA,NA,$3.50/lb,"$5,222.25","cafe DAZAC, Eungubiro Roasters, Crema Costa",NA,NA,NA,676.8,La Esperanza,"Villatoro Castillo, Pedro","Washed, Caturra & Bourbón",NA,NA,NA,NA,NA,NA,NA,NA,NA,NA,NA,NA,NA,NA,NA,NA,NA,NA,NA,NA,NA,NA,NA,NA,NA,NA,NA,NA,NA,NA,NA,NA,NA,NA,NA,NA,NA,NA,NA,NA,NA,NA,NA,NA,NA,NA,NA,NA,NA,NA,NA,NA,NA,NA,NA,NA,NA,NA,NA,NA,NA,NA,NA,NA
Guatemala,2019,NW,auction,NA,https://allianceforcoffeeexcellence.org/guatemala-2019/,2,NW,NA,NA,NA,,,success,NA,NA,NA,$3.92/lb,"$76,971.88",,NA,NA,NA,,,,,NA,NA,NA,NA,NA,NA,NA,NA,NA,NA,NA,NA,NA,NA,NA,NA,NA,NA,NA,NA,NA,NA,NA,NA,NA,NA,NA,NA,NA,NA,NA,NA,NA,NA,NA,NA,NA,NA,NA,NA,NA,NA,NA,NA,NA,NA,NA,NA,NA,NA,NA,NA,NA,NA,NA,NA,NA,NA,NA,NA,NA,NA,NA,NA
Guatemala,2020,COE,auction,NA,https://allianceforcoffeeexcellence.org/guatemala-2020/,1,1a,NA,NA,NA,NA,91.06,success,NA,NA,NA,$180.20,"$42,026.24",NA,NA,NA,NA,NA,El Socorro,NA,NA,233.22,"Maruyama Coffee, Goodboybob Coffee, Cometeer, Bird Rock Coffee Roasters, PT’s Coffee",NA,NA,NA,NA,NA,NA,NA,NA,NA,NA,NA,NA,NA,NA,NA,NA,NA,NA,NA,NA,NA,NA,NA,NA,NA,NA,NA,NA,NA,NA,NA,NA,NA,NA,NA,NA,NA,NA,NA,NA,NA,NA,NA,NA,NA,NA,NA,NA,NA,NA,NA,NA,NA,NA,NA,NA,NA,NA,NA,NA,NA,NA
Guatemala,2020,COE,auction,NA,https://allianceforcoffeeexcellence.org/guatemala-2020/,1,1b,NA,NA,NA,NA,91.06,success,NA,NA,NA,$175.30,"$40,883.47",NA,NA,NA,NA,NA,El Socorro,NA,NA,233.22,JOOYEON Selection,NA,NA,NA,NA,NA,NA,NA,NA,NA,NA,NA,NA,NA,NA,NA,NA,NA,NA,NA,NA,NA,NA,NA,NA,NA,NA,NA,NA,NA,NA,NA,NA,NA,NA,NA,NA,NA,NA,NA,NA,NA,NA,NA,NA,NA,NA,NA,NA,NA,NA,NA,NA,NA,NA,NA,NA,NA,NA,NA,NA,NA,NA
Guatemala,2020,COE,auction,NA,https://allianceforcoffeeexcellence.org/guatemala-2020/,1,2,NA,NA,NA,NA,89.69,success,NA,NA,NA,$37.90,"$23,112.94",NA,NA,NA,NA,NA,Mama Cata,NA,NA,609.84,"Pebble Coffee (Taiwan), Kakalove (Taiwan), Simple Kaffa (Taiwan), the Hub Coffee (Malaysia), Urban Coffee Roaster (HK) , Stellar on Coffee (South Korea)",NA,NA,NA,NA,NA,NA,NA,NA,NA,NA,NA,NA,NA,NA,NA,NA,NA,NA,NA,NA,NA,NA,NA,NA,NA,NA,NA,NA,NA,NA,NA,NA,NA,NA,NA,NA,NA,NA,NA,NA,NA,NA,NA,NA,NA,NA,NA,NA,NA,NA,NA,NA,NA,NA,NA,NA,NA,NA,NA,NA,NA,NA
Guatemala,2020,COE,auction,NA,https://allianceforcoffeeexcellence.org/guatemala-2020/,1,3,NA,NA,NA,NA,89.04,success,NA,NA,NA,$37.40,"$20,283.14",NA,NA,NA,NA,NA,La Esperanza,NA,NA,542.33,Kyokuto Fadie Corporation & Onyx Coffee,NA,NA,NA,NA,NA,NA,NA,NA,NA,NA,NA,NA,NA,NA,NA,NA,NA,NA,NA,NA,NA,NA,NA,NA,NA,NA,NA,NA,NA,NA,NA,NA,NA,NA,NA,NA,NA,NA,NA,NA,NA,NA,NA,NA,NA,NA,NA,NA,NA,NA,NA,NA,NA,NA,NA,NA,NA,NA,NA,NA,NA,NA
Guatemala,2020,COE,auction,NA,https://allianceforcoffeeexcellence.org/guatemala-2020/,1,4,NA,NA,NA,NA,88.94,success,NA,NA,NA,$30.20,"$15,261.27",NA,NA,NA,NA,NA,Los Aguacatones,NA,NA,505.34,"MUSEO Co., Ltd. // ABRI COFFEE FACTORY // lowkey coffee // Peer coffee // Surfclub Roastery",NA,NA,NA,NA,NA,NA,NA,NA,NA,NA,NA,NA,NA,NA,NA,NA,NA,NA,NA,NA,NA,NA,NA,NA,NA,NA,NA,NA,NA,NA,NA,NA,NA,NA,NA,NA,NA,NA,NA,NA,NA,NA,NA,NA,NA,NA,NA,NA,NA,NA,NA,NA,NA,NA,NA,NA,NA,NA,NA,NA,NA,NA
Guatemala,2020,COE,auction,NA,https://allianceforcoffeeexcellence.org/guatemala-2020/,1,5,NA,NA,NA,NA,88.92,success,NA,NA,NA,$30.10,"$8,880.70",NA,NA,NA,NA,NA,Miramundo,NA,NA,295.04,"Orsir Coffee(Taiwan), TRN(Taiwan Roasters Network)",NA,NA,NA,NA,NA,NA,NA,NA,NA,NA,NA,NA,NA,NA,NA,NA,NA,NA,NA,NA,NA,NA,NA,NA,NA,NA,NA,NA,NA,NA,NA,NA,NA,NA,NA,NA,NA,NA,NA,NA,NA,NA,NA,NA,NA,NA,NA,NA,NA,NA,NA,NA,NA,NA,NA,NA,NA,NA,NA,NA,NA,NA
Guatemala,2020,COE,auction,NA,https://allianceforcoffeeexcellence.org/guatemala-2020/,1,6,NA,NA,NA,NA,88.77,success,NA,NA,NA,$46.60,"$14,069.47",NA,NA,NA,NA,NA,La Reforma Y Anexos,NA,NA,301.92,BLESSBEAN CO.LTD(KOREA) / 1KG COFFEE / DNU COFFEE,NA,NA,NA,NA,NA,NA,NA,NA,NA,NA,NA,NA,NA,NA,NA,NA,NA,NA,NA,NA,NA,NA,NA,NA,NA,NA,NA,NA,NA,NA,NA,NA,NA,NA,NA,NA,NA,NA,NA,NA,NA,NA,NA,NA,NA,NA,NA,NA,NA,NA,NA,NA,NA,NA,NA,NA,NA,NA,NA,NA,NA,NA
Guatemala,2020,COE,auction,NA,https://allianceforcoffeeexcellence.org/guatemala-2020/,1,7,NA,NA,NA,NA,88.65,success,NA,NA,NA,$37.30,"$13,306.78",NA,NA,NA,NA,NA,Ponderosa,NA,NA,356.75,"Coffee Me Up (Korea), Cuppingpost, 331Roasters, Coffee Finder (Jeju), MONOSCOPE COFFEE COMPANY",NA,NA,NA,NA,NA,NA,NA,NA,NA,NA,NA,NA,NA,NA,NA,NA,NA,NA,NA,NA,NA,NA,NA,NA,NA,NA,NA,NA,NA,NA,NA,NA,NA,NA,NA,NA,NA,NA,NA,NA,NA,NA,NA,NA,NA,NA,NA,NA,NA,NA,NA,NA,NA,NA,NA,NA,NA,NA,NA,NA,NA,NA
Guatemala,2020,COE,auction,NA,https://allianceforcoffeeexcellence.org/guatemala-2020/,1,8,NA,NA,NA,NA,88.56,success,NA,NA,NA,$34.80,"$4,983.01",NA,NA,NA,NA,NA,Antigua El Semillero,NA,NA,143.19,"MUSEO Co., Ltd. // huelgo",NA,NA,NA,NA,NA,NA,NA,NA,NA,NA,NA,NA,NA,NA,NA,NA,NA,NA,NA,NA,NA,NA,NA,NA,NA,NA,NA,NA,NA,NA,NA,NA,NA,NA,NA,NA,NA,NA,NA,NA,NA,NA,NA,NA,NA,NA,NA,NA,NA,NA,NA,NA,NA,NA,NA,NA,NA,NA,NA,NA,NA,NA
Guatemala,2020,COE,auction,NA,https://allianceforcoffeeexcellence.org/guatemala-2020/,1,9,NA,NA,NA,NA,88.5,success,NA,NA,NA,$27.10,"$17,156.20",NA,NA,NA,NA,NA,La Hermosa,NA,NA,633.07,M2M Coffee Roasters / Fisher Coffee / MANNER COFFEE (China) /  June’s Garden Coffee / Small Arms Big Heart / NORDIC FROGGY COFFEE / 啟程拓殖 / 弥翼 / Latorre & Dutch Coffee (China),NA,NA,NA,NA,NA,NA,NA,NA,NA,NA,NA,NA,NA,NA,NA,NA,NA,NA,NA,NA,NA,NA,NA,NA,NA,NA,NA,NA,NA,NA,NA,NA,NA,NA,NA,NA,NA,NA,NA,NA,NA,NA,NA,NA,NA,NA,NA,NA,NA,NA,NA,NA,NA,NA,NA,NA,NA,NA,NA,NA,NA,NA
Guatemala,2020,COE,auction,NA,https://allianceforcoffeeexcellence.org/guatemala-2020/,1,10,NA,NA,NA,NA,88.46,success,NA,NA,NA,$25.10,"$8,300.32",NA,NA,NA,NA,NA,El Platanillo,NA,NA,330.69,BLESSBEAN CO.LTD(KOREA) / 1KG COFFEE / DNU COFFEE,NA,NA,NA,NA,NA,NA,NA,NA,NA,NA,NA,NA,NA,NA,NA,NA,NA,NA,NA,NA,NA,NA,NA,NA,NA,NA,NA,NA,NA,NA,NA,NA,NA,NA,NA,NA,NA,NA,NA,NA,NA,NA,NA,NA,NA,NA,NA,NA,NA,NA,NA,NA,NA,NA,NA,NA,NA,NA,NA,NA,NA,NA
Guatemala,2020,COE,auction,NA,https://allianceforcoffeeexcellence.org/guatemala-2020/,1,11,NA,NA,NA,NA,88.46,success,NA,NA,NA,$33.00,"$4,941.42",NA,NA,NA,NA,NA,San Isidro Chacaya,NA,NA,149.74,"THE DRIP CO., LTD. & ILDIO Inc.",NA,NA,NA,NA,NA,NA,NA,NA,NA,NA,NA,NA,NA,NA,NA,NA,NA,NA,NA,NA,NA,NA,NA,NA,NA,NA,NA,NA,NA,NA,NA,NA,NA,NA,NA,NA,NA,NA,NA,NA,NA,NA,NA,NA,NA,NA,NA,NA,NA,NA,NA,NA,NA,NA,NA,NA,NA,NA,NA,NA,NA,NA
Guatemala,2020,COE,auction,NA,https://allianceforcoffeeexcellence.org/guatemala-2020/,1,12,NA,NA,NA,NA,88.38,success,NA,NA,NA,$18.50,"$16,721.04",NA,NA,NA,NA,NA,Kalibus La Sierra,NA,NA,903.84,Caravela Coffee for Lavazza,NA,NA,NA,NA,NA,NA,NA,NA,NA,NA,NA,NA,NA,NA,NA,NA,NA,NA,NA,NA,NA,NA,NA,NA,NA,NA,NA,NA,NA,NA,NA,NA,NA,NA,NA,NA,NA,NA,NA,NA,NA,NA,NA,NA,NA,NA,NA,NA,NA,NA,NA,NA,NA,NA,NA,NA,NA,NA,NA,NA,NA,NA
Guatemala,2020,COE,auction,NA,https://allianceforcoffeeexcellence.org/guatemala-2020/,1,13,NA,NA,NA,NA,88.38,success,NA,NA,NA,$37.00,"$5,900.76",NA,NA,NA,NA,NA,El Paraxaj,NA,NA,159.48,Sulalat Coffee Trading,NA,NA,NA,NA,NA,NA,NA,NA,NA,NA,NA,NA,NA,NA,NA,NA,NA,NA,NA,NA,NA,NA,NA,NA,NA,NA,NA,NA,NA,NA,NA,NA,NA,NA,NA,NA,NA,NA,NA,NA,NA,NA,NA,NA,NA,NA,NA,NA,NA,NA,NA,NA,NA,NA,NA,NA,NA,NA,NA,NA,NA,NA
Guatemala,2020,COE,auction,NA,https://allianceforcoffeeexcellence.org/guatemala-2020/,1,14,NA,NA,NA,NA,88.37,success,NA,NA,NA,$32.30,"$10,900.60",NA,NA,NA,NA,NA,Montaña Helada,NA,NA,337.48,SUPREMO COFFEE,NA,NA,NA,NA,NA,NA,NA,NA,NA,NA,NA,NA,NA,NA,NA,NA,NA,NA,NA,NA,NA,NA,NA,NA,NA,NA,NA,NA,NA,NA,NA,NA,NA,NA,NA,NA,NA,NA,NA,NA,NA,NA,NA,NA,NA,NA,NA,NA,NA,NA,NA,NA,NA,NA,NA,NA,NA,NA,NA,NA,NA,NA
Guatemala,2020,COE,auction,NA,https://allianceforcoffeeexcellence.org/guatemala-2020/,1,15,NA,NA,NA,NA,88.33,success,NA,NA,NA,$26.40,"$6,807.24",NA,NA,NA,NA,NA,Rosma,NA,NA,257.85,Ascension Coffee Roasters,NA,NA,NA,NA,NA,NA,NA,NA,NA,NA,NA,NA,NA,NA,NA,NA,NA,NA,NA,NA,NA,NA,NA,NA,NA,NA,NA,NA,NA,NA,NA,NA,NA,NA,NA,NA,NA,NA,NA,NA,NA,NA,NA,NA,NA,NA,NA,NA,NA,NA,NA,NA,NA,NA,NA,NA,NA,NA,NA,NA,NA,NA
Guatemala,2020,COE,auction,NA,https://allianceforcoffeeexcellence.org/guatemala-2020/,1,16,NA,NA,NA,NA,88.31,success,NA,NA,NA,$15.10,"$9,066.34",NA,NA,NA,NA,NA,La Senda,NA,NA,600.42,Nagahama Coffee Inc.,NA,NA,NA,NA,NA,NA,NA,NA,NA,NA,NA,NA,NA,NA,NA,NA,NA,NA,NA,NA,NA,NA,NA,NA,NA,NA,NA,NA,NA,NA,NA,NA,NA,NA,NA,NA,NA,NA,NA,NA,NA,NA,NA,NA,NA,NA,NA,NA,NA,NA,NA,NA,NA,NA,NA,NA,NA,NA,NA,NA,NA,NA
Guatemala,2020,COE,auction,NA,https://allianceforcoffeeexcellence.org/guatemala-2020/,1,17,NA,NA,NA,NA,88.23,success,NA,NA,NA,$20.00,"$13,287.60",NA,NA,NA,NA,NA,Kape´Tenango,NA,NA,664.38,Intelligentsia / Songdo Coffee / El Gran Café / Orsir Coffee (Taiwan),NA,NA,NA,NA,NA,NA,NA,NA,NA,NA,NA,NA,NA,NA,NA,NA,NA,NA,NA,NA,NA,NA,NA,NA,NA,NA,NA,NA,NA,NA,NA,NA,NA,NA,NA,NA,NA,NA,NA,NA,NA,NA,NA,NA,NA,NA,NA,NA,NA,NA,NA,NA,NA,NA,NA,NA,NA,NA,NA,NA,NA,NA
Guatemala,2020,COE,auction,NA,https://allianceforcoffeeexcellence.org/guatemala-2020/,1,18,NA,NA,NA,NA,88.23,success,NA,NA,NA,$13.80,"$22,966.65",NA,NA,NA,NA,NA,Teanzul,NA,NA,1664.25,"Wataru & Co., Ltd.",NA,NA,NA,NA,NA,NA,NA,NA,NA,NA,NA,NA,NA,NA,NA,NA,NA,NA,NA,NA,NA,NA,NA,NA,NA,NA,NA,NA,NA,NA,NA,NA,NA,NA,NA,NA,NA,NA,NA,NA,NA,NA,NA,NA,NA,NA,NA,NA,NA,NA,NA,NA,NA,NA,NA,NA,NA,NA,NA,NA,NA,NA
Guatemala,2020,COE,auction,NA,https://allianceforcoffeeexcellence.org/guatemala-2020/,1,19,NA,NA,NA,NA,88.15,success,NA,NA,NA,$17.00,"$12,743.37",NA,NA,NA,NA,NA,Rio Dorado,NA,NA,749.61,Sarutahiko Coffee Inc.,NA,NA,NA,NA,NA,NA,NA,NA,NA,NA,NA,NA,NA,NA,NA,NA,NA,NA,NA,NA,NA,NA,NA,NA,NA,NA,NA,NA,NA,NA,NA,NA,NA,NA,NA,NA,NA,NA,NA,NA,NA,NA,NA,NA,NA,NA,NA,NA,NA,NA,NA,NA,NA,NA,NA,NA,NA,NA,NA,NA,NA,NA
Guatemala,2020,COE,auction,NA,https://allianceforcoffeeexcellence.org/guatemala-2020/,1,20,NA,NA,NA,NA,88.13,success,NA,NA,NA,$23.20,"$18,801.05",NA,NA,NA,NA,NA,El Zapote Y Anexos,NA,NA,810.39,"BLESSBEAN CO.LTD(KOREA) / 1KG COFFEE / THE DRIP CO., LTD",NA,NA,NA,NA,NA,NA,NA,NA,NA,NA,NA,NA,NA,NA,NA,NA,NA,NA,NA,NA,NA,NA,NA,NA,NA,NA,NA,NA,NA,NA,NA,NA,NA,NA,NA,NA,NA,NA,NA,NA,NA,NA,NA,NA,NA,NA,NA,NA,NA,NA,NA,NA,NA,NA,NA,NA,NA,NA,NA,NA,NA,NA
Guatemala,2020,COE,auction,NA,https://allianceforcoffeeexcellence.org/guatemala-2020/,1,21,NA,NA,NA,NA,87.96,success,NA,NA,NA,$37.20,"$5,146.99",NA,NA,NA,NA,NA,Carmona,NA,NA,138.36,SUPREMO COFFEE,NA,NA,NA,NA,NA,NA,NA,NA,NA,NA,NA,NA,NA,NA,NA,NA,NA,NA,NA,NA,NA,NA,NA,NA,NA,NA,NA,NA,NA,NA,NA,NA,NA,NA,NA,NA,NA,NA,NA,NA,NA,NA,NA,NA,NA,NA,NA,NA,NA,NA,NA,NA,NA,NA,NA,NA,NA,NA,NA,NA,NA,NA
Guatemala,2020,COE,auction,NA,https://allianceforcoffeeexcellence.org/guatemala-2020/,1,22,NA,NA,NA,NA,87.81,success,NA,NA,NA,$20.20,"$26,934.48",NA,NA,NA,NA,NA,El Refugio,NA,NA,1333.39,Honu Kato Coffee Inc.,NA,NA,NA,NA,NA,NA,NA,NA,NA,NA,NA,NA,NA,NA,NA,NA,NA,NA,NA,NA,NA,NA,NA,NA,NA,NA,NA,NA,NA,NA,NA,NA,NA,NA,NA,NA,NA,NA,NA,NA,NA,NA,NA,NA,NA,NA,NA,NA,NA,NA,NA,NA,NA,NA,NA,NA,NA,NA,NA,NA,NA,NA
Guatemala,2020,COE,auction,NA,https://allianceforcoffeeexcellence.org/guatemala-2020/,1,23,NA,NA,NA,NA,87.58,success,NA,NA,NA,$15.10,"$13,408.95",NA,NA,NA,NA,NA,Las Macadamias,NA,NA,888.01,Sulalat Coffee Trading & Coffee Montage,NA,NA,NA,NA,NA,NA,NA,NA,NA,NA,NA,NA,NA,NA,NA,NA,NA,NA,NA,NA,NA,NA,NA,NA,NA,NA,NA,NA,NA,NA,NA,NA,NA,NA,NA,NA,NA,NA,NA,NA,NA,NA,NA,NA,NA,NA,NA,NA,NA,NA,NA,NA,NA,NA,NA,NA,NA,NA,NA,NA,NA,NA
Guatemala,2020,COE,auction,NA,https://allianceforcoffeeexcellence.org/guatemala-2020/,1,24,NA,NA,NA,NA,87.58,success,NA,NA,NA,$19.60,"$6,012.69",NA,NA,NA,NA,NA,Isnul,NA,NA,306.77,Fisher Coffee /  Seng Pan Coffee International Co. Ltd. 誠品咖啡 / MANNER COFFEE (China) / Latorre & Dutch Coffee (China),NA,NA,NA,NA,NA,NA,NA,NA,NA,NA,NA,NA,NA,NA,NA,NA,NA,NA,NA,NA,NA,NA,NA,NA,NA,NA,NA,NA,NA,NA,NA,NA,NA,NA,NA,NA,NA,NA,NA,NA,NA,NA,NA,NA,NA,NA,NA,NA,NA,NA,NA,NA,NA,NA,NA,NA,NA,NA,NA,NA,NA,NA
Guatemala,2020,COE,auction,NA,https://allianceforcoffeeexcellence.org/guatemala-2020/,1,25,NA,NA,NA,NA,87.42,success,NA,NA,NA,$20.80,"$4,692.90",NA,NA,NA,NA,NA,Villaure,NA,NA,225.62,"Wataru & Co., Ltd.",NA,NA,NA,NA,NA,NA,NA,NA,NA,NA,NA,NA,NA,NA,NA,NA,NA,NA,NA,NA,NA,NA,NA,NA,NA,NA,NA,NA,NA,NA,NA,NA,NA,NA,NA,NA,NA,NA,NA,NA,NA,NA,NA,NA,NA,NA,NA,NA,NA,NA,NA,NA,NA,NA,NA,NA,NA,NA,NA,NA,NA,NA
Guatemala,2020,COE,auction,NA,https://allianceforcoffeeexcellence.org/guatemala-2020/,1,26,NA,NA,NA,NA,87.35,success,NA,NA,NA,$15.00,"$23,801.10",NA,NA,NA,NA,NA,Plan De La Vega,NA,NA,1586.74,Ecom Japan Limited,NA,NA,NA,NA,NA,NA,NA,NA,NA,NA,NA,NA,NA,NA,NA,NA,NA,NA,NA,NA,NA,NA,NA,NA,NA,NA,NA,NA,NA,NA,NA,NA,NA,NA,NA,NA,NA,NA,NA,NA,NA,NA,NA,NA,NA,NA,NA,NA,NA,NA,NA,NA,NA,NA,NA,NA,NA,NA,NA,NA,NA,NA
Guatemala,2020,COE,auction,NA,https://allianceforcoffeeexcellence.org/guatemala-2020/,1,27,NA,NA,NA,NA,87.23,success,NA,NA,NA,$16.80,"$22,660.18",NA,NA,NA,NA,NA,Guatalon,NA,NA,1348.82,Cypher Roastery LLC,NA,NA,NA,NA,NA,NA,NA,NA,NA,NA,NA,NA,NA,NA,NA,NA,NA,NA,NA,NA,NA,NA,NA,NA,NA,NA,NA,NA,NA,NA,NA,NA,NA,NA,NA,NA,NA,NA,NA,NA,NA,NA,NA,NA,NA,NA,NA,NA,NA,NA,NA,NA,NA,NA,NA,NA,NA,NA,NA,NA,NA,NA
Guatemala,2020,COE,auction,NA,https://allianceforcoffeeexcellence.org/guatemala-2020/,1,28,NA,NA,NA,NA,87.23,success,NA,NA,NA,$30.10,"$4,423.50",NA,NA,NA,NA,NA,Antigua Buena Vista Y Anexos,NA,NA,146.96,The Alliance for Coffee Excellence,NA,NA,NA,NA,NA,NA,NA,NA,NA,NA,NA,NA,NA,NA,NA,NA,NA,NA,NA,NA,NA,NA,NA,NA,NA,NA,NA,NA,NA,NA,NA,NA,NA,NA,NA,NA,NA,NA,NA,NA,NA,NA,NA,NA,NA,NA,NA,NA,NA,NA,NA,NA,NA,NA,NA,NA,NA,NA,NA,NA,NA,NA
Guatemala,2020,COE,auction,NA,https://allianceforcoffeeexcellence.org/guatemala-2020/,1,29,NA,NA,NA,NA,87.19,success,NA,NA,NA,$20.00,"$5,864.20",NA,NA,NA,NA,NA,Palo Blanco,NA,NA,293.21,hirocoffee,NA,NA,NA,NA,NA,NA,NA,NA,NA,NA,NA,NA,NA,NA,NA,NA,NA,NA,NA,NA,NA,NA,NA,NA,NA,NA,NA,NA,NA,NA,NA,NA,NA,NA,NA,NA,NA,NA,NA,NA,NA,NA,NA,NA,NA,NA,NA,NA,NA,NA,NA,NA,NA,NA,NA,NA,NA,NA,NA,NA,NA,NA
Guatemala,2020,COE,auction,NA,https://allianceforcoffeeexcellence.org/guatemala-2020/,1,30,NA,NA,NA,NA,87.12,success,NA,NA,NA,$30.40,"$4,722.34",NA,NA,NA,NA,NA,Cascada Encantada,NA,NA,155.34,Camber Coffee,NA,NA,NA,NA,NA,NA,NA,NA,NA,NA,NA,NA,NA,NA,NA,NA,NA,NA,NA,NA,NA,NA,NA,NA,NA,NA,NA,NA,NA,NA,NA,NA,NA,NA,NA,NA,NA,NA,NA,NA,NA,NA,NA,NA,NA,NA,NA,NA,NA,NA,NA,NA,NA,NA,NA,NA,NA,NA,NA,NA,NA,NA
Guatemala,2020,COE,auction,NA,https://allianceforcoffeeexcellence.org/guatemala-2020/,1,Totals,NA,NA,NA,NA,,success,NA,NA,NA,$26.50/lb,"$448,066.94",NA,NA,NA,NA,NA,,NA,NA,"16,905.27",,NA,NA,NA,NA,NA,NA,NA,NA,NA,NA,NA,NA,NA,NA,NA,NA,NA,NA,NA,NA,NA,NA,NA,NA,NA,NA,NA,NA,NA,NA,NA,NA,NA,NA,NA,NA,NA,NA,NA,NA,NA,NA,NA,NA,NA,NA,NA,NA,NA,NA,NA,NA,NA,NA,NA,NA,NA,NA,NA,NA,NA,NA
Guatemala,2020,NW,auction,NA,https://allianceforcoffeeexcellence.org/guatemala-2020/,2,NW,NA,NA,NA,NA,87.04,success,NA,NA,NA,$6.05,"$9,706.98",Sarutahiko Coffee Inc.,NA,NA,NA,NA,La Pia,NA,NA,"1,604.46",NA,NA,NA,NA,NA,NA,NA,NA,NA,NA,NA,NA,NA,NA,NA,NA,NA,NA,NA,NA,NA,NA,NA,NA,NA,NA,NA,NA,NA,NA,NA,NA,NA,NA,NA,NA,NA,NA,NA,NA,NA,NA,NA,NA,NA,NA,NA,NA,NA,NA,NA,NA,NA,NA,NA,NA,NA,NA,NA,NA,NA,NA,NA
Guatemala,2020,NW,auction,NA,https://allianceforcoffeeexcellence.org/guatemala-2020/,2,NW,NA,NA,NA,NA,86.85,success,NA,NA,NA,$8.10,"$12,428.32",Pebble Coffee for GK Coffee & 樂波波咖啡 Le BoBo,NA,NA,NA,NA,Sierra Roja,NA,NA,"1,534.36",NA,NA,NA,NA,NA,NA,NA,NA,NA,NA,NA,NA,NA,NA,NA,NA,NA,NA,NA,NA,NA,NA,NA,NA,NA,NA,NA,NA,NA,NA,NA,NA,NA,NA,NA,NA,NA,NA,NA,NA,NA,NA,NA,NA,NA,NA,NA,NA,NA,NA,NA,NA,NA,NA,NA,NA,NA,NA,NA,NA,NA,NA,NA
Guatemala,2020,NW,auction,NA,https://allianceforcoffeeexcellence.org/guatemala-2020/,2,NW,NA,NA,NA,NA,86.69,success,NA,NA,NA,$7.21,"$3,202.90",Sarutahiko Coffee Inc.,NA,NA,NA,NA,La Bella Airosa,NA,NA,444.23,NA,NA,NA,NA,NA,NA,NA,NA,NA,NA,NA,NA,NA,NA,NA,NA,NA,NA,NA,NA,NA,NA,NA,NA,NA,NA,NA,NA,NA,NA,NA,NA,NA,NA,NA,NA,NA,NA,NA,NA,NA,NA,NA,NA,NA,NA,NA,NA,NA,NA,NA,NA,NA,NA,NA,NA,NA,NA,NA,NA,NA,NA,NA
Guatemala,2020,NW,auction,NA,https://allianceforcoffeeexcellence.org/guatemala-2020/,2,NW,NA,NA,NA,NA,86.33,success,NA,NA,NA,$11.80,"$2,029.13",5Fcoffeelab,NA,NA,NA,NA,Calahute,NA,NA,171.96,NA,NA,NA,NA,NA,NA,NA,NA,NA,NA,NA,NA,NA,NA,NA,NA,NA,NA,NA,NA,NA,NA,NA,NA,NA,NA,NA,NA,NA,NA,NA,NA,NA,NA,NA,NA,NA,NA,NA,NA,NA,NA,NA,NA,NA,NA,NA,NA,NA,NA,NA,NA,NA,NA,NA,NA,NA,NA,NA,NA,NA,NA,NA
Guatemala,2020,NW,auction,NA,https://allianceforcoffeeexcellence.org/guatemala-2020/,2,NW,NA,NA,NA,NA,85.81,success,NA,NA,NA,$5.35,"$3,538.38",Sarutahiko Coffee Inc.,NA,NA,NA,NA,El Amate Y Anexos,NA,NA,661.38,NA,NA,NA,NA,NA,NA,NA,NA,NA,NA,NA,NA,NA,NA,NA,NA,NA,NA,NA,NA,NA,NA,NA,NA,NA,NA,NA,NA,NA,NA,NA,NA,NA,NA,NA,NA,NA,NA,NA,NA,NA,NA,NA,NA,NA,NA,NA,NA,NA,NA,NA,NA,NA,NA,NA,NA,NA,NA,NA,NA,NA,NA,NA
Guatemala,2020,NW,auction,NA,https://allianceforcoffeeexcellence.org/guatemala-2020/,2,NW,NA,NA,NA,NA,85.62,success,NA,NA,NA,$3.95,"$6,113.14",Bokkum Coffee Roasters & GIL-COFFEE,NA,NA,NA,NA,San Francisco La Sierra Y Anexos,NA,NA,"1,547.63",NA,NA,NA,NA,NA,NA,NA,NA,NA,NA,NA,NA,NA,NA,NA,NA,NA,NA,NA,NA,NA,NA,NA,NA,NA,NA,NA,NA,NA,NA,NA,NA,NA,NA,NA,NA,NA,NA,NA,NA,NA,NA,NA,NA,NA,NA,NA,NA,NA,NA,NA,NA,NA,NA,NA,NA,NA,NA,NA,NA,NA,NA,NA
Guatemala,2020,NW,auction,NA,https://allianceforcoffeeexcellence.org/guatemala-2020/,2,NW,NA,NA,NA,NA,85.38,success,NA,NA,NA,$4.55,"$4,268.58","Wataru & Co., Ltd.",NA,NA,NA,NA,Bella Vista,NA,NA,938.15,NA,NA,NA,NA,NA,NA,NA,NA,NA,NA,NA,NA,NA,NA,NA,NA,NA,NA,NA,NA,NA,NA,NA,NA,NA,NA,NA,NA,NA,NA,NA,NA,NA,NA,NA,NA,NA,NA,NA,NA,NA,NA,NA,NA,NA,NA,NA,NA,NA,NA,NA,NA,NA,NA,NA,NA,NA,NA,NA,NA,NA,NA,NA
Guatemala,2020,NW,auction,NA,https://allianceforcoffeeexcellence.org/guatemala-2020/,2,NW,NA,NA,NA,NA,85,success,NA,NA,NA,$4.45,"$4,406.08",Nagahama Coffee Inc.,NA,NA,NA,NA,El Injertal,NA,NA,990.13,NA,NA,NA,NA,NA,NA,NA,NA,NA,NA,NA,NA,NA,NA,NA,NA,NA,NA,NA,NA,NA,NA,NA,NA,NA,NA,NA,NA,NA,NA,NA,NA,NA,NA,NA,NA,NA,NA,NA,NA,NA,NA,NA,NA,NA,NA,NA,NA,NA,NA,NA,NA,NA,NA,NA,NA,NA,NA,NA,NA,NA,NA,NA
Guatemala,2020,NW,auction,NA,https://allianceforcoffeeexcellence.org/guatemala-2020/,2,NW,NA,NA,NA,NA,Totals:,success,NA,NA,NA,$5.79,"$45,693.51",,NA,NA,NA,NA,,NA,NA,"7,892.30",NA,NA,NA,NA,NA,NA,NA,NA,NA,NA,NA,NA,NA,NA,NA,NA,NA,NA,NA,NA,NA,NA,NA,NA,NA,NA,NA,NA,NA,NA,NA,NA,NA,NA,NA,NA,NA,NA,NA,NA,NA,NA,NA,NA,NA,NA,NA,NA,NA,NA,NA,NA,NA,NA,NA,NA,NA,NA,NA,NA,NA,NA,NA
Guatemala,2021,COE,auction,NA,https://allianceforcoffeeexcellence.org/guatemala-2021/,2,1a,NA,NA,NA,NA,90.51,success,NA,NA,NA,$53.10,"$34,461.90",NA,NA,NA,NA,NA,El Injerto I,NA,NA,649,"Orsir Coffee Co., Ltd., Coffee-Tech.co.nz / BC Co. NZ / New Zealand, Vero Coffee House, Brulerie du Quai, Goodboy Bob, 明谦咖啡 MQ coffee",NA,NA,NA,NA,NA,NA,NA,NA,NA,NA,NA,NA,NA,NA,NA,NA,NA,NA,NA,NA,NA,NA,NA,NA,NA,NA,NA,NA,NA,NA,NA,NA,NA,NA,NA,NA,NA,NA,NA,NA,NA,NA,NA,NA,NA,NA,NA,NA,NA,NA,NA,NA,NA,NA,NA,NA,NA,NA,NA,NA,NA,NA
Guatemala,2021,COE,auction,NA,https://allianceforcoffeeexcellence.org/guatemala-2021/,2,1b,NA,NA,NA,NA,90.51,success,NA,NA,NA,$50.30,"$32,644.70",NA,NA,NA,NA,NA,El Injerto I,NA,NA,649,"SHANGHAI CARMO TRADING CO. ,LTD(珈露梦咖啡）/青岛李想珈 /FISHER COFFEE 啡舍/MANNER COFFEE （China）/东方国际商业（集团）有限公司",NA,NA,NA,NA,NA,NA,NA,NA,NA,NA,NA,NA,NA,NA,NA,NA,NA,NA,NA,NA,NA,NA,NA,NA,NA,NA,NA,NA,NA,NA,NA,NA,NA,NA,NA,NA,NA,NA,NA,NA,NA,NA,NA,NA,NA,NA,NA,NA,NA,NA,NA,NA,NA,NA,NA,NA,NA,NA,NA,NA,NA,NA
Guatemala,2021,COE,auction,NA,https://allianceforcoffeeexcellence.org/guatemala-2021/,2,2a,NA,NA,NA,NA,90.1,success,NA,NA,NA,$50.00,"$16,305.00",NA,NA,NA,NA,NA,El Socorro,NA,NA,326.1,"Coffee Me Up (Korea), Coffee Therapy (Thailand), ⁣Coffee Bros, Belux Coffee Roasters, Vero Coffee House",NA,NA,NA,NA,NA,NA,NA,NA,NA,NA,NA,NA,NA,NA,NA,NA,NA,NA,NA,NA,NA,NA,NA,NA,NA,NA,NA,NA,NA,NA,NA,NA,NA,NA,NA,NA,NA,NA,NA,NA,NA,NA,NA,NA,NA,NA,NA,NA,NA,NA,NA,NA,NA,NA,NA,NA,NA,NA,NA,NA,NA,NA
Guatemala,2021,COE,auction,NA,https://allianceforcoffeeexcellence.org/guatemala-2021/,2,2b,NA,NA,NA,NA,90.1,success,NA,NA,NA,$50.00,"$16,305.00",NA,NA,NA,NA,NA,El Socorro,NA,NA,326.1,"ONYX COFFEE LAB & Cometeer, Inc.",NA,NA,NA,NA,NA,NA,NA,NA,NA,NA,NA,NA,NA,NA,NA,NA,NA,NA,NA,NA,NA,NA,NA,NA,NA,NA,NA,NA,NA,NA,NA,NA,NA,NA,NA,NA,NA,NA,NA,NA,NA,NA,NA,NA,NA,NA,NA,NA,NA,NA,NA,NA,NA,NA,NA,NA,NA,NA,NA,NA,NA,NA
Guatemala,2021,COE,auction,NA,https://allianceforcoffeeexcellence.org/guatemala-2021/,2,3a,NA,NA,NA,NA,90.03,success,NA,NA,NA,$44.70,"$13,159.68",NA,NA,NA,NA,NA,Rosma,NA,NA,294.4,"Japan Roasters’ Network, SUGI COFFEE ROASTING, COFFEA EXLIBRIS",NA,NA,NA,NA,NA,NA,NA,NA,NA,NA,NA,NA,NA,NA,NA,NA,NA,NA,NA,NA,NA,NA,NA,NA,NA,NA,NA,NA,NA,NA,NA,NA,NA,NA,NA,NA,NA,NA,NA,NA,NA,NA,NA,NA,NA,NA,NA,NA,NA,NA,NA,NA,NA,NA,NA,NA,NA,NA,NA,NA,NA,NA
Guatemala,2021,COE,auction,NA,https://allianceforcoffeeexcellence.org/guatemala-2021/,2,3b,NA,NA,NA,NA,90.03,success,NA,NA,NA,$44.80,"$13,189.12",NA,NA,NA,NA,NA,Rosma,NA,NA,294.4,LEAVES COFFEE ROASTERS/Marukai,NA,NA,NA,NA,NA,NA,NA,NA,NA,NA,NA,NA,NA,NA,NA,NA,NA,NA,NA,NA,NA,NA,NA,NA,NA,NA,NA,NA,NA,NA,NA,NA,NA,NA,NA,NA,NA,NA,NA,NA,NA,NA,NA,NA,NA,NA,NA,NA,NA,NA,NA,NA,NA,NA,NA,NA,NA,NA,NA,NA,NA,NA
Guatemala,2021,COE,auction,NA,https://allianceforcoffeeexcellence.org/guatemala-2021/,2,4,NA,NA,NA,NA,90.01,success,NA,NA,NA,$26.00,"$14,617.20",NA,NA,NA,NA,NA,La Reforma Y Anexos,NA,NA,562.2,"MUSEO Co., Ltd.",NA,NA,NA,NA,NA,NA,NA,NA,NA,NA,NA,NA,NA,NA,NA,NA,NA,NA,NA,NA,NA,NA,NA,NA,NA,NA,NA,NA,NA,NA,NA,NA,NA,NA,NA,NA,NA,NA,NA,NA,NA,NA,NA,NA,NA,NA,NA,NA,NA,NA,NA,NA,NA,NA,NA,NA,NA,NA,NA,NA,NA,NA
Guatemala,2021,COE,auction,NA,https://allianceforcoffeeexcellence.org/guatemala-2021/,2,5,NA,NA,NA,NA,89.46,success,NA,NA,NA,$25.10,"$11,485.76",NA,NA,NA,NA,NA,Las Nubes Y Anexos,NA,NA,457.6,"토브공작소 (TOV Studio), 일프로커피 (1% Coffee Roasters)",NA,NA,NA,NA,NA,NA,NA,NA,NA,NA,NA,NA,NA,NA,NA,NA,NA,NA,NA,NA,NA,NA,NA,NA,NA,NA,NA,NA,NA,NA,NA,NA,NA,NA,NA,NA,NA,NA,NA,NA,NA,NA,NA,NA,NA,NA,NA,NA,NA,NA,NA,NA,NA,NA,NA,NA,NA,NA,NA,NA,NA,NA
Guatemala,2021,COE,auction,NA,https://allianceforcoffeeexcellence.org/guatemala-2021/,2,6,NA,NA,NA,NA,89.41,success,NA,NA,NA,$27.60,"$15,809.28",NA,NA,NA,NA,NA,Rio Dorado,NA,NA,572.8,"SHANGHAI CARMO TRADING CO. ,LTD(珈露梦咖啡）/青岛李想珈/明谦咖啡 MQ coffee / 东方国际商业（集团）有限公司 / CORE COFFEE / AOKKA",NA,NA,NA,NA,NA,NA,NA,NA,NA,NA,NA,NA,NA,NA,NA,NA,NA,NA,NA,NA,NA,NA,NA,NA,NA,NA,NA,NA,NA,NA,NA,NA,NA,NA,NA,NA,NA,NA,NA,NA,NA,NA,NA,NA,NA,NA,NA,NA,NA,NA,NA,NA,NA,NA,NA,NA,NA,NA,NA,NA,NA,NA
Guatemala,2021,COE,auction,NA,https://allianceforcoffeeexcellence.org/guatemala-2021/,2,7,NA,NA,NA,NA,89.29,success,NA,NA,NA,$21.30,"$16,373.31",NA,NA,NA,NA,NA,El Zapote Y Anexos,NA,NA,768.7,"Joud Coffee Roastery,
Discover Coffee Roasting Co.",NA,NA,NA,NA,NA,NA,NA,NA,NA,NA,NA,NA,NA,NA,NA,NA,NA,NA,NA,NA,NA,NA,NA,NA,NA,NA,NA,NA,NA,NA,NA,NA,NA,NA,NA,NA,NA,NA,NA,NA,NA,NA,NA,NA,NA,NA,NA,NA,NA,NA,NA,NA,NA,NA,NA,NA,NA,NA,NA,NA,NA,NA
Guatemala,2021,COE,auction,NA,https://allianceforcoffeeexcellence.org/guatemala-2021/,2,8,NA,NA,NA,NA,89.22,success,NA,NA,NA,$25.10,"$13,227.70",NA,NA,NA,NA,NA,Montaña Helada,NA,NA,527,"Foosung HDS, Sydney Coffee Business, LaB Coffee & Rosters",NA,NA,NA,NA,NA,NA,NA,NA,NA,NA,NA,NA,NA,NA,NA,NA,NA,NA,NA,NA,NA,NA,NA,NA,NA,NA,NA,NA,NA,NA,NA,NA,NA,NA,NA,NA,NA,NA,NA,NA,NA,NA,NA,NA,NA,NA,NA,NA,NA,NA,NA,NA,NA,NA,NA,NA,NA,NA,NA,NA,NA,NA
Guatemala,2021,COE,auction,NA,https://allianceforcoffeeexcellence.org/guatemala-2021/,2,9,NA,NA,NA,NA,89.07,success,NA,NA,NA,$21.20,"$13,430.20",NA,NA,NA,NA,NA,Kape´Tenango,NA,NA,633.5,Terarosa (Haksan Co. Ltd),NA,NA,NA,NA,NA,NA,NA,NA,NA,NA,NA,NA,NA,NA,NA,NA,NA,NA,NA,NA,NA,NA,NA,NA,NA,NA,NA,NA,NA,NA,NA,NA,NA,NA,NA,NA,NA,NA,NA,NA,NA,NA,NA,NA,NA,NA,NA,NA,NA,NA,NA,NA,NA,NA,NA,NA,NA,NA,NA,NA,NA,NA
Guatemala,2021,COE,auction,NA,https://allianceforcoffeeexcellence.org/guatemala-2021/,2,10,NA,NA,NA,NA,88.76,success,NA,NA,NA,$25.00,"$33,465.00",NA,NA,NA,NA,NA,El Guachipilin,NA,NA,1338.6,"Tashiro Coffee Co., Ltd",NA,NA,NA,NA,NA,NA,NA,NA,NA,NA,NA,NA,NA,NA,NA,NA,NA,NA,NA,NA,NA,NA,NA,NA,NA,NA,NA,NA,NA,NA,NA,NA,NA,NA,NA,NA,NA,NA,NA,NA,NA,NA,NA,NA,NA,NA,NA,NA,NA,NA,NA,NA,NA,NA,NA,NA,NA,NA,NA,NA,NA,NA
Guatemala,2021,COE,auction,NA,https://allianceforcoffeeexcellence.org/guatemala-2021/,2,11,NA,NA,NA,NA,88.11,success,NA,NA,NA,$20.20,"$12,023.04",NA,NA,NA,NA,NA,El Amate Y Anexos,NA,NA,595.2,Onyx Coffee LLC,NA,NA,NA,NA,NA,NA,NA,NA,NA,NA,NA,NA,NA,NA,NA,NA,NA,NA,NA,NA,NA,NA,NA,NA,NA,NA,NA,NA,NA,NA,NA,NA,NA,NA,NA,NA,NA,NA,NA,NA,NA,NA,NA,NA,NA,NA,NA,NA,NA,NA,NA,NA,NA,NA,NA,NA,NA,NA,NA,NA,NA,NA
Guatemala,2021,COE,auction,NA,https://allianceforcoffeeexcellence.org/guatemala-2021/,2,12,NA,NA,NA,NA,88.07,success,NA,NA,NA,$27.10,"$12,872.50",NA,NA,NA,NA,NA,La Bella,NA,NA,475,"SHANGHAI CARMO TRADING CO. ,LTD(珈露梦咖啡）/啡常享Fejoy Coffee/青岛李想珈 / 东方国际商业（集团）有限公司",NA,NA,NA,NA,NA,NA,NA,NA,NA,NA,NA,NA,NA,NA,NA,NA,NA,NA,NA,NA,NA,NA,NA,NA,NA,NA,NA,NA,NA,NA,NA,NA,NA,NA,NA,NA,NA,NA,NA,NA,NA,NA,NA,NA,NA,NA,NA,NA,NA,NA,NA,NA,NA,NA,NA,NA,NA,NA,NA,NA,NA,NA
Guatemala,2021,COE,auction,NA,https://allianceforcoffeeexcellence.org/guatemala-2021/,2,13,NA,NA,NA,NA,88.03,success,NA,NA,NA,$17.20,"$23,111.64",NA,NA,NA,NA,NA,Ponderosa,NA,NA,1343.7,Thood Qahwa LTD Co,NA,NA,NA,NA,NA,NA,NA,NA,NA,NA,NA,NA,NA,NA,NA,NA,NA,NA,NA,NA,NA,NA,NA,NA,NA,NA,NA,NA,NA,NA,NA,NA,NA,NA,NA,NA,NA,NA,NA,NA,NA,NA,NA,NA,NA,NA,NA,NA,NA,NA,NA,NA,NA,NA,NA,NA,NA,NA,NA,NA,NA,NA
Guatemala,2021,COE,auction,NA,https://allianceforcoffeeexcellence.org/guatemala-2021/,2,14,NA,NA,NA,NA,88.01,success,NA,NA,NA,$15.60,"$9,328.80",NA,NA,NA,NA,NA,San Patricio El Limon,NA,NA,598,"Wataru & Co., Ltd.",NA,NA,NA,NA,NA,NA,NA,NA,NA,NA,NA,NA,NA,NA,NA,NA,NA,NA,NA,NA,NA,NA,NA,NA,NA,NA,NA,NA,NA,NA,NA,NA,NA,NA,NA,NA,NA,NA,NA,NA,NA,NA,NA,NA,NA,NA,NA,NA,NA,NA,NA,NA,NA,NA,NA,NA,NA,NA,NA,NA,NA,NA
Guatemala,2021,COE,auction,NA,https://allianceforcoffeeexcellence.org/guatemala-2021/,2,15,NA,NA,NA,NA,87.93,success,NA,NA,NA,$15.00,"$16,042.50",NA,NA,NA,NA,NA,El Tambor,NA,NA,1069.5,"Wataru & Co., Ltd.",NA,NA,NA,NA,NA,NA,NA,NA,NA,NA,NA,NA,NA,NA,NA,NA,NA,NA,NA,NA,NA,NA,NA,NA,NA,NA,NA,NA,NA,NA,NA,NA,NA,NA,NA,NA,NA,NA,NA,NA,NA,NA,NA,NA,NA,NA,NA,NA,NA,NA,NA,NA,NA,NA,NA,NA,NA,NA,NA,NA,NA,NA
Guatemala,2021,COE,auction,NA,https://allianceforcoffeeexcellence.org/guatemala-2021/,2,16,NA,NA,NA,NA,87.89,success,NA,NA,NA,$17.50,"$18,278.75",NA,NA,NA,NA,NA,Plan De La Vega,NA,NA,1044.5,Ecom Japan Limited,NA,NA,NA,NA,NA,NA,NA,NA,NA,NA,NA,NA,NA,NA,NA,NA,NA,NA,NA,NA,NA,NA,NA,NA,NA,NA,NA,NA,NA,NA,NA,NA,NA,NA,NA,NA,NA,NA,NA,NA,NA,NA,NA,NA,NA,NA,NA,NA,NA,NA,NA,NA,NA,NA,NA,NA,NA,NA,NA,NA,NA,NA
Guatemala,2021,COE,auction,NA,https://allianceforcoffeeexcellence.org/guatemala-2021/,2,17,NA,NA,NA,NA,87.64,success,NA,NA,NA,$14.90,"$9,188.83",NA,NA,NA,NA,NA,San Antonio De Esquipulas Y Anexo,NA,NA,616.7,"Wataru & Co., Ltd.",NA,NA,NA,NA,NA,NA,NA,NA,NA,NA,NA,NA,NA,NA,NA,NA,NA,NA,NA,NA,NA,NA,NA,NA,NA,NA,NA,NA,NA,NA,NA,NA,NA,NA,NA,NA,NA,NA,NA,NA,NA,NA,NA,NA,NA,NA,NA,NA,NA,NA,NA,NA,NA,NA,NA,NA,NA,NA,NA,NA,NA,NA
Guatemala,2021,COE,auction,NA,https://allianceforcoffeeexcellence.org/guatemala-2021/,2,18,NA,NA,NA,NA,87.57,success,NA,NA,NA,$17.50,"$12,019.00",NA,NA,NA,NA,NA,Bella Elizabeth,NA,NA,686.8,ECOM Japan Limited for Voila Coffee,NA,NA,NA,NA,NA,NA,NA,NA,NA,NA,NA,NA,NA,NA,NA,NA,NA,NA,NA,NA,NA,NA,NA,NA,NA,NA,NA,NA,NA,NA,NA,NA,NA,NA,NA,NA,NA,NA,NA,NA,NA,NA,NA,NA,NA,NA,NA,NA,NA,NA,NA,NA,NA,NA,NA,NA,NA,NA,NA,NA,NA,NA
Guatemala,2021,COE,auction,NA,https://allianceforcoffeeexcellence.org/guatemala-2021/,2,19,NA,NA,NA,NA,87.56,success,NA,NA,NA,$17.80,"$7,785.72",NA,NA,NA,NA,NA,Santa Clara,NA,NA,437.4,"Bless Bean(South Korea), DNU Coffee",NA,NA,NA,NA,NA,NA,NA,NA,NA,NA,NA,NA,NA,NA,NA,NA,NA,NA,NA,NA,NA,NA,NA,NA,NA,NA,NA,NA,NA,NA,NA,NA,NA,NA,NA,NA,NA,NA,NA,NA,NA,NA,NA,NA,NA,NA,NA,NA,NA,NA,NA,NA,NA,NA,NA,NA,NA,NA,NA,NA,NA,NA
Guatemala,2021,COE,auction,NA,https://allianceforcoffeeexcellence.org/guatemala-2021/,2,20,NA,NA,NA,NA,87.56,success,NA,NA,NA,$17.30,"$12,971.54",NA,NA,NA,NA,NA,Guatalon,NA,NA,749.8,Mercanta Ltd,NA,NA,NA,NA,NA,NA,NA,NA,NA,NA,NA,NA,NA,NA,NA,NA,NA,NA,NA,NA,NA,NA,NA,NA,NA,NA,NA,NA,NA,NA,NA,NA,NA,NA,NA,NA,NA,NA,NA,NA,NA,NA,NA,NA,NA,NA,NA,NA,NA,NA,NA,NA,NA,NA,NA,NA,NA,NA,NA,NA,NA,NA
Guatemala,2021,COE,auction,NA,https://allianceforcoffeeexcellence.org/guatemala-2021/,2,21,NA,NA,NA,NA,87.49,success,NA,NA,NA,$20.20,"$28,459.78",NA,NA,NA,NA,NA,La Hermosa,NA,NA,1408.9,The Few Coffee and Goods & 北京啡旗咖啡La Primax,NA,NA,NA,NA,NA,NA,NA,NA,NA,NA,NA,NA,NA,NA,NA,NA,NA,NA,NA,NA,NA,NA,NA,NA,NA,NA,NA,NA,NA,NA,NA,NA,NA,NA,NA,NA,NA,NA,NA,NA,NA,NA,NA,NA,NA,NA,NA,NA,NA,NA,NA,NA,NA,NA,NA,NA,NA,NA,NA,NA,NA,NA
Guatemala,2021,COE,auction,NA,https://allianceforcoffeeexcellence.org/guatemala-2021/,2,22,NA,NA,NA,NA,87.46,success,NA,NA,NA,$17.00,"$21,969.10",NA,NA,NA,NA,NA,El Refugio,NA,NA,1292.3,Latorre & Dutch Coffee (China) for 领地 La Finca,NA,NA,NA,NA,NA,NA,NA,NA,NA,NA,NA,NA,NA,NA,NA,NA,NA,NA,NA,NA,NA,NA,NA,NA,NA,NA,NA,NA,NA,NA,NA,NA,NA,NA,NA,NA,NA,NA,NA,NA,NA,NA,NA,NA,NA,NA,NA,NA,NA,NA,NA,NA,NA,NA,NA,NA,NA,NA,NA,NA,NA,NA
Guatemala,2021,COE,auction,NA,https://allianceforcoffeeexcellence.org/guatemala-2021/,2,23,NA,NA,NA,NA,87.44,success,NA,NA,NA,$17.10,"$10,381.41",NA,NA,NA,NA,NA,Miramundo,NA,NA,607.1,Latorre & Dutch Coffee (China) for Fisher Coffee,NA,NA,NA,NA,NA,NA,NA,NA,NA,NA,NA,NA,NA,NA,NA,NA,NA,NA,NA,NA,NA,NA,NA,NA,NA,NA,NA,NA,NA,NA,NA,NA,NA,NA,NA,NA,NA,NA,NA,NA,NA,NA,NA,NA,NA,NA,NA,NA,NA,NA,NA,NA,NA,NA,NA,NA,NA,NA,NA,NA,NA,NA
Guatemala,2021,COE,auction,NA,https://allianceforcoffeeexcellence.org/guatemala-2021/,2,24,NA,NA,NA,NA,87.44,success,NA,NA,NA,$18.50,"$10,791.05",NA,NA,NA,NA,NA,El Limonar,NA,NA,583.3,"TOA COFFEE Co.,Ltd.",NA,NA,NA,NA,NA,NA,NA,NA,NA,NA,NA,NA,NA,NA,NA,NA,NA,NA,NA,NA,NA,NA,NA,NA,NA,NA,NA,NA,NA,NA,NA,NA,NA,NA,NA,NA,NA,NA,NA,NA,NA,NA,NA,NA,NA,NA,NA,NA,NA,NA,NA,NA,NA,NA,NA,NA,NA,NA,NA,NA,NA,NA
Guatemala,2021,COE,auction,NA,https://allianceforcoffeeexcellence.org/guatemala-2021/,2,25,NA,NA,NA,NA,87.33,success,NA,NA,NA,$14.60,"$7,724.86",NA,NA,NA,NA,NA,Villaure,NA,NA,529.1,"Wataru & Co., Ltd.",NA,NA,NA,NA,NA,NA,NA,NA,NA,NA,NA,NA,NA,NA,NA,NA,NA,NA,NA,NA,NA,NA,NA,NA,NA,NA,NA,NA,NA,NA,NA,NA,NA,NA,NA,NA,NA,NA,NA,NA,NA,NA,NA,NA,NA,NA,NA,NA,NA,NA,NA,NA,NA,NA,NA,NA,NA,NA,NA,NA,NA,NA
Guatemala,2021,COE,auction,NA,https://allianceforcoffeeexcellence.org/guatemala-2021/,2,26,NA,NA,NA,NA,87.32,success,NA,NA,NA,$20.10,"$27,784.23",NA,NA,NA,NA,NA,Flor Del Cafe,NA,NA,1382.3,"S.O.E COFFEE, 北京琳渺Linkmore咖啡生豆, 北京啡旗咖啡 La Primax, 云南际遇Yunnan Happen stance",NA,NA,NA,NA,NA,NA,NA,NA,NA,NA,NA,NA,NA,NA,NA,NA,NA,NA,NA,NA,NA,NA,NA,NA,NA,NA,NA,NA,NA,NA,NA,NA,NA,NA,NA,NA,NA,NA,NA,NA,NA,NA,NA,NA,NA,NA,NA,NA,NA,NA,NA,NA,NA,NA,NA,NA,NA,NA,NA,NA,NA,NA
Guatemala,2021,COE,auction,NA,https://allianceforcoffeeexcellence.org/guatemala-2021/,2,27,NA,NA,NA,NA,87.24,success,NA,NA,NA,$14.80,"$11,789.68",NA,NA,NA,NA,NA,Mujba-La Union,NA,NA,796.6,Kyokuto Fadie Corporation,NA,NA,NA,NA,NA,NA,NA,NA,NA,NA,NA,NA,NA,NA,NA,NA,NA,NA,NA,NA,NA,NA,NA,NA,NA,NA,NA,NA,NA,NA,NA,NA,NA,NA,NA,NA,NA,NA,NA,NA,NA,NA,NA,NA,NA,NA,NA,NA,NA,NA,NA,NA,NA,NA,NA,NA,NA,NA,NA,NA,NA,NA
Guatemala,2021,COE,auction,NA,https://allianceforcoffeeexcellence.org/guatemala-2021/,2,28,NA,NA,NA,NA,87.04,success,NA,NA,NA,$14.90,"$8,002.79",NA,NA,NA,NA,NA,El Diamante,NA,NA,537.1,TAKAMURA COFFEE ROASTERS,NA,NA,NA,NA,NA,NA,NA,NA,NA,NA,NA,NA,NA,NA,NA,NA,NA,NA,NA,NA,NA,NA,NA,NA,NA,NA,NA,NA,NA,NA,NA,NA,NA,NA,NA,NA,NA,NA,NA,NA,NA,NA,NA,NA,NA,NA,NA,NA,NA,NA,NA,NA,NA,NA,NA,NA,NA,NA,NA,NA,NA,NA
Guatemala,2021,COE,auction,NA,https://allianceforcoffeeexcellence.org/guatemala-2021/,2,Totals:,NA,NA,NA,NA,,success,NA,NA,NA,$22.80/lb,"$504,999.07",NA,NA,NA,NA,NA,,NA,NA,22152.70,,NA,NA,NA,NA,NA,NA,NA,NA,NA,NA,NA,NA,NA,NA,NA,NA,NA,NA,NA,NA,NA,NA,NA,NA,NA,NA,NA,NA,NA,NA,NA,NA,NA,NA,NA,NA,NA,NA,NA,NA,NA,NA,NA,NA,NA,NA,NA,NA,NA,NA,NA,NA,NA,NA,NA,NA,NA,NA,NA,NA,NA,NA
Guatemala,2021,NW,auction,NA,https://allianceforcoffeeexcellence.org/guatemala-2021/,4,NW,NA,NA,NA,NA,86.99,success,NA,NA,NA,$5.90,"$3,121.69","Wataru & Co., Ltd.",NA,NA,NA,NA,Los Guayabales,NA,NA,529.10,NA,NA,NA,NA,NA,NA,NA,NA,NA,NA,NA,NA,NA,NA,NA,NA,NA,NA,NA,NA,NA,NA,NA,NA,NA,NA,NA,NA,NA,NA,NA,NA,NA,NA,NA,NA,NA,NA,NA,NA,NA,NA,NA,NA,NA,NA,NA,NA,NA,NA,NA,NA,NA,NA,NA,NA,NA,NA,NA,NA,NA,NA,NA
Guatemala,2021,NW,auction,NA,https://allianceforcoffeeexcellence.org/guatemala-2021/,4,NW,NA,NA,NA,NA,86.94,success,NA,NA,NA,$15.50,"$8,648.69","Orsir Coffee Co., Ltd.",NA,NA,NA,NA,Antigua El Semillero,NA,NA,557.98,NA,NA,NA,NA,NA,NA,NA,NA,NA,NA,NA,NA,NA,NA,NA,NA,NA,NA,NA,NA,NA,NA,NA,NA,NA,NA,NA,NA,NA,NA,NA,NA,NA,NA,NA,NA,NA,NA,NA,NA,NA,NA,NA,NA,NA,NA,NA,NA,NA,NA,NA,NA,NA,NA,NA,NA,NA,NA,NA,NA,NA,NA,NA
Guatemala,2021,NW,auction,NA,https://allianceforcoffeeexcellence.org/guatemala-2021/,4,NW,NA,NA,NA,NA,86.78,success,NA,NA,NA,$6.20,"$4,173.84","Wataru & Co., Ltd.",NA,NA,NA,NA,La Esperanza,NA,NA,673.2,NA,NA,NA,NA,NA,NA,NA,NA,NA,NA,NA,NA,NA,NA,NA,NA,NA,NA,NA,NA,NA,NA,NA,NA,NA,NA,NA,NA,NA,NA,NA,NA,NA,NA,NA,NA,NA,NA,NA,NA,NA,NA,NA,NA,NA,NA,NA,NA,NA,NA,NA,NA,NA,NA,NA,NA,NA,NA,NA,NA,NA,NA,NA
Guatemala,2021,NW,auction,NA,https://allianceforcoffeeexcellence.org/guatemala-2021/,4,NW,NA,NA,NA,NA,86.78,success,NA,NA,NA,$4.80,"$3,479.38","cafe DAZAC, Eungubiro Roasters, Crema Costa",NA,NA,NA,NA,La Bugambilia,NA,NA,724.87,NA,NA,NA,NA,NA,NA,NA,NA,NA,NA,NA,NA,NA,NA,NA,NA,NA,NA,NA,NA,NA,NA,NA,NA,NA,NA,NA,NA,NA,NA,NA,NA,NA,NA,NA,NA,NA,NA,NA,NA,NA,NA,NA,NA,NA,NA,NA,NA,NA,NA,NA,NA,NA,NA,NA,NA,NA,NA,NA,NA,NA,NA,NA
Guatemala,2021,NW,auction,NA,https://allianceforcoffeeexcellence.org/guatemala-2021/,4,NW,NA,NA,NA,NA,86.72,success,NA,NA,NA,$6.30,"$3,541.67",ECOM Japan Limited for NOZY COFFEE,NA,NA,NA,NA,Los Aguacatones,NA,NA,562.17,NA,NA,NA,NA,NA,NA,NA,NA,NA,NA,NA,NA,NA,NA,NA,NA,NA,NA,NA,NA,NA,NA,NA,NA,NA,NA,NA,NA,NA,NA,NA,NA,NA,NA,NA,NA,NA,NA,NA,NA,NA,NA,NA,NA,NA,NA,NA,NA,NA,NA,NA,NA,NA,NA,NA,NA,NA,NA,NA,NA,NA,NA,NA
Guatemala,2021,NW,auction,NA,https://allianceforcoffeeexcellence.org/guatemala-2021/,4,NW,NA,NA,NA,NA,86.61,success,NA,NA,NA,$5.90,"$4,145.87","Orsir Coffee Co., Ltd.",NA,NA,NA,NA,Las Flores,NA,NA,702.69,NA,NA,NA,NA,NA,NA,NA,NA,NA,NA,NA,NA,NA,NA,NA,NA,NA,NA,NA,NA,NA,NA,NA,NA,NA,NA,NA,NA,NA,NA,NA,NA,NA,NA,NA,NA,NA,NA,NA,NA,NA,NA,NA,NA,NA,NA,NA,NA,NA,NA,NA,NA,NA,NA,NA,NA,NA,NA,NA,NA,NA,NA,NA
Guatemala,2021,NW,auction,NA,https://allianceforcoffeeexcellence.org/guatemala-2021/,4,NW,NA,NA,NA,NA,86.6,success,NA,NA,NA,$4.60,"$2,765.70",Latorre&Dutch (China),NA,NA,NA,NA,La Maravilla,NA,NA,601.24,NA,NA,NA,NA,NA,NA,NA,NA,NA,NA,NA,NA,NA,NA,NA,NA,NA,NA,NA,NA,NA,NA,NA,NA,NA,NA,NA,NA,NA,NA,NA,NA,NA,NA,NA,NA,NA,NA,NA,NA,NA,NA,NA,NA,NA,NA,NA,NA,NA,NA,NA,NA,NA,NA,NA,NA,NA,NA,NA,NA,NA,NA,NA
Guatemala,2021,NW,auction,NA,https://allianceforcoffeeexcellence.org/guatemala-2021/,4,NW,NA,NA,NA,NA,86.5,success,NA,NA,NA,$4.70,"$3,398.38","Tashiro Coffee Co., Ltd",NA,NA,NA,NA,Rio Arriba,NA,NA,723.06,NA,NA,NA,NA,NA,NA,NA,NA,NA,NA,NA,NA,NA,NA,NA,NA,NA,NA,NA,NA,NA,NA,NA,NA,NA,NA,NA,NA,NA,NA,NA,NA,NA,NA,NA,NA,NA,NA,NA,NA,NA,NA,NA,NA,NA,NA,NA,NA,NA,NA,NA,NA,NA,NA,NA,NA,NA,NA,NA,NA,NA,NA,NA
Guatemala,2021,NW,auction,NA,https://allianceforcoffeeexcellence.org/guatemala-2021/,4,NW,NA,NA,NA,NA,86.19,success,NA,NA,NA,$5.40,"$3,684.31",Nagahama Coffee Inc.,NA,NA,NA,NA,Moritas Vista Real,NA,NA,682.28,NA,NA,NA,NA,NA,NA,NA,NA,NA,NA,NA,NA,NA,NA,NA,NA,NA,NA,NA,NA,NA,NA,NA,NA,NA,NA,NA,NA,NA,NA,NA,NA,NA,NA,NA,NA,NA,NA,NA,NA,NA,NA,NA,NA,NA,NA,NA,NA,NA,NA,NA,NA,NA,NA,NA,NA,NA,NA,NA,NA,NA,NA,NA
Guatemala,2021,NW,auction,NA,https://allianceforcoffeeexcellence.org/guatemala-2021/,4,NW,NA,NA,NA,NA,Totals,success,NA,NA,NA,$6.42/lb,"$36,959.53",,NA,NA,NA,NA,,NA,NA,5756.59,NA,NA,NA,NA,NA,NA,NA,NA,NA,NA,NA,NA,NA,NA,NA,NA,NA,NA,NA,NA,NA,NA,NA,NA,NA,NA,NA,NA,NA,NA,NA,NA,NA,NA,NA,NA,NA,NA,NA,NA,NA,NA,NA,NA,NA,NA,NA,NA,NA,NA,NA,NA,NA,NA,NA,NA,NA,NA,NA,NA,NA,NA,NA
Guatemala,2022,COE,auction,NA,https://allianceforcoffeeexcellence.org/guatemala-2022/,2,1a,NA,NA,NA,NA,91.75,success,NA,NA,NA,$138.20,"$30,970.62",NA,NA,NA,NA,NA,El Morito,NA,NA,224.1,The Espresso Lab,NA,NA,NA,NA,NA,NA,NA,NA,NA,NA,NA,NA,NA,NA,NA,NA,NA,NA,NA,NA,NA,NA,NA,NA,NA,NA,NA,NA,NA,NA,NA,NA,NA,NA,NA,NA,NA,NA,NA,NA,NA,NA,NA,NA,NA,NA,NA,NA,NA,NA,NA,NA,NA,NA,NA,NA,NA,NA,NA,NA,NA,NA
Guatemala,2022,COE,auction,NA,https://allianceforcoffeeexcellence.org/guatemala-2022/,2,1b,NA,NA,NA,NA,91.75,success,NA,NA,NA,$138.20,"$30,970.62",NA,NA,NA,NA,NA,El Morito,NA,NA,224.1,"Fisher coffee 啡舍 /青岛李想珈 /东方国际商业（集团）有限公司/CoffeeBuff/SHANGHAI CARMO TRADING CO. ,LTD(珈露梦咖啡）",NA,NA,NA,NA,NA,NA,NA,NA,NA,NA,NA,NA,NA,NA,NA,NA,NA,NA,NA,NA,NA,NA,NA,NA,NA,NA,NA,NA,NA,NA,NA,NA,NA,NA,NA,NA,NA,NA,NA,NA,NA,NA,NA,NA,NA,NA,NA,NA,NA,NA,NA,NA,NA,NA,NA,NA,NA,NA,NA,NA,NA,NA
Guatemala,2022,COE,auction,NA,https://allianceforcoffeeexcellence.org/guatemala-2022/,2,2a,NA,NA,NA,NA,91.33,success,NA,NA,NA,$111.10,"$23,664.30",NA,NA,NA,NA,NA,El Injerto I,NA,NA,213,"Fisher coffee 啡舍 /青岛李想珈 /东方国际商业（集团）有限公司/CoffeeBuff/SHANGHAI CARMO TRADING CO. ,LTD(珈露梦咖啡) / S.O.E COFFEE 八平方咖啡 / MARUS COFFEE马路咖啡. M1 咖啡奇幻工场 M1 Coffee Dream Factory",NA,NA,NA,NA,NA,NA,NA,NA,NA,NA,NA,NA,NA,NA,NA,NA,NA,NA,NA,NA,NA,NA,NA,NA,NA,NA,NA,NA,NA,NA,NA,NA,NA,NA,NA,NA,NA,NA,NA,NA,NA,NA,NA,NA,NA,NA,NA,NA,NA,NA,NA,NA,NA,NA,NA,NA,NA,NA,NA,NA,NA,NA
Guatemala,2022,COE,auction,NA,https://allianceforcoffeeexcellence.org/guatemala-2022/,2,2b,NA,NA,NA,NA,91.33,success,NA,NA,NA,$111.20,"$23,685.60",NA,NA,NA,NA,NA,El Injerto I,NA,NA,213,"MUSEO Co., Ltd. // TXT Coffee (.txt) // No Doubt // liike coffee",NA,NA,NA,NA,NA,NA,NA,NA,NA,NA,NA,NA,NA,NA,NA,NA,NA,NA,NA,NA,NA,NA,NA,NA,NA,NA,NA,NA,NA,NA,NA,NA,NA,NA,NA,NA,NA,NA,NA,NA,NA,NA,NA,NA,NA,NA,NA,NA,NA,NA,NA,NA,NA,NA,NA,NA,NA,NA,NA,NA,NA,NA
Guatemala,2022,COE,auction,NA,https://allianceforcoffeeexcellence.org/guatemala-2022/,2,3a,NA,NA,NA,NA,90.13,success,NA,NA,NA,$77.10,"$22,867.86",NA,NA,NA,NA,NA,Rosma,NA,NA,296.6,Haru International Corporation,NA,NA,NA,NA,NA,NA,NA,NA,NA,NA,NA,NA,NA,NA,NA,NA,NA,NA,NA,NA,NA,NA,NA,NA,NA,NA,NA,NA,NA,NA,NA,NA,NA,NA,NA,NA,NA,NA,NA,NA,NA,NA,NA,NA,NA,NA,NA,NA,NA,NA,NA,NA,NA,NA,NA,NA,NA,NA,NA,NA,NA,NA
Guatemala,2022,COE,auction,NA,https://allianceforcoffeeexcellence.org/guatemala-2022/,2,3b,NA,NA,NA,NA,90.13,success,NA,NA,NA,$77.00,"$22,838.20",NA,NA,NA,NA,NA,Rosma,NA,NA,296.6,GLITCH COFFEE & ROASTERS BY MARUKAI,NA,NA,NA,NA,NA,NA,NA,NA,NA,NA,NA,NA,NA,NA,NA,NA,NA,NA,NA,NA,NA,NA,NA,NA,NA,NA,NA,NA,NA,NA,NA,NA,NA,NA,NA,NA,NA,NA,NA,NA,NA,NA,NA,NA,NA,NA,NA,NA,NA,NA,NA,NA,NA,NA,NA,NA,NA,NA,NA,NA,NA,NA
Guatemala,2022,COE,auction,NA,https://allianceforcoffeeexcellence.org/guatemala-2022/,2,4,NA,NA,NA,NA,89.9,success,NA,NA,NA,$50.10,"$20,475.87",NA,NA,NA,NA,NA,La Gran Manzana,NA,NA,408.7,NOZY COFFEE,NA,NA,NA,NA,NA,NA,NA,NA,NA,NA,NA,NA,NA,NA,NA,NA,NA,NA,NA,NA,NA,NA,NA,NA,NA,NA,NA,NA,NA,NA,NA,NA,NA,NA,NA,NA,NA,NA,NA,NA,NA,NA,NA,NA,NA,NA,NA,NA,NA,NA,NA,NA,NA,NA,NA,NA,NA,NA,NA,NA,NA,NA
Guatemala,2022,COE,auction,NA,https://allianceforcoffeeexcellence.org/guatemala-2022/,2,5,NA,NA,NA,NA,89.67,success,NA,NA,NA,$37.60,"$17,081.68",NA,NA,NA,NA,NA,El Paraxaj,NA,NA,454.3,Decameron coffee,NA,NA,NA,NA,NA,NA,NA,NA,NA,NA,NA,NA,NA,NA,NA,NA,NA,NA,NA,NA,NA,NA,NA,NA,NA,NA,NA,NA,NA,NA,NA,NA,NA,NA,NA,NA,NA,NA,NA,NA,NA,NA,NA,NA,NA,NA,NA,NA,NA,NA,NA,NA,NA,NA,NA,NA,NA,NA,NA,NA,NA,NA
Guatemala,2022,COE,auction,NA,https://allianceforcoffeeexcellence.org/guatemala-2022/,2,6,NA,NA,NA,NA,89.57,success,NA,NA,NA,$23.30,"$16,871.53",NA,NA,NA,NA,NA,La Labor Y Anexo,NA,NA,724.1,"Coffee Me Up (Korea), From Heras, DNU COFFEE, Coffee Therapy (Thailand), TOB COFFEE (ARNIA LIIMITED), BARISTATUS",NA,NA,NA,NA,NA,NA,NA,NA,NA,NA,NA,NA,NA,NA,NA,NA,NA,NA,NA,NA,NA,NA,NA,NA,NA,NA,NA,NA,NA,NA,NA,NA,NA,NA,NA,NA,NA,NA,NA,NA,NA,NA,NA,NA,NA,NA,NA,NA,NA,NA,NA,NA,NA,NA,NA,NA,NA,NA,NA,NA,NA,NA
Guatemala,2022,COE,auction,NA,https://allianceforcoffeeexcellence.org/guatemala-2022/,2,7,NA,NA,NA,NA,88.95,success,NA,NA,NA,$61.70,"$35,101.13",NA,NA,NA,NA,NA,La Reforma Y Anexos,NA,NA,568.9,印格咖啡Ingenuity Coffee & 厦门甘丹贸易有限公司 & 周狮虎咖啡 & 汕头市轻乐咖食品有限公司,NA,NA,NA,NA,NA,NA,NA,NA,NA,NA,NA,NA,NA,NA,NA,NA,NA,NA,NA,NA,NA,NA,NA,NA,NA,NA,NA,NA,NA,NA,NA,NA,NA,NA,NA,NA,NA,NA,NA,NA,NA,NA,NA,NA,NA,NA,NA,NA,NA,NA,NA,NA,NA,NA,NA,NA,NA,NA,NA,NA,NA,NA
Guatemala,2022,COE,auction,NA,https://allianceforcoffeeexcellence.org/guatemala-2022/,2,8,NA,NA,NA,NA,88.93,success,NA,NA,NA,$23.30,"$30,269.03",NA,NA,NA,NA,NA,Mama Cata,NA,NA,1299.1,"ONYX COFFEE LLC, Burman Coffee Traders, El Gran Cafe, Intelligentsia, La Barba, Metric, Sagebrush",NA,NA,NA,NA,NA,NA,NA,NA,NA,NA,NA,NA,NA,NA,NA,NA,NA,NA,NA,NA,NA,NA,NA,NA,NA,NA,NA,NA,NA,NA,NA,NA,NA,NA,NA,NA,NA,NA,NA,NA,NA,NA,NA,NA,NA,NA,NA,NA,NA,NA,NA,NA,NA,NA,NA,NA,NA,NA,NA,NA,NA,NA
Guatemala,2022,COE,auction,NA,https://allianceforcoffeeexcellence.org/guatemala-2022/,2,9,NA,NA,NA,NA,88.82,success,NA,NA,NA,$23.00,"$28,991.50",NA,NA,NA,NA,NA,Kalibus La Sierra,NA,NA,1260.5,Foosung HDS & LaB Coffee & Roasters,NA,NA,NA,NA,NA,NA,NA,NA,NA,NA,NA,NA,NA,NA,NA,NA,NA,NA,NA,NA,NA,NA,NA,NA,NA,NA,NA,NA,NA,NA,NA,NA,NA,NA,NA,NA,NA,NA,NA,NA,NA,NA,NA,NA,NA,NA,NA,NA,NA,NA,NA,NA,NA,NA,NA,NA,NA,NA,NA,NA,NA,NA
Guatemala,2022,COE,auction,NA,https://allianceforcoffeeexcellence.org/guatemala-2022/,2,10,NA,NA,NA,NA,88.23,success,NA,NA,NA,$20.10,"$8,460.09",NA,NA,NA,NA,NA,Montaña Helada,NA,NA,420.9,Kyokuto Fadie Corporation,NA,NA,NA,NA,NA,NA,NA,NA,NA,NA,NA,NA,NA,NA,NA,NA,NA,NA,NA,NA,NA,NA,NA,NA,NA,NA,NA,NA,NA,NA,NA,NA,NA,NA,NA,NA,NA,NA,NA,NA,NA,NA,NA,NA,NA,NA,NA,NA,NA,NA,NA,NA,NA,NA,NA,NA,NA,NA,NA,NA,NA,NA
Guatemala,2022,COE,auction,NA,https://allianceforcoffeeexcellence.org/guatemala-2022/,2,11,NA,NA,NA,NA,88.2,success,NA,NA,NA,$30.60,"$22,591.98",NA,NA,NA,NA,NA,Guatalon,NA,NA,738.3,意可坊咖啡 for FisherCoffee/ il gatto coffee/ 咖乐乐KOLAKOLA COFFEE,NA,NA,NA,NA,NA,NA,NA,NA,NA,NA,NA,NA,NA,NA,NA,NA,NA,NA,NA,NA,NA,NA,NA,NA,NA,NA,NA,NA,NA,NA,NA,NA,NA,NA,NA,NA,NA,NA,NA,NA,NA,NA,NA,NA,NA,NA,NA,NA,NA,NA,NA,NA,NA,NA,NA,NA,NA,NA,NA,NA,NA,NA
Guatemala,2022,COE,auction,NA,https://allianceforcoffeeexcellence.org/guatemala-2022/,2,12,NA,NA,NA,NA,88.15,success,NA,NA,NA,$27.90,"$15,107.85",NA,NA,NA,NA,NA,San Jeronimo Miramar Y Anexo Santa Isabel,NA,NA,541.5,BEAN SUPER豆超國際/樂波波珈琲/蟄伏咖啡/丢丢小忙与光/Q caf’e x 滿福烘豆場/百啡有光/Coffee STOPOVER/云境農莊/B-ROLL COFFEE/臻實咖啡Real Coffee/尊任咖啡/羅樂咖啡工作室/之歌咖啡/Dr.Bean(上乙實業)/一中일중❤台中北屯小孜孜,NA,NA,NA,NA,NA,NA,NA,NA,NA,NA,NA,NA,NA,NA,NA,NA,NA,NA,NA,NA,NA,NA,NA,NA,NA,NA,NA,NA,NA,NA,NA,NA,NA,NA,NA,NA,NA,NA,NA,NA,NA,NA,NA,NA,NA,NA,NA,NA,NA,NA,NA,NA,NA,NA,NA,NA,NA,NA,NA,NA,NA,NA
Guatemala,2022,COE,auction,NA,https://allianceforcoffeeexcellence.org/guatemala-2022/,2,13,NA,NA,NA,NA,88.1,success,NA,NA,NA,$18.10,"$17,345.23",NA,NA,NA,NA,NA,Ponderosa,NA,NA,958.3,"Wataru & Co., Ltd.",NA,NA,NA,NA,NA,NA,NA,NA,NA,NA,NA,NA,NA,NA,NA,NA,NA,NA,NA,NA,NA,NA,NA,NA,NA,NA,NA,NA,NA,NA,NA,NA,NA,NA,NA,NA,NA,NA,NA,NA,NA,NA,NA,NA,NA,NA,NA,NA,NA,NA,NA,NA,NA,NA,NA,NA,NA,NA,NA,NA,NA,NA
Guatemala,2022,COE,auction,NA,https://allianceforcoffeeexcellence.org/guatemala-2022/,2,14,NA,NA,NA,NA,88.08,success,NA,NA,NA,$34.00,"$23,963.20",NA,NA,NA,NA,NA,La Hermosa,NA,NA,704.8,Sulalat Coffee Trading,NA,NA,NA,NA,NA,NA,NA,NA,NA,NA,NA,NA,NA,NA,NA,NA,NA,NA,NA,NA,NA,NA,NA,NA,NA,NA,NA,NA,NA,NA,NA,NA,NA,NA,NA,NA,NA,NA,NA,NA,NA,NA,NA,NA,NA,NA,NA,NA,NA,NA,NA,NA,NA,NA,NA,NA,NA,NA,NA,NA,NA,NA
Guatemala,2022,COE,auction,NA,https://allianceforcoffeeexcellence.org/guatemala-2022/,2,15,NA,NA,NA,NA,88.07,success,NA,NA,NA,$19.90,"$8,960.97",NA,NA,NA,NA,NA,Bella Vista,NA,NA,450.3,"ONYX COFFEE LLC, Big Medicine, Burman Coffee Traders, Idle Hands Roasting Co., Sagebrush, Treeline",NA,NA,NA,NA,NA,NA,NA,NA,NA,NA,NA,NA,NA,NA,NA,NA,NA,NA,NA,NA,NA,NA,NA,NA,NA,NA,NA,NA,NA,NA,NA,NA,NA,NA,NA,NA,NA,NA,NA,NA,NA,NA,NA,NA,NA,NA,NA,NA,NA,NA,NA,NA,NA,NA,NA,NA,NA,NA,NA,NA,NA,NA
Guatemala,2022,COE,auction,NA,https://allianceforcoffeeexcellence.org/guatemala-2022/,2,16,NA,NA,NA,NA,87.93,success,NA,NA,NA,$20.20,"$14,216.76",NA,NA,NA,NA,NA,El Muñeco,NA,NA,703.8,M.I.COFFEE CORPORATION,NA,NA,NA,NA,NA,NA,NA,NA,NA,NA,NA,NA,NA,NA,NA,NA,NA,NA,NA,NA,NA,NA,NA,NA,NA,NA,NA,NA,NA,NA,NA,NA,NA,NA,NA,NA,NA,NA,NA,NA,NA,NA,NA,NA,NA,NA,NA,NA,NA,NA,NA,NA,NA,NA,NA,NA,NA,NA,NA,NA,NA,NA
Guatemala,2022,COE,auction,NA,https://allianceforcoffeeexcellence.org/guatemala-2022/,2,17,NA,NA,NA,NA,87.88,success,NA,NA,NA,$23.30,"$11,104.78",NA,NA,NA,NA,NA,Hacienda Del Cafe,NA,NA,476.6,"Saerin co.,Ltd (MGPG) & Chromite Coffee(크로마이트커피)",NA,NA,NA,NA,NA,NA,NA,NA,NA,NA,NA,NA,NA,NA,NA,NA,NA,NA,NA,NA,NA,NA,NA,NA,NA,NA,NA,NA,NA,NA,NA,NA,NA,NA,NA,NA,NA,NA,NA,NA,NA,NA,NA,NA,NA,NA,NA,NA,NA,NA,NA,NA,NA,NA,NA,NA,NA,NA,NA,NA,NA,NA
Guatemala,2022,COE,auction,NA,https://allianceforcoffeeexcellence.org/guatemala-2022/,2,18,NA,NA,NA,NA,87.87,success,NA,NA,NA,$27.70,"$15,420.59",NA,NA,NA,NA,NA,Miramundo,NA,NA,556.7,"Saerin co.,Ltd (MGPG) & Chromite Coffee(크로마이트커피)",NA,NA,NA,NA,NA,NA,NA,NA,NA,NA,NA,NA,NA,NA,NA,NA,NA,NA,NA,NA,NA,NA,NA,NA,NA,NA,NA,NA,NA,NA,NA,NA,NA,NA,NA,NA,NA,NA,NA,NA,NA,NA,NA,NA,NA,NA,NA,NA,NA,NA,NA,NA,NA,NA,NA,NA,NA,NA,NA,NA,NA,NA
Guatemala,2022,COE,auction,NA,https://allianceforcoffeeexcellence.org/guatemala-2022/,2,19,NA,NA,NA,NA,87.85,success,NA,NA,NA,$27.60,"$15,916.92",NA,NA,NA,NA,NA,La Bugambilia,NA,NA,576.7,Terarosa (Haksan Co. Ltd),NA,NA,NA,NA,NA,NA,NA,NA,NA,NA,NA,NA,NA,NA,NA,NA,NA,NA,NA,NA,NA,NA,NA,NA,NA,NA,NA,NA,NA,NA,NA,NA,NA,NA,NA,NA,NA,NA,NA,NA,NA,NA,NA,NA,NA,NA,NA,NA,NA,NA,NA,NA,NA,NA,NA,NA,NA,NA,NA,NA,NA,NA
Guatemala,2022,COE,auction,NA,https://allianceforcoffeeexcellence.org/guatemala-2022/,2,20,NA,NA,NA,NA,87.78,success,NA,NA,NA,$22.60,"$9,098.76",NA,NA,NA,NA,NA,Chualax,NA,NA,402.6,Sulalat Coffee Trading,NA,NA,NA,NA,NA,NA,NA,NA,NA,NA,NA,NA,NA,NA,NA,NA,NA,NA,NA,NA,NA,NA,NA,NA,NA,NA,NA,NA,NA,NA,NA,NA,NA,NA,NA,NA,NA,NA,NA,NA,NA,NA,NA,NA,NA,NA,NA,NA,NA,NA,NA,NA,NA,NA,NA,NA,NA,NA,NA,NA,NA,NA
Guatemala,2022,COE,auction,NA,https://allianceforcoffeeexcellence.org/guatemala-2022/,2,21,NA,NA,NA,NA,87.67,success,NA,NA,NA,$20.20,"$14,933.86",NA,NA,NA,NA,NA,Pastores,NA,NA,739.3,"Linking Coffee Co., Ltd.",NA,NA,NA,NA,NA,NA,NA,NA,NA,NA,NA,NA,NA,NA,NA,NA,NA,NA,NA,NA,NA,NA,NA,NA,NA,NA,NA,NA,NA,NA,NA,NA,NA,NA,NA,NA,NA,NA,NA,NA,NA,NA,NA,NA,NA,NA,NA,NA,NA,NA,NA,NA,NA,NA,NA,NA,NA,NA,NA,NA,NA,NA
Guatemala,2022,COE,auction,NA,https://allianceforcoffeeexcellence.org/guatemala-2022/,2,22,NA,NA,NA,NA,87.63,success,NA,NA,NA,$22.70,"$10,841.52",NA,NA,NA,NA,NA,Idolia,NA,NA,477.6,Wataru for Voila Coffee,NA,NA,NA,NA,NA,NA,NA,NA,NA,NA,NA,NA,NA,NA,NA,NA,NA,NA,NA,NA,NA,NA,NA,NA,NA,NA,NA,NA,NA,NA,NA,NA,NA,NA,NA,NA,NA,NA,NA,NA,NA,NA,NA,NA,NA,NA,NA,NA,NA,NA,NA,NA,NA,NA,NA,NA,NA,NA,NA,NA,NA,NA
Guatemala,2022,COE,auction,NA,https://allianceforcoffeeexcellence.org/guatemala-2022/,2,23,NA,NA,NA,NA,87.57,success,NA,NA,NA,$24.00,"$13,848.00",NA,NA,NA,NA,NA,El Retiro Del Quisaya,NA,NA,577,意可坊咖啡 for 有容乃大 SmallArmsBigHeart,NA,NA,NA,NA,NA,NA,NA,NA,NA,NA,NA,NA,NA,NA,NA,NA,NA,NA,NA,NA,NA,NA,NA,NA,NA,NA,NA,NA,NA,NA,NA,NA,NA,NA,NA,NA,NA,NA,NA,NA,NA,NA,NA,NA,NA,NA,NA,NA,NA,NA,NA,NA,NA,NA,NA,NA,NA,NA,NA,NA,NA,NA
Guatemala,2022,COE,auction,NA,https://allianceforcoffeeexcellence.org/guatemala-2022/,2,24,NA,NA,NA,NA,87.5,success,NA,NA,NA,$17.00,"$7,119.60",NA,NA,NA,NA,NA,Puerta Verde,NA,NA,418.8,Honu Kato Coffee Inc.,NA,NA,NA,NA,NA,NA,NA,NA,NA,NA,NA,NA,NA,NA,NA,NA,NA,NA,NA,NA,NA,NA,NA,NA,NA,NA,NA,NA,NA,NA,NA,NA,NA,NA,NA,NA,NA,NA,NA,NA,NA,NA,NA,NA,NA,NA,NA,NA,NA,NA,NA,NA,NA,NA,NA,NA,NA,NA,NA,NA,NA,NA
Guatemala,2022,COE,auction,NA,https://allianceforcoffeeexcellence.org/guatemala-2022/,2,25,NA,NA,NA,NA,87.45,success,NA,NA,NA,$20.00,"$12,352.00",NA,NA,NA,NA,NA,El Tambor,NA,NA,617.6,"ONYX COFFEE LLC, Burman Coffee Traders, Dawson Taylor, Moustache Coffee Club",NA,NA,NA,NA,NA,NA,NA,NA,NA,NA,NA,NA,NA,NA,NA,NA,NA,NA,NA,NA,NA,NA,NA,NA,NA,NA,NA,NA,NA,NA,NA,NA,NA,NA,NA,NA,NA,NA,NA,NA,NA,NA,NA,NA,NA,NA,NA,NA,NA,NA,NA,NA,NA,NA,NA,NA,NA,NA,NA,NA,NA,NA
Guatemala,2022,COE,auction,NA,https://allianceforcoffeeexcellence.org/guatemala-2022/,2,26,NA,NA,NA,NA,87.4,success,NA,NA,NA,$24.00,"$16,963.20",NA,NA,NA,NA,NA,El Zapote Y Anexos,NA,NA,706.8,"OBROS COFFEE、hosomy factory,WAVY COFFEE ROASTERS and Acid Coffee Tokyo by MARUKAI",NA,NA,NA,NA,NA,NA,NA,NA,NA,NA,NA,NA,NA,NA,NA,NA,NA,NA,NA,NA,NA,NA,NA,NA,NA,NA,NA,NA,NA,NA,NA,NA,NA,NA,NA,NA,NA,NA,NA,NA,NA,NA,NA,NA,NA,NA,NA,NA,NA,NA,NA,NA,NA,NA,NA,NA,NA,NA,NA,NA,NA,NA
Guatemala,2022,COE,auction,NA,https://allianceforcoffeeexcellence.org/guatemala-2022/,2,27,NA,NA,NA,NA,87.37,success,NA,NA,NA,$20.00,"$13,488.00",NA,NA,NA,NA,NA,Coop. Agricola Integral Chicoj. R.L.,NA,NA,674.4,The Few Coffee and Goods,NA,NA,NA,NA,NA,NA,NA,NA,NA,NA,NA,NA,NA,NA,NA,NA,NA,NA,NA,NA,NA,NA,NA,NA,NA,NA,NA,NA,NA,NA,NA,NA,NA,NA,NA,NA,NA,NA,NA,NA,NA,NA,NA,NA,NA,NA,NA,NA,NA,NA,NA,NA,NA,NA,NA,NA,NA,NA,NA,NA,NA,NA
Guatemala,2022,COE,auction,NA,https://allianceforcoffeeexcellence.org/guatemala-2022/,2,28,NA,NA,NA,NA,87.3,success,NA,NA,NA,$20.00,"$12,170.00",NA,NA,NA,NA,NA,El Diamante,NA,NA,608.5,"ONYX COFFEE LLC, Brown Coffee Co., Burman Coffee Traders, Fika Coffee, Moustache Coffee Club, Sisters Coffee Co.",NA,NA,NA,NA,NA,NA,NA,NA,NA,NA,NA,NA,NA,NA,NA,NA,NA,NA,NA,NA,NA,NA,NA,NA,NA,NA,NA,NA,NA,NA,NA,NA,NA,NA,NA,NA,NA,NA,NA,NA,NA,NA,NA,NA,NA,NA,NA,NA,NA,NA,NA,NA,NA,NA,NA,NA,NA,NA,NA,NA,NA,NA
Guatemala,2022,COE,auction,NA,https://allianceforcoffeeexcellence.org/guatemala-2022/,2,29,NA,NA,NA,NA,87.3,success,NA,NA,NA,$16.60,"$9,125.02",NA,NA,NA,NA,NA,Santa Ana,NA,NA,549.7,"Wataru & Co., Ltd.",NA,NA,NA,NA,NA,NA,NA,NA,NA,NA,NA,NA,NA,NA,NA,NA,NA,NA,NA,NA,NA,NA,NA,NA,NA,NA,NA,NA,NA,NA,NA,NA,NA,NA,NA,NA,NA,NA,NA,NA,NA,NA,NA,NA,NA,NA,NA,NA,NA,NA,NA,NA,NA,NA,NA,NA,NA,NA,NA,NA,NA,NA
Guatemala,2022,COE,auction,NA,https://allianceforcoffeeexcellence.org/guatemala-2022/,2,30,NA,NA,NA,NA,87.23,success,NA,NA,NA,$15.00,"$5,035.50",NA,NA,NA,NA,NA,Tehuya Barrera Y A.,NA,NA,335.7,"Wataru & Co., Ltd.",NA,NA,NA,NA,NA,NA,NA,NA,NA,NA,NA,NA,NA,NA,NA,NA,NA,NA,NA,NA,NA,NA,NA,NA,NA,NA,NA,NA,NA,NA,NA,NA,NA,NA,NA,NA,NA,NA,NA,NA,NA,NA,NA,NA,NA,NA,NA,NA,NA,NA,NA,NA,NA,NA,NA,NA,NA,NA,NA,NA,NA,NA
Guatemala,2022,COE,auction,NA,https://allianceforcoffeeexcellence.org/guatemala-2022/,2,Totals:,NA,NA,NA,NA,,success,NA,NA,NA,"Auction Average $/lb
$31.59/lb","Total Auction Value
$581,851.77",NA,NA,NA,NA,NA,,NA,NA,18418.9,,NA,NA,NA,NA,NA,NA,NA,NA,NA,NA,NA,NA,NA,NA,NA,NA,NA,NA,NA,NA,NA,NA,NA,NA,NA,NA,NA,NA,NA,NA,NA,NA,NA,NA,NA,NA,NA,NA,NA,NA,NA,NA,NA,NA,NA,NA,NA,NA,NA,NA,NA,NA,NA,NA,NA,NA,NA,NA,NA,NA,NA,NA
Guatemala,2022,NW,auction,NA,https://allianceforcoffeeexcellence.org/guatemala-2022/,4,NW,NA,NA,NA,NA,87.02,success,NA,NA,NA,$8.90,"$5,686.21",Orsir Coffee,NA,NA,NA,NA,Kape´Tenango,NA,NA,638.90,NA,NA,NA,NA,NA,NA,NA,NA,NA,NA,NA,NA,NA,NA,NA,NA,NA,NA,NA,NA,NA,NA,NA,NA,NA,NA,NA,NA,NA,NA,NA,NA,NA,NA,NA,NA,NA,NA,NA,NA,NA,NA,NA,NA,NA,NA,NA,NA,NA,NA,NA,NA,NA,NA,NA,NA,NA,NA,NA,NA,NA,NA,NA
Guatemala,2022,NW,auction,NA,https://allianceforcoffeeexcellence.org/guatemala-2022/,4,NW,NA,NA,NA,NA,87,success,NA,NA,NA,$25.63,"$18,868.81",Orsir Coffee,NA,NA,NA,NA,Las Hortensias,NA,NA,736.20,NA,NA,NA,NA,NA,NA,NA,NA,NA,NA,NA,NA,NA,NA,NA,NA,NA,NA,NA,NA,NA,NA,NA,NA,NA,NA,NA,NA,NA,NA,NA,NA,NA,NA,NA,NA,NA,NA,NA,NA,NA,NA,NA,NA,NA,NA,NA,NA,NA,NA,NA,NA,NA,NA,NA,NA,NA,NA,NA,NA,NA,NA,NA
Guatemala,2022,NW,auction,NA,https://allianceforcoffeeexcellence.org/guatemala-2022/,4,NW,NA,NA,NA,NA,86.57,success,NA,NA,NA,$6.30,"$5,047.56",Orsir Coffee,NA,NA,NA,NA,El Guisquilar,NA,NA,801.20,NA,NA,NA,NA,NA,NA,NA,NA,NA,NA,NA,NA,NA,NA,NA,NA,NA,NA,NA,NA,NA,NA,NA,NA,NA,NA,NA,NA,NA,NA,NA,NA,NA,NA,NA,NA,NA,NA,NA,NA,NA,NA,NA,NA,NA,NA,NA,NA,NA,NA,NA,NA,NA,NA,NA,NA,NA,NA,NA,NA,NA,NA,NA
Guatemala,2022,NW,auction,NA,https://allianceforcoffeeexcellence.org/guatemala-2022/,4,NW,NA,NA,NA,NA,86.27,success,NA,NA,NA,$11.00,"$5,331.70",The Espresso Lab,NA,NA,NA,NA,Santa Isabel,NA,NA,484.70,NA,NA,NA,NA,NA,NA,NA,NA,NA,NA,NA,NA,NA,NA,NA,NA,NA,NA,NA,NA,NA,NA,NA,NA,NA,NA,NA,NA,NA,NA,NA,NA,NA,NA,NA,NA,NA,NA,NA,NA,NA,NA,NA,NA,NA,NA,NA,NA,NA,NA,NA,NA,NA,NA,NA,NA,NA,NA,NA,NA,NA,NA,NA
Guatemala,2022,NW,auction,NA,https://allianceforcoffeeexcellence.org/guatemala-2022/,4,NW,NA,NA,NA,NA,85.13,success,NA,NA,NA,$7.40,"$12,599.98",Orsir Coffee,NA,NA,NA,NA,Australia,NA,NA,"1,702.70",NA,NA,NA,NA,NA,NA,NA,NA,NA,NA,NA,NA,NA,NA,NA,NA,NA,NA,NA,NA,NA,NA,NA,NA,NA,NA,NA,NA,NA,NA,NA,NA,NA,NA,NA,NA,NA,NA,NA,NA,NA,NA,NA,NA,NA,NA,NA,NA,NA,NA,NA,NA,NA,NA,NA,NA,NA,NA,NA,NA,NA,NA,NA
Guatemala,2022,NW,auction,NA,https://allianceforcoffeeexcellence.org/guatemala-2022/,4,NW,NA,NA,NA,NA,Totals:,success,NA,NA,NA,"Auction Average $/lb
$10.89/lb","Total Auction Value
$47,534.26",,NA,NA,NA,NA,,NA,NA,"4,363.70",NA,NA,NA,NA,NA,NA,NA,NA,NA,NA,NA,NA,NA,NA,NA,NA,NA,NA,NA,NA,NA,NA,NA,NA,NA,NA,NA,NA,NA,NA,NA,NA,NA,NA,NA,NA,NA,NA,NA,NA,NA,NA,NA,NA,NA,NA,NA,NA,NA,NA,NA,NA,NA,NA,NA,NA,NA,NA,NA,NA,NA,NA,NA
Guatemala,2023,COE,auction,NA,https://allianceforcoffeeexcellence.org/guatemala-2023/,2,1a,NA,NA,NA,NA,91.13,success,NA,NA,NA,131.85,"44,927.89",NA,NA,NA,NA,NA,EL SOCORRO,NA,NA,340.75,Taiwan Coffee Development Association、路易莎咖啡 Louisa Coffee、BEAN SUPER 豆超國際、Fika Fika Cafe Taiwan、Kakalove Cafe、達文西咖啡 dAVinci Coffee、OKLAO 歐客佬咖啡、Black Gold Specialty Coffee、詹記咖啡 Chanji Coffee 、咖啡匙、爐鍋咖啡 LUGUO CAFE 、虎咖啡、鵲 Kasasagi Coffee Roasters、鴉埠咖啡 YABOO café、Olivia Coffee Roaster、Peace and Love Cafe、馬戲團夠咖啡 Cirke Go、呷點心、Cafetaster 咖啡嗜者、啡茶時刻、93 coffee、Coffee L&J、UPON有香咖啡、麟閣咖啡、鐵魚咖啡、云境莊園、D3咖啡、守成咖啡、Taiwan Coffee Laboratory,NA,NA,NA,NA,NA,NA,NA,NA,NA,NA,NA,NA,NA,NA,NA,NA,NA,NA,NA,NA,NA,NA,NA,NA,NA,NA,NA,NA,NA,NA,NA,NA,NA,NA,NA,NA,NA,NA,NA,NA,NA,NA,NA,NA,NA,NA,NA,NA,NA,NA,NA,NA,NA,NA,NA,NA,NA,NA,NA,NA,NA,NA
Guatemala,2023,COE,auction,NA,https://allianceforcoffeeexcellence.org/guatemala-2023/,2,1b,NA,NA,NA,NA,91.13,success,NA,NA,NA,130,"44,297.50",NA,NA,NA,NA,NA,EL SOCORRO,NA,NA,340.75,"Fisher coffee 啡舍 /CoffeeBuff /NORDIC FROGGY COFFEE/HYLID COFFEE/  玫瑰咖啡ROSE CAFE/PRIVATE RESERVE-China/青岛李想珈 /东方国际商业（集团）有限公司 / SHANGHAI CARMO TRADING CO., LTD (珈露梦咖啡), 复苏计划咖啡工厂/Recovery Plan Coffee Factory. Wolfing Coffee",NA,NA,NA,NA,NA,NA,NA,NA,NA,NA,NA,NA,NA,NA,NA,NA,NA,NA,NA,NA,NA,NA,NA,NA,NA,NA,NA,NA,NA,NA,NA,NA,NA,NA,NA,NA,NA,NA,NA,NA,NA,NA,NA,NA,NA,NA,NA,NA,NA,NA,NA,NA,NA,NA,NA,NA,NA,NA,NA,NA,NA,NA
Guatemala,2023,COE,auction,NA,https://allianceforcoffeeexcellence.org/guatemala-2023/,2,2a,NA,NA,NA,NA,90.82,success,NA,NA,NA,70.2,"21,628.62",NA,NA,NA,NA,NA,ROSMA,NA,NA,308.1,"GeeCoffee – China, Discover Coffee (Malaysia)",NA,NA,NA,NA,NA,NA,NA,NA,NA,NA,NA,NA,NA,NA,NA,NA,NA,NA,NA,NA,NA,NA,NA,NA,NA,NA,NA,NA,NA,NA,NA,NA,NA,NA,NA,NA,NA,NA,NA,NA,NA,NA,NA,NA,NA,NA,NA,NA,NA,NA,NA,NA,NA,NA,NA,NA,NA,NA,NA,NA,NA,NA
Guatemala,2023,COE,auction,NA,https://allianceforcoffeeexcellence.org/guatemala-2023/,2,2b,NA,NA,NA,NA,90.82,success,NA,NA,NA,70.1,"21,597.81",NA,NA,NA,NA,NA,ROSMA,NA,NA,308.1,NOZY COFFEE – Japan,NA,NA,NA,NA,NA,NA,NA,NA,NA,NA,NA,NA,NA,NA,NA,NA,NA,NA,NA,NA,NA,NA,NA,NA,NA,NA,NA,NA,NA,NA,NA,NA,NA,NA,NA,NA,NA,NA,NA,NA,NA,NA,NA,NA,NA,NA,NA,NA,NA,NA,NA,NA,NA,NA,NA,NA,NA,NA,NA,NA,NA,NA
Guatemala,2023,COE,auction,NA,https://allianceforcoffeeexcellence.org/guatemala-2023/,2,3a,NA,NA,NA,NA,90.45,success,NA,NA,NA,32.4,"18,150.48",NA,NA,NA,NA,NA,LA REFORMA Y ANEXOS,NA,NA,560.2,BEAN SUPER豆超國際/ 啡茶時刻/ 93咖啡(93coffee.tw)/ Coffee L&J/ UPON有香咖啡/ 麟閣咖啡/ 鐵魚咖啡/ 云境莊園/ D3咖啡,NA,NA,NA,NA,NA,NA,NA,NA,NA,NA,NA,NA,NA,NA,NA,NA,NA,NA,NA,NA,NA,NA,NA,NA,NA,NA,NA,NA,NA,NA,NA,NA,NA,NA,NA,NA,NA,NA,NA,NA,NA,NA,NA,NA,NA,NA,NA,NA,NA,NA,NA,NA,NA,NA,NA,NA,NA,NA,NA,NA,NA,NA
Guatemala,2023,COE,auction,NA,https://allianceforcoffeeexcellence.org/guatemala-2023/,2,3b,NA,NA,NA,NA,90.45,success,NA,NA,NA,32.1,"17,982.42",NA,NA,NA,NA,NA,LA REFORMA Y ANEXOS,NA,NA,560.2,"Coffee Me Up (Korea), Coffee Therapy (Thailand), Mayforest(Ava Sofia), TWO HANDS FULL (Indonesia), BigBlackBox (Thailand), GLITCH COFFEE& ROASTERS by Marukai",NA,NA,NA,NA,NA,NA,NA,NA,NA,NA,NA,NA,NA,NA,NA,NA,NA,NA,NA,NA,NA,NA,NA,NA,NA,NA,NA,NA,NA,NA,NA,NA,NA,NA,NA,NA,NA,NA,NA,NA,NA,NA,NA,NA,NA,NA,NA,NA,NA,NA,NA,NA,NA,NA,NA,NA,NA,NA,NA,NA,NA,NA
Guatemala,2023,COE,auction,NA,https://allianceforcoffeeexcellence.org/guatemala-2023/,2,4,NA,NA,NA,NA,89.91,success,NA,NA,NA,22.6,"15,768.47",NA,NA,NA,NA,NA,LA COLINA,NA,NA,697.72,Brew92 – Saudi Arabia,NA,NA,NA,NA,NA,NA,NA,NA,NA,NA,NA,NA,NA,NA,NA,NA,NA,NA,NA,NA,NA,NA,NA,NA,NA,NA,NA,NA,NA,NA,NA,NA,NA,NA,NA,NA,NA,NA,NA,NA,NA,NA,NA,NA,NA,NA,NA,NA,NA,NA,NA,NA,NA,NA,NA,NA,NA,NA,NA,NA,NA,NA
Guatemala,2023,COE,auction,NA,https://allianceforcoffeeexcellence.org/guatemala-2023/,2,5,NA,NA,NA,NA,89.73,success,NA,NA,NA,20,"11,597.60",NA,NA,NA,NA,NA,COYOTE BLANCO-SAC UTIÚ,NA,NA,579.88,"GABEE./ GOZOCAFE /有容乃大/kisscoffee/青岛李想珈 /东方国际商业（集团）有限公司 / SHANGHAI CARMO TRADING CO., LTD (珈露梦咖啡）",NA,NA,NA,NA,NA,NA,NA,NA,NA,NA,NA,NA,NA,NA,NA,NA,NA,NA,NA,NA,NA,NA,NA,NA,NA,NA,NA,NA,NA,NA,NA,NA,NA,NA,NA,NA,NA,NA,NA,NA,NA,NA,NA,NA,NA,NA,NA,NA,NA,NA,NA,NA,NA,NA,NA,NA,NA,NA,NA,NA,NA,NA
Guatemala,2023,COE,auction,NA,https://allianceforcoffeeexcellence.org/guatemala-2023/,2,6,NA,NA,NA,NA,89.7,success,NA,NA,NA,22.1,"12,169.81",NA,NA,NA,NA,NA,SAN JOSE DE LA BUENA ESPERANZA,NA,NA,550.67,"KALDI COFFEE FARM (CAMEL COFFEE CO.,LTD.) – Japan",NA,NA,NA,NA,NA,NA,NA,NA,NA,NA,NA,NA,NA,NA,NA,NA,NA,NA,NA,NA,NA,NA,NA,NA,NA,NA,NA,NA,NA,NA,NA,NA,NA,NA,NA,NA,NA,NA,NA,NA,NA,NA,NA,NA,NA,NA,NA,NA,NA,NA,NA,NA,NA,NA,NA,NA,NA,NA,NA,NA,NA,NA
Guatemala,2023,COE,auction,NA,https://allianceforcoffeeexcellence.org/guatemala-2023/,2,7,NA,NA,NA,NA,89.66,success,NA,NA,NA,23,"11,396.50",NA,NA,NA,NA,NA,MIRAMUNDO,NA,NA,495.5,TAKAMURA COFFEE ROASTERS by Marukai,NA,NA,NA,NA,NA,NA,NA,NA,NA,NA,NA,NA,NA,NA,NA,NA,NA,NA,NA,NA,NA,NA,NA,NA,NA,NA,NA,NA,NA,NA,NA,NA,NA,NA,NA,NA,NA,NA,NA,NA,NA,NA,NA,NA,NA,NA,NA,NA,NA,NA,NA,NA,NA,NA,NA,NA,NA,NA,NA,NA,NA,NA
Guatemala,2023,COE,auction,NA,https://allianceforcoffeeexcellence.org/guatemala-2023/,2,8,NA,NA,NA,NA,89.21,success,NA,NA,NA,20,"9,709.20",NA,NA,NA,NA,NA,MONTAÑA HELADA,NA,NA,485.46,SARUTAHIKO COFFEE – Japan,NA,NA,NA,NA,NA,NA,NA,NA,NA,NA,NA,NA,NA,NA,NA,NA,NA,NA,NA,NA,NA,NA,NA,NA,NA,NA,NA,NA,NA,NA,NA,NA,NA,NA,NA,NA,NA,NA,NA,NA,NA,NA,NA,NA,NA,NA,NA,NA,NA,NA,NA,NA,NA,NA,NA,NA,NA,NA,NA,NA,NA,NA
Guatemala,2023,COE,auction,NA,https://allianceforcoffeeexcellence.org/guatemala-2023/,2,9,NA,NA,NA,NA,88.96,success,NA,NA,NA,20.1,"11,965.33",NA,NA,NA,NA,NA,EL MUÑECO,NA,NA,595.29,DECAMERON COFFEE – China,NA,NA,NA,NA,NA,NA,NA,NA,NA,NA,NA,NA,NA,NA,NA,NA,NA,NA,NA,NA,NA,NA,NA,NA,NA,NA,NA,NA,NA,NA,NA,NA,NA,NA,NA,NA,NA,NA,NA,NA,NA,NA,NA,NA,NA,NA,NA,NA,NA,NA,NA,NA,NA,NA,NA,NA,NA,NA,NA,NA,NA,NA
Guatemala,2023,COE,auction,NA,https://allianceforcoffeeexcellence.org/guatemala-2023/,2,10,NA,NA,NA,NA,88.46,success,NA,NA,NA,16.3,"12,000.88",NA,NA,NA,NA,NA,SANTA ELISA PACHUP,NA,NA,736.25,"MUSEO Co., Ltd. // COFFEE HWA ROASTERS (Korea) //언더프레셔(핸디엄) // liike coffee",NA,NA,NA,NA,NA,NA,NA,NA,NA,NA,NA,NA,NA,NA,NA,NA,NA,NA,NA,NA,NA,NA,NA,NA,NA,NA,NA,NA,NA,NA,NA,NA,NA,NA,NA,NA,NA,NA,NA,NA,NA,NA,NA,NA,NA,NA,NA,NA,NA,NA,NA,NA,NA,NA,NA,NA,NA,NA,NA,NA,NA,NA
Guatemala,2023,COE,auction,NA,https://allianceforcoffeeexcellence.org/guatemala-2023/,2,11,NA,NA,NA,NA,88.3,success,NA,NA,NA,14.7,"9,675.10",NA,NA,NA,NA,NA,SAN JUAN,NA,NA,658.17,honu加藤珈琲店株式会社 – Japan,NA,NA,NA,NA,NA,NA,NA,NA,NA,NA,NA,NA,NA,NA,NA,NA,NA,NA,NA,NA,NA,NA,NA,NA,NA,NA,NA,NA,NA,NA,NA,NA,NA,NA,NA,NA,NA,NA,NA,NA,NA,NA,NA,NA,NA,NA,NA,NA,NA,NA,NA,NA,NA,NA,NA,NA,NA,NA,NA,NA,NA,NA
Guatemala,2023,COE,auction,NA,https://allianceforcoffeeexcellence.org/guatemala-2023/,2,12,NA,NA,NA,NA,88.27,success,NA,NA,NA,14.8,"9,710.87",NA,NA,NA,NA,NA,EL AMATE Y ANEXOS,NA,NA,656.14,ONYX COFFEE – United States of America,NA,NA,NA,NA,NA,NA,NA,NA,NA,NA,NA,NA,NA,NA,NA,NA,NA,NA,NA,NA,NA,NA,NA,NA,NA,NA,NA,NA,NA,NA,NA,NA,NA,NA,NA,NA,NA,NA,NA,NA,NA,NA,NA,NA,NA,NA,NA,NA,NA,NA,NA,NA,NA,NA,NA,NA,NA,NA,NA,NA,NA,NA
Guatemala,2023,COE,auction,NA,https://allianceforcoffeeexcellence.org/guatemala-2023/,2,13,NA,NA,NA,NA,88.13,success,NA,NA,NA,14.2,"7,589.05",NA,NA,NA,NA,NA,LA BUGAMBILIA,NA,NA,534.44,"MayForest (Owol-sup), CAFFEOL, MARISSTELLA COFFEE, Roasting For a While -South Korea",NA,NA,NA,NA,NA,NA,NA,NA,NA,NA,NA,NA,NA,NA,NA,NA,NA,NA,NA,NA,NA,NA,NA,NA,NA,NA,NA,NA,NA,NA,NA,NA,NA,NA,NA,NA,NA,NA,NA,NA,NA,NA,NA,NA,NA,NA,NA,NA,NA,NA,NA,NA,NA,NA,NA,NA,NA,NA,NA,NA,NA,NA
Guatemala,2023,COE,auction,NA,https://allianceforcoffeeexcellence.org/guatemala-2023/,2,14,NA,NA,NA,NA,88.04,success,NA,NA,NA,14,"9,800.70",NA,NA,NA,NA,NA,GUATALON,NA,NA,700.05,mychem – South Korea,NA,NA,NA,NA,NA,NA,NA,NA,NA,NA,NA,NA,NA,NA,NA,NA,NA,NA,NA,NA,NA,NA,NA,NA,NA,NA,NA,NA,NA,NA,NA,NA,NA,NA,NA,NA,NA,NA,NA,NA,NA,NA,NA,NA,NA,NA,NA,NA,NA,NA,NA,NA,NA,NA,NA,NA,NA,NA,NA,NA,NA,NA
Guatemala,2023,COE,auction,NA,https://allianceforcoffeeexcellence.org/guatemala-2023/,2,15,NA,NA,NA,NA,87.91,success,NA,NA,NA,20.4,"12,537.02",NA,NA,NA,NA,NA,LAS MACADAMIAS,NA,NA,614.56,"Xiamen Doowell Ocean Biotechnology Co., Ltd. – China",NA,NA,NA,NA,NA,NA,NA,NA,NA,NA,NA,NA,NA,NA,NA,NA,NA,NA,NA,NA,NA,NA,NA,NA,NA,NA,NA,NA,NA,NA,NA,NA,NA,NA,NA,NA,NA,NA,NA,NA,NA,NA,NA,NA,NA,NA,NA,NA,NA,NA,NA,NA,NA,NA,NA,NA,NA,NA,NA,NA,NA,NA
Guatemala,2023,COE,auction,NA,https://allianceforcoffeeexcellence.org/guatemala-2023/,2,16,NA,NA,NA,NA,87.88,success,NA,NA,NA,16.8,"10,307.64",NA,NA,NA,NA,NA,BELLA VISTA,NA,NA,613.55,ONYX COFFEE  and Idle Hands Roasting Co – United States of America,NA,NA,NA,NA,NA,NA,NA,NA,NA,NA,NA,NA,NA,NA,NA,NA,NA,NA,NA,NA,NA,NA,NA,NA,NA,NA,NA,NA,NA,NA,NA,NA,NA,NA,NA,NA,NA,NA,NA,NA,NA,NA,NA,NA,NA,NA,NA,NA,NA,NA,NA,NA,NA,NA,NA,NA,NA,NA,NA,NA,NA,NA
Guatemala,2023,COE,auction,NA,https://allianceforcoffeeexcellence.org/guatemala-2023/,2,17,NA,NA,NA,NA,87.86,success,NA,NA,NA,15.3,"10,581.94",NA,NA,NA,NA,NA,AGUA TIBIA Y ANEXOS,NA,NA,691.63,"GSC International Co., Ltd – South Korea",NA,NA,NA,NA,NA,NA,NA,NA,NA,NA,NA,NA,NA,NA,NA,NA,NA,NA,NA,NA,NA,NA,NA,NA,NA,NA,NA,NA,NA,NA,NA,NA,NA,NA,NA,NA,NA,NA,NA,NA,NA,NA,NA,NA,NA,NA,NA,NA,NA,NA,NA,NA,NA,NA,NA,NA,NA,NA,NA,NA,NA,NA
Guatemala,2023,COE,auction,NA,https://allianceforcoffeeexcellence.org/guatemala-2023/,2,18,NA,NA,NA,NA,87.7,success,NA,NA,NA,25.1,"12,803.51",NA,NA,NA,NA,NA,CASCADA ENCANTADA,NA,NA,510.1,NOZY COFFEE – Japan,NA,NA,NA,NA,NA,NA,NA,NA,NA,NA,NA,NA,NA,NA,NA,NA,NA,NA,NA,NA,NA,NA,NA,NA,NA,NA,NA,NA,NA,NA,NA,NA,NA,NA,NA,NA,NA,NA,NA,NA,NA,NA,NA,NA,NA,NA,NA,NA,NA,NA,NA,NA,NA,NA,NA,NA,NA,NA,NA,NA,NA,NA
Guatemala,2023,COE,auction,NA,https://allianceforcoffeeexcellence.org/guatemala-2023/,2,19,NA,NA,NA,NA,87.64,success,NA,NA,NA,15.1,"14,670.10",NA,NA,NA,NA,NA,EL ZAPOTE Y ANEXOS,NA,NA,971.53,"GSC International Co., Ltd – South Korea",NA,NA,NA,NA,NA,NA,NA,NA,NA,NA,NA,NA,NA,NA,NA,NA,NA,NA,NA,NA,NA,NA,NA,NA,NA,NA,NA,NA,NA,NA,NA,NA,NA,NA,NA,NA,NA,NA,NA,NA,NA,NA,NA,NA,NA,NA,NA,NA,NA,NA,NA,NA,NA,NA,NA,NA,NA,NA,NA,NA,NA,NA
Guatemala,2023,COE,auction,NA,https://allianceforcoffeeexcellence.org/guatemala-2023/,2,20,NA,NA,NA,NA,87.63,success,NA,NA,NA,12.7,"7,624.57",NA,NA,NA,NA,NA,ANTIGUA BUENA VISTA Y ANEXOS,NA,NA,600.36,Wataru for Voila Coffee,NA,NA,NA,NA,NA,NA,NA,NA,NA,NA,NA,NA,NA,NA,NA,NA,NA,NA,NA,NA,NA,NA,NA,NA,NA,NA,NA,NA,NA,NA,NA,NA,NA,NA,NA,NA,NA,NA,NA,NA,NA,NA,NA,NA,NA,NA,NA,NA,NA,NA,NA,NA,NA,NA,NA,NA,NA,NA,NA,NA,NA,NA
Guatemala,2023,COE,auction,NA,https://allianceforcoffeeexcellence.org/guatemala-2023/,2,21,NA,NA,NA,NA,87.61,success,NA,NA,NA,17.2,"9,227.28",NA,NA,NA,NA,NA,SIERRA ROJA,NA,NA,536.47,"Tabei Coffee, Branch coffee, Chatoracoffee, Japan Roasters’ Network",NA,NA,NA,NA,NA,NA,NA,NA,NA,NA,NA,NA,NA,NA,NA,NA,NA,NA,NA,NA,NA,NA,NA,NA,NA,NA,NA,NA,NA,NA,NA,NA,NA,NA,NA,NA,NA,NA,NA,NA,NA,NA,NA,NA,NA,NA,NA,NA,NA,NA,NA,NA,NA,NA,NA,NA,NA,NA,NA,NA,NA,NA
Guatemala,2023,COE,auction,NA,https://allianceforcoffeeexcellence.org/guatemala-2023/,2,22,NA,NA,NA,NA,87.52,success,NA,NA,NA,19.6,"8,954.46",NA,NA,NA,NA,NA,LA CANOA,NA,NA,456.86,ECOFARM COFFEE for Fisher Coffee,NA,NA,NA,NA,NA,NA,NA,NA,NA,NA,NA,NA,NA,NA,NA,NA,NA,NA,NA,NA,NA,NA,NA,NA,NA,NA,NA,NA,NA,NA,NA,NA,NA,NA,NA,NA,NA,NA,NA,NA,NA,NA,NA,NA,NA,NA,NA,NA,NA,NA,NA,NA,NA,NA,NA,NA,NA,NA,NA,NA,NA,NA
Guatemala,2023,COE,auction,NA,https://allianceforcoffeeexcellence.org/guatemala-2023/,2,23,NA,NA,NA,NA,87.39,success,NA,NA,NA,14.4,"11,215.44",NA,NA,NA,NA,NA,LAS HORTENSIAS,NA,NA,778.85,"Wataru & Co., Ltd.",NA,NA,NA,NA,NA,NA,NA,NA,NA,NA,NA,NA,NA,NA,NA,NA,NA,NA,NA,NA,NA,NA,NA,NA,NA,NA,NA,NA,NA,NA,NA,NA,NA,NA,NA,NA,NA,NA,NA,NA,NA,NA,NA,NA,NA,NA,NA,NA,NA,NA,NA,NA,NA,NA,NA,NA,NA,NA,NA,NA,NA,NA
Guatemala,2023,COE,auction,NA,https://allianceforcoffeeexcellence.org/guatemala-2023/,2,24,NA,NA,NA,NA,87.3,success,NA,NA,NA,19.4,"13,437.41",NA,NA,NA,NA,NA,LOS JUTES,NA,NA,692.65,"La Pluma & Bohemian, ESCUDO COFFEE – South Korea",NA,NA,NA,NA,NA,NA,NA,NA,NA,NA,NA,NA,NA,NA,NA,NA,NA,NA,NA,NA,NA,NA,NA,NA,NA,NA,NA,NA,NA,NA,NA,NA,NA,NA,NA,NA,NA,NA,NA,NA,NA,NA,NA,NA,NA,NA,NA,NA,NA,NA,NA,NA,NA,NA,NA,NA,NA,NA,NA,NA,NA,NA
Guatemala,2023,COE,auction,NA,https://allianceforcoffeeexcellence.org/guatemala-2023/,2,25,NA,NA,NA,NA,87.27,success,NA,NA,NA,14.1,"5,991.37",NA,NA,NA,NA,NA,LA ESPERANZA,NA,NA,424.92,List & Beisler – Germany,NA,NA,NA,NA,NA,NA,NA,NA,NA,NA,NA,NA,NA,NA,NA,NA,NA,NA,NA,NA,NA,NA,NA,NA,NA,NA,NA,NA,NA,NA,NA,NA,NA,NA,NA,NA,NA,NA,NA,NA,NA,NA,NA,NA,NA,NA,NA,NA,NA,NA,NA,NA,NA,NA,NA,NA,NA,NA,NA,NA,NA,NA
Guatemala,2023,COE,auction,NA,https://allianceforcoffeeexcellence.org/guatemala-2023/,2,26,NA,NA,NA,NA,87.18,success,NA,NA,NA,12.2,"7,210.57",NA,NA,NA,NA,NA,GRANO DE ORO,NA,NA,591.03,"Wataru & Co., Ltd.",NA,NA,NA,NA,NA,NA,NA,NA,NA,NA,NA,NA,NA,NA,NA,NA,NA,NA,NA,NA,NA,NA,NA,NA,NA,NA,NA,NA,NA,NA,NA,NA,NA,NA,NA,NA,NA,NA,NA,NA,NA,NA,NA,NA,NA,NA,NA,NA,NA,NA,NA,NA,NA,NA,NA,NA,NA,NA,NA,NA,NA,NA
Guatemala,2023,COE,auction,NA,https://allianceforcoffeeexcellence.org/guatemala-2023/,2,27,NA,NA,NA,NA,87.16,success,NA,NA,NA,13.7,"19,555.11",NA,NA,NA,NA,NA,PAMPOJILA Y ANEXOS,NA,NA,"1,427.38",Campos Coffee – Australia,NA,NA,NA,NA,NA,NA,NA,NA,NA,NA,NA,NA,NA,NA,NA,NA,NA,NA,NA,NA,NA,NA,NA,NA,NA,NA,NA,NA,NA,NA,NA,NA,NA,NA,NA,NA,NA,NA,NA,NA,NA,NA,NA,NA,NA,NA,NA,NA,NA,NA,NA,NA,NA,NA,NA,NA,NA,NA,NA,NA,NA,NA
Guatemala,2023,COE,auction,NA,https://allianceforcoffeeexcellence.org/guatemala-2023/,2,28,NA,NA,NA,NA,87.02,success,NA,NA,NA,13.8,"9,110.76",NA,NA,NA,NA,NA,LA QUINA,NA,NA,660.2,Kyokuto Fadie Corporation – Japan,NA,NA,NA,NA,NA,NA,NA,NA,NA,NA,NA,NA,NA,NA,NA,NA,NA,NA,NA,NA,NA,NA,NA,NA,NA,NA,NA,NA,NA,NA,NA,NA,NA,NA,NA,NA,NA,NA,NA,NA,NA,NA,NA,NA,NA,NA,NA,NA,NA,NA,NA,NA,NA,NA,NA,NA,NA,NA,NA,NA,NA,NA
Guatemala,2023,NW,auction,NA,https://allianceforcoffeeexcellence.org/guatemala-2023/,4,NW,NA,NA,NA,NA,86.95,success,NA,NA,NA,8.1,"4,780.78",NA,NA,NA,NA,NA,RETANA Y ANEXOS,NA,NA,NA,Wataru – Japan,NA,NA,NA,NA,NA,NA,NA,NA,NA,NA,NA,NA,NA,NA,NA,NA,NA,NA,NA,NA,NA,NA,NA,NA,NA,590.22,NA,NA,NA,NA,NA,NA,NA,NA,NA,NA,NA,NA,NA,NA,NA,NA,NA,NA,NA,NA,NA,NA,NA,NA,NA,NA,NA,NA,NA,NA,NA,NA,NA,NA,NA,NA
Guatemala,2023,NW,auction,NA,https://allianceforcoffeeexcellence.org/guatemala-2023/,4,NW,NA,NA,NA,NA,86.89,success,NA,NA,NA,11.1,"6,664.00",NA,NA,NA,NA,NA,LA HERMOSA,NA,NA,NA,Orsir – Taiwan,NA,NA,NA,NA,NA,NA,NA,NA,NA,NA,NA,NA,NA,NA,NA,NA,NA,NA,NA,NA,NA,NA,NA,NA,NA,600.36,NA,NA,NA,NA,NA,NA,NA,NA,NA,NA,NA,NA,NA,NA,NA,NA,NA,NA,NA,NA,NA,NA,NA,NA,NA,NA,NA,NA,NA,NA,NA,NA,NA,NA,NA,NA
Guatemala,2023,NW,auction,NA,https://allianceforcoffeeexcellence.org/guatemala-2023/,4,NW,NA,NA,NA,NA,86.43,success,NA,NA,NA,10.1,"5,807.60",NA,NA,NA,NA,NA,AURORA,NA,NA,NA,Dongjin TRADING – South Korea,NA,NA,NA,NA,NA,NA,NA,NA,NA,NA,NA,NA,NA,NA,NA,NA,NA,NA,NA,NA,NA,NA,NA,NA,NA,575.01,NA,NA,NA,NA,NA,NA,NA,NA,NA,NA,NA,NA,NA,NA,NA,NA,NA,NA,NA,NA,NA,NA,NA,NA,NA,NA,NA,NA,NA,NA,NA,NA,NA,NA,NA,NA
Guatemala,2024,COE,auction,Exotic Washed,https://allianceforcoffeeexcellence.org/guatemala-2024/,4,1A,NA,La Reforma Y Anexos,NA,NA,91.27,success,NA,NA,NA,NA,"$34,062.57",NA,NA,NA,NA,NA,NA,NA,NA,NA,Taiwan Coffee Development Association、迎芳咖啡 Ying Fang Lei、達文西咖啡 dAVinci Coffee、Kakalove Cafe、Fika Fika Cafe Taiwan、詹記咖啡 Chanji Coffee 、咖啡匙、鵲 Kasasagi Coffee Roasters、鴉埠咖啡 YABOO café、馬戲團夠咖啡 Cirke Go、93咖啡、GK咖啡、吸貓咖啡館、WELLS CAFE、BLUEKOFF、CASA LAPIN、名人高爾夫、蘭那泰式餐廳、Yosano 与謝野珈琲、墨啡咖啡 melfee express、一弄咖啡、塔作伙工作室、杜宅咖啡、臻實咖啡 Real Coffee、Coffee L&J、可可鬆餅屋、Q caf’e x 滿福烘豆場、銘溢手作咖啡、Euphora Coffee Studio、BRBP Specialty Coffee、成名咖啡Be Famous Coffee、咖狗咖啡、花兒的5號玫瑰園、維堤咖啡、Ritrovare coffee、Coffee Stopover、BEAN SUPER豆超國際、Taiwan Coffee Laboratory,NA,NA,NA,NA,NA,NA,NA,NA,NA,NA,NA,NA,NA,NA,NA,NA,NA,NA,NA,NA,NA,NA,NA,NA,NA,289.5,$117.66,NA,NA,NA,NA,NA,NA,NA,NA,NA,NA,NA,NA,NA,NA,NA,NA,NA,NA,NA,NA,NA,NA,NA,NA,NA,NA,NA,NA,NA,NA,NA,NA,NA,NA,NA
Guatemala,2024,COE,auction,Exotic Washed,https://allianceforcoffeeexcellence.org/guatemala-2024/,4,1B,NA,La Reforma Y Anexos,NA,NA,91.27,success,NA,NA,NA,NA,"$31,931.85",NA,NA,NA,NA,NA,NA,NA,NA,NA,Angelino’s Coffee,NA,NA,NA,NA,NA,NA,NA,NA,NA,NA,NA,NA,NA,NA,NA,NA,NA,NA,NA,NA,NA,NA,NA,NA,NA,289.5,$110.30,NA,NA,NA,NA,NA,NA,NA,NA,NA,NA,NA,NA,NA,NA,NA,NA,NA,NA,NA,NA,NA,NA,NA,NA,NA,NA,NA,NA,NA,NA,NA,NA,NA,NA,NA
Guatemala,2024,COE,auction,Exotic Washed,https://allianceforcoffeeexcellence.org/guatemala-2024/,4,2,NA,Las Macadamias,NA,NA,90.56,success,NA,NA,NA,NA,"$19,807.50",NA,NA,NA,NA,NA,NA,NA,NA,NA,"Coffee Libre, Times Club, Rawstuff, Roastmill, Deepbluelake",NA,NA,NA,NA,NA,NA,NA,NA,NA,NA,NA,NA,NA,NA,NA,NA,NA,NA,NA,NA,NA,NA,NA,NA,NA,1042.5,$19.00,NA,NA,NA,NA,NA,NA,NA,NA,NA,NA,NA,NA,NA,NA,NA,NA,NA,NA,NA,NA,NA,NA,NA,NA,NA,NA,NA,NA,NA,NA,NA,NA,NA,NA,NA
Guatemala,2024,COE,auction,Exotic Washed,https://allianceforcoffeeexcellence.org/guatemala-2024/,4,3,NA,El Eden,NA,NA,89.94,success,NA,NA,NA,NA,"$29,940.22",NA,NA,NA,NA,NA,NA,NA,NA,NA,GLITCH COFFEE& ROASTERS by Marukai,NA,NA,NA,NA,NA,NA,NA,NA,NA,NA,NA,NA,NA,NA,NA,NA,NA,NA,NA,NA,NA,NA,NA,NA,NA,596.3,$50.21,NA,NA,NA,NA,NA,NA,NA,NA,NA,NA,NA,NA,NA,NA,NA,NA,NA,NA,NA,NA,NA,NA,NA,NA,NA,NA,NA,NA,NA,NA,NA,NA,NA,NA,NA
Guatemala,2024,COE,auction,Exotic Washed,https://allianceforcoffeeexcellence.org/guatemala-2024/,4,4,NA,Rosma,NA,NA,89.31,success,NA,NA,NA,NA,"$21,444.75",NA,NA,NA,NA,NA,NA,NA,NA,NA,"ECOM Japan for REC COFFEE, TOA COFFEE, TRIBE COFFEE, WAVY COFFEE ROASTERS & LEAVES COFFEE ROASTERS",NA,NA,NA,NA,NA,NA,NA,NA,NA,NA,NA,NA,NA,NA,NA,NA,NA,NA,NA,NA,NA,NA,NA,NA,NA,607.5,$35.30,NA,NA,NA,NA,NA,NA,NA,NA,NA,NA,NA,NA,NA,NA,NA,NA,NA,NA,NA,NA,NA,NA,NA,NA,NA,NA,NA,NA,NA,NA,NA,NA,NA,NA,NA
Guatemala,2024,COE,auction,Exotic Washed,https://allianceforcoffeeexcellence.org/guatemala-2024/,4,5,NA,El Socorro,NA,NA,88.83,success,NA,NA,NA,NA,"$20,404.20",NA,NA,NA,NA,NA,NA,NA,NA,NA,"Coffee Me Up (Korea), Coffee Therapy (Thailand), SOT Coffee Roaster, TWO HANDS FULL (Indonesia), Anson Wong – Kizuna Roaster & Co. ,Baristatus",NA,NA,NA,NA,NA,NA,NA,NA,NA,NA,NA,NA,NA,NA,NA,NA,NA,NA,NA,NA,NA,NA,NA,NA,NA,658.2,$31.00,NA,NA,NA,NA,NA,NA,NA,NA,NA,NA,NA,NA,NA,NA,NA,NA,NA,NA,NA,NA,NA,NA,NA,NA,NA,NA,NA,NA,NA,NA,NA,NA,NA,NA,NA
Guatemala,2024,COE,auction,Exotic Washed,https://allianceforcoffeeexcellence.org/guatemala-2024/,4,6,NA,Guatalon,NA,NA,88.3,success,NA,NA,NA,NA,"$9,248.75",NA,NA,NA,NA,NA,NA,NA,NA,NA,Pilot Coffee Roasters,NA,NA,NA,NA,NA,NA,NA,NA,NA,NA,NA,NA,NA,NA,NA,NA,NA,NA,NA,NA,NA,NA,NA,NA,NA,612.5,$15.10,NA,NA,NA,NA,NA,NA,NA,NA,NA,NA,NA,NA,NA,NA,NA,NA,NA,NA,NA,NA,NA,NA,NA,NA,NA,NA,NA,NA,NA,NA,NA,NA,NA,NA,NA
Guatemala,2024,COE,auction,Exotic Washed,https://allianceforcoffeeexcellence.org/guatemala-2024/,4,7,NA,Villaure,NA,NA,88.19,success,NA,NA,NA,NA,"$15,143.48",NA,NA,NA,NA,NA,NA,NA,NA,NA,TAKAMURA COFFEE ROASTERS by Marukai,NA,NA,NA,NA,NA,NA,NA,NA,NA,NA,NA,NA,NA,NA,NA,NA,NA,NA,NA,NA,NA,NA,NA,NA,NA,558.8,$27.10,NA,NA,NA,NA,NA,NA,NA,NA,NA,NA,NA,NA,NA,NA,NA,NA,NA,NA,NA,NA,NA,NA,NA,NA,NA,NA,NA,NA,NA,NA,NA,NA,NA,NA,NA
Guatemala,2024,COE,auction,Exotic Washed,https://allianceforcoffeeexcellence.org/guatemala-2024/,4,8,NA,Kalibus La Sierra,NA,NA,88.14,success,NA,NA,NA,NA,"$18,441.55",NA,NA,NA,NA,NA,NA,NA,NA,NA,"WAVY COFFEE ROASTERS, ABOUT US COFFEE, THE GOOD GOODIES, ManlyCoffee, Rain Coffee Roastery, BREATH HIROSHIMA, LOUPE COFFEE STAND, UKIHIRA COFFEE sweets & coffee",NA,NA,NA,NA,NA,NA,NA,NA,NA,NA,NA,NA,NA,NA,NA,NA,NA,NA,NA,NA,NA,NA,NA,NA,NA,680.5,$27.10,NA,NA,NA,NA,NA,NA,NA,NA,NA,NA,NA,NA,NA,NA,NA,NA,NA,NA,NA,NA,NA,NA,NA,NA,NA,NA,NA,NA,NA,NA,NA,NA,NA,NA,NA
Guatemala,2024,COE,auction,Exotic Washed,https://allianceforcoffeeexcellence.org/guatemala-2024/,4,9,NA,Montaña Helada,NA,NA,88.13,success,NA,NA,NA,NA,"$9,129.92",NA,NA,NA,NA,NA,NA,NA,NA,NA,"GSC International Co., Ltd",NA,NA,NA,NA,NA,NA,NA,NA,NA,NA,NA,NA,NA,NA,NA,NA,NA,NA,NA,NA,NA,NA,NA,NA,NA,443.2,$20.60,NA,NA,NA,NA,NA,NA,NA,NA,NA,NA,NA,NA,NA,NA,NA,NA,NA,NA,NA,NA,NA,NA,NA,NA,NA,NA,NA,NA,NA,NA,NA,NA,NA,NA,NA
Guatemala,2024,COE,auction,Exotic Washed,https://allianceforcoffeeexcellence.org/guatemala-2024/,4,10,NA,Hacienda Del Cafe,NA,NA,87.67,success,NA,NA,NA,NA,"$8,542.26",NA,NA,NA,NA,NA,NA,NA,NA,NA,honu加藤珈琲店株式会社,NA,NA,NA,NA,NA,NA,NA,NA,NA,NA,NA,NA,NA,NA,NA,NA,NA,NA,NA,NA,NA,NA,NA,NA,NA,527.3,$16.20,NA,NA,NA,NA,NA,NA,NA,NA,NA,NA,NA,NA,NA,NA,NA,NA,NA,NA,NA,NA,NA,NA,NA,NA,NA,NA,NA,NA,NA,NA,NA,NA,NA,NA,NA
Guatemala,2024,COE,auction,Exotic Washed,https://allianceforcoffeeexcellence.org/guatemala-2024/,4,11,NA,Vista Hermosa,NA,NA,87.5,success,NA,NA,NA,NA,"$11,764.88",NA,NA,NA,NA,NA,NA,NA,NA,NA,"Linking Coffee,樂波波珈琲 Le bobo coffee,313 Cafe,Billy Roaster,アアアアアア豆焙所,WELLS CAFE,CASA LAPIN,BIG BLACK BOX(Thailand),允品咖啡",NA,NA,NA,NA,NA,NA,NA,NA,NA,NA,NA,NA,NA,NA,NA,NA,NA,NA,NA,NA,NA,NA,NA,NA,NA,591.2,$19.90,NA,NA,NA,NA,NA,NA,NA,NA,NA,NA,NA,NA,NA,NA,NA,NA,NA,NA,NA,NA,NA,NA,NA,NA,NA,NA,NA,NA,NA,NA,NA,NA,NA,NA,NA
Guatemala,2024,COE,auction,Exotic Washed,https://allianceforcoffeeexcellence.org/guatemala-2024/,4,12,NA,Coyote Blanco-Sac Utiú,NA,NA,87.47,success,NA,NA,NA,NA,"$13,293.32",NA,NA,NA,NA,NA,NA,NA,NA,NA,Brew92,NA,NA,NA,NA,NA,NA,NA,NA,NA,NA,NA,NA,NA,NA,NA,NA,NA,NA,NA,NA,NA,NA,NA,NA,NA,588.2,$22.60,NA,NA,NA,NA,NA,NA,NA,NA,NA,NA,NA,NA,NA,NA,NA,NA,NA,NA,NA,NA,NA,NA,NA,NA,NA,NA,NA,NA,NA,NA,NA,NA,NA,NA,NA
Guatemala,2024,COE,auction,Exotic Washed,https://allianceforcoffeeexcellence.org/guatemala-2024/,4,13,NA,Santa Isabel,NA,NA,87.22,success,NA,NA,NA,NA,"$10,093.60",NA,NA,NA,NA,NA,NA,NA,NA,NA,El Gran Cafe,NA,NA,NA,NA,NA,NA,NA,NA,NA,NA,NA,NA,NA,NA,NA,NA,NA,NA,NA,NA,NA,NA,NA,NA,NA,545.6,$18.50,NA,NA,NA,NA,NA,NA,NA,NA,NA,NA,NA,NA,NA,NA,NA,NA,NA,NA,NA,NA,NA,NA,NA,NA,NA,NA,NA,NA,NA,NA,NA,NA,NA,NA,NA
Guatemala,2024,COE,auction,Exotic Natural & Honey,https://allianceforcoffeeexcellence.org/guatemala-2024/,5,1A,NA,Bella Vista,NA,NA,90.20,success,NA,NA,NA,NA,"$15,743.21",NA,NA,NA,NA,NA,NA,NA,NA,NA,"Orsir International Co., Ltd.",NA,NA,NA,NA,NA,NA,NA,NA,NA,NA,NA,NA,NA,NA,NA,NA,NA,NA,NA,NA,NA,NA,NA,NA,NA,436.10,$36.10,NA,NA,NA,NA,NA,NA,NA,NA,NA,NA,NA,NA,NA,NA,NA,NA,NA,NA,NA,NA,NA,NA,NA,NA,NA,NA,NA,NA,NA,NA,NA,NA,NA,NA,NA
Guatemala,2024,COE,auction,Exotic Natural & Honey,https://allianceforcoffeeexcellence.org/guatemala-2024/,5,1B,NA,Bella Vista,NA,NA,90.20,success,NA,NA,NA,NA,"$15,350.72",NA,NA,NA,NA,NA,NA,NA,NA,NA,Angelino’s Coffee,NA,NA,NA,NA,NA,NA,NA,NA,NA,NA,NA,NA,NA,NA,NA,NA,NA,NA,NA,NA,NA,NA,NA,NA,NA,436.10,$35.20,NA,NA,NA,NA,NA,NA,NA,NA,NA,NA,NA,NA,NA,NA,NA,NA,NA,NA,NA,NA,NA,NA,NA,NA,NA,NA,NA,NA,NA,NA,NA,NA,NA,NA,NA
Guatemala,2024,COE,auction,Exotic Natural & Honey,https://allianceforcoffeeexcellence.org/guatemala-2024/,5,2,NA,El Zapote Y Anexos,NA,NA,90.19,success,NA,NA,NA,NA,"$24,971.85",NA,NA,NA,NA,NA,NA,NA,NA,NA,"GSC International Co., Ltd",NA,NA,NA,NA,NA,NA,NA,NA,NA,NA,NA,NA,NA,NA,NA,NA,NA,NA,NA,NA,NA,NA,NA,NA,NA,1183.50,$21.10,NA,NA,NA,NA,NA,NA,NA,NA,NA,NA,NA,NA,NA,NA,NA,NA,NA,NA,NA,NA,NA,NA,NA,NA,NA,NA,NA,NA,NA,NA,NA,NA,NA,NA,NA
Guatemala,2024,COE,auction,Exotic Natural & Honey,https://allianceforcoffeeexcellence.org/guatemala-2024/,5,3,NA,La Gran Manzana,NA,NA,89.80,success,NA,NA,NA,NA,"$12,031.34",NA,NA,NA,NA,NA,NA,NA,NA,NA,NOZY COFFEE,NA,NA,NA,NA,NA,NA,NA,NA,NA,NA,NA,NA,NA,NA,NA,NA,NA,NA,NA,NA,NA,NA,NA,NA,NA,439.10,$27.40,NA,NA,NA,NA,NA,NA,NA,NA,NA,NA,NA,NA,NA,NA,NA,NA,NA,NA,NA,NA,NA,NA,NA,NA,NA,NA,NA,NA,NA,NA,NA,NA,NA,NA,NA
Guatemala,2024,COE,auction,Exotic Natural & Honey,https://allianceforcoffeeexcellence.org/guatemala-2024/,5,4,NA,Ponderosa,NA,NA,89.53,success,NA,NA,NA,NA,"$12,291.00",NA,NA,NA,NA,NA,NA,NA,NA,NA,SUPREMO COFFEE & Proud Mary,NA,NA,NA,NA,NA,NA,NA,NA,NA,NA,NA,NA,NA,NA,NA,NA,NA,NA,NA,NA,NA,NA,NA,NA,NA,819.40,$15.00,NA,NA,NA,NA,NA,NA,NA,NA,NA,NA,NA,NA,NA,NA,NA,NA,NA,NA,NA,NA,NA,NA,NA,NA,NA,NA,NA,NA,NA,NA,NA,NA,NA,NA,NA
Guatemala,2024,COE,auction,Exotic Natural & Honey,https://allianceforcoffeeexcellence.org/guatemala-2024/,5,5,NA,Morelia,NA,NA,88.89,success,NA,NA,NA,NA,"$13,024.80",NA,NA,NA,NA,NA,NA,NA,NA,NA,ErgosCoffee.com (Taiwan) & Ying Fang Lei & 悠樂咖啡Euphora coffees studio,NA,NA,NA,NA,NA,NA,NA,NA,NA,NA,NA,NA,NA,NA,NA,NA,NA,NA,NA,NA,NA,NA,NA,NA,NA,648.00,$20.10,NA,NA,NA,NA,NA,NA,NA,NA,NA,NA,NA,NA,NA,NA,NA,NA,NA,NA,NA,NA,NA,NA,NA,NA,NA,NA,NA,NA,NA,NA,NA,NA,NA,NA,NA
Guatemala,2024,COE,auction,Exotic Natural & Honey,https://allianceforcoffeeexcellence.org/guatemala-2024/,5,6,NA,La Bugambilia,NA,NA,87.61,success,NA,NA,NA,NA,"$6,431.60",NA,NA,NA,NA,NA,NA,NA,NA,NA,Brew92,NA,NA,NA,NA,NA,NA,NA,NA,NA,NA,NA,NA,NA,NA,NA,NA,NA,NA,NA,NA,NA,NA,NA,NA,NA,459.40,$14.00,NA,NA,NA,NA,NA,NA,NA,NA,NA,NA,NA,NA,NA,NA,NA,NA,NA,NA,NA,NA,NA,NA,NA,NA,NA,NA,NA,NA,NA,NA,NA,NA,NA,NA,NA
Guatemala,2024,COE,auction,One Of A Kind,https://allianceforcoffeeexcellence.org/guatemala-2024/,6,1,NA,Bella Elizabeth,NA,NA,89.59,success,NA,NA,NA,NA,"$17,379.65",NA,NA,NA,NA,NA,NA,NA,NA,NA,Angelino’s Coffee,NA,NA,NA,NA,NA,NA,NA,NA,NA,NA,NA,NA,NA,NA,NA,NA,NA,NA,NA,NA,NA,NA,NA,NA,NA,900.50,$19.30,NA,NA,NA,NA,NA,NA,NA,NA,NA,NA,NA,NA,NA,NA,NA,NA,NA,NA,NA,NA,NA,NA,NA,NA,NA,NA,NA,NA,NA,NA,NA,NA,NA,NA,NA
Guatemala,2024,COE,auction,One Of A Kind,https://allianceforcoffeeexcellence.org/guatemala-2024/,6,2,NA,Plan De La Vega,NA,NA,89.28,success,NA,NA,NA,NA,"$10,187.12",NA,NA,NA,NA,NA,NA,NA,NA,NA,"ADACHI COFFEE, BRANCH COFFEE, COFFEE A GO! GO!, CHATORA COFFEE, Sugi Coffee Roasting, TABEI COFFEE, THOTH COFFEE, YOKOI COFFEE, YAMADA COFFEE, SPROUT, COFFEA EXLIBRIS",NA,NA,NA,NA,NA,NA,NA,NA,NA,NA,NA,NA,NA,NA,NA,NA,NA,NA,NA,NA,NA,NA,NA,NA,NA,635.90,$16.02,NA,NA,NA,NA,NA,NA,NA,NA,NA,NA,NA,NA,NA,NA,NA,NA,NA,NA,NA,NA,NA,NA,NA,NA,NA,NA,NA,NA,NA,NA,NA,NA,NA,NA,NA
Guatemala,2024,COE,auction,One Of A Kind,https://allianceforcoffeeexcellence.org/guatemala-2024/,6,3,NA,La Cima,NA,NA,89.23,success,NA,NA,NA,NA,"$12,129.00",NA,NA,NA,NA,NA,NA,NA,NA,NA,"Wataru & Co., Ltd.",NA,NA,NA,NA,NA,NA,NA,NA,NA,NA,NA,NA,NA,NA,NA,NA,NA,NA,NA,NA,NA,NA,NA,NA,NA,933.00,$13.00,NA,NA,NA,NA,NA,NA,NA,NA,NA,NA,NA,NA,NA,NA,NA,NA,NA,NA,NA,NA,NA,NA,NA,NA,NA,NA,NA,NA,NA,NA,NA,NA,NA,NA,NA
Guatemala,2024,COE,auction,One Of A Kind,https://allianceforcoffeeexcellence.org/guatemala-2024/,6,4,NA,Coop. Agricola Integral Chicoj. R.L.,NA,NA,88.97,success,NA,NA,NA,NA,"$9,370.90",NA,NA,NA,NA,NA,NA,NA,NA,NA,M.I.Coffee Corporation,NA,NA,NA,NA,NA,NA,NA,NA,NA,NA,NA,NA,NA,NA,NA,NA,NA,NA,NA,NA,NA,NA,NA,NA,NA,608.50,$15.40,NA,NA,NA,NA,NA,NA,NA,NA,NA,NA,NA,NA,NA,NA,NA,NA,NA,NA,NA,NA,NA,NA,NA,NA,NA,NA,NA,NA,NA,NA,NA,NA,NA,NA,NA
Guatemala,2024,COE,auction,One Of A Kind,https://allianceforcoffeeexcellence.org/guatemala-2024/,6,5,NA,Los Conejos,NA,NA,88.20,success,NA,NA,NA,NA,"$9,523.14",NA,NA,NA,NA,NA,NA,NA,NA,NA,"Wataru & Co., Ltd.",NA,NA,NA,NA,NA,NA,NA,NA,NA,NA,NA,NA,NA,NA,NA,NA,NA,NA,NA,NA,NA,NA,NA,NA,NA,675.40,$14.10,NA,NA,NA,NA,NA,NA,NA,NA,NA,NA,NA,NA,NA,NA,NA,NA,NA,NA,NA,NA,NA,NA,NA,NA,NA,NA,NA,NA,NA,NA,NA,NA,NA,NA,NA
Guatemala,2024,COE,auction,One Of A Kind,https://allianceforcoffeeexcellence.org/guatemala-2024/,6,6,NA,La Bolsa,NA,NA,87.70,success,NA,NA,NA,NA,"$8,461.60",NA,NA,NA,NA,NA,NA,NA,NA,NA,Campos Coffee,NA,NA,NA,NA,NA,NA,NA,NA,NA,NA,NA,NA,NA,NA,NA,NA,NA,NA,NA,NA,NA,NA,NA,NA,NA,604.40,$14.00,NA,NA,NA,NA,NA,NA,NA,NA,NA,NA,NA,NA,NA,NA,NA,NA,NA,NA,NA,NA,NA,NA,NA,NA,NA,NA,NA,NA,NA,NA,NA,NA,NA,NA,NA
Guatemala,2024,COE,auction,One Of A Kind,https://allianceforcoffeeexcellence.org/guatemala-2024/,6,7,NA,La Tacita,NA,NA,87.50,success,NA,NA,NA,NA,"$12,101.49",NA,NA,NA,NA,NA,NA,NA,NA,NA,"Wataru & Co., Ltd.",NA,NA,NA,NA,NA,NA,NA,NA,NA,NA,NA,NA,NA,NA,NA,NA,NA,NA,NA,NA,NA,NA,NA,NA,NA,938.10,$12.90,NA,NA,NA,NA,NA,NA,NA,NA,NA,NA,NA,NA,NA,NA,NA,NA,NA,NA,NA,NA,NA,NA,NA,NA,NA,NA,NA,NA,NA,NA,NA,NA,NA,NA,NA
Guatemala,2024,COE,auction,One Of A Kind,https://allianceforcoffeeexcellence.org/guatemala-2024/,6,8,NA,El Cipres,NA,NA,87.30,success,NA,NA,NA,NA,"$6,403.60",NA,NA,NA,NA,NA,NA,NA,NA,NA,Brew92,NA,NA,NA,NA,NA,NA,NA,NA,NA,NA,NA,NA,NA,NA,NA,NA,NA,NA,NA,NA,NA,NA,NA,NA,NA,457.40,$14.00,NA,NA,NA,NA,NA,NA,NA,NA,NA,NA,NA,NA,NA,NA,NA,NA,NA,NA,NA,NA,NA,NA,NA,NA,NA,NA,NA,NA,NA,NA,NA,NA,NA,NA,NA
Guatemala,2024,COE,auction,One Of A Kind,https://allianceforcoffeeexcellence.org/guatemala-2024/,6,9,NA,Calahute Alto,NA,NA,87.22,success,NA,NA,NA,NA,"$7,672.60",NA,NA,NA,NA,NA,NA,NA,NA,NA,Wataru for Voila Coffee,NA,NA,NA,NA,NA,NA,NA,NA,NA,NA,NA,NA,NA,NA,NA,NA,NA,NA,NA,NA,NA,NA,NA,NA,NA,590.20,$13.00,NA,NA,NA,NA,NA,NA,NA,NA,NA,NA,NA,NA,NA,NA,NA,NA,NA,NA,NA,NA,NA,NA,NA,NA,NA,NA,NA,NA,NA,NA,NA,NA,NA,NA,NA
Guatemala,2024,NW,auction,Exotic Natural & Honey,https://allianceforcoffeeexcellence.org/guatemala-2024/,8,NW,NA,Pampojila Y Anexos,NA,NA,86.95,success,NA,NA,NA,NA,"$10,291.05",NA,NA,NA,NA,NA,NA,NA,NA,NA,SARUTAHIKO COFFEE,NA,NA,NA,NA,NA,NA,NA,NA,NA,NA,NA,NA,NA,NA,NA,NA,NA,NA,NA,NA,NA,NA,NA,NA,NA,1039.50,$9.90,NA,NA,NA,NA,NA,NA,NA,NA,NA,NA,NA,NA,NA,NA,NA,NA,NA,NA,NA,NA,NA,NA,NA,NA,NA,NA,NA,NA,NA,NA,NA,NA,NA,NA,NA
Guatemala,2024,NW,auction,Exotic Natural & Honey,https://allianceforcoffeeexcellence.org/guatemala-2024/,8,NW,NA,Santa Ines,NA,NA,86.89,success,NA,NA,NA,NA,"$7,586.00",NA,NA,NA,NA,NA,NA,NA,NA,NA,"Linking Coffee,
合力咖啡Café de Synergie,
樂波波珈琲Le BoBo coffee,
失親兒福利基金會TOWF 「有光咖啡」Taipei Orphan Welfare Foundation/ Yehi’or",NA,NA,NA,NA,NA,NA,NA,NA,NA,NA,NA,NA,NA,NA,NA,NA,NA,NA,NA,NA,NA,NA,NA,NA,NA,758.60,$10.00,NA,NA,NA,NA,NA,NA,NA,NA,NA,NA,NA,NA,NA,NA,NA,NA,NA,NA,NA,NA,NA,NA,NA,NA,NA,NA,NA,NA,NA,NA,NA,NA,NA,NA,NA
Guatemala,2024,NW,auction,Exotic Natural & Honey,https://allianceforcoffeeexcellence.org/guatemala-2024/,8,NW,NA,Los Andes,NA,NA,85.38,success,NA,NA,NA,NA,"$6,347.25",NA,NA,NA,NA,NA,NA,NA,NA,NA,"Saerin co.,Ltd(MGPG)",NA,NA,NA,NA,NA,NA,NA,NA,NA,NA,NA,NA,NA,NA,NA,NA,NA,NA,NA,NA,NA,NA,NA,NA,NA,682.50,$9.30,NA,NA,NA,NA,NA,NA,NA,NA,NA,NA,NA,NA,NA,NA,NA,NA,NA,NA,NA,NA,NA,NA,NA,NA,NA,NA,NA,NA,NA,NA,NA,NA,NA,NA,NA
Guatemala,2025,COE,auction,Exotic Washed,https://allianceforcoffeeexcellence.org/guatemala-2025/,4,1A,NA,NA,NA,NA,"91,15",success,NA,NA,NA,NA,$41727.96,NA,NA,NA,NA,NA,La Gran Manzana,NA,NA,NA,NA,NA,NA,NA,NA,NA,NA,NA,NA,NA,NA,NA,NA,NA,NA,NA,NA,NA,NA,NA,NA,NA,NA,NA,NA,NA,NA,NA,NA,NA,NA,NA,NA,NA,291.6lbs,$143.10/lb,NA,NA,NA,NA,NA,"Taiwan Coffee Development Association, BEAN SUPER 豆超國際, Orsir International Co 歐舍咖啡, Taiwan Coffee Laboratory",NA,NA,NA,NA,NA,NA,NA,NA,NA,NA,NA,NA,NA,NA,NA,NA,NA,NA,NA,NA,NA
Guatemala,2025,COE,auction,Exotic Washed,https://allianceforcoffeeexcellence.org/guatemala-2025/,4,1B,NA,NA,NA,NA,"91,15",success,NA,NA,NA,NA,$34233.84,NA,NA,NA,NA,NA,La Gran Manzana,NA,NA,NA,NA,NA,NA,NA,NA,NA,NA,NA,NA,NA,NA,NA,NA,NA,NA,NA,NA,NA,NA,NA,NA,NA,NA,NA,NA,NA,NA,NA,NA,NA,NA,NA,NA,NA,291.6lbs,$117.40/lb,NA,NA,NA,NA,NA,"ECOM Japan for TSUJIMOTO COFFEE, TRIBE, NOZY COFFEE, REC COFFEE",NA,NA,NA,NA,NA,NA,NA,NA,NA,NA,NA,NA,NA,NA,NA,NA,NA,NA,NA,NA,NA
Guatemala,2025,COE,auction,Exotic Washed,https://allianceforcoffeeexcellence.org/guatemala-2025/,4,2,NA,NA,NA,NA,"90,90",success,NA,NA,NA,NA,$38152.00,NA,NA,NA,NA,NA,El Morito,NA,NA,NA,NA,NA,NA,NA,NA,NA,NA,NA,NA,NA,NA,NA,NA,NA,NA,NA,NA,NA,NA,NA,NA,NA,NA,NA,NA,NA,NA,NA,NA,NA,NA,NA,NA,NA,502lbs,$76.00/lb,NA,NA,NA,NA,NA,DAESANG DIVES,NA,NA,NA,NA,NA,NA,NA,NA,NA,NA,NA,NA,NA,NA,NA,NA,NA,NA,NA,NA,NA
Guatemala,2025,COE,auction,Exotic Washed,https://allianceforcoffeeexcellence.org/guatemala-2025/,4,3,NA,NA,NA,NA,"90,65",success,NA,NA,NA,NA,$52721.82,NA,NA,NA,NA,NA,El Socorro,NA,NA,NA,NA,NA,NA,NA,NA,NA,NA,NA,NA,NA,NA,NA,NA,NA,NA,NA,NA,NA,NA,NA,NA,NA,NA,NA,NA,NA,NA,NA,NA,NA,NA,NA,NA,NA,658.2lbs,$80.10/lb,NA,NA,NA,NA,NA,MOMOS COFFEE,NA,NA,NA,NA,NA,NA,NA,NA,NA,NA,NA,NA,NA,NA,NA,NA,NA,NA,NA,NA,NA
Guatemala,2025,COE,auction,Exotic Washed,https://allianceforcoffeeexcellence.org/guatemala-2025/,4,4,NA,NA,NA,NA,"89,38",success,NA,NA,NA,NA,$17687.57,NA,NA,NA,NA,NA,Hacienda Del Café,NA,NA,NA,NA,NA,NA,NA,NA,NA,NA,NA,NA,NA,NA,NA,NA,NA,NA,NA,NA,NA,NA,NA,NA,NA,NA,NA,NA,NA,NA,NA,NA,NA,NA,NA,NA,NA,585.1lbs,$30.23/lb,NA,NA,NA,NA,NA,Sarutahiko Coffee Inc.,NA,NA,NA,NA,NA,NA,NA,NA,NA,NA,NA,NA,NA,NA,NA,NA,NA,NA,NA,NA,NA
Guatemala,2025,COE,auction,Exotic Washed,https://allianceforcoffeeexcellence.org/guatemala-2025/,4,5,NA,NA,NA,NA,"89,24",success,NA,NA,NA,NA,$20518.75,NA,NA,NA,NA,NA,El Injerto I,NA,NA,NA,NA,NA,NA,NA,NA,NA,NA,NA,NA,NA,NA,NA,NA,NA,NA,NA,NA,NA,NA,NA,NA,NA,NA,NA,NA,NA,NA,NA,NA,NA,NA,NA,NA,NA,612.5lbs,$33.50/lb,NA,NA,NA,NA,NA,"MOMOS COFFEE, KALAS COFFEE, MALIC COFFEE, DEEPBLUELAKE, HEBE COFFEE, SANGDOOGRAY , Always Au8ust",NA,NA,NA,NA,NA,NA,NA,NA,NA,NA,NA,NA,NA,NA,NA,NA,NA,NA,NA,NA,NA
Guatemala,2025,COE,auction,Exotic Washed,https://allianceforcoffeeexcellence.org/guatemala-2025/,4,6,NA,NA,NA,NA,"88,76",success,NA,NA,NA,NA,$20156.85,NA,NA,NA,NA,NA,Rosma,NA,NA,NA,NA,NA,NA,NA,NA,NA,NA,NA,NA,NA,NA,NA,NA,NA,NA,NA,NA,NA,NA,NA,NA,NA,NA,NA,NA,NA,NA,NA,NA,NA,NA,NA,NA,NA,639.9lbs,$31.50/lb,NA,NA,NA,NA,NA,GESHARY COFFEE,NA,NA,NA,NA,NA,NA,NA,NA,NA,NA,NA,NA,NA,NA,NA,NA,NA,NA,NA,NA,NA
Guatemala,2025,COE,auction,Exotic Washed,https://allianceforcoffeeexcellence.org/guatemala-2025/,4,7,NA,NA,NA,NA,"88,16",success,NA,NA,NA,NA,$18711.92,NA,NA,NA,NA,NA,Villaure,NA,NA,NA,NA,NA,NA,NA,NA,NA,NA,NA,NA,NA,NA,NA,NA,NA,NA,NA,NA,NA,NA,NA,NA,NA,NA,NA,NA,NA,NA,NA,NA,NA,NA,NA,NA,NA,619.6lbs,$30.20/lb,NA,NA,NA,NA,NA,Brew92 Cafe & Roastery,NA,NA,NA,NA,NA,NA,NA,NA,NA,NA,NA,NA,NA,NA,NA,NA,NA,NA,NA,NA,NA
Guatemala,2025,COE,auction,Exotic Washed,https://allianceforcoffeeexcellence.org/guatemala-2025/,4,8,NA,NA,NA,NA,"87,79",success,NA,NA,NA,NA,$16952.98,NA,NA,NA,NA,NA,Vista Hermosa,NA,NA,NA,NA,NA,NA,NA,NA,NA,NA,NA,NA,NA,NA,NA,NA,NA,NA,NA,NA,NA,NA,NA,NA,NA,NA,NA,NA,NA,NA,NA,NA,NA,NA,NA,NA,NA,560.8lbs,$30.23/lb,NA,NA,NA,NA,NA,"Linking Coffee Co., Ltd. Big Black Box(Thailand), n樂波波珈琲 Le BoBo Coffee(Taiwan), Ten Past Ten咖啡豆專賣店(Taiwan), Brave Roasters(Thailand), Saerin co.,Ltd (MOGIPOGROUND)",NA,NA,NA,NA,NA,NA,NA,NA,NA,NA,NA,NA,NA,NA,NA,NA,NA,NA,NA,NA,NA
Guatemala,2025,COE,auction,Exotic Washed,https://allianceforcoffeeexcellence.org/guatemala-2025/,4,9,NA,NA,NA,NA,"87,66",success,NA,NA,NA,NA,$11448.86,NA,NA,NA,NA,NA,Plan De La Vega,NA,NA,NA,NA,NA,NA,NA,NA,NA,NA,NA,NA,NA,NA,NA,NA,NA,NA,NA,NA,NA,NA,NA,NA,NA,NA,NA,NA,NA,NA,NA,NA,NA,NA,NA,NA,NA,542.6lbs,$21.10/lb,NA,NA,NA,NA,NA,Angelino’s Coffee,NA,NA,NA,NA,NA,NA,NA,NA,NA,NA,NA,NA,NA,NA,NA,NA,NA,NA,NA,NA,NA
Guatemala,2025,COE,auction,Exotic Washed,https://allianceforcoffeeexcellence.org/guatemala-2025/,4,10,NA,NA,NA,NA,"87,50",success,NA,NA,NA,NA,$17640.96,NA,NA,NA,NA,NA,La Peña,NA,NA,NA,NA,NA,NA,NA,NA,NA,NA,NA,NA,NA,NA,NA,NA,NA,NA,NA,NA,NA,NA,NA,NA,NA,NA,NA,NA,NA,NA,NA,NA,NA,NA,NA,NA,NA,918.8lbs,$19.20/lb,NA,NA,NA,NA,NA,Terarosa (Haksan Co.Ltd),NA,NA,NA,NA,NA,NA,NA,NA,NA,NA,NA,NA,NA,NA,NA,NA,NA,NA,NA,NA,NA
Guatemala,2025,COE,auction,Exotic Washed,https://allianceforcoffeeexcellence.org/guatemala-2025/,4,11,NA,NA,NA,NA,"87,50",success,NA,NA,NA,NA,$15738.08,NA,NA,NA,NA,NA,Sierra Roja,NA,NA,NA,NA,NA,NA,NA,NA,NA,NA,NA,NA,NA,NA,NA,NA,NA,NA,NA,NA,NA,NA,NA,NA,NA,NA,NA,NA,NA,NA,NA,NA,NA,NA,NA,NA,NA,"1,035.4lbs",$15.20/lb,NA,NA,NA,NA,NA,"Wataru & Co., Ltd.",NA,NA,NA,NA,NA,NA,NA,NA,NA,NA,NA,NA,NA,NA,NA,NA,NA,NA,NA,NA,NA
Guatemala,2025,COE,auction,Exotic Washed,https://allianceforcoffeeexcellence.org/guatemala-2025/,4,12,NA,NA,NA,NA,"87,44",success,NA,NA,NA,NA,$11802.00,NA,NA,NA,NA,NA,Guatalon,NA,NA,NA,NA,NA,NA,NA,NA,NA,NA,NA,NA,NA,NA,NA,NA,NA,NA,NA,NA,NA,NA,NA,NA,NA,NA,NA,NA,NA,NA,NA,NA,NA,NA,NA,NA,NA,674.4lbs,$17.50/lb,NA,NA,NA,NA,NA,"CAMEL COFFEE CO.,LTD. (KALDI COFFEE FARM)",NA,NA,NA,NA,NA,NA,NA,NA,NA,NA,NA,NA,NA,NA,NA,NA,NA,NA,NA,NA,NA
Guatemala,2025,COE,auction,Exotic Natural & Honey,https://allianceforcoffeeexcellence.org/guatemala-2025/,5,1A,NA,NA,NA,NA,"91,04",success,NA,NA,NA,NA,$32918.96,NA,NA,NA,NA,NA,Las Macadamias,NA,NA,NA,NA,NA,NA,NA,NA,NA,NA,NA,NA,NA,NA,NA,NA,NA,NA,NA,NA,NA,NA,NA,NA,NA,NA,NA,NA,NA,NA,NA,NA,NA,NA,NA,NA,NA,280.4lbs,$117.40/lb,NA,NA,NA,NA,NA,"MOMOS COFFEE, MALIC COFFEE, DEEPBLUELAKE, Always Au8ust",NA,NA,NA,NA,NA,NA,NA,NA,NA,NA,NA,NA,NA,NA,NA,NA,NA,NA,NA,NA,NA
Guatemala,2025,COE,auction,Exotic Natural & Honey,https://allianceforcoffeeexcellence.org/guatemala-2025/,5,1B,NA,NA,NA,NA,"91,04",success,NA,NA,NA,NA,$32918.96,NA,NA,NA,NA,NA,Las Macadamias,NA,NA,NA,NA,NA,NA,NA,NA,NA,NA,NA,NA,NA,NA,NA,NA,NA,NA,NA,NA,NA,NA,NA,NA,NA,NA,NA,NA,NA,NA,NA,NA,NA,NA,NA,NA,NA,280.4lbs,$117.40/lb,NA,NA,NA,NA,NA,"Coffee Me Up (Korea),  Coffee Therapy (Thailand), TWO HANDS FULL (Indonesia), Lotus Lab, HAEWOL Coffee (Korea)",NA,NA,NA,NA,NA,NA,NA,NA,NA,NA,NA,NA,NA,NA,NA,NA,NA,NA,NA,NA,NA
Guatemala,2025,COE,auction,Exotic Natural & Honey,https://allianceforcoffeeexcellence.org/guatemala-2025/,5,2,NA,NA,NA,NA,"90,53",success,NA,NA,NA,NA,$27588.21,NA,NA,NA,NA,NA,Morelia,NA,NA,NA,NA,NA,NA,NA,NA,NA,NA,NA,NA,NA,NA,NA,NA,NA,NA,NA,NA,NA,NA,NA,NA,NA,NA,NA,NA,NA,NA,NA,NA,NA,NA,NA,NA,NA,724.1lbs,$38.10/lb,NA,NA,NA,NA,NA,Sulalat,NA,NA,NA,NA,NA,NA,NA,NA,NA,NA,NA,NA,NA,NA,NA,NA,NA,NA,NA,NA,NA
Guatemala,2025,COE,auction,Exotic Natural & Honey,https://allianceforcoffeeexcellence.org/guatemala-2025/,5,3,NA,NA,NA,NA,"89,25",success,NA,NA,NA,NA,$22719.03,NA,NA,NA,NA,NA,Los Jutes,NA,NA,NA,NA,NA,NA,NA,NA,NA,NA,NA,NA,NA,NA,NA,NA,NA,NA,NA,NA,NA,NA,NA,NA,NA,NA,NA,NA,NA,NA,NA,NA,NA,NA,NA,NA,NA,596.3lbs,$38.10/lb,NA,NA,NA,NA,NA,Sulalat,NA,NA,NA,NA,NA,NA,NA,NA,NA,NA,NA,NA,NA,NA,NA,NA,NA,NA,NA,NA,NA
Guatemala,2025,COE,auction,Exotic Natural & Honey,https://allianceforcoffeeexcellence.org/guatemala-2025/,5,4,NA,NA,NA,NA,"89,21",success,NA,NA,NA,NA,$15330.96,NA,NA,NA,NA,NA,La Cookies,NA,NA,NA,NA,NA,NA,NA,NA,NA,NA,NA,NA,NA,NA,NA,NA,NA,NA,NA,NA,NA,NA,NA,NA,NA,NA,NA,NA,NA,NA,NA,NA,NA,NA,NA,NA,NA,477.6lbs,$32.10/lb,NA,NA,NA,NA,NA,ORO ROASTERS,NA,NA,NA,NA,NA,NA,NA,NA,NA,NA,NA,NA,NA,NA,NA,NA,NA,NA,NA,NA,NA
Guatemala,2025,COE,auction,Exotic Natural & Honey,https://allianceforcoffeeexcellence.org/guatemala-2025/,5,5,NA,NA,NA,NA,"88,79",success,NA,NA,NA,NA,$15275.56,NA,NA,NA,NA,NA,Bella Vista,NA,NA,NA,NA,NA,NA,NA,NA,NA,NA,NA,NA,NA,NA,NA,NA,NA,NA,NA,NA,NA,NA,NA,NA,NA,NA,NA,NA,NA,NA,NA,NA,NA,NA,NA,NA,NA,601.4lbs,$25.40/lb,NA,NA,NA,NA,NA,Brew92 Cafe & Roastery,NA,NA,NA,NA,NA,NA,NA,NA,NA,NA,NA,NA,NA,NA,NA,NA,NA,NA,NA,NA,NA
Guatemala,2025,COE,auction,Exotic Natural & Honey,https://allianceforcoffeeexcellence.org/guatemala-2025/,5,6,NA,NA,NA,NA,"88,62",success,NA,NA,NA,NA,$13504.35,NA,NA,NA,NA,NA,La Florida,NA,NA,NA,NA,NA,NA,NA,NA,NA,NA,NA,NA,NA,NA,NA,NA,NA,NA,NA,NA,NA,NA,NA,NA,NA,NA,NA,NA,NA,NA,NA,NA,NA,NA,NA,NA,NA,685.5lbs,$19.70/lb,NA,NA,NA,NA,NA,Cultivar Coffee Roasting Co. MayForest,NA,NA,NA,NA,NA,NA,NA,NA,NA,NA,NA,NA,NA,NA,NA,NA,NA,NA,NA,NA,NA
Guatemala,2025,COE,auction,Exotic Natural & Honey,https://allianceforcoffeeexcellence.org/guatemala-2025/,5,7,NA,NA,NA,NA,"88,46",success,NA,NA,NA,NA,$19223.97,NA,NA,NA,NA,NA,Pampojila Y Anexos,NA,NA,NA,NA,NA,NA,NA,NA,NA,NA,NA,NA,NA,NA,NA,NA,NA,NA,NA,NA,NA,NA,NA,NA,NA,NA,NA,NA,NA,NA,NA,NA,NA,NA,NA,NA,NA,"1,086.1lbs",$17.70/lb,NA,NA,NA,NA,NA,Young-In Traders Pte Ltd,NA,NA,NA,NA,NA,NA,NA,NA,NA,NA,NA,NA,NA,NA,NA,NA,NA,NA,NA,NA,NA
Guatemala,2025,COE,auction,Exotic Natural & Honey,https://allianceforcoffeeexcellence.org/guatemala-2025/,5,8,NA,NA,NA,NA,"88,38",success,NA,NA,NA,NA,$19881.82,NA,NA,NA,NA,NA,San Patricio El Limon,NA,NA,NA,NA,NA,NA,NA,NA,NA,NA,NA,NA,NA,NA,NA,NA,NA,NA,NA,NA,NA,NA,NA,NA,NA,NA,NA,NA,NA,NA,NA,NA,NA,NA,NA,NA,NA,"1,197.7lbs",$16.60/lb,NA,NA,NA,NA,NA,honu加藤珈琲店株式会社,NA,NA,NA,NA,NA,NA,NA,NA,NA,NA,NA,NA,NA,NA,NA,NA,NA,NA,NA,NA,NA
Guatemala,2025,COE,auction,Exotic Natural & Honey,https://allianceforcoffeeexcellence.org/guatemala-2025/,5,9,NA,NA,NA,NA,"87,99",success,NA,NA,NA,NA,$11892.90,NA,NA,NA,NA,NA,San Isidro Chacaya,NA,NA,NA,NA,NA,NA,NA,NA,NA,NA,NA,NA,NA,NA,NA,NA,NA,NA,NA,NA,NA,NA,NA,NA,NA,NA,NA,NA,NA,NA,NA,NA,NA,NA,NA,NA,NA,683.5lbs,$17.40/lb,NA,NA,NA,NA,NA,List + Beisler GmbH,NA,NA,NA,NA,NA,NA,NA,NA,NA,NA,NA,NA,NA,NA,NA,NA,NA,NA,NA,NA,NA
Guatemala,2025,COE,auction,Exotic Natural & Honey,https://allianceforcoffeeexcellence.org/guatemala-2025/,5,10,NA,NA,NA,NA,"87,75",success,NA,NA,NA,NA,$10274.80,NA,NA,NA,NA,NA,La Bolsa,NA,NA,NA,NA,NA,NA,NA,NA,NA,NA,NA,NA,NA,NA,NA,NA,NA,NA,NA,NA,NA,NA,NA,NA,NA,NA,NA,NA,NA,NA,NA,NA,NA,NA,NA,NA,NA,604.4lbs,$17.00/lb,NA,NA,NA,NA,NA,Taiwan Coffee Development Association、Taisugar、Taiwan Coffee Laboratory,NA,NA,NA,NA,NA,NA,NA,NA,NA,NA,NA,NA,NA,NA,NA,NA,NA,NA,NA,NA,NA
Guatemala,2025,COE,auction,One Of A Kind,https://allianceforcoffeeexcellence.org/guatemala-2025/,6,1A,NA,NA,NA,NA,"89,26",success,NA,NA,NA,NA,$6837.74,NA,NA,NA,NA,NA,El Nazareno,NA,NA,NA,NA,NA,NA,NA,NA,NA,NA,NA,NA,NA,NA,NA,NA,NA,NA,NA,NA,NA,NA,NA,NA,NA,NA,NA,NA,NA,NA,NA,NA,NA,NA,NA,NA,NA,375.7lbs,$18.20/lb,NA,NA,NA,NA,NA,WOLF ROASTERY,NA,NA,NA,NA,NA,NA,NA,NA,NA,NA,NA,NA,NA,NA,NA,NA,NA,NA,NA,NA,NA
Guatemala,2025,COE,auction,One Of A Kind,https://allianceforcoffeeexcellence.org/guatemala-2025/,6,1B,NA,NA,NA,NA,"89,26",success,NA,NA,NA,NA,$6236.62,NA,NA,NA,NA,NA,El Nazareno,NA,NA,NA,NA,NA,NA,NA,NA,NA,NA,NA,NA,NA,NA,NA,NA,NA,NA,NA,NA,NA,NA,NA,NA,NA,NA,NA,NA,NA,NA,NA,NA,NA,NA,NA,NA,NA,375.7lbs,$16.60/lb,NA,NA,NA,NA,NA,WAVY COFFEE ROASTERS by Marukai,NA,NA,NA,NA,NA,NA,NA,NA,NA,NA,NA,NA,NA,NA,NA,NA,NA,NA,NA,NA,NA
Guatemala,2025,COE,auction,One Of A Kind,https://allianceforcoffeeexcellence.org/guatemala-2025/,6,2,NA,NA,NA,NA,"89,09",success,NA,NA,NA,NA,$9767.88,NA,NA,NA,NA,NA,Bella Elizabeth,NA,NA,NA,NA,NA,NA,NA,NA,NA,NA,NA,NA,NA,NA,NA,NA,NA,NA,NA,NA,NA,NA,NA,NA,NA,NA,NA,NA,NA,NA,NA,NA,NA,NA,NA,NA,NA,567.9lbs,$17.20/lb,NA,NA,NA,NA,NA,Idle Hands Roasting Co.; Pedestrian Coffee; RYANS COFFEE ROASTERS; Snowbeans Coffee; Songdo Coffee.,NA,NA,NA,NA,NA,NA,NA,NA,NA,NA,NA,NA,NA,NA,NA,NA,NA,NA,NA,NA,NA
Guatemala,2025,COE,auction,One Of A Kind,https://allianceforcoffeeexcellence.org/guatemala-2025/,6,3,NA,NA,NA,NA,"89,06",success,NA,NA,NA,NA,$19632.04,NA,NA,NA,NA,NA,Granito De Oro,NA,NA,NA,NA,NA,NA,NA,NA,NA,NA,NA,NA,NA,NA,NA,NA,NA,NA,NA,NA,NA,NA,NA,NA,NA,NA,NA,NA,NA,NA,NA,NA,NA,NA,NA,NA,NA,"1,065.8lbs",$18.42/lb,NA,NA,NA,NA,NA,"Wataru & Co., Ltd.",NA,NA,NA,NA,NA,NA,NA,NA,NA,NA,NA,NA,NA,NA,NA,NA,NA,NA,NA,NA,NA
Guatemala,2025,COE,auction,One Of A Kind,https://allianceforcoffeeexcellence.org/guatemala-2025/,6,4,NA,NA,NA,NA,"87,65",success,NA,NA,NA,NA,$11043.76,NA,NA,NA,NA,NA,El Vergel,NA,NA,NA,NA,NA,NA,NA,NA,NA,NA,NA,NA,NA,NA,NA,NA,NA,NA,NA,NA,NA,NA,NA,NA,NA,NA,NA,NA,NA,NA,NA,NA,NA,NA,NA,NA,NA,673.4lbs,$16.40/lb,NA,NA,NA,NA,NA,Sulalat,NA,NA,NA,NA,NA,NA,NA,NA,NA,NA,NA,NA,NA,NA,NA,NA,NA,NA,NA,NA,NA
Guatemala,2025,COE,auction,One Of A Kind,https://allianceforcoffeeexcellence.org/guatemala-2025/,6,5,NA,NA,NA,NA,"87,56",success,NA,NA,NA,NA,$9733.48,NA,NA,NA,NA,NA,Los Arroyos,NA,NA,NA,NA,NA,NA,NA,NA,NA,NA,NA,NA,NA,NA,NA,NA,NA,NA,NA,NA,NA,NA,NA,NA,NA,NA,NA,NA,NA,NA,NA,NA,NA,NA,NA,NA,NA,565.9lbs,$17.20/lb,NA,NA,NA,NA,NA,"Wataru & Co., Ltd.",NA,NA,NA,NA,NA,NA,NA,NA,NA,NA,NA,NA,NA,NA,NA,NA,NA,NA,NA,NA,NA
Guatemala,2025,COE,auction,One Of A Kind,https://allianceforcoffeeexcellence.org/guatemala-2025/,6,6,NA,NA,NA,NA,"87,47",success,NA,NA,NA,NA,$9346.21,NA,NA,NA,NA,NA,La Tormenta,NA,NA,NA,NA,NA,NA,NA,NA,NA,NA,NA,NA,NA,NA,NA,NA,NA,NA,NA,NA,NA,NA,NA,NA,NA,NA,NA,NA,NA,NA,NA,NA,NA,NA,NA,NA,NA,595.3lbs,$15.70/lb,NA,NA,NA,NA,NA,Wataru for Voila Coffee,NA,NA,NA,NA,NA,NA,NA,NA,NA,NA,NA,NA,NA,NA,NA,NA,NA,NA,NA,NA,NA
Guatemala,2025,COE,auction,One Of A Kind,https://allianceforcoffeeexcellence.org/guatemala-2025/,6,7,NA,NA,NA,NA,"87,34",success,NA,NA,NA,NA,$11680.35,NA,NA,NA,NA,NA,Granja El Tempixque,NA,NA,NA,NA,NA,NA,NA,NA,NA,NA,NA,NA,NA,NA,NA,NA,NA,NA,NA,NA,NA,NA,NA,NA,NA,NA,NA,NA,NA,NA,NA,NA,NA,NA,NA,NA,NA,707.9lbs,$16.50/lb,NA,NA,NA,NA,NA,Prodigal Coffee,NA,NA,NA,NA,NA,NA,NA,NA,NA,NA,NA,NA,NA,NA,NA,NA,NA,NA,NA,NA,NA
Guatemala,2025,COE,auction,One Of A Kind,https://allianceforcoffeeexcellence.org/guatemala-2025/,6,8,NA,NA,NA,NA,"87,21",success,NA,NA,NA,NA,$9838.95,NA,NA,NA,NA,NA,El Diamante,NA,NA,NA,NA,NA,NA,NA,NA,NA,NA,NA,NA,NA,NA,NA,NA,NA,NA,NA,NA,NA,NA,NA,NA,NA,NA,NA,NA,NA,NA,NA,NA,NA,NA,NA,NA,NA,596.3lbs,$16.50/lb,NA,NA,NA,NA,NA,"El Gran Cafe, S.A.",NA,NA,NA,NA,NA,NA,NA,NA,NA,NA,NA,NA,NA,NA,NA,NA,NA,NA,NA,NA,NA
Guatemala,2025,NW,auction,Exotic Natural & Honey,https://allianceforcoffeeexcellence.org/guatemala-2025/,9,NW,NA,NA,NA,NA,"87,53",success,NA,NA,NA,NA,$3769.34,NA,NA,NA,NA,NA,San Rafael,NA,NA,NA,NA,NA,NA,NA,NA,NA,NA,NA,NA,NA,NA,NA,NA,NA,NA,NA,NA,NA,NA,NA,NA,NA,NA,NA,NA,NA,NA,NA,NA,NA,NA,NA,NA,NA,736.2lbs,$5.12/lb,NA,NA,NA,NA,NA,Ryans Coffee Roasters,NA,NA,NA,NA,NA,NA,NA,NA,NA,NA,NA,NA,NA,NA,NA,NA,NA,NA,NA,NA,NA
Guatemala,2025,NW,auction,Exotic Natural & Honey,https://allianceforcoffeeexcellence.org/guatemala-2025/,9,NW,NA,NA,NA,NA,"87,41",success,NA,NA,NA,NA,$2828.04,NA,NA,NA,NA,NA,El Hermoso,NA,NA,NA,NA,NA,NA,NA,NA,NA,NA,NA,NA,NA,NA,NA,NA,NA,NA,NA,NA,NA,NA,NA,NA,NA,NA,NA,NA,NA,NA,NA,NA,NA,NA,NA,NA,NA,556.7lbs,$5.08/lb,NA,NA,NA,NA,NA,COFFEE COUNTY,NA,NA,NA,NA,NA,NA,NA,NA,NA,NA,NA,NA,NA,NA,NA,NA,NA,NA,NA,NA,NA
Guatemala,2025,NW,auction,Exotic Natural & Honey,https://allianceforcoffeeexcellence.org/guatemala-2025/,9,NW,NA,NA,NA,NA,"86,93",success,NA,NA,NA,NA,$2595.32,NA,NA,NA,NA,NA,San Andres,NA,NA,NA,NA,NA,NA,NA,NA,NA,NA,NA,NA,NA,NA,NA,NA,NA,NA,NA,NA,NA,NA,NA,NA,NA,NA,NA,NA,NA,NA,NA,NA,NA,NA,NA,NA,NA,644lbs,$4.03/lb,NA,NA,NA,NA,NA,Savaya Coffee LLC,NA,NA,NA,NA,NA,NA,NA,NA,NA,NA,NA,NA,NA,NA,NA,NA,NA,NA,NA,NA,NA
Guatemala,2025,NW,auction,Exotic Washed,https://allianceforcoffeeexcellence.org/guatemala-2025/,10,NW,NA,NA,NA,NA,"87,35",success,NA,NA,NA,NA,$9352.09,NA,NA,NA,NA,NA,La Esperanza,NA,NA,NA,NA,NA,NA,NA,NA,NA,NA,NA,NA,NA,NA,NA,NA,NA,NA,NA,NA,NA,NA,NA,NA,NA,NA,NA,NA,NA,NA,NA,NA,NA,NA,NA,NA,NA,713.9lbs,$13.10/lb,NA,NA,NA,NA,NA,"Wataru & Co., Ltd.",NA,NA,NA,NA,NA,NA,NA,NA,NA,NA,NA,NA,NA,NA,NA,NA,NA,NA,NA,NA,NA
Guatemala,2025,NW,auction,Exotic Washed,https://allianceforcoffeeexcellence.org/guatemala-2025/,10,NW,NA,NA,NA,NA,"86,88",success,NA,NA,NA,NA,$5268.24,NA,NA,NA,NA,NA,La Colina,NA,NA,NA,NA,NA,NA,NA,NA,NA,NA,NA,NA,NA,NA,NA,NA,NA,NA,NA,NA,NA,NA,NA,NA,NA,NA,NA,NA,NA,NA,NA,NA,NA,NA,NA,NA,NA,648lbs,$8.13/lb,NA,NA,NA,NA,NA,"Wataru & Co., Ltd.",NA,NA,NA,NA,NA,NA,NA,NA,NA,NA,NA,NA,NA,NA,NA,NA,NA,NA,NA,NA,NA
Honduras,2017,NW,auction,NA,https://allianceforcoffeeexcellence.org/honduras-2017/,2,25,5,Los Pinos 2017,Wilson Amilcar Vargas Betancourd,"Danli, El Paraiso",85.88,success,NA,25,5,$4.70/lb,"$3,384.00","Wataru & Co., Ltd.",NA,NA,NA,NA,NA,NA,NA,NA,NA,NA,NA,NA,NA,NA,NA,NA,NA,NA,NA,NA,NA,NA,NA,NA,NA,NA,NA,NA,NA,NA,NA,NA,NA,NA,NA,NA,NA,NA,NA,NA,NA,NA,NA,NA,NA,NA,NA,NA,NA,NA,NA,NA,NA,NA,NA,NA,NA,NA,NA,NA,NA,NA,NA,NA,NA,NA,NA,NA,NA,NA,NA
Honduras,2017,NW,auction,NA,https://allianceforcoffeeexcellence.org/honduras-2017/,2,26,14,La Liona 2017,Nelson Omar Tinoco,"Concepcion Del Sur, Santa Barbara",85.84,success,NA,26,14,$4.00/lb,"$8,280.00",Bean Krush Coffee Company,NA,NA,NA,NA,NA,NA,NA,NA,NA,NA,NA,NA,NA,NA,NA,NA,NA,NA,NA,NA,NA,NA,NA,NA,NA,NA,NA,NA,NA,NA,NA,NA,NA,NA,NA,NA,NA,NA,NA,NA,NA,NA,NA,NA,NA,NA,NA,NA,NA,NA,NA,NA,NA,NA,NA,NA,NA,NA,NA,NA,NA,NA,NA,NA,NA,NA,NA,NA,NA,NA,NA
Honduras,2017,NW,auction,NA,https://allianceforcoffeeexcellence.org/honduras-2017/,2,27,10,Yire 2017,Juan Carlos Manueles Ventura,"Santa Elena, La Paz",85.81,success,NA,27,10,$4.00/lb,"$5,760.00",LaB Coffee & Academy,NA,NA,NA,NA,NA,NA,NA,NA,NA,NA,NA,NA,NA,NA,NA,NA,NA,NA,NA,NA,NA,NA,NA,NA,NA,NA,NA,NA,NA,NA,NA,NA,NA,NA,NA,NA,NA,NA,NA,NA,NA,NA,NA,NA,NA,NA,NA,NA,NA,NA,NA,NA,NA,NA,NA,NA,NA,NA,NA,NA,NA,NA,NA,NA,NA,NA,NA,NA,NA,NA,NA
Honduras,2017,NW,auction,NA,https://allianceforcoffeeexcellence.org/honduras-2017/,2,28,11,Diquidambo 2017,Guadalupe Rodriguez,"Masaguara, Intibucá",85.75,success,NA,28,11,$4.00/lb,"$7,000.00","Cafe DAZAC, Coffee Sallim Factory, Crema Costa, Eungubiro Roasters, Beanstore",NA,NA,NA,NA,NA,NA,NA,NA,NA,NA,NA,NA,NA,NA,NA,NA,NA,NA,NA,NA,NA,NA,NA,NA,NA,NA,NA,NA,NA,NA,NA,NA,NA,NA,NA,NA,NA,NA,NA,NA,NA,NA,NA,NA,NA,NA,NA,NA,NA,NA,NA,NA,NA,NA,NA,NA,NA,NA,NA,NA,NA,NA,NA,NA,NA,NA,NA,NA,NA,NA,NA
Honduras,2017,NW,auction,NA,https://allianceforcoffeeexcellence.org/honduras-2017/,2,29,9,Los Pinos 2017,German Avel Mejia Pacheco,"La Paz, La Paz",85.68,success,NA,29,9,$4.20/lb,"$5,334.00","Wataru & Co., Ltd.",NA,NA,NA,NA,NA,NA,NA,NA,NA,NA,NA,NA,NA,NA,NA,NA,NA,NA,NA,NA,NA,NA,NA,NA,NA,NA,NA,NA,NA,NA,NA,NA,NA,NA,NA,NA,NA,NA,NA,NA,NA,NA,NA,NA,NA,NA,NA,NA,NA,NA,NA,NA,NA,NA,NA,NA,NA,NA,NA,NA,NA,NA,NA,NA,NA,NA,NA,NA,NA,NA,NA
Honduras,2017,NW,auction,NA,https://allianceforcoffeeexcellence.org/honduras-2017/,2,30,10,El Cedro 2017,Cervando Ramirez Montoya,"Masaguara, Intibucá",85.56,success,NA,30,10,$4.00/lb,"$5,920.00","Wataru & Co., Ltd.",NA,NA,NA,NA,NA,NA,NA,NA,NA,NA,NA,NA,NA,NA,NA,NA,NA,NA,NA,NA,NA,NA,NA,NA,NA,NA,NA,NA,NA,NA,NA,NA,NA,NA,NA,NA,NA,NA,NA,NA,NA,NA,NA,NA,NA,NA,NA,NA,NA,NA,NA,NA,NA,NA,NA,NA,NA,NA,NA,NA,NA,NA,NA,NA,NA,NA,NA,NA,NA,NA,NA
Honduras,2017,NW,auction,NA,https://allianceforcoffeeexcellence.org/honduras-2017/,2,31,14,La Torre 2017,Edgar Joel Carrillo,"Marcala, La Paz",85.43,success,NA,31,14,-/lb,–,,NA,NA,NA,NA,NA,NA,NA,NA,NA,NA,NA,NA,NA,NA,NA,NA,NA,NA,NA,NA,NA,NA,NA,NA,NA,NA,NA,NA,NA,NA,NA,NA,NA,NA,NA,NA,NA,NA,NA,NA,NA,NA,NA,NA,NA,NA,NA,NA,NA,NA,NA,NA,NA,NA,NA,NA,NA,NA,NA,NA,NA,NA,NA,NA,NA,NA,NA,NA,NA,NA,NA
Honduras,2017,NW,auction,NA,https://allianceforcoffeeexcellence.org/honduras-2017/,2,32,7,Los Duraznos 2017,Roberto Antonio Miselen,"Siguatepeque, Comayagua",85.26,success,NA,32,7,$4.10/lb,"$4,264.00",Ryans Coffee Roasters,NA,NA,NA,NA,NA,NA,NA,NA,NA,NA,NA,NA,NA,NA,NA,NA,NA,NA,NA,NA,NA,NA,NA,NA,NA,NA,NA,NA,NA,NA,NA,NA,NA,NA,NA,NA,NA,NA,NA,NA,NA,NA,NA,NA,NA,NA,NA,NA,NA,NA,NA,NA,NA,NA,NA,NA,NA,NA,NA,NA,NA,NA,NA,NA,NA,NA,NA,NA,NA,NA,NA
Honduras,2017,NW,auction,NA,https://allianceforcoffeeexcellence.org/honduras-2017/,2,33,9,Buena Vista 2017,Juan Jose Alvarado,"Corquin, Copán",84.85,success,NA,33,9,$3.50/lb,"$4,655.00","Cafe DAZAC, Coffee Sallim Factory, Crema Costa, Eungubiro Roasters, Beanstore",NA,NA,NA,NA,NA,NA,NA,NA,NA,NA,NA,NA,NA,NA,NA,NA,NA,NA,NA,NA,NA,NA,NA,NA,NA,NA,NA,NA,NA,NA,NA,NA,NA,NA,NA,NA,NA,NA,NA,NA,NA,NA,NA,NA,NA,NA,NA,NA,NA,NA,NA,NA,NA,NA,NA,NA,NA,NA,NA,NA,NA,NA,NA,NA,NA,NA,NA,NA,NA,NA,NA
Honduras,2017,NW,auction,NA,https://allianceforcoffeeexcellence.org/honduras-2017/,2,34,10,Palo Seco 2017,Juan Claros Cardona,"Masaguara, Intibucá",84.74,success,NA,34,10,-/lb,–,,NA,NA,NA,NA,NA,NA,NA,NA,NA,NA,NA,NA,NA,NA,NA,NA,NA,NA,NA,NA,NA,NA,NA,NA,NA,NA,NA,NA,NA,NA,NA,NA,NA,NA,NA,NA,NA,NA,NA,NA,NA,NA,NA,NA,NA,NA,NA,NA,NA,NA,NA,NA,NA,NA,NA,NA,NA,NA,NA,NA,NA,NA,NA,NA,NA,NA,NA,NA,NA,NA,NA
Honduras,2017,NW,auction,NA,https://allianceforcoffeeexcellence.org/honduras-2017/,2,35,12,El Bienestar 2017,Juan Miguel Suazo,"San Sebsatian, Comayagua",84.47,success,NA,35,12,$3.60/lb,"$6,300.00","Orsir Coffee Co., Ltd.",NA,NA,NA,NA,NA,NA,NA,NA,NA,NA,NA,NA,NA,NA,NA,NA,NA,NA,NA,NA,NA,NA,NA,NA,NA,NA,NA,NA,NA,NA,NA,NA,NA,NA,NA,NA,NA,NA,NA,NA,NA,NA,NA,NA,NA,NA,NA,NA,NA,NA,NA,NA,NA,NA,NA,NA,NA,NA,NA,NA,NA,NA,NA,NA,NA,NA,NA,NA,NA,NA,NA
Honduras,2017,NW,auction,NA,https://allianceforcoffeeexcellence.org/honduras-2017/,2,36,8,Castellanos 2017,Santos Lorenzo Castellanos Hernandez,"Villa San Antonio, Comayagua",84.26,success,NA,36,8,$3.50/lb,"$3,990.00","Cafe DAZAC, Coffee Sallim Factory, Crema Costa, Eungubiro Roasters, Beanstore",NA,NA,NA,NA,NA,NA,NA,NA,NA,NA,NA,NA,NA,NA,NA,NA,NA,NA,NA,NA,NA,NA,NA,NA,NA,NA,NA,NA,NA,NA,NA,NA,NA,NA,NA,NA,NA,NA,NA,NA,NA,NA,NA,NA,NA,NA,NA,NA,NA,NA,NA,NA,NA,NA,NA,NA,NA,NA,NA,NA,NA,NA,NA,NA,NA,NA,NA,NA,NA,NA,NA
Honduras,2017,NW,auction,NA,https://allianceforcoffeeexcellence.org/honduras-2017/,2,Stats:,Stats:,,,,,success,NA,,95,$3.92/lb,"$54,887.00",NA,NA,NA,NA,NA,NA,NA,NA,NA,NA,NA,NA,NA,NA,NA,NA,NA,NA,NA,NA,NA,NA,NA,NA,NA,NA,NA,NA,NA,NA,NA,NA,NA,NA,NA,NA,NA,NA,NA,NA,NA,NA,NA,NA,NA,NA,NA,NA,NA,NA,NA,NA,NA,NA,NA,NA,NA,NA,NA,NA,NA,NA,NA,NA,NA,NA,NA,NA,NA,NA,NA,NA
Honduras,2018,NW,auction,NA,https://allianceforcoffeeexcellence.org/honduras-2018/,2,37,NA,Linda Vista,Edwin Enrrique Zavala Armijo,"Locomapa, Yoro",85.68,success,NA,NA,4,$4.00/lb,"$2,400.00",Choi Coffee Roasters Company,NA,NA,NA,NA,NA,NA,NA,NA,NA,NA,NA,NA,NA,NA,NA,NA,NA,NA,NA,NA,NA,NA,NA,NA,NA,NA,NA,NA,NA,NA,NA,NA,NA,NA,NA,NA,NA,NA,NA,NA,Washed / Typica – Catuai,NA,NA,NA,NA,NA,NA,NA,NA,NA,NA,NA,NA,NA,NA,600.28,NA,NA,NA,NA,NA,NA,NA,NA,NA,NA,NA,NA,NA,NA,NA
Honduras,2018,NW,auction,NA,https://allianceforcoffeeexcellence.org/honduras-2018/,2,,NA,,,,,success,NA,NA,,,,NA,NA,NA,NA,NA,NA,NA,NA,NA,NA,NA,NA,NA,NA,NA,NA,NA,NA,NA,NA,NA,NA,NA,NA,NA,NA,NA,NA,NA,NA,NA,NA,NA,NA,NA,NA,NA,NA,NA,NA,NA,,NA,NA,NA,NA,NA,NA,NA,NA,NA,NA,NA,NA,NA,NA,,NA,NA,NA,NA,NA,NA,NA,NA,NA,NA,NA,NA,NA,NA,NA
Honduras,2019,NW,auction,NA,https://allianceforcoffeeexcellence.org/honduras-2019/,2,NW,NA,NA,NA,Francisco Morazan,87.11,success,NA,NA,NA,$5.00/lb,"$4,918.50","Wataru & Co., Ltd.",NA,NA,NA,446,Los Ocotes,Nahun Vidal Sanchez,"Honey, Catuai",NA,NA,NA,NA,NA,NA,NA,NA,NA,NA,NA,NA,NA,NA,NA,NA,NA,NA,NA,NA,NA,NA,NA,NA,NA,NA,NA,NA,NA,NA,NA,NA,NA,NA,NA,NA,NA,NA,NA,NA,NA,NA,NA,NA,NA,NA,NA,NA,NA,NA,NA,NA,NA,NA,NA,NA,NA,NA,NA,NA,NA,NA,NA,NA
Honduras,2019,NW,auction,NA,https://allianceforcoffeeexcellence.org/honduras-2019/,2,NW,NA,NA,NA,El Paraiso,86.64,success,NA,NA,NA,$4.50/lb,"$4,359.15","cafe DAZAC, Eungubiro Roasters, Crema Costa",NA,NA,NA,439,El Naciente,Jose Adalid Rodriguez Cerritos,"Washed, Parainema",NA,NA,NA,NA,NA,NA,NA,NA,NA,NA,NA,NA,NA,NA,NA,NA,NA,NA,NA,NA,NA,NA,NA,NA,NA,NA,NA,NA,NA,NA,NA,NA,NA,NA,NA,NA,NA,NA,NA,NA,NA,NA,NA,NA,NA,NA,NA,NA,NA,NA,NA,NA,NA,NA,NA,NA,NA,NA,NA,NA,NA,NA,NA,NA
Honduras,2019,NW,auction,NA,https://allianceforcoffeeexcellence.org/honduras-2019/,2,NW,NA,NA,NA,Copan,86.61,success,NA,NA,NA,$4.60/lb,"$5,151.17",Coffee Montage,NA,NA,NA,508,7 De Julio,Evelyn Maria Tabora Orellana,"Honey, Obata",NA,NA,NA,NA,NA,NA,NA,NA,NA,NA,NA,NA,NA,NA,NA,NA,NA,NA,NA,NA,NA,NA,NA,NA,NA,NA,NA,NA,NA,NA,NA,NA,NA,NA,NA,NA,NA,NA,NA,NA,NA,NA,NA,NA,NA,NA,NA,NA,NA,NA,NA,NA,NA,NA,NA,NA,NA,NA,NA,NA,NA,NA,NA,NA
Honduras,2019,NW,auction,NA,https://allianceforcoffeeexcellence.org/honduras-2019/,2,NW,NA,NA,NA,La Paz,86.43,success,NA,NA,NA,$5.20/lb,"$4,896.89",Cypher Roastery LLC,NA,NA,NA,427,Las Moras,Angel Daniel Rodriguez Funez,"Washed, Lempira",NA,NA,NA,NA,NA,NA,NA,NA,NA,NA,NA,NA,NA,NA,NA,NA,NA,NA,NA,NA,NA,NA,NA,NA,NA,NA,NA,NA,NA,NA,NA,NA,NA,NA,NA,NA,NA,NA,NA,NA,NA,NA,NA,NA,NA,NA,NA,NA,NA,NA,NA,NA,NA,NA,NA,NA,NA,NA,NA,NA,NA,NA,NA,NA
Honduras,2019,NW,auction,NA,https://allianceforcoffeeexcellence.org/honduras-2019/,2,NW,NA,NA,NA,La Paz,85.36,success,NA,NA,NA,$4.50/lb,"$6,390.27","Wataru & Co., Ltd.",NA,NA,NA,644,Los Chocollos,Merlin Aleyda Medina Galeas,"Washed, Mezcla",NA,NA,NA,NA,NA,NA,NA,NA,NA,NA,NA,NA,NA,NA,NA,NA,NA,NA,NA,NA,NA,NA,NA,NA,NA,NA,NA,NA,NA,NA,NA,NA,NA,NA,NA,NA,NA,NA,NA,NA,NA,NA,NA,NA,NA,NA,NA,NA,NA,NA,NA,NA,NA,NA,NA,NA,NA,NA,NA,NA,NA,NA,NA,NA
Honduras,2019,NW,auction,NA,https://allianceforcoffeeexcellence.org/honduras-2019/,2,NW,NA,NA,NA,,Totals,success,NA,NA,NA,$4.73/lb,"$25,715.98",,NA,NA,NA,2464,,,,NA,NA,NA,NA,NA,NA,NA,NA,NA,NA,NA,NA,NA,NA,NA,NA,NA,NA,NA,NA,NA,NA,NA,NA,NA,NA,NA,NA,NA,NA,NA,NA,NA,NA,NA,NA,NA,NA,NA,NA,NA,NA,NA,NA,NA,NA,NA,NA,NA,NA,NA,NA,NA,NA,NA,NA,NA,NA,NA,NA,NA,NA,NA,NA
Honduras,2021,COE,auction,NA,https://allianceforcoffeeexcellence.org/honduras-2021/,2,1a,NA,NA,NA,NA,90.67,success,NA,NA,NA,$58.50,"$19,345.37",NA,NA,NA,NA,NA,Finca Santa Lucia,NA,NA,330.69,Orsir Coffee & Taiwan Roasters Network,NA,NA,NA,NA,NA,NA,NA,NA,NA,NA,NA,NA,NA,NA,NA,NA,NA,NA,NA,NA,NA,NA,NA,NA,NA,NA,NA,NA,NA,NA,NA,NA,NA,NA,NA,NA,NA,NA,NA,NA,NA,NA,NA,NA,NA,NA,NA,NA,NA,NA,NA,NA,NA,NA,NA,NA,NA,NA,NA,NA,NA,NA
Honduras,2021,COE,auction,NA,https://allianceforcoffeeexcellence.org/honduras-2021/,2,1b,NA,NA,NA,NA,90.67,success,NA,NA,NA,$59.00,"$15,608.45",NA,NA,NA,NA,NA,Finca Santa Lucia,NA,NA,264.55,Time’s Club & Coffee Libre,NA,NA,NA,NA,NA,NA,NA,NA,NA,NA,NA,NA,NA,NA,NA,NA,NA,NA,NA,NA,NA,NA,NA,NA,NA,NA,NA,NA,NA,NA,NA,NA,NA,NA,NA,NA,NA,NA,NA,NA,NA,NA,NA,NA,NA,NA,NA,NA,NA,NA,NA,NA,NA,NA,NA,NA,NA,NA,NA,NA,NA,NA
Honduras,2021,COE,auction,NA,https://allianceforcoffeeexcellence.org/honduras-2021/,2,2a,NA,NA,NA,NA,90.4,success,NA,NA,NA,$75.20,"$24,867.89",NA,NA,NA,NA,NA,Platanares,NA,NA,330.69,BIGFACE,NA,NA,NA,NA,NA,NA,NA,NA,NA,NA,NA,NA,NA,NA,NA,NA,NA,NA,NA,NA,NA,NA,NA,NA,NA,NA,NA,NA,NA,NA,NA,NA,NA,NA,NA,NA,NA,NA,NA,NA,NA,NA,NA,NA,NA,NA,NA,NA,NA,NA,NA,NA,NA,NA,NA,NA,NA,NA,NA,NA,NA,NA
Honduras,2021,COE,auction,NA,https://allianceforcoffeeexcellence.org/honduras-2021/,2,2b,NA,NA,NA,NA,90.4,success,NA,NA,NA,$75.10,"$24,834.82",NA,NA,NA,NA,NA,Platanares,NA,NA,330.69,"NOZY COFFEE Co., Ltd",NA,NA,NA,NA,NA,NA,NA,NA,NA,NA,NA,NA,NA,NA,NA,NA,NA,NA,NA,NA,NA,NA,NA,NA,NA,NA,NA,NA,NA,NA,NA,NA,NA,NA,NA,NA,NA,NA,NA,NA,NA,NA,NA,NA,NA,NA,NA,NA,NA,NA,NA,NA,NA,NA,NA,NA,NA,NA,NA,NA,NA,NA
Honduras,2021,COE,auction,NA,https://allianceforcoffeeexcellence.org/honduras-2021/,2,3a,NA,NA,NA,NA,90.37,success,NA,NA,NA,$62.20,"$16,455.01",NA,NA,NA,NA,NA,Los Pinos,NA,NA,264.55,BIGFACE,NA,NA,NA,NA,NA,NA,NA,NA,NA,NA,NA,NA,NA,NA,NA,NA,NA,NA,NA,NA,NA,NA,NA,NA,NA,NA,NA,NA,NA,NA,NA,NA,NA,NA,NA,NA,NA,NA,NA,NA,NA,NA,NA,NA,NA,NA,NA,NA,NA,NA,NA,NA,NA,NA,NA,NA,NA,NA,NA,NA,NA,NA
Honduras,2021,COE,auction,NA,https://allianceforcoffeeexcellence.org/honduras-2021/,2,3b,NA,NA,NA,NA,90.37,success,NA,NA,NA,$62.00,"$16,402.10",NA,NA,NA,NA,NA,Los Pinos,NA,NA,264.55,"NOZY COFFEE Co., Ltd",NA,NA,NA,NA,NA,NA,NA,NA,NA,NA,NA,NA,NA,NA,NA,NA,NA,NA,NA,NA,NA,NA,NA,NA,NA,NA,NA,NA,NA,NA,NA,NA,NA,NA,NA,NA,NA,NA,NA,NA,NA,NA,NA,NA,NA,NA,NA,NA,NA,NA,NA,NA,NA,NA,NA,NA,NA,NA,NA,NA,NA,NA
Honduras,2021,COE,auction,NA,https://allianceforcoffeeexcellence.org/honduras-2021/,2,4,NA,NA,NA,NA,90.17,success,NA,NA,NA,$50.40,"$31,667.33",NA,NA,NA,NA,NA,El Sauce,NA,NA,628.32,BIGFACE,NA,NA,NA,NA,NA,NA,NA,NA,NA,NA,NA,NA,NA,NA,NA,NA,NA,NA,NA,NA,NA,NA,NA,NA,NA,NA,NA,NA,NA,NA,NA,NA,NA,NA,NA,NA,NA,NA,NA,NA,NA,NA,NA,NA,NA,NA,NA,NA,NA,NA,NA,NA,NA,NA,NA,NA,NA,NA,NA,NA,NA,NA
Honduras,2021,COE,auction,NA,https://allianceforcoffeeexcellence.org/honduras-2021/,2,5,NA,NA,NA,NA,90.07,success,NA,NA,NA,$50.50,"$26,720.06",NA,NA,NA,NA,NA,La Salsa,NA,NA,529.11,Sarutahiko Coffee Inc.,NA,NA,NA,NA,NA,NA,NA,NA,NA,NA,NA,NA,NA,NA,NA,NA,NA,NA,NA,NA,NA,NA,NA,NA,NA,NA,NA,NA,NA,NA,NA,NA,NA,NA,NA,NA,NA,NA,NA,NA,NA,NA,NA,NA,NA,NA,NA,NA,NA,NA,NA,NA,NA,NA,NA,NA,NA,NA,NA,NA,NA,NA
Honduras,2021,COE,auction,NA,https://allianceforcoffeeexcellence.org/honduras-2021/,2,6,NA,NA,NA,NA,90.07,success,NA,NA,NA,$29.20,"$23,174.87",NA,NA,NA,NA,NA,El Carbonal,NA,NA,793.66,"Coffee Libre, Time’s Club",NA,NA,NA,NA,NA,NA,NA,NA,NA,NA,NA,NA,NA,NA,NA,NA,NA,NA,NA,NA,NA,NA,NA,NA,NA,NA,NA,NA,NA,NA,NA,NA,NA,NA,NA,NA,NA,NA,NA,NA,NA,NA,NA,NA,NA,NA,NA,NA,NA,NA,NA,NA,NA,NA,NA,NA,NA,NA,NA,NA,NA,NA
Honduras,2021,COE,auction,NA,https://allianceforcoffeeexcellence.org/honduras-2021/,2,7,NA,NA,NA,NA,89.57,success,NA,NA,NA,$20.70,"$20,536.06",NA,NA,NA,NA,NA,El Rubí,NA,NA,992.08,"Spirit Animal Coffee, LLC, The ESPRESSO LAB, COFFEE BROS, Taf Coffee",NA,NA,NA,NA,NA,NA,NA,NA,NA,NA,NA,NA,NA,NA,NA,NA,NA,NA,NA,NA,NA,NA,NA,NA,NA,NA,NA,NA,NA,NA,NA,NA,NA,NA,NA,NA,NA,NA,NA,NA,NA,NA,NA,NA,NA,NA,NA,NA,NA,NA,NA,NA,NA,NA,NA,NA,NA,NA,NA,NA,NA,NA
Honduras,2021,COE,auction,NA,https://allianceforcoffeeexcellence.org/honduras-2021/,2,8,NA,NA,NA,NA,89.33,success,NA,NA,NA,$25.70,"$14,448.03",NA,NA,NA,NA,NA,El Litacayo,NA,NA,562.18,27 Coffee Roasters (Kasai Coffee),NA,NA,NA,NA,NA,NA,NA,NA,NA,NA,NA,NA,NA,NA,NA,NA,NA,NA,NA,NA,NA,NA,NA,NA,NA,NA,NA,NA,NA,NA,NA,NA,NA,NA,NA,NA,NA,NA,NA,NA,NA,NA,NA,NA,NA,NA,NA,NA,NA,NA,NA,NA,NA,NA,NA,NA,NA,NA,NA,NA,NA,NA
Honduras,2021,COE,auction,NA,https://allianceforcoffeeexcellence.org/honduras-2021/,2,9,NA,NA,NA,NA,89.03,success,NA,NA,NA,$25.20,"$15,000.30",NA,NA,NA,NA,NA,Las Virginias,NA,NA,595.25,Wataru for ROKUMEI COFFEE CO.,NA,NA,NA,NA,NA,NA,NA,NA,NA,NA,NA,NA,NA,NA,NA,NA,NA,NA,NA,NA,NA,NA,NA,NA,NA,NA,NA,NA,NA,NA,NA,NA,NA,NA,NA,NA,NA,NA,NA,NA,NA,NA,NA,NA,NA,NA,NA,NA,NA,NA,NA,NA,NA,NA,NA,NA,NA,NA,NA,NA,NA,NA
Honduras,2021,COE,auction,NA,https://allianceforcoffeeexcellence.org/honduras-2021/,2,10,NA,NA,NA,NA,88.33,success,NA,NA,NA,$13.20,"$9,603.26",NA,NA,NA,NA,NA,La Piedrona lote #1,NA,NA,727.52,"Wataru & Co., Ltd.",NA,NA,NA,NA,NA,NA,NA,NA,NA,NA,NA,NA,NA,NA,NA,NA,NA,NA,NA,NA,NA,NA,NA,NA,NA,NA,NA,NA,NA,NA,NA,NA,NA,NA,NA,NA,NA,NA,NA,NA,NA,NA,NA,NA,NA,NA,NA,NA,NA,NA,NA,NA,NA,NA,NA,NA,NA,NA,NA,NA,NA,NA
Honduras,2021,COE,auction,NA,https://allianceforcoffeeexcellence.org/honduras-2021/,2,11,NA,NA,NA,NA,88.23,success,NA,NA,NA,$24.20,"$12,804.46",NA,NA,NA,NA,NA,La Huerta #1,NA,NA,529.11,"Japan Roasters’ Network, UCHIDA COFFEE CREAR, yoshinori coffee",NA,NA,NA,NA,NA,NA,NA,NA,NA,NA,NA,NA,NA,NA,NA,NA,NA,NA,NA,NA,NA,NA,NA,NA,NA,NA,NA,NA,NA,NA,NA,NA,NA,NA,NA,NA,NA,NA,NA,NA,NA,NA,NA,NA,NA,NA,NA,NA,NA,NA,NA,NA,NA,NA,NA,NA,NA,NA,NA,NA,NA,NA
Honduras,2021,COE,auction,NA,https://allianceforcoffeeexcellence.org/honduras-2021/,2,12,NA,NA,NA,NA,88.13,success,NA,NA,NA,$20.50,"$16,947.97",NA,NA,NA,NA,NA,Virginia,NA,NA,826.73,"S.O.E COFFEE, 北京琳渺Linkmore咖啡生豆, 云南际遇Yunnan Happen stance",NA,NA,NA,NA,NA,NA,NA,NA,NA,NA,NA,NA,NA,NA,NA,NA,NA,NA,NA,NA,NA,NA,NA,NA,NA,NA,NA,NA,NA,NA,NA,NA,NA,NA,NA,NA,NA,NA,NA,NA,NA,NA,NA,NA,NA,NA,NA,NA,NA,NA,NA,NA,NA,NA,NA,NA,NA,NA,NA,NA,NA,NA
Honduras,2021,COE,auction,NA,https://allianceforcoffeeexcellence.org/honduras-2021/,2,13,NA,NA,NA,NA,88.13,success,NA,NA,NA,$20.40,"$15,516.04",NA,NA,NA,NA,NA,Cielito Lindo,NA,NA,760.59,Kyokuto Fadie Corporation,NA,NA,NA,NA,NA,NA,NA,NA,NA,NA,NA,NA,NA,NA,NA,NA,NA,NA,NA,NA,NA,NA,NA,NA,NA,NA,NA,NA,NA,NA,NA,NA,NA,NA,NA,NA,NA,NA,NA,NA,NA,NA,NA,NA,NA,NA,NA,NA,NA,NA,NA,NA,NA,NA,NA,NA,NA,NA,NA,NA,NA,NA
Honduras,2021,COE,auction,NA,https://allianceforcoffeeexcellence.org/honduras-2021/,2,14,NA,NA,NA,NA,88.1,success,NA,NA,NA,$20.70,"$18,482.41",NA,NA,NA,NA,NA,Los Tongos,NA,NA,892.87,MOMOS COFFEE,NA,NA,NA,NA,NA,NA,NA,NA,NA,NA,NA,NA,NA,NA,NA,NA,NA,NA,NA,NA,NA,NA,NA,NA,NA,NA,NA,NA,NA,NA,NA,NA,NA,NA,NA,NA,NA,NA,NA,NA,NA,NA,NA,NA,NA,NA,NA,NA,NA,NA,NA,NA,NA,NA,NA,NA,NA,NA,NA,NA,NA,NA
Honduras,2021,COE,auction,NA,https://allianceforcoffeeexcellence.org/honduras-2021/,2,15,NA,NA,NA,NA,87.97,success,NA,NA,NA,$33.20,"$15,370.60",NA,NA,NA,NA,NA,Don Andres,NA,NA,462.97,27 Coffee Roasters (Kasai Coffee),NA,NA,NA,NA,NA,NA,NA,NA,NA,NA,NA,NA,NA,NA,NA,NA,NA,NA,NA,NA,NA,NA,NA,NA,NA,NA,NA,NA,NA,NA,NA,NA,NA,NA,NA,NA,NA,NA,NA,NA,NA,NA,NA,NA,NA,NA,NA,NA,NA,NA,NA,NA,NA,NA,NA,NA,NA,NA,NA,NA,NA,NA
Honduras,2021,COE,auction,NA,https://allianceforcoffeeexcellence.org/honduras-2021/,2,16,NA,NA,NA,NA,87.83,success,NA,NA,NA,$42.10,"$19,491.04",NA,NA,NA,NA,NA,Los Quetzales,NA,NA,462.97,Orsir Coffee & Taiwan Roasters Network,NA,NA,NA,NA,NA,NA,NA,NA,NA,NA,NA,NA,NA,NA,NA,NA,NA,NA,NA,NA,NA,NA,NA,NA,NA,NA,NA,NA,NA,NA,NA,NA,NA,NA,NA,NA,NA,NA,NA,NA,NA,NA,NA,NA,NA,NA,NA,NA,NA,NA,NA,NA,NA,NA,NA,NA,NA,NA,NA,NA,NA,NA
Honduras,2021,COE,auction,NA,https://allianceforcoffeeexcellence.org/honduras-2021/,2,17,NA,NA,NA,NA,87.8,success,NA,NA,NA,$15.50,"$6,150.87",NA,NA,NA,NA,NA,La Platanera,NA,NA,396.83,"Wataru & Co., Ltd.",NA,NA,NA,NA,NA,NA,NA,NA,NA,NA,NA,NA,NA,NA,NA,NA,NA,NA,NA,NA,NA,NA,NA,NA,NA,NA,NA,NA,NA,NA,NA,NA,NA,NA,NA,NA,NA,NA,NA,NA,NA,NA,NA,NA,NA,NA,NA,NA,NA,NA,NA,NA,NA,NA,NA,NA,NA,NA,NA,NA,NA,NA
Honduras,2021,COE,auction,NA,https://allianceforcoffeeexcellence.org/honduras-2021/,2,18,NA,NA,NA,NA,87.67,success,NA,NA,NA,$19.30,"$16,594.14",NA,NA,NA,NA,NA,Los Colibries,NA,NA,859.8,Kaffebrenneriet As,NA,NA,NA,NA,NA,NA,NA,NA,NA,NA,NA,NA,NA,NA,NA,NA,NA,NA,NA,NA,NA,NA,NA,NA,NA,NA,NA,NA,NA,NA,NA,NA,NA,NA,NA,NA,NA,NA,NA,NA,NA,NA,NA,NA,NA,NA,NA,NA,NA,NA,NA,NA,NA,NA,NA,NA,NA,NA,NA,NA,NA,NA
Honduras,2021,COE,auction,NA,https://allianceforcoffeeexcellence.org/honduras-2021/,2,19,NA,NA,NA,NA,87.57,success,NA,NA,NA,$19.10,"$23,370.00",NA,NA,NA,NA,NA,El Buen Sembrador,NA,NA,1223.56,"Wataru & Co., Ltd.",NA,NA,NA,NA,NA,NA,NA,NA,NA,NA,NA,NA,NA,NA,NA,NA,NA,NA,NA,NA,NA,NA,NA,NA,NA,NA,NA,NA,NA,NA,NA,NA,NA,NA,NA,NA,NA,NA,NA,NA,NA,NA,NA,NA,NA,NA,NA,NA,NA,NA,NA,NA,NA,NA,NA,NA,NA,NA,NA,NA,NA,NA
Honduras,2021,COE,auction,NA,https://allianceforcoffeeexcellence.org/honduras-2021/,2,20,NA,NA,NA,NA,87.5,success,NA,NA,NA,$12.50,"$8,267.38",NA,NA,NA,NA,NA,El Paraiso,NA,NA,661.39,"Wataru & Co., Ltd.",NA,NA,NA,NA,NA,NA,NA,NA,NA,NA,NA,NA,NA,NA,NA,NA,NA,NA,NA,NA,NA,NA,NA,NA,NA,NA,NA,NA,NA,NA,NA,NA,NA,NA,NA,NA,NA,NA,NA,NA,NA,NA,NA,NA,NA,NA,NA,NA,NA,NA,NA,NA,NA,NA,NA,NA,NA,NA,NA,NA,NA,NA
Honduras,2021,COE,auction,NA,https://allianceforcoffeeexcellence.org/honduras-2021/,2,21,NA,NA,NA,NA,87.43,success,NA,NA,NA,$17.20,"$14,219.76",NA,NA,NA,NA,NA,Liquidámbar,NA,NA,826.73,"Wataru & Co., Ltd.",NA,NA,NA,NA,NA,NA,NA,NA,NA,NA,NA,NA,NA,NA,NA,NA,NA,NA,NA,NA,NA,NA,NA,NA,NA,NA,NA,NA,NA,NA,NA,NA,NA,NA,NA,NA,NA,NA,NA,NA,NA,NA,NA,NA,NA,NA,NA,NA,NA,NA,NA,NA,NA,NA,NA,NA,NA,NA,NA,NA,NA,NA
Honduras,2021,COE,auction,NA,https://allianceforcoffeeexcellence.org/honduras-2021/,2,22,NA,NA,NA,NA,87.4,success,NA,NA,NA,$24.10,"$11,954.56",NA,NA,NA,NA,NA,Pacayalito,NA,NA,496.04,"Passenger, SEY, Swift Cup",NA,NA,NA,NA,NA,NA,NA,NA,NA,NA,NA,NA,NA,NA,NA,NA,NA,NA,NA,NA,NA,NA,NA,NA,NA,NA,NA,NA,NA,NA,NA,NA,NA,NA,NA,NA,NA,NA,NA,NA,NA,NA,NA,NA,NA,NA,NA,NA,NA,NA,NA,NA,NA,NA,NA,NA,NA,NA,NA,NA,NA,NA
Honduras,2021,COE,auction,NA,https://allianceforcoffeeexcellence.org/honduras-2021/,2,23,NA,NA,NA,NA,87.3,success,NA,NA,NA,$15.10,"$6,990.85",NA,NA,NA,NA,NA,El Plan,NA,NA,462.97,Wataru for OGAWA COFFEE,NA,NA,NA,NA,NA,NA,NA,NA,NA,NA,NA,NA,NA,NA,NA,NA,NA,NA,NA,NA,NA,NA,NA,NA,NA,NA,NA,NA,NA,NA,NA,NA,NA,NA,NA,NA,NA,NA,NA,NA,NA,NA,NA,NA,NA,NA,NA,NA,NA,NA,NA,NA,NA,NA,NA,NA,NA,NA,NA,NA,NA,NA
Honduras,2021,COE,auction,NA,https://allianceforcoffeeexcellence.org/honduras-2021/,2,24,NA,NA,NA,NA,87.2,success,NA,NA,NA,$14.10,"$9,325.60",NA,NA,NA,NA,NA,Las Tres Peñas,NA,NA,661.39,Wataru for ROKUMEI COFFEE CO.,NA,NA,NA,NA,NA,NA,NA,NA,NA,NA,NA,NA,NA,NA,NA,NA,NA,NA,NA,NA,NA,NA,NA,NA,NA,NA,NA,NA,NA,NA,NA,NA,NA,NA,NA,NA,NA,NA,NA,NA,NA,NA,NA,NA,NA,NA,NA,NA,NA,NA,NA,NA,NA,NA,NA,NA,NA,NA,NA,NA,NA,NA
Honduras,2021,COE,auction,NA,https://allianceforcoffeeexcellence.org/honduras-2021/,2,25,NA,NA,NA,NA,87.07,success,NA,NA,NA,$23.90,"$14,226.48",NA,NA,NA,NA,NA,Cerro Azul,NA,NA,595.25,TAKAMURA COFFEE ROASTERS,NA,NA,NA,NA,NA,NA,NA,NA,NA,NA,NA,NA,NA,NA,NA,NA,NA,NA,NA,NA,NA,NA,NA,NA,NA,NA,NA,NA,NA,NA,NA,NA,NA,NA,NA,NA,NA,NA,NA,NA,NA,NA,NA,NA,NA,NA,NA,NA,NA,NA,NA,NA,NA,NA,NA,NA,NA,NA,NA,NA,NA,NA
Honduras,2021,COE,auction,NA,https://allianceforcoffeeexcellence.org/honduras-2021/,2,Totals:,NA,NA,NA,NA,,success,NA,NA,NA,$27.99/lb,"$468,375.71",NA,NA,NA,NA,NA,,NA,NA,16733.04,,NA,NA,NA,NA,NA,NA,NA,NA,NA,NA,NA,NA,NA,NA,NA,NA,NA,NA,NA,NA,NA,NA,NA,NA,NA,NA,NA,NA,NA,NA,NA,NA,NA,NA,NA,NA,NA,NA,NA,NA,NA,NA,NA,NA,NA,NA,NA,NA,NA,NA,NA,NA,NA,NA,NA,NA,NA,NA,NA,NA,NA,NA
Honduras,2021,NW,auction,NA,https://allianceforcoffeeexcellence.org/honduras-2021/,4,NW,NA,NA,NA,NA,86.83,success,NA,NA,NA,$8.40,"$11,111.27","Wataru & Co., Ltd.",NA,NA,NA,NA,La Victoria,NA,NA,"1,322.77",NA,NA,NA,NA,NA,NA,NA,NA,NA,NA,NA,NA,NA,NA,NA,NA,NA,NA,NA,NA,NA,NA,NA,NA,NA,NA,NA,NA,NA,NA,NA,NA,NA,NA,NA,NA,NA,NA,NA,NA,NA,NA,NA,NA,NA,NA,NA,NA,NA,NA,NA,NA,NA,NA,NA,NA,NA,NA,NA,NA,NA,NA,NA
Honduras,2021,NW,auction,NA,https://allianceforcoffeeexcellence.org/honduras-2021/,4,NW,NA,NA,NA,NA,86.77,success,NA,NA,NA,$6.40,"$5,502.72","Linking Coffee Co., Ltd.",NA,NA,NA,NA,Jeakeline,NA,NA,859.80,NA,NA,NA,NA,NA,NA,NA,NA,NA,NA,NA,NA,NA,NA,NA,NA,NA,NA,NA,NA,NA,NA,NA,NA,NA,NA,NA,NA,NA,NA,NA,NA,NA,NA,NA,NA,NA,NA,NA,NA,NA,NA,NA,NA,NA,NA,NA,NA,NA,NA,NA,NA,NA,NA,NA,NA,NA,NA,NA,NA,NA,NA,NA
Honduras,2021,NW,auction,NA,https://allianceforcoffeeexcellence.org/honduras-2021/,4,NW,NA,NA,NA,NA,86.7,success,NA,NA,NA,$8.00,"$5,291.12","Wataru & Co., Ltd.",NA,NA,NA,NA,Nueva Luz,NA,NA,661.39,NA,NA,NA,NA,NA,NA,NA,NA,NA,NA,NA,NA,NA,NA,NA,NA,NA,NA,NA,NA,NA,NA,NA,NA,NA,NA,NA,NA,NA,NA,NA,NA,NA,NA,NA,NA,NA,NA,NA,NA,NA,NA,NA,NA,NA,NA,NA,NA,NA,NA,NA,NA,NA,NA,NA,NA,NA,NA,NA,NA,NA,NA,NA
Honduras,2021,NW,auction,NA,https://allianceforcoffeeexcellence.org/honduras-2021/,4,NW,NA,NA,NA,NA,86.63,success,NA,NA,NA,$6.50,"$4,299.04","Wataru & Co., Ltd.",NA,NA,NA,NA,El Jericó,NA,NA,661.39,NA,NA,NA,NA,NA,NA,NA,NA,NA,NA,NA,NA,NA,NA,NA,NA,NA,NA,NA,NA,NA,NA,NA,NA,NA,NA,NA,NA,NA,NA,NA,NA,NA,NA,NA,NA,NA,NA,NA,NA,NA,NA,NA,NA,NA,NA,NA,NA,NA,NA,NA,NA,NA,NA,NA,NA,NA,NA,NA,NA,NA,NA,NA
Honduras,2021,NW,auction,NA,https://allianceforcoffeeexcellence.org/honduras-2021/,4,NW,NA,NA,NA,NA,86.3,success,NA,NA,NA,$5.10,"$2,361.15",MARISSTELLA COFFEE,NA,NA,NA,NA,Ciruelo,NA,NA,462.97,NA,NA,NA,NA,NA,NA,NA,NA,NA,NA,NA,NA,NA,NA,NA,NA,NA,NA,NA,NA,NA,NA,NA,NA,NA,NA,NA,NA,NA,NA,NA,NA,NA,NA,NA,NA,NA,NA,NA,NA,NA,NA,NA,NA,NA,NA,NA,NA,NA,NA,NA,NA,NA,NA,NA,NA,NA,NA,NA,NA,NA,NA,NA
Honduras,2021,NW,auction,NA,https://allianceforcoffeeexcellence.org/honduras-2021/,4,NW,NA,NA,NA,NA,85.77,success,NA,NA,NA,$4.30,"$2,559.58",Nagahama Coffee Inc.,NA,NA,NA,NA,La Huerta # 2,NA,NA,595.25,NA,NA,NA,NA,NA,NA,NA,NA,NA,NA,NA,NA,NA,NA,NA,NA,NA,NA,NA,NA,NA,NA,NA,NA,NA,NA,NA,NA,NA,NA,NA,NA,NA,NA,NA,NA,NA,NA,NA,NA,NA,NA,NA,NA,NA,NA,NA,NA,NA,NA,NA,NA,NA,NA,NA,NA,NA,NA,NA,NA,NA,NA,NA
Honduras,2021,NW,auction,NA,https://allianceforcoffeeexcellence.org/honduras-2021/,4,NW,NA,NA,NA,NA,85.91,success,NA,NA,NA,$4.00,"$2,910.08",MARISSTELLA COFFEE,NA,NA,NA,NA,La Pacaya,NA,NA,727.52,NA,NA,NA,NA,NA,NA,NA,NA,NA,NA,NA,NA,NA,NA,NA,NA,NA,NA,NA,NA,NA,NA,NA,NA,NA,NA,NA,NA,NA,NA,NA,NA,NA,NA,NA,NA,NA,NA,NA,NA,NA,NA,NA,NA,NA,NA,NA,NA,NA,NA,NA,NA,NA,NA,NA,NA,NA,NA,NA,NA,NA,NA,NA
Honduras,2021,NW,auction,NA,https://allianceforcoffeeexcellence.org/honduras-2021/,4,NW,NA,NA,NA,NA,Totals:,success,NA,NA,NA,$6.43/lb,"$34,034.96",,NA,NA,NA,NA,,NA,NA,"5,291.09",NA,NA,NA,NA,NA,NA,NA,NA,NA,NA,NA,NA,NA,NA,NA,NA,NA,NA,NA,NA,NA,NA,NA,NA,NA,NA,NA,NA,NA,NA,NA,NA,NA,NA,NA,NA,NA,NA,NA,NA,NA,NA,NA,NA,NA,NA,NA,NA,NA,NA,NA,NA,NA,NA,NA,NA,NA,NA,NA,NA,NA,NA,NA
Honduras,2022,COE,auction,NA,https://allianceforcoffeeexcellence.org/honduras-2022/,2,1a,NA,NA,NA,NA,91.25,success,NA,NA,NA,$       130.50,"$           34,523.78",NA,NA,NA,NA,NA,La Salsa,NA,NA,264.55,KALDI COFFEE FARM,NA,NA,NA,NA,NA,NA,NA,NA,NA,NA,NA,NA,NA,NA,NA,NA,NA,NA,NA,NA,NA,NA,NA,NA,NA,NA,NA,NA,NA,NA,NA,NA,NA,NA,NA,NA,NA,NA,NA,NA,NA,NA,NA,NA,NA,NA,NA,NA,NA,NA,NA,NA,NA,NA,NA,NA,NA,NA,NA,NA,NA,NA
Honduras,2022,COE,auction,NA,https://allianceforcoffeeexcellence.org/honduras-2022/,2,1b,NA,NA,NA,NA,91.25,success,NA,NA,NA,$       134.00,"$           26,588.28",NA,NA,NA,NA,NA,La Salsa,NA,NA,198.42,OnyxCoffee Lab,NA,NA,NA,NA,NA,NA,NA,NA,NA,NA,NA,NA,NA,NA,NA,NA,NA,NA,NA,NA,NA,NA,NA,NA,NA,NA,NA,NA,NA,NA,NA,NA,NA,NA,NA,NA,NA,NA,NA,NA,NA,NA,NA,NA,NA,NA,NA,NA,NA,NA,NA,NA,NA,NA,NA,NA,NA,NA,NA,NA,NA,NA
Honduras,2022,COE,auction,NA,https://allianceforcoffeeexcellence.org/honduras-2022/,2,2a,NA,NA,NA,NA,90.03,success,NA,NA,NA,$          50.50,"$           13,359.78",NA,NA,NA,NA,NA,Santa Lucia,NA,NA,264.55,Coffee Libre,NA,NA,NA,NA,NA,NA,NA,NA,NA,NA,NA,NA,NA,NA,NA,NA,NA,NA,NA,NA,NA,NA,NA,NA,NA,NA,NA,NA,NA,NA,NA,NA,NA,NA,NA,NA,NA,NA,NA,NA,NA,NA,NA,NA,NA,NA,NA,NA,NA,NA,NA,NA,NA,NA,NA,NA,NA,NA,NA,NA,NA,NA
Honduras,2022,COE,auction,NA,https://allianceforcoffeeexcellence.org/honduras-2022/,2,2b,NA,NA,NA,NA,90.03,success,NA,NA,NA,$          35.00,"$              6,944.70",NA,NA,NA,NA,NA,Santa Lucia,NA,NA,198.42,Vero Coffee House,NA,NA,NA,NA,NA,NA,NA,NA,NA,NA,NA,NA,NA,NA,NA,NA,NA,NA,NA,NA,NA,NA,NA,NA,NA,NA,NA,NA,NA,NA,NA,NA,NA,NA,NA,NA,NA,NA,NA,NA,NA,NA,NA,NA,NA,NA,NA,NA,NA,NA,NA,NA,NA,NA,NA,NA,NA,NA,NA,NA,NA,NA
Honduras,2022,COE,auction,NA,https://allianceforcoffeeexcellence.org/honduras-2022/,2,3,NA,NA,NA,NA,89.5,success,NA,NA,NA,$          28.90,"$           14,335.56",NA,NA,NA,NA,NA,La Colmena,NA,NA,496.04,HoneyCoffee (Izaki Coffee Co. Ltd) & REC COFFEE,NA,NA,NA,NA,NA,NA,NA,NA,NA,NA,NA,NA,NA,NA,NA,NA,NA,NA,NA,NA,NA,NA,NA,NA,NA,NA,NA,NA,NA,NA,NA,NA,NA,NA,NA,NA,NA,NA,NA,NA,NA,NA,NA,NA,NA,NA,NA,NA,NA,NA,NA,NA,NA,NA,NA,NA,NA,NA,NA,NA,NA,NA
Honduras,2022,COE,auction,NA,https://allianceforcoffeeexcellence.org/honduras-2022/,2,4,NA,NA,NA,NA,89.03,success,NA,NA,NA,$          25.00,"$           14,881.25",NA,NA,NA,NA,NA,Don Andres,NA,NA,595.25,Vero Coffee House,NA,NA,NA,NA,NA,NA,NA,NA,NA,NA,NA,NA,NA,NA,NA,NA,NA,NA,NA,NA,NA,NA,NA,NA,NA,NA,NA,NA,NA,NA,NA,NA,NA,NA,NA,NA,NA,NA,NA,NA,NA,NA,NA,NA,NA,NA,NA,NA,NA,NA,NA,NA,NA,NA,NA,NA,NA,NA,NA,NA,NA,NA
Honduras,2022,COE,auction,NA,https://allianceforcoffeeexcellence.org/honduras-2022/,2,5,NA,NA,NA,NA,88.91,success,NA,NA,NA,$          20.20,"$           10,020.01",NA,NA,NA,NA,NA,La Fortuna,NA,NA,496.04,GONGGAM Roasting Factory,NA,NA,NA,NA,NA,NA,NA,NA,NA,NA,NA,NA,NA,NA,NA,NA,NA,NA,NA,NA,NA,NA,NA,NA,NA,NA,NA,NA,NA,NA,NA,NA,NA,NA,NA,NA,NA,NA,NA,NA,NA,NA,NA,NA,NA,NA,NA,NA,NA,NA,NA,NA,NA,NA,NA,NA,NA,NA,NA,NA,NA,NA
Honduras,2022,COE,auction,NA,https://allianceforcoffeeexcellence.org/honduras-2022/,2,6,NA,NA,NA,NA,88.84,success,NA,NA,NA,$          13.80,"$           10,039.78",NA,NA,NA,NA,NA,Las Virginias,NA,NA,727.52,KALDI COFFEE FARM,NA,NA,NA,NA,NA,NA,NA,NA,NA,NA,NA,NA,NA,NA,NA,NA,NA,NA,NA,NA,NA,NA,NA,NA,NA,NA,NA,NA,NA,NA,NA,NA,NA,NA,NA,NA,NA,NA,NA,NA,NA,NA,NA,NA,NA,NA,NA,NA,NA,NA,NA,NA,NA,NA,NA,NA,NA,NA,NA,NA,NA,NA
Honduras,2022,COE,auction,NA,https://allianceforcoffeeexcellence.org/honduras-2022/,2,7,NA,NA,NA,NA,88.81,success,NA,NA,NA,$          15.60,"$              7,738.22",NA,NA,NA,NA,NA,Las Virginias,NA,NA,496.04,M.I.Coffee Corporation,NA,NA,NA,NA,NA,NA,NA,NA,NA,NA,NA,NA,NA,NA,NA,NA,NA,NA,NA,NA,NA,NA,NA,NA,NA,NA,NA,NA,NA,NA,NA,NA,NA,NA,NA,NA,NA,NA,NA,NA,NA,NA,NA,NA,NA,NA,NA,NA,NA,NA,NA,NA,NA,NA,NA,NA,NA,NA,NA,NA,NA,NA
Honduras,2022,COE,auction,NA,https://allianceforcoffeeexcellence.org/honduras-2022/,2,8,NA,NA,NA,NA,88.63,success,NA,NA,NA,$          13.30,"$           11,875.17",NA,NA,NA,NA,NA,Paraideli,NA,NA,892.87,"Spirit Animal Coffee, Olympia Graeco Egyptian Coffee (OGECoffee) / Raku Coffee Roaster",NA,NA,NA,NA,NA,NA,NA,NA,NA,NA,NA,NA,NA,NA,NA,NA,NA,NA,NA,NA,NA,NA,NA,NA,NA,NA,NA,NA,NA,NA,NA,NA,NA,NA,NA,NA,NA,NA,NA,NA,NA,NA,NA,NA,NA,NA,NA,NA,NA,NA,NA,NA,NA,NA,NA,NA,NA,NA,NA,NA,NA,NA
Honduras,2022,COE,auction,NA,https://allianceforcoffeeexcellence.org/honduras-2022/,2,9,NA,NA,NA,NA,88.47,success,NA,NA,NA,$          51.00,"$           28,671.18",NA,NA,NA,NA,NA,Platanares,NA,NA,562.18,NOZY COFFEE,NA,NA,NA,NA,NA,NA,NA,NA,NA,NA,NA,NA,NA,NA,NA,NA,NA,NA,NA,NA,NA,NA,NA,NA,NA,NA,NA,NA,NA,NA,NA,NA,NA,NA,NA,NA,NA,NA,NA,NA,NA,NA,NA,NA,NA,NA,NA,NA,NA,NA,NA,NA,NA,NA,NA,NA,NA,NA,NA,NA,NA,NA
Honduras,2022,COE,auction,NA,https://allianceforcoffeeexcellence.org/honduras-2022/,2,10,NA,NA,NA,NA,88.15,success,NA,NA,NA,$          19.30,"$           17,232.39",NA,NA,NA,NA,NA,La Reina,NA,NA,892.87,KALDI COFFEE FARM,NA,NA,NA,NA,NA,NA,NA,NA,NA,NA,NA,NA,NA,NA,NA,NA,NA,NA,NA,NA,NA,NA,NA,NA,NA,NA,NA,NA,NA,NA,NA,NA,NA,NA,NA,NA,NA,NA,NA,NA,NA,NA,NA,NA,NA,NA,NA,NA,NA,NA,NA,NA,NA,NA,NA,NA,NA,NA,NA,NA,NA,NA
Honduras,2022,COE,auction,NA,https://allianceforcoffeeexcellence.org/honduras-2022/,2,11,NA,NA,NA,NA,88.13,success,NA,NA,NA,$          24.90,"$           16,468.61",NA,NA,NA,NA,NA,Los Pinos,NA,NA,661.39,NOZY COFFEE,NA,NA,NA,NA,NA,NA,NA,NA,NA,NA,NA,NA,NA,NA,NA,NA,NA,NA,NA,NA,NA,NA,NA,NA,NA,NA,NA,NA,NA,NA,NA,NA,NA,NA,NA,NA,NA,NA,NA,NA,NA,NA,NA,NA,NA,NA,NA,NA,NA,NA,NA,NA,NA,NA,NA,NA,NA,NA,NA,NA,NA,NA
Honduras,2022,COE,auction,NA,https://allianceforcoffeeexcellence.org/honduras-2022/,2,12,NA,NA,NA,NA,87.79,success,NA,NA,NA,$          12.00,"$           11,111.28",NA,NA,NA,NA,NA,Los Cedros,NA,NA,925.94,Solberg & Hansen,NA,NA,NA,NA,NA,NA,NA,NA,NA,NA,NA,NA,NA,NA,NA,NA,NA,NA,NA,NA,NA,NA,NA,NA,NA,NA,NA,NA,NA,NA,NA,NA,NA,NA,NA,NA,NA,NA,NA,NA,NA,NA,NA,NA,NA,NA,NA,NA,NA,NA,NA,NA,NA,NA,NA,NA,NA,NA,NA,NA,NA,NA
Honduras,2022,COE,auction,NA,https://allianceforcoffeeexcellence.org/honduras-2022/,2,13,NA,NA,NA,NA,87.71,success,NA,NA,NA,$          12.70,"$              7,979.66",NA,NA,NA,NA,NA,Los Quetzales,NA,NA,628.32,"La Pluma & Bohemian, ESCUDO COFFEE",NA,NA,NA,NA,NA,NA,NA,NA,NA,NA,NA,NA,NA,NA,NA,NA,NA,NA,NA,NA,NA,NA,NA,NA,NA,NA,NA,NA,NA,NA,NA,NA,NA,NA,NA,NA,NA,NA,NA,NA,NA,NA,NA,NA,NA,NA,NA,NA,NA,NA,NA,NA,NA,NA,NA,NA,NA,NA,NA,NA,NA,NA
Honduras,2022,COE,auction,NA,https://allianceforcoffeeexcellence.org/honduras-2022/,2,14,NA,NA,NA,NA,87.53,success,NA,NA,NA,$          15.30,"$              9,613.30",NA,NA,NA,NA,NA,Las Capucas,NA,NA,628.32,"Wataru & Co., Ltd.",NA,NA,NA,NA,NA,NA,NA,NA,NA,NA,NA,NA,NA,NA,NA,NA,NA,NA,NA,NA,NA,NA,NA,NA,NA,NA,NA,NA,NA,NA,NA,NA,NA,NA,NA,NA,NA,NA,NA,NA,NA,NA,NA,NA,NA,NA,NA,NA,NA,NA,NA,NA,NA,NA,NA,NA,NA,NA,NA,NA,NA,NA
Honduras,2022,COE,auction,NA,https://allianceforcoffeeexcellence.org/honduras-2022/,2,15,NA,NA,NA,NA,87.5,success,NA,NA,NA,$          15.40,"$              9,676.13",NA,NA,NA,NA,NA,El Nacimiento,NA,NA,628.32,Wataru for Voila Coffee.,NA,NA,NA,NA,NA,NA,NA,NA,NA,NA,NA,NA,NA,NA,NA,NA,NA,NA,NA,NA,NA,NA,NA,NA,NA,NA,NA,NA,NA,NA,NA,NA,NA,NA,NA,NA,NA,NA,NA,NA,NA,NA,NA,NA,NA,NA,NA,NA,NA,NA,NA,NA,NA,NA,NA,NA,NA,NA,NA,NA,NA,NA
Honduras,2022,COE,auction,NA,https://allianceforcoffeeexcellence.org/honduras-2022/,2,16,NA,NA,NA,NA,87.38,success,NA,NA,NA,$          17.00,"$           11,805.82",NA,NA,NA,NA,NA,El Ocote,NA,NA,694.46,MOMOS COFFEE,NA,NA,NA,NA,NA,NA,NA,NA,NA,NA,NA,NA,NA,NA,NA,NA,NA,NA,NA,NA,NA,NA,NA,NA,NA,NA,NA,NA,NA,NA,NA,NA,NA,NA,NA,NA,NA,NA,NA,NA,NA,NA,NA,NA,NA,NA,NA,NA,NA,NA,NA,NA,NA,NA,NA,NA,NA,NA,NA,NA,NA,NA
Honduras,2022,COE,auction,NA,https://allianceforcoffeeexcellence.org/honduras-2022/,2,17,NA,NA,NA,NA,87.35,success,NA,NA,NA,$          16.30,"$           12,893.30",NA,NA,NA,NA,NA,Liquidambar,NA,NA,791,Kyokuto Fadie Corporation,NA,NA,NA,NA,NA,NA,NA,NA,NA,NA,NA,NA,NA,NA,NA,NA,NA,NA,NA,NA,NA,NA,NA,NA,NA,NA,NA,NA,NA,NA,NA,NA,NA,NA,NA,NA,NA,NA,NA,NA,NA,NA,NA,NA,NA,NA,NA,NA,NA,NA,NA,NA,NA,NA,NA,NA,NA,NA,NA,NA,NA,NA
Honduras,2022,COE,auction,NA,https://allianceforcoffeeexcellence.org/honduras-2022/,2,18,NA,NA,NA,NA,87.29,success,NA,NA,NA,$          12.60,"$              6,250.10",NA,NA,NA,NA,NA,Los Robles,NA,NA,496.04,"Wataru & Co., Ltd.",NA,NA,NA,NA,NA,NA,NA,NA,NA,NA,NA,NA,NA,NA,NA,NA,NA,NA,NA,NA,NA,NA,NA,NA,NA,NA,NA,NA,NA,NA,NA,NA,NA,NA,NA,NA,NA,NA,NA,NA,NA,NA,NA,NA,NA,NA,NA,NA,NA,NA,NA,NA,NA,NA,NA,NA,NA,NA,NA,NA,NA,NA
Honduras,2022,COE,auction,NA,https://allianceforcoffeeexcellence.org/honduras-2022/,2,19,NA,NA,NA,NA,87.24,success,NA,NA,NA,$          16.80,"$              8,333.47",NA,NA,NA,NA,NA,De la Casa,NA,NA,496.04,KALDI COFFEE FARM,NA,NA,NA,NA,NA,NA,NA,NA,NA,NA,NA,NA,NA,NA,NA,NA,NA,NA,NA,NA,NA,NA,NA,NA,NA,NA,NA,NA,NA,NA,NA,NA,NA,NA,NA,NA,NA,NA,NA,NA,NA,NA,NA,NA,NA,NA,NA,NA,NA,NA,NA,NA,NA,NA,NA,NA,NA,NA,NA,NA,NA,NA
Honduras,2022,COE,auction,NA,https://allianceforcoffeeexcellence.org/honduras-2022/,2,20,NA,NA,NA,NA,87.21,success,NA,NA,NA,$          15.10,"$              7,989.56",NA,NA,NA,NA,NA,Las Botijas,NA,NA,529.11,Coffee Bros.,NA,NA,NA,NA,NA,NA,NA,NA,NA,NA,NA,NA,NA,NA,NA,NA,NA,NA,NA,NA,NA,NA,NA,NA,NA,NA,NA,NA,NA,NA,NA,NA,NA,NA,NA,NA,NA,NA,NA,NA,NA,NA,NA,NA,NA,NA,NA,NA,NA,NA,NA,NA,NA,NA,NA,NA,NA,NA,NA,NA,NA,NA
Honduras,2022,COE,auction,NA,https://allianceforcoffeeexcellence.org/honduras-2022/,2,21,NA,NA,NA,NA,87.15,success,NA,NA,NA,$          10.05,"$           11,632.17",NA,NA,NA,NA,NA,La Lagunita,NA,NA,"1,157.43","Wataru & Co., Ltd.",NA,NA,NA,NA,NA,NA,NA,NA,NA,NA,NA,NA,NA,NA,NA,NA,NA,NA,NA,NA,NA,NA,NA,NA,NA,NA,NA,NA,NA,NA,NA,NA,NA,NA,NA,NA,NA,NA,NA,NA,NA,NA,NA,NA,NA,NA,NA,NA,NA,NA,NA,NA,NA,NA,NA,NA,NA,NA,NA,NA,NA,NA
Honduras,2022,COE,auction,NA,https://allianceforcoffeeexcellence.org/honduras-2022/,2,22,NA,NA,NA,NA,87.12,success,NA,NA,NA,$          10.00,"$              7,275.20",NA,NA,NA,NA,NA,Flor del Ocotillo,NA,NA,727.52,"Wataru & Co., Ltd.",NA,NA,NA,NA,NA,NA,NA,NA,NA,NA,NA,NA,NA,NA,NA,NA,NA,NA,NA,NA,NA,NA,NA,NA,NA,NA,NA,NA,NA,NA,NA,NA,NA,NA,NA,NA,NA,NA,NA,NA,NA,NA,NA,NA,NA,NA,NA,NA,NA,NA,NA,NA,NA,NA,NA,NA,NA,NA,NA,NA,NA,NA
Honduras,2022,COE,auction,NA,https://allianceforcoffeeexcellence.org/honduras-2022/,2,23,NA,NA,NA,NA,87.09,success,NA,NA,NA,$            9.90,"$           14,077.60",NA,NA,NA,NA,NA,Cielito Lindo,NA,NA,"1,421.98",honu加藤珈琲店株式会社,NA,NA,NA,NA,NA,NA,NA,NA,NA,NA,NA,NA,NA,NA,NA,NA,NA,NA,NA,NA,NA,NA,NA,NA,NA,NA,NA,NA,NA,NA,NA,NA,NA,NA,NA,NA,NA,NA,NA,NA,NA,NA,NA,NA,NA,NA,NA,NA,NA,NA,NA,NA,NA,NA,NA,NA,NA,NA,NA,NA,NA,NA
Honduras,2022,COE,auction,NA,https://allianceforcoffeeexcellence.org/honduras-2022/,2,24,NA,NA,NA,NA,87.09,success,NA,NA,NA,$            9.60,"$              8,571.55",NA,NA,NA,NA,NA,Los Colibries,NA,NA,892.87,"Wataru & Co., Ltd.",NA,NA,NA,NA,NA,NA,NA,NA,NA,NA,NA,NA,NA,NA,NA,NA,NA,NA,NA,NA,NA,NA,NA,NA,NA,NA,NA,NA,NA,NA,NA,NA,NA,NA,NA,NA,NA,NA,NA,NA,NA,NA,NA,NA,NA,NA,NA,NA,NA,NA,NA,NA,NA,NA,NA,NA,NA,NA,NA,NA,NA,NA
Honduras,2022,COE,auction,NA,https://allianceforcoffeeexcellence.org/honduras-2022/,2,25,NA,NA,NA,NA,87.06,success,NA,NA,NA,$          10.80,"$              6,071.54",NA,NA,NA,NA,NA,Cerro alto,NA,NA,562.18,"Wataru & Co., Ltd.",NA,NA,NA,NA,NA,NA,NA,NA,NA,NA,NA,NA,NA,NA,NA,NA,NA,NA,NA,NA,NA,NA,NA,NA,NA,NA,NA,NA,NA,NA,NA,NA,NA,NA,NA,NA,NA,NA,NA,NA,NA,NA,NA,NA,NA,NA,NA,NA,NA,NA,NA,NA,NA,NA,NA,NA,NA,NA,NA,NA,NA,NA
Honduras,2022,COE,auction,NA,https://allianceforcoffeeexcellence.org/honduras-2022/,2,Totals:,NA,NA,NA,NA,,success,NA,NA,NA,"Auction Average $/lb
$19.97","Total Auction Value
$345,959.39",NA,NA,NA,NA,NA,,NA,NA,"17,325.67",,NA,NA,NA,NA,NA,NA,NA,NA,NA,NA,NA,NA,NA,NA,NA,NA,NA,NA,NA,NA,NA,NA,NA,NA,NA,NA,NA,NA,NA,NA,NA,NA,NA,NA,NA,NA,NA,NA,NA,NA,NA,NA,NA,NA,NA,NA,NA,NA,NA,NA,NA,NA,NA,NA,NA,NA,NA,NA,NA,NA,NA,NA
Honduras,2022,NW,auction,NA,https://allianceforcoffeeexcellence.org/honduras-2022/,4,NW,NA,NA,NA,NA,86.94,success,NA,NA,NA,$            4.50,"$           3,720.29","Wataru & Co., Ltd.",NA,NA,NA,NA,La Laguna,NA,NA,826.73,NA,NA,NA,NA,NA,NA,NA,NA,NA,NA,NA,NA,NA,NA,NA,NA,NA,NA,NA,NA,NA,NA,NA,NA,NA,NA,NA,NA,NA,NA,NA,NA,NA,NA,NA,NA,NA,NA,NA,NA,NA,NA,NA,NA,NA,NA,NA,NA,NA,NA,NA,NA,NA,NA,NA,NA,NA,NA,NA,NA,NA,NA,NA
Honduras,2022,NW,auction,NA,https://allianceforcoffeeexcellence.org/honduras-2022/,4,NW,NA,NA,NA,NA,86.91,success,NA,NA,NA,$            4.20,"$           2,916.73",MARISSTELLA COFFEE,NA,NA,NA,NA,Mal Querida,NA,NA,694.46,NA,NA,NA,NA,NA,NA,NA,NA,NA,NA,NA,NA,NA,NA,NA,NA,NA,NA,NA,NA,NA,NA,NA,NA,NA,NA,NA,NA,NA,NA,NA,NA,NA,NA,NA,NA,NA,NA,NA,NA,NA,NA,NA,NA,NA,NA,NA,NA,NA,NA,NA,NA,NA,NA,NA,NA,NA,NA,NA,NA,NA,NA,NA
Honduras,2022,NW,auction,NA,https://allianceforcoffeeexcellence.org/honduras-2022/,4,NW,NA,NA,NA,NA,86.41,success,NA,NA,NA,$            4.30,"$           2,559.58","Saerin co.,Ltd(MGPG)",NA,NA,NA,NA,Brisas del Cielo,NA,NA,595.25,NA,NA,NA,NA,NA,NA,NA,NA,NA,NA,NA,NA,NA,NA,NA,NA,NA,NA,NA,NA,NA,NA,NA,NA,NA,NA,NA,NA,NA,NA,NA,NA,NA,NA,NA,NA,NA,NA,NA,NA,NA,NA,NA,NA,NA,NA,NA,NA,NA,NA,NA,NA,NA,NA,NA,NA,NA,NA,NA,NA,NA,NA,NA
Honduras,2022,NW,auction,NA,https://allianceforcoffeeexcellence.org/honduras-2022/,4,NW,NA,NA,NA,NA,86.32,success,NA,NA,NA,$            6.70,"$           3,988.18",NOZY COFFEE,NA,NA,NA,NA,Don Juan,NA,NA,595.25,NA,NA,NA,NA,NA,NA,NA,NA,NA,NA,NA,NA,NA,NA,NA,NA,NA,NA,NA,NA,NA,NA,NA,NA,NA,NA,NA,NA,NA,NA,NA,NA,NA,NA,NA,NA,NA,NA,NA,NA,NA,NA,NA,NA,NA,NA,NA,NA,NA,NA,NA,NA,NA,NA,NA,NA,NA,NA,NA,NA,NA,NA,NA
Honduras,2022,NW,auction,NA,https://allianceforcoffeeexcellence.org/honduras-2022/,4,NW,NA,NA,NA,NA,Totals:,success,NA,NA,NA,"Auction Average $/lb
$4.93","Total Auction Value:
$13,184.78",,NA,NA,NA,NA,,NA,NA,2711.69,NA,NA,NA,NA,NA,NA,NA,NA,NA,NA,NA,NA,NA,NA,NA,NA,NA,NA,NA,NA,NA,NA,NA,NA,NA,NA,NA,NA,NA,NA,NA,NA,NA,NA,NA,NA,NA,NA,NA,NA,NA,NA,NA,NA,NA,NA,NA,NA,NA,NA,NA,NA,NA,NA,NA,NA,NA,NA,NA,NA,NA,NA,NA
Honduras,2023,COE,auction,NA,https://allianceforcoffeeexcellence.org/honduras-2023/,2,1a,NA,NA,NA,NA,91.78,success,NA,NA,NA,US$ 62.00/lb,"US$ 28,704.14",NA,NA,NA,NA,NA,Pino De Oro,NA,NA,462.97,Coffee Libre – South Korea,NA,NA,NA,NA,NA,NA,NA,NA,NA,NA,NA,NA,NA,NA,NA,NA,NA,NA,NA,NA,NA,NA,NA,NA,NA,NA,NA,NA,NA,NA,NA,NA,NA,NA,NA,NA,NA,NA,NA,NA,NA,NA,NA,NA,NA,NA,NA,NA,NA,NA,NA,NA,NA,NA,NA,NA,NA,NA,NA,NA,NA,NA
Honduras,2023,COE,auction,NA,https://allianceforcoffeeexcellence.org/honduras-2023/,2,1b,NA,NA,NA,NA,91.78,success,NA,NA,NA,US$ 62.00/lb,"US$ 28,704.14",NA,NA,NA,NA,NA,Pino De Oro,NA,NA,462.97,"Proud Mary – Australia, SUPREMO COFFEE- Germany, Cafe Kreyol – USA",NA,NA,NA,NA,NA,NA,NA,NA,NA,NA,NA,NA,NA,NA,NA,NA,NA,NA,NA,NA,NA,NA,NA,NA,NA,NA,NA,NA,NA,NA,NA,NA,NA,NA,NA,NA,NA,NA,NA,NA,NA,NA,NA,NA,NA,NA,NA,NA,NA,NA,NA,NA,NA,NA,NA,NA,NA,NA,NA,NA,NA,NA
Honduras,2023,COE,auction,NA,https://allianceforcoffeeexcellence.org/honduras-2023/,2,2a,NA,NA,NA,NA,91.08,success,NA,NA,NA,US$ 60.40/lb,"US$ 19,973.68",NA,NA,NA,NA,NA,Las Virginias,NA,NA,330.69,"Coffee Me Up (Korea), Coffee Therapy (Thailand), GLITCH COFFEE & ROASTERS by MARUKAI, Red meow coffee company",NA,NA,NA,NA,NA,NA,NA,NA,NA,NA,NA,NA,NA,NA,NA,NA,NA,NA,NA,NA,NA,NA,NA,NA,NA,NA,NA,NA,NA,NA,NA,NA,NA,NA,NA,NA,NA,NA,NA,NA,NA,NA,NA,NA,NA,NA,NA,NA,NA,NA,NA,NA,NA,NA,NA,NA,NA,NA,NA,NA,NA,NA
Honduras,2023,COE,auction,NA,https://allianceforcoffeeexcellence.org/honduras-2023/,2,2b,NA,NA,NA,NA,91.08,success,NA,NA,NA,US$ 60.20/lb,"US$ 19,509.62",NA,NA,NA,NA,NA,Las Virginias,NA,NA,324.08,Snow Beans Coffee – Japan,NA,NA,NA,NA,NA,NA,NA,NA,NA,NA,NA,NA,NA,NA,NA,NA,NA,NA,NA,NA,NA,NA,NA,NA,NA,NA,NA,NA,NA,NA,NA,NA,NA,NA,NA,NA,NA,NA,NA,NA,NA,NA,NA,NA,NA,NA,NA,NA,NA,NA,NA,NA,NA,NA,NA,NA,NA,NA,NA,NA,NA,NA
Honduras,2023,COE,auction,NA,https://allianceforcoffeeexcellence.org/honduras-2023/,2,3,NA,NA,NA,NA,89.92,success,NA,NA,NA,US$ 42.10/lb,"US$ 21,625.93",NA,NA,NA,NA,NA,La Fresa,NA,NA,513.68,DECAMERON COFFEE – China,NA,NA,NA,NA,NA,NA,NA,NA,NA,NA,NA,NA,NA,NA,NA,NA,NA,NA,NA,NA,NA,NA,NA,NA,NA,NA,NA,NA,NA,NA,NA,NA,NA,NA,NA,NA,NA,NA,NA,NA,NA,NA,NA,NA,NA,NA,NA,NA,NA,NA,NA,NA,NA,NA,NA,NA,NA,NA,NA,NA,NA,NA
Honduras,2023,COE,auction,NA,https://allianceforcoffeeexcellence.org/honduras-2023/,2,4,NA,NA,NA,NA,89.69,success,NA,NA,NA,US$ 36.00/lb,"US$ 20,238.48",NA,NA,NA,NA,NA,El Zapote,NA,NA,562.18,Coffee Libre – South Korea,NA,NA,NA,NA,NA,NA,NA,NA,NA,NA,NA,NA,NA,NA,NA,NA,NA,NA,NA,NA,NA,NA,NA,NA,NA,NA,NA,NA,NA,NA,NA,NA,NA,NA,NA,NA,NA,NA,NA,NA,NA,NA,NA,NA,NA,NA,NA,NA,NA,NA,NA,NA,NA,NA,NA,NA,NA,NA,NA,NA,NA,NA
Honduras,2023,COE,auction,NA,https://allianceforcoffeeexcellence.org/honduras-2023/,2,5,NA,NA,NA,NA,89.22,success,NA,NA,NA,US$ 30.10/lb,"US$ 17,917.03",NA,NA,NA,NA,NA,La Salsa,NA,NA,595.25,Black & White – United States,NA,NA,NA,NA,NA,NA,NA,NA,NA,NA,NA,NA,NA,NA,NA,NA,NA,NA,NA,NA,NA,NA,NA,NA,NA,NA,NA,NA,NA,NA,NA,NA,NA,NA,NA,NA,NA,NA,NA,NA,NA,NA,NA,NA,NA,NA,NA,NA,NA,NA,NA,NA,NA,NA,NA,NA,NA,NA,NA,NA,NA,NA
Honduras,2023,COE,auction,NA,https://allianceforcoffeeexcellence.org/honduras-2023/,2,6,NA,NA,NA,NA,89.08,success,NA,NA,NA,US$ 10.10/lb,"US$ 6,590.96",NA,NA,NA,NA,NA,Platanares,NA,NA,652.57,NOZY COFFEE – Japan,NA,NA,NA,NA,NA,NA,NA,NA,NA,NA,NA,NA,NA,NA,NA,NA,NA,NA,NA,NA,NA,NA,NA,NA,NA,NA,NA,NA,NA,NA,NA,NA,NA,NA,NA,NA,NA,NA,NA,NA,NA,NA,NA,NA,NA,NA,NA,NA,NA,NA,NA,NA,NA,NA,NA,NA,NA,NA,NA,NA,NA,NA
Honduras,2023,COE,auction,NA,https://allianceforcoffeeexcellence.org/honduras-2023/,2,7,NA,NA,NA,NA,88.94,success,NA,NA,NA,US$ 20.20/lb,"US$ 10,688.02",NA,NA,NA,NA,NA,Los Pinos,NA,NA,529.11,NOZY COFFEE – Japan,NA,NA,NA,NA,NA,NA,NA,NA,NA,NA,NA,NA,NA,NA,NA,NA,NA,NA,NA,NA,NA,NA,NA,NA,NA,NA,NA,NA,NA,NA,NA,NA,NA,NA,NA,NA,NA,NA,NA,NA,NA,NA,NA,NA,NA,NA,NA,NA,NA,NA,NA,NA,NA,NA,NA,NA,NA,NA,NA,NA,NA,NA
Honduras,2023,COE,auction,NA,https://allianceforcoffeeexcellence.org/honduras-2023/,2,8,NA,NA,NA,NA,88.94,success,NA,NA,NA,US$ 10.00/lb,"US$ 5,291.10",NA,NA,NA,NA,NA,De La Casa,NA,NA,529.11,NOZY COFFEE – Japan,NA,NA,NA,NA,NA,NA,NA,NA,NA,NA,NA,NA,NA,NA,NA,NA,NA,NA,NA,NA,NA,NA,NA,NA,NA,NA,NA,NA,NA,NA,NA,NA,NA,NA,NA,NA,NA,NA,NA,NA,NA,NA,NA,NA,NA,NA,NA,NA,NA,NA,NA,NA,NA,NA,NA,NA,NA,NA,NA,NA,NA,NA
Honduras,2023,COE,auction,NA,https://allianceforcoffeeexcellence.org/honduras-2023/,2,9,NA,NA,NA,NA,88.89,success,NA,NA,NA,US$ 20.00/lb,"US$ 11,905.00",NA,NA,NA,NA,NA,La Salvaje,NA,NA,595.25,"Coffee A Go! Go!, Adachi Coffee, THOTH COFFEE, Japan Roasters’ Network",NA,NA,NA,NA,NA,NA,NA,NA,NA,NA,NA,NA,NA,NA,NA,NA,NA,NA,NA,NA,NA,NA,NA,NA,NA,NA,NA,NA,NA,NA,NA,NA,NA,NA,NA,NA,NA,NA,NA,NA,NA,NA,NA,NA,NA,NA,NA,NA,NA,NA,NA,NA,NA,NA,NA,NA,NA,NA,NA,NA,NA,NA
Honduras,2023,COE,auction,NA,https://allianceforcoffeeexcellence.org/honduras-2023/,2,10,NA,NA,NA,NA,88.89,success,NA,NA,NA,US$ 19.60/lb,"US$ 11,580.46",NA,NA,NA,NA,NA,Agua Dulce,NA,NA,590.84,M.I.Coffee Corporation – South Korea,NA,NA,NA,NA,NA,NA,NA,NA,NA,NA,NA,NA,NA,NA,NA,NA,NA,NA,NA,NA,NA,NA,NA,NA,NA,NA,NA,NA,NA,NA,NA,NA,NA,NA,NA,NA,NA,NA,NA,NA,NA,NA,NA,NA,NA,NA,NA,NA,NA,NA,NA,NA,NA,NA,NA,NA,NA,NA,NA,NA,NA,NA
Honduras,2023,COE,auction,NA,https://allianceforcoffeeexcellence.org/honduras-2023/,2,11,NA,NA,NA,NA,88.64,success,NA,NA,NA,US$ 17.00/lb,"US$ 29,233.20",NA,NA,NA,NA,NA,La Reina,NA,NA,"1,719.60",KAFFEBRENNERIET AS – Norway,NA,NA,NA,NA,NA,NA,NA,NA,NA,NA,NA,NA,NA,NA,NA,NA,NA,NA,NA,NA,NA,NA,NA,NA,NA,NA,NA,NA,NA,NA,NA,NA,NA,NA,NA,NA,NA,NA,NA,NA,NA,NA,NA,NA,NA,NA,NA,NA,NA,NA,NA,NA,NA,NA,NA,NA,NA,NA,NA,NA,NA,NA
Honduras,2023,COE,auction,NA,https://allianceforcoffeeexcellence.org/honduras-2023/,2,12,NA,NA,NA,NA,88.64,success,NA,NA,NA,US$ 10.30/lb,"US$ 6,131.08",NA,NA,NA,NA,NA,Los Tres Cedros,NA,NA,595.25,Solberg & Hansen – Norway,NA,NA,NA,NA,NA,NA,NA,NA,NA,NA,NA,NA,NA,NA,NA,NA,NA,NA,NA,NA,NA,NA,NA,NA,NA,NA,NA,NA,NA,NA,NA,NA,NA,NA,NA,NA,NA,NA,NA,NA,NA,NA,NA,NA,NA,NA,NA,NA,NA,NA,NA,NA,NA,NA,NA,NA,NA,NA,NA,NA,NA,NA
Honduras,2023,COE,auction,NA,https://allianceforcoffeeexcellence.org/honduras-2023/,2,13,NA,NA,NA,NA,88.64,success,NA,NA,NA,US$ 20.20/lb,"US$ 11,534.20",NA,NA,NA,NA,NA,Arianita,NA,NA,571,terarosa – South Korea,NA,NA,NA,NA,NA,NA,NA,NA,NA,NA,NA,NA,NA,NA,NA,NA,NA,NA,NA,NA,NA,NA,NA,NA,NA,NA,NA,NA,NA,NA,NA,NA,NA,NA,NA,NA,NA,NA,NA,NA,NA,NA,NA,NA,NA,NA,NA,NA,NA,NA,NA,NA,NA,NA,NA,NA,NA,NA,NA,NA,NA,NA
Honduras,2023,COE,auction,NA,https://allianceforcoffeeexcellence.org/honduras-2023/,2,14,NA,NA,NA,NA,88.58,success,NA,NA,NA,US$ 9.00/lb,"US$ 6,289.74",NA,NA,NA,NA,NA,La Casa,NA,NA,698.86,Wataru for OGAWA COFFEE – Japan,NA,NA,NA,NA,NA,NA,NA,NA,NA,NA,NA,NA,NA,NA,NA,NA,NA,NA,NA,NA,NA,NA,NA,NA,NA,NA,NA,NA,NA,NA,NA,NA,NA,NA,NA,NA,NA,NA,NA,NA,NA,NA,NA,NA,NA,NA,NA,NA,NA,NA,NA,NA,NA,NA,NA,NA,NA,NA,NA,NA,NA,NA
Honduras,2023,COE,auction,NA,https://allianceforcoffeeexcellence.org/honduras-2023/,2,15,NA,NA,NA,NA,88.5,success,NA,NA,NA,US$ 13.10/lb,"US$ 7,797.78",NA,NA,NA,NA,NA,El Guamal,NA,NA,595.25,"Foosung Corporation
LaB Coffee – Roaster
Ryans Coffee Roasters
KOOK Coffee roasters",NA,NA,NA,NA,NA,NA,NA,NA,NA,NA,NA,NA,NA,NA,NA,NA,NA,NA,NA,NA,NA,NA,NA,NA,NA,NA,NA,NA,NA,NA,NA,NA,NA,NA,NA,NA,NA,NA,NA,NA,NA,NA,NA,NA,NA,NA,NA,NA,NA,NA,NA,NA,NA,NA,NA,NA,NA,NA,NA,NA,NA,NA
Honduras,2023,COE,auction,NA,https://allianceforcoffeeexcellence.org/honduras-2023/,2,16,NA,NA,NA,NA,88.33,success,NA,NA,NA,US$ 8.90/lb,"US$ 7,063.57",NA,NA,NA,NA,NA,La Montañita,NA,NA,793.66,honu加藤珈琲店株式会社 – Japan,NA,NA,NA,NA,NA,NA,NA,NA,NA,NA,NA,NA,NA,NA,NA,NA,NA,NA,NA,NA,NA,NA,NA,NA,NA,NA,NA,NA,NA,NA,NA,NA,NA,NA,NA,NA,NA,NA,NA,NA,NA,NA,NA,NA,NA,NA,NA,NA,NA,NA,NA,NA,NA,NA,NA,NA,NA,NA,NA,NA,NA,NA
Honduras,2023,COE,auction,NA,https://allianceforcoffeeexcellence.org/honduras-2023/,2,17,NA,NA,NA,NA,88.14,success,NA,NA,NA,US$ 6.60/lb,"US$ 3,928.65",NA,NA,NA,NA,NA,Buena Vista,NA,NA,595.25,"Wataru & Co., Ltd. – Japan",NA,NA,NA,NA,NA,NA,NA,NA,NA,NA,NA,NA,NA,NA,NA,NA,NA,NA,NA,NA,NA,NA,NA,NA,NA,NA,NA,NA,NA,NA,NA,NA,NA,NA,NA,NA,NA,NA,NA,NA,NA,NA,NA,NA,NA,NA,NA,NA,NA,NA,NA,NA,NA,NA,NA,NA,NA,NA,NA,NA,NA,NA
Honduras,2023,COE,auction,NA,https://allianceforcoffeeexcellence.org/honduras-2023/,2,18,NA,NA,NA,NA,88.11,success,NA,NA,NA,US$ 8.20/lb,"US$ 3,796.35",NA,NA,NA,NA,NA,Los Robles,NA,NA,462.97,"Wataru & Co., Ltd. – Japan",NA,NA,NA,NA,NA,NA,NA,NA,NA,NA,NA,NA,NA,NA,NA,NA,NA,NA,NA,NA,NA,NA,NA,NA,NA,NA,NA,NA,NA,NA,NA,NA,NA,NA,NA,NA,NA,NA,NA,NA,NA,NA,NA,NA,NA,NA,NA,NA,NA,NA,NA,NA,NA,NA,NA,NA,NA,NA,NA,NA,NA,NA
Honduras,2023,COE,auction,NA,https://allianceforcoffeeexcellence.org/honduras-2023/,2,19,NA,NA,NA,NA,88.11,success,NA,NA,NA,US$ 19.10/lb,"US$ 11,369.28",NA,NA,NA,NA,NA,La Colmena,NA,NA,595.25,"coffee lusso, ArounZ – South Korea",NA,NA,NA,NA,NA,NA,NA,NA,NA,NA,NA,NA,NA,NA,NA,NA,NA,NA,NA,NA,NA,NA,NA,NA,NA,NA,NA,NA,NA,NA,NA,NA,NA,NA,NA,NA,NA,NA,NA,NA,NA,NA,NA,NA,NA,NA,NA,NA,NA,NA,NA,NA,NA,NA,NA,NA,NA,NA,NA,NA,NA,NA
Honduras,2023,COE,auction,NA,https://allianceforcoffeeexcellence.org/honduras-2023/,2,20,NA,NA,NA,NA,87.81,success,NA,NA,NA,US$ 9.20/lb,"US$ 5,192.30",NA,NA,NA,NA,NA,La Peña,NA,NA,564.38,"Wataru & Co., Ltd. – Japan",NA,NA,NA,NA,NA,NA,NA,NA,NA,NA,NA,NA,NA,NA,NA,NA,NA,NA,NA,NA,NA,NA,NA,NA,NA,NA,NA,NA,NA,NA,NA,NA,NA,NA,NA,NA,NA,NA,NA,NA,NA,NA,NA,NA,NA,NA,NA,NA,NA,NA,NA,NA,NA,NA,NA,NA,NA,NA,NA,NA,NA,NA
Honduras,2023,COE,auction,NA,https://allianceforcoffeeexcellence.org/honduras-2023/,2,21,NA,NA,NA,NA,87.72,success,NA,NA,NA,US$ 8.20/lb,"US$ 4,338.70",NA,NA,NA,NA,NA,El Pozo,NA,NA,529.11,Black & White – United States,NA,NA,NA,NA,NA,NA,NA,NA,NA,NA,NA,NA,NA,NA,NA,NA,NA,NA,NA,NA,NA,NA,NA,NA,NA,NA,NA,NA,NA,NA,NA,NA,NA,NA,NA,NA,NA,NA,NA,NA,NA,NA,NA,NA,NA,NA,NA,NA,NA,NA,NA,NA,NA,NA,NA,NA,NA,NA,NA,NA,NA,NA
Honduras,2023,COE,auction,NA,https://allianceforcoffeeexcellence.org/honduras-2023/,2,22,NA,NA,NA,NA,87.61,success,NA,NA,NA,US$ 7.70/lb,"US$ 4,583.43",NA,NA,NA,NA,NA,La Bendicion,NA,NA,595.25,"Wataru & Co., Ltd. – Japan",NA,NA,NA,NA,NA,NA,NA,NA,NA,NA,NA,NA,NA,NA,NA,NA,NA,NA,NA,NA,NA,NA,NA,NA,NA,NA,NA,NA,NA,NA,NA,NA,NA,NA,NA,NA,NA,NA,NA,NA,NA,NA,NA,NA,NA,NA,NA,NA,NA,NA,NA,NA,NA,NA,NA,NA,NA,NA,NA,NA,NA,NA
Honduras,2023,COE,auction,NA,https://allianceforcoffeeexcellence.org/honduras-2023/,2,23,NA,NA,NA,NA,87.61,success,NA,NA,NA,US$ 20.20/lb,"US$ 10,242.61",NA,NA,NA,NA,NA,Sueño Fertil,NA,NA,507.06,"Wataru & Co., Ltd. – Japan",NA,NA,NA,NA,NA,NA,NA,NA,NA,NA,NA,NA,NA,NA,NA,NA,NA,NA,NA,NA,NA,NA,NA,NA,NA,NA,NA,NA,NA,NA,NA,NA,NA,NA,NA,NA,NA,NA,NA,NA,NA,NA,NA,NA,NA,NA,NA,NA,NA,NA,NA,NA,NA,NA,NA,NA,NA,NA,NA,NA,NA,NA
Honduras,2023,COE,auction,NA,https://allianceforcoffeeexcellence.org/honduras-2023/,2,24,NA,NA,NA,NA,87.58,success,NA,NA,NA,US$ 8.40/lb,"US$ 6,092.69",NA,NA,NA,NA,NA,Chavelo N°2,NA,NA,725.32,Kyokuto Fadie Corporation – Japan,NA,NA,NA,NA,NA,NA,NA,NA,NA,NA,NA,NA,NA,NA,NA,NA,NA,NA,NA,NA,NA,NA,NA,NA,NA,NA,NA,NA,NA,NA,NA,NA,NA,NA,NA,NA,NA,NA,NA,NA,NA,NA,NA,NA,NA,NA,NA,NA,NA,NA,NA,NA,NA,NA,NA,NA,NA,NA,NA,NA,NA,NA
Honduras,2023,COE,auction,NA,https://allianceforcoffeeexcellence.org/honduras-2023/,2,25,NA,NA,NA,NA,87.39,success,NA,NA,NA,US$ 5.80/lb,"US$ 3,068.84",NA,NA,NA,NA,NA,El Sol,NA,NA,529.11,"Wataru & Co., Ltd. – Japan",NA,NA,NA,NA,NA,NA,NA,NA,NA,NA,NA,NA,NA,NA,NA,NA,NA,NA,NA,NA,NA,NA,NA,NA,NA,NA,NA,NA,NA,NA,NA,NA,NA,NA,NA,NA,NA,NA,NA,NA,NA,NA,NA,NA,NA,NA,NA,NA,NA,NA,NA,NA,NA,NA,NA,NA,NA,NA,NA,NA,NA,NA
Honduras,2023,COE,auction,NA,https://allianceforcoffeeexcellence.org/honduras-2023/,2,26,NA,NA,NA,NA,87.39,success,NA,NA,NA,US$ 10.10/lb,"US$ 5,232.71",NA,NA,NA,NA,NA,Los Quetzales,NA,NA,518.09,Wataru for Voila Coffee – Japan,NA,NA,NA,NA,NA,NA,NA,NA,NA,NA,NA,NA,NA,NA,NA,NA,NA,NA,NA,NA,NA,NA,NA,NA,NA,NA,NA,NA,NA,NA,NA,NA,NA,NA,NA,NA,NA,NA,NA,NA,NA,NA,NA,NA,NA,NA,NA,NA,NA,NA,NA,NA,NA,NA,NA,NA,NA,NA,NA,NA,NA,NA
Honduras,2023,COE,auction,NA,https://allianceforcoffeeexcellence.org/honduras-2023/,2,27,NA,NA,NA,NA,87.39,success,NA,NA,NA,US$ 16.80/lb,"US$ 8,889.05",NA,NA,NA,NA,NA,El Itacayo,NA,NA,529.11,Linking Coffee + Zhanlu Coffee – Taiwan.,NA,NA,NA,NA,NA,NA,NA,NA,NA,NA,NA,NA,NA,NA,NA,NA,NA,NA,NA,NA,NA,NA,NA,NA,NA,NA,NA,NA,NA,NA,NA,NA,NA,NA,NA,NA,NA,NA,NA,NA,NA,NA,NA,NA,NA,NA,NA,NA,NA,NA,NA,NA,NA,NA,NA,NA,NA,NA,NA,NA,NA,NA
Honduras,2023,COE,auction,NA,https://allianceforcoffeeexcellence.org/honduras-2023/,2,28,NA,NA,NA,NA,87.36,success,NA,NA,NA,US$ 8.20/lb,"US$ 3,687.87",NA,NA,NA,NA,NA,El Boqueron,NA,NA,449.74,"Wataru & Co., Ltd. – Japan",NA,NA,NA,NA,NA,NA,NA,NA,NA,NA,NA,NA,NA,NA,NA,NA,NA,NA,NA,NA,NA,NA,NA,NA,NA,NA,NA,NA,NA,NA,NA,NA,NA,NA,NA,NA,NA,NA,NA,NA,NA,NA,NA,NA,NA,NA,NA,NA,NA,NA,NA,NA,NA,NA,NA,NA,NA,NA,NA,NA,NA,NA
Honduras,2023,COE,auction,NA,https://allianceforcoffeeexcellence.org/honduras-2023/,2,29,NA,NA,NA,NA,87.36,success,NA,NA,NA,US$ 8.40/lb,"US$ 6,111.17",NA,NA,NA,NA,NA,El Mango,NA,NA,727.52,"Wataru & Co., Ltd. – Japan",NA,NA,NA,NA,NA,NA,NA,NA,NA,NA,NA,NA,NA,NA,NA,NA,NA,NA,NA,NA,NA,NA,NA,NA,NA,NA,NA,NA,NA,NA,NA,NA,NA,NA,NA,NA,NA,NA,NA,NA,NA,NA,NA,NA,NA,NA,NA,NA,NA,NA,NA,NA,NA,NA,NA,NA,NA,NA,NA,NA,NA,NA
Honduras,2023,COE,auction,NA,https://allianceforcoffeeexcellence.org/honduras-2023/,2,30,NA,NA,NA,NA,87.33,success,NA,NA,NA,US$ 9.50/lb,"US$ 13,739.19",NA,NA,NA,NA,NA,Liquidambar,NA,NA,"1,446.23",honu加藤珈琲店株式会社 – Japan,NA,NA,NA,NA,NA,NA,NA,NA,NA,NA,NA,NA,NA,NA,NA,NA,NA,NA,NA,NA,NA,NA,NA,NA,NA,NA,NA,NA,NA,NA,NA,NA,NA,NA,NA,NA,NA,NA,NA,NA,NA,NA,NA,NA,NA,NA,NA,NA,NA,NA,NA,NA,NA,NA,NA,NA,NA,NA,NA,NA,NA,NA
Honduras,2024,COE,auction,NA,https://allianceforcoffeeexcellence.org/honduras-2024/,2,1A,NA,NA,NA,NA,"91,21",success,NA,NA,NA,NA,NA,NA,NA,NA,NA,NA,La Salsa,NA,NA,NA,NA,NA,NA,NA,NA,NA,NA,$132.00,"$36,505.92",NA,Angelino’s Coffee,NA,NA,NA,NA,NA,NA,NA,NA,NA,NA,NA,NA,NA,NA,NA,276.56,NA,NA,NA,NA,NA,NA,NA,NA,NA,NA,NA,NA,NA,NA,NA,NA,NA,NA,NA,NA,NA,NA,NA,NA,NA,NA,NA,NA,NA,NA,NA,NA,NA,NA,NA,NA
Honduras,2024,COE,auction,NA,https://allianceforcoffeeexcellence.org/honduras-2024/,2,1B,NA,NA,NA,NA,"91,21",success,NA,NA,NA,NA,NA,NA,NA,NA,NA,NA,La Salsa,NA,NA,NA,NA,NA,NA,NA,NA,NA,NA,$136.50,"$36,112.44",NA,"B&W, Verve, Onyx, Proud Mary",NA,NA,NA,NA,NA,NA,NA,NA,NA,NA,NA,NA,NA,NA,NA,264.56,NA,NA,NA,NA,NA,NA,NA,NA,NA,NA,NA,NA,NA,NA,NA,NA,NA,NA,NA,NA,NA,NA,NA,NA,NA,NA,NA,NA,NA,NA,NA,NA,NA,NA,NA,NA
Honduras,2024,COE,auction,NA,https://allianceforcoffeeexcellence.org/honduras-2024/,2,2A,NA,NA,NA,NA,"90,86",success,NA,NA,NA,NA,NA,NA,NA,NA,NA,NA,El Mango,NA,NA,NA,NA,NA,NA,NA,NA,NA,NA,$50.00,"$14,881.50",NA,GLITCH COFFEE& ROASTERS by Marukai,NA,NA,NA,NA,NA,NA,NA,NA,NA,NA,NA,NA,NA,NA,NA,297.63,NA,NA,NA,NA,NA,NA,NA,NA,NA,NA,NA,NA,NA,NA,NA,NA,NA,NA,NA,NA,NA,NA,NA,NA,NA,NA,NA,NA,NA,NA,NA,NA,NA,NA,NA,NA
Honduras,2024,COE,auction,NA,https://allianceforcoffeeexcellence.org/honduras-2024/,2,2B,NA,NA,NA,NA,"90,86",success,NA,NA,NA,NA,NA,NA,NA,NA,NA,NA,El Mango,NA,NA,NA,NA,NA,NA,NA,NA,NA,NA,$50.10,"$13,855.66",NA,Kyokuto Fadie Corporation,NA,NA,NA,NA,NA,NA,NA,NA,NA,NA,NA,NA,NA,NA,NA,276.56,NA,NA,NA,NA,NA,NA,NA,NA,NA,NA,NA,NA,NA,NA,NA,NA,NA,NA,NA,NA,NA,NA,NA,NA,NA,NA,NA,NA,NA,NA,NA,NA,NA,NA,NA,NA
Honduras,2024,COE,auction,NA,https://allianceforcoffeeexcellence.org/honduras-2024/,2,3A,NA,NA,NA,NA,"90,71",success,NA,NA,NA,NA,NA,NA,NA,NA,NA,NA,Los Pinos,NA,NA,NA,NA,NA,NA,NA,NA,NA,NA,$33.10,"$10,946.17",NA,"Idle Hands Roasting Company
YN Coffee
Songdo Coffee
Pebble Coffee",NA,NA,NA,NA,NA,NA,NA,NA,NA,NA,NA,NA,NA,NA,NA,330.70,NA,NA,NA,NA,NA,NA,NA,NA,NA,NA,NA,NA,NA,NA,NA,NA,NA,NA,NA,NA,NA,NA,NA,NA,NA,NA,NA,NA,NA,NA,NA,NA,NA,NA,NA,NA
Honduras,2024,COE,auction,NA,https://allianceforcoffeeexcellence.org/honduras-2024/,2,3B,NA,NA,NA,NA,"90,71",success,NA,NA,NA,NA,NA,NA,NA,NA,NA,NA,Los Pinos,NA,NA,NA,NA,NA,NA,NA,NA,NA,NA,$34.40,"$10,513.67",NA,"Orsir International Co., Ltd.",NA,NA,NA,NA,NA,NA,NA,NA,NA,NA,NA,NA,NA,NA,NA,305.63,NA,NA,NA,NA,NA,NA,NA,NA,NA,NA,NA,NA,NA,NA,NA,NA,NA,NA,NA,NA,NA,NA,NA,NA,NA,NA,NA,NA,NA,NA,NA,NA,NA,NA,NA,NA
Honduras,2024,COE,auction,NA,https://allianceforcoffeeexcellence.org/honduras-2024/,2,4,NA,NA,NA,NA,"90,04",success,NA,NA,NA,NA,NA,NA,NA,NA,NA,NA,Pino de Oro,NA,NA,NA,NA,NA,NA,NA,NA,NA,NA,$30.20,"$17,340.54",NA,Brulerie du Quai,NA,NA,NA,NA,NA,NA,NA,NA,NA,NA,NA,NA,NA,NA,NA,574.19,NA,NA,NA,NA,NA,NA,NA,NA,NA,NA,NA,NA,NA,NA,NA,NA,NA,NA,NA,NA,NA,NA,NA,NA,NA,NA,NA,NA,NA,NA,NA,NA,NA,NA,NA,NA
Honduras,2024,COE,auction,NA,https://allianceforcoffeeexcellence.org/honduras-2024/,2,5,NA,NA,NA,NA,"90,04",success,NA,NA,NA,NA,NA,NA,NA,NA,NA,NA,Las Virginias,NA,NA,NA,NA,NA,NA,NA,NA,NA,NA,$41.00,"$26,909.53",NA,"Coffee Me Up (Korea), Coffee Therapy (Thailand), TOB COFFEE (ARNIA LIMITED), TWO HANDS FULL (Indonesia), MARISSTELLA COFFEE, Bean and Bean Coffee (NYC), Baristatus",NA,NA,NA,NA,NA,NA,NA,NA,NA,NA,NA,NA,NA,NA,NA,656.33,NA,NA,NA,NA,NA,NA,NA,NA,NA,NA,NA,NA,NA,NA,NA,NA,NA,NA,NA,NA,NA,NA,NA,NA,NA,NA,NA,NA,NA,NA,NA,NA,NA,NA,NA,NA
Honduras,2024,COE,auction,NA,https://allianceforcoffeeexcellence.org/honduras-2024/,2,6,NA,NA,NA,NA,"90,00",success,NA,NA,NA,NA,NA,NA,NA,NA,NA,NA,Los Primos,NA,NA,NA,NA,NA,NA,NA,NA,NA,NA,$20.10,"$17,684.38",NA,Kyokuto Fadie Corporation,NA,NA,NA,NA,NA,NA,NA,NA,NA,NA,NA,NA,NA,NA,NA,879.82,NA,NA,NA,NA,NA,NA,NA,NA,NA,NA,NA,NA,NA,NA,NA,NA,NA,NA,NA,NA,NA,NA,NA,NA,NA,NA,NA,NA,NA,NA,NA,NA,NA,NA,NA,NA
Honduras,2024,COE,auction,NA,https://allianceforcoffeeexcellence.org/honduras-2024/,2,7,NA,NA,NA,NA,"90,00",success,NA,NA,NA,NA,NA,NA,NA,NA,NA,NA,El Itacayo,NA,NA,NA,NA,NA,NA,NA,NA,NA,NA,$27.10,"$18,682.74",NA,Black & White,NA,NA,NA,NA,NA,NA,NA,NA,NA,NA,NA,NA,NA,NA,NA,689.40,NA,NA,NA,NA,NA,NA,NA,NA,NA,NA,NA,NA,NA,NA,NA,NA,NA,NA,NA,NA,NA,NA,NA,NA,NA,NA,NA,NA,NA,NA,NA,NA,NA,NA,NA,NA
Honduras,2024,COE,auction,NA,https://allianceforcoffeeexcellence.org/honduras-2024/,2,8,NA,NA,NA,NA,"89,82",success,NA,NA,NA,NA,NA,NA,NA,NA,NA,NA,Las Moras,NA,NA,NA,NA,NA,NA,NA,NA,NA,NA,$29.10,"$15,630.19",NA,NOZY COFFEE,NA,NA,NA,NA,NA,NA,NA,NA,NA,NA,NA,NA,NA,NA,NA,537.12,NA,NA,NA,NA,NA,NA,NA,NA,NA,NA,NA,NA,NA,NA,NA,NA,NA,NA,NA,NA,NA,NA,NA,NA,NA,NA,NA,NA,NA,NA,NA,NA,NA,NA,NA,NA
Honduras,2024,COE,auction,NA,https://allianceforcoffeeexcellence.org/honduras-2024/,2,9,NA,NA,NA,NA,"89,29",success,NA,NA,NA,NA,NA,NA,NA,NA,NA,NA,La Montaña,NA,NA,NA,NA,NA,NA,NA,NA,NA,NA,$19.40,"$14,911.03",NA,"COFFEE COUNTY, KASAI COFFEE",NA,NA,NA,NA,NA,NA,NA,NA,NA,NA,NA,NA,NA,NA,NA,768.61,NA,NA,NA,NA,NA,NA,NA,NA,NA,NA,NA,NA,NA,NA,NA,NA,NA,NA,NA,NA,NA,NA,NA,NA,NA,NA,NA,NA,NA,NA,NA,NA,NA,NA,NA,NA
Honduras,2024,COE,auction,NA,https://allianceforcoffeeexcellence.org/honduras-2024/,2,10,NA,NA,NA,NA,"89,25",success,NA,NA,NA,NA,NA,NA,NA,NA,NA,NA,Buena Vista,NA,NA,NA,NA,NA,NA,NA,NA,NA,NA,$20.10,"$11,077.51",NA,SPIRIT ANIMAL COFFEE,NA,NA,NA,NA,NA,NA,NA,NA,NA,NA,NA,NA,NA,NA,NA,551.12,NA,NA,NA,NA,NA,NA,NA,NA,NA,NA,NA,NA,NA,NA,NA,NA,NA,NA,NA,NA,NA,NA,NA,NA,NA,NA,NA,NA,NA,NA,NA,NA,NA,NA,NA,NA
Honduras,2024,COE,auction,NA,https://allianceforcoffeeexcellence.org/honduras-2024/,2,11,NA,NA,NA,NA,"88,57",success,NA,NA,NA,NA,NA,NA,NA,NA,NA,NA,El Mirador,NA,NA,NA,NA,NA,NA,NA,NA,NA,NA,$21.00,"$10,711.05",NA,COFFEE COUNTY,NA,NA,NA,NA,NA,NA,NA,NA,NA,NA,NA,NA,NA,NA,NA,510.05,NA,NA,NA,NA,NA,NA,NA,NA,NA,NA,NA,NA,NA,NA,NA,NA,NA,NA,NA,NA,NA,NA,NA,NA,NA,NA,NA,NA,NA,NA,NA,NA,NA,NA,NA,NA
Honduras,2024,COE,auction,NA,https://allianceforcoffeeexcellence.org/honduras-2024/,2,12,NA,NA,NA,NA,"88,54",success,NA,NA,NA,NA,NA,NA,NA,NA,NA,NA,El Zapote,NA,NA,NA,NA,NA,NA,NA,NA,NA,NA,$19.70,"$12,969.10",NA,"Linking Coffee; 樂波波珈琲 Le bobo coffee ;
アアアアアア豆焙所",NA,NA,NA,NA,NA,NA,NA,NA,NA,NA,NA,NA,NA,NA,NA,658.33,NA,NA,NA,NA,NA,NA,NA,NA,NA,NA,NA,NA,NA,NA,NA,NA,NA,NA,NA,NA,NA,NA,NA,NA,NA,NA,NA,NA,NA,NA,NA,NA,NA,NA,NA,NA
Honduras,2024,COE,auction,NA,https://allianceforcoffeeexcellence.org/honduras-2024/,2,13,NA,NA,NA,NA,"88,36",success,NA,NA,NA,NA,NA,NA,NA,NA,NA,NA,La Leona,NA,NA,NA,NA,NA,NA,NA,NA,NA,NA,$19.20,"$11,966.59",NA,Verve Coffee Roasters,NA,NA,NA,NA,NA,NA,NA,NA,NA,NA,NA,NA,NA,NA,NA,623.26,NA,NA,NA,NA,NA,NA,NA,NA,NA,NA,NA,NA,NA,NA,NA,NA,NA,NA,NA,NA,NA,NA,NA,NA,NA,NA,NA,NA,NA,NA,NA,NA,NA,NA,NA,NA
Honduras,2024,COE,auction,NA,https://allianceforcoffeeexcellence.org/honduras-2024/,2,14,NA,NA,NA,NA,"88,36",success,NA,NA,NA,NA,NA,NA,NA,NA,NA,NA,La Esmeralda,NA,NA,NA,NA,NA,NA,NA,NA,NA,NA,$20.80,"$10,692.24",NA,Angelino’s Coffee,NA,NA,NA,NA,NA,NA,NA,NA,NA,NA,NA,NA,NA,NA,NA,514.05,NA,NA,NA,NA,NA,NA,NA,NA,NA,NA,NA,NA,NA,NA,NA,NA,NA,NA,NA,NA,NA,NA,NA,NA,NA,NA,NA,NA,NA,NA,NA,NA,NA,NA,NA,NA
Honduras,2024,COE,auction,NA,https://allianceforcoffeeexcellence.org/honduras-2024/,2,15,NA,NA,NA,NA,"88,14",success,NA,NA,NA,NA,NA,NA,NA,NA,NA,NA,La Colmena,NA,NA,NA,NA,NA,NA,NA,NA,NA,NA,$20.00,"$11,182.40",NA,Linking Coffee,NA,NA,NA,NA,NA,NA,NA,NA,NA,NA,NA,NA,NA,NA,NA,559.12,NA,NA,NA,NA,NA,NA,NA,NA,NA,NA,NA,NA,NA,NA,NA,NA,NA,NA,NA,NA,NA,NA,NA,NA,NA,NA,NA,NA,NA,NA,NA,NA,NA,NA,NA,NA
Honduras,2024,COE,auction,NA,https://allianceforcoffeeexcellence.org/honduras-2024/,2,16,NA,NA,NA,NA,"88,14",success,NA,NA,NA,NA,NA,NA,NA,NA,NA,NA,El Aguate,NA,NA,NA,NA,NA,NA,NA,NA,NA,NA,$19.20,"$14,603.71",NA,Solberg & Hansen,NA,NA,NA,NA,NA,NA,NA,NA,NA,NA,NA,NA,NA,NA,NA,760.61,NA,NA,NA,NA,NA,NA,NA,NA,NA,NA,NA,NA,NA,NA,NA,NA,NA,NA,NA,NA,NA,NA,NA,NA,NA,NA,NA,NA,NA,NA,NA,NA,NA,NA,NA,NA
Honduras,2024,COE,auction,NA,https://allianceforcoffeeexcellence.org/honduras-2024/,2,17,NA,NA,NA,NA,"88,07",success,NA,NA,NA,NA,NA,NA,NA,NA,NA,NA,El Gravileo,NA,NA,NA,NA,NA,NA,NA,NA,NA,NA,$16.60,"$9,332.35",NA,"Coffee Libre, May Forest",NA,NA,NA,NA,NA,NA,NA,NA,NA,NA,NA,NA,NA,NA,NA,562.19,NA,NA,NA,NA,NA,NA,NA,NA,NA,NA,NA,NA,NA,NA,NA,NA,NA,NA,NA,NA,NA,NA,NA,NA,NA,NA,NA,NA,NA,NA,NA,NA,NA,NA,NA,NA
Honduras,2024,COE,auction,NA,https://allianceforcoffeeexcellence.org/honduras-2024/,2,18,NA,NA,NA,NA,"88,07",success,NA,NA,NA,NA,NA,NA,NA,NA,NA,NA,El Durazno,NA,NA,NA,NA,NA,NA,NA,NA,NA,NA,$23.10,"$13,356.19",NA,MOMOS COFFEE,NA,NA,NA,NA,NA,NA,NA,NA,NA,NA,NA,NA,NA,NA,NA,578.19,NA,NA,NA,NA,NA,NA,NA,NA,NA,NA,NA,NA,NA,NA,NA,NA,NA,NA,NA,NA,NA,NA,NA,NA,NA,NA,NA,NA,NA,NA,NA,NA,NA,NA,NA,NA
Honduras,2024,COE,auction,NA,https://allianceforcoffeeexcellence.org/honduras-2024/,2,19,NA,NA,NA,NA,"88,00",success,NA,NA,NA,NA,NA,NA,NA,NA,NA,NA,Los Tanquez,NA,NA,NA,NA,NA,NA,NA,NA,NA,NA,$15.00,"$8,266.80",NA,Prodigal Coffee,NA,NA,NA,NA,NA,NA,NA,NA,NA,NA,NA,NA,NA,NA,NA,551.12,NA,NA,NA,NA,NA,NA,NA,NA,NA,NA,NA,NA,NA,NA,NA,NA,NA,NA,NA,NA,NA,NA,NA,NA,NA,NA,NA,NA,NA,NA,NA,NA,NA,NA,NA,NA
Honduras,2024,COE,auction,NA,https://allianceforcoffeeexcellence.org/honduras-2024/,2,20,NA,NA,NA,NA,"87,96",success,NA,NA,NA,NA,NA,NA,NA,NA,NA,NA,La Pila,NA,NA,NA,NA,NA,NA,NA,NA,NA,NA,$15.00,"$9,303.90",NA,Black & White,NA,NA,NA,NA,NA,NA,NA,NA,NA,NA,NA,NA,NA,NA,NA,620.26,NA,NA,NA,NA,NA,NA,NA,NA,NA,NA,NA,NA,NA,NA,NA,NA,NA,NA,NA,NA,NA,NA,NA,NA,NA,NA,NA,NA,NA,NA,NA,NA,NA,NA,NA,NA
Honduras,2024,COE,auction,NA,https://allianceforcoffeeexcellence.org/honduras-2024/,2,21,NA,NA,NA,NA,"87,96",success,NA,NA,NA,NA,NA,NA,NA,NA,NA,NA,Las Tres Peñas,NA,NA,NA,NA,NA,NA,NA,NA,NA,NA,$14.40,"$11,428.99",NA,"Wataru & Co., Ltd.",NA,NA,NA,NA,NA,NA,NA,NA,NA,NA,NA,NA,NA,NA,NA,793.68,NA,NA,NA,NA,NA,NA,NA,NA,NA,NA,NA,NA,NA,NA,NA,NA,NA,NA,NA,NA,NA,NA,NA,NA,NA,NA,NA,NA,NA,NA,NA,NA,NA,NA,NA,NA
Honduras,2024,COE,auction,NA,https://allianceforcoffeeexcellence.org/honduras-2024/,2,22,NA,NA,NA,NA,"87,75",success,NA,NA,NA,NA,NA,NA,NA,NA,NA,NA,Las Rocas,NA,NA,NA,NA,NA,NA,NA,NA,NA,NA,$14.30,"$12,295.43",NA,Brew92,NA,NA,NA,NA,NA,NA,NA,NA,NA,NA,NA,NA,NA,NA,NA,859.82,NA,NA,NA,NA,NA,NA,NA,NA,NA,NA,NA,NA,NA,NA,NA,NA,NA,NA,NA,NA,NA,NA,NA,NA,NA,NA,NA,NA,NA,NA,NA,NA,NA,NA,NA,NA
Honduras,2024,COE,auction,NA,https://allianceforcoffeeexcellence.org/honduras-2024/,2,23,NA,NA,NA,NA,"87,46",success,NA,NA,NA,NA,NA,NA,NA,NA,NA,NA,El Pozo,NA,NA,NA,NA,NA,NA,NA,NA,NA,NA,$18.10,"$13,168.47",NA,M.I.Coffee Corporation,NA,NA,NA,NA,NA,NA,NA,NA,NA,NA,NA,NA,NA,NA,NA,727.54,NA,NA,NA,NA,NA,NA,NA,NA,NA,NA,NA,NA,NA,NA,NA,NA,NA,NA,NA,NA,NA,NA,NA,NA,NA,NA,NA,NA,NA,NA,NA,NA,NA,NA,NA,NA
Honduras,2024,COE,auction,NA,https://allianceforcoffeeexcellence.org/honduras-2024/,2,24,NA,NA,NA,NA,"87,43",success,NA,NA,NA,NA,NA,NA,NA,NA,NA,NA,Yireh,NA,NA,NA,NA,NA,NA,NA,NA,NA,NA,$15.10,"$7,731.96",NA,Espresso Americano,NA,NA,NA,NA,NA,NA,NA,NA,NA,NA,NA,NA,NA,NA,NA,512.05,NA,NA,NA,NA,NA,NA,NA,NA,NA,NA,NA,NA,NA,NA,NA,NA,NA,NA,NA,NA,NA,NA,NA,NA,NA,NA,NA,NA,NA,NA,NA,NA,NA,NA,NA,NA
Honduras,2024,COE,auction,NA,https://allianceforcoffeeexcellence.org/honduras-2024/,2,25,NA,NA,NA,NA,"87,29",success,NA,NA,NA,NA,NA,NA,NA,NA,NA,NA,El Guayabo,NA,NA,NA,NA,NA,NA,NA,NA,NA,NA,$22.10,"$12,091.35",NA,ECOFARM COFFEE (CHINA) for CHG（手多多咖啡）; FisherCoffee；Rarakiddo绝对小孩；CoSeekers ; 武汉铜山里; 普鲁斯蓝咖啡,NA,NA,NA,NA,NA,NA,NA,NA,NA,NA,NA,NA,NA,NA,NA,547.12,NA,NA,NA,NA,NA,NA,NA,NA,NA,NA,NA,NA,NA,NA,NA,NA,NA,NA,NA,NA,NA,NA,NA,NA,NA,NA,NA,NA,NA,NA,NA,NA,NA,NA,NA,NA
Honduras,2024,COE,auction,NA,https://allianceforcoffeeexcellence.org/honduras-2024/,2,26,NA,NA,NA,NA,"87,29",success,NA,NA,NA,NA,NA,NA,NA,NA,NA,NA,El Sile,NA,NA,NA,NA,NA,NA,NA,NA,NA,NA,$17.10,"$8,790.26",NA,Sulalat Coffee Trading,NA,NA,NA,NA,NA,NA,NA,NA,NA,NA,NA,NA,NA,NA,NA,514.05,NA,NA,NA,NA,NA,NA,NA,NA,NA,NA,NA,NA,NA,NA,NA,NA,NA,NA,NA,NA,NA,NA,NA,NA,NA,NA,NA,NA,NA,NA,NA,NA,NA,NA,NA,NA
Honduras,2024,COE,auction,NA,https://allianceforcoffeeexcellence.org/honduras-2024/,2,27,NA,NA,NA,NA,"87,29",success,NA,NA,NA,NA,NA,NA,NA,NA,NA,NA,Medalla Milagrosa,NA,NA,NA,NA,NA,NA,NA,NA,NA,NA,$14.20,"$13,375.83",NA,Espresso Americano,NA,NA,NA,NA,NA,NA,NA,NA,NA,NA,NA,NA,NA,NA,NA,941.96,NA,NA,NA,NA,NA,NA,NA,NA,NA,NA,NA,NA,NA,NA,NA,NA,NA,NA,NA,NA,NA,NA,NA,NA,NA,NA,NA,NA,NA,NA,NA,NA,NA,NA,NA,NA
Honduras,2024,COE,auction,NA,https://allianceforcoffeeexcellence.org/honduras-2024/,2,28,NA,NA,NA,NA,"87,29",success,NA,NA,NA,NA,NA,NA,NA,NA,NA,NA,El Carreto,NA,NA,NA,NA,NA,NA,NA,NA,NA,NA,$15.30,"$8,523.94",NA,Black & White,NA,NA,NA,NA,NA,NA,NA,NA,NA,NA,NA,NA,NA,NA,NA,557.12,NA,NA,NA,NA,NA,NA,NA,NA,NA,NA,NA,NA,NA,NA,NA,NA,NA,NA,NA,NA,NA,NA,NA,NA,NA,NA,NA,NA,NA,NA,NA,NA,NA,NA,NA,NA
Honduras,2024,COE,auction,NA,https://allianceforcoffeeexcellence.org/honduras-2024/,2,29,NA,NA,NA,NA,"87,11",success,NA,NA,NA,NA,NA,NA,NA,NA,NA,NA,Los Romeros,NA,NA,NA,NA,NA,NA,NA,NA,NA,NA,$13.40,"$19,215.73",NA,honu加藤珈琲店株式会社,NA,NA,NA,NA,NA,NA,NA,NA,NA,NA,NA,NA,NA,NA,NA,1434.01,NA,NA,NA,NA,NA,NA,NA,NA,NA,NA,NA,NA,NA,NA,NA,NA,NA,NA,NA,NA,NA,NA,NA,NA,NA,NA,NA,NA,NA,NA,NA,NA,NA,NA,NA,NA
Honduras,2024,COE,auction,NA,https://allianceforcoffeeexcellence.org/honduras-2024/,2,,NA,NA,NA,NA,,success,NA,NA,NA,NA,NA,NA,NA,NA,NA,NA,TOTALS:,NA,NA,NA,NA,NA,NA,NA,NA,NA,NA,Avg. $/lb 24.13,"$464,057.58",NA,,NA,NA,NA,NA,NA,NA,NA,NA,NA,NA,NA,NA,NA,NA,NA,Total lb 19232.76,NA,NA,NA,NA,NA,NA,NA,NA,NA,NA,NA,NA,NA,NA,NA,NA,NA,NA,NA,NA,NA,NA,NA,NA,NA,NA,NA,NA,NA,NA,NA,NA,NA,NA,NA,NA
Indonesia,2021,COE,auction,NA,https://allianceforcoffeeexcellence.org/indonesia-2021/,2,1,NA,NA,NA,NA,89.28,success,NA,NA,NA,$80.00,"$37,037.60",NA,NA,NA,NA,NA,Pantan Musara,NA,NA,462.97,Wataru for YAMATOYA COFFEE,NA,NA,NA,NA,NA,NA,NA,NA,NA,NA,NA,NA,NA,NA,NA,NA,NA,NA,NA,NA,NA,NA,NA,NA,NA,NA,NA,NA,NA,NA,NA,NA,NA,NA,NA,NA,NA,NA,NA,NA,NA,NA,NA,NA,NA,NA,NA,NA,NA,NA,NA,NA,NA,NA,NA,NA,NA,NA,NA,NA,NA,NA
Indonesia,2021,COE,auction,NA,https://allianceforcoffeeexcellence.org/indonesia-2021/,2,2,NA,NA,NA,NA,89.04,success,NA,NA,NA,$65.20,"$26,735.91",NA,NA,NA,NA,NA,Ibun Ita,NA,NA,410.06,Proud Mary Coffee Roasters,NA,NA,NA,NA,NA,NA,NA,NA,NA,NA,NA,NA,NA,NA,NA,NA,NA,NA,NA,NA,NA,NA,NA,NA,NA,NA,NA,NA,NA,NA,NA,NA,NA,NA,NA,NA,NA,NA,NA,NA,NA,NA,NA,NA,NA,NA,NA,NA,NA,NA,NA,NA,NA,NA,NA,NA,NA,NA,NA,NA,NA,NA
Indonesia,2021,COE,auction,NA,https://allianceforcoffeeexcellence.org/indonesia-2021/,2,3,NA,NA,NA,NA,88.89,success,NA,NA,NA,$69.10,"$39,912.85",NA,NA,NA,NA,NA,Pantan Musara,NA,NA,577.61,Terarosa (Haksan Co. Ltd),NA,NA,NA,NA,NA,NA,NA,NA,NA,NA,NA,NA,NA,NA,NA,NA,NA,NA,NA,NA,NA,NA,NA,NA,NA,NA,NA,NA,NA,NA,NA,NA,NA,NA,NA,NA,NA,NA,NA,NA,NA,NA,NA,NA,NA,NA,NA,NA,NA,NA,NA,NA,NA,NA,NA,NA,NA,NA,NA,NA,NA,NA
Indonesia,2021,COE,auction,NA,https://allianceforcoffeeexcellence.org/indonesia-2021/,2,4,NA,NA,NA,NA,88.75,success,NA,NA,NA,$35.20,"$27,860.80",NA,NA,NA,NA,NA,Ijen Lestari,NA,NA,791.46,SUPREMO COFFEE,NA,NA,NA,NA,NA,NA,NA,NA,NA,NA,NA,NA,NA,NA,NA,NA,NA,NA,NA,NA,NA,NA,NA,NA,NA,NA,NA,NA,NA,NA,NA,NA,NA,NA,NA,NA,NA,NA,NA,NA,NA,NA,NA,NA,NA,NA,NA,NA,NA,NA,NA,NA,NA,NA,NA,NA,NA,NA,NA,NA,NA,NA
Indonesia,2021,COE,auction,NA,https://allianceforcoffeeexcellence.org/indonesia-2021/,2,5,NA,NA,NA,NA,88.58,success,NA,NA,NA,$25.10,"$11,399.17",NA,NA,NA,NA,NA,Ibun Yudi,NA,NA,454.15,Latorre&Dutch (China) for Cut Hand Group（剁手咖啡群）/ Gee Coffee,NA,NA,NA,NA,NA,NA,NA,NA,NA,NA,NA,NA,NA,NA,NA,NA,NA,NA,NA,NA,NA,NA,NA,NA,NA,NA,NA,NA,NA,NA,NA,NA,NA,NA,NA,NA,NA,NA,NA,NA,NA,NA,NA,NA,NA,NA,NA,NA,NA,NA,NA,NA,NA,NA,NA,NA,NA,NA,NA,NA,NA,NA
Indonesia,2021,COE,auction,NA,https://allianceforcoffeeexcellence.org/indonesia-2021/,2,6,NA,NA,NA,NA,88.49,success,NA,NA,NA,$21.70,"$9,855.06",NA,NA,NA,NA,NA,Koperasi Koerintji Barokah,NA,NA,454.15,"MARISSTELLA COFFEE, INTELLIGENTSIA, RYANS COFFEE ROASTERS",NA,NA,NA,NA,NA,NA,NA,NA,NA,NA,NA,NA,NA,NA,NA,NA,NA,NA,NA,NA,NA,NA,NA,NA,NA,NA,NA,NA,NA,NA,NA,NA,NA,NA,NA,NA,NA,NA,NA,NA,NA,NA,NA,NA,NA,NA,NA,NA,NA,NA,NA,NA,NA,NA,NA,NA,NA,NA,NA,NA,NA,NA
Indonesia,2021,COE,auction,NA,https://allianceforcoffeeexcellence.org/indonesia-2021/,2,7,NA,NA,NA,NA,88.46,success,NA,NA,NA,$45.20,"21,723.57",NA,NA,NA,NA,NA,Avatara Gayo,NA,NA,480.61,Blue Bottle Coffee,NA,NA,NA,NA,NA,NA,NA,NA,NA,NA,NA,NA,NA,NA,NA,NA,NA,NA,NA,NA,NA,NA,NA,NA,NA,NA,NA,NA,NA,NA,NA,NA,NA,NA,NA,NA,NA,NA,NA,NA,NA,NA,NA,NA,NA,NA,NA,NA,NA,NA,NA,NA,NA,NA,NA,NA,NA,NA,NA,NA,NA,NA
Indonesia,2021,COE,auction,NA,https://allianceforcoffeeexcellence.org/indonesia-2021/,2,8,NA,NA,NA,NA,88.3,success,NA,NA,NA,$19.20,"8,592.77",NA,NA,NA,NA,NA,Kamojang,NA,NA,447.54,"MUSEO Co., Ltd. // wondumyungga cafe de Jura alacarte // liike coffee",NA,NA,NA,NA,NA,NA,NA,NA,NA,NA,NA,NA,NA,NA,NA,NA,NA,NA,NA,NA,NA,NA,NA,NA,NA,NA,NA,NA,NA,NA,NA,NA,NA,NA,NA,NA,NA,NA,NA,NA,NA,NA,NA,NA,NA,NA,NA,NA,NA,NA,NA,NA,NA,NA,NA,NA,NA,NA,NA,NA,NA,NA
Indonesia,2021,COE,auction,NA,https://allianceforcoffeeexcellence.org/indonesia-2021/,2,9,NA,NA,NA,NA,88.25,success,NA,NA,NA,$24.30,"10,125.08",NA,NA,NA,NA,NA,Topidi,NA,NA,416.67,"Orsir Coffee Co., Ltd.",NA,NA,NA,NA,NA,NA,NA,NA,NA,NA,NA,NA,NA,NA,NA,NA,NA,NA,NA,NA,NA,NA,NA,NA,NA,NA,NA,NA,NA,NA,NA,NA,NA,NA,NA,NA,NA,NA,NA,NA,NA,NA,NA,NA,NA,NA,NA,NA,NA,NA,NA,NA,NA,NA,NA,NA,NA,NA,NA,NA,NA,NA
Indonesia,2021,COE,auction,NA,https://allianceforcoffeeexcellence.org/indonesia-2021/,2,10,NA,NA,NA,NA,88.15,success,NA,NA,NA,$24.20,"10,350.34",NA,NA,NA,NA,NA,Lereng Gunung Argopuro Krucil,NA,NA,427.7,Herd Coffee Roaster. CARA Instant Coffee. Beska Beans. Mokka Coffee Roaster. Alliance for Coffee Excellence. Coffee Cherry. Coffee Drxx & Bean2Cup,NA,NA,NA,NA,NA,NA,NA,NA,NA,NA,NA,NA,NA,NA,NA,NA,NA,NA,NA,NA,NA,NA,NA,NA,NA,NA,NA,NA,NA,NA,NA,NA,NA,NA,NA,NA,NA,NA,NA,NA,NA,NA,NA,NA,NA,NA,NA,NA,NA,NA,NA,NA,NA,NA,NA,NA,NA,NA,NA,NA,NA,NA
Indonesia,2021,COE,auction,NA,https://allianceforcoffeeexcellence.org/indonesia-2021/,2,11,NA,NA,NA,NA,88.14,success,NA,NA,NA,$18.60,"8,611.24",NA,NA,NA,NA,NA,Topidi,NA,NA,462.97,"Wataru & Co., Ltd.",NA,NA,NA,NA,NA,NA,NA,NA,NA,NA,NA,NA,NA,NA,NA,NA,NA,NA,NA,NA,NA,NA,NA,NA,NA,NA,NA,NA,NA,NA,NA,NA,NA,NA,NA,NA,NA,NA,NA,NA,NA,NA,NA,NA,NA,NA,NA,NA,NA,NA,NA,NA,NA,NA,NA,NA,NA,NA,NA,NA,NA,NA
Indonesia,2021,COE,auction,NA,https://allianceforcoffeeexcellence.org/indonesia-2021/,2,12,NA,NA,NA,NA,88.05,success,NA,NA,NA,$19.30,"8,935.32",NA,NA,NA,NA,NA,PT Sulotco Jaya Abadi,NA,NA,462.97,"Tashiro Coffee Co., Ltd",NA,NA,NA,NA,NA,NA,NA,NA,NA,NA,NA,NA,NA,NA,NA,NA,NA,NA,NA,NA,NA,NA,NA,NA,NA,NA,NA,NA,NA,NA,NA,NA,NA,NA,NA,NA,NA,NA,NA,NA,NA,NA,NA,NA,NA,NA,NA,NA,NA,NA,NA,NA,NA,NA,NA,NA,NA,NA,NA,NA,NA,NA
Indonesia,2021,COE,auction,NA,https://allianceforcoffeeexcellence.org/indonesia-2021/,2,13,NA,NA,NA,NA,87.88,success,NA,NA,NA,$32.20,"$11,145.39",NA,NA,NA,NA,NA,Malabar Mountain Coffee,NA,NA,346.13,Cometeer,NA,NA,NA,NA,NA,NA,NA,NA,NA,NA,NA,NA,NA,NA,NA,NA,NA,NA,NA,NA,NA,NA,NA,NA,NA,NA,NA,NA,NA,NA,NA,NA,NA,NA,NA,NA,NA,NA,NA,NA,NA,NA,NA,NA,NA,NA,NA,NA,NA,NA,NA,NA,NA,NA,NA,NA,NA,NA,NA,NA,NA,NA
Indonesia,2021,COE,auction,NA,https://allianceforcoffeeexcellence.org/indonesia-2021/,2,14,NA,NA,NA,NA,87.76,success,NA,NA,NA,$22.60,"$11,808.50",NA,NA,NA,NA,NA,Baru Dadap Petak 46,NA,NA,522.5,Kopikina Coffee Roaster,NA,NA,NA,NA,NA,NA,NA,NA,NA,NA,NA,NA,NA,NA,NA,NA,NA,NA,NA,NA,NA,NA,NA,NA,NA,NA,NA,NA,NA,NA,NA,NA,NA,NA,NA,NA,NA,NA,NA,NA,NA,NA,NA,NA,NA,NA,NA,NA,NA,NA,NA,NA,NA,NA,NA,NA,NA,NA,NA,NA,NA,NA
Indonesia,2021,COE,auction,NA,https://allianceforcoffeeexcellence.org/indonesia-2021/,2,15,NA,NA,NA,NA,87.72,success,NA,NA,NA,$25.30,"$11,545.91",NA,NA,NA,NA,NA,Ketapanrame,NA,NA,456.36,Curve Specialty coffee Roastery,NA,NA,NA,NA,NA,NA,NA,NA,NA,NA,NA,NA,NA,NA,NA,NA,NA,NA,NA,NA,NA,NA,NA,NA,NA,NA,NA,NA,NA,NA,NA,NA,NA,NA,NA,NA,NA,NA,NA,NA,NA,NA,NA,NA,NA,NA,NA,NA,NA,NA,NA,NA,NA,NA,NA,NA,NA,NA,NA,NA,NA,NA
Indonesia,2021,COE,auction,NA,https://allianceforcoffeeexcellence.org/indonesia-2021/,2,16,NA,NA,NA,NA,87.71,success,NA,NA,NA,$21.90,"$8,932.13",NA,NA,NA,NA,NA,Sukaramai,NA,NA,407.86,TAKAMURA COFFEE ROASTERS,NA,NA,NA,NA,NA,NA,NA,NA,NA,NA,NA,NA,NA,NA,NA,NA,NA,NA,NA,NA,NA,NA,NA,NA,NA,NA,NA,NA,NA,NA,NA,NA,NA,NA,NA,NA,NA,NA,NA,NA,NA,NA,NA,NA,NA,NA,NA,NA,NA,NA,NA,NA,NA,NA,NA,NA,NA,NA,NA,NA,NA,NA
Indonesia,2021,COE,auction,NA,https://allianceforcoffeeexcellence.org/indonesia-2021/,2,17,NA,NA,NA,NA,87.69,success,NA,NA,NA,$19.00,"$8,168.10",NA,NA,NA,NA,NA,Batukaang,NA,NA,429.9,"Wataru & Co., Ltd.",NA,NA,NA,NA,NA,NA,NA,NA,NA,NA,NA,NA,NA,NA,NA,NA,NA,NA,NA,NA,NA,NA,NA,NA,NA,NA,NA,NA,NA,NA,NA,NA,NA,NA,NA,NA,NA,NA,NA,NA,NA,NA,NA,NA,NA,NA,NA,NA,NA,NA,NA,NA,NA,NA,NA,NA,NA,NA,NA,NA,NA,NA
Indonesia,2021,COE,auction,NA,https://allianceforcoffeeexcellence.org/indonesia-2021/,2,18,NA,NA,NA,NA,87.68,success,NA,NA,NA,$20.10,"$9,305.70",NA,NA,NA,NA,NA,Angin-angin,NA,NA,462.97,Seng Pan Coffee. Mimosa Coffee. SCAI. Herd Coffee Roaster. Idle Hands Coffee Roasters. Mokka Coffee Roaster,NA,NA,NA,NA,NA,NA,NA,NA,NA,NA,NA,NA,NA,NA,NA,NA,NA,NA,NA,NA,NA,NA,NA,NA,NA,NA,NA,NA,NA,NA,NA,NA,NA,NA,NA,NA,NA,NA,NA,NA,NA,NA,NA,NA,NA,NA,NA,NA,NA,NA,NA,NA,NA,NA,NA,NA,NA,NA,NA,NA,NA,NA
Indonesia,2021,COE,auction,NA,https://allianceforcoffeeexcellence.org/indonesia-2021/,2,19,NA,NA,NA,NA,87.62,success,NA,NA,NA,$19.20,"$9,989.57",NA,NA,NA,NA,NA,Gravfarm Sukaratu,NA,NA,520.29,"Wataru & Co., Ltd.",NA,NA,NA,NA,NA,NA,NA,NA,NA,NA,NA,NA,NA,NA,NA,NA,NA,NA,NA,NA,NA,NA,NA,NA,NA,NA,NA,NA,NA,NA,NA,NA,NA,NA,NA,NA,NA,NA,NA,NA,NA,NA,NA,NA,NA,NA,NA,NA,NA,NA,NA,NA,NA,NA,NA,NA,NA,NA,NA,NA,NA,NA
Indonesia,2021,COE,auction,NA,https://allianceforcoffeeexcellence.org/indonesia-2021/,2,20,NA,NA,NA,NA,87.62,success,NA,NA,NA,$19.70,"$9,424.48",NA,NA,NA,NA,NA,Papandayan,NA,NA,478.4,Luigi Lavazza S.p.A.,NA,NA,NA,NA,NA,NA,NA,NA,NA,NA,NA,NA,NA,NA,NA,NA,NA,NA,NA,NA,NA,NA,NA,NA,NA,NA,NA,NA,NA,NA,NA,NA,NA,NA,NA,NA,NA,NA,NA,NA,NA,NA,NA,NA,NA,NA,NA,NA,NA,NA,NA,NA,NA,NA,NA,NA,NA,NA,NA,NA,NA,NA
Indonesia,2021,COE,auction,NA,https://allianceforcoffeeexcellence.org/indonesia-2021/,2,21,NA,NA,NA,NA,87.53,success,NA,NA,NA,$25.10,"$11,952.62",NA,NA,NA,NA,NA,LPE Kelola Agro,NA,NA,476.2,MOMOS COFFEE,NA,NA,NA,NA,NA,NA,NA,NA,NA,NA,NA,NA,NA,NA,NA,NA,NA,NA,NA,NA,NA,NA,NA,NA,NA,NA,NA,NA,NA,NA,NA,NA,NA,NA,NA,NA,NA,NA,NA,NA,NA,NA,NA,NA,NA,NA,NA,NA,NA,NA,NA,NA,NA,NA,NA,NA,NA,NA,NA,NA,NA,NA
Indonesia,2021,COE,auction,NA,https://allianceforcoffeeexcellence.org/indonesia-2021/,2,22,NA,NA,NA,NA,87.22,success,NA,NA,NA,$19.90,"$9,213.10",NA,NA,NA,NA,NA,Sarongge,NA,NA,462.97,elbgold Roestkaffee GmbH,NA,NA,NA,NA,NA,NA,NA,NA,NA,NA,NA,NA,NA,NA,NA,NA,NA,NA,NA,NA,NA,NA,NA,NA,NA,NA,NA,NA,NA,NA,NA,NA,NA,NA,NA,NA,NA,NA,NA,NA,NA,NA,NA,NA,NA,NA,NA,NA,NA,NA,NA,NA,NA,NA,NA,NA,NA,NA,NA,NA,NA,NA
Indonesia,2021,COE,auction,NA,https://allianceforcoffeeexcellence.org/indonesia-2021/,2,23,NA,NA,NA,NA,87.21,success,NA,NA,NA,$25.50,"$11,580.83",NA,NA,NA,NA,NA,Pantan Musara,NA,NA,454.15,Sarutahiko Coffee Inc.,NA,NA,NA,NA,NA,NA,NA,NA,NA,NA,NA,NA,NA,NA,NA,NA,NA,NA,NA,NA,NA,NA,NA,NA,NA,NA,NA,NA,NA,NA,NA,NA,NA,NA,NA,NA,NA,NA,NA,NA,NA,NA,NA,NA,NA,NA,NA,NA,NA,NA,NA,NA,NA,NA,NA,NA,NA,NA,NA,NA,NA,NA
Indonesia,2021,COE,auction,NA,https://allianceforcoffeeexcellence.org/indonesia-2021/,2,24,NA,NA,NA,NA,87.21,success,NA,NA,NA,$23.00,"$10,445.45",NA,NA,NA,NA,NA,Bukit Sama,NA,NA,454.15,Wataru for Voila Coffee,NA,NA,NA,NA,NA,NA,NA,NA,NA,NA,NA,NA,NA,NA,NA,NA,NA,NA,NA,NA,NA,NA,NA,NA,NA,NA,NA,NA,NA,NA,NA,NA,NA,NA,NA,NA,NA,NA,NA,NA,NA,NA,NA,NA,NA,NA,NA,NA,NA,NA,NA,NA,NA,NA,NA,NA,NA,NA,NA,NA,NA,NA
Indonesia,2021,COE,auction,NA,https://allianceforcoffeeexcellence.org/indonesia-2021/,2,25,NA,NA,NA,NA,87.16,success,NA,NA,NA,$18.20,"$8,706.88",NA,NA,NA,NA,NA,Wajamala,NA,NA,478.4,"Wataru & Co., Ltd.",NA,NA,NA,NA,NA,NA,NA,NA,NA,NA,NA,NA,NA,NA,NA,NA,NA,NA,NA,NA,NA,NA,NA,NA,NA,NA,NA,NA,NA,NA,NA,NA,NA,NA,NA,NA,NA,NA,NA,NA,NA,NA,NA,NA,NA,NA,NA,NA,NA,NA,NA,NA,NA,NA,NA,NA,NA,NA,NA,NA,NA,NA
Indonesia,2021,COE,auction,NA,https://allianceforcoffeeexcellence.org/indonesia-2021/,2,26,NA,NA,NA,NA,87.1,success,NA,NA,NA,$17.60,"$6,984.21",NA,NA,NA,NA,NA,HT Farm,NA,NA,396.83,Blooms Ltd,NA,NA,NA,NA,NA,NA,NA,NA,NA,NA,NA,NA,NA,NA,NA,NA,NA,NA,NA,NA,NA,NA,NA,NA,NA,NA,NA,NA,NA,NA,NA,NA,NA,NA,NA,NA,NA,NA,NA,NA,NA,NA,NA,NA,NA,NA,NA,NA,NA,NA,NA,NA,NA,NA,NA,NA,NA,NA,NA,NA,NA,NA
Indonesia,2021,COE,auction,NA,https://allianceforcoffeeexcellence.org/indonesia-2021/,2,Totals:,NA,NA,NA,NA,,success,NA,NA,NA,$29.55/lb,"$360,342.58",NA,NA,NA,NA,NA,,NA,NA,"12,195.97",,NA,NA,NA,NA,NA,NA,NA,NA,NA,NA,NA,NA,NA,NA,NA,NA,NA,NA,NA,NA,NA,NA,NA,NA,NA,NA,NA,NA,NA,NA,NA,NA,NA,NA,NA,NA,NA,NA,NA,NA,NA,NA,NA,NA,NA,NA,NA,NA,NA,NA,NA,NA,NA,NA,NA,NA,NA,NA,NA,NA,NA,NA
Indonesia,2021,NW,auction,NA,https://allianceforcoffeeexcellence.org/indonesia-2021/,4,NW,NA,NA,NA,NA,86.99,success,NA,NA,NA,$9.30,"$4,613.17",NA,NA,NA,NA,NA,"Pengentaan, Semendo",NA,NA,496.04,NOZY COFFEE,NA,NA,NA,NA,NA,NA,NA,NA,NA,NA,NA,NA,NA,NA,NA,NA,NA,NA,NA,NA,NA,NA,NA,NA,NA,NA,NA,NA,NA,NA,NA,NA,NA,NA,NA,NA,NA,NA,NA,NA,NA,NA,NA,NA,NA,NA,NA,NA,NA,NA,NA,NA,NA,NA,NA,NA,NA,NA,NA,NA,NA,NA
Indonesia,2021,NW,auction,NA,https://allianceforcoffeeexcellence.org/indonesia-2021/,4,NW,NA,NA,NA,NA,86.88,success,NA,NA,NA,$8.20,"$4,067.53",NA,NA,NA,NA,NA,Eco Bike Coffee,NA,NA,496.04,"Wataru & Co., Ltd.",NA,NA,NA,NA,NA,NA,NA,NA,NA,NA,NA,NA,NA,NA,NA,NA,NA,NA,NA,NA,NA,NA,NA,NA,NA,NA,NA,NA,NA,NA,NA,NA,NA,NA,NA,NA,NA,NA,NA,NA,NA,NA,NA,NA,NA,NA,NA,NA,NA,NA,NA,NA,NA,NA,NA,NA,NA,NA,NA,NA,NA,NA
Indonesia,2021,NW,auction,NA,https://allianceforcoffeeexcellence.org/indonesia-2021/,4,NW,NA,NA,NA,NA,86.88,success,NA,NA,NA,$20.10,"$10,502.25",NA,NA,NA,NA,NA,Kebun Kolongkuring,NA,NA,522.5,Curve Specialty Coffee Roastery,NA,NA,NA,NA,NA,NA,NA,NA,NA,NA,NA,NA,NA,NA,NA,NA,NA,NA,NA,NA,NA,NA,NA,NA,NA,NA,NA,NA,NA,NA,NA,NA,NA,NA,NA,NA,NA,NA,NA,NA,NA,NA,NA,NA,NA,NA,NA,NA,NA,NA,NA,NA,NA,NA,NA,NA,NA,NA,NA,NA,NA,NA
Indonesia,2021,NW,auction,NA,https://allianceforcoffeeexcellence.org/indonesia-2021/,4,NW,NA,NA,NA,NA,86.88,success,NA,NA,NA,$9.30,"$9,123.86",NA,NA,NA,NA,NA,Melaya,NA,NA,981.06,NOZY COFFEE,NA,NA,NA,NA,NA,NA,NA,NA,NA,NA,NA,NA,NA,NA,NA,NA,NA,NA,NA,NA,NA,NA,NA,NA,NA,NA,NA,NA,NA,NA,NA,NA,NA,NA,NA,NA,NA,NA,NA,NA,NA,NA,NA,NA,NA,NA,NA,NA,NA,NA,NA,NA,NA,NA,NA,NA,NA,NA,NA,NA,NA,NA
Indonesia,2021,NW,auction,NA,https://allianceforcoffeeexcellence.org/indonesia-2021/,4,NW,NA,NA,NA,NA,86.29,success,NA,NA,NA,$9.60,"$4,338.72",NA,NA,NA,NA,NA,"Totoruyet Kampung Ulunuwih Takengon, Aceh Tengah",NA,NA,451.95,NOZY COFFEE,NA,NA,NA,NA,NA,NA,NA,NA,NA,NA,NA,NA,NA,NA,NA,NA,NA,NA,NA,NA,NA,NA,NA,NA,NA,NA,NA,NA,NA,NA,NA,NA,NA,NA,NA,NA,NA,NA,NA,NA,NA,NA,NA,NA,NA,NA,NA,NA,NA,NA,NA,NA,NA,NA,NA,NA,NA,NA,NA,NA,NA,NA
Indonesia,2021,NW,auction,NA,https://allianceforcoffeeexcellence.org/indonesia-2021/,4,NW,NA,NA,NA,NA,86.03,success,NA,NA,NA,$9.00,"$4,365.18",NA,NA,NA,NA,NA,Dano,NA,NA,485.02,"Wataru & Co., Ltd.",NA,NA,NA,NA,NA,NA,NA,NA,NA,NA,NA,NA,NA,NA,NA,NA,NA,NA,NA,NA,NA,NA,NA,NA,NA,NA,NA,NA,NA,NA,NA,NA,NA,NA,NA,NA,NA,NA,NA,NA,NA,NA,NA,NA,NA,NA,NA,NA,NA,NA,NA,NA,NA,NA,NA,NA,NA,NA,NA,NA,NA,NA
Indonesia,2021,NW,auction,NA,https://allianceforcoffeeexcellence.org/indonesia-2021/,4,NW,NA,NA,NA,NA,Totals:,success,NA,NA,NA,$10.78/lb,"$37,010.71",NA,NA,NA,NA,NA,,NA,NA,3432.61,,NA,NA,NA,NA,NA,NA,NA,NA,NA,NA,NA,NA,NA,NA,NA,NA,NA,NA,NA,NA,NA,NA,NA,NA,NA,NA,NA,NA,NA,NA,NA,NA,NA,NA,NA,NA,NA,NA,NA,NA,NA,NA,NA,NA,NA,NA,NA,NA,NA,NA,NA,NA,NA,NA,NA,NA,NA,NA,NA,NA,NA,NA
Indonesia,2022,COE,auction,NA,https://allianceforcoffeeexcellence.org/indonesia-2022/,2,1a,NA,NA,NA,NA,90.59,success,NA,NA,NA,$ 40.20,"$                17,281.98",NA,NA,NA,NA,NA,Koperasi Ribang Gayo Musara,NA,NA,429.9,Sulalat Coffee Trading,NA,NA,NA,NA,NA,NA,NA,NA,NA,NA,NA,NA,NA,NA,NA,NA,NA,NA,NA,NA,NA,NA,NA,NA,NA,NA,NA,NA,NA,NA,NA,NA,NA,NA,NA,NA,NA,NA,NA,NA,NA,NA,NA,NA,NA,NA,NA,NA,NA,NA,NA,NA,NA,NA,NA,NA,NA,NA,NA,NA,NA,NA
Indonesia,2022,COE,auction,NA,https://allianceforcoffeeexcellence.org/indonesia-2022/,2,1b,NA,NA,NA,NA,90.59,success,NA,NA,NA,$ 40.20,"$                15,952.57",NA,NA,NA,NA,NA,Koperasi Ribang Gayo Musara,NA,NA,396.83,"Coffee Beyond Borders for Uminomuko Coffee, Xtrat",NA,NA,NA,NA,NA,NA,NA,NA,NA,NA,NA,NA,NA,NA,NA,NA,NA,NA,NA,NA,NA,NA,NA,NA,NA,NA,NA,NA,NA,NA,NA,NA,NA,NA,NA,NA,NA,NA,NA,NA,NA,NA,NA,NA,NA,NA,NA,NA,NA,NA,NA,NA,NA,NA,NA,NA,NA,NA,NA,NA,NA,NA
Indonesia,2022,COE,auction,NA,https://allianceforcoffeeexcellence.org/indonesia-2022/,2,2,NA,NA,NA,NA,89.85,success,NA,NA,NA,$ 20.20,"$                12,024.05",NA,NA,NA,NA,NA,Pegasing Takengon Utara,NA,NA,595.25,La Boheme Cafe,NA,NA,NA,NA,NA,NA,NA,NA,NA,NA,NA,NA,NA,NA,NA,NA,NA,NA,NA,NA,NA,NA,NA,NA,NA,NA,NA,NA,NA,NA,NA,NA,NA,NA,NA,NA,NA,NA,NA,NA,NA,NA,NA,NA,NA,NA,NA,NA,NA,NA,NA,NA,NA,NA,NA,NA,NA,NA,NA,NA,NA,NA
Indonesia,2022,COE,auction,NA,https://allianceforcoffeeexcellence.org/indonesia-2022/,2,3,NA,NA,NA,NA,89.59,success,NA,NA,NA,$ 26.90,"$                16,012.23",NA,NA,NA,NA,NA,Frinsa Weninggalih,NA,NA,595.25,"Coffee Beyond Borders for Uminomuko Coffee, Xtrat",NA,NA,NA,NA,NA,NA,NA,NA,NA,NA,NA,NA,NA,NA,NA,NA,NA,NA,NA,NA,NA,NA,NA,NA,NA,NA,NA,NA,NA,NA,NA,NA,NA,NA,NA,NA,NA,NA,NA,NA,NA,NA,NA,NA,NA,NA,NA,NA,NA,NA,NA,NA,NA,NA,NA,NA,NA,NA,NA,NA,NA,NA
Indonesia,2022,COE,auction,NA,https://allianceforcoffeeexcellence.org/indonesia-2022/,2,4,NA,NA,NA,NA,89.18,success,NA,NA,NA,$ 15.20,"$                12,063.63",NA,NA,NA,NA,NA,Koperasi Ribang Gayo Musara,NA,NA,793.66,La Boheme Cafe & Huracan Coffee,NA,NA,NA,NA,NA,NA,NA,NA,NA,NA,NA,NA,NA,NA,NA,NA,NA,NA,NA,NA,NA,NA,NA,NA,NA,NA,NA,NA,NA,NA,NA,NA,NA,NA,NA,NA,NA,NA,NA,NA,NA,NA,NA,NA,NA,NA,NA,NA,NA,NA,NA,NA,NA,NA,NA,NA,NA,NA,NA,NA,NA,NA
Indonesia,2022,COE,auction,NA,https://allianceforcoffeeexcellence.org/indonesia-2022/,2,5,NA,NA,NA,NA,89.15,success,NA,NA,NA,$ 13.50,"$                10,714.41",NA,NA,NA,NA,NA,Koperasi Ribang Gayo Musara,NA,NA,793.66,Kyokuto Fadie Corporation,NA,NA,NA,NA,NA,NA,NA,NA,NA,NA,NA,NA,NA,NA,NA,NA,NA,NA,NA,NA,NA,NA,NA,NA,NA,NA,NA,NA,NA,NA,NA,NA,NA,NA,NA,NA,NA,NA,NA,NA,NA,NA,NA,NA,NA,NA,NA,NA,NA,NA,NA,NA,NA,NA,NA,NA,NA,NA,NA,NA,NA,NA
Indonesia,2022,COE,auction,NA,https://allianceforcoffeeexcellence.org/indonesia-2022/,2,6,NA,NA,NA,NA,88.91,success,NA,NA,NA,$ 14.10,"$                  7,926.74",NA,NA,NA,NA,NA,Panangan Mata Takengon Utara,NA,NA,562.18,"Coffee Therapy (Thailand), Coffee Me Up (Korea), Dabov Specialty Coffee (Bulgaria), BIG BLACK BOX (Thailand), Casa Lapin (Thailand), MARISSTELLA COFFEE (Korea)",NA,NA,NA,NA,NA,NA,NA,NA,NA,NA,NA,NA,NA,NA,NA,NA,NA,NA,NA,NA,NA,NA,NA,NA,NA,NA,NA,NA,NA,NA,NA,NA,NA,NA,NA,NA,NA,NA,NA,NA,NA,NA,NA,NA,NA,NA,NA,NA,NA,NA,NA,NA,NA,NA,NA,NA,NA,NA,NA,NA,NA,NA
Indonesia,2022,COE,auction,NA,https://allianceforcoffeeexcellence.org/indonesia-2022/,2,7,NA,NA,NA,NA,88.68,success,NA,NA,NA,$ 19.55,"$                16,162.57",NA,NA,NA,NA,NA,Koperasi Ribang Gayo Musara,NA,NA,826.73,Coffee Beyond Borders for Uminomuko Coffee,NA,NA,NA,NA,NA,NA,NA,NA,NA,NA,NA,NA,NA,NA,NA,NA,NA,NA,NA,NA,NA,NA,NA,NA,NA,NA,NA,NA,NA,NA,NA,NA,NA,NA,NA,NA,NA,NA,NA,NA,NA,NA,NA,NA,NA,NA,NA,NA,NA,NA,NA,NA,NA,NA,NA,NA,NA,NA,NA,NA,NA,NA
Indonesia,2022,COE,auction,NA,https://allianceforcoffeeexcellence.org/indonesia-2022/,2,8,NA,NA,NA,NA,88.5,success,NA,NA,NA,$ 10.70,"$                  8,492.16",NA,NA,NA,NA,NA,Koperasi Ribang Gayo Musara,NA,NA,793.66,Kyokuto Fadie Corporation,NA,NA,NA,NA,NA,NA,NA,NA,NA,NA,NA,NA,NA,NA,NA,NA,NA,NA,NA,NA,NA,NA,NA,NA,NA,NA,NA,NA,NA,NA,NA,NA,NA,NA,NA,NA,NA,NA,NA,NA,NA,NA,NA,NA,NA,NA,NA,NA,NA,NA,NA,NA,NA,NA,NA,NA,NA,NA,NA,NA,NA,NA
Indonesia,2022,COE,auction,NA,https://allianceforcoffeeexcellence.org/indonesia-2022/,2,9,NA,NA,NA,NA,88.09,success,NA,NA,NA,$ 20.20,"$                11,356.04",NA,NA,NA,NA,NA,Terang Ulen,NA,NA,562.18,Blue Bottle Coffee,NA,NA,NA,NA,NA,NA,NA,NA,NA,NA,NA,NA,NA,NA,NA,NA,NA,NA,NA,NA,NA,NA,NA,NA,NA,NA,NA,NA,NA,NA,NA,NA,NA,NA,NA,NA,NA,NA,NA,NA,NA,NA,NA,NA,NA,NA,NA,NA,NA,NA,NA,NA,NA,NA,NA,NA,NA,NA,NA,NA,NA,NA
Indonesia,2022,COE,auction,NA,https://allianceforcoffeeexcellence.org/indonesia-2022/,2,10,NA,NA,NA,NA,87.85,success,NA,NA,NA,$ 13.30,"$                  7,476.99",NA,NA,NA,NA,NA,"Ceding Ayu, Pantan Musara",NA,NA,562.18,"Dabov Specialty Coffee, Coffee Therapy (Thailand), Joy Coffee & Cacao",NA,NA,NA,NA,NA,NA,NA,NA,NA,NA,NA,NA,NA,NA,NA,NA,NA,NA,NA,NA,NA,NA,NA,NA,NA,NA,NA,NA,NA,NA,NA,NA,NA,NA,NA,NA,NA,NA,NA,NA,NA,NA,NA,NA,NA,NA,NA,NA,NA,NA,NA,NA,NA,NA,NA,NA,NA,NA,NA,NA,NA,NA
Indonesia,2022,COE,auction,NA,https://allianceforcoffeeexcellence.org/indonesia-2022/,2,11,NA,NA,NA,NA,87.74,success,NA,NA,NA,$   9.70,"$                  6,736.26",NA,NA,NA,NA,NA,Renggali,NA,NA,694.46,"Wataru & Co., Ltd.",NA,NA,NA,NA,NA,NA,NA,NA,NA,NA,NA,NA,NA,NA,NA,NA,NA,NA,NA,NA,NA,NA,NA,NA,NA,NA,NA,NA,NA,NA,NA,NA,NA,NA,NA,NA,NA,NA,NA,NA,NA,NA,NA,NA,NA,NA,NA,NA,NA,NA,NA,NA,NA,NA,NA,NA,NA,NA,NA,NA,NA,NA
Indonesia,2022,COE,auction,NA,https://allianceforcoffeeexcellence.org/indonesia-2022/,2,12,NA,NA,NA,NA,87.74,success,NA,NA,NA,$ 20.10,"$                11,964.53",NA,NA,NA,NA,NA,Koerintji Barokah Group,NA,NA,595.25,SARUTAHIKO COFFEE,NA,NA,NA,NA,NA,NA,NA,NA,NA,NA,NA,NA,NA,NA,NA,NA,NA,NA,NA,NA,NA,NA,NA,NA,NA,NA,NA,NA,NA,NA,NA,NA,NA,NA,NA,NA,NA,NA,NA,NA,NA,NA,NA,NA,NA,NA,NA,NA,NA,NA,NA,NA,NA,NA,NA,NA,NA,NA,NA,NA,NA,NA
Indonesia,2022,COE,auction,NA,https://allianceforcoffeeexcellence.org/indonesia-2022/,2,13,NA,NA,NA,NA,87.65,success,NA,NA,NA,$ 14.50,"$                  8,151.61",NA,NA,NA,NA,NA,Koerintji Farm,NA,NA,562.18,Wataru for Voila Coffee,NA,NA,NA,NA,NA,NA,NA,NA,NA,NA,NA,NA,NA,NA,NA,NA,NA,NA,NA,NA,NA,NA,NA,NA,NA,NA,NA,NA,NA,NA,NA,NA,NA,NA,NA,NA,NA,NA,NA,NA,NA,NA,NA,NA,NA,NA,NA,NA,NA,NA,NA,NA,NA,NA,NA,NA,NA,NA,NA,NA,NA,NA
Indonesia,2022,COE,auction,NA,https://allianceforcoffeeexcellence.org/indonesia-2022/,2,14,NA,NA,NA,NA,87.62,success,NA,NA,NA,$ 14.60,"$                11,587.44",NA,NA,NA,NA,NA,"Ceding Ayu, Pantan Musara",NA,NA,793.66,Campos Coffee,NA,NA,NA,NA,NA,NA,NA,NA,NA,NA,NA,NA,NA,NA,NA,NA,NA,NA,NA,NA,NA,NA,NA,NA,NA,NA,NA,NA,NA,NA,NA,NA,NA,NA,NA,NA,NA,NA,NA,NA,NA,NA,NA,NA,NA,NA,NA,NA,NA,NA,NA,NA,NA,NA,NA,NA,NA,NA,NA,NA,NA,NA
Indonesia,2022,COE,auction,NA,https://allianceforcoffeeexcellence.org/indonesia-2022/,2,15,NA,NA,NA,NA,87.62,success,NA,NA,NA,$ 10.10,"$                10,688.02",NA,NA,NA,NA,NA,Ijen,NA,NA,1058.2,SUPREMO COFFEE,NA,NA,NA,NA,NA,NA,NA,NA,NA,NA,NA,NA,NA,NA,NA,NA,NA,NA,NA,NA,NA,NA,NA,NA,NA,NA,NA,NA,NA,NA,NA,NA,NA,NA,NA,NA,NA,NA,NA,NA,NA,NA,NA,NA,NA,NA,NA,NA,NA,NA,NA,NA,NA,NA,NA,NA,NA,NA,NA,NA,NA,NA
Indonesia,2022,COE,auction,NA,https://allianceforcoffeeexcellence.org/indonesia-2022/,2,16,NA,NA,NA,NA,87.59,success,NA,NA,NA,$ 10.90,"$                  6,127.76",NA,NA,NA,NA,NA,Avatara Coffee,NA,NA,562.18,"UCC UESHIMA COFFEE CO.,LTD",NA,NA,NA,NA,NA,NA,NA,NA,NA,NA,NA,NA,NA,NA,NA,NA,NA,NA,NA,NA,NA,NA,NA,NA,NA,NA,NA,NA,NA,NA,NA,NA,NA,NA,NA,NA,NA,NA,NA,NA,NA,NA,NA,NA,NA,NA,NA,NA,NA,NA,NA,NA,NA,NA,NA,NA,NA,NA,NA,NA,NA,NA
Indonesia,2022,COE,auction,NA,https://allianceforcoffeeexcellence.org/indonesia-2022/,2,17,NA,NA,NA,NA,87.53,success,NA,NA,NA,$ 12.80,"$                10,158.85",NA,NA,NA,NA,NA,Koperasi Ribang Gayo Musara,NA,NA,793.66,honu加藤珈琲店株式会社,NA,NA,NA,NA,NA,NA,NA,NA,NA,NA,NA,NA,NA,NA,NA,NA,NA,NA,NA,NA,NA,NA,NA,NA,NA,NA,NA,NA,NA,NA,NA,NA,NA,NA,NA,NA,NA,NA,NA,NA,NA,NA,NA,NA,NA,NA,NA,NA,NA,NA,NA,NA,NA,NA,NA,NA,NA,NA,NA,NA,NA,NA
Indonesia,2022,COE,auction,NA,https://allianceforcoffeeexcellence.org/indonesia-2022/,2,18,NA,NA,NA,NA,87.53,success,NA,NA,NA,$ 13.2,"$                10,476.31",NA,NA,NA,NA,NA,Koperasi Ribang Gayo Musara,NA,NA,793.66,TAKAMURA COFFEE ROASTERS By Marukai and Idle Hands Roasting Company,NA,NA,NA,NA,NA,NA,NA,NA,NA,NA,NA,NA,NA,NA,NA,NA,NA,NA,NA,NA,NA,NA,NA,NA,NA,NA,NA,NA,NA,NA,NA,NA,NA,NA,NA,NA,NA,NA,NA,NA,NA,NA,NA,NA,NA,NA,NA,NA,NA,NA,NA,NA,NA,NA,NA,NA,NA,NA,NA,NA,NA,NA
Indonesia,2022,COE,auction,NA,https://allianceforcoffeeexcellence.org/indonesia-2022/,2,19,NA,NA,NA,NA,87.35,success,NA,NA,NA,$ 10.10,"$                  6,012.03",NA,NA,NA,NA,NA,Tunas Baru Farm,NA,NA,595.25,"Coffee Tech Limited (NZ)/coffee-tech.co.nz Upstream Coffee Imports , Marukai corporation ,Slick Coffee Co.",NA,NA,NA,NA,NA,NA,NA,NA,NA,NA,NA,NA,NA,NA,NA,NA,NA,NA,NA,NA,NA,NA,NA,NA,NA,NA,NA,NA,NA,NA,NA,NA,NA,NA,NA,NA,NA,NA,NA,NA,NA,NA,NA,NA,NA,NA,NA,NA,NA,NA,NA,NA,NA,NA,NA,NA,NA,NA,NA,NA,NA,NA
Indonesia,2022,COE,auction,NA,https://allianceforcoffeeexcellence.org/indonesia-2022/,2,20,NA,NA,NA,NA,87.15,success,NA,NA,NA,$   9.00,"$                  5,059.62",NA,NA,NA,NA,NA,Dasimah bukit sama,NA,NA,562.18,"Wataru & Co., Ltd.",NA,NA,NA,NA,NA,NA,NA,NA,NA,NA,NA,NA,NA,NA,NA,NA,NA,NA,NA,NA,NA,NA,NA,NA,NA,NA,NA,NA,NA,NA,NA,NA,NA,NA,NA,NA,NA,NA,NA,NA,NA,NA,NA,NA,NA,NA,NA,NA,NA,NA,NA,NA,NA,NA,NA,NA,NA,NA,NA,NA,NA,NA
Indonesia,2022,COE,auction,NA,https://allianceforcoffeeexcellence.org/indonesia-2022/,2,21,NA,NA,NA,NA,87.15,success,NA,NA,NA,$ 20.10,"$.              11,964.53",NA,NA,NA,NA,NA,Jaya Tani Farm,NA,NA,595.25,"Coffee Tech Limited (NZ)/coffee-tech.co.nz Cut Hand Group（剁手咖啡群）& Kinglo Coffee（轻乐咖）, Ryans Coffee Roasters , 群果貿易 Cheerbeans trading Co Ltd Taiwan , L’escargot d’or cosmetocafe ,Slick Coffee Co.",NA,NA,NA,NA,NA,NA,NA,NA,NA,NA,NA,NA,NA,NA,NA,NA,NA,NA,NA,NA,NA,NA,NA,NA,NA,NA,NA,NA,NA,NA,NA,NA,NA,NA,NA,NA,NA,NA,NA,NA,NA,NA,NA,NA,NA,NA,NA,NA,NA,NA,NA,NA,NA,NA,NA,NA,NA,NA,NA,NA,NA,NA
Indonesia,2022,COE,auction,NA,https://allianceforcoffeeexcellence.org/indonesia-2022/,2,22,NA,NA,NA,NA,87.06,success,NA,NA,NA,$   9.70,"$                  8,019.28",NA,NA,NA,NA,NA,Koperasi Ribang Gayo Musara,NA,NA,826.73,"Wataru & Co., Ltd.",NA,NA,NA,NA,NA,NA,NA,NA,NA,NA,NA,NA,NA,NA,NA,NA,NA,NA,NA,NA,NA,NA,NA,NA,NA,NA,NA,NA,NA,NA,NA,NA,NA,NA,NA,NA,NA,NA,NA,NA,NA,NA,NA,NA,NA,NA,NA,NA,NA,NA,NA,NA,NA,NA,NA,NA,NA,NA,NA,NA,NA,NA
Indonesia,2022,COE,auction,NA,https://allianceforcoffeeexcellence.org/indonesia-2022/,2,Totals,NA,NA,NA,NA,,success,NA,NA,NA,Auction Average $/lb. $16.91,"Total Auction Value
$242,409.61",NA,NA,NA,NA,NA,,NA,NA,15344.16,,NA,NA,NA,NA,NA,NA,NA,NA,NA,NA,NA,NA,NA,NA,NA,NA,NA,NA,NA,NA,NA,NA,NA,NA,NA,NA,NA,NA,NA,NA,NA,NA,NA,NA,NA,NA,NA,NA,NA,NA,NA,NA,NA,NA,NA,NA,NA,NA,NA,NA,NA,NA,NA,NA,NA,NA,NA,NA,NA,NA,NA,NA
Indonesia,2023,COE,auction,NA,https://allianceforcoffeeexcellence.org/indonesia-2023/,2,NA,NA,NA,NA,NA,91.41,success,NA,NA,NA,NA,NA,NA,NA,NA,NA,NA,Ijen Lestari,NA,NA,NA,NA,NA,NA,NA,NA,NA,1A,$45.50,"$18,055.77",NA,"Orsir International Co., Ltd.",NA,NA,NA,NA,NA,NA,NA,NA,NA,NA,NA,NA,NA,NA,NA,396.83,NA,NA,NA,NA,NA,NA,NA,NA,NA,NA,NA,NA,NA,NA,NA,NA,NA,NA,NA,NA,NA,NA,NA,NA,NA,NA,NA,NA,NA,NA,NA,NA,NA,NA,NA,NA
Indonesia,2023,COE,auction,NA,https://allianceforcoffeeexcellence.org/indonesia-2023/,2,NA,NA,NA,NA,NA,91.41,success,NA,NA,NA,NA,NA,NA,NA,NA,NA,NA,Ijen Lestari,NA,NA,NA,NA,NA,NA,NA,NA,NA,1B,$43.60,"$17,055.88",NA,"SAVAYA Coffee Market – USA
WAVY Coffee Roasters and GLITCH Coffee& Roasters by Marukai – Japan

L’escargot d’or cosmetocafe – France",NA,NA,NA,NA,NA,NA,NA,NA,NA,NA,NA,NA,NA,NA,NA,391.19,NA,NA,NA,NA,NA,NA,NA,NA,NA,NA,NA,NA,NA,NA,NA,NA,NA,NA,NA,NA,NA,NA,NA,NA,NA,NA,NA,NA,NA,NA,NA,NA,NA,NA,NA,NA
Indonesia,2023,COE,auction,NA,https://allianceforcoffeeexcellence.org/indonesia-2023/,2,NA,NA,NA,NA,NA,90.35,success,NA,NA,NA,NA,NA,NA,NA,NA,NA,NA,Wajamala,NA,NA,NA,NA,NA,NA,NA,NA,NA,2A,$30.00,"$9,920.70",NA,"Coffee Me Up (Korea), Slick Coffee Co., Coffee Therapy (Thailand), Lotus Lab",NA,NA,NA,NA,NA,NA,NA,NA,NA,NA,NA,NA,NA,NA,NA,330.69,NA,NA,NA,NA,NA,NA,NA,NA,NA,NA,NA,NA,NA,NA,NA,NA,NA,NA,NA,NA,NA,NA,NA,NA,NA,NA,NA,NA,NA,NA,NA,NA,NA,NA,NA,NA
Indonesia,2023,COE,auction,NA,https://allianceforcoffeeexcellence.org/indonesia-2023/,2,NA,NA,NA,NA,NA,90.35,success,NA,NA,NA,NA,NA,NA,NA,NA,NA,NA,Wajamala,NA,NA,NA,NA,NA,NA,NA,NA,NA,2B,$30.50,"$9,000.86",NA,"BIG BLACK BOX (Thailand), Casa Lapin, Koff&Bun, Nicherry",NA,NA,NA,NA,NA,NA,NA,NA,NA,NA,NA,NA,NA,NA,NA,295.11,NA,NA,NA,NA,NA,NA,NA,NA,NA,NA,NA,NA,NA,NA,NA,NA,NA,NA,NA,NA,NA,NA,NA,NA,NA,NA,NA,NA,NA,NA,NA,NA,NA,NA,NA,NA
Indonesia,2023,COE,auction,NA,https://allianceforcoffeeexcellence.org/indonesia-2023/,2,NA,NA,NA,NA,NA,90.06,success,NA,NA,NA,NA,NA,NA,NA,NA,NA,NA,Angin-angin,NA,NA,NA,NA,NA,NA,NA,NA,NA,3A,$26.25,"$7,835.89",NA,"BLACK GOLD COFFEE (TAIWAN), COFFEE PARTNER INTERNATIONAL (INDONESIA)",NA,NA,NA,NA,NA,NA,NA,NA,NA,NA,NA,NA,NA,NA,NA,298.51,NA,NA,NA,NA,NA,NA,NA,NA,NA,NA,NA,NA,NA,NA,NA,NA,NA,NA,NA,NA,NA,NA,NA,NA,NA,NA,NA,NA,NA,NA,NA,NA,NA,NA,NA,NA
Indonesia,2023,COE,auction,NA,https://allianceforcoffeeexcellence.org/indonesia-2023/,2,NA,NA,NA,NA,NA,90.06,success,NA,NA,NA,NA,NA,NA,NA,NA,NA,NA,Angin-angin,NA,NA,NA,NA,NA,NA,NA,NA,NA,3B,$27.30,"$7,222.22",NA,CHG（手多多咖啡）,NA,NA,NA,NA,NA,NA,NA,NA,NA,NA,NA,NA,NA,NA,NA,264.55,NA,NA,NA,NA,NA,NA,NA,NA,NA,NA,NA,NA,NA,NA,NA,NA,NA,NA,NA,NA,NA,NA,NA,NA,NA,NA,NA,NA,NA,NA,NA,NA,NA,NA,NA,NA
Indonesia,2023,COE,auction,NA,https://allianceforcoffeeexcellence.org/indonesia-2023/,2,NA,NA,NA,NA,NA,90.06,success,NA,NA,NA,NA,NA,NA,NA,NA,NA,NA,Avarata Coffee,NA,NA,NA,NA,NA,NA,NA,NA,NA,4,$10.00,"$5,825.00",NA,"Coffee Beyond Borders for XTRAT, A Roastworks, Two Hands Full, L Coffee Roaster, TBRK, Espresso Embassy, Rumah Sangrai Bloom, Temu Roastery.",NA,NA,NA,NA,NA,NA,NA,NA,NA,NA,NA,NA,NA,NA,NA,582.50,NA,NA,NA,NA,NA,NA,NA,NA,NA,NA,NA,NA,NA,NA,NA,NA,NA,NA,NA,NA,NA,NA,NA,NA,NA,NA,NA,NA,NA,NA,NA,NA,NA,NA,NA,NA
Indonesia,2023,COE,auction,NA,https://allianceforcoffeeexcellence.org/indonesia-2023/,2,NA,NA,NA,NA,NA,89.47,success,NA,NA,NA,NA,NA,NA,NA,NA,NA,NA,Central Sumatera Coffee,NA,NA,NA,NA,NA,NA,NA,NA,NA,5,$8.60,"$6,649.18",NA,"List & Beisler
LA BOHEME",NA,NA,NA,NA,NA,NA,NA,NA,NA,NA,NA,NA,NA,NA,NA,773.16,NA,NA,NA,NA,NA,NA,NA,NA,NA,NA,NA,NA,NA,NA,NA,NA,NA,NA,NA,NA,NA,NA,NA,NA,NA,NA,NA,NA,NA,NA,NA,NA,NA,NA,NA,NA
Indonesia,2023,COE,auction,NA,https://allianceforcoffeeexcellence.org/indonesia-2023/,2,NA,NA,NA,NA,NA,89.35,success,NA,NA,NA,NA,NA,NA,NA,NA,NA,NA,Wanoja Coffee Plot Hj. Eti Sumiati,NA,NA,NA,NA,NA,NA,NA,NA,NA,6,$10.37,"$5,895.14",NA,"SAVAYA COFFEE MARKET – USA
LaB Coffee & Roasters",NA,NA,NA,NA,NA,NA,NA,NA,NA,NA,NA,NA,NA,NA,NA,568.48,NA,NA,NA,NA,NA,NA,NA,NA,NA,NA,NA,NA,NA,NA,NA,NA,NA,NA,NA,NA,NA,NA,NA,NA,NA,NA,NA,NA,NA,NA,NA,NA,NA,NA,NA,NA
Indonesia,2023,COE,auction,NA,https://allianceforcoffeeexcellence.org/indonesia-2023/,2,NA,NA,NA,NA,NA,89.21,success,NA,NA,NA,NA,NA,NA,NA,NA,NA,NA,Atang Jungket,NA,NA,NA,NA,NA,NA,NA,NA,NA,7,$15.80,"$9,182.64",NA,"Coffee Beyond Borders for XTRAT, Uminomukou, L Coffee Roaster, TBRK.",NA,NA,NA,NA,NA,NA,NA,NA,NA,NA,NA,NA,NA,NA,NA,581.18,NA,NA,NA,NA,NA,NA,NA,NA,NA,NA,NA,NA,NA,NA,NA,NA,NA,NA,NA,NA,NA,NA,NA,NA,NA,NA,NA,NA,NA,NA,NA,NA,NA,NA,NA,NA
Indonesia,2023,COE,auction,NA,https://allianceforcoffeeexcellence.org/indonesia-2023/,2,NA,NA,NA,NA,NA,89.15,success,NA,NA,NA,NA,NA,NA,NA,NA,NA,NA,Rantekarua Coffee Plantation PT. Sulotco Jaya Abadi,NA,NA,NA,NA,NA,NA,NA,NA,NA,8,$9.30,"$5,315.23",NA,"La Pluma & Bohemian, ESCUDO COFFEE",NA,NA,NA,NA,NA,NA,NA,NA,NA,NA,NA,NA,NA,NA,NA,571.53,NA,NA,NA,NA,NA,NA,NA,NA,NA,NA,NA,NA,NA,NA,NA,NA,NA,NA,NA,NA,NA,NA,NA,NA,NA,NA,NA,NA,NA,NA,NA,NA,NA,NA,NA,NA
Indonesia,2023,COE,auction,NA,https://allianceforcoffeeexcellence.org/indonesia-2023/,2,NA,NA,NA,NA,NA,88.38,success,NA,NA,NA,NA,NA,NA,NA,NA,NA,NA,PT. De Gayo Agri Indonesia,NA,NA,NA,NA,NA,NA,NA,NA,NA,9,$11.80,"$6,772.61",NA,Sulalat Coffee Trading,NA,NA,NA,NA,NA,NA,NA,NA,NA,NA,NA,NA,NA,NA,NA,573.95,NA,NA,NA,NA,NA,NA,NA,NA,NA,NA,NA,NA,NA,NA,NA,NA,NA,NA,NA,NA,NA,NA,NA,NA,NA,NA,NA,NA,NA,NA,NA,NA,NA,NA,NA,NA
Indonesia,2023,COE,auction,NA,https://allianceforcoffeeexcellence.org/indonesia-2023/,2,NA,NA,NA,NA,NA,88.15,success,NA,NA,NA,NA,NA,NA,NA,NA,NA,NA,Finca De Berman,NA,NA,NA,NA,NA,NA,NA,NA,NA,10,$9.00,"$5,477.85",NA,"Wataru & Co., Ltd.",NA,NA,NA,NA,NA,NA,NA,NA,NA,NA,NA,NA,NA,NA,NA,608.65,NA,NA,NA,NA,NA,NA,NA,NA,NA,NA,NA,NA,NA,NA,NA,NA,NA,NA,NA,NA,NA,NA,NA,NA,NA,NA,NA,NA,NA,NA,NA,NA,NA,NA,NA,NA
Indonesia,2023,COE,auction,NA,https://allianceforcoffeeexcellence.org/indonesia-2023/,2,NA,NA,NA,NA,NA,88.06,success,NA,NA,NA,NA,NA,NA,NA,NA,NA,NA,Koperasi Ribang Gayo Musara,NA,NA,NA,NA,NA,NA,NA,NA,NA,11,$7.00,"$5,064.57",NA,"Wataru & Co., Ltd.",NA,NA,NA,NA,NA,NA,NA,NA,NA,NA,NA,NA,NA,NA,NA,723.51,NA,NA,NA,NA,NA,NA,NA,NA,NA,NA,NA,NA,NA,NA,NA,NA,NA,NA,NA,NA,NA,NA,NA,NA,NA,NA,NA,NA,NA,NA,NA,NA,NA,NA,NA,NA
Indonesia,2023,COE,auction,NA,https://allianceforcoffeeexcellence.org/indonesia-2023/,2,NA,NA,NA,NA,NA,88.03,success,NA,NA,NA,NA,NA,NA,NA,NA,NA,NA,Pelage Coffee,NA,NA,NA,NA,NA,NA,NA,NA,NA,12,$8.60,"$4,910.60",NA,"Wataru & Co., Ltd.",NA,NA,NA,NA,NA,NA,NA,NA,NA,NA,NA,NA,NA,NA,NA,571.00,NA,NA,NA,NA,NA,NA,NA,NA,NA,NA,NA,NA,NA,NA,NA,NA,NA,NA,NA,NA,NA,NA,NA,NA,NA,NA,NA,NA,NA,NA,NA,NA,NA,NA,NA,NA
Indonesia,2023,COE,auction,NA,https://allianceforcoffeeexcellence.org/indonesia-2023/,2,NA,NA,NA,NA,NA,87.97,success,NA,NA,NA,NA,NA,NA,NA,NA,NA,NA,Bengkolan Dua Farm,NA,NA,NA,NA,NA,NA,NA,NA,NA,13,$10.20,"$5,959.04",NA,"Wataru & Co., Ltd.",NA,NA,NA,NA,NA,NA,NA,NA,NA,NA,NA,NA,NA,NA,NA,584.22,NA,NA,NA,NA,NA,NA,NA,NA,NA,NA,NA,NA,NA,NA,NA,NA,NA,NA,NA,NA,NA,NA,NA,NA,NA,NA,NA,NA,NA,NA,NA,NA,NA,NA,NA,NA
Indonesia,2023,COE,auction,NA,https://allianceforcoffeeexcellence.org/indonesia-2023/,2,NA,NA,NA,NA,NA,87.97,success,NA,NA,NA,NA,NA,NA,NA,NA,NA,NA,Blok Emper,NA,NA,NA,NA,NA,NA,NA,NA,NA,14,$11.11,"$6,386.92",NA,"MUSEO Co., Ltd.",NA,NA,NA,NA,NA,NA,NA,NA,NA,NA,NA,NA,NA,NA,NA,574.88,NA,NA,NA,NA,NA,NA,NA,NA,NA,NA,NA,NA,NA,NA,NA,NA,NA,NA,NA,NA,NA,NA,NA,NA,NA,NA,NA,NA,NA,NA,NA,NA,NA,NA,NA,NA
Indonesia,2023,COE,auction,NA,https://allianceforcoffeeexcellence.org/indonesia-2023/,2,NA,NA,NA,NA,NA,87.82,success,NA,NA,NA,NA,NA,NA,NA,NA,NA,NA,Wanoja Coffee Plot Satrea Amambi,NA,NA,NA,NA,NA,NA,NA,NA,NA,15,$10.90,"$6,371.38",NA,M.I.Coffee Corporation,NA,NA,NA,NA,NA,NA,NA,NA,NA,NA,NA,NA,NA,NA,NA,584.53,NA,NA,NA,NA,NA,NA,NA,NA,NA,NA,NA,NA,NA,NA,NA,NA,NA,NA,NA,NA,NA,NA,NA,NA,NA,NA,NA,NA,NA,NA,NA,NA,NA,NA,NA,NA
Indonesia,2023,COE,auction,NA,https://allianceforcoffeeexcellence.org/indonesia-2023/,2,NA,NA,NA,NA,NA,87.65,success,NA,NA,NA,NA,NA,NA,NA,NA,NA,NA,Wanoja Coffee Plot Ita Rosita,NA,NA,NA,NA,NA,NA,NA,NA,NA,16,$11.10,"$6,284.71",NA,Wataru for Voila Coffee,NA,NA,NA,NA,NA,NA,NA,NA,NA,NA,NA,NA,NA,NA,NA,566.19,NA,NA,NA,NA,NA,NA,NA,NA,NA,NA,NA,NA,NA,NA,NA,NA,NA,NA,NA,NA,NA,NA,NA,NA,NA,NA,NA,NA,NA,NA,NA,NA,NA,NA,NA,NA
Indonesia,2023,COE,auction,NA,https://allianceforcoffeeexcellence.org/indonesia-2023/,2,NA,NA,NA,NA,NA,87.59,success,NA,NA,NA,NA,NA,NA,NA,NA,NA,NA,Weninggalih,NA,NA,NA,NA,NA,NA,NA,NA,NA,17,$10.20,"$5,897.03",NA,SUPREMO COFFEE – Germany,NA,NA,NA,NA,NA,NA,NA,NA,NA,NA,NA,NA,NA,NA,NA,578.14,NA,NA,NA,NA,NA,NA,NA,NA,NA,NA,NA,NA,NA,NA,NA,NA,NA,NA,NA,NA,NA,NA,NA,NA,NA,NA,NA,NA,NA,NA,NA,NA,NA,NA,NA,NA
Indonesia,2023,COE,auction,NA,https://allianceforcoffeeexcellence.org/indonesia-2023/,2,NA,NA,NA,NA,NA,87.47,success,NA,NA,NA,NA,NA,NA,NA,NA,NA,NA,Kian Mandiri Farm,NA,NA,NA,NA,NA,NA,NA,NA,NA,18,$10.20,"$6,338.69",NA,Campos Coffee,NA,NA,NA,NA,NA,NA,NA,NA,NA,NA,NA,NA,NA,NA,NA,621.44,NA,NA,NA,NA,NA,NA,NA,NA,NA,NA,NA,NA,NA,NA,NA,NA,NA,NA,NA,NA,NA,NA,NA,NA,NA,NA,NA,NA,NA,NA,NA,NA,NA,NA,NA,NA
Indonesia,2023,COE,auction,NA,https://allianceforcoffeeexcellence.org/indonesia-2023/,2,NA,NA,NA,NA,NA,87.35,success,NA,NA,NA,NA,NA,NA,NA,NA,NA,NA,Siluk Coffee,NA,NA,NA,NA,NA,NA,NA,NA,NA,19,$13.60,"$12,213.21",NA,"Coffee Beyond Borders for XTRAT, Uminomukou, TBRK, Temu Roastery",NA,NA,NA,NA,NA,NA,NA,NA,NA,NA,NA,NA,NA,NA,NA,898.03,NA,NA,NA,NA,NA,NA,NA,NA,NA,NA,NA,NA,NA,NA,NA,NA,NA,NA,NA,NA,NA,NA,NA,NA,NA,NA,NA,NA,NA,NA,NA,NA,NA,NA,NA,NA
Indonesia,2023,COE,auction,NA,https://allianceforcoffeeexcellence.org/indonesia-2023/,2,NA,NA,NA,NA,NA,87.35,success,NA,NA,NA,NA,NA,NA,NA,NA,NA,NA,Suket Mountain/Gunung Suket,NA,NA,NA,NA,NA,NA,NA,NA,NA,20,$6.25,"$5,676.88",NA,"Wataru & Co., Ltd.",NA,NA,NA,NA,NA,NA,NA,NA,NA,NA,NA,NA,NA,NA,NA,908.30,NA,NA,NA,NA,NA,NA,NA,NA,NA,NA,NA,NA,NA,NA,NA,NA,NA,NA,NA,NA,NA,NA,NA,NA,NA,NA,NA,NA,NA,NA,NA,NA,NA,NA,NA,NA
Indonesia,2023,COE,auction,NA,https://allianceforcoffeeexcellence.org/indonesia-2023/,2,NA,NA,NA,NA,NA,87.32,success,NA,NA,NA,NA,NA,NA,NA,NA,NA,NA,Rukun Saudara Farm,NA,NA,NA,NA,NA,NA,NA,NA,NA,21,$16.40,"$9,649.27",NA,Solberg & Hansen,NA,NA,NA,NA,NA,NA,NA,NA,NA,NA,NA,NA,NA,NA,NA,588.37,NA,NA,NA,NA,NA,NA,NA,NA,NA,NA,NA,NA,NA,NA,NA,NA,NA,NA,NA,NA,NA,NA,NA,NA,NA,NA,NA,NA,NA,NA,NA,NA,NA,NA,NA,NA
Indonesia,2023,COE,auction,NA,https://allianceforcoffeeexcellence.org/indonesia-2023/,2,NA,NA,NA,NA,NA,87.24,success,NA,NA,NA,NA,NA,NA,NA,NA,NA,NA,Empus Reje Guru,NA,NA,NA,NA,NA,NA,NA,NA,NA,22,$8.45,"$4,878.95",NA,"Cuppers of Korea, Woojongho Coffee, Imbarista, Five_C_CoffeeWorks, AG COFFEE, Q_coffee_lab, Look at the Barista",NA,NA,NA,NA,NA,NA,NA,NA,NA,NA,NA,NA,NA,NA,NA,577.39,NA,NA,NA,NA,NA,NA,NA,NA,NA,NA,NA,NA,NA,NA,NA,NA,NA,NA,NA,NA,NA,NA,NA,NA,NA,NA,NA,NA,NA,NA,NA,NA,NA,NA,NA,NA
Indonesia,2023,COE,auction,NA,https://allianceforcoffeeexcellence.org/indonesia-2023/,2,NA,NA,NA,NA,NA,,success,NA,NA,NA,NA,NA,NA,NA,NA,NA,NA,,NA,NA,NA,NA,NA,NA,NA,NA,NA,TOTALS:,Avg. $/lb 13.83,"$193,840.18",NA,,NA,NA,NA,NA,NA,NA,NA,NA,NA,NA,NA,NA,NA,NA,NA,Total lb 14012.33,NA,NA,NA,NA,NA,NA,NA,NA,NA,NA,NA,NA,NA,NA,NA,NA,NA,NA,NA,NA,NA,NA,NA,NA,NA,NA,NA,NA,NA,NA,NA,NA,NA,NA,NA,NA
Indonesia,2023,NW,auction,NA,https://allianceforcoffeeexcellence.org/indonesia-2023/,4,NA,NA,NA,NA,NA,86.38,success,NA,NA,NA,NA,NA,NA,NA,NA,NA,NA,Sisola Specialty Coffee,NA,NA,NA,NA,NA,NA,NA,NA,NA,NW,$5.10,3004.95438,NA,SAVAYA COFFEE LLC,NA,NA,NA,NA,NA,NA,NA,NA,NA,NA,NA,NA,NA,NA,NA,589.21,NA,NA,NA,NA,NA,NA,NA,NA,NA,NA,NA,NA,NA,NA,NA,NA,NA,NA,NA,NA,NA,NA,NA,NA,NA,NA,NA,NA,NA,NA,NA,NA,NA,NA,NA,NA
Indonesia,2023,NW,auction,NA,https://allianceforcoffeeexcellence.org/indonesia-2023/,4,NA,NA,NA,NA,NA,85.68,success,NA,NA,NA,NA,NA,NA,NA,NA,NA,NA,Dete Coffee,NA,NA,NA,NA,NA,NA,NA,NA,NA,NW,$5.20,3090.930151,NA,SAVAYA COFFEE LLC,NA,NA,NA,NA,NA,NA,NA,NA,NA,NA,NA,NA,NA,NA,NA,594.41,NA,NA,NA,NA,NA,NA,NA,NA,NA,NA,NA,NA,NA,NA,NA,NA,NA,NA,NA,NA,NA,NA,NA,NA,NA,NA,NA,NA,NA,NA,NA,NA,NA,NA,NA,NA
Indonesia,2023,NW,auction,NA,https://allianceforcoffeeexcellence.org/indonesia-2023/,4,NA,NA,NA,NA,NA,,success,NA,NA,NA,NA,NA,NA,NA,NA,NA,NA,,NA,NA,NA,NA,NA,NA,NA,NA,NA,,Avg. $ 5.15 /lb,"$6,095.88",NA,,NA,NA,NA,NA,NA,NA,NA,NA,NA,NA,NA,NA,NA,NA,NA,1183.62,NA,NA,NA,NA,NA,NA,NA,NA,NA,NA,NA,NA,NA,NA,NA,NA,NA,NA,NA,NA,NA,NA,NA,NA,NA,NA,NA,NA,NA,NA,NA,NA,NA,NA,NA,NA
Mexico,2017,NW,auction,NA,https://allianceforcoffeeexcellence.org/mexico-2017/,2,23,13,Dos Puentes 2017,Raúl C. Sahagun Ortíz,"Tlaltetela, Veracruz",85.50,success,NA,23,13,$4.68/lb,"$4,023.86",Sydney Coffee Business Pty Ltd,NA,NA,NA,NA,NA,NA,NA,NA,NA,NA,NA,NA,NA,NA,NA,NA,NA,NA,NA,NA,NA,NA,NA,NA,NA,NA,NA,NA,NA,NA,NA,NA,NA,NA,NA,NA,NA,NA,NA,NA,NA,NA,NA,NA,NA,NA,NA,NA,NA,NA,NA,NA,NA,NA,NA,NA,NA,NA,NA,NA,NA,NA,NA,NA,NA,NA,NA,NA,NA,NA,NA
Mexico,2017,NW,auction,NA,https://allianceforcoffeeexcellence.org/mexico-2017/,2,24,28,Vergel 2017,Victor Santiz Gómez,"La Concordia, Chiapas",85.48,success,NA,24,28,$4.30/lb,"$7,963.08",Campos Coffee,NA,NA,NA,NA,NA,NA,NA,NA,NA,NA,NA,NA,NA,NA,NA,NA,NA,NA,NA,NA,NA,NA,NA,NA,NA,NA,NA,NA,NA,NA,NA,NA,NA,NA,NA,NA,NA,NA,NA,NA,NA,NA,NA,NA,NA,NA,NA,NA,NA,NA,NA,NA,NA,NA,NA,NA,NA,NA,NA,NA,NA,NA,NA,NA,NA,NA,NA,NA,NA,NA,NA
Mexico,2017,NW,auction,NA,https://allianceforcoffeeexcellence.org/mexico-2017/,2,25,4,El Porvenir 2017,Edilma Lopez Roblero,"San Fernando, Chiapas",85.88,success,NA,25,4,$7.10/lb,"$1,878.38","Wataru & Co., Ltd.",NA,NA,NA,NA,NA,NA,NA,NA,NA,NA,NA,NA,NA,NA,NA,NA,NA,NA,NA,NA,NA,NA,NA,NA,NA,NA,NA,NA,NA,NA,NA,NA,NA,NA,NA,NA,NA,NA,NA,NA,NA,NA,NA,NA,NA,NA,NA,NA,NA,NA,NA,NA,NA,NA,NA,NA,NA,NA,NA,NA,NA,NA,NA,NA,NA,NA,NA,NA,NA,NA,NA
Mexico,2017,NW,auction,NA,https://allianceforcoffeeexcellence.org/mexico-2017/,2,26,0,"Teetña, El Carrizal 2017",Mario Ponciano Velazco López Froylan Plutarco López,"CEPCO, Oaxaca",85.68,success,NA,26,0,-/lb,–,,NA,NA,NA,NA,NA,NA,NA,NA,NA,NA,NA,NA,NA,NA,NA,NA,NA,NA,NA,NA,NA,NA,NA,NA,NA,NA,NA,NA,NA,NA,NA,NA,NA,NA,NA,NA,NA,NA,NA,NA,NA,NA,NA,NA,NA,NA,NA,NA,NA,NA,NA,NA,NA,NA,NA,NA,NA,NA,NA,NA,NA,NA,NA,NA,NA,NA,NA,NA,NA,NA,NA
Mexico,2017,NW,auction,NA,https://allianceforcoffeeexcellence.org/mexico-2017/,2,27,23,El Progreso 2017,Rosendo Federico González,"Chiapas, AMSA Tuxtla",85.53,success,NA,27,23,$4.58/lb,"$6,967.05",Starbucks Coffee Trading Company,NA,NA,NA,NA,NA,NA,NA,NA,NA,NA,NA,NA,NA,NA,NA,NA,NA,NA,NA,NA,NA,NA,NA,NA,NA,NA,NA,NA,NA,NA,NA,NA,NA,NA,NA,NA,NA,NA,NA,NA,NA,NA,NA,NA,NA,NA,NA,NA,NA,NA,NA,NA,NA,NA,NA,NA,NA,NA,NA,NA,NA,NA,NA,NA,NA,NA,NA,NA,NA,NA,NA
Mexico,2017,NW,auction,NA,https://allianceforcoffeeexcellence.org/mexico-2017/,2,29,31,Las Vegas 2017,Eleazar Vazquez Perez,"San Fernando, Chiapas",85.33,success,NA,29,31,$4.30/lb,"$8,816.29",Campos Coffee,NA,NA,NA,NA,NA,NA,NA,NA,NA,NA,NA,NA,NA,NA,NA,NA,NA,NA,NA,NA,NA,NA,NA,NA,NA,NA,NA,NA,NA,NA,NA,NA,NA,NA,NA,NA,NA,NA,NA,NA,NA,NA,NA,NA,NA,NA,NA,NA,NA,NA,NA,NA,NA,NA,NA,NA,NA,NA,NA,NA,NA,NA,NA,NA,NA,NA,NA,NA,NA,NA,NA
Mexico,2017,NW,auction,NA,https://allianceforcoffeeexcellence.org/mexico-2017/,2,30,16,La Cuesta 2017,Francisco Javier Caraza Samaniego,"AMSA Córdoba, Veracruz",85.23,success,NA,30,16,$4.60/lb,"$5,476.30",Carrboro Coffee Roasters,NA,NA,NA,NA,NA,NA,NA,NA,NA,NA,NA,NA,NA,NA,NA,NA,NA,NA,NA,NA,NA,NA,NA,NA,NA,NA,NA,NA,NA,NA,NA,NA,NA,NA,NA,NA,NA,NA,NA,NA,NA,NA,NA,NA,NA,NA,NA,NA,NA,NA,NA,NA,NA,NA,NA,NA,NA,NA,NA,NA,NA,NA,NA,NA,NA,NA,NA,NA,NA,NA,NA
Mexico,2017,NW,auction,NA,https://allianceforcoffeeexcellence.org/mexico-2017/,2,32,0,El Aserradero 2017,Antonio García Hernandez,"Pochutla, Oaxaca",84.63,success,NA,32,0,-/lb,–,,NA,NA,NA,NA,NA,NA,NA,NA,NA,NA,NA,NA,NA,NA,NA,NA,NA,NA,NA,NA,NA,NA,NA,NA,NA,NA,NA,NA,NA,NA,NA,NA,NA,NA,NA,NA,NA,NA,NA,NA,NA,NA,NA,NA,NA,NA,NA,NA,NA,NA,NA,NA,NA,NA,NA,NA,NA,NA,NA,NA,NA,NA,NA,NA,NA,NA,NA,NA,NA,NA,NA
Mexico,2017,NW,auction,NA,https://allianceforcoffeeexcellence.org/mexico-2017/,2,33,0,La Loma 2017,Maximino Juarez González,"CEPCO, Oaxaca",84.60,success,NA,33,0,-/lb,–,,NA,NA,NA,NA,NA,NA,NA,NA,NA,NA,NA,NA,NA,NA,NA,NA,NA,NA,NA,NA,NA,NA,NA,NA,NA,NA,NA,NA,NA,NA,NA,NA,NA,NA,NA,NA,NA,NA,NA,NA,NA,NA,NA,NA,NA,NA,NA,NA,NA,NA,NA,NA,NA,NA,NA,NA,NA,NA,NA,NA,NA,NA,NA,NA,NA,NA,NA,NA,NA,NA,NA
Mexico,2017,NW,auction,NA,https://allianceforcoffeeexcellence.org/mexico-2017/,2,Stats:,Stats:,,,,,success,NA,,115,$4.62/lb,"$35,124.96",NA,NA,NA,NA,NA,NA,NA,NA,NA,NA,NA,NA,NA,NA,NA,NA,NA,NA,NA,NA,NA,NA,NA,NA,NA,NA,NA,NA,NA,NA,NA,NA,NA,NA,NA,NA,NA,NA,NA,NA,NA,NA,NA,NA,NA,NA,NA,NA,NA,NA,NA,NA,NA,NA,NA,NA,NA,NA,NA,NA,NA,NA,NA,NA,NA,NA,NA,NA,NA,NA,NA,NA
Mexico,2018,NW,auction,NA,https://allianceforcoffeeexcellence.org/mexico-2018/,2,29,26,La Roca,Ezequiel Ramirez Mavil,Coatepec,85.63,success,NA,NA,NA,$4.00/lb,"$6,878.44",Choi Coffee Roasters Company,NA,"Borbón, Catimor, Costa Rica 95",NA,NA,NA,NA,NA,NA,NA,NA,NA,NA,NA,NA,NA,NA,NA,NA,NA,NA,NA,NA,NA,NA,NA,NA,NA,NA,NA,NA,NA,NA,NA,NA,NA,NA,Lavado,NA,NA,NA,NA,NA,NA,NA,NA,NA,NA,NA,NA,NA,NA,NA,NA,NA,1719.6,NA,NA,NA,NA,NA,NA,NA,NA,NA,NA,NA,NA,NA,NA,NA,NA
Mexico,2018,NW,auction,NA,https://allianceforcoffeeexcellence.org/mexico-2018/,2,30,25,"La Envidia, Ciénega Grande, Ciénega Grande","Felix Sergio Lopez Espana,",Santa María Yucuhiti,85.53,success,NA,NA,NA,$4.00/lb,"$6,613.88","Cafe DAZAC, Coffee Sallim Factory, Juk-dong Cafe D, Crema Costa, Beanstore, Eungubiro Roasters",NA,"Borbón, Mundo Novo, Typica",NA,NA,NA,NA,NA,NA,NA,NA,NA,NA,NA,NA,NA,NA,NA,NA,NA,NA,NA,NA,NA,NA,NA,NA,NA,NA,NA,NA,NA,NA,NA,NA,NA,NA,Lavado,NA,NA,NA,NA,NA,NA,NA,NA,NA,NA,NA,NA,NA,NA,NA,NA,NA,1653.5,NA,NA,NA,NA,NA,NA,NA,NA,NA,NA,NA,NA,NA,NA,NA,NA
Mexico,2018,NW,auction,NA,https://allianceforcoffeeexcellence.org/mexico-2018/,2,30,25,"La Envidia, Ciénega Grande, Ciénega Grande","Lauro Lorenzo Lopez, Abraham Patricio Lopez Espana",Santa María Yucuhiti,85.53,success,NA,NA,NA,$4.00/lb,"$6,613.88","Cafe DAZAC, Coffee Sallim Factory, Juk-dong Cafe D, Crema Costa, Beanstore, Eungubiro Roasters",NA,"Borbón, Mundo Novo, Typica",NA,NA,NA,NA,NA,NA,NA,NA,NA,NA,NA,NA,NA,NA,NA,NA,NA,NA,NA,NA,NA,NA,NA,NA,NA,NA,NA,NA,NA,NA,NA,NA,NA,NA,Lavado,NA,NA,NA,NA,NA,NA,NA,NA,NA,NA,NA,NA,NA,NA,NA,NA,NA,1653.5,NA,NA,NA,NA,NA,NA,NA,NA,NA,NA,NA,NA,NA,NA,NA,NA
Mexico,2018,NW,auction,NA,https://allianceforcoffeeexcellence.org/mexico-2018/,2,31,31,Teczin,Joaquin,Veracruz,85.43,success,NA,NA,NA,$4.00/lb,"$8,201.20","Cafe DAZAC, Coffee Sallim Factory, Juk-dong Cafe D, Crema Costa, Beanstore, Eungubiro Roasters",NA,"Borbón, Catimor, Costa Rica 95",NA,NA,NA,NA,NA,NA,NA,NA,NA,NA,NA,NA,NA,NA,NA,NA,NA,NA,NA,NA,NA,NA,NA,NA,NA,NA,NA,NA,NA,NA,NA,NA,NA,NA,Honey,NA,NA,NA,NA,NA,NA,NA,NA,NA,NA,NA,NA,NA,NA,NA,NA,NA,2050.3,NA,NA,NA,NA,NA,NA,NA,NA,NA,NA,NA,NA,NA,NA,NA,NA
Mexico,2018,NW,auction,NA,https://allianceforcoffeeexcellence.org/mexico-2018/,2,31,31,Teczin,Rodriguez Fernandez,Veracruz,85.43,success,NA,NA,NA,$4.00/lb,"$8,201.20","Cafe DAZAC, Coffee Sallim Factory, Juk-dong Cafe D, Crema Costa, Beanstore, Eungubiro Roasters",NA,"Borbón, Catimor, Costa Rica 95",NA,NA,NA,NA,NA,NA,NA,NA,NA,NA,NA,NA,NA,NA,NA,NA,NA,NA,NA,NA,NA,NA,NA,NA,NA,NA,NA,NA,NA,NA,NA,NA,NA,NA,Honey,NA,NA,NA,NA,NA,NA,NA,NA,NA,NA,NA,NA,NA,NA,NA,NA,NA,2050.3,NA,NA,NA,NA,NA,NA,NA,NA,NA,NA,NA,NA,NA,NA,NA,NA
Mexico,2019,NW,auction,NA,https://allianceforcoffeeexcellence.org/mexico-2019/,2,NW,NA,NA,NA,"ZIHUATANEJO DE AZUETA, GUERRERO",86.89,success,NA,NA,NA,$4.00/lb,"$7,936.56","cafe DAZAC, Eungubiro Roasters, Crema Costa",NA,NA,NA,900,LOS CIMIENTOS,ROMAN MENDOZA ODILON,"NATURAL, Borbón",NA,NA,NA,NA,NA,NA,NA,NA,NA,NA,NA,NA,NA,NA,NA,NA,NA,NA,NA,NA,NA,NA,NA,NA,NA,NA,NA,NA,NA,NA,NA,NA,NA,NA,NA,NA,NA,NA,NA,NA,NA,NA,NA,NA,NA,NA,NA,NA,NA,NA,NA,NA,NA,NA,NA,NA,NA,NA,NA,NA,NA,NA,NA,NA
Mexico,2019,NW,auction,NA,https://allianceforcoffeeexcellence.org/mexico-2019/,2,NW,NA,NA,NA,"ZIHUATEUTLA, PUEBLA",86.88,success,NA,NA,NA,,,,NA,NA,NA,480,LOS PINOS,JULIA ORTEGA CARBALLO,"WASHED, Oro Azteca",NA,NA,NA,NA,NA,NA,NA,NA,NA,NA,NA,NA,NA,NA,NA,NA,NA,NA,NA,NA,NA,NA,NA,NA,NA,NA,NA,NA,NA,NA,NA,NA,NA,NA,NA,NA,NA,NA,NA,NA,NA,NA,NA,NA,NA,NA,NA,NA,NA,NA,NA,NA,NA,NA,NA,NA,NA,NA,NA,NA,NA,NA,NA,NA
Mexico,2019,NW,auction,NA,https://allianceforcoffeeexcellence.org/mexico-2019/,2,NW,NA,NA,NA,"SANTIAGO NUYOÓ, OAXACA",86.8,success,NA,NA,NA,$4.00/lb,"$5,555.60","cafe DAZAC, Eungubiro Roasters, Crema Costa",NA,NA,NA,630,LOMU YU KUI YO -MAÑU-YUKU,MATIAS LOPEZ AYALA / SECUNDINO CARLOS LOPEZ AYALA,"WASHED, Borbón",NA,NA,NA,NA,NA,NA,NA,NA,NA,NA,NA,NA,NA,NA,NA,NA,NA,NA,NA,NA,NA,NA,NA,NA,NA,NA,NA,NA,NA,NA,NA,NA,NA,NA,NA,NA,NA,NA,NA,NA,NA,NA,NA,NA,NA,NA,NA,NA,NA,NA,NA,NA,NA,NA,NA,NA,NA,NA,NA,NA,NA,NA,NA,NA
Mexico,2019,NW,auction,NA,https://allianceforcoffeeexcellence.org/mexico-2019/,2,NW,NA,NA,NA,"SANTA MARÍA YUCUHITI, OAXACA",86.79,success,NA,NA,NA,$4.00/lb,"$4,444.48","cafe DAZAC, Eungubiro Roasters, Crema Costa",NA,NA,NA,504,GUAYABO -CIENEGA GRANDE-LA CUMBRE LOMA GRANDE,DEMETRIO PABLO LOPEZ LOPEZ / REGULO RAYMUNDO GARCIA /FRANCISCANO GUADALUPE GARCIA ORTIZ,"WASHED, Borbón",NA,NA,NA,NA,NA,NA,NA,NA,NA,NA,NA,NA,NA,NA,NA,NA,NA,NA,NA,NA,NA,NA,NA,NA,NA,NA,NA,NA,NA,NA,NA,NA,NA,NA,NA,NA,NA,NA,NA,NA,NA,NA,NA,NA,NA,NA,NA,NA,NA,NA,NA,NA,NA,NA,NA,NA,NA,NA,NA,NA,NA,NA,NA,NA
Mexico,2019,NW,auction,NA,https://allianceforcoffeeexcellence.org/mexico-2019/,2,NW,NA,NA,NA,"ATOYAC DE ÁLVAREZ, GUERRERO",86.75,success,NA,NA,NA,$4.10/lb,"$4,609.84","SHINN NAN WORLD TRADE CO., LTD. &



FULL SWEET COFFEE",NA,NA,NA,510,ARAUJO,DAVID ELISEO ARAUJO CASTRO,"NATURAL, Borbón",NA,NA,NA,NA,NA,NA,NA,NA,NA,NA,NA,NA,NA,NA,NA,NA,NA,NA,NA,NA,NA,NA,NA,NA,NA,NA,NA,NA,NA,NA,NA,NA,NA,NA,NA,NA,NA,NA,NA,NA,NA,NA,NA,NA,NA,NA,NA,NA,NA,NA,NA,NA,NA,NA,NA,NA,NA,NA,NA,NA,NA,NA,NA,NA
Mexico,2019,NW,auction,NA,https://allianceforcoffeeexcellence.org/mexico-2019/,2,NW,NA,NA,NA,"SANTA MARÍA YUCUHITI, OAXACA",86.73,success,NA,NA,NA,,,,NA,NA,NA,564,SANA-ITE – SANAITE,FELIX FAUSTINO GARCIA LOPEZ /ANGELA VIRGINIA GARCIA GARCIA,"WASHED, Borbón",NA,NA,NA,NA,NA,NA,NA,NA,NA,NA,NA,NA,NA,NA,NA,NA,NA,NA,NA,NA,NA,NA,NA,NA,NA,NA,NA,NA,NA,NA,NA,NA,NA,NA,NA,NA,NA,NA,NA,NA,NA,NA,NA,NA,NA,NA,NA,NA,NA,NA,NA,NA,NA,NA,NA,NA,NA,NA,NA,NA,NA,NA,NA,NA
Mexico,2019,NW,auction,NA,https://allianceforcoffeeexcellence.org/mexico-2019/,2,NW,NA,NA,NA,"TOTUTLA, VERACRUZ",86.18,success,NA,NA,NA,,,,NA,NA,NA,1260,Zacatlami,Liova Sandoval Córdoba,"WASHED, Caturra",NA,NA,NA,NA,NA,NA,NA,NA,NA,NA,NA,NA,NA,NA,NA,NA,NA,NA,NA,NA,NA,NA,NA,NA,NA,NA,NA,NA,NA,NA,NA,NA,NA,NA,NA,NA,NA,NA,NA,NA,NA,NA,NA,NA,NA,NA,NA,NA,NA,NA,NA,NA,NA,NA,NA,NA,NA,NA,NA,NA,NA,NA,NA,NA
Mexico,2019,NW,auction,NA,https://allianceforcoffeeexcellence.org/mexico-2019/,2,NW,NA,NA,NA,"ACAJETE, VERACRUZ",86.18,success,NA,NA,NA,,,,NA,NA,NA,1320,TEXIN,JOAQUIN RODRIGUEZ FERNANDEZ,"WASHED, Borbón",NA,NA,NA,NA,NA,NA,NA,NA,NA,NA,NA,NA,NA,NA,NA,NA,NA,NA,NA,NA,NA,NA,NA,NA,NA,NA,NA,NA,NA,NA,NA,NA,NA,NA,NA,NA,NA,NA,NA,NA,NA,NA,NA,NA,NA,NA,NA,NA,NA,NA,NA,NA,NA,NA,NA,NA,NA,NA,NA,NA,NA,NA,NA,NA
Mexico,2019,NW,auction,NA,https://allianceforcoffeeexcellence.org/mexico-2019/,2,NW,NA,NA,NA,"ILIATENCO, GUERRERO",86.11,success,NA,NA,NA,,,,NA,NA,NA,563,Llano Pajarito-Agua Fria,Julián Cantú Castro /Buenaventura Nicolás Cantú,"HONEY, Garnica",NA,NA,NA,NA,NA,NA,NA,NA,NA,NA,NA,NA,NA,NA,NA,NA,NA,NA,NA,NA,NA,NA,NA,NA,NA,NA,NA,NA,NA,NA,NA,NA,NA,NA,NA,NA,NA,NA,NA,NA,NA,NA,NA,NA,NA,NA,NA,NA,NA,NA,NA,NA,NA,NA,NA,NA,NA,NA,NA,NA,NA,NA,NA,NA
Mexico,2019,NW,auction,NA,https://allianceforcoffeeexcellence.org/mexico-2019/,2,NW,NA,NA,NA,"ZONGOZOTLA, PUEBLA",86.07,success,NA,NA,NA,,,,NA,NA,NA,300,TLAMKAPUXKGA,IRVIN GARCIA CANO,"WASHED, Borbón",NA,NA,NA,NA,NA,NA,NA,NA,NA,NA,NA,NA,NA,NA,NA,NA,NA,NA,NA,NA,NA,NA,NA,NA,NA,NA,NA,NA,NA,NA,NA,NA,NA,NA,NA,NA,NA,NA,NA,NA,NA,NA,NA,NA,NA,NA,NA,NA,NA,NA,NA,NA,NA,NA,NA,NA,NA,NA,NA,NA,NA,NA,NA,NA
Mexico,2019,NW,auction,NA,https://allianceforcoffeeexcellence.org/mexico-2019/,2,NW,NA,NA,NA,"HUITZILAN DE SERDÁN, PUEBLA",85.21,success,NA,NA,NA,,,,NA,NA,NA,330,Chepita,Amando Perez Rodriguez,"ANAEROBIC, Garnica",NA,NA,NA,NA,NA,NA,NA,NA,NA,NA,NA,NA,NA,NA,NA,NA,NA,NA,NA,NA,NA,NA,NA,NA,NA,NA,NA,NA,NA,NA,NA,NA,NA,NA,NA,NA,NA,NA,NA,NA,NA,NA,NA,NA,NA,NA,NA,NA,NA,NA,NA,NA,NA,NA,NA,NA,NA,NA,NA,NA,NA,NA,NA,NA
Mexico,2019,NW,auction,NA,https://allianceforcoffeeexcellence.org/mexico-2019/,2,NW,NA,NA,NA,,Totals:,success,NA,NA,NA,$4.02/lb,"$22,546.48",,NA,NA,NA,,,,,NA,NA,NA,NA,NA,NA,NA,NA,NA,NA,NA,NA,NA,NA,NA,NA,NA,NA,NA,NA,NA,NA,NA,NA,NA,NA,NA,NA,NA,NA,NA,NA,NA,NA,NA,NA,NA,NA,NA,NA,NA,NA,NA,NA,NA,NA,NA,NA,NA,NA,NA,NA,NA,NA,NA,NA,NA,NA,NA,NA,NA,NA,NA,NA
Mexico,2021,COE,auction,NA,https://allianceforcoffeeexcellence.org/mexico-2021/,2,1a,NA,NA,NA,NA,91.58,success,NA,NA,NA,$55.80,"$33,214.95",NA,NA,NA,NA,NA,Finca Santa Cruz,NA,NA,595.25,"Latorre & Dutch Coffee (China) for Fisher Coffee / Cut Hand Group（剁手咖啡群）/ Global Beans Co.,Ltd.",NA,NA,NA,NA,NA,NA,NA,NA,NA,NA,NA,NA,NA,NA,NA,NA,NA,NA,NA,NA,NA,NA,NA,NA,NA,NA,NA,NA,NA,NA,NA,NA,NA,NA,NA,NA,NA,NA,NA,NA,NA,NA,NA,NA,NA,NA,NA,NA,NA,NA,NA,NA,NA,NA,NA,NA,NA,NA,NA,NA,NA,NA
Mexico,2021,COE,auction,NA,https://allianceforcoffeeexcellence.org/mexico-2021/,2,1b,NA,NA,NA,NA,91.58,success,NA,NA,NA,$55.80,"$33,214.95",NA,NA,NA,NA,NA,Finca Santa Cruz,NA,NA,595.25,KALDI COFFEE FARM,NA,NA,NA,NA,NA,NA,NA,NA,NA,NA,NA,NA,NA,NA,NA,NA,NA,NA,NA,NA,NA,NA,NA,NA,NA,NA,NA,NA,NA,NA,NA,NA,NA,NA,NA,NA,NA,NA,NA,NA,NA,NA,NA,NA,NA,NA,NA,NA,NA,NA,NA,NA,NA,NA,NA,NA,NA,NA,NA,NA,NA,NA
Mexico,2021,COE,auction,NA,https://allianceforcoffeeexcellence.org/mexico-2021/,2,2a,NA,NA,NA,NA,90.25,success,NA,NA,NA,$18.90,"$13,750.13",NA,NA,NA,NA,NA,San Luis,NA,NA,727.52,Decameron coffee,NA,NA,NA,NA,NA,NA,NA,NA,NA,NA,NA,NA,NA,NA,NA,NA,NA,NA,NA,NA,NA,NA,NA,NA,NA,NA,NA,NA,NA,NA,NA,NA,NA,NA,NA,NA,NA,NA,NA,NA,NA,NA,NA,NA,NA,NA,NA,NA,NA,NA,NA,NA,NA,NA,NA,NA,NA,NA,NA,NA,NA,NA
Mexico,2021,COE,auction,NA,https://allianceforcoffeeexcellence.org/mexico-2021/,2,2b,NA,NA,NA,NA,90.25,success,NA,NA,NA,$19.00,"$12,566.41",NA,NA,NA,NA,NA,San Luis,NA,NA,661.39,Latorre & Dutch Coffee (China) for Fisher Coffee / 芦田家咖啡研习社 / 白鲸咖啡豆子店 /PENGUIN MARKET / 啟程拓殖 / 大响咖啡 / Title Coffee,NA,NA,NA,NA,NA,NA,NA,NA,NA,NA,NA,NA,NA,NA,NA,NA,NA,NA,NA,NA,NA,NA,NA,NA,NA,NA,NA,NA,NA,NA,NA,NA,NA,NA,NA,NA,NA,NA,NA,NA,NA,NA,NA,NA,NA,NA,NA,NA,NA,NA,NA,NA,NA,NA,NA,NA,NA,NA,NA,NA,NA,NA
Mexico,2021,COE,auction,NA,https://allianceforcoffeeexcellence.org/mexico-2021/,2,3a,NA,NA,NA,NA,90.19,success,NA,NA,NA,$42.10,"$8,353.48",NA,NA,NA,NA,NA,La Teja,NA,NA,198.42,Kyokuto Fadie Corporation,NA,NA,NA,NA,NA,NA,NA,NA,NA,NA,NA,NA,NA,NA,NA,NA,NA,NA,NA,NA,NA,NA,NA,NA,NA,NA,NA,NA,NA,NA,NA,NA,NA,NA,NA,NA,NA,NA,NA,NA,NA,NA,NA,NA,NA,NA,NA,NA,NA,NA,NA,NA,NA,NA,NA,NA,NA,NA,NA,NA,NA,NA
Mexico,2021,COE,auction,NA,https://allianceforcoffeeexcellence.org/mexico-2021/,2,3b,NA,NA,NA,NA,90.19,success,NA,NA,NA,$42.10,"$8,353.48",NA,NA,NA,NA,NA,La Teja,NA,NA,198.42,Wataru for Nozy Coffee,NA,NA,NA,NA,NA,NA,NA,NA,NA,NA,NA,NA,NA,NA,NA,NA,NA,NA,NA,NA,NA,NA,NA,NA,NA,NA,NA,NA,NA,NA,NA,NA,NA,NA,NA,NA,NA,NA,NA,NA,NA,NA,NA,NA,NA,NA,NA,NA,NA,NA,NA,NA,NA,NA,NA,NA,NA,NA,NA,NA,NA,NA
Mexico,2021,COE,auction,NA,https://allianceforcoffeeexcellence.org/mexico-2021/,2,4,NA,NA,NA,NA,90.13,success,NA,NA,NA,$40.20,"$18,345.67",NA,NA,NA,NA,NA,La Ilusión,NA,NA,456.36,ONYX COFFEE LAB,NA,NA,NA,NA,NA,NA,NA,NA,NA,NA,NA,NA,NA,NA,NA,NA,NA,NA,NA,NA,NA,NA,NA,NA,NA,NA,NA,NA,NA,NA,NA,NA,NA,NA,NA,NA,NA,NA,NA,NA,NA,NA,NA,NA,NA,NA,NA,NA,NA,NA,NA,NA,NA,NA,NA,NA,NA,NA,NA,NA,NA,NA
Mexico,2021,COE,auction,NA,https://allianceforcoffeeexcellence.org/mexico-2021/,2,5,NA,NA,NA,NA,89.53,success,NA,NA,NA,$26.10,"$13,809.77",NA,NA,NA,NA,NA,Brujufinca,NA,NA,529.11,Terarosa (Haksan Co. Ltd),NA,NA,NA,NA,NA,NA,NA,NA,NA,NA,NA,NA,NA,NA,NA,NA,NA,NA,NA,NA,NA,NA,NA,NA,NA,NA,NA,NA,NA,NA,NA,NA,NA,NA,NA,NA,NA,NA,NA,NA,NA,NA,NA,NA,NA,NA,NA,NA,NA,NA,NA,NA,NA,NA,NA,NA,NA,NA,NA,NA,NA,NA
Mexico,2021,COE,auction,NA,https://allianceforcoffeeexcellence.org/mexico-2021/,2,6,NA,NA,NA,NA,89.25,success,NA,NA,NA,$12.70,"$13,439.39",NA,NA,NA,NA,NA,Los Naranjos,NA,NA,1058.22,COFFEE COUNTY,NA,NA,NA,NA,NA,NA,NA,NA,NA,NA,NA,NA,NA,NA,NA,NA,NA,NA,NA,NA,NA,NA,NA,NA,NA,NA,NA,NA,NA,NA,NA,NA,NA,NA,NA,NA,NA,NA,NA,NA,NA,NA,NA,NA,NA,NA,NA,NA,NA,NA,NA,NA,NA,NA,NA,NA,NA,NA,NA,NA,NA,NA
Mexico,2021,COE,auction,NA,https://allianceforcoffeeexcellence.org/mexico-2021/,2,7,NA,NA,NA,NA,88.22,success,NA,NA,NA,$14.20,"$8,452.55",NA,NA,NA,NA,NA,Las Barrancas,NA,NA,595.25,Terarosa (Haksan Co. Ltd),NA,NA,NA,NA,NA,NA,NA,NA,NA,NA,NA,NA,NA,NA,NA,NA,NA,NA,NA,NA,NA,NA,NA,NA,NA,NA,NA,NA,NA,NA,NA,NA,NA,NA,NA,NA,NA,NA,NA,NA,NA,NA,NA,NA,NA,NA,NA,NA,NA,NA,NA,NA,NA,NA,NA,NA,NA,NA,NA,NA,NA,NA
Mexico,2021,COE,auction,NA,https://allianceforcoffeeexcellence.org/mexico-2021/,2,8,NA,NA,NA,NA,88.22,success,NA,NA,NA,$15.50,"$5,125.70",NA,NA,NA,NA,NA,Finca El Estribo,NA,NA,330.69,DABOV Specialty Coffee & Mókuska Caffè,NA,NA,NA,NA,NA,NA,NA,NA,NA,NA,NA,NA,NA,NA,NA,NA,NA,NA,NA,NA,NA,NA,NA,NA,NA,NA,NA,NA,NA,NA,NA,NA,NA,NA,NA,NA,NA,NA,NA,NA,NA,NA,NA,NA,NA,NA,NA,NA,NA,NA,NA,NA,NA,NA,NA,NA,NA,NA,NA,NA,NA,NA
Mexico,2021,COE,auction,NA,https://allianceforcoffeeexcellence.org/mexico-2021/,2,9,NA,NA,NA,NA,88.19,success,NA,NA,NA,$15.00,"$8,928.75",NA,NA,NA,NA,NA,Ejecayan,NA,NA,595.25,Campos Coffee,NA,NA,NA,NA,NA,NA,NA,NA,NA,NA,NA,NA,NA,NA,NA,NA,NA,NA,NA,NA,NA,NA,NA,NA,NA,NA,NA,NA,NA,NA,NA,NA,NA,NA,NA,NA,NA,NA,NA,NA,NA,NA,NA,NA,NA,NA,NA,NA,NA,NA,NA,NA,NA,NA,NA,NA,NA,NA,NA,NA,NA,NA
Mexico,2021,COE,auction,NA,https://allianceforcoffeeexcellence.org/mexico-2021/,2,10,NA,NA,NA,NA,88.14,success,NA,NA,NA,$11.20,"$13,185.42",NA,NA,NA,NA,NA,Los Cimientos,NA,NA,1177.27,"Bokkum & GIL coffee Roasters, MARISSTELLA COFFEE, KEVIN COFFEE ROASTERS, The good-day",NA,NA,NA,NA,NA,NA,NA,NA,NA,NA,NA,NA,NA,NA,NA,NA,NA,NA,NA,NA,NA,NA,NA,NA,NA,NA,NA,NA,NA,NA,NA,NA,NA,NA,NA,NA,NA,NA,NA,NA,NA,NA,NA,NA,NA,NA,NA,NA,NA,NA,NA,NA,NA,NA,NA,NA,NA,NA,NA,NA,NA,NA
Mexico,2021,COE,auction,NA,https://allianceforcoffeeexcellence.org/mexico-2021/,2,11,NA,NA,NA,NA,88.14,success,NA,NA,NA,$11.70,"$8,486.24",NA,NA,NA,NA,NA,Ocoteno,NA,NA,725.32,"Wataru & Co., Ltd.",NA,NA,NA,NA,NA,NA,NA,NA,NA,NA,NA,NA,NA,NA,NA,NA,NA,NA,NA,NA,NA,NA,NA,NA,NA,NA,NA,NA,NA,NA,NA,NA,NA,NA,NA,NA,NA,NA,NA,NA,NA,NA,NA,NA,NA,NA,NA,NA,NA,NA,NA,NA,NA,NA,NA,NA,NA,NA,NA,NA,NA,NA
Mexico,2021,COE,auction,NA,https://allianceforcoffeeexcellence.org/mexico-2021/,2,12,NA,NA,NA,NA,88.11,success,NA,NA,NA,$20.10,"$9,305.70",NA,NA,NA,NA,NA,Cafetal El Equimite,NA,NA,462.97,"Coffee Me Up (Korea), ST.BERRY COFFEE, Cuppingpost, Coffee Therapy (Thailand)",NA,NA,NA,NA,NA,NA,NA,NA,NA,NA,NA,NA,NA,NA,NA,NA,NA,NA,NA,NA,NA,NA,NA,NA,NA,NA,NA,NA,NA,NA,NA,NA,NA,NA,NA,NA,NA,NA,NA,NA,NA,NA,NA,NA,NA,NA,NA,NA,NA,NA,NA,NA,NA,NA,NA,NA,NA,NA,NA,NA,NA,NA
Mexico,2021,COE,auction,NA,https://allianceforcoffeeexcellence.org/mexico-2021/,2,13,NA,NA,NA,NA,88.03,success,NA,NA,NA,$9.10,"$14,444.70",NA,NA,NA,NA,NA,Los Aguacates,NA,NA,1587.33,Kyokuto Fadie Corporation,NA,NA,NA,NA,NA,NA,NA,NA,NA,NA,NA,NA,NA,NA,NA,NA,NA,NA,NA,NA,NA,NA,NA,NA,NA,NA,NA,NA,NA,NA,NA,NA,NA,NA,NA,NA,NA,NA,NA,NA,NA,NA,NA,NA,NA,NA,NA,NA,NA,NA,NA,NA,NA,NA,NA,NA,NA,NA,NA,NA,NA,NA
Mexico,2021,COE,auction,NA,https://allianceforcoffeeexcellence.org/mexico-2021/,2,14,NA,NA,NA,NA,88.03,success,NA,NA,NA,$10.10,"$11,355.94",NA,NA,NA,NA,NA,El Pino,NA,NA,1124.35,Mercanta Ltd,NA,NA,NA,NA,NA,NA,NA,NA,NA,NA,NA,NA,NA,NA,NA,NA,NA,NA,NA,NA,NA,NA,NA,NA,NA,NA,NA,NA,NA,NA,NA,NA,NA,NA,NA,NA,NA,NA,NA,NA,NA,NA,NA,NA,NA,NA,NA,NA,NA,NA,NA,NA,NA,NA,NA,NA,NA,NA,NA,NA,NA,NA
Mexico,2021,COE,auction,NA,https://allianceforcoffeeexcellence.org/mexico-2021/,2,15,NA,NA,NA,NA,87.97,success,NA,NA,NA,$10.70,"$6,369.18",NA,NA,NA,NA,NA,Finca Los Pinos,NA,NA,595.25,Groundwork Coffee & Noble Coffee,NA,NA,NA,NA,NA,NA,NA,NA,NA,NA,NA,NA,NA,NA,NA,NA,NA,NA,NA,NA,NA,NA,NA,NA,NA,NA,NA,NA,NA,NA,NA,NA,NA,NA,NA,NA,NA,NA,NA,NA,NA,NA,NA,NA,NA,NA,NA,NA,NA,NA,NA,NA,NA,NA,NA,NA,NA,NA,NA,NA,NA,NA
Mexico,2021,COE,auction,NA,https://allianceforcoffeeexcellence.org/mexico-2021/,2,16,NA,NA,NA,NA,87.97,success,NA,NA,NA,$9.90,"$9,821.59",NA,NA,NA,NA,NA,Finca Huehuetecpan,NA,NA,992.08,Kaffebrenneriet As,NA,NA,NA,NA,NA,NA,NA,NA,NA,NA,NA,NA,NA,NA,NA,NA,NA,NA,NA,NA,NA,NA,NA,NA,NA,NA,NA,NA,NA,NA,NA,NA,NA,NA,NA,NA,NA,NA,NA,NA,NA,NA,NA,NA,NA,NA,NA,NA,NA,NA,NA,NA,NA,NA,NA,NA,NA,NA,NA,NA,NA,NA
Mexico,2021,COE,auction,NA,https://allianceforcoffeeexcellence.org/mexico-2021/,2,17,NA,NA,NA,NA,87.89,success,NA,NA,NA,$15.10,"$5,992.13",NA,NA,NA,NA,NA,Palma,NA,NA,396.83,"Al Cafeci, S.A. de C.V. (Calufe – Hermann Thomas)",NA,NA,NA,NA,NA,NA,NA,NA,NA,NA,NA,NA,NA,NA,NA,NA,NA,NA,NA,NA,NA,NA,NA,NA,NA,NA,NA,NA,NA,NA,NA,NA,NA,NA,NA,NA,NA,NA,NA,NA,NA,NA,NA,NA,NA,NA,NA,NA,NA,NA,NA,NA,NA,NA,NA,NA,NA,NA,NA,NA,NA,NA
Mexico,2021,COE,auction,NA,https://allianceforcoffeeexcellence.org/mexico-2021/,2,18,NA,NA,NA,NA,87.64,success,NA,NA,NA,$19.30,"$20,423.65",NA,NA,NA,NA,NA,Jade,NA,NA,1058.22,Sulalat Coffee Trading,NA,NA,NA,NA,NA,NA,NA,NA,NA,NA,NA,NA,NA,NA,NA,NA,NA,NA,NA,NA,NA,NA,NA,NA,NA,NA,NA,NA,NA,NA,NA,NA,NA,NA,NA,NA,NA,NA,NA,NA,NA,NA,NA,NA,NA,NA,NA,NA,NA,NA,NA,NA,NA,NA,NA,NA,NA,NA,NA,NA,NA,NA
Mexico,2021,COE,auction,NA,https://allianceforcoffeeexcellence.org/mexico-2021/,2,19,NA,NA,NA,NA,87.58,success,NA,NA,NA,$8.10,"$4,285.79",NA,NA,NA,NA,NA,San Miguel,NA,NA,529.11,List + Beisler GmbH,NA,NA,NA,NA,NA,NA,NA,NA,NA,NA,NA,NA,NA,NA,NA,NA,NA,NA,NA,NA,NA,NA,NA,NA,NA,NA,NA,NA,NA,NA,NA,NA,NA,NA,NA,NA,NA,NA,NA,NA,NA,NA,NA,NA,NA,NA,NA,NA,NA,NA,NA,NA,NA,NA,NA,NA,NA,NA,NA,NA,NA,NA
Mexico,2021,COE,auction,NA,https://allianceforcoffeeexcellence.org/mexico-2021/,2,20,NA,NA,NA,NA,87.47,success,NA,NA,NA,$10.00,"$9,259.40",NA,NA,NA,NA,NA,Finca El Bordo,NA,NA,925.94,TAKAMURA COFFEE ROASTERS,NA,NA,NA,NA,NA,NA,NA,NA,NA,NA,NA,NA,NA,NA,NA,NA,NA,NA,NA,NA,NA,NA,NA,NA,NA,NA,NA,NA,NA,NA,NA,NA,NA,NA,NA,NA,NA,NA,NA,NA,NA,NA,NA,NA,NA,NA,NA,NA,NA,NA,NA,NA,NA,NA,NA,NA,NA,NA,NA,NA,NA,NA
Mexico,2021,COE,auction,NA,https://allianceforcoffeeexcellence.org/mexico-2021/,2,21,NA,NA,NA,NA,87.44,success,NA,NA,NA,$9.40,"$4,351.92",NA,NA,NA,NA,NA,Cañada Fria,NA,NA,462.97,Demitasse,NA,NA,NA,NA,NA,NA,NA,NA,NA,NA,NA,NA,NA,NA,NA,NA,NA,NA,NA,NA,NA,NA,NA,NA,NA,NA,NA,NA,NA,NA,NA,NA,NA,NA,NA,NA,NA,NA,NA,NA,NA,NA,NA,NA,NA,NA,NA,NA,NA,NA,NA,NA,NA,NA,NA,NA,NA,NA,NA,NA,NA,NA
Mexico,2021,COE,auction,NA,https://allianceforcoffeeexcellence.org/mexico-2021/,2,22,NA,NA,NA,NA,87.42,success,NA,NA,NA,$9.00,"$4,166.73",NA,NA,NA,NA,NA,Zacatlami,NA,NA,462.97,"Wataru & Co., Ltd.",NA,NA,NA,NA,NA,NA,NA,NA,NA,NA,NA,NA,NA,NA,NA,NA,NA,NA,NA,NA,NA,NA,NA,NA,NA,NA,NA,NA,NA,NA,NA,NA,NA,NA,NA,NA,NA,NA,NA,NA,NA,NA,NA,NA,NA,NA,NA,NA,NA,NA,NA,NA,NA,NA,NA,NA,NA,NA,NA,NA,NA,NA
Mexico,2021,COE,auction,NA,https://allianceforcoffeeexcellence.org/mexico-2021/,2,23,NA,NA,NA,NA,87.42,success,NA,NA,NA,$12.80,"$6,772.61",NA,NA,NA,NA,NA,Finca Sinai,NA,NA,529.11,KALDI COFFEE FARM,NA,NA,NA,NA,NA,NA,NA,NA,NA,NA,NA,NA,NA,NA,NA,NA,NA,NA,NA,NA,NA,NA,NA,NA,NA,NA,NA,NA,NA,NA,NA,NA,NA,NA,NA,NA,NA,NA,NA,NA,NA,NA,NA,NA,NA,NA,NA,NA,NA,NA,NA,NA,NA,NA,NA,NA,NA,NA,NA,NA,NA,NA
Mexico,2021,COE,auction,NA,https://allianceforcoffeeexcellence.org/mexico-2021/,2,24,NA,NA,NA,NA,87.28,success,NA,NA,NA,$9.10,"$5,316.40",NA,NA,NA,NA,NA,Corahe,NA,NA,584.22,19grams / Tres Cabezas,NA,NA,NA,NA,NA,NA,NA,NA,NA,NA,NA,NA,NA,NA,NA,NA,NA,NA,NA,NA,NA,NA,NA,NA,NA,NA,NA,NA,NA,NA,NA,NA,NA,NA,NA,NA,NA,NA,NA,NA,NA,NA,NA,NA,NA,NA,NA,NA,NA,NA,NA,NA,NA,NA,NA,NA,NA,NA,NA,NA,NA,NA
Mexico,2021,COE,auction,NA,https://allianceforcoffeeexcellence.org/mexico-2021/,2,25,NA,NA,NA,NA,87.28,success,NA,NA,NA,$15.40,"$12,222.36",NA,NA,NA,NA,NA,Finca Don Rafa,NA,NA,793.66,Thood Qahwa LTD Co,NA,NA,NA,NA,NA,NA,NA,NA,NA,NA,NA,NA,NA,NA,NA,NA,NA,NA,NA,NA,NA,NA,NA,NA,NA,NA,NA,NA,NA,NA,NA,NA,NA,NA,NA,NA,NA,NA,NA,NA,NA,NA,NA,NA,NA,NA,NA,NA,NA,NA,NA,NA,NA,NA,NA,NA,NA,NA,NA,NA,NA,NA
Mexico,2021,COE,auction,NA,https://allianceforcoffeeexcellence.org/mexico-2021/,2,26,NA,NA,NA,NA,87.22,success,NA,NA,NA,$7.70,"$15,278.03",NA,NA,NA,NA,NA,Rancho Vista Hermosa,NA,NA,1984.16,"Wataru & Co., Ltd.",NA,NA,NA,NA,NA,NA,NA,NA,NA,NA,NA,NA,NA,NA,NA,NA,NA,NA,NA,NA,NA,NA,NA,NA,NA,NA,NA,NA,NA,NA,NA,NA,NA,NA,NA,NA,NA,NA,NA,NA,NA,NA,NA,NA,NA,NA,NA,NA,NA,NA,NA,NA,NA,NA,NA,NA,NA,NA,NA,NA,NA,NA
Mexico,2021,COE,auction,NA,https://allianceforcoffeeexcellence.org/mexico-2021/,2,27,NA,NA,NA,NA,87.19,success,NA,NA,NA,$8.50,"$6,671.14",NA,NA,NA,NA,NA,Temimilzintan,NA,NA,784.84,M.I.COFFEE CORPORATION,NA,NA,NA,NA,NA,NA,NA,NA,NA,NA,NA,NA,NA,NA,NA,NA,NA,NA,NA,NA,NA,NA,NA,NA,NA,NA,NA,NA,NA,NA,NA,NA,NA,NA,NA,NA,NA,NA,NA,NA,NA,NA,NA,NA,NA,NA,NA,NA,NA,NA,NA,NA,NA,NA,NA,NA,NA,NA,NA,NA,NA,NA
Mexico,2021,COE,auction,NA,https://allianceforcoffeeexcellence.org/mexico-2021/,2,28,NA,NA,NA,NA,87.17,success,NA,NA,NA,$8.30,"$18,115.33",NA,NA,NA,NA,NA,Finca Huehuetepan,NA,NA,2182.57,"Wataru & Co., Ltd.",NA,NA,NA,NA,NA,NA,NA,NA,NA,NA,NA,NA,NA,NA,NA,NA,NA,NA,NA,NA,NA,NA,NA,NA,NA,NA,NA,NA,NA,NA,NA,NA,NA,NA,NA,NA,NA,NA,NA,NA,NA,NA,NA,NA,NA,NA,NA,NA,NA,NA,NA,NA,NA,NA,NA,NA,NA,NA,NA,NA,NA,NA
Mexico,2021,COE,auction,NA,https://allianceforcoffeeexcellence.org/mexico-2021/,2,29,NA,NA,NA,NA,87.17,success,NA,NA,NA,$7.80,"$2,992.08",NA,NA,NA,NA,NA,Finca Fatima: La Cruz,NA,NA,383.6,"Coffee Me Up (Korea), Cuppingpost, Coffee Therapy (Thailand), 331Roasters, L’OISEAU",NA,NA,NA,NA,NA,NA,NA,NA,NA,NA,NA,NA,NA,NA,NA,NA,NA,NA,NA,NA,NA,NA,NA,NA,NA,NA,NA,NA,NA,NA,NA,NA,NA,NA,NA,NA,NA,NA,NA,NA,NA,NA,NA,NA,NA,NA,NA,NA,NA,NA,NA,NA,NA,NA,NA,NA,NA,NA,NA,NA,NA,NA
Mexico,2021,COE,auction,NA,https://allianceforcoffeeexcellence.org/mexico-2021/,2,30,NA,NA,NA,NA,87.14,success,NA,NA,NA,$7.50,"$17,361.38",NA,NA,NA,NA,NA,Finca Pocitos,NA,NA,2314.85,Honu Kato Coffee Inc.,NA,NA,NA,NA,NA,NA,NA,NA,NA,NA,NA,NA,NA,NA,NA,NA,NA,NA,NA,NA,NA,NA,NA,NA,NA,NA,NA,NA,NA,NA,NA,NA,NA,NA,NA,NA,NA,NA,NA,NA,NA,NA,NA,NA,NA,NA,NA,NA,NA,NA,NA,NA,NA,NA,NA,NA,NA,NA,NA,NA,NA,NA
Mexico,2021,COE,auction,NA,https://allianceforcoffeeexcellence.org/mexico-2021/,2,Totals:,NA,NA,NA,NA,,success,NA,NA,NA,$14.43/lb,"$383,732.95",NA,NA,NA,NA,NA,,NA,NA,"26,598.75",,NA,NA,NA,NA,NA,NA,NA,NA,NA,NA,NA,NA,NA,NA,NA,NA,NA,NA,NA,NA,NA,NA,NA,NA,NA,NA,NA,NA,NA,NA,NA,NA,NA,NA,NA,NA,NA,NA,NA,NA,NA,NA,NA,NA,NA,NA,NA,NA,NA,NA,NA,NA,NA,NA,NA,NA,NA,NA,NA,NA,NA,NA
Mexico,2021,NW,auction,NA,https://allianceforcoffeeexcellence.org/mexico-2021/,4,NW,NA,NA,NA,NA,87.06,success,NA,NA,NA,$4.00,"$5,555.64",Nagahama Coffee Inc.,NA,NA,NA,NA,Finca Consuelo,NA,NA,"1,388.91",NA,NA,NA,NA,NA,NA,NA,NA,NA,NA,NA,NA,NA,NA,NA,NA,NA,NA,NA,NA,NA,NA,NA,NA,NA,NA,NA,NA,NA,NA,NA,NA,NA,NA,NA,NA,NA,NA,NA,NA,NA,NA,NA,NA,NA,NA,NA,NA,NA,NA,NA,NA,NA,NA,NA,NA,NA,NA,NA,NA,NA,NA,NA
Mexico,2021,NW,auction,NA,https://allianceforcoffeeexcellence.org/mexico-2021/,4,NW,NA,NA,NA,NA,87.03,success,NA,NA,NA,$4.00,"$1,851.88","cafe DAZAC, Eungubiro Roasters, Crema Costa",NA,NA,NA,NA,Cerro De Chiltepec,NA,NA,462.97,NA,NA,NA,NA,NA,NA,NA,NA,NA,NA,NA,NA,NA,NA,NA,NA,NA,NA,NA,NA,NA,NA,NA,NA,NA,NA,NA,NA,NA,NA,NA,NA,NA,NA,NA,NA,NA,NA,NA,NA,NA,NA,NA,NA,NA,NA,NA,NA,NA,NA,NA,NA,NA,NA,NA,NA,NA,NA,NA,NA,NA,NA,NA
Mexico,2021,NW,auction,NA,https://allianceforcoffeeexcellence.org/mexico-2021/,4,NW,NA,NA,NA,NA,86.92,success,NA,NA,NA,$4.10,"$3,461.92",MARISSTELLA COFFEE,NA,NA,NA,NA,Finca La Esperanza,NA,NA,844.37,NA,NA,NA,NA,NA,NA,NA,NA,NA,NA,NA,NA,NA,NA,NA,NA,NA,NA,NA,NA,NA,NA,NA,NA,NA,NA,NA,NA,NA,NA,NA,NA,NA,NA,NA,NA,NA,NA,NA,NA,NA,NA,NA,NA,NA,NA,NA,NA,NA,NA,NA,NA,NA,NA,NA,NA,NA,NA,NA,NA,NA,NA,NA
Mexico,2021,NW,auction,NA,https://allianceforcoffeeexcellence.org/mexico-2021/,4,NW,NA,NA,NA,NA,86.81,success,NA,NA,NA,$4.00,"$3,174.64","cafe DAZAC, Eungubiro Roasters, Crema Costa",NA,NA,NA,NA,La Estancia,NA,NA,793.66,NA,NA,NA,NA,NA,NA,NA,NA,NA,NA,NA,NA,NA,NA,NA,NA,NA,NA,NA,NA,NA,NA,NA,NA,NA,NA,NA,NA,NA,NA,NA,NA,NA,NA,NA,NA,NA,NA,NA,NA,NA,NA,NA,NA,NA,NA,NA,NA,NA,NA,NA,NA,NA,NA,NA,NA,NA,NA,NA,NA,NA,NA,NA
Mexico,2021,NW,auction,NA,https://allianceforcoffeeexcellence.org/mexico-2021/,4,NW,NA,NA,NA,NA,86.67,success,NA,NA,NA,$4.00,"$3,174.64",Nagahama Coffee Inc.,NA,NA,NA,NA,La Berenjena,NA,NA,793.66,NA,NA,NA,NA,NA,NA,NA,NA,NA,NA,NA,NA,NA,NA,NA,NA,NA,NA,NA,NA,NA,NA,NA,NA,NA,NA,NA,NA,NA,NA,NA,NA,NA,NA,NA,NA,NA,NA,NA,NA,NA,NA,NA,NA,NA,NA,NA,NA,NA,NA,NA,NA,NA,NA,NA,NA,NA,NA,NA,NA,NA,NA,NA
Mexico,2021,NW,auction,NA,https://allianceforcoffeeexcellence.org/mexico-2021/,4,NW,NA,NA,NA,NA,86.64,success,NA,NA,NA,$4.20,"$1,944.47",Doce Doce café -Soluciones Pentagram S.A. de C.V / Café Ariles / El Terrible Juan café / Valle Flores barra de café / Abraham Vazquez Alducin,NA,NA,NA,NA,Finca Kitos,NA,NA,462.97,NA,NA,NA,NA,NA,NA,NA,NA,NA,NA,NA,NA,NA,NA,NA,NA,NA,NA,NA,NA,NA,NA,NA,NA,NA,NA,NA,NA,NA,NA,NA,NA,NA,NA,NA,NA,NA,NA,NA,NA,NA,NA,NA,NA,NA,NA,NA,NA,NA,NA,NA,NA,NA,NA,NA,NA,NA,NA,NA,NA,NA,NA,NA
Mexico,2021,NW,auction,NA,https://allianceforcoffeeexcellence.org/mexico-2021/,4,NW,NA,NA,NA,NA,86.47,success,NA,NA,NA,$4.10,"$5,965.71",Bokkum & GIL coffee Roasters,NA,NA,NA,NA,El Mirador,NA,NA,"1,455.05",NA,NA,NA,NA,NA,NA,NA,NA,NA,NA,NA,NA,NA,NA,NA,NA,NA,NA,NA,NA,NA,NA,NA,NA,NA,NA,NA,NA,NA,NA,NA,NA,NA,NA,NA,NA,NA,NA,NA,NA,NA,NA,NA,NA,NA,NA,NA,NA,NA,NA,NA,NA,NA,NA,NA,NA,NA,NA,NA,NA,NA,NA,NA
Mexico,2021,NW,auction,NA,https://allianceforcoffeeexcellence.org/mexico-2021/,4,NW,NA,NA,NA,NA,Totals:,success,NA,NA,NA,$4.05,"$25,128.90",,NA,NA,NA,NA,,NA,NA,"6,201.59",NA,NA,NA,NA,NA,NA,NA,NA,NA,NA,NA,NA,NA,NA,NA,NA,NA,NA,NA,NA,NA,NA,NA,NA,NA,NA,NA,NA,NA,NA,NA,NA,NA,NA,NA,NA,NA,NA,NA,NA,NA,NA,NA,NA,NA,NA,NA,NA,NA,NA,NA,NA,NA,NA,NA,NA,NA,NA,NA,NA,NA,NA,NA
Mexico,2022,COE,auction,NA,https://allianceforcoffeeexcellence.org/mexico-2022/,2,1a,NA,NA,NA,NA,93,success,NA,NA,NA,$92.00,"$30,423.48",NA,NA,NA,NA,NA,Finca Santa Cruz,NA,NA,330.69,"Fisher coffee 啡舍 /青岛李想珈 /东方国际商业（集团）有限公司/CoffeeBuff/SHANGHAI CARMO TRADING CO. ,LTD(珈露梦咖啡) / trunk coffee / T.O精品咖啡 / Low-profile International Green Bean Trade Bargaining Association / +trunk coffee",NA,NA,NA,NA,NA,NA,NA,NA,NA,NA,NA,NA,NA,NA,NA,NA,NA,NA,NA,NA,NA,NA,NA,NA,NA,NA,NA,NA,NA,NA,NA,NA,NA,NA,NA,NA,NA,NA,NA,NA,NA,NA,NA,NA,NA,NA,NA,NA,NA,NA,NA,NA,NA,NA,NA,NA,NA,NA,NA,NA,NA,NA
Mexico,2022,COE,auction,NA,https://allianceforcoffeeexcellence.org/mexico-2022/,2,1b,NA,NA,NA,NA,93,success,NA,NA,NA,$90.10,"$23,835.96",NA,NA,NA,NA,NA,Finca Santa Cruz,NA,NA,264.55,"ACCIO BEANS COFFEE, Cut Hand Group (剁手咖啡群) & Encore Coffee（云南谙客咖啡), Kinglo Coffee (轻乐咖), mute roaster (macau), 田珈琲",NA,NA,NA,NA,NA,NA,NA,NA,NA,NA,NA,NA,NA,NA,NA,NA,NA,NA,NA,NA,NA,NA,NA,NA,NA,NA,NA,NA,NA,NA,NA,NA,NA,NA,NA,NA,NA,NA,NA,NA,NA,NA,NA,NA,NA,NA,NA,NA,NA,NA,NA,NA,NA,NA,NA,NA,NA,NA,NA,NA,NA,NA
Mexico,2022,COE,auction,NA,https://allianceforcoffeeexcellence.org/mexico-2022/,2,2a,NA,NA,NA,NA,91.4,success,NA,NA,NA,$60.30,"$15,952.37",NA,NA,NA,NA,NA,Finca el Izote,NA,NA,264.55,Boqueron Coffee 火萨 for M1咖啡奇幻工场 M1 Coffee Dream Factory,NA,NA,NA,NA,NA,NA,NA,NA,NA,NA,NA,NA,NA,NA,NA,NA,NA,NA,NA,NA,NA,NA,NA,NA,NA,NA,NA,NA,NA,NA,NA,NA,NA,NA,NA,NA,NA,NA,NA,NA,NA,NA,NA,NA,NA,NA,NA,NA,NA,NA,NA,NA,NA,NA,NA,NA,NA,NA,NA,NA,NA,NA
Mexico,2022,COE,auction,NA,https://allianceforcoffeeexcellence.org/mexico-2022/,2,2b,NA,NA,NA,NA,91.4,success,NA,NA,NA,$60.60,"$16,031.73",NA,NA,NA,NA,NA,Finca el Izote,NA,NA,264.55,ONYX COFFEE LAB,NA,NA,NA,NA,NA,NA,NA,NA,NA,NA,NA,NA,NA,NA,NA,NA,NA,NA,NA,NA,NA,NA,NA,NA,NA,NA,NA,NA,NA,NA,NA,NA,NA,NA,NA,NA,NA,NA,NA,NA,NA,NA,NA,NA,NA,NA,NA,NA,NA,NA,NA,NA,NA,NA,NA,NA,NA,NA,NA,NA,NA,NA
Mexico,2022,COE,auction,NA,https://allianceforcoffeeexcellence.org/mexico-2022/,2,3a,NA,NA,NA,NA,91.37,success,NA,NA,NA,$43.20,"$11,428.56",NA,NA,NA,NA,NA,El Rio,NA,NA,264.55,Orsir Coffee,NA,NA,NA,NA,NA,NA,NA,NA,NA,NA,NA,NA,NA,NA,NA,NA,NA,NA,NA,NA,NA,NA,NA,NA,NA,NA,NA,NA,NA,NA,NA,NA,NA,NA,NA,NA,NA,NA,NA,NA,NA,NA,NA,NA,NA,NA,NA,NA,NA,NA,NA,NA,NA,NA,NA,NA,NA,NA,NA,NA,NA,NA
Mexico,2022,COE,auction,NA,https://allianceforcoffeeexcellence.org/mexico-2022/,2,3b,NA,NA,NA,NA,91.37,success,NA,NA,NA,$43.20,"$11,428.56",NA,NA,NA,NA,NA,El Rio,NA,NA,264.55,GONGGAM,NA,NA,NA,NA,NA,NA,NA,NA,NA,NA,NA,NA,NA,NA,NA,NA,NA,NA,NA,NA,NA,NA,NA,NA,NA,NA,NA,NA,NA,NA,NA,NA,NA,NA,NA,NA,NA,NA,NA,NA,NA,NA,NA,NA,NA,NA,NA,NA,NA,NA,NA,NA,NA,NA,NA,NA,NA,NA,NA,NA,NA,NA
Mexico,2022,COE,auction,NA,https://allianceforcoffeeexcellence.org/mexico-2022/,2,4,NA,NA,NA,NA,91.13,success,NA,NA,NA,$40.70,"$91,522.50",NA,NA,NA,NA,NA,Geisha,NA,NA,2248.71,意可坊咖啡 for 啟程拓殖 TerraformCoffee/ Fisher Coffee/ Gee Coffee/ 有容乃大 SmallArmsBigHeart/ 芦田家中岛英男/ Taster’s Coffee/ 丢丢小忙/ 咖乐乐KOLAKOLA COFFEE,NA,NA,NA,NA,NA,NA,NA,NA,NA,NA,NA,NA,NA,NA,NA,NA,NA,NA,NA,NA,NA,NA,NA,NA,NA,NA,NA,NA,NA,NA,NA,NA,NA,NA,NA,NA,NA,NA,NA,NA,NA,NA,NA,NA,NA,NA,NA,NA,NA,NA,NA,NA,NA,NA,NA,NA,NA,NA,NA,NA,NA,NA
Mexico,2022,COE,auction,NA,https://allianceforcoffeeexcellence.org/mexico-2022/,2,5,NA,NA,NA,NA,90.37,success,NA,NA,NA,$24.10,"$25,503.10",NA,NA,NA,NA,NA,Finca Sinai,NA,NA,1058.22,Kyokuto Fadie Corporation,NA,NA,NA,NA,NA,NA,NA,NA,NA,NA,NA,NA,NA,NA,NA,NA,NA,NA,NA,NA,NA,NA,NA,NA,NA,NA,NA,NA,NA,NA,NA,NA,NA,NA,NA,NA,NA,NA,NA,NA,NA,NA,NA,NA,NA,NA,NA,NA,NA,NA,NA,NA,NA,NA,NA,NA,NA,NA,NA,NA,NA,NA
Mexico,2022,COE,auction,NA,https://allianceforcoffeeexcellence.org/mexico-2022/,2,6,NA,NA,NA,NA,89.63,success,NA,NA,NA,$27.10,"$12,546.49",NA,NA,NA,NA,NA,Finca Huehuetepan,NA,NA,462.97,Decameron coffee,NA,NA,NA,NA,NA,NA,NA,NA,NA,NA,NA,NA,NA,NA,NA,NA,NA,NA,NA,NA,NA,NA,NA,NA,NA,NA,NA,NA,NA,NA,NA,NA,NA,NA,NA,NA,NA,NA,NA,NA,NA,NA,NA,NA,NA,NA,NA,NA,NA,NA,NA,NA,NA,NA,NA,NA,NA,NA,NA,NA,NA,NA
Mexico,2022,COE,auction,NA,https://allianceforcoffeeexcellence.org/mexico-2022/,2,7,NA,NA,NA,NA,89.53,success,NA,NA,NA,$30.20,"$17,976.55",NA,NA,NA,NA,NA,Cafetal el Equimite,NA,NA,595.25,"L’escargot d’or cosmetocafe, Studio Caffeine, Sky Top Coffee, Noble Coffee",NA,NA,NA,NA,NA,NA,NA,NA,NA,NA,NA,NA,NA,NA,NA,NA,NA,NA,NA,NA,NA,NA,NA,NA,NA,NA,NA,NA,NA,NA,NA,NA,NA,NA,NA,NA,NA,NA,NA,NA,NA,NA,NA,NA,NA,NA,NA,NA,NA,NA,NA,NA,NA,NA,NA,NA,NA,NA,NA,NA,NA,NA
Mexico,2022,COE,auction,NA,https://allianceforcoffeeexcellence.org/mexico-2022/,2,8,NA,NA,NA,NA,89.43,success,NA,NA,NA,$19.00,"$20,106.18",NA,NA,NA,NA,NA,Palma,NA,NA,1058.22,GONGGAM,NA,NA,NA,NA,NA,NA,NA,NA,NA,NA,NA,NA,NA,NA,NA,NA,NA,NA,NA,NA,NA,NA,NA,NA,NA,NA,NA,NA,NA,NA,NA,NA,NA,NA,NA,NA,NA,NA,NA,NA,NA,NA,NA,NA,NA,NA,NA,NA,NA,NA,NA,NA,NA,NA,NA,NA,NA,NA,NA,NA,NA,NA
Mexico,2022,COE,auction,NA,https://allianceforcoffeeexcellence.org/mexico-2022/,2,9,NA,NA,NA,NA,89.4,success,NA,NA,NA,$14.20,"$9,391.74",NA,NA,NA,NA,NA,Los Naranjos,NA,NA,661.39,Terarosa (Haksan Co. Ltd),NA,NA,NA,NA,NA,NA,NA,NA,NA,NA,NA,NA,NA,NA,NA,NA,NA,NA,NA,NA,NA,NA,NA,NA,NA,NA,NA,NA,NA,NA,NA,NA,NA,NA,NA,NA,NA,NA,NA,NA,NA,NA,NA,NA,NA,NA,NA,NA,NA,NA,NA,NA,NA,NA,NA,NA,NA,NA,NA,NA,NA,NA
Mexico,2022,COE,auction,NA,https://allianceforcoffeeexcellence.org/mexico-2022/,2,10,NA,NA,NA,NA,89,success,NA,NA,NA,$25.10,"$13,280.66",NA,NA,NA,NA,NA,Finca Trebolillos,NA,NA,529.11,"Boqueron Coffee 火萨, 海南东爵实业有限公司, 低调的国际生豆贸易议价协会",NA,NA,NA,NA,NA,NA,NA,NA,NA,NA,NA,NA,NA,NA,NA,NA,NA,NA,NA,NA,NA,NA,NA,NA,NA,NA,NA,NA,NA,NA,NA,NA,NA,NA,NA,NA,NA,NA,NA,NA,NA,NA,NA,NA,NA,NA,NA,NA,NA,NA,NA,NA,NA,NA,NA,NA,NA,NA,NA,NA,NA,NA
Mexico,2022,COE,auction,NA,https://allianceforcoffeeexcellence.org/mexico-2022/,2,11,NA,NA,NA,NA,88.93,success,NA,NA,NA,$14.00,"$11,111.24",NA,NA,NA,NA,NA,Las Delicias,NA,NA,793.66,Luigi Lavazza S.p.A.,NA,NA,NA,NA,NA,NA,NA,NA,NA,NA,NA,NA,NA,NA,NA,NA,NA,NA,NA,NA,NA,NA,NA,NA,NA,NA,NA,NA,NA,NA,NA,NA,NA,NA,NA,NA,NA,NA,NA,NA,NA,NA,NA,NA,NA,NA,NA,NA,NA,NA,NA,NA,NA,NA,NA,NA,NA,NA,NA,NA,NA,NA
Mexico,2022,COE,auction,NA,https://allianceforcoffeeexcellence.org/mexico-2022/,2,12,NA,NA,NA,NA,88.83,success,NA,NA,NA,$18.85,"$13,713.75",NA,NA,NA,NA,NA,Finca el Pomal,NA,NA,727.52,Sulalat Coffee Trading,NA,NA,NA,NA,NA,NA,NA,NA,NA,NA,NA,NA,NA,NA,NA,NA,NA,NA,NA,NA,NA,NA,NA,NA,NA,NA,NA,NA,NA,NA,NA,NA,NA,NA,NA,NA,NA,NA,NA,NA,NA,NA,NA,NA,NA,NA,NA,NA,NA,NA,NA,NA,NA,NA,NA,NA,NA,NA,NA,NA,NA,NA
Mexico,2022,COE,auction,NA,https://allianceforcoffeeexcellence.org/mexico-2022/,2,13,NA,NA,NA,NA,88.67,success,NA,NA,NA,$12.20,"$11,242.67",NA,NA,NA,NA,NA,Los Aguacates,NA,NA,921.53,"Wataru & Co., Ltd.",NA,NA,NA,NA,NA,NA,NA,NA,NA,NA,NA,NA,NA,NA,NA,NA,NA,NA,NA,NA,NA,NA,NA,NA,NA,NA,NA,NA,NA,NA,NA,NA,NA,NA,NA,NA,NA,NA,NA,NA,NA,NA,NA,NA,NA,NA,NA,NA,NA,NA,NA,NA,NA,NA,NA,NA,NA,NA,NA,NA,NA,NA
Mexico,2022,COE,auction,NA,https://allianceforcoffeeexcellence.org/mexico-2022/,2,14,NA,NA,NA,NA,88.63,success,NA,NA,NA,$15.10,"$6,990.85",NA,NA,NA,NA,NA,Finca la Lomita,NA,NA,462.97,"Al Cafeci, S.A. de C.V. (Calufe – Hermann Thomas)",NA,NA,NA,NA,NA,NA,NA,NA,NA,NA,NA,NA,NA,NA,NA,NA,NA,NA,NA,NA,NA,NA,NA,NA,NA,NA,NA,NA,NA,NA,NA,NA,NA,NA,NA,NA,NA,NA,NA,NA,NA,NA,NA,NA,NA,NA,NA,NA,NA,NA,NA,NA,NA,NA,NA,NA,NA,NA,NA,NA,NA,NA
Mexico,2022,COE,auction,NA,https://allianceforcoffeeexcellence.org/mexico-2022/,2,15,NA,NA,NA,NA,88.53,success,NA,NA,NA,$12.40,"$9,021.25",NA,NA,NA,NA,NA,Las Barrancas,NA,NA,727.52,List + Beisler GmbH. Supremo Coffee.,NA,NA,NA,NA,NA,NA,NA,NA,NA,NA,NA,NA,NA,NA,NA,NA,NA,NA,NA,NA,NA,NA,NA,NA,NA,NA,NA,NA,NA,NA,NA,NA,NA,NA,NA,NA,NA,NA,NA,NA,NA,NA,NA,NA,NA,NA,NA,NA,NA,NA,NA,NA,NA,NA,NA,NA,NA,NA,NA,NA,NA,NA
Mexico,2022,COE,auction,NA,https://allianceforcoffeeexcellence.org/mexico-2022/,2,16,NA,NA,NA,NA,88.43,success,NA,NA,NA,$13.60,"$8,095.40",NA,NA,NA,NA,NA,Dinastía Altamirano,NA,NA,595.25,M.I.COFFEE CORPORATION,NA,NA,NA,NA,NA,NA,NA,NA,NA,NA,NA,NA,NA,NA,NA,NA,NA,NA,NA,NA,NA,NA,NA,NA,NA,NA,NA,NA,NA,NA,NA,NA,NA,NA,NA,NA,NA,NA,NA,NA,NA,NA,NA,NA,NA,NA,NA,NA,NA,NA,NA,NA,NA,NA,NA,NA,NA,NA,NA,NA,NA,NA
Mexico,2022,COE,auction,NA,https://allianceforcoffeeexcellence.org/mexico-2022/,2,17,NA,NA,NA,NA,88.2,success,NA,NA,NA,$12.10,"$6,402.23",NA,NA,NA,NA,NA,Finca Cañada Fría,NA,NA,529.11,Saza Coffee,NA,NA,NA,NA,NA,NA,NA,NA,NA,NA,NA,NA,NA,NA,NA,NA,NA,NA,NA,NA,NA,NA,NA,NA,NA,NA,NA,NA,NA,NA,NA,NA,NA,NA,NA,NA,NA,NA,NA,NA,NA,NA,NA,NA,NA,NA,NA,NA,NA,NA,NA,NA,NA,NA,NA,NA,NA,NA,NA,NA,NA,NA
Mexico,2022,COE,auction,NA,https://allianceforcoffeeexcellence.org/mexico-2022/,2,18,NA,NA,NA,NA,88.03,success,NA,NA,NA,$12.35,"$8,168.17",NA,NA,NA,NA,NA,Finca San Rafael,NA,NA,661.39,Saza Coffee,NA,NA,NA,NA,NA,NA,NA,NA,NA,NA,NA,NA,NA,NA,NA,NA,NA,NA,NA,NA,NA,NA,NA,NA,NA,NA,NA,NA,NA,NA,NA,NA,NA,NA,NA,NA,NA,NA,NA,NA,NA,NA,NA,NA,NA,NA,NA,NA,NA,NA,NA,NA,NA,NA,NA,NA,NA,NA,NA,NA,NA,NA
Mexico,2022,COE,auction,NA,https://allianceforcoffeeexcellence.org/mexico-2022/,2,19,NA,NA,NA,NA,88.03,success,NA,NA,NA,$20.20,"$22,712.07",NA,NA,NA,NA,NA,Finca Don Rafa,NA,NA,1124.36,Saza Coffee,NA,NA,NA,NA,NA,NA,NA,NA,NA,NA,NA,NA,NA,NA,NA,NA,NA,NA,NA,NA,NA,NA,NA,NA,NA,NA,NA,NA,NA,NA,NA,NA,NA,NA,NA,NA,NA,NA,NA,NA,NA,NA,NA,NA,NA,NA,NA,NA,NA,NA,NA,NA,NA,NA,NA,NA,NA,NA,NA,NA,NA,NA
Mexico,2022,COE,auction,NA,https://allianceforcoffeeexcellence.org/mexico-2022/,2,20,NA,NA,NA,NA,87.87,success,NA,NA,NA,$12.10,"$8,002.82",NA,NA,NA,NA,NA,Ocoteno,NA,NA,661.39,TAKAMURA COFFEE ROASTERS by MARUKAI,NA,NA,NA,NA,NA,NA,NA,NA,NA,NA,NA,NA,NA,NA,NA,NA,NA,NA,NA,NA,NA,NA,NA,NA,NA,NA,NA,NA,NA,NA,NA,NA,NA,NA,NA,NA,NA,NA,NA,NA,NA,NA,NA,NA,NA,NA,NA,NA,NA,NA,NA,NA,NA,NA,NA,NA,NA,NA,NA,NA,NA,NA
Mexico,2022,COE,auction,NA,https://allianceforcoffeeexcellence.org/mexico-2022/,2,21,NA,NA,NA,NA,87.87,success,NA,NA,NA,$12.10,"$8,776.37",NA,NA,NA,NA,NA,Arroyo,NA,NA,725.32,"GLITCH COFFEE & ROASTERS, Idle Hands Roasting Company, WAVY COFFEE ROASTERS, Q.O.L.COFFEE and Acid Coffee Tokyo by MARUKAI",NA,NA,NA,NA,NA,NA,NA,NA,NA,NA,NA,NA,NA,NA,NA,NA,NA,NA,NA,NA,NA,NA,NA,NA,NA,NA,NA,NA,NA,NA,NA,NA,NA,NA,NA,NA,NA,NA,NA,NA,NA,NA,NA,NA,NA,NA,NA,NA,NA,NA,NA,NA,NA,NA,NA,NA,NA,NA,NA,NA,NA,NA
Mexico,2022,COE,auction,NA,https://allianceforcoffeeexcellence.org/mexico-2022/,2,22,NA,NA,NA,NA,87.8,success,NA,NA,NA,$13.40,"$7,976.35",NA,NA,NA,NA,NA,San Pedro,NA,NA,595.25,Kyokuto Fadie Corporation,NA,NA,NA,NA,NA,NA,NA,NA,NA,NA,NA,NA,NA,NA,NA,NA,NA,NA,NA,NA,NA,NA,NA,NA,NA,NA,NA,NA,NA,NA,NA,NA,NA,NA,NA,NA,NA,NA,NA,NA,NA,NA,NA,NA,NA,NA,NA,NA,NA,NA,NA,NA,NA,NA,NA,NA,NA,NA,NA,NA,NA,NA
Mexico,2022,COE,auction,NA,https://allianceforcoffeeexcellence.org/mexico-2022/,2,23,NA,NA,NA,NA,87.77,success,NA,NA,NA,$12.00,"$7,936.68",NA,NA,NA,NA,NA,Finca Huehuetecpan,NA,NA,661.39,"Wataru & Co., Ltd.",NA,NA,NA,NA,NA,NA,NA,NA,NA,NA,NA,NA,NA,NA,NA,NA,NA,NA,NA,NA,NA,NA,NA,NA,NA,NA,NA,NA,NA,NA,NA,NA,NA,NA,NA,NA,NA,NA,NA,NA,NA,NA,NA,NA,NA,NA,NA,NA,NA,NA,NA,NA,NA,NA,NA,NA,NA,NA,NA,NA,NA,NA
Mexico,2022,COE,auction,NA,https://allianceforcoffeeexcellence.org/mexico-2022/,2,24,NA,NA,NA,NA,87.67,success,NA,NA,NA,$12.10,"$6,402.23",NA,NA,NA,NA,NA,Temimil,NA,NA,529.11,Wataru for Voila Coffee,NA,NA,NA,NA,NA,NA,NA,NA,NA,NA,NA,NA,NA,NA,NA,NA,NA,NA,NA,NA,NA,NA,NA,NA,NA,NA,NA,NA,NA,NA,NA,NA,NA,NA,NA,NA,NA,NA,NA,NA,NA,NA,NA,NA,NA,NA,NA,NA,NA,NA,NA,NA,NA,NA,NA,NA,NA,NA,NA,NA,NA,NA
Mexico,2022,COE,auction,NA,https://allianceforcoffeeexcellence.org/mexico-2022/,2,25,NA,NA,NA,NA,87.67,success,NA,NA,NA,$11.10,"$10,277.93",NA,NA,NA,NA,NA,Apipias,NA,NA,925.94,"DABOV Specialty Coffee, Coffee Me Up (Korea), 331Roasters, Lotus Lab, Coffee Therapy (Thailand)",NA,NA,NA,NA,NA,NA,NA,NA,NA,NA,NA,NA,NA,NA,NA,NA,NA,NA,NA,NA,NA,NA,NA,NA,NA,NA,NA,NA,NA,NA,NA,NA,NA,NA,NA,NA,NA,NA,NA,NA,NA,NA,NA,NA,NA,NA,NA,NA,NA,NA,NA,NA,NA,NA,NA,NA,NA,NA,NA,NA,NA,NA
Mexico,2022,COE,auction,NA,https://allianceforcoffeeexcellence.org/mexico-2022/,2,26,NA,NA,NA,NA,87.57,success,NA,NA,NA,$12.15,"$8,839.37",NA,NA,NA,NA,NA,Ojo de Agua,NA,NA,727.52,19grams / Tres Cabezas,NA,NA,NA,NA,NA,NA,NA,NA,NA,NA,NA,NA,NA,NA,NA,NA,NA,NA,NA,NA,NA,NA,NA,NA,NA,NA,NA,NA,NA,NA,NA,NA,NA,NA,NA,NA,NA,NA,NA,NA,NA,NA,NA,NA,NA,NA,NA,NA,NA,NA,NA,NA,NA,NA,NA,NA,NA,NA,NA,NA,NA,NA
Mexico,2022,COE,auction,NA,https://allianceforcoffeeexcellence.org/mexico-2022/,2,27,NA,NA,NA,NA,87.4,success,NA,NA,NA,$12.10,"$8,802.99",NA,NA,NA,NA,NA,Fincas Innominada,NA,NA,727.52,Kyokuto Fadie Corporation,NA,NA,NA,NA,NA,NA,NA,NA,NA,NA,NA,NA,NA,NA,NA,NA,NA,NA,NA,NA,NA,NA,NA,NA,NA,NA,NA,NA,NA,NA,NA,NA,NA,NA,NA,NA,NA,NA,NA,NA,NA,NA,NA,NA,NA,NA,NA,NA,NA,NA,NA,NA,NA,NA,NA,NA,NA,NA,NA,NA,NA,NA
Mexico,2022,COE,auction,NA,https://allianceforcoffeeexcellence.org/mexico-2022/,2,28,NA,NA,NA,NA,87.3,success,NA,NA,NA,$10.30,"$5,449.83",NA,NA,NA,NA,NA,Metlapoxteca,NA,NA,529.11,Honu Kato Coffee Inc.,NA,NA,NA,NA,NA,NA,NA,NA,NA,NA,NA,NA,NA,NA,NA,NA,NA,NA,NA,NA,NA,NA,NA,NA,NA,NA,NA,NA,NA,NA,NA,NA,NA,NA,NA,NA,NA,NA,NA,NA,NA,NA,NA,NA,NA,NA,NA,NA,NA,NA,NA,NA,NA,NA,NA,NA,NA,NA,NA,NA,NA,NA
Mexico,2022,COE,auction,NA,https://allianceforcoffeeexcellence.org/mexico-2022/,2,29,NA,NA,NA,NA,87.23,success,NA,NA,NA,$10.00,"$7,936.60",NA,NA,NA,NA,NA,Finca el Bordo,NA,NA,793.66,"Wataru & Co., Ltd.",NA,NA,NA,NA,NA,NA,NA,NA,NA,NA,NA,NA,NA,NA,NA,NA,NA,NA,NA,NA,NA,NA,NA,NA,NA,NA,NA,NA,NA,NA,NA,NA,NA,NA,NA,NA,NA,NA,NA,NA,NA,NA,NA,NA,NA,NA,NA,NA,NA,NA,NA,NA,NA,NA,NA,NA,NA,NA,NA,NA,NA,NA
Mexico,2022,COE,auction,NA,https://allianceforcoffeeexcellence.org/mexico-2022/,2,30,NA,NA,NA,NA,87.2,success,NA,NA,NA,$10.20,"$4,722.29",NA,NA,NA,NA,NA,La Vega,NA,NA,462.97,Orsir Coffee,NA,NA,NA,NA,NA,NA,NA,NA,NA,NA,NA,NA,NA,NA,NA,NA,NA,NA,NA,NA,NA,NA,NA,NA,NA,NA,NA,NA,NA,NA,NA,NA,NA,NA,NA,NA,NA,NA,NA,NA,NA,NA,NA,NA,NA,NA,NA,NA,NA,NA,NA,NA,NA,NA,NA,NA,NA,NA,NA,NA,NA,NA
Mexico,2022,COE,auction,NA,https://allianceforcoffeeexcellence.org/mexico-2022/,2,Totals:,NA,NA,NA,NA,,success,NA,NA,NA,"Auction Average $/lb
$21.76/lb","Total Auction Value
$482,008.97",NA,NA,NA,NA,NA,,NA,NA,22149.8,,NA,NA,NA,NA,NA,NA,NA,NA,NA,NA,NA,NA,NA,NA,NA,NA,NA,NA,NA,NA,NA,NA,NA,NA,NA,NA,NA,NA,NA,NA,NA,NA,NA,NA,NA,NA,NA,NA,NA,NA,NA,NA,NA,NA,NA,NA,NA,NA,NA,NA,NA,NA,NA,NA,NA,NA,NA,NA,NA,NA,NA,NA
Mexico,2022,NW,auction,NA,https://allianceforcoffeeexcellence.org/mexico-2022/,4,NW,NA,NA,NA,NA,87.17,success,NA,NA,NA,$6.50,"$6,448.52","Al Cafeci, S.A. de C.V. (Calufe – Hermann Thomas)",NA,NA,NA,NA,Finca Jade,NA,NA,992.08,NA,NA,NA,NA,NA,NA,NA,NA,NA,NA,NA,NA,NA,NA,NA,NA,NA,NA,NA,NA,NA,NA,NA,NA,NA,NA,NA,NA,NA,NA,NA,NA,NA,NA,NA,NA,NA,NA,NA,NA,NA,NA,NA,NA,NA,NA,NA,NA,NA,NA,NA,NA,NA,NA,NA,NA,NA,NA,NA,NA,NA,NA,NA
Mexico,2022,NW,auction,NA,https://allianceforcoffeeexcellence.org/mexico-2022/,4,NW,NA,NA,NA,NA,87.13,success,NA,NA,NA,$7.10,"$4,226.28",SkyTop Coffee,NA,NA,NA,NA,La Peña,NA,NA,595.25,NA,NA,NA,NA,NA,NA,NA,NA,NA,NA,NA,NA,NA,NA,NA,NA,NA,NA,NA,NA,NA,NA,NA,NA,NA,NA,NA,NA,NA,NA,NA,NA,NA,NA,NA,NA,NA,NA,NA,NA,NA,NA,NA,NA,NA,NA,NA,NA,NA,NA,NA,NA,NA,NA,NA,NA,NA,NA,NA,NA,NA,NA,NA
Mexico,2022,NW,auction,NA,https://allianceforcoffeeexcellence.org/mexico-2022/,4,NW,NA,NA,NA,NA,86.93,success,NA,NA,NA,$6.60,"$3,928.65","Al Cafeci, S.A. de C.V. (Calufe – Hermann Thomas)",NA,NA,NA,NA,Santa Teresa,NA,NA,595.25,NA,NA,NA,NA,NA,NA,NA,NA,NA,NA,NA,NA,NA,NA,NA,NA,NA,NA,NA,NA,NA,NA,NA,NA,NA,NA,NA,NA,NA,NA,NA,NA,NA,NA,NA,NA,NA,NA,NA,NA,NA,NA,NA,NA,NA,NA,NA,NA,NA,NA,NA,NA,NA,NA,NA,NA,NA,NA,NA,NA,NA,NA,NA
Mexico,2022,NW,auction,NA,https://allianceforcoffeeexcellence.org/mexico-2022/,4,NW,NA,NA,NA,NA,86.87,success,NA,NA,NA,$5.30,"$2,453.74",MARISSTELLA COFFEE,NA,NA,NA,NA,El Veladero,NA,NA,462.97,NA,NA,NA,NA,NA,NA,NA,NA,NA,NA,NA,NA,NA,NA,NA,NA,NA,NA,NA,NA,NA,NA,NA,NA,NA,NA,NA,NA,NA,NA,NA,NA,NA,NA,NA,NA,NA,NA,NA,NA,NA,NA,NA,NA,NA,NA,NA,NA,NA,NA,NA,NA,NA,NA,NA,NA,NA,NA,NA,NA,NA,NA,NA
Mexico,2022,NW,auction,NA,https://allianceforcoffeeexcellence.org/mexico-2022/,4,NW,NA,NA,NA,NA,Totals:,success,NA,NA,NA,"Auction Average $/lb
$6.45/lb","Total Auction Value
$17,057.19",,NA,NA,NA,NA,,NA,NA,"2,645.55",NA,NA,NA,NA,NA,NA,NA,NA,NA,NA,NA,NA,NA,NA,NA,NA,NA,NA,NA,NA,NA,NA,NA,NA,NA,NA,NA,NA,NA,NA,NA,NA,NA,NA,NA,NA,NA,NA,NA,NA,NA,NA,NA,NA,NA,NA,NA,NA,NA,NA,NA,NA,NA,NA,NA,NA,NA,NA,NA,NA,NA,NA,NA
Mexico,2023,COE,auction,NA,https://allianceforcoffeeexcellence.org/mexico-2023/,2,1a,NA,NA,NA,NA,91,success,NA,NA,NA,NA,"US$ 16,137.55",NA,NA,NA,NA,NA,FINCA LAS NIEVES,NA,NA,264.5544,"Proud Mary – Australia
L’escargot d’or cosmetocafe FRANCE",NA,NA,NA,NA,NA,NA,NA,NA,NA,NA,NA,NA,NA,NA,NA,NA,NA,NA,NA,NA,NA,NA,NA,NA,NA,NA,NA,NA,NA,NA,NA,NA,NA,NA,NA,NA,NA,NA,US$ 61.00,NA,NA,NA,NA,NA,NA,NA,NA,NA,NA,NA,NA,NA,NA,NA,NA,NA,NA,NA,NA,NA,NA,NA
Mexico,2023,COE,auction,NA,https://allianceforcoffeeexcellence.org/mexico-2023/,2,1b,NA,NA,NA,NA,91,success,NA,NA,NA,NA,"US$ 13,278.10",NA,NA,NA,NA,NA,FINCA LAS NIEVES,NA,NA,315.26066,"SAVAYA COFFEE LLC, Difference Coffee, Coffee Me Up (Korea)",NA,NA,NA,NA,NA,NA,NA,NA,NA,NA,NA,NA,NA,NA,NA,NA,NA,NA,NA,NA,NA,NA,NA,NA,NA,NA,NA,NA,NA,NA,NA,NA,NA,NA,NA,NA,NA,NA,US$ 53.30,NA,NA,NA,NA,NA,NA,NA,NA,NA,NA,NA,NA,NA,NA,NA,NA,NA,NA,NA,NA,NA,NA,NA
Mexico,2023,COE,auction,NA,https://allianceforcoffeeexcellence.org/mexico-2023/,2,2a,NA,NA,NA,NA,90.69,success,NA,NA,NA,NA,"US$ 22,910.46",NA,NA,NA,NA,NA,FINCA SANTA CRUZ,NA,NA,595.2474,"KALDI COFFEE FARM (CAMEL COFFEE CO.,LTD.) – Japan",NA,NA,NA,NA,NA,NA,NA,NA,NA,NA,NA,NA,NA,NA,NA,NA,NA,NA,NA,NA,NA,NA,NA,NA,NA,NA,NA,NA,NA,NA,NA,NA,NA,NA,NA,NA,NA,NA,US$ 43.30,NA,NA,NA,NA,NA,NA,NA,NA,NA,NA,NA,NA,NA,NA,NA,NA,NA,NA,NA,NA,NA,NA,NA
Mexico,2023,COE,auction,NA,https://allianceforcoffeeexcellence.org/mexico-2023/,2,2b,NA,NA,NA,NA,90.69,success,NA,NA,NA,NA,"US$ 23,034.33",NA,NA,NA,NA,NA,FINCA SANTA CRUZ,NA,NA,524.69956,"ACCIO BEANS COFFEE
西双版纳里头咖啡有限公司（Little.）
咖星人 E·T COFFEE",NA,NA,NA,NA,NA,NA,NA,NA,NA,NA,NA,NA,NA,NA,NA,NA,NA,NA,NA,NA,NA,NA,NA,NA,NA,NA,NA,NA,NA,NA,NA,NA,NA,NA,NA,NA,NA,NA,US$ 43.90,NA,NA,NA,NA,NA,NA,NA,NA,NA,NA,NA,NA,NA,NA,NA,NA,NA,NA,NA,NA,NA,NA,NA
Mexico,2023,COE,auction,NA,https://allianceforcoffeeexcellence.org/mexico-2023/,2,3a,NA,NA,NA,NA,90.25,success,NA,NA,NA,NA,"US$ 6,746.28",NA,NA,NA,NA,NA,FINCA POCITOS,NA,NA,132.2772,Nanjing Eco Farm China for TarTar Coffee / TWO HANDS FULL,NA,NA,NA,NA,NA,NA,NA,NA,NA,NA,NA,NA,NA,NA,NA,NA,NA,NA,NA,NA,NA,NA,NA,NA,NA,NA,NA,NA,NA,NA,NA,NA,NA,NA,NA,NA,NA,NA,US$ 51.00,NA,NA,NA,NA,NA,NA,NA,NA,NA,NA,NA,NA,NA,NA,NA,NA,NA,NA,NA,NA,NA,NA,NA
Mexico,2023,COE,auction,NA,https://allianceforcoffeeexcellence.org/mexico-2023/,2,3b,NA,NA,NA,NA,90.25,success,NA,NA,NA,NA,"US$ 7,076.98",NA,NA,NA,NA,NA,FINCA POCITOS,NA,NA,132.2772,"ACCIO BEANS COFFEE
CHG (剁手咖啡群) & Encore Coffee （云南谙客咖啡）",NA,NA,NA,NA,NA,NA,NA,NA,NA,NA,NA,NA,NA,NA,NA,NA,NA,NA,NA,NA,NA,NA,NA,NA,NA,NA,NA,NA,NA,NA,NA,NA,NA,NA,NA,NA,NA,NA,US$ 53.50,NA,NA,NA,NA,NA,NA,NA,NA,NA,NA,NA,NA,NA,NA,NA,NA,NA,NA,NA,NA,NA,NA,NA
Mexico,2023,COE,auction,NA,https://allianceforcoffeeexcellence.org/mexico-2023/,2,4,NA,NA,NA,NA,89.91,success,NA,NA,NA,NA,"US$ 22,619.34",NA,NA,NA,NA,NA,LOS AGUACATES,NA,NA,"1,256.63","SAVAYA COFFEE LLC – USA

L’escargot d’or cosmetocafe FRANCE",NA,NA,NA,NA,NA,NA,NA,NA,NA,NA,NA,NA,NA,NA,NA,NA,NA,NA,NA,NA,NA,NA,NA,NA,NA,NA,NA,NA,NA,NA,NA,NA,NA,NA,NA,NA,NA,NA,US$ 18.00,NA,NA,NA,NA,NA,NA,NA,NA,NA,NA,NA,NA,NA,NA,NA,NA,NA,NA,NA,NA,NA,NA,NA
Mexico,2023,COE,auction,NA,https://allianceforcoffeeexcellence.org/mexico-2023/,2,5,NA,NA,NA,NA,89.5,success,NA,NA,NA,NA,"US$ 15,512.99",NA,NA,NA,NA,NA,FINCA EL MIRADOR,NA,NA,"1,027.35",Full Sweet Coffee – Taiwan,NA,NA,NA,NA,NA,NA,NA,NA,NA,NA,NA,NA,NA,NA,NA,NA,NA,NA,NA,NA,NA,NA,NA,NA,NA,NA,NA,NA,NA,NA,NA,NA,NA,NA,NA,NA,NA,NA,US$ 15.10,NA,NA,NA,NA,NA,NA,NA,NA,NA,NA,NA,NA,NA,NA,NA,NA,NA,NA,NA,NA,NA,NA,NA
Mexico,2023,COE,auction,NA,https://allianceforcoffeeexcellence.org/mexico-2023/,2,6,NA,NA,NA,NA,89.31,success,NA,NA,NA,NA,"US$ 10,996.26",NA,NA,NA,NA,NA,FINCA SINAI,NA,NA,718.70612,"Coffee Me Up (Korea), Coffee Therapy (Thailand), Tob Coffee (Arnia Limited),⁣⁣ DNU COFFEE, Bean & Bean Coffee – (New York City) – Lotus Lab, 331Roasters",NA,NA,NA,NA,NA,NA,NA,NA,NA,NA,NA,NA,NA,NA,NA,NA,NA,NA,NA,NA,NA,NA,NA,NA,NA,NA,NA,NA,NA,NA,NA,NA,NA,NA,NA,NA,NA,NA,US$ 15.30,NA,NA,NA,NA,NA,NA,NA,NA,NA,NA,NA,NA,NA,NA,NA,NA,NA,NA,NA,NA,NA,NA,NA
Mexico,2023,COE,auction,NA,https://allianceforcoffeeexcellence.org/mexico-2023/,2,7,NA,NA,NA,NA,89.22,success,NA,NA,NA,NA,"US$ 22,268.88",NA,NA,NA,NA,NA,EL CUERVO,NA,NA,"2,447.13",AL CAFECI SA DE CV – Mexico,NA,NA,NA,NA,NA,NA,NA,NA,NA,NA,NA,NA,NA,NA,NA,NA,NA,NA,NA,NA,NA,NA,NA,NA,NA,NA,NA,NA,NA,NA,NA,NA,NA,NA,NA,NA,NA,NA,US$ 9.10,NA,NA,NA,NA,NA,NA,NA,NA,NA,NA,NA,NA,NA,NA,NA,NA,NA,NA,NA,NA,NA,NA,NA
Mexico,2023,COE,auction,NA,https://allianceforcoffeeexcellence.org/mexico-2023/,2,8,NA,NA,NA,NA,89.13,success,NA,NA,NA,NA,"US$ 8,465.76",NA,NA,NA,NA,NA,ZAPOTITLA,NA,NA,590.83816,Nanjing Eco Farm China for TarTar Coffee / 啟程拓殖 TerraformCoffee / TWO HANDS FULL / Title coffee标题咖啡,NA,NA,NA,NA,NA,NA,NA,NA,NA,NA,NA,NA,NA,NA,NA,NA,NA,NA,NA,NA,NA,NA,NA,NA,NA,NA,NA,NA,NA,NA,NA,NA,NA,NA,NA,NA,NA,NA,US$ 16.00,NA,NA,NA,NA,NA,NA,NA,NA,NA,NA,NA,NA,NA,NA,NA,NA,NA,NA,NA,NA,NA,NA,NA
Mexico,2023,COE,auction,NA,https://allianceforcoffeeexcellence.org/mexico-2023/,2,9,NA,NA,NA,NA,88.41,success,NA,NA,NA,NA,"US$ 7,947.69",NA,NA,NA,NA,NA,ABAXOLOL,NA,NA,771.617,terarosa – South Korea,NA,NA,NA,NA,NA,NA,NA,NA,NA,NA,NA,NA,NA,NA,NA,NA,NA,NA,NA,NA,NA,NA,NA,NA,NA,NA,NA,NA,NA,NA,NA,NA,NA,NA,NA,NA,NA,NA,US$ 10.30,NA,NA,NA,NA,NA,NA,NA,NA,NA,NA,NA,NA,NA,NA,NA,NA,NA,NA,NA,NA,NA,NA,NA
Mexico,2023,COE,auction,NA,https://allianceforcoffeeexcellence.org/mexico-2023/,2,10,NA,NA,NA,NA,88.16,success,NA,NA,NA,NA,"US$ 5,165.85",NA,NA,NA,NA,NA,LA NENA,NA,NA,577.61044,M.I.Coffee Corporation – South Korea,NA,NA,NA,NA,NA,NA,NA,NA,NA,NA,NA,NA,NA,NA,NA,NA,NA,NA,NA,NA,NA,NA,NA,NA,NA,NA,NA,NA,NA,NA,NA,NA,NA,NA,NA,NA,NA,NA,US$ 10.10,NA,NA,NA,NA,NA,NA,NA,NA,NA,NA,NA,NA,NA,NA,NA,NA,NA,NA,NA,NA,NA,NA,NA
Mexico,2023,COE,auction,NA,https://allianceforcoffeeexcellence.org/mexico-2023/,2,11,NA,NA,NA,NA,88.16,success,NA,NA,NA,NA,"US$ 5,601.94",NA,NA,NA,NA,NA,FINCA KASSANDRA,NA,NA,518.0857,SHRUB COFFEE and ETHICUS coffee roasters by MARUKAI,NA,NA,NA,NA,NA,NA,NA,NA,NA,NA,NA,NA,NA,NA,NA,NA,NA,NA,NA,NA,NA,NA,NA,NA,NA,NA,NA,NA,NA,NA,NA,NA,NA,NA,NA,NA,NA,NA,US$ 12.10,NA,NA,NA,NA,NA,NA,NA,NA,NA,NA,NA,NA,NA,NA,NA,NA,NA,NA,NA,NA,NA,NA,NA
Mexico,2023,COE,auction,NA,https://allianceforcoffeeexcellence.org/mexico-2023/,2,12,NA,NA,NA,NA,88,success,NA,NA,NA,NA,"US$ 15,536.03",NA,NA,NA,NA,NA,FINCA LA LOMITA,NA,NA,661.386,ECOM Japan for NOZY COFFEE & COFFEE COUNTY,NA,NA,NA,NA,NA,NA,NA,NA,NA,NA,NA,NA,NA,NA,NA,NA,NA,NA,NA,NA,NA,NA,NA,NA,NA,NA,NA,NA,NA,NA,NA,NA,NA,NA,NA,NA,NA,NA,US$ 26.10,NA,NA,NA,NA,NA,NA,NA,NA,NA,NA,NA,NA,NA,NA,NA,NA,NA,NA,NA,NA,NA,NA,NA
Mexico,2023,COE,auction,NA,https://allianceforcoffeeexcellence.org/mexico-2023/,2,13,NA,NA,NA,NA,87.97,success,NA,NA,NA,NA,"US$ 6,496.58",NA,NA,NA,NA,NA,LA GUADALUPE,NA,NA,233.68972,Full Sweet Coffee – Taiwan,NA,NA,NA,NA,NA,NA,NA,NA,NA,NA,NA,NA,NA,NA,NA,NA,NA,NA,NA,NA,NA,NA,NA,NA,NA,NA,NA,NA,NA,NA,NA,NA,NA,NA,NA,NA,NA,NA,US$ 27.80,NA,NA,NA,NA,NA,NA,NA,NA,NA,NA,NA,NA,NA,NA,NA,NA,NA,NA,NA,NA,NA,NA,NA
Mexico,2023,COE,auction,NA,https://allianceforcoffeeexcellence.org/mexico-2023/,2,14,NA,NA,NA,NA,87.88,success,NA,NA,NA,NA,"US$ 4,008.08",NA,NA,NA,NA,NA,FINCA HUEHUETEPAN,NA,NA,198.4158,Cypher Roastery LLC – UAE,NA,NA,NA,NA,NA,NA,NA,NA,NA,NA,NA,NA,NA,NA,NA,NA,NA,NA,NA,NA,NA,NA,NA,NA,NA,NA,NA,NA,NA,NA,NA,NA,NA,NA,NA,NA,NA,NA,US$ 20.20,NA,NA,NA,NA,NA,NA,NA,NA,NA,NA,NA,NA,NA,NA,NA,NA,NA,NA,NA,NA,NA,NA,NA
Mexico,2023,COE,auction,NA,https://allianceforcoffeeexcellence.org/mexico-2023/,2,15,NA,NA,NA,NA,87.81,success,NA,NA,NA,NA,"US$ 5,820.23",NA,NA,NA,NA,NA,FINCA EL ESTRIBO,NA,NA,727.5246,"Wataru & Co., Ltd. – Japan",NA,NA,NA,NA,NA,NA,NA,NA,NA,NA,NA,NA,NA,NA,NA,NA,NA,NA,NA,NA,NA,NA,NA,NA,NA,NA,NA,NA,NA,NA,NA,NA,NA,NA,NA,NA,NA,NA,US$ 8.80,NA,NA,NA,NA,NA,NA,NA,NA,NA,NA,NA,NA,NA,NA,NA,NA,NA,NA,NA,NA,NA,NA,NA
Mexico,2023,COE,auction,NA,https://allianceforcoffeeexcellence.org/mexico-2023/,2,16,NA,NA,NA,NA,87.81,success,NA,NA,NA,NA,"US$ 7,750.16",NA,NA,NA,NA,NA,FINCA EL IZOTE,NA,NA,833.34636,"Xiamen Doowell Ocean Biotechnology Co., Ltd. – China",NA,NA,NA,NA,NA,NA,NA,NA,NA,NA,NA,NA,NA,NA,NA,NA,NA,NA,NA,NA,NA,NA,NA,NA,NA,NA,NA,NA,NA,NA,NA,NA,NA,NA,NA,NA,NA,NA,US$ 9.30,NA,NA,NA,NA,NA,NA,NA,NA,NA,NA,NA,NA,NA,NA,NA,NA,NA,NA,NA,NA,NA,NA,NA
Mexico,2023,COE,auction,NA,https://allianceforcoffeeexcellence.org/mexico-2023/,2,17,NA,NA,NA,NA,87.41,success,NA,NA,NA,NA,"US$ 7,037.14",NA,NA,NA,NA,NA,FINCA TREBOLILLOS,NA,NA,462.9702,Wataru for OGAWA COFFEE. – Japan,NA,NA,NA,NA,NA,NA,NA,NA,NA,NA,NA,NA,NA,NA,NA,NA,NA,NA,NA,NA,NA,NA,NA,NA,NA,NA,NA,NA,NA,NA,NA,NA,NA,NA,NA,NA,NA,NA,US$ 15.20,NA,NA,NA,NA,NA,NA,NA,NA,NA,NA,NA,NA,NA,NA,NA,NA,NA,NA,NA,NA,NA,NA,NA
Mexico,2023,COE,auction,NA,https://allianceforcoffeeexcellence.org/mexico-2023/,2,18,NA,NA,NA,NA,87.38,success,NA,NA,NA,NA,"US$ 6,911.44",NA,NA,NA,NA,NA,DINASTIA ALTAMIRANO,NA,NA,727.5246,KAFFEBRENNERIET AS – Norway,NA,NA,NA,NA,NA,NA,NA,NA,NA,NA,NA,NA,NA,NA,NA,NA,NA,NA,NA,NA,NA,NA,NA,NA,NA,NA,NA,NA,NA,NA,NA,NA,NA,NA,NA,NA,NA,NA,US$ 9.50,NA,NA,NA,NA,NA,NA,NA,NA,NA,NA,NA,NA,NA,NA,NA,NA,NA,NA,NA,NA,NA,NA,NA
Mexico,2023,COE,auction,NA,https://allianceforcoffeeexcellence.org/mexico-2023/,2,19,NA,NA,NA,NA,87.31,success,NA,NA,NA,NA,"US$ 5,777.86",NA,NA,NA,NA,NA,JADE,NA,NA,707.68302,"Wataru & Co., Ltd. – Japan",NA,NA,NA,NA,NA,NA,NA,NA,NA,NA,NA,NA,NA,NA,NA,NA,NA,NA,NA,NA,NA,NA,NA,NA,NA,NA,NA,NA,NA,NA,NA,NA,NA,NA,NA,NA,NA,NA,US$ 9.10,NA,NA,NA,NA,NA,NA,NA,NA,NA,NA,NA,NA,NA,NA,NA,NA,NA,NA,NA,NA,NA,NA,NA
Mexico,2023,COE,auction,NA,https://allianceforcoffeeexcellence.org/mexico-2023/,2,20,NA,NA,NA,NA,87.25,success,NA,NA,NA,NA,"US$ 7,063.56",NA,NA,NA,NA,NA,EL RIO,NA,NA,784.84472,honu加藤珈琲店株式会社 – Japan,NA,NA,NA,NA,NA,NA,NA,NA,NA,NA,NA,NA,NA,NA,NA,NA,NA,NA,NA,NA,NA,NA,NA,NA,NA,NA,NA,NA,NA,NA,NA,NA,NA,NA,NA,NA,NA,NA,US$ 9.00,NA,NA,NA,NA,NA,NA,NA,NA,NA,NA,NA,NA,NA,NA,NA,NA,NA,NA,NA,NA,NA,NA,NA
Mexico,2023,COE,auction,NA,https://allianceforcoffeeexcellence.org/mexico-2023/,2,21,NA,NA,NA,NA,87.25,success,NA,NA,NA,NA,"US$ 5,555.64",NA,NA,NA,NA,NA,FINCA CRUZ VERDE,NA,NA,529.1088,Wataru for Voila Coffee. – Japan,NA,NA,NA,NA,NA,NA,NA,NA,NA,NA,NA,NA,NA,NA,NA,NA,NA,NA,NA,NA,NA,NA,NA,NA,NA,NA,NA,NA,NA,NA,NA,NA,NA,NA,NA,NA,NA,NA,US$ 12.00,NA,NA,NA,NA,NA,NA,NA,NA,NA,NA,NA,NA,NA,NA,NA,NA,NA,NA,NA,NA,NA,NA,NA
Mexico,2023,COE,auction,NA,https://allianceforcoffeeexcellence.org/mexico-2023/,2,22,NA,NA,NA,NA,87.16,success,NA,NA,NA,NA,"US$ 5,972.30",NA,NA,NA,NA,NA,NARANJAL,NA,NA,568.79196,ECOM JAPAN LTD. – Japan,NA,NA,NA,NA,NA,NA,NA,NA,NA,NA,NA,NA,NA,NA,NA,NA,NA,NA,NA,NA,NA,NA,NA,NA,NA,NA,NA,NA,NA,NA,NA,NA,NA,NA,NA,NA,NA,NA,US$ 10.50,NA,NA,NA,NA,NA,NA,NA,NA,NA,NA,NA,NA,NA,NA,NA,NA,NA,NA,NA,NA,NA,NA,NA
Mexico,2023,COE,auction,NA,https://allianceforcoffeeexcellence.org/mexico-2023/,2,23,NA,NA,NA,NA,87.16,success,NA,NA,NA,NA,"US$ 9,631.57",NA,NA,NA,NA,NA,SAN JUAN DEL VESUBIO,NA,NA,"1,119.95",Brew92 – Saudi Arabia,NA,NA,NA,NA,NA,NA,NA,NA,NA,NA,NA,NA,NA,NA,NA,NA,NA,NA,NA,NA,NA,NA,NA,NA,NA,NA,NA,NA,NA,NA,NA,NA,NA,NA,NA,NA,NA,NA,US$ 8.60,NA,NA,NA,NA,NA,NA,NA,NA,NA,NA,NA,NA,NA,NA,NA,NA,NA,NA,NA,NA,NA,NA,NA
Mexico,2023,COE,auction,NA,https://allianceforcoffeeexcellence.org/mexico-2023/,2,24,NA,NA,NA,NA,87.13,success,NA,NA,NA,NA,"US$ 9,934.89",NA,NA,NA,NA,NA,FINCA CONSOLAPAN,NA,NA,"1,318.36","Wataru & Co., Ltd. – Japan",NA,NA,NA,NA,NA,NA,NA,NA,NA,NA,NA,NA,NA,NA,NA,NA,NA,NA,NA,NA,NA,NA,NA,NA,NA,NA,NA,NA,NA,NA,NA,NA,NA,NA,NA,NA,NA,NA,US$ 8.60,NA,NA,NA,NA,NA,NA,NA,NA,NA,NA,NA,NA,NA,NA,NA,NA,NA,NA,NA,NA,NA,NA,NA
Mexico,2023,COE,auction,NA,https://allianceforcoffeeexcellence.org/mexico-2023/,2,25,NA,NA,NA,NA,87.09,success,NA,NA,NA,NA,"US$ 3,339.97",NA,NA,NA,NA,NA,FINCA CORAHE,NA,NA,330.693,"Saerin co.,Ltd(MGPG) – South Korea",NA,NA,NA,NA,NA,NA,NA,NA,NA,NA,NA,NA,NA,NA,NA,NA,NA,NA,NA,NA,NA,NA,NA,NA,NA,NA,NA,NA,NA,NA,NA,NA,NA,NA,NA,NA,NA,NA,US$ 10.10,NA,NA,NA,NA,NA,NA,NA,NA,NA,NA,NA,NA,NA,NA,NA,NA,NA,NA,NA,NA,NA,NA,NA
Mexico,2023,COE,auction,NA,https://allianceforcoffeeexcellence.org/mexico-2023/,2,26,NA,NA,NA,NA,87.06,success,NA,NA,NA,NA,"US$ 6,620.43",NA,NA,NA,NA,NA,EL POZO,NA,NA,793.6632,"KALDI COFFEE FARM (CAMEL COFFEE CO.,LTD.) – Japan",NA,NA,NA,NA,NA,NA,NA,NA,NA,NA,NA,NA,NA,NA,NA,NA,NA,NA,NA,NA,NA,NA,NA,NA,NA,NA,NA,NA,NA,NA,NA,NA,NA,NA,NA,NA,NA,NA,US$ 9.10,NA,NA,NA,NA,NA,NA,NA,NA,NA,NA,NA,NA,NA,NA,NA,NA,NA,NA,NA,NA,NA,NA,NA
Mexico,2023,NW,auction,NA,https://allianceforcoffeeexcellence.org/mexico-2023/,4,NW,NA,NA,NA,NA,86.88,success,NA,NA,NA,NA,"US$ 4,493.85",NA,NA,NA,NA,NA,FINCA KITOS,NA,NA,493.83,NA,NA,NA,NA,NA,NA,NA,NA,NA,NA,NA,NA,NA,NA,NA,NA,NA,NA,NA,NA,NA,NA,NA,NA,NA,NA,NA,NA,NA,NA,NA,NA,NA,NA,NA,NA,NA,NA,NA,US$ 9.10,NA,NA,NA,NA,NA,NA,NA,NA,NA,NA,NA,NA,NA,AL CAFECI SA DE CV – Mexico,NA,NA,NA,NA,NA,NA,NA,NA,NA
Mexico,2023,NW,auction,NA,https://allianceforcoffeeexcellence.org/mexico-2023/,4,NW,NA,NA,NA,NA,86.84,success,NA,NA,NA,NA,"US$ 2,585.13",NA,NA,NA,NA,NA,PASO VIEJO,NA,NA,630.52,NA,NA,NA,NA,NA,NA,NA,NA,NA,NA,NA,NA,NA,NA,NA,NA,NA,NA,NA,NA,NA,NA,NA,NA,NA,NA,NA,NA,NA,NA,NA,NA,NA,NA,NA,NA,NA,NA,NA,US$ 4.10,NA,NA,NA,NA,NA,NA,NA,NA,NA,NA,NA,NA,NA,PRIVATE RESERVE – China,NA,NA,NA,NA,NA,NA,NA,NA,NA
Mexico,2023,NW,auction,NA,https://allianceforcoffeeexcellence.org/mexico-2023/,4,NW,NA,NA,NA,NA,86.81,success,NA,NA,NA,NA,"US$ 4,218.75",NA,NA,NA,NA,NA,LA PENA,NA,NA,917.12,NA,NA,NA,NA,NA,NA,NA,NA,NA,NA,NA,NA,NA,NA,NA,NA,NA,NA,NA,NA,NA,NA,NA,NA,NA,NA,NA,NA,NA,NA,NA,NA,NA,NA,NA,NA,NA,NA,NA,US$ 4.60,NA,NA,NA,NA,NA,NA,NA,NA,NA,NA,NA,NA,NA,"Wataru & Co., Ltd. – Japan",NA,NA,NA,NA,NA,NA,NA,NA,NA
Mexico,2023,NW,auction,NA,https://allianceforcoffeeexcellence.org/mexico-2023/,4,NW,NA,NA,NA,NA,86.66,success,NA,NA,NA,NA,"US$ 5,370.45",NA,NA,NA,NA,NA,PALMA,NA,NA,925.94,NA,NA,NA,NA,NA,NA,NA,NA,NA,NA,NA,NA,NA,NA,NA,NA,NA,NA,NA,NA,NA,NA,NA,NA,NA,NA,NA,NA,NA,NA,NA,NA,NA,NA,NA,NA,NA,NA,NA,US$ 5.80,NA,NA,NA,NA,NA,NA,NA,NA,NA,NA,NA,NA,NA,PRIVATE RESERVE – China,NA,NA,NA,NA,NA,NA,NA,NA,NA
Mexico,2023,NW,auction,NA,https://allianceforcoffeeexcellence.org/mexico-2023/,4,NW,NA,NA,NA,NA,86.5,success,NA,NA,NA,NA,"US$ 4,250.07",NA,NA,NA,NA,NA,LOS CHINAS,NA,NA,925.94,NA,NA,NA,NA,NA,NA,NA,NA,NA,NA,NA,NA,NA,NA,NA,NA,NA,NA,NA,NA,NA,NA,NA,NA,NA,NA,NA,NA,NA,NA,NA,NA,NA,NA,NA,NA,NA,NA,NA,US$ 5.40,NA,NA,NA,NA,NA,NA,NA,NA,NA,NA,NA,NA,NA,AL CAFECI SA DE CV – Mexico,NA,NA,NA,NA,NA,NA,NA,NA,NA
Mexico,2023,NW,auction,NA,https://allianceforcoffeeexcellence.org/mexico-2023/,4,NW,NA,NA,NA,NA,86.5,success,NA,NA,NA,NA,"US$ 3,631.03",NA,NA,NA,NA,NA,FINCA LOS PINOS,NA,NA,595.25,NA,NA,NA,NA,NA,NA,NA,NA,NA,NA,NA,NA,NA,NA,NA,NA,NA,NA,NA,NA,NA,NA,NA,NA,NA,NA,NA,NA,NA,NA,NA,NA,NA,NA,NA,NA,NA,NA,NA,US$ 6.10,NA,NA,NA,NA,NA,NA,NA,NA,NA,NA,NA,NA,NA,Brew92 – Saudi Arabia,NA,NA,NA,NA,NA,NA,NA,NA,NA
Mexico,2023,NW,auction,NA,https://allianceforcoffeeexcellence.org/mexico-2023/,4,NW,NA,NA,NA,NA,86.44,success,NA,NA,NA,NA,"US$ 3,428.62",NA,NA,NA,NA,NA,TECOXCO,NA,NA,661.39,NA,NA,NA,NA,NA,NA,NA,NA,NA,NA,NA,NA,NA,NA,NA,NA,NA,NA,NA,NA,NA,NA,NA,NA,NA,NA,NA,NA,NA,NA,NA,NA,NA,NA,NA,NA,NA,NA,NA,US$ 5.40,NA,NA,NA,NA,NA,NA,NA,NA,NA,NA,NA,NA,NA,AL CAFECI SA DE CV – Mexico,NA,NA,NA,NA,NA,NA,NA,NA,NA
Mexico,2023,NW,auction,NA,https://allianceforcoffeeexcellence.org/mexico-2023/,4,NW,NA,NA,NA,NA,86.38,success,NA,NA,NA,NA,"US$ 2,976.26",NA,NA,NA,NA,NA,LA PLAYA,NA,NA,727.52,NA,NA,NA,NA,NA,NA,NA,NA,NA,NA,NA,NA,NA,NA,NA,NA,NA,NA,NA,NA,NA,NA,NA,NA,NA,NA,NA,NA,NA,NA,NA,NA,NA,NA,NA,NA,NA,NA,NA,US$ 4.50,NA,NA,NA,NA,NA,NA,NA,NA,NA,NA,NA,NA,NA,AL CAFECI SA DE CV – Mexico,NA,NA,NA,NA,NA,NA,NA,NA,NA
Mexico,2023,NW,auction,NA,https://allianceforcoffeeexcellence.org/mexico-2023/,4,NW,NA,NA,NA,NA,86.19,success,NA,NA,NA,NA,"US$ 3,637.65",NA,NA,NA,NA,NA,FINCA EL MANANTIAL,NA,NA,661.39,NA,NA,NA,NA,NA,NA,NA,NA,NA,NA,NA,NA,NA,NA,NA,NA,NA,NA,NA,NA,NA,NA,NA,NA,NA,NA,NA,NA,NA,NA,NA,NA,NA,NA,NA,NA,NA,NA,NA,US$ 5.50,NA,NA,NA,NA,NA,NA,NA,NA,NA,NA,NA,NA,NA,Brew92 – Saudi Arabia,NA,NA,NA,NA,NA,NA,NA,NA,NA
Mexico,2024,COE,auction,Traditional Honey & Natural Processes,https://allianceforcoffeeexcellence.org/mexico-2024/,4,1A,NA,Las Nieves,NA,NA,91.13,success,NA,NA,NA,NA,15066.56,NA,NA,NA,NA,NA,NA,NA,NA,NA,Angelino’s Coffee,NA,NA,NA,NA,NA,NA,NA,NA,NA,NA,NA,NA,NA,NA,NA,NA,NA,NA,NA,NA,NA,NA,NA,NA,NA,200.62,75.10,NA,NA,NA,NA,NA,NA,NA,NA,NA,NA,NA,NA,NA,NA,NA,NA,NA,NA,NA,NA,NA,NA,NA,NA,NA,NA,NA,NA,NA,NA,NA,NA,NA,NA,NA
Mexico,2024,COE,auction,Traditional Honey & Natural Processes,https://allianceforcoffeeexcellence.org/mexico-2024/,4,1B,NA,Las Nieves,NA,NA,91.13,success,NA,NA,NA,NA,14901.34,NA,NA,NA,NA,NA,NA,NA,NA,NA,Proud Mary,NA,NA,NA,NA,NA,NA,NA,NA,NA,NA,NA,NA,NA,NA,NA,NA,NA,NA,NA,NA,NA,NA,NA,NA,NA,198.42,75.10,NA,NA,NA,NA,NA,NA,NA,NA,NA,NA,NA,NA,NA,NA,NA,NA,NA,NA,NA,NA,NA,NA,NA,NA,NA,NA,NA,NA,NA,NA,NA,NA,NA,NA,NA
Mexico,2024,COE,auction,Traditional Honey & Natural Processes,https://allianceforcoffeeexcellence.org/mexico-2024/,4,2,NA,Santa Cruz,NA,NA,90.53,success,NA,NA,NA,NA,15035.60,NA,NA,NA,NA,NA,NA,NA,NA,NA,"KALDI COFFEE FARM (CAMEL COFFEE CO.,LTD.)",NA,NA,NA,NA,NA,NA,NA,NA,NA,NA,NA,NA,NA,NA,NA,NA,NA,NA,NA,NA,NA,NA,NA,NA,NA,751.78,20.00,NA,NA,NA,NA,NA,NA,NA,NA,NA,NA,NA,NA,NA,NA,NA,NA,NA,NA,NA,NA,NA,NA,NA,NA,NA,NA,NA,NA,NA,NA,NA,NA,NA,NA,NA
Mexico,2024,COE,auction,Traditional Honey & Natural Processes,https://allianceforcoffeeexcellence.org/mexico-2024/,4,3,NA,Santa Cruz,NA,NA,90.16,success,NA,NA,NA,NA,14385.25,NA,NA,NA,NA,NA,NA,NA,NA,NA,What’s Brewing,NA,NA,NA,NA,NA,NA,NA,NA,NA,NA,NA,NA,NA,NA,NA,NA,NA,NA,NA,NA,NA,NA,NA,NA,NA,575.41,25.00,NA,NA,NA,NA,NA,NA,NA,NA,NA,NA,NA,NA,NA,NA,NA,NA,NA,NA,NA,NA,NA,NA,NA,NA,NA,NA,NA,NA,NA,NA,NA,NA,NA,NA,NA
Mexico,2024,COE,auction,Traditional Honey & Natural Processes,https://allianceforcoffeeexcellence.org/mexico-2024/,4,4,NA,Xilontla,NA,NA,89.66,success,NA,NA,NA,NA,8964.85,NA,NA,NA,NA,NA,NA,NA,NA,NA,Cultivar Coffee,NA,NA,NA,NA,NA,NA,NA,NA,NA,NA,NA,NA,NA,NA,NA,NA,NA,NA,NA,NA,NA,NA,NA,NA,NA,487.22,18.40,NA,NA,NA,NA,NA,NA,NA,NA,NA,NA,NA,NA,NA,NA,NA,NA,NA,NA,NA,NA,NA,NA,NA,NA,NA,NA,NA,NA,NA,NA,NA,NA,NA,NA,NA
Mexico,2024,COE,auction,Traditional Honey & Natural Processes,https://allianceforcoffeeexcellence.org/mexico-2024/,4,5,NA,Sinai,NA,NA,89,success,NA,NA,NA,NA,10198.62,NA,NA,NA,NA,NA,NA,NA,NA,NA,"Coffee Me Up (Korea), Coffee Therapy (Thailand), Lotus Lab, 331Roasters, MONARCH HAUS Mexico, MARISSTELLA COFFEE, Bean and Bean Coffee (NYC). ACCIO BEANS COFFEE",NA,NA,NA,NA,NA,NA,NA,NA,NA,NA,NA,NA,NA,NA,NA,NA,NA,NA,NA,NA,NA,NA,NA,NA,NA,566.59,18.00,NA,NA,NA,NA,NA,NA,NA,NA,NA,NA,NA,NA,NA,NA,NA,NA,NA,NA,NA,NA,NA,NA,NA,NA,NA,NA,NA,NA,NA,NA,NA,NA,NA,NA,NA
Mexico,2024,COE,auction,Traditional Honey & Natural Processes,https://allianceforcoffeeexcellence.org/mexico-2024/,4,6,NA,Paso Viejo,NA,NA,88.39,success,NA,NA,NA,NA,11369.16,NA,NA,NA,NA,NA,NA,NA,NA,NA,AL QAHWA AL ARABIAH,NA,NA,NA,NA,NA,NA,NA,NA,NA,NA,NA,NA,NA,NA,NA,NA,NA,NA,NA,NA,NA,NA,NA,NA,NA,421.08,27.00,NA,NA,NA,NA,NA,NA,NA,NA,NA,NA,NA,NA,NA,NA,NA,NA,NA,NA,NA,NA,NA,NA,NA,NA,NA,NA,NA,NA,NA,NA,NA,NA,NA,NA,NA
Mexico,2024,COE,auction,Traditional Honey & Natural Processes,https://allianceforcoffeeexcellence.org/mexico-2024/,4,7,NA,Los Chuchos,NA,NA,88.32,success,NA,NA,NA,NA,6393.38,NA,NA,NA,NA,NA,NA,NA,NA,NA,M.I.Coffee Corporation,NA,NA,NA,NA,NA,NA,NA,NA,NA,NA,NA,NA,NA,NA,NA,NA,NA,NA,NA,NA,NA,NA,NA,NA,NA,511.47,12.50,NA,NA,NA,NA,NA,NA,NA,NA,NA,NA,NA,NA,NA,NA,NA,NA,NA,NA,NA,NA,NA,NA,NA,NA,NA,NA,NA,NA,NA,NA,NA,NA,NA,NA,NA
Mexico,2024,COE,auction,Traditional Honey & Natural Processes,https://allianceforcoffeeexcellence.org/mexico-2024/,4,8,NA,Rancho Viejo,NA,NA,88.08,success,NA,NA,NA,NA,17001.09,NA,NA,NA,NA,NA,NA,NA,NA,NA,"Shinni Coffee Company, NEWS Coffee (South Korea)",NA,NA,NA,NA,NA,NA,NA,NA,NA,NA,NA,NA,NA,NA,NA,NA,NA,NA,NA,NA,NA,NA,NA,NA,NA,584.23,29.10,NA,NA,NA,NA,NA,NA,NA,NA,NA,NA,NA,NA,NA,NA,NA,NA,NA,NA,NA,NA,NA,NA,NA,NA,NA,NA,NA,NA,NA,NA,NA,NA,NA,NA,NA
Mexico,2024,COE,auction,Traditional Honey & Natural Processes,https://allianceforcoffeeexcellence.org/mexico-2024/,4,9,NA,Rancho El Separo,NA,NA,87.97,success,NA,NA,NA,NA,3928.58,NA,NA,NA,NA,NA,NA,NA,NA,NA,AL CAFECI SA DE CV,NA,NA,NA,NA,NA,NA,NA,NA,NA,NA,NA,NA,NA,NA,NA,NA,NA,NA,NA,NA,NA,NA,NA,NA,NA,297.62,13.20,NA,NA,NA,NA,NA,NA,NA,NA,NA,NA,NA,NA,NA,NA,NA,NA,NA,NA,NA,NA,NA,NA,NA,NA,NA,NA,NA,NA,NA,NA,NA,NA,NA,NA,NA
Mexico,2024,COE,auction,Traditional Honey & Natural Processes,https://allianceforcoffeeexcellence.org/mexico-2024/,4,10,NA,Santoli,NA,NA,87.68,success,NA,NA,NA,NA,5086.55,NA,NA,NA,NA,NA,NA,NA,NA,NA,AL CAFECI SA DE CV,NA,NA,NA,NA,NA,NA,NA,NA,NA,NA,NA,NA,NA,NA,NA,NA,NA,NA,NA,NA,NA,NA,NA,NA,NA,493.84,10.30,NA,NA,NA,NA,NA,NA,NA,NA,NA,NA,NA,NA,NA,NA,NA,NA,NA,NA,NA,NA,NA,NA,NA,NA,NA,NA,NA,NA,NA,NA,NA,NA,NA,NA,NA
Mexico,2024,COE,auction,Traditional Washed Processes,https://allianceforcoffeeexcellence.org/mexico-2024/,5,1A,NA,La Perla,NA,NA,90.79,success,NA,NA,NA,NA,15942.31,NA,NA,NA,NA,NA,NA,NA,NA,NA,Angelino’s Coffee,NA,NA,NA,NA,NA,NA,NA,NA,NA,NA,NA,NA,NA,NA,NA,NA,NA,NA,NA,NA,NA,NA,NA,NA,NA,288.81,55.20,NA,NA,NA,NA,NA,NA,NA,NA,NA,NA,NA,NA,NA,NA,NA,NA,NA,NA,NA,NA,NA,NA,NA,NA,NA,NA,NA,NA,NA,NA,NA,NA,NA,NA,NA
Mexico,2024,COE,auction,Traditional Washed Processes,https://allianceforcoffeeexcellence.org/mexico-2024/,5,1B,NA,La Perla,NA,NA,90.79,success,NA,NA,NA,NA,14629.62,NA,NA,NA,NA,NA,NA,NA,NA,NA,Wataru for ROKUMEI COFFEE CO.,NA,NA,NA,NA,NA,NA,NA,NA,NA,NA,NA,NA,NA,NA,NA,NA,NA,NA,NA,NA,NA,NA,NA,NA,NA,264.55,55.30,NA,NA,NA,NA,NA,NA,NA,NA,NA,NA,NA,NA,NA,NA,NA,NA,NA,NA,NA,NA,NA,NA,NA,NA,NA,NA,NA,NA,NA,NA,NA,NA,NA,NA,NA
Mexico,2024,COE,auction,Traditional Washed Processes,https://allianceforcoffeeexcellence.org/mexico-2024/,5,2,NA,Monokiemo,NA,NA,90.63,success,NA,NA,NA,NA,9622.11,NA,NA,NA,NA,NA,NA,NA,NA,NA,"George Howell, Idle Hands Coffee, Bean & Bean Coffee (NY) and Cosmetocafe",NA,NA,NA,NA,NA,NA,NA,NA,NA,NA,NA,NA,NA,NA,NA,NA,NA,NA,NA,NA,NA,NA,NA,NA,NA,447.54,21.50,NA,NA,NA,NA,NA,NA,NA,NA,NA,NA,NA,NA,NA,NA,NA,NA,NA,NA,NA,NA,NA,NA,NA,NA,NA,NA,NA,NA,NA,NA,NA,NA,NA,NA,NA
Mexico,2024,COE,auction,Traditional Washed Processes,https://allianceforcoffeeexcellence.org/mexico-2024/,5,3,NA,Palma,NA,NA,89.58,success,NA,NA,NA,NA,24112.59,NA,NA,NA,NA,NA,NA,NA,NA,NA,"GSC International Co., Ltd",NA,NA,NA,NA,NA,NA,NA,NA,NA,NA,NA,NA,NA,NA,NA,NA,NA,NA,NA,NA,NA,NA,NA,NA,NA,1479.30,16.30,NA,NA,NA,NA,NA,NA,NA,NA,NA,NA,NA,NA,NA,NA,NA,NA,NA,NA,NA,NA,NA,NA,NA,NA,NA,NA,NA,NA,NA,NA,NA,NA,NA,NA,NA
Mexico,2024,COE,auction,Traditional Washed Processes,https://allianceforcoffeeexcellence.org/mexico-2024/,5,4,NA,Peña Blanca,NA,NA,89.03,success,NA,NA,NA,NA,6095.38,NA,NA,NA,NA,NA,NA,NA,NA,NA,KARIOMONS COFFEE ＆ SHRUB COFFEE  by Marukai.,NA,NA,NA,NA,NA,NA,NA,NA,NA,NA,NA,NA,NA,NA,NA,NA,NA,NA,NA,NA,NA,NA,NA,NA,NA,423.29,14.40,NA,NA,NA,NA,NA,NA,NA,NA,NA,NA,NA,NA,NA,NA,NA,NA,NA,NA,NA,NA,NA,NA,NA,NA,NA,NA,NA,NA,NA,NA,NA,NA,NA,NA,NA
Mexico,2024,COE,auction,Traditional Washed Processes,https://allianceforcoffeeexcellence.org/mexico-2024/,5,5,NA,Ocoteno,NA,NA,88.63,success,NA,NA,NA,NA,7410.83,NA,NA,NA,NA,NA,NA,NA,NA,NA,SAVAYA COFFEE LLC,NA,NA,NA,NA,NA,NA,NA,NA,NA,NA,NA,NA,NA,NA,NA,NA,NA,NA,NA,NA,NA,NA,NA,NA,NA,548.95,13.50,NA,NA,NA,NA,NA,NA,NA,NA,NA,NA,NA,NA,NA,NA,NA,NA,NA,NA,NA,NA,NA,NA,NA,NA,NA,NA,NA,NA,NA,NA,NA,NA,NA,NA,NA
Mexico,2024,COE,auction,Traditional Washed Processes,https://allianceforcoffeeexcellence.org/mexico-2024/,5,6,NA,Tapula,NA,NA,87.61,success,NA,NA,NA,NA,8362.56,NA,NA,NA,NA,NA,NA,NA,NA,NA,"Wataru & Co., Ltd.",NA,NA,NA,NA,NA,NA,NA,NA,NA,NA,NA,NA,NA,NA,NA,NA,NA,NA,NA,NA,NA,NA,NA,NA,NA,720.91,11.60,NA,NA,NA,NA,NA,NA,NA,NA,NA,NA,NA,NA,NA,NA,NA,NA,NA,NA,NA,NA,NA,NA,NA,NA,NA,NA,NA,NA,NA,NA,NA,NA,NA,NA,NA
Mexico,2024,COE,auction,Traditional Washed Processes,https://allianceforcoffeeexcellence.org/mexico-2024/,5,7,NA,Ahuateno,NA,NA,87.58,success,NA,NA,NA,NA,6543.27,NA,NA,NA,NA,NA,NA,NA,NA,NA,Fadie Sasaguri Roastery Corporation,NA,NA,NA,NA,NA,NA,NA,NA,NA,NA,NA,NA,NA,NA,NA,NA,NA,NA,NA,NA,NA,NA,NA,NA,NA,617.29,10.60,NA,NA,NA,NA,NA,NA,NA,NA,NA,NA,NA,NA,NA,NA,NA,NA,NA,NA,NA,NA,NA,NA,NA,NA,NA,NA,NA,NA,NA,NA,NA,NA,NA,NA,NA
Mexico,2024,COE,auction,Traditional Washed Processes,https://allianceforcoffeeexcellence.org/mexico-2024/,5,8,NA,El Izote,NA,NA,87.58,success,NA,NA,NA,NA,7147.57,NA,NA,NA,NA,NA,NA,NA,NA,NA,"Wataru & Co., Ltd.",NA,NA,NA,NA,NA,NA,NA,NA,NA,NA,NA,NA,NA,NA,NA,NA,NA,NA,NA,NA,NA,NA,NA,NA,NA,707.68,10.10,NA,NA,NA,NA,NA,NA,NA,NA,NA,NA,NA,NA,NA,NA,NA,NA,NA,NA,NA,NA,NA,NA,NA,NA,NA,NA,NA,NA,NA,NA,NA,NA,NA,NA,NA
Mexico,2024,COE,auction,Traditional Washed Processes,https://allianceforcoffeeexcellence.org/mexico-2024/,5,9,NA,Los Pinos,NA,NA,87.26,success,NA,NA,NA,NA,4609.24,NA,NA,NA,NA,NA,NA,NA,NA,NA,"Wataru & Co., Ltd.",NA,NA,NA,NA,NA,NA,NA,NA,NA,NA,NA,NA,NA,NA,NA,NA,NA,NA,NA,NA,NA,NA,NA,NA,NA,456.36,10.10,NA,NA,NA,NA,NA,NA,NA,NA,NA,NA,NA,NA,NA,NA,NA,NA,NA,NA,NA,NA,NA,NA,NA,NA,NA,NA,NA,NA,NA,NA,NA,NA,NA,NA,NA
Mexico,2024,COE,auction,Traditional Washed Processes,https://allianceforcoffeeexcellence.org/mexico-2024/,5,10,NA,Sol y Lluvia,NA,NA,87.24,success,NA,NA,NA,NA,8818.50,NA,NA,NA,NA,NA,NA,NA,NA,NA,"Wataru & Co., Ltd.",NA,NA,NA,NA,NA,NA,NA,NA,NA,NA,NA,NA,NA,NA,NA,NA,NA,NA,NA,NA,NA,NA,NA,NA,NA,881.85,10.00,NA,NA,NA,NA,NA,NA,NA,NA,NA,NA,NA,NA,NA,NA,NA,NA,NA,NA,NA,NA,NA,NA,NA,NA,NA,NA,NA,NA,NA,NA,NA,NA,NA,NA,NA
Mexico,2024,COE,auction,Experimental,https://allianceforcoffeeexcellence.org/mexico-2024/,6,1A,NA,Pocitos,NA,NA,90.66,success,NA,NA,NA,NA,11216.11,NA,NA,NA,NA,NA,NA,NA,NA,NA,ECOM Japan for TSUJIMOTO COFFEE & Puente Coffee,NA,NA,NA,NA,NA,NA,NA,NA,NA,NA,NA,NA,NA,NA,NA,NA,NA,NA,NA,NA,NA,NA,NA,NA,NA,275.58,40.7,NA,NA,NA,NA,NA,NA,NA,NA,NA,NA,NA,NA,NA,NA,NA,NA,NA,NA,NA,NA,NA,NA,NA,NA,NA,NA,NA,NA,NA,NA,NA,NA,NA,NA,NA
Mexico,2024,COE,auction,Experimental,https://allianceforcoffeeexcellence.org/mexico-2024/,6,1B,NA,Pocitos,NA,NA,90.66,success,NA,NA,NA,NA,10634.91,NA,NA,NA,NA,NA,NA,NA,NA,NA,AL QAHWA AL ARABIAH,NA,NA,NA,NA,NA,NA,NA,NA,NA,NA,NA,NA,NA,NA,NA,NA,NA,NA,NA,NA,NA,NA,NA,NA,NA,264.55,40.2,NA,NA,NA,NA,NA,NA,NA,NA,NA,NA,NA,NA,NA,NA,NA,NA,NA,NA,NA,NA,NA,NA,NA,NA,NA,NA,NA,NA,NA,NA,NA,NA,NA,NA,NA
Mexico,2024,COE,auction,Experimental,https://allianceforcoffeeexcellence.org/mexico-2024/,6,2,NA,La Gruta,NA,NA,90.32,success,NA,NA,NA,NA,6746.08,NA,NA,NA,NA,NA,NA,NA,NA,NA,AL CAFECI SA DE CV,NA,NA,NA,NA,NA,NA,NA,NA,NA,NA,NA,NA,NA,NA,NA,NA,NA,NA,NA,NA,NA,NA,NA,NA,NA,440.92,15.3,NA,NA,NA,NA,NA,NA,NA,NA,NA,NA,NA,NA,NA,NA,NA,NA,NA,NA,NA,NA,NA,NA,NA,NA,NA,NA,NA,NA,NA,NA,NA,NA,NA,NA,NA
Mexico,2024,COE,auction,Experimental,https://allianceforcoffeeexcellence.org/mexico-2024/,6,3,NA,Las Barrancas,NA,NA,90.26,success,NA,NA,NA,NA,7434.00,NA,NA,NA,NA,NA,NA,NA,NA,NA,AL CAFECI SA DE CV,NA,NA,NA,NA,NA,NA,NA,NA,NA,NA,NA,NA,NA,NA,NA,NA,NA,NA,NA,NA,NA,NA,NA,NA,NA,619.50,12,NA,NA,NA,NA,NA,NA,NA,NA,NA,NA,NA,NA,NA,NA,NA,NA,NA,NA,NA,NA,NA,NA,NA,NA,NA,NA,NA,NA,NA,NA,NA,NA,NA,NA,NA
Mexico,2024,COE,auction,Experimental,https://allianceforcoffeeexcellence.org/mexico-2024/,6,4,NA,Sinai,NA,NA,89.82,success,NA,NA,NA,NA,12465.11,NA,NA,NA,NA,NA,NA,NA,NA,NA,"PRIVATE RESERVE(中國長沙), ROSE CAFE 玫瑰咖啡，珈琲光景，ALWAYS COFFEE，Blossom Valley 东莞市宸峄国际",NA,NA,NA,NA,NA,NA,NA,NA,NA,NA,NA,NA,NA,NA,NA,NA,NA,NA,NA,NA,NA,NA,NA,NA,NA,884.05,14.1,NA,NA,NA,NA,NA,NA,NA,NA,NA,NA,NA,NA,NA,NA,NA,NA,NA,NA,NA,NA,NA,NA,NA,NA,NA,NA,NA,NA,NA,NA,NA,NA,NA,NA,NA
Mexico,2024,COE,auction,Experimental,https://allianceforcoffeeexcellence.org/mexico-2024/,6,5,NA,Trebolillos,NA,NA,88.53,success,NA,NA,NA,NA,10368.13,NA,NA,NA,NA,NA,NA,NA,NA,NA,honu加藤珈琲店株式会社,NA,NA,NA,NA,NA,NA,NA,NA,NA,NA,NA,NA,NA,NA,NA,NA,NA,NA,NA,NA,NA,NA,NA,NA,NA,791.46,13.1,NA,NA,NA,NA,NA,NA,NA,NA,NA,NA,NA,NA,NA,NA,NA,NA,NA,NA,NA,NA,NA,NA,NA,NA,NA,NA,NA,NA,NA,NA,NA,NA,NA,NA,NA
Mexico,2024,COE,auction,Experimental,https://allianceforcoffeeexcellence.org/mexico-2024/,6,6,NA,Zacatlami,NA,NA,88.08,success,NA,NA,NA,NA,7374.45,NA,NA,NA,NA,NA,NA,NA,NA,NA,Cypher Urban Roastery,NA,NA,NA,NA,NA,NA,NA,NA,NA,NA,NA,NA,NA,NA,NA,NA,NA,NA,NA,NA,NA,NA,NA,NA,NA,491.63,15,NA,NA,NA,NA,NA,NA,NA,NA,NA,NA,NA,NA,NA,NA,NA,NA,NA,NA,NA,NA,NA,NA,NA,NA,NA,NA,NA,NA,NA,NA,NA,NA,NA,NA,NA
Mexico,2024,COE,auction,Experimental,https://allianceforcoffeeexcellence.org/mexico-2024/,6,7,NA,Apipias,NA,NA,87.89,success,NA,NA,NA,NA,10352.49,NA,NA,NA,NA,NA,NA,NA,NA,NA,Brew92,NA,NA,NA,NA,NA,NA,NA,NA,NA,NA,NA,NA,NA,NA,NA,NA,NA,NA,NA,NA,NA,NA,NA,NA,NA,976.65,10.6,NA,NA,NA,NA,NA,NA,NA,NA,NA,NA,NA,NA,NA,NA,NA,NA,NA,NA,NA,NA,NA,NA,NA,NA,NA,NA,NA,NA,NA,NA,NA,NA,NA,NA,NA
Mexico,2024,COE,auction,Experimental,https://allianceforcoffeeexcellence.org/mexico-2024/,6,8,NA,Las Delicias,NA,NA,87.87,success,NA,NA,NA,NA,8928.91,NA,NA,NA,NA,NA,NA,NA,NA,NA,"Wataru & Co., Ltd.",NA,NA,NA,NA,NA,NA,NA,NA,NA,NA,NA,NA,NA,NA,NA,NA,NA,NA,NA,NA,NA,NA,NA,NA,NA,884.05,10.1,NA,NA,NA,NA,NA,NA,NA,NA,NA,NA,NA,NA,NA,NA,NA,NA,NA,NA,NA,NA,NA,NA,NA,NA,NA,NA,NA,NA,NA,NA,NA,NA,NA,NA,NA
Mexico,2024,COE,auction,Experimental,https://allianceforcoffeeexcellence.org/mexico-2024/,6,9,NA,El Río,NA,NA,87.74,success,NA,NA,NA,NA,10562.79,NA,NA,NA,NA,NA,NA,NA,NA,NA,Cafe Kreyol,NA,NA,NA,NA,NA,NA,NA,NA,NA,NA,NA,NA,NA,NA,NA,NA,NA,NA,NA,NA,NA,NA,NA,NA,NA,996.49,10.6,NA,NA,NA,NA,NA,NA,NA,NA,NA,NA,NA,NA,NA,NA,NA,NA,NA,NA,NA,NA,NA,NA,NA,NA,NA,NA,NA,NA,NA,NA,NA,NA,NA,NA,NA
Mexico,2024,COE,auction,Experimental,https://allianceforcoffeeexcellence.org/mexico-2024/,6,10,NA,Huehuetepan,NA,NA,87.71,success,NA,NA,NA,NA,11299.82,NA,NA,NA,NA,NA,NA,NA,NA,NA,Cypher Urban Roastery,NA,NA,NA,NA,NA,NA,NA,NA,NA,NA,NA,NA,NA,NA,NA,NA,NA,NA,NA,NA,NA,NA,NA,NA,NA,443.13,25.5,NA,NA,NA,NA,NA,NA,NA,NA,NA,NA,NA,NA,NA,NA,NA,NA,NA,NA,NA,NA,NA,NA,NA,NA,NA,NA,NA,NA,NA,NA,NA,NA,NA,NA,NA
Mexico,2024,NW,auction,TRADITIONAL WASHED PROCESSES,https://allianceforcoffeeexcellence.org/mexico-2024/,9,NW,NA,Esmeralda,NA,NA,87.11,success,NA,NA,NA,NA,"$2,685.24",NA,NA,NA,NA,NA,NA,NA,NA,NA,AL CAFECI SA DE CV,NA,NA,NA,NA,NA,NA,NA,NA,NA,NA,NA,NA,NA,NA,NA,NA,NA,NA,NA,NA,NA,NA,NA,NA,NA,447.54,$6.00,NA,NA,NA,NA,NA,NA,NA,NA,NA,NA,NA,NA,NA,NA,NA,NA,NA,NA,NA,NA,NA,NA,NA,NA,NA,NA,NA,NA,NA,NA,NA,NA,NA,NA,NA
Mexico,2024,NW,auction,TRADITIONAL WASHED PROCESSES,https://allianceforcoffeeexcellence.org/mexico-2024/,9,NW,NA,Capolcuahutitan,NA,NA,87.05,success,NA,NA,NA,NA,$2711.68,NA,NA,NA,NA,NA,NA,NA,NA,NA,"Wataru & Co., Ltd.",NA,NA,NA,NA,NA,NA,NA,NA,NA,NA,NA,NA,NA,NA,NA,NA,NA,NA,NA,NA,NA,NA,NA,NA,NA,451.95,$6.00,NA,NA,NA,NA,NA,NA,NA,NA,NA,NA,NA,NA,NA,NA,NA,NA,NA,NA,NA,NA,NA,NA,NA,NA,NA,NA,NA,NA,NA,NA,NA,NA,NA,NA,NA
Mexico,2024,NW,auction,TRADITIONAL WASHED PROCESSES,https://allianceforcoffeeexcellence.org/mexico-2024/,9,NW,NA,Las Chicharras,NA,NA,87.03,success,NA,NA,NA,NA,"$3,245.18",NA,NA,NA,NA,NA,NA,NA,NA,NA,Exportadora de Cafe California,NA,NA,NA,NA,NA,NA,NA,NA,NA,NA,NA,NA,NA,NA,NA,NA,NA,NA,NA,NA,NA,NA,NA,NA,NA,507.06,$6.40,NA,NA,NA,NA,NA,NA,NA,NA,NA,NA,NA,NA,NA,NA,NA,NA,NA,NA,NA,NA,NA,NA,NA,NA,NA,NA,NA,NA,NA,NA,NA,NA,NA,NA,NA
Mexico,2024,NW,auction,TRADITIONAL HONEY & NATURAL PROCESSES,https://allianceforcoffeeexcellence.org/mexico-2024/,10,NW,NA,La Gloria,NA,NA,87.11,success,NA,NA,NA,NA,"$2,847.29",NA,NA,NA,NA,NA,NA,NA,NA,NA,Brew92,NA,NA,NA,NA,NA,NA,NA,NA,NA,NA,NA,NA,NA,NA,NA,NA,NA,NA,NA,NA,NA,NA,NA,NA,NA,451.95,$6.30,NA,NA,NA,NA,NA,NA,NA,NA,NA,NA,NA,NA,NA,NA,NA,NA,NA,NA,NA,NA,NA,NA,NA,NA,NA,NA,NA,NA,NA,NA,NA,NA,NA,NA,NA
Mexico,2025,COE,auction,Traditional Washed Processes,https://allianceforcoffeeexcellence.org/mexico-2025/,4,1A,NA,Finca Santa Cruz,NA,NA,"91,36",success,NA,NA,NA,NA,$18835.96,NA,NA,NA,NA,NA,NA,NA,NA,NA,FISHER COFFEE啡舍、0566 珈琲製作所/0566 COFFEE bid by Ecofarm Coffee (China),NA,NA,NA,NA,NA,NA,NA,NA,NA,NA,NA,NA,NA,NA,NA,NA,NA,NA,NA,NA,NA,NA,NA,NA,NA,264.55lbs,$71.20/lb,NA,NA,NA,NA,NA,NA,NA,NA,NA,NA,NA,NA,NA,NA,NA,NA,NA,NA,NA,NA,NA,NA,NA,NA,NA,NA,NA,NA,NA,NA,NA,NA,NA,NA,NA
Mexico,2025,COE,auction,Traditional Washed Processes,https://allianceforcoffeeexcellence.org/mexico-2025/,4,1B,NA,Finca Santa Cruz,NA,NA,"91,36",success,NA,NA,NA,NA,$14484.66,NA,NA,NA,NA,NA,NA,NA,NA,NA,"Coffee Me Up (Korea), GeeCoffee, Coffee Therapy (Thailand), Haewol Coffee",NA,NA,NA,NA,NA,NA,NA,NA,NA,NA,NA,NA,NA,NA,NA,NA,NA,NA,NA,NA,NA,NA,NA,NA,NA,198.42lbs,$73.00/lb,NA,NA,NA,NA,NA,NA,NA,NA,NA,NA,NA,NA,NA,NA,NA,NA,NA,NA,NA,NA,NA,NA,NA,NA,NA,NA,NA,NA,NA,NA,NA,NA,NA,NA,NA
Mexico,2025,COE,auction,Traditional Washed Processes,https://allianceforcoffeeexcellence.org/mexico-2025/,4,2,NA,Finca Don Gustavo,NA,NA,"90,58",success,NA,NA,NA,NA,$21494.85,NA,NA,NA,NA,NA,NA,NA,NA,NA,Snow Beans Coffee,NA,NA,NA,NA,NA,NA,NA,NA,NA,NA,NA,NA,NA,NA,NA,NA,NA,NA,NA,NA,NA,NA,NA,NA,NA,330.69lbs,$65.00/lb,NA,NA,NA,NA,NA,NA,NA,NA,NA,NA,NA,NA,NA,NA,NA,NA,NA,NA,NA,NA,NA,NA,NA,NA,NA,NA,NA,NA,NA,NA,NA,NA,NA,NA,NA
Mexico,2025,COE,auction,Traditional Washed Processes,https://allianceforcoffeeexcellence.org/mexico-2025/,4,3,NA,Los Manantiales,NA,NA,"89,36",success,NA,NA,NA,NA,$11620.55,NA,NA,NA,NA,NA,NA,NA,NA,NA,Angelino’s Coffee,NA,NA,NA,NA,NA,NA,NA,NA,NA,NA,NA,NA,NA,NA,NA,NA,NA,NA,NA,NA,NA,NA,NA,NA,NA,462.97lbs,$25.10/lb,NA,NA,NA,NA,NA,NA,NA,NA,NA,NA,NA,NA,NA,NA,NA,NA,NA,NA,NA,NA,NA,NA,NA,NA,NA,NA,NA,NA,NA,NA,NA,NA,NA,NA,NA
Mexico,2025,COE,auction,Traditional Washed Processes,https://allianceforcoffeeexcellence.org/mexico-2025/,4,4,NA,Finca Ocoxotla,NA,NA,"88,11",success,NA,NA,NA,NA,$8901.81,NA,NA,NA,NA,NA,NA,NA,NA,NA,Wataru for Marumi Coffee,NA,NA,NA,NA,NA,NA,NA,NA,NA,NA,NA,NA,NA,NA,NA,NA,NA,NA,NA,NA,NA,NA,NA,NA,NA,328.48lbs,$27.10/lb,NA,NA,NA,NA,NA,NA,NA,NA,NA,NA,NA,NA,NA,NA,NA,NA,NA,NA,NA,NA,NA,NA,NA,NA,NA,NA,NA,NA,NA,NA,NA,NA,NA,NA,NA
Mexico,2025,COE,auction,Traditional Washed Processes,https://allianceforcoffeeexcellence.org/mexico-2025/,4,5,NA,Finca Fátima,NA,NA,"88,03",success,NA,NA,NA,NA,$13214.55,NA,NA,NA,NA,NA,NA,NA,NA,NA,Brew92 Cafe & Roastery,NA,NA,NA,NA,NA,NA,NA,NA,NA,NA,NA,NA,NA,NA,NA,NA,NA,NA,NA,NA,NA,NA,NA,NA,NA,595.25lbs,$22.20/lb,NA,NA,NA,NA,NA,NA,NA,NA,NA,NA,NA,NA,NA,NA,NA,NA,NA,NA,NA,NA,NA,NA,NA,NA,NA,NA,NA,NA,NA,NA,NA,NA,NA,NA,NA
Mexico,2025,COE,auction,Traditional Washed Processes,https://allianceforcoffeeexcellence.org/mexico-2025/,4,6,NA,Finca Momokømo,NA,NA,"87,94",success,NA,NA,NA,NA,$7460.45,NA,NA,NA,NA,NA,NA,NA,NA,NA,"SHRUB COFFEE by Marukai, Huracan Coffee",NA,NA,NA,NA,NA,NA,NA,NA,NA,NA,NA,NA,NA,NA,NA,NA,NA,NA,NA,NA,NA,NA,NA,NA,NA,529.11lbs,$14.10/lb,NA,NA,NA,NA,NA,NA,NA,NA,NA,NA,NA,NA,NA,NA,NA,NA,NA,NA,NA,NA,NA,NA,NA,NA,NA,NA,NA,NA,NA,NA,NA,NA,NA,NA,NA
Mexico,2025,COE,auction,Traditional Washed Processes,https://allianceforcoffeeexcellence.org/mexico-2025/,4,7,NA,Finca San José,NA,NA,"87,56",success,NA,NA,NA,NA,$12592.78,NA,NA,NA,NA,NA,NA,NA,NA,NA,honu加藤珈琲店株式会社,NA,NA,NA,NA,NA,NA,NA,NA,NA,NA,NA,NA,NA,NA,NA,NA,NA,NA,NA,NA,NA,NA,NA,NA,NA,925.94lbs,$13.60/lb,NA,NA,NA,NA,NA,NA,NA,NA,NA,NA,NA,NA,NA,NA,NA,NA,NA,NA,NA,NA,NA,NA,NA,NA,NA,NA,NA,NA,NA,NA,NA,NA,NA,NA,NA
Mexico,2025,COE,auction,Traditional Washed Processes,https://allianceforcoffeeexcellence.org/mexico-2025/,4,8,NA,Finca La Lomita,NA,NA,"87,56",success,NA,NA,NA,NA,$9457.73,NA,NA,NA,NA,NA,NA,NA,NA,NA,NOZY COFFEE,NA,NA,NA,NA,NA,NA,NA,NA,NA,NA,NA,NA,NA,NA,NA,NA,NA,NA,NA,NA,NA,NA,NA,NA,NA,330.69lbs,$28.60/lb,NA,NA,NA,NA,NA,NA,NA,NA,NA,NA,NA,NA,NA,NA,NA,NA,NA,NA,NA,NA,NA,NA,NA,NA,NA,NA,NA,NA,NA,NA,NA,NA,NA,NA,NA
Mexico,2025,COE,auction,Traditional Washed Processes,https://allianceforcoffeeexcellence.org/mexico-2025/,4,9,NA,Finca El Izote,NA,NA,"87,47",success,NA,NA,NA,NA,$12685.38,NA,NA,NA,NA,NA,NA,NA,NA,NA,"Wataru & Co., Ltd.",NA,NA,NA,NA,NA,NA,NA,NA,NA,NA,NA,NA,NA,NA,NA,NA,NA,NA,NA,NA,NA,NA,NA,NA,NA,925.94lbs,$13.70/lb,NA,NA,NA,NA,NA,NA,NA,NA,NA,NA,NA,NA,NA,NA,NA,NA,NA,NA,NA,NA,NA,NA,NA,NA,NA,NA,NA,NA,NA,NA,NA,NA,NA,NA,NA
Mexico,2025,COE,auction,Traditional Washed Processes,https://allianceforcoffeeexcellence.org/mexico-2025/,4,10,NA,Rancho El Separo,NA,NA,"87,36",success,NA,NA,NA,NA,$10112.53,NA,NA,NA,NA,NA,NA,NA,NA,NA,Kaffebrenneriet as,NA,NA,NA,NA,NA,NA,NA,NA,NA,NA,NA,NA,NA,NA,NA,NA,NA,NA,NA,NA,NA,NA,NA,NA,NA,727.52lbs,$13.90/lb,NA,NA,NA,NA,NA,NA,NA,NA,NA,NA,NA,NA,NA,NA,NA,NA,NA,NA,NA,NA,NA,NA,NA,NA,NA,NA,NA,NA,NA,NA,NA,NA,NA,NA,NA
Mexico,2025,COE,auction,Traditional Honey & Natural Processes,https://allianceforcoffeeexcellence.org/mexico-2025/,5,1A,NA,Finca Santa Cruz,NA,NA,"90,83",success,NA,NA,NA,NA,$20601.99,NA,NA,NA,NA,NA,NA,NA,NA,NA,"CAMEL COFFEE CO.,LTD. (KALDI COFFEE FARM)",NA,NA,NA,NA,NA,NA,NA,NA,NA,NA,NA,NA,NA,NA,NA,NA,NA,NA,NA,NA,NA,NA,NA,NA,NA,330.69lbs,$62.30/lb,NA,NA,NA,NA,NA,NA,NA,NA,NA,NA,NA,NA,NA,NA,NA,NA,NA,NA,NA,NA,NA,NA,NA,NA,NA,NA,NA,NA,NA,NA,NA,NA,NA,NA,NA
Mexico,2025,COE,auction,Traditional Honey & Natural Processes,https://allianceforcoffeeexcellence.org/mexico-2025/,5,1B,NA,Finca Santa Cruz,NA,NA,"90,83",success,NA,NA,NA,NA,$21018.08,NA,NA,NA,NA,NA,NA,NA,NA,NA,"CAMEL COFFEE CO.,LTD. (KALDI COFFEE FARM)",NA,NA,NA,NA,NA,NA,NA,NA,NA,NA,NA,NA,NA,NA,NA,NA,NA,NA,NA,NA,NA,NA,NA,NA,NA,299.83lbs,$70.10/lb,NA,NA,NA,NA,NA,NA,NA,NA,NA,NA,NA,NA,NA,NA,NA,NA,NA,NA,NA,NA,NA,NA,NA,NA,NA,NA,NA,NA,NA,NA,NA,NA,NA,NA,NA
Mexico,2025,COE,auction,Traditional Honey & Natural Processes,https://allianceforcoffeeexcellence.org/mexico-2025/,5,2,NA,El Ocote,NA,NA,"90,75",success,NA,NA,NA,NA,$17022.23,NA,NA,NA,NA,NA,NA,NA,NA,NA,Cafe Kreyol,NA,NA,NA,NA,NA,NA,NA,NA,NA,NA,NA,NA,NA,NA,NA,NA,NA,NA,NA,NA,NA,NA,NA,NA,NA,456.36lbs,$37.30/lb,NA,NA,NA,NA,NA,NA,NA,NA,NA,NA,NA,NA,NA,NA,NA,NA,NA,NA,NA,NA,NA,NA,NA,NA,NA,NA,NA,NA,NA,NA,NA,NA,NA,NA,NA
Mexico,2025,COE,auction,Traditional Honey & Natural Processes,https://allianceforcoffeeexcellence.org/mexico-2025/,5,3,NA,Finca La Luz,NA,NA,"89,00",success,NA,NA,NA,NA,$7083.59,NA,NA,NA,NA,NA,NA,NA,NA,NA,DECAMERON COFFEE 十日谈,NA,NA,NA,NA,NA,NA,NA,NA,NA,NA,NA,NA,NA,NA,NA,NA,NA,NA,NA,NA,NA,NA,NA,NA,NA,198.42lbs,$35.70/lb,NA,NA,NA,NA,NA,NA,NA,NA,NA,NA,NA,NA,NA,NA,NA,NA,NA,NA,NA,NA,NA,NA,NA,NA,NA,NA,NA,NA,NA,NA,NA,NA,NA,NA,NA
Mexico,2025,COE,auction,Traditional Honey & Natural Processes,https://allianceforcoffeeexcellence.org/mexico-2025/,5,4,NA,Finca Huehuetepan,NA,NA,"87,92",success,NA,NA,NA,NA,$9118.24,NA,NA,NA,NA,NA,NA,NA,NA,NA,C&B coffee roasters,NA,NA,NA,NA,NA,NA,NA,NA,NA,NA,NA,NA,NA,NA,NA,NA,NA,NA,NA,NA,NA,NA,NA,NA,NA,388.01lbs,$23.50/lb,NA,NA,NA,NA,NA,NA,NA,NA,NA,NA,NA,NA,NA,NA,NA,NA,NA,NA,NA,NA,NA,NA,NA,NA,NA,NA,NA,NA,NA,NA,NA,NA,NA,NA,NA
Mexico,2025,COE,auction,Traditional Honey & Natural Processes,https://allianceforcoffeeexcellence.org/mexico-2025/,5,5,NA,Finca del Alba,NA,NA,"87,78",success,NA,NA,NA,NA,$12373.55,NA,NA,NA,NA,NA,NA,NA,NA,NA,"Cartel Coffee Roasters, Huracan Coffee",NA,NA,NA,NA,NA,NA,NA,NA,NA,NA,NA,NA,NA,NA,NA,NA,NA,NA,NA,NA,NA,NA,NA,NA,NA,647.83lbs,$19.10/lb,NA,NA,NA,NA,NA,NA,NA,NA,NA,NA,NA,NA,NA,NA,NA,NA,NA,NA,NA,NA,NA,NA,NA,NA,NA,NA,NA,NA,NA,NA,NA,NA,NA,NA,NA
Mexico,2025,COE,auction,Traditional Honey & Natural Processes,https://allianceforcoffeeexcellence.org/mexico-2025/,5,6,NA,Finca Zapotitla,NA,NA,"87,72",success,NA,NA,NA,NA,$9494.14,NA,NA,NA,NA,NA,NA,NA,NA,NA,Sulalat,NA,NA,NA,NA,NA,NA,NA,NA,NA,NA,NA,NA,NA,NA,NA,NA,NA,NA,NA,NA,NA,NA,NA,NA,NA,363.76lbs,$26.10/lb,NA,NA,NA,NA,NA,NA,NA,NA,NA,NA,NA,NA,NA,NA,NA,NA,NA,NA,NA,NA,NA,NA,NA,NA,NA,NA,NA,NA,NA,NA,NA,NA,NA,NA,NA
Mexico,2025,COE,auction,Traditional Honey & Natural Processes,https://allianceforcoffeeexcellence.org/mexico-2025/,5,7,NA,Finca Xilontla,NA,NA,"87,61",success,NA,NA,NA,NA,$4959.11,NA,NA,NA,NA,NA,NA,NA,NA,NA,"Little Whale Coffee Limited, Huracan Coffee",NA,NA,NA,NA,NA,NA,NA,NA,NA,NA,NA,NA,NA,NA,NA,NA,NA,NA,NA,NA,NA,NA,NA,NA,NA,304.24lbs,$16.30/lb,NA,NA,NA,NA,NA,NA,NA,NA,NA,NA,NA,NA,NA,NA,NA,NA,NA,NA,NA,NA,NA,NA,NA,NA,NA,NA,NA,NA,NA,NA,NA,NA,NA,NA,NA
Mexico,2025,COE,auction,Traditional Honey & Natural Processes,https://allianceforcoffeeexcellence.org/mexico-2025/,5,8,NA,Rancho viejo-Kohmar,NA,NA,"87,58",success,NA,NA,NA,NA,$6424.00,NA,NA,NA,NA,NA,NA,NA,NA,NA,"Wataru & Co., Ltd.",NA,NA,NA,NA,NA,NA,NA,NA,NA,NA,NA,NA,NA,NA,NA,NA,NA,NA,NA,NA,NA,NA,NA,NA,NA,440lbs,$14.60/lb,NA,NA,NA,NA,NA,NA,NA,NA,NA,NA,NA,NA,NA,NA,NA,NA,NA,NA,NA,NA,NA,NA,NA,NA,NA,NA,NA,NA,NA,NA,NA,NA,NA,NA,NA
Mexico,2025,COE,auction,Traditional Honey & Natural Processes,https://allianceforcoffeeexcellence.org/mexico-2025/,5,9,NA,Finca Zacatlami,NA,NA,"87,56",success,NA,NA,NA,NA,$8085.45,NA,NA,NA,NA,NA,NA,NA,NA,NA,Monarch Haus,NA,NA,NA,NA,NA,NA,NA,NA,NA,NA,NA,NA,NA,NA,NA,NA,NA,NA,NA,NA,NA,NA,NA,NA,NA,496.04lbs,$16.30/lb,NA,NA,NA,NA,NA,NA,NA,NA,NA,NA,NA,NA,NA,NA,NA,NA,NA,NA,NA,NA,NA,NA,NA,NA,NA,NA,NA,NA,NA,NA,NA,NA,NA,NA,NA
Mexico,2025,COE,auction,Traditional Honey & Natural Processes,https://allianceforcoffeeexcellence.org/mexico-2025/,5,10,NA,Rancho el Separo,NA,NA,"87,44",success,NA,NA,NA,NA,$5026.49,NA,NA,NA,NA,NA,NA,NA,NA,NA,"Cultivar Coffee Roasting Co., Huracan Coffee, Carrboro Coffee Roasters",NA,NA,NA,NA,NA,NA,NA,NA,NA,NA,NA,NA,NA,NA,NA,NA,NA,NA,NA,NA,NA,NA,NA,NA,NA,330.69lbs,$15.20/lb,NA,NA,NA,NA,NA,NA,NA,NA,NA,NA,NA,NA,NA,NA,NA,NA,NA,NA,NA,NA,NA,NA,NA,NA,NA,NA,NA,NA,NA,NA,NA,NA,NA,NA,NA
Mexico,2025,COE,auction,Traditional Honey & Natural Processes,https://allianceforcoffeeexcellence.org/mexico-2025/,5,11,NA,Finca Alina,NA,NA,"87,19",success,NA,NA,NA,NA,$6912.83,NA,NA,NA,NA,NA,NA,NA,NA,NA,Black Sip Coffee Roasters,NA,NA,NA,NA,NA,NA,NA,NA,NA,NA,NA,NA,NA,NA,NA,NA,NA,NA,NA,NA,NA,NA,NA,NA,NA,443.13lbs,$15.60/lb,NA,NA,NA,NA,NA,NA,NA,NA,NA,NA,NA,NA,NA,NA,NA,NA,NA,NA,NA,NA,NA,NA,NA,NA,NA,NA,NA,NA,NA,NA,NA,NA,NA,NA,NA
Mexico,2025,COE,auction,Experimental,https://allianceforcoffeeexcellence.org/mexico-2025/,6,1A,NA,Finca la Palma,NA,NA,"89,78",success,NA,NA,NA,NA,$9531.11,NA,NA,NA,NA,NA,NA,NA,NA,NA,Sulalat,NA,NA,NA,NA,NA,NA,NA,NA,NA,NA,NA,NA,NA,NA,NA,NA,NA,NA,NA,NA,NA,NA,NA,NA,NA,246.92lbs,$38.60/lb,NA,NA,NA,NA,NA,NA,NA,NA,NA,NA,NA,NA,NA,NA,NA,NA,NA,NA,NA,NA,NA,NA,NA,NA,NA,NA,NA,NA,NA,NA,NA,NA,NA,NA,NA
Mexico,2025,COE,auction,Experimental,https://allianceforcoffeeexcellence.org/mexico-2025/,6,1B,NA,Finca la Palma,NA,NA,"89,78",success,NA,NA,NA,NA,$8055.85,NA,NA,NA,NA,NA,NA,NA,NA,NA,Monarch Haus,NA,NA,NA,NA,NA,NA,NA,NA,NA,NA,NA,NA,NA,NA,NA,NA,NA,NA,NA,NA,NA,NA,NA,NA,NA,198.42lbs,$40.60/lb,NA,NA,NA,NA,NA,NA,NA,NA,NA,NA,NA,NA,NA,NA,NA,NA,NA,NA,NA,NA,NA,NA,NA,NA,NA,NA,NA,NA,NA,NA,NA,NA,NA,NA,NA
Mexico,2025,COE,auction,Experimental,https://allianceforcoffeeexcellence.org/mexico-2025/,6,2,NA,Finca El Río,NA,NA,"89,39",success,NA,NA,NA,NA,$12751.55,NA,NA,NA,NA,NA,NA,NA,NA,NA,Cafe Kreyol,NA,NA,NA,NA,NA,NA,NA,NA,NA,NA,NA,NA,NA,NA,NA,NA,NA,NA,NA,NA,NA,NA,NA,NA,NA,529.11lbs,$24.10/lb,NA,NA,NA,NA,NA,NA,NA,NA,NA,NA,NA,NA,NA,NA,NA,NA,NA,NA,NA,NA,NA,NA,NA,NA,NA,NA,NA,NA,NA,NA,NA,NA,NA,NA,NA
Mexico,2025,COE,auction,Experimental,https://allianceforcoffeeexcellence.org/mexico-2025/,6,3,NA,Finca Pocitos,NA,NA,"88,94",success,NA,NA,NA,NA,$16137.86,NA,NA,NA,NA,NA,NA,NA,NA,NA,Cartel Coffee Roasters,NA,NA,NA,NA,NA,NA,NA,NA,NA,NA,NA,NA,NA,NA,NA,NA,NA,NA,NA,NA,NA,NA,NA,NA,NA,529.11lbs,$30.50/lb,NA,NA,NA,NA,NA,NA,NA,NA,NA,NA,NA,NA,NA,NA,NA,NA,NA,NA,NA,NA,NA,NA,NA,NA,NA,NA,NA,NA,NA,NA,NA,NA,NA,NA,NA
Mexico,2025,COE,auction,Experimental,https://allianceforcoffeeexcellence.org/mexico-2025/,6,4,NA,Finca Xilontla,NA,NA,"87,97",success,NA,NA,NA,NA,$4938.36,NA,NA,NA,NA,NA,NA,NA,NA,NA,Brew92 Cafe & Roastery,NA,NA,NA,NA,NA,NA,NA,NA,NA,NA,NA,NA,NA,NA,NA,NA,NA,NA,NA,NA,NA,NA,NA,NA,NA,352.74lbs,$14.00/lb,NA,NA,NA,NA,NA,NA,NA,NA,NA,NA,NA,NA,NA,NA,NA,NA,NA,NA,NA,NA,NA,NA,NA,NA,NA,NA,NA,NA,NA,NA,NA,NA,NA,NA,NA
Mexico,2025,COE,auction,Experimental,https://allianceforcoffeeexcellence.org/mexico-2025/,6,5,NA,Finca La Bendición,NA,NA,"87,78",success,NA,NA,NA,NA,$5217.16,NA,NA,NA,NA,NA,NA,NA,NA,NA,CAFE ESTELAR,NA,NA,NA,NA,NA,NA,NA,NA,NA,NA,NA,NA,NA,NA,NA,NA,NA,NA,NA,NA,NA,NA,NA,NA,NA,389.34lbs,$13.40/lb,NA,NA,NA,NA,NA,NA,NA,NA,NA,NA,NA,NA,NA,NA,NA,NA,NA,NA,NA,NA,NA,NA,NA,NA,NA,NA,NA,NA,NA,NA,NA,NA,NA,NA,NA
Mexico,2025,COE,auction,Experimental,https://allianceforcoffeeexcellence.org/mexico-2025/,6,6,NA,Finca Tierra Amarilla,NA,NA,"87,75",success,NA,NA,NA,NA,$6690.29,NA,NA,NA,NA,NA,NA,NA,NA,NA,"Wataru & Co., Ltd.",NA,NA,NA,NA,NA,NA,NA,NA,NA,NA,NA,NA,NA,NA,NA,NA,NA,NA,NA,NA,NA,NA,NA,NA,NA,506.84lbs,$13.20/lb,NA,NA,NA,NA,NA,NA,NA,NA,NA,NA,NA,NA,NA,NA,NA,NA,NA,NA,NA,NA,NA,NA,NA,NA,NA,NA,NA,NA,NA,NA,NA,NA,NA,NA,NA
Mexico,2025,COE,auction,Experimental,https://allianceforcoffeeexcellence.org/mexico-2025/,6,7,NA,Finca Trebolillos,NA,NA,"87,44",success,NA,NA,NA,NA,$6831.94,NA,NA,NA,NA,NA,NA,NA,NA,NA,"Al Cafeci, S.A. de C.V.",NA,NA,NA,NA,NA,NA,NA,NA,NA,NA,NA,NA,NA,NA,NA,NA,NA,NA,NA,NA,NA,NA,NA,NA,NA,513.68lbs,$13.30/lb,NA,NA,NA,NA,NA,NA,NA,NA,NA,NA,NA,NA,NA,NA,NA,NA,NA,NA,NA,NA,NA,NA,NA,NA,NA,NA,NA,NA,NA,NA,NA,NA,NA,NA,NA
Mexico,2025,COE,auction,Experimental,https://allianceforcoffeeexcellence.org/mexico-2025/,6,8,NA,Finca Regina,NA,NA,"87,11",success,NA,NA,NA,NA,$6626.19,NA,NA,NA,NA,NA,NA,NA,NA,NA,Mercanta The Coffee Hunters and Alchemist Coffee Singapore,NA,NA,NA,NA,NA,NA,NA,NA,NA,NA,NA,NA,NA,NA,NA,NA,NA,NA,NA,NA,NA,NA,NA,NA,NA,487.22lbs,$13.60/lb,NA,NA,NA,NA,NA,NA,NA,NA,NA,NA,NA,NA,NA,NA,NA,NA,NA,NA,NA,NA,NA,NA,NA,NA,NA,NA,NA,NA,NA,NA,NA,NA,NA,NA,NA
Mexico,2025,COE,auction,Experimental,https://allianceforcoffeeexcellence.org/mexico-2025/,6,9,NA,Finca Corahe,NA,NA,"87,00",success,NA,NA,NA,NA,$4827.26,NA,NA,NA,NA,NA,NA,NA,NA,NA,"Wataru & Co., Ltd.",NA,NA,NA,NA,NA,NA,NA,NA,NA,NA,NA,NA,NA,NA,NA,NA,NA,NA,NA,NA,NA,NA,NA,NA,NA,299.83lbs,$16.10/lb,NA,NA,NA,NA,NA,NA,NA,NA,NA,NA,NA,NA,NA,NA,NA,NA,NA,NA,NA,NA,NA,NA,NA,NA,NA,NA,NA,NA,NA,NA,NA,NA,NA,NA,NA
Mexico,2025,NW,auction,TRADITIONAL WASHED PROCESSES,https://allianceforcoffeeexcellence.org/mexico-2025/,9,NW,NA,Finca El Naranjo,NA,NA,"86,78",success,NA,NA,NA,NA,$8698.56,NA,NA,NA,NA,NA,NA,NA,NA,NA,Fadie Sasaguri Roastery Corporation,NA,NA,NA,NA,NA,NA,NA,NA,NA,NA,NA,NA,NA,NA,NA,NA,NA,NA,NA,NA,NA,NA,NA,NA,NA,906.1lbs,$9.60/lb,NA,NA,NA,NA,NA,NA,NA,NA,NA,NA,NA,NA,NA,NA,NA,NA,NA,NA,NA,NA,NA,NA,NA,NA,NA,NA,NA,NA,NA,NA,NA,NA,NA,NA,NA
Mexico,2025,NW,auction,TRADITIONAL WASHED PROCESSES,https://allianceforcoffeeexcellence.org/mexico-2025/,9,NW,NA,Finca Xoxohuico,NA,NA,"86,64",success,NA,NA,NA,NA,$1717.41,NA,NA,NA,NA,NA,NA,NA,NA,NA,Carrboro Coffee Roasters,NA,NA,NA,NA,NA,NA,NA,NA,NA,NA,NA,NA,NA,NA,NA,NA,NA,NA,NA,NA,NA,NA,NA,NA,NA,361.56lbs,$4.75/lb,NA,NA,NA,NA,NA,NA,NA,NA,NA,NA,NA,NA,NA,NA,NA,NA,NA,NA,NA,NA,NA,NA,NA,NA,NA,NA,NA,NA,NA,NA,NA,NA,NA,NA,NA
Mexico,2025,NW,auction,TRADITIONAL WASHED PROCESSES,https://allianceforcoffeeexcellence.org/mexico-2025/,9,NW,NA,Finca Los Vázquez,NA,NA,"86,47",success,NA,NA,NA,NA,$2610.30,NA,NA,NA,NA,NA,NA,NA,NA,NA,Savaya Coffee LLC,NA,NA,NA,NA,NA,NA,NA,NA,NA,NA,NA,NA,NA,NA,NA,NA,NA,NA,NA,NA,NA,NA,NA,NA,NA,407.86lbs,$6.40/lb,NA,NA,NA,NA,NA,NA,NA,NA,NA,NA,NA,NA,NA,NA,NA,NA,NA,NA,NA,NA,NA,NA,NA,NA,NA,NA,NA,NA,NA,NA,NA,NA,NA,NA,NA
Mexico,2025,NW,auction,EXPERIMENTAL,https://allianceforcoffeeexcellence.org/mexico-2025/,10,NW,NA,Finca Tepetzinta,NA,NA,"86,83",success,NA,NA,NA,NA,$3052.75,NA,NA,NA,NA,NA,NA,NA,NA,NA,"Al Cafeci, S.A. de C.V.",NA,NA,NA,NA,NA,NA,NA,NA,NA,NA,NA,NA,NA,NA,NA,NA,NA,NA,NA,NA,NA,NA,NA,NA,NA,500.45lbs,$6.10/lb,NA,NA,NA,NA,NA,NA,NA,NA,NA,NA,NA,NA,NA,NA,NA,NA,NA,NA,NA,NA,NA,NA,NA,NA,NA,NA,NA,NA,NA,NA,NA,NA,NA,NA,NA
Nicaragua,2017,NW,auction,NA,https://allianceforcoffeeexcellence.org/nicaragua-2017/,2,26,3,Fatima 2017,Tania Gabriela Ferrufino Norori,"Matagalpa, Matagalpa",85.87,success,NA,26,3,-/lb,–,,NA,NA,NA,NA,NA,NA,NA,NA,NA,NA,NA,NA,NA,NA,NA,NA,NA,NA,NA,NA,NA,NA,NA,NA,NA,NA,NA,NA,NA,NA,NA,NA,NA,NA,NA,NA,NA,NA,NA,NA,NA,NA,NA,NA,NA,NA,NA,NA,NA,NA,NA,NA,NA,NA,NA,NA,NA,NA,NA,NA,NA,NA,NA,NA,NA,NA,NA,NA,NA,NA,NA
Nicaragua,2017,NW,auction,NA,https://allianceforcoffeeexcellence.org/nicaragua-2017/,2,27,6,Cafetalera Entre Rios 2017,Roxana Margarita Somarriba Garcia,"Mozonte, Nueva Segovia",85.33,success,NA,27,6,-/lb,–,,NA,NA,NA,NA,NA,NA,NA,NA,NA,NA,NA,NA,NA,NA,NA,NA,NA,NA,NA,NA,NA,NA,NA,NA,NA,NA,NA,NA,NA,NA,NA,NA,NA,NA,NA,NA,NA,NA,NA,NA,NA,NA,NA,NA,NA,NA,NA,NA,NA,NA,NA,NA,NA,NA,NA,NA,NA,NA,NA,NA,NA,NA,NA,NA,NA,NA,NA,NA,NA,NA,NA
Nicaragua,2017,NW,auction,NA,https://allianceforcoffeeexcellence.org/nicaragua-2017/,2,28,6,San Pedro 2017,Rodrigo Peralta Paguaga,"Mozonte, Nueva Segovia",85.25,success,NA,28,6,-/lb,–,,NA,NA,NA,NA,NA,NA,NA,NA,NA,NA,NA,NA,NA,NA,NA,NA,NA,NA,NA,NA,NA,NA,NA,NA,NA,NA,NA,NA,NA,NA,NA,NA,NA,NA,NA,NA,NA,NA,NA,NA,NA,NA,NA,NA,NA,NA,NA,NA,NA,NA,NA,NA,NA,NA,NA,NA,NA,NA,NA,NA,NA,NA,NA,NA,NA,NA,NA,NA,NA,NA,NA
Nicaragua,2017,NW,auction,NA,https://allianceforcoffeeexcellence.org/nicaragua-2017/,2,29,6,Los Cheles 2017,Osmin Esau Herrera Ortez,"San Fernando, Nueva Segovia",84.29,success,NA,29,6,-/lb,–,,NA,NA,NA,NA,NA,NA,NA,NA,NA,NA,NA,NA,NA,NA,NA,NA,NA,NA,NA,NA,NA,NA,NA,NA,NA,NA,NA,NA,NA,NA,NA,NA,NA,NA,NA,NA,NA,NA,NA,NA,NA,NA,NA,NA,NA,NA,NA,NA,NA,NA,NA,NA,NA,NA,NA,NA,NA,NA,NA,NA,NA,NA,NA,NA,NA,NA,NA,NA,NA,NA,NA
Nicaragua,2017,NW,auction,NA,https://allianceforcoffeeexcellence.org/nicaragua-2017/,2,Stats:,Stats:,,,,,success,NA,,0,-/lb,$,NA,NA,NA,NA,NA,NA,NA,NA,NA,NA,NA,NA,NA,NA,NA,NA,NA,NA,NA,NA,NA,NA,NA,NA,NA,NA,NA,NA,NA,NA,NA,NA,NA,NA,NA,NA,NA,NA,NA,NA,NA,NA,NA,NA,NA,NA,NA,NA,NA,NA,NA,NA,NA,NA,NA,NA,NA,NA,NA,NA,NA,NA,NA,NA,NA,NA,NA,NA,NA,NA,NA,NA
Nicaragua,2018,NW,auction,NA,https://allianceforcoffeeexcellence.org/nicaragua-2018/,2,37,,San Ramon,Donald Efrain  Roque López,Nueva Segovia,85.69,success,NA,,"1,216.00",$4.00/lb,"$4,864.00","Cafe DAZAC, Coffee Sallim Factory, Juk-dong Cafe D, Crema Costa, Beanstore, Eungubiro Roasters",NA,NA,NA,NA,NA,NA,NA,NA,NA,NA,NA,NA,NA,NA,NA,NA,NA,NA,NA,NA,NA,NA,NA,NA,NA,NA,NA,NA,NA,NA,NA,NA,NA,NA,NA,NA,NA,NA,NA,NA,NA,NA,NA,NA,NA,NA,NA,NA,NA,NA,NA,NA,NA,NA,NA,NA,NA,NA,NA,NA,NA,NA,NA,NA,NA,NA,NA,NA,NA,NA,NA
Nicaragua,2018,NW,auction,NA,https://allianceforcoffeeexcellence.org/nicaragua-2018/,2,38,,Buena Vista,Amada Rosa Ramos Medina,Madriz,85.59,success,NA,,973.00,$4.10/lb,"$3,989.30","Cafe DAZAC, Coffee Sallim Factory, Juk-dong Cafe D, Crema Costa, Beanstore, Eungubiro Roasters",NA,NA,NA,NA,NA,NA,NA,NA,NA,NA,NA,NA,NA,NA,NA,NA,NA,NA,NA,NA,NA,NA,NA,NA,NA,NA,NA,NA,NA,NA,NA,NA,NA,NA,NA,NA,NA,NA,NA,NA,NA,NA,NA,NA,NA,NA,NA,NA,NA,NA,NA,NA,NA,NA,NA,NA,NA,NA,NA,NA,NA,NA,NA,NA,NA,NA,NA,NA,NA,NA,NA
Nicaragua,2018,NW,auction,NA,https://allianceforcoffeeexcellence.org/nicaragua-2018/,2,39,,Finca La Virgen,Claudia Vanessa  Rivera Chavarria,Jinotega,85.09,success,NA,,"1,349.00",$4.00/lb,"$5,396.00","Cafe DAZAC, Coffee Sallim Factory, Juk-dong Cafe D, Crema Costa, Beanstore, Eungubiro Roasters",NA,NA,NA,NA,NA,NA,NA,NA,NA,NA,NA,NA,NA,NA,NA,NA,NA,NA,NA,NA,NA,NA,NA,NA,NA,NA,NA,NA,NA,NA,NA,NA,NA,NA,NA,NA,NA,NA,NA,NA,NA,NA,NA,NA,NA,NA,NA,NA,NA,NA,NA,NA,NA,NA,NA,NA,NA,NA,NA,NA,NA,NA,NA,NA,NA,NA,NA,NA,NA,NA,NA
Nicaragua,2020,COE,auction,NA,https://allianceforcoffeeexcellence.org/nicaragua-2020/,1,1a,NA,NA,NA,NA,91.2,success,NA,NA,NA,$36.90,"$17,086.55",NA,NA,NA,NA,NA,Un Regalo de Dios,NA,NA,463.05,"Maruyama Coffee, Cometeer, Goodboybob Coffee, Sugi Coffee Roasting, Harrods",NA,NA,NA,NA,NA,NA,NA,NA,NA,NA,NA,NA,NA,NA,NA,NA,NA,NA,NA,NA,NA,NA,NA,NA,NA,NA,NA,NA,NA,NA,NA,NA,NA,NA,NA,NA,NA,NA,NA,NA,NA,NA,NA,NA,NA,NA,NA,NA,NA,NA,NA,NA,NA,NA,NA,NA,NA,NA,NA,NA,NA,NA
Nicaragua,2020,COE,auction,NA,https://allianceforcoffeeexcellence.org/nicaragua-2020/,1,1b,NA,NA,NA,NA,91.2,success,NA,NA,NA,$30.30,"$14,030.42",NA,NA,NA,NA,NA,Un Regalo de Dios,NA,NA,463.05,TAKAMURA COFFEE ROASTERS,NA,NA,NA,NA,NA,NA,NA,NA,NA,NA,NA,NA,NA,NA,NA,NA,NA,NA,NA,NA,NA,NA,NA,NA,NA,NA,NA,NA,NA,NA,NA,NA,NA,NA,NA,NA,NA,NA,NA,NA,NA,NA,NA,NA,NA,NA,NA,NA,NA,NA,NA,NA,NA,NA,NA,NA,NA,NA,NA,NA,NA,NA
Nicaragua,2020,COE,auction,NA,https://allianceforcoffeeexcellence.org/nicaragua-2020/,1,2,NA,NA,NA,NA,89.7,success,NA,NA,NA,$11.00,"$10,126.49",NA,NA,NA,NA,NA,La Orquídea,NA,NA,920.59,"Bokkum Coffee Roasters
& GIL-COFFEE with UPSTREAM COFFEE IMPORTS PTY LTD",NA,NA,NA,NA,NA,NA,NA,NA,NA,NA,NA,NA,NA,NA,NA,NA,NA,NA,NA,NA,NA,NA,NA,NA,NA,NA,NA,NA,NA,NA,NA,NA,NA,NA,NA,NA,NA,NA,NA,NA,NA,NA,NA,NA,NA,NA,NA,NA,NA,NA,NA,NA,NA,NA,NA,NA,NA,NA,NA,NA,NA,NA
Nicaragua,2020,COE,auction,NA,https://allianceforcoffeeexcellence.org/nicaragua-2020/,1,3,NA,NA,NA,NA,89.4,success,NA,NA,NA,$20.20,"$25,018.71",NA,NA,NA,NA,NA,Ojo de Agua,NA,NA,"1,238.55",Terarosa (Haksan Co. Ltd),NA,NA,NA,NA,NA,NA,NA,NA,NA,NA,NA,NA,NA,NA,NA,NA,NA,NA,NA,NA,NA,NA,NA,NA,NA,NA,NA,NA,NA,NA,NA,NA,NA,NA,NA,NA,NA,NA,NA,NA,NA,NA,NA,NA,NA,NA,NA,NA,NA,NA,NA,NA,NA,NA,NA,NA,NA,NA,NA,NA,NA,NA
Nicaragua,2020,COE,auction,NA,https://allianceforcoffeeexcellence.org/nicaragua-2020/,1,4,NA,NA,NA,NA,88.9,success,NA,NA,NA,$10.50,"$8,082.59",NA,NA,NA,NA,NA,Santa Gema,NA,NA,769.77,"EL CAFE coffee roasters, Coffee Libre, Coffee Montage, Vincent van coffee, 304 roasters, FEBRUARY ROASTERS, delmoondo coffee",NA,NA,NA,NA,NA,NA,NA,NA,NA,NA,NA,NA,NA,NA,NA,NA,NA,NA,NA,NA,NA,NA,NA,NA,NA,NA,NA,NA,NA,NA,NA,NA,NA,NA,NA,NA,NA,NA,NA,NA,NA,NA,NA,NA,NA,NA,NA,NA,NA,NA,NA,NA,NA,NA,NA,NA,NA,NA,NA,NA,NA,NA
Nicaragua,2020,COE,auction,NA,https://allianceforcoffeeexcellence.org/nicaragua-2020/,1,5,NA,NA,NA,NA,88.8,success,NA,NA,NA,$10.00,"$12,280.00",NA,NA,NA,NA,NA,El Esfuerzo,NA,NA,"1,228.00",Sarutahiko Coffee Inc.,NA,NA,NA,NA,NA,NA,NA,NA,NA,NA,NA,NA,NA,NA,NA,NA,NA,NA,NA,NA,NA,NA,NA,NA,NA,NA,NA,NA,NA,NA,NA,NA,NA,NA,NA,NA,NA,NA,NA,NA,NA,NA,NA,NA,NA,NA,NA,NA,NA,NA,NA,NA,NA,NA,NA,NA,NA,NA,NA,NA,NA,NA
Nicaragua,2020,COE,auction,NA,https://allianceforcoffeeexcellence.org/nicaragua-2020/,1,6,NA,NA,NA,NA,88.6,success,NA,NA,NA,$10.20,"$8,272.20",NA,NA,NA,NA,NA,Las Ortencias,NA,NA,811.00,"Wataru & Co., Ltd.",NA,NA,NA,NA,NA,NA,NA,NA,NA,NA,NA,NA,NA,NA,NA,NA,NA,NA,NA,NA,NA,NA,NA,NA,NA,NA,NA,NA,NA,NA,NA,NA,NA,NA,NA,NA,NA,NA,NA,NA,NA,NA,NA,NA,NA,NA,NA,NA,NA,NA,NA,NA,NA,NA,NA,NA,NA,NA,NA,NA,NA,NA
Nicaragua,2020,COE,auction,NA,https://allianceforcoffeeexcellence.org/nicaragua-2020/,1,7,NA,NA,NA,NA,88.4,success,NA,NA,NA,$10.30,"$16,352.28",NA,NA,NA,NA,NA,Fátima,NA,NA,"1,587.60",Kaffebrenneriet As,NA,NA,NA,NA,NA,NA,NA,NA,NA,NA,NA,NA,NA,NA,NA,NA,NA,NA,NA,NA,NA,NA,NA,NA,NA,NA,NA,NA,NA,NA,NA,NA,NA,NA,NA,NA,NA,NA,NA,NA,NA,NA,NA,NA,NA,NA,NA,NA,NA,NA,NA,NA,NA,NA,NA,NA,NA,NA,NA,NA,NA,NA
Nicaragua,2020,COE,auction,NA,https://allianceforcoffeeexcellence.org/nicaragua-2020/,1,8,NA,NA,NA,NA,88.4,success,NA,NA,NA,$9.10,"$6,843.20",NA,NA,NA,NA,NA,Turriabla,NA,NA,752.00,"Wataru & Co., Ltd.",NA,NA,NA,NA,NA,NA,NA,NA,NA,NA,NA,NA,NA,NA,NA,NA,NA,NA,NA,NA,NA,NA,NA,NA,NA,NA,NA,NA,NA,NA,NA,NA,NA,NA,NA,NA,NA,NA,NA,NA,NA,NA,NA,NA,NA,NA,NA,NA,NA,NA,NA,NA,NA,NA,NA,NA,NA,NA,NA,NA,NA,NA
Nicaragua,2020,COE,auction,NA,https://allianceforcoffeeexcellence.org/nicaragua-2020/,1,9,NA,NA,NA,NA,88.1,success,NA,NA,NA,$10.11,"$4,681.44",NA,NA,NA,NA,NA,Buena Vista,NA,NA,463.05,UPSTREAM COFFEE IMPORTS PTY LTD / WB.coffee / Amsterdam Coffee Lab,NA,NA,NA,NA,NA,NA,NA,NA,NA,NA,NA,NA,NA,NA,NA,NA,NA,NA,NA,NA,NA,NA,NA,NA,NA,NA,NA,NA,NA,NA,NA,NA,NA,NA,NA,NA,NA,NA,NA,NA,NA,NA,NA,NA,NA,NA,NA,NA,NA,NA,NA,NA,NA,NA,NA,NA,NA,NA,NA,NA,NA,NA
Nicaragua,2020,COE,auction,NA,https://allianceforcoffeeexcellence.org/nicaragua-2020/,1,10,NA,NA,NA,NA,88,success,NA,NA,NA,$11.60,"$6,854.90",NA,NA,NA,NA,NA,El Cambalache,NA,NA,590.94,Dimattina Coffee,NA,NA,NA,NA,NA,NA,NA,NA,NA,NA,NA,NA,NA,NA,NA,NA,NA,NA,NA,NA,NA,NA,NA,NA,NA,NA,NA,NA,NA,NA,NA,NA,NA,NA,NA,NA,NA,NA,NA,NA,NA,NA,NA,NA,NA,NA,NA,NA,NA,NA,NA,NA,NA,NA,NA,NA,NA,NA,NA,NA,NA,NA
Nicaragua,2020,COE,auction,NA,https://allianceforcoffeeexcellence.org/nicaragua-2020/,1,11,NA,NA,NA,NA,87.9,success,NA,NA,NA,$8.60,"$8,138.01",NA,NA,NA,NA,NA,El Palmar,NA,NA,946.28,"Wataru & Co., Ltd.",NA,NA,NA,NA,NA,NA,NA,NA,NA,NA,NA,NA,NA,NA,NA,NA,NA,NA,NA,NA,NA,NA,NA,NA,NA,NA,NA,NA,NA,NA,NA,NA,NA,NA,NA,NA,NA,NA,NA,NA,NA,NA,NA,NA,NA,NA,NA,NA,NA,NA,NA,NA,NA,NA,NA,NA,NA,NA,NA,NA,NA,NA
Nicaragua,2020,COE,auction,NA,https://allianceforcoffeeexcellence.org/nicaragua-2020/,1,12,NA,NA,NA,NA,87.7,success,NA,NA,NA,$12.20,"$10,841.16",NA,NA,NA,NA,NA,Buenos Aires,NA,NA,888.62,Ecom Japan Limited,NA,NA,NA,NA,NA,NA,NA,NA,NA,NA,NA,NA,NA,NA,NA,NA,NA,NA,NA,NA,NA,NA,NA,NA,NA,NA,NA,NA,NA,NA,NA,NA,NA,NA,NA,NA,NA,NA,NA,NA,NA,NA,NA,NA,NA,NA,NA,NA,NA,NA,NA,NA,NA,NA,NA,NA,NA,NA,NA,NA,NA,NA
Nicaragua,2020,COE,auction,NA,https://allianceforcoffeeexcellence.org/nicaragua-2020/,1,13,NA,NA,NA,NA,87.5,success,NA,NA,NA,$8.20,"$6,963.93",NA,NA,NA,NA,NA,CECOCAFEN – El Encanto,NA,NA,849.26,"Wataru & Co., Ltd.",NA,NA,NA,NA,NA,NA,NA,NA,NA,NA,NA,NA,NA,NA,NA,NA,NA,NA,NA,NA,NA,NA,NA,NA,NA,NA,NA,NA,NA,NA,NA,NA,NA,NA,NA,NA,NA,NA,NA,NA,NA,NA,NA,NA,NA,NA,NA,NA,NA,NA,NA,NA,NA,NA,NA,NA,NA,NA,NA,NA,NA,NA
Nicaragua,2020,COE,auction,NA,https://allianceforcoffeeexcellence.org/nicaragua-2020/,1,14,NA,NA,NA,NA,87.5,success,NA,NA,NA,$9.30,"$10,708.49",NA,NA,NA,NA,NA,Koa,NA,NA,"1,151.45","Orsir Coffee Co., Ltd.",NA,NA,NA,NA,NA,NA,NA,NA,NA,NA,NA,NA,NA,NA,NA,NA,NA,NA,NA,NA,NA,NA,NA,NA,NA,NA,NA,NA,NA,NA,NA,NA,NA,NA,NA,NA,NA,NA,NA,NA,NA,NA,NA,NA,NA,NA,NA,NA,NA,NA,NA,NA,NA,NA,NA,NA,NA,NA,NA,NA,NA,NA
Nicaragua,2020,COE,auction,NA,https://allianceforcoffeeexcellence.org/nicaragua-2020/,1,15,NA,NA,NA,NA,87.4,success,NA,NA,NA,$10.30,"$8,993.75",NA,NA,NA,NA,NA,Santa Rosa,NA,NA,873.18,Rehm & Co. / Benecke Coffee GmbH & Co.,NA,NA,NA,NA,NA,NA,NA,NA,NA,NA,NA,NA,NA,NA,NA,NA,NA,NA,NA,NA,NA,NA,NA,NA,NA,NA,NA,NA,NA,NA,NA,NA,NA,NA,NA,NA,NA,NA,NA,NA,NA,NA,NA,NA,NA,NA,NA,NA,NA,NA,NA,NA,NA,NA,NA,NA,NA,NA,NA,NA,NA,NA
Nicaragua,2020,COE,auction,NA,https://allianceforcoffeeexcellence.org/nicaragua-2020/,1,16,NA,NA,NA,NA,87.3,success,NA,NA,NA,$9.00,"$8,577.00",NA,NA,NA,NA,NA,La Betania,NA,NA,953.00,M2M Coffee Roasters / Latorre & Dutch Coffee,NA,NA,NA,NA,NA,NA,NA,NA,NA,NA,NA,NA,NA,NA,NA,NA,NA,NA,NA,NA,NA,NA,NA,NA,NA,NA,NA,NA,NA,NA,NA,NA,NA,NA,NA,NA,NA,NA,NA,NA,NA,NA,NA,NA,NA,NA,NA,NA,NA,NA,NA,NA,NA,NA,NA,NA,NA,NA,NA,NA,NA,NA
Nicaragua,2020,COE,auction,NA,https://allianceforcoffeeexcellence.org/nicaragua-2020/,1,17,NA,NA,NA,NA,87,success,NA,NA,NA,$8.60,"$8,256.00",NA,NA,NA,NA,NA,Agua Sarca,NA,NA,960.00,"Wataru & Co., Ltd.",NA,NA,NA,NA,NA,NA,NA,NA,NA,NA,NA,NA,NA,NA,NA,NA,NA,NA,NA,NA,NA,NA,NA,NA,NA,NA,NA,NA,NA,NA,NA,NA,NA,NA,NA,NA,NA,NA,NA,NA,NA,NA,NA,NA,NA,NA,NA,NA,NA,NA,NA,NA,NA,NA,NA,NA,NA,NA,NA,NA,NA,NA
Nicaragua,2020,COE,auction,NA,https://allianceforcoffeeexcellence.org/nicaragua-2020/,1,Totals:,NA,NA,NA,NA,,success,NA,NA,NA,$12.08/lb,"$192,107.12",NA,NA,NA,NA,NA,,NA,NA,"15,909.39",,NA,NA,NA,NA,NA,NA,NA,NA,NA,NA,NA,NA,NA,NA,NA,NA,NA,NA,NA,NA,NA,NA,NA,NA,NA,NA,NA,NA,NA,NA,NA,NA,NA,NA,NA,NA,NA,NA,NA,NA,NA,NA,NA,NA,NA,NA,NA,NA,NA,NA,NA,NA,NA,NA,NA,NA,NA,NA,NA,NA,NA,NA
Nicaragua,2020,NW,auction,NA,https://allianceforcoffeeexcellence.org/nicaragua-2020/,2,NW,NA,NA,NA,NA,86.80,success,NA,NA,NA,$5.95,"$7,559.36",Urth Caffe,NA,NA,NA,NA,El Polanco,NA,NA,"1,270.48",NA,NA,NA,NA,NA,NA,NA,NA,NA,NA,NA,NA,NA,NA,NA,NA,NA,NA,NA,NA,NA,NA,NA,NA,NA,NA,NA,NA,NA,NA,NA,NA,NA,NA,NA,NA,NA,NA,NA,NA,NA,NA,NA,NA,NA,NA,NA,NA,NA,NA,NA,NA,NA,NA,NA,NA,NA,NA,NA,NA,NA,NA,NA
Nicaragua,2020,NW,auction,NA,https://allianceforcoffeeexcellence.org/nicaragua-2020/,2,NW,NA,NA,NA,NA,86.70,success,NA,NA,NA,$5.05,"$4,831.59",Urth Caffe,NA,NA,NA,NA,La Naranja,NA,NA,956.75,NA,NA,NA,NA,NA,NA,NA,NA,NA,NA,NA,NA,NA,NA,NA,NA,NA,NA,NA,NA,NA,NA,NA,NA,NA,NA,NA,NA,NA,NA,NA,NA,NA,NA,NA,NA,NA,NA,NA,NA,NA,NA,NA,NA,NA,NA,NA,NA,NA,NA,NA,NA,NA,NA,NA,NA,NA,NA,NA,NA,NA,NA,NA
Nicaragua,2020,NW,auction,NA,https://allianceforcoffeeexcellence.org/nicaragua-2020/,2,NW,NA,NA,NA,NA,86.4,success,NA,NA,NA,$4.05,"$3,572.10",Coffee Roasters Alliance of Korea,NA,NA,NA,NA,El Escambray,NA,NA,882.00,NA,NA,NA,NA,NA,NA,NA,NA,NA,NA,NA,NA,NA,NA,NA,NA,NA,NA,NA,NA,NA,NA,NA,NA,NA,NA,NA,NA,NA,NA,NA,NA,NA,NA,NA,NA,NA,NA,NA,NA,NA,NA,NA,NA,NA,NA,NA,NA,NA,NA,NA,NA,NA,NA,NA,NA,NA,NA,NA,NA,NA,NA,NA
Nicaragua,2020,NW,auction,NA,https://allianceforcoffeeexcellence.org/nicaragua-2020/,2,NW,NA,NA,NA,NA,86.3,success,NA,NA,NA,$4.15,"$5,095.25",Urth Caffe,NA,NA,NA,NA,El Triángulo,NA,NA,"1,227.77",NA,NA,NA,NA,NA,NA,NA,NA,NA,NA,NA,NA,NA,NA,NA,NA,NA,NA,NA,NA,NA,NA,NA,NA,NA,NA,NA,NA,NA,NA,NA,NA,NA,NA,NA,NA,NA,NA,NA,NA,NA,NA,NA,NA,NA,NA,NA,NA,NA,NA,NA,NA,NA,NA,NA,NA,NA,NA,NA,NA,NA,NA,NA
Nicaragua,2020,NW,auction,NA,https://allianceforcoffeeexcellence.org/nicaragua-2020/,2,NW,NA,NA,NA,NA,85.9,success,NA,NA,NA,$3.95,"$2,923.00","cafe DAZAC, Eungubiro Roasters, Crema Costa",NA,NA,NA,NA,El Escambray,NA,NA,740.00,NA,NA,NA,NA,NA,NA,NA,NA,NA,NA,NA,NA,NA,NA,NA,NA,NA,NA,NA,NA,NA,NA,NA,NA,NA,NA,NA,NA,NA,NA,NA,NA,NA,NA,NA,NA,NA,NA,NA,NA,NA,NA,NA,NA,NA,NA,NA,NA,NA,NA,NA,NA,NA,NA,NA,NA,NA,NA,NA,NA,NA,NA,NA
Nicaragua,2020,NW,auction,NA,https://allianceforcoffeeexcellence.org/nicaragua-2020/,2,NW,NA,NA,NA,NA,85.9,success,NA,NA,NA,$3.75,"$4,764.19","Bokkum Coffee Roasters
& GIL-COFFEE",NA,NA,NA,NA,Isidoro,NA,NA,"1,270.45",NA,NA,NA,NA,NA,NA,NA,NA,NA,NA,NA,NA,NA,NA,NA,NA,NA,NA,NA,NA,NA,NA,NA,NA,NA,NA,NA,NA,NA,NA,NA,NA,NA,NA,NA,NA,NA,NA,NA,NA,NA,NA,NA,NA,NA,NA,NA,NA,NA,NA,NA,NA,NA,NA,NA,NA,NA,NA,NA,NA,NA,NA,NA
Nicaragua,2020,NW,auction,NA,https://allianceforcoffeeexcellence.org/nicaragua-2020/,2,NW,NA,NA,NA,NA,85.8,success,NA,NA,NA,$3.85,"$4,680.56",Orsir Coffee(Taiwan),NA,NA,NA,NA,La Fortuna,NA,NA,"1,215.73",NA,NA,NA,NA,NA,NA,NA,NA,NA,NA,NA,NA,NA,NA,NA,NA,NA,NA,NA,NA,NA,NA,NA,NA,NA,NA,NA,NA,NA,NA,NA,NA,NA,NA,NA,NA,NA,NA,NA,NA,NA,NA,NA,NA,NA,NA,NA,NA,NA,NA,NA,NA,NA,NA,NA,NA,NA,NA,NA,NA,NA,NA,NA
Nicaragua,2020,NW,auction,NA,https://allianceforcoffeeexcellence.org/nicaragua-2020/,2,NW,NA,NA,NA,NA,85.8,success,NA,NA,NA,$3.95,"$5,022.90",Orsir Coffee(Taiwan),NA,NA,NA,NA,Guantales,NA,NA,"1,271.62",NA,NA,NA,NA,NA,NA,NA,NA,NA,NA,NA,NA,NA,NA,NA,NA,NA,NA,NA,NA,NA,NA,NA,NA,NA,NA,NA,NA,NA,NA,NA,NA,NA,NA,NA,NA,NA,NA,NA,NA,NA,NA,NA,NA,NA,NA,NA,NA,NA,NA,NA,NA,NA,NA,NA,NA,NA,NA,NA,NA,NA,NA,NA
Nicaragua,2020,NW,auction,NA,https://allianceforcoffeeexcellence.org/nicaragua-2020/,2,NW,NA,NA,NA,NA,85.7,success,NA,NA,NA,$3.75,"$4,604.21","Bokkum Coffee Roasters
& GIL-COFFEE with UPSTREAM COFFEE IMPORTS PTY LTD",NA,NA,NA,NA,El Areno y El Marañón,NA,NA,"1,227.79",NA,NA,NA,NA,NA,NA,NA,NA,NA,NA,NA,NA,NA,NA,NA,NA,NA,NA,NA,NA,NA,NA,NA,NA,NA,NA,NA,NA,NA,NA,NA,NA,NA,NA,NA,NA,NA,NA,NA,NA,NA,NA,NA,NA,NA,NA,NA,NA,NA,NA,NA,NA,NA,NA,NA,NA,NA,NA,NA,NA,NA,NA,NA
Nicaragua,2020,NW,auction,NA,https://allianceforcoffeeexcellence.org/nicaragua-2020/,2,NW,NA,NA,NA,NA,85.7,success,NA,NA,NA,$3.75,"$5,275.46","Bokkum Coffee Roasters
& GIL-COFFEE with UPSTREAM COFFEE IMPORTS PTY LTD",NA,NA,NA,NA,El Bosque,NA,NA,"1,406.79",NA,NA,NA,NA,NA,NA,NA,NA,NA,NA,NA,NA,NA,NA,NA,NA,NA,NA,NA,NA,NA,NA,NA,NA,NA,NA,NA,NA,NA,NA,NA,NA,NA,NA,NA,NA,NA,NA,NA,NA,NA,NA,NA,NA,NA,NA,NA,NA,NA,NA,NA,NA,NA,NA,NA,NA,NA,NA,NA,NA,NA,NA,NA
Nicaragua,2020,NW,auction,NA,https://allianceforcoffeeexcellence.org/nicaragua-2020/,2,NW,NA,NA,NA,NA,85.3,success,NA,NA,NA,$3.85,"$4,726.99",Nagahama Coffee Inc.,NA,NA,NA,NA,Media Luna,NA,NA,"1,227.79",NA,NA,NA,NA,NA,NA,NA,NA,NA,NA,NA,NA,NA,NA,NA,NA,NA,NA,NA,NA,NA,NA,NA,NA,NA,NA,NA,NA,NA,NA,NA,NA,NA,NA,NA,NA,NA,NA,NA,NA,NA,NA,NA,NA,NA,NA,NA,NA,NA,NA,NA,NA,NA,NA,NA,NA,NA,NA,NA,NA,NA,NA,NA
Nicaragua,2020,NW,auction,NA,https://allianceforcoffeeexcellence.org/nicaragua-2020/,2,NW,NA,NA,NA,NA,85,success,NA,NA,NA,$3.75,"$3,587.81","Bokkum Coffee Roasters
& GIL-COFFEE with UPSTREAM COFFEE IMPORTS PTY LTD",NA,NA,NA,NA,El Zapote,NA,NA,956.75,NA,NA,NA,NA,NA,NA,NA,NA,NA,NA,NA,NA,NA,NA,NA,NA,NA,NA,NA,NA,NA,NA,NA,NA,NA,NA,NA,NA,NA,NA,NA,NA,NA,NA,NA,NA,NA,NA,NA,NA,NA,NA,NA,NA,NA,NA,NA,NA,NA,NA,NA,NA,NA,NA,NA,NA,NA,NA,NA,NA,NA,NA,NA
Nicaragua,2020,NW,auction,NA,https://allianceforcoffeeexcellence.org/nicaragua-2020/,2,NW,NA,NA,NA,NA,Totals:,success,NA,NA,NA,$4.15/lb,"$56,643.42",,NA,NA,NA,NA,,NA,NA,"13,653.92",NA,NA,NA,NA,NA,NA,NA,NA,NA,NA,NA,NA,NA,NA,NA,NA,NA,NA,NA,NA,NA,NA,NA,NA,NA,NA,NA,NA,NA,NA,NA,NA,NA,NA,NA,NA,NA,NA,NA,NA,NA,NA,NA,NA,NA,NA,NA,NA,NA,NA,NA,NA,NA,NA,NA,NA,NA,NA,NA,NA,NA,NA,NA
Nicaragua,2021,COE,auction,NA,https://allianceforcoffeeexcellence.org/nicaragua-2021/,2,1a,NA,NA,NA,NA,90.96,success,NA,NA,NA,$25.10,"$25,730.76",NA,NA,NA,NA,NA,Jesus Mountain Coffee Company,NA,NA,1025.13,"Orsir Coffee Co., Ltd. & GoodBoyBob",NA,NA,NA,NA,NA,NA,NA,NA,NA,NA,NA,NA,NA,NA,NA,NA,NA,NA,NA,NA,NA,NA,NA,NA,NA,NA,NA,NA,NA,NA,NA,NA,NA,NA,NA,NA,NA,NA,NA,NA,NA,NA,NA,NA,NA,NA,NA,NA,NA,NA,NA,NA,NA,NA,NA,NA,NA,NA,NA,NA,NA,NA
Nicaragua,2021,COE,auction,NA,https://allianceforcoffeeexcellence.org/nicaragua-2021/,2,1b,NA,NA,NA,NA,90.96,success,NA,NA,NA,$25.90,"$26,550.87",NA,NA,NA,NA,NA,Jesus Mountain Coffee Company,NA,NA,1025.13,"Time’s Club, Coffee Libre, Nylon coffee roasters, BREW & BREAD COFFEE ROASTER, Brave Roasters, Valley Coffee(China), EL CAFE coffee roasters, Told a story, das ist PROBAT, Coffee Montage, 304 roasters, COFFEE PLACE, liike coffee, Songdo Coffee, Coffee Me Up (Korea)",NA,NA,NA,NA,NA,NA,NA,NA,NA,NA,NA,NA,NA,NA,NA,NA,NA,NA,NA,NA,NA,NA,NA,NA,NA,NA,NA,NA,NA,NA,NA,NA,NA,NA,NA,NA,NA,NA,NA,NA,NA,NA,NA,NA,NA,NA,NA,NA,NA,NA,NA,NA,NA,NA,NA,NA,NA,NA,NA,NA,NA,NA
Nicaragua,2021,COE,auction,NA,https://allianceforcoffeeexcellence.org/nicaragua-2021/,2,2a,NA,NA,NA,NA,90.75,success,NA,NA,NA,$30.20,"$6,990.70",NA,NA,NA,NA,NA,El Cambalache,NA,NA,231.48,Dimattina Coffee,NA,NA,NA,NA,NA,NA,NA,NA,NA,NA,NA,NA,NA,NA,NA,NA,NA,NA,NA,NA,NA,NA,NA,NA,NA,NA,NA,NA,NA,NA,NA,NA,NA,NA,NA,NA,NA,NA,NA,NA,NA,NA,NA,NA,NA,NA,NA,NA,NA,NA,NA,NA,NA,NA,NA,NA,NA,NA,NA,NA,NA,NA
Nicaragua,2021,COE,auction,NA,https://allianceforcoffeeexcellence.org/nicaragua-2021/,2,2b,NA,NA,NA,NA,90.75,success,NA,NA,NA,$30.30,"$7,013.84",NA,NA,NA,NA,NA,El Cambalache,NA,NA,231.48,Kyokuto Fadie Corporation,NA,NA,NA,NA,NA,NA,NA,NA,NA,NA,NA,NA,NA,NA,NA,NA,NA,NA,NA,NA,NA,NA,NA,NA,NA,NA,NA,NA,NA,NA,NA,NA,NA,NA,NA,NA,NA,NA,NA,NA,NA,NA,NA,NA,NA,NA,NA,NA,NA,NA,NA,NA,NA,NA,NA,NA,NA,NA,NA,NA,NA,NA
Nicaragua,2021,COE,auction,NA,https://allianceforcoffeeexcellence.org/nicaragua-2021/,2,3a,NA,NA,NA,NA,90.21,success,NA,NA,NA,$27.95,"$7,394.17",NA,NA,NA,NA,NA,Los Pirineos,NA,NA,264.55,Sulalat Coffee Trading,NA,NA,NA,NA,NA,NA,NA,NA,NA,NA,NA,NA,NA,NA,NA,NA,NA,NA,NA,NA,NA,NA,NA,NA,NA,NA,NA,NA,NA,NA,NA,NA,NA,NA,NA,NA,NA,NA,NA,NA,NA,NA,NA,NA,NA,NA,NA,NA,NA,NA,NA,NA,NA,NA,NA,NA,NA,NA,NA,NA,NA,NA
Nicaragua,2021,COE,auction,NA,https://allianceforcoffeeexcellence.org/nicaragua-2021/,2,3b,NA,NA,NA,NA,90.21,success,NA,NA,NA,$27.70,"$7,328.04",NA,NA,NA,NA,NA,Los Pirineos,NA,NA,264.55,"L’escargot d’or cosmetocafe, Rogue Wave Coffee, Rehm & Co., Molecular Coffee",NA,NA,NA,NA,NA,NA,NA,NA,NA,NA,NA,NA,NA,NA,NA,NA,NA,NA,NA,NA,NA,NA,NA,NA,NA,NA,NA,NA,NA,NA,NA,NA,NA,NA,NA,NA,NA,NA,NA,NA,NA,NA,NA,NA,NA,NA,NA,NA,NA,NA,NA,NA,NA,NA,NA,NA,NA,NA,NA,NA,NA,NA
Nicaragua,2021,COE,auction,NA,https://allianceforcoffeeexcellence.org/nicaragua-2021/,2,4,NA,NA,NA,NA,90.11,success,NA,NA,NA,$24.10,"$14,194.90",NA,NA,NA,NA,NA,Auxilio Mundial,NA,NA,589,Latorre & Dutch Coffee (China) for Fisher Coffee / MANNER COFFEE (China) / 芦田家咖啡研习社 / CCRA (手工烘焙咖啡协会) / PENGUIN MARKET,NA,NA,NA,NA,NA,NA,NA,NA,NA,NA,NA,NA,NA,NA,NA,NA,NA,NA,NA,NA,NA,NA,NA,NA,NA,NA,NA,NA,NA,NA,NA,NA,NA,NA,NA,NA,NA,NA,NA,NA,NA,NA,NA,NA,NA,NA,NA,NA,NA,NA,NA,NA,NA,NA,NA,NA,NA,NA,NA,NA,NA,NA
Nicaragua,2021,COE,auction,NA,https://allianceforcoffeeexcellence.org/nicaragua-2021/,2,5,NA,NA,NA,NA,89.96,success,NA,NA,NA,$23.10,"$13,259.40",NA,NA,NA,NA,NA,Buenos Aires,NA,NA,574,Ecom Japan Limited,NA,NA,NA,NA,NA,NA,NA,NA,NA,NA,NA,NA,NA,NA,NA,NA,NA,NA,NA,NA,NA,NA,NA,NA,NA,NA,NA,NA,NA,NA,NA,NA,NA,NA,NA,NA,NA,NA,NA,NA,NA,NA,NA,NA,NA,NA,NA,NA,NA,NA,NA,NA,NA,NA,NA,NA,NA,NA,NA,NA,NA,NA
Nicaragua,2021,COE,auction,NA,https://allianceforcoffeeexcellence.org/nicaragua-2021/,2,6,NA,NA,NA,NA,89.79,success,NA,NA,NA,$23.00,"$10,648.08",NA,NA,NA,NA,NA,Un Regalo de Dios,NA,NA,462.96,Giv Coffee,NA,NA,NA,NA,NA,NA,NA,NA,NA,NA,NA,NA,NA,NA,NA,NA,NA,NA,NA,NA,NA,NA,NA,NA,NA,NA,NA,NA,NA,NA,NA,NA,NA,NA,NA,NA,NA,NA,NA,NA,NA,NA,NA,NA,NA,NA,NA,NA,NA,NA,NA,NA,NA,NA,NA,NA,NA,NA,NA,NA,NA,NA
Nicaragua,2021,COE,auction,NA,https://allianceforcoffeeexcellence.org/nicaragua-2021/,2,7,NA,NA,NA,NA,89.71,success,NA,NA,NA,$20.60,"$9,536.98",NA,NA,NA,NA,NA,San Jose,NA,NA,462.96,Sulalat Coffee Trading,NA,NA,NA,NA,NA,NA,NA,NA,NA,NA,NA,NA,NA,NA,NA,NA,NA,NA,NA,NA,NA,NA,NA,NA,NA,NA,NA,NA,NA,NA,NA,NA,NA,NA,NA,NA,NA,NA,NA,NA,NA,NA,NA,NA,NA,NA,NA,NA,NA,NA,NA,NA,NA,NA,NA,NA,NA,NA,NA,NA,NA,NA
Nicaragua,2021,COE,auction,NA,https://allianceforcoffeeexcellence.org/nicaragua-2021/,2,8,NA,NA,NA,NA,88.79,success,NA,NA,NA,$20.00,"$9,020.00",NA,NA,NA,NA,NA,La Picona,NA,NA,451,"Wataru & Co., Ltd.",NA,NA,NA,NA,NA,NA,NA,NA,NA,NA,NA,NA,NA,NA,NA,NA,NA,NA,NA,NA,NA,NA,NA,NA,NA,NA,NA,NA,NA,NA,NA,NA,NA,NA,NA,NA,NA,NA,NA,NA,NA,NA,NA,NA,NA,NA,NA,NA,NA,NA,NA,NA,NA,NA,NA,NA,NA,NA,NA,NA,NA,NA
Nicaragua,2021,COE,auction,NA,https://allianceforcoffeeexcellence.org/nicaragua-2021/,2,9,NA,NA,NA,NA,88.11,success,NA,NA,NA,$20.20,"$8,948.60",NA,NA,NA,NA,NA,La Orquidea,NA,NA,443,Latorre & Dutch Coffee (China) for Fisher Coffee,NA,NA,NA,NA,NA,NA,NA,NA,NA,NA,NA,NA,NA,NA,NA,NA,NA,NA,NA,NA,NA,NA,NA,NA,NA,NA,NA,NA,NA,NA,NA,NA,NA,NA,NA,NA,NA,NA,NA,NA,NA,NA,NA,NA,NA,NA,NA,NA,NA,NA,NA,NA,NA,NA,NA,NA,NA,NA,NA,NA,NA,NA
Nicaragua,2021,COE,auction,NA,https://allianceforcoffeeexcellence.org/nicaragua-2021/,2,10,NA,NA,NA,NA,88.04,success,NA,NA,NA,$17.20,"$5,687.70",NA,NA,NA,NA,NA,Santa Ana,NA,NA,330.68,Kyokuto Fadie Corporation,NA,NA,NA,NA,NA,NA,NA,NA,NA,NA,NA,NA,NA,NA,NA,NA,NA,NA,NA,NA,NA,NA,NA,NA,NA,NA,NA,NA,NA,NA,NA,NA,NA,NA,NA,NA,NA,NA,NA,NA,NA,NA,NA,NA,NA,NA,NA,NA,NA,NA,NA,NA,NA,NA,NA,NA,NA,NA,NA,NA,NA,NA
Nicaragua,2021,COE,auction,NA,https://allianceforcoffeeexcellence.org/nicaragua-2021/,2,11,NA,NA,NA,NA,87.79,success,NA,NA,NA,$11.00,"$21,604.00",NA,NA,NA,NA,NA,Melanie,NA,NA,1964,Honu Kato Coffee Inc.,NA,NA,NA,NA,NA,NA,NA,NA,NA,NA,NA,NA,NA,NA,NA,NA,NA,NA,NA,NA,NA,NA,NA,NA,NA,NA,NA,NA,NA,NA,NA,NA,NA,NA,NA,NA,NA,NA,NA,NA,NA,NA,NA,NA,NA,NA,NA,NA,NA,NA,NA,NA,NA,NA,NA,NA,NA,NA,NA,NA,NA,NA
Nicaragua,2021,COE,auction,NA,https://allianceforcoffeeexcellence.org/nicaragua-2021/,2,12,NA,NA,NA,NA,87.54,success,NA,NA,NA,$10.10,"$9,069.80",NA,NA,NA,NA,NA,La Porra,NA,NA,898,Nagahama Coffee Inc.,NA,NA,NA,NA,NA,NA,NA,NA,NA,NA,NA,NA,NA,NA,NA,NA,NA,NA,NA,NA,NA,NA,NA,NA,NA,NA,NA,NA,NA,NA,NA,NA,NA,NA,NA,NA,NA,NA,NA,NA,NA,NA,NA,NA,NA,NA,NA,NA,NA,NA,NA,NA,NA,NA,NA,NA,NA,NA,NA,NA,NA,NA
Nicaragua,2021,COE,auction,NA,https://allianceforcoffeeexcellence.org/nicaragua-2021/,2,13,NA,NA,NA,NA,87.54,success,NA,NA,NA,$20.10,"$7,517.40",NA,NA,NA,NA,NA,Los Milagros,NA,NA,374,Latorre & Dutch Coffee (China) for Fisher Coffee / 领地 La Finca / MANNER COFFEE (China),NA,NA,NA,NA,NA,NA,NA,NA,NA,NA,NA,NA,NA,NA,NA,NA,NA,NA,NA,NA,NA,NA,NA,NA,NA,NA,NA,NA,NA,NA,NA,NA,NA,NA,NA,NA,NA,NA,NA,NA,NA,NA,NA,NA,NA,NA,NA,NA,NA,NA,NA,NA,NA,NA,NA,NA,NA,NA,NA,NA,NA,NA
Nicaragua,2021,COE,auction,NA,https://allianceforcoffeeexcellence.org/nicaragua-2021/,2,14,NA,NA,NA,NA,87.5,success,NA,NA,NA,$11.00,"$15,277.68",NA,NA,NA,NA,NA,El Principe,NA,NA,1388.88,"GSC International Co., Ltd.",NA,NA,NA,NA,NA,NA,NA,NA,NA,NA,NA,NA,NA,NA,NA,NA,NA,NA,NA,NA,NA,NA,NA,NA,NA,NA,NA,NA,NA,NA,NA,NA,NA,NA,NA,NA,NA,NA,NA,NA,NA,NA,NA,NA,NA,NA,NA,NA,NA,NA,NA,NA,NA,NA,NA,NA,NA,NA,NA,NA,NA,NA
Nicaragua,2021,COE,auction,NA,https://allianceforcoffeeexcellence.org/nicaragua-2021/,2,15,NA,NA,NA,NA,87.5,success,NA,NA,NA,$10.50,"$5,208.00",NA,NA,NA,NA,NA,Las Hortensias,NA,NA,496,Thood Qahwa LTD Co,NA,NA,NA,NA,NA,NA,NA,NA,NA,NA,NA,NA,NA,NA,NA,NA,NA,NA,NA,NA,NA,NA,NA,NA,NA,NA,NA,NA,NA,NA,NA,NA,NA,NA,NA,NA,NA,NA,NA,NA,NA,NA,NA,NA,NA,NA,NA,NA,NA,NA,NA,NA,NA,NA,NA,NA,NA,NA,NA,NA,NA,NA
Nicaragua,2021,COE,auction,NA,https://allianceforcoffeeexcellence.org/nicaragua-2021/,2,16,NA,NA,NA,NA,87.38,success,NA,NA,NA,$10.10,"$12,023.75",NA,NA,NA,NA,NA,Fila Quemada,NA,NA,1190.47,"Wataru & Co., Ltd.",NA,NA,NA,NA,NA,NA,NA,NA,NA,NA,NA,NA,NA,NA,NA,NA,NA,NA,NA,NA,NA,NA,NA,NA,NA,NA,NA,NA,NA,NA,NA,NA,NA,NA,NA,NA,NA,NA,NA,NA,NA,NA,NA,NA,NA,NA,NA,NA,NA,NA,NA,NA,NA,NA,NA,NA,NA,NA,NA,NA,NA,NA
Nicaragua,2021,COE,auction,NA,https://allianceforcoffeeexcellence.org/nicaragua-2021/,2,17,NA,NA,NA,NA,87.33,success,NA,NA,NA,$20.10,"$7,457.10",NA,NA,NA,NA,NA,Santa Carmela,NA,NA,371,Latorre & Dutch Coffee (China) for Fisher Coffee,NA,NA,NA,NA,NA,NA,NA,NA,NA,NA,NA,NA,NA,NA,NA,NA,NA,NA,NA,NA,NA,NA,NA,NA,NA,NA,NA,NA,NA,NA,NA,NA,NA,NA,NA,NA,NA,NA,NA,NA,NA,NA,NA,NA,NA,NA,NA,NA,NA,NA,NA,NA,NA,NA,NA,NA,NA,NA,NA,NA,NA,NA
Nicaragua,2021,COE,auction,NA,https://allianceforcoffeeexcellence.org/nicaragua-2021/,2,18,NA,NA,NA,NA,87.25,success,NA,NA,NA,$10.30,"$23,669.40",NA,NA,NA,NA,NA,El Poste,NA,NA,2298,"Wataru & Co., Ltd.",NA,NA,NA,NA,NA,NA,NA,NA,NA,NA,NA,NA,NA,NA,NA,NA,NA,NA,NA,NA,NA,NA,NA,NA,NA,NA,NA,NA,NA,NA,NA,NA,NA,NA,NA,NA,NA,NA,NA,NA,NA,NA,NA,NA,NA,NA,NA,NA,NA,NA,NA,NA,NA,NA,NA,NA,NA,NA,NA,NA,NA,NA
Nicaragua,2021,COE,auction,NA,https://allianceforcoffeeexcellence.org/nicaragua-2021/,2,19,NA,NA,NA,NA,87.25,success,NA,NA,NA,$13.20,"$13,754.40",NA,NA,NA,NA,NA,Buena Esperanza,NA,NA,1042,List + Beisler GmbH,NA,NA,NA,NA,NA,NA,NA,NA,NA,NA,NA,NA,NA,NA,NA,NA,NA,NA,NA,NA,NA,NA,NA,NA,NA,NA,NA,NA,NA,NA,NA,NA,NA,NA,NA,NA,NA,NA,NA,NA,NA,NA,NA,NA,NA,NA,NA,NA,NA,NA,NA,NA,NA,NA,NA,NA,NA,NA,NA,NA,NA,NA
Nicaragua,2021,COE,auction,NA,https://allianceforcoffeeexcellence.org/nicaragua-2021/,2,20,NA,NA,NA,NA,87.25,success,NA,NA,NA,$9.20,"$3,650.74",NA,NA,NA,NA,NA,La Esperanza,NA,NA,396.82,Mokka Specialty Coffee,NA,NA,NA,NA,NA,NA,NA,NA,NA,NA,NA,NA,NA,NA,NA,NA,NA,NA,NA,NA,NA,NA,NA,NA,NA,NA,NA,NA,NA,NA,NA,NA,NA,NA,NA,NA,NA,NA,NA,NA,NA,NA,NA,NA,NA,NA,NA,NA,NA,NA,NA,NA,NA,NA,NA,NA,NA,NA,NA,NA,NA,NA
Nicaragua,2021,COE,auction,NA,https://allianceforcoffeeexcellence.org/nicaragua-2021/,2,21,NA,NA,NA,NA,87.21,success,NA,NA,NA,$14.70,"$4,645.20",NA,NA,NA,NA,NA,Buena Vista,NA,NA,316,Kyokuto Fadie Corporation,NA,NA,NA,NA,NA,NA,NA,NA,NA,NA,NA,NA,NA,NA,NA,NA,NA,NA,NA,NA,NA,NA,NA,NA,NA,NA,NA,NA,NA,NA,NA,NA,NA,NA,NA,NA,NA,NA,NA,NA,NA,NA,NA,NA,NA,NA,NA,NA,NA,NA,NA,NA,NA,NA,NA,NA,NA,NA,NA,NA,NA,NA
Nicaragua,2021,COE,auction,NA,https://allianceforcoffeeexcellence.org/nicaragua-2021/,2,22,NA,NA,NA,NA,87.21,success,NA,NA,NA,$11.20,"$6,339.20",NA,NA,NA,NA,NA,Los Altiplanos,NA,NA,566,Wataru for OGAWA COFFEE,NA,NA,NA,NA,NA,NA,NA,NA,NA,NA,NA,NA,NA,NA,NA,NA,NA,NA,NA,NA,NA,NA,NA,NA,NA,NA,NA,NA,NA,NA,NA,NA,NA,NA,NA,NA,NA,NA,NA,NA,NA,NA,NA,NA,NA,NA,NA,NA,NA,NA,NA,NA,NA,NA,NA,NA,NA,NA,NA,NA,NA,NA
Nicaragua,2021,COE,auction,NA,https://allianceforcoffeeexcellence.org/nicaragua-2021/,2,23,NA,NA,NA,NA,87,success,NA,NA,NA,$9.90,"$7,137.90",NA,NA,NA,NA,NA,Las Brumas,NA,NA,721,Ecom Japan Limited,NA,NA,NA,NA,NA,NA,NA,NA,NA,NA,NA,NA,NA,NA,NA,NA,NA,NA,NA,NA,NA,NA,NA,NA,NA,NA,NA,NA,NA,NA,NA,NA,NA,NA,NA,NA,NA,NA,NA,NA,NA,NA,NA,NA,NA,NA,NA,NA,NA,NA,NA,NA,NA,NA,NA,NA,NA,NA,NA,NA,NA,NA
Nicaragua,2021,COE,auction,NA,https://allianceforcoffeeexcellence.org/nicaragua-2021/,2,Totals,NA,NA,NA,NA,,success,NA,NA,NA,$15.76/lb,"$289,658.61",NA,NA,NA,NA,NA,,NA,NA,18378.09,,NA,NA,NA,NA,NA,NA,NA,NA,NA,NA,NA,NA,NA,NA,NA,NA,NA,NA,NA,NA,NA,NA,NA,NA,NA,NA,NA,NA,NA,NA,NA,NA,NA,NA,NA,NA,NA,NA,NA,NA,NA,NA,NA,NA,NA,NA,NA,NA,NA,NA,NA,NA,NA,NA,NA,NA,NA,NA,NA,NA,NA,NA
Nicaragua,2021,NW,auction,NA,https://allianceforcoffeeexcellence.org/nicaragua-2021/,4,NW,NA,NA,NA,NA,86.75,success,NA,NA,NA,$4.10,"$2,168.90",Coffee Montage,NA,NA,NA,NA,El Pimpe,NA,NA,529,NA,NA,NA,NA,NA,NA,NA,NA,NA,NA,NA,NA,NA,NA,NA,NA,NA,NA,NA,NA,NA,NA,NA,NA,NA,NA,NA,NA,NA,NA,NA,NA,NA,NA,NA,NA,NA,NA,NA,NA,NA,NA,NA,NA,NA,NA,NA,NA,NA,NA,NA,NA,NA,NA,NA,NA,NA,NA,NA,NA,NA,NA,NA
Nicaragua,2021,NW,auction,NA,https://allianceforcoffeeexcellence.org/nicaragua-2021/,4,NW,NA,NA,NA,NA,86.67,success,NA,NA,NA,$4.60,"$2,286.20",Bokkum & GIL coffee Roasters,NA,NA,NA,NA,San Antonio,NA,NA,497,NA,NA,NA,NA,NA,NA,NA,NA,NA,NA,NA,NA,NA,NA,NA,NA,NA,NA,NA,NA,NA,NA,NA,NA,NA,NA,NA,NA,NA,NA,NA,NA,NA,NA,NA,NA,NA,NA,NA,NA,NA,NA,NA,NA,NA,NA,NA,NA,NA,NA,NA,NA,NA,NA,NA,NA,NA,NA,NA,NA,NA,NA,NA
Nicaragua,2021,NW,auction,NA,https://allianceforcoffeeexcellence.org/nicaragua-2021/,4,NW,NA,NA,NA,NA,86.54,success,NA,NA,NA,$4.00,"$4,496.00","cafe DAZAC, Eungubiro Roasters, Crema Costa",NA,NA,NA,NA,La Florida,NA,NA,1124,NA,NA,NA,NA,NA,NA,NA,NA,NA,NA,NA,NA,NA,NA,NA,NA,NA,NA,NA,NA,NA,NA,NA,NA,NA,NA,NA,NA,NA,NA,NA,NA,NA,NA,NA,NA,NA,NA,NA,NA,NA,NA,NA,NA,NA,NA,NA,NA,NA,NA,NA,NA,NA,NA,NA,NA,NA,NA,NA,NA,NA,NA,NA
Nicaragua,2021,NW,auction,NA,https://allianceforcoffeeexcellence.org/nicaragua-2021/,4,NW,NA,NA,NA,NA,86.46,success,NA,NA,NA,$4.00,"$3,174.60","cafe DAZAC, Eungubiro Roasters, Crema Costa",NA,NA,NA,NA,Bella Aurora,NA,NA,793.65,NA,NA,NA,NA,NA,NA,NA,NA,NA,NA,NA,NA,NA,NA,NA,NA,NA,NA,NA,NA,NA,NA,NA,NA,NA,NA,NA,NA,NA,NA,NA,NA,NA,NA,NA,NA,NA,NA,NA,NA,NA,NA,NA,NA,NA,NA,NA,NA,NA,NA,NA,NA,NA,NA,NA,NA,NA,NA,NA,NA,NA,NA,NA
Nicaragua,2021,NW,auction,NA,https://allianceforcoffeeexcellence.org/nicaragua-2021/,4,NW,NA,NA,NA,NA,86.25,success,NA,NA,NA,$4.00,"$2,376.00","cafe DAZAC, Eungubiro Roasters, Crema Costa",NA,NA,NA,NA,El Progreso,NA,NA,594,NA,NA,NA,NA,NA,NA,NA,NA,NA,NA,NA,NA,NA,NA,NA,NA,NA,NA,NA,NA,NA,NA,NA,NA,NA,NA,NA,NA,NA,NA,NA,NA,NA,NA,NA,NA,NA,NA,NA,NA,NA,NA,NA,NA,NA,NA,NA,NA,NA,NA,NA,NA,NA,NA,NA,NA,NA,NA,NA,NA,NA,NA,NA
Nicaragua,2021,NW,auction,NA,https://allianceforcoffeeexcellence.org/nicaragua-2021/,4,NW,NA,NA,NA,NA,86.21,success,NA,NA,NA,$4.10,"$3,226.70",Nagahama Coffee Inc.,NA,NA,NA,NA,Los Cielitos,NA,NA,787,NA,NA,NA,NA,NA,NA,NA,NA,NA,NA,NA,NA,NA,NA,NA,NA,NA,NA,NA,NA,NA,NA,NA,NA,NA,NA,NA,NA,NA,NA,NA,NA,NA,NA,NA,NA,NA,NA,NA,NA,NA,NA,NA,NA,NA,NA,NA,NA,NA,NA,NA,NA,NA,NA,NA,NA,NA,NA,NA,NA,NA,NA,NA
Nicaragua,2021,NW,auction,NA,https://allianceforcoffeeexcellence.org/nicaragua-2021/,4,NW,NA,NA,NA,NA,85.88,success,NA,NA,NA,$4.10,"$3,796.27","Wataru & Co., Ltd.",NA,NA,NA,NA,Los Placeres,NA,NA,925.92,NA,NA,NA,NA,NA,NA,NA,NA,NA,NA,NA,NA,NA,NA,NA,NA,NA,NA,NA,NA,NA,NA,NA,NA,NA,NA,NA,NA,NA,NA,NA,NA,NA,NA,NA,NA,NA,NA,NA,NA,NA,NA,NA,NA,NA,NA,NA,NA,NA,NA,NA,NA,NA,NA,NA,NA,NA,NA,NA,NA,NA,NA,NA
Nicaragua,2021,NW,auction,NA,https://allianceforcoffeeexcellence.org/nicaragua-2021/,4,NW,NA,NA,NA,NA,85.69,success,NA,NA,NA,$4.00,"$3,436.00","Linking Coffee Co., Ltd.",NA,NA,NA,NA,Nuevo Pacto,NA,NA,859,NA,NA,NA,NA,NA,NA,NA,NA,NA,NA,NA,NA,NA,NA,NA,NA,NA,NA,NA,NA,NA,NA,NA,NA,NA,NA,NA,NA,NA,NA,NA,NA,NA,NA,NA,NA,NA,NA,NA,NA,NA,NA,NA,NA,NA,NA,NA,NA,NA,NA,NA,NA,NA,NA,NA,NA,NA,NA,NA,NA,NA,NA,NA
Nicaragua,2021,NW,auction,NA,https://allianceforcoffeeexcellence.org/nicaragua-2021/,4,NW,NA,NA,NA,NA,Totals:,success,NA,NA,NA,$4.09/lb,"$24,960.67",,NA,NA,NA,NA,,NA,NA,6109.57,NA,NA,NA,NA,NA,NA,NA,NA,NA,NA,NA,NA,NA,NA,NA,NA,NA,NA,NA,NA,NA,NA,NA,NA,NA,NA,NA,NA,NA,NA,NA,NA,NA,NA,NA,NA,NA,NA,NA,NA,NA,NA,NA,NA,NA,NA,NA,NA,NA,NA,NA,NA,NA,NA,NA,NA,NA,NA,NA,NA,NA,NA,NA
Nicaragua,2022,COE,auction,NA,https://allianceforcoffeeexcellence.org/nicaragua-2022/,2,1a,NA,NA,NA,NA,90.74,success,NA,NA,NA,$25.20,"$6,667.92",NA,NA,NA,NA,NA,El Avión,NA,NA,264.6,Times Club & Coffee Libre,NA,NA,NA,NA,NA,NA,NA,NA,NA,NA,NA,NA,NA,NA,NA,NA,NA,NA,NA,NA,NA,NA,NA,NA,NA,NA,NA,NA,NA,NA,NA,NA,NA,NA,NA,NA,NA,NA,NA,NA,NA,NA,NA,NA,NA,NA,NA,NA,NA,NA,NA,NA,NA,NA,NA,NA,NA,NA,NA,NA,NA,NA
Nicaragua,2022,COE,auction,NA,https://allianceforcoffeeexcellence.org/nicaragua-2022/,2,1b,NA,NA,NA,NA,90.74,success,NA,NA,NA,$23.50,"$5,933.75",NA,NA,NA,NA,NA,El Avión,NA,NA,252.5,"Snow Beans Coffee, Japan Roasters Community, Adachi Coffee Inc. by Maruyama Coffee",NA,NA,NA,NA,NA,NA,NA,NA,NA,NA,NA,NA,NA,NA,NA,NA,NA,NA,NA,NA,NA,NA,NA,NA,NA,NA,NA,NA,NA,NA,NA,NA,NA,NA,NA,NA,NA,NA,NA,NA,NA,NA,NA,NA,NA,NA,NA,NA,NA,NA,NA,NA,NA,NA,NA,NA,NA,NA,NA,NA,NA,NA
Nicaragua,2022,COE,auction,NA,https://allianceforcoffeeexcellence.org/nicaragua-2022/,2,2,NA,NA,NA,NA,89.65,success,NA,NA,NA,$8.00,"$3,416.00",NA,NA,NA,NA,NA,Buenos Aires,NA,NA,427,"Bokkum & Gil coffee Roasters, Comansa, Oraund Coffee",NA,NA,NA,NA,NA,NA,NA,NA,NA,NA,NA,NA,NA,NA,NA,NA,NA,NA,NA,NA,NA,NA,NA,NA,NA,NA,NA,NA,NA,NA,NA,NA,NA,NA,NA,NA,NA,NA,NA,NA,NA,NA,NA,NA,NA,NA,NA,NA,NA,NA,NA,NA,NA,NA,NA,NA,NA,NA,NA,NA,NA,NA
Nicaragua,2022,COE,auction,NA,https://allianceforcoffeeexcellence.org/nicaragua-2022/,2,3,NA,NA,NA,NA,89.53,success,NA,NA,NA,$17.30,"$8,719.20",NA,NA,NA,NA,NA,Un Regalo De Dios,NA,NA,504,"𝐿𝐸𝐴𝑉𝐸𝑆 𝐶𝑂𝐹𝐹𝐸𝐸 𝑅𝑂𝐴𝑆𝑇𝐸𝑅𝑆, WAVY COFFEE ROASTERS, ETHICUS coffee roasters and Acid Coffee Tokyo by Marukai",NA,NA,NA,NA,NA,NA,NA,NA,NA,NA,NA,NA,NA,NA,NA,NA,NA,NA,NA,NA,NA,NA,NA,NA,NA,NA,NA,NA,NA,NA,NA,NA,NA,NA,NA,NA,NA,NA,NA,NA,NA,NA,NA,NA,NA,NA,NA,NA,NA,NA,NA,NA,NA,NA,NA,NA,NA,NA,NA,NA,NA,NA
Nicaragua,2022,COE,auction,NA,https://allianceforcoffeeexcellence.org/nicaragua-2022/,2,4,NA,NA,NA,NA,89.35,success,NA,NA,NA,$25.10,"$10,190.60",NA,NA,NA,NA,NA,Los Volcancitos,NA,NA,406,Kyokuto Fadie Corporation,NA,NA,NA,NA,NA,NA,NA,NA,NA,NA,NA,NA,NA,NA,NA,NA,NA,NA,NA,NA,NA,NA,NA,NA,NA,NA,NA,NA,NA,NA,NA,NA,NA,NA,NA,NA,NA,NA,NA,NA,NA,NA,NA,NA,NA,NA,NA,NA,NA,NA,NA,NA,NA,NA,NA,NA,NA,NA,NA,NA,NA,NA
Nicaragua,2022,COE,auction,NA,https://allianceforcoffeeexcellence.org/nicaragua-2022/,2,5,NA,NA,NA,NA,89,success,NA,NA,NA,$12.10,"$4,779.50",NA,NA,NA,NA,NA,Bella Aurora,NA,NA,395,"Orsir International Co., Ltd.",NA,NA,NA,NA,NA,NA,NA,NA,NA,NA,NA,NA,NA,NA,NA,NA,NA,NA,NA,NA,NA,NA,NA,NA,NA,NA,NA,NA,NA,NA,NA,NA,NA,NA,NA,NA,NA,NA,NA,NA,NA,NA,NA,NA,NA,NA,NA,NA,NA,NA,NA,NA,NA,NA,NA,NA,NA,NA,NA,NA,NA,NA
Nicaragua,2022,COE,auction,NA,https://allianceforcoffeeexcellence.org/nicaragua-2022/,2,6,NA,NA,NA,NA,88.91,success,NA,NA,NA,$7.50,"$3,697.50",NA,NA,NA,NA,NA,La Soledad,NA,NA,493,"Wataru & Co., Ltd.",NA,NA,NA,NA,NA,NA,NA,NA,NA,NA,NA,NA,NA,NA,NA,NA,NA,NA,NA,NA,NA,NA,NA,NA,NA,NA,NA,NA,NA,NA,NA,NA,NA,NA,NA,NA,NA,NA,NA,NA,NA,NA,NA,NA,NA,NA,NA,NA,NA,NA,NA,NA,NA,NA,NA,NA,NA,NA,NA,NA,NA,NA
Nicaragua,2022,COE,auction,NA,https://allianceforcoffeeexcellence.org/nicaragua-2022/,2,7,NA,NA,NA,NA,88.76,success,NA,NA,NA,$8.10,"$3,701.70",NA,NA,NA,NA,NA,El Cambalache,NA,NA,457,Studio Caffeine,NA,NA,NA,NA,NA,NA,NA,NA,NA,NA,NA,NA,NA,NA,NA,NA,NA,NA,NA,NA,NA,NA,NA,NA,NA,NA,NA,NA,NA,NA,NA,NA,NA,NA,NA,NA,NA,NA,NA,NA,NA,NA,NA,NA,NA,NA,NA,NA,NA,NA,NA,NA,NA,NA,NA,NA,NA,NA,NA,NA,NA,NA
Nicaragua,2022,COE,auction,NA,https://allianceforcoffeeexcellence.org/nicaragua-2022/,2,8,NA,NA,NA,NA,88.76,success,NA,NA,NA,$17.70,"$20,124.90",NA,NA,NA,NA,NA,Jesús Mountain Coffee Company,NA,NA,1137,Campos Coffee,NA,NA,NA,NA,NA,NA,NA,NA,NA,NA,NA,NA,NA,NA,NA,NA,NA,NA,NA,NA,NA,NA,NA,NA,NA,NA,NA,NA,NA,NA,NA,NA,NA,NA,NA,NA,NA,NA,NA,NA,NA,NA,NA,NA,NA,NA,NA,NA,NA,NA,NA,NA,NA,NA,NA,NA,NA,NA,NA,NA,NA,NA
Nicaragua,2022,COE,auction,NA,https://allianceforcoffeeexcellence.org/nicaragua-2022/,2,9,NA,NA,NA,NA,87.94,success,NA,NA,NA,$10.80,"$6,469.20",NA,NA,NA,NA,NA,La Orquídea,NA,NA,599,TAKAMURA COFFEE ROASTERS by Marukai,NA,NA,NA,NA,NA,NA,NA,NA,NA,NA,NA,NA,NA,NA,NA,NA,NA,NA,NA,NA,NA,NA,NA,NA,NA,NA,NA,NA,NA,NA,NA,NA,NA,NA,NA,NA,NA,NA,NA,NA,NA,NA,NA,NA,NA,NA,NA,NA,NA,NA,NA,NA,NA,NA,NA,NA,NA,NA,NA,NA,NA,NA
Nicaragua,2022,COE,auction,NA,https://allianceforcoffeeexcellence.org/nicaragua-2022/,2,10,NA,NA,NA,NA,87.94,success,NA,NA,NA,$7.00,"$3,073.00",NA,NA,NA,NA,NA,Los Suyates,NA,NA,439,"Wataru & Co., Ltd.",NA,NA,NA,NA,NA,NA,NA,NA,NA,NA,NA,NA,NA,NA,NA,NA,NA,NA,NA,NA,NA,NA,NA,NA,NA,NA,NA,NA,NA,NA,NA,NA,NA,NA,NA,NA,NA,NA,NA,NA,NA,NA,NA,NA,NA,NA,NA,NA,NA,NA,NA,NA,NA,NA,NA,NA,NA,NA,NA,NA,NA,NA
Nicaragua,2022,COE,auction,NA,https://allianceforcoffeeexcellence.org/nicaragua-2022/,2,11,NA,NA,NA,NA,87.76,success,NA,NA,NA,$5.20,"$9,074.00",NA,NA,NA,NA,NA,Las Termópilas,NA,NA,1745,"Wataru & Co., Ltd.",NA,NA,NA,NA,NA,NA,NA,NA,NA,NA,NA,NA,NA,NA,NA,NA,NA,NA,NA,NA,NA,NA,NA,NA,NA,NA,NA,NA,NA,NA,NA,NA,NA,NA,NA,NA,NA,NA,NA,NA,NA,NA,NA,NA,NA,NA,NA,NA,NA,NA,NA,NA,NA,NA,NA,NA,NA,NA,NA,NA,NA,NA
Nicaragua,2022,COE,auction,NA,https://allianceforcoffeeexcellence.org/nicaragua-2022/,2,12,NA,NA,NA,NA,87.71,success,NA,NA,NA,$5.80,"$3,010.20",NA,NA,NA,NA,NA,El Porvenir,NA,NA,519,"GSC International Co., Ltd",NA,NA,NA,NA,NA,NA,NA,NA,NA,NA,NA,NA,NA,NA,NA,NA,NA,NA,NA,NA,NA,NA,NA,NA,NA,NA,NA,NA,NA,NA,NA,NA,NA,NA,NA,NA,NA,NA,NA,NA,NA,NA,NA,NA,NA,NA,NA,NA,NA,NA,NA,NA,NA,NA,NA,NA,NA,NA,NA,NA,NA,NA
Nicaragua,2022,COE,auction,NA,https://allianceforcoffeeexcellence.org/nicaragua-2022/,2,13,NA,NA,NA,NA,87.59,success,NA,NA,NA,$6.80,"$2,883.20",NA,NA,NA,NA,NA,La Bendicion,NA,NA,424,"Wataru & Co., Ltd.",NA,NA,NA,NA,NA,NA,NA,NA,NA,NA,NA,NA,NA,NA,NA,NA,NA,NA,NA,NA,NA,NA,NA,NA,NA,NA,NA,NA,NA,NA,NA,NA,NA,NA,NA,NA,NA,NA,NA,NA,NA,NA,NA,NA,NA,NA,NA,NA,NA,NA,NA,NA,NA,NA,NA,NA,NA,NA,NA,NA,NA,NA
Nicaragua,2022,COE,auction,NA,https://allianceforcoffeeexcellence.org/nicaragua-2022/,2,14,NA,NA,NA,NA,87.56,success,NA,NA,NA,$6.10,"$3,806.40",NA,NA,NA,NA,NA,Libertad,NA,NA,624,Kyokuto Fadie Corporation,NA,NA,NA,NA,NA,NA,NA,NA,NA,NA,NA,NA,NA,NA,NA,NA,NA,NA,NA,NA,NA,NA,NA,NA,NA,NA,NA,NA,NA,NA,NA,NA,NA,NA,NA,NA,NA,NA,NA,NA,NA,NA,NA,NA,NA,NA,NA,NA,NA,NA,NA,NA,NA,NA,NA,NA,NA,NA,NA,NA,NA,NA
Nicaragua,2022,COE,auction,NA,https://allianceforcoffeeexcellence.org/nicaragua-2022/,2,15,NA,NA,NA,NA,87.53,success,NA,NA,NA,$5.20,"$4,035.20",NA,NA,NA,NA,NA,Divina Providencia,NA,NA,776,"Wataru & Co., Ltd.",NA,NA,NA,NA,NA,NA,NA,NA,NA,NA,NA,NA,NA,NA,NA,NA,NA,NA,NA,NA,NA,NA,NA,NA,NA,NA,NA,NA,NA,NA,NA,NA,NA,NA,NA,NA,NA,NA,NA,NA,NA,NA,NA,NA,NA,NA,NA,NA,NA,NA,NA,NA,NA,NA,NA,NA,NA,NA,NA,NA,NA,NA
Nicaragua,2022,COE,auction,NA,https://allianceforcoffeeexcellence.org/nicaragua-2022/,2,16,NA,NA,NA,NA,87.41,success,NA,NA,NA,$5.20,"$3,946.80",NA,NA,NA,NA,NA,Las Pavas,NA,NA,759,"Wataru & Co., Ltd.",NA,NA,NA,NA,NA,NA,NA,NA,NA,NA,NA,NA,NA,NA,NA,NA,NA,NA,NA,NA,NA,NA,NA,NA,NA,NA,NA,NA,NA,NA,NA,NA,NA,NA,NA,NA,NA,NA,NA,NA,NA,NA,NA,NA,NA,NA,NA,NA,NA,NA,NA,NA,NA,NA,NA,NA,NA,NA,NA,NA,NA,NA
Nicaragua,2022,COE,auction,NA,https://allianceforcoffeeexcellence.org/nicaragua-2022/,2,17,NA,NA,NA,NA,87.41,success,NA,NA,NA,$5.80,"$2,923.20",NA,NA,NA,NA,NA,La Esperanza,NA,NA,504,"Wataru & Co., Ltd.",NA,NA,NA,NA,NA,NA,NA,NA,NA,NA,NA,NA,NA,NA,NA,NA,NA,NA,NA,NA,NA,NA,NA,NA,NA,NA,NA,NA,NA,NA,NA,NA,NA,NA,NA,NA,NA,NA,NA,NA,NA,NA,NA,NA,NA,NA,NA,NA,NA,NA,NA,NA,NA,NA,NA,NA,NA,NA,NA,NA,NA,NA
Nicaragua,2022,COE,auction,NA,https://allianceforcoffeeexcellence.org/nicaragua-2022/,2,18,NA,NA,NA,NA,87.35,success,NA,NA,NA,$5.90,"$2,560.60",NA,NA,NA,NA,NA,Los Pirineos,NA,NA,434,"THE DRIP CO.,LTD",NA,NA,NA,NA,NA,NA,NA,NA,NA,NA,NA,NA,NA,NA,NA,NA,NA,NA,NA,NA,NA,NA,NA,NA,NA,NA,NA,NA,NA,NA,NA,NA,NA,NA,NA,NA,NA,NA,NA,NA,NA,NA,NA,NA,NA,NA,NA,NA,NA,NA,NA,NA,NA,NA,NA,NA,NA,NA,NA,NA,NA,NA
Nicaragua,2022,COE,auction,NA,https://allianceforcoffeeexcellence.org/nicaragua-2022/,2,19,NA,NA,NA,NA,87.32,success,NA,NA,NA,$5.60,"$2,156.00",NA,NA,NA,NA,NA,El Recuerdo,NA,NA,385,Wataru for OGAWA COFFEE,NA,NA,NA,NA,NA,NA,NA,NA,NA,NA,NA,NA,NA,NA,NA,NA,NA,NA,NA,NA,NA,NA,NA,NA,NA,NA,NA,NA,NA,NA,NA,NA,NA,NA,NA,NA,NA,NA,NA,NA,NA,NA,NA,NA,NA,NA,NA,NA,NA,NA,NA,NA,NA,NA,NA,NA,NA,NA,NA,NA,NA,NA
Nicaragua,2022,COE,auction,NA,https://allianceforcoffeeexcellence.org/nicaragua-2022/,2,20,NA,NA,NA,NA,87.26,success,NA,NA,NA,$7.30,"$3,087.90",NA,NA,NA,NA,NA,El Chele,NA,NA,423,"Wataru & Co., Ltd.",NA,NA,NA,NA,NA,NA,NA,NA,NA,NA,NA,NA,NA,NA,NA,NA,NA,NA,NA,NA,NA,NA,NA,NA,NA,NA,NA,NA,NA,NA,NA,NA,NA,NA,NA,NA,NA,NA,NA,NA,NA,NA,NA,NA,NA,NA,NA,NA,NA,NA,NA,NA,NA,NA,NA,NA,NA,NA,NA,NA,NA,NA
Nicaragua,2022,COE,auction,NA,https://allianceforcoffeeexcellence.org/nicaragua-2022/,2,21,NA,NA,NA,NA,87.18,success,NA,NA,NA,$5.60,"$1,825.60",NA,NA,NA,NA,NA,Los Cuadros,NA,NA,326,"Wataru & Co., Ltd.",NA,NA,NA,NA,NA,NA,NA,NA,NA,NA,NA,NA,NA,NA,NA,NA,NA,NA,NA,NA,NA,NA,NA,NA,NA,NA,NA,NA,NA,NA,NA,NA,NA,NA,NA,NA,NA,NA,NA,NA,NA,NA,NA,NA,NA,NA,NA,NA,NA,NA,NA,NA,NA,NA,NA,NA,NA,NA,NA,NA,NA,NA
Nicaragua,2022,COE,auction,NA,https://allianceforcoffeeexcellence.org/nicaragua-2022/,2,22,NA,NA,NA,NA,87.15,success,NA,NA,NA,$5.10,"$4,544.10",NA,NA,NA,NA,NA,El Poste,NA,NA,891,honu加藤珈琲店株式会社,NA,NA,NA,NA,NA,NA,NA,NA,NA,NA,NA,NA,NA,NA,NA,NA,NA,NA,NA,NA,NA,NA,NA,NA,NA,NA,NA,NA,NA,NA,NA,NA,NA,NA,NA,NA,NA,NA,NA,NA,NA,NA,NA,NA,NA,NA,NA,NA,NA,NA,NA,NA,NA,NA,NA,NA,NA,NA,NA,NA,NA,NA
Nicaragua,2022,COE,auction,NA,https://allianceforcoffeeexcellence.org/nicaragua-2022/,2,23,NA,NA,NA,NA,87.12,success,NA,NA,NA,$7.00,"$2,268.00",NA,NA,NA,NA,NA,Ufcm,NA,NA,324,MOKKA COFFEE,NA,NA,NA,NA,NA,NA,NA,NA,NA,NA,NA,NA,NA,NA,NA,NA,NA,NA,NA,NA,NA,NA,NA,NA,NA,NA,NA,NA,NA,NA,NA,NA,NA,NA,NA,NA,NA,NA,NA,NA,NA,NA,NA,NA,NA,NA,NA,NA,NA,NA,NA,NA,NA,NA,NA,NA,NA,NA,NA,NA,NA,NA
Nicaragua,2022,COE,auction,NA,https://allianceforcoffeeexcellence.org/nicaragua-2022/,2,24,NA,NA,NA,NA,87.12,success,NA,NA,NA,$7.10,"$3,571.30",NA,NA,NA,NA,NA,Bethania,NA,NA,503,Kyokuto Fadie Corporation,NA,NA,NA,NA,NA,NA,NA,NA,NA,NA,NA,NA,NA,NA,NA,NA,NA,NA,NA,NA,NA,NA,NA,NA,NA,NA,NA,NA,NA,NA,NA,NA,NA,NA,NA,NA,NA,NA,NA,NA,NA,NA,NA,NA,NA,NA,NA,NA,NA,NA,NA,NA,NA,NA,NA,NA,NA,NA,NA,NA,NA,NA
Nicaragua,2022,COE,auction,NA,https://allianceforcoffeeexcellence.org/nicaragua-2022/,2,25,NA,NA,NA,NA,87.12,success,NA,NA,NA,$7.30,"$4,109.90",NA,NA,NA,NA,NA,Viento Del Espiritu Santo,NA,NA,563,Linking Coffee,NA,NA,NA,NA,NA,NA,NA,NA,NA,NA,NA,NA,NA,NA,NA,NA,NA,NA,NA,NA,NA,NA,NA,NA,NA,NA,NA,NA,NA,NA,NA,NA,NA,NA,NA,NA,NA,NA,NA,NA,NA,NA,NA,NA,NA,NA,NA,NA,NA,NA,NA,NA,NA,NA,NA,NA,NA,NA,NA,NA,NA,NA
Nicaragua,2022,COE,auction,NA,https://allianceforcoffeeexcellence.org/nicaragua-2022/,2,26,NA,NA,NA,NA,87.09,success,NA,NA,NA,$5.20,"$2,319.20",NA,NA,NA,NA,NA,Puma Punkú,NA,NA,446,Wataru for Voila Coffee,NA,NA,NA,NA,NA,NA,NA,NA,NA,NA,NA,NA,NA,NA,NA,NA,NA,NA,NA,NA,NA,NA,NA,NA,NA,NA,NA,NA,NA,NA,NA,NA,NA,NA,NA,NA,NA,NA,NA,NA,NA,NA,NA,NA,NA,NA,NA,NA,NA,NA,NA,NA,NA,NA,NA,NA,NA,NA,NA,NA,NA,NA
Nicaragua,2022,COE,auction,NA,https://allianceforcoffeeexcellence.org/nicaragua-2022/,2,Totals:,NA,NA,NA,NA,,success,NA,NA,NA,"Auction Average $/lb
$8.85/lb","Total Auction Value
$132,894.87",NA,NA,NA,NA,NA,,NA,NA,15020.1,,NA,NA,NA,NA,NA,NA,NA,NA,NA,NA,NA,NA,NA,NA,NA,NA,NA,NA,NA,NA,NA,NA,NA,NA,NA,NA,NA,NA,NA,NA,NA,NA,NA,NA,NA,NA,NA,NA,NA,NA,NA,NA,NA,NA,NA,NA,NA,NA,NA,NA,NA,NA,NA,NA,NA,NA,NA,NA,NA,NA,NA,NA
Nicaragua,2022,NW,auction,NA,https://allianceforcoffeeexcellence.org/nicaragua-2022/,4,NW,NA,NA,NA,NA,86.88,success,NA,NA,NA,NA,"$          2,239.91",NA,NA,NA,NA,NA,NA,NA,NA,520.91,NA,NA,NA,"cafe DAZAC, Eungubiro Roasters, Crema Costa",NA,NA,NA,NA,NA,NA,NA,NA,NA,NA,NA,NA,NA,NA,NA,NA,NA,NA,NA,NA,NA,NA,NA,NA,NA,NA,NA,NA,NA,NA,NA,NA,NA,NA,NA,NA,NA,NA,NA,NA,NA,NA,NA,NA,NA,NA,NA,NA,NA,NA,NA,Las Hortensias,$            4.30,NA,NA,NA,NA,NA,NA
Nicaragua,2022,NW,auction,NA,https://allianceforcoffeeexcellence.org/nicaragua-2022/,4,NW,NA,NA,NA,NA,86.82,success,NA,NA,NA,NA,"$          2,037.07",NA,NA,NA,NA,NA,NA,NA,NA,462.97,NA,NA,NA,"cafe DAZAC, Eungubiro Roasters, Crema Costa",NA,NA,NA,NA,NA,NA,NA,NA,NA,NA,NA,NA,NA,NA,NA,NA,NA,NA,NA,NA,NA,NA,NA,NA,NA,NA,NA,NA,NA,NA,NA,NA,NA,NA,NA,NA,NA,NA,NA,NA,NA,NA,NA,NA,NA,NA,NA,NA,NA,NA,NA,Dios Todopoderoso,$            4.40,NA,NA,NA,NA,NA,NA
Nicaragua,2022,NW,auction,NA,https://allianceforcoffeeexcellence.org/nicaragua-2022/,4,NW,NA,NA,NA,NA,86.79,success,NA,NA,NA,NA,"$          2,244.21",NA,NA,NA,NA,NA,NA,NA,NA,521.91,NA,NA,NA,"cafe DAZAC, Eungubiro Roasters, Crema Costa",NA,NA,NA,NA,NA,NA,NA,NA,NA,NA,NA,NA,NA,NA,NA,NA,NA,NA,NA,NA,NA,NA,NA,NA,NA,NA,NA,NA,NA,NA,NA,NA,NA,NA,NA,NA,NA,NA,NA,NA,NA,NA,NA,NA,NA,NA,NA,NA,NA,NA,NA,Los Altiplanos Datanli,$            4.30,NA,NA,NA,NA,NA,NA
Nicaragua,2022,NW,auction,NA,https://allianceforcoffeeexcellence.org/nicaragua-2022/,4,NW,NA,NA,NA,NA,86.68,success,NA,NA,NA,NA,"$          2,175.96",NA,NA,NA,NA,NA,NA,NA,NA,462.97,NA,NA,NA,Sweet Spot,NA,NA,NA,NA,NA,NA,NA,NA,NA,NA,NA,NA,NA,NA,NA,NA,NA,NA,NA,NA,NA,NA,NA,NA,NA,NA,NA,NA,NA,NA,NA,NA,NA,NA,NA,NA,NA,NA,NA,NA,NA,NA,NA,NA,NA,NA,NA,NA,NA,NA,NA,Agua Sarca,$            4.70,NA,NA,NA,NA,NA,NA
Nicaragua,2022,NW,auction,NA,https://allianceforcoffeeexcellence.org/nicaragua-2022/,4,NW,NA,NA,NA,NA,86.26,success,NA,NA,NA,NA,"$          2,711.70",NA,NA,NA,NA,NA,NA,NA,NA,661.39,NA,NA,NA,Pedestrian Coffee,NA,NA,NA,NA,NA,NA,NA,NA,NA,NA,NA,NA,NA,NA,NA,NA,NA,NA,NA,NA,NA,NA,NA,NA,NA,NA,NA,NA,NA,NA,NA,NA,NA,NA,NA,NA,NA,NA,NA,NA,NA,NA,NA,NA,NA,NA,NA,NA,NA,NA,NA,Ina Occidental,$            4.10,NA,NA,NA,NA,NA,NA
Nicaragua,2022,NW,auction,NA,https://allianceforcoffeeexcellence.org/nicaragua-2022/,4,NW,NA,NA,NA,NA,Totals:,success,NA,NA,NA,NA,"Total Auction Value
$ 11,408.85",NA,NA,NA,NA,NA,NA,NA,NA,2630.15,NA,NA,NA,,NA,NA,NA,NA,NA,NA,NA,NA,NA,NA,NA,NA,NA,NA,NA,NA,NA,NA,NA,NA,NA,NA,NA,NA,NA,NA,NA,NA,NA,NA,NA,NA,NA,NA,NA,NA,NA,NA,NA,NA,NA,NA,NA,NA,NA,NA,NA,NA,NA,NA,NA,,"Auction Average $/lb
$ 4.36",NA,NA,NA,NA,NA,NA
Nicaragua,2023,COE,auction,NA,https://allianceforcoffeeexcellence.org/nicaragua-2023/,2,1a,NA,NA,NA,NA,91.6,success,NA,NA,NA,NA,"$16,286.87",NA,NA,NA,NA,NA,LOS ALPES,NA,NA,NA,"Snow Beans Coffee – Japan, YN Coffee, WAVY COFFEE",NA,NA,NA,NA,NA,NA,NA,NA,NA,NA,NA,NA,NA,NA,NA,NA,NA,NA,NA,NA,NA,NA,NA,NA,NA,221.59,NA,NA,NA,NA,NA,NA,NA,NA,NA,NA,NA,NA,$73.50,NA,NA,NA,NA,NA,NA,NA,NA,NA,NA,NA,NA,NA,NA,NA,NA,NA,NA,NA,NA,NA,NA,NA
Nicaragua,2023,COE,auction,NA,https://allianceforcoffeeexcellence.org/nicaragua-2023/,2,1b,NA,NA,NA,NA,91.6,success,NA,NA,NA,NA,"$15,893.44",NA,NA,NA,NA,NA,LOS ALPES,NA,NA,NA,"NOZY COFFEE, manucoffee, hugcoffee, ocami coffee – Japan",NA,NA,NA,NA,NA,NA,NA,NA,NA,NA,NA,NA,NA,NA,NA,NA,NA,NA,NA,NA,NA,NA,NA,NA,NA,198.42,NA,NA,NA,NA,NA,NA,NA,NA,NA,NA,NA,NA,$80.10,NA,NA,NA,NA,NA,NA,NA,NA,NA,NA,NA,NA,NA,NA,NA,NA,NA,NA,NA,NA,NA,NA,NA
Nicaragua,2023,COE,auction,NA,https://allianceforcoffeeexcellence.org/nicaragua-2023/,2,2a,NA,NA,NA,NA,90.25,success,NA,NA,NA,NA,"$17,633.07",NA,NA,NA,NA,NA,BUENOS AIRES,NA,NA,NA,PRIVATE RESERVE (China) /玫瑰咖啡ROSE CAFÉ/ 乜早咖啡 / 乐否咖啡 Leforkaffe,NA,NA,NA,NA,NA,NA,NA,NA,NA,NA,NA,NA,NA,NA,NA,NA,NA,NA,NA,NA,NA,NA,NA,NA,NA,329.59,NA,NA,NA,NA,NA,NA,NA,NA,NA,NA,NA,NA,$53.50,NA,NA,NA,NA,NA,NA,NA,NA,NA,NA,NA,NA,NA,NA,NA,NA,NA,NA,NA,NA,NA,NA,NA
Nicaragua,2023,COE,auction,NA,https://allianceforcoffeeexcellence.org/nicaragua-2023/,2,2b,NA,NA,NA,NA,90.25,success,NA,NA,NA,NA,"$11,925.04",NA,NA,NA,NA,NA,BUENOS AIRES,NA,NA,NA,NOZY COFFEE – Japan,NA,NA,NA,NA,NA,NA,NA,NA,NA,NA,NA,NA,NA,NA,NA,NA,NA,NA,NA,NA,NA,NA,NA,NA,NA,198.42,NA,NA,NA,NA,NA,NA,NA,NA,NA,NA,NA,NA,$60.10,NA,NA,NA,NA,NA,NA,NA,NA,NA,NA,NA,NA,NA,NA,NA,NA,NA,NA,NA,NA,NA,NA,NA
Nicaragua,2023,COE,auction,NA,https://allianceforcoffeeexcellence.org/nicaragua-2023/,2,3,NA,NA,NA,NA,89.45,success,NA,NA,NA,NA,"$12,958.40",NA,NA,NA,NA,NA,SANTA CRUZ,NA,NA,NA,SARUTAHIKO COFFEE – Japan,NA,NA,NA,NA,NA,NA,NA,NA,NA,NA,NA,NA,NA,NA,NA,NA,NA,NA,NA,NA,NA,NA,NA,NA,NA,623,NA,NA,NA,NA,NA,NA,NA,NA,NA,NA,NA,NA,$20.80,NA,NA,NA,NA,NA,NA,NA,NA,NA,NA,NA,NA,NA,NA,NA,NA,NA,NA,NA,NA,NA,NA,NA
Nicaragua,2023,COE,auction,NA,https://allianceforcoffeeexcellence.org/nicaragua-2023/,2,4,NA,NA,NA,NA,89.3,success,NA,NA,NA,NA,"$17,897.07",NA,NA,NA,NA,NA,JESUS MOUNTAIN COFFEE,NA,NA,NA,"Coffee Libre – South Korea Times Club, Japan. – Nylon Coffee Roasters.",NA,NA,NA,NA,NA,NA,NA,NA,NA,NA,NA,NA,NA,NA,NA,NA,NA,NA,NA,NA,NA,NA,NA,NA,NA,"2,182.57",NA,NA,NA,NA,NA,NA,NA,NA,NA,NA,NA,NA,$8.20,NA,NA,NA,NA,NA,NA,NA,NA,NA,NA,NA,NA,NA,NA,NA,NA,NA,NA,NA,NA,NA,NA,NA
Nicaragua,2023,COE,auction,NA,https://allianceforcoffeeexcellence.org/nicaragua-2023/,2,5,NA,NA,NA,NA,88.9,success,NA,NA,NA,NA,"$8,650.00",NA,NA,NA,NA,NA,EL CAMBALACHE,NA,NA,NA,SHRUB COFFEE by Marukai,NA,NA,NA,NA,NA,NA,NA,NA,NA,NA,NA,NA,NA,NA,NA,NA,NA,NA,NA,NA,NA,NA,NA,NA,NA,500,NA,NA,NA,NA,NA,NA,NA,NA,NA,NA,NA,NA,$17.30,NA,NA,NA,NA,NA,NA,NA,NA,NA,NA,NA,NA,NA,NA,NA,NA,NA,NA,NA,NA,NA,NA,NA
Nicaragua,2023,COE,auction,NA,https://allianceforcoffeeexcellence.org/nicaragua-2023/,2,6,NA,NA,NA,NA,88.5,success,NA,NA,NA,NA,"$7,729.00",NA,NA,NA,NA,NA,UN REGALO DE DIOS,NA,NA,NA,"YOKOI COFFEE, YAMADA COFFEE, Sugi Coffee Roasting, Japan Roasters’ Network",NA,NA,NA,NA,NA,NA,NA,NA,NA,NA,NA,NA,NA,NA,NA,NA,NA,NA,NA,NA,NA,NA,NA,NA,NA,590,NA,NA,NA,NA,NA,NA,NA,NA,NA,NA,NA,NA,$13.10,NA,NA,NA,NA,NA,NA,NA,NA,NA,NA,NA,NA,NA,NA,NA,NA,NA,NA,NA,NA,NA,NA,NA
Nicaragua,2023,COE,auction,NA,https://allianceforcoffeeexcellence.org/nicaragua-2023/,2,7,NA,NA,NA,NA,88.25,success,NA,NA,NA,NA,"$5,140.80",NA,NA,NA,NA,NA,QUITASUEÑOS,NA,NA,NA,"Wataru & Co., Ltd. – Japan",NA,NA,NA,NA,NA,NA,NA,NA,NA,NA,NA,NA,NA,NA,NA,NA,NA,NA,NA,NA,NA,NA,NA,NA,NA,714,NA,NA,NA,NA,NA,NA,NA,NA,NA,NA,NA,NA,$7.20,NA,NA,NA,NA,NA,NA,NA,NA,NA,NA,NA,NA,NA,NA,NA,NA,NA,NA,NA,NA,NA,NA,NA
Nicaragua,2023,COE,auction,NA,https://allianceforcoffeeexcellence.org/nicaragua-2023/,2,8,NA,NA,NA,NA,88.1,success,NA,NA,NA,NA,"$35,451.00",NA,NA,NA,NA,NA,COFFEE LIBRE S.A.,NA,NA,NA,DECAMERON COFFEE – China,NA,NA,NA,NA,NA,NA,NA,NA,NA,NA,NA,NA,NA,NA,NA,NA,NA,NA,NA,NA,NA,NA,NA,NA,NA,505,NA,NA,NA,NA,NA,NA,NA,NA,NA,NA,NA,NA,$70.20,NA,NA,NA,NA,NA,NA,NA,NA,NA,NA,NA,NA,NA,NA,NA,NA,NA,NA,NA,NA,NA,NA,NA
Nicaragua,2023,COE,auction,NA,https://allianceforcoffeeexcellence.org/nicaragua-2023/,2,9,NA,NA,NA,NA,88,success,NA,NA,NA,NA,"$9,788.80",NA,NA,NA,NA,NA,LA ORQUIDEA,NA,NA,NA,Wataru for Voila Coffee,NA,NA,NA,NA,NA,NA,NA,NA,NA,NA,NA,NA,NA,NA,NA,NA,NA,NA,NA,NA,NA,NA,NA,NA,NA,644,NA,NA,NA,NA,NA,NA,NA,NA,NA,NA,NA,NA,$15.20,NA,NA,NA,NA,NA,NA,NA,NA,NA,NA,NA,NA,NA,NA,NA,NA,NA,NA,NA,NA,NA,NA,NA
Nicaragua,2023,COE,auction,NA,https://allianceforcoffeeexcellence.org/nicaragua-2023/,2,10,NA,NA,NA,NA,87.95,success,NA,NA,NA,NA,"$3,920.00",NA,NA,NA,NA,NA,EL PORVENIR,NA,NA,NA,"Wataru & Co., Ltd. – Japan",NA,NA,NA,NA,NA,NA,NA,NA,NA,NA,NA,NA,NA,NA,NA,NA,NA,NA,NA,NA,NA,NA,NA,NA,NA,560,NA,NA,NA,NA,NA,NA,NA,NA,NA,NA,NA,NA,$7.00,NA,NA,NA,NA,NA,NA,NA,NA,NA,NA,NA,NA,NA,NA,NA,NA,NA,NA,NA,NA,NA,NA,NA
Nicaragua,2023,COE,auction,NA,https://allianceforcoffeeexcellence.org/nicaragua-2023/,2,11,NA,NA,NA,NA,87.35,success,NA,NA,NA,NA,"$5,555.66",NA,NA,NA,NA,NA,BUENA ESPERANZA,NA,NA,NA,1895 by Lavazza – Italy,NA,NA,NA,NA,NA,NA,NA,NA,NA,NA,NA,NA,NA,NA,NA,NA,NA,NA,NA,NA,NA,NA,NA,NA,NA,529.11,NA,NA,NA,NA,NA,NA,NA,NA,NA,NA,NA,NA,$10.50,NA,NA,NA,NA,NA,NA,NA,NA,NA,NA,NA,NA,NA,NA,NA,NA,NA,NA,NA,NA,NA,NA,NA
Nicaragua,2023,COE,auction,NA,https://allianceforcoffeeexcellence.org/nicaragua-2023/,2,12,NA,NA,NA,NA,87.3,success,NA,NA,NA,NA,"$4,233.60",NA,NA,NA,NA,NA,LA PICONA,NA,NA,NA,M.I.Coffee Corporation – South Korea,NA,NA,NA,NA,NA,NA,NA,NA,NA,NA,NA,NA,NA,NA,NA,NA,NA,NA,NA,NA,NA,NA,NA,NA,NA,588,NA,NA,NA,NA,NA,NA,NA,NA,NA,NA,NA,NA,$7.20,NA,NA,NA,NA,NA,NA,NA,NA,NA,NA,NA,NA,NA,NA,NA,NA,NA,NA,NA,NA,NA,NA,NA
Nicaragua,2023,COE,auction,NA,https://allianceforcoffeeexcellence.org/nicaragua-2023/,2,13,NA,NA,NA,NA,87.25,success,NA,NA,NA,NA,"$3,660.00",NA,NA,NA,NA,NA,EL PROGRESO,NA,NA,NA,COFFEE COUNTY – Japan,NA,NA,NA,NA,NA,NA,NA,NA,NA,NA,NA,NA,NA,NA,NA,NA,NA,NA,NA,NA,NA,NA,NA,NA,NA,488,NA,NA,NA,NA,NA,NA,NA,NA,NA,NA,NA,NA,$7.50,NA,NA,NA,NA,NA,NA,NA,NA,NA,NA,NA,NA,NA,NA,NA,NA,NA,NA,NA,NA,NA,NA,NA
Nicaragua,2023,COE,auction,NA,https://allianceforcoffeeexcellence.org/nicaragua-2023/,2,14,NA,NA,NA,NA,87,success,NA,NA,NA,NA,"$12,300.60",NA,NA,NA,NA,NA,MONTESOL,NA,NA,NA,"Wataru & Co., Ltd. – Japan",NA,NA,NA,NA,NA,NA,NA,NA,NA,NA,NA,NA,NA,NA,NA,NA,NA,NA,NA,NA,NA,NA,NA,NA,NA,"1,577.00",NA,NA,NA,NA,NA,NA,NA,NA,NA,NA,NA,NA,$7.80,NA,NA,NA,NA,NA,NA,NA,NA,NA,NA,NA,NA,NA,NA,NA,NA,NA,NA,NA,NA,NA,NA,NA
Nicaragua,2023,COE,auction,NA,https://allianceforcoffeeexcellence.org/nicaragua-2023/,2,15,NA,NA,NA,NA,87,success,NA,NA,NA,NA,"$3,584.00",NA,NA,NA,NA,NA,LA AURORA,NA,NA,NA,"Wataru & Co., Ltd. – Japan",NA,NA,NA,NA,NA,NA,NA,NA,NA,NA,NA,NA,NA,NA,NA,NA,NA,NA,NA,NA,NA,NA,NA,NA,NA,512,NA,NA,NA,NA,NA,NA,NA,NA,NA,NA,NA,NA,$7.00,NA,NA,NA,NA,NA,NA,NA,NA,NA,NA,NA,NA,NA,NA,NA,NA,NA,NA,NA,NA,NA,NA,NA
Nicaragua,2023,COE,auction,NA,https://allianceforcoffeeexcellence.org/nicaragua-2023/,2,16,NA,NA,NA,NA,87,success,NA,NA,NA,NA,"$4,256.00",NA,NA,NA,NA,NA,LA HACIENDA,NA,NA,NA,"Wataru & Co., Ltd. – Japan",NA,NA,NA,NA,NA,NA,NA,NA,NA,NA,NA,NA,NA,NA,NA,NA,NA,NA,NA,NA,NA,NA,NA,NA,NA,760,NA,NA,NA,NA,NA,NA,NA,NA,NA,NA,NA,NA,$5.60,NA,NA,NA,NA,NA,NA,NA,NA,NA,NA,NA,NA,NA,NA,NA,NA,NA,NA,NA,NA,NA,NA,NA
Nicaragua,2023,NW,auction,NA,https://allianceforcoffeeexcellence.org/nicaragua-2023/,4,NW,NA,NA,NA,NA,86.95,success,NA,NA,NA,US$ 4.20,"US$ 3,888.95",NA,NA,NA,NA,NA,Spes No. 1,NA,NA,925.94,"Xiamen Doowell Ocean Biotechnology Co., Ltd. – China",NA,NA,NA,NA,NA,NA,NA,NA,NA,NA,NA,NA,NA,NA,NA,NA,NA,NA,NA,NA,NA,NA,NA,NA,NA,NA,NA,NA,NA,NA,NA,NA,NA,NA,NA,NA,NA,NA,NA,NA,NA,NA,NA,NA,NA,NA,NA,NA,NA,NA,NA,NA,NA,NA,NA,NA,NA,NA,NA,NA,NA,NA
Nicaragua,2023,NW,auction,NA,https://allianceforcoffeeexcellence.org/nicaragua-2023/,4,NW,NA,NA,NA,NA,86.9,success,NA,NA,NA,US$ 4.25,"US$ 2,397.00",NA,NA,NA,NA,NA,San Jose Las Nubes,NA,NA,564,The Espresso Lab – United Arab Emirates,NA,NA,NA,NA,NA,NA,NA,NA,NA,NA,NA,NA,NA,NA,NA,NA,NA,NA,NA,NA,NA,NA,NA,NA,NA,NA,NA,NA,NA,NA,NA,NA,NA,NA,NA,NA,NA,NA,NA,NA,NA,NA,NA,NA,NA,NA,NA,NA,NA,NA,NA,NA,NA,NA,NA,NA,NA,NA,NA,NA,NA,NA
Nicaragua,2023,NW,auction,NA,https://allianceforcoffeeexcellence.org/nicaragua-2023/,4,NW,NA,NA,NA,NA,86.85,success,NA,NA,NA,US$ 4.00,"US$ 2,500.00",NA,NA,NA,NA,NA,La Libertad,NA,NA,625,Gil-coffee – South Korea,NA,NA,NA,NA,NA,NA,NA,NA,NA,NA,NA,NA,NA,NA,NA,NA,NA,NA,NA,NA,NA,NA,NA,NA,NA,NA,NA,NA,NA,NA,NA,NA,NA,NA,NA,NA,NA,NA,NA,NA,NA,NA,NA,NA,NA,NA,NA,NA,NA,NA,NA,NA,NA,NA,NA,NA,NA,NA,NA,NA,NA,NA
Nicaragua,2023,NW,auction,NA,https://allianceforcoffeeexcellence.org/nicaragua-2023/,4,NW,NA,NA,NA,NA,86.8,success,NA,NA,NA,US$ 4.00,"US$ 4,692.00",NA,NA,NA,NA,NA,La Virgen De La Piedra,NA,NA,"1,173.00",Gil-coffee – South Korea,NA,NA,NA,NA,NA,NA,NA,NA,NA,NA,NA,NA,NA,NA,NA,NA,NA,NA,NA,NA,NA,NA,NA,NA,NA,NA,NA,NA,NA,NA,NA,NA,NA,NA,NA,NA,NA,NA,NA,NA,NA,NA,NA,NA,NA,NA,NA,NA,NA,NA,NA,NA,NA,NA,NA,NA,NA,NA,NA,NA,NA,NA
Nicaragua,2023,NW,auction,NA,https://allianceforcoffeeexcellence.org/nicaragua-2023/,4,NW,NA,NA,NA,NA,86.75,success,NA,NA,NA,US$ 4.40,"US$ 5,134.80",NA,NA,NA,NA,NA,Spes No. 3,NA,NA,"1,167.00",Eungubicomapny – South Korea,NA,NA,NA,NA,NA,NA,NA,NA,NA,NA,NA,NA,NA,NA,NA,NA,NA,NA,NA,NA,NA,NA,NA,NA,NA,NA,NA,NA,NA,NA,NA,NA,NA,NA,NA,NA,NA,NA,NA,NA,NA,NA,NA,NA,NA,NA,NA,NA,NA,NA,NA,NA,NA,NA,NA,NA,NA,NA,NA,NA,NA,NA
Nicaragua,2023,NW,auction,NA,https://allianceforcoffeeexcellence.org/nicaragua-2023/,4,NW,NA,NA,NA,NA,86.35,success,NA,NA,NA,US$ 4.00,"US$ 3,439.20",NA,NA,NA,NA,NA,Ojo De Agua,NA,NA,859.8,,NA,NA,NA,NA,NA,NA,NA,NA,NA,NA,NA,NA,NA,NA,NA,NA,NA,NA,NA,NA,NA,NA,NA,NA,NA,NA,NA,NA,NA,NA,NA,NA,NA,NA,NA,NA,NA,NA,NA,NA,NA,NA,NA,NA,NA,NA,NA,NA,NA,NA,NA,NA,NA,NA,NA,NA,NA,NA,NA,NA,NA,NA
Nicaragua,2023,NW,auction,NA,https://allianceforcoffeeexcellence.org/nicaragua-2023/,4,NW,NA,NA,NA,NA,85.95,success,NA,NA,NA,US$ 4.10,"US$ 3,198.00",NA,NA,NA,NA,NA,Dios Todo Poderoso,NA,NA,780,What’s Brewing – United States of America,NA,NA,NA,NA,NA,NA,NA,NA,NA,NA,NA,NA,NA,NA,NA,NA,NA,NA,NA,NA,NA,NA,NA,NA,NA,NA,NA,NA,NA,NA,NA,NA,NA,NA,NA,NA,NA,NA,NA,NA,NA,NA,NA,NA,NA,NA,NA,NA,NA,NA,NA,NA,NA,NA,NA,NA,NA,NA,NA,NA,NA,NA
Nicaragua,2023,NW,auction,NA,https://allianceforcoffeeexcellence.org/nicaragua-2023/,4,NW,NA,NA,NA,NA,85.59,success,NA,NA,NA,US$ 4.00,"US$ 3,439.20",NA,NA,NA,NA,NA,San Jose,NA,NA,859.8,Eungubicomapny – South Korea,NA,NA,NA,NA,NA,NA,NA,NA,NA,NA,NA,NA,NA,NA,NA,NA,NA,NA,NA,NA,NA,NA,NA,NA,NA,NA,NA,NA,NA,NA,NA,NA,NA,NA,NA,NA,NA,NA,NA,NA,NA,NA,NA,NA,NA,NA,NA,NA,NA,NA,NA,NA,NA,NA,NA,NA,NA,NA,NA,NA,NA,NA
Nicaragua,2023,NW,auction,NA,https://allianceforcoffeeexcellence.org/nicaragua-2023/,4,NW,NA,NA,NA,NA,85.45,success,NA,NA,NA,US$ 4.40,"US$ 2,428.80",NA,NA,NA,NA,NA,Los Volcancitos,NA,NA,552,Eungubicomapny – South Korea,NA,NA,NA,NA,NA,NA,NA,NA,NA,NA,NA,NA,NA,NA,NA,NA,NA,NA,NA,NA,NA,NA,NA,NA,NA,NA,NA,NA,NA,NA,NA,NA,NA,NA,NA,NA,NA,NA,NA,NA,NA,NA,NA,NA,NA,NA,NA,NA,NA,NA,NA,NA,NA,NA,NA,NA,NA,NA,NA,NA,NA,NA
Nicaragua,2024,COE,auction,NA,https://allianceforcoffeeexcellence.org/nicaragua-2024/,2,1A,NA,Los Alpes,NA,NA,91.10,success,NA,NA,NA,NA,"$ 21,626.69",NA,NA,NA,NA,NA,NA,NA,NA,NA,Angelino’s Coffee,NA,NA,NA,NA,NA,NA,NA,NA,NA,NA,NA,NA,NA,NA,NA,NA,NA,NA,NA,NA,NA,NA,NA,NA,NA,198.41,$ 109.00,NA,NA,NA,NA,NA,NA,NA,NA,NA,NA,NA,NA,NA,NA,NA,NA,NA,NA,NA,NA,NA,NA,NA,NA,NA,NA,NA,NA,NA,NA,NA,NA,NA,NA,NA
Nicaragua,2024,COE,auction,NA,https://allianceforcoffeeexcellence.org/nicaragua-2024/,2,1B,NA,Los Alpes,NA,NA,91.10,success,NA,NA,NA,NA,"$ 27,104.26",NA,NA,NA,NA,NA,NA,NA,NA,NA,"ECOM Japan for NOZY COFFEE, manucoffee, hugcoffee, ocami coffee",NA,NA,NA,NA,NA,NA,NA,NA,NA,NA,NA,NA,NA,NA,NA,NA,NA,NA,NA,NA,NA,NA,NA,NA,NA,249.12,$ 108.80,NA,NA,NA,NA,NA,NA,NA,NA,NA,NA,NA,NA,NA,NA,NA,NA,NA,NA,NA,NA,NA,NA,NA,NA,NA,NA,NA,NA,NA,NA,NA,NA,NA,NA,NA
Nicaragua,2024,COE,auction,NA,https://allianceforcoffeeexcellence.org/nicaragua-2024/,2,2,NA,Los Suyates,NA,NA,89.85,success,NA,NA,NA,NA,"$ 21,851.83",NA,NA,NA,NA,NA,NA,NA,NA,NA,Sulalat Coffee Trading,NA,NA,NA,NA,NA,NA,NA,NA,NA,NA,NA,NA,NA,NA,NA,NA,NA,NA,NA,NA,NA,NA,NA,NA,NA,529.10,$ 41.30,NA,NA,NA,NA,NA,NA,NA,NA,NA,NA,NA,NA,NA,NA,NA,NA,NA,NA,NA,NA,NA,NA,NA,NA,NA,NA,NA,NA,NA,NA,NA,NA,NA,NA,NA
Nicaragua,2024,COE,auction,NA,https://allianceforcoffeeexcellence.org/nicaragua-2024/,2,3,NA,Libre,NA,NA,89.80,success,NA,NA,NA,NA,"$ 26,402.09",NA,NA,NA,NA,NA,NA,NA,NA,NA,Terraform Coffee Roasters,NA,NA,NA,NA,NA,NA,NA,NA,NA,NA,NA,NA,NA,NA,NA,NA,NA,NA,NA,NA,NA,NA,NA,NA,NA,529.10,$ 49.90,NA,NA,NA,NA,NA,NA,NA,NA,NA,NA,NA,NA,NA,NA,NA,NA,NA,NA,NA,NA,NA,NA,NA,NA,NA,NA,NA,NA,NA,NA,NA,NA,NA,NA,NA
Nicaragua,2024,COE,auction,NA,https://allianceforcoffeeexcellence.org/nicaragua-2024/,2,4,NA,Paraiso,NA,NA,89.45,success,NA,NA,NA,NA,"$ 14,629.54",NA,NA,NA,NA,NA,NA,NA,NA,NA,Angelino’s Coffee,NA,NA,NA,NA,NA,NA,NA,NA,NA,NA,NA,NA,NA,NA,NA,NA,NA,NA,NA,NA,NA,NA,NA,NA,NA,462.96,$ 31.60,NA,NA,NA,NA,NA,NA,NA,NA,NA,NA,NA,NA,NA,NA,NA,NA,NA,NA,NA,NA,NA,NA,NA,NA,NA,NA,NA,NA,NA,NA,NA,NA,NA,NA,NA
Nicaragua,2024,COE,auction,NA,https://allianceforcoffeeexcellence.org/nicaragua-2024/,2,5,NA,El Cambalache,NA,NA,89.45,success,NA,NA,NA,NA,"$ 7,591.68",NA,NA,NA,NA,NA,NA,NA,NA,NA,Savaya Coffee Llc,NA,NA,NA,NA,NA,NA,NA,NA,NA,NA,NA,NA,NA,NA,NA,NA,NA,NA,NA,NA,NA,NA,NA,NA,NA,419.43,$ 18.10,NA,NA,NA,NA,NA,NA,NA,NA,NA,NA,NA,NA,NA,NA,NA,NA,NA,NA,NA,NA,NA,NA,NA,NA,NA,NA,NA,NA,NA,NA,NA,NA,NA,NA,NA
Nicaragua,2024,COE,auction,NA,https://allianceforcoffeeexcellence.org/nicaragua-2024/,2,6,NA,El Porvenir,NA,NA,89.35,success,NA,NA,NA,NA,"$ 11,230.88",NA,NA,NA,NA,NA,NA,NA,NA,NA,"Wataru & Co., Ltd.",NA,NA,NA,NA,NA,NA,NA,NA,NA,NA,NA,NA,NA,NA,NA,NA,NA,NA,NA,NA,NA,NA,NA,NA,NA,558.75,$ 20.10,NA,NA,NA,NA,NA,NA,NA,NA,NA,NA,NA,NA,NA,NA,NA,NA,NA,NA,NA,NA,NA,NA,NA,NA,NA,NA,NA,NA,NA,NA,NA,NA,NA,NA,NA
Nicaragua,2024,COE,auction,NA,https://allianceforcoffeeexcellence.org/nicaragua-2024/,2,7,NA,Buenos Aires,NA,NA,89.35,success,NA,NA,NA,NA,"$ 16,461.09",NA,NA,NA,NA,NA,NA,NA,NA,NA,"NOZY COFFEE, TOA COFFEE, TRIBE COFFEE",NA,NA,NA,NA,NA,NA,NA,NA,NA,NA,NA,NA,NA,NA,NA,NA,NA,NA,NA,NA,NA,NA,NA,NA,NA,446.10,$ 36.90,NA,NA,NA,NA,NA,NA,NA,NA,NA,NA,NA,NA,NA,NA,NA,NA,NA,NA,NA,NA,NA,NA,NA,NA,NA,NA,NA,NA,NA,NA,NA,NA,NA,NA,NA
Nicaragua,2024,COE,auction,NA,https://allianceforcoffeeexcellence.org/nicaragua-2024/,2,8,NA,Jesus Mountain Coffe Company,NA,NA,89.20,success,NA,NA,NA,NA,"$ 19,920.62",NA,NA,NA,NA,NA,NA,NA,NA,NA,"Time’s Club, Coffee Libre, Coffee Temple",NA,NA,NA,NA,NA,NA,NA,NA,NA,NA,NA,NA,NA,NA,NA,NA,NA,NA,NA,NA,NA,NA,NA,NA,NA,793.65,$ 25.10,NA,NA,NA,NA,NA,NA,NA,NA,NA,NA,NA,NA,NA,NA,NA,NA,NA,NA,NA,NA,NA,NA,NA,NA,NA,NA,NA,NA,NA,NA,NA,NA,NA,NA,NA
Nicaragua,2024,COE,auction,NA,https://allianceforcoffeeexcellence.org/nicaragua-2024/,2,9,NA,La Furiosa,NA,NA,88.70,success,NA,NA,NA,NA,"$ 18,304.80",NA,NA,NA,NA,NA,NA,NA,NA,NA,"Time’s Club, Coffee Libre, Coffee Montage",NA,NA,NA,NA,NA,NA,NA,NA,NA,NA,NA,NA,NA,NA,NA,NA,NA,NA,NA,NA,NA,NA,NA,NA,NA,696.00,$ 26.30,NA,NA,NA,NA,NA,NA,NA,NA,NA,NA,NA,NA,NA,NA,NA,NA,NA,NA,NA,NA,NA,NA,NA,NA,NA,NA,NA,NA,NA,NA,NA,NA,NA,NA,NA
Nicaragua,2024,COE,auction,NA,https://allianceforcoffeeexcellence.org/nicaragua-2024/,2,10,NA,El Guacalito,NA,NA,88.45,success,NA,NA,NA,NA,"$ 6,704.40",NA,NA,NA,NA,NA,NA,NA,NA,NA,M.I.Coffee Corporation,NA,NA,NA,NA,NA,NA,NA,NA,NA,NA,NA,NA,NA,NA,NA,NA,NA,NA,NA,NA,NA,NA,NA,NA,NA,444.00,$ 15.10,NA,NA,NA,NA,NA,NA,NA,NA,NA,NA,NA,NA,NA,NA,NA,NA,NA,NA,NA,NA,NA,NA,NA,NA,NA,NA,NA,NA,NA,NA,NA,NA,NA,NA,NA
Nicaragua,2024,COE,auction,NA,https://allianceforcoffeeexcellence.org/nicaragua-2024/,2,11,NA,La Ilusion,NA,NA,88.30,success,NA,NA,NA,NA,"$ 10,432.24",NA,NA,NA,NA,NA,NA,NA,NA,NA,"Wataru & Co., Ltd.",NA,NA,NA,NA,NA,NA,NA,NA,NA,NA,NA,NA,NA,NA,NA,NA,NA,NA,NA,NA,NA,NA,NA,NA,NA,1146.40,$ 9.10,NA,NA,NA,NA,NA,NA,NA,NA,NA,NA,NA,NA,NA,NA,NA,NA,NA,NA,NA,NA,NA,NA,NA,NA,NA,NA,NA,NA,NA,NA,NA,NA,NA,NA,NA
Nicaragua,2024,COE,auction,NA,https://allianceforcoffeeexcellence.org/nicaragua-2024/,2,12,NA,La Libertad,NA,NA,88.25,success,NA,NA,NA,NA,"$ 5,740.40",NA,NA,NA,NA,NA,NA,NA,NA,NA,Takamura Coffee Roasters by Marukai.,NA,NA,NA,NA,NA,NA,NA,NA,NA,NA,NA,NA,NA,NA,NA,NA,NA,NA,NA,NA,NA,NA,NA,NA,NA,557.32,$ 10.30,NA,NA,NA,NA,NA,NA,NA,NA,NA,NA,NA,NA,NA,NA,NA,NA,NA,NA,NA,NA,NA,NA,NA,NA,NA,NA,NA,NA,NA,NA,NA,NA,NA,NA,NA
Nicaragua,2024,COE,auction,NA,https://allianceforcoffeeexcellence.org/nicaragua-2024/,2,13,NA,Santa Maria De Lourdes,NA,NA,88.20,success,NA,NA,NA,NA,"$ 4,136.00",NA,NA,NA,NA,NA,NA,NA,NA,NA,E.R Corporation (이알코퍼레이션),NA,NA,NA,NA,NA,NA,NA,NA,NA,NA,NA,NA,NA,NA,NA,NA,NA,NA,NA,NA,NA,NA,NA,NA,NA,440.00,$ 9.40,NA,NA,NA,NA,NA,NA,NA,NA,NA,NA,NA,NA,NA,NA,NA,NA,NA,NA,NA,NA,NA,NA,NA,NA,NA,NA,NA,NA,NA,NA,NA,NA,NA,NA,NA
Nicaragua,2024,COE,auction,NA,https://allianceforcoffeeexcellence.org/nicaragua-2024/,2,14,NA,Santa Cruz,NA,NA,88.05,success,NA,NA,NA,NA,"$ 8,316.80",NA,NA,NA,NA,NA,NA,NA,NA,NA,"Anthem Coffee Imports for Florisbella Coffee, Amrita Certified Pure, Noble Coffee Roasting, Airship, Good Boy Bob",NA,NA,NA,NA,NA,NA,NA,NA,NA,NA,NA,NA,NA,NA,NA,NA,NA,NA,NA,NA,NA,NA,NA,NA,NA,904.00,$ 9.20,NA,NA,NA,NA,NA,NA,NA,NA,NA,NA,NA,NA,NA,NA,NA,NA,NA,NA,NA,NA,NA,NA,NA,NA,NA,NA,NA,NA,NA,NA,NA,NA,NA,NA,NA
Nicaragua,2024,COE,auction,NA,https://allianceforcoffeeexcellence.org/nicaragua-2024/,2,15,NA,El Poste,NA,NA,87.90,success,NA,NA,NA,NA,"$ 6,746.03",NA,NA,NA,NA,NA,NA,NA,NA,NA,"Cuppers of Korea, Look at the Barista, TPS COFFEE, AG COFFEE",NA,NA,NA,NA,NA,NA,NA,NA,NA,NA,NA,NA,NA,NA,NA,NA,NA,NA,NA,NA,NA,NA,NA,NA,NA,793.65,$ 8.50,NA,NA,NA,NA,NA,NA,NA,NA,NA,NA,NA,NA,NA,NA,NA,NA,NA,NA,NA,NA,NA,NA,NA,NA,NA,NA,NA,NA,NA,NA,NA,NA,NA,NA,NA
Nicaragua,2024,COE,auction,NA,https://allianceforcoffeeexcellence.org/nicaragua-2024/,2,16,NA,De La Coffee Farm,NA,NA,87.85,success,NA,NA,NA,NA,"$ 7,308.22",NA,NA,NA,NA,NA,NA,NA,NA,NA,Savaya Coffee Llc,NA,NA,NA,NA,NA,NA,NA,NA,NA,NA,NA,NA,NA,NA,NA,NA,NA,NA,NA,NA,NA,NA,NA,NA,NA,859.79,$ 8.50,NA,NA,NA,NA,NA,NA,NA,NA,NA,NA,NA,NA,NA,NA,NA,NA,NA,NA,NA,NA,NA,NA,NA,NA,NA,NA,NA,NA,NA,NA,NA,NA,NA,NA,NA
Nicaragua,2024,COE,auction,NA,https://allianceforcoffeeexcellence.org/nicaragua-2024/,2,17,NA,Bella Aurora,NA,NA,87.80,success,NA,NA,NA,NA,"$ 3,922.10",NA,NA,NA,NA,NA,NA,NA,NA,NA,Wataru for Voila Coffee,NA,NA,NA,NA,NA,NA,NA,NA,NA,NA,NA,NA,NA,NA,NA,NA,NA,NA,NA,NA,NA,NA,NA,NA,NA,431.00,$ 9.10,NA,NA,NA,NA,NA,NA,NA,NA,NA,NA,NA,NA,NA,NA,NA,NA,NA,NA,NA,NA,NA,NA,NA,NA,NA,NA,NA,NA,NA,NA,NA,NA,NA,NA,NA
Nicaragua,2024,COE,auction,NA,https://allianceforcoffeeexcellence.org/nicaragua-2024/,2,18,NA,El Porvenir,NA,NA,87.75,success,NA,NA,NA,NA,"$ 4,122.30",NA,NA,NA,NA,NA,NA,NA,NA,NA,"Wataru & Co., Ltd.",NA,NA,NA,NA,NA,NA,NA,NA,NA,NA,NA,NA,NA,NA,NA,NA,NA,NA,NA,NA,NA,NA,NA,NA,NA,453.00,$ 9.10,NA,NA,NA,NA,NA,NA,NA,NA,NA,NA,NA,NA,NA,NA,NA,NA,NA,NA,NA,NA,NA,NA,NA,NA,NA,NA,NA,NA,NA,NA,NA,NA,NA,NA,NA
Nicaragua,2024,COE,auction,NA,https://allianceforcoffeeexcellence.org/nicaragua-2024/,2,19,NA,El Porvenir,NA,NA,87.70,success,NA,NA,NA,NA,"$ 8,491.20",NA,NA,NA,NA,NA,NA,NA,NA,NA,Savaya Coffee Llc,NA,NA,NA,NA,NA,NA,NA,NA,NA,NA,NA,NA,NA,NA,NA,NA,NA,NA,NA,NA,NA,NA,NA,NA,NA,976.00,$ 8.70,NA,NA,NA,NA,NA,NA,NA,NA,NA,NA,NA,NA,NA,NA,NA,NA,NA,NA,NA,NA,NA,NA,NA,NA,NA,NA,NA,NA,NA,NA,NA,NA,NA,NA,NA
Nicaragua,2024,COE,auction,NA,https://allianceforcoffeeexcellence.org/nicaragua-2024/,2,20,NA,Volcancitos,NA,NA,87.60,success,NA,NA,NA,NA,"$ 4,058.20",NA,NA,NA,NA,NA,NA,NA,NA,NA,Wataru for COFFEE COUNTY and YARD Coffee & Craft Chocolate,NA,NA,NA,NA,NA,NA,NA,NA,NA,NA,NA,NA,NA,NA,NA,NA,NA,NA,NA,NA,NA,NA,NA,NA,NA,394.00,$ 10.30,NA,NA,NA,NA,NA,NA,NA,NA,NA,NA,NA,NA,NA,NA,NA,NA,NA,NA,NA,NA,NA,NA,NA,NA,NA,NA,NA,NA,NA,NA,NA,NA,NA,NA,NA
Nicaragua,2024,COE,auction,NA,https://allianceforcoffeeexcellence.org/nicaragua-2024/,2,21,NA,Buena Vista,NA,NA,87.60,success,NA,NA,NA,NA,"$ 3,750.01",NA,NA,NA,NA,NA,NA,NA,NA,NA,"Wataru & Co., Ltd.",NA,NA,NA,NA,NA,NA,NA,NA,NA,NA,NA,NA,NA,NA,NA,NA,NA,NA,NA,NA,NA,NA,NA,NA,NA,595.24,$ 6.30,NA,NA,NA,NA,NA,NA,NA,NA,NA,NA,NA,NA,NA,NA,NA,NA,NA,NA,NA,NA,NA,NA,NA,NA,NA,NA,NA,NA,NA,NA,NA,NA,NA,NA,NA
Nicaragua,2024,COE,auction,NA,https://allianceforcoffeeexcellence.org/nicaragua-2024/,2,22,NA,Los Alamos,NA,NA,87.60,success,NA,NA,NA,NA,"$ 7,050.28",NA,NA,NA,NA,NA,NA,NA,NA,NA,Rehm Specialty Coffee Importers,NA,NA,NA,NA,NA,NA,NA,NA,NA,NA,NA,NA,NA,NA,NA,NA,NA,NA,NA,NA,NA,NA,NA,NA,NA,859.79,$ 8.20,NA,NA,NA,NA,NA,NA,NA,NA,NA,NA,NA,NA,NA,NA,NA,NA,NA,NA,NA,NA,NA,NA,NA,NA,NA,NA,NA,NA,NA,NA,NA,NA,NA,NA,NA
Nicaragua,2024,COE,auction,NA,https://allianceforcoffeeexcellence.org/nicaragua-2024/,2,23,NA,La Picona,NA,NA,87.55,success,NA,NA,NA,NA,"$ 3,990.00",NA,NA,NA,NA,NA,NA,NA,NA,NA,"Wataru & Co., Ltd.",NA,NA,NA,NA,NA,NA,NA,NA,NA,NA,NA,NA,NA,NA,NA,NA,NA,NA,NA,NA,NA,NA,NA,NA,NA,525.00,$ 7.60,NA,NA,NA,NA,NA,NA,NA,NA,NA,NA,NA,NA,NA,NA,NA,NA,NA,NA,NA,NA,NA,NA,NA,NA,NA,NA,NA,NA,NA,NA,NA,NA,NA,NA,NA
Nicaragua,2024,COE,auction,NA,https://allianceforcoffeeexcellence.org/nicaragua-2024/,2,24,NA,La Esperanza,NA,NA,87.50,success,NA,NA,NA,NA,"$ 3,921.60",NA,NA,NA,NA,NA,NA,NA,NA,NA,Brew92,NA,NA,NA,NA,NA,NA,NA,NA,NA,NA,NA,NA,NA,NA,NA,NA,NA,NA,NA,NA,NA,NA,NA,NA,NA,456.00,$ 8.60,NA,NA,NA,NA,NA,NA,NA,NA,NA,NA,NA,NA,NA,NA,NA,NA,NA,NA,NA,NA,NA,NA,NA,NA,NA,NA,NA,NA,NA,NA,NA,NA,NA,NA,NA
Nicaragua,2024,COE,auction,NA,https://allianceforcoffeeexcellence.org/nicaragua-2024/,2,25,NA,Hugo Medina,NA,NA,87.45,success,NA,NA,NA,NA,"$ 4,656.08",NA,NA,NA,NA,NA,NA,NA,NA,NA,"Wataru & Co., Ltd.",NA,NA,NA,NA,NA,NA,NA,NA,NA,NA,NA,NA,NA,NA,NA,NA,NA,NA,NA,NA,NA,NA,NA,NA,NA,529.10,$ 8.80,NA,NA,NA,NA,NA,NA,NA,NA,NA,NA,NA,NA,NA,NA,NA,NA,NA,NA,NA,NA,NA,NA,NA,NA,NA,NA,NA,NA,NA,NA,NA,NA,NA,NA,NA
Nicaragua,2024,COE,auction,NA,https://allianceforcoffeeexcellence.org/nicaragua-2024/,2,26,NA,La Guadalupana,NA,NA,87.45,success,NA,NA,NA,NA,"$ 2,832.40",NA,NA,NA,NA,NA,NA,NA,NA,NA,"Wataru & Co., Ltd.",NA,NA,NA,NA,NA,NA,NA,NA,NA,NA,NA,NA,NA,NA,NA,NA,NA,NA,NA,NA,NA,NA,NA,NA,NA,388.00,$ 7.30,NA,NA,NA,NA,NA,NA,NA,NA,NA,NA,NA,NA,NA,NA,NA,NA,NA,NA,NA,NA,NA,NA,NA,NA,NA,NA,NA,NA,NA,NA,NA,NA,NA,NA,NA
Nicaragua,2024,COE,auction,NA,https://allianceforcoffeeexcellence.org/nicaragua-2024/,2,27,NA,Fila Quemada,NA,NA,87.35,success,NA,NA,NA,NA,"$ 3,788.40",NA,NA,NA,NA,NA,NA,NA,NA,NA,"Wataru & Co., Ltd.",NA,NA,NA,NA,NA,NA,NA,NA,NA,NA,NA,NA,NA,NA,NA,NA,NA,NA,NA,NA,NA,NA,NA,NA,NA,462.00,$ 8.20,NA,NA,NA,NA,NA,NA,NA,NA,NA,NA,NA,NA,NA,NA,NA,NA,NA,NA,NA,NA,NA,NA,NA,NA,NA,NA,NA,NA,NA,NA,NA,NA,NA,NA,NA
Nicaragua,2024,COE,auction,NA,https://allianceforcoffeeexcellence.org/nicaragua-2024/,2,28,NA,El Jordan,NA,NA,87.25,success,NA,NA,NA,NA,"$ 2,795.00",NA,NA,NA,NA,NA,NA,NA,NA,NA,"Private Reserve(中國長沙),Rose Cafe 玫瑰咖啡, 珈琲光景 , Always Coffee",NA,NA,NA,NA,NA,NA,NA,NA,NA,NA,NA,NA,NA,NA,NA,NA,NA,NA,NA,NA,NA,NA,NA,NA,NA,325.00,$ 8.60,NA,NA,NA,NA,NA,NA,NA,NA,NA,NA,NA,NA,NA,NA,NA,NA,NA,NA,NA,NA,NA,NA,NA,NA,NA,NA,NA,NA,NA,NA,NA,NA,NA,NA,NA
Nicaragua,2024,COE,auction,NA,https://allianceforcoffeeexcellence.org/nicaragua-2024/,2,29,NA,Virgen De La Piedra,NA,NA,87.25,success,NA,NA,NA,NA,"$ 6,502.50",NA,NA,NA,NA,NA,NA,NA,NA,NA,Honu加藤珈琲店株式会社,NA,NA,NA,NA,NA,NA,NA,NA,NA,NA,NA,NA,NA,NA,NA,NA,NA,NA,NA,NA,NA,NA,NA,NA,NA,765.00,$ 8.50,NA,NA,NA,NA,NA,NA,NA,NA,NA,NA,NA,NA,NA,NA,NA,NA,NA,NA,NA,NA,NA,NA,NA,NA,NA,NA,NA,NA,NA,NA,NA,NA,NA,NA,NA
Nicaragua,2024,COE,auction,NA,https://allianceforcoffeeexcellence.org/nicaragua-2024/,2,30,NA,Las Hortencias,NA,NA,87.20,success,NA,NA,NA,NA,"$ 4,600.00",NA,NA,NA,NA,NA,NA,NA,NA,NA,Vela Ethan（Peru Taiwan China),NA,NA,NA,NA,NA,NA,NA,NA,NA,NA,NA,NA,NA,NA,NA,NA,NA,NA,NA,NA,NA,NA,NA,NA,NA,500.00,$ 9.20,NA,NA,NA,NA,NA,NA,NA,NA,NA,NA,NA,NA,NA,NA,NA,NA,NA,NA,NA,NA,NA,NA,NA,NA,NA,NA,NA,NA,NA,NA,NA,NA,NA,NA,NA
Nicaragua,2024,COE,auction,NA,https://allianceforcoffeeexcellence.org/nicaragua-2024/,2,,NA,TOTALS:,NA,NA,,success,NA,NA,NA,NA,"$ 298,987.61",NA,NA,NA,NA,NA,NA,NA,NA,NA,,NA,NA,NA,NA,NA,NA,NA,NA,NA,NA,NA,NA,NA,NA,NA,NA,NA,NA,NA,NA,NA,NA,NA,NA,NA,Total lb 17686.91,Avg. $/lb 16.90,NA,NA,NA,NA,NA,NA,NA,NA,NA,NA,NA,NA,NA,NA,NA,NA,NA,NA,NA,NA,NA,NA,NA,NA,NA,NA,NA,NA,NA,NA,NA,NA,NA,NA,NA
Nicaragua,2025,COE,auction,Washed Processes,https://allianceforcoffeeexcellence.org/nicaragua-2025/,3,1A,NA,La Esperanza,NA,NA,"90,73",success,NA,NA,NA,NA,$12778.25,NA,NA,NA,NA,NA,NA,NA,NA,NA,"K.V.N. IMPORT EXPORT (1991) CO., LTD.",NA,NA,NA,NA,NA,NA,NA,NA,NA,NA,NA,NA,NA,NA,NA,NA,NA,NA,NA,NA,NA,NA,NA,NA,NA,198.42lbs,$64.40/lb,NA,NA,NA,NA,NA,NA,NA,NA,NA,NA,NA,NA,NA,NA,NA,NA,NA,NA,NA,NA,NA,NA,NA,NA,NA,NA,NA,NA,NA,NA,NA,NA,NA,NA,NA
Nicaragua,2025,COE,auction,Washed Processes,https://allianceforcoffeeexcellence.org/nicaragua-2025/,3,1B,NA,La Esperanza,NA,NA,"90,73",success,NA,NA,NA,NA,$10476.18,NA,NA,NA,NA,NA,NA,NA,NA,NA,"Coffee Me Up (Korea), TWO HANDS FULL (Indonesia)",NA,NA,NA,NA,NA,NA,NA,NA,NA,NA,NA,NA,NA,NA,NA,NA,NA,NA,NA,NA,NA,NA,NA,NA,NA,158.73lbs,$66.00/lb,NA,NA,NA,NA,NA,NA,NA,NA,NA,NA,NA,NA,NA,NA,NA,NA,NA,NA,NA,NA,NA,NA,NA,NA,NA,NA,NA,NA,NA,NA,NA,NA,NA,NA,NA
Nicaragua,2025,COE,auction,Washed Processes,https://allianceforcoffeeexcellence.org/nicaragua-2025/,3,2,NA,Solidaridad,NA,NA,"90,5",success,NA,NA,NA,NA,$35755.86,NA,NA,NA,NA,NA,NA,NA,NA,NA,"Dabov Specialty Coffee, RYANS COFFEE, Roots by Earth, Savaya Coﬀee LLC, SUPREMO COFFEE, MOGIPOGROUND, Citric meets Malic, MAGE COFFEE, Smoky Shark Coffee",NA,NA,NA,NA,NA,NA,NA,NA,NA,NA,NA,NA,NA,NA,NA,NA,NA,NA,NA,NA,NA,NA,NA,NA,NA,"2,553.99lbs",$14.00/lb,NA,NA,NA,NA,NA,NA,NA,NA,NA,NA,NA,NA,NA,NA,NA,NA,NA,NA,NA,NA,NA,NA,NA,NA,NA,NA,NA,NA,NA,NA,NA,NA,NA,NA,NA
Nicaragua,2025,COE,auction,Washed Processes,https://allianceforcoffeeexcellence.org/nicaragua-2025/,3,3,NA,El Porvenir,NA,NA,"90,45",success,NA,NA,NA,NA,$13848.37,NA,NA,NA,NA,NA,NA,NA,NA,NA,Brew92 Cafe & Roastery,NA,NA,NA,NA,NA,NA,NA,NA,NA,NA,NA,NA,NA,NA,NA,NA,NA,NA,NA,NA,NA,NA,NA,NA,NA,511.01lbs,$27.10/lb,NA,NA,NA,NA,NA,NA,NA,NA,NA,NA,NA,NA,NA,NA,NA,NA,NA,NA,NA,NA,NA,NA,NA,NA,NA,NA,NA,NA,NA,NA,NA,NA,NA,NA,NA
Nicaragua,2025,COE,auction,Washed Processes,https://allianceforcoffeeexcellence.org/nicaragua-2025/,3,4,NA,Los Alpes,NA,NA,"90,14",success,NA,NA,NA,NA,$34661.72,NA,NA,NA,NA,NA,NA,NA,NA,NA,BELCO SAS,NA,NA,NA,NA,NA,NA,NA,NA,NA,NA,NA,NA,NA,NA,NA,NA,NA,NA,NA,NA,NA,NA,NA,NA,NA,392.99lbs,$88.20/lb,NA,NA,NA,NA,NA,NA,NA,NA,NA,NA,NA,NA,NA,NA,NA,NA,NA,NA,NA,NA,NA,NA,NA,NA,NA,NA,NA,NA,NA,NA,NA,NA,NA,NA,NA
Nicaragua,2025,COE,auction,Washed Processes,https://allianceforcoffeeexcellence.org/nicaragua-2025/,3,5.,NA,San Judas Tadeo,NA,NA,"89,36",success,NA,NA,NA,NA,$7670.40,NA,NA,NA,NA,NA,NA,NA,NA,NA,MOMOS COFFEE,NA,NA,NA,NA,NA,NA,NA,NA,NA,NA,NA,NA,NA,NA,NA,NA,NA,NA,NA,NA,NA,NA,NA,NA,NA,544lbs,$14.10/lb,NA,NA,NA,NA,NA,NA,NA,NA,NA,NA,NA,NA,NA,NA,NA,NA,NA,NA,NA,NA,NA,NA,NA,NA,NA,NA,NA,NA,NA,NA,NA,NA,NA,NA,NA
Nicaragua,2025,COE,auction,Washed Processes,https://allianceforcoffeeexcellence.org/nicaragua-2025/,3,6,NA,Los Granadilos,NA,NA,"87,73",success,NA,NA,NA,NA,$8881.28,NA,NA,NA,NA,NA,NA,NA,NA,NA,honu加藤珈琲店株式会社,NA,NA,NA,NA,NA,NA,NA,NA,NA,NA,NA,NA,NA,NA,NA,NA,NA,NA,NA,NA,NA,NA,NA,NA,NA,733.99lbs,$12.10/lb,NA,NA,NA,NA,NA,NA,NA,NA,NA,NA,NA,NA,NA,NA,NA,NA,NA,NA,NA,NA,NA,NA,NA,NA,NA,NA,NA,NA,NA,NA,NA,NA,NA,NA,NA
Nicaragua,2025,COE,auction,Washed Processes,https://allianceforcoffeeexcellence.org/nicaragua-2025/,3,7,NA,San Ramón,NA,NA,"87,64",success,NA,NA,NA,NA,$17482.60,NA,NA,NA,NA,NA,NA,NA,NA,NA,Kaffebrenneriet as,NA,NA,NA,NA,NA,NA,NA,NA,NA,NA,NA,NA,NA,NA,NA,NA,NA,NA,NA,NA,NA,NA,NA,NA,NA,"1,433lbs",$12.20/lb,NA,NA,NA,NA,NA,NA,NA,NA,NA,NA,NA,NA,NA,NA,NA,NA,NA,NA,NA,NA,NA,NA,NA,NA,NA,NA,NA,NA,NA,NA,NA,NA,NA,NA,NA
Nicaragua,2025,COE,auction,Washed Processes,https://allianceforcoffeeexcellence.org/nicaragua-2025/,3,8,NA,Hugo Medina,NA,NA,"87,59",success,NA,NA,NA,NA,$3330.48,NA,NA,NA,NA,NA,NA,NA,NA,NA,SHRUB COFFEE by Marukai,NA,NA,NA,NA,NA,NA,NA,NA,NA,NA,NA,NA,NA,NA,NA,NA,NA,NA,NA,NA,NA,NA,NA,NA,NA,272.99lbs,$12.20/lb,NA,NA,NA,NA,NA,NA,NA,NA,NA,NA,NA,NA,NA,NA,NA,NA,NA,NA,NA,NA,NA,NA,NA,NA,NA,NA,NA,NA,NA,NA,NA,NA,NA,NA,NA
Nicaragua,2025,COE,auction,Washed Processes,https://allianceforcoffeeexcellence.org/nicaragua-2025/,3,9,NA,La Furiosa,NA,NA,"87,41",success,NA,NA,NA,NA,$8712.00,NA,NA,NA,NA,NA,NA,NA,NA,NA,Loca Coffee (China) for BeamTimer治光师/少数派,NA,NA,NA,NA,NA,NA,NA,NA,NA,NA,NA,NA,NA,NA,NA,NA,NA,NA,NA,NA,NA,NA,NA,NA,NA,720lbs,$12.10/lb,NA,NA,NA,NA,NA,NA,NA,NA,NA,NA,NA,NA,NA,NA,NA,NA,NA,NA,NA,NA,NA,NA,NA,NA,NA,NA,NA,NA,NA,NA,NA,NA,NA,NA,NA
Nicaragua,2025,COE,auction,Washed Processes,https://allianceforcoffeeexcellence.org/nicaragua-2025/,3,10,NA,El Porvenir,NA,NA,"87,41",success,NA,NA,NA,NA,$9958.18,NA,NA,NA,NA,NA,NA,NA,NA,NA,Loca Coffee (China) for BeamTimer治光师/少数派,NA,NA,NA,NA,NA,NA,NA,NA,NA,NA,NA,NA,NA,NA,NA,NA,NA,NA,NA,NA,NA,NA,NA,NA,NA,822.99lbs,$12.10/lb,NA,NA,NA,NA,NA,NA,NA,NA,NA,NA,NA,NA,NA,NA,NA,NA,NA,NA,NA,NA,NA,NA,NA,NA,NA,NA,NA,NA,NA,NA,NA,NA,NA,NA,NA
Nicaragua,2025,COE,auction,Washed Processes,https://allianceforcoffeeexcellence.org/nicaragua-2025/,3,11,NA,El Palacio,NA,NA,"87,36",success,NA,NA,NA,NA,$8100.00,NA,NA,NA,NA,NA,NA,NA,NA,NA,"Wataru & Co., Ltd.",NA,NA,NA,NA,NA,NA,NA,NA,NA,NA,NA,NA,NA,NA,NA,NA,NA,NA,NA,NA,NA,NA,NA,NA,NA,675lbs,$12.00/lb,NA,NA,NA,NA,NA,NA,NA,NA,NA,NA,NA,NA,NA,NA,NA,NA,NA,NA,NA,NA,NA,NA,NA,NA,NA,NA,NA,NA,NA,NA,NA,NA,NA,NA,NA
Nicaragua,2025,COE,auction,Washed Processes,https://allianceforcoffeeexcellence.org/nicaragua-2025/,3,12,NA,El Poste,NA,NA,"87,27",success,NA,NA,NA,NA,$7282.80,NA,NA,NA,NA,NA,NA,NA,NA,NA,"Wataru & Co., Ltd.",NA,NA,NA,NA,NA,NA,NA,NA,NA,NA,NA,NA,NA,NA,NA,NA,NA,NA,NA,NA,NA,NA,NA,NA,NA,578lbs,$12.60/lb,NA,NA,NA,NA,NA,NA,NA,NA,NA,NA,NA,NA,NA,NA,NA,NA,NA,NA,NA,NA,NA,NA,NA,NA,NA,NA,NA,NA,NA,NA,NA,NA,NA,NA,NA
Nicaragua,2025,COE,auction,Washed Processes,https://allianceforcoffeeexcellence.org/nicaragua-2025/,3,13,NA,Las Hortencias,NA,NA,"87,14",success,NA,NA,NA,NA,$5322.80,NA,NA,NA,NA,NA,NA,NA,NA,NA,"Wataru & Co., Ltd.",NA,NA,NA,NA,NA,NA,NA,NA,NA,NA,NA,NA,NA,NA,NA,NA,NA,NA,NA,NA,NA,NA,NA,NA,NA,527.01lbs,$10.10/lb,NA,NA,NA,NA,NA,NA,NA,NA,NA,NA,NA,NA,NA,NA,NA,NA,NA,NA,NA,NA,NA,NA,NA,NA,NA,NA,NA,NA,NA,NA,NA,NA,NA,NA,NA
Nicaragua,2025,COE,auction,Washed Processes,https://allianceforcoffeeexcellence.org/nicaragua-2025/,3,14,NA,El Porvenir,NA,NA,"87,09",success,NA,NA,NA,NA,$8881.60,NA,NA,NA,NA,NA,NA,NA,NA,NA,Brew92 Cafe & Roastery,NA,NA,NA,NA,NA,NA,NA,NA,NA,NA,NA,NA,NA,NA,NA,NA,NA,NA,NA,NA,NA,NA,NA,NA,NA,728lbs,$12.20/lb,NA,NA,NA,NA,NA,NA,NA,NA,NA,NA,NA,NA,NA,NA,NA,NA,NA,NA,NA,NA,NA,NA,NA,NA,NA,NA,NA,NA,NA,NA,NA,NA,NA,NA,NA
Nicaragua,2025,COE,auction,Washed Processes,https://allianceforcoffeeexcellence.org/nicaragua-2025/,3,15,NA,Bella Aurora,NA,NA,"87,05",success,NA,NA,NA,NA,$12464.91,NA,NA,NA,NA,NA,NA,NA,NA,NA,"Wataru & Co., Ltd.",NA,NA,NA,NA,NA,NA,NA,NA,NA,NA,NA,NA,NA,NA,NA,NA,NA,NA,NA,NA,NA,NA,NA,NA,NA,"1,384.99lbs",$9.00/lb,NA,NA,NA,NA,NA,NA,NA,NA,NA,NA,NA,NA,NA,NA,NA,NA,NA,NA,NA,NA,NA,NA,NA,NA,NA,NA,NA,NA,NA,NA,NA,NA,NA,NA,NA
Nicaragua,2025,COE,auction,Natural & Honey,https://allianceforcoffeeexcellence.org/nicaragua-2025/,4,1A,NA,Elite,NA,NA,"91,77",success,NA,NA,NA,NA,$14497.34,NA,NA,NA,NA,NA,NA,NA,NA,NA,"K.V.N. IMPORT EXPORT (1991) CO., LTD.",NA,NA,NA,NA,NA,NA,NA,NA,NA,NA,NA,NA,NA,NA,NA,NA,NA,NA,NA,NA,NA,NA,NA,NA,NA,264.55lbs,$54.80/lb,NA,NA,NA,NA,NA,NA,NA,NA,NA,NA,NA,NA,NA,NA,NA,NA,NA,NA,NA,NA,NA,NA,NA,NA,NA,NA,NA,NA,NA,NA,NA,NA,NA,NA,NA
Nicaragua,2025,COE,auction,Natural & Honey,https://allianceforcoffeeexcellence.org/nicaragua-2025/,4,1B,NA,Elite,NA,NA,"91,77",success,NA,NA,NA,NA,$12984.35,NA,NA,NA,NA,NA,NA,NA,NA,NA,DECAMERON COFFEE十日谈,NA,NA,NA,NA,NA,NA,NA,NA,NA,NA,NA,NA,NA,NA,NA,NA,NA,NA,NA,NA,NA,NA,NA,NA,NA,231.45lbs,$56.10/lb,NA,NA,NA,NA,NA,NA,NA,NA,NA,NA,NA,NA,NA,NA,NA,NA,NA,NA,NA,NA,NA,NA,NA,NA,NA,NA,NA,NA,NA,NA,NA,NA,NA,NA,NA
Nicaragua,2025,COE,auction,Natural & Honey,https://allianceforcoffeeexcellence.org/nicaragua-2025/,4,2,NA,El Porvenir,NA,NA,"90,59",success,NA,NA,NA,NA,$21030.80,NA,NA,NA,NA,NA,NA,NA,NA,NA,SHRUB COFFEE by Marukai,NA,NA,NA,NA,NA,NA,NA,NA,NA,NA,NA,NA,NA,NA,NA,NA,NA,NA,NA,NA,NA,NA,NA,NA,NA,"1,036lbs",$20.30/lb,NA,NA,NA,NA,NA,NA,NA,NA,NA,NA,NA,NA,NA,NA,NA,NA,NA,NA,NA,NA,NA,NA,NA,NA,NA,NA,NA,NA,NA,NA,NA,NA,NA,NA,NA
Nicaragua,2025,COE,auction,Natural & Honey,https://allianceforcoffeeexcellence.org/nicaragua-2025/,4,3,NA,Buenos Aires,NA,NA,"90,27",success,NA,NA,NA,NA,$9788.70,NA,NA,NA,NA,NA,NA,NA,NA,NA,0566 珈琲製作所/ 0566 COFFEE bid by Ecofarm Coffee (China),NA,NA,NA,NA,NA,NA,NA,NA,NA,NA,NA,NA,NA,NA,NA,NA,NA,NA,NA,NA,NA,NA,NA,NA,NA,487lbs,$20.10/lb,NA,NA,NA,NA,NA,NA,NA,NA,NA,NA,NA,NA,NA,NA,NA,NA,NA,NA,NA,NA,NA,NA,NA,NA,NA,NA,NA,NA,NA,NA,NA,NA,NA,NA,NA
Nicaragua,2025,COE,auction,Natural & Honey,https://allianceforcoffeeexcellence.org/nicaragua-2025/,4,4,NA,Finca Paraiso,NA,NA,"89,77",success,NA,NA,NA,NA,$7075.38,NA,NA,NA,NA,NA,NA,NA,NA,NA,Sarutahiko Coffee Inc.,NA,NA,NA,NA,NA,NA,NA,NA,NA,NA,NA,NA,NA,NA,NA,NA,NA,NA,NA,NA,NA,NA,NA,NA,NA,402.01lbs,$17.60/lb,NA,NA,NA,NA,NA,NA,NA,NA,NA,NA,NA,NA,NA,NA,NA,NA,NA,NA,NA,NA,NA,NA,NA,NA,NA,NA,NA,NA,NA,NA,NA,NA,NA,NA,NA
Nicaragua,2025,COE,auction,Natural & Honey,https://allianceforcoffeeexcellence.org/nicaragua-2025/,4,5,NA,El Guacalito,NA,NA,"88,86",success,NA,NA,NA,NA,$12006.26,NA,NA,NA,NA,NA,NA,NA,NA,NA,Loca Coffee (China) for BeamTimer治光师/少数派,NA,NA,NA,NA,NA,NA,NA,NA,NA,NA,NA,NA,NA,NA,NA,NA,NA,NA,NA,NA,NA,NA,NA,NA,NA,460.01lbs,$26.10/lb,NA,NA,NA,NA,NA,NA,NA,NA,NA,NA,NA,NA,NA,NA,NA,NA,NA,NA,NA,NA,NA,NA,NA,NA,NA,NA,NA,NA,NA,NA,NA,NA,NA,NA,NA
Nicaragua,2025,COE,auction,Natural & Honey,https://allianceforcoffeeexcellence.org/nicaragua-2025/,4,6,NA,Las Neblinas,NA,NA,"88,18",success,NA,NA,NA,NA,$6461.88,NA,NA,NA,NA,NA,NA,NA,NA,NA,MI Coffee Corporation,NA,NA,NA,NA,NA,NA,NA,NA,NA,NA,NA,NA,NA,NA,NA,NA,NA,NA,NA,NA,NA,NA,NA,NA,NA,357.01lbs,$18.10/lb,NA,NA,NA,NA,NA,NA,NA,NA,NA,NA,NA,NA,NA,NA,NA,NA,NA,NA,NA,NA,NA,NA,NA,NA,NA,NA,NA,NA,NA,NA,NA,NA,NA,NA,NA
Nicaragua,2025,COE,auction,Natural & Honey,https://allianceforcoffeeexcellence.org/nicaragua-2025/,4,7,NA,Delafincacoffee Farm,NA,NA,"88,18",success,NA,NA,NA,NA,$7282.65,NA,NA,NA,NA,NA,NA,NA,NA,NA,"Saerin co.,Ltd (MOGIPOGROUND)",NA,NA,NA,NA,NA,NA,NA,NA,NA,NA,NA,NA,NA,NA,NA,NA,NA,NA,NA,NA,NA,NA,NA,NA,NA,475.99lbs,$15.30/lb,NA,NA,NA,NA,NA,NA,NA,NA,NA,NA,NA,NA,NA,NA,NA,NA,NA,NA,NA,NA,NA,NA,NA,NA,NA,NA,NA,NA,NA,NA,NA,NA,NA,NA,NA
Nicaragua,2025,COE,auction,Natural & Honey,https://allianceforcoffeeexcellence.org/nicaragua-2025/,4,8.,NA,Un Regalo De Dios,NA,NA,"88,14",success,NA,NA,NA,NA,$8299.80,NA,NA,NA,NA,NA,NA,NA,NA,NA,Solberg & Hansen As,NA,NA,NA,NA,NA,NA,NA,NA,NA,NA,NA,NA,NA,NA,NA,NA,NA,NA,NA,NA,NA,NA,NA,NA,NA,414.99lbs,$20.00/lb,NA,NA,NA,NA,NA,NA,NA,NA,NA,NA,NA,NA,NA,NA,NA,NA,NA,NA,NA,NA,NA,NA,NA,NA,NA,NA,NA,NA,NA,NA,NA,NA,NA,NA,NA
Nicaragua,2025,COE,auction,Natural & Honey,https://allianceforcoffeeexcellence.org/nicaragua-2025/,4,9.,NA,San Jose N° 1,NA,NA,88,success,NA,NA,NA,NA,$7992.12,NA,NA,NA,NA,NA,NA,NA,NA,NA,1895 by Lavazza,NA,NA,NA,NA,NA,NA,NA,NA,NA,NA,NA,NA,NA,NA,NA,NA,NA,NA,NA,NA,NA,NA,NA,NA,NA,666.01lbs,$12.00/lb,NA,NA,NA,NA,NA,NA,NA,NA,NA,NA,NA,NA,NA,NA,NA,NA,NA,NA,NA,NA,NA,NA,NA,NA,NA,NA,NA,NA,NA,NA,NA,NA,NA,NA,NA
Nicaragua,2025,COE,auction,Natural & Honey,https://allianceforcoffeeexcellence.org/nicaragua-2025/,4,10,NA,Los Congos,NA,NA,88,success,NA,NA,NA,NA,$14407.25,NA,NA,NA,NA,NA,NA,NA,NA,NA,"CAMEL COFFEE CO.,LTD. (KALDI COFFEE FARM)",NA,NA,NA,NA,NA,NA,NA,NA,NA,NA,NA,NA,NA,NA,NA,NA,NA,NA,NA,NA,NA,NA,NA,NA,NA,564.99lbs,$25.50/lb,NA,NA,NA,NA,NA,NA,NA,NA,NA,NA,NA,NA,NA,NA,NA,NA,NA,NA,NA,NA,NA,NA,NA,NA,NA,NA,NA,NA,NA,NA,NA,NA,NA,NA,NA
Nicaragua,2025,COE,auction,Natural & Honey,https://allianceforcoffeeexcellence.org/nicaragua-2025/,4,11,NA,San Antonio,NA,NA,"87,86",success,NA,NA,NA,NA,$7236.00,NA,NA,NA,NA,NA,NA,NA,NA,NA,"Wataru & Co., Ltd.",NA,NA,NA,NA,NA,NA,NA,NA,NA,NA,NA,NA,NA,NA,NA,NA,NA,NA,NA,NA,NA,NA,NA,NA,NA,603lbs,$12.00/lb,NA,NA,NA,NA,NA,NA,NA,NA,NA,NA,NA,NA,NA,NA,NA,NA,NA,NA,NA,NA,NA,NA,NA,NA,NA,NA,NA,NA,NA,NA,NA,NA,NA,NA,NA
Nicaragua,2025,COE,auction,Natural & Honey,https://allianceforcoffeeexcellence.org/nicaragua-2025/,4,12,NA,Los Altiplanos,NA,NA,"87,64",success,NA,NA,NA,NA,$8562.54,NA,NA,NA,NA,NA,NA,NA,NA,NA,"Wataru & Co., Ltd.",NA,NA,NA,NA,NA,NA,NA,NA,NA,NA,NA,NA,NA,NA,NA,NA,NA,NA,NA,NA,NA,NA,NA,NA,NA,616.01lbs,$13.90/lb,NA,NA,NA,NA,NA,NA,NA,NA,NA,NA,NA,NA,NA,NA,NA,NA,NA,NA,NA,NA,NA,NA,NA,NA,NA,NA,NA,NA,NA,NA,NA,NA,NA,NA,NA
Nicaragua,2025,COE,auction,Natural & Honey,https://allianceforcoffeeexcellence.org/nicaragua-2025/,4,13,NA,Brisas Del Mogoton,NA,NA,"87,55",success,NA,NA,NA,NA,$13133.31,NA,NA,NA,NA,NA,NA,NA,NA,NA,CHG（手多多咖啡）、Dream High梦想舍、有容乃大Small Arms Big Heart、中国武汉铜山里、titlecoffee、Valley Coffee Roasters（山谷咖啡）(Mainland China) bid by Ecofarm Coffee (China),NA,NA,NA,NA,NA,NA,NA,NA,NA,NA,NA,NA,NA,NA,NA,NA,NA,NA,NA,NA,NA,NA,NA,NA,NA,513.02lbs,$25.60/lb,NA,NA,NA,NA,NA,NA,NA,NA,NA,NA,NA,NA,NA,NA,NA,NA,NA,NA,NA,NA,NA,NA,NA,NA,NA,NA,NA,NA,NA,NA,NA,NA,NA,NA,NA
Nicaragua,2025,COE,auction,Natural & Honey,https://allianceforcoffeeexcellence.org/nicaragua-2025/,4,14,NA,El Liquidambar,NA,NA,"87,41",success,NA,NA,NA,NA,$5859.80,NA,NA,NA,NA,NA,NA,NA,NA,NA,Brew92 Cafe & Roastery,NA,NA,NA,NA,NA,NA,NA,NA,NA,NA,NA,NA,NA,NA,NA,NA,NA,NA,NA,NA,NA,NA,NA,NA,NA,353lbs,$16.60/lb,NA,NA,NA,NA,NA,NA,NA,NA,NA,NA,NA,NA,NA,NA,NA,NA,NA,NA,NA,NA,NA,NA,NA,NA,NA,NA,NA,NA,NA,NA,NA,NA,NA,NA,NA
Nicaragua,2025,COE,auction,Natural & Honey,https://allianceforcoffeeexcellence.org/nicaragua-2025/,4,15,NA,La Picona,NA,NA,"87,23",success,NA,NA,NA,NA,$5154.60,NA,NA,NA,NA,NA,NA,NA,NA,NA,"Dapper & Wise, Idle Hands Roasting Co, 不喝没味的水、MINDFO NIC",NA,NA,NA,NA,NA,NA,NA,NA,NA,NA,NA,NA,NA,NA,NA,NA,NA,NA,NA,NA,NA,NA,NA,NA,NA,426lbs,$12.10/lb,NA,NA,NA,NA,NA,NA,NA,NA,NA,NA,NA,NA,NA,NA,NA,NA,NA,NA,NA,NA,NA,NA,NA,NA,NA,NA,NA,NA,NA,NA,NA,NA,NA,NA,NA
Peru,2017,NW,auction,NA,https://allianceforcoffeeexcellence.org/peru-2017/,2,20,4,El Limón 2017,"Abner, Sánchez Delgado","Jaén, Cajamarca",85.64,success,NA,20,4,$4.40/lb,"$2,037.07","Tashiro Coffee Co., Ltd",NA,NA,NA,NA,NA,NA,NA,NA,NA,NA,NA,NA,NA,NA,NA,NA,NA,NA,NA,NA,NA,NA,NA,NA,NA,NA,NA,NA,NA,NA,NA,NA,NA,NA,NA,NA,NA,NA,NA,NA,NA,NA,NA,NA,NA,NA,NA,NA,NA,NA,NA,NA,NA,NA,NA,NA,NA,NA,NA,NA,NA,NA,NA,NA,NA,NA,NA,NA,NA,NA,NA
Peru,2017,NW,auction,NA,https://allianceforcoffeeexcellence.org/peru-2017/,2,21,5,Dos De Mayo 2017,"Evaristo, Caysahuana Espíritu","Satipo, Junín",85.45,success,NA,21,5,$5.10/lb,"$3,429.29",Greater Goods Roasting Company,NA,NA,NA,NA,NA,NA,NA,NA,NA,NA,NA,NA,NA,NA,NA,NA,NA,NA,NA,NA,NA,NA,NA,NA,NA,NA,NA,NA,NA,NA,NA,NA,NA,NA,NA,NA,NA,NA,NA,NA,NA,NA,NA,NA,NA,NA,NA,NA,NA,NA,NA,NA,NA,NA,NA,NA,NA,NA,NA,NA,NA,NA,NA,NA,NA,NA,NA,NA,NA,NA,NA
Peru,2017,NW,auction,NA,https://allianceforcoffeeexcellence.org/peru-2017/,2,22,5,Señor De Los Milagros 2017,"Santos Pascual, Mendoza Bermilla","San Ignacio, Cajamarca",85.40,success,NA,22,5,$4.50/lb,"$3,293.73","Wataru & Co., Ltd.",NA,NA,NA,NA,NA,NA,NA,NA,NA,NA,NA,NA,NA,NA,NA,NA,NA,NA,NA,NA,NA,NA,NA,NA,NA,NA,NA,NA,NA,NA,NA,NA,NA,NA,NA,NA,NA,NA,NA,NA,NA,NA,NA,NA,NA,NA,NA,NA,NA,NA,NA,NA,NA,NA,NA,NA,NA,NA,NA,NA,NA,NA,NA,NA,NA,NA,NA,NA,NA,NA,NA
Peru,2017,NW,auction,NA,https://allianceforcoffeeexcellence.org/peru-2017/,2,23,5,Eucalipto Pampa 2017,"Alipio, Palomino Fernández","La Convencion, Cusco",85.38,success,NA,23,5,$4.60/lb,"$3,042.39","Wataru & Co., Ltd.",NA,NA,NA,NA,NA,NA,NA,NA,NA,NA,NA,NA,NA,NA,NA,NA,NA,NA,NA,NA,NA,NA,NA,NA,NA,NA,NA,NA,NA,NA,NA,NA,NA,NA,NA,NA,NA,NA,NA,NA,NA,NA,NA,NA,NA,NA,NA,NA,NA,NA,NA,NA,NA,NA,NA,NA,NA,NA,NA,NA,NA,NA,NA,NA,NA,NA,NA,NA,NA,NA,NA
Peru,2017,NW,auction,NA,https://allianceforcoffeeexcellence.org/peru-2017/,2,24,4,Buena Vista 2017,"Etel, Rodríguez Espinoza","Marañón, Huánuco",85.31,success,NA,24,4,$4.40/lb,"$2,522.08","Wataru & Co., Ltd.",NA,NA,NA,NA,NA,NA,NA,NA,NA,NA,NA,NA,NA,NA,NA,NA,NA,NA,NA,NA,NA,NA,NA,NA,NA,NA,NA,NA,NA,NA,NA,NA,NA,NA,NA,NA,NA,NA,NA,NA,NA,NA,NA,NA,NA,NA,NA,NA,NA,NA,NA,NA,NA,NA,NA,NA,NA,NA,NA,NA,NA,NA,NA,NA,NA,NA,NA,NA,NA,NA,NA
Peru,2017,NW,auction,NA,https://allianceforcoffeeexcellence.org/peru-2017/,2,25,5,Chilcapampa 2017,"Próspero, Córdova Quispe","Huncayo, Junin",85.14,success,NA,25,5,$4.30/lb,"$3,118.88","Wataru & Co., Ltd.",NA,NA,NA,NA,NA,NA,NA,NA,NA,NA,NA,NA,NA,NA,NA,NA,NA,NA,NA,NA,NA,NA,NA,NA,NA,NA,NA,NA,NA,NA,NA,NA,NA,NA,NA,NA,NA,NA,NA,NA,NA,NA,NA,NA,NA,NA,NA,NA,NA,NA,NA,NA,NA,NA,NA,NA,NA,NA,NA,NA,NA,NA,NA,NA,NA,NA,NA,NA,NA,NA,NA
Peru,2017,NW,auction,NA,https://allianceforcoffeeexcellence.org/peru-2017/,2,26,5,El Ajenco 2015,"Filomena, Pérez Alarcón","Cutervo, Cajamarca",84.95,success,NA,26,5,$4.20/lb,"$2,759.32","Cafe DAZAC, Coffee Sallim Factory, Crema Costa, Eungubiro Roasters, Beanstore",NA,NA,NA,NA,NA,NA,NA,NA,NA,NA,NA,NA,NA,NA,NA,NA,NA,NA,NA,NA,NA,NA,NA,NA,NA,NA,NA,NA,NA,NA,NA,NA,NA,NA,NA,NA,NA,NA,NA,NA,NA,NA,NA,NA,NA,NA,NA,NA,NA,NA,NA,NA,NA,NA,NA,NA,NA,NA,NA,NA,NA,NA,NA,NA,NA,NA,NA,NA,NA,NA,NA
Peru,2017,NW,auction,NA,https://allianceforcoffeeexcellence.org/peru-2017/,2,27,5,La Loma 2017,"Clemente, Mejía Ramírez","San Ignacio, Cajamarca",84.60,success,NA,27,5,$4.10/lb,"$2,675.54","Wataru & Co., Ltd.",NA,NA,NA,NA,NA,NA,NA,NA,NA,NA,NA,NA,NA,NA,NA,NA,NA,NA,NA,NA,NA,NA,NA,NA,NA,NA,NA,NA,NA,NA,NA,NA,NA,NA,NA,NA,NA,NA,NA,NA,NA,NA,NA,NA,NA,NA,NA,NA,NA,NA,NA,NA,NA,NA,NA,NA,NA,NA,NA,NA,NA,NA,NA,NA,NA,NA,NA,NA,NA,NA,NA
Peru,2017,NW,auction,NA,https://allianceforcoffeeexcellence.org/peru-2017/,2,28,5,Agua Dulce 2017,"Bertony, Pérez Estrada","Satipo, Junin",84.52,success,NA,28,5,$3.70/lb,"$2,496.09","Cafe DAZAC, Coffee Sallim Factory, Crema Costa, Eungubiro Roasters, Beanstore",NA,NA,NA,NA,NA,NA,NA,NA,NA,NA,NA,NA,NA,NA,NA,NA,NA,NA,NA,NA,NA,NA,NA,NA,NA,NA,NA,NA,NA,NA,NA,NA,NA,NA,NA,NA,NA,NA,NA,NA,NA,NA,NA,NA,NA,NA,NA,NA,NA,NA,NA,NA,NA,NA,NA,NA,NA,NA,NA,NA,NA,NA,NA,NA,NA,NA,NA,NA,NA,NA,NA
Peru,2017,NW,auction,NA,https://allianceforcoffeeexcellence.org/peru-2017/,2,29,4,El Pedregal 2017,"Rivelino, Hugo Florido Lino","Leoncio Prado, Huánuco",84.19,success,NA,29,4,$4.10/lb,"$2,494.77","Wataru & Co., Ltd.",NA,NA,NA,NA,NA,NA,NA,NA,NA,NA,NA,NA,NA,NA,NA,NA,NA,NA,NA,NA,NA,NA,NA,NA,NA,NA,NA,NA,NA,NA,NA,NA,NA,NA,NA,NA,NA,NA,NA,NA,NA,NA,NA,NA,NA,NA,NA,NA,NA,NA,NA,NA,NA,NA,NA,NA,NA,NA,NA,NA,NA,NA,NA,NA,NA,NA,NA,NA,NA,NA,NA
Peru,2017,NW,auction,NA,https://allianceforcoffeeexcellence.org/peru-2017/,2,30,6,Los Ángeles 2017,"Rufino, Quispe Arana","Satipo, Satipo",84.02,success,NA,30,6,$4.10/lb,"$3,235.97","Cafe DAZAC, Coffee Sallim Factory, Crema Costa, Eungubiro Roasters, Beanstore",NA,NA,NA,NA,NA,NA,NA,NA,NA,NA,NA,NA,NA,NA,NA,NA,NA,NA,NA,NA,NA,NA,NA,NA,NA,NA,NA,NA,NA,NA,NA,NA,NA,NA,NA,NA,NA,NA,NA,NA,NA,NA,NA,NA,NA,NA,NA,NA,NA,NA,NA,NA,NA,NA,NA,NA,NA,NA,NA,NA,NA,NA,NA,NA,NA,NA,NA,NA,NA,NA,NA
Peru,2017,NW,auction,NA,https://allianceforcoffeeexcellence.org/peru-2017/,2,Stats:,Stats:,,,,,success,NA,,53,$4.31/lb,"$31,105.13",NA,NA,NA,NA,NA,NA,NA,NA,NA,NA,NA,NA,NA,NA,NA,NA,NA,NA,NA,NA,NA,NA,NA,NA,NA,NA,NA,NA,NA,NA,NA,NA,NA,NA,NA,NA,NA,NA,NA,NA,NA,NA,NA,NA,NA,NA,NA,NA,NA,NA,NA,NA,NA,NA,NA,NA,NA,NA,NA,NA,NA,NA,NA,NA,NA,NA,NA,NA,NA,NA,NA,NA
Peru,2018,NW,auction,NA,https://allianceforcoffeeexcellence.org/peru-2018/,2,25,NA,Los Laureles,Gemner Lozano Huaman,Amazonas,85.86,success,NA,25,17,$4.10/Ib,"$4,673.14","Wataru & Co., Ltd.",NA,NA,NA,NA,NA,NA,NA,NA,NA,NA,NA,NA,NA,NA,NA,NA,NA,NA,NA,NA,NA,NA,NA,NA,NA,NA,NA,NA,NA,NA,NA,NA,NA,NA,NA,NA,NA,NA,NA,NA,NA,NA,NA,NA,NA,NA,NA,NA,NA,NA,NA,NA,NA,NA,NA,NA,NA,NA,NA,NA,NA,NA,NA,NA,NA,17,NA,NA,NA,NA,NA
Peru,2018,NW,auction,NA,https://allianceforcoffeeexcellence.org/peru-2018/,2,26,NA,El Roble,Humberto Carhuallocllo Solís,Cajamarca,85.74,success,NA,26,13,$5.10/lb,"$4,654.82","Wataru & Co., Ltd.",NA,NA,NA,NA,NA,NA,NA,NA,NA,NA,NA,NA,NA,NA,NA,NA,NA,NA,NA,NA,NA,NA,NA,NA,NA,NA,NA,NA,NA,NA,NA,NA,NA,NA,NA,NA,NA,NA,NA,NA,NA,NA,NA,NA,NA,NA,NA,NA,NA,NA,NA,NA,NA,NA,NA,NA,NA,NA,NA,NA,NA,NA,NA,NA,NA,13,NA,NA,NA,NA,NA
Peru,2018,NW,auction,NA,https://allianceforcoffeeexcellence.org/peru-2018/,2,27,NA,El Laurel,Marcelino Chinguel Mijahuanca,Cajamarca,85.71,success,NA,27,12,$6.10/lb,"$5,083.44",Kickapoo Coffee Roasters,NA,NA,NA,NA,NA,NA,NA,NA,NA,NA,NA,NA,NA,NA,NA,NA,NA,NA,NA,NA,NA,NA,NA,NA,NA,NA,NA,NA,NA,NA,NA,NA,NA,NA,NA,NA,NA,NA,NA,NA,NA,NA,NA,NA,NA,NA,NA,NA,NA,NA,NA,NA,NA,NA,NA,NA,NA,NA,NA,NA,NA,NA,NA,NA,NA,12,NA,NA,NA,NA,NA
Peru,2018,NW,auction,NA,https://allianceforcoffeeexcellence.org/peru-2018/,2,28,NA,El Chin Chin,Marleny Rivera Alberca,Cajamarca,85.43,success,NA,28,12,$5.10/lb,"$4,160.12","Wataru & Co., Ltd.",NA,NA,NA,NA,NA,NA,NA,NA,NA,NA,NA,NA,NA,NA,NA,NA,NA,NA,NA,NA,NA,NA,NA,NA,NA,NA,NA,NA,NA,NA,NA,NA,NA,NA,NA,NA,NA,NA,NA,NA,NA,NA,NA,NA,NA,NA,NA,NA,NA,NA,NA,NA,NA,NA,NA,NA,NA,NA,NA,NA,NA,NA,NA,NA,NA,12,NA,NA,NA,NA,NA
Peru,2018,NW,auction,NA,https://allianceforcoffeeexcellence.org/peru-2018/,2,29,NA,Vista Verde,Jorge Jacobi Montalvan,Junín,85.38,success,NA,29,12,$4.90/lb,"$3,899.76",BREW & BREAD COFFEE ROASTER,NA,NA,NA,NA,NA,NA,NA,NA,NA,NA,NA,NA,NA,NA,NA,NA,NA,NA,NA,NA,NA,NA,NA,NA,NA,NA,NA,NA,NA,NA,NA,NA,NA,NA,NA,NA,NA,NA,NA,NA,NA,NA,NA,NA,NA,NA,NA,NA,NA,NA,NA,NA,NA,NA,NA,NA,NA,NA,NA,NA,NA,NA,NA,NA,NA,12,NA,NA,NA,NA,NA
Peru,2018,NW,auction,NA,https://allianceforcoffeeexcellence.org/peru-2018/,2,30,NA,Las Cortaderas,Yave Melanio Fernández Monsalve,Cajamarca,85.31,success,NA,30,10,$4.90/lb,"$3,381.25",Cafetoria roastery Oy,NA,NA,NA,NA,NA,NA,NA,NA,NA,NA,NA,NA,NA,NA,NA,NA,NA,NA,NA,NA,NA,NA,NA,NA,NA,NA,NA,NA,NA,NA,NA,NA,NA,NA,NA,NA,NA,NA,NA,NA,NA,NA,NA,NA,NA,NA,NA,NA,NA,NA,NA,NA,NA,NA,NA,NA,NA,NA,NA,NA,NA,NA,NA,NA,NA,10,NA,NA,NA,NA,NA
Peru,2018,NW,auction,NA,https://allianceforcoffeeexcellence.org/peru-2018/,2,31,NA,Oropeza,Cruz Rodriguez Ortiz,Junín,84.95,success,NA,31,17,$4.20/lb,"$4,907.49","Cafe DAZAC, Coffee Sallim Factory, Juk-dong Cafe D, Crema Costa, Beanstore, Eungubiro Roasters",NA,NA,NA,NA,NA,NA,NA,NA,NA,NA,NA,NA,NA,NA,NA,NA,NA,NA,NA,NA,NA,NA,NA,NA,NA,NA,NA,NA,NA,NA,NA,NA,NA,NA,NA,NA,NA,NA,NA,NA,NA,NA,NA,NA,NA,NA,NA,NA,NA,NA,NA,NA,NA,NA,NA,NA,NA,NA,NA,NA,NA,NA,NA,NA,NA,17,NA,NA,NA,NA,NA
Peru,2018,NW,auction,NA,https://allianceforcoffeeexcellence.org/peru-2018/,2,32,NA,Buena Vista,José Aquilino Sucasaire Alvarez,Puno,84.38,success,NA,32,12,$3.90/lb,"$3,164.07",BREW & BREAD COFFEE ROASTER,NA,NA,NA,NA,NA,NA,NA,NA,NA,NA,NA,NA,NA,NA,NA,NA,NA,NA,NA,NA,NA,NA,NA,NA,NA,NA,NA,NA,NA,NA,NA,NA,NA,NA,NA,NA,NA,NA,NA,NA,NA,NA,NA,NA,NA,NA,NA,NA,NA,NA,NA,NA,NA,NA,NA,NA,NA,NA,NA,NA,NA,NA,NA,NA,NA,12,NA,NA,NA,NA,NA
Peru,2020,COE,auction,NA,https://allianceforcoffeeexcellence.org/peru-2020/,1,1a,NA,NA,NA,NA,90,success,NA,NA,NA,$51.10,"$22,629.64",NA,NA,NA,NA,NA,Esperanza,NA,NA,442.85,Latorre & Dutch Coffee (China) for June’s Garden Coffee / Cut Hand Group / OAS Roaster / MANNER COFFEE (China) / Fisher Coffee / KOLAKOLA COFFEE,NA,NA,NA,NA,NA,NA,NA,NA,NA,NA,NA,NA,NA,NA,NA,NA,NA,NA,NA,NA,NA,NA,NA,NA,NA,NA,NA,NA,NA,NA,NA,NA,NA,NA,NA,NA,NA,NA,NA,NA,NA,NA,NA,NA,NA,NA,NA,NA,NA,NA,NA,NA,NA,NA,NA,NA,NA,NA,NA,NA,NA,NA
Peru,2020,COE,auction,NA,https://allianceforcoffeeexcellence.org/peru-2020/,1,1b,NA,NA,NA,NA,90,success,NA,NA,NA,$50.70,"$20,122.83",NA,NA,NA,NA,NA,Esperanza,NA,NA,396.9,"Time’s Club.INC, Coffee Libre, EL CAFE coffee roasters, Coffee Montage",NA,NA,NA,NA,NA,NA,NA,NA,NA,NA,NA,NA,NA,NA,NA,NA,NA,NA,NA,NA,NA,NA,NA,NA,NA,NA,NA,NA,NA,NA,NA,NA,NA,NA,NA,NA,NA,NA,NA,NA,NA,NA,NA,NA,NA,NA,NA,NA,NA,NA,NA,NA,NA,NA,NA,NA,NA,NA,NA,NA,NA,NA
Peru,2020,COE,auction,NA,https://allianceforcoffeeexcellence.org/peru-2020/,1,2,NA,NA,NA,NA,89.58,success,NA,NA,NA,$28.70,"$13,843.16",NA,NA,NA,NA,NA,Caminos El Inca,NA,NA,482.34,"Vela Ethan International Co.,Ltd",NA,NA,NA,NA,NA,NA,NA,NA,NA,NA,NA,NA,NA,NA,NA,NA,NA,NA,NA,NA,NA,NA,NA,NA,NA,NA,NA,NA,NA,NA,NA,NA,NA,NA,NA,NA,NA,NA,NA,NA,NA,NA,NA,NA,NA,NA,NA,NA,NA,NA,NA,NA,NA,NA,NA,NA,NA,NA,NA,NA,NA,NA
Peru,2020,COE,auction,NA,https://allianceforcoffeeexcellence.org/peru-2020/,1,3,NA,NA,NA,NA,88.96,success,NA,NA,NA,$17.10,"$11,686.82",NA,NA,NA,NA,NA,El Laurel,NA,NA,683.44,CAFFE PASCUCCI,NA,NA,NA,NA,NA,NA,NA,NA,NA,NA,NA,NA,NA,NA,NA,NA,NA,NA,NA,NA,NA,NA,NA,NA,NA,NA,NA,NA,NA,NA,NA,NA,NA,NA,NA,NA,NA,NA,NA,NA,NA,NA,NA,NA,NA,NA,NA,NA,NA,NA,NA,NA,NA,NA,NA,NA,NA,NA,NA,NA,NA,NA
Peru,2020,COE,auction,NA,https://allianceforcoffeeexcellence.org/peru-2020/,1,4,NA,NA,NA,NA,88.92,success,NA,NA,NA,$17.50,"$10,211.43",NA,NA,NA,NA,NA,La Esperanza,NA,NA,583.51,Falcon Coffees,NA,NA,NA,NA,NA,NA,NA,NA,NA,NA,NA,NA,NA,NA,NA,NA,NA,NA,NA,NA,NA,NA,NA,NA,NA,NA,NA,NA,NA,NA,NA,NA,NA,NA,NA,NA,NA,NA,NA,NA,NA,NA,NA,NA,NA,NA,NA,NA,NA,NA,NA,NA,NA,NA,NA,NA,NA,NA,NA,NA,NA,NA
Peru,2020,COE,auction,NA,https://allianceforcoffeeexcellence.org/peru-2020/,1,5,NA,NA,NA,NA,88.88,success,NA,NA,NA,$23.10,"$14,573.10",NA,NA,NA,NA,NA,Bella Siempre Viva,NA,NA,630.87,Campos Coffee,NA,NA,NA,NA,NA,NA,NA,NA,NA,NA,NA,NA,NA,NA,NA,NA,NA,NA,NA,NA,NA,NA,NA,NA,NA,NA,NA,NA,NA,NA,NA,NA,NA,NA,NA,NA,NA,NA,NA,NA,NA,NA,NA,NA,NA,NA,NA,NA,NA,NA,NA,NA,NA,NA,NA,NA,NA,NA,NA,NA,NA,NA
Peru,2020,COE,auction,NA,https://allianceforcoffeeexcellence.org/peru-2020/,1,6,NA,NA,NA,NA,88.77,success,NA,NA,NA,$16.10,"$13,585.99",NA,NA,NA,NA,NA,Agua Dulce,NA,NA,843.85,Kyokuto Fadie Corporation,NA,NA,NA,NA,NA,NA,NA,NA,NA,NA,NA,NA,NA,NA,NA,NA,NA,NA,NA,NA,NA,NA,NA,NA,NA,NA,NA,NA,NA,NA,NA,NA,NA,NA,NA,NA,NA,NA,NA,NA,NA,NA,NA,NA,NA,NA,NA,NA,NA,NA,NA,NA,NA,NA,NA,NA,NA,NA,NA,NA,NA,NA
Peru,2020,COE,auction,NA,https://allianceforcoffeeexcellence.org/peru-2020/,1,7,NA,NA,NA,NA,88.77,success,NA,NA,NA,$16.00,"$8,791.36",NA,NA,NA,NA,NA,O´Sopen,NA,NA,549.46,"Japan Roasters’ Network, Harrods",NA,NA,NA,NA,NA,NA,NA,NA,NA,NA,NA,NA,NA,NA,NA,NA,NA,NA,NA,NA,NA,NA,NA,NA,NA,NA,NA,NA,NA,NA,NA,NA,NA,NA,NA,NA,NA,NA,NA,NA,NA,NA,NA,NA,NA,NA,NA,NA,NA,NA,NA,NA,NA,NA,NA,NA,NA,NA,NA,NA,NA,NA
Peru,2020,COE,auction,NA,https://allianceforcoffeeexcellence.org/peru-2020/,1,8,NA,NA,NA,NA,88.73,success,NA,NA,NA,$26.00,"$21,734.96",NA,NA,NA,NA,NA,La Palma,NA,NA,835.96,Falcon Coffees,NA,NA,NA,NA,NA,NA,NA,NA,NA,NA,NA,NA,NA,NA,NA,NA,NA,NA,NA,NA,NA,NA,NA,NA,NA,NA,NA,NA,NA,NA,NA,NA,NA,NA,NA,NA,NA,NA,NA,NA,NA,NA,NA,NA,NA,NA,NA,NA,NA,NA,NA,NA,NA,NA,NA,NA,NA,NA,NA,NA,NA,NA
Peru,2020,COE,auction,NA,https://allianceforcoffeeexcellence.org/peru-2020/,1,9,NA,NA,NA,NA,88.58,success,NA,NA,NA,$16.30,"$10,212.11",NA,NA,NA,NA,NA,Buena Vista,NA,NA,626.51,SkyTop Coffee & Noble Coffee,NA,NA,NA,NA,NA,NA,NA,NA,NA,NA,NA,NA,NA,NA,NA,NA,NA,NA,NA,NA,NA,NA,NA,NA,NA,NA,NA,NA,NA,NA,NA,NA,NA,NA,NA,NA,NA,NA,NA,NA,NA,NA,NA,NA,NA,NA,NA,NA,NA,NA,NA,NA,NA,NA,NA,NA,NA,NA,NA,NA,NA,NA
Peru,2020,COE,auction,NA,https://allianceforcoffeeexcellence.org/peru-2020/,1,10,NA,NA,NA,NA,88.58,success,NA,NA,NA,$29.40,"$20,598.23",NA,NA,NA,NA,NA,Nueva Alianza,NA,NA,700.62,"Vela Ethan International Co.,Ltd",NA,NA,NA,NA,NA,NA,NA,NA,NA,NA,NA,NA,NA,NA,NA,NA,NA,NA,NA,NA,NA,NA,NA,NA,NA,NA,NA,NA,NA,NA,NA,NA,NA,NA,NA,NA,NA,NA,NA,NA,NA,NA,NA,NA,NA,NA,NA,NA,NA,NA,NA,NA,NA,NA,NA,NA,NA,NA,NA,NA,NA,NA
Peru,2020,COE,auction,NA,https://allianceforcoffeeexcellence.org/peru-2020/,1,11,NA,NA,NA,NA,88.54,success,NA,NA,NA,$12.70,"$10,921.37",NA,NA,NA,NA,NA,El Rejo,NA,NA,859.95,"Wataru & Co., Ltd.",NA,NA,NA,NA,NA,NA,NA,NA,NA,NA,NA,NA,NA,NA,NA,NA,NA,NA,NA,NA,NA,NA,NA,NA,NA,NA,NA,NA,NA,NA,NA,NA,NA,NA,NA,NA,NA,NA,NA,NA,NA,NA,NA,NA,NA,NA,NA,NA,NA,NA,NA,NA,NA,NA,NA,NA,NA,NA,NA,NA,NA,NA
Peru,2020,COE,auction,NA,https://allianceforcoffeeexcellence.org/peru-2020/,1,12,NA,NA,NA,NA,88.38,success,NA,NA,NA,$10.60,"$12,856.74",NA,NA,NA,NA,NA,Esmeralda,NA,NA,1212.9,"YING FUNG, SWEET HOME COFFEE , Orca Spin Cafe, LAVA COFFEE ROASTERS (TAIWAN)",NA,NA,NA,NA,NA,NA,NA,NA,NA,NA,NA,NA,NA,NA,NA,NA,NA,NA,NA,NA,NA,NA,NA,NA,NA,NA,NA,NA,NA,NA,NA,NA,NA,NA,NA,NA,NA,NA,NA,NA,NA,NA,NA,NA,NA,NA,NA,NA,NA,NA,NA,NA,NA,NA,NA,NA,NA,NA,NA,NA,NA,NA
Peru,2020,COE,auction,NA,https://allianceforcoffeeexcellence.org/peru-2020/,1,13,NA,NA,NA,NA,88.19,success,NA,NA,NA,$17.00,"$11,245.50",NA,NA,NA,NA,NA,Nuevo Progreso,NA,NA,661.5,Single O & Intelligentsia,NA,NA,NA,NA,NA,NA,NA,NA,NA,NA,NA,NA,NA,NA,NA,NA,NA,NA,NA,NA,NA,NA,NA,NA,NA,NA,NA,NA,NA,NA,NA,NA,NA,NA,NA,NA,NA,NA,NA,NA,NA,NA,NA,NA,NA,NA,NA,NA,NA,NA,NA,NA,NA,NA,NA,NA,NA,NA,NA,NA,NA,NA
Peru,2020,COE,auction,NA,https://allianceforcoffeeexcellence.org/peru-2020/,1,14,NA,NA,NA,NA,87.81,success,NA,NA,NA,$11.10,"$7,199.02",NA,NA,NA,NA,NA,Progreso,NA,NA,648.56,COFFEE COUNTY,NA,NA,NA,NA,NA,NA,NA,NA,NA,NA,NA,NA,NA,NA,NA,NA,NA,NA,NA,NA,NA,NA,NA,NA,NA,NA,NA,NA,NA,NA,NA,NA,NA,NA,NA,NA,NA,NA,NA,NA,NA,NA,NA,NA,NA,NA,NA,NA,NA,NA,NA,NA,NA,NA,NA,NA,NA,NA,NA,NA,NA,NA
Peru,2020,COE,auction,NA,https://allianceforcoffeeexcellence.org/peru-2020/,1,15,NA,NA,NA,NA,87.81,success,NA,NA,NA,$11.10,"$6,590.51",NA,NA,NA,NA,NA,Belen,NA,NA,593.74,"Wataru & Co., Ltd.",NA,NA,NA,NA,NA,NA,NA,NA,NA,NA,NA,NA,NA,NA,NA,NA,NA,NA,NA,NA,NA,NA,NA,NA,NA,NA,NA,NA,NA,NA,NA,NA,NA,NA,NA,NA,NA,NA,NA,NA,NA,NA,NA,NA,NA,NA,NA,NA,NA,NA,NA,NA,NA,NA,NA,NA,NA,NA,NA,NA,NA,NA
Peru,2020,COE,auction,NA,https://allianceforcoffeeexcellence.org/peru-2020/,1,16,NA,NA,NA,NA,87.65,success,NA,NA,NA,$11.20,"$6,402.48",NA,NA,NA,NA,NA,Eucalipto-Pata,NA,NA,571.65,Nagahama Coffee Inc.,NA,NA,NA,NA,NA,NA,NA,NA,NA,NA,NA,NA,NA,NA,NA,NA,NA,NA,NA,NA,NA,NA,NA,NA,NA,NA,NA,NA,NA,NA,NA,NA,NA,NA,NA,NA,NA,NA,NA,NA,NA,NA,NA,NA,NA,NA,NA,NA,NA,NA,NA,NA,NA,NA,NA,NA,NA,NA,NA,NA,NA,NA
Peru,2020,COE,auction,NA,https://allianceforcoffeeexcellence.org/peru-2020/,1,17,NA,NA,NA,NA,87.54,success,NA,NA,NA,$11.00,"$8,283.33",NA,NA,NA,NA,NA,Santa Maria,NA,NA,753.03,Corvus Coffee,NA,NA,NA,NA,NA,NA,NA,NA,NA,NA,NA,NA,NA,NA,NA,NA,NA,NA,NA,NA,NA,NA,NA,NA,NA,NA,NA,NA,NA,NA,NA,NA,NA,NA,NA,NA,NA,NA,NA,NA,NA,NA,NA,NA,NA,NA,NA,NA,NA,NA,NA,NA,NA,NA,NA,NA,NA,NA,NA,NA,NA,NA
Peru,2020,COE,auction,NA,https://allianceforcoffeeexcellence.org/peru-2020/,1,18,NA,NA,NA,NA,87.54,success,NA,NA,NA,$10.00,"$6,329.20",NA,NA,NA,NA,NA,Lucmayoc,NA,NA,632.92,"Wataru & Co., Ltd.",NA,NA,NA,NA,NA,NA,NA,NA,NA,NA,NA,NA,NA,NA,NA,NA,NA,NA,NA,NA,NA,NA,NA,NA,NA,NA,NA,NA,NA,NA,NA,NA,NA,NA,NA,NA,NA,NA,NA,NA,NA,NA,NA,NA,NA,NA,NA,NA,NA,NA,NA,NA,NA,NA,NA,NA,NA,NA,NA,NA,NA,NA
Peru,2020,COE,auction,NA,https://allianceforcoffeeexcellence.org/peru-2020/,1,19,NA,NA,NA,NA,87.35,success,NA,NA,NA,$9.30,"$11,040.68",NA,NA,NA,NA,NA,El Encanto,NA,NA,1187.17,"Wataru & Co., Ltd.",NA,NA,NA,NA,NA,NA,NA,NA,NA,NA,NA,NA,NA,NA,NA,NA,NA,NA,NA,NA,NA,NA,NA,NA,NA,NA,NA,NA,NA,NA,NA,NA,NA,NA,NA,NA,NA,NA,NA,NA,NA,NA,NA,NA,NA,NA,NA,NA,NA,NA,NA,NA,NA,NA,NA,NA,NA,NA,NA,NA,NA,NA
Peru,2020,COE,auction,NA,https://allianceforcoffeeexcellence.org/peru-2020/,1,20,NA,NA,NA,NA,87.27,success,NA,NA,NA,$14.10,"$9,647.36",NA,NA,NA,NA,NA,Macora,NA,NA,684.21,Latorre & Dutch Coffee (China) for Fisheye Café / Fisher Coffee / Small Arms Big Heart / KOLAKOLA COFFEE,NA,NA,NA,NA,NA,NA,NA,NA,NA,NA,NA,NA,NA,NA,NA,NA,NA,NA,NA,NA,NA,NA,NA,NA,NA,NA,NA,NA,NA,NA,NA,NA,NA,NA,NA,NA,NA,NA,NA,NA,NA,NA,NA,NA,NA,NA,NA,NA,NA,NA,NA,NA,NA,NA,NA,NA,NA,NA,NA,NA,NA,NA
Peru,2020,COE,auction,NA,https://allianceforcoffeeexcellence.org/peru-2020/,1,21,NA,NA,NA,NA,87.23,success,NA,NA,NA,$8.90,"$5,618.48",NA,NA,NA,NA,NA,Cedruyoc,NA,NA,631.29,List + Beisler GmbH,NA,NA,NA,NA,NA,NA,NA,NA,NA,NA,NA,NA,NA,NA,NA,NA,NA,NA,NA,NA,NA,NA,NA,NA,NA,NA,NA,NA,NA,NA,NA,NA,NA,NA,NA,NA,NA,NA,NA,NA,NA,NA,NA,NA,NA,NA,NA,NA,NA,NA,NA,NA,NA,NA,NA,NA,NA,NA,NA,NA,NA,NA
Peru,2020,COE,auction,NA,https://allianceforcoffeeexcellence.org/peru-2020/,1,22,NA,NA,NA,NA,87.19,success,NA,NA,NA,$10.00,"$8,689.90",NA,NA,NA,NA,NA,Tres Cumbres,NA,NA,868.99,"Wataru & Co., Ltd.",NA,NA,NA,NA,NA,NA,NA,NA,NA,NA,NA,NA,NA,NA,NA,NA,NA,NA,NA,NA,NA,NA,NA,NA,NA,NA,NA,NA,NA,NA,NA,NA,NA,NA,NA,NA,NA,NA,NA,NA,NA,NA,NA,NA,NA,NA,NA,NA,NA,NA,NA,NA,NA,NA,NA,NA,NA,NA,NA,NA,NA,NA
Peru,2020,COE,auction,NA,https://allianceforcoffeeexcellence.org/peru-2020/,1,23,NA,NA,NA,NA,87.15,success,NA,NA,NA,$9.50,"$11,785.04",NA,NA,NA,NA,NA,El Cafetal,NA,NA,1240.53,"Wataru & Co., Ltd.",NA,NA,NA,NA,NA,NA,NA,NA,NA,NA,NA,NA,NA,NA,NA,NA,NA,NA,NA,NA,NA,NA,NA,NA,NA,NA,NA,NA,NA,NA,NA,NA,NA,NA,NA,NA,NA,NA,NA,NA,NA,NA,NA,NA,NA,NA,NA,NA,NA,NA,NA,NA,NA,NA,NA,NA,NA,NA,NA,NA,NA,NA
Peru,2020,COE,auction,NA,https://allianceforcoffeeexcellence.org/peru-2020/,1,24,NA,NA,NA,NA,87,success,NA,NA,NA,$12.00,"$9,128.76",NA,NA,NA,NA,NA,Origen Marin,NA,NA,760.73,Thood Qahwa LTD Co,NA,NA,NA,NA,NA,NA,NA,NA,NA,NA,NA,NA,NA,NA,NA,NA,NA,NA,NA,NA,NA,NA,NA,NA,NA,NA,NA,NA,NA,NA,NA,NA,NA,NA,NA,NA,NA,NA,NA,NA,NA,NA,NA,NA,NA,NA,NA,NA,NA,NA,NA,NA,NA,NA,NA,NA,NA,NA,NA,NA,NA,NA
Peru,2020,COE,auction,NA,https://allianceforcoffeeexcellence.org/peru-2020/,1,,NA,NA,NA,NA,,success,NA,NA,NA,$16.24/lb,"$293,728.00",NA,NA,NA,NA,NA,,NA,NA,18083.48,,NA,NA,NA,NA,NA,NA,NA,NA,NA,NA,NA,NA,NA,NA,NA,NA,NA,NA,NA,NA,NA,NA,NA,NA,NA,NA,NA,NA,NA,NA,NA,NA,NA,NA,NA,NA,NA,NA,NA,NA,NA,NA,NA,NA,NA,NA,NA,NA,NA,NA,NA,NA,NA,NA,NA,NA,NA,NA,NA,NA,NA,NA
Peru,2020,NW,auction,NA,https://allianceforcoffeeexcellence.org/peru-2020/,2,NW,NA,NA,NA,NA,86.92,success,NA,NA,NA,$4.10,"$4,013.08","cafe DAZAC, Eungubiro Roasters, Crema Costa",NA,NA,NA,NA,La Puma Rosa,NA,NA,978.8,NA,NA,NA,NA,NA,NA,NA,NA,NA,NA,NA,NA,NA,NA,NA,NA,NA,NA,NA,NA,NA,NA,NA,NA,NA,NA,NA,NA,NA,NA,NA,NA,NA,NA,NA,NA,NA,NA,NA,NA,NA,NA,NA,NA,NA,NA,NA,NA,NA,NA,NA,NA,NA,NA,NA,NA,NA,NA,NA,NA,NA,NA,NA
Peru,2020,NW,auction,NA,https://allianceforcoffeeexcellence.org/peru-2020/,2,NW,NA,NA,NA,NA,86.77,success,NA,NA,NA,$3.70,"$4,943.20","cafe DAZAC, Eungubiro Roasters, Crema Costa",NA,NA,NA,NA,Los Laureles,NA,NA,1336,NA,NA,NA,NA,NA,NA,NA,NA,NA,NA,NA,NA,NA,NA,NA,NA,NA,NA,NA,NA,NA,NA,NA,NA,NA,NA,NA,NA,NA,NA,NA,NA,NA,NA,NA,NA,NA,NA,NA,NA,NA,NA,NA,NA,NA,NA,NA,NA,NA,NA,NA,NA,NA,NA,NA,NA,NA,NA,NA,NA,NA,NA,NA
Peru,2020,NW,auction,NA,https://allianceforcoffeeexcellence.org/peru-2020/,2,NW,NA,NA,NA,NA,86.77,success,NA,NA,NA,$3.80,"$4,678.94","cafe DAZAC, Eungubiro Roasters, Crema Costa",NA,NA,NA,NA,Tesoro Escondido,NA,NA,1231.3,NA,NA,NA,NA,NA,NA,NA,NA,NA,NA,NA,NA,NA,NA,NA,NA,NA,NA,NA,NA,NA,NA,NA,NA,NA,NA,NA,NA,NA,NA,NA,NA,NA,NA,NA,NA,NA,NA,NA,NA,NA,NA,NA,NA,NA,NA,NA,NA,NA,NA,NA,NA,NA,NA,NA,NA,NA,NA,NA,NA,NA,NA,NA
Peru,2020,NW,auction,NA,https://allianceforcoffeeexcellence.org/peru-2020/,2,NW,NA,NA,NA,NA,86.62,success,NA,NA,NA,$3.50,"$2,430.40","cafe DAZAC, Eungubiro Roasters, Crema Costa",NA,NA,NA,NA,Palmira,NA,NA,694.4,NA,NA,NA,NA,NA,NA,NA,NA,NA,NA,NA,NA,NA,NA,NA,NA,NA,NA,NA,NA,NA,NA,NA,NA,NA,NA,NA,NA,NA,NA,NA,NA,NA,NA,NA,NA,NA,NA,NA,NA,NA,NA,NA,NA,NA,NA,NA,NA,NA,NA,NA,NA,NA,NA,NA,NA,NA,NA,NA,NA,NA,NA,NA
Peru,2020,NW,auction,NA,https://allianceforcoffeeexcellence.org/peru-2020/,2,NW,NA,NA,NA,NA,86.58,success,NA,NA,NA,$8.60,"$5,204.72","ying fung international co., ltd.",NA,NA,NA,NA,El Mana,NA,NA,605.2,NA,NA,NA,NA,NA,NA,NA,NA,NA,NA,NA,NA,NA,NA,NA,NA,NA,NA,NA,NA,NA,NA,NA,NA,NA,NA,NA,NA,NA,NA,NA,NA,NA,NA,NA,NA,NA,NA,NA,NA,NA,NA,NA,NA,NA,NA,NA,NA,NA,NA,NA,NA,NA,NA,NA,NA,NA,NA,NA,NA,NA,NA,NA
Peru,2020,NW,auction,NA,https://allianceforcoffeeexcellence.org/peru-2020/,2,NW,NA,NA,NA,NA,86.5,success,NA,NA,NA,$3.50,"$3,935.05",Huracan Coffee (Sviezia Kava),NA,NA,NA,NA,Santa Sofia,NA,NA,1124.3,NA,NA,NA,NA,NA,NA,NA,NA,NA,NA,NA,NA,NA,NA,NA,NA,NA,NA,NA,NA,NA,NA,NA,NA,NA,NA,NA,NA,NA,NA,NA,NA,NA,NA,NA,NA,NA,NA,NA,NA,NA,NA,NA,NA,NA,NA,NA,NA,NA,NA,NA,NA,NA,NA,NA,NA,NA,NA,NA,NA,NA,NA,NA
Peru,2020,NW,auction,NA,https://allianceforcoffeeexcellence.org/peru-2020/,2,NW,NA,NA,NA,NA,85.9,success,NA,NA,NA,$3.30,"$4,146.78",Huracan Coffee (Sviezia Kava),NA,NA,NA,NA,Monte Rey,NA,NA,1256.6,NA,NA,NA,NA,NA,NA,NA,NA,NA,NA,NA,NA,NA,NA,NA,NA,NA,NA,NA,NA,NA,NA,NA,NA,NA,NA,NA,NA,NA,NA,NA,NA,NA,NA,NA,NA,NA,NA,NA,NA,NA,NA,NA,NA,NA,NA,NA,NA,NA,NA,NA,NA,NA,NA,NA,NA,NA,NA,NA,NA,NA,NA,NA
Peru,2020,NW,auction,NA,https://allianceforcoffeeexcellence.org/peru-2020/,2,NW,NA,NA,NA,NA,85.04,success,NA,NA,NA,$4.10,"$2,765.86",Latorre & Dutch Coffee Traders,NA,NA,NA,NA,Yanamonte,NA,NA,674.6,NA,NA,NA,NA,NA,NA,NA,NA,NA,NA,NA,NA,NA,NA,NA,NA,NA,NA,NA,NA,NA,NA,NA,NA,NA,NA,NA,NA,NA,NA,NA,NA,NA,NA,NA,NA,NA,NA,NA,NA,NA,NA,NA,NA,NA,NA,NA,NA,NA,NA,NA,NA,NA,NA,NA,NA,NA,NA,NA,NA,NA,NA,NA
Peru,2020,NW,auction,NA,https://allianceforcoffeeexcellence.org/peru-2020/,2,NW,NA,NA,NA,NA,Totals:,success,NA,NA,NA,$4.06/lb,"$32,118.03",,NA,NA,NA,NA,,NA,NA,7901.2,NA,NA,NA,NA,NA,NA,NA,NA,NA,NA,NA,NA,NA,NA,NA,NA,NA,NA,NA,NA,NA,NA,NA,NA,NA,NA,NA,NA,NA,NA,NA,NA,NA,NA,NA,NA,NA,NA,NA,NA,NA,NA,NA,NA,NA,NA,NA,NA,NA,NA,NA,NA,NA,NA,NA,NA,NA,NA,NA,NA,NA,NA,NA
Peru,2021,COE,auction,NA,https://allianceforcoffeeexcellence.org/peru-2021/,2,1a,NA,NA,NA,NA,90.2,success,NA,NA,NA,$54.60,"$18,055.67",NA,NA,NA,NA,NA,Nueva Alianza,NA,NA,330.69,Orsir Coffee(Taiwan),NA,NA,NA,NA,NA,NA,NA,NA,NA,NA,NA,NA,NA,NA,NA,NA,NA,NA,NA,NA,NA,NA,NA,NA,NA,NA,NA,NA,NA,NA,NA,NA,NA,NA,NA,NA,NA,NA,NA,NA,NA,NA,NA,NA,NA,NA,NA,NA,NA,NA,NA,NA,NA,NA,NA,NA,NA,NA,NA,NA,NA,NA
Peru,2021,COE,auction,NA,https://allianceforcoffeeexcellence.org/peru-2021/,2,1b,NA,NA,NA,NA,90.2,success,NA,NA,NA,$50.40,"$17,744.83",NA,NA,NA,NA,NA,Nueva Alianza,NA,NA,352.08,KALDI COFFEE FARM,NA,NA,NA,NA,NA,NA,NA,NA,NA,NA,NA,NA,NA,NA,NA,NA,NA,NA,NA,NA,NA,NA,NA,NA,NA,NA,NA,NA,NA,NA,NA,NA,NA,NA,NA,NA,NA,NA,NA,NA,NA,NA,NA,NA,NA,NA,NA,NA,NA,NA,NA,NA,NA,NA,NA,NA,NA,NA,NA,NA,NA,NA
Peru,2021,COE,auction,NA,https://allianceforcoffeeexcellence.org/peru-2021/,2,2a,NA,NA,NA,NA,90.08,success,NA,NA,NA,$34.30,"$11,342.67",NA,NA,NA,NA,NA,Santa Mónica,NA,NA,330.69,SUPREMO COFFEE,NA,NA,NA,NA,NA,NA,NA,NA,NA,NA,NA,NA,NA,NA,NA,NA,NA,NA,NA,NA,NA,NA,NA,NA,NA,NA,NA,NA,NA,NA,NA,NA,NA,NA,NA,NA,NA,NA,NA,NA,NA,NA,NA,NA,NA,NA,NA,NA,NA,NA,NA,NA,NA,NA,NA,NA,NA,NA,NA,NA,NA,NA
Peru,2021,COE,auction,NA,https://allianceforcoffeeexcellence.org/peru-2021/,2,2b,NA,NA,NA,NA,90.08,success,NA,NA,NA,$33.50,"$11,410.44",NA,NA,NA,NA,NA,Santa Mónica,NA,NA,340.61,KAKALOVE CAFE,NA,NA,NA,NA,NA,NA,NA,NA,NA,NA,NA,NA,NA,NA,NA,NA,NA,NA,NA,NA,NA,NA,NA,NA,NA,NA,NA,NA,NA,NA,NA,NA,NA,NA,NA,NA,NA,NA,NA,NA,NA,NA,NA,NA,NA,NA,NA,NA,NA,NA,NA,NA,NA,NA,NA,NA,NA,NA,NA,NA,NA,NA
Peru,2021,COE,auction,NA,https://allianceforcoffeeexcellence.org/peru-2021/,2,3a,NA,NA,NA,NA,90,success,NA,NA,NA,$27.60,"$7,301.58",NA,NA,NA,NA,NA,La Palta,NA,NA,264.55,Falcon Coffees,NA,NA,NA,NA,NA,NA,NA,NA,NA,NA,NA,NA,NA,NA,NA,NA,NA,NA,NA,NA,NA,NA,NA,NA,NA,NA,NA,NA,NA,NA,NA,NA,NA,NA,NA,NA,NA,NA,NA,NA,NA,NA,NA,NA,NA,NA,NA,NA,NA,NA,NA,NA,NA,NA,NA,NA,NA,NA,NA,NA,NA,NA
Peru,2021,COE,auction,NA,https://allianceforcoffeeexcellence.org/peru-2021/,2,3b,NA,NA,NA,NA,90,success,NA,NA,NA,$27.70,"$8,244.07",NA,NA,NA,NA,NA,La Palta,NA,NA,297.62,Cometeer & Onyx Coffee Lab,NA,NA,NA,NA,NA,NA,NA,NA,NA,NA,NA,NA,NA,NA,NA,NA,NA,NA,NA,NA,NA,NA,NA,NA,NA,NA,NA,NA,NA,NA,NA,NA,NA,NA,NA,NA,NA,NA,NA,NA,NA,NA,NA,NA,NA,NA,NA,NA,NA,NA,NA,NA,NA,NA,NA,NA,NA,NA,NA,NA,NA,NA
Peru,2021,COE,auction,NA,https://allianceforcoffeeexcellence.org/peru-2021/,2,4,NA,NA,NA,NA,89.38,success,NA,NA,NA,$25.70,"$15,694.48",NA,NA,NA,NA,NA,Chiriloma,NA,NA,610.68,MOMOS COFFEE,NA,NA,NA,NA,NA,NA,NA,NA,NA,NA,NA,NA,NA,NA,NA,NA,NA,NA,NA,NA,NA,NA,NA,NA,NA,NA,NA,NA,NA,NA,NA,NA,NA,NA,NA,NA,NA,NA,NA,NA,NA,NA,NA,NA,NA,NA,NA,NA,NA,NA,NA,NA,NA,NA,NA,NA,NA,NA,NA,NA,NA,NA
Peru,2021,COE,auction,NA,https://allianceforcoffeeexcellence.org/peru-2021/,2,5,NA,NA,NA,NA,89.09,success,NA,NA,NA,$14.00,"$22,973.44",NA,NA,NA,NA,NA,Santa Teresa,NA,NA,"1,640.96",DABOV Specialty Coffee,NA,NA,NA,NA,NA,NA,NA,NA,NA,NA,NA,NA,NA,NA,NA,NA,NA,NA,NA,NA,NA,NA,NA,NA,NA,NA,NA,NA,NA,NA,NA,NA,NA,NA,NA,NA,NA,NA,NA,NA,NA,NA,NA,NA,NA,NA,NA,NA,NA,NA,NA,NA,NA,NA,NA,NA,NA,NA,NA,NA,NA,NA
Peru,2021,COE,auction,NA,https://allianceforcoffeeexcellence.org/peru-2021/,2,6,NA,NA,NA,NA,89.06,success,NA,NA,NA,$23.20,"$13,778.94",NA,NA,NA,NA,NA,Carmen Alto,NA,NA,593.92,Solberg & Hansen As,NA,NA,NA,NA,NA,NA,NA,NA,NA,NA,NA,NA,NA,NA,NA,NA,NA,NA,NA,NA,NA,NA,NA,NA,NA,NA,NA,NA,NA,NA,NA,NA,NA,NA,NA,NA,NA,NA,NA,NA,NA,NA,NA,NA,NA,NA,NA,NA,NA,NA,NA,NA,NA,NA,NA,NA,NA,NA,NA,NA,NA,NA
Peru,2021,COE,auction,NA,https://allianceforcoffeeexcellence.org/peru-2021/,2,7,NA,NA,NA,NA,88.97,success,NA,NA,NA,$20.00,"$11,905.00",NA,NA,NA,NA,NA,Nuevo Progreso,NA,NA,595.25,Kaffebrenneriet As,NA,NA,NA,NA,NA,NA,NA,NA,NA,NA,NA,NA,NA,NA,NA,NA,NA,NA,NA,NA,NA,NA,NA,NA,NA,NA,NA,NA,NA,NA,NA,NA,NA,NA,NA,NA,NA,NA,NA,NA,NA,NA,NA,NA,NA,NA,NA,NA,NA,NA,NA,NA,NA,NA,NA,NA,NA,NA,NA,NA,NA,NA
Peru,2021,COE,auction,NA,https://allianceforcoffeeexcellence.org/peru-2021/,2,8,NA,NA,NA,NA,88.38,success,NA,NA,NA,$26.00,"$16,290.30",NA,NA,NA,NA,NA,La Candelaria,NA,NA,626.55,NOZY COFFEE,NA,NA,NA,NA,NA,NA,NA,NA,NA,NA,NA,NA,NA,NA,NA,NA,NA,NA,NA,NA,NA,NA,NA,NA,NA,NA,NA,NA,NA,NA,NA,NA,NA,NA,NA,NA,NA,NA,NA,NA,NA,NA,NA,NA,NA,NA,NA,NA,NA,NA,NA,NA,NA,NA,NA,NA,NA,NA,NA,NA,NA,NA
Peru,2021,COE,auction,NA,https://allianceforcoffeeexcellence.org/peru-2021/,2,9,NA,NA,NA,NA,88.27,success,NA,NA,NA,$32.10,"$22,030.87",NA,NA,NA,NA,NA,La Lucuma,NA,NA,686.32,Terarosa (Haksan Co. Ltd),NA,NA,NA,NA,NA,NA,NA,NA,NA,NA,NA,NA,NA,NA,NA,NA,NA,NA,NA,NA,NA,NA,NA,NA,NA,NA,NA,NA,NA,NA,NA,NA,NA,NA,NA,NA,NA,NA,NA,NA,NA,NA,NA,NA,NA,NA,NA,NA,NA,NA,NA,NA,NA,NA,NA,NA,NA,NA,NA,NA,NA,NA
Peru,2021,COE,auction,NA,https://allianceforcoffeeexcellence.org/peru-2021/,2,10,NA,NA,NA,NA,87.75,success,NA,NA,NA,$20.20,"$16,343.21",NA,NA,NA,NA,NA,El Cedro,NA,NA,809.07,KALDI COFFEE FARM,NA,NA,NA,NA,NA,NA,NA,NA,NA,NA,NA,NA,NA,NA,NA,NA,NA,NA,NA,NA,NA,NA,NA,NA,NA,NA,NA,NA,NA,NA,NA,NA,NA,NA,NA,NA,NA,NA,NA,NA,NA,NA,NA,NA,NA,NA,NA,NA,NA,NA,NA,NA,NA,NA,NA,NA,NA,NA,NA,NA,NA,NA
Peru,2021,COE,auction,NA,https://allianceforcoffeeexcellence.org/peru-2021/,2,11,NA,NA,NA,NA,87.72,success,NA,NA,NA,$15.30,"$8,557.44",NA,NA,NA,NA,NA,Kukipata Belen,NA,NA,559.31,SkyTop Coffee,NA,NA,NA,NA,NA,NA,NA,NA,NA,NA,NA,NA,NA,NA,NA,NA,NA,NA,NA,NA,NA,NA,NA,NA,NA,NA,NA,NA,NA,NA,NA,NA,NA,NA,NA,NA,NA,NA,NA,NA,NA,NA,NA,NA,NA,NA,NA,NA,NA,NA,NA,NA,NA,NA,NA,NA,NA,NA,NA,NA,NA,NA
Peru,2021,COE,auction,NA,https://allianceforcoffeeexcellence.org/peru-2021/,2,12,NA,NA,NA,NA,87.69,success,NA,NA,NA,$11.30,"$6,956.73",NA,NA,NA,NA,NA,El Bosque,NA,NA,615.64,"Wataru & Co., Ltd.",NA,NA,NA,NA,NA,NA,NA,NA,NA,NA,NA,NA,NA,NA,NA,NA,NA,NA,NA,NA,NA,NA,NA,NA,NA,NA,NA,NA,NA,NA,NA,NA,NA,NA,NA,NA,NA,NA,NA,NA,NA,NA,NA,NA,NA,NA,NA,NA,NA,NA,NA,NA,NA,NA,NA,NA,NA,NA,NA,NA,NA,NA
Peru,2021,COE,auction,NA,https://allianceforcoffeeexcellence.org/peru-2021/,2,13,NA,NA,NA,NA,87.64,success,NA,NA,NA,$12.00,"$7,653.60",NA,NA,NA,NA,NA,Las Naranjas,NA,NA,637.8,"UCC Ueshima Coffee Co., Ltd.",NA,NA,NA,NA,NA,NA,NA,NA,NA,NA,NA,NA,NA,NA,NA,NA,NA,NA,NA,NA,NA,NA,NA,NA,NA,NA,NA,NA,NA,NA,NA,NA,NA,NA,NA,NA,NA,NA,NA,NA,NA,NA,NA,NA,NA,NA,NA,NA,NA,NA,NA,NA,NA,NA,NA,NA,NA,NA,NA,NA,NA,NA
Peru,2021,COE,auction,NA,https://allianceforcoffeeexcellence.org/peru-2021/,2,14,NA,NA,NA,NA,87.63,success,NA,NA,NA,$10.90,"$8,490.88",NA,NA,NA,NA,NA,El Aliso Chorro Blanco,NA,NA,778.98,Kyokuto Fadie Corporation,NA,NA,NA,NA,NA,NA,NA,NA,NA,NA,NA,NA,NA,NA,NA,NA,NA,NA,NA,NA,NA,NA,NA,NA,NA,NA,NA,NA,NA,NA,NA,NA,NA,NA,NA,NA,NA,NA,NA,NA,NA,NA,NA,NA,NA,NA,NA,NA,NA,NA,NA,NA,NA,NA,NA,NA,NA,NA,NA,NA,NA,NA
Peru,2021,COE,auction,NA,https://allianceforcoffeeexcellence.org/peru-2021/,2,15,NA,NA,NA,NA,87.63,success,NA,NA,NA,$25.20,"$15,677.93",NA,NA,NA,NA,NA,Alto Cedruyoc,NA,NA,622.14,Wataru for Voila Coffee,NA,NA,NA,NA,NA,NA,NA,NA,NA,NA,NA,NA,NA,NA,NA,NA,NA,NA,NA,NA,NA,NA,NA,NA,NA,NA,NA,NA,NA,NA,NA,NA,NA,NA,NA,NA,NA,NA,NA,NA,NA,NA,NA,NA,NA,NA,NA,NA,NA,NA,NA,NA,NA,NA,NA,NA,NA,NA,NA,NA,NA,NA
Peru,2021,COE,auction,NA,https://allianceforcoffeeexcellence.org/peru-2021/,2,16,NA,NA,NA,NA,87.56,success,NA,NA,NA,$10.10,"$6,515.21",NA,NA,NA,NA,NA,Eco Mario,NA,NA,645.07,"Wataru & Co., Ltd.",NA,NA,NA,NA,NA,NA,NA,NA,NA,NA,NA,NA,NA,NA,NA,NA,NA,NA,NA,NA,NA,NA,NA,NA,NA,NA,NA,NA,NA,NA,NA,NA,NA,NA,NA,NA,NA,NA,NA,NA,NA,NA,NA,NA,NA,NA,NA,NA,NA,NA,NA,NA,NA,NA,NA,NA,NA,NA,NA,NA,NA,NA
Peru,2021,COE,auction,NA,https://allianceforcoffeeexcellence.org/peru-2021/,2,17,NA,NA,NA,NA,87.56,success,NA,NA,NA,$19.30,"$13,349.04",NA,NA,NA,NA,NA,Los Pinos,NA,NA,691.66,Luigi Lavazza S.p.A.,NA,NA,NA,NA,NA,NA,NA,NA,NA,NA,NA,NA,NA,NA,NA,NA,NA,NA,NA,NA,NA,NA,NA,NA,NA,NA,NA,NA,NA,NA,NA,NA,NA,NA,NA,NA,NA,NA,NA,NA,NA,NA,NA,NA,NA,NA,NA,NA,NA,NA,NA,NA,NA,NA,NA,NA,NA,NA,NA,NA,NA,NA
Peru,2021,COE,auction,NA,https://allianceforcoffeeexcellence.org/peru-2021/,2,18,NA,NA,NA,NA,87.56,success,NA,NA,NA,$12.70,"$11,717.40",NA,NA,NA,NA,NA,Sangre de Grado,NA,NA,922.63,Kyokuto Fadie Corporation,NA,NA,NA,NA,NA,NA,NA,NA,NA,NA,NA,NA,NA,NA,NA,NA,NA,NA,NA,NA,NA,NA,NA,NA,NA,NA,NA,NA,NA,NA,NA,NA,NA,NA,NA,NA,NA,NA,NA,NA,NA,NA,NA,NA,NA,NA,NA,NA,NA,NA,NA,NA,NA,NA,NA,NA,NA,NA,NA,NA,NA,NA
Peru,2021,COE,auction,NA,https://allianceforcoffeeexcellence.org/peru-2021/,2,19,NA,NA,NA,NA,87.53,success,NA,NA,NA,$8.50,"$7,789.91",NA,NA,NA,NA,NA,La Chirimolla,NA,NA,916.46,"Wataru & Co., Ltd.",NA,NA,NA,NA,NA,NA,NA,NA,NA,NA,NA,NA,NA,NA,NA,NA,NA,NA,NA,NA,NA,NA,NA,NA,NA,NA,NA,NA,NA,NA,NA,NA,NA,NA,NA,NA,NA,NA,NA,NA,NA,NA,NA,NA,NA,NA,NA,NA,NA,NA,NA,NA,NA,NA,NA,NA,NA,NA,NA,NA,NA,NA
Peru,2021,COE,auction,NA,https://allianceforcoffeeexcellence.org/peru-2021/,2,20,NA,NA,NA,NA,87.33,success,NA,NA,NA,$14.10,"$8,346.35",NA,NA,NA,NA,NA,Basulpata,NA,NA,591.94,Blossom Valley Intl & The Few Coffee & Goods,NA,NA,NA,NA,NA,NA,NA,NA,NA,NA,NA,NA,NA,NA,NA,NA,NA,NA,NA,NA,NA,NA,NA,NA,NA,NA,NA,NA,NA,NA,NA,NA,NA,NA,NA,NA,NA,NA,NA,NA,NA,NA,NA,NA,NA,NA,NA,NA,NA,NA,NA,NA,NA,NA,NA,NA,NA,NA,NA,NA,NA,NA
Peru,2021,COE,auction,NA,https://allianceforcoffeeexcellence.org/peru-2021/,2,21,NA,NA,NA,NA,87.22,success,NA,NA,NA,$10.30,"$16,715.97",NA,NA,NA,NA,NA,El Gringo,NA,NA,"1,622.91","Wataru & Co., Ltd.",NA,NA,NA,NA,NA,NA,NA,NA,NA,NA,NA,NA,NA,NA,NA,NA,NA,NA,NA,NA,NA,NA,NA,NA,NA,NA,NA,NA,NA,NA,NA,NA,NA,NA,NA,NA,NA,NA,NA,NA,NA,NA,NA,NA,NA,NA,NA,NA,NA,NA,NA,NA,NA,NA,NA,NA,NA,NA,NA,NA,NA,NA
Peru,2021,COE,auction,NA,https://allianceforcoffeeexcellence.org/peru-2021/,2,22,NA,NA,NA,NA,87.19,success,NA,NA,NA,$12.10,"$7,402.54",NA,NA,NA,NA,NA,Osopen,NA,NA,611.78,"Wataru & Co., Ltd.",NA,NA,NA,NA,NA,NA,NA,NA,NA,NA,NA,NA,NA,NA,NA,NA,NA,NA,NA,NA,NA,NA,NA,NA,NA,NA,NA,NA,NA,NA,NA,NA,NA,NA,NA,NA,NA,NA,NA,NA,NA,NA,NA,NA,NA,NA,NA,NA,NA,NA,NA,NA,NA,NA,NA,NA,NA,NA,NA,NA,NA,NA
Peru,2021,COE,auction,NA,https://allianceforcoffeeexcellence.org/peru-2021/,2,23,NA,NA,NA,NA,87.19,success,NA,NA,NA,$15.30,"$8,350.74",NA,NA,NA,NA,NA,La Chirimoya,NA,NA,545.8,Falcon Coffees,NA,NA,NA,NA,NA,NA,NA,NA,NA,NA,NA,NA,NA,NA,NA,NA,NA,NA,NA,NA,NA,NA,NA,NA,NA,NA,NA,NA,NA,NA,NA,NA,NA,NA,NA,NA,NA,NA,NA,NA,NA,NA,NA,NA,NA,NA,NA,NA,NA,NA,NA,NA,NA,NA,NA,NA,NA,NA,NA,NA,NA,NA
Peru,2021,COE,auction,NA,https://allianceforcoffeeexcellence.org/peru-2021/,2,24,NA,NA,NA,NA,87.09,success,NA,NA,NA,$15.40,"$10,045.11",NA,NA,NA,NA,NA,La Naranja,NA,NA,652.28,Falcon Coffees,NA,NA,NA,NA,NA,NA,NA,NA,NA,NA,NA,NA,NA,NA,NA,NA,NA,NA,NA,NA,NA,NA,NA,NA,NA,NA,NA,NA,NA,NA,NA,NA,NA,NA,NA,NA,NA,NA,NA,NA,NA,NA,NA,NA,NA,NA,NA,NA,NA,NA,NA,NA,NA,NA,NA,NA,NA,NA,NA,NA,NA,NA
Peru,2021,COE,auction,NA,https://allianceforcoffeeexcellence.org/peru-2021/,2,Totals:,NA,NA,NA,NA,,success,NA,NA,NA,$18.48/lb,"$330,684.35",NA,NA,NA,NA,NA,,NA,NA,17893.39,,NA,NA,NA,NA,NA,NA,NA,NA,NA,NA,NA,NA,NA,NA,NA,NA,NA,NA,NA,NA,NA,NA,NA,NA,NA,NA,NA,NA,NA,NA,NA,NA,NA,NA,NA,NA,NA,NA,NA,NA,NA,NA,NA,NA,NA,NA,NA,NA,NA,NA,NA,NA,NA,NA,NA,NA,NA,NA,NA,NA,NA,NA
Peru,2021,NW,auction,NA,https://allianceforcoffeeexcellence.org/peru-2021/,4,NW,NA,NA,NA,NA,86.63,success,NA,NA,NA,$7.30,"$3,955.87",NA,NA,NA,NA,NA,El Guargar,NA,NA,541.9,"Linking Coffee Co., Ltd.",NA,NA,NA,NA,NA,NA,NA,NA,NA,NA,NA,NA,NA,NA,NA,NA,NA,NA,NA,NA,NA,NA,NA,NA,NA,NA,NA,NA,NA,NA,NA,NA,NA,NA,NA,NA,NA,NA,NA,NA,NA,NA,NA,NA,NA,NA,NA,NA,NA,NA,NA,NA,NA,NA,NA,NA,NA,NA,NA,NA,NA,NA
Peru,2021,NW,auction,NA,https://allianceforcoffeeexcellence.org/peru-2021/,4,NW,NA,NA,NA,NA,86.56,success,NA,NA,NA,$8.10,"$4,721.90",NA,NA,NA,NA,NA,Basulpata,NA,NA,582.95,NOZY COFFEE,NA,NA,NA,NA,NA,NA,NA,NA,NA,NA,NA,NA,NA,NA,NA,NA,NA,NA,NA,NA,NA,NA,NA,NA,NA,NA,NA,NA,NA,NA,NA,NA,NA,NA,NA,NA,NA,NA,NA,NA,NA,NA,NA,NA,NA,NA,NA,NA,NA,NA,NA,NA,NA,NA,NA,NA,NA,NA,NA,NA,NA,NA
Peru,2021,NW,auction,NA,https://allianceforcoffeeexcellence.org/peru-2021/,4,NW,NA,NA,NA,NA,86.38,success,NA,NA,NA,$6.40,"$4,067.78",NA,NA,NA,NA,NA,Perlamayo,NA,NA,635.59,NOZY COFFEE,NA,NA,NA,NA,NA,NA,NA,NA,NA,NA,NA,NA,NA,NA,NA,NA,NA,NA,NA,NA,NA,NA,NA,NA,NA,NA,NA,NA,NA,NA,NA,NA,NA,NA,NA,NA,NA,NA,NA,NA,NA,NA,NA,NA,NA,NA,NA,NA,NA,NA,NA,NA,NA,NA,NA,NA,NA,NA,NA,NA,NA,NA
Peru,2021,NW,auction,NA,https://allianceforcoffeeexcellence.org/peru-2021/,4,NW,NA,NA,NA,NA,85.97,success,NA,NA,NA,$7.20,"$4,285.80",NA,NA,NA,NA,NA,El Mirador,NA,NA,595.25,NOZY COFFEE,NA,NA,NA,NA,NA,NA,NA,NA,NA,NA,NA,NA,NA,NA,NA,NA,NA,NA,NA,NA,NA,NA,NA,NA,NA,NA,NA,NA,NA,NA,NA,NA,NA,NA,NA,NA,NA,NA,NA,NA,NA,NA,NA,NA,NA,NA,NA,NA,NA,NA,NA,NA,NA,NA,NA,NA,NA,NA,NA,NA,NA,NA
Peru,2021,NW,auction,NA,https://allianceforcoffeeexcellence.org/peru-2021/,4,NW,NA,NA,NA,NA,85.94,success,NA,NA,NA,$8.10,"$5,242.97",NA,NA,NA,NA,NA,Walalachi,NA,NA,647.28,"Linking Coffee Co., Ltd.",NA,NA,NA,NA,NA,NA,NA,NA,NA,NA,NA,NA,NA,NA,NA,NA,NA,NA,NA,NA,NA,NA,NA,NA,NA,NA,NA,NA,NA,NA,NA,NA,NA,NA,NA,NA,NA,NA,NA,NA,NA,NA,NA,NA,NA,NA,NA,NA,NA,NA,NA,NA,NA,NA,NA,NA,NA,NA,NA,NA,NA,NA
Peru,2021,NW,auction,NA,https://allianceforcoffeeexcellence.org/peru-2021/,4,NW,NA,NA,NA,NA,85.72,success,NA,NA,NA,$5.90,"$4,255.97",NA,NA,NA,NA,NA,El Romerillo,NA,NA,721.35,"Linking Coffee Co., Ltd.",NA,NA,NA,NA,NA,NA,NA,NA,NA,NA,NA,NA,NA,NA,NA,NA,NA,NA,NA,NA,NA,NA,NA,NA,NA,NA,NA,NA,NA,NA,NA,NA,NA,NA,NA,NA,NA,NA,NA,NA,NA,NA,NA,NA,NA,NA,NA,NA,NA,NA,NA,NA,NA,NA,NA,NA,NA,NA,NA,NA,NA,NA
Peru,2021,NW,auction,NA,https://allianceforcoffeeexcellence.org/peru-2021/,4,NW,NA,NA,NA,NA,85.09,success,NA,NA,NA,$6.20,"$3,690.55",NA,NA,NA,NA,NA,Muñayoc,NA,NA,595.25,Bokkum & GIL coffee Roasters,NA,NA,NA,NA,NA,NA,NA,NA,NA,NA,NA,NA,NA,NA,NA,NA,NA,NA,NA,NA,NA,NA,NA,NA,NA,NA,NA,NA,NA,NA,NA,NA,NA,NA,NA,NA,NA,NA,NA,NA,NA,NA,NA,NA,NA,NA,NA,NA,NA,NA,NA,NA,NA,NA,NA,NA,NA,NA,NA,NA,NA,NA
Peru,2021,NW,auction,NA,https://allianceforcoffeeexcellence.org/peru-2021/,4,NW,NA,NA,NA,NA,Totals:,success,NA,NA,NA,$7.00,"$30,220.84",NA,NA,NA,NA,NA,,NA,NA,"4,319.57",,NA,NA,NA,NA,NA,NA,NA,NA,NA,NA,NA,NA,NA,NA,NA,NA,NA,NA,NA,NA,NA,NA,NA,NA,NA,NA,NA,NA,NA,NA,NA,NA,NA,NA,NA,NA,NA,NA,NA,NA,NA,NA,NA,NA,NA,NA,NA,NA,NA,NA,NA,NA,NA,NA,NA,NA,NA,NA,NA,NA,NA,NA
Peru,2022,COE,auction,NA,https://allianceforcoffeeexcellence.org/peru-2022/,2,1a,NA,NA,NA,NA,90.39,success,NA,NA,NA,NA,"$27,282.00",NA,NA,NA,NA,NA,NA,NA,NA,"363,76",NA,LA BOLA,$75.00,"AROMA GROUP, 1:2 Coffee Company,
Drippin Coffee Roasters,Drippin Coffee Roasters, Vela Ethan International Co., Ltd.",Thailand,NA,NA,NA,NA,NA,NA,NA,NA,NA,NA,NA,NA,NA,NA,NA,NA,NA,NA,NA,NA,NA,NA,NA,NA,NA,NA,NA,NA,NA,NA,NA,NA,NA,NA,NA,NA,NA,NA,NA,NA,NA,NA,NA,NA,NA,NA,NA,NA,NA,NA,NA,NA,NA,NA,NA,NA,NA,NA
Peru,2022,COE,auction,NA,https://allianceforcoffeeexcellence.org/peru-2022/,2,1b,NA,NA,NA,NA,90.39,success,NA,NA,NA,NA,"$20,767.18",NA,NA,NA,NA,NA,NA,NA,NA,"264,55",NA,LA BOLA,$78.50,Snow Beans Coffee,Japan,NA,NA,NA,NA,NA,NA,NA,NA,NA,NA,NA,NA,NA,NA,NA,NA,NA,NA,NA,NA,NA,NA,NA,NA,NA,NA,NA,NA,NA,NA,NA,NA,NA,NA,NA,NA,NA,NA,NA,NA,NA,NA,NA,NA,NA,NA,NA,NA,NA,NA,NA,NA,NA,NA,NA,NA,NA,NA
Peru,2022,COE,auction,NA,https://allianceforcoffeeexcellence.org/peru-2022/,2,2a,NA,NA,NA,NA,90.25,success,NA,NA,NA,NA,"$11,602.46",NA,NA,NA,NA,NA,NA,NA,NA,"381,66",NA,SAN SEBASTIAN,$30.40,Orsir Coffee and TRN( Taiwan Roasters Network),Taiwan,NA,NA,NA,NA,NA,NA,NA,NA,NA,NA,NA,NA,NA,NA,NA,NA,NA,NA,NA,NA,NA,NA,NA,NA,NA,NA,NA,NA,NA,NA,NA,NA,NA,NA,NA,NA,NA,NA,NA,NA,NA,NA,NA,NA,NA,NA,NA,NA,NA,NA,NA,NA,NA,NA,NA,NA,NA,NA
Peru,2022,COE,auction,NA,https://allianceforcoffeeexcellence.org/peru-2022/,2,2b,NA,NA,NA,NA,90.25,success,NA,NA,NA,NA,"$8,015.56",NA,NA,NA,NA,NA,NA,NA,NA,"264,55",NA,SAN SEBASTIAN,$30.30,Coffee Libre,South Korea,NA,NA,NA,NA,NA,NA,NA,NA,NA,NA,NA,NA,NA,NA,NA,NA,NA,NA,NA,NA,NA,NA,NA,NA,NA,NA,NA,NA,NA,NA,NA,NA,NA,NA,NA,NA,NA,NA,NA,NA,NA,NA,NA,NA,NA,NA,NA,NA,NA,NA,NA,NA,NA,NA,NA,NA,NA,NA
Peru,2022,COE,auction,NA,https://allianceforcoffeeexcellence.org/peru-2022/,2,3a,NA,NA,NA,NA,90,success,NA,NA,NA,NA,"$9,214.51",NA,NA,NA,NA,NA,NA,NA,NA,"306,13",NA,EL CERRO,$30.10,YN coffee,USA,NA,NA,NA,NA,NA,NA,NA,NA,NA,NA,NA,NA,NA,NA,NA,NA,NA,NA,NA,NA,NA,NA,NA,NA,NA,NA,NA,NA,NA,NA,NA,NA,NA,NA,NA,NA,NA,NA,NA,NA,NA,NA,NA,NA,NA,NA,NA,NA,NA,NA,NA,NA,NA,NA,NA,NA,NA,NA
Peru,2022,COE,auction,NA,https://allianceforcoffeeexcellence.org/peru-2022/,2,3b,NA,NA,NA,NA,90,success,NA,NA,NA,NA,"$8,333.33",NA,NA,NA,NA,NA,NA,NA,NA,"264,55",NA,EL CERRO,$31.50,"AROMA GROUP,1:2 Coffee Company, Drippin Coffee Roasters, Vela Ethan International Co., Ltd.",Thailand,NA,NA,NA,NA,NA,NA,NA,NA,NA,NA,NA,NA,NA,NA,NA,NA,NA,NA,NA,NA,NA,NA,NA,NA,NA,NA,NA,NA,NA,NA,NA,NA,NA,NA,NA,NA,NA,NA,NA,NA,NA,NA,NA,NA,NA,NA,NA,NA,NA,NA,NA,NA,NA,NA,NA,NA,NA,NA
Peru,2022,COE,auction,NA,https://allianceforcoffeeexcellence.org/peru-2022/,2,4,NA,NA,NA,NA,89.8,success,NA,NA,NA,NA,"$9,464.48",NA,NA,NA,NA,NA,NA,NA,NA,"595,25",NA,CHIRILOMA,$15.90,"NANJING ECO FARM TRADING CO., LTD. / Cut Hand Group (剁手咖啡群) / Kinglo Coffee（轻乐咖）/ 有容乃大Small Arms Big Heart / Title coffee / 啟程拓殖 TerraformCoffee / KOMENCU Coffee(广州启程)",China,NA,NA,NA,NA,NA,NA,NA,NA,NA,NA,NA,NA,NA,NA,NA,NA,NA,NA,NA,NA,NA,NA,NA,NA,NA,NA,NA,NA,NA,NA,NA,NA,NA,NA,NA,NA,NA,NA,NA,NA,NA,NA,NA,NA,NA,NA,NA,NA,NA,NA,NA,NA,NA,NA,NA,NA,NA,NA
Peru,2022,COE,auction,NA,https://allianceforcoffeeexcellence.org/peru-2022/,2,5,NA,NA,NA,NA,89.66,success,NA,NA,NA,NA,"$8,012.03",NA,NA,NA,NA,NA,NA,NA,NA,"584,82",NA,FUNDO PUQUIOPATA,$13.70,terarosa,South Korea,NA,NA,NA,NA,NA,NA,NA,NA,NA,NA,NA,NA,NA,NA,NA,NA,NA,NA,NA,NA,NA,NA,NA,NA,NA,NA,NA,NA,NA,NA,NA,NA,NA,NA,NA,NA,NA,NA,NA,NA,NA,NA,NA,NA,NA,NA,NA,NA,NA,NA,NA,NA,NA,NA,NA,NA,NA,NA
Peru,2022,COE,auction,NA,https://allianceforcoffeeexcellence.org/peru-2022/,2,6,NA,NA,NA,NA,89.46,success,NA,NA,NA,NA,"$12,872.45",NA,NA,NA,NA,NA,NA,NA,NA,"637,25",NA,BELLO HORIZONTE,$20.20,"Songdo Coffee(South Korea), Studio Caffeine(Hong Kong), WAVY COFFEE ROASTERS(Japan), Big Black Box(Thailand), Bean & Bean(USA)",South Korea,NA,NA,NA,NA,NA,NA,NA,NA,NA,NA,NA,NA,NA,NA,NA,NA,NA,NA,NA,NA,NA,NA,NA,NA,NA,NA,NA,NA,NA,NA,NA,NA,NA,NA,NA,NA,NA,NA,NA,NA,NA,NA,NA,NA,NA,NA,NA,NA,NA,NA,NA,NA,NA,NA,NA,NA,NA,NA
Peru,2022,COE,auction,NA,https://allianceforcoffeeexcellence.org/peru-2022/,2,7,NA,NA,NA,NA,89.3,success,NA,NA,NA,NA,"$7,101.48",NA,NA,NA,NA,NA,NA,NA,NA,"591,79",NA,ALTO MORERILLO,$12.00,"Wataru & Co., Ltd.",Japan,NA,NA,NA,NA,NA,NA,NA,NA,NA,NA,NA,NA,NA,NA,NA,NA,NA,NA,NA,NA,NA,NA,NA,NA,NA,NA,NA,NA,NA,NA,NA,NA,NA,NA,NA,NA,NA,NA,NA,NA,NA,NA,NA,NA,NA,NA,NA,NA,NA,NA,NA,NA,NA,NA,NA,NA,NA,NA
Peru,2022,COE,auction,NA,https://allianceforcoffeeexcellence.org/peru-2022/,2,8,NA,NA,NA,NA,89.02,success,NA,NA,NA,NA,"$12,761.96",NA,NA,NA,NA,NA,NA,NA,NA,"631,78",NA,NUEVO PROGRESO,$20.20,"Coffee Montage, coffeeTemple, rbhcoffee, FEBRUARY ROASTERS, 502 Coffee Roasters, DeepBlueLake
, COFFEE PLACE, HYANGMISA, No Doubt",South Korea,NA,NA,NA,NA,NA,NA,NA,NA,NA,NA,NA,NA,NA,NA,NA,NA,NA,NA,NA,NA,NA,NA,NA,NA,NA,NA,NA,NA,NA,NA,NA,NA,NA,NA,NA,NA,NA,NA,NA,NA,NA,NA,NA,NA,NA,NA,NA,NA,NA,NA,NA,NA,NA,NA,NA,NA,NA,NA
Peru,2022,COE,auction,NA,https://allianceforcoffeeexcellence.org/peru-2022/,2,9,NA,NA,NA,NA,88.89,success,NA,NA,NA,NA,"$9,285.90",NA,NA,NA,NA,NA,NA,NA,NA,"595,25",NA,SILLAPATA,$15.60,Linking Coffee,Taiwan,NA,NA,NA,NA,NA,NA,NA,NA,NA,NA,NA,NA,NA,NA,NA,NA,NA,NA,NA,NA,NA,NA,NA,NA,NA,NA,NA,NA,NA,NA,NA,NA,NA,NA,NA,NA,NA,NA,NA,NA,NA,NA,NA,NA,NA,NA,NA,NA,NA,NA,NA,NA,NA,NA,NA,NA,NA,NA
Peru,2022,COE,auction,NA,https://allianceforcoffeeexcellence.org/peru-2022/,2,10,NA,NA,NA,NA,88.48,success,NA,NA,NA,NA,"$8,400.73",NA,NA,NA,NA,NA,NA,NA,NA,"556,34",NA,PALTOS A,$15.10,Orsir Coffee and TRN( Taiwan Roasters Network),Taiwan,NA,NA,NA,NA,NA,NA,NA,NA,NA,NA,NA,NA,NA,NA,NA,NA,NA,NA,NA,NA,NA,NA,NA,NA,NA,NA,NA,NA,NA,NA,NA,NA,NA,NA,NA,NA,NA,NA,NA,NA,NA,NA,NA,NA,NA,NA,NA,NA,NA,NA,NA,NA,NA,NA,NA,NA,NA,NA
Peru,2022,COE,auction,NA,https://allianceforcoffeeexcellence.org/peru-2022/,2,11,NA,NA,NA,NA,88.13,success,NA,NA,NA,NA,"$8,988.28",NA,NA,NA,NA,NA,NA,NA,NA,"595,25",NA,CEDRUYOC,$15.10,M.I.Coffee Corporation,South Korea,NA,NA,NA,NA,NA,NA,NA,NA,NA,NA,NA,NA,NA,NA,NA,NA,NA,NA,NA,NA,NA,NA,NA,NA,NA,NA,NA,NA,NA,NA,NA,NA,NA,NA,NA,NA,NA,NA,NA,NA,NA,NA,NA,NA,NA,NA,NA,NA,NA,NA,NA,NA,NA,NA,NA,NA,NA,NA
Peru,2022,COE,auction,NA,https://allianceforcoffeeexcellence.org/peru-2022/,2,12,NA,NA,NA,NA,88.08,success,NA,NA,NA,NA,"$9,328.80",NA,NA,NA,NA,NA,NA,NA,NA,"621,92",NA,LA MARAGARITA COFFEE RESERVE,$15.00,"AROMA GROUP, 1:2 Coffee Company, Drippin Coffee Roasters",Thailand,NA,NA,NA,NA,NA,NA,NA,NA,NA,NA,NA,NA,NA,NA,NA,NA,NA,NA,NA,NA,NA,NA,NA,NA,NA,NA,NA,NA,NA,NA,NA,NA,NA,NA,NA,NA,NA,NA,NA,NA,NA,NA,NA,NA,NA,NA,NA,NA,NA,NA,NA,NA,NA,NA,NA,NA,NA,NA
Peru,2022,COE,auction,NA,https://allianceforcoffeeexcellence.org/peru-2022/,2,13,NA,NA,NA,NA,88.08,success,NA,NA,NA,NA,"$9,551.70",NA,NA,NA,NA,NA,NA,NA,NA,"636,78",NA,SANTA MONICA,$15.00,Urth Caffe,USA,NA,NA,NA,NA,NA,NA,NA,NA,NA,NA,NA,NA,NA,NA,NA,NA,NA,NA,NA,NA,NA,NA,NA,NA,NA,NA,NA,NA,NA,NA,NA,NA,NA,NA,NA,NA,NA,NA,NA,NA,NA,NA,NA,NA,NA,NA,NA,NA,NA,NA,NA,NA,NA,NA,NA,NA,NA,NA
Peru,2022,COE,auction,NA,https://allianceforcoffeeexcellence.org/peru-2022/,2,14,NA,NA,NA,NA,88,success,NA,NA,NA,NA,"$8,408.54",NA,NA,NA,NA,NA,NA,NA,NA,"706,60",NA,LA PALMA,$11.90,Caffeinelab Coffee Roasters,Saudi Arabia,NA,NA,NA,NA,NA,NA,NA,NA,NA,NA,NA,NA,NA,NA,NA,NA,NA,NA,NA,NA,NA,NA,NA,NA,NA,NA,NA,NA,NA,NA,NA,NA,NA,NA,NA,NA,NA,NA,NA,NA,NA,NA,NA,NA,NA,NA,NA,NA,NA,NA,NA,NA,NA,NA,NA,NA,NA,NA
Peru,2022,COE,auction,NA,https://allianceforcoffeeexcellence.org/peru-2022/,2,15,NA,NA,NA,NA,88,success,NA,NA,NA,NA,"$7,295.83",NA,NA,NA,NA,NA,NA,NA,NA,"675,54",NA,LA PALMA,$10.80,"Wataru & Co., Ltd.",Japan,NA,NA,NA,NA,NA,NA,NA,NA,NA,NA,NA,NA,NA,NA,NA,NA,NA,NA,NA,NA,NA,NA,NA,NA,NA,NA,NA,NA,NA,NA,NA,NA,NA,NA,NA,NA,NA,NA,NA,NA,NA,NA,NA,NA,NA,NA,NA,NA,NA,NA,NA,NA,NA,NA,NA,NA,NA,NA
Peru,2022,COE,auction,NA,https://allianceforcoffeeexcellence.org/peru-2022/,2,16,NA,NA,NA,NA,87.77,success,NA,NA,NA,NA,"$6,862.13",NA,NA,NA,NA,NA,NA,NA,NA,"618,22",NA,LA BERENJENA,$11.10,"Wataru & Co., Ltd.",Japan,NA,NA,NA,NA,NA,NA,NA,NA,NA,NA,NA,NA,NA,NA,NA,NA,NA,NA,NA,NA,NA,NA,NA,NA,NA,NA,NA,NA,NA,NA,NA,NA,NA,NA,NA,NA,NA,NA,NA,NA,NA,NA,NA,NA,NA,NA,NA,NA,NA,NA,NA,NA,NA,NA,NA,NA,NA,NA
Peru,2022,COE,auction,NA,https://allianceforcoffeeexcellence.org/peru-2022/,2,17,NA,NA,NA,NA,87.6,success,NA,NA,NA,NA,"$7,083.48",NA,NA,NA,NA,NA,NA,NA,NA,595.25,NA,EXPERIMENTAL CANDELARIA,$11.90,NOZY COFFEE,Japan,NA,NA,NA,NA,NA,NA,NA,NA,NA,NA,NA,NA,NA,NA,NA,NA,NA,NA,NA,NA,NA,NA,NA,NA,NA,NA,NA,NA,NA,NA,NA,NA,NA,NA,NA,NA,NA,NA,NA,NA,NA,NA,NA,NA,NA,NA,NA,NA,NA,NA,NA,NA,NA,NA,NA,NA,NA,NA
Peru,2022,COE,auction,NA,https://allianceforcoffeeexcellence.org/peru-2022/,2,18,NA,NA,NA,NA,87.5,success,NA,NA,NA,NA,"$8,500.99",NA,NA,NA,NA,NA,NA,NA,NA,"620,51",NA,SANTA MONICA,$13.70,NOZY COFFEE,Japan,NA,NA,NA,NA,NA,NA,NA,NA,NA,NA,NA,NA,NA,NA,NA,NA,NA,NA,NA,NA,NA,NA,NA,NA,NA,NA,NA,NA,NA,NA,NA,NA,NA,NA,NA,NA,NA,NA,NA,NA,NA,NA,NA,NA,NA,NA,NA,NA,NA,NA,NA,NA,NA,NA,NA,NA,NA,NA
Peru,2022,COE,auction,NA,https://allianceforcoffeeexcellence.org/peru-2022/,2,19,NA,NA,NA,NA,87.5,success,NA,NA,NA,NA,"$7,979.83",NA,NA,NA,NA,NA,NA,NA,NA,"659,49",NA,LAS ETIOPES,$12.10,KAFFEBRENNERIET AS,Norway,NA,NA,NA,NA,NA,NA,NA,NA,NA,NA,NA,NA,NA,NA,NA,NA,NA,NA,NA,NA,NA,NA,NA,NA,NA,NA,NA,NA,NA,NA,NA,NA,NA,NA,NA,NA,NA,NA,NA,NA,NA,NA,NA,NA,NA,NA,NA,NA,NA,NA,NA,NA,NA,NA,NA,NA,NA,NA
Peru,2022,COE,auction,NA,https://allianceforcoffeeexcellence.org/peru-2022/,2,20,NA,NA,NA,NA,87.5,success,NA,NA,NA,NA,"$9,405.96",NA,NA,NA,NA,NA,NA,NA,NA,"783,83",NA,EL JAZMIN,$12.00,Urth Caffe,USA,NA,NA,NA,NA,NA,NA,NA,NA,NA,NA,NA,NA,NA,NA,NA,NA,NA,NA,NA,NA,NA,NA,NA,NA,NA,NA,NA,NA,NA,NA,NA,NA,NA,NA,NA,NA,NA,NA,NA,NA,NA,NA,NA,NA,NA,NA,NA,NA,NA,NA,NA,NA,NA,NA,NA,NA,NA,NA
Peru,2022,COE,auction,NA,https://allianceforcoffeeexcellence.org/peru-2022/,2,21,NA,NA,NA,NA,87.42,success,NA,NA,NA,NA,"$8,694.88",NA,NA,NA,NA,NA,NA,NA,NA,"575,82",NA,EL CEDRO,$15.10,"Saerin co.,Ltd(MGPG)",South Korea,NA,NA,NA,NA,NA,NA,NA,NA,NA,NA,NA,NA,NA,NA,NA,NA,NA,NA,NA,NA,NA,NA,NA,NA,NA,NA,NA,NA,NA,NA,NA,NA,NA,NA,NA,NA,NA,NA,NA,NA,NA,NA,NA,NA,NA,NA,NA,NA,NA,NA,NA,NA,NA,NA,NA,NA,NA,NA
Peru,2022,COE,auction,NA,https://allianceforcoffeeexcellence.org/peru-2022/,2,22,NA,NA,NA,NA,87.42,success,NA,NA,NA,NA,"$8,545.38",NA,NA,NA,NA,NA,NA,NA,NA,"706,23",NA,CAMINOS DEL INCA,$12.10,honu加藤珈琲店株式会社,Japan,NA,NA,NA,NA,NA,NA,NA,NA,NA,NA,NA,NA,NA,NA,NA,NA,NA,NA,NA,NA,NA,NA,NA,NA,NA,NA,NA,NA,NA,NA,NA,NA,NA,NA,NA,NA,NA,NA,NA,NA,NA,NA,NA,NA,NA,NA,NA,NA,NA,NA,NA,NA,NA,NA,NA,NA,NA,NA
Peru,2022,COE,auction,NA,https://allianceforcoffeeexcellence.org/peru-2022/,2,23,NA,NA,NA,NA,87.42,success,NA,NA,NA,NA,"$9,185.03",NA,NA,NA,NA,NA,NA,NA,NA,"608,28",NA,LA MARAGARITA COFFEE RESERVE,$15.10,"Wataru & Co., Ltd.",Japan,NA,NA,NA,NA,NA,NA,NA,NA,NA,NA,NA,NA,NA,NA,NA,NA,NA,NA,NA,NA,NA,NA,NA,NA,NA,NA,NA,NA,NA,NA,NA,NA,NA,NA,NA,NA,NA,NA,NA,NA,NA,NA,NA,NA,NA,NA,NA,NA,NA,NA,NA,NA,NA,NA,NA,NA,NA,NA
Peru,2022,COE,auction,NA,https://allianceforcoffeeexcellence.org/peru-2022/,2,24,NA,NA,NA,NA,87.42,success,NA,NA,NA,NA,"$6,213.50",NA,NA,NA,NA,NA,NA,NA,NA,"411,49",NA,LA NARANJA,$15.10,Wataru for Voila Coffee,Japan,NA,NA,NA,NA,NA,NA,NA,NA,NA,NA,NA,NA,NA,NA,NA,NA,NA,NA,NA,NA,NA,NA,NA,NA,NA,NA,NA,NA,NA,NA,NA,NA,NA,NA,NA,NA,NA,NA,NA,NA,NA,NA,NA,NA,NA,NA,NA,NA,NA,NA,NA,NA,NA,NA,NA,NA,NA,NA
Peru,2022,COE,auction,NA,https://allianceforcoffeeexcellence.org/peru-2022/,2,25,NA,NA,NA,NA,87.38,success,NA,NA,NA,NA,"$7,202.53",NA,NA,NA,NA,NA,NA,NA,NA,"595,25",NA,SAN CARLOS,$12.10,NOZY COFFEE,Japan,NA,NA,NA,NA,NA,NA,NA,NA,NA,NA,NA,NA,NA,NA,NA,NA,NA,NA,NA,NA,NA,NA,NA,NA,NA,NA,NA,NA,NA,NA,NA,NA,NA,NA,NA,NA,NA,NA,NA,NA,NA,NA,NA,NA,NA,NA,NA,NA,NA,NA,NA,NA,NA,NA,NA,NA,NA,NA
Peru,2022,COE,auction,NA,https://allianceforcoffeeexcellence.org/peru-2022/,2,26,NA,NA,NA,NA,87.31,success,NA,NA,NA,NA,"$7,681.68",NA,NA,NA,NA,NA,NA,NA,NA,"619,50",NA,NUEVA ZELANDIA,$12.40,Linking Coffee,Taiwan,NA,NA,NA,NA,NA,NA,NA,NA,NA,NA,NA,NA,NA,NA,NA,NA,NA,NA,NA,NA,NA,NA,NA,NA,NA,NA,NA,NA,NA,NA,NA,NA,NA,NA,NA,NA,NA,NA,NA,NA,NA,NA,NA,NA,NA,NA,NA,NA,NA,NA,NA,NA,NA,NA,NA,NA,NA,NA
Peru,2022,COE,auction,NA,https://allianceforcoffeeexcellence.org/peru-2022/,2,27,NA,NA,NA,NA,87.17,success,NA,NA,NA,NA,"$6,402.11",NA,NA,NA,NA,NA,NA,NA,NA,"529,11",NA,EL ZAPOTE,$12.10,Campos Coffee,Australia,NA,NA,NA,NA,NA,NA,NA,NA,NA,NA,NA,NA,NA,NA,NA,NA,NA,NA,NA,NA,NA,NA,NA,NA,NA,NA,NA,NA,NA,NA,NA,NA,NA,NA,NA,NA,NA,NA,NA,NA,NA,NA,NA,NA,NA,NA,NA,NA,NA,NA,NA,NA,NA,NA,NA,NA,NA,NA
Peru,2022,COE,auction,NA,https://allianceforcoffeeexcellence.org/peru-2022/,2,28,NA,NA,NA,NA,87.12,success,NA,NA,NA,NA,"$5,595.21",NA,NA,NA,NA,NA,NA,NA,NA,"621,70",NA,FINCA EL MORITO S.R.L,$9.00,"Wataru & Co., Ltd.",Japan,NA,NA,NA,NA,NA,NA,NA,NA,NA,NA,NA,NA,NA,NA,NA,NA,NA,NA,NA,NA,NA,NA,NA,NA,NA,NA,NA,NA,NA,NA,NA,NA,NA,NA,NA,NA,NA,NA,NA,NA,NA,NA,NA,NA,NA,NA,NA,NA,NA,NA,NA,NA,NA,NA,NA,NA,NA,NA
Peru,2022,COE,auction,NA,https://allianceforcoffeeexcellence.org/peru-2022/,2,29,NA,NA,NA,NA,87.04,success,NA,NA,NA,NA,"$7,464.97",NA,NA,NA,NA,NA,NA,NA,NA,"616,94",NA,PROGRESO,$12.10,Kyokuto Fadie Corporation,Japan,NA,NA,NA,NA,NA,NA,NA,NA,NA,NA,NA,NA,NA,NA,NA,NA,NA,NA,NA,NA,NA,NA,NA,NA,NA,NA,NA,NA,NA,NA,NA,NA,NA,NA,NA,NA,NA,NA,NA,NA,NA,NA,NA,NA,NA,NA,NA,NA,NA,NA,NA,NA,NA,NA,NA,NA,NA,NA
Peru,2022,COE,auction,NA,https://allianceforcoffeeexcellence.org/peru-2022/,2,Totals:,NA,NA,NA,NA,,success,NA,NA,NA,NA,"Total Auction Value
$303,504.90",NA,NA,NA,NA,NA,NA,NA,NA,595.25,NA,,"Auction Average $/Lb
$19.76",,,NA,NA,NA,NA,NA,NA,NA,NA,NA,NA,NA,NA,NA,NA,NA,NA,NA,NA,NA,NA,NA,NA,NA,NA,NA,NA,NA,NA,NA,NA,NA,NA,NA,NA,NA,NA,NA,NA,NA,NA,NA,NA,NA,NA,NA,NA,NA,NA,NA,NA,NA,NA,NA,NA,NA,NA,NA,NA
Peru,2023,COE,auction,NA,https://allianceforcoffeeexcellence.org/peru-2023/,2,1a,NA,NA,NA,NA,90.74,success,NA,NA,NA,NA,"$26,521.34",NA,NA,NA,NA,NA,Alto Mirador,NA,NA,330.69,NA,NA,NA,NA,NA,NA,NA,$80.20,NA,NA,"KALDI COFFEE FARM (CAMEL COFFEE CO.,LTD.)",NA,NA,NA,NA,NA,NA,NA,NA,NA,NA,NA,NA,NA,NA,NA,NA,NA,NA,NA,NA,NA,NA,NA,NA,NA,NA,NA,NA,NA,NA,NA,NA,NA,NA,NA,NA,NA,NA,NA,NA,NA,NA,NA,NA,NA,NA,NA,Japan,NA,NA,NA,NA
Peru,2023,COE,auction,NA,https://allianceforcoffeeexcellence.org/peru-2023/,2,1b,NA,NA,NA,NA,90.74,success,NA,NA,NA,NA,"$26,301.46",NA,NA,NA,NA,NA,Alto Mirador,NA,NA,327.54,NA,NA,NA,NA,NA,NA,NA,$80.30,NA,NA,"KALDI COFFEE FARM (CAMEL COFFEE CO.,LTD.)",NA,NA,NA,NA,NA,NA,NA,NA,NA,NA,NA,NA,NA,NA,NA,NA,NA,NA,NA,NA,NA,NA,NA,NA,NA,NA,NA,NA,NA,NA,NA,NA,NA,NA,NA,NA,NA,NA,NA,NA,NA,NA,NA,NA,NA,NA,NA,Japan,NA,NA,NA,NA
Peru,2023,COE,auction,NA,https://allianceforcoffeeexcellence.org/peru-2023/,2,2a,NA,NA,NA,NA,90.68,success,NA,NA,NA,NA,"$17,777.98",NA,NA,NA,NA,NA,La Lucuma,NA,NA,396.83,NA,NA,NA,NA,NA,NA,NA,$44.80,NA,NA,"Cultivar Coffees, Kawa Coffee",NA,NA,NA,NA,NA,NA,NA,NA,NA,NA,NA,NA,NA,NA,NA,NA,NA,NA,NA,NA,NA,NA,NA,NA,NA,NA,NA,NA,NA,NA,NA,NA,NA,NA,NA,NA,NA,NA,NA,NA,NA,NA,NA,NA,NA,NA,NA,The Netherlands,NA,NA,NA,NA
Peru,2023,COE,auction,NA,https://allianceforcoffeeexcellence.org/peru-2023/,2,2b,NA,NA,NA,NA,90.68,success,NA,NA,NA,NA,"$17,144.32",NA,NA,NA,NA,NA,La Lucuma,NA,NA,388.76,NA,NA,NA,NA,NA,NA,NA,$44.10,NA,NA,DECAMERON COFFEE,NA,NA,NA,NA,NA,NA,NA,NA,NA,NA,NA,NA,NA,NA,NA,NA,NA,NA,NA,NA,NA,NA,NA,NA,NA,NA,NA,NA,NA,NA,NA,NA,NA,NA,NA,NA,NA,NA,NA,NA,NA,NA,NA,NA,NA,NA,NA,China,NA,NA,NA,NA
Peru,2023,COE,auction,NA,https://allianceforcoffeeexcellence.org/peru-2023/,2,3a,NA,NA,NA,NA,90.32,success,NA,NA,NA,NA,"$19,874.47",NA,NA,NA,NA,NA,Chiriloma,NA,NA,330.69,NA,NA,NA,NA,NA,NA,NA,$60.10,NA,NA,Kyokuto Fadie Corporation,NA,NA,NA,NA,NA,NA,NA,NA,NA,NA,NA,NA,NA,NA,NA,NA,NA,NA,NA,NA,NA,NA,NA,NA,NA,NA,NA,NA,NA,NA,NA,NA,NA,NA,NA,NA,NA,NA,NA,NA,NA,NA,NA,NA,NA,NA,NA,Japan,NA,NA,NA,NA
Peru,2023,COE,auction,NA,https://allianceforcoffeeexcellence.org/peru-2023/,2,3b,NA,NA,NA,NA,90.32,success,NA,NA,NA,NA,"$17,926.83",NA,NA,NA,NA,NA,Chiriloma,NA,NA,286.60,NA,NA,NA,NA,NA,NA,NA,$62.55,NA,NA,"Snow Beans Coffee, 1:2 Coffee Company, Wavy Coffee",NA,NA,NA,NA,NA,NA,NA,NA,NA,NA,NA,NA,NA,NA,NA,NA,NA,NA,NA,NA,NA,NA,NA,NA,NA,NA,NA,NA,NA,NA,NA,NA,NA,NA,NA,NA,NA,NA,NA,NA,NA,NA,NA,NA,NA,NA,NA,"Japan, Thailand",NA,NA,NA,NA
Peru,2023,COE,auction,NA,https://allianceforcoffeeexcellence.org/peru-2023/,2,4,NA,NA,NA,NA,90.15,success,NA,NA,NA,NA,"$15,119.35",NA,NA,NA,NA,NA,Pedregal,NA,NA,595.25,NA,NA,NA,NA,NA,NA,NA,$25.40,NA,NA,COFFEE COUNTY,NA,NA,NA,NA,NA,NA,NA,NA,NA,NA,NA,NA,NA,NA,NA,NA,NA,NA,NA,NA,NA,NA,NA,NA,NA,NA,NA,NA,NA,NA,NA,NA,NA,NA,NA,NA,NA,NA,NA,NA,NA,NA,NA,NA,NA,NA,NA,Japan,NA,NA,NA,NA
Peru,2023,COE,auction,NA,https://allianceforcoffeeexcellence.org/peru-2023/,2,5,NA,NA,NA,NA,89.62,success,NA,NA,NA,NA,"$11,145.02",NA,NA,NA,NA,NA,Randu,NA,NA,586.58,NA,NA,NA,NA,NA,NA,NA,$19.00,NA,NA,SARUTAHIKO COFFEE,NA,NA,NA,NA,NA,NA,NA,NA,NA,NA,NA,NA,NA,NA,NA,NA,NA,NA,NA,NA,NA,NA,NA,NA,NA,NA,NA,NA,NA,NA,NA,NA,NA,NA,NA,NA,NA,NA,NA,NA,NA,NA,NA,NA,NA,NA,NA,Japan,NA,NA,NA,NA
Peru,2023,COE,auction,NA,https://allianceforcoffeeexcellence.org/peru-2023/,2,6,NA,NA,NA,NA,89.47,success,NA,NA,NA,NA,"$14,613.51",NA,NA,NA,NA,NA,Llactapata,NA,NA,635.37,NA,NA,NA,NA,NA,NA,NA,$23.00,NA,NA,SARUTAHIKO COFFEE,NA,NA,NA,NA,NA,NA,NA,NA,NA,NA,NA,NA,NA,NA,NA,NA,NA,NA,NA,NA,NA,NA,NA,NA,NA,NA,NA,NA,NA,NA,NA,NA,NA,NA,NA,NA,NA,NA,NA,NA,NA,NA,NA,NA,NA,NA,NA,Japan,NA,NA,NA,NA
Peru,2023,COE,auction,NA,https://allianceforcoffeeexcellence.org/peru-2023/,2,7,NA,NA,NA,NA,89.41,success,NA,NA,NA,NA,"$20,238.48",NA,NA,NA,NA,NA,El Pino,NA,NA,1124.36,NA,NA,NA,NA,NA,NA,NA,$18.00,NA,NA,"Dabov Specialty Coffee, Coffee Me Up (Korea), Coffee Therapy (Thailand)",NA,NA,NA,NA,NA,NA,NA,NA,NA,NA,NA,NA,NA,NA,NA,NA,NA,NA,NA,NA,NA,NA,NA,NA,NA,NA,NA,NA,NA,NA,NA,NA,NA,NA,NA,NA,NA,NA,NA,NA,NA,NA,NA,NA,NA,NA,NA,Bulgaria,NA,NA,NA,NA
Peru,2023,COE,auction,NA,https://allianceforcoffeeexcellence.org/peru-2023/,2,8,NA,NA,NA,NA,89.29,success,NA,NA,NA,NA,"$18,421.20",NA,NA,NA,NA,NA,Bello Horizonte,NA,NA,767.55,NA,NA,NA,NA,NA,NA,NA,$24.00,NA,NA,"MUSEO Co., Ltd. / 언더프레셔(핸디엄) / COFFEE HWA ROASTERS / Micro Roaster Union / 월드베스트커피협회(WBCA)",NA,NA,NA,NA,NA,NA,NA,NA,NA,NA,NA,NA,NA,NA,NA,NA,NA,NA,NA,NA,NA,NA,NA,NA,NA,NA,NA,NA,NA,NA,NA,NA,NA,NA,NA,NA,NA,NA,NA,NA,NA,NA,NA,NA,NA,NA,NA,South Korea,NA,NA,NA,NA
Peru,2023,COE,auction,NA,https://allianceforcoffeeexcellence.org/peru-2023/,2,9,NA,NA,NA,NA,89.24,success,NA,NA,NA,NA,"$14,275.40",NA,NA,NA,NA,NA,Nueva Alianza,NA,NA,650.36,NA,NA,NA,NA,NA,NA,NA,$21.95,NA,NA,Onyx Coffee Lab,NA,NA,NA,NA,NA,NA,NA,NA,NA,NA,NA,NA,NA,NA,NA,NA,NA,NA,NA,NA,NA,NA,NA,NA,NA,NA,NA,NA,NA,NA,NA,NA,NA,NA,NA,NA,NA,NA,NA,NA,NA,NA,NA,NA,NA,NA,NA,United States of America,NA,NA,NA,NA
Peru,2023,COE,auction,NA,https://allianceforcoffeeexcellence.org/peru-2023/,2,10,NA,NA,NA,NA,88.94,success,NA,NA,NA,NA,"$9,933.84",NA,NA,NA,NA,NA,Finca Los Santos,NA,NA,657.87,NA,NA,NA,NA,NA,NA,NA,$15.10,NA,NA,治光师 Beam Timer,NA,NA,NA,NA,NA,NA,NA,NA,NA,NA,NA,NA,NA,NA,NA,NA,NA,NA,NA,NA,NA,NA,NA,NA,NA,NA,NA,NA,NA,NA,NA,NA,NA,NA,NA,NA,NA,NA,NA,NA,NA,NA,NA,NA,NA,NA,NA,China,NA,NA,NA,NA
Peru,2023,COE,auction,NA,https://allianceforcoffeeexcellence.org/peru-2023/,2,11,NA,NA,NA,NA,88.59,success,NA,NA,NA,NA,"$10,106.00",NA,NA,NA,NA,NA,Sol Naciente,NA,NA,529.11,NA,NA,NA,NA,NA,NA,NA,$19.10,NA,NA,Pebble Coffee,NA,NA,NA,NA,NA,NA,NA,NA,NA,NA,NA,NA,NA,NA,NA,NA,NA,NA,NA,NA,NA,NA,NA,NA,NA,NA,NA,NA,NA,NA,NA,NA,NA,NA,NA,NA,NA,NA,NA,NA,NA,NA,NA,NA,NA,NA,NA,Taiwan,NA,NA,NA,NA
Peru,2023,COE,auction,NA,https://allianceforcoffeeexcellence.org/peru-2023/,2,12,NA,NA,NA,NA,88.56,success,NA,NA,NA,NA,"$9,259.46",NA,NA,NA,NA,NA,El Colibri,NA,NA,661.39,NA,NA,NA,NA,NA,NA,NA,$14.00,NA,NA,Brew92,NA,NA,NA,NA,NA,NA,NA,NA,NA,NA,NA,NA,NA,NA,NA,NA,NA,NA,NA,NA,NA,NA,NA,NA,NA,NA,NA,NA,NA,NA,NA,NA,NA,NA,NA,NA,NA,NA,NA,NA,NA,NA,NA,NA,NA,NA,NA,Saudi Arabia,NA,NA,NA,NA
Peru,2023,COE,auction,NA,https://allianceforcoffeeexcellence.org/peru-2023/,2,13,NA,NA,NA,NA,88.53,success,NA,NA,NA,NA,"$9,285.60",NA,NA,NA,NA,NA,Alto San Jose,NA,NA,636.00,NA,NA,NA,NA,NA,NA,NA,$14.60,NA,NA,NOZY COFFEE,NA,NA,NA,NA,NA,NA,NA,NA,NA,NA,NA,NA,NA,NA,NA,NA,NA,NA,NA,NA,NA,NA,NA,NA,NA,NA,NA,NA,NA,NA,NA,NA,NA,NA,NA,NA,NA,NA,NA,NA,NA,NA,NA,NA,NA,NA,NA,Japan,NA,NA,NA,NA
Peru,2023,COE,auction,NA,https://allianceforcoffeeexcellence.org/peru-2023/,2,14,NA,NA,NA,NA,88.53,success,NA,NA,NA,NA,"$9,641.24",NA,NA,NA,NA,NA,Miscabamba,NA,NA,577.32,NA,NA,NA,NA,NA,NA,NA,$16.70,NA,NA,SARUTAHIKO COFFEE,NA,NA,NA,NA,NA,NA,NA,NA,NA,NA,NA,NA,NA,NA,NA,NA,NA,NA,NA,NA,NA,NA,NA,NA,NA,NA,NA,NA,NA,NA,NA,NA,NA,NA,NA,NA,NA,NA,NA,NA,NA,NA,NA,NA,NA,NA,NA,Japan,NA,NA,NA,NA
Peru,2023,COE,auction,NA,https://allianceforcoffeeexcellence.org/peru-2023/,2,15,NA,NA,NA,NA,88.47,success,NA,NA,NA,NA,"$9,023.63",NA,NA,NA,NA,NA,Mate,NA,NA,589.78,NA,NA,NA,NA,NA,NA,NA,$15.30,NA,NA,REHM SPECIALTY COFFEE IMPORTERS,NA,NA,NA,NA,NA,NA,NA,NA,NA,NA,NA,NA,NA,NA,NA,NA,NA,NA,NA,NA,NA,NA,NA,NA,NA,NA,NA,NA,NA,NA,NA,NA,NA,NA,NA,NA,NA,NA,NA,NA,NA,NA,NA,NA,NA,NA,NA,Germany,NA,NA,NA,NA
Peru,2023,COE,auction,NA,https://allianceforcoffeeexcellence.org/peru-2023/,2,16,NA,NA,NA,NA,88.29,success,NA,NA,NA,NA,"$8,928.77",NA,NA,NA,NA,NA,Finca Montalvan,NA,NA,661.39,NA,NA,NA,NA,NA,NA,NA,$13.50,NA,NA,"Wataru & Co., Ltd.",NA,NA,NA,NA,NA,NA,NA,NA,NA,NA,NA,NA,NA,NA,NA,NA,NA,NA,NA,NA,NA,NA,NA,NA,NA,NA,NA,NA,NA,NA,NA,NA,NA,NA,NA,NA,NA,NA,NA,NA,NA,NA,NA,NA,NA,NA,NA,Japan,NA,NA,NA,NA
Peru,2023,COE,auction,NA,https://allianceforcoffeeexcellence.org/peru-2023/,2,17,NA,NA,NA,NA,88.18,success,NA,NA,NA,NA,"$9,637.99",NA,NA,NA,NA,NA,La Curva,NA,NA,617.82,NA,NA,NA,NA,NA,NA,NA,$15.60,NA,NA,"Wataru & Co., Ltd.",NA,NA,NA,NA,NA,NA,NA,NA,NA,NA,NA,NA,NA,NA,NA,NA,NA,NA,NA,NA,NA,NA,NA,NA,NA,NA,NA,NA,NA,NA,NA,NA,NA,NA,NA,NA,NA,NA,NA,NA,NA,NA,NA,NA,NA,NA,NA,Japan,NA,NA,NA,NA
Peru,2023,COE,auction,NA,https://allianceforcoffeeexcellence.org/peru-2023/,2,18,NA,NA,NA,NA,88.15,success,NA,NA,NA,NA,"$15,981.62",NA,NA,NA,NA,NA,Artemira,NA,NA,986.52,NA,NA,NA,NA,NA,NA,NA,$16.20,NA,NA,"KALDI COFFEE FARM (CAMEL COFFEE CO.,LTD.)",NA,NA,NA,NA,NA,NA,NA,NA,NA,NA,NA,NA,NA,NA,NA,NA,NA,NA,NA,NA,NA,NA,NA,NA,NA,NA,NA,NA,NA,NA,NA,NA,NA,NA,NA,NA,NA,NA,NA,NA,NA,NA,NA,NA,NA,NA,NA,Japan,NA,NA,NA,NA
Peru,2023,COE,auction,NA,https://allianceforcoffeeexcellence.org/peru-2023/,2,19,NA,NA,NA,NA,88.15,success,NA,NA,NA,NA,"$8,988.28",NA,NA,NA,NA,NA,Puquiopampa,NA,NA,595.25,NA,NA,NA,NA,NA,NA,NA,$15.10,NA,NA,Kyokuto Fadie Corporation,NA,NA,NA,NA,NA,NA,NA,NA,NA,NA,NA,NA,NA,NA,NA,NA,NA,NA,NA,NA,NA,NA,NA,NA,NA,NA,NA,NA,NA,NA,NA,NA,NA,NA,NA,NA,NA,NA,NA,NA,NA,NA,NA,NA,NA,NA,NA,Japan,NA,NA,NA,NA
Peru,2023,COE,auction,NA,https://allianceforcoffeeexcellence.org/peru-2023/,2,20,NA,NA,NA,NA,88.12,success,NA,NA,NA,NA,"$10,223.85",NA,NA,NA,NA,NA,Tranca Amarilluyuq,NA,NA,584.22,NA,NA,NA,NA,NA,NA,NA,$17.50,NA,NA,KAFFEBRENNERIET AS,NA,NA,NA,NA,NA,NA,NA,NA,NA,NA,NA,NA,NA,NA,NA,NA,NA,NA,NA,NA,NA,NA,NA,NA,NA,NA,NA,NA,NA,NA,NA,NA,NA,NA,NA,NA,NA,NA,NA,NA,NA,NA,NA,NA,NA,NA,NA,Norway,NA,NA,NA,NA
Peru,2023,COE,auction,NA,https://allianceforcoffeeexcellence.org/peru-2023/,2,21,NA,NA,NA,NA,87.88,success,NA,NA,NA,NA,"$17,779.55",NA,NA,NA,NA,NA,El Cedro,NA,NA,783.24,NA,NA,NA,NA,NA,NA,NA,$22.70,NA,NA,Sulalat Coffee Trading,NA,NA,NA,NA,NA,NA,NA,NA,NA,NA,NA,NA,NA,NA,NA,NA,NA,NA,NA,NA,NA,NA,NA,NA,NA,NA,NA,NA,NA,NA,NA,NA,NA,NA,NA,NA,NA,NA,NA,NA,NA,NA,NA,NA,NA,NA,NA,Saudi Arabia,NA,NA,NA,NA
Peru,2023,COE,auction,NA,https://allianceforcoffeeexcellence.org/peru-2023/,2,22,NA,NA,NA,NA,87.79,success,NA,NA,NA,NA,"$10,370.47",NA,NA,NA,NA,NA,Rosas Pata,NA,NA,617.29,NA,NA,NA,NA,NA,NA,NA,$16.80,NA,NA,NOZY COFFEE,NA,NA,NA,NA,NA,NA,NA,NA,NA,NA,NA,NA,NA,NA,NA,NA,NA,NA,NA,NA,NA,NA,NA,NA,NA,NA,NA,NA,NA,NA,NA,NA,NA,NA,NA,NA,NA,NA,NA,NA,NA,NA,NA,NA,NA,NA,NA,Japan,NA,NA,NA,NA
Peru,2023,COE,auction,NA,https://allianceforcoffeeexcellence.org/peru-2023/,2,23,NA,NA,NA,NA,87.79,success,NA,NA,NA,NA,"$8,298.49",NA,NA,NA,NA,NA,El Rejo,NA,NA,621.61,NA,NA,NA,NA,NA,NA,NA,$13.35,NA,NA,Campos Coffee,NA,NA,NA,NA,NA,NA,NA,NA,NA,NA,NA,NA,NA,NA,NA,NA,NA,NA,NA,NA,NA,NA,NA,NA,NA,NA,NA,NA,NA,NA,NA,NA,NA,NA,NA,NA,NA,NA,NA,NA,NA,NA,NA,NA,NA,NA,NA,Australia,NA,NA,NA,NA
Peru,2023,COE,auction,NA,https://allianceforcoffeeexcellence.org/peru-2023/,2,24,NA,NA,NA,NA,87.76,success,NA,NA,NA,NA,"$7,172.88",NA,NA,NA,NA,NA,La Pomarrosa,NA,NA,629.20,NA,NA,NA,NA,NA,NA,NA,$11.40,NA,NA,honu加藤珈琲店株式会社,NA,NA,NA,NA,NA,NA,NA,NA,NA,NA,NA,NA,NA,NA,NA,NA,NA,NA,NA,NA,NA,NA,NA,NA,NA,NA,NA,NA,NA,NA,NA,NA,NA,NA,NA,NA,NA,NA,NA,NA,NA,NA,NA,NA,NA,NA,NA,Japan,NA,NA,NA,NA
Peru,2023,COE,auction,NA,https://allianceforcoffeeexcellence.org/peru-2023/,2,25,NA,NA,NA,NA,87.76,success,NA,NA,NA,NA,"$9,461.22",NA,NA,NA,NA,NA,La Palta,NA,NA,711.37,NA,NA,NA,NA,NA,NA,NA,$13.30,NA,NA,Kyokuto Fadie Corporation,NA,NA,NA,NA,NA,NA,NA,NA,NA,NA,NA,NA,NA,NA,NA,NA,NA,NA,NA,NA,NA,NA,NA,NA,NA,NA,NA,NA,NA,NA,NA,NA,NA,NA,NA,NA,NA,NA,NA,NA,NA,NA,NA,NA,NA,NA,NA,Japan,NA,NA,NA,NA
Peru,2023,COE,auction,NA,https://allianceforcoffeeexcellence.org/peru-2023/,2,26,NA,NA,NA,NA,87.71,success,NA,NA,NA,NA,"$10,138.15",NA,NA,NA,NA,NA,Alto Mirador,NA,NA,618.18,NA,NA,NA,NA,NA,NA,NA,$16.40,NA,NA,Wataru for Voila Coffee,NA,NA,NA,NA,NA,NA,NA,NA,NA,NA,NA,NA,NA,NA,NA,NA,NA,NA,NA,NA,NA,NA,NA,NA,NA,NA,NA,NA,NA,NA,NA,NA,NA,NA,NA,NA,NA,NA,NA,NA,NA,NA,NA,NA,NA,NA,NA,Japan,NA,NA,NA,NA
Peru,2023,COE,auction,NA,https://allianceforcoffeeexcellence.org/peru-2023/,2,27,NA,NA,NA,NA,87.68,success,NA,NA,NA,NA,"$10,032.21",NA,NA,NA,NA,NA,Kukipata,NA,NA,655.70,NA,NA,NA,NA,NA,NA,NA,$15.30,NA,NA,"Wolfing Coffee, Doris Coffee Lab",NA,NA,NA,NA,NA,NA,NA,NA,NA,NA,NA,NA,NA,NA,NA,NA,NA,NA,NA,NA,NA,NA,NA,NA,NA,NA,NA,NA,NA,NA,NA,NA,NA,NA,NA,NA,NA,NA,NA,NA,NA,NA,NA,NA,NA,NA,NA,China,NA,NA,NA,NA
Peru,2023,COE,auction,NA,https://allianceforcoffeeexcellence.org/peru-2023/,2,28,NA,NA,NA,NA,87.56,success,NA,NA,NA,NA,"$8,547.12",NA,NA,NA,NA,NA,Arco Iris,NA,NA,633.12,NA,NA,NA,NA,NA,NA,NA,$13.50,NA,NA,"Wataru & Co., Ltd.",NA,NA,NA,NA,NA,NA,NA,NA,NA,NA,NA,NA,NA,NA,NA,NA,NA,NA,NA,NA,NA,NA,NA,NA,NA,NA,NA,NA,NA,NA,NA,NA,NA,NA,NA,NA,NA,NA,NA,NA,NA,NA,NA,NA,NA,NA,NA,Japan,NA,NA,NA,NA
Peru,2023,COE,auction,NA,https://allianceforcoffeeexcellence.org/peru-2023/,2,29,NA,NA,NA,NA,87.53,success,NA,NA,NA,NA,"$11,392.35",NA,NA,NA,NA,NA,Ermelita,NA,NA,716.50,NA,NA,NA,NA,NA,NA,NA,$15.90,NA,NA,M.I.Coffee Corporation,NA,NA,NA,NA,NA,NA,NA,NA,NA,NA,NA,NA,NA,NA,NA,NA,NA,NA,NA,NA,NA,NA,NA,NA,NA,NA,NA,NA,NA,NA,NA,NA,NA,NA,NA,NA,NA,NA,NA,NA,NA,NA,NA,NA,NA,NA,NA,South Korea,NA,NA,NA,NA
Peru,2023,COE,auction,NA,https://allianceforcoffeeexcellence.org/peru-2023/,2,30,NA,NA,NA,NA,87.53,success,NA,NA,NA,NA,"$7,544.18",NA,NA,NA,NA,NA,Rayos Del Sol,NA,NA,650.36,NA,NA,NA,NA,NA,NA,NA,$11.60,NA,NA,"Wataru & Co., Ltd.",NA,NA,NA,NA,NA,NA,NA,NA,NA,NA,NA,NA,NA,NA,NA,NA,NA,NA,NA,NA,NA,NA,NA,NA,NA,NA,NA,NA,NA,NA,NA,NA,NA,NA,NA,NA,NA,NA,NA,NA,NA,NA,NA,NA,NA,NA,NA,Japan,NA,NA,NA,NA
Peru,2023,COE,auction,NA,https://allianceforcoffeeexcellence.org/peru-2023/,2,,NA,NA,NA,NA,,success,NA,NA,NA,NA,"$431,106.26",NA,NA,NA,NA,NA,,NA,NA,Total,NA,NA,NA,NA,NA,NA,NA,$21.39/lb,NA,NA,,NA,NA,NA,NA,NA,NA,NA,NA,NA,NA,NA,NA,NA,NA,NA,NA,NA,NA,NA,NA,NA,NA,NA,NA,NA,NA,NA,NA,NA,NA,NA,NA,NA,NA,NA,NA,NA,NA,NA,NA,NA,NA,NA,NA,NA,NA,NA,,NA,NA,NA,NA
Peru,2023,NW,auction,NA,https://allianceforcoffeeexcellence.org/peru-2023/,4,NW,NA,NA,NA,NA,87.50,success,NA,NA,NA,NA,"$5,240.96",NA,NA,NA,NA,NA,Santa Yamilet,NA,NA,569.67,NA,NA,NA,治光师,NA,NA,NA,$9.20,NA,China,NA,NA,NA,NA,NA,NA,NA,NA,NA,NA,NA,NA,NA,NA,NA,NA,NA,NA,NA,NA,NA,NA,NA,NA,NA,NA,NA,NA,NA,NA,NA,NA,NA,NA,NA,NA,NA,NA,NA,NA,NA,NA,NA,NA,NA,NA,NA,NA,NA,NA,NA,NA,NA
Peru,2023,NW,auction,NA,https://allianceforcoffeeexcellence.org/peru-2023/,4,NW,NA,NA,NA,NA,87.21,success,NA,NA,NA,NA,"$7,738.25",NA,NA,NA,NA,NA,Valle Cristal,NA,NA,595.25,NA,NA,NA,Vela Ethan（Peru Taiwan China),NA,NA,NA,$13.00,NA,Taiwan,NA,NA,NA,NA,NA,NA,NA,NA,NA,NA,NA,NA,NA,NA,NA,NA,NA,NA,NA,NA,NA,NA,NA,NA,NA,NA,NA,NA,NA,NA,NA,NA,NA,NA,NA,NA,NA,NA,NA,NA,NA,NA,NA,NA,NA,NA,NA,NA,NA,NA,NA,NA,NA
Peru,2023,NW,auction,NA,https://allianceforcoffeeexcellence.org/peru-2023/,4,NW,NA,NA,NA,NA,86.76,success,NA,NA,NA,NA,"$6,810.41",NA,NA,NA,NA,NA,Huatoroni,NA,NA,694.94,NA,NA,NA,PRIVATE RESERVE,NA,NA,NA,$9.80,NA,China,NA,NA,NA,NA,NA,NA,NA,NA,NA,NA,NA,NA,NA,NA,NA,NA,NA,NA,NA,NA,NA,NA,NA,NA,NA,NA,NA,NA,NA,NA,NA,NA,NA,NA,NA,NA,NA,NA,NA,NA,NA,NA,NA,NA,NA,NA,NA,NA,NA,NA,NA,NA,NA
Peru,2023,NW,auction,NA,https://allianceforcoffeeexcellence.org/peru-2023/,4,NW,NA,NA,NA,NA,86.74,success,NA,NA,NA,NA,"$7,540.49",NA,NA,NA,NA,NA,Santa Sofia,NA,NA,966.73,NA,NA,NA,治光师,NA,NA,NA,$7.80,NA,China,NA,NA,NA,NA,NA,NA,NA,NA,NA,NA,NA,NA,NA,NA,NA,NA,NA,NA,NA,NA,NA,NA,NA,NA,NA,NA,NA,NA,NA,NA,NA,NA,NA,NA,NA,NA,NA,NA,NA,NA,NA,NA,NA,NA,NA,NA,NA,NA,NA,NA,NA,NA,NA
Peru,2023,NW,auction,NA,https://allianceforcoffeeexcellence.org/peru-2023/,4,NW,NA,NA,NA,NA,85.94,success,NA,NA,NA,NA,"$4,041.06",NA,NA,NA,NA,NA,La Lucuma,NA,NA,859.80,NA,NA,NA,"Wataru & Co., Ltd.",NA,NA,NA,$4.70,NA,Japan,NA,NA,NA,NA,NA,NA,NA,NA,NA,NA,NA,NA,NA,NA,NA,NA,NA,NA,NA,NA,NA,NA,NA,NA,NA,NA,NA,NA,NA,NA,NA,NA,NA,NA,NA,NA,NA,NA,NA,NA,NA,NA,NA,NA,NA,NA,NA,NA,NA,NA,NA,NA,NA
Peru,2023,NW,auction,NA,https://allianceforcoffeeexcellence.org/peru-2023/,4,NW,NA,NA,NA,NA,85.56,success,NA,NA,NA,NA,"$7,022.29",NA,NA,NA,NA,NA,Justino Huaman,NA,NA,626.99,NA,NA,NA,Vela Ethan（Peru Taiwan China),NA,NA,NA,$11.20,NA,Taiwan,NA,NA,NA,NA,NA,NA,NA,NA,NA,NA,NA,NA,NA,NA,NA,NA,NA,NA,NA,NA,NA,NA,NA,NA,NA,NA,NA,NA,NA,NA,NA,NA,NA,NA,NA,NA,NA,NA,NA,NA,NA,NA,NA,NA,NA,NA,NA,NA,NA,NA,NA,NA,NA
Peru,2023,NW,auction,NA,https://allianceforcoffeeexcellence.org/peru-2023/,4,NW,NA,NA,NA,NA,85.53,success,NA,NA,NA,NA,"$4,259.32",NA,NA,NA,NA,NA,El Huayaquil,NA,NA,925.94,NA,NA,NA,Vela Ethan（Peru Taiwan China),NA,NA,NA,$4.60,NA,Taiwan,NA,NA,NA,NA,NA,NA,NA,NA,NA,NA,NA,NA,NA,NA,NA,NA,NA,NA,NA,NA,NA,NA,NA,NA,NA,NA,NA,NA,NA,NA,NA,NA,NA,NA,NA,NA,NA,NA,NA,NA,NA,NA,NA,NA,NA,NA,NA,NA,NA,NA,NA,NA,NA
Peru,2023,NW,auction,NA,https://allianceforcoffeeexcellence.org/peru-2023/,4,NW,NA,NA,NA,NA,,success,NA,NA,NA,NA,"$42,652.78",NA,NA,NA,NA,NA,,NA,NA,,NA,NA,NA,,NA,NA,NA,Total,NA,,NA,NA,NA,NA,NA,NA,NA,NA,NA,NA,NA,NA,NA,NA,NA,NA,NA,NA,NA,NA,NA,NA,NA,NA,NA,NA,NA,NA,NA,NA,NA,NA,NA,NA,NA,NA,NA,NA,NA,NA,NA,NA,NA,NA,NA,NA,NA,NA,NA,NA,NA,NA,NA
Peru,2024,COE,auction,NA,https://allianceforcoffeeexcellence.org/peru-2024/,2,1A,NA,El Mirador,NA,NA,"90,54",success,NA,NA,NA,NA,"$23.875,82",NA,NA,"Caturra, Bourbon, Geisha",NA,NA,NA,NA,NA,NA,Angelino’s Coffee,NA,NA,NA,NA,NA,NA,NA,NA,NA,NA,NA,NA,NA,NA,NA,NA,NA,NA,NA,NA,NA,NA,NA,NA,NA,"330,69","$72,20",NA,NA,NA,NA,NA,NA,NA,NA,NA,NA,NA,NA,NA,NA,NA,NA,NA,NA,NA,NA,NA,NA,NA,NA,NA,NA,NA,NA,NA,NA,NA,NA,NA,NA,NA
Peru,2024,COE,auction,NA,https://allianceforcoffeeexcellence.org/peru-2024/,2,1B,NA,El Mirador,NA,NA,"90,54",success,NA,NA,NA,NA,"$20.635,20",NA,NA,"Caturra, Bourbon, Geisha",NA,NA,NA,NA,NA,NA,"北京深浅白贸易有限公司 – Beijing Shenqianbai Trading Co., Ltd.",NA,NA,NA,NA,NA,NA,NA,NA,NA,NA,NA,NA,NA,NA,NA,NA,NA,NA,NA,NA,NA,NA,NA,NA,NA,"286,60","$72,00",NA,NA,NA,NA,NA,NA,NA,NA,NA,NA,NA,NA,NA,NA,NA,NA,NA,NA,NA,NA,NA,NA,NA,NA,NA,NA,NA,NA,NA,NA,NA,NA,NA,NA,NA
Peru,2024,COE,auction,NA,https://allianceforcoffeeexcellence.org/peru-2024/,2,2A☘️,NA,Campo Verde,NA,NA,"90,21",success,NA,NA,NA,NA,"$23.148,30",NA,NA,"Geisha, Bourbon",NA,NA,NA,NA,NA,NA,"Wataru & Co., Ltd. for WOODBERRY COFFEE",NA,NA,NA,NA,NA,NA,NA,NA,NA,NA,NA,NA,NA,NA,NA,NA,NA,NA,NA,NA,NA,NA,NA,NA,NA,"330,69","$70,00",NA,NA,NA,NA,NA,NA,NA,NA,NA,NA,NA,NA,NA,NA,NA,NA,NA,NA,NA,NA,NA,NA,NA,NA,NA,NA,NA,NA,NA,NA,NA,NA,NA,NA,NA
Peru,2024,COE,auction,NA,https://allianceforcoffeeexcellence.org/peru-2024/,2,2B☘️,NA,Campo Verde,NA,NA,"90,21",success,NA,NA,NA,NA,"$19.047,60",NA,NA,"Geisha, Bourbon",NA,NA,NA,NA,NA,NA,Snow Beans Coffee. Bean & Bean (NYC),NA,NA,NA,NA,NA,NA,NA,NA,NA,NA,NA,NA,NA,NA,NA,NA,NA,NA,NA,NA,NA,NA,NA,NA,NA,"264,55","$72,00",NA,NA,NA,NA,NA,NA,NA,NA,NA,NA,NA,NA,NA,NA,NA,NA,NA,NA,NA,NA,NA,NA,NA,NA,NA,NA,NA,NA,NA,NA,NA,NA,NA,NA,NA
Peru,2024,COE,auction,NA,https://allianceforcoffeeexcellence.org/peru-2024/,2,3,NA,Flor De La Montaña,NA,NA,"89,86",success,NA,NA,NA,NA,"$27.160,76",NA,NA,Geisha,NA,NA,NA,NA,NA,NA,Vela Ethan維啦怡森 Simple Kaffa 興波咖啡,NA,NA,NA,NA,NA,NA,NA,NA,NA,NA,NA,NA,NA,NA,NA,NA,NA,NA,NA,NA,NA,NA,NA,NA,NA,"617,29","$44,00",NA,NA,NA,NA,NA,NA,NA,NA,NA,NA,NA,NA,NA,NA,NA,NA,NA,NA,NA,NA,NA,NA,NA,NA,NA,NA,NA,NA,NA,NA,NA,NA,NA,NA,NA
Peru,2024,COE,auction,NA,https://allianceforcoffeeexcellence.org/peru-2024/,2,4☘️,NA,Montaña,NA,NA,"89,64",success,NA,NA,NA,NA,"$15.476,24",NA,NA,Geisha,NA,NA,NA,NA,NA,NA,"Cultivar Coffee, Roots by Earth Coffee Roastery, E.R Corporation, Ryans Coffee, Derail Coffee Roasters Co, Signature Roasters",NA,NA,NA,NA,NA,NA,NA,NA,NA,NA,NA,NA,NA,NA,NA,NA,NA,NA,NA,NA,NA,NA,NA,NA,NA,"595,24","$26,00",NA,NA,NA,NA,NA,NA,NA,NA,NA,NA,NA,NA,NA,NA,NA,NA,NA,NA,NA,NA,NA,NA,NA,NA,NA,NA,NA,NA,NA,NA,NA,NA,NA,NA,NA
Peru,2024,COE,auction,NA,https://allianceforcoffeeexcellence.org/peru-2024/,2,5☘️,NA,Paqchaq Pata,NA,NA,"89,54",success,NA,NA,NA,NA,"$15.926,08",NA,NA,Geisha,NA,NA,NA,NA,NA,NA,Vela Ethan維啦怡森 Simple Kaffa 興波咖啡,NA,NA,NA,NA,NA,NA,NA,NA,NA,NA,NA,NA,NA,NA,NA,NA,NA,NA,NA,NA,NA,NA,NA,NA,NA,"617,29","$25,80",NA,NA,NA,NA,NA,NA,NA,NA,NA,NA,NA,NA,NA,NA,NA,NA,NA,NA,NA,NA,NA,NA,NA,NA,NA,NA,NA,NA,NA,NA,NA,NA,NA,NA,NA
Peru,2024,COE,auction,NA,https://allianceforcoffeeexcellence.org/peru-2024/,2,6,NA,El Nevado,NA,NA,"89,29",success,NA,NA,NA,NA,"$16.701,62",NA,NA,Geisha,NA,NA,NA,NA,NA,NA,"MUSEO Co., Ltd. Blossom Valley 宸嶧國際",NA,NA,NA,NA,NA,NA,NA,NA,NA,NA,NA,NA,NA,NA,NA,NA,NA,NA,NA,NA,NA,NA,NA,NA,NA,"644,85","$25,90",NA,NA,NA,NA,NA,NA,NA,NA,NA,NA,NA,NA,NA,NA,NA,NA,NA,NA,NA,NA,NA,NA,NA,NA,NA,NA,NA,NA,NA,NA,NA,NA,NA,NA,NA
Peru,2024,COE,auction,NA,https://allianceforcoffeeexcellence.org/peru-2024/,2,7☘️,NA,San Sebastian,NA,NA,"89,29",success,NA,NA,NA,NA,"$15.597,50",NA,NA,Sl-09,NA,NA,NA,NA,NA,NA,"Vela Ethan 維啦怡森, SmallArmsBigHeart有容乃大",NA,NA,NA,NA,NA,NA,NA,NA,NA,NA,NA,NA,NA,NA,NA,NA,NA,NA,NA,NA,NA,NA,NA,NA,NA,"623,90","$25,00",NA,NA,NA,NA,NA,NA,NA,NA,NA,NA,NA,NA,NA,NA,NA,NA,NA,NA,NA,NA,NA,NA,NA,NA,NA,NA,NA,NA,NA,NA,NA,NA,NA,NA,NA
Peru,2024,COE,auction,NA,https://allianceforcoffeeexcellence.org/peru-2024/,2,8,NA,Sillapata,NA,NA,"89,21",success,NA,NA,NA,NA,"$15.920,89",NA,NA,Geisha,NA,NA,NA,NA,NA,NA,oma coffee roaster,NA,NA,NA,NA,NA,NA,NA,NA,NA,NA,NA,NA,NA,NA,NA,NA,NA,NA,NA,NA,NA,NA,NA,NA,NA,"619,49","$25,70",NA,NA,NA,NA,NA,NA,NA,NA,NA,NA,NA,NA,NA,NA,NA,NA,NA,NA,NA,NA,NA,NA,NA,NA,NA,NA,NA,NA,NA,NA,NA,NA,NA,NA,NA
Peru,2024,COE,auction,NA,https://allianceforcoffeeexcellence.org/peru-2024/,2,8,NA,Sillapata,NA,NA,"89,21",success,NA,NA,NA,NA,"$15.920,89",NA,NA,Geisha,NA,NA,NA,NA,NA,NA,Blendin Coffee Club,NA,NA,NA,NA,NA,NA,NA,NA,NA,NA,NA,NA,NA,NA,NA,NA,NA,NA,NA,NA,NA,NA,NA,NA,NA,"619,49","$25,70",NA,NA,NA,NA,NA,NA,NA,NA,NA,NA,NA,NA,NA,NA,NA,NA,NA,NA,NA,NA,NA,NA,NA,NA,NA,NA,NA,NA,NA,NA,NA,NA,NA,NA,NA
Peru,2024,COE,auction,NA,https://allianceforcoffeeexcellence.org/peru-2024/,2,9,NA,El Cerro,NA,NA,"88,96",success,NA,NA,NA,NA,"$17.857,20",NA,NA,Geisha,NA,NA,NA,NA,NA,NA,"coffee lusso, ArounZ",NA,NA,NA,NA,NA,NA,NA,NA,NA,NA,NA,NA,NA,NA,NA,NA,NA,NA,NA,NA,NA,NA,NA,NA,NA,"595,24","$30,00",NA,NA,NA,NA,NA,NA,NA,NA,NA,NA,NA,NA,NA,NA,NA,NA,NA,NA,NA,NA,NA,NA,NA,NA,NA,NA,NA,NA,NA,NA,NA,NA,NA,NA,NA
Peru,2024,COE,auction,NA,https://allianceforcoffeeexcellence.org/peru-2024/,2,10,NA,El Naranjo,NA,NA,"88,64",success,NA,NA,NA,NA,"$13.690,52",NA,NA,Geisha,NA,NA,NA,NA,NA,NA,M.I.Coffee Corporation,NA,NA,NA,NA,NA,NA,NA,NA,NA,NA,NA,NA,NA,NA,NA,NA,NA,NA,NA,NA,NA,NA,NA,NA,NA,"595,24","$23,00",NA,NA,NA,NA,NA,NA,NA,NA,NA,NA,NA,NA,NA,NA,NA,NA,NA,NA,NA,NA,NA,NA,NA,NA,NA,NA,NA,NA,NA,NA,NA,NA,NA,NA,NA
Peru,2024,COE,auction,NA,https://allianceforcoffeeexcellence.org/peru-2024/,2,11☘️,NA,El Pedregal,NA,NA,"88,18",success,NA,NA,NA,NA,"$16.686,51",NA,NA,Geisha,NA,NA,NA,NA,NA,NA,Caravela Coffee,NA,NA,NA,NA,NA,NA,NA,NA,NA,NA,NA,NA,NA,NA,NA,NA,NA,NA,NA,NA,NA,NA,NA,NA,NA,"639,33","$26,10",NA,NA,NA,NA,NA,NA,NA,NA,NA,NA,NA,NA,NA,NA,NA,NA,NA,NA,NA,NA,NA,NA,NA,NA,NA,NA,NA,NA,NA,NA,NA,NA,NA,NA,NA
Peru,2024,COE,auction,NA,https://allianceforcoffeeexcellence.org/peru-2024/,2,12,NA,La Florida,NA,NA,"88,14",success,NA,NA,NA,NA,"$15.144,62",NA,NA,Geisha,NA,NA,NA,NA,NA,NA,C&B coffee roasters,NA,NA,NA,NA,NA,NA,NA,NA,NA,NA,NA,NA,NA,NA,NA,NA,NA,NA,NA,NA,NA,NA,NA,NA,NA,"610,67","$24,80",NA,NA,NA,NA,NA,NA,NA,NA,NA,NA,NA,NA,NA,NA,NA,NA,NA,NA,NA,NA,NA,NA,NA,NA,NA,NA,NA,NA,NA,NA,NA,NA,NA,NA,NA
Peru,2024,COE,auction,NA,https://allianceforcoffeeexcellence.org/peru-2024/,2,13☘️,NA,Huallhuayoc,NA,NA,"88,11",success,NA,NA,NA,NA,"$13.950,75",NA,NA,Geisha,NA,NA,NA,NA,NA,NA,"KALDI COFFEE FARM (CAMEL COFFEE CO.,LTD.)",NA,NA,NA,NA,NA,NA,NA,NA,NA,NA,NA,NA,NA,NA,NA,NA,NA,NA,NA,NA,NA,NA,NA,NA,NA,"617,29","$22,60",NA,NA,NA,NA,NA,NA,NA,NA,NA,NA,NA,NA,NA,NA,NA,NA,NA,NA,NA,NA,NA,NA,NA,NA,NA,NA,NA,NA,NA,NA,NA,NA,NA,NA,NA
Peru,2024,COE,auction,NA,https://allianceforcoffeeexcellence.org/peru-2024/,2,14,NA,Mamaruntu,NA,NA,"88,07",success,NA,NA,NA,NA,"$15.158,91",NA,NA,Geisha,NA,NA,NA,NA,NA,NA,KAFFEBRENNERIET AS,NA,NA,NA,NA,NA,NA,NA,NA,NA,NA,NA,NA,NA,NA,NA,NA,NA,NA,NA,NA,NA,NA,NA,NA,NA,"793,66","$19,10",NA,NA,NA,NA,NA,NA,NA,NA,NA,NA,NA,NA,NA,NA,NA,NA,NA,NA,NA,NA,NA,NA,NA,NA,NA,NA,NA,NA,NA,NA,NA,NA,NA,NA,NA
Peru,2024,COE,auction,NA,https://allianceforcoffeeexcellence.org/peru-2024/,2,15,NA,La Lucuma,NA,NA,"87,93",success,NA,NA,NA,NA,"$12.978,40",NA,NA,Geisha,NA,NA,NA,NA,NA,NA,"Wataru & Co., Ltd.",NA,NA,NA,NA,NA,NA,NA,NA,NA,NA,NA,NA,NA,NA,NA,NA,NA,NA,NA,NA,NA,NA,NA,NA,NA,"639,33","$20,30",NA,NA,NA,NA,NA,NA,NA,NA,NA,NA,NA,NA,NA,NA,NA,NA,NA,NA,NA,NA,NA,NA,NA,NA,NA,NA,NA,NA,NA,NA,NA,NA,NA,NA,NA
Peru,2024,COE,auction,NA,https://allianceforcoffeeexcellence.org/peru-2024/,2,16,NA,La Lima,NA,NA,"87,89",success,NA,NA,NA,NA,"$13.154,80",NA,NA,Geisha,NA,NA,NA,NA,NA,NA,Brew92,NA,NA,NA,NA,NA,NA,NA,NA,NA,NA,NA,NA,NA,NA,NA,NA,NA,NA,NA,NA,NA,NA,NA,NA,NA,"595,24","$22,10",NA,NA,NA,NA,NA,NA,NA,NA,NA,NA,NA,NA,NA,NA,NA,NA,NA,NA,NA,NA,NA,NA,NA,NA,NA,NA,NA,NA,NA,NA,NA,NA,NA,NA,NA
Peru,2024,COE,auction,NA,https://allianceforcoffeeexcellence.org/peru-2024/,2,17,NA,La Lucuma,NA,NA,"87,86",success,NA,NA,NA,NA,"$12.658,85",NA,NA,"Bourbon, Marcellesa",NA,NA,NA,NA,NA,NA,Coffee Libre,NA,NA,NA,NA,NA,NA,NA,NA,NA,NA,NA,NA,NA,NA,NA,NA,NA,NA,NA,NA,NA,NA,NA,NA,NA,"727,52","$17,40",NA,NA,NA,NA,NA,NA,NA,NA,NA,NA,NA,NA,NA,NA,NA,NA,NA,NA,NA,NA,NA,NA,NA,NA,NA,NA,NA,NA,NA,NA,NA,NA,NA,NA,NA
Peru,2024,COE,auction,NA,https://allianceforcoffeeexcellence.org/peru-2024/,2,18☘️,NA,Sillapata,NA,NA,"87,75",success,NA,NA,NA,NA,"$12.389,80",NA,NA,"Geisha, Bourbon Hibrida",NA,NA,NA,NA,NA,NA,"SHRUB COFFEE, Glams Coffee Roastery, BASE COFFEE, Coffee Roastery 101, Fourth dimension coffee, cafe tia’m coffee roaster, IMOM inc., and soyogocoffee by Marukai",NA,NA,NA,NA,NA,NA,NA,NA,NA,NA,NA,NA,NA,NA,NA,NA,NA,NA,NA,NA,NA,NA,NA,NA,NA,"619,49","$20,00",NA,NA,NA,NA,NA,NA,NA,NA,NA,NA,NA,NA,NA,NA,NA,NA,NA,NA,NA,NA,NA,NA,NA,NA,NA,NA,NA,NA,NA,NA,NA,NA,NA,NA,NA
Peru,2024,COE,auction,NA,https://allianceforcoffeeexcellence.org/peru-2024/,2,19☘️,NA,Vista Hermosa,NA,NA,"87,75",success,NA,NA,NA,NA,"$13.657,56",NA,NA,Geisha,NA,NA,NA,NA,NA,NA,COFFEE COUNTY,NA,NA,NA,NA,NA,NA,NA,NA,NA,NA,NA,NA,NA,NA,NA,NA,NA,NA,NA,NA,NA,NA,NA,NA,NA,"650,36","$21,00",NA,NA,NA,NA,NA,NA,NA,NA,NA,NA,NA,NA,NA,NA,NA,NA,NA,NA,NA,NA,NA,NA,NA,NA,NA,NA,NA,NA,NA,NA,NA,NA,NA,NA,NA
Peru,2024,COE,auction,NA,https://allianceforcoffeeexcellence.org/peru-2024/,2,20☘️,NA,La Encantada,NA,NA,"87,64",success,NA,NA,NA,NA,"$12.440,63",NA,NA,Geisha,NA,NA,NA,NA,NA,NA,"Sugi Coffee Roasting, THOTH COFFEE, ADACHI COFFEE, YAMADA COFFEE, BRANCH COFFEE, COFFEE A GO! GO!, TABEI COFFEE,",NA,NA,NA,NA,NA,NA,NA,NA,NA,NA,NA,NA,NA,NA,NA,NA,NA,NA,NA,NA,NA,NA,NA,NA,NA,"654,77","$19,00",NA,NA,NA,NA,NA,NA,NA,NA,NA,NA,NA,NA,NA,NA,NA,NA,NA,NA,NA,NA,NA,NA,NA,NA,NA,NA,NA,NA,NA,NA,NA,NA,NA,NA,NA
Peru,2024,COE,auction,NA,https://allianceforcoffeeexcellence.org/peru-2024/,2,21,NA,Aromas Del Corazon,NA,NA,"87,54",success,NA,NA,NA,NA,"$10.297,65",NA,NA,"Marcellesa, Caturra",NA,NA,NA,NA,NA,NA,"北京深浅白贸易有限公司 – Beijing Shenqianbai Trading Co., Ltd.",NA,NA,NA,NA,NA,NA,NA,NA,NA,NA,NA,NA,NA,NA,NA,NA,NA,NA,NA,NA,NA,NA,NA,NA,NA,"595,24","$17,30",NA,NA,NA,NA,NA,NA,NA,NA,NA,NA,NA,NA,NA,NA,NA,NA,NA,NA,NA,NA,NA,NA,NA,NA,NA,NA,NA,NA,NA,NA,NA,NA,NA,NA,NA
Peru,2024,COE,auction,NA,https://allianceforcoffeeexcellence.org/peru-2024/,2,22☘️,NA,Llaqtapata,NA,NA,"87,46",success,NA,NA,NA,NA,"$13.739,57",NA,NA,Gesisha,NA,NA,NA,NA,NA,NA,Prodigal Coffee,NA,NA,NA,NA,NA,NA,NA,NA,NA,NA,NA,NA,NA,NA,NA,NA,NA,NA,NA,NA,NA,NA,NA,NA,NA,"621,70","$22,10",NA,NA,NA,NA,NA,NA,NA,NA,NA,NA,NA,NA,NA,NA,NA,NA,NA,NA,NA,NA,NA,NA,NA,NA,NA,NA,NA,NA,NA,NA,NA,NA,NA,NA,NA
Peru,2024,COE,auction,NA,https://allianceforcoffeeexcellence.org/peru-2024/,2,23,NA,Café Flor Del Santuario,NA,NA,"87,32",success,NA,NA,NA,NA,"$11.970,98",NA,NA,Geisha,NA,NA,NA,NA,NA,NA,Blossom Valley 宸嶧國際 DreamHigh梦想舍咖啡,NA,NA,NA,NA,NA,NA,NA,NA,NA,NA,NA,NA,NA,NA,NA,NA,NA,NA,NA,NA,NA,NA,NA,NA,NA,"661,38","$18,10",NA,NA,NA,NA,NA,NA,NA,NA,NA,NA,NA,NA,NA,NA,NA,NA,NA,NA,NA,NA,NA,NA,NA,NA,NA,NA,NA,NA,NA,NA,NA,NA,NA,NA,NA
Peru,2024,COE,auction,NA,https://allianceforcoffeeexcellence.org/peru-2024/,2,24,NA,El Mirador,NA,NA,"87,25",success,NA,NA,NA,NA,"$11.375,74",NA,NA,Villa Sarchi,NA,NA,NA,NA,NA,NA,"Wataru & Co., Ltd.",NA,NA,NA,NA,NA,NA,NA,NA,NA,NA,NA,NA,NA,NA,NA,NA,NA,NA,NA,NA,NA,NA,NA,NA,NA,"661,38","$17,20",NA,NA,NA,NA,NA,NA,NA,NA,NA,NA,NA,NA,NA,NA,NA,NA,NA,NA,NA,NA,NA,NA,NA,NA,NA,NA,NA,NA,NA,NA,NA,NA,NA,NA,NA
Peru,2024,COE,auction,NA,https://allianceforcoffeeexcellence.org/peru-2024/,2,25,NA,Peña De Leon,NA,NA,"87,00",success,NA,NA,NA,NA,"$10.744,08",NA,NA,Geisha,NA,NA,NA,NA,NA,NA,"Wataru & Co., Ltd.",NA,NA,NA,NA,NA,NA,NA,NA,NA,NA,NA,NA,NA,NA,NA,NA,NA,NA,NA,NA,NA,NA,NA,NA,NA,"595,24","$18,05",NA,NA,NA,NA,NA,NA,NA,NA,NA,NA,NA,NA,NA,NA,NA,NA,NA,NA,NA,NA,NA,NA,NA,NA,NA,NA,NA,NA,NA,NA,NA,NA,NA,NA,NA
Peru,2024,NW,auction,NA,https://allianceforcoffeeexcellence.org/peru-2024/,4,NW,NA,Ayapirayoc,NA,NA,"86,89",success,NA,NA,NA,NA,"$5.829,46",NA,NA,Bourbon,NA,NA,NA,NA,NA,NA,COFFEE COUNTY,NA,NA,NA,NA,NA,NA,NA,NA,NA,NA,NA,NA,NA,NA,NA,NA,NA,NA,NA,NA,NA,NA,NA,NA,NA,"747,37","$7,80",NA,NA,NA,NA,NA,NA,NA,NA,NA,NA,NA,NA,NA,NA,NA,NA,NA,NA,NA,NA,NA,NA,NA,NA,NA,NA,NA,NA,NA,NA,NA,NA,NA,NA,NA
Peru,2024,NW,auction,NA,https://allianceforcoffeeexcellence.org/peru-2024/,4,NW,NA,Pucaloma,NA,NA,"86,79",success,NA,NA,NA,NA,"$3.373,07",NA,NA,Castillo,NA,NA,NA,NA,NA,NA,"Vela Ethan維啦怡森 Simple Kaffa 興波咖啡, 達文西咖啡 Davinci Coffee",NA,NA,NA,NA,NA,NA,NA,NA,NA,NA,NA,NA,NA,NA,NA,NA,NA,NA,NA,NA,NA,NA,NA,NA,NA,"661,39","$5,10",NA,NA,NA,NA,NA,NA,NA,NA,NA,NA,NA,NA,NA,NA,NA,NA,NA,NA,NA,NA,NA,NA,NA,NA,NA,NA,NA,NA,NA,NA,NA,NA,NA,NA,NA
Peru,2024,NW,auction,NA,https://allianceforcoffeeexcellence.org/peru-2024/,4,NW,NA,La Requia Ii,NA,NA,"86,39",success,NA,NA,NA,NA,"$7.857,27",NA,NA,Geisha,NA,NA,NA,NA,NA,NA,"Wataru & Co., Ltd.",NA,NA,NA,NA,NA,NA,NA,NA,NA,NA,NA,NA,NA,NA,NA,NA,NA,NA,NA,NA,NA,NA,NA,NA,NA,"595,25","$13,20",NA,NA,NA,NA,NA,NA,NA,NA,NA,NA,NA,NA,NA,NA,NA,NA,NA,NA,NA,NA,NA,NA,NA,NA,NA,NA,NA,NA,NA,NA,NA,NA,NA,NA,NA
Peru,2024,NW,auction,NA,https://allianceforcoffeeexcellence.org/peru-2024/,4,NW,NA,Finca Wilder Garcia,NA,NA,"86,21",success,NA,NA,NA,NA,"$8.519,31",NA,NA,Geisha,NA,NA,NA,NA,NA,NA,治光师,NA,NA,NA,NA,NA,NA,NA,NA,NA,NA,NA,NA,NA,NA,NA,NA,NA,NA,NA,NA,NA,NA,NA,NA,NA,"774,48","$11,00",NA,NA,NA,NA,NA,NA,NA,NA,NA,NA,NA,NA,NA,NA,NA,NA,NA,NA,NA,NA,NA,NA,NA,NA,NA,NA,NA,NA,NA,NA,NA,NA,NA,NA,NA
Peru,2024,NW,auction,NA,https://allianceforcoffeeexcellence.org/peru-2024/,4,NW,NA,El Mirador,NA,NA,"86,18",success,NA,NA,NA,NA,"$6.956,70",NA,NA,Geisha,NA,NA,NA,NA,NA,NA,"Coffee Montage, COFFEE PLACE, HYANGMISA, No Doubt Coffee, coffeeTemple, RAW STUFF",NA,NA,NA,NA,NA,NA,NA,NA,NA,NA,NA,NA,NA,NA,NA,NA,NA,NA,NA,NA,NA,NA,NA,NA,NA,"626,73","$11,10",NA,NA,NA,NA,NA,NA,NA,NA,NA,NA,NA,NA,NA,NA,NA,NA,NA,NA,NA,NA,NA,NA,NA,NA,NA,NA,NA,NA,NA,NA,NA,NA,NA,NA,NA
Peru,2024,NW,auction,NA,https://allianceforcoffeeexcellence.org/peru-2024/,4,NW ☘️,NA,Iñispata,NA,NA,"85,96",success,NA,NA,NA,NA,"$6.802,36",NA,NA,Geisha,NA,NA,NA,NA,NA,NA,"Wataru & Co., Ltd.",NA,NA,NA,NA,NA,NA,NA,NA,NA,NA,NA,NA,NA,NA,NA,NA,NA,NA,NA,NA,NA,NA,NA,NA,NA,"618,40","$11,00",NA,NA,NA,NA,NA,NA,NA,NA,NA,NA,NA,NA,NA,NA,NA,NA,NA,NA,NA,NA,NA,NA,NA,NA,NA,NA,NA,NA,NA,NA,NA,NA,NA,NA,NA
Peru,2024,NW,auction,NA,https://allianceforcoffeeexcellence.org/peru-2024/,4,NW,NA,Vista Alegre,NA,NA,"85,86",success,NA,NA,NA,NA,"$6.940,10",NA,NA,Geisha,NA,NA,NA,NA,NA,NA,"Wataru & Co., Ltd.",NA,NA,NA,NA,NA,NA,NA,NA,NA,NA,NA,NA,NA,NA,NA,NA,NA,NA,NA,NA,NA,NA,NA,NA,NA,"630,92","$11,00",NA,NA,NA,NA,NA,NA,NA,NA,NA,NA,NA,NA,NA,NA,NA,NA,NA,NA,NA,NA,NA,NA,NA,NA,NA,NA,NA,NA,NA,NA,NA,NA,NA,NA,NA
Peru,2025,COE,auction,NA,https://allianceforcoffeeexcellence.org/peru-2025/,2,1A,NA,La Catarata,NA,NA,"90,64",success,NA,NA,NA,NA,$26493.08,NA,NA,NA,NA,NA,NA,NA,NA,NA,La Cabra Coffee,NA,NA,NA,NA,NA,NA,NA,NA,NA,NA,NA,NA,NA,NA,NA,NA,NA,NA,NA,NA,NA,NA,NA,NA,NA,"330,75",$80.10/lb,NA,NA,NA,NA,NA,NA,NA,NA,NA,NA,NA,NA,NA,NA,NA,NA,NA,NA,NA,NA,NA,NA,NA,NA,NA,NA,NA,NA,NA,NA,NA,NA,NA,NA,NA
Peru,2025,COE,auction,NA,https://allianceforcoffeeexcellence.org/peru-2025/,2,1B,NA,La Catarata,NA,NA,"90,64",success,NA,NA,NA,NA,$23844.17,NA,NA,NA,NA,NA,NA,NA,NA,NA,"CAMEL COFFEE CO.,LTD. (KALDI COFFEE FARM)",NA,NA,NA,NA,NA,NA,NA,NA,NA,NA,NA,NA,NA,NA,NA,NA,NA,NA,NA,NA,NA,NA,NA,NA,NA,"297,68",$80.10/lb,NA,NA,NA,NA,NA,NA,NA,NA,NA,NA,NA,NA,NA,NA,NA,NA,NA,NA,NA,NA,NA,NA,NA,NA,NA,NA,NA,NA,NA,NA,NA,NA,NA,NA,NA
Peru,2025,COE,auction,NA,https://allianceforcoffeeexcellence.org/peru-2025/,2,2A,NA,Finca La Ponderoza,NA,NA,"90,42",success,NA,NA,NA,NA,$19845.00,NA,NA,NA,NA,NA,NA,NA,NA,NA,"Pebble Coffee Co., Ltd.",NA,NA,NA,NA,NA,NA,NA,NA,NA,NA,NA,NA,NA,NA,NA,NA,NA,NA,NA,NA,NA,NA,NA,NA,NA,"330,75",$60.00/lb,NA,NA,NA,NA,NA,NA,NA,NA,NA,NA,NA,NA,NA,NA,NA,NA,NA,NA,NA,NA,NA,NA,NA,NA,NA,NA,NA,NA,NA,NA,NA,NA,NA,NA,NA
Peru,2025,COE,auction,NA,https://allianceforcoffeeexcellence.org/peru-2025/,2,2B,NA,Finca La Ponderoza,NA,NA,"90,42",success,NA,NA,NA,NA,$15975.57,NA,NA,NA,NA,NA,NA,NA,NA,NA,Wolfing Coffee 北京深浅白贸易有限公司,NA,NA,NA,NA,NA,NA,NA,NA,NA,NA,NA,NA,NA,NA,NA,NA,NA,NA,NA,NA,NA,NA,NA,NA,NA,"231,53",$69.00/lb,NA,NA,NA,NA,NA,NA,NA,NA,NA,NA,NA,NA,NA,NA,NA,NA,NA,NA,NA,NA,NA,NA,NA,NA,NA,NA,NA,NA,NA,NA,NA,NA,NA,NA,NA
Peru,2025,COE,auction,NA,https://allianceforcoffeeexcellence.org/peru-2025/,2,3,NA,Llaqta Pata,NA,NA,"89,97",success,NA,NA,NA,NA,$30190.43,NA,NA,NA,NA,NA,NA,NA,NA,NA,"George Howell Coffee, Moonwake Coffee Roasters, Vela Ethan 維啦怡森, 穎鋒國際＆SWEET HOME COFFEE, Orca Spin Cafe, 凱爾車業（TAIWAN), Moonwake Coffee Roasters, CHG（手多多咖啡), Taster’s Coffee 饕選咖啡, 社會企業樂波波珈琲 LeBoBo Coffee",NA,NA,NA,NA,NA,NA,NA,NA,NA,NA,NA,NA,NA,NA,NA,NA,NA,NA,NA,NA,NA,NA,NA,NA,NA,"654,89",$46.10/lb,NA,NA,NA,NA,NA,NA,NA,NA,NA,NA,NA,NA,NA,NA,NA,NA,NA,NA,NA,NA,NA,NA,NA,NA,NA,NA,NA,NA,NA,NA,NA,NA,NA,NA,NA
Peru,2025,COE,auction,NA,https://allianceforcoffeeexcellence.org/peru-2025/,2,4,NA,La Encantada,NA,NA,"89,86",success,NA,NA,NA,NA,$16458.12,NA,NA,NA,NA,NA,NA,NA,NA,NA,Sulalat,NA,NA,NA,NA,NA,NA,NA,NA,NA,NA,NA,NA,NA,NA,NA,NA,NA,NA,NA,NA,NA,NA,NA,NA,NA,"529,20",$31.10/lb,NA,NA,NA,NA,NA,NA,NA,NA,NA,NA,NA,NA,NA,NA,NA,NA,NA,NA,NA,NA,NA,NA,NA,NA,NA,NA,NA,NA,NA,NA,NA,NA,NA,NA,NA
Peru,2025,COE,auction,NA,https://allianceforcoffeeexcellence.org/peru-2025/,2,5,NA,Nueva  Alianza,NA,NA,"89,86",success,NA,NA,NA,NA,$20549.66,NA,NA,NA,NA,NA,NA,NA,NA,NA,"Vela Ethan 維啦怡森, Cultivar Coffee Roasting Co., La Boheme Café, 社會企業樂波波珈琲 LeBoBo Coffee, GK Coffee (Taiwan 宜蘭), Chanji Coffee Firm, Taster’s Coffee 饕選咖啡, i.e.Cafe’ 一即企業, Dedolatecoffee – 蠻荒咖啡",NA,NA,NA,NA,NA,NA,NA,NA,NA,NA,NA,NA,NA,NA,NA,NA,NA,NA,NA,NA,NA,NA,NA,NA,NA,"628,43",$32.70/lb,NA,NA,NA,NA,NA,NA,NA,NA,NA,NA,NA,NA,NA,NA,NA,NA,NA,NA,NA,NA,NA,NA,NA,NA,NA,NA,NA,NA,NA,NA,NA,NA,NA,NA,NA
Peru,2025,COE,auction,NA,https://allianceforcoffeeexcellence.org/peru-2025/,2,6,NA,Corralpampa,NA,NA,"89,86",success,NA,NA,NA,NA,$19870.96,NA,NA,NA,NA,NA,NA,NA,NA,NA,Sarutahiko Coffee Inc.,NA,NA,NA,NA,NA,NA,NA,NA,NA,NA,NA,NA,NA,NA,NA,NA,NA,NA,NA,NA,NA,NA,NA,NA,NA,"615,20",$32.30/lb,NA,NA,NA,NA,NA,NA,NA,NA,NA,NA,NA,NA,NA,NA,NA,NA,NA,NA,NA,NA,NA,NA,NA,NA,NA,NA,NA,NA,NA,NA,NA,NA,NA,NA,NA
Peru,2025,COE,auction,NA,https://allianceforcoffeeexcellence.org/peru-2025/,2,7,NA,La Miel,NA,NA,"89,69",success,NA,NA,NA,NA,$24652.78,NA,NA,NA,NA,NA,NA,NA,NA,NA,Wataru for TAKAMURA COFFEE ROASTERS,NA,NA,NA,NA,NA,NA,NA,NA,NA,NA,NA,NA,NA,NA,NA,NA,NA,NA,NA,NA,NA,NA,NA,NA,NA,"679,14",$36.30/lb,NA,NA,NA,NA,NA,NA,NA,NA,NA,NA,NA,NA,NA,NA,NA,NA,NA,NA,NA,NA,NA,NA,NA,NA,NA,NA,NA,NA,NA,NA,NA,NA,NA,NA,NA
Peru,2025,COE,auction,NA,https://allianceforcoffeeexcellence.org/peru-2025/,2,8,NA,Wallwayoq,NA,NA,"88,75",success,NA,NA,NA,NA,$19645.67,NA,NA,NA,NA,NA,NA,NA,NA,NA,"Wataru & Co., Ltd.",NA,NA,NA,NA,NA,NA,NA,NA,NA,NA,NA,NA,NA,NA,NA,NA,NA,NA,NA,NA,NA,NA,NA,NA,NA,"652,68",$30.10/lb,NA,NA,NA,NA,NA,NA,NA,NA,NA,NA,NA,NA,NA,NA,NA,NA,NA,NA,NA,NA,NA,NA,NA,NA,NA,NA,NA,NA,NA,NA,NA,NA,NA,NA,NA
Peru,2025,COE,auction,NA,https://allianceforcoffeeexcellence.org/peru-2025/,2,9,NA,Finca´S Remi,NA,NA,"88,39",success,NA,NA,NA,NA,$9737.28,NA,NA,NA,NA,NA,NA,NA,NA,NA,Ecofarm Coffee(China) for Terraform Coffee，合咖啡&nam·é coffee ，中国武汉铜山里TONGSHANLI COFFEE，有容乃大Small Arms Big Heart，Title coffee，FISHER COFFEE啡舍，咖乐乐KolaKola，Umber Coffee,NA,NA,NA,NA,NA,NA,NA,NA,NA,NA,NA,NA,NA,NA,NA,NA,NA,NA,NA,NA,NA,NA,NA,NA,NA,"529,20",$18.40/lb,NA,NA,NA,NA,NA,NA,NA,NA,NA,NA,NA,NA,NA,NA,NA,NA,NA,NA,NA,NA,NA,NA,NA,NA,NA,NA,NA,NA,NA,NA,NA,NA,NA,NA,NA
Peru,2025,COE,auction,NA,https://allianceforcoffeeexcellence.org/peru-2025/,2,10,NA,Seb,NA,NA,"88,28",success,NA,NA,NA,NA,$13296.15,NA,NA,NA,NA,NA,NA,NA,NA,NA,Sarutahiko Coffee Inc.,NA,NA,NA,NA,NA,NA,NA,NA,NA,NA,NA,NA,NA,NA,NA,NA,NA,NA,NA,NA,NA,NA,NA,NA,NA,"661,50",$20.10/lb,NA,NA,NA,NA,NA,NA,NA,NA,NA,NA,NA,NA,NA,NA,NA,NA,NA,NA,NA,NA,NA,NA,NA,NA,NA,NA,NA,NA,NA,NA,NA,NA,NA,NA,NA
Peru,2025,COE,auction,NA,https://allianceforcoffeeexcellence.org/peru-2025/,2,11,NA,Caminos Del Inka Coffee Estate,NA,NA,"88,25",success,NA,NA,NA,NA,$12901.90,NA,NA,NA,NA,NA,NA,NA,NA,NA,Brew92 Cafe & Roastery,NA,NA,NA,NA,NA,NA,NA,NA,NA,NA,NA,NA,NA,NA,NA,NA,NA,NA,NA,NA,NA,NA,NA,NA,NA,"608,58",$21.20/lb,NA,NA,NA,NA,NA,NA,NA,NA,NA,NA,NA,NA,NA,NA,NA,NA,NA,NA,NA,NA,NA,NA,NA,NA,NA,NA,NA,NA,NA,NA,NA,NA,NA,NA,NA
Peru,2025,COE,auction,NA,https://allianceforcoffeeexcellence.org/peru-2025/,2,12,NA,Pacaybamba,NA,NA,"88,22",success,NA,NA,NA,NA,$15876.00,NA,NA,NA,NA,NA,NA,NA,NA,NA,June’s Garden Coffee 六月花园咖啡，Rambach specialty coffee.,NA,NA,NA,NA,NA,NA,NA,NA,NA,NA,NA,NA,NA,NA,NA,NA,NA,NA,NA,NA,NA,NA,NA,NA,NA,"661,50",$24.00/lb,NA,NA,NA,NA,NA,NA,NA,NA,NA,NA,NA,NA,NA,NA,NA,NA,NA,NA,NA,NA,NA,NA,NA,NA,NA,NA,NA,NA,NA,NA,NA,NA,NA,NA,NA
Peru,2025,COE,auction,NA,https://allianceforcoffeeexcellence.org/peru-2025/,2,13,NA,Finca Wilder Garcia,NA,NA,"88,22",success,NA,NA,NA,NA,$12921.40,NA,NA,NA,NA,NA,NA,NA,NA,NA,"ADACHI COFFEE, COFFEE A GO! GO!, YAMADA COFFEE, Sugi Coffee Roasting, TABEI COFFEE, BRANCH COFFEE, THOTH COFFEE, CHATORA COFFEE",NA,NA,NA,NA,NA,NA,NA,NA,NA,NA,NA,NA,NA,NA,NA,NA,NA,NA,NA,NA,NA,NA,NA,NA,NA,"646,07",$20.00/lb,NA,NA,NA,NA,NA,NA,NA,NA,NA,NA,NA,NA,NA,NA,NA,NA,NA,NA,NA,NA,NA,NA,NA,NA,NA,NA,NA,NA,NA,NA,NA,NA,NA,NA,NA
Peru,2025,COE,auction,NA,https://allianceforcoffeeexcellence.org/peru-2025/,2,14,NA,Bella Rosa,NA,NA,"88,06",success,NA,NA,NA,NA,$13632.19,NA,NA,NA,NA,NA,NA,NA,NA,NA,Black Knight,NA,NA,NA,NA,NA,NA,NA,NA,NA,NA,NA,NA,NA,NA,NA,NA,NA,NA,NA,NA,NA,NA,NA,NA,NA,"710,01",$19.20/lb,NA,NA,NA,NA,NA,NA,NA,NA,NA,NA,NA,NA,NA,NA,NA,NA,NA,NA,NA,NA,NA,NA,NA,NA,NA,NA,NA,NA,NA,NA,NA,NA,NA,NA,NA
Peru,2025,COE,auction,NA,https://allianceforcoffeeexcellence.org/peru-2025/,2,15,NA,Miscabamba,NA,NA,"88,00",success,NA,NA,NA,NA,$14119.06,NA,NA,NA,NA,NA,NA,NA,NA,NA,Wataru for TAKAMURA COFFEE ROASTERS,NA,NA,NA,NA,NA,NA,NA,NA,NA,NA,NA,NA,NA,NA,NA,NA,NA,NA,NA,NA,NA,NA,NA,NA,NA,"608,58",$23.20/lb,NA,NA,NA,NA,NA,NA,NA,NA,NA,NA,NA,NA,NA,NA,NA,NA,NA,NA,NA,NA,NA,NA,NA,NA,NA,NA,NA,NA,NA,NA,NA,NA,NA,NA,NA
Peru,2025,COE,auction,NA,https://allianceforcoffeeexcellence.org/peru-2025/,2,16,NA,Paqhaq Alto,NA,NA,"88,00",success,NA,NA,NA,NA,$10359.53,NA,NA,NA,NA,NA,NA,NA,NA,NA,honu加藤珈琲店株式会社,NA,NA,NA,NA,NA,NA,NA,NA,NA,NA,NA,NA,NA,NA,NA,NA,NA,NA,NA,NA,NA,NA,NA,NA,NA,"612,99",$16.90/lb,NA,NA,NA,NA,NA,NA,NA,NA,NA,NA,NA,NA,NA,NA,NA,NA,NA,NA,NA,NA,NA,NA,NA,NA,NA,NA,NA,NA,NA,NA,NA,NA,NA,NA,NA
Peru,2025,COE,auction,NA,https://allianceforcoffeeexcellence.org/peru-2025/,2,17,NA,Miscabamba Alta,NA,NA,"87,89",success,NA,NA,NA,NA,$10835.37,NA,NA,NA,NA,NA,NA,NA,NA,NA,COFFEE COUNTY,NA,NA,NA,NA,NA,NA,NA,NA,NA,NA,NA,NA,NA,NA,NA,NA,NA,NA,NA,NA,NA,NA,NA,NA,NA,"595,35",$18.20/lb,NA,NA,NA,NA,NA,NA,NA,NA,NA,NA,NA,NA,NA,NA,NA,NA,NA,NA,NA,NA,NA,NA,NA,NA,NA,NA,NA,NA,NA,NA,NA,NA,NA,NA,NA
Peru,2025,COE,auction,NA,https://allianceforcoffeeexcellence.org/peru-2025/,2,18,NA,Santa Teresa,NA,NA,"87,83",success,NA,NA,NA,NA,$12612.60,NA,NA,NA,NA,NA,NA,NA,NA,NA,"Wataru & Co., Ltd.",NA,NA,NA,NA,NA,NA,NA,NA,NA,NA,NA,NA,NA,NA,NA,NA,NA,NA,NA,NA,NA,NA,NA,NA,NA,"882,00",$14.30/lb,NA,NA,NA,NA,NA,NA,NA,NA,NA,NA,NA,NA,NA,NA,NA,NA,NA,NA,NA,NA,NA,NA,NA,NA,NA,NA,NA,NA,NA,NA,NA,NA,NA,NA,NA
Peru,2025,COE,auction,NA,https://allianceforcoffeeexcellence.org/peru-2025/,2,19,NA,El Gringo,NA,NA,"87,78",success,NA,NA,NA,NA,$21168.00,NA,NA,NA,NA,NA,NA,NA,NA,NA,Terarosa (Haksan Co.Ltd),NA,NA,NA,NA,NA,NA,NA,NA,NA,NA,NA,NA,NA,NA,NA,NA,NA,NA,NA,NA,NA,NA,NA,NA,NA,"882,00",$24.00/lb,NA,NA,NA,NA,NA,NA,NA,NA,NA,NA,NA,NA,NA,NA,NA,NA,NA,NA,NA,NA,NA,NA,NA,NA,NA,NA,NA,NA,NA,NA,NA,NA,NA,NA,NA
Peru,2025,COE,auction,NA,https://allianceforcoffeeexcellence.org/peru-2025/,2,20,NA,La Rinconada,NA,NA,"87,61",success,NA,NA,NA,NA,$13263.52,NA,NA,NA,NA,NA,NA,NA,NA,NA,Prodigal Coffee,NA,NA,NA,NA,NA,NA,NA,NA,NA,NA,NA,NA,NA,NA,NA,NA,NA,NA,NA,NA,NA,NA,NA,NA,NA,"643,86",$20.60/lb,NA,NA,NA,NA,NA,NA,NA,NA,NA,NA,NA,NA,NA,NA,NA,NA,NA,NA,NA,NA,NA,NA,NA,NA,NA,NA,NA,NA,NA,NA,NA,NA,NA,NA,NA
Peru,2025,COE,auction,NA,https://allianceforcoffeeexcellence.org/peru-2025/,2,21,NA,La Lima,NA,NA,"87,61",success,NA,NA,NA,NA,$12204.68,NA,NA,NA,NA,NA,NA,NA,NA,NA,Prodigal Coffee,NA,NA,NA,NA,NA,NA,NA,NA,NA,NA,NA,NA,NA,NA,NA,NA,NA,NA,NA,NA,NA,NA,NA,NA,NA,"595,35",$20.50/lb,NA,NA,NA,NA,NA,NA,NA,NA,NA,NA,NA,NA,NA,NA,NA,NA,NA,NA,NA,NA,NA,NA,NA,NA,NA,NA,NA,NA,NA,NA,NA,NA,NA,NA,NA
Peru,2025,COE,auction,NA,https://allianceforcoffeeexcellence.org/peru-2025/,2,22,NA,Aromas Del Aniz,NA,NA,"87,61",success,NA,NA,NA,NA,$12536.75,NA,NA,NA,NA,NA,NA,NA,NA,NA,"Pebble Coffee Co., Ltd.",NA,NA,NA,NA,NA,NA,NA,NA,NA,NA,NA,NA,NA,NA,NA,NA,NA,NA,NA,NA,NA,NA,NA,NA,NA,"608,58",$20.60/lb,NA,NA,NA,NA,NA,NA,NA,NA,NA,NA,NA,NA,NA,NA,NA,NA,NA,NA,NA,NA,NA,NA,NA,NA,NA,NA,NA,NA,NA,NA,NA,NA,NA,NA,NA
Peru,2025,COE,auction,NA,https://allianceforcoffeeexcellence.org/peru-2025/,2,23,NA,El Romerillo,NA,NA,"87,44",success,NA,NA,NA,NA,$11678.21,NA,NA,NA,NA,NA,NA,NA,NA,NA,MI Coffee Corporation,NA,NA,NA,NA,NA,NA,NA,NA,NA,NA,NA,NA,NA,NA,NA,NA,NA,NA,NA,NA,NA,NA,NA,NA,NA,"641,66",$18.20/lb,NA,NA,NA,NA,NA,NA,NA,NA,NA,NA,NA,NA,NA,NA,NA,NA,NA,NA,NA,NA,NA,NA,NA,NA,NA,NA,NA,NA,NA,NA,NA,NA,NA,NA,NA
Peru,2025,COE,auction,NA,https://allianceforcoffeeexcellence.org/peru-2025/,2,24,NA,Finca La Florida,NA,NA,"87,31",success,NA,NA,NA,NA,$11530.03,NA,NA,NA,NA,NA,NA,NA,NA,NA,"Wataru & Co., Ltd.",NA,NA,NA,NA,NA,NA,NA,NA,NA,NA,NA,NA,NA,NA,NA,NA,NA,NA,NA,NA,NA,NA,NA,NA,NA,"694,58",$16.60/lb,NA,NA,NA,NA,NA,NA,NA,NA,NA,NA,NA,NA,NA,NA,NA,NA,NA,NA,NA,NA,NA,NA,NA,NA,NA,NA,NA,NA,NA,NA,NA,NA,NA,NA,NA
Peru,2025,COE,auction,NA,https://allianceforcoffeeexcellence.org/peru-2025/,2,25,NA,Sierra Dorada,NA,NA,"87,28",success,NA,NA,NA,NA,$11174.94,NA,NA,NA,NA,NA,NA,NA,NA,NA,WAVY COFFEE ROASTERS & SHRUB COFFEE by Marukai,NA,NA,NA,NA,NA,NA,NA,NA,NA,NA,NA,NA,NA,NA,NA,NA,NA,NA,NA,NA,NA,NA,NA,NA,NA,"617,40",$18.10/lb,NA,NA,NA,NA,NA,NA,NA,NA,NA,NA,NA,NA,NA,NA,NA,NA,NA,NA,NA,NA,NA,NA,NA,NA,NA,NA,NA,NA,NA,NA,NA,NA,NA,NA,NA
Peru,2025,COE,auction,NA,https://allianceforcoffeeexcellence.org/peru-2025/,2,26,NA,Finca Los Cedros,NA,NA,"87,25",success,NA,NA,NA,NA,$12039.38,NA,NA,NA,NA,NA,NA,NA,NA,NA,Kaffebrenneriet as,NA,NA,NA,NA,NA,NA,NA,NA,NA,NA,NA,NA,NA,NA,NA,NA,NA,NA,NA,NA,NA,NA,NA,NA,NA,"716,63",$16.80/lb,NA,NA,NA,NA,NA,NA,NA,NA,NA,NA,NA,NA,NA,NA,NA,NA,NA,NA,NA,NA,NA,NA,NA,NA,NA,NA,NA,NA,NA,NA,NA,NA,NA,NA,NA
Peru,2025,COE,auction,NA,https://allianceforcoffeeexcellence.org/peru-2025/,2,27,NA,El Romerillo,NA,NA,"87,22",success,NA,NA,NA,NA,$6846.53,NA,NA,NA,NA,NA,NA,NA,NA,NA,"Wataru & Co., Ltd.",NA,NA,NA,NA,NA,NA,NA,NA,NA,NA,NA,NA,NA,NA,NA,NA,NA,NA,NA,NA,NA,NA,NA,NA,NA,"595,35",$11.50/lb,NA,NA,NA,NA,NA,NA,NA,NA,NA,NA,NA,NA,NA,NA,NA,NA,NA,NA,NA,NA,NA,NA,NA,NA,NA,NA,NA,NA,NA,NA,NA,NA,NA,NA,NA
Peru,2025,COE,auction,NA,https://allianceforcoffeeexcellence.org/peru-2025/,2,28,NA,Palma Pampa,NA,NA,"87,19",success,NA,NA,NA,NA,$12382.40,NA,NA,NA,NA,NA,NA,NA,NA,NA,Loca Coffee (China) for BeamTimer治光师/少数派 and Beanlink Trading Ltd. 缤联贸易,NA,NA,NA,NA,NA,NA,NA,NA,NA,NA,NA,NA,NA,NA,NA,NA,NA,NA,NA,NA,NA,NA,NA,NA,NA,"612,99",$20.20/lb,NA,NA,NA,NA,NA,NA,NA,NA,NA,NA,NA,NA,NA,NA,NA,NA,NA,NA,NA,NA,NA,NA,NA,NA,NA,NA,NA,NA,NA,NA,NA,NA,NA,NA,NA
Peru,2025,COE,auction,NA,https://allianceforcoffeeexcellence.org/peru-2025/,2,29,NA,Camino Viejo,NA,NA,"87,19",success,NA,NA,NA,NA,$9817.98,NA,NA,NA,NA,NA,NA,NA,NA,NA,"ECOM Japan for REC COFFEE, COFFEA EXLIBRIS, TRIBE, Your Coffee, ADACHI COFFEE, Sugi Coffee Roasting, THOTH COFFEE",NA,NA,NA,NA,NA,NA,NA,NA,NA,NA,NA,NA,NA,NA,NA,NA,NA,NA,NA,NA,NA,NA,NA,NA,NA,"542,43",$18.10/lb,NA,NA,NA,NA,NA,NA,NA,NA,NA,NA,NA,NA,NA,NA,NA,NA,NA,NA,NA,NA,NA,NA,NA,NA,NA,NA,NA,NA,NA,NA,NA,NA,NA,NA,NA
Peru,2025,COE,auction,NA,https://allianceforcoffeeexcellence.org/peru-2025/,2,30,NA,Uscamayta,NA,NA,"87,08",success,NA,NA,NA,NA,$12293.32,NA,NA,NA,NA,NA,NA,NA,NA,NA,Hangzhou Lihuang Foreign Trade Service Ltd,NA,NA,NA,NA,NA,NA,NA,NA,NA,NA,NA,NA,NA,NA,NA,NA,NA,NA,NA,NA,NA,NA,NA,NA,NA,"608,58",$20.20/lb,NA,NA,NA,NA,NA,NA,NA,NA,NA,NA,NA,NA,NA,NA,NA,NA,NA,NA,NA,NA,NA,NA,NA,NA,NA,NA,NA,NA,NA,NA,NA,NA,NA,NA,NA
Peru,2025,NW,auction,NA,https://allianceforcoffeeexcellence.org/peru-2025/,4,NW,NA,Tintin,NA,NA,"87,06",success,NA,NA,NA,NA,$6661.36,NA,NA,NA,NA,NA,NA,NA,NA,NA,"Wataru & Co., Ltd.",NA,NA,NA,NA,NA,NA,NA,NA,NA,NA,NA,NA,NA,NA,NA,NA,NA,NA,NA,NA,NA,NA,NA,NA,NA,628.43lbs,$10.60/lb,NA,NA,NA,NA,NA,NA,NA,NA,NA,NA,NA,NA,NA,NA,NA,NA,NA,NA,NA,NA,NA,NA,NA,NA,NA,NA,NA,NA,NA,NA,NA,NA,NA,NA,NA
Peru,2025,NW,auction,NA,https://allianceforcoffeeexcellence.org/peru-2025/,4,NW,NA,El Colibri,NA,NA,"86,72",success,NA,NA,NA,NA,$9343.74,NA,NA,NA,NA,NA,NA,NA,NA,NA,"Wataru & Co., Ltd.",NA,NA,NA,NA,NA,NA,NA,NA,NA,NA,NA,NA,NA,NA,NA,NA,NA,NA,NA,NA,NA,NA,NA,NA,NA,826.88lbs,$11.30/lb,NA,NA,NA,NA,NA,NA,NA,NA,NA,NA,NA,NA,NA,NA,NA,NA,NA,NA,NA,NA,NA,NA,NA,NA,NA,NA,NA,NA,NA,NA,NA,NA,NA,NA,NA
Peru,2025,NW,auction,NA,https://allianceforcoffeeexcellence.org/peru-2025/,4,NW,NA,Finca Los Santos Sac,NA,NA,"86,36",success,NA,NA,NA,NA,$7166.25,NA,NA,NA,NA,NA,NA,NA,NA,NA,Cypher Roastery LLC,NA,NA,NA,NA,NA,NA,NA,NA,NA,NA,NA,NA,NA,NA,NA,NA,NA,NA,NA,NA,NA,NA,NA,NA,NA,551.25lbs,$13.00/lb,NA,NA,NA,NA,NA,NA,NA,NA,NA,NA,NA,NA,NA,NA,NA,NA,NA,NA,NA,NA,NA,NA,NA,NA,NA,NA,NA,NA,NA,NA,NA,NA,NA,NA,NA
Rwanda,2018,NW,auction,NA,https://allianceforcoffeeexcellence.org/rwanda-2018/,2,29,39,NA,NA,"RWACOF-Mushonyi, UWAMAHORO CONFIANCE",85.97,success,NA,NA,NA,,,,NA,NA,NA,NA,NA,NA,NA,NA,NA,NA,NA,NA,NA,NA,NA,NA,NA,NA,NA,NA,NA,NA,NA,NA,NA,NA,NA,NA,NA,NA,NA,NA,NA,NA,NA,NA,NA,NA,RWACOF-Mushonyi,UWAMAHORO CONFIANCE,Bourbon/Washed,NA,NA,NA,NA,NA,NA,NA,NA,NA,NA,NA,NA,NA,NA,NA,NA,NA,NA,NA,NA,NA,NA,NA,NA,NA,NA,NA,NA,NA,NA
Rwanda,2018,NW,auction,NA,https://allianceforcoffeeexcellence.org/rwanda-2018/,2,30,27,NA,NA,"RWACOF-Gaseke, NZARORA PHILIPPE",85.94,success,NA,NA,NA,,,,NA,NA,NA,NA,NA,NA,NA,NA,NA,NA,NA,NA,NA,NA,NA,NA,NA,NA,NA,NA,NA,NA,NA,NA,NA,NA,NA,NA,NA,NA,NA,NA,NA,NA,NA,NA,NA,NA,RWACOF-Gaseke,NZARORA PHILIPPE,Bourbon/Washed,NA,NA,NA,NA,NA,NA,NA,NA,NA,NA,NA,NA,NA,NA,NA,NA,NA,NA,NA,NA,NA,NA,NA,NA,NA,NA,NA,NA,NA,NA
Rwanda,2018,NW,auction,NA,https://allianceforcoffeeexcellence.org/rwanda-2018/,2,31,34,NA,NA,"Cyahinda cws, MUKAMANA LEONCIE",85.92,success,NA,NA,NA,,,,NA,NA,NA,NA,NA,NA,NA,NA,NA,NA,NA,NA,NA,NA,NA,NA,NA,NA,NA,NA,NA,NA,NA,NA,NA,NA,NA,NA,NA,NA,NA,NA,NA,NA,NA,NA,NA,NA,Cyahinda cws,MUKAMANA LEONCIE,Bourbon/Washed,NA,NA,NA,NA,NA,NA,NA,NA,NA,NA,NA,NA,NA,NA,NA,NA,NA,NA,NA,NA,NA,NA,NA,NA,NA,NA,NA,NA,NA,NA
Rwanda,2018,NW,auction,NA,https://allianceforcoffeeexcellence.org/rwanda-2018/,2,33,26,NA,NA,"Muramba cws/KOTEMUKAMA, Bagaragaza Deogratias",85.81,success,NA,NA,NA,,,,NA,NA,NA,NA,NA,NA,NA,NA,NA,NA,NA,NA,NA,NA,NA,NA,NA,NA,NA,NA,NA,NA,NA,NA,NA,NA,NA,NA,NA,NA,NA,NA,NA,NA,NA,NA,NA,NA,Muramba cws/KOTEMUKAMA,Bagaragaza Deogratias,Bourbon/Washed,NA,NA,NA,NA,NA,NA,NA,NA,NA,NA,NA,NA,NA,NA,NA,NA,NA,NA,NA,NA,NA,NA,NA,NA,NA,NA,NA,NA,NA,NA
Rwanda,2018,NW,auction,NA,https://allianceforcoffeeexcellence.org/rwanda-2018/,2,34,27,NA,NA,"Nyakizu mountain coffee, MUBIRIGI FRANCOIS",85.56,success,NA,NA,NA,,,,NA,NA,NA,NA,NA,NA,NA,NA,NA,NA,NA,NA,NA,NA,NA,NA,NA,NA,NA,NA,NA,NA,NA,NA,NA,NA,NA,NA,NA,NA,NA,NA,NA,NA,NA,NA,NA,NA,Nyakizu mountain coffee,MUBIRIGI FRANCOIS,Bourbon/Washed,NA,NA,NA,NA,NA,NA,NA,NA,NA,NA,NA,NA,NA,NA,NA,NA,NA,NA,NA,NA,NA,NA,NA,NA,NA,NA,NA,NA,NA,NA
Rwanda,2018,NW,auction,NA,https://allianceforcoffeeexcellence.org/rwanda-2018/,2,35,25,NA,NA,"KOAKAKA-Gaseke, DUSABIMANA JACQUELINE",85.39,success,NA,NA,NA,$4.00,$6699.32,Choi Coffee,NA,NA,NA,NA,NA,NA,NA,NA,NA,NA,NA,NA,NA,NA,NA,NA,NA,NA,NA,NA,NA,NA,NA,NA,NA,NA,NA,NA,NA,NA,NA,NA,NA,NA,NA,NA,NA,NA,KOAKAKA-Gaseke,DUSABIMANA JACQUELINE,Bourbon/Washed,NA,NA,NA,NA,NA,NA,NA,NA,NA,NA,NA,NA,NA,NA,NA,NA,NA,NA,NA,NA,NA,NA,NA,NA,NA,NA,NA,NA,NA,NA
Rwanda,2018,NW,auction,NA,https://allianceforcoffeeexcellence.org/rwanda-2018/,2,36,26,NA,NA,"Nyakibanda Green coffee, Nshimiyamana Janvier",85.25,success,NA,NA,NA,,,,NA,NA,NA,NA,NA,NA,NA,NA,NA,NA,NA,NA,NA,NA,NA,NA,NA,NA,NA,NA,NA,NA,NA,NA,NA,NA,NA,NA,NA,NA,NA,NA,NA,NA,NA,NA,NA,NA,Nyakibanda Green coffee,Nshimiyamana Janvier,Bourbon/Washed,NA,NA,NA,NA,NA,NA,NA,NA,NA,NA,NA,NA,NA,NA,NA,NA,NA,NA,NA,NA,NA,NA,NA,NA,NA,NA,NA,NA,NA,NA
Rwanda,2018,NW,auction,NA,https://allianceforcoffeeexcellence.org/rwanda-2018/,2,,,NA,NA,,,success,NA,NA,NA,,,,NA,NA,NA,NA,NA,NA,NA,NA,NA,NA,NA,NA,NA,NA,NA,NA,NA,NA,NA,NA,NA,NA,NA,NA,NA,NA,NA,NA,NA,NA,NA,NA,NA,NA,NA,NA,NA,NA,,,,NA,NA,NA,NA,NA,NA,NA,NA,NA,NA,NA,NA,NA,NA,NA,NA,NA,NA,NA,NA,NA,NA,NA,NA,NA,NA,NA,NA,NA,NA
Taiwan,2024,COE,auction,NA,https://allianceforcoffeeexcellence.org/taiwan-2024/,2,1,NA,名陽園 MINGYANG,NA,NA,92.25,success,NA,NA,NA,NA,"$31,589.22",NA,NA,Gesha,NA,NA,NA,NA,NA,NA,"Orsir International Co., Ltd. 歐舍咖啡",NA,NA,NA,NA,NA,NA,NA,NA,NA,NA,NA,NA,NA,NA,NA,NA,NA,NA,NA,NA,NA,NA,NA,NA,NA,101.41,$311.50,NA,NA,NA,NA,NA,NA,NA,NA,NA,NA,NA,NA,NA,NA,NA,NA,NA,NA,NA,NA,NA,NA,NA,NA,NA,NA,NA,NA,NA,NA,NA,NA,NA,NA,NA
Taiwan,2024,COE,auction,NA,https://allianceforcoffeeexcellence.org/taiwan-2024/,2,2,NA,向陽台灣咖啡 Sunlit Taiwan Coffee Farm,NA,NA,91.31,success,NA,NA,NA,NA,"$12,897.30",NA,NA,SL34,NA,NA,NA,NA,NA,NA,"Vela Ethan S.A.C (Peru) ,Snow Beans Coffee, 甜在心咖啡館, 席瑪朵珈琲有限公司",NA,NA,NA,NA,NA,NA,NA,NA,NA,NA,NA,NA,NA,NA,NA,NA,NA,NA,NA,NA,NA,NA,NA,NA,NA,99.21,$130.00,NA,NA,NA,NA,NA,NA,NA,NA,NA,NA,NA,NA,NA,NA,NA,NA,NA,NA,NA,NA,NA,NA,NA,NA,NA,NA,NA,NA,NA,NA,NA,NA,NA,NA,NA
Taiwan,2024,COE,auction,NA,https://allianceforcoffeeexcellence.org/taiwan-2024/,2,3,NA,鄒築園 Zou Zhou Yuan,NA,NA,90.97,success,NA,NA,NA,NA,"$15,076.71",NA,NA,Gesha,NA,NA,NA,NA,NA,NA,GK COFFEE(TAIWAN CR98)、BEAN SUPER豆超國際,NA,NA,NA,NA,NA,NA,NA,NA,NA,NA,NA,NA,NA,NA,NA,NA,NA,NA,NA,NA,NA,NA,NA,NA,NA,103.62,$145.50,NA,NA,NA,NA,NA,NA,NA,NA,NA,NA,NA,NA,NA,NA,NA,NA,NA,NA,NA,NA,NA,NA,NA,NA,NA,NA,NA,NA,NA,NA,NA,NA,NA,NA,NA
Taiwan,2024,COE,auction,NA,https://allianceforcoffeeexcellence.org/taiwan-2024/,2,4,NA,豆御香藝伎莊園 Royal Bean Geisha Estate,NA,NA,90.59,success,NA,NA,NA,NA,"$24,735.00",NA,NA,Gesha,NA,NA,NA,NA,NA,NA,BEAN SUPER豆超國際、GK COFFEE(TAIWAN CR98)、元食咖啡、93coffee.tw 捷晨國際、Piccolo Angolo角落咖啡、有香咖啡、Q caf’e x 滿福烘豆場、悠樂咖啡、臻實咖啡、三勝國際、花兒的5號玫瑰園、i.e.CAFÉ、jaca_kahvi呷巧咖啡、Sun Bear Coffee、Davinci Coffee,NA,NA,NA,NA,NA,NA,NA,NA,NA,NA,NA,NA,NA,NA,NA,NA,NA,NA,NA,NA,NA,NA,NA,NA,NA,145.5,$170.00,NA,NA,NA,NA,NA,NA,NA,NA,NA,NA,NA,NA,NA,NA,NA,NA,NA,NA,NA,NA,NA,NA,NA,NA,NA,NA,NA,NA,NA,NA,NA,NA,NA,NA,NA
Taiwan,2024,COE,auction,NA,https://allianceforcoffeeexcellence.org/taiwan-2024/,2,5,NA,雅慕伊咖啡莊園 Yangui Coffee Farm,NA,NA,89.72,success,NA,NA,NA,NA,"$8,184.83",NA,NA,Gesha,NA,NA,NA,NA,NA,NA,"BLACK GOLD COFFEE, OKLAO SPECIALTY COFFEE, 統一超商不可思議咖啡",NA,NA,NA,NA,NA,NA,NA,NA,NA,NA,NA,NA,NA,NA,NA,NA,NA,NA,NA,NA,NA,NA,NA,NA,NA,99.21,$82.50,NA,NA,NA,NA,NA,NA,NA,NA,NA,NA,NA,NA,NA,NA,NA,NA,NA,NA,NA,NA,NA,NA,NA,NA,NA,NA,NA,NA,NA,NA,NA,NA,NA,NA,NA
Taiwan,2024,COE,auction,NA,https://allianceforcoffeeexcellence.org/taiwan-2024/,2,6,NA,嵩岳咖啡莊園 SONGYUE coffee manor,NA,NA,89.69,success,NA,NA,NA,NA,"$10,465.62",NA,NA,Gesha,NA,NA,NA,NA,NA,NA,Black Knight,NA,NA,NA,NA,NA,NA,NA,NA,NA,NA,NA,NA,NA,NA,NA,NA,NA,NA,NA,NA,NA,NA,NA,NA,NA,103.62,$101.00,NA,NA,NA,NA,NA,NA,NA,NA,NA,NA,NA,NA,NA,NA,NA,NA,NA,NA,NA,NA,NA,NA,NA,NA,NA,NA,NA,NA,NA,NA,NA,NA,NA,NA,NA
Taiwan,2024,COE,auction,NA,https://allianceforcoffeeexcellence.org/taiwan-2024/,2,7,NA,東泓咖啡莊園 Donghong Coffee Farm,NA,NA,89.38,success,NA,NA,NA,NA,"$6,448.65",NA,NA,SL34,NA,NA,NA,NA,NA,NA,Black Knight,NA,NA,NA,NA,NA,NA,NA,NA,NA,NA,NA,NA,NA,NA,NA,NA,NA,NA,NA,NA,NA,NA,NA,NA,NA,99.21,$65.00,NA,NA,NA,NA,NA,NA,NA,NA,NA,NA,NA,NA,NA,NA,NA,NA,NA,NA,NA,NA,NA,NA,NA,NA,NA,NA,NA,NA,NA,NA,NA,NA,NA,NA,NA
Taiwan,2024,COE,auction,NA,https://allianceforcoffeeexcellence.org/taiwan-2024/,2,8,NA,七彩琉璃咖啡莊園 Chi Tsai Liu Li Ecological Farm,NA,NA,89.16,success,NA,NA,NA,NA,"$10,779.76",NA,NA,Gesha,NA,NA,NA,NA,NA,NA,KAKALOVE CAFE,NA,NA,NA,NA,NA,NA,NA,NA,NA,NA,NA,NA,NA,NA,NA,NA,NA,NA,NA,NA,NA,NA,NA,NA,NA,169.76,$63.50,NA,NA,NA,NA,NA,NA,NA,NA,NA,NA,NA,NA,NA,NA,NA,NA,NA,NA,NA,NA,NA,NA,NA,NA,NA,NA,NA,NA,NA,NA,NA,NA,NA,NA,NA
Taiwan,2024,COE,auction,NA,https://allianceforcoffeeexcellence.org/taiwan-2024/,2,9,NA,卓武山咖啡農場 Zhuo Wu Mountain Coffee Farm,NA,NA,88.88,success,NA,NA,NA,NA,"$7,301.52",NA,NA,Gesha,NA,NA,NA,NA,NA,NA,元食咖啡、BEAN SUPER豆超國際,NA,NA,NA,NA,NA,NA,NA,NA,NA,NA,NA,NA,NA,NA,NA,NA,NA,NA,NA,NA,NA,NA,NA,NA,NA,101.41,$72.00,NA,NA,NA,NA,NA,NA,NA,NA,NA,NA,NA,NA,NA,NA,NA,NA,NA,NA,NA,NA,NA,NA,NA,NA,NA,NA,NA,NA,NA,NA,NA,NA,NA,NA,NA
Taiwan,2024,COE,auction,NA,https://allianceforcoffeeexcellence.org/taiwan-2024/,2,10,NA,野牡丹咖啡 Melastoma Coffee Estate,NA,NA,88.75,success,NA,NA,NA,NA,"$5,374.73",NA,NA,Gesha,NA,NA,NA,NA,NA,NA,Q咖啡工作室(Q COFFEE STUDIO)、一個咖啡 (EAGER CAFE)、臥龍食創國際有限公司 (Wolong Coffee Studio)、翌莎精品咖啡 (ISA COFFEE)、順風秀水飲食文化企業社(順風咖啡),NA,NA,NA,NA,NA,NA,NA,NA,NA,NA,NA,NA,NA,NA,NA,NA,NA,NA,NA,NA,NA,NA,NA,NA,NA,101.41,$53.00,NA,NA,NA,NA,NA,NA,NA,NA,NA,NA,NA,NA,NA,NA,NA,NA,NA,NA,NA,NA,NA,NA,NA,NA,NA,NA,NA,NA,NA,NA,NA,NA,NA,NA,NA
Taiwan,2024,COE,auction,NA,https://allianceforcoffeeexcellence.org/taiwan-2024/,2,11,NA,樁萱巫師咖啡莊園 Zhuang Xuan Yoifo Coffee,NA,NA,88.31,success,NA,NA,NA,NA,"$6,012.03",NA,NA,Gesha,NA,NA,NA,NA,NA,NA,Blue Bottle Coffee,NA,NA,NA,NA,NA,NA,NA,NA,NA,NA,NA,NA,NA,NA,NA,NA,NA,NA,NA,NA,NA,NA,NA,NA,NA,119.05,$50.50,NA,NA,NA,NA,NA,NA,NA,NA,NA,NA,NA,NA,NA,NA,NA,NA,NA,NA,NA,NA,NA,NA,NA,NA,NA,NA,NA,NA,NA,NA,NA,NA,NA,NA,NA
Taiwan,2024,COE,auction,NA,https://allianceforcoffeeexcellence.org/taiwan-2024/,2,12,NA,珍5吉咖啡莊園 Zhen  5  Ji  Coffee,NA,NA,88.19,success,NA,NA,NA,NA,"$4,196.61",NA,NA,SL34,NA,NA,NA,NA,NA,NA,SAVAYA COFFEE LLC,NA,NA,NA,NA,NA,NA,NA,NA,NA,NA,NA,NA,NA,NA,NA,NA,NA,NA,NA,NA,NA,NA,NA,NA,NA,103.62,$40.50,NA,NA,NA,NA,NA,NA,NA,NA,NA,NA,NA,NA,NA,NA,NA,NA,NA,NA,NA,NA,NA,NA,NA,NA,NA,NA,NA,NA,NA,NA,NA,NA,NA,NA,NA
Taiwan,2024,COE,auction,NA,https://allianceforcoffeeexcellence.org/taiwan-2024/,2,13,NA,璟隆咖啡莊園 Jing Long Coffee Manor,NA,NA,88.13,success,NA,NA,NA,NA,"$5,802.72",NA,NA,Gesha,NA,NA,NA,NA,NA,NA,y&m coffee (Simple Mind Ltd.),NA,NA,NA,NA,NA,NA,NA,NA,NA,NA,NA,NA,NA,NA,NA,NA,NA,NA,NA,NA,NA,NA,NA,NA,NA,103.62,$56.00,NA,NA,NA,NA,NA,NA,NA,NA,NA,NA,NA,NA,NA,NA,NA,NA,NA,NA,NA,NA,NA,NA,NA,NA,NA,NA,NA,NA,NA,NA,NA,NA,NA,NA,NA
Taiwan,2024,COE,auction,NA,https://allianceforcoffeeexcellence.org/taiwan-2024/,2,14,NA,香香久溢咖啡莊園 Alluring Scent Coffee Estate,NA,NA,88.09,success,NA,NA,NA,NA,"$6,349.20",NA,NA,SL34 60% + Geisha 40%,NA,NA,NA,NA,NA,NA,canaan,NA,NA,NA,NA,NA,NA,NA,NA,NA,NA,NA,NA,NA,NA,NA,NA,NA,NA,NA,NA,NA,NA,NA,NA,NA,105.82,$60.00,NA,NA,NA,NA,NA,NA,NA,NA,NA,NA,NA,NA,NA,NA,NA,NA,NA,NA,NA,NA,NA,NA,NA,NA,NA,NA,NA,NA,NA,NA,NA,NA,NA,NA,NA
Taiwan,2024,COE,auction,NA,https://allianceforcoffeeexcellence.org/taiwan-2024/,2,15,NA,花囍田咖啡莊園 Hua Xi Tian Manor Café,NA,NA,88,success,NA,NA,NA,NA,"$6,649.12",NA,NA,Gesha 65% + SL34 35%,NA,NA,NA,NA,NA,NA,y&m coffee (Simple Mind Ltd.),NA,NA,NA,NA,NA,NA,NA,NA,NA,NA,NA,NA,NA,NA,NA,NA,NA,NA,NA,NA,NA,NA,NA,NA,NA,114.64,$58.00,NA,NA,NA,NA,NA,NA,NA,NA,NA,NA,NA,NA,NA,NA,NA,NA,NA,NA,NA,NA,NA,NA,NA,NA,NA,NA,NA,NA,NA,NA,NA,NA,NA,NA,NA
Taiwan,2024,COE,auction,NA,https://allianceforcoffeeexcellence.org/taiwan-2024/,2,16,NA,他扶芽有機農園 Tfu’ya Organic Farm,NA,NA,87.94,success,NA,NA,NA,NA,"$4,814.81",NA,NA,SL34,NA,NA,NA,NA,NA,NA,"Orsir International Co., Ltd. 歐舍咖啡",NA,NA,NA,NA,NA,NA,NA,NA,NA,NA,NA,NA,NA,NA,NA,NA,NA,NA,NA,NA,NA,NA,NA,NA,NA,105.82,$45.50,NA,NA,NA,NA,NA,NA,NA,NA,NA,NA,NA,NA,NA,NA,NA,NA,NA,NA,NA,NA,NA,NA,NA,NA,NA,NA,NA,NA,NA,NA,NA,NA,NA,NA,NA
Taiwan,2024,COE,auction,NA,https://allianceforcoffeeexcellence.org/taiwan-2024/,2,17,NA,裸咖啡有機莊園 NUDE Organic Coffee Estate,NA,NA,87.88,success,NA,NA,NA,NA,"$4,483.25",NA,NA,Arabica,NA,NA,NA,NA,NA,NA,Huracan Coffer,NA,NA,NA,NA,NA,NA,NA,NA,NA,NA,NA,NA,NA,NA,NA,NA,NA,NA,NA,NA,NA,NA,NA,NA,NA,108.03,$41.50,NA,NA,NA,NA,NA,NA,NA,NA,NA,NA,NA,NA,NA,NA,NA,NA,NA,NA,NA,NA,NA,NA,NA,NA,NA,NA,NA,NA,NA,NA,NA,NA,NA,NA,NA
Taiwan,2024,COE,auction,NA,https://allianceforcoffeeexcellence.org/taiwan-2024/,2,18,NA,牛磨角庄園 Gû Buâ Kak Estate,NA,NA,87.78,success,NA,NA,NA,NA,"$4,285.71",NA,NA,Gesha 65% + SL34 35%,NA,NA,NA,NA,NA,NA,"Wataru & Co., Ltd.",NA,NA,NA,NA,NA,NA,NA,NA,NA,NA,NA,NA,NA,NA,NA,NA,NA,NA,NA,NA,NA,NA,NA,NA,NA,105.82,$40.50,NA,NA,NA,NA,NA,NA,NA,NA,NA,NA,NA,NA,NA,NA,NA,NA,NA,NA,NA,NA,NA,NA,NA,NA,NA,NA,NA,NA,NA,NA,NA,NA,NA,NA,NA
Taiwan,2024,COE,auction,NA,https://allianceforcoffeeexcellence.org/taiwan-2024/,2,19,NA,為我等咖啡莊園+楓香咖啡 Oe’otx Coffee Farm and  Fragant Maple Coffee,NA,NA,87.34,success,NA,NA,NA,NA,"$5,455.52",NA,NA,Gesha,NA,NA,NA,NA,NA,NA,"Wataru & Co., Ltd.",NA,NA,NA,NA,NA,NA,NA,NA,NA,NA,NA,NA,NA,NA,NA,NA,NA,NA,NA,NA,NA,NA,NA,NA,NA,108.03,$50.50,NA,NA,NA,NA,NA,NA,NA,NA,NA,NA,NA,NA,NA,NA,NA,NA,NA,NA,NA,NA,NA,NA,NA,NA,NA,NA,NA,NA,NA,NA,NA,NA,NA,NA,NA
Taiwan,2024,COE,auction,NA,https://allianceforcoffeeexcellence.org/taiwan-2024/,2,20,NA,亮軒咖啡莊園 Liang Xuan Coffee Farm,NA,NA,87.25,success,NA,NA,NA,NA,"$4,391.53",NA,NA,SL34,NA,NA,NA,NA,NA,NA,穎鋒國際＆SWEET HOME COFFEE,NA,NA,NA,NA,NA,NA,NA,NA,NA,NA,NA,NA,NA,NA,NA,NA,NA,NA,NA,NA,NA,NA,NA,NA,NA,105.82,$41.50,NA,NA,NA,NA,NA,NA,NA,NA,NA,NA,NA,NA,NA,NA,NA,NA,NA,NA,NA,NA,NA,NA,NA,NA,NA,NA,NA,NA,NA,NA,NA,NA,NA,NA,NA
Taiwan,2024,NW,auction,NA,https://allianceforcoffeeexcellence.org/taiwan-2024/,4,NW,NA,鼎豐珈琲莊園 Ding-Feng Estatecafe,NA,NA,87.09,success,NA,NA,NA,NA,"$4.232,80",NA,NA,Gesha,NA,NA,NA,NA,NA,NA,Wataru for YARD Coffee & Craft Chocolate,NA,NA,NA,NA,NA,NA,NA,NA,NA,NA,NA,NA,NA,NA,NA,NA,NA,NA,NA,NA,NA,NA,NA,NA,NA,"105,82","$40,00",NA,NA,NA,NA,NA,NA,NA,NA,NA,NA,NA,NA,NA,NA,NA,NA,NA,NA,NA,NA,NA,NA,NA,NA,NA,NA,NA,NA,NA,NA,NA,NA,NA,NA,NA
Taiwan,2024,NW,auction,NA,https://allianceforcoffeeexcellence.org/taiwan-2024/,4,NW,NA,皇庭咖啡莊園 Huang Ting Coffee Estate,NA,NA,86.69,success,NA,NA,NA,NA,"$2.169,31",NA,NA,Gesha 60% + SL34 40%,NA,NA,NA,NA,NA,NA,"Orsir International Co., Ltd. and 中鋼咖啡社",NA,NA,NA,NA,NA,NA,NA,NA,NA,NA,NA,NA,NA,NA,NA,NA,NA,NA,NA,NA,NA,NA,NA,NA,NA,"105,82","$20,50",NA,NA,NA,NA,NA,NA,NA,NA,NA,NA,NA,NA,NA,NA,NA,NA,NA,NA,NA,NA,NA,NA,NA,NA,NA,NA,NA,NA,NA,NA,NA,NA,NA,NA,NA
Taiwan,2024,NW,auction,NA,https://allianceforcoffeeexcellence.org/taiwan-2024/,4,NW,NA,部舞咖啡莊園 PU’U COFFEE MANOR,NA,NA,86.38,success,NA,NA,NA,NA,"$2.214,62",NA,NA,Gesha,NA,NA,NA,NA,NA,NA,KAKALOVE CAFE,NA,NA,NA,NA,NA,NA,NA,NA,NA,NA,NA,NA,NA,NA,NA,NA,NA,NA,NA,NA,NA,NA,NA,NA,NA,"108,03","$20,50",NA,NA,NA,NA,NA,NA,NA,NA,NA,NA,NA,NA,NA,NA,NA,NA,NA,NA,NA,NA,NA,NA,NA,NA,NA,NA,NA,NA,NA,NA,NA,NA,NA,NA,NA
Taiwan,2024,NW,auction,NA,https://allianceforcoffeeexcellence.org/taiwan-2024/,4,NW,NA,青山坪咖啡農場 Qingshanping Coffee Farm,NA,NA,85.81,success,NA,NA,NA,NA,"$3.294,92",NA,NA,Gesha,NA,NA,NA,NA,NA,NA,Blue Bottle Coffee,NA,NA,NA,NA,NA,NA,NA,NA,NA,NA,NA,NA,NA,NA,NA,NA,NA,NA,NA,NA,NA,NA,NA,NA,NA,"108,03","$30,50",NA,NA,NA,NA,NA,NA,NA,NA,NA,NA,NA,NA,NA,NA,NA,NA,NA,NA,NA,NA,NA,NA,NA,NA,NA,NA,NA,NA,NA,NA,NA,NA,NA,NA,NA
Taiwan,2024,NW,auction,NA,https://allianceforcoffeeexcellence.org/taiwan-2024/,4,NW,NA,櫻桃果古坑咖啡莊園 COFEE  BERRIES  MANOR,NA,NA,85.31,success,NA,NA,NA,NA,$2116.4,NA,NA,Gesha,NA,NA,NA,NA,NA,NA,Calufe Group Mexico,NA,NA,NA,NA,NA,NA,NA,NA,NA,NA,NA,NA,NA,NA,NA,NA,NA,NA,NA,NA,NA,NA,NA,NA,NA,105.82,$20,NA,NA,NA,NA,NA,NA,NA,NA,NA,NA,NA,NA,NA,NA,NA,NA,NA,NA,NA,NA,NA,NA,NA,NA,NA,NA,NA,NA,NA,NA,NA,NA,NA,NA,NA
Taiwan,2025,COE,auction,Ready to Bid on Taiwan's Best Coffees?,https://allianceforcoffeeexcellence.org/taiwan-2025/,2,1,NA,NA,NA,NA,91.08,success,NA,NA,NA,NA,$17897.48,NA,NA,NA,NA,NA,NA,NA,NA,NA,NA,NA,NA,"y＆m Coffee、EVER RICH D.F.S. 昇恆昌股份有限公司, JC Coffee JC咖啡, BEAN SUPER Auction Team",NA,NA,NA,NA,NA,NA,NA,NA,NA,NA,NA,NA,NA,NA,NA,NA,NA,NA,NA,NA,NA,NA,NA,NA,NA,NA,NA,NA,NA,NA,99.21lbs,$180.40/lb,NA,NA,NA,NA,NA,NA,NA,NA,NA,NA,NA,NA,NA,NA,NA,NA,NA,NA,NA,NA,NA,NA,NA,NA,NA,NA,Chi Tsai Liu Li Mountain Fresh Café
Taiwan,2025,COE,auction,Ready to Bid on Taiwan's Best Coffees?,https://allianceforcoffeeexcellence.org/taiwan-2025/,2,2A,NA,NA,NA,NA,90.84,success,NA,NA,NA,NA,$12538.89,NA,NA,NA,NA,NA,NA,NA,NA,NA,NA,NA,NA,Silky Drum,NA,NA,NA,NA,NA,NA,NA,NA,NA,NA,NA,NA,NA,NA,NA,NA,NA,NA,NA,NA,NA,NA,NA,NA,NA,NA,NA,NA,NA,NA,137.79lbs,$91.00/lb,NA,NA,NA,NA,NA,NA,NA,NA,NA,NA,NA,NA,NA,NA,NA,NA,NA,NA,NA,NA,NA,NA,NA,NA,NA,NA,Royal Bean Geisha Estate
Taiwan,2025,COE,auction,Ready to Bid on Taiwan's Best Coffees?,https://allianceforcoffeeexcellence.org/taiwan-2025/,2,2b,NA,NA,NA,NA,90.84,success,NA,NA,NA,NA,$11436.57,NA,NA,NA,NA,NA,NA,NA,NA,NA,NA,NA,NA,Orsir Coffee 歐舍咖啡 and Piccolo Angolo 角落咖啡,NA,NA,NA,NA,NA,NA,NA,NA,NA,NA,NA,NA,NA,NA,NA,NA,NA,NA,NA,NA,NA,NA,NA,NA,NA,NA,NA,NA,NA,NA,137.79lbs,$83.00/lb,NA,NA,NA,NA,NA,NA,NA,NA,NA,NA,NA,NA,NA,NA,NA,NA,NA,NA,NA,NA,NA,NA,NA,NA,NA,NA,Royal Bean Geisha Estate
Taiwan,2025,COE,auction,Ready to Bid on Taiwan's Best Coffees?,https://allianceforcoffeeexcellence.org/taiwan-2025/,2,3,NA,NA,NA,NA,90.53,success,NA,NA,NA,NA,$7490.36,NA,NA,NA,NA,NA,NA,NA,NA,NA,NA,NA,NA,"Mirra Coffee, Tanat Coffee, Maison Notre Terre",NA,NA,NA,NA,NA,NA,NA,NA,NA,NA,NA,NA,NA,NA,NA,NA,NA,NA,NA,NA,NA,NA,NA,NA,NA,NA,NA,NA,NA,NA,99.21lbs,$75.50/lb,NA,NA,NA,NA,NA,NA,NA,NA,NA,NA,NA,NA,NA,NA,NA,NA,NA,NA,NA,NA,NA,NA,NA,NA,NA,NA,Melastoma Coffee Estate
Taiwan,2025,COE,auction,Ready to Bid on Taiwan's Best Coffees?,https://allianceforcoffeeexcellence.org/taiwan-2025/,2,4,NA,NA,NA,NA,90.32,success,NA,NA,NA,NA,$10069.82,NA,NA,NA,NA,NA,NA,NA,NA,NA,NA,NA,NA,"YING FUNG 頴鋒國際, SWEET HOME COFFEE 甜心屋咖啡, i.e. CAFE’ 一即企業有限公司",NA,NA,NA,NA,NA,NA,NA,NA,NA,NA,NA,NA,NA,NA,NA,NA,NA,NA,NA,NA,NA,NA,NA,NA,NA,NA,NA,NA,NA,NA,99.21lbs,$101.50/lb,NA,NA,NA,NA,NA,NA,NA,NA,NA,NA,NA,NA,NA,NA,NA,NA,NA,NA,NA,NA,NA,NA,NA,NA,NA,NA,Sunlit Taiwan Coffee Farm
Taiwan,2025,COE,auction,Ready to Bid on Taiwan's Best Coffees?,https://allianceforcoffeeexcellence.org/taiwan-2025/,2,5,NA,NA,NA,NA,89.63,success,NA,NA,NA,NA,$7143.12,NA,NA,NA,NA,NA,NA,NA,NA,NA,NA,NA,NA,Blue Bottle Coffee,NA,NA,NA,NA,NA,NA,NA,NA,NA,NA,NA,NA,NA,NA,NA,NA,NA,NA,NA,NA,NA,NA,NA,NA,NA,NA,NA,NA,NA,NA,99.21lbs,$72.00/lb,NA,NA,NA,NA,NA,NA,NA,NA,NA,NA,NA,NA,NA,NA,NA,NA,NA,NA,NA,NA,NA,NA,NA,NA,NA,NA,Ching Ye Coffee Estate
Taiwan,2025,COE,auction,Ready to Bid on Taiwan's Best Coffees?,https://allianceforcoffeeexcellence.org/taiwan-2025/,2,6,NA,NA,NA,NA,89.34,success,NA,NA,NA,NA,$7936.80,NA,NA,NA,NA,NA,NA,NA,NA,NA,NA,NA,NA,Vetti co ltd,NA,NA,NA,NA,NA,NA,NA,NA,NA,NA,NA,NA,NA,NA,NA,NA,NA,NA,NA,NA,NA,NA,NA,NA,NA,NA,NA,NA,NA,NA,99.21lbs,$80.00/lb,NA,NA,NA,NA,NA,NA,NA,NA,NA,NA,NA,NA,NA,NA,NA,NA,NA,NA,NA,NA,NA,NA,NA,NA,NA,NA,Zou Zhou Yuan
Taiwan,2025,COE,auction,Ready to Bid on Taiwan's Best Coffees?,https://allianceforcoffeeexcellence.org/taiwan-2025/,2,7,NA,NA,NA,NA,89.34,success,NA,NA,NA,NA,$6101.42,NA,NA,NA,NA,NA,NA,NA,NA,NA,NA,NA,NA,Sulalat,NA,NA,NA,NA,NA,NA,NA,NA,NA,NA,NA,NA,NA,NA,NA,NA,NA,NA,NA,NA,NA,NA,NA,NA,NA,NA,NA,NA,NA,NA,99.21lbs,$61.50/lb,NA,NA,NA,NA,NA,NA,NA,NA,NA,NA,NA,NA,NA,NA,NA,NA,NA,NA,NA,NA,NA,NA,NA,NA,NA,NA,SONGYUE coffee manor
Taiwan,2025,COE,auction,Ready to Bid on Taiwan's Best Coffees?,https://allianceforcoffeeexcellence.org/taiwan-2025/,2,8,NA,NA,NA,NA,89.11,success,NA,NA,NA,NA,$4664.86,NA,NA,NA,NA,NA,NA,NA,NA,NA,NA,NA,NA,"Wataru & Co., Ltd.  for KARIOMONS COFFEE",NA,NA,NA,NA,NA,NA,NA,NA,NA,NA,NA,NA,NA,NA,NA,NA,NA,NA,NA,NA,NA,NA,NA,NA,NA,NA,NA,NA,NA,NA,101.41lbs,$46.00/lb,NA,NA,NA,NA,NA,NA,NA,NA,NA,NA,NA,NA,NA,NA,NA,NA,NA,NA,NA,NA,NA,NA,NA,NA,NA,NA,Homestead coffee
Taiwan,2025,COE,auction,Ready to Bid on Taiwan's Best Coffees?,https://allianceforcoffeeexcellence.org/taiwan-2025/,2,9,NA,NA,NA,NA,88.95,success,NA,NA,NA,NA,$3175.80,NA,NA,NA,NA,NA,NA,NA,NA,NA,NA,NA,NA,"卡卡愛咖啡KaKaLove CAFE, 饕選咖啡Taster’s Coffee, 吳朵兒記事Eleanor Flavor Journal, Songdo Coffee",NA,NA,NA,NA,NA,NA,NA,NA,NA,NA,NA,NA,NA,NA,NA,NA,NA,NA,NA,NA,NA,NA,NA,NA,NA,NA,NA,NA,NA,NA,94.8lbs,$33.50/lb,NA,NA,NA,NA,NA,NA,NA,NA,NA,NA,NA,NA,NA,NA,NA,NA,NA,NA,NA,NA,NA,NA,NA,NA,NA,NA,Hunter Story Studio
Taiwan,2025,COE,auction,Ready to Bid on Taiwan's Best Coffees?,https://allianceforcoffeeexcellence.org/taiwan-2025/,2,10,NA,NA,NA,NA,88.71,success,NA,NA,NA,NA,$5506.16,NA,NA,NA,NA,NA,NA,NA,NA,NA,NA,NA,NA,ORO ROASTERS,NA,NA,NA,NA,NA,NA,NA,NA,NA,NA,NA,NA,NA,NA,NA,NA,NA,NA,NA,NA,NA,NA,NA,NA,NA,NA,NA,NA,NA,NA,99.21lbs,$55.50/lb,NA,NA,NA,NA,NA,NA,NA,NA,NA,NA,NA,NA,NA,NA,NA,NA,NA,NA,NA,NA,NA,NA,NA,NA,NA,NA,Alluring Scent Coffee Estate
Taiwan,2025,COE,auction,Ready to Bid on Taiwan's Best Coffees?,https://allianceforcoffeeexcellence.org/taiwan-2025/,2,11,NA,NA,NA,NA,88.58,success,NA,NA,NA,NA,$5015.40,NA,NA,NA,NA,NA,NA,NA,NA,NA,NA,NA,NA,"Orbiter Roaster, MALLIKA CAFE, Paul Coffee Roastery Lab, Sheena Liu",NA,NA,NA,NA,NA,NA,NA,NA,NA,NA,NA,NA,NA,NA,NA,NA,NA,NA,NA,NA,NA,NA,NA,NA,NA,NA,NA,NA,NA,NA,154.32lbs,$32.50/lb,NA,NA,NA,NA,NA,NA,NA,NA,NA,NA,NA,NA,NA,NA,NA,NA,NA,NA,NA,NA,NA,NA,NA,NA,NA,NA,Liang Xuan Coffee Farm
Taiwan,2025,COE,auction,Ready to Bid on Taiwan's Best Coffees?,https://allianceforcoffeeexcellence.org/taiwan-2025/,2,12,NA,NA,NA,NA,88.58,success,NA,NA,NA,NA,$4563.66,NA,NA,NA,NA,NA,NA,NA,NA,NA,NA,NA,NA,"卡卡愛咖啡KaKaLove CAFE, 饕選咖啡Taster’s Coffee, 吳朵兒記事Eleanor Flavor Journal",NA,NA,NA,NA,NA,NA,NA,NA,NA,NA,NA,NA,NA,NA,NA,NA,NA,NA,NA,NA,NA,NA,NA,NA,NA,NA,NA,NA,NA,NA,99.21lbs,$46.00/lb,NA,NA,NA,NA,NA,NA,NA,NA,NA,NA,NA,NA,NA,NA,NA,NA,NA,NA,NA,NA,NA,NA,NA,NA,NA,NA,Yangui Coffee Farm
Taiwan,2025,COE,auction,Ready to Bid on Taiwan's Best Coffees?,https://allianceforcoffeeexcellence.org/taiwan-2025/,2,13,NA,NA,NA,NA,88.55,success,NA,NA,NA,NA,$5396.82,NA,NA,NA,NA,NA,NA,NA,NA,NA,NA,NA,NA,i.e.CAFE’ 一即企業有限公司,NA,NA,NA,NA,NA,NA,NA,NA,NA,NA,NA,NA,NA,NA,NA,NA,NA,NA,NA,NA,NA,NA,NA,NA,NA,NA,NA,NA,NA,NA,105.82lbs,$51.00/lb,NA,NA,NA,NA,NA,NA,NA,NA,NA,NA,NA,NA,NA,NA,NA,NA,NA,NA,NA,NA,NA,NA,NA,NA,NA,NA,Oe’otx Coffee Farm + Fragant Maple Coffee
Taiwan,2025,COE,auction,Ready to Bid on Taiwan's Best Coffees?,https://allianceforcoffeeexcellence.org/taiwan-2025/,2,14,NA,NA,NA,NA,88.53,success,NA,NA,NA,NA,$4464.32,NA,NA,NA,NA,NA,NA,NA,NA,NA,NA,NA,NA,Black Knight,NA,NA,NA,NA,NA,NA,NA,NA,NA,NA,NA,NA,NA,NA,NA,NA,NA,NA,NA,NA,NA,NA,NA,NA,NA,NA,NA,NA,NA,NA,110.23lbs,$40.50/lb,NA,NA,NA,NA,NA,NA,NA,NA,NA,NA,NA,NA,NA,NA,NA,NA,NA,NA,NA,NA,NA,NA,NA,NA,NA,NA,Donghong Coffee Farm
Taiwan,2025,COE,auction,Ready to Bid on Taiwan's Best Coffees?,https://allianceforcoffeeexcellence.org/taiwan-2025/,2,15,NA,NA,NA,NA,88.39,success,NA,NA,NA,NA,$14444.64,NA,NA,NA,NA,NA,NA,NA,NA,NA,NA,NA,NA,Orsir Coffee (歐舍咖啡) and China Steel Coffee Society (中鋼咖啡社).,NA,NA,NA,NA,NA,NA,NA,NA,NA,NA,NA,NA,NA,NA,NA,NA,NA,NA,NA,NA,NA,NA,NA,NA,NA,NA,NA,NA,NA,NA,343.92lbs,$42.00/lb,NA,NA,NA,NA,NA,NA,NA,NA,NA,NA,NA,NA,NA,NA,NA,NA,NA,NA,NA,NA,NA,NA,NA,NA,NA,NA,Royal Geisha Estate
Taiwan,2025,COE,auction,Ready to Bid on Taiwan's Best Coffees?,https://allianceforcoffeeexcellence.org/taiwan-2025/,2,16,NA,NA,NA,NA,88.26,success,NA,NA,NA,NA,$2877.09,NA,NA,NA,NA,NA,NA,NA,NA,NA,NA,NA,NA,"Yuan cafe 元食咖啡, BEAN SUPER豆超國際",NA,NA,NA,NA,NA,NA,NA,NA,NA,NA,NA,NA,NA,NA,NA,NA,NA,NA,NA,NA,NA,NA,NA,NA,NA,NA,NA,NA,NA,NA,99.21lbs,$29.00/lb,NA,NA,NA,NA,NA,NA,NA,NA,NA,NA,NA,NA,NA,NA,NA,NA,NA,NA,NA,NA,NA,NA,NA,NA,NA,NA,Amber Coffee Estate
Taiwan,2025,COE,auction,Ready to Bid on Taiwan's Best Coffees?,https://allianceforcoffeeexcellence.org/taiwan-2025/,2,17,NA,NA,NA,NA,88.21,success,NA,NA,NA,NA,$3295.83,NA,NA,NA,NA,NA,NA,NA,NA,NA,NA,NA,NA,MOMOS COFFEE,NA,NA,NA,NA,NA,NA,NA,NA,NA,NA,NA,NA,NA,NA,NA,NA,NA,NA,NA,NA,NA,NA,NA,NA,NA,NA,NA,NA,NA,NA,101.41lbs,$32.50/lb,NA,NA,NA,NA,NA,NA,NA,NA,NA,NA,NA,NA,NA,NA,NA,NA,NA,NA,NA,NA,NA,NA,NA,NA,NA,NA,Cpu’u ‘
Taiwan,2025,COE,auction,Ready to Bid on Taiwan's Best Coffees?,https://allianceforcoffeeexcellence.org/taiwan-2025/,2,18,NA,NA,NA,NA,88.21,success,NA,NA,NA,NA,$2940.89,NA,NA,NA,NA,NA,NA,NA,NA,NA,NA,NA,NA,WAVY COFFEE ROASTERS by Marukai,NA,NA,NA,NA,NA,NA,NA,NA,NA,NA,NA,NA,NA,NA,NA,NA,NA,NA,NA,NA,NA,NA,NA,NA,NA,NA,NA,NA,NA,NA,101.41lbs,$29.00/lb,NA,NA,NA,NA,NA,NA,NA,NA,NA,NA,NA,NA,NA,NA,NA,NA,NA,NA,NA,NA,NA,NA,NA,NA,NA,NA,Koana Coffee Farm
Taiwan,2025,COE,auction,Ready to Bid on Taiwan's Best Coffees?,https://allianceforcoffeeexcellence.org/taiwan-2025/,2,19,NA,NA,NA,NA,88.18,success,NA,NA,NA,NA,$3075.51,NA,NA,NA,NA,NA,NA,NA,NA,NA,NA,NA,NA,Fadie Sasaguri Roastery Corporation,NA,NA,NA,NA,NA,NA,NA,NA,NA,NA,NA,NA,NA,NA,NA,NA,NA,NA,NA,NA,NA,NA,NA,NA,NA,NA,NA,NA,NA,NA,99.21lbs,$31.00/lb,NA,NA,NA,NA,NA,NA,NA,NA,NA,NA,NA,NA,NA,NA,NA,NA,NA,NA,NA,NA,NA,NA,NA,NA,NA,NA,Hua Xi Tian Manor Café
Taiwan,2025,COE,auction,Ready to Bid on Taiwan's Best Coffees?,https://allianceforcoffeeexcellence.org/taiwan-2025/,2,20,NA,NA,NA,NA,87.95,success,NA,NA,NA,NA,$3833.94,NA,NA,NA,NA,NA,NA,NA,NA,NA,NA,NA,NA,Calima coffee,NA,NA,NA,NA,NA,NA,NA,NA,NA,NA,NA,NA,NA,NA,NA,NA,NA,NA,NA,NA,NA,NA,NA,NA,NA,NA,NA,NA,NA,NA,103.62lbs,$37.00/lb,NA,NA,NA,NA,NA,NA,NA,NA,NA,NA,NA,NA,NA,NA,NA,NA,NA,NA,NA,NA,NA,NA,NA,NA,NA,NA,Tougui Shan Scenic Ecological Coffee Farm
Taiwan,2025,COE,auction,Ready to Bid on Taiwan's Best Coffees?,https://allianceforcoffeeexcellence.org/taiwan-2025/,2,21,NA,NA,NA,NA,87.63,success,NA,NA,NA,NA,$3143.71,NA,NA,NA,NA,NA,NA,NA,NA,NA,NA,NA,NA,"Davinci Coffee 達文西咖啡, liu yi hao | 友友 Coffee, CHINGWEI CHIANG江青衛, Lei Ying Fang 李螢芳",NA,NA,NA,NA,NA,NA,NA,NA,NA,NA,NA,NA,NA,NA,NA,NA,NA,NA,NA,NA,NA,NA,NA,NA,NA,NA,NA,NA,NA,NA,101.41lbs,$31.00/lb,NA,NA,NA,NA,NA,NA,NA,NA,NA,NA,NA,NA,NA,NA,NA,NA,NA,NA,NA,NA,NA,NA,NA,NA,NA,NA,Zhuang Xuan Yoifo Coffee
Taiwan,2025,COE,auction,Ready to Bid on Taiwan's Best Coffees?,https://allianceforcoffeeexcellence.org/taiwan-2025/,2,22,NA,NA,NA,NA,87.61,success,NA,NA,NA,NA,$3686.10,NA,NA,NA,NA,NA,NA,NA,NA,NA,NA,NA,NA,Orsir Coffee 歐舍咖啡,NA,NA,NA,NA,NA,NA,NA,NA,NA,NA,NA,NA,NA,NA,NA,NA,NA,NA,NA,NA,NA,NA,NA,NA,NA,NA,NA,NA,NA,NA,167.55lbs,$22.00/lb,NA,NA,NA,NA,NA,NA,NA,NA,NA,NA,NA,NA,NA,NA,NA,NA,NA,NA,NA,NA,NA,NA,NA,NA,NA,NA,NUDE Organic Coffee Estate
Taiwan,2025,COE,auction,Ready to Bid on Taiwan's Best Coffees?,https://allianceforcoffeeexcellence.org/taiwan-2025/,2,23,NA,NA,NA,NA,87.42,success,NA,NA,NA,NA,$2745.93,NA,NA,NA,NA,NA,NA,NA,NA,NA,NA,NA,NA,Liu Yihao | 友友 Coffee,NA,NA,NA,NA,NA,NA,NA,NA,NA,NA,NA,NA,NA,NA,NA,NA,NA,NA,NA,NA,NA,NA,NA,NA,NA,NA,NA,NA,NA,NA,103.62lbs,$26.50/lb,NA,NA,NA,NA,NA,NA,NA,NA,NA,NA,NA,NA,NA,NA,NA,NA,NA,NA,NA,NA,NA,NA,NA,NA,NA,NA,Hometown Island Coffee Manor
Taiwan,2025,COE,auction,Ready to Bid on Taiwan's Best Coffees?,https://allianceforcoffeeexcellence.org/taiwan-2025/,2,24,NA,NA,NA,NA,87.37,success,NA,NA,NA,NA,$4514.06,NA,NA,NA,NA,NA,NA,NA,NA,NA,NA,NA,NA,GK coffee 宜蘭、BEAN SUPER豆超國際,NA,NA,NA,NA,NA,NA,NA,NA,NA,NA,NA,NA,NA,NA,NA,NA,NA,NA,NA,NA,NA,NA,NA,NA,NA,NA,NA,NA,NA,NA,99.21lbs,$45.50/lb,NA,NA,NA,NA,NA,NA,NA,NA,NA,NA,NA,NA,NA,NA,NA,NA,NA,NA,NA,NA,NA,NA,NA,NA,NA,NA,Zhen 5 Ji Coffee
Taiwan,2025,COE,auction,Ready to Bid on Taiwan's Best Coffees?,https://allianceforcoffeeexcellence.org/taiwan-2025/,2,25,NA,NA,NA,NA,87.18,success,NA,NA,NA,NA,$3481.63,NA,NA,NA,NA,NA,NA,NA,NA,NA,NA,NA,NA,"Wataru & Co., Ltd.",NA,NA,NA,NA,NA,NA,NA,NA,NA,NA,NA,NA,NA,NA,NA,NA,NA,NA,NA,NA,NA,NA,NA,NA,NA,NA,NA,NA,NA,NA,103.62lbs,$33.60/lb,NA,NA,NA,NA,NA,NA,NA,NA,NA,NA,NA,NA,NA,NA,NA,NA,NA,NA,NA,NA,NA,NA,NA,NA,NA,NA,WeiShu Farm
Taiwan,2025,COE,auction,Ready to Bid on Taiwan's Best Coffees?,https://allianceforcoffeeexcellence.org/taiwan-2025/,2,26,NA,NA,NA,NA,87.11,success,NA,NA,NA,NA,$4960.50,NA,NA,NA,NA,NA,NA,NA,NA,NA,NA,NA,NA,i.e.CAFE’ 一即企業有限公司,NA,NA,NA,NA,NA,NA,NA,NA,NA,NA,NA,NA,NA,NA,NA,NA,NA,NA,NA,NA,NA,NA,NA,NA,NA,NA,NA,NA,NA,NA,99.21lbs,$50.00/lb,NA,NA,NA,NA,NA,NA,NA,NA,NA,NA,NA,NA,NA,NA,NA,NA,NA,NA,NA,NA,NA,NA,NA,NA,NA,NA,Zhuo Wu Mountain Coffee Farm
Taiwan,2025,COE,auction,Ready to Bid on Taiwan's Best Coffees?,https://allianceforcoffeeexcellence.org/taiwan-2025/,2,27,NA,NA,NA,NA,87.03,success,NA,NA,NA,NA,$2383.14,NA,NA,NA,NA,NA,NA,NA,NA,NA,NA,NA,NA,"Wataru & Co., Ltd.",NA,NA,NA,NA,NA,NA,NA,NA,NA,NA,NA,NA,NA,NA,NA,NA,NA,NA,NA,NA,NA,NA,NA,NA,NA,NA,NA,NA,NA,NA,101.41lbs,$23.50/lb,NA,NA,NA,NA,NA,NA,NA,NA,NA,NA,NA,NA,NA,NA,NA,NA,NA,NA,NA,NA,NA,NA,NA,NA,NA,NA,JinYunSin Tea Coffee Fram
Thailand,2023,COE,auction,NA,https://allianceforcoffeeexcellence.org/thailand-2023/,2,1a,NA,NA,NA,NA,91.13,success,NA,NA,NA,$69.50,NA,NA,NA,NA,NA,NA,Coffee De Hmong Biofarm,NA,NA,NA,"YN coffee,
Vela Ethan International Co.,Ltd,
Cuppingpost",NA,NA,NA,NA,NA,NA,NA,"$5,543.32",NA,NA,NA,NA,NA,NA,NA,NA,NA,NA,NA,NA,NA,NA,NA,NA,NA,79.76,NA,NA,NA,NA,NA,NA,NA,NA,NA,NA,NA,NA,NA,NA,NA,NA,NA,NA,NA,NA,NA,NA,NA,NA,NA,NA,NA,NA,NA,NA,NA,NA,NA,NA,NA,NA
Thailand,2023,COE,auction,NA,https://allianceforcoffeeexcellence.org/thailand-2023/,2,1b,NA,NA,NA,NA,91.13,success,NA,NA,NA,$73.30,NA,NA,NA,NA,NA,NA,Coffee De Hmong Biofarm,NA,NA,NA,CHG（手多多咖啡）、Tasty&Oracle（塔苏瑞）、BEAN SUPER豆超國際 – China,NA,NA,NA,NA,NA,NA,NA,"$4,848.06",NA,NA,NA,NA,NA,NA,NA,NA,NA,NA,NA,NA,NA,NA,NA,NA,NA,66.14,NA,NA,NA,NA,NA,NA,NA,NA,NA,NA,NA,NA,NA,NA,NA,NA,NA,NA,NA,NA,NA,NA,NA,NA,NA,NA,NA,NA,NA,NA,NA,NA,NA,NA,NA,NA
Thailand,2023,COE,auction,NA,https://allianceforcoffeeexcellence.org/thailand-2023/,2,2,NA,NA,NA,NA,89.5,success,NA,NA,NA,$25.30,NA,NA,NA,NA,NA,NA,Phala Akha Coffee Farm,NA,NA,NA,Kyokuto Fadie Corporation – Japan,NA,NA,NA,NA,NA,NA,NA,"$3,888.86",NA,NA,NA,NA,NA,NA,NA,NA,NA,NA,NA,NA,NA,NA,NA,NA,NA,153.71,NA,NA,NA,NA,NA,NA,NA,NA,NA,NA,NA,NA,NA,NA,NA,NA,NA,NA,NA,NA,NA,NA,NA,NA,NA,NA,NA,NA,NA,NA,NA,NA,NA,NA,NA,NA
Thailand,2023,COE,auction,NA,https://allianceforcoffeeexcellence.org/thailand-2023/,2,3,NA,NA,NA,NA,89.13,success,NA,NA,NA,$45.00,NA,NA,NA,NA,NA,NA,Soft Coffee Farm,NA,NA,NA,Cuppingpost – South Korea,NA,NA,NA,NA,NA,NA,NA,"$7,968.60",NA,NA,NA,NA,NA,NA,NA,NA,NA,NA,NA,NA,NA,NA,NA,NA,NA,177.08,NA,NA,NA,NA,NA,NA,NA,NA,NA,NA,NA,NA,NA,NA,NA,NA,NA,NA,NA,NA,NA,NA,NA,NA,NA,NA,NA,NA,NA,NA,NA,NA,NA,NA,NA,NA
Thailand,2023,COE,auction,NA,https://allianceforcoffeeexcellence.org/thailand-2023/,2,4,NA,NA,NA,NA,88.93,success,NA,NA,NA,$18.80,NA,NA,NA,NA,NA,NA,Cherpong village,NA,NA,NA,The Coffee Tree Roasters – United States of America,NA,NA,NA,NA,NA,NA,NA,"$2,879.78",NA,NA,NA,NA,NA,NA,NA,NA,NA,NA,NA,NA,NA,NA,NA,NA,NA,153.18,NA,NA,NA,NA,NA,NA,NA,NA,NA,NA,NA,NA,NA,NA,NA,NA,NA,NA,NA,NA,NA,NA,NA,NA,NA,NA,NA,NA,NA,NA,NA,NA,NA,NA,NA,NA
Thailand,2023,COE,auction,NA,https://allianceforcoffeeexcellence.org/thailand-2023/,2,5,NA,NA,NA,NA,88.8,success,NA,NA,NA,$17.30,NA,NA,NA,NA,NA,NA,Amazingcoffee at Mae Chan Tai,NA,NA,NA,Kizuna Roaster & Co. – Hong Kong,NA,NA,NA,NA,NA,NA,NA,"$2,680.46",NA,NA,NA,NA,NA,NA,NA,NA,NA,NA,NA,NA,NA,NA,NA,NA,NA,154.94,NA,NA,NA,NA,NA,NA,NA,NA,NA,NA,NA,NA,NA,NA,NA,NA,NA,NA,NA,NA,NA,NA,NA,NA,NA,NA,NA,NA,NA,NA,NA,NA,NA,NA,NA,NA
Thailand,2023,COE,auction,NA,https://allianceforcoffeeexcellence.org/thailand-2023/,2,6,NA,NA,NA,NA,88.8,success,NA,NA,NA,$15.10,NA,NA,NA,NA,NA,NA,Doi Pakgud coffee,NA,NA,NA,Full Sweet Coffee – Taiwan,NA,NA,NA,NA,NA,NA,NA,"$2,574.70",NA,NA,NA,NA,NA,NA,NA,NA,NA,NA,NA,NA,NA,NA,NA,NA,NA,170.51,NA,NA,NA,NA,NA,NA,NA,NA,NA,NA,NA,NA,NA,NA,NA,NA,NA,NA,NA,NA,NA,NA,NA,NA,NA,NA,NA,NA,NA,NA,NA,NA,NA,NA,NA,NA
Thailand,2023,COE,auction,NA,https://allianceforcoffeeexcellence.org/thailand-2023/,2,7,NA,NA,NA,NA,88.73,success,NA,NA,NA,$25.60,NA,NA,NA,NA,NA,NA,DoiTung,NA,NA,NA,"KALDI COFFEE FARM (CAMEL COFFEE CO.,LTD.) – Japan",NA,NA,NA,NA,NA,NA,NA,"$4,226.05",NA,NA,NA,NA,NA,NA,NA,NA,NA,NA,NA,NA,NA,NA,NA,NA,NA,165.08,NA,NA,NA,NA,NA,NA,NA,NA,NA,NA,NA,NA,NA,NA,NA,NA,NA,NA,NA,NA,NA,NA,NA,NA,NA,NA,NA,NA,NA,NA,NA,NA,NA,NA,NA,NA
Thailand,2023,COE,auction,NA,https://allianceforcoffeeexcellence.org/thailand-2023/,2,8,NA,NA,NA,NA,88.63,success,NA,NA,NA,$15.20,NA,NA,NA,NA,NA,NA,Ma Family Coffee Farm,NA,NA,NA,Ryans Coffee Roasters – South Korea,NA,NA,NA,NA,NA,NA,NA,"$2,407.98",NA,NA,NA,NA,NA,NA,NA,NA,NA,NA,NA,NA,NA,NA,NA,NA,NA,158.42,NA,NA,NA,NA,NA,NA,NA,NA,NA,NA,NA,NA,NA,NA,NA,NA,NA,NA,NA,NA,NA,NA,NA,NA,NA,NA,NA,NA,NA,NA,NA,NA,NA,NA,NA,NA
Thailand,2023,COE,auction,NA,https://allianceforcoffeeexcellence.org/thailand-2023/,2,9,NA,NA,NA,NA,88.6,success,NA,NA,NA,$12.10,NA,NA,NA,NA,NA,NA,Doi Nan,NA,NA,NA,Mercanta The Coffee Hunters for Alchemist Singapore,NA,NA,NA,NA,NA,NA,NA,"$2,029.53",NA,NA,NA,NA,NA,NA,NA,NA,NA,NA,NA,NA,NA,NA,NA,NA,NA,167.73,NA,NA,NA,NA,NA,NA,NA,NA,NA,NA,NA,NA,NA,NA,NA,NA,NA,NA,NA,NA,NA,NA,NA,NA,NA,NA,NA,NA,NA,NA,NA,NA,NA,NA,NA,NA
Thailand,2023,COE,auction,NA,https://allianceforcoffeeexcellence.org/thailand-2023/,2,10,NA,NA,NA,NA,88.37,success,NA,NA,NA,$13.20,NA,NA,NA,NA,NA,NA,Heramon farm,NA,NA,NA,Kizuna Roaster & Co. – Hong Kong,NA,NA,NA,NA,NA,NA,NA,"$2,092.33",NA,NA,NA,NA,NA,NA,NA,NA,NA,NA,NA,NA,NA,NA,NA,NA,NA,158.51,NA,NA,NA,NA,NA,NA,NA,NA,NA,NA,NA,NA,NA,NA,NA,NA,NA,NA,NA,NA,NA,NA,NA,NA,NA,NA,NA,NA,NA,NA,NA,NA,NA,NA,NA,NA
Thailand,2023,COE,auction,NA,https://allianceforcoffeeexcellence.org/thailand-2023/,2,11,NA,NA,NA,NA,87.63,success,NA,NA,NA,$20.00,NA,NA,NA,NA,NA,NA,DoiTung – Scaling Project in Nan,NA,NA,NA,La Cabra – Denmark,NA,NA,NA,NA,NA,NA,NA,"$3,294.60",NA,NA,NA,NA,NA,NA,NA,NA,NA,NA,NA,NA,NA,NA,NA,NA,NA,164.73,NA,NA,NA,NA,NA,NA,NA,NA,NA,NA,NA,NA,NA,NA,NA,NA,NA,NA,NA,NA,NA,NA,NA,NA,NA,NA,NA,NA,NA,NA,NA,NA,NA,NA,NA,NA
Thailand,2023,COE,auction,NA,https://allianceforcoffeeexcellence.org/thailand-2023/,2,12,NA,NA,NA,NA,87.47,success,NA,NA,NA,$5.70,NA,NA,NA,NA,NA,NA,Follow Your Heart Coffee,NA,NA,NA,"Wataru & Co., Ltd. – Japan",NA,NA,NA,NA,NA,NA,NA,$920.38,NA,NA,NA,NA,NA,NA,NA,NA,NA,NA,NA,NA,NA,NA,NA,NA,NA,161.47,NA,NA,NA,NA,NA,NA,NA,NA,NA,NA,NA,NA,NA,NA,NA,NA,NA,NA,NA,NA,NA,NA,NA,NA,NA,NA,NA,NA,NA,NA,NA,NA,NA,NA,NA,NA
Thailand,2023,COE,auction,NA,https://allianceforcoffeeexcellence.org/thailand-2023/,2,13,NA,NA,NA,NA,87.4,success,NA,NA,NA,$12.80,NA,NA,NA,NA,NA,NA,Soyi,NA,NA,NA,"K.V.N. Import Export (1991) Co.,Ltd. – Thailand",NA,NA,NA,NA,NA,NA,NA,"$3,435.90",NA,NA,NA,NA,NA,NA,NA,NA,NA,NA,NA,NA,NA,NA,NA,NA,NA,268.43,NA,NA,NA,NA,NA,NA,NA,NA,NA,NA,NA,NA,NA,NA,NA,NA,NA,NA,NA,NA,NA,NA,NA,NA,NA,NA,NA,NA,NA,NA,NA,NA,NA,NA,NA,NA
Thailand,2023,COE,auction,NA,https://allianceforcoffeeexcellence.org/thailand-2023/,2,14,NA,NA,NA,NA,87.3,success,NA,NA,NA,$20.00,NA,NA,NA,NA,NA,NA,Karen Farm,NA,NA,NA,"SHRUB COFFEE ,FUKUSUKE COFFEE ROASTERY ,新田珈琲  and  Glams Coffee Roastery by Marukai",NA,NA,NA,NA,NA,NA,NA,"$3,413.60",NA,NA,NA,NA,NA,NA,NA,NA,NA,NA,NA,NA,NA,NA,NA,NA,NA,170.68,NA,NA,NA,NA,NA,NA,NA,NA,NA,NA,NA,NA,NA,NA,NA,NA,NA,NA,NA,NA,NA,NA,NA,NA,NA,NA,NA,NA,NA,NA,NA,NA,NA,NA,NA,NA
Thailand,2023,COE,auction,NA,https://allianceforcoffeeexcellence.org/thailand-2023/,2,15,NA,NA,NA,NA,87.2,success,NA,NA,NA,$9.40,NA,NA,NA,NA,NA,NA,Apae,NA,NA,NA,KAFFEBRENNERIET AS – Norway,NA,NA,NA,NA,NA,NA,NA,"$2,915.41",NA,NA,NA,NA,NA,NA,NA,NA,NA,NA,NA,NA,NA,NA,NA,NA,NA,310.15,NA,NA,NA,NA,NA,NA,NA,NA,NA,NA,NA,NA,NA,NA,NA,NA,NA,NA,NA,NA,NA,NA,NA,NA,NA,NA,NA,NA,NA,NA,NA,NA,NA,NA,NA,NA
Thailand,2023,COE,auction,NA,https://allianceforcoffeeexcellence.org/thailand-2023/,2,16,NA,NA,NA,NA,87.2,success,NA,NA,NA,$6.10,NA,NA,NA,NA,NA,NA,Praiwan estate,NA,NA,NA,"Wataru & Co., Ltd. – Japan",NA,NA,NA,NA,NA,NA,NA,"$1,593.63",NA,NA,NA,NA,NA,NA,NA,NA,NA,NA,NA,NA,NA,NA,NA,NA,NA,261.25,NA,NA,NA,NA,NA,NA,NA,NA,NA,NA,NA,NA,NA,NA,NA,NA,NA,NA,NA,NA,NA,NA,NA,NA,NA,NA,NA,NA,NA,NA,NA,NA,NA,NA,NA,NA
Thailand,2023,NW,auction,NA,https://allianceforcoffeeexcellence.org/thailand-2023/,4,NW,NA,NA,NA,NA,86.97,success,NA,NA,NA,8.2,"$1,406.46",NA,NA,NA,NA,NA,BONGKOTSASADA CHAIPROM,NA,NA,NA,COFFEE HUNTER THAILAND,NA,NA,NA,NA,NA,NA,NA,NA,NA,NA,NA,NA,NA,NA,NA,NA,NA,NA,NA,NA,NA,NA,NA,NA,NA,171.52,NA,NA,NA,NA,NA,NA,NA,NA,NA,NA,NA,NA,NA,NA,NA,NA,NA,NA,NA,NA,NA,NA,NA,NA,NA,NA,NA,NA,NA,NA,NA,NA,NA,NA,NA,NA
Thailand,2023,NW,auction,NA,https://allianceforcoffeeexcellence.org/thailand-2023/,4,NW,NA,NA,NA,NA,86.87,success,NA,NA,NA,10.2,"$1,743.18",NA,NA,NA,NA,NA,SOFT Coffee,NA,NA,NA,COFFEE HUNTER THAILAND,NA,NA,NA,NA,NA,NA,NA,NA,NA,NA,NA,NA,NA,NA,NA,NA,NA,NA,NA,NA,NA,NA,NA,NA,NA,170.9,NA,NA,NA,NA,NA,NA,NA,NA,NA,NA,NA,NA,NA,NA,NA,NA,NA,NA,NA,NA,NA,NA,NA,NA,NA,NA,NA,NA,NA,NA,NA,NA,NA,NA,NA,NA
Thailand,2023,NW,auction,NA,https://allianceforcoffeeexcellence.org/thailand-2023/,4,NW,NA,NA,NA,NA,86.83,success,NA,NA,NA,4,$925.04,NA,NA,NA,NA,NA,Riadindee Tea&coffee,NA,NA,NA,COFFEE HUNTER THAILAND,NA,NA,NA,NA,NA,NA,NA,NA,NA,NA,NA,NA,NA,NA,NA,NA,NA,NA,NA,NA,NA,NA,NA,NA,NA,231.26,NA,NA,NA,NA,NA,NA,NA,NA,NA,NA,NA,NA,NA,NA,NA,NA,NA,NA,NA,NA,NA,NA,NA,NA,NA,NA,NA,NA,NA,NA,NA,NA,NA,NA,NA,NA
Thailand,2023,NW,auction,NA,https://allianceforcoffeeexcellence.org/thailand-2023/,4,NW,NA,NA,NA,NA,86.5,success,NA,NA,NA,5.6,"$3,836.62",NA,NA,NA,NA,NA,PIYAMAPORN WANMANEE,NA,NA,NA,COFFEE HUNTER THAILAND,NA,NA,NA,NA,NA,NA,NA,NA,NA,NA,NA,NA,NA,NA,NA,NA,NA,NA,NA,NA,NA,NA,NA,NA,NA,685.11,NA,NA,NA,NA,NA,NA,NA,NA,NA,NA,NA,NA,NA,NA,NA,NA,NA,NA,NA,NA,NA,NA,NA,NA,NA,NA,NA,NA,NA,NA,NA,NA,NA,NA,NA,NA
Thailand,2023,NW,auction,NA,https://allianceforcoffeeexcellence.org/thailand-2023/,4,NW,NA,NA,NA,NA,86.3,success,NA,NA,NA,4,"$1,100.00",NA,NA,NA,NA,NA,ATAcoffeefarm,NA,NA,NA,COFFEE HUNTER THAILAND,NA,NA,NA,NA,NA,NA,NA,NA,NA,NA,NA,NA,NA,NA,NA,NA,NA,NA,NA,NA,NA,NA,NA,NA,NA,275,NA,NA,NA,NA,NA,NA,NA,NA,NA,NA,NA,NA,NA,NA,NA,NA,NA,NA,NA,NA,NA,NA,NA,NA,NA,NA,NA,NA,NA,NA,NA,NA,NA,NA,NA,NA
Thailand,2023,NW,auction,NA,https://allianceforcoffeeexcellence.org/thailand-2023/,4,NW,NA,NA,NA,NA,86.13,success,NA,NA,NA,12.3,"$2,368.98",NA,NA,NA,NA,NA,SAENCHAI JUPO,NA,NA,NA,"Coffee Therapy (Thailand), Coffee Me Up (Korea)
Bla Bla Bla Coffee Energy,
Eights A Day",NA,NA,NA,NA,NA,NA,NA,NA,NA,NA,NA,NA,NA,NA,NA,NA,NA,NA,NA,NA,NA,NA,NA,NA,NA,192.6,NA,NA,NA,NA,NA,NA,NA,NA,NA,NA,NA,NA,NA,NA,NA,NA,NA,NA,NA,NA,NA,NA,NA,NA,NA,NA,NA,NA,NA,NA,NA,NA,NA,NA,NA,NA
Thailand,2023,NW,auction,NA,https://allianceforcoffeeexcellence.org/thailand-2023/,4,NW,NA,NA,NA,NA,86.1,success,NA,NA,NA,8.1,"$1,469.34",NA,NA,NA,NA,NA,Rai Doi Nan Coffee Farm,NA,NA,NA,COFFEE HUNTER THAILAND,NA,NA,NA,NA,NA,NA,NA,NA,NA,NA,NA,NA,NA,NA,NA,NA,NA,NA,NA,NA,NA,NA,NA,NA,NA,181.4,NA,NA,NA,NA,NA,NA,NA,NA,NA,NA,NA,NA,NA,NA,NA,NA,NA,NA,NA,NA,NA,NA,NA,NA,NA,NA,NA,NA,NA,NA,NA,NA,NA,NA,NA,NA
Thailand,2023,NW,auction,NA,https://allianceforcoffeeexcellence.org/thailand-2023/,4,NW,NA,NA,NA,NA,85.93,success,NA,NA,NA,4.6,$942.31,NA,NA,NA,NA,NA,FINCA CECRATA,NA,NA,NA,COFFEE HUNTER THAILAND,NA,NA,NA,NA,NA,NA,NA,NA,NA,NA,NA,NA,NA,NA,NA,NA,NA,NA,NA,NA,NA,NA,NA,NA,NA,204.85,NA,NA,NA,NA,NA,NA,NA,NA,NA,NA,NA,NA,NA,NA,NA,NA,NA,NA,NA,NA,NA,NA,NA,NA,NA,NA,NA,NA,NA,NA,NA,NA,NA,NA,NA,NA
Thailand,2024,COE,auction,NA,https://allianceforcoffeeexcellence.org/thailand-2024/,2,1A,NA,Coffee De Hmong Bio,NA,NA,91.80,success,NA,NA,NA,NA,"$8,373.32",NA,NA,NA,NA,NA,NA,NA,NA,NA,Angelino’s Coffee,NA,NA,NA,NA,NA,NA,NA,NA,NA,NA,NA,NA,NA,NA,NA,NA,NA,NA,NA,NA,NA,NA,NA,NA,NA,99.21,$84.40,NA,NA,NA,NA,NA,NA,NA,NA,NA,NA,NA,NA,NA,NA,NA,NA,NA,NA,NA,NA,NA,NA,NA,NA,NA,NA,NA,NA,NA,NA,NA,NA,NA,NA,NA
Thailand,2024,COE,auction,NA,https://allianceforcoffeeexcellence.org/thailand-2024/,2,1B,NA,Coffee De Hmong Bio,NA,NA,91.80,success,NA,NA,NA,NA,"$7,758.67",NA,NA,NA,NA,NA,NA,NA,NA,NA,Fadie Sasaguri Roastery Corporation and Taniguchi Coffee,NA,NA,NA,NA,NA,NA,NA,NA,NA,NA,NA,NA,NA,NA,NA,NA,NA,NA,NA,NA,NA,NA,NA,NA,NA,91.71,$84.60,NA,NA,NA,NA,NA,NA,NA,NA,NA,NA,NA,NA,NA,NA,NA,NA,NA,NA,NA,NA,NA,NA,NA,NA,NA,NA,NA,NA,NA,NA,NA,NA,NA,NA,NA
Thailand,2024,COE,auction,NA,https://allianceforcoffeeexcellence.org/thailand-2024/,2,2A,NA,SOFT Coffee,NA,NA,90.16,success,NA,NA,NA,NA,"$4,334.36",NA,NA,NA,NA,NA,NA,NA,NA,NA,taf coffee,NA,NA,NA,NA,NA,NA,NA,NA,NA,NA,NA,NA,NA,NA,NA,NA,NA,NA,NA,NA,NA,NA,NA,NA,NA,99.87,$43.40,NA,NA,NA,NA,NA,NA,NA,NA,NA,NA,NA,NA,NA,NA,NA,NA,NA,NA,NA,NA,NA,NA,NA,NA,NA,NA,NA,NA,NA,NA,NA,NA,NA,NA,NA
Thailand,2024,COE,auction,NA,https://allianceforcoffeeexcellence.org/thailand-2024/,2,2B,NA,SOFT Coffee,NA,NA,90.16,success,NA,NA,NA,NA,"$4,324.37",NA,NA,NA,NA,NA,NA,NA,NA,NA,TAKAMURA COFFEE ROASTERS by MARUKAI,NA,NA,NA,NA,NA,NA,NA,NA,NA,NA,NA,NA,NA,NA,NA,NA,NA,NA,NA,NA,NA,NA,NA,NA,NA,99.87,$43.30,NA,NA,NA,NA,NA,NA,NA,NA,NA,NA,NA,NA,NA,NA,NA,NA,NA,NA,NA,NA,NA,NA,NA,NA,NA,NA,NA,NA,NA,NA,NA,NA,NA,NA,NA
Thailand,2024,COE,auction,NA,https://allianceforcoffeeexcellence.org/thailand-2024/,2,3,NA,Live Specialty,NA,NA,89.77,success,NA,NA,NA,NA,"$4,237.20",NA,NA,NA,NA,NA,NA,NA,NA,NA,Sulalat Coffee Trading,NA,NA,NA,NA,NA,NA,NA,NA,NA,NA,NA,NA,NA,NA,NA,NA,NA,NA,NA,NA,NA,NA,NA,NA,NA,150.79,$28.10,NA,NA,NA,NA,NA,NA,NA,NA,NA,NA,NA,NA,NA,NA,NA,NA,NA,NA,NA,NA,NA,NA,NA,NA,NA,NA,NA,NA,NA,NA,NA,NA,NA,NA,NA
Thailand,2024,COE,auction,NA,https://allianceforcoffeeexcellence.org/thailand-2024/,2,4,NA,yosniyom coffee farm,NA,NA,89.20,success,NA,NA,NA,NA,"$3,243.74",NA,NA,NA,NA,NA,NA,NA,NA,NA,ORO ROASTERS (SAUDI ARABIA),NA,NA,NA,NA,NA,NA,NA,NA,NA,NA,NA,NA,NA,NA,NA,NA,NA,NA,NA,NA,NA,NA,NA,NA,NA,161.38,$20.10,NA,NA,NA,NA,NA,NA,NA,NA,NA,NA,NA,NA,NA,NA,NA,NA,NA,NA,NA,NA,NA,NA,NA,NA,NA,NA,NA,NA,NA,NA,NA,NA,NA,NA,NA
Thailand,2024,COE,auction,NA,https://allianceforcoffeeexcellence.org/thailand-2024/,2,5,NA,Cherdpong Village,NA,NA,88.78,success,NA,NA,NA,NA,"$2,339.28",NA,NA,NA,NA,NA,NA,NA,NA,NA,TABLA COMPANY LIMITED,NA,NA,NA,NA,NA,NA,NA,NA,NA,NA,NA,NA,NA,NA,NA,NA,NA,NA,NA,NA,NA,NA,NA,NA,NA,173.28,$13.50,NA,NA,NA,NA,NA,NA,NA,NA,NA,NA,NA,NA,NA,NA,NA,NA,NA,NA,NA,NA,NA,NA,NA,NA,NA,NA,NA,NA,NA,NA,NA,NA,NA,NA,NA
Thailand,2024,COE,auction,NA,https://allianceforcoffeeexcellence.org/thailand-2024/,2,6,NA,Chatchai organic coffee farming,NA,NA,88.75,success,NA,NA,NA,NA,"$3,820.14",NA,NA,NA,NA,NA,NA,NA,NA,NA,Full Sweet Coffee,NA,NA,NA,NA,NA,NA,NA,NA,NA,NA,NA,NA,NA,NA,NA,NA,NA,NA,NA,NA,NA,NA,NA,NA,NA,201.06,$19.00,NA,NA,NA,NA,NA,NA,NA,NA,NA,NA,NA,NA,NA,NA,NA,NA,NA,NA,NA,NA,NA,NA,NA,NA,NA,NA,NA,NA,NA,NA,NA,NA,NA,NA,NA
Thailand,2024,COE,auction,NA,https://allianceforcoffeeexcellence.org/thailand-2024/,2,7,NA,Amazingcoffee BY บ้านแม่จันใต้,NA,NA,88.53,success,NA,NA,NA,NA,"$3,216.89",NA,NA,NA,NA,NA,NA,NA,NA,NA,COFFEE potohoto,NA,NA,NA,NA,NA,NA,NA,NA,NA,NA,NA,NA,NA,NA,NA,NA,NA,NA,NA,NA,NA,NA,NA,NA,NA,169.31,$19.00,NA,NA,NA,NA,NA,NA,NA,NA,NA,NA,NA,NA,NA,NA,NA,NA,NA,NA,NA,NA,NA,NA,NA,NA,NA,NA,NA,NA,NA,NA,NA,NA,NA,NA,NA
Thailand,2024,COE,auction,NA,https://allianceforcoffeeexcellence.org/thailand-2024/,2,8,NA,Priwon estate,NA,NA,88.31,success,NA,NA,NA,NA,"$4,254.88",NA,NA,NA,NA,NA,NA,NA,NA,NA,taf coffee,NA,NA,NA,NA,NA,NA,NA,NA,NA,NA,NA,NA,NA,NA,NA,NA,NA,NA,NA,NA,NA,NA,NA,NA,NA,220.46,$19.30,NA,NA,NA,NA,NA,NA,NA,NA,NA,NA,NA,NA,NA,NA,NA,NA,NA,NA,NA,NA,NA,NA,NA,NA,NA,NA,NA,NA,NA,NA,NA,NA,NA,NA,NA
Thailand,2024,COE,auction,NA,https://allianceforcoffeeexcellence.org/thailand-2024/,2,9,NA,Ma family coffee farm,NA,NA,88.06,success,NA,NA,NA,NA,"$3,142.92",NA,NA,NA,NA,NA,NA,NA,NA,NA,Campos Coffee,NA,NA,NA,NA,NA,NA,NA,NA,NA,NA,NA,NA,NA,NA,NA,NA,NA,NA,NA,NA,NA,NA,NA,NA,NA,190.48,$16.50,NA,NA,NA,NA,NA,NA,NA,NA,NA,NA,NA,NA,NA,NA,NA,NA,NA,NA,NA,NA,NA,NA,NA,NA,NA,NA,NA,NA,NA,NA,NA,NA,NA,NA,NA
Thailand,2024,COE,auction,NA,https://allianceforcoffeeexcellence.org/thailand-2024/,2,10,NA,Soyi,NA,NA,87.94,success,NA,NA,NA,NA,"$5,962.08",NA,NA,NA,NA,NA,NA,NA,NA,NA,Brew92,NA,NA,NA,NA,NA,NA,NA,NA,NA,NA,NA,NA,NA,NA,NA,NA,NA,NA,NA,NA,NA,NA,NA,NA,NA,394.84,$15.10,NA,NA,NA,NA,NA,NA,NA,NA,NA,NA,NA,NA,NA,NA,NA,NA,NA,NA,NA,NA,NA,NA,NA,NA,NA,NA,NA,NA,NA,NA,NA,NA,NA,NA,NA
Thailand,2024,COE,auction,NA,https://allianceforcoffeeexcellence.org/thailand-2024/,2,11,NA,SOFT Coffee Farm,NA,NA,87.72,success,NA,NA,NA,NA,"$3,828.73",NA,NA,NA,NA,NA,NA,NA,NA,NA,SHRUB COFFEE by MARUKAI,NA,NA,NA,NA,NA,NA,NA,NA,NA,NA,NA,NA,NA,NA,NA,NA,NA,NA,NA,NA,NA,NA,NA,NA,NA,209.22,$18.30,NA,NA,NA,NA,NA,NA,NA,NA,NA,NA,NA,NA,NA,NA,NA,NA,NA,NA,NA,NA,NA,NA,NA,NA,NA,NA,NA,NA,NA,NA,NA,NA,NA,NA,NA
Thailand,2024,COE,auction,NA,https://allianceforcoffeeexcellence.org/thailand-2024/,2,12,NA,Ma Family Coffee Farm,NA,NA,87.66,success,NA,NA,NA,NA,"$2,609.66",NA,NA,NA,NA,NA,NA,NA,NA,NA,Black Knight SA,NA,NA,NA,NA,NA,NA,NA,NA,NA,NA,NA,NA,NA,NA,NA,NA,NA,NA,NA,NA,NA,NA,NA,NA,NA,144.18,$18.10,NA,NA,NA,NA,NA,NA,NA,NA,NA,NA,NA,NA,NA,NA,NA,NA,NA,NA,NA,NA,NA,NA,NA,NA,NA,NA,NA,NA,NA,NA,NA,NA,NA,NA,NA
Thailand,2024,COE,auction,NA,https://allianceforcoffeeexcellence.org/thailand-2024/,2,13,NA,Paulo coffee farm-Pangkhon,NA,NA,87.63,success,NA,NA,NA,NA,"$1,713.44",NA,NA,NA,NA,NA,NA,NA,NA,NA,Black Knight SA,NA,NA,NA,NA,NA,NA,NA,NA,NA,NA,NA,NA,NA,NA,NA,NA,NA,NA,NA,NA,NA,NA,NA,NA,NA,147.71,$11.60,NA,NA,NA,NA,NA,NA,NA,NA,NA,NA,NA,NA,NA,NA,NA,NA,NA,NA,NA,NA,NA,NA,NA,NA,NA,NA,NA,NA,NA,NA,NA,NA,NA,NA,NA
Thailand,2024,COE,auction,NA,https://allianceforcoffeeexcellence.org/thailand-2024/,2,14,NA,AKAZA GM FARM,NA,NA,87.58,success,NA,NA,NA,NA,"$2,805.83",NA,NA,NA,NA,NA,NA,NA,NA,NA,Black Knight SA,NA,NA,NA,NA,NA,NA,NA,NA,NA,NA,NA,NA,NA,NA,NA,NA,NA,NA,NA,NA,NA,NA,NA,NA,NA,156.75,$17.90,NA,NA,NA,NA,NA,NA,NA,NA,NA,NA,NA,NA,NA,NA,NA,NA,NA,NA,NA,NA,NA,NA,NA,NA,NA,NA,NA,NA,NA,NA,NA,NA,NA,NA,NA
Thailand,2024,COE,auction,NA,https://allianceforcoffeeexcellence.org/thailand-2024/,2,15,NA,PhalaAkha coffee farm,NA,NA,87.58,success,NA,NA,NA,NA,"$2,154.24",NA,NA,NA,NA,NA,NA,NA,NA,NA,M.I.Coffee Corporation,NA,NA,NA,NA,NA,NA,NA,NA,NA,NA,NA,NA,NA,NA,NA,NA,NA,NA,NA,NA,NA,NA,NA,NA,NA,211.20,$10.20,NA,NA,NA,NA,NA,NA,NA,NA,NA,NA,NA,NA,NA,NA,NA,NA,NA,NA,NA,NA,NA,NA,NA,NA,NA,NA,NA,NA,NA,NA,NA,NA,NA,NA,NA
Thailand,2024,COE,auction,NA,https://allianceforcoffeeexcellence.org/thailand-2024/,2,16,NA,Phayoifarm,NA,NA,87.53,success,NA,NA,NA,NA,"$1,689.52",NA,NA,NA,NA,NA,NA,NA,NA,NA,"Wataru & Co., Ltd.",NA,NA,NA,NA,NA,NA,NA,NA,NA,NA,NA,NA,NA,NA,NA,NA,NA,NA,NA,NA,NA,NA,NA,NA,NA,172.40,$9.80,NA,NA,NA,NA,NA,NA,NA,NA,NA,NA,NA,NA,NA,NA,NA,NA,NA,NA,NA,NA,NA,NA,NA,NA,NA,NA,NA,NA,NA,NA,NA,NA,NA,NA,NA
Thailand,2024,COE,auction,NA,https://allianceforcoffeeexcellence.org/thailand-2024/,2,17,NA,Huai wai farm,NA,NA,87.47,success,NA,NA,NA,NA,"$2,022.23",NA,NA,NA,NA,NA,NA,NA,NA,NA,"Wataru & Co., Ltd.",NA,NA,NA,NA,NA,NA,NA,NA,NA,NA,NA,NA,NA,NA,NA,NA,NA,NA,NA,NA,NA,NA,NA,NA,NA,206.35,$9.80,NA,NA,NA,NA,NA,NA,NA,NA,NA,NA,NA,NA,NA,NA,NA,NA,NA,NA,NA,NA,NA,NA,NA,NA,NA,NA,NA,NA,NA,NA,NA,NA,NA,NA,NA
Thailand,2024,COE,auction,NA,https://allianceforcoffeeexcellence.org/thailand-2024/,2,18,NA,Priwan coffee farm,NA,NA,87.44,success,NA,NA,NA,NA,"$2,147.30",NA,NA,NA,NA,NA,NA,NA,NA,NA,"ANNA COFFEE ROASTER CO.,LTD.",NA,NA,NA,NA,NA,NA,NA,NA,NA,NA,NA,NA,NA,NA,NA,NA,NA,NA,NA,NA,NA,NA,NA,NA,NA,214.73,$10.00,NA,NA,NA,NA,NA,NA,NA,NA,NA,NA,NA,NA,NA,NA,NA,NA,NA,NA,NA,NA,NA,NA,NA,NA,NA,NA,NA,NA,NA,NA,NA,NA,NA,NA,NA
Thailand,2024,COE,auction,NA,https://allianceforcoffeeexcellence.org/thailand-2024/,2,19,NA,Hua Ha coffee Farm,NA,NA,87.33,success,NA,NA,NA,NA,"$1,823.49",NA,NA,NA,NA,NA,NA,NA,NA,NA,"K.V.N. Import Export (1991) Co.,Ltd. (Aroma Group), ALLRIDE – Coffee Roaster , af pheromones café.cnx , Tachaphum Roaster",NA,NA,NA,NA,NA,NA,NA,NA,NA,NA,NA,NA,NA,NA,NA,NA,NA,NA,NA,NA,NA,NA,NA,NA,NA,186.07,$9.80,NA,NA,NA,NA,NA,NA,NA,NA,NA,NA,NA,NA,NA,NA,NA,NA,NA,NA,NA,NA,NA,NA,NA,NA,NA,NA,NA,NA,NA,NA,NA,NA,NA,NA,NA
Thailand,2024,COE,auction,NA,https://allianceforcoffeeexcellence.org/thailand-2024/,2,20,NA,Follow Your Heart Coffee,NA,NA,87.28,success,NA,NA,NA,NA,"$2,053.07",NA,NA,NA,NA,NA,NA,NA,NA,NA,"River Phin Coffee Roasters, GoodBoyBob Coffee Roasters",NA,NA,NA,NA,NA,NA,NA,NA,NA,NA,NA,NA,NA,NA,NA,NA,NA,NA,NA,NA,NA,NA,NA,NA,NA,165.57,$12.40,NA,NA,NA,NA,NA,NA,NA,NA,NA,NA,NA,NA,NA,NA,NA,NA,NA,NA,NA,NA,NA,NA,NA,NA,NA,NA,NA,NA,NA,NA,NA,NA,NA,NA,NA
Thailand,2024,COE,auction,NA,https://allianceforcoffeeexcellence.org/thailand-2024/,2,21,NA,Uraiwan Farm,NA,NA,87.19,success,NA,NA,NA,NA,"$1,980.26",NA,NA,NA,NA,NA,NA,NA,NA,NA,"Wataru & Co., Ltd.",NA,NA,NA,NA,NA,NA,NA,NA,NA,NA,NA,NA,NA,NA,NA,NA,NA,NA,NA,NA,NA,NA,NA,NA,NA,204.15,$9.70,NA,NA,NA,NA,NA,NA,NA,NA,NA,NA,NA,NA,NA,NA,NA,NA,NA,NA,NA,NA,NA,NA,NA,NA,NA,NA,NA,NA,NA,NA,NA,NA,NA,NA,NA
Thailand,2024,COE,auction,NA,https://allianceforcoffeeexcellence.org/thailand-2024/,2,22,NA,Mae-toey,NA,NA,87.14,success,NA,NA,NA,NA,"$2,082.33",NA,NA,NA,NA,NA,NA,NA,NA,NA,WAVY COFFEE ROASTERS by MARUKAI,NA,NA,NA,NA,NA,NA,NA,NA,NA,NA,NA,NA,NA,NA,NA,NA,NA,NA,NA,NA,NA,NA,NA,NA,NA,204.15,$10.20,NA,NA,NA,NA,NA,NA,NA,NA,NA,NA,NA,NA,NA,NA,NA,NA,NA,NA,NA,NA,NA,NA,NA,NA,NA,NA,NA,NA,NA,NA,NA,NA,NA,NA,NA
Thailand,2024,COE,auction,NA,https://allianceforcoffeeexcellence.org/thailand-2024/,2,23,NA,Rai DinDee,NA,NA,87.09,success,NA,NA,NA,NA,"$1,564.46",NA,NA,NA,NA,NA,NA,NA,NA,NA,Wataru for Taniguchi Coffee,NA,NA,NA,NA,NA,NA,NA,NA,NA,NA,NA,NA,NA,NA,NA,NA,NA,NA,NA,NA,NA,NA,NA,NA,NA,164.68,$9.50,NA,NA,NA,NA,NA,NA,NA,NA,NA,NA,NA,NA,NA,NA,NA,NA,NA,NA,NA,NA,NA,NA,NA,NA,NA,NA,NA,NA,NA,NA,NA,NA,NA,NA,NA
Thailand,2024,COE,auction,NA,https://allianceforcoffeeexcellence.org/thailand-2024/,2,24,NA,DoiTung,NA,NA,87.06,success,NA,NA,NA,NA,"$2,979.59",NA,NA,NA,NA,NA,NA,NA,NA,NA,Cypher Urban Roastery,NA,NA,NA,NA,NA,NA,NA,NA,NA,NA,NA,NA,NA,NA,NA,NA,NA,NA,NA,NA,NA,NA,NA,NA,NA,175.27,$17.00,NA,NA,NA,NA,NA,NA,NA,NA,NA,NA,NA,NA,NA,NA,NA,NA,NA,NA,NA,NA,NA,NA,NA,NA,NA,NA,NA,NA,NA,NA,NA,NA,NA,NA,NA
Thailand,2024,COE,auction,NA,https://allianceforcoffeeexcellence.org/thailand-2024/,2,25,NA,Lee family,NA,NA,87.05,success,NA,NA,NA,NA,"$2,320.07",NA,NA,NA,NA,NA,NA,NA,NA,NA,"Wataru & Co., Ltd.",NA,NA,NA,NA,NA,NA,NA,NA,NA,NA,NA,NA,NA,NA,NA,NA,NA,NA,NA,NA,NA,NA,NA,NA,NA,234.35,$9.90,NA,NA,NA,NA,NA,NA,NA,NA,NA,NA,NA,NA,NA,NA,NA,NA,NA,NA,NA,NA,NA,NA,NA,NA,NA,NA,NA,NA,NA,NA,NA,NA,NA,NA,NA
Thailand,2024,COE,auction,NA,https://allianceforcoffeeexcellence.org/thailand-2024/,2,26,NA,Saenchai estate,NA,NA,87.00,success,NA,NA,NA,NA,"$2,160.97",NA,NA,NA,NA,NA,NA,NA,NA,NA,Bunah,NA,NA,NA,NA,NA,NA,NA,NA,NA,NA,NA,NA,NA,NA,NA,NA,NA,NA,NA,NA,NA,NA,NA,NA,NA,211.86,$10.20,NA,NA,NA,NA,NA,NA,NA,NA,NA,NA,NA,NA,NA,NA,NA,NA,NA,NA,NA,NA,NA,NA,NA,NA,NA,NA,NA,NA,NA,NA,NA,NA,NA,NA,NA
Thailand,2024,COE,auction,NA,https://allianceforcoffeeexcellence.org/thailand-2024/,2,27,NA,Naiying Farm,NA,NA,87.00,success,NA,NA,NA,NA,"$3,007.52",NA,NA,NA,NA,NA,NA,NA,NA,NA,VAYGA SAS – Kawa Coffee,NA,NA,NA,NA,NA,NA,NA,NA,NA,NA,NA,NA,NA,NA,NA,NA,NA,NA,NA,NA,NA,NA,NA,NA,NA,303.79,$9.90,NA,NA,NA,NA,NA,NA,NA,NA,NA,NA,NA,NA,NA,NA,NA,NA,NA,NA,NA,NA,NA,NA,NA,NA,NA,NA,NA,NA,NA,NA,NA,NA,NA,NA,NA
Thailand,2024,NW,auction,NA,https://allianceforcoffeeexcellence.org/thailand-2024/,4,NW,NA,Hoa Ha coffee Farm,NA,NA,86.98,success,NA,NA,NA,NA,"$1,273.56",NA,NA,NA,NA,NA,NA,NA,NA,NA,Ryans Coffee Roasters,NA,NA,NA,NA,NA,NA,NA,NA,NA,NA,NA,NA,NA,NA,NA,NA,NA,NA,NA,NA,NA,NA,NA,NA,NA,208.78,$6.10,NA,NA,NA,NA,NA,NA,NA,NA,NA,NA,NA,NA,NA,NA,NA,NA,NA,NA,NA,NA,NA,NA,NA,NA,NA,NA,NA,NA,NA,NA,NA,NA,NA,NA,NA
Thailand,2024,NW,auction,NA,https://allianceforcoffeeexcellence.org/thailand-2024/,4,NW,NA,Phupha Estate,NA,NA,86.86,success,NA,NA,NA,NA,"$2,625.08",NA,NA,NA,NA,NA,NA,NA,NA,NA,"K.V.N. Import Export (1991) Co., Ltd. (Aroma Group), ALLRIDE – Coffee Roaster",NA,NA,NA,NA,NA,NA,NA,NA,NA,NA,NA,NA,NA,NA,NA,NA,NA,NA,NA,NA,NA,NA,NA,NA,NA,194.45,$13.50,NA,NA,NA,NA,NA,NA,NA,NA,NA,NA,NA,NA,NA,NA,NA,NA,NA,NA,NA,NA,NA,NA,NA,NA,NA,NA,NA,NA,NA,NA,NA,NA,NA,NA,NA
Thailand,2024,NW,auction,NA,https://allianceforcoffeeexcellence.org/thailand-2024/,4,NW,NA,PHALA AKHA COFFEE FARM,NA,NA,86.63,success,NA,NA,NA,NA,$981.29,NA,NA,NA,NA,NA,NA,NA,NA,NA,Bunah,NA,NA,NA,NA,NA,NA,NA,NA,NA,NA,NA,NA,NA,NA,NA,NA,NA,NA,NA,NA,NA,NA,NA,NA,NA,188.71,$5.20,NA,NA,NA,NA,NA,NA,NA,NA,NA,NA,NA,NA,NA,NA,NA,NA,NA,NA,NA,NA,NA,NA,NA,NA,NA,NA,NA,NA,NA,NA,NA,NA,NA,NA,NA
Thailand,2024,NW,auction,NA,https://allianceforcoffeeexcellence.org/thailand-2024/,4,NW,NA,Com back coffee by Mae Jan Tai,NA,NA,86.61,success,NA,NA,NA,NA,"$1,744.42",NA,NA,NA,NA,NA,NA,NA,NA,NA,"K.V.N. Import Export (1991) Co.,Ltd. (Aroma Group), ALLRIDE – Coffee Roaster , Tachaphum Roaster",NA,NA,NA,NA,NA,NA,NA,NA,NA,NA,NA,NA,NA,NA,NA,NA,NA,NA,NA,NA,NA,NA,NA,NA,NA,242.28,$7.20,NA,NA,NA,NA,NA,NA,NA,NA,NA,NA,NA,NA,NA,NA,NA,NA,NA,NA,NA,NA,NA,NA,NA,NA,NA,NA,NA,NA,NA,NA,NA,NA,NA,NA,NA
Thailand,2025,COE,auction,NA,https://allianceforcoffeeexcellence.org/thailand-2025/,2,1A,NA,NA,NA,NA,"90,80",success,NA,NA,NA,NA,$7400.27,NA,NA,NA,NA,NA,Discovery coffee farm,NA,NA,NA,NA,NA,NA,UNO/ Koff & Bun,NA,NA,NA,NA,NA,NA,NA,NA,NA,NA,NA,NA,NA,NA,NA,NA,NA,NA,NA,NA,NA,NA,NA,NA,NA,NA,NA,NA,NA,NA,147.71lbs,$50.10/lb,NA,NA,NA,NA,NA,NA,NA,NA,NA,NA,NA,NA,NA,NA,NA,NA,NA,NA,NA,NA,NA,NA,NA,NA,NA,NA,NA
Thailand,2025,COE,auction,NA,https://allianceforcoffeeexcellence.org/thailand-2025/,2,1B,NA,NA,NA,NA,"90,80",success,NA,NA,NA,NA,$6693.37,NA,NA,NA,NA,NA,Discovery coffee farm,NA,NA,NA,NA,NA,NA,Baristaneer Coffee Academy,NA,NA,NA,NA,NA,NA,NA,NA,NA,NA,NA,NA,NA,NA,NA,NA,NA,NA,NA,NA,NA,NA,NA,NA,NA,NA,NA,NA,NA,NA,132.28lbs,$50.60/lb,NA,NA,NA,NA,NA,NA,NA,NA,NA,NA,NA,NA,NA,NA,NA,NA,NA,NA,NA,NA,NA,NA,NA,NA,NA,NA,NA
Thailand,2025,COE,auction,NA,https://allianceforcoffeeexcellence.org/thailand-2025/,2,2A,NA,NA,NA,NA,"90,37",success,NA,NA,NA,NA,$6098.11,NA,NA,NA,NA,NA,Discovery coffee farm,NA,NA,NA,NA,NA,NA,UNO/ Koff & Bun,NA,NA,NA,NA,NA,NA,NA,NA,NA,NA,NA,NA,NA,NA,NA,NA,NA,NA,NA,NA,NA,NA,NA,NA,NA,NA,NA,NA,NA,NA,132.28lbs,$46.10/lb,NA,NA,NA,NA,NA,NA,NA,NA,NA,NA,NA,NA,NA,NA,NA,NA,NA,NA,NA,NA,NA,NA,NA,NA,NA,NA,NA
Thailand,2025,COE,auction,NA,https://allianceforcoffeeexcellence.org/thailand-2025/,2,2B,NA,NA,NA,NA,"90,37",success,NA,NA,NA,NA,$5565.38,NA,NA,NA,NA,NA,Discovery coffee farm,NA,NA,NA,NA,NA,NA,Baristaneer Coffee Academy,NA,NA,NA,NA,NA,NA,NA,NA,NA,NA,NA,NA,NA,NA,NA,NA,NA,NA,NA,NA,NA,NA,NA,NA,NA,NA,NA,NA,NA,NA,121.25lbs,$45.90/lb,NA,NA,NA,NA,NA,NA,NA,NA,NA,NA,NA,NA,NA,NA,NA,NA,NA,NA,NA,NA,NA,NA,NA,NA,NA,NA,NA
Thailand,2025,COE,auction,NA,https://allianceforcoffeeexcellence.org/thailand-2025/,2,3,NA,NA,NA,NA,"89,90",success,NA,NA,NA,NA,$8526.87,NA,NA,NA,NA,NA,Saenchai estate,NA,NA,NA,NA,NA,NA,Black Knight,NA,NA,NA,NA,NA,NA,NA,NA,NA,NA,NA,NA,NA,NA,NA,NA,NA,NA,NA,NA,NA,NA,NA,NA,NA,NA,NA,NA,NA,NA,182.98lbs,$46.60/lb,NA,NA,NA,NA,NA,NA,NA,NA,NA,NA,NA,NA,NA,NA,NA,NA,NA,NA,NA,NA,NA,NA,NA,NA,NA,NA,NA
Thailand,2025,COE,auction,NA,https://allianceforcoffeeexcellence.org/thailand-2025/,2,4,NA,NA,NA,NA,"89,77",success,NA,NA,NA,NA,$5842.12,NA,NA,NA,NA,NA,Doi Tung Development Project,NA,NA,NA,NA,NA,NA,SUPREMO COFFEE,NA,NA,NA,NA,NA,NA,NA,NA,NA,NA,NA,NA,NA,NA,NA,NA,NA,NA,NA,NA,NA,NA,NA,NA,NA,NA,NA,NA,NA,NA,160.94lbs,$36.30/lb,NA,NA,NA,NA,NA,NA,NA,NA,NA,NA,NA,NA,NA,NA,NA,NA,NA,NA,NA,NA,NA,NA,NA,NA,NA,NA,NA
Thailand,2025,COE,auction,NA,https://allianceforcoffeeexcellence.org/thailand-2025/,2,5,NA,NA,NA,NA,"89,47",success,NA,NA,NA,NA,$9138.72,NA,NA,NA,NA,NA,Coffee De Hmong Bio Farm,NA,NA,NA,NA,NA,NA,"Tatido Coffee Roasters (INDONESIA), TWO HANDS FULL (INDONESIA), A Roastworks (INDONESIA), Vulcan Coffee, Pyroast",NA,NA,NA,NA,NA,NA,NA,NA,NA,NA,NA,NA,NA,NA,NA,NA,NA,NA,NA,NA,NA,NA,NA,NA,NA,NA,NA,NA,NA,NA,189.6lbs,$48.20/lb,NA,NA,NA,NA,NA,NA,NA,NA,NA,NA,NA,NA,NA,NA,NA,NA,NA,NA,NA,NA,NA,NA,NA,NA,NA,NA,NA
Thailand,2025,COE,auction,NA,https://allianceforcoffeeexcellence.org/thailand-2025/,2,6,NA,NA,NA,NA,"89,27",success,NA,NA,NA,NA,$5661.48,NA,NA,NA,NA,NA,Doi Tung Development Project,NA,NA,NA,NA,NA,NA,Kafema,NA,NA,NA,NA,NA,NA,NA,NA,NA,NA,NA,NA,NA,NA,NA,NA,NA,NA,NA,NA,NA,NA,NA,NA,NA,NA,NA,NA,NA,NA,176.37lbs,$32.10/lb,NA,NA,NA,NA,NA,NA,NA,NA,NA,NA,NA,NA,NA,NA,NA,NA,NA,NA,NA,NA,NA,NA,NA,NA,NA,NA,NA
Thailand,2025,COE,auction,NA,https://allianceforcoffeeexcellence.org/thailand-2025/,2,7,NA,NA,NA,NA,"89,13",success,NA,NA,NA,NA,$7870.45,NA,NA,NA,NA,NA,Ching family farm,NA,NA,NA,NA,NA,NA,Kafema,NA,NA,NA,NA,NA,NA,NA,NA,NA,NA,NA,NA,NA,NA,NA,NA,NA,NA,NA,NA,NA,NA,NA,NA,NA,NA,NA,NA,NA,NA,224.87lbs,$35.00/lb,NA,NA,NA,NA,NA,NA,NA,NA,NA,NA,NA,NA,NA,NA,NA,NA,NA,NA,NA,NA,NA,NA,NA,NA,NA,NA,NA
Thailand,2025,COE,auction,NA,https://allianceforcoffeeexcellence.org/thailand-2025/,2,8,NA,NA,NA,NA,"88,87",success,NA,NA,NA,NA,$11703.37,NA,NA,NA,NA,NA,yosniyom coffee farm,NA,NA,NA,NA,NA,NA,WOLF ROASTERY,NA,NA,NA,NA,NA,NA,NA,NA,NA,NA,NA,NA,NA,NA,NA,NA,NA,NA,NA,NA,NA,NA,NA,NA,NA,NA,NA,NA,NA,NA,559.97lbs,$20.90/lb,NA,NA,NA,NA,NA,NA,NA,NA,NA,NA,NA,NA,NA,NA,NA,NA,NA,NA,NA,NA,NA,NA,NA,NA,NA,NA,NA
Thailand,2025,COE,auction,NA,https://allianceforcoffeeexcellence.org/thailand-2025/,2,9,NA,NA,NA,NA,"88,83",success,NA,NA,NA,NA,$6724.63,NA,NA,NA,NA,NA,Sahayrernfarm,NA,NA,NA,NA,NA,NA,ICU COFFEE,NA,NA,NA,NA,NA,NA,NA,NA,NA,NA,NA,NA,NA,NA,NA,NA,NA,NA,NA,NA,NA,NA,NA,NA,NA,NA,NA,NA,NA,NA,222.67lbs,$30.20/lb,NA,NA,NA,NA,NA,NA,NA,NA,NA,NA,NA,NA,NA,NA,NA,NA,NA,NA,NA,NA,NA,NA,NA,NA,NA,NA,NA
Thailand,2025,COE,auction,NA,https://allianceforcoffeeexcellence.org/thailand-2025/,2,10,NA,NA,NA,NA,"88,47",success,NA,NA,NA,NA,$10031.06,NA,NA,NA,NA,NA,Chatchai Organic Coffee Farming,NA,NA,NA,NA,NA,NA,ORO ROASTERS,NA,NA,NA,NA,NA,NA,NA,NA,NA,NA,NA,NA,NA,NA,NA,NA,NA,NA,NA,NA,NA,NA,NA,NA,NA,NA,NA,NA,NA,NA,385.81lbs,$26.00/lb,NA,NA,NA,NA,NA,NA,NA,NA,NA,NA,NA,NA,NA,NA,NA,NA,NA,NA,NA,NA,NA,NA,NA,NA,NA,NA,NA
Thailand,2025,COE,auction,NA,https://allianceforcoffeeexcellence.org/thailand-2025/,2,11,NA,NA,NA,NA,"88,43",success,NA,NA,NA,NA,$3512.03,NA,NA,NA,NA,NA,Pakakayo Family,NA,NA,NA,NA,NA,NA,Nylon Coffee Pte Ltd and SAVAYA-USA,NA,NA,NA,NA,NA,NA,NA,NA,NA,NA,NA,NA,NA,NA,NA,NA,NA,NA,NA,NA,NA,NA,NA,NA,NA,NA,NA,NA,NA,NA,198.42lbs,$17.70/lb,NA,NA,NA,NA,NA,NA,NA,NA,NA,NA,NA,NA,NA,NA,NA,NA,NA,NA,NA,NA,NA,NA,NA,NA,NA,NA,NA
Thailand,2025,COE,auction,NA,https://allianceforcoffeeexcellence.org/thailand-2025/,2,12,NA,NA,NA,NA,"88,43",success,NA,NA,NA,NA,$3499.97,NA,NA,NA,NA,NA,Phupha Estate,NA,NA,NA,NA,NA,NA,Brew92 Cafe & Roastery,NA,NA,NA,NA,NA,NA,NA,NA,NA,NA,NA,NA,NA,NA,NA,NA,NA,NA,NA,NA,NA,NA,NA,NA,NA,NA,NA,NA,NA,NA,178.57lbs,$19.60/lb,NA,NA,NA,NA,NA,NA,NA,NA,NA,NA,NA,NA,NA,NA,NA,NA,NA,NA,NA,NA,NA,NA,NA,NA,NA,NA,NA
Thailand,2025,COE,auction,NA,https://allianceforcoffeeexcellence.org/thailand-2025/,2,13,NA,NA,NA,NA,"88,23",success,NA,NA,NA,NA,$7162.85,NA,NA,NA,NA,NA,SOFT Coffee farm,NA,NA,NA,NA,NA,NA,"Wataru & Co., Ltd.",NA,NA,NA,NA,NA,NA,NA,NA,NA,NA,NA,NA,NA,NA,NA,NA,NA,NA,NA,NA,NA,NA,NA,NA,NA,NA,NA,NA,NA,NA,628.32lbs,$11.40/lb,NA,NA,NA,NA,NA,NA,NA,NA,NA,NA,NA,NA,NA,NA,NA,NA,NA,NA,NA,NA,NA,NA,NA,NA,NA,NA,NA
Thailand,2025,COE,auction,NA,https://allianceforcoffeeexcellence.org/thailand-2025/,2,14,NA,NA,NA,NA,"88,10",success,NA,NA,NA,NA,$9064.90,NA,NA,NA,NA,NA,SOFT Coffee,NA,NA,NA,NA,NA,NA,TAKAMURA COFFEE ROASTERS and SHRUB COFFEE by Marukai,NA,NA,NA,NA,NA,NA,NA,NA,NA,NA,NA,NA,NA,NA,NA,NA,NA,NA,NA,NA,NA,NA,NA,NA,NA,NA,NA,NA,NA,NA,588.63lbs,$15.40/lb,NA,NA,NA,NA,NA,NA,NA,NA,NA,NA,NA,NA,NA,NA,NA,NA,NA,NA,NA,NA,NA,NA,NA,NA,NA,NA,NA
Thailand,2025,COE,auction,NA,https://allianceforcoffeeexcellence.org/thailand-2025/,2,15,NA,NA,NA,NA,"88,07",success,NA,NA,NA,NA,$3767.23,NA,NA,NA,NA,NA,Rai Nai Ying,NA,NA,NA,NA,NA,NA,Roots by Earth,NA,NA,NA,NA,NA,NA,NA,NA,NA,NA,NA,NA,NA,NA,NA,NA,NA,NA,NA,NA,NA,NA,NA,NA,NA,NA,NA,NA,NA,NA,196.21lbs,$19.20/lb,NA,NA,NA,NA,NA,NA,NA,NA,NA,NA,NA,NA,NA,NA,NA,NA,NA,NA,NA,NA,NA,NA,NA,NA,NA,NA,NA
Thailand,2025,COE,auction,NA,https://allianceforcoffeeexcellence.org/thailand-2025/,2,16,NA,NA,NA,NA,"87,93",success,NA,NA,NA,NA,$7301.70,NA,NA,NA,NA,NA,SOFT Coffee Farm,NA,NA,NA,NA,NA,NA,WAVY COFFEE ROASTERS by Marukai,NA,NA,NA,NA,NA,NA,NA,NA,NA,NA,NA,NA,NA,NA,NA,NA,NA,NA,NA,NA,NA,NA,NA,NA,NA,NA,NA,NA,NA,NA,634.93lbs,$11.50/lb,NA,NA,NA,NA,NA,NA,NA,NA,NA,NA,NA,NA,NA,NA,NA,NA,NA,NA,NA,NA,NA,NA,NA,NA,NA,NA,NA
Thailand,2025,COE,auction,NA,https://allianceforcoffeeexcellence.org/thailand-2025/,2,,NA,NA,NA,NA,"87,83",success,NA,NA,NA,NA,$4447.71,NA,NA,NA,NA,NA,Live Specialty,NA,NA,NA,NA,NA,NA,Sulalat,NA,NA,NA,NA,NA,NA,NA,NA,NA,NA,NA,NA,NA,NA,NA,NA,NA,NA,NA,NA,NA,NA,NA,NA,NA,NA,NA,NA,NA,NA,169.76lbs,$26.20/lb,NA,NA,NA,NA,NA,NA,NA,NA,NA,NA,NA,NA,NA,NA,NA,NA,NA,NA,NA,NA,NA,NA,NA,NA,NA,NA,NA
Thailand,2025,COE,auction,NA,https://allianceforcoffeeexcellence.org/thailand-2025/,2,18,NA,NA,NA,NA,"87,60",success,NA,NA,NA,NA,$2989.72,NA,NA,NA,NA,NA,Phupha Estate,NA,NA,NA,NA,NA,NA,Wataru for COFFEE potohoto,NA,NA,NA,NA,NA,NA,NA,NA,NA,NA,NA,NA,NA,NA,NA,NA,NA,NA,NA,NA,NA,NA,NA,NA,NA,NA,NA,NA,NA,NA,156.53lbs,$19.10/lb,NA,NA,NA,NA,NA,NA,NA,NA,NA,NA,NA,NA,NA,NA,NA,NA,NA,NA,NA,NA,NA,NA,NA,NA,NA,NA,NA
Thailand,2025,COE,auction,NA,https://allianceforcoffeeexcellence.org/thailand-2025/,2,19,NA,NA,NA,NA,"87,23",success,NA,NA,NA,NA,$6845.28,NA,NA,NA,NA,NA,Rai Nai Ying,NA,NA,NA,NA,NA,NA,UNO/ Koff & Bun,NA,NA,NA,NA,NA,NA,NA,NA,NA,NA,NA,NA,NA,NA,NA,NA,NA,NA,NA,NA,NA,NA,NA,NA,NA,NA,NA,NA,NA,NA,330.69lbs,$20.70/lb,NA,NA,NA,NA,NA,NA,NA,NA,NA,NA,NA,NA,NA,NA,NA,NA,NA,NA,NA,NA,NA,NA,NA,NA,NA,NA,NA
Thailand,2025,COE,auction,NA,https://allianceforcoffeeexcellence.org/thailand-2025/,2,20,NA,NA,NA,NA,"87,20",success,NA,NA,NA,NA,$3560.48,NA,NA,NA,NA,NA,Saenchai estate,NA,NA,NA,NA,NA,NA,Bunah,NA,NA,NA,NA,NA,NA,NA,NA,NA,NA,NA,NA,NA,NA,NA,NA,NA,NA,NA,NA,NA,NA,NA,NA,NA,NA,NA,NA,NA,NA,209.44lbs,$17.00/lb,NA,NA,NA,NA,NA,NA,NA,NA,NA,NA,NA,NA,NA,NA,NA,NA,NA,NA,NA,NA,NA,NA,NA,NA,NA,NA,NA
Thailand,2025,COE,auction,NA,https://allianceforcoffeeexcellence.org/thailand-2025/,2,21,NA,NA,NA,NA,"87,10",success,NA,NA,NA,NA,$3073.26,NA,NA,NA,NA,NA,Pakakayo Family,NA,NA,NA,NA,NA,NA,"Wataru & Co., Ltd.",NA,NA,NA,NA,NA,NA,NA,NA,NA,NA,NA,NA,NA,NA,NA,NA,NA,NA,NA,NA,NA,NA,NA,NA,NA,NA,NA,NA,NA,NA,180.78lbs,$17.00/lb,NA,NA,NA,NA,NA,NA,NA,NA,NA,NA,NA,NA,NA,NA,NA,NA,NA,NA,NA,NA,NA,NA,NA,NA,NA,NA,NA
Thailand,2025,NW,auction,NA,https://allianceforcoffeeexcellence.org/thailand-2025/,4,NW,NA,NA,NA,NA,"86,8",success,NA,NA,NA,NA,$1273.38,NA,NA,NA,NA,NA,Lungdit Coffee Farm – Khunlao,NA,NA,NA,NA,NA,NA,NA,NA,NA,NA,NA,NA,NA,NA,NA,NA,NA,NA,NA,NA,NA,NA,NA,NA,NA,NA,NA,NA,NA,NA,NA,NA,NA,NA,NA,NA,NA,167.55lbs,$7.60/lb,NA,NA,NA,NA,NA,Savaya Coffee LLC,NA,NA,NA,NA,NA,NA,NA,NA,NA,NA,NA,NA,NA,NW,NA,NA,NA,NA,NA,NA,NA
Thailand,2025,NW,auction,NA,https://allianceforcoffeeexcellence.org/thailand-2025/,4,NW,NA,NA,NA,NA,"86,8",success,NA,NA,NA,NA,$1222.25,NA,NA,NA,NA,NA,Pakakayo Family,NA,NA,NA,NA,NA,NA,NA,NA,NA,NA,NA,NA,NA,NA,NA,NA,NA,NA,NA,NA,NA,NA,NA,NA,NA,NA,NA,NA,NA,NA,NA,NA,NA,NA,NA,NA,NA,185.19lbs,$6.60/lb,NA,NA,NA,NA,NA,Teerarat Techapiwat,NA,NA,NA,NA,NA,NA,NA,NA,NA,NA,NA,NA,NA,NW,NA,NA,NA,NA,NA,NA,NA
Thailand,2025,NW,auction,NA,https://allianceforcoffeeexcellence.org/thailand-2025/,4,NW,NA,NA,NA,NA,"86,7",success,NA,NA,NA,NA,$1134.94,NA,NA,NA,NA,NA,Karen Farm,NA,NA,NA,NA,NA,NA,NA,NA,NA,NA,NA,NA,NA,NA,NA,NA,NA,NA,NA,NA,NA,NA,NA,NA,NA,NA,NA,NA,NA,NA,NA,NA,NA,NA,NA,NA,NA,171.96lbs,$6.60/lb,NA,NA,NA,NA,NA,Teerarat Techapiwat,NA,NA,NA,NA,NA,NA,NA,NA,NA,NA,NA,NA,NA,NW,NA,NA,NA,NA,NA,NA,NA
Thailand,2025,NW,auction,NA,https://allianceforcoffeeexcellence.org/thailand-2025/,4,NW,NA,NA,NA,NA,"86,7",success,NA,NA,NA,NA,$1633.65,NA,NA,NA,NA,NA,I Amm Doi Coffee Farm,NA,NA,NA,NA,NA,NA,NA,NA,NA,NA,NA,NA,NA,NA,NA,NA,NA,NA,NA,NA,NA,NA,NA,NA,NA,NA,NA,NA,NA,NA,NA,NA,NA,NA,NA,NA,NA,251.33lbs,$6.50/lb,NA,NA,NA,NA,NA,"Wataru & Co., Ltd.",NA,NA,NA,NA,NA,NA,NA,NA,NA,NA,NA,NA,NA,NW,NA,NA,NA,NA,NA,NA,NA
Thailand,2025,NW,auction,NA,https://allianceforcoffeeexcellence.org/thailand-2025/,4,NW,NA,NA,NA,NA,"86,6",success,NA,NA,NA,NA,$1517.85,NA,NA,NA,NA,NA,Natee Coffee Estate,NA,NA,NA,NA,NA,NA,NA,NA,NA,NA,NA,NA,NA,NA,NA,NA,NA,NA,NA,NA,NA,NA,NA,NA,NA,NA,NA,NA,NA,NA,NA,NA,NA,NA,NA,NA,NA,178.57lbs,$8.50/lb,NA,NA,NA,NA,NA,Beaubeau,NA,NA,NA,NA,NA,NA,NA,NA,NA,NA,NA,NA,NA,NW,NA,NA,NA,NA,NA,NA,NA
Thailand,2025,NW,auction,NA,https://allianceforcoffeeexcellence.org/thailand-2025/,4,NW,NA,NA,NA,NA,"86,5",success,NA,NA,NA,NA,$1207.67,NA,NA,NA,NA,NA,Karen Farm,NA,NA,NA,NA,NA,NA,NA,NA,NA,NA,NA,NA,NA,NA,NA,NA,NA,NA,NA,NA,NA,NA,NA,NA,NA,NA,NA,NA,NA,NA,NA,NA,NA,NA,NA,NA,NA,182.98lbs,$6.60/lb,NA,NA,NA,NA,NA,"Wataru & Co., Ltd.",NA,NA,NA,NA,NA,NA,NA,NA,NA,NA,NA,NA,NA,NW,NA,NA,NA,NA,NA,NA,NA
Thailand,2025,NW,auction,NA,https://allianceforcoffeeexcellence.org/thailand-2025/,4,NW,NA,NA,NA,NA,"86,4",success,NA,NA,NA,NA,$1450.61,NA,NA,NA,NA,NA,Typicarakpa,NA,NA,NA,NA,NA,NA,NA,NA,NA,NA,NA,NA,NA,NA,NA,NA,NA,NA,NA,NA,NA,NA,NA,NA,NA,NA,NA,NA,NA,NA,NA,NA,NA,NA,NA,NA,NA,154.32lbs,$9.40/lb,NA,NA,NA,NA,NA,Teerarat Techapiwat,NA,NA,NA,NA,NA,NA,NA,NA,NA,NA,NA,NA,NA,NW,NA,NA,NA,NA,NA,NA,NA
