date,year,month,series,value,unit,market_scope,source_url
1999-01-01,1999,1,Cocoa — World Bank,1.46,USD/kg,Global commodity benchmark,https://thedocs.worldbank.org/en/doc/74e8be41ceb20fa0da750cda2f6b9e4e-0050012026/related/CMO-Historical-Data-Monthly.xlsx
1999-02-01,1999,2,Cocoa — World Bank,1.41,USD/kg,Global commodity benchmark,https://thedocs.worldbank.org/en/doc/74e8be41ceb20fa0da750cda2f6b9e4e-0050012026/related/CMO-Historical-Data-Monthly.xlsx
1999-03-01,1999,3,Cocoa — World Bank,1.31,USD/kg,Global commodity benchmark,https://thedocs.worldbank.org/en/doc/74e8be41ceb20fa0da750cda2f6b9e4e-0050012026/related/CMO-Historical-Data-Monthly.xlsx
1999-04-01,1999,4,Cocoa — World Bank,1.18,USD/kg,Global commodity benchmark,https://thedocs.worldbank.org/en/doc/74e8be41ceb20fa0da750cda2f6b9e4e-0050012026/related/CMO-Historical-Data-Monthly.xlsx
1999-05-01,1999,5,Cocoa — World Bank,1.07,USD/kg,Global commodity benchmark,https://thedocs.worldbank.org/en/doc/74e8be41ceb20fa0da750cda2f6b9e4e-0050012026/related/CMO-Historical-Data-Monthly.xlsx
1999-06-01,1999,6,Cocoa — World Bank,1.16,USD/kg,Global commodity benchmark,https://thedocs.worldbank.org/en/doc/74e8be41ceb20fa0da750cda2f6b9e4e-0050012026/related/CMO-Historical-Data-Monthly.xlsx
1999-07-01,1999,7,Cocoa — World Bank,1.11,USD/kg,Global commodity benchmark,https://thedocs.worldbank.org/en/doc/74e8be41ceb20fa0da750cda2f6b9e4e-0050012026/related/CMO-Historical-Data-Monthly.xlsx
1999-08-01,1999,8,Cocoa — World Bank,1,USD/kg,Global commodity benchmark,https://thedocs.worldbank.org/en/doc/74e8be41ceb20fa0da750cda2f6b9e4e-0050012026/related/CMO-Historical-Data-Monthly.xlsx
1999-09-01,1999,9,Cocoa — World Bank,1.06,USD/kg,Global commodity benchmark,https://thedocs.worldbank.org/en/doc/74e8be41ceb20fa0da750cda2f6b9e4e-0050012026/related/CMO-Historical-Data-Monthly.xlsx
1999-10-01,1999,10,Cocoa — World Bank,1.02,USD/kg,Global commodity benchmark,https://thedocs.worldbank.org/en/doc/74e8be41ceb20fa0da750cda2f6b9e4e-0050012026/related/CMO-Historical-Data-Monthly.xlsx
1999-11-01,1999,11,Cocoa — World Bank,0.92,USD/kg,Global commodity benchmark,https://thedocs.worldbank.org/en/doc/74e8be41ceb20fa0da750cda2f6b9e4e-0050012026/related/CMO-Historical-Data-Monthly.xlsx
1999-12-01,1999,12,Cocoa — World Bank,0.92,USD/kg,Global commodity benchmark,https://thedocs.worldbank.org/en/doc/74e8be41ceb20fa0da750cda2f6b9e4e-0050012026/related/CMO-Historical-Data-Monthly.xlsx
2000-01-01,2000,1,Cocoa — World Bank,0.92,USD/kg,Global commodity benchmark,https://thedocs.worldbank.org/en/doc/74e8be41ceb20fa0da750cda2f6b9e4e-0050012026/related/CMO-Historical-Data-Monthly.xlsx
2000-02-01,2000,2,Cocoa — World Bank,0.86,USD/kg,Global commodity benchmark,https://thedocs.worldbank.org/en/doc/74e8be41ceb20fa0da750cda2f6b9e4e-0050012026/related/CMO-Historical-Data-Monthly.xlsx
2000-03-01,2000,3,Cocoa — World Bank,0.93,USD/kg,Global commodity benchmark,https://thedocs.worldbank.org/en/doc/74e8be41ceb20fa0da750cda2f6b9e4e-0050012026/related/CMO-Historical-Data-Monthly.xlsx
2000-04-01,2000,4,Cocoa — World Bank,0.91,USD/kg,Global commodity benchmark,https://thedocs.worldbank.org/en/doc/74e8be41ceb20fa0da750cda2f6b9e4e-0050012026/related/CMO-Historical-Data-Monthly.xlsx
2000-05-01,2000,5,Cocoa — World Bank,0.92,USD/kg,Global commodity benchmark,https://thedocs.worldbank.org/en/doc/74e8be41ceb20fa0da750cda2f6b9e4e-0050012026/related/CMO-Historical-Data-Monthly.xlsx
2000-06-01,2000,6,Cocoa — World Bank,0.95,USD/kg,Global commodity benchmark,https://thedocs.worldbank.org/en/doc/74e8be41ceb20fa0da750cda2f6b9e4e-0050012026/related/CMO-Historical-Data-Monthly.xlsx
2000-07-01,2000,7,Cocoa — World Bank,0.97,USD/kg,Global commodity benchmark,https://thedocs.worldbank.org/en/doc/74e8be41ceb20fa0da750cda2f6b9e4e-0050012026/related/CMO-Historical-Data-Monthly.xlsx
2000-08-01,2000,8,Cocoa — World Bank,0.89,USD/kg,Global commodity benchmark,https://thedocs.worldbank.org/en/doc/74e8be41ceb20fa0da750cda2f6b9e4e-0050012026/related/CMO-Historical-Data-Monthly.xlsx
2000-09-01,2000,9,Cocoa — World Bank,0.88,USD/kg,Global commodity benchmark,https://thedocs.worldbank.org/en/doc/74e8be41ceb20fa0da750cda2f6b9e4e-0050012026/related/CMO-Historical-Data-Monthly.xlsx
2000-10-01,2000,10,Cocoa — World Bank,0.88,USD/kg,Global commodity benchmark,https://thedocs.worldbank.org/en/doc/74e8be41ceb20fa0da750cda2f6b9e4e-0050012026/related/CMO-Historical-Data-Monthly.xlsx
2000-11-01,2000,11,Cocoa — World Bank,0.88,USD/kg,Global commodity benchmark,https://thedocs.worldbank.org/en/doc/74e8be41ceb20fa0da750cda2f6b9e4e-0050012026/related/CMO-Historical-Data-Monthly.xlsx
2000-12-01,2000,12,Cocoa — World Bank,0.89,USD/kg,Global commodity benchmark,https://thedocs.worldbank.org/en/doc/74e8be41ceb20fa0da750cda2f6b9e4e-0050012026/related/CMO-Historical-Data-Monthly.xlsx
2001-01-01,2001,1,Cocoa — World Bank,1,USD/kg,Global commodity benchmark,https://thedocs.worldbank.org/en/doc/74e8be41ceb20fa0da750cda2f6b9e4e-0050012026/related/CMO-Historical-Data-Monthly.xlsx
2001-02-01,2001,2,Cocoa — World Bank,0.89,USD/kg,Global commodity benchmark,https://thedocs.worldbank.org/en/doc/74e8be41ceb20fa0da750cda2f6b9e4e-0050012026/related/CMO-Historical-Data-Monthly.xlsx
2001-03-01,2001,3,Cocoa — World Bank,1.12,USD/kg,Global commodity benchmark,https://thedocs.worldbank.org/en/doc/74e8be41ceb20fa0da750cda2f6b9e4e-0050012026/related/CMO-Historical-Data-Monthly.xlsx
2001-04-01,2001,4,Cocoa — World Bank,1.08,USD/kg,Global commodity benchmark,https://thedocs.worldbank.org/en/doc/74e8be41ceb20fa0da750cda2f6b9e4e-0050012026/related/CMO-Historical-Data-Monthly.xlsx
2001-05-01,2001,5,Cocoa — World Bank,1.08,USD/kg,Global commodity benchmark,https://thedocs.worldbank.org/en/doc/74e8be41ceb20fa0da750cda2f6b9e4e-0050012026/related/CMO-Historical-Data-Monthly.xlsx
2001-06-01,2001,6,Cocoa — World Bank,0.97,USD/kg,Global commodity benchmark,https://thedocs.worldbank.org/en/doc/74e8be41ceb20fa0da750cda2f6b9e4e-0050012026/related/CMO-Historical-Data-Monthly.xlsx
2001-07-01,2001,7,Cocoa — World Bank,0.97,USD/kg,Global commodity benchmark,https://thedocs.worldbank.org/en/doc/74e8be41ceb20fa0da750cda2f6b9e4e-0050012026/related/CMO-Historical-Data-Monthly.xlsx
2001-08-01,2001,8,Cocoa — World Bank,1.03,USD/kg,Global commodity benchmark,https://thedocs.worldbank.org/en/doc/74e8be41ceb20fa0da750cda2f6b9e4e-0050012026/related/CMO-Historical-Data-Monthly.xlsx
2001-09-01,2001,9,Cocoa — World Bank,1.02,USD/kg,Global commodity benchmark,https://thedocs.worldbank.org/en/doc/74e8be41ceb20fa0da750cda2f6b9e4e-0050012026/related/CMO-Historical-Data-Monthly.xlsx
2001-10-01,2001,10,Cocoa — World Bank,1.08,USD/kg,Global commodity benchmark,https://thedocs.worldbank.org/en/doc/74e8be41ceb20fa0da750cda2f6b9e4e-0050012026/related/CMO-Historical-Data-Monthly.xlsx
2001-11-01,2001,11,Cocoa — World Bank,1.23,USD/kg,Global commodity benchmark,https://thedocs.worldbank.org/en/doc/74e8be41ceb20fa0da750cda2f6b9e4e-0050012026/related/CMO-Historical-Data-Monthly.xlsx
2001-12-01,2001,12,Cocoa — World Bank,1.34,USD/kg,Global commodity benchmark,https://thedocs.worldbank.org/en/doc/74e8be41ceb20fa0da750cda2f6b9e4e-0050012026/related/CMO-Historical-Data-Monthly.xlsx
2002-01-01,2002,1,Cocoa — World Bank,1.39,USD/kg,Global commodity benchmark,https://thedocs.worldbank.org/en/doc/74e8be41ceb20fa0da750cda2f6b9e4e-0050012026/related/CMO-Historical-Data-Monthly.xlsx
2002-02-01,2002,2,Cocoa — World Bank,1.49,USD/kg,Global commodity benchmark,https://thedocs.worldbank.org/en/doc/74e8be41ceb20fa0da750cda2f6b9e4e-0050012026/related/CMO-Historical-Data-Monthly.xlsx
2002-03-01,2002,3,Cocoa — World Bank,1.59,USD/kg,Global commodity benchmark,https://thedocs.worldbank.org/en/doc/74e8be41ceb20fa0da750cda2f6b9e4e-0050012026/related/CMO-Historical-Data-Monthly.xlsx
2002-04-01,2002,4,Cocoa — World Bank,1.57,USD/kg,Global commodity benchmark,https://thedocs.worldbank.org/en/doc/74e8be41ceb20fa0da750cda2f6b9e4e-0050012026/related/CMO-Historical-Data-Monthly.xlsx
2002-05-01,2002,5,Cocoa — World Bank,1.6,USD/kg,Global commodity benchmark,https://thedocs.worldbank.org/en/doc/74e8be41ceb20fa0da750cda2f6b9e4e-0050012026/related/CMO-Historical-Data-Monthly.xlsx
2002-06-01,2002,6,Cocoa — World Bank,1.66,USD/kg,Global commodity benchmark,https://thedocs.worldbank.org/en/doc/74e8be41ceb20fa0da750cda2f6b9e4e-0050012026/related/CMO-Historical-Data-Monthly.xlsx
2002-07-01,2002,7,Cocoa — World Bank,1.87,USD/kg,Global commodity benchmark,https://thedocs.worldbank.org/en/doc/74e8be41ceb20fa0da750cda2f6b9e4e-0050012026/related/CMO-Historical-Data-Monthly.xlsx
2002-08-01,2002,8,Cocoa — World Bank,1.96,USD/kg,Global commodity benchmark,https://thedocs.worldbank.org/en/doc/74e8be41ceb20fa0da750cda2f6b9e4e-0050012026/related/CMO-Historical-Data-Monthly.xlsx
2002-09-01,2002,9,Cocoa — World Bank,2.16,USD/kg,Global commodity benchmark,https://thedocs.worldbank.org/en/doc/74e8be41ceb20fa0da750cda2f6b9e4e-0050012026/related/CMO-Historical-Data-Monthly.xlsx
2002-10-01,2002,10,Cocoa — World Bank,2.2,USD/kg,Global commodity benchmark,https://thedocs.worldbank.org/en/doc/74e8be41ceb20fa0da750cda2f6b9e4e-0050012026/related/CMO-Historical-Data-Monthly.xlsx
2002-11-01,2002,11,Cocoa — World Bank,1.81,USD/kg,Global commodity benchmark,https://thedocs.worldbank.org/en/doc/74e8be41ceb20fa0da750cda2f6b9e4e-0050012026/related/CMO-Historical-Data-Monthly.xlsx
2002-12-01,2002,12,Cocoa — World Bank,2.03,USD/kg,Global commodity benchmark,https://thedocs.worldbank.org/en/doc/74e8be41ceb20fa0da750cda2f6b9e4e-0050012026/related/CMO-Historical-Data-Monthly.xlsx
2003-01-01,2003,1,Cocoa — World Bank,2.18,USD/kg,Global commodity benchmark,https://thedocs.worldbank.org/en/doc/74e8be41ceb20fa0da750cda2f6b9e4e-0050012026/related/CMO-Historical-Data-Monthly.xlsx
2003-02-01,2003,2,Cocoa — World Bank,2.28,USD/kg,Global commodity benchmark,https://thedocs.worldbank.org/en/doc/74e8be41ceb20fa0da750cda2f6b9e4e-0050012026/related/CMO-Historical-Data-Monthly.xlsx
2003-03-01,2003,3,Cocoa — World Bank,1.95,USD/kg,Global commodity benchmark,https://thedocs.worldbank.org/en/doc/74e8be41ceb20fa0da750cda2f6b9e4e-0050012026/related/CMO-Historical-Data-Monthly.xlsx
2003-04-01,2003,4,Cocoa — World Bank,1.92,USD/kg,Global commodity benchmark,https://thedocs.worldbank.org/en/doc/74e8be41ceb20fa0da750cda2f6b9e4e-0050012026/related/CMO-Historical-Data-Monthly.xlsx
2003-05-01,2003,5,Cocoa — World Bank,1.74,USD/kg,Global commodity benchmark,https://thedocs.worldbank.org/en/doc/74e8be41ceb20fa0da750cda2f6b9e4e-0050012026/related/CMO-Historical-Data-Monthly.xlsx
2003-06-01,2003,6,Cocoa — World Bank,1.57,USD/kg,Global commodity benchmark,https://thedocs.worldbank.org/en/doc/74e8be41ceb20fa0da750cda2f6b9e4e-0050012026/related/CMO-Historical-Data-Monthly.xlsx
2003-07-01,2003,7,Cocoa — World Bank,1.56,USD/kg,Global commodity benchmark,https://thedocs.worldbank.org/en/doc/74e8be41ceb20fa0da750cda2f6b9e4e-0050012026/related/CMO-Historical-Data-Monthly.xlsx
2003-08-01,2003,8,Cocoa — World Bank,1.55,USD/kg,Global commodity benchmark,https://thedocs.worldbank.org/en/doc/74e8be41ceb20fa0da750cda2f6b9e4e-0050012026/related/CMO-Historical-Data-Monthly.xlsx
2003-09-01,2003,9,Cocoa — World Bank,1.64,USD/kg,Global commodity benchmark,https://thedocs.worldbank.org/en/doc/74e8be41ceb20fa0da750cda2f6b9e4e-0050012026/related/CMO-Historical-Data-Monthly.xlsx
2003-10-01,2003,10,Cocoa — World Bank,1.48,USD/kg,Global commodity benchmark,https://thedocs.worldbank.org/en/doc/74e8be41ceb20fa0da750cda2f6b9e4e-0050012026/related/CMO-Historical-Data-Monthly.xlsx
2003-11-01,2003,11,Cocoa — World Bank,1.51,USD/kg,Global commodity benchmark,https://thedocs.worldbank.org/en/doc/74e8be41ceb20fa0da750cda2f6b9e4e-0050012026/related/CMO-Historical-Data-Monthly.xlsx
2003-12-01,2003,12,Cocoa — World Bank,1.63,USD/kg,Global commodity benchmark,https://thedocs.worldbank.org/en/doc/74e8be41ceb20fa0da750cda2f6b9e4e-0050012026/related/CMO-Historical-Data-Monthly.xlsx
2004-01-01,2004,1,Cocoa — World Bank,1.63,USD/kg,Global commodity benchmark,https://thedocs.worldbank.org/en/doc/74e8be41ceb20fa0da750cda2f6b9e4e-0050012026/related/CMO-Historical-Data-Monthly.xlsx
2004-02-01,2004,2,Cocoa — World Bank,1.57,USD/kg,Global commodity benchmark,https://thedocs.worldbank.org/en/doc/74e8be41ceb20fa0da750cda2f6b9e4e-0050012026/related/CMO-Historical-Data-Monthly.xlsx
2004-03-01,2004,3,Cocoa — World Bank,1.5,USD/kg,Global commodity benchmark,https://thedocs.worldbank.org/en/doc/74e8be41ceb20fa0da750cda2f6b9e4e-0050012026/related/CMO-Historical-Data-Monthly.xlsx
2004-04-01,2004,4,Cocoa — World Bank,1.44,USD/kg,Global commodity benchmark,https://thedocs.worldbank.org/en/doc/74e8be41ceb20fa0da750cda2f6b9e4e-0050012026/related/CMO-Historical-Data-Monthly.xlsx
2004-05-01,2004,5,Cocoa — World Bank,1.42,USD/kg,Global commodity benchmark,https://thedocs.worldbank.org/en/doc/74e8be41ceb20fa0da750cda2f6b9e4e-0050012026/related/CMO-Historical-Data-Monthly.xlsx
2004-06-01,2004,6,Cocoa — World Bank,1.4,USD/kg,Global commodity benchmark,https://thedocs.worldbank.org/en/doc/74e8be41ceb20fa0da750cda2f6b9e4e-0050012026/related/CMO-Historical-Data-Monthly.xlsx
2004-07-01,2004,7,Cocoa — World Bank,1.56,USD/kg,Global commodity benchmark,https://thedocs.worldbank.org/en/doc/74e8be41ceb20fa0da750cda2f6b9e4e-0050012026/related/CMO-Historical-Data-Monthly.xlsx
2004-08-01,2004,8,Cocoa — World Bank,1.73,USD/kg,Global commodity benchmark,https://thedocs.worldbank.org/en/doc/74e8be41ceb20fa0da750cda2f6b9e4e-0050012026/related/CMO-Historical-Data-Monthly.xlsx
2004-09-01,2004,9,Cocoa — World Bank,1.55,USD/kg,Global commodity benchmark,https://thedocs.worldbank.org/en/doc/74e8be41ceb20fa0da750cda2f6b9e4e-0050012026/related/CMO-Historical-Data-Monthly.xlsx
2004-10-01,2004,10,Cocoa — World Bank,1.48,USD/kg,Global commodity benchmark,https://thedocs.worldbank.org/en/doc/74e8be41ceb20fa0da750cda2f6b9e4e-0050012026/related/CMO-Historical-Data-Monthly.xlsx
2004-11-01,2004,11,Cocoa — World Bank,1.66,USD/kg,Global commodity benchmark,https://thedocs.worldbank.org/en/doc/74e8be41ceb20fa0da750cda2f6b9e4e-0050012026/related/CMO-Historical-Data-Monthly.xlsx
2004-12-01,2004,12,Cocoa — World Bank,1.66,USD/kg,Global commodity benchmark,https://thedocs.worldbank.org/en/doc/74e8be41ceb20fa0da750cda2f6b9e4e-0050012026/related/CMO-Historical-Data-Monthly.xlsx
2005-01-01,2005,1,Cocoa — World Bank,1.55,USD/kg,Global commodity benchmark,https://thedocs.worldbank.org/en/doc/74e8be41ceb20fa0da750cda2f6b9e4e-0050012026/related/CMO-Historical-Data-Monthly.xlsx
2005-02-01,2005,2,Cocoa — World Bank,1.63,USD/kg,Global commodity benchmark,https://thedocs.worldbank.org/en/doc/74e8be41ceb20fa0da750cda2f6b9e4e-0050012026/related/CMO-Historical-Data-Monthly.xlsx
2005-03-01,2005,3,Cocoa — World Bank,1.76,USD/kg,Global commodity benchmark,https://thedocs.worldbank.org/en/doc/74e8be41ceb20fa0da750cda2f6b9e4e-0050012026/related/CMO-Historical-Data-Monthly.xlsx
2005-04-01,2005,4,Cocoa — World Bank,1.59,USD/kg,Global commodity benchmark,https://thedocs.worldbank.org/en/doc/74e8be41ceb20fa0da750cda2f6b9e4e-0050012026/related/CMO-Historical-Data-Monthly.xlsx
2005-05-01,2005,5,Cocoa — World Bank,1.51,USD/kg,Global commodity benchmark,https://thedocs.worldbank.org/en/doc/74e8be41ceb20fa0da750cda2f6b9e4e-0050012026/related/CMO-Historical-Data-Monthly.xlsx
2005-06-01,2005,6,Cocoa — World Bank,1.54,USD/kg,Global commodity benchmark,https://thedocs.worldbank.org/en/doc/74e8be41ceb20fa0da750cda2f6b9e4e-0050012026/related/CMO-Historical-Data-Monthly.xlsx
2005-07-01,2005,7,Cocoa — World Bank,1.49,USD/kg,Global commodity benchmark,https://thedocs.worldbank.org/en/doc/74e8be41ceb20fa0da750cda2f6b9e4e-0050012026/related/CMO-Historical-Data-Monthly.xlsx
2005-08-01,2005,8,Cocoa — World Bank,1.48,USD/kg,Global commodity benchmark,https://thedocs.worldbank.org/en/doc/74e8be41ceb20fa0da750cda2f6b9e4e-0050012026/related/CMO-Historical-Data-Monthly.xlsx
2005-09-01,2005,9,Cocoa — World Bank,1.5,USD/kg,Global commodity benchmark,https://thedocs.worldbank.org/en/doc/74e8be41ceb20fa0da750cda2f6b9e4e-0050012026/related/CMO-Historical-Data-Monthly.xlsx
2005-10-01,2005,10,Cocoa — World Bank,1.46,USD/kg,Global commodity benchmark,https://thedocs.worldbank.org/en/doc/74e8be41ceb20fa0da750cda2f6b9e4e-0050012026/related/CMO-Historical-Data-Monthly.xlsx
2005-11-01,2005,11,Cocoa — World Bank,1.44,USD/kg,Global commodity benchmark,https://thedocs.worldbank.org/en/doc/74e8be41ceb20fa0da750cda2f6b9e4e-0050012026/related/CMO-Historical-Data-Monthly.xlsx
2005-12-01,2005,12,Cocoa — World Bank,1.51,USD/kg,Global commodity benchmark,https://thedocs.worldbank.org/en/doc/74e8be41ceb20fa0da750cda2f6b9e4e-0050012026/related/CMO-Historical-Data-Monthly.xlsx
2006-01-01,2006,1,Cocoa — World Bank,1.57,USD/kg,Global commodity benchmark,https://thedocs.worldbank.org/en/doc/74e8be41ceb20fa0da750cda2f6b9e4e-0050012026/related/CMO-Historical-Data-Monthly.xlsx
2006-02-01,2006,2,Cocoa — World Bank,1.55,USD/kg,Global commodity benchmark,https://thedocs.worldbank.org/en/doc/74e8be41ceb20fa0da750cda2f6b9e4e-0050012026/related/CMO-Historical-Data-Monthly.xlsx
2006-03-01,2006,3,Cocoa — World Bank,1.55,USD/kg,Global commodity benchmark,https://thedocs.worldbank.org/en/doc/74e8be41ceb20fa0da750cda2f6b9e4e-0050012026/related/CMO-Historical-Data-Monthly.xlsx
2006-04-01,2006,4,Cocoa — World Bank,1.55,USD/kg,Global commodity benchmark,https://thedocs.worldbank.org/en/doc/74e8be41ceb20fa0da750cda2f6b9e4e-0050012026/related/CMO-Historical-Data-Monthly.xlsx
2006-05-01,2006,5,Cocoa — World Bank,1.6,USD/kg,Global commodity benchmark,https://thedocs.worldbank.org/en/doc/74e8be41ceb20fa0da750cda2f6b9e4e-0050012026/related/CMO-Historical-Data-Monthly.xlsx
2006-06-01,2006,6,Cocoa — World Bank,1.61,USD/kg,Global commodity benchmark,https://thedocs.worldbank.org/en/doc/74e8be41ceb20fa0da750cda2f6b9e4e-0050012026/related/CMO-Historical-Data-Monthly.xlsx
2006-07-01,2006,7,Cocoa — World Bank,1.68,USD/kg,Global commodity benchmark,https://thedocs.worldbank.org/en/doc/74e8be41ceb20fa0da750cda2f6b9e4e-0050012026/related/CMO-Historical-Data-Monthly.xlsx
2006-08-01,2006,8,Cocoa — World Bank,1.62,USD/kg,Global commodity benchmark,https://thedocs.worldbank.org/en/doc/74e8be41ceb20fa0da750cda2f6b9e4e-0050012026/related/CMO-Historical-Data-Monthly.xlsx
2006-09-01,2006,9,Cocoa — World Bank,1.57,USD/kg,Global commodity benchmark,https://thedocs.worldbank.org/en/doc/74e8be41ceb20fa0da750cda2f6b9e4e-0050012026/related/CMO-Historical-Data-Monthly.xlsx
2006-10-01,2006,10,Cocoa — World Bank,1.53,USD/kg,Global commodity benchmark,https://thedocs.worldbank.org/en/doc/74e8be41ceb20fa0da750cda2f6b9e4e-0050012026/related/CMO-Historical-Data-Monthly.xlsx
2006-11-01,2006,11,Cocoa — World Bank,1.58,USD/kg,Global commodity benchmark,https://thedocs.worldbank.org/en/doc/74e8be41ceb20fa0da750cda2f6b9e4e-0050012026/related/CMO-Historical-Data-Monthly.xlsx
2006-12-01,2006,12,Cocoa — World Bank,1.71,USD/kg,Global commodity benchmark,https://thedocs.worldbank.org/en/doc/74e8be41ceb20fa0da750cda2f6b9e4e-0050012026/related/CMO-Historical-Data-Monthly.xlsx
2007-01-01,2007,1,Cocoa — World Bank,1.7,USD/kg,Global commodity benchmark,https://thedocs.worldbank.org/en/doc/74e8be41ceb20fa0da750cda2f6b9e4e-0050012026/related/CMO-Historical-Data-Monthly.xlsx
2007-02-01,2007,2,Cocoa — World Bank,1.82,USD/kg,Global commodity benchmark,https://thedocs.worldbank.org/en/doc/74e8be41ceb20fa0da750cda2f6b9e4e-0050012026/related/CMO-Historical-Data-Monthly.xlsx
2007-03-01,2007,3,Cocoa — World Bank,1.92,USD/kg,Global commodity benchmark,https://thedocs.worldbank.org/en/doc/74e8be41ceb20fa0da750cda2f6b9e4e-0050012026/related/CMO-Historical-Data-Monthly.xlsx
2007-04-01,2007,4,Cocoa — World Bank,1.98,USD/kg,Global commodity benchmark,https://thedocs.worldbank.org/en/doc/74e8be41ceb20fa0da750cda2f6b9e4e-0050012026/related/CMO-Historical-Data-Monthly.xlsx
2007-05-01,2007,5,Cocoa — World Bank,2,USD/kg,Global commodity benchmark,https://thedocs.worldbank.org/en/doc/74e8be41ceb20fa0da750cda2f6b9e4e-0050012026/related/CMO-Historical-Data-Monthly.xlsx
2007-06-01,2007,6,Cocoa — World Bank,2.02,USD/kg,Global commodity benchmark,https://thedocs.worldbank.org/en/doc/74e8be41ceb20fa0da750cda2f6b9e4e-0050012026/related/CMO-Historical-Data-Monthly.xlsx
2007-07-01,2007,7,Cocoa — World Bank,2.16,USD/kg,Global commodity benchmark,https://thedocs.worldbank.org/en/doc/74e8be41ceb20fa0da750cda2f6b9e4e-0050012026/related/CMO-Historical-Data-Monthly.xlsx
2007-08-01,2007,8,Cocoa — World Bank,1.91,USD/kg,Global commodity benchmark,https://thedocs.worldbank.org/en/doc/74e8be41ceb20fa0da750cda2f6b9e4e-0050012026/related/CMO-Historical-Data-Monthly.xlsx
2007-09-01,2007,9,Cocoa — World Bank,1.93,USD/kg,Global commodity benchmark,https://thedocs.worldbank.org/en/doc/74e8be41ceb20fa0da750cda2f6b9e4e-0050012026/related/CMO-Historical-Data-Monthly.xlsx
2007-10-01,2007,10,Cocoa — World Bank,1.91,USD/kg,Global commodity benchmark,https://thedocs.worldbank.org/en/doc/74e8be41ceb20fa0da750cda2f6b9e4e-0050012026/related/CMO-Historical-Data-Monthly.xlsx
2007-11-01,2007,11,Cocoa — World Bank,1.97,USD/kg,Global commodity benchmark,https://thedocs.worldbank.org/en/doc/74e8be41ceb20fa0da750cda2f6b9e4e-0050012026/related/CMO-Historical-Data-Monthly.xlsx
2007-12-01,2007,12,Cocoa — World Bank,2.11,USD/kg,Global commodity benchmark,https://thedocs.worldbank.org/en/doc/74e8be41ceb20fa0da750cda2f6b9e4e-0050012026/related/CMO-Historical-Data-Monthly.xlsx
2008-01-01,2008,1,Cocoa — World Bank,2.2,USD/kg,Global commodity benchmark,https://thedocs.worldbank.org/en/doc/74e8be41ceb20fa0da750cda2f6b9e4e-0050012026/related/CMO-Historical-Data-Monthly.xlsx
2008-02-01,2008,2,Cocoa — World Bank,2.5,USD/kg,Global commodity benchmark,https://thedocs.worldbank.org/en/doc/74e8be41ceb20fa0da750cda2f6b9e4e-0050012026/related/CMO-Historical-Data-Monthly.xlsx
2008-03-01,2008,3,Cocoa — World Bank,2.73,USD/kg,Global commodity benchmark,https://thedocs.worldbank.org/en/doc/74e8be41ceb20fa0da750cda2f6b9e4e-0050012026/related/CMO-Historical-Data-Monthly.xlsx
2008-04-01,2008,4,Cocoa — World Bank,2.61,USD/kg,Global commodity benchmark,https://thedocs.worldbank.org/en/doc/74e8be41ceb20fa0da750cda2f6b9e4e-0050012026/related/CMO-Historical-Data-Monthly.xlsx
2008-05-01,2008,5,Cocoa — World Bank,2.68,USD/kg,Global commodity benchmark,https://thedocs.worldbank.org/en/doc/74e8be41ceb20fa0da750cda2f6b9e4e-0050012026/related/CMO-Historical-Data-Monthly.xlsx
2008-06-01,2008,6,Cocoa — World Bank,3,USD/kg,Global commodity benchmark,https://thedocs.worldbank.org/en/doc/74e8be41ceb20fa0da750cda2f6b9e4e-0050012026/related/CMO-Historical-Data-Monthly.xlsx
2008-07-01,2008,7,Cocoa — World Bank,2.97,USD/kg,Global commodity benchmark,https://thedocs.worldbank.org/en/doc/74e8be41ceb20fa0da750cda2f6b9e4e-0050012026/related/CMO-Historical-Data-Monthly.xlsx
2008-08-01,2008,8,Cocoa — World Bank,2.82,USD/kg,Global commodity benchmark,https://thedocs.worldbank.org/en/doc/74e8be41ceb20fa0da750cda2f6b9e4e-0050012026/related/CMO-Historical-Data-Monthly.xlsx
2008-09-01,2008,9,Cocoa — World Bank,2.7,USD/kg,Global commodity benchmark,https://thedocs.worldbank.org/en/doc/74e8be41ceb20fa0da750cda2f6b9e4e-0050012026/related/CMO-Historical-Data-Monthly.xlsx
2008-10-01,2008,10,Cocoa — World Bank,2.27,USD/kg,Global commodity benchmark,https://thedocs.worldbank.org/en/doc/74e8be41ceb20fa0da750cda2f6b9e4e-0050012026/related/CMO-Historical-Data-Monthly.xlsx
2008-11-01,2008,11,Cocoa — World Bank,2.05,USD/kg,Global commodity benchmark,https://thedocs.worldbank.org/en/doc/74e8be41ceb20fa0da750cda2f6b9e4e-0050012026/related/CMO-Historical-Data-Monthly.xlsx
2008-12-01,2008,12,Cocoa — World Bank,2.39,USD/kg,Global commodity benchmark,https://thedocs.worldbank.org/en/doc/74e8be41ceb20fa0da750cda2f6b9e4e-0050012026/related/CMO-Historical-Data-Monthly.xlsx
2009-01-01,2009,1,Cocoa — World Bank,2.63,USD/kg,Global commodity benchmark,https://thedocs.worldbank.org/en/doc/74e8be41ceb20fa0da750cda2f6b9e4e-0050012026/related/CMO-Historical-Data-Monthly.xlsx
2009-02-01,2009,2,Cocoa — World Bank,2.65,USD/kg,Global commodity benchmark,https://thedocs.worldbank.org/en/doc/74e8be41ceb20fa0da750cda2f6b9e4e-0050012026/related/CMO-Historical-Data-Monthly.xlsx
2009-03-01,2009,3,Cocoa — World Bank,2.51,USD/kg,Global commodity benchmark,https://thedocs.worldbank.org/en/doc/74e8be41ceb20fa0da750cda2f6b9e4e-0050012026/related/CMO-Historical-Data-Monthly.xlsx
2009-04-01,2009,4,Cocoa — World Bank,2.56,USD/kg,Global commodity benchmark,https://thedocs.worldbank.org/en/doc/74e8be41ceb20fa0da750cda2f6b9e4e-0050012026/related/CMO-Historical-Data-Monthly.xlsx
2009-05-01,2009,5,Cocoa — World Bank,2.48,USD/kg,Global commodity benchmark,https://thedocs.worldbank.org/en/doc/74e8be41ceb20fa0da750cda2f6b9e4e-0050012026/related/CMO-Historical-Data-Monthly.xlsx
2009-06-01,2009,6,Cocoa — World Bank,2.7,USD/kg,Global commodity benchmark,https://thedocs.worldbank.org/en/doc/74e8be41ceb20fa0da750cda2f6b9e4e-0050012026/related/CMO-Historical-Data-Monthly.xlsx
2009-07-01,2009,7,Cocoa — World Bank,2.79,USD/kg,Global commodity benchmark,https://thedocs.worldbank.org/en/doc/74e8be41ceb20fa0da750cda2f6b9e4e-0050012026/related/CMO-Historical-Data-Monthly.xlsx
2009-08-01,2009,8,Cocoa — World Bank,2.96,USD/kg,Global commodity benchmark,https://thedocs.worldbank.org/en/doc/74e8be41ceb20fa0da750cda2f6b9e4e-0050012026/related/CMO-Historical-Data-Monthly.xlsx
2009-09-01,2009,9,Cocoa — World Bank,3.14,USD/kg,Global commodity benchmark,https://thedocs.worldbank.org/en/doc/74e8be41ceb20fa0da750cda2f6b9e4e-0050012026/related/CMO-Historical-Data-Monthly.xlsx
2009-10-01,2009,10,Cocoa — World Bank,3.37,USD/kg,Global commodity benchmark,https://thedocs.worldbank.org/en/doc/74e8be41ceb20fa0da750cda2f6b9e4e-0050012026/related/CMO-Historical-Data-Monthly.xlsx
2009-11-01,2009,11,Cocoa — World Bank,3.38,USD/kg,Global commodity benchmark,https://thedocs.worldbank.org/en/doc/74e8be41ceb20fa0da750cda2f6b9e4e-0050012026/related/CMO-Historical-Data-Monthly.xlsx
2009-12-01,2009,12,Cocoa — World Bank,3.5,USD/kg,Global commodity benchmark,https://thedocs.worldbank.org/en/doc/74e8be41ceb20fa0da750cda2f6b9e4e-0050012026/related/CMO-Historical-Data-Monthly.xlsx
2010-01-01,2010,1,Cocoa — World Bank,3.53,USD/kg,Global commodity benchmark,https://thedocs.worldbank.org/en/doc/74e8be41ceb20fa0da750cda2f6b9e4e-0050012026/related/CMO-Historical-Data-Monthly.xlsx
2010-02-01,2010,2,Cocoa — World Bank,3.28,USD/kg,Global commodity benchmark,https://thedocs.worldbank.org/en/doc/74e8be41ceb20fa0da750cda2f6b9e4e-0050012026/related/CMO-Historical-Data-Monthly.xlsx
2010-03-01,2010,3,Cocoa — World Bank,3.09,USD/kg,Global commodity benchmark,https://thedocs.worldbank.org/en/doc/74e8be41ceb20fa0da750cda2f6b9e4e-0050012026/related/CMO-Historical-Data-Monthly.xlsx
2010-04-01,2010,4,Cocoa — World Bank,3.22,USD/kg,Global commodity benchmark,https://thedocs.worldbank.org/en/doc/74e8be41ceb20fa0da750cda2f6b9e4e-0050012026/related/CMO-Historical-Data-Monthly.xlsx
2010-05-01,2010,5,Cocoa — World Bank,3.18,USD/kg,Global commodity benchmark,https://thedocs.worldbank.org/en/doc/74e8be41ceb20fa0da750cda2f6b9e4e-0050012026/related/CMO-Historical-Data-Monthly.xlsx
2010-06-01,2010,6,Cocoa — World Bank,3.23,USD/kg,Global commodity benchmark,https://thedocs.worldbank.org/en/doc/74e8be41ceb20fa0da750cda2f6b9e4e-0050012026/related/CMO-Historical-Data-Monthly.xlsx
2010-07-01,2010,7,Cocoa — World Bank,3.23,USD/kg,Global commodity benchmark,https://thedocs.worldbank.org/en/doc/74e8be41ceb20fa0da750cda2f6b9e4e-0050012026/related/CMO-Historical-Data-Monthly.xlsx
2010-08-01,2010,8,Cocoa — World Bank,3.07,USD/kg,Global commodity benchmark,https://thedocs.worldbank.org/en/doc/74e8be41ceb20fa0da750cda2f6b9e4e-0050012026/related/CMO-Historical-Data-Monthly.xlsx
2010-09-01,2010,9,Cocoa — World Bank,2.88,USD/kg,Global commodity benchmark,https://thedocs.worldbank.org/en/doc/74e8be41ceb20fa0da750cda2f6b9e4e-0050012026/related/CMO-Historical-Data-Monthly.xlsx
2010-10-01,2010,10,Cocoa — World Bank,2.93,USD/kg,Global commodity benchmark,https://thedocs.worldbank.org/en/doc/74e8be41ceb20fa0da750cda2f6b9e4e-0050012026/related/CMO-Historical-Data-Monthly.xlsx
2010-11-01,2010,11,Cocoa — World Bank,2.91,USD/kg,Global commodity benchmark,https://thedocs.worldbank.org/en/doc/74e8be41ceb20fa0da750cda2f6b9e4e-0050012026/related/CMO-Historical-Data-Monthly.xlsx
2010-12-01,2010,12,Cocoa — World Bank,3.06,USD/kg,Global commodity benchmark,https://thedocs.worldbank.org/en/doc/74e8be41ceb20fa0da750cda2f6b9e4e-0050012026/related/CMO-Historical-Data-Monthly.xlsx
2011-01-01,2011,1,Cocoa — World Bank,3.16,USD/kg,Global commodity benchmark,https://thedocs.worldbank.org/en/doc/74e8be41ceb20fa0da750cda2f6b9e4e-0050012026/related/CMO-Historical-Data-Monthly.xlsx
2011-02-01,2011,2,Cocoa — World Bank,3.47,USD/kg,Global commodity benchmark,https://thedocs.worldbank.org/en/doc/74e8be41ceb20fa0da750cda2f6b9e4e-0050012026/related/CMO-Historical-Data-Monthly.xlsx
2011-03-01,2011,3,Cocoa — World Bank,3.39,USD/kg,Global commodity benchmark,https://thedocs.worldbank.org/en/doc/74e8be41ceb20fa0da750cda2f6b9e4e-0050012026/related/CMO-Historical-Data-Monthly.xlsx
2011-04-01,2011,4,Cocoa — World Bank,3.13,USD/kg,Global commodity benchmark,https://thedocs.worldbank.org/en/doc/74e8be41ceb20fa0da750cda2f6b9e4e-0050012026/related/CMO-Historical-Data-Monthly.xlsx
2011-05-01,2011,5,Cocoa — World Bank,3.07,USD/kg,Global commodity benchmark,https://thedocs.worldbank.org/en/doc/74e8be41ceb20fa0da750cda2f6b9e4e-0050012026/related/CMO-Historical-Data-Monthly.xlsx
2011-06-01,2011,6,Cocoa — World Bank,3.02,USD/kg,Global commodity benchmark,https://thedocs.worldbank.org/en/doc/74e8be41ceb20fa0da750cda2f6b9e4e-0050012026/related/CMO-Historical-Data-Monthly.xlsx
2011-07-01,2011,7,Cocoa — World Bank,3.17,USD/kg,Global commodity benchmark,https://thedocs.worldbank.org/en/doc/74e8be41ceb20fa0da750cda2f6b9e4e-0050012026/related/CMO-Historical-Data-Monthly.xlsx
2011-08-01,2011,8,Cocoa — World Bank,3.06,USD/kg,Global commodity benchmark,https://thedocs.worldbank.org/en/doc/74e8be41ceb20fa0da750cda2f6b9e4e-0050012026/related/CMO-Historical-Data-Monthly.xlsx
2011-09-01,2011,9,Cocoa — World Bank,2.87,USD/kg,Global commodity benchmark,https://thedocs.worldbank.org/en/doc/74e8be41ceb20fa0da750cda2f6b9e4e-0050012026/related/CMO-Historical-Data-Monthly.xlsx
2011-10-01,2011,10,Cocoa — World Bank,2.68,USD/kg,Global commodity benchmark,https://thedocs.worldbank.org/en/doc/74e8be41ceb20fa0da750cda2f6b9e4e-0050012026/related/CMO-Historical-Data-Monthly.xlsx
2011-11-01,2011,11,Cocoa — World Bank,2.53,USD/kg,Global commodity benchmark,https://thedocs.worldbank.org/en/doc/74e8be41ceb20fa0da750cda2f6b9e4e-0050012026/related/CMO-Historical-Data-Monthly.xlsx
2011-12-01,2011,12,Cocoa — World Bank,2.2,USD/kg,Global commodity benchmark,https://thedocs.worldbank.org/en/doc/74e8be41ceb20fa0da750cda2f6b9e4e-0050012026/related/CMO-Historical-Data-Monthly.xlsx
2012-01-01,2012,1,Cocoa — World Bank,2.31,USD/kg,Global commodity benchmark,https://thedocs.worldbank.org/en/doc/74e8be41ceb20fa0da750cda2f6b9e4e-0050012026/related/CMO-Historical-Data-Monthly.xlsx
2012-02-01,2012,2,Cocoa — World Bank,2.36,USD/kg,Global commodity benchmark,https://thedocs.worldbank.org/en/doc/74e8be41ceb20fa0da750cda2f6b9e4e-0050012026/related/CMO-Historical-Data-Monthly.xlsx
2012-03-01,2012,3,Cocoa — World Bank,2.36,USD/kg,Global commodity benchmark,https://thedocs.worldbank.org/en/doc/74e8be41ceb20fa0da750cda2f6b9e4e-0050012026/related/CMO-Historical-Data-Monthly.xlsx
2012-04-01,2012,4,Cocoa — World Bank,2.27,USD/kg,Global commodity benchmark,https://thedocs.worldbank.org/en/doc/74e8be41ceb20fa0da750cda2f6b9e4e-0050012026/related/CMO-Historical-Data-Monthly.xlsx
2012-05-01,2012,5,Cocoa — World Bank,2.31,USD/kg,Global commodity benchmark,https://thedocs.worldbank.org/en/doc/74e8be41ceb20fa0da750cda2f6b9e4e-0050012026/related/CMO-Historical-Data-Monthly.xlsx
2012-06-01,2012,6,Cocoa — World Bank,2.26,USD/kg,Global commodity benchmark,https://thedocs.worldbank.org/en/doc/74e8be41ceb20fa0da750cda2f6b9e4e-0050012026/related/CMO-Historical-Data-Monthly.xlsx
2012-07-01,2012,7,Cocoa — World Bank,2.35,USD/kg,Global commodity benchmark,https://thedocs.worldbank.org/en/doc/74e8be41ceb20fa0da750cda2f6b9e4e-0050012026/related/CMO-Historical-Data-Monthly.xlsx
2012-08-01,2012,8,Cocoa — World Bank,2.51,USD/kg,Global commodity benchmark,https://thedocs.worldbank.org/en/doc/74e8be41ceb20fa0da750cda2f6b9e4e-0050012026/related/CMO-Historical-Data-Monthly.xlsx
2012-09-01,2012,9,Cocoa — World Bank,2.62,USD/kg,Global commodity benchmark,https://thedocs.worldbank.org/en/doc/74e8be41ceb20fa0da750cda2f6b9e4e-0050012026/related/CMO-Historical-Data-Monthly.xlsx
2012-10-01,2012,10,Cocoa — World Bank,2.46,USD/kg,Global commodity benchmark,https://thedocs.worldbank.org/en/doc/74e8be41ceb20fa0da750cda2f6b9e4e-0050012026/related/CMO-Historical-Data-Monthly.xlsx
2012-11-01,2012,11,Cocoa — World Bank,2.48,USD/kg,Global commodity benchmark,https://thedocs.worldbank.org/en/doc/74e8be41ceb20fa0da750cda2f6b9e4e-0050012026/related/CMO-Historical-Data-Monthly.xlsx
2012-12-01,2012,12,Cocoa — World Bank,2.41,USD/kg,Global commodity benchmark,https://thedocs.worldbank.org/en/doc/74e8be41ceb20fa0da750cda2f6b9e4e-0050012026/related/CMO-Historical-Data-Monthly.xlsx
2013-01-01,2013,1,Cocoa — World Bank,2.28,USD/kg,Global commodity benchmark,https://thedocs.worldbank.org/en/doc/74e8be41ceb20fa0da750cda2f6b9e4e-0050012026/related/CMO-Historical-Data-Monthly.xlsx
2013-02-01,2013,2,Cocoa — World Bank,2.2,USD/kg,Global commodity benchmark,https://thedocs.worldbank.org/en/doc/74e8be41ceb20fa0da750cda2f6b9e4e-0050012026/related/CMO-Historical-Data-Monthly.xlsx
2013-03-01,2013,3,Cocoa — World Bank,2.15,USD/kg,Global commodity benchmark,https://thedocs.worldbank.org/en/doc/74e8be41ceb20fa0da750cda2f6b9e4e-0050012026/related/CMO-Historical-Data-Monthly.xlsx
2013-04-01,2013,4,Cocoa — World Bank,2.29,USD/kg,Global commodity benchmark,https://thedocs.worldbank.org/en/doc/74e8be41ceb20fa0da750cda2f6b9e4e-0050012026/related/CMO-Historical-Data-Monthly.xlsx
2013-05-01,2013,5,Cocoa — World Bank,2.34,USD/kg,Global commodity benchmark,https://thedocs.worldbank.org/en/doc/74e8be41ceb20fa0da750cda2f6b9e4e-0050012026/related/CMO-Historical-Data-Monthly.xlsx
2013-06-01,2013,6,Cocoa — World Bank,2.28,USD/kg,Global commodity benchmark,https://thedocs.worldbank.org/en/doc/74e8be41ceb20fa0da750cda2f6b9e4e-0050012026/related/CMO-Historical-Data-Monthly.xlsx
2013-07-01,2013,7,Cocoa — World Bank,2.31,USD/kg,Global commodity benchmark,https://thedocs.worldbank.org/en/doc/74e8be41ceb20fa0da750cda2f6b9e4e-0050012026/related/CMO-Historical-Data-Monthly.xlsx
2013-08-01,2013,8,Cocoa — World Bank,2.48,USD/kg,Global commodity benchmark,https://thedocs.worldbank.org/en/doc/74e8be41ceb20fa0da750cda2f6b9e4e-0050012026/related/CMO-Historical-Data-Monthly.xlsx
2013-09-01,2013,9,Cocoa — World Bank,2.62,USD/kg,Global commodity benchmark,https://thedocs.worldbank.org/en/doc/74e8be41ceb20fa0da750cda2f6b9e4e-0050012026/related/CMO-Historical-Data-Monthly.xlsx
2013-10-01,2013,10,Cocoa — World Bank,2.73,USD/kg,Global commodity benchmark,https://thedocs.worldbank.org/en/doc/74e8be41ceb20fa0da750cda2f6b9e4e-0050012026/related/CMO-Historical-Data-Monthly.xlsx
2013-11-01,2013,11,Cocoa — World Bank,2.76,USD/kg,Global commodity benchmark,https://thedocs.worldbank.org/en/doc/74e8be41ceb20fa0da750cda2f6b9e4e-0050012026/related/CMO-Historical-Data-Monthly.xlsx
2013-12-01,2013,12,Cocoa — World Bank,2.82,USD/kg,Global commodity benchmark,https://thedocs.worldbank.org/en/doc/74e8be41ceb20fa0da750cda2f6b9e4e-0050012026/related/CMO-Historical-Data-Monthly.xlsx
2014-01-01,2014,1,Cocoa — World Bank,2.82,USD/kg,Global commodity benchmark,https://thedocs.worldbank.org/en/doc/74e8be41ceb20fa0da750cda2f6b9e4e-0050012026/related/CMO-Historical-Data-Monthly.xlsx
2014-02-01,2014,2,Cocoa — World Bank,2.99,USD/kg,Global commodity benchmark,https://thedocs.worldbank.org/en/doc/74e8be41ceb20fa0da750cda2f6b9e4e-0050012026/related/CMO-Historical-Data-Monthly.xlsx
2014-03-01,2014,3,Cocoa — World Bank,3.04,USD/kg,Global commodity benchmark,https://thedocs.worldbank.org/en/doc/74e8be41ceb20fa0da750cda2f6b9e4e-0050012026/related/CMO-Historical-Data-Monthly.xlsx
2014-04-01,2014,4,Cocoa — World Bank,3.05,USD/kg,Global commodity benchmark,https://thedocs.worldbank.org/en/doc/74e8be41ceb20fa0da750cda2f6b9e4e-0050012026/related/CMO-Historical-Data-Monthly.xlsx
2014-05-01,2014,5,Cocoa — World Bank,3.03,USD/kg,Global commodity benchmark,https://thedocs.worldbank.org/en/doc/74e8be41ceb20fa0da750cda2f6b9e4e-0050012026/related/CMO-Historical-Data-Monthly.xlsx
2014-06-01,2014,6,Cocoa — World Bank,3.17,USD/kg,Global commodity benchmark,https://thedocs.worldbank.org/en/doc/74e8be41ceb20fa0da750cda2f6b9e4e-0050012026/related/CMO-Historical-Data-Monthly.xlsx
2014-07-01,2014,7,Cocoa — World Bank,3.2,USD/kg,Global commodity benchmark,https://thedocs.worldbank.org/en/doc/74e8be41ceb20fa0da750cda2f6b9e4e-0050012026/related/CMO-Historical-Data-Monthly.xlsx
2014-08-01,2014,8,Cocoa — World Bank,3.27,USD/kg,Global commodity benchmark,https://thedocs.worldbank.org/en/doc/74e8be41ceb20fa0da750cda2f6b9e4e-0050012026/related/CMO-Historical-Data-Monthly.xlsx
2014-09-01,2014,9,Cocoa — World Bank,3.21,USD/kg,Global commodity benchmark,https://thedocs.worldbank.org/en/doc/74e8be41ceb20fa0da750cda2f6b9e4e-0050012026/related/CMO-Historical-Data-Monthly.xlsx
2014-10-01,2014,10,Cocoa — World Bank,3.1,USD/kg,Global commodity benchmark,https://thedocs.worldbank.org/en/doc/74e8be41ceb20fa0da750cda2f6b9e4e-0050012026/related/CMO-Historical-Data-Monthly.xlsx
2014-11-01,2014,11,Cocoa — World Bank,2.91,USD/kg,Global commodity benchmark,https://thedocs.worldbank.org/en/doc/74e8be41ceb20fa0da750cda2f6b9e4e-0050012026/related/CMO-Historical-Data-Monthly.xlsx
2014-12-01,2014,12,Cocoa — World Bank,2.95,USD/kg,Global commodity benchmark,https://thedocs.worldbank.org/en/doc/74e8be41ceb20fa0da750cda2f6b9e4e-0050012026/related/CMO-Historical-Data-Monthly.xlsx
2015-01-01,2015,1,Cocoa — World Bank,2.92,USD/kg,Global commodity benchmark,https://thedocs.worldbank.org/en/doc/74e8be41ceb20fa0da750cda2f6b9e4e-0050012026/related/CMO-Historical-Data-Monthly.xlsx
2015-02-01,2015,2,Cocoa — World Bank,2.96,USD/kg,Global commodity benchmark,https://thedocs.worldbank.org/en/doc/74e8be41ceb20fa0da750cda2f6b9e4e-0050012026/related/CMO-Historical-Data-Monthly.xlsx
2015-03-01,2015,3,Cocoa — World Bank,2.88,USD/kg,Global commodity benchmark,https://thedocs.worldbank.org/en/doc/74e8be41ceb20fa0da750cda2f6b9e4e-0050012026/related/CMO-Historical-Data-Monthly.xlsx
2015-04-01,2015,4,Cocoa — World Bank,2.87,USD/kg,Global commodity benchmark,https://thedocs.worldbank.org/en/doc/74e8be41ceb20fa0da750cda2f6b9e4e-0050012026/related/CMO-Historical-Data-Monthly.xlsx
2015-05-01,2015,5,Cocoa — World Bank,3.1,USD/kg,Global commodity benchmark,https://thedocs.worldbank.org/en/doc/74e8be41ceb20fa0da750cda2f6b9e4e-0050012026/related/CMO-Historical-Data-Monthly.xlsx
2015-06-01,2015,6,Cocoa — World Bank,3.24,USD/kg,Global commodity benchmark,https://thedocs.worldbank.org/en/doc/74e8be41ceb20fa0da750cda2f6b9e4e-0050012026/related/CMO-Historical-Data-Monthly.xlsx
2015-07-01,2015,7,Cocoa — World Bank,3.33,USD/kg,Global commodity benchmark,https://thedocs.worldbank.org/en/doc/74e8be41ceb20fa0da750cda2f6b9e4e-0050012026/related/CMO-Historical-Data-Monthly.xlsx
2015-08-01,2015,8,Cocoa — World Bank,3.15,USD/kg,Global commodity benchmark,https://thedocs.worldbank.org/en/doc/74e8be41ceb20fa0da750cda2f6b9e4e-0050012026/related/CMO-Historical-Data-Monthly.xlsx
2015-09-01,2015,9,Cocoa — World Bank,3.28,USD/kg,Global commodity benchmark,https://thedocs.worldbank.org/en/doc/74e8be41ceb20fa0da750cda2f6b9e4e-0050012026/related/CMO-Historical-Data-Monthly.xlsx
2015-10-01,2015,10,Cocoa — World Bank,3.2,USD/kg,Global commodity benchmark,https://thedocs.worldbank.org/en/doc/74e8be41ceb20fa0da750cda2f6b9e4e-0050012026/related/CMO-Historical-Data-Monthly.xlsx
2015-11-01,2015,11,Cocoa — World Bank,3.36,USD/kg,Global commodity benchmark,https://thedocs.worldbank.org/en/doc/74e8be41ceb20fa0da750cda2f6b9e4e-0050012026/related/CMO-Historical-Data-Monthly.xlsx
2015-12-01,2015,12,Cocoa — World Bank,3.35,USD/kg,Global commodity benchmark,https://thedocs.worldbank.org/en/doc/74e8be41ceb20fa0da750cda2f6b9e4e-0050012026/related/CMO-Historical-Data-Monthly.xlsx
2016-01-01,2016,1,Cocoa — World Bank,2.95,USD/kg,Global commodity benchmark,https://thedocs.worldbank.org/en/doc/74e8be41ceb20fa0da750cda2f6b9e4e-0050012026/related/CMO-Historical-Data-Monthly.xlsx
2016-02-01,2016,2,Cocoa — World Bank,2.92,USD/kg,Global commodity benchmark,https://thedocs.worldbank.org/en/doc/74e8be41ceb20fa0da750cda2f6b9e4e-0050012026/related/CMO-Historical-Data-Monthly.xlsx
2016-03-01,2016,3,Cocoa — World Bank,3.07,USD/kg,Global commodity benchmark,https://thedocs.worldbank.org/en/doc/74e8be41ceb20fa0da750cda2f6b9e4e-0050012026/related/CMO-Historical-Data-Monthly.xlsx
2016-04-01,2016,4,Cocoa — World Bank,3.08,USD/kg,Global commodity benchmark,https://thedocs.worldbank.org/en/doc/74e8be41ceb20fa0da750cda2f6b9e4e-0050012026/related/CMO-Historical-Data-Monthly.xlsx
2016-05-01,2016,5,Cocoa — World Bank,3.1,USD/kg,Global commodity benchmark,https://thedocs.worldbank.org/en/doc/74e8be41ceb20fa0da750cda2f6b9e4e-0050012026/related/CMO-Historical-Data-Monthly.xlsx
2016-06-01,2016,6,Cocoa — World Bank,3.12,USD/kg,Global commodity benchmark,https://thedocs.worldbank.org/en/doc/74e8be41ceb20fa0da750cda2f6b9e4e-0050012026/related/CMO-Historical-Data-Monthly.xlsx
2016-07-01,2016,7,Cocoa — World Bank,3.05,USD/kg,Global commodity benchmark,https://thedocs.worldbank.org/en/doc/74e8be41ceb20fa0da750cda2f6b9e4e-0050012026/related/CMO-Historical-Data-Monthly.xlsx
2016-08-01,2016,8,Cocoa — World Bank,3.03,USD/kg,Global commodity benchmark,https://thedocs.worldbank.org/en/doc/74e8be41ceb20fa0da750cda2f6b9e4e-0050012026/related/CMO-Historical-Data-Monthly.xlsx
2016-09-01,2016,9,Cocoa — World Bank,2.88,USD/kg,Global commodity benchmark,https://thedocs.worldbank.org/en/doc/74e8be41ceb20fa0da750cda2f6b9e4e-0050012026/related/CMO-Historical-Data-Monthly.xlsx
2016-10-01,2016,10,Cocoa — World Bank,2.71,USD/kg,Global commodity benchmark,https://thedocs.worldbank.org/en/doc/74e8be41ceb20fa0da750cda2f6b9e4e-0050012026/related/CMO-Historical-Data-Monthly.xlsx
2016-11-01,2016,11,Cocoa — World Bank,2.48,USD/kg,Global commodity benchmark,https://thedocs.worldbank.org/en/doc/74e8be41ceb20fa0da750cda2f6b9e4e-0050012026/related/CMO-Historical-Data-Monthly.xlsx
2016-12-01,2016,12,Cocoa — World Bank,2.3,USD/kg,Global commodity benchmark,https://thedocs.worldbank.org/en/doc/74e8be41ceb20fa0da750cda2f6b9e4e-0050012026/related/CMO-Historical-Data-Monthly.xlsx
2017-01-01,2017,1,Cocoa — World Bank,2.19,USD/kg,Global commodity benchmark,https://thedocs.worldbank.org/en/doc/74e8be41ceb20fa0da750cda2f6b9e4e-0050012026/related/CMO-Historical-Data-Monthly.xlsx
2017-02-01,2017,2,Cocoa — World Bank,2.03,USD/kg,Global commodity benchmark,https://thedocs.worldbank.org/en/doc/74e8be41ceb20fa0da750cda2f6b9e4e-0050012026/related/CMO-Historical-Data-Monthly.xlsx
2017-03-01,2017,3,Cocoa — World Bank,2.06,USD/kg,Global commodity benchmark,https://thedocs.worldbank.org/en/doc/74e8be41ceb20fa0da750cda2f6b9e4e-0050012026/related/CMO-Historical-Data-Monthly.xlsx
2017-04-01,2017,4,Cocoa — World Bank,1.96,USD/kg,Global commodity benchmark,https://thedocs.worldbank.org/en/doc/74e8be41ceb20fa0da750cda2f6b9e4e-0050012026/related/CMO-Historical-Data-Monthly.xlsx
2017-05-01,2017,5,Cocoa — World Bank,1.98,USD/kg,Global commodity benchmark,https://thedocs.worldbank.org/en/doc/74e8be41ceb20fa0da750cda2f6b9e4e-0050012026/related/CMO-Historical-Data-Monthly.xlsx
2017-06-01,2017,6,Cocoa — World Bank,2,USD/kg,Global commodity benchmark,https://thedocs.worldbank.org/en/doc/74e8be41ceb20fa0da750cda2f6b9e4e-0050012026/related/CMO-Historical-Data-Monthly.xlsx
2017-07-01,2017,7,Cocoa — World Bank,1.99,USD/kg,Global commodity benchmark,https://thedocs.worldbank.org/en/doc/74e8be41ceb20fa0da750cda2f6b9e4e-0050012026/related/CMO-Historical-Data-Monthly.xlsx
2017-08-01,2017,8,Cocoa — World Bank,1.99,USD/kg,Global commodity benchmark,https://thedocs.worldbank.org/en/doc/74e8be41ceb20fa0da750cda2f6b9e4e-0050012026/related/CMO-Historical-Data-Monthly.xlsx
2017-09-01,2017,9,Cocoa — World Bank,2,USD/kg,Global commodity benchmark,https://thedocs.worldbank.org/en/doc/74e8be41ceb20fa0da750cda2f6b9e4e-0050012026/related/CMO-Historical-Data-Monthly.xlsx
2017-10-01,2017,10,Cocoa — World Bank,2.1,USD/kg,Global commodity benchmark,https://thedocs.worldbank.org/en/doc/74e8be41ceb20fa0da750cda2f6b9e4e-0050012026/related/CMO-Historical-Data-Monthly.xlsx
2017-11-01,2017,11,Cocoa — World Bank,2.13,USD/kg,Global commodity benchmark,https://thedocs.worldbank.org/en/doc/74e8be41ceb20fa0da750cda2f6b9e4e-0050012026/related/CMO-Historical-Data-Monthly.xlsx
2017-12-01,2017,12,Cocoa — World Bank,1.92,USD/kg,Global commodity benchmark,https://thedocs.worldbank.org/en/doc/74e8be41ceb20fa0da750cda2f6b9e4e-0050012026/related/CMO-Historical-Data-Monthly.xlsx
2018-01-01,2018,1,Cocoa — World Bank,1.95,USD/kg,Global commodity benchmark,https://thedocs.worldbank.org/en/doc/74e8be41ceb20fa0da750cda2f6b9e4e-0050012026/related/CMO-Historical-Data-Monthly.xlsx
2018-02-01,2018,2,Cocoa — World Bank,2.12,USD/kg,Global commodity benchmark,https://thedocs.worldbank.org/en/doc/74e8be41ceb20fa0da750cda2f6b9e4e-0050012026/related/CMO-Historical-Data-Monthly.xlsx
2018-03-01,2018,3,Cocoa — World Bank,2.5,USD/kg,Global commodity benchmark,https://thedocs.worldbank.org/en/doc/74e8be41ceb20fa0da750cda2f6b9e4e-0050012026/related/CMO-Historical-Data-Monthly.xlsx
2018-04-01,2018,4,Cocoa — World Bank,2.62,USD/kg,Global commodity benchmark,https://thedocs.worldbank.org/en/doc/74e8be41ceb20fa0da750cda2f6b9e4e-0050012026/related/CMO-Historical-Data-Monthly.xlsx
2018-05-01,2018,5,Cocoa — World Bank,2.66,USD/kg,Global commodity benchmark,https://thedocs.worldbank.org/en/doc/74e8be41ceb20fa0da750cda2f6b9e4e-0050012026/related/CMO-Historical-Data-Monthly.xlsx
2018-06-01,2018,6,Cocoa — World Bank,2.41,USD/kg,Global commodity benchmark,https://thedocs.worldbank.org/en/doc/74e8be41ceb20fa0da750cda2f6b9e4e-0050012026/related/CMO-Historical-Data-Monthly.xlsx
2018-07-01,2018,7,Cocoa — World Bank,2.36,USD/kg,Global commodity benchmark,https://thedocs.worldbank.org/en/doc/74e8be41ceb20fa0da750cda2f6b9e4e-0050012026/related/CMO-Historical-Data-Monthly.xlsx
2018-08-01,2018,8,Cocoa — World Bank,2.17,USD/kg,Global commodity benchmark,https://thedocs.worldbank.org/en/doc/74e8be41ceb20fa0da750cda2f6b9e4e-0050012026/related/CMO-Historical-Data-Monthly.xlsx
2018-09-01,2018,9,Cocoa — World Bank,2.19,USD/kg,Global commodity benchmark,https://thedocs.worldbank.org/en/doc/74e8be41ceb20fa0da750cda2f6b9e4e-0050012026/related/CMO-Historical-Data-Monthly.xlsx
2018-10-01,2018,10,Cocoa — World Bank,2.13,USD/kg,Global commodity benchmark,https://thedocs.worldbank.org/en/doc/74e8be41ceb20fa0da750cda2f6b9e4e-0050012026/related/CMO-Historical-Data-Monthly.xlsx
2018-11-01,2018,11,Cocoa — World Bank,2.19,USD/kg,Global commodity benchmark,https://thedocs.worldbank.org/en/doc/74e8be41ceb20fa0da750cda2f6b9e4e-0050012026/related/CMO-Historical-Data-Monthly.xlsx
2018-12-01,2018,12,Cocoa — World Bank,2.21,USD/kg,Global commodity benchmark,https://thedocs.worldbank.org/en/doc/74e8be41ceb20fa0da750cda2f6b9e4e-0050012026/related/CMO-Historical-Data-Monthly.xlsx
2019-01-01,2019,1,Cocoa — World Bank,2.26,USD/kg,Global commodity benchmark,https://thedocs.worldbank.org/en/doc/74e8be41ceb20fa0da750cda2f6b9e4e-0050012026/related/CMO-Historical-Data-Monthly.xlsx
2019-02-01,2019,2,Cocoa — World Bank,2.26,USD/kg,Global commodity benchmark,https://thedocs.worldbank.org/en/doc/74e8be41ceb20fa0da750cda2f6b9e4e-0050012026/related/CMO-Historical-Data-Monthly.xlsx
2019-03-01,2019,3,Cocoa — World Bank,2.2,USD/kg,Global commodity benchmark,https://thedocs.worldbank.org/en/doc/74e8be41ceb20fa0da750cda2f6b9e4e-0050012026/related/CMO-Historical-Data-Monthly.xlsx
2019-04-01,2019,4,Cocoa — World Bank,2.33,USD/kg,Global commodity benchmark,https://thedocs.worldbank.org/en/doc/74e8be41ceb20fa0da750cda2f6b9e4e-0050012026/related/CMO-Historical-Data-Monthly.xlsx
2019-05-01,2019,5,Cocoa — World Bank,2.32,USD/kg,Global commodity benchmark,https://thedocs.worldbank.org/en/doc/74e8be41ceb20fa0da750cda2f6b9e4e-0050012026/related/CMO-Historical-Data-Monthly.xlsx
2019-06-01,2019,6,Cocoa — World Bank,2.41,USD/kg,Global commodity benchmark,https://thedocs.worldbank.org/en/doc/74e8be41ceb20fa0da750cda2f6b9e4e-0050012026/related/CMO-Historical-Data-Monthly.xlsx
2019-07-01,2019,7,Cocoa — World Bank,2.42,USD/kg,Global commodity benchmark,https://thedocs.worldbank.org/en/doc/74e8be41ceb20fa0da750cda2f6b9e4e-0050012026/related/CMO-Historical-Data-Monthly.xlsx
2019-08-01,2019,8,Cocoa — World Bank,2.19,USD/kg,Global commodity benchmark,https://thedocs.worldbank.org/en/doc/74e8be41ceb20fa0da750cda2f6b9e4e-0050012026/related/CMO-Historical-Data-Monthly.xlsx
2019-09-01,2019,9,Cocoa — World Bank,2.31,USD/kg,Global commodity benchmark,https://thedocs.worldbank.org/en/doc/74e8be41ceb20fa0da750cda2f6b9e4e-0050012026/related/CMO-Historical-Data-Monthly.xlsx
2019-10-01,2019,10,Cocoa — World Bank,2.44,USD/kg,Global commodity benchmark,https://thedocs.worldbank.org/en/doc/74e8be41ceb20fa0da750cda2f6b9e4e-0050012026/related/CMO-Historical-Data-Monthly.xlsx
2019-11-01,2019,11,Cocoa — World Bank,2.52,USD/kg,Global commodity benchmark,https://thedocs.worldbank.org/en/doc/74e8be41ceb20fa0da750cda2f6b9e4e-0050012026/related/CMO-Historical-Data-Monthly.xlsx
2019-12-01,2019,12,Cocoa — World Bank,2.44,USD/kg,Global commodity benchmark,https://thedocs.worldbank.org/en/doc/74e8be41ceb20fa0da750cda2f6b9e4e-0050012026/related/CMO-Historical-Data-Monthly.xlsx
2020-01-01,2020,1,Cocoa — World Bank,2.6,USD/kg,Global commodity benchmark,https://thedocs.worldbank.org/en/doc/74e8be41ceb20fa0da750cda2f6b9e4e-0050012026/related/CMO-Historical-Data-Monthly.xlsx
2020-02-01,2020,2,Cocoa — World Bank,2.72,USD/kg,Global commodity benchmark,https://thedocs.worldbank.org/en/doc/74e8be41ceb20fa0da750cda2f6b9e4e-0050012026/related/CMO-Historical-Data-Monthly.xlsx
2020-03-01,2020,3,Cocoa — World Bank,2.34,USD/kg,Global commodity benchmark,https://thedocs.worldbank.org/en/doc/74e8be41ceb20fa0da750cda2f6b9e4e-0050012026/related/CMO-Historical-Data-Monthly.xlsx
2020-04-01,2020,4,Cocoa — World Bank,2.27,USD/kg,Global commodity benchmark,https://thedocs.worldbank.org/en/doc/74e8be41ceb20fa0da750cda2f6b9e4e-0050012026/related/CMO-Historical-Data-Monthly.xlsx
2020-05-01,2020,5,Cocoa — World Bank,2.32,USD/kg,Global commodity benchmark,https://thedocs.worldbank.org/en/doc/74e8be41ceb20fa0da750cda2f6b9e4e-0050012026/related/CMO-Historical-Data-Monthly.xlsx
2020-06-01,2020,6,Cocoa — World Bank,2.23,USD/kg,Global commodity benchmark,https://thedocs.worldbank.org/en/doc/74e8be41ceb20fa0da750cda2f6b9e4e-0050012026/related/CMO-Historical-Data-Monthly.xlsx
2020-07-01,2020,7,Cocoa — World Bank,2.1,USD/kg,Global commodity benchmark,https://thedocs.worldbank.org/en/doc/74e8be41ceb20fa0da750cda2f6b9e4e-0050012026/related/CMO-Historical-Data-Monthly.xlsx
2020-08-01,2020,8,Cocoa — World Bank,2.35,USD/kg,Global commodity benchmark,https://thedocs.worldbank.org/en/doc/74e8be41ceb20fa0da750cda2f6b9e4e-0050012026/related/CMO-Historical-Data-Monthly.xlsx
2020-09-01,2020,9,Cocoa — World Bank,2.46,USD/kg,Global commodity benchmark,https://thedocs.worldbank.org/en/doc/74e8be41ceb20fa0da750cda2f6b9e4e-0050012026/related/CMO-Historical-Data-Monthly.xlsx
2020-10-01,2020,10,Cocoa — World Bank,2.29,USD/kg,Global commodity benchmark,https://thedocs.worldbank.org/en/doc/74e8be41ceb20fa0da750cda2f6b9e4e-0050012026/related/CMO-Historical-Data-Monthly.xlsx
2020-11-01,2020,11,Cocoa — World Bank,2.36,USD/kg,Global commodity benchmark,https://thedocs.worldbank.org/en/doc/74e8be41ceb20fa0da750cda2f6b9e4e-0050012026/related/CMO-Historical-Data-Monthly.xlsx
2020-12-01,2020,12,Cocoa — World Bank,2.41,USD/kg,Global commodity benchmark,https://thedocs.worldbank.org/en/doc/74e8be41ceb20fa0da750cda2f6b9e4e-0050012026/related/CMO-Historical-Data-Monthly.xlsx
2021-01-01,2021,1,Cocoa — World Bank,2.39,USD/kg,Global commodity benchmark,https://thedocs.worldbank.org/en/doc/74e8be41ceb20fa0da750cda2f6b9e4e-0050012026/related/CMO-Historical-Data-Monthly.xlsx
2021-02-01,2021,2,Cocoa — World Bank,2.41,USD/kg,Global commodity benchmark,https://thedocs.worldbank.org/en/doc/74e8be41ceb20fa0da750cda2f6b9e4e-0050012026/related/CMO-Historical-Data-Monthly.xlsx
2021-03-01,2021,3,Cocoa — World Bank,2.46,USD/kg,Global commodity benchmark,https://thedocs.worldbank.org/en/doc/74e8be41ceb20fa0da750cda2f6b9e4e-0050012026/related/CMO-Historical-Data-Monthly.xlsx
2021-04-01,2021,4,Cocoa — World Bank,2.37,USD/kg,Global commodity benchmark,https://thedocs.worldbank.org/en/doc/74e8be41ceb20fa0da750cda2f6b9e4e-0050012026/related/CMO-Historical-Data-Monthly.xlsx
2021-05-01,2021,5,Cocoa — World Bank,2.41,USD/kg,Global commodity benchmark,https://thedocs.worldbank.org/en/doc/74e8be41ceb20fa0da750cda2f6b9e4e-0050012026/related/CMO-Historical-Data-Monthly.xlsx
2021-06-01,2021,6,Cocoa — World Bank,2.37,USD/kg,Global commodity benchmark,https://thedocs.worldbank.org/en/doc/74e8be41ceb20fa0da750cda2f6b9e4e-0050012026/related/CMO-Historical-Data-Monthly.xlsx
2021-07-01,2021,7,Cocoa — World Bank,2.33,USD/kg,Global commodity benchmark,https://thedocs.worldbank.org/en/doc/74e8be41ceb20fa0da750cda2f6b9e4e-0050012026/related/CMO-Historical-Data-Monthly.xlsx
2021-08-01,2021,8,Cocoa — World Bank,2.48,USD/kg,Global commodity benchmark,https://thedocs.worldbank.org/en/doc/74e8be41ceb20fa0da750cda2f6b9e4e-0050012026/related/CMO-Historical-Data-Monthly.xlsx
2021-09-01,2021,9,Cocoa — World Bank,2.56,USD/kg,Global commodity benchmark,https://thedocs.worldbank.org/en/doc/74e8be41ceb20fa0da750cda2f6b9e4e-0050012026/related/CMO-Historical-Data-Monthly.xlsx
2021-10-01,2021,10,Cocoa — World Bank,2.57,USD/kg,Global commodity benchmark,https://thedocs.worldbank.org/en/doc/74e8be41ceb20fa0da750cda2f6b9e4e-0050012026/related/CMO-Historical-Data-Monthly.xlsx
2021-11-01,2021,11,Cocoa — World Bank,2.39,USD/kg,Global commodity benchmark,https://thedocs.worldbank.org/en/doc/74e8be41ceb20fa0da750cda2f6b9e4e-0050012026/related/CMO-Historical-Data-Monthly.xlsx
2021-12-01,2021,12,Cocoa — World Bank,2.38,USD/kg,Global commodity benchmark,https://thedocs.worldbank.org/en/doc/74e8be41ceb20fa0da750cda2f6b9e4e-0050012026/related/CMO-Historical-Data-Monthly.xlsx
2022-01-01,2022,1,Cocoa — World Bank,2.47,USD/kg,Global commodity benchmark,https://thedocs.worldbank.org/en/doc/74e8be41ceb20fa0da750cda2f6b9e4e-0050012026/related/CMO-Historical-Data-Monthly.xlsx
2022-02-01,2022,2,Cocoa — World Bank,2.55,USD/kg,Global commodity benchmark,https://thedocs.worldbank.org/en/doc/74e8be41ceb20fa0da750cda2f6b9e4e-0050012026/related/CMO-Historical-Data-Monthly.xlsx
2022-03-01,2022,3,Cocoa — World Bank,2.46,USD/kg,Global commodity benchmark,https://thedocs.worldbank.org/en/doc/74e8be41ceb20fa0da750cda2f6b9e4e-0050012026/related/CMO-Historical-Data-Monthly.xlsx
2022-04-01,2022,4,Cocoa — World Bank,2.46,USD/kg,Global commodity benchmark,https://thedocs.worldbank.org/en/doc/74e8be41ceb20fa0da750cda2f6b9e4e-0050012026/related/CMO-Historical-Data-Monthly.xlsx
2022-05-01,2022,5,Cocoa — World Bank,2.37,USD/kg,Global commodity benchmark,https://thedocs.worldbank.org/en/doc/74e8be41ceb20fa0da750cda2f6b9e4e-0050012026/related/CMO-Historical-Data-Monthly.xlsx
2022-06-01,2022,6,Cocoa — World Bank,2.32,USD/kg,Global commodity benchmark,https://thedocs.worldbank.org/en/doc/74e8be41ceb20fa0da750cda2f6b9e4e-0050012026/related/CMO-Historical-Data-Monthly.xlsx
2022-07-01,2022,7,Cocoa — World Bank,2.24,USD/kg,Global commodity benchmark,https://thedocs.worldbank.org/en/doc/74e8be41ceb20fa0da750cda2f6b9e4e-0050012026/related/CMO-Historical-Data-Monthly.xlsx
2022-08-01,2022,8,Cocoa — World Bank,2.32,USD/kg,Global commodity benchmark,https://thedocs.worldbank.org/en/doc/74e8be41ceb20fa0da750cda2f6b9e4e-0050012026/related/CMO-Historical-Data-Monthly.xlsx
2022-09-01,2022,9,Cocoa — World Bank,2.3,USD/kg,Global commodity benchmark,https://thedocs.worldbank.org/en/doc/74e8be41ceb20fa0da750cda2f6b9e4e-0050012026/related/CMO-Historical-Data-Monthly.xlsx
2022-10-01,2022,10,Cocoa — World Bank,2.31,USD/kg,Global commodity benchmark,https://thedocs.worldbank.org/en/doc/74e8be41ceb20fa0da750cda2f6b9e4e-0050012026/related/CMO-Historical-Data-Monthly.xlsx
2022-11-01,2022,11,Cocoa — World Bank,2.41,USD/kg,Global commodity benchmark,https://thedocs.worldbank.org/en/doc/74e8be41ceb20fa0da750cda2f6b9e4e-0050012026/related/CMO-Historical-Data-Monthly.xlsx
2022-12-01,2022,12,Cocoa — World Bank,2.51,USD/kg,Global commodity benchmark,https://thedocs.worldbank.org/en/doc/74e8be41ceb20fa0da750cda2f6b9e4e-0050012026/related/CMO-Historical-Data-Monthly.xlsx
2023-01-01,2023,1,Cocoa — World Bank,2.62,USD/kg,Global commodity benchmark,https://thedocs.worldbank.org/en/doc/74e8be41ceb20fa0da750cda2f6b9e4e-0050012026/related/CMO-Historical-Data-Monthly.xlsx
2023-02-01,2023,2,Cocoa — World Bank,2.65,USD/kg,Global commodity benchmark,https://thedocs.worldbank.org/en/doc/74e8be41ceb20fa0da750cda2f6b9e4e-0050012026/related/CMO-Historical-Data-Monthly.xlsx
2023-03-01,2023,3,Cocoa — World Bank,2.75,USD/kg,Global commodity benchmark,https://thedocs.worldbank.org/en/doc/74e8be41ceb20fa0da750cda2f6b9e4e-0050012026/related/CMO-Historical-Data-Monthly.xlsx
2023-04-01,2023,4,Cocoa — World Bank,2.88,USD/kg,Global commodity benchmark,https://thedocs.worldbank.org/en/doc/74e8be41ceb20fa0da750cda2f6b9e4e-0050012026/related/CMO-Historical-Data-Monthly.xlsx
2023-05-01,2023,5,Cocoa — World Bank,2.96,USD/kg,Global commodity benchmark,https://thedocs.worldbank.org/en/doc/74e8be41ceb20fa0da750cda2f6b9e4e-0050012026/related/CMO-Historical-Data-Monthly.xlsx
2023-06-01,2023,6,Cocoa — World Bank,3.17,USD/kg,Global commodity benchmark,https://thedocs.worldbank.org/en/doc/74e8be41ceb20fa0da750cda2f6b9e4e-0050012026/related/CMO-Historical-Data-Monthly.xlsx
2023-07-01,2023,7,Cocoa — World Bank,3.39,USD/kg,Global commodity benchmark,https://thedocs.worldbank.org/en/doc/74e8be41ceb20fa0da750cda2f6b9e4e-0050012026/related/CMO-Historical-Data-Monthly.xlsx
2023-08-01,2023,8,Cocoa — World Bank,3.46,USD/kg,Global commodity benchmark,https://thedocs.worldbank.org/en/doc/74e8be41ceb20fa0da750cda2f6b9e4e-0050012026/related/CMO-Historical-Data-Monthly.xlsx
2023-09-01,2023,9,Cocoa — World Bank,3.61,USD/kg,Global commodity benchmark,https://thedocs.worldbank.org/en/doc/74e8be41ceb20fa0da750cda2f6b9e4e-0050012026/related/CMO-Historical-Data-Monthly.xlsx
2023-10-01,2023,10,Cocoa — World Bank,3.63,USD/kg,Global commodity benchmark,https://thedocs.worldbank.org/en/doc/74e8be41ceb20fa0da750cda2f6b9e4e-0050012026/related/CMO-Historical-Data-Monthly.xlsx
2023-11-01,2023,11,Cocoa — World Bank,4.03,USD/kg,Global commodity benchmark,https://thedocs.worldbank.org/en/doc/74e8be41ceb20fa0da750cda2f6b9e4e-0050012026/related/CMO-Historical-Data-Monthly.xlsx
2023-12-01,2023,12,Cocoa — World Bank,4.21,USD/kg,Global commodity benchmark,https://thedocs.worldbank.org/en/doc/74e8be41ceb20fa0da750cda2f6b9e4e-0050012026/related/CMO-Historical-Data-Monthly.xlsx
2024-01-01,2024,1,Cocoa — World Bank,4.4,USD/kg,Global commodity benchmark,https://thedocs.worldbank.org/en/doc/74e8be41ceb20fa0da750cda2f6b9e4e-0050012026/related/CMO-Historical-Data-Monthly.xlsx
2024-02-01,2024,2,Cocoa — World Bank,5.56,USD/kg,Global commodity benchmark,https://thedocs.worldbank.org/en/doc/74e8be41ceb20fa0da750cda2f6b9e4e-0050012026/related/CMO-Historical-Data-Monthly.xlsx
2024-03-01,2024,3,Cocoa — World Bank,7.09,USD/kg,Global commodity benchmark,https://thedocs.worldbank.org/en/doc/74e8be41ceb20fa0da750cda2f6b9e4e-0050012026/related/CMO-Historical-Data-Monthly.xlsx
2024-04-01,2024,4,Cocoa — World Bank,9.74,USD/kg,Global commodity benchmark,https://thedocs.worldbank.org/en/doc/74e8be41ceb20fa0da750cda2f6b9e4e-0050012026/related/CMO-Historical-Data-Monthly.xlsx
2024-05-01,2024,5,Cocoa — World Bank,7.54,USD/kg,Global commodity benchmark,https://thedocs.worldbank.org/en/doc/74e8be41ceb20fa0da750cda2f6b9e4e-0050012026/related/CMO-Historical-Data-Monthly.xlsx
2024-06-01,2024,6,Cocoa — World Bank,8.27,USD/kg,Global commodity benchmark,https://thedocs.worldbank.org/en/doc/74e8be41ceb20fa0da750cda2f6b9e4e-0050012026/related/CMO-Historical-Data-Monthly.xlsx
2024-07-01,2024,7,Cocoa — World Bank,7.09,USD/kg,Global commodity benchmark,https://thedocs.worldbank.org/en/doc/74e8be41ceb20fa0da750cda2f6b9e4e-0050012026/related/CMO-Historical-Data-Monthly.xlsx
2024-08-01,2024,8,Cocoa — World Bank,6.88,USD/kg,Global commodity benchmark,https://thedocs.worldbank.org/en/doc/74e8be41ceb20fa0da750cda2f6b9e4e-0050012026/related/CMO-Historical-Data-Monthly.xlsx
2024-09-01,2024,9,Cocoa — World Bank,6.52,USD/kg,Global commodity benchmark,https://thedocs.worldbank.org/en/doc/74e8be41ceb20fa0da750cda2f6b9e4e-0050012026/related/CMO-Historical-Data-Monthly.xlsx
2024-10-01,2024,10,Cocoa — World Bank,6.66,USD/kg,Global commodity benchmark,https://thedocs.worldbank.org/en/doc/74e8be41ceb20fa0da750cda2f6b9e4e-0050012026/related/CMO-Historical-Data-Monthly.xlsx
2024-11-01,2024,11,Cocoa — World Bank,7.89,USD/kg,Global commodity benchmark,https://thedocs.worldbank.org/en/doc/74e8be41ceb20fa0da750cda2f6b9e4e-0050012026/related/CMO-Historical-Data-Monthly.xlsx
2024-12-01,2024,12,Cocoa — World Bank,10.32,USD/kg,Global commodity benchmark,https://thedocs.worldbank.org/en/doc/74e8be41ceb20fa0da750cda2f6b9e4e-0050012026/related/CMO-Historical-Data-Monthly.xlsx
2025-01-01,2025,1,Cocoa — World Bank,10.75,USD/kg,Global commodity benchmark,https://thedocs.worldbank.org/en/doc/74e8be41ceb20fa0da750cda2f6b9e4e-0050012026/related/CMO-Historical-Data-Monthly.xlsx
2025-02-01,2025,2,Cocoa — World Bank,9.86,USD/kg,Global commodity benchmark,https://thedocs.worldbank.org/en/doc/74e8be41ceb20fa0da750cda2f6b9e4e-0050012026/related/CMO-Historical-Data-Monthly.xlsx
2025-03-01,2025,3,Cocoa — World Bank,8.08,USD/kg,Global commodity benchmark,https://thedocs.worldbank.org/en/doc/74e8be41ceb20fa0da750cda2f6b9e4e-0050012026/related/CMO-Historical-Data-Monthly.xlsx
2025-04-01,2025,4,Cocoa — World Bank,8.15,USD/kg,Global commodity benchmark,https://thedocs.worldbank.org/en/doc/74e8be41ceb20fa0da750cda2f6b9e4e-0050012026/related/CMO-Historical-Data-Monthly.xlsx
2025-05-01,2025,5,Cocoa — World Bank,8.99,USD/kg,Global commodity benchmark,https://thedocs.worldbank.org/en/doc/74e8be41ceb20fa0da750cda2f6b9e4e-0050012026/related/CMO-Historical-Data-Monthly.xlsx
2025-06-01,2025,6,Cocoa — World Bank,8.4,USD/kg,Global commodity benchmark,https://thedocs.worldbank.org/en/doc/74e8be41ceb20fa0da750cda2f6b9e4e-0050012026/related/CMO-Historical-Data-Monthly.xlsx
2025-07-01,2025,7,Cocoa — World Bank,7.37,USD/kg,Global commodity benchmark,https://thedocs.worldbank.org/en/doc/74e8be41ceb20fa0da750cda2f6b9e4e-0050012026/related/CMO-Historical-Data-Monthly.xlsx
2025-08-01,2025,8,Cocoa — World Bank,7.6,USD/kg,Global commodity benchmark,https://thedocs.worldbank.org/en/doc/74e8be41ceb20fa0da750cda2f6b9e4e-0050012026/related/CMO-Historical-Data-Monthly.xlsx
2025-09-01,2025,9,Cocoa — World Bank,7.03,USD/kg,Global commodity benchmark,https://thedocs.worldbank.org/en/doc/74e8be41ceb20fa0da750cda2f6b9e4e-0050012026/related/CMO-Historical-Data-Monthly.xlsx
2025-10-01,2025,10,Cocoa — World Bank,5.95,USD/kg,Global commodity benchmark,https://thedocs.worldbank.org/en/doc/74e8be41ceb20fa0da750cda2f6b9e4e-0050012026/related/CMO-Historical-Data-Monthly.xlsx
2025-11-01,2025,11,Cocoa — World Bank,5.61,USD/kg,Global commodity benchmark,https://thedocs.worldbank.org/en/doc/74e8be41ceb20fa0da750cda2f6b9e4e-0050012026/related/CMO-Historical-Data-Monthly.xlsx
2025-12-01,2025,12,Cocoa — World Bank,5.78,USD/kg,Global commodity benchmark,https://thedocs.worldbank.org/en/doc/74e8be41ceb20fa0da750cda2f6b9e4e-0050012026/related/CMO-Historical-Data-Monthly.xlsx
2026-01-01,2026,1,Cocoa — World Bank,4.97,USD/kg,Global commodity benchmark,https://thedocs.worldbank.org/en/doc/74e8be41ceb20fa0da750cda2f6b9e4e-0050012026/related/CMO-Historical-Data-Monthly.xlsx
2026-02-01,2026,2,Cocoa — World Bank,3.59,USD/kg,Global commodity benchmark,https://thedocs.worldbank.org/en/doc/74e8be41ceb20fa0da750cda2f6b9e4e-0050012026/related/CMO-Historical-Data-Monthly.xlsx
2026-03-01,2026,3,Cocoa — World Bank,3.24,USD/kg,Global commodity benchmark,https://thedocs.worldbank.org/en/doc/74e8be41ceb20fa0da750cda2f6b9e4e-0050012026/related/CMO-Historical-Data-Monthly.xlsx
2026-04-01,2026,4,Cocoa — World Bank,3.4,USD/kg,Global commodity benchmark,https://thedocs.worldbank.org/en/doc/74e8be41ceb20fa0da750cda2f6b9e4e-0050012026/related/CMO-Historical-Data-Monthly.xlsx
2026-05-01,2026,5,Cocoa — World Bank,4.16,USD/kg,Global commodity benchmark,https://thedocs.worldbank.org/en/doc/74e8be41ceb20fa0da750cda2f6b9e4e-0050012026/related/CMO-Historical-Data-Monthly.xlsx
2026-06-01,2026,6,Cocoa — World Bank,4.4,USD/kg,Global commodity benchmark,https://thedocs.worldbank.org/en/doc/74e8be41ceb20fa0da750cda2f6b9e4e-0050012026/related/CMO-Historical-Data-Monthly.xlsx
2026-07-01,2026,7,Cocoa — World Bank,5.61,USD/kg,Global commodity benchmark,https://thedocs.worldbank.org/en/doc/74e8be41ceb20fa0da750cda2f6b9e4e-0050012026/related/CMO-Historical-Data-Monthly.xlsx
2026-08-01,2026,8,Cocoa — World Bank,5.95,USD/kg,Global commodity benchmark,https://thedocs.worldbank.org/en/doc/74e8be41ceb20fa0da750cda2f6b9e4e-0050012026/related/CMO-Historical-Data-Monthly.xlsx
1999-01-01,1999,1,Coffee Arabica — World Bank,2.49,USD/kg,Global commodity benchmark,https://thedocs.worldbank.org/en/doc/74e8be41ceb20fa0da750cda2f6b9e4e-0050012026/related/CMO-Historical-Data-Monthly.xlsx
1999-02-01,1999,2,Coffee Arabica — World Bank,2.33,USD/kg,Global commodity benchmark,https://thedocs.worldbank.org/en/doc/74e8be41ceb20fa0da750cda2f6b9e4e-0050012026/related/CMO-Historical-Data-Monthly.xlsx
1999-03-01,1999,3,Coffee Arabica — World Bank,2.32,USD/kg,Global commodity benchmark,https://thedocs.worldbank.org/en/doc/74e8be41ceb20fa0da750cda2f6b9e4e-0050012026/related/CMO-Historical-Data-Monthly.xlsx
1999-04-01,1999,4,Coffee Arabica — World Bank,2.25,USD/kg,Global commodity benchmark,https://thedocs.worldbank.org/en/doc/74e8be41ceb20fa0da750cda2f6b9e4e-0050012026/related/CMO-Historical-Data-Monthly.xlsx
1999-05-01,1999,5,Coffee Arabica — World Bank,2.45,USD/kg,Global commodity benchmark,https://thedocs.worldbank.org/en/doc/74e8be41ceb20fa0da750cda2f6b9e4e-0050012026/related/CMO-Historical-Data-Monthly.xlsx
1999-06-01,1999,6,Coffee Arabica — World Bank,2.36,USD/kg,Global commodity benchmark,https://thedocs.worldbank.org/en/doc/74e8be41ceb20fa0da750cda2f6b9e4e-0050012026/related/CMO-Historical-Data-Monthly.xlsx
1999-07-01,1999,7,Coffee Arabica — World Bank,2.09,USD/kg,Global commodity benchmark,https://thedocs.worldbank.org/en/doc/74e8be41ceb20fa0da750cda2f6b9e4e-0050012026/related/CMO-Historical-Data-Monthly.xlsx
1999-08-01,1999,8,Coffee Arabica — World Bank,2.01,USD/kg,Global commodity benchmark,https://thedocs.worldbank.org/en/doc/74e8be41ceb20fa0da750cda2f6b9e4e-0050012026/related/CMO-Historical-Data-Monthly.xlsx
1999-09-01,1999,9,Coffee Arabica — World Bank,1.86,USD/kg,Global commodity benchmark,https://thedocs.worldbank.org/en/doc/74e8be41ceb20fa0da750cda2f6b9e4e-0050012026/related/CMO-Historical-Data-Monthly.xlsx
1999-10-01,1999,10,Coffee Arabica — World Bank,2.08,USD/kg,Global commodity benchmark,https://thedocs.worldbank.org/en/doc/74e8be41ceb20fa0da750cda2f6b9e4e-0050012026/related/CMO-Historical-Data-Monthly.xlsx
1999-11-01,1999,11,Coffee Arabica — World Bank,2.5,USD/kg,Global commodity benchmark,https://thedocs.worldbank.org/en/doc/74e8be41ceb20fa0da750cda2f6b9e4e-0050012026/related/CMO-Historical-Data-Monthly.xlsx
1999-12-01,1999,12,Coffee Arabica — World Bank,2.74,USD/kg,Global commodity benchmark,https://thedocs.worldbank.org/en/doc/74e8be41ceb20fa0da750cda2f6b9e4e-0050012026/related/CMO-Historical-Data-Monthly.xlsx
2000-01-01,2000,1,Coffee Arabica — World Bank,2.45,USD/kg,Global commodity benchmark,https://thedocs.worldbank.org/en/doc/74e8be41ceb20fa0da750cda2f6b9e4e-0050012026/related/CMO-Historical-Data-Monthly.xlsx
2000-02-01,2000,2,Coffee Arabica — World Bank,2.28,USD/kg,Global commodity benchmark,https://thedocs.worldbank.org/en/doc/74e8be41ceb20fa0da750cda2f6b9e4e-0050012026/related/CMO-Historical-Data-Monthly.xlsx
2000-03-01,2000,3,Coffee Arabica — World Bank,2.22,USD/kg,Global commodity benchmark,https://thedocs.worldbank.org/en/doc/74e8be41ceb20fa0da750cda2f6b9e4e-0050012026/related/CMO-Historical-Data-Monthly.xlsx
2000-04-01,2000,4,Coffee Arabica — World Bank,2.09,USD/kg,Global commodity benchmark,https://thedocs.worldbank.org/en/doc/74e8be41ceb20fa0da750cda2f6b9e4e-0050012026/related/CMO-Historical-Data-Monthly.xlsx
2000-05-01,2000,5,Coffee Arabica — World Bank,2.08,USD/kg,Global commodity benchmark,https://thedocs.worldbank.org/en/doc/74e8be41ceb20fa0da750cda2f6b9e4e-0050012026/related/CMO-Historical-Data-Monthly.xlsx
2000-06-01,2000,6,Coffee Arabica — World Bank,1.91,USD/kg,Global commodity benchmark,https://thedocs.worldbank.org/en/doc/74e8be41ceb20fa0da750cda2f6b9e4e-0050012026/related/CMO-Historical-Data-Monthly.xlsx
2000-07-01,2000,7,Coffee Arabica — World Bank,1.93,USD/kg,Global commodity benchmark,https://thedocs.worldbank.org/en/doc/74e8be41ceb20fa0da750cda2f6b9e4e-0050012026/related/CMO-Historical-Data-Monthly.xlsx
2000-08-01,2000,8,Coffee Arabica — World Bank,1.7,USD/kg,Global commodity benchmark,https://thedocs.worldbank.org/en/doc/74e8be41ceb20fa0da750cda2f6b9e4e-0050012026/related/CMO-Historical-Data-Monthly.xlsx
2000-09-01,2000,9,Coffee Arabica — World Bank,1.67,USD/kg,Global commodity benchmark,https://thedocs.worldbank.org/en/doc/74e8be41ceb20fa0da750cda2f6b9e4e-0050012026/related/CMO-Historical-Data-Monthly.xlsx
2000-10-01,2000,10,Coffee Arabica — World Bank,1.69,USD/kg,Global commodity benchmark,https://thedocs.worldbank.org/en/doc/74e8be41ceb20fa0da750cda2f6b9e4e-0050012026/related/CMO-Historical-Data-Monthly.xlsx
2000-11-01,2000,11,Coffee Arabica — World Bank,1.58,USD/kg,Global commodity benchmark,https://thedocs.worldbank.org/en/doc/74e8be41ceb20fa0da750cda2f6b9e4e-0050012026/related/CMO-Historical-Data-Monthly.xlsx
2000-12-01,2000,12,Coffee Arabica — World Bank,1.46,USD/kg,Global commodity benchmark,https://thedocs.worldbank.org/en/doc/74e8be41ceb20fa0da750cda2f6b9e4e-0050012026/related/CMO-Historical-Data-Monthly.xlsx
2001-01-01,2001,1,Coffee Arabica — World Bank,1.45,USD/kg,Global commodity benchmark,https://thedocs.worldbank.org/en/doc/74e8be41ceb20fa0da750cda2f6b9e4e-0050012026/related/CMO-Historical-Data-Monthly.xlsx
2001-02-01,2001,2,Coffee Arabica — World Bank,1.48,USD/kg,Global commodity benchmark,https://thedocs.worldbank.org/en/doc/74e8be41ceb20fa0da750cda2f6b9e4e-0050012026/related/CMO-Historical-Data-Monthly.xlsx
2001-03-01,2001,3,Coffee Arabica — World Bank,1.47,USD/kg,Global commodity benchmark,https://thedocs.worldbank.org/en/doc/74e8be41ceb20fa0da750cda2f6b9e4e-0050012026/related/CMO-Historical-Data-Monthly.xlsx
2001-04-01,2001,4,Coffee Arabica — World Bank,1.46,USD/kg,Global commodity benchmark,https://thedocs.worldbank.org/en/doc/74e8be41ceb20fa0da750cda2f6b9e4e-0050012026/related/CMO-Historical-Data-Monthly.xlsx
2001-05-01,2001,5,Coffee Arabica — World Bank,1.53,USD/kg,Global commodity benchmark,https://thedocs.worldbank.org/en/doc/74e8be41ceb20fa0da750cda2f6b9e4e-0050012026/related/CMO-Historical-Data-Monthly.xlsx
2001-06-01,2001,6,Coffee Arabica — World Bank,1.41,USD/kg,Global commodity benchmark,https://thedocs.worldbank.org/en/doc/74e8be41ceb20fa0da750cda2f6b9e4e-0050012026/related/CMO-Historical-Data-Monthly.xlsx
2001-07-01,2001,7,Coffee Arabica — World Bank,1.29,USD/kg,Global commodity benchmark,https://thedocs.worldbank.org/en/doc/74e8be41ceb20fa0da750cda2f6b9e4e-0050012026/related/CMO-Historical-Data-Monthly.xlsx
2001-08-01,2001,8,Coffee Arabica — World Bank,1.32,USD/kg,Global commodity benchmark,https://thedocs.worldbank.org/en/doc/74e8be41ceb20fa0da750cda2f6b9e4e-0050012026/related/CMO-Historical-Data-Monthly.xlsx
2001-09-01,2001,9,Coffee Arabica — World Bank,1.28,USD/kg,Global commodity benchmark,https://thedocs.worldbank.org/en/doc/74e8be41ceb20fa0da750cda2f6b9e4e-0050012026/related/CMO-Historical-Data-Monthly.xlsx
2001-10-01,2001,10,Coffee Arabica — World Bank,1.24,USD/kg,Global commodity benchmark,https://thedocs.worldbank.org/en/doc/74e8be41ceb20fa0da750cda2f6b9e4e-0050012026/related/CMO-Historical-Data-Monthly.xlsx
2001-11-01,2001,11,Coffee Arabica — World Bank,1.3,USD/kg,Global commodity benchmark,https://thedocs.worldbank.org/en/doc/74e8be41ceb20fa0da750cda2f6b9e4e-0050012026/related/CMO-Historical-Data-Monthly.xlsx
2001-12-01,2001,12,Coffee Arabica — World Bank,1.25,USD/kg,Global commodity benchmark,https://thedocs.worldbank.org/en/doc/74e8be41ceb20fa0da750cda2f6b9e4e-0050012026/related/CMO-Historical-Data-Monthly.xlsx
2002-01-01,2002,1,Coffee Arabica — World Bank,1.28,USD/kg,Global commodity benchmark,https://thedocs.worldbank.org/en/doc/74e8be41ceb20fa0da750cda2f6b9e4e-0050012026/related/CMO-Historical-Data-Monthly.xlsx
2002-02-01,2002,2,Coffee Arabica — World Bank,1.3,USD/kg,Global commodity benchmark,https://thedocs.worldbank.org/en/doc/74e8be41ceb20fa0da750cda2f6b9e4e-0050012026/related/CMO-Historical-Data-Monthly.xlsx
2002-03-01,2002,3,Coffee Arabica — World Bank,1.42,USD/kg,Global commodity benchmark,https://thedocs.worldbank.org/en/doc/74e8be41ceb20fa0da750cda2f6b9e4e-0050012026/related/CMO-Historical-Data-Monthly.xlsx
2002-04-01,2002,4,Coffee Arabica — World Bank,1.44,USD/kg,Global commodity benchmark,https://thedocs.worldbank.org/en/doc/74e8be41ceb20fa0da750cda2f6b9e4e-0050012026/related/CMO-Historical-Data-Monthly.xlsx
2002-05-01,2002,5,Coffee Arabica — World Bank,1.35,USD/kg,Global commodity benchmark,https://thedocs.worldbank.org/en/doc/74e8be41ceb20fa0da750cda2f6b9e4e-0050012026/related/CMO-Historical-Data-Monthly.xlsx
2002-06-01,2002,6,Coffee Arabica — World Bank,1.29,USD/kg,Global commodity benchmark,https://thedocs.worldbank.org/en/doc/74e8be41ceb20fa0da750cda2f6b9e4e-0050012026/related/CMO-Historical-Data-Monthly.xlsx
2002-07-01,2002,7,Coffee Arabica — World Bank,1.25,USD/kg,Global commodity benchmark,https://thedocs.worldbank.org/en/doc/74e8be41ceb20fa0da750cda2f6b9e4e-0050012026/related/CMO-Historical-Data-Monthly.xlsx
2002-08-01,2002,8,Coffee Arabica — World Bank,1.2,USD/kg,Global commodity benchmark,https://thedocs.worldbank.org/en/doc/74e8be41ceb20fa0da750cda2f6b9e4e-0050012026/related/CMO-Historical-Data-Monthly.xlsx
2002-09-01,2002,9,Coffee Arabica — World Bank,1.34,USD/kg,Global commodity benchmark,https://thedocs.worldbank.org/en/doc/74e8be41ceb20fa0da750cda2f6b9e4e-0050012026/related/CMO-Historical-Data-Monthly.xlsx
2002-10-01,2002,10,Coffee Arabica — World Bank,1.45,USD/kg,Global commodity benchmark,https://thedocs.worldbank.org/en/doc/74e8be41ceb20fa0da750cda2f6b9e4e-0050012026/related/CMO-Historical-Data-Monthly.xlsx
2002-11-01,2002,11,Coffee Arabica — World Bank,1.54,USD/kg,Global commodity benchmark,https://thedocs.worldbank.org/en/doc/74e8be41ceb20fa0da750cda2f6b9e4e-0050012026/related/CMO-Historical-Data-Monthly.xlsx
2002-12-01,2002,12,Coffee Arabica — World Bank,1.41,USD/kg,Global commodity benchmark,https://thedocs.worldbank.org/en/doc/74e8be41ceb20fa0da750cda2f6b9e4e-0050012026/related/CMO-Historical-Data-Monthly.xlsx
2003-01-01,2003,1,Coffee Arabica — World Bank,1.45,USD/kg,Global commodity benchmark,https://thedocs.worldbank.org/en/doc/74e8be41ceb20fa0da750cda2f6b9e4e-0050012026/related/CMO-Historical-Data-Monthly.xlsx
2003-02-01,2003,2,Coffee Arabica — World Bank,1.46,USD/kg,Global commodity benchmark,https://thedocs.worldbank.org/en/doc/74e8be41ceb20fa0da750cda2f6b9e4e-0050012026/related/CMO-Historical-Data-Monthly.xlsx
2003-03-01,2003,3,Coffee Arabica — World Bank,1.36,USD/kg,Global commodity benchmark,https://thedocs.worldbank.org/en/doc/74e8be41ceb20fa0da750cda2f6b9e4e-0050012026/related/CMO-Historical-Data-Monthly.xlsx
2003-04-01,2003,4,Coffee Arabica — World Bank,1.43,USD/kg,Global commodity benchmark,https://thedocs.worldbank.org/en/doc/74e8be41ceb20fa0da750cda2f6b9e4e-0050012026/related/CMO-Historical-Data-Monthly.xlsx
2003-05-01,2003,5,Coffee Arabica — World Bank,1.46,USD/kg,Global commodity benchmark,https://thedocs.worldbank.org/en/doc/74e8be41ceb20fa0da750cda2f6b9e4e-0050012026/related/CMO-Historical-Data-Monthly.xlsx
2003-06-01,2003,6,Coffee Arabica — World Bank,1.35,USD/kg,Global commodity benchmark,https://thedocs.worldbank.org/en/doc/74e8be41ceb20fa0da750cda2f6b9e4e-0050012026/related/CMO-Historical-Data-Monthly.xlsx
2003-07-01,2003,7,Coffee Arabica — World Bank,1.39,USD/kg,Global commodity benchmark,https://thedocs.worldbank.org/en/doc/74e8be41ceb20fa0da750cda2f6b9e4e-0050012026/related/CMO-Historical-Data-Monthly.xlsx
2003-08-01,2003,8,Coffee Arabica — World Bank,1.41,USD/kg,Global commodity benchmark,https://thedocs.worldbank.org/en/doc/74e8be41ceb20fa0da750cda2f6b9e4e-0050012026/related/CMO-Historical-Data-Monthly.xlsx
2003-09-01,2003,9,Coffee Arabica — World Bank,1.46,USD/kg,Global commodity benchmark,https://thedocs.worldbank.org/en/doc/74e8be41ceb20fa0da750cda2f6b9e4e-0050012026/related/CMO-Historical-Data-Monthly.xlsx
2003-10-01,2003,10,Coffee Arabica — World Bank,1.42,USD/kg,Global commodity benchmark,https://thedocs.worldbank.org/en/doc/74e8be41ceb20fa0da750cda2f6b9e4e-0050012026/related/CMO-Historical-Data-Monthly.xlsx
2003-11-01,2003,11,Coffee Arabica — World Bank,1.37,USD/kg,Global commodity benchmark,https://thedocs.worldbank.org/en/doc/74e8be41ceb20fa0da750cda2f6b9e4e-0050012026/related/CMO-Historical-Data-Monthly.xlsx
2003-12-01,2003,12,Coffee Arabica — World Bank,1.43,USD/kg,Global commodity benchmark,https://thedocs.worldbank.org/en/doc/74e8be41ceb20fa0da750cda2f6b9e4e-0050012026/related/CMO-Historical-Data-Monthly.xlsx
2004-01-01,2004,1,Coffee Arabica — World Bank,1.6,USD/kg,Global commodity benchmark,https://thedocs.worldbank.org/en/doc/74e8be41ceb20fa0da750cda2f6b9e4e-0050012026/related/CMO-Historical-Data-Monthly.xlsx
2004-02-01,2004,2,Coffee Arabica — World Bank,1.68,USD/kg,Global commodity benchmark,https://thedocs.worldbank.org/en/doc/74e8be41ceb20fa0da750cda2f6b9e4e-0050012026/related/CMO-Historical-Data-Monthly.xlsx
2004-03-01,2004,3,Coffee Arabica — World Bank,1.72,USD/kg,Global commodity benchmark,https://thedocs.worldbank.org/en/doc/74e8be41ceb20fa0da750cda2f6b9e4e-0050012026/related/CMO-Historical-Data-Monthly.xlsx
2004-04-01,2004,4,Coffee Arabica — World Bank,1.66,USD/kg,Global commodity benchmark,https://thedocs.worldbank.org/en/doc/74e8be41ceb20fa0da750cda2f6b9e4e-0050012026/related/CMO-Historical-Data-Monthly.xlsx
2004-05-01,2004,5,Coffee Arabica — World Bank,1.7,USD/kg,Global commodity benchmark,https://thedocs.worldbank.org/en/doc/74e8be41ceb20fa0da750cda2f6b9e4e-0050012026/related/CMO-Historical-Data-Monthly.xlsx
2004-06-01,2004,6,Coffee Arabica — World Bank,1.81,USD/kg,Global commodity benchmark,https://thedocs.worldbank.org/en/doc/74e8be41ceb20fa0da750cda2f6b9e4e-0050012026/related/CMO-Historical-Data-Monthly.xlsx
2004-07-01,2004,7,Coffee Arabica — World Bank,1.65,USD/kg,Global commodity benchmark,https://thedocs.worldbank.org/en/doc/74e8be41ceb20fa0da750cda2f6b9e4e-0050012026/related/CMO-Historical-Data-Monthly.xlsx
2004-08-01,2004,8,Coffee Arabica — World Bank,1.62,USD/kg,Global commodity benchmark,https://thedocs.worldbank.org/en/doc/74e8be41ceb20fa0da750cda2f6b9e4e-0050012026/related/CMO-Historical-Data-Monthly.xlsx
2004-09-01,2004,9,Coffee Arabica — World Bank,1.77,USD/kg,Global commodity benchmark,https://thedocs.worldbank.org/en/doc/74e8be41ceb20fa0da750cda2f6b9e4e-0050012026/related/CMO-Historical-Data-Monthly.xlsx
2004-10-01,2004,10,Coffee Arabica — World Bank,1.78,USD/kg,Global commodity benchmark,https://thedocs.worldbank.org/en/doc/74e8be41ceb20fa0da750cda2f6b9e4e-0050012026/related/CMO-Historical-Data-Monthly.xlsx
2004-11-01,2004,11,Coffee Arabica — World Bank,1.99,USD/kg,Global commodity benchmark,https://thedocs.worldbank.org/en/doc/74e8be41ceb20fa0da750cda2f6b9e4e-0050012026/related/CMO-Historical-Data-Monthly.xlsx
2004-12-01,2004,12,Coffee Arabica — World Bank,2.3,USD/kg,Global commodity benchmark,https://thedocs.worldbank.org/en/doc/74e8be41ceb20fa0da750cda2f6b9e4e-0050012026/related/CMO-Historical-Data-Monthly.xlsx
2005-01-01,2005,1,Coffee Arabica — World Bank,2.36,USD/kg,Global commodity benchmark,https://thedocs.worldbank.org/en/doc/74e8be41ceb20fa0da750cda2f6b9e4e-0050012026/related/CMO-Historical-Data-Monthly.xlsx
2005-02-01,2005,2,Coffee Arabica — World Bank,2.66,USD/kg,Global commodity benchmark,https://thedocs.worldbank.org/en/doc/74e8be41ceb20fa0da750cda2f6b9e4e-0050012026/related/CMO-Historical-Data-Monthly.xlsx
2005-03-01,2005,3,Coffee Arabica — World Bank,2.98,USD/kg,Global commodity benchmark,https://thedocs.worldbank.org/en/doc/74e8be41ceb20fa0da750cda2f6b9e4e-0050012026/related/CMO-Historical-Data-Monthly.xlsx
2005-04-01,2005,4,Coffee Arabica — World Bank,2.86,USD/kg,Global commodity benchmark,https://thedocs.worldbank.org/en/doc/74e8be41ceb20fa0da750cda2f6b9e4e-0050012026/related/CMO-Historical-Data-Monthly.xlsx
2005-05-01,2005,5,Coffee Arabica — World Bank,2.83,USD/kg,Global commodity benchmark,https://thedocs.worldbank.org/en/doc/74e8be41ceb20fa0da750cda2f6b9e4e-0050012026/related/CMO-Historical-Data-Monthly.xlsx
2005-06-01,2005,6,Coffee Arabica — World Bank,2.67,USD/kg,Global commodity benchmark,https://thedocs.worldbank.org/en/doc/74e8be41ceb20fa0da750cda2f6b9e4e-0050012026/related/CMO-Historical-Data-Monthly.xlsx
2005-07-01,2005,7,Coffee Arabica — World Bank,2.42,USD/kg,Global commodity benchmark,https://thedocs.worldbank.org/en/doc/74e8be41ceb20fa0da750cda2f6b9e4e-0050012026/related/CMO-Historical-Data-Monthly.xlsx
2005-08-01,2005,8,Coffee Arabica — World Bank,2.39,USD/kg,Global commodity benchmark,https://thedocs.worldbank.org/en/doc/74e8be41ceb20fa0da750cda2f6b9e4e-0050012026/related/CMO-Historical-Data-Monthly.xlsx
2005-09-01,2005,9,Coffee Arabica — World Bank,2.19,USD/kg,Global commodity benchmark,https://thedocs.worldbank.org/en/doc/74e8be41ceb20fa0da750cda2f6b9e4e-0050012026/related/CMO-Historical-Data-Monthly.xlsx
2005-10-01,2005,10,Coffee Arabica — World Bank,2.32,USD/kg,Global commodity benchmark,https://thedocs.worldbank.org/en/doc/74e8be41ceb20fa0da750cda2f6b9e4e-0050012026/related/CMO-Historical-Data-Monthly.xlsx
2005-11-01,2005,11,Coffee Arabica — World Bank,2.38,USD/kg,Global commodity benchmark,https://thedocs.worldbank.org/en/doc/74e8be41ceb20fa0da750cda2f6b9e4e-0050012026/related/CMO-Historical-Data-Monthly.xlsx
2005-12-01,2005,12,Coffee Arabica — World Bank,2.33,USD/kg,Global commodity benchmark,https://thedocs.worldbank.org/en/doc/74e8be41ceb20fa0da750cda2f6b9e4e-0050012026/related/CMO-Historical-Data-Monthly.xlsx
2006-01-01,2006,1,Coffee Arabica — World Bank,2.74,USD/kg,Global commodity benchmark,https://thedocs.worldbank.org/en/doc/74e8be41ceb20fa0da750cda2f6b9e4e-0050012026/related/CMO-Historical-Data-Monthly.xlsx
2006-02-01,2006,2,Coffee Arabica — World Bank,2.63,USD/kg,Global commodity benchmark,https://thedocs.worldbank.org/en/doc/74e8be41ceb20fa0da750cda2f6b9e4e-0050012026/related/CMO-Historical-Data-Monthly.xlsx
2006-03-01,2006,3,Coffee Arabica — World Bank,2.51,USD/kg,Global commodity benchmark,https://thedocs.worldbank.org/en/doc/74e8be41ceb20fa0da750cda2f6b9e4e-0050012026/related/CMO-Historical-Data-Monthly.xlsx
2006-04-01,2006,4,Coffee Arabica — World Bank,2.54,USD/kg,Global commodity benchmark,https://thedocs.worldbank.org/en/doc/74e8be41ceb20fa0da750cda2f6b9e4e-0050012026/related/CMO-Historical-Data-Monthly.xlsx
2006-05-01,2006,5,Coffee Arabica — World Bank,2.41,USD/kg,Global commodity benchmark,https://thedocs.worldbank.org/en/doc/74e8be41ceb20fa0da750cda2f6b9e4e-0050012026/related/CMO-Historical-Data-Monthly.xlsx
2006-06-01,2006,6,Coffee Arabica — World Bank,2.27,USD/kg,Global commodity benchmark,https://thedocs.worldbank.org/en/doc/74e8be41ceb20fa0da750cda2f6b9e4e-0050012026/related/CMO-Historical-Data-Monthly.xlsx
2006-07-01,2006,7,Coffee Arabica — World Bank,2.31,USD/kg,Global commodity benchmark,https://thedocs.worldbank.org/en/doc/74e8be41ceb20fa0da750cda2f6b9e4e-0050012026/related/CMO-Historical-Data-Monthly.xlsx
2006-08-01,2006,8,Coffee Arabica — World Bank,2.46,USD/kg,Global commodity benchmark,https://thedocs.worldbank.org/en/doc/74e8be41ceb20fa0da750cda2f6b9e4e-0050012026/related/CMO-Historical-Data-Monthly.xlsx
2006-09-01,2006,9,Coffee Arabica — World Bank,2.42,USD/kg,Global commodity benchmark,https://thedocs.worldbank.org/en/doc/74e8be41ceb20fa0da750cda2f6b9e4e-0050012026/related/CMO-Historical-Data-Monthly.xlsx
2006-10-01,2006,10,Coffee Arabica — World Bank,2.44,USD/kg,Global commodity benchmark,https://thedocs.worldbank.org/en/doc/74e8be41ceb20fa0da750cda2f6b9e4e-0050012026/related/CMO-Historical-Data-Monthly.xlsx
2006-11-01,2006,11,Coffee Arabica — World Bank,2.7,USD/kg,Global commodity benchmark,https://thedocs.worldbank.org/en/doc/74e8be41ceb20fa0da750cda2f6b9e4e-0050012026/related/CMO-Historical-Data-Monthly.xlsx
2006-12-01,2006,12,Coffee Arabica — World Bank,2.83,USD/kg,Global commodity benchmark,https://thedocs.worldbank.org/en/doc/74e8be41ceb20fa0da750cda2f6b9e4e-0050012026/related/CMO-Historical-Data-Monthly.xlsx
2007-01-01,2007,1,Coffee Arabica — World Bank,2.75,USD/kg,Global commodity benchmark,https://thedocs.worldbank.org/en/doc/74e8be41ceb20fa0da750cda2f6b9e4e-0050012026/related/CMO-Historical-Data-Monthly.xlsx
2007-02-01,2007,2,Coffee Arabica — World Bank,2.69,USD/kg,Global commodity benchmark,https://thedocs.worldbank.org/en/doc/74e8be41ceb20fa0da750cda2f6b9e4e-0050012026/related/CMO-Historical-Data-Monthly.xlsx
2007-03-01,2007,3,Coffee Arabica — World Bank,2.58,USD/kg,Global commodity benchmark,https://thedocs.worldbank.org/en/doc/74e8be41ceb20fa0da750cda2f6b9e4e-0050012026/related/CMO-Historical-Data-Monthly.xlsx
2007-04-01,2007,4,Coffee Arabica — World Bank,2.53,USD/kg,Global commodity benchmark,https://thedocs.worldbank.org/en/doc/74e8be41ceb20fa0da750cda2f6b9e4e-0050012026/related/CMO-Historical-Data-Monthly.xlsx
2007-05-01,2007,5,Coffee Arabica — World Bank,2.5,USD/kg,Global commodity benchmark,https://thedocs.worldbank.org/en/doc/74e8be41ceb20fa0da750cda2f6b9e4e-0050012026/related/CMO-Historical-Data-Monthly.xlsx
2007-06-01,2007,6,Coffee Arabica — World Bank,2.63,USD/kg,Global commodity benchmark,https://thedocs.worldbank.org/en/doc/74e8be41ceb20fa0da750cda2f6b9e4e-0050012026/related/CMO-Historical-Data-Monthly.xlsx
2007-07-01,2007,7,Coffee Arabica — World Bank,2.59,USD/kg,Global commodity benchmark,https://thedocs.worldbank.org/en/doc/74e8be41ceb20fa0da750cda2f6b9e4e-0050012026/related/CMO-Historical-Data-Monthly.xlsx
2007-08-01,2007,8,Coffee Arabica — World Bank,2.72,USD/kg,Global commodity benchmark,https://thedocs.worldbank.org/en/doc/74e8be41ceb20fa0da750cda2f6b9e4e-0050012026/related/CMO-Historical-Data-Monthly.xlsx
2007-09-01,2007,9,Coffee Arabica — World Bank,2.82,USD/kg,Global commodity benchmark,https://thedocs.worldbank.org/en/doc/74e8be41ceb20fa0da750cda2f6b9e4e-0050012026/related/CMO-Historical-Data-Monthly.xlsx
2007-10-01,2007,10,Coffee Arabica — World Bank,2.96,USD/kg,Global commodity benchmark,https://thedocs.worldbank.org/en/doc/74e8be41ceb20fa0da750cda2f6b9e4e-0050012026/related/CMO-Historical-Data-Monthly.xlsx
2007-11-01,2007,11,Coffee Arabica — World Bank,2.89,USD/kg,Global commodity benchmark,https://thedocs.worldbank.org/en/doc/74e8be41ceb20fa0da750cda2f6b9e4e-0050012026/related/CMO-Historical-Data-Monthly.xlsx
2007-12-01,2007,12,Coffee Arabica — World Bank,3.03,USD/kg,Global commodity benchmark,https://thedocs.worldbank.org/en/doc/74e8be41ceb20fa0da750cda2f6b9e4e-0050012026/related/CMO-Historical-Data-Monthly.xlsx
2008-01-01,2008,1,Coffee Arabica — World Bank,3.08,USD/kg,Global commodity benchmark,https://thedocs.worldbank.org/en/doc/74e8be41ceb20fa0da750cda2f6b9e4e-0050012026/related/CMO-Historical-Data-Monthly.xlsx
2008-02-01,2008,2,Coffee Arabica — World Bank,3.47,USD/kg,Global commodity benchmark,https://thedocs.worldbank.org/en/doc/74e8be41ceb20fa0da750cda2f6b9e4e-0050012026/related/CMO-Historical-Data-Monthly.xlsx
2008-03-01,2008,3,Coffee Arabica — World Bank,3.3,USD/kg,Global commodity benchmark,https://thedocs.worldbank.org/en/doc/74e8be41ceb20fa0da750cda2f6b9e4e-0050012026/related/CMO-Historical-Data-Monthly.xlsx
2008-04-01,2008,4,Coffee Arabica — World Bank,3.1,USD/kg,Global commodity benchmark,https://thedocs.worldbank.org/en/doc/74e8be41ceb20fa0da750cda2f6b9e4e-0050012026/related/CMO-Historical-Data-Monthly.xlsx
2008-05-01,2008,5,Coffee Arabica — World Bank,3.13,USD/kg,Global commodity benchmark,https://thedocs.worldbank.org/en/doc/74e8be41ceb20fa0da750cda2f6b9e4e-0050012026/related/CMO-Historical-Data-Monthly.xlsx
2008-06-01,2008,6,Coffee Arabica — World Bank,3.22,USD/kg,Global commodity benchmark,https://thedocs.worldbank.org/en/doc/74e8be41ceb20fa0da750cda2f6b9e4e-0050012026/related/CMO-Historical-Data-Monthly.xlsx
2008-07-01,2008,7,Coffee Arabica — World Bank,3.25,USD/kg,Global commodity benchmark,https://thedocs.worldbank.org/en/doc/74e8be41ceb20fa0da750cda2f6b9e4e-0050012026/related/CMO-Historical-Data-Monthly.xlsx
2008-08-01,2008,8,Coffee Arabica — World Bank,3.23,USD/kg,Global commodity benchmark,https://thedocs.worldbank.org/en/doc/74e8be41ceb20fa0da750cda2f6b9e4e-0050012026/related/CMO-Historical-Data-Monthly.xlsx
2008-09-01,2008,9,Coffee Arabica — World Bank,3.16,USD/kg,Global commodity benchmark,https://thedocs.worldbank.org/en/doc/74e8be41ceb20fa0da750cda2f6b9e4e-0050012026/related/CMO-Historical-Data-Monthly.xlsx
2008-10-01,2008,10,Coffee Arabica — World Bank,2.72,USD/kg,Global commodity benchmark,https://thedocs.worldbank.org/en/doc/74e8be41ceb20fa0da750cda2f6b9e4e-0050012026/related/CMO-Historical-Data-Monthly.xlsx
2008-11-01,2008,11,Coffee Arabica — World Bank,2.69,USD/kg,Global commodity benchmark,https://thedocs.worldbank.org/en/doc/74e8be41ceb20fa0da750cda2f6b9e4e-0050012026/related/CMO-Historical-Data-Monthly.xlsx
2008-12-01,2008,12,Coffee Arabica — World Bank,2.62,USD/kg,Global commodity benchmark,https://thedocs.worldbank.org/en/doc/74e8be41ceb20fa0da750cda2f6b9e4e-0050012026/related/CMO-Historical-Data-Monthly.xlsx
2009-01-01,2009,1,Coffee Arabica — World Bank,2.83,USD/kg,Global commodity benchmark,https://thedocs.worldbank.org/en/doc/74e8be41ceb20fa0da750cda2f6b9e4e-0050012026/related/CMO-Historical-Data-Monthly.xlsx
2009-02-01,2009,2,Coffee Arabica — World Bank,2.85,USD/kg,Global commodity benchmark,https://thedocs.worldbank.org/en/doc/74e8be41ceb20fa0da750cda2f6b9e4e-0050012026/related/CMO-Historical-Data-Monthly.xlsx
2009-03-01,2009,3,Coffee Arabica — World Bank,2.83,USD/kg,Global commodity benchmark,https://thedocs.worldbank.org/en/doc/74e8be41ceb20fa0da750cda2f6b9e4e-0050012026/related/CMO-Historical-Data-Monthly.xlsx
2009-04-01,2009,4,Coffee Arabica — World Bank,2.97,USD/kg,Global commodity benchmark,https://thedocs.worldbank.org/en/doc/74e8be41ceb20fa0da750cda2f6b9e4e-0050012026/related/CMO-Historical-Data-Monthly.xlsx
2009-05-01,2009,5,Coffee Arabica — World Bank,3.33,USD/kg,Global commodity benchmark,https://thedocs.worldbank.org/en/doc/74e8be41ceb20fa0da750cda2f6b9e4e-0050012026/related/CMO-Historical-Data-Monthly.xlsx
2009-06-01,2009,6,Coffee Arabica — World Bank,3.3,USD/kg,Global commodity benchmark,https://thedocs.worldbank.org/en/doc/74e8be41ceb20fa0da750cda2f6b9e4e-0050012026/related/CMO-Historical-Data-Monthly.xlsx
2009-07-01,2009,7,Coffee Arabica — World Bank,3.11,USD/kg,Global commodity benchmark,https://thedocs.worldbank.org/en/doc/74e8be41ceb20fa0da750cda2f6b9e4e-0050012026/related/CMO-Historical-Data-Monthly.xlsx
2009-08-01,2009,8,Coffee Arabica — World Bank,3.3,USD/kg,Global commodity benchmark,https://thedocs.worldbank.org/en/doc/74e8be41ceb20fa0da750cda2f6b9e4e-0050012026/related/CMO-Historical-Data-Monthly.xlsx
2009-09-01,2009,9,Coffee Arabica — World Bank,3.27,USD/kg,Global commodity benchmark,https://thedocs.worldbank.org/en/doc/74e8be41ceb20fa0da750cda2f6b9e4e-0050012026/related/CMO-Historical-Data-Monthly.xlsx
2009-10-01,2009,10,Coffee Arabica — World Bank,3.41,USD/kg,Global commodity benchmark,https://thedocs.worldbank.org/en/doc/74e8be41ceb20fa0da750cda2f6b9e4e-0050012026/related/CMO-Historical-Data-Monthly.xlsx
2009-11-01,2009,11,Coffee Arabica — World Bank,3.36,USD/kg,Global commodity benchmark,https://thedocs.worldbank.org/en/doc/74e8be41ceb20fa0da750cda2f6b9e4e-0050012026/related/CMO-Historical-Data-Monthly.xlsx
2009-12-01,2009,12,Coffee Arabica — World Bank,3.49,USD/kg,Global commodity benchmark,https://thedocs.worldbank.org/en/doc/74e8be41ceb20fa0da750cda2f6b9e4e-0050012026/related/CMO-Historical-Data-Monthly.xlsx
2010-01-01,2010,1,Coffee Arabica — World Bank,3.5,USD/kg,Global commodity benchmark,https://thedocs.worldbank.org/en/doc/74e8be41ceb20fa0da750cda2f6b9e4e-0050012026/related/CMO-Historical-Data-Monthly.xlsx
2010-02-01,2010,2,Coffee Arabica — World Bank,3.48,USD/kg,Global commodity benchmark,https://thedocs.worldbank.org/en/doc/74e8be41ceb20fa0da750cda2f6b9e4e-0050012026/related/CMO-Historical-Data-Monthly.xlsx
2010-03-01,2010,3,Coffee Arabica — World Bank,3.63,USD/kg,Global commodity benchmark,https://thedocs.worldbank.org/en/doc/74e8be41ceb20fa0da750cda2f6b9e4e-0050012026/related/CMO-Historical-Data-Monthly.xlsx
2010-04-01,2010,4,Coffee Arabica — World Bank,3.73,USD/kg,Global commodity benchmark,https://thedocs.worldbank.org/en/doc/74e8be41ceb20fa0da750cda2f6b9e4e-0050012026/related/CMO-Historical-Data-Monthly.xlsx
2010-05-01,2010,5,Coffee Arabica — World Bank,3.82,USD/kg,Global commodity benchmark,https://thedocs.worldbank.org/en/doc/74e8be41ceb20fa0da750cda2f6b9e4e-0050012026/related/CMO-Historical-Data-Monthly.xlsx
2010-06-01,2010,6,Coffee Arabica — World Bank,4.21,USD/kg,Global commodity benchmark,https://thedocs.worldbank.org/en/doc/74e8be41ceb20fa0da750cda2f6b9e4e-0050012026/related/CMO-Historical-Data-Monthly.xlsx
2010-07-01,2010,7,Coffee Arabica — World Bank,4.48,USD/kg,Global commodity benchmark,https://thedocs.worldbank.org/en/doc/74e8be41ceb20fa0da750cda2f6b9e4e-0050012026/related/CMO-Historical-Data-Monthly.xlsx
2010-08-01,2010,8,Coffee Arabica — World Bank,4.66,USD/kg,Global commodity benchmark,https://thedocs.worldbank.org/en/doc/74e8be41ceb20fa0da750cda2f6b9e4e-0050012026/related/CMO-Historical-Data-Monthly.xlsx
2010-09-01,2010,9,Coffee Arabica — World Bank,4.91,USD/kg,Global commodity benchmark,https://thedocs.worldbank.org/en/doc/74e8be41ceb20fa0da750cda2f6b9e4e-0050012026/related/CMO-Historical-Data-Monthly.xlsx
2010-10-01,2010,10,Coffee Arabica — World Bank,4.8,USD/kg,Global commodity benchmark,https://thedocs.worldbank.org/en/doc/74e8be41ceb20fa0da750cda2f6b9e4e-0050012026/related/CMO-Historical-Data-Monthly.xlsx
2010-11-01,2010,11,Coffee Arabica — World Bank,5.15,USD/kg,Global commodity benchmark,https://thedocs.worldbank.org/en/doc/74e8be41ceb20fa0da750cda2f6b9e4e-0050012026/related/CMO-Historical-Data-Monthly.xlsx
2010-12-01,2010,12,Coffee Arabica — World Bank,5.47,USD/kg,Global commodity benchmark,https://thedocs.worldbank.org/en/doc/74e8be41ceb20fa0da750cda2f6b9e4e-0050012026/related/CMO-Historical-Data-Monthly.xlsx
2011-01-01,2011,1,Coffee Arabica — World Bank,5.82,USD/kg,Global commodity benchmark,https://thedocs.worldbank.org/en/doc/74e8be41ceb20fa0da750cda2f6b9e4e-0050012026/related/CMO-Historical-Data-Monthly.xlsx
2011-02-01,2011,2,Coffee Arabica — World Bank,6.35,USD/kg,Global commodity benchmark,https://thedocs.worldbank.org/en/doc/74e8be41ceb20fa0da750cda2f6b9e4e-0050012026/related/CMO-Historical-Data-Monthly.xlsx
2011-03-01,2011,3,Coffee Arabica — World Bank,6.44,USD/kg,Global commodity benchmark,https://thedocs.worldbank.org/en/doc/74e8be41ceb20fa0da750cda2f6b9e4e-0050012026/related/CMO-Historical-Data-Monthly.xlsx
2011-04-01,2011,4,Coffee Arabica — World Bank,6.62,USD/kg,Global commodity benchmark,https://thedocs.worldbank.org/en/doc/74e8be41ceb20fa0da750cda2f6b9e4e-0050012026/related/CMO-Historical-Data-Monthly.xlsx
2011-05-01,2011,5,Coffee Arabica — World Bank,6.42,USD/kg,Global commodity benchmark,https://thedocs.worldbank.org/en/doc/74e8be41ceb20fa0da750cda2f6b9e4e-0050012026/related/CMO-Historical-Data-Monthly.xlsx
2011-06-01,2011,6,Coffee Arabica — World Bank,6.06,USD/kg,Global commodity benchmark,https://thedocs.worldbank.org/en/doc/74e8be41ceb20fa0da750cda2f6b9e4e-0050012026/related/CMO-Historical-Data-Monthly.xlsx
2011-07-01,2011,7,Coffee Arabica — World Bank,5.91,USD/kg,Global commodity benchmark,https://thedocs.worldbank.org/en/doc/74e8be41ceb20fa0da750cda2f6b9e4e-0050012026/related/CMO-Historical-Data-Monthly.xlsx
2011-08-01,2011,8,Coffee Arabica — World Bank,5.96,USD/kg,Global commodity benchmark,https://thedocs.worldbank.org/en/doc/74e8be41ceb20fa0da750cda2f6b9e4e-0050012026/related/CMO-Historical-Data-Monthly.xlsx
2011-09-01,2011,9,Coffee Arabica — World Bank,6.06,USD/kg,Global commodity benchmark,https://thedocs.worldbank.org/en/doc/74e8be41ceb20fa0da750cda2f6b9e4e-0050012026/related/CMO-Historical-Data-Monthly.xlsx
2011-10-01,2011,10,Coffee Arabica — World Bank,5.46,USD/kg,Global commodity benchmark,https://thedocs.worldbank.org/en/doc/74e8be41ceb20fa0da750cda2f6b9e4e-0050012026/related/CMO-Historical-Data-Monthly.xlsx
2011-11-01,2011,11,Coffee Arabica — World Bank,5.4,USD/kg,Global commodity benchmark,https://thedocs.worldbank.org/en/doc/74e8be41ceb20fa0da750cda2f6b9e4e-0050012026/related/CMO-Historical-Data-Monthly.xlsx
2011-12-01,2011,12,Coffee Arabica — World Bank,5.22,USD/kg,Global commodity benchmark,https://thedocs.worldbank.org/en/doc/74e8be41ceb20fa0da750cda2f6b9e4e-0050012026/related/CMO-Historical-Data-Monthly.xlsx
2012-01-01,2012,1,Coffee Arabica — World Bank,5.23,USD/kg,Global commodity benchmark,https://thedocs.worldbank.org/en/doc/74e8be41ceb20fa0da750cda2f6b9e4e-0050012026/related/CMO-Historical-Data-Monthly.xlsx
2012-02-01,2012,2,Coffee Arabica — World Bank,4.94,USD/kg,Global commodity benchmark,https://thedocs.worldbank.org/en/doc/74e8be41ceb20fa0da750cda2f6b9e4e-0050012026/related/CMO-Historical-Data-Monthly.xlsx
2012-03-01,2012,3,Coffee Arabica — World Bank,4.44,USD/kg,Global commodity benchmark,https://thedocs.worldbank.org/en/doc/74e8be41ceb20fa0da750cda2f6b9e4e-0050012026/related/CMO-Historical-Data-Monthly.xlsx
2012-04-01,2012,4,Coffee Arabica — World Bank,4.22,USD/kg,Global commodity benchmark,https://thedocs.worldbank.org/en/doc/74e8be41ceb20fa0da750cda2f6b9e4e-0050012026/related/CMO-Historical-Data-Monthly.xlsx
2012-05-01,2012,5,Coffee Arabica — World Bank,4.07,USD/kg,Global commodity benchmark,https://thedocs.worldbank.org/en/doc/74e8be41ceb20fa0da750cda2f6b9e4e-0050012026/related/CMO-Historical-Data-Monthly.xlsx
2012-06-01,2012,6,Coffee Arabica — World Bank,3.72,USD/kg,Global commodity benchmark,https://thedocs.worldbank.org/en/doc/74e8be41ceb20fa0da750cda2f6b9e4e-0050012026/related/CMO-Historical-Data-Monthly.xlsx
2012-07-01,2012,7,Coffee Arabica — World Bank,4.2,USD/kg,Global commodity benchmark,https://thedocs.worldbank.org/en/doc/74e8be41ceb20fa0da750cda2f6b9e4e-0050012026/related/CMO-Historical-Data-Monthly.xlsx
2012-08-01,2012,8,Coffee Arabica — World Bank,3.85,USD/kg,Global commodity benchmark,https://thedocs.worldbank.org/en/doc/74e8be41ceb20fa0da750cda2f6b9e4e-0050012026/related/CMO-Historical-Data-Monthly.xlsx
2012-09-01,2012,9,Coffee Arabica — World Bank,3.95,USD/kg,Global commodity benchmark,https://thedocs.worldbank.org/en/doc/74e8be41ceb20fa0da750cda2f6b9e4e-0050012026/related/CMO-Historical-Data-Monthly.xlsx
2012-10-01,2012,10,Coffee Arabica — World Bank,3.82,USD/kg,Global commodity benchmark,https://thedocs.worldbank.org/en/doc/74e8be41ceb20fa0da750cda2f6b9e4e-0050012026/related/CMO-Historical-Data-Monthly.xlsx
2012-11-01,2012,11,Coffee Arabica — World Bank,3.53,USD/kg,Global commodity benchmark,https://thedocs.worldbank.org/en/doc/74e8be41ceb20fa0da750cda2f6b9e4e-0050012026/related/CMO-Historical-Data-Monthly.xlsx
2012-12-01,2012,12,Coffee Arabica — World Bank,3.37,USD/kg,Global commodity benchmark,https://thedocs.worldbank.org/en/doc/74e8be41ceb20fa0da750cda2f6b9e4e-0050012026/related/CMO-Historical-Data-Monthly.xlsx
2013-01-01,2013,1,Coffee Arabica — World Bank,3.47,USD/kg,Global commodity benchmark,https://thedocs.worldbank.org/en/doc/74e8be41ceb20fa0da750cda2f6b9e4e-0050012026/related/CMO-Historical-Data-Monthly.xlsx
2013-02-01,2013,2,Coffee Arabica — World Bank,3.3,USD/kg,Global commodity benchmark,https://thedocs.worldbank.org/en/doc/74e8be41ceb20fa0da750cda2f6b9e4e-0050012026/related/CMO-Historical-Data-Monthly.xlsx
2013-03-01,2013,3,Coffee Arabica — World Bank,3.3,USD/kg,Global commodity benchmark,https://thedocs.worldbank.org/en/doc/74e8be41ceb20fa0da750cda2f6b9e4e-0050012026/related/CMO-Historical-Data-Monthly.xlsx
2013-04-01,2013,4,Coffee Arabica — World Bank,3.3,USD/kg,Global commodity benchmark,https://thedocs.worldbank.org/en/doc/74e8be41ceb20fa0da750cda2f6b9e4e-0050012026/related/CMO-Historical-Data-Monthly.xlsx
2013-05-01,2013,5,Coffee Arabica — World Bank,3.24,USD/kg,Global commodity benchmark,https://thedocs.worldbank.org/en/doc/74e8be41ceb20fa0da750cda2f6b9e4e-0050012026/related/CMO-Historical-Data-Monthly.xlsx
2013-06-01,2013,6,Coffee Arabica — World Bank,3.05,USD/kg,Global commodity benchmark,https://thedocs.worldbank.org/en/doc/74e8be41ceb20fa0da750cda2f6b9e4e-0050012026/related/CMO-Historical-Data-Monthly.xlsx
2013-07-01,2013,7,Coffee Arabica — World Bank,3.05,USD/kg,Global commodity benchmark,https://thedocs.worldbank.org/en/doc/74e8be41ceb20fa0da750cda2f6b9e4e-0050012026/related/CMO-Historical-Data-Monthly.xlsx
2013-08-01,2013,8,Coffee Arabica — World Bank,2.98,USD/kg,Global commodity benchmark,https://thedocs.worldbank.org/en/doc/74e8be41ceb20fa0da750cda2f6b9e4e-0050012026/related/CMO-Historical-Data-Monthly.xlsx
2013-09-01,2013,9,Coffee Arabica — World Bank,2.92,USD/kg,Global commodity benchmark,https://thedocs.worldbank.org/en/doc/74e8be41ceb20fa0da750cda2f6b9e4e-0050012026/related/CMO-Historical-Data-Monthly.xlsx
2013-10-01,2013,10,Coffee Arabica — World Bank,2.84,USD/kg,Global commodity benchmark,https://thedocs.worldbank.org/en/doc/74e8be41ceb20fa0da750cda2f6b9e4e-0050012026/related/CMO-Historical-Data-Monthly.xlsx
2013-11-01,2013,11,Coffee Arabica — World Bank,2.69,USD/kg,Global commodity benchmark,https://thedocs.worldbank.org/en/doc/74e8be41ceb20fa0da750cda2f6b9e4e-0050012026/related/CMO-Historical-Data-Monthly.xlsx
2013-12-01,2013,12,Coffee Arabica — World Bank,2.78,USD/kg,Global commodity benchmark,https://thedocs.worldbank.org/en/doc/74e8be41ceb20fa0da750cda2f6b9e4e-0050012026/related/CMO-Historical-Data-Monthly.xlsx
2014-01-01,2014,1,Coffee Arabica — World Bank,2.93,USD/kg,Global commodity benchmark,https://thedocs.worldbank.org/en/doc/74e8be41ceb20fa0da750cda2f6b9e4e-0050012026/related/CMO-Historical-Data-Monthly.xlsx
2014-02-01,2014,2,Coffee Arabica — World Bank,3.83,USD/kg,Global commodity benchmark,https://thedocs.worldbank.org/en/doc/74e8be41ceb20fa0da750cda2f6b9e4e-0050012026/related/CMO-Historical-Data-Monthly.xlsx
2014-03-01,2014,3,Coffee Arabica — World Bank,4.72,USD/kg,Global commodity benchmark,https://thedocs.worldbank.org/en/doc/74e8be41ceb20fa0da750cda2f6b9e4e-0050012026/related/CMO-Historical-Data-Monthly.xlsx
2014-04-01,2014,4,Coffee Arabica — World Bank,4.93,USD/kg,Global commodity benchmark,https://thedocs.worldbank.org/en/doc/74e8be41ceb20fa0da750cda2f6b9e4e-0050012026/related/CMO-Historical-Data-Monthly.xlsx
2014-05-01,2014,5,Coffee Arabica — World Bank,4.72,USD/kg,Global commodity benchmark,https://thedocs.worldbank.org/en/doc/74e8be41ceb20fa0da750cda2f6b9e4e-0050012026/related/CMO-Historical-Data-Monthly.xlsx
2014-06-01,2014,6,Coffee Arabica — World Bank,4.36,USD/kg,Global commodity benchmark,https://thedocs.worldbank.org/en/doc/74e8be41ceb20fa0da750cda2f6b9e4e-0050012026/related/CMO-Historical-Data-Monthly.xlsx
2014-07-01,2014,7,Coffee Arabica — World Bank,4.34,USD/kg,Global commodity benchmark,https://thedocs.worldbank.org/en/doc/74e8be41ceb20fa0da750cda2f6b9e4e-0050012026/related/CMO-Historical-Data-Monthly.xlsx
2014-08-01,2014,8,Coffee Arabica — World Bank,4.7,USD/kg,Global commodity benchmark,https://thedocs.worldbank.org/en/doc/74e8be41ceb20fa0da750cda2f6b9e4e-0050012026/related/CMO-Historical-Data-Monthly.xlsx
2014-09-01,2014,9,Coffee Arabica — World Bank,4.64,USD/kg,Global commodity benchmark,https://thedocs.worldbank.org/en/doc/74e8be41ceb20fa0da750cda2f6b9e4e-0050012026/related/CMO-Historical-Data-Monthly.xlsx
2014-10-01,2014,10,Coffee Arabica — World Bank,4.97,USD/kg,Global commodity benchmark,https://thedocs.worldbank.org/en/doc/74e8be41ceb20fa0da750cda2f6b9e4e-0050012026/related/CMO-Historical-Data-Monthly.xlsx
2014-11-01,2014,11,Coffee Arabica — World Bank,4.62,USD/kg,Global commodity benchmark,https://thedocs.worldbank.org/en/doc/74e8be41ceb20fa0da750cda2f6b9e4e-0050012026/related/CMO-Historical-Data-Monthly.xlsx
2014-12-01,2014,12,Coffee Arabica — World Bank,4.34,USD/kg,Global commodity benchmark,https://thedocs.worldbank.org/en/doc/74e8be41ceb20fa0da750cda2f6b9e4e-0050012026/related/CMO-Historical-Data-Monthly.xlsx
2015-01-01,2015,1,Coffee Arabica — World Bank,4.19,USD/kg,Global commodity benchmark,https://thedocs.worldbank.org/en/doc/74e8be41ceb20fa0da750cda2f6b9e4e-0050012026/related/CMO-Historical-Data-Monthly.xlsx
2015-02-01,2015,2,Coffee Arabica — World Bank,3.94,USD/kg,Global commodity benchmark,https://thedocs.worldbank.org/en/doc/74e8be41ceb20fa0da750cda2f6b9e4e-0050012026/related/CMO-Historical-Data-Monthly.xlsx
2015-03-01,2015,3,Coffee Arabica — World Bank,3.54,USD/kg,Global commodity benchmark,https://thedocs.worldbank.org/en/doc/74e8be41ceb20fa0da750cda2f6b9e4e-0050012026/related/CMO-Historical-Data-Monthly.xlsx
2015-04-01,2015,4,Coffee Arabica — World Bank,3.62,USD/kg,Global commodity benchmark,https://thedocs.worldbank.org/en/doc/74e8be41ceb20fa0da750cda2f6b9e4e-0050012026/related/CMO-Historical-Data-Monthly.xlsx
2015-05-01,2015,5,Coffee Arabica — World Bank,3.49,USD/kg,Global commodity benchmark,https://thedocs.worldbank.org/en/doc/74e8be41ceb20fa0da750cda2f6b9e4e-0050012026/related/CMO-Historical-Data-Monthly.xlsx
2015-06-01,2015,6,Coffee Arabica — World Bank,3.52,USD/kg,Global commodity benchmark,https://thedocs.worldbank.org/en/doc/74e8be41ceb20fa0da750cda2f6b9e4e-0050012026/related/CMO-Historical-Data-Monthly.xlsx
2015-07-01,2015,7,Coffee Arabica — World Bank,3.41,USD/kg,Global commodity benchmark,https://thedocs.worldbank.org/en/doc/74e8be41ceb20fa0da750cda2f6b9e4e-0050012026/related/CMO-Historical-Data-Monthly.xlsx
2015-08-01,2015,8,Coffee Arabica — World Bank,3.46,USD/kg,Global commodity benchmark,https://thedocs.worldbank.org/en/doc/74e8be41ceb20fa0da750cda2f6b9e4e-0050012026/related/CMO-Historical-Data-Monthly.xlsx
2015-09-01,2015,9,Coffee Arabica — World Bank,3.22,USD/kg,Global commodity benchmark,https://thedocs.worldbank.org/en/doc/74e8be41ceb20fa0da750cda2f6b9e4e-0050012026/related/CMO-Historical-Data-Monthly.xlsx
2015-10-01,2015,10,Coffee Arabica — World Bank,3.38,USD/kg,Global commodity benchmark,https://thedocs.worldbank.org/en/doc/74e8be41ceb20fa0da750cda2f6b9e4e-0050012026/related/CMO-Historical-Data-Monthly.xlsx
2015-11-01,2015,11,Coffee Arabica — World Bank,3.26,USD/kg,Global commodity benchmark,https://thedocs.worldbank.org/en/doc/74e8be41ceb20fa0da750cda2f6b9e4e-0050012026/related/CMO-Historical-Data-Monthly.xlsx
2015-12-01,2015,12,Coffee Arabica — World Bank,3.28,USD/kg,Global commodity benchmark,https://thedocs.worldbank.org/en/doc/74e8be41ceb20fa0da750cda2f6b9e4e-0050012026/related/CMO-Historical-Data-Monthly.xlsx
2016-01-01,2016,1,Coffee Arabica — World Bank,3.2,USD/kg,Global commodity benchmark,https://thedocs.worldbank.org/en/doc/74e8be41ceb20fa0da750cda2f6b9e4e-0050012026/related/CMO-Historical-Data-Monthly.xlsx
2016-02-01,2016,2,Coffee Arabica — World Bank,3.26,USD/kg,Global commodity benchmark,https://thedocs.worldbank.org/en/doc/74e8be41ceb20fa0da750cda2f6b9e4e-0050012026/related/CMO-Historical-Data-Monthly.xlsx
2016-03-01,2016,3,Coffee Arabica — World Bank,3.47,USD/kg,Global commodity benchmark,https://thedocs.worldbank.org/en/doc/74e8be41ceb20fa0da750cda2f6b9e4e-0050012026/related/CMO-Historical-Data-Monthly.xlsx
2016-04-01,2016,4,Coffee Arabica — World Bank,3.4,USD/kg,Global commodity benchmark,https://thedocs.worldbank.org/en/doc/74e8be41ceb20fa0da750cda2f6b9e4e-0050012026/related/CMO-Historical-Data-Monthly.xlsx
2016-05-01,2016,5,Coffee Arabica — World Bank,3.42,USD/kg,Global commodity benchmark,https://thedocs.worldbank.org/en/doc/74e8be41ceb20fa0da750cda2f6b9e4e-0050012026/related/CMO-Historical-Data-Monthly.xlsx
2016-06-01,2016,6,Coffee Arabica — World Bank,3.65,USD/kg,Global commodity benchmark,https://thedocs.worldbank.org/en/doc/74e8be41ceb20fa0da750cda2f6b9e4e-0050012026/related/CMO-Historical-Data-Monthly.xlsx
2016-07-01,2016,7,Coffee Arabica — World Bank,3.79,USD/kg,Global commodity benchmark,https://thedocs.worldbank.org/en/doc/74e8be41ceb20fa0da750cda2f6b9e4e-0050012026/related/CMO-Historical-Data-Monthly.xlsx
2016-08-01,2016,8,Coffee Arabica — World Bank,3.69,USD/kg,Global commodity benchmark,https://thedocs.worldbank.org/en/doc/74e8be41ceb20fa0da750cda2f6b9e4e-0050012026/related/CMO-Historical-Data-Monthly.xlsx
2016-09-01,2016,9,Coffee Arabica — World Bank,3.89,USD/kg,Global commodity benchmark,https://thedocs.worldbank.org/en/doc/74e8be41ceb20fa0da750cda2f6b9e4e-0050012026/related/CMO-Historical-Data-Monthly.xlsx
2016-10-01,2016,10,Coffee Arabica — World Bank,3.95,USD/kg,Global commodity benchmark,https://thedocs.worldbank.org/en/doc/74e8be41ceb20fa0da750cda2f6b9e4e-0050012026/related/CMO-Historical-Data-Monthly.xlsx
2016-11-01,2016,11,Coffee Arabica — World Bank,4.06,USD/kg,Global commodity benchmark,https://thedocs.worldbank.org/en/doc/74e8be41ceb20fa0da750cda2f6b9e4e-0050012026/related/CMO-Historical-Data-Monthly.xlsx
2016-12-01,2016,12,Coffee Arabica — World Bank,3.57,USD/kg,Global commodity benchmark,https://thedocs.worldbank.org/en/doc/74e8be41ceb20fa0da750cda2f6b9e4e-0050012026/related/CMO-Historical-Data-Monthly.xlsx
2017-01-01,2017,1,Coffee Arabica — World Bank,3.72,USD/kg,Global commodity benchmark,https://thedocs.worldbank.org/en/doc/74e8be41ceb20fa0da750cda2f6b9e4e-0050012026/related/CMO-Historical-Data-Monthly.xlsx
2017-02-01,2017,2,Coffee Arabica — World Bank,3.67,USD/kg,Global commodity benchmark,https://thedocs.worldbank.org/en/doc/74e8be41ceb20fa0da750cda2f6b9e4e-0050012026/related/CMO-Historical-Data-Monthly.xlsx
2017-03-01,2017,3,Coffee Arabica — World Bank,3.53,USD/kg,Global commodity benchmark,https://thedocs.worldbank.org/en/doc/74e8be41ceb20fa0da750cda2f6b9e4e-0050012026/related/CMO-Historical-Data-Monthly.xlsx
2017-04-01,2017,4,Coffee Arabica — World Bank,3.43,USD/kg,Global commodity benchmark,https://thedocs.worldbank.org/en/doc/74e8be41ceb20fa0da750cda2f6b9e4e-0050012026/related/CMO-Historical-Data-Monthly.xlsx
2017-05-01,2017,5,Coffee Arabica — World Bank,3.31,USD/kg,Global commodity benchmark,https://thedocs.worldbank.org/en/doc/74e8be41ceb20fa0da750cda2f6b9e4e-0050012026/related/CMO-Historical-Data-Monthly.xlsx
2017-06-01,2017,6,Coffee Arabica — World Bank,3.16,USD/kg,Global commodity benchmark,https://thedocs.worldbank.org/en/doc/74e8be41ceb20fa0da750cda2f6b9e4e-0050012026/related/CMO-Historical-Data-Monthly.xlsx
2017-07-01,2017,7,Coffee Arabica — World Bank,3.3,USD/kg,Global commodity benchmark,https://thedocs.worldbank.org/en/doc/74e8be41ceb20fa0da750cda2f6b9e4e-0050012026/related/CMO-Historical-Data-Monthly.xlsx
2017-08-01,2017,8,Coffee Arabica — World Bank,3.3,USD/kg,Global commodity benchmark,https://thedocs.worldbank.org/en/doc/74e8be41ceb20fa0da750cda2f6b9e4e-0050012026/related/CMO-Historical-Data-Monthly.xlsx
2017-09-01,2017,9,Coffee Arabica — World Bank,3.23,USD/kg,Global commodity benchmark,https://thedocs.worldbank.org/en/doc/74e8be41ceb20fa0da750cda2f6b9e4e-0050012026/related/CMO-Historical-Data-Monthly.xlsx
2017-10-01,2017,10,Coffee Arabica — World Bank,3.1,USD/kg,Global commodity benchmark,https://thedocs.worldbank.org/en/doc/74e8be41ceb20fa0da750cda2f6b9e4e-0050012026/related/CMO-Historical-Data-Monthly.xlsx
2017-11-01,2017,11,Coffee Arabica — World Bank,3.11,USD/kg,Global commodity benchmark,https://thedocs.worldbank.org/en/doc/74e8be41ceb20fa0da750cda2f6b9e4e-0050012026/related/CMO-Historical-Data-Monthly.xlsx
2017-12-01,2017,12,Coffee Arabica — World Bank,3.03,USD/kg,Global commodity benchmark,https://thedocs.worldbank.org/en/doc/74e8be41ceb20fa0da750cda2f6b9e4e-0050012026/related/CMO-Historical-Data-Monthly.xlsx
2018-01-01,2018,1,Coffee Arabica — World Bank,3.06,USD/kg,Global commodity benchmark,https://thedocs.worldbank.org/en/doc/74e8be41ceb20fa0da750cda2f6b9e4e-0050012026/related/CMO-Historical-Data-Monthly.xlsx
2018-02-01,2018,2,Coffee Arabica — World Bank,3,USD/kg,Global commodity benchmark,https://thedocs.worldbank.org/en/doc/74e8be41ceb20fa0da750cda2f6b9e4e-0050012026/related/CMO-Historical-Data-Monthly.xlsx
2018-03-01,2018,3,Coffee Arabica — World Bank,2.98,USD/kg,Global commodity benchmark,https://thedocs.worldbank.org/en/doc/74e8be41ceb20fa0da750cda2f6b9e4e-0050012026/related/CMO-Historical-Data-Monthly.xlsx
2018-04-01,2018,4,Coffee Arabica — World Bank,2.96,USD/kg,Global commodity benchmark,https://thedocs.worldbank.org/en/doc/74e8be41ceb20fa0da750cda2f6b9e4e-0050012026/related/CMO-Historical-Data-Monthly.xlsx
2018-05-01,2018,5,Coffee Arabica — World Bank,2.99,USD/kg,Global commodity benchmark,https://thedocs.worldbank.org/en/doc/74e8be41ceb20fa0da750cda2f6b9e4e-0050012026/related/CMO-Historical-Data-Monthly.xlsx
2018-06-01,2018,6,Coffee Arabica — World Bank,2.95,USD/kg,Global commodity benchmark,https://thedocs.worldbank.org/en/doc/74e8be41ceb20fa0da750cda2f6b9e4e-0050012026/related/CMO-Historical-Data-Monthly.xlsx
2018-07-01,2018,7,Coffee Arabica — World Bank,2.88,USD/kg,Global commodity benchmark,https://thedocs.worldbank.org/en/doc/74e8be41ceb20fa0da750cda2f6b9e4e-0050012026/related/CMO-Historical-Data-Monthly.xlsx
2018-08-01,2018,8,Coffee Arabica — World Bank,2.76,USD/kg,Global commodity benchmark,https://thedocs.worldbank.org/en/doc/74e8be41ceb20fa0da750cda2f6b9e4e-0050012026/related/CMO-Historical-Data-Monthly.xlsx
2018-09-01,2018,9,Coffee Arabica — World Bank,2.67,USD/kg,Global commodity benchmark,https://thedocs.worldbank.org/en/doc/74e8be41ceb20fa0da750cda2f6b9e4e-0050012026/related/CMO-Historical-Data-Monthly.xlsx
2018-10-01,2018,10,Coffee Arabica — World Bank,3.03,USD/kg,Global commodity benchmark,https://thedocs.worldbank.org/en/doc/74e8be41ceb20fa0da750cda2f6b9e4e-0050012026/related/CMO-Historical-Data-Monthly.xlsx
2018-11-01,2018,11,Coffee Arabica — World Bank,3.02,USD/kg,Global commodity benchmark,https://thedocs.worldbank.org/en/doc/74e8be41ceb20fa0da750cda2f6b9e4e-0050012026/related/CMO-Historical-Data-Monthly.xlsx
2018-12-01,2018,12,Coffee Arabica — World Bank,2.8,USD/kg,Global commodity benchmark,https://thedocs.worldbank.org/en/doc/74e8be41ceb20fa0da750cda2f6b9e4e-0050012026/related/CMO-Historical-Data-Monthly.xlsx
2019-01-01,2019,1,Coffee Arabica — World Bank,2.83,USD/kg,Global commodity benchmark,https://thedocs.worldbank.org/en/doc/74e8be41ceb20fa0da750cda2f6b9e4e-0050012026/related/CMO-Historical-Data-Monthly.xlsx
2019-02-01,2019,2,Coffee Arabica — World Bank,2.83,USD/kg,Global commodity benchmark,https://thedocs.worldbank.org/en/doc/74e8be41ceb20fa0da750cda2f6b9e4e-0050012026/related/CMO-Historical-Data-Monthly.xlsx
2019-03-01,2019,3,Coffee Arabica — World Bank,2.73,USD/kg,Global commodity benchmark,https://thedocs.worldbank.org/en/doc/74e8be41ceb20fa0da750cda2f6b9e4e-0050012026/related/CMO-Historical-Data-Monthly.xlsx
2019-04-01,2019,4,Coffee Arabica — World Bank,2.67,USD/kg,Global commodity benchmark,https://thedocs.worldbank.org/en/doc/74e8be41ceb20fa0da750cda2f6b9e4e-0050012026/related/CMO-Historical-Data-Monthly.xlsx
2019-05-01,2019,5,Coffee Arabica — World Bank,2.66,USD/kg,Global commodity benchmark,https://thedocs.worldbank.org/en/doc/74e8be41ceb20fa0da750cda2f6b9e4e-0050012026/related/CMO-Historical-Data-Monthly.xlsx
2019-06-01,2019,6,Coffee Arabica — World Bank,2.86,USD/kg,Global commodity benchmark,https://thedocs.worldbank.org/en/doc/74e8be41ceb20fa0da750cda2f6b9e4e-0050012026/related/CMO-Historical-Data-Monthly.xlsx
2019-07-01,2019,7,Coffee Arabica — World Bank,2.99,USD/kg,Global commodity benchmark,https://thedocs.worldbank.org/en/doc/74e8be41ceb20fa0da750cda2f6b9e4e-0050012026/related/CMO-Historical-Data-Monthly.xlsx
2019-08-01,2019,8,Coffee Arabica — World Bank,2.78,USD/kg,Global commodity benchmark,https://thedocs.worldbank.org/en/doc/74e8be41ceb20fa0da750cda2f6b9e4e-0050012026/related/CMO-Historical-Data-Monthly.xlsx
2019-09-01,2019,9,Coffee Arabica — World Bank,2.84,USD/kg,Global commodity benchmark,https://thedocs.worldbank.org/en/doc/74e8be41ceb20fa0da750cda2f6b9e4e-0050012026/related/CMO-Historical-Data-Monthly.xlsx
2019-10-01,2019,10,Coffee Arabica — World Bank,2.8,USD/kg,Global commodity benchmark,https://thedocs.worldbank.org/en/doc/74e8be41ceb20fa0da750cda2f6b9e4e-0050012026/related/CMO-Historical-Data-Monthly.xlsx
2019-11-01,2019,11,Coffee Arabica — World Bank,3.11,USD/kg,Global commodity benchmark,https://thedocs.worldbank.org/en/doc/74e8be41ceb20fa0da750cda2f6b9e4e-0050012026/related/CMO-Historical-Data-Monthly.xlsx
2019-12-01,2019,12,Coffee Arabica — World Bank,3.46,USD/kg,Global commodity benchmark,https://thedocs.worldbank.org/en/doc/74e8be41ceb20fa0da750cda2f6b9e4e-0050012026/related/CMO-Historical-Data-Monthly.xlsx
2020-01-01,2020,1,Coffee Arabica — World Bank,3.13,USD/kg,Global commodity benchmark,https://thedocs.worldbank.org/en/doc/74e8be41ceb20fa0da750cda2f6b9e4e-0050012026/related/CMO-Historical-Data-Monthly.xlsx
2020-02-01,2020,2,Coffee Arabica — World Bank,2.99,USD/kg,Global commodity benchmark,https://thedocs.worldbank.org/en/doc/74e8be41ceb20fa0da750cda2f6b9e4e-0050012026/related/CMO-Historical-Data-Monthly.xlsx
2020-03-01,2020,3,Coffee Arabica — World Bank,3.27,USD/kg,Global commodity benchmark,https://thedocs.worldbank.org/en/doc/74e8be41ceb20fa0da750cda2f6b9e4e-0050012026/related/CMO-Historical-Data-Monthly.xlsx
2020-04-01,2020,4,Coffee Arabica — World Bank,3.41,USD/kg,Global commodity benchmark,https://thedocs.worldbank.org/en/doc/74e8be41ceb20fa0da750cda2f6b9e4e-0050012026/related/CMO-Historical-Data-Monthly.xlsx
2020-05-01,2020,5,Coffee Arabica — World Bank,3.3,USD/kg,Global commodity benchmark,https://thedocs.worldbank.org/en/doc/74e8be41ceb20fa0da750cda2f6b9e4e-0050012026/related/CMO-Historical-Data-Monthly.xlsx
2020-06-01,2020,6,Coffee Arabica — World Bank,3.12,USD/kg,Global commodity benchmark,https://thedocs.worldbank.org/en/doc/74e8be41ceb20fa0da750cda2f6b9e4e-0050012026/related/CMO-Historical-Data-Monthly.xlsx
2020-07-01,2020,7,Coffee Arabica — World Bank,3.24,USD/kg,Global commodity benchmark,https://thedocs.worldbank.org/en/doc/74e8be41ceb20fa0da750cda2f6b9e4e-0050012026/related/CMO-Historical-Data-Monthly.xlsx
2020-08-01,2020,8,Coffee Arabica — World Bank,3.6,USD/kg,Global commodity benchmark,https://thedocs.worldbank.org/en/doc/74e8be41ceb20fa0da750cda2f6b9e4e-0050012026/related/CMO-Historical-Data-Monthly.xlsx
2020-09-01,2020,9,Coffee Arabica — World Bank,3.67,USD/kg,Global commodity benchmark,https://thedocs.worldbank.org/en/doc/74e8be41ceb20fa0da750cda2f6b9e4e-0050012026/related/CMO-Historical-Data-Monthly.xlsx
2020-10-01,2020,10,Coffee Arabica — World Bank,3.35,USD/kg,Global commodity benchmark,https://thedocs.worldbank.org/en/doc/74e8be41ceb20fa0da750cda2f6b9e4e-0050012026/related/CMO-Historical-Data-Monthly.xlsx
2020-11-01,2020,11,Coffee Arabica — World Bank,3.32,USD/kg,Global commodity benchmark,https://thedocs.worldbank.org/en/doc/74e8be41ceb20fa0da750cda2f6b9e4e-0050012026/related/CMO-Historical-Data-Monthly.xlsx
2020-12-01,2020,12,Coffee Arabica — World Bank,3.48,USD/kg,Global commodity benchmark,https://thedocs.worldbank.org/en/doc/74e8be41ceb20fa0da750cda2f6b9e4e-0050012026/related/CMO-Historical-Data-Monthly.xlsx
2021-01-01,2021,1,Coffee Arabica — World Bank,3.54,USD/kg,Global commodity benchmark,https://thedocs.worldbank.org/en/doc/74e8be41ceb20fa0da750cda2f6b9e4e-0050012026/related/CMO-Historical-Data-Monthly.xlsx
2021-02-01,2021,2,Coffee Arabica — World Bank,3.67,USD/kg,Global commodity benchmark,https://thedocs.worldbank.org/en/doc/74e8be41ceb20fa0da750cda2f6b9e4e-0050012026/related/CMO-Historical-Data-Monthly.xlsx
2021-03-01,2021,3,Coffee Arabica — World Bank,3.68,USD/kg,Global commodity benchmark,https://thedocs.worldbank.org/en/doc/74e8be41ceb20fa0da750cda2f6b9e4e-0050012026/related/CMO-Historical-Data-Monthly.xlsx
2021-04-01,2021,4,Coffee Arabica — World Bank,3.72,USD/kg,Global commodity benchmark,https://thedocs.worldbank.org/en/doc/74e8be41ceb20fa0da750cda2f6b9e4e-0050012026/related/CMO-Historical-Data-Monthly.xlsx
2021-05-01,2021,5,Coffee Arabica — World Bank,4.11,USD/kg,Global commodity benchmark,https://thedocs.worldbank.org/en/doc/74e8be41ceb20fa0da750cda2f6b9e4e-0050012026/related/CMO-Historical-Data-Monthly.xlsx
2021-06-01,2021,6,Coffee Arabica — World Bank,4.24,USD/kg,Global commodity benchmark,https://thedocs.worldbank.org/en/doc/74e8be41ceb20fa0da750cda2f6b9e4e-0050012026/related/CMO-Historical-Data-Monthly.xlsx
2021-07-01,2021,7,Coffee Arabica — World Bank,4.5,USD/kg,Global commodity benchmark,https://thedocs.worldbank.org/en/doc/74e8be41ceb20fa0da750cda2f6b9e4e-0050012026/related/CMO-Historical-Data-Monthly.xlsx
2021-08-01,2021,8,Coffee Arabica — World Bank,4.77,USD/kg,Global commodity benchmark,https://thedocs.worldbank.org/en/doc/74e8be41ceb20fa0da750cda2f6b9e4e-0050012026/related/CMO-Historical-Data-Monthly.xlsx
2021-09-01,2021,9,Coffee Arabica — World Bank,4.97,USD/kg,Global commodity benchmark,https://thedocs.worldbank.org/en/doc/74e8be41ceb20fa0da750cda2f6b9e4e-0050012026/related/CMO-Historical-Data-Monthly.xlsx
2021-10-01,2021,10,Coffee Arabica — World Bank,5.31,USD/kg,Global commodity benchmark,https://thedocs.worldbank.org/en/doc/74e8be41ceb20fa0da750cda2f6b9e4e-0050012026/related/CMO-Historical-Data-Monthly.xlsx
2021-11-01,2021,11,Coffee Arabica — World Bank,5.71,USD/kg,Global commodity benchmark,https://thedocs.worldbank.org/en/doc/74e8be41ceb20fa0da750cda2f6b9e4e-0050012026/related/CMO-Historical-Data-Monthly.xlsx
2021-12-01,2021,12,Coffee Arabica — World Bank,5.91,USD/kg,Global commodity benchmark,https://thedocs.worldbank.org/en/doc/74e8be41ceb20fa0da750cda2f6b9e4e-0050012026/related/CMO-Historical-Data-Monthly.xlsx
2022-01-01,2022,1,Coffee Arabica — World Bank,5.98,USD/kg,Global commodity benchmark,https://thedocs.worldbank.org/en/doc/74e8be41ceb20fa0da750cda2f6b9e4e-0050012026/related/CMO-Historical-Data-Monthly.xlsx
2022-02-01,2022,2,Coffee Arabica — World Bank,6.17,USD/kg,Global commodity benchmark,https://thedocs.worldbank.org/en/doc/74e8be41ceb20fa0da750cda2f6b9e4e-0050012026/related/CMO-Historical-Data-Monthly.xlsx
2022-03-01,2022,3,Coffee Arabica — World Bank,5.7,USD/kg,Global commodity benchmark,https://thedocs.worldbank.org/en/doc/74e8be41ceb20fa0da750cda2f6b9e4e-0050012026/related/CMO-Historical-Data-Monthly.xlsx
2022-04-01,2022,4,Coffee Arabica — World Bank,5.85,USD/kg,Global commodity benchmark,https://thedocs.worldbank.org/en/doc/74e8be41ceb20fa0da750cda2f6b9e4e-0050012026/related/CMO-Historical-Data-Monthly.xlsx
2022-05-01,2022,5,Coffee Arabica — World Bank,5.74,USD/kg,Global commodity benchmark,https://thedocs.worldbank.org/en/doc/74e8be41ceb20fa0da750cda2f6b9e4e-0050012026/related/CMO-Historical-Data-Monthly.xlsx
2022-06-01,2022,6,Coffee Arabica — World Bank,6.03,USD/kg,Global commodity benchmark,https://thedocs.worldbank.org/en/doc/74e8be41ceb20fa0da750cda2f6b9e4e-0050012026/related/CMO-Historical-Data-Monthly.xlsx
2022-07-01,2022,7,Coffee Arabica — World Bank,5.64,USD/kg,Global commodity benchmark,https://thedocs.worldbank.org/en/doc/74e8be41ceb20fa0da750cda2f6b9e4e-0050012026/related/CMO-Historical-Data-Monthly.xlsx
2022-08-01,2022,8,Coffee Arabica — World Bank,5.92,USD/kg,Global commodity benchmark,https://thedocs.worldbank.org/en/doc/74e8be41ceb20fa0da750cda2f6b9e4e-0050012026/related/CMO-Historical-Data-Monthly.xlsx
2022-09-01,2022,9,Coffee Arabica — World Bank,5.9,USD/kg,Global commodity benchmark,https://thedocs.worldbank.org/en/doc/74e8be41ceb20fa0da750cda2f6b9e4e-0050012026/related/CMO-Historical-Data-Monthly.xlsx
2022-10-01,2022,10,Coffee Arabica — World Bank,5.29,USD/kg,Global commodity benchmark,https://thedocs.worldbank.org/en/doc/74e8be41ceb20fa0da750cda2f6b9e4e-0050012026/related/CMO-Historical-Data-Monthly.xlsx
2022-11-01,2022,11,Coffee Arabica — World Bank,4.72,USD/kg,Global commodity benchmark,https://thedocs.worldbank.org/en/doc/74e8be41ceb20fa0da750cda2f6b9e4e-0050012026/related/CMO-Historical-Data-Monthly.xlsx
2022-12-01,2022,12,Coffee Arabica — World Bank,4.63,USD/kg,Global commodity benchmark,https://thedocs.worldbank.org/en/doc/74e8be41ceb20fa0da750cda2f6b9e4e-0050012026/related/CMO-Historical-Data-Monthly.xlsx
2023-01-01,2023,1,Coffee Arabica — World Bank,4.56,USD/kg,Global commodity benchmark,https://thedocs.worldbank.org/en/doc/74e8be41ceb20fa0da750cda2f6b9e4e-0050012026/related/CMO-Historical-Data-Monthly.xlsx
2023-02-01,2023,2,Coffee Arabica — World Bank,5.06,USD/kg,Global commodity benchmark,https://thedocs.worldbank.org/en/doc/74e8be41ceb20fa0da750cda2f6b9e4e-0050012026/related/CMO-Historical-Data-Monthly.xlsx
2023-03-01,2023,3,Coffee Arabica — World Bank,4.9,USD/kg,Global commodity benchmark,https://thedocs.worldbank.org/en/doc/74e8be41ceb20fa0da750cda2f6b9e4e-0050012026/related/CMO-Historical-Data-Monthly.xlsx
2023-04-01,2023,4,Coffee Arabica — World Bank,5.06,USD/kg,Global commodity benchmark,https://thedocs.worldbank.org/en/doc/74e8be41ceb20fa0da750cda2f6b9e4e-0050012026/related/CMO-Historical-Data-Monthly.xlsx
2023-05-01,2023,5,Coffee Arabica — World Bank,4.85,USD/kg,Global commodity benchmark,https://thedocs.worldbank.org/en/doc/74e8be41ceb20fa0da750cda2f6b9e4e-0050012026/related/CMO-Historical-Data-Monthly.xlsx
2023-06-01,2023,6,Coffee Arabica — World Bank,4.57,USD/kg,Global commodity benchmark,https://thedocs.worldbank.org/en/doc/74e8be41ceb20fa0da750cda2f6b9e4e-0050012026/related/CMO-Historical-Data-Monthly.xlsx
2023-07-01,2023,7,Coffee Arabica — World Bank,4.27,USD/kg,Global commodity benchmark,https://thedocs.worldbank.org/en/doc/74e8be41ceb20fa0da750cda2f6b9e4e-0050012026/related/CMO-Historical-Data-Monthly.xlsx
2023-08-01,2023,8,Coffee Arabica — World Bank,4.12,USD/kg,Global commodity benchmark,https://thedocs.worldbank.org/en/doc/74e8be41ceb20fa0da750cda2f6b9e4e-0050012026/related/CMO-Historical-Data-Monthly.xlsx
2023-09-01,2023,9,Coffee Arabica — World Bank,4.05,USD/kg,Global commodity benchmark,https://thedocs.worldbank.org/en/doc/74e8be41ceb20fa0da750cda2f6b9e4e-0050012026/related/CMO-Historical-Data-Monthly.xlsx
2023-10-01,2023,10,Coffee Arabica — World Bank,4.05,USD/kg,Global commodity benchmark,https://thedocs.worldbank.org/en/doc/74e8be41ceb20fa0da750cda2f6b9e4e-0050012026/related/CMO-Historical-Data-Monthly.xlsx
2023-11-01,2023,11,Coffee Arabica — World Bank,4.35,USD/kg,Global commodity benchmark,https://thedocs.worldbank.org/en/doc/74e8be41ceb20fa0da750cda2f6b9e4e-0050012026/related/CMO-Historical-Data-Monthly.xlsx
2023-12-01,2023,12,Coffee Arabica — World Bank,4.65,USD/kg,Global commodity benchmark,https://thedocs.worldbank.org/en/doc/74e8be41ceb20fa0da750cda2f6b9e4e-0050012026/related/CMO-Historical-Data-Monthly.xlsx
2024-01-01,2024,1,Coffee Arabica — World Bank,4.47,USD/kg,Global commodity benchmark,https://thedocs.worldbank.org/en/doc/74e8be41ceb20fa0da750cda2f6b9e4e-0050012026/related/CMO-Historical-Data-Monthly.xlsx
2024-02-01,2024,2,Coffee Arabica — World Bank,4.6,USD/kg,Global commodity benchmark,https://thedocs.worldbank.org/en/doc/74e8be41ceb20fa0da750cda2f6b9e4e-0050012026/related/CMO-Historical-Data-Monthly.xlsx
2024-03-01,2024,3,Coffee Arabica — World Bank,4.61,USD/kg,Global commodity benchmark,https://thedocs.worldbank.org/en/doc/74e8be41ceb20fa0da750cda2f6b9e4e-0050012026/related/CMO-Historical-Data-Monthly.xlsx
2024-04-01,2024,4,Coffee Arabica — World Bank,5.27,USD/kg,Global commodity benchmark,https://thedocs.worldbank.org/en/doc/74e8be41ceb20fa0da750cda2f6b9e4e-0050012026/related/CMO-Historical-Data-Monthly.xlsx
2024-05-01,2024,5,Coffee Arabica — World Bank,5.08,USD/kg,Global commodity benchmark,https://thedocs.worldbank.org/en/doc/74e8be41ceb20fa0da750cda2f6b9e4e-0050012026/related/CMO-Historical-Data-Monthly.xlsx
2024-06-01,2024,6,Coffee Arabica — World Bank,5.48,USD/kg,Global commodity benchmark,https://thedocs.worldbank.org/en/doc/74e8be41ceb20fa0da750cda2f6b9e4e-0050012026/related/CMO-Historical-Data-Monthly.xlsx
2024-07-01,2024,7,Coffee Arabica — World Bank,5.67,USD/kg,Global commodity benchmark,https://thedocs.worldbank.org/en/doc/74e8be41ceb20fa0da750cda2f6b9e4e-0050012026/related/CMO-Historical-Data-Monthly.xlsx
2024-08-01,2024,8,Coffee Arabica — World Bank,5.76,USD/kg,Global commodity benchmark,https://thedocs.worldbank.org/en/doc/74e8be41ceb20fa0da750cda2f6b9e4e-0050012026/related/CMO-Historical-Data-Monthly.xlsx
2024-09-01,2024,9,Coffee Arabica — World Bank,6.12,USD/kg,Global commodity benchmark,https://thedocs.worldbank.org/en/doc/74e8be41ceb20fa0da750cda2f6b9e4e-0050012026/related/CMO-Historical-Data-Monthly.xlsx
2024-10-01,2024,10,Coffee Arabica — World Bank,6.1,USD/kg,Global commodity benchmark,https://thedocs.worldbank.org/en/doc/74e8be41ceb20fa0da750cda2f6b9e4e-0050012026/related/CMO-Historical-Data-Monthly.xlsx
2024-11-01,2024,11,Coffee Arabica — World Bank,6.72,USD/kg,Global commodity benchmark,https://thedocs.worldbank.org/en/doc/74e8be41ceb20fa0da750cda2f6b9e4e-0050012026/related/CMO-Historical-Data-Monthly.xlsx
2024-12-01,2024,12,Coffee Arabica — World Bank,7.57,USD/kg,Global commodity benchmark,https://thedocs.worldbank.org/en/doc/74e8be41ceb20fa0da750cda2f6b9e4e-0050012026/related/CMO-Historical-Data-Monthly.xlsx
2025-01-01,2025,1,Coffee Arabica — World Bank,7.81,USD/kg,Global commodity benchmark,https://thedocs.worldbank.org/en/doc/74e8be41ceb20fa0da750cda2f6b9e4e-0050012026/related/CMO-Historical-Data-Monthly.xlsx
2025-02-01,2025,2,Coffee Arabica — World Bank,9.05,USD/kg,Global commodity benchmark,https://thedocs.worldbank.org/en/doc/74e8be41ceb20fa0da750cda2f6b9e4e-0050012026/related/CMO-Historical-Data-Monthly.xlsx
2025-03-01,2025,3,Coffee Arabica — World Bank,8.92,USD/kg,Global commodity benchmark,https://thedocs.worldbank.org/en/doc/74e8be41ceb20fa0da750cda2f6b9e4e-0050012026/related/CMO-Historical-Data-Monthly.xlsx
2025-04-01,2025,4,Coffee Arabica — World Bank,8.64,USD/kg,Global commodity benchmark,https://thedocs.worldbank.org/en/doc/74e8be41ceb20fa0da750cda2f6b9e4e-0050012026/related/CMO-Historical-Data-Monthly.xlsx
2025-05-01,2025,5,Coffee Arabica — World Bank,8.77,USD/kg,Global commodity benchmark,https://thedocs.worldbank.org/en/doc/74e8be41ceb20fa0da750cda2f6b9e4e-0050012026/related/CMO-Historical-Data-Monthly.xlsx
2025-06-01,2025,6,Coffee Arabica — World Bank,8.01,USD/kg,Global commodity benchmark,https://thedocs.worldbank.org/en/doc/74e8be41ceb20fa0da750cda2f6b9e4e-0050012026/related/CMO-Historical-Data-Monthly.xlsx
2025-07-01,2025,7,Coffee Arabica — World Bank,7.18,USD/kg,Global commodity benchmark,https://thedocs.worldbank.org/en/doc/74e8be41ceb20fa0da750cda2f6b9e4e-0050012026/related/CMO-Historical-Data-Monthly.xlsx
2025-08-01,2025,8,Coffee Arabica — World Bank,8.08,USD/kg,Global commodity benchmark,https://thedocs.worldbank.org/en/doc/74e8be41ceb20fa0da750cda2f6b9e4e-0050012026/related/CMO-Historical-Data-Monthly.xlsx
2025-09-01,2025,9,Coffee Arabica — World Bank,8.83,USD/kg,Global commodity benchmark,https://thedocs.worldbank.org/en/doc/74e8be41ceb20fa0da750cda2f6b9e4e-0050012026/related/CMO-Historical-Data-Monthly.xlsx
2025-10-01,2025,10,Coffee Arabica — World Bank,8.9,USD/kg,Global commodity benchmark,https://thedocs.worldbank.org/en/doc/74e8be41ceb20fa0da750cda2f6b9e4e-0050012026/related/CMO-Historical-Data-Monthly.xlsx
2025-11-01,2025,11,Coffee Arabica — World Bank,9.05,USD/kg,Global commodity benchmark,https://thedocs.worldbank.org/en/doc/74e8be41ceb20fa0da750cda2f6b9e4e-0050012026/related/CMO-Historical-Data-Monthly.xlsx
2025-12-01,2025,12,Coffee Arabica — World Bank,8.4,USD/kg,Global commodity benchmark,https://thedocs.worldbank.org/en/doc/74e8be41ceb20fa0da750cda2f6b9e4e-0050012026/related/CMO-Historical-Data-Monthly.xlsx
2026-01-01,2026,1,Coffee Arabica — World Bank,8.02,USD/kg,Global commodity benchmark,https://thedocs.worldbank.org/en/doc/74e8be41ceb20fa0da750cda2f6b9e4e-0050012026/related/CMO-Historical-Data-Monthly.xlsx
2026-02-01,2026,2,Coffee Arabica — World Bank,7.08,USD/kg,Global commodity benchmark,https://thedocs.worldbank.org/en/doc/74e8be41ceb20fa0da750cda2f6b9e4e-0050012026/related/CMO-Historical-Data-Monthly.xlsx
2026-03-01,2026,3,Coffee Arabica — World Bank,7.37,USD/kg,Global commodity benchmark,https://thedocs.worldbank.org/en/doc/74e8be41ceb20fa0da750cda2f6b9e4e-0050012026/related/CMO-Historical-Data-Monthly.xlsx
2026-04-01,2026,4,Coffee Arabica — World Bank,7.3,USD/kg,Global commodity benchmark,https://thedocs.worldbank.org/en/doc/74e8be41ceb20fa0da750cda2f6b9e4e-0050012026/related/CMO-Historical-Data-Monthly.xlsx
2026-05-01,2026,5,Coffee Arabica — World Bank,6.95,USD/kg,Global commodity benchmark,https://thedocs.worldbank.org/en/doc/74e8be41ceb20fa0da750cda2f6b9e4e-0050012026/related/CMO-Historical-Data-Monthly.xlsx
2026-06-01,2026,6,Coffee Arabica — World Bank,6.79,USD/kg,Global commodity benchmark,https://thedocs.worldbank.org/en/doc/74e8be41ceb20fa0da750cda2f6b9e4e-0050012026/related/CMO-Historical-Data-Monthly.xlsx
2026-07-01,2026,7,Coffee Arabica — World Bank,7.91,USD/kg,Global commodity benchmark,https://thedocs.worldbank.org/en/doc/74e8be41ceb20fa0da750cda2f6b9e4e-0050012026/related/CMO-Historical-Data-Monthly.xlsx
2026-08-01,2026,8,Coffee Arabica — World Bank,7.97,USD/kg,Global commodity benchmark,https://thedocs.worldbank.org/en/doc/74e8be41ceb20fa0da750cda2f6b9e4e-0050012026/related/CMO-Historical-Data-Monthly.xlsx
1999-01-01,1999,1,Coffee Robusta — World Bank,1.81,USD/kg,Global commodity benchmark,https://thedocs.worldbank.org/en/doc/74e8be41ceb20fa0da750cda2f6b9e4e-0050012026/related/CMO-Historical-Data-Monthly.xlsx
1999-02-01,1999,2,Coffee Robusta — World Bank,1.75,USD/kg,Global commodity benchmark,https://thedocs.worldbank.org/en/doc/74e8be41ceb20fa0da750cda2f6b9e4e-0050012026/related/CMO-Historical-Data-Monthly.xlsx
1999-03-01,1999,3,Coffee Robusta — World Bank,1.62,USD/kg,Global commodity benchmark,https://thedocs.worldbank.org/en/doc/74e8be41ceb20fa0da750cda2f6b9e4e-0050012026/related/CMO-Historical-Data-Monthly.xlsx
1999-04-01,1999,4,Coffee Robusta — World Bank,1.53,USD/kg,Global commodity benchmark,https://thedocs.worldbank.org/en/doc/74e8be41ceb20fa0da750cda2f6b9e4e-0050012026/related/CMO-Historical-Data-Monthly.xlsx
1999-05-01,1999,5,Coffee Robusta — World Bank,1.5,USD/kg,Global commodity benchmark,https://thedocs.worldbank.org/en/doc/74e8be41ceb20fa0da750cda2f6b9e4e-0050012026/related/CMO-Historical-Data-Monthly.xlsx
1999-06-01,1999,6,Coffee Robusta — World Bank,1.45,USD/kg,Global commodity benchmark,https://thedocs.worldbank.org/en/doc/74e8be41ceb20fa0da750cda2f6b9e4e-0050012026/related/CMO-Historical-Data-Monthly.xlsx
1999-07-01,1999,7,Coffee Robusta — World Bank,1.36,USD/kg,Global commodity benchmark,https://thedocs.worldbank.org/en/doc/74e8be41ceb20fa0da750cda2f6b9e4e-0050012026/related/CMO-Historical-Data-Monthly.xlsx
1999-08-01,1999,8,Coffee Robusta — World Bank,1.39,USD/kg,Global commodity benchmark,https://thedocs.worldbank.org/en/doc/74e8be41ceb20fa0da750cda2f6b9e4e-0050012026/related/CMO-Historical-Data-Monthly.xlsx
1999-09-01,1999,9,Coffee Robusta — World Bank,1.31,USD/kg,Global commodity benchmark,https://thedocs.worldbank.org/en/doc/74e8be41ceb20fa0da750cda2f6b9e4e-0050012026/related/CMO-Historical-Data-Monthly.xlsx
1999-10-01,1999,10,Coffee Robusta — World Bank,1.29,USD/kg,Global commodity benchmark,https://thedocs.worldbank.org/en/doc/74e8be41ceb20fa0da750cda2f6b9e4e-0050012026/related/CMO-Historical-Data-Monthly.xlsx
1999-11-01,1999,11,Coffee Robusta — World Bank,1.39,USD/kg,Global commodity benchmark,https://thedocs.worldbank.org/en/doc/74e8be41ceb20fa0da750cda2f6b9e4e-0050012026/related/CMO-Historical-Data-Monthly.xlsx
1999-12-01,1999,12,Coffee Robusta — World Bank,1.47,USD/kg,Global commodity benchmark,https://thedocs.worldbank.org/en/doc/74e8be41ceb20fa0da750cda2f6b9e4e-0050012026/related/CMO-Historical-Data-Monthly.xlsx
2000-01-01,2000,1,Coffee Robusta — World Bank,1.17,USD/kg,Global commodity benchmark,https://thedocs.worldbank.org/en/doc/74e8be41ceb20fa0da750cda2f6b9e4e-0050012026/related/CMO-Historical-Data-Monthly.xlsx
2000-02-01,2000,2,Coffee Robusta — World Bank,1.08,USD/kg,Global commodity benchmark,https://thedocs.worldbank.org/en/doc/74e8be41ceb20fa0da750cda2f6b9e4e-0050012026/related/CMO-Historical-Data-Monthly.xlsx
2000-03-01,2000,3,Coffee Robusta — World Bank,1.02,USD/kg,Global commodity benchmark,https://thedocs.worldbank.org/en/doc/74e8be41ceb20fa0da750cda2f6b9e4e-0050012026/related/CMO-Historical-Data-Monthly.xlsx
2000-04-01,2000,4,Coffee Robusta — World Bank,0.98,USD/kg,Global commodity benchmark,https://thedocs.worldbank.org/en/doc/74e8be41ceb20fa0da750cda2f6b9e4e-0050012026/related/CMO-Historical-Data-Monthly.xlsx
2000-05-01,2000,5,Coffee Robusta — World Bank,0.98,USD/kg,Global commodity benchmark,https://thedocs.worldbank.org/en/doc/74e8be41ceb20fa0da750cda2f6b9e4e-0050012026/related/CMO-Historical-Data-Monthly.xlsx
2000-06-01,2000,6,Coffee Robusta — World Bank,0.94,USD/kg,Global commodity benchmark,https://thedocs.worldbank.org/en/doc/74e8be41ceb20fa0da750cda2f6b9e4e-0050012026/related/CMO-Historical-Data-Monthly.xlsx
2000-07-01,2000,7,Coffee Robusta — World Bank,0.9,USD/kg,Global commodity benchmark,https://thedocs.worldbank.org/en/doc/74e8be41ceb20fa0da750cda2f6b9e4e-0050012026/related/CMO-Historical-Data-Monthly.xlsx
2000-08-01,2000,8,Coffee Robusta — World Bank,0.84,USD/kg,Global commodity benchmark,https://thedocs.worldbank.org/en/doc/74e8be41ceb20fa0da750cda2f6b9e4e-0050012026/related/CMO-Historical-Data-Monthly.xlsx
2000-09-01,2000,9,Coffee Robusta — World Bank,0.86,USD/kg,Global commodity benchmark,https://thedocs.worldbank.org/en/doc/74e8be41ceb20fa0da750cda2f6b9e4e-0050012026/related/CMO-Historical-Data-Monthly.xlsx
2000-10-01,2000,10,Coffee Robusta — World Bank,0.8,USD/kg,Global commodity benchmark,https://thedocs.worldbank.org/en/doc/74e8be41ceb20fa0da750cda2f6b9e4e-0050012026/related/CMO-Historical-Data-Monthly.xlsx
2000-11-01,2000,11,Coffee Robusta — World Bank,0.72,USD/kg,Global commodity benchmark,https://thedocs.worldbank.org/en/doc/74e8be41ceb20fa0da750cda2f6b9e4e-0050012026/related/CMO-Historical-Data-Monthly.xlsx
2000-12-01,2000,12,Coffee Robusta — World Bank,0.67,USD/kg,Global commodity benchmark,https://thedocs.worldbank.org/en/doc/74e8be41ceb20fa0da750cda2f6b9e4e-0050012026/related/CMO-Historical-Data-Monthly.xlsx
2001-01-01,2001,1,Coffee Robusta — World Bank,0.71,USD/kg,Global commodity benchmark,https://thedocs.worldbank.org/en/doc/74e8be41ceb20fa0da750cda2f6b9e4e-0050012026/related/CMO-Historical-Data-Monthly.xlsx
2001-02-01,2001,2,Coffee Robusta — World Bank,0.7,USD/kg,Global commodity benchmark,https://thedocs.worldbank.org/en/doc/74e8be41ceb20fa0da750cda2f6b9e4e-0050012026/related/CMO-Historical-Data-Monthly.xlsx
2001-03-01,2001,3,Coffee Robusta — World Bank,0.67,USD/kg,Global commodity benchmark,https://thedocs.worldbank.org/en/doc/74e8be41ceb20fa0da750cda2f6b9e4e-0050012026/related/CMO-Historical-Data-Monthly.xlsx
2001-04-01,2001,4,Coffee Robusta — World Bank,0.63,USD/kg,Global commodity benchmark,https://thedocs.worldbank.org/en/doc/74e8be41ceb20fa0da750cda2f6b9e4e-0050012026/related/CMO-Historical-Data-Monthly.xlsx
2001-05-01,2001,5,Coffee Robusta — World Bank,0.65,USD/kg,Global commodity benchmark,https://thedocs.worldbank.org/en/doc/74e8be41ceb20fa0da750cda2f6b9e4e-0050012026/related/CMO-Historical-Data-Monthly.xlsx
2001-06-01,2001,6,Coffee Robusta — World Bank,0.64,USD/kg,Global commodity benchmark,https://thedocs.worldbank.org/en/doc/74e8be41ceb20fa0da750cda2f6b9e4e-0050012026/related/CMO-Historical-Data-Monthly.xlsx
2001-07-01,2001,7,Coffee Robusta — World Bank,0.6,USD/kg,Global commodity benchmark,https://thedocs.worldbank.org/en/doc/74e8be41ceb20fa0da750cda2f6b9e4e-0050012026/related/CMO-Historical-Data-Monthly.xlsx
2001-08-01,2001,8,Coffee Robusta — World Bank,0.57,USD/kg,Global commodity benchmark,https://thedocs.worldbank.org/en/doc/74e8be41ceb20fa0da750cda2f6b9e4e-0050012026/related/CMO-Historical-Data-Monthly.xlsx
2001-09-01,2001,9,Coffee Robusta — World Bank,0.54,USD/kg,Global commodity benchmark,https://thedocs.worldbank.org/en/doc/74e8be41ceb20fa0da750cda2f6b9e4e-0050012026/related/CMO-Historical-Data-Monthly.xlsx
2001-10-01,2001,10,Coffee Robusta — World Bank,0.51,USD/kg,Global commodity benchmark,https://thedocs.worldbank.org/en/doc/74e8be41ceb20fa0da750cda2f6b9e4e-0050012026/related/CMO-Historical-Data-Monthly.xlsx
2001-11-01,2001,11,Coffee Robusta — World Bank,0.52,USD/kg,Global commodity benchmark,https://thedocs.worldbank.org/en/doc/74e8be41ceb20fa0da750cda2f6b9e4e-0050012026/related/CMO-Historical-Data-Monthly.xlsx
2001-12-01,2001,12,Coffee Robusta — World Bank,0.54,USD/kg,Global commodity benchmark,https://thedocs.worldbank.org/en/doc/74e8be41ceb20fa0da750cda2f6b9e4e-0050012026/related/CMO-Historical-Data-Monthly.xlsx
2002-01-01,2002,1,Coffee Robusta — World Bank,0.5,USD/kg,Global commodity benchmark,https://thedocs.worldbank.org/en/doc/74e8be41ceb20fa0da750cda2f6b9e4e-0050012026/related/CMO-Historical-Data-Monthly.xlsx
2002-02-01,2002,2,Coffee Robusta — World Bank,0.54,USD/kg,Global commodity benchmark,https://thedocs.worldbank.org/en/doc/74e8be41ceb20fa0da750cda2f6b9e4e-0050012026/related/CMO-Historical-Data-Monthly.xlsx
2002-03-01,2002,3,Coffee Robusta — World Bank,0.64,USD/kg,Global commodity benchmark,https://thedocs.worldbank.org/en/doc/74e8be41ceb20fa0da750cda2f6b9e4e-0050012026/related/CMO-Historical-Data-Monthly.xlsx
2002-04-01,2002,4,Coffee Robusta — World Bank,0.65,USD/kg,Global commodity benchmark,https://thedocs.worldbank.org/en/doc/74e8be41ceb20fa0da750cda2f6b9e4e-0050012026/related/CMO-Historical-Data-Monthly.xlsx
2002-05-01,2002,5,Coffee Robusta — World Bank,0.62,USD/kg,Global commodity benchmark,https://thedocs.worldbank.org/en/doc/74e8be41ceb20fa0da750cda2f6b9e4e-0050012026/related/CMO-Historical-Data-Monthly.xlsx
2002-06-01,2002,6,Coffee Robusta — World Bank,0.63,USD/kg,Global commodity benchmark,https://thedocs.worldbank.org/en/doc/74e8be41ceb20fa0da750cda2f6b9e4e-0050012026/related/CMO-Historical-Data-Monthly.xlsx
2002-07-01,2002,7,Coffee Robusta — World Bank,0.63,USD/kg,Global commodity benchmark,https://thedocs.worldbank.org/en/doc/74e8be41ceb20fa0da750cda2f6b9e4e-0050012026/related/CMO-Historical-Data-Monthly.xlsx
2002-08-01,2002,8,Coffee Robusta — World Bank,0.61,USD/kg,Global commodity benchmark,https://thedocs.worldbank.org/en/doc/74e8be41ceb20fa0da750cda2f6b9e4e-0050012026/related/CMO-Historical-Data-Monthly.xlsx
2002-09-01,2002,9,Coffee Robusta — World Bank,0.71,USD/kg,Global commodity benchmark,https://thedocs.worldbank.org/en/doc/74e8be41ceb20fa0da750cda2f6b9e4e-0050012026/related/CMO-Historical-Data-Monthly.xlsx
2002-10-01,2002,10,Coffee Robusta — World Bank,0.73,USD/kg,Global commodity benchmark,https://thedocs.worldbank.org/en/doc/74e8be41ceb20fa0da750cda2f6b9e4e-0050012026/related/CMO-Historical-Data-Monthly.xlsx
2002-11-01,2002,11,Coffee Robusta — World Bank,0.84,USD/kg,Global commodity benchmark,https://thedocs.worldbank.org/en/doc/74e8be41ceb20fa0da750cda2f6b9e4e-0050012026/related/CMO-Historical-Data-Monthly.xlsx
2002-12-01,2002,12,Coffee Robusta — World Bank,0.84,USD/kg,Global commodity benchmark,https://thedocs.worldbank.org/en/doc/74e8be41ceb20fa0da750cda2f6b9e4e-0050012026/related/CMO-Historical-Data-Monthly.xlsx
2003-01-01,2003,1,Coffee Robusta — World Bank,0.91,USD/kg,Global commodity benchmark,https://thedocs.worldbank.org/en/doc/74e8be41ceb20fa0da750cda2f6b9e4e-0050012026/related/CMO-Historical-Data-Monthly.xlsx
2003-02-01,2003,2,Coffee Robusta — World Bank,0.9,USD/kg,Global commodity benchmark,https://thedocs.worldbank.org/en/doc/74e8be41ceb20fa0da750cda2f6b9e4e-0050012026/related/CMO-Historical-Data-Monthly.xlsx
2003-03-01,2003,3,Coffee Robusta — World Bank,0.82,USD/kg,Global commodity benchmark,https://thedocs.worldbank.org/en/doc/74e8be41ceb20fa0da750cda2f6b9e4e-0050012026/related/CMO-Historical-Data-Monthly.xlsx
2003-04-01,2003,4,Coffee Robusta — World Bank,0.82,USD/kg,Global commodity benchmark,https://thedocs.worldbank.org/en/doc/74e8be41ceb20fa0da750cda2f6b9e4e-0050012026/related/CMO-Historical-Data-Monthly.xlsx
2003-05-01,2003,5,Coffee Robusta — World Bank,0.83,USD/kg,Global commodity benchmark,https://thedocs.worldbank.org/en/doc/74e8be41ceb20fa0da750cda2f6b9e4e-0050012026/related/CMO-Historical-Data-Monthly.xlsx
2003-06-01,2003,6,Coffee Robusta — World Bank,0.75,USD/kg,Global commodity benchmark,https://thedocs.worldbank.org/en/doc/74e8be41ceb20fa0da750cda2f6b9e4e-0050012026/related/CMO-Historical-Data-Monthly.xlsx
2003-07-01,2003,7,Coffee Robusta — World Bank,0.78,USD/kg,Global commodity benchmark,https://thedocs.worldbank.org/en/doc/74e8be41ceb20fa0da750cda2f6b9e4e-0050012026/related/CMO-Historical-Data-Monthly.xlsx
2003-08-01,2003,8,Coffee Robusta — World Bank,0.8,USD/kg,Global commodity benchmark,https://thedocs.worldbank.org/en/doc/74e8be41ceb20fa0da750cda2f6b9e4e-0050012026/related/CMO-Historical-Data-Monthly.xlsx
2003-09-01,2003,9,Coffee Robusta — World Bank,0.82,USD/kg,Global commodity benchmark,https://thedocs.worldbank.org/en/doc/74e8be41ceb20fa0da750cda2f6b9e4e-0050012026/related/CMO-Historical-Data-Monthly.xlsx
2003-10-01,2003,10,Coffee Robusta — World Bank,0.79,USD/kg,Global commodity benchmark,https://thedocs.worldbank.org/en/doc/74e8be41ceb20fa0da750cda2f6b9e4e-0050012026/related/CMO-Historical-Data-Monthly.xlsx
2003-11-01,2003,11,Coffee Robusta — World Bank,0.75,USD/kg,Global commodity benchmark,https://thedocs.worldbank.org/en/doc/74e8be41ceb20fa0da750cda2f6b9e4e-0050012026/related/CMO-Historical-Data-Monthly.xlsx
2003-12-01,2003,12,Coffee Robusta — World Bank,0.79,USD/kg,Global commodity benchmark,https://thedocs.worldbank.org/en/doc/74e8be41ceb20fa0da750cda2f6b9e4e-0050012026/related/CMO-Historical-Data-Monthly.xlsx
2004-01-01,2004,1,Coffee Robusta — World Bank,0.88,USD/kg,Global commodity benchmark,https://thedocs.worldbank.org/en/doc/74e8be41ceb20fa0da750cda2f6b9e4e-0050012026/related/CMO-Historical-Data-Monthly.xlsx
2004-02-01,2004,2,Coffee Robusta — World Bank,0.82,USD/kg,Global commodity benchmark,https://thedocs.worldbank.org/en/doc/74e8be41ceb20fa0da750cda2f6b9e4e-0050012026/related/CMO-Historical-Data-Monthly.xlsx
2004-03-01,2004,3,Coffee Robusta — World Bank,0.81,USD/kg,Global commodity benchmark,https://thedocs.worldbank.org/en/doc/74e8be41ceb20fa0da750cda2f6b9e4e-0050012026/related/CMO-Historical-Data-Monthly.xlsx
2004-04-01,2004,4,Coffee Robusta — World Bank,0.8,USD/kg,Global commodity benchmark,https://thedocs.worldbank.org/en/doc/74e8be41ceb20fa0da750cda2f6b9e4e-0050012026/related/CMO-Historical-Data-Monthly.xlsx
2004-05-01,2004,5,Coffee Robusta — World Bank,0.81,USD/kg,Global commodity benchmark,https://thedocs.worldbank.org/en/doc/74e8be41ceb20fa0da750cda2f6b9e4e-0050012026/related/CMO-Historical-Data-Monthly.xlsx
2004-06-01,2004,6,Coffee Robusta — World Bank,0.88,USD/kg,Global commodity benchmark,https://thedocs.worldbank.org/en/doc/74e8be41ceb20fa0da750cda2f6b9e4e-0050012026/related/CMO-Historical-Data-Monthly.xlsx
2004-07-01,2004,7,Coffee Robusta — World Bank,0.79,USD/kg,Global commodity benchmark,https://thedocs.worldbank.org/en/doc/74e8be41ceb20fa0da750cda2f6b9e4e-0050012026/related/CMO-Historical-Data-Monthly.xlsx
2004-08-01,2004,8,Coffee Robusta — World Bank,0.75,USD/kg,Global commodity benchmark,https://thedocs.worldbank.org/en/doc/74e8be41ceb20fa0da750cda2f6b9e4e-0050012026/related/CMO-Historical-Data-Monthly.xlsx
2004-09-01,2004,9,Coffee Robusta — World Bank,0.75,USD/kg,Global commodity benchmark,https://thedocs.worldbank.org/en/doc/74e8be41ceb20fa0da750cda2f6b9e4e-0050012026/related/CMO-Historical-Data-Monthly.xlsx
2004-10-01,2004,10,Coffee Robusta — World Bank,0.7,USD/kg,Global commodity benchmark,https://thedocs.worldbank.org/en/doc/74e8be41ceb20fa0da750cda2f6b9e4e-0050012026/related/CMO-Historical-Data-Monthly.xlsx
2004-11-01,2004,11,Coffee Robusta — World Bank,0.72,USD/kg,Global commodity benchmark,https://thedocs.worldbank.org/en/doc/74e8be41ceb20fa0da750cda2f6b9e4e-0050012026/related/CMO-Historical-Data-Monthly.xlsx
2004-12-01,2004,12,Coffee Robusta — World Bank,0.81,USD/kg,Global commodity benchmark,https://thedocs.worldbank.org/en/doc/74e8be41ceb20fa0da750cda2f6b9e4e-0050012026/related/CMO-Historical-Data-Monthly.xlsx
2005-01-01,2005,1,Coffee Robusta — World Bank,0.81,USD/kg,Global commodity benchmark,https://thedocs.worldbank.org/en/doc/74e8be41ceb20fa0da750cda2f6b9e4e-0050012026/related/CMO-Historical-Data-Monthly.xlsx
2005-02-01,2005,2,Coffee Robusta — World Bank,0.91,USD/kg,Global commodity benchmark,https://thedocs.worldbank.org/en/doc/74e8be41ceb20fa0da750cda2f6b9e4e-0050012026/related/CMO-Historical-Data-Monthly.xlsx
2005-03-01,2005,3,Coffee Robusta — World Bank,1.09,USD/kg,Global commodity benchmark,https://thedocs.worldbank.org/en/doc/74e8be41ceb20fa0da750cda2f6b9e4e-0050012026/related/CMO-Historical-Data-Monthly.xlsx
2005-04-01,2005,4,Coffee Robusta — World Bank,1.12,USD/kg,Global commodity benchmark,https://thedocs.worldbank.org/en/doc/74e8be41ceb20fa0da750cda2f6b9e4e-0050012026/related/CMO-Historical-Data-Monthly.xlsx
2005-05-01,2005,5,Coffee Robusta — World Bank,1.24,USD/kg,Global commodity benchmark,https://thedocs.worldbank.org/en/doc/74e8be41ceb20fa0da750cda2f6b9e4e-0050012026/related/CMO-Historical-Data-Monthly.xlsx
2005-06-01,2005,6,Coffee Robusta — World Bank,1.32,USD/kg,Global commodity benchmark,https://thedocs.worldbank.org/en/doc/74e8be41ceb20fa0da750cda2f6b9e4e-0050012026/related/CMO-Historical-Data-Monthly.xlsx
2005-07-01,2005,7,Coffee Robusta — World Bank,1.28,USD/kg,Global commodity benchmark,https://thedocs.worldbank.org/en/doc/74e8be41ceb20fa0da750cda2f6b9e4e-0050012026/related/CMO-Historical-Data-Monthly.xlsx
2005-08-01,2005,8,Coffee Robusta — World Bank,1.15,USD/kg,Global commodity benchmark,https://thedocs.worldbank.org/en/doc/74e8be41ceb20fa0da750cda2f6b9e4e-0050012026/related/CMO-Historical-Data-Monthly.xlsx
2005-09-01,2005,9,Coffee Robusta — World Bank,1.03,USD/kg,Global commodity benchmark,https://thedocs.worldbank.org/en/doc/74e8be41ceb20fa0da750cda2f6b9e4e-0050012026/related/CMO-Historical-Data-Monthly.xlsx
2005-10-01,2005,10,Coffee Robusta — World Bank,1.05,USD/kg,Global commodity benchmark,https://thedocs.worldbank.org/en/doc/74e8be41ceb20fa0da750cda2f6b9e4e-0050012026/related/CMO-Historical-Data-Monthly.xlsx
2005-11-01,2005,11,Coffee Robusta — World Bank,1.13,USD/kg,Global commodity benchmark,https://thedocs.worldbank.org/en/doc/74e8be41ceb20fa0da750cda2f6b9e4e-0050012026/related/CMO-Historical-Data-Monthly.xlsx
2005-12-01,2005,12,Coffee Robusta — World Bank,1.24,USD/kg,Global commodity benchmark,https://thedocs.worldbank.org/en/doc/74e8be41ceb20fa0da750cda2f6b9e4e-0050012026/related/CMO-Historical-Data-Monthly.xlsx
2006-01-01,2006,1,Coffee Robusta — World Bank,1.4,USD/kg,Global commodity benchmark,https://thedocs.worldbank.org/en/doc/74e8be41ceb20fa0da750cda2f6b9e4e-0050012026/related/CMO-Historical-Data-Monthly.xlsx
2006-02-01,2006,2,Coffee Robusta — World Bank,1.39,USD/kg,Global commodity benchmark,https://thedocs.worldbank.org/en/doc/74e8be41ceb20fa0da750cda2f6b9e4e-0050012026/related/CMO-Historical-Data-Monthly.xlsx
2006-03-01,2006,3,Coffee Robusta — World Bank,1.31,USD/kg,Global commodity benchmark,https://thedocs.worldbank.org/en/doc/74e8be41ceb20fa0da750cda2f6b9e4e-0050012026/related/CMO-Historical-Data-Monthly.xlsx
2006-04-01,2006,4,Coffee Robusta — World Bank,1.33,USD/kg,Global commodity benchmark,https://thedocs.worldbank.org/en/doc/74e8be41ceb20fa0da750cda2f6b9e4e-0050012026/related/CMO-Historical-Data-Monthly.xlsx
2006-05-01,2006,5,Coffee Robusta — World Bank,1.32,USD/kg,Global commodity benchmark,https://thedocs.worldbank.org/en/doc/74e8be41ceb20fa0da750cda2f6b9e4e-0050012026/related/CMO-Historical-Data-Monthly.xlsx
2006-06-01,2006,6,Coffee Robusta — World Bank,1.33,USD/kg,Global commodity benchmark,https://thedocs.worldbank.org/en/doc/74e8be41ceb20fa0da750cda2f6b9e4e-0050012026/related/CMO-Historical-Data-Monthly.xlsx
2006-07-01,2006,7,Coffee Robusta — World Bank,1.42,USD/kg,Global commodity benchmark,https://thedocs.worldbank.org/en/doc/74e8be41ceb20fa0da750cda2f6b9e4e-0050012026/related/CMO-Historical-Data-Monthly.xlsx
2006-08-01,2006,8,Coffee Robusta — World Bank,1.62,USD/kg,Global commodity benchmark,https://thedocs.worldbank.org/en/doc/74e8be41ceb20fa0da750cda2f6b9e4e-0050012026/related/CMO-Historical-Data-Monthly.xlsx
2006-09-01,2006,9,Coffee Robusta — World Bank,1.7,USD/kg,Global commodity benchmark,https://thedocs.worldbank.org/en/doc/74e8be41ceb20fa0da750cda2f6b9e4e-0050012026/related/CMO-Historical-Data-Monthly.xlsx
2006-10-01,2006,10,Coffee Robusta — World Bank,1.66,USD/kg,Global commodity benchmark,https://thedocs.worldbank.org/en/doc/74e8be41ceb20fa0da750cda2f6b9e4e-0050012026/related/CMO-Historical-Data-Monthly.xlsx
2006-11-01,2006,11,Coffee Robusta — World Bank,1.69,USD/kg,Global commodity benchmark,https://thedocs.worldbank.org/en/doc/74e8be41ceb20fa0da750cda2f6b9e4e-0050012026/related/CMO-Historical-Data-Monthly.xlsx
2006-12-01,2006,12,Coffee Robusta — World Bank,1.69,USD/kg,Global commodity benchmark,https://thedocs.worldbank.org/en/doc/74e8be41ceb20fa0da750cda2f6b9e4e-0050012026/related/CMO-Historical-Data-Monthly.xlsx
2007-01-01,2007,1,Coffee Robusta — World Bank,1.74,USD/kg,Global commodity benchmark,https://thedocs.worldbank.org/en/doc/74e8be41ceb20fa0da750cda2f6b9e4e-0050012026/related/CMO-Historical-Data-Monthly.xlsx
2007-02-01,2007,2,Coffee Robusta — World Bank,1.74,USD/kg,Global commodity benchmark,https://thedocs.worldbank.org/en/doc/74e8be41ceb20fa0da750cda2f6b9e4e-0050012026/related/CMO-Historical-Data-Monthly.xlsx
2007-03-01,2007,3,Coffee Robusta — World Bank,1.7,USD/kg,Global commodity benchmark,https://thedocs.worldbank.org/en/doc/74e8be41ceb20fa0da750cda2f6b9e4e-0050012026/related/CMO-Historical-Data-Monthly.xlsx
2007-04-01,2007,4,Coffee Robusta — World Bank,1.75,USD/kg,Global commodity benchmark,https://thedocs.worldbank.org/en/doc/74e8be41ceb20fa0da750cda2f6b9e4e-0050012026/related/CMO-Historical-Data-Monthly.xlsx
2007-05-01,2007,5,Coffee Robusta — World Bank,1.85,USD/kg,Global commodity benchmark,https://thedocs.worldbank.org/en/doc/74e8be41ceb20fa0da750cda2f6b9e4e-0050012026/related/CMO-Historical-Data-Monthly.xlsx
2007-06-01,2007,6,Coffee Robusta — World Bank,2.04,USD/kg,Global commodity benchmark,https://thedocs.worldbank.org/en/doc/74e8be41ceb20fa0da750cda2f6b9e4e-0050012026/related/CMO-Historical-Data-Monthly.xlsx
2007-07-01,2007,7,Coffee Robusta — World Bank,2.04,USD/kg,Global commodity benchmark,https://thedocs.worldbank.org/en/doc/74e8be41ceb20fa0da750cda2f6b9e4e-0050012026/related/CMO-Historical-Data-Monthly.xlsx
2007-08-01,2007,8,Coffee Robusta — World Bank,1.93,USD/kg,Global commodity benchmark,https://thedocs.worldbank.org/en/doc/74e8be41ceb20fa0da750cda2f6b9e4e-0050012026/related/CMO-Historical-Data-Monthly.xlsx
2007-09-01,2007,9,Coffee Robusta — World Bank,2.05,USD/kg,Global commodity benchmark,https://thedocs.worldbank.org/en/doc/74e8be41ceb20fa0da750cda2f6b9e4e-0050012026/related/CMO-Historical-Data-Monthly.xlsx
2007-10-01,2007,10,Coffee Robusta — World Bank,2.01,USD/kg,Global commodity benchmark,https://thedocs.worldbank.org/en/doc/74e8be41ceb20fa0da750cda2f6b9e4e-0050012026/related/CMO-Historical-Data-Monthly.xlsx
2007-11-01,2007,11,Coffee Robusta — World Bank,2.04,USD/kg,Global commodity benchmark,https://thedocs.worldbank.org/en/doc/74e8be41ceb20fa0da750cda2f6b9e4e-0050012026/related/CMO-Historical-Data-Monthly.xlsx
2007-12-01,2007,12,Coffee Robusta — World Bank,2.01,USD/kg,Global commodity benchmark,https://thedocs.worldbank.org/en/doc/74e8be41ceb20fa0da750cda2f6b9e4e-0050012026/related/CMO-Historical-Data-Monthly.xlsx
2008-01-01,2008,1,Coffee Robusta — World Bank,2.19,USD/kg,Global commodity benchmark,https://thedocs.worldbank.org/en/doc/74e8be41ceb20fa0da750cda2f6b9e4e-0050012026/related/CMO-Historical-Data-Monthly.xlsx
2008-02-01,2008,2,Coffee Robusta — World Bank,2.55,USD/kg,Global commodity benchmark,https://thedocs.worldbank.org/en/doc/74e8be41ceb20fa0da750cda2f6b9e4e-0050012026/related/CMO-Historical-Data-Monthly.xlsx
2008-03-01,2008,3,Coffee Robusta — World Bank,2.69,USD/kg,Global commodity benchmark,https://thedocs.worldbank.org/en/doc/74e8be41ceb20fa0da750cda2f6b9e4e-0050012026/related/CMO-Historical-Data-Monthly.xlsx
2008-04-01,2008,4,Coffee Robusta — World Bank,2.45,USD/kg,Global commodity benchmark,https://thedocs.worldbank.org/en/doc/74e8be41ceb20fa0da750cda2f6b9e4e-0050012026/related/CMO-Historical-Data-Monthly.xlsx
2008-05-01,2008,5,Coffee Robusta — World Bank,2.4,USD/kg,Global commodity benchmark,https://thedocs.worldbank.org/en/doc/74e8be41ceb20fa0da750cda2f6b9e4e-0050012026/related/CMO-Historical-Data-Monthly.xlsx
2008-06-01,2008,6,Coffee Robusta — World Bank,2.45,USD/kg,Global commodity benchmark,https://thedocs.worldbank.org/en/doc/74e8be41ceb20fa0da750cda2f6b9e4e-0050012026/related/CMO-Historical-Data-Monthly.xlsx
2008-07-01,2008,7,Coffee Robusta — World Bank,2.54,USD/kg,Global commodity benchmark,https://thedocs.worldbank.org/en/doc/74e8be41ceb20fa0da750cda2f6b9e4e-0050012026/related/CMO-Historical-Data-Monthly.xlsx
2008-08-01,2008,8,Coffee Robusta — World Bank,2.48,USD/kg,Global commodity benchmark,https://thedocs.worldbank.org/en/doc/74e8be41ceb20fa0da750cda2f6b9e4e-0050012026/related/CMO-Historical-Data-Monthly.xlsx
2008-09-01,2008,9,Coffee Robusta — World Bank,2.32,USD/kg,Global commodity benchmark,https://thedocs.worldbank.org/en/doc/74e8be41ceb20fa0da750cda2f6b9e4e-0050012026/related/CMO-Historical-Data-Monthly.xlsx
2008-10-01,2008,10,Coffee Robusta — World Bank,1.96,USD/kg,Global commodity benchmark,https://thedocs.worldbank.org/en/doc/74e8be41ceb20fa0da750cda2f6b9e4e-0050012026/related/CMO-Historical-Data-Monthly.xlsx
2008-11-01,2008,11,Coffee Robusta — World Bank,2,USD/kg,Global commodity benchmark,https://thedocs.worldbank.org/en/doc/74e8be41ceb20fa0da750cda2f6b9e4e-0050012026/related/CMO-Historical-Data-Monthly.xlsx
2008-12-01,2008,12,Coffee Robusta — World Bank,1.82,USD/kg,Global commodity benchmark,https://thedocs.worldbank.org/en/doc/74e8be41ceb20fa0da750cda2f6b9e4e-0050012026/related/CMO-Historical-Data-Monthly.xlsx
2009-01-01,2009,1,Coffee Robusta — World Bank,1.82,USD/kg,Global commodity benchmark,https://thedocs.worldbank.org/en/doc/74e8be41ceb20fa0da750cda2f6b9e4e-0050012026/related/CMO-Historical-Data-Monthly.xlsx
2009-02-01,2009,2,Coffee Robusta — World Bank,1.77,USD/kg,Global commodity benchmark,https://thedocs.worldbank.org/en/doc/74e8be41ceb20fa0da750cda2f6b9e4e-0050012026/related/CMO-Historical-Data-Monthly.xlsx
2009-03-01,2009,3,Coffee Robusta — World Bank,1.68,USD/kg,Global commodity benchmark,https://thedocs.worldbank.org/en/doc/74e8be41ceb20fa0da750cda2f6b9e4e-0050012026/related/CMO-Historical-Data-Monthly.xlsx
2009-04-01,2009,4,Coffee Robusta — World Bank,1.67,USD/kg,Global commodity benchmark,https://thedocs.worldbank.org/en/doc/74e8be41ceb20fa0da750cda2f6b9e4e-0050012026/related/CMO-Historical-Data-Monthly.xlsx
2009-05-01,2009,5,Coffee Robusta — World Bank,1.67,USD/kg,Global commodity benchmark,https://thedocs.worldbank.org/en/doc/74e8be41ceb20fa0da750cda2f6b9e4e-0050012026/related/CMO-Historical-Data-Monthly.xlsx
2009-06-01,2009,6,Coffee Robusta — World Bank,1.63,USD/kg,Global commodity benchmark,https://thedocs.worldbank.org/en/doc/74e8be41ceb20fa0da750cda2f6b9e4e-0050012026/related/CMO-Historical-Data-Monthly.xlsx
2009-07-01,2009,7,Coffee Robusta — World Bank,1.58,USD/kg,Global commodity benchmark,https://thedocs.worldbank.org/en/doc/74e8be41ceb20fa0da750cda2f6b9e4e-0050012026/related/CMO-Historical-Data-Monthly.xlsx
2009-08-01,2009,8,Coffee Robusta — World Bank,1.6,USD/kg,Global commodity benchmark,https://thedocs.worldbank.org/en/doc/74e8be41ceb20fa0da750cda2f6b9e4e-0050012026/related/CMO-Historical-Data-Monthly.xlsx
2009-09-01,2009,9,Coffee Robusta — World Bank,1.63,USD/kg,Global commodity benchmark,https://thedocs.worldbank.org/en/doc/74e8be41ceb20fa0da750cda2f6b9e4e-0050012026/related/CMO-Historical-Data-Monthly.xlsx
2009-10-01,2009,10,Coffee Robusta — World Bank,1.62,USD/kg,Global commodity benchmark,https://thedocs.worldbank.org/en/doc/74e8be41ceb20fa0da750cda2f6b9e4e-0050012026/related/CMO-Historical-Data-Monthly.xlsx
2009-11-01,2009,11,Coffee Robusta — World Bank,1.53,USD/kg,Global commodity benchmark,https://thedocs.worldbank.org/en/doc/74e8be41ceb20fa0da750cda2f6b9e4e-0050012026/related/CMO-Historical-Data-Monthly.xlsx
2009-12-01,2009,12,Coffee Robusta — World Bank,1.54,USD/kg,Global commodity benchmark,https://thedocs.worldbank.org/en/doc/74e8be41ceb20fa0da750cda2f6b9e4e-0050012026/related/CMO-Historical-Data-Monthly.xlsx
2010-01-01,2010,1,Coffee Robusta — World Bank,1.54,USD/kg,Global commodity benchmark,https://thedocs.worldbank.org/en/doc/74e8be41ceb20fa0da750cda2f6b9e4e-0050012026/related/CMO-Historical-Data-Monthly.xlsx
2010-02-01,2010,2,Coffee Robusta — World Bank,1.5,USD/kg,Global commodity benchmark,https://thedocs.worldbank.org/en/doc/74e8be41ceb20fa0da750cda2f6b9e4e-0050012026/related/CMO-Historical-Data-Monthly.xlsx
2010-03-01,2010,3,Coffee Robusta — World Bank,1.48,USD/kg,Global commodity benchmark,https://thedocs.worldbank.org/en/doc/74e8be41ceb20fa0da750cda2f6b9e4e-0050012026/related/CMO-Historical-Data-Monthly.xlsx
2010-04-01,2010,4,Coffee Robusta — World Bank,1.58,USD/kg,Global commodity benchmark,https://thedocs.worldbank.org/en/doc/74e8be41ceb20fa0da750cda2f6b9e4e-0050012026/related/CMO-Historical-Data-Monthly.xlsx
2010-05-01,2010,5,Coffee Robusta — World Bank,1.56,USD/kg,Global commodity benchmark,https://thedocs.worldbank.org/en/doc/74e8be41ceb20fa0da750cda2f6b9e4e-0050012026/related/CMO-Historical-Data-Monthly.xlsx
2010-06-01,2010,6,Coffee Robusta — World Bank,1.7,USD/kg,Global commodity benchmark,https://thedocs.worldbank.org/en/doc/74e8be41ceb20fa0da750cda2f6b9e4e-0050012026/related/CMO-Historical-Data-Monthly.xlsx
2010-07-01,2010,7,Coffee Robusta — World Bank,1.88,USD/kg,Global commodity benchmark,https://thedocs.worldbank.org/en/doc/74e8be41ceb20fa0da750cda2f6b9e4e-0050012026/related/CMO-Historical-Data-Monthly.xlsx
2010-08-01,2010,8,Coffee Robusta — World Bank,1.82,USD/kg,Global commodity benchmark,https://thedocs.worldbank.org/en/doc/74e8be41ceb20fa0da750cda2f6b9e4e-0050012026/related/CMO-Historical-Data-Monthly.xlsx
2010-09-01,2010,9,Coffee Robusta — World Bank,1.79,USD/kg,Global commodity benchmark,https://thedocs.worldbank.org/en/doc/74e8be41ceb20fa0da750cda2f6b9e4e-0050012026/related/CMO-Historical-Data-Monthly.xlsx
2010-10-01,2010,10,Coffee Robusta — World Bank,1.88,USD/kg,Global commodity benchmark,https://thedocs.worldbank.org/en/doc/74e8be41ceb20fa0da750cda2f6b9e4e-0050012026/related/CMO-Historical-Data-Monthly.xlsx
2010-11-01,2010,11,Coffee Robusta — World Bank,2.03,USD/kg,Global commodity benchmark,https://thedocs.worldbank.org/en/doc/74e8be41ceb20fa0da750cda2f6b9e4e-0050012026/related/CMO-Historical-Data-Monthly.xlsx
2010-12-01,2010,12,Coffee Robusta — World Bank,2.07,USD/kg,Global commodity benchmark,https://thedocs.worldbank.org/en/doc/74e8be41ceb20fa0da750cda2f6b9e4e-0050012026/related/CMO-Historical-Data-Monthly.xlsx
2011-01-01,2011,1,Coffee Robusta — World Bank,2.23,USD/kg,Global commodity benchmark,https://thedocs.worldbank.org/en/doc/74e8be41ceb20fa0da750cda2f6b9e4e-0050012026/related/CMO-Historical-Data-Monthly.xlsx
2011-02-01,2011,2,Coffee Robusta — World Bank,2.41,USD/kg,Global commodity benchmark,https://thedocs.worldbank.org/en/doc/74e8be41ceb20fa0da750cda2f6b9e4e-0050012026/related/CMO-Historical-Data-Monthly.xlsx
2011-03-01,2011,3,Coffee Robusta — World Bank,2.6,USD/kg,Global commodity benchmark,https://thedocs.worldbank.org/en/doc/74e8be41ceb20fa0da750cda2f6b9e4e-0050012026/related/CMO-Historical-Data-Monthly.xlsx
2011-04-01,2011,4,Coffee Robusta — World Bank,2.59,USD/kg,Global commodity benchmark,https://thedocs.worldbank.org/en/doc/74e8be41ceb20fa0da750cda2f6b9e4e-0050012026/related/CMO-Historical-Data-Monthly.xlsx
2011-05-01,2011,5,Coffee Robusta — World Bank,2.69,USD/kg,Global commodity benchmark,https://thedocs.worldbank.org/en/doc/74e8be41ceb20fa0da750cda2f6b9e4e-0050012026/related/CMO-Historical-Data-Monthly.xlsx
2011-06-01,2011,6,Coffee Robusta — World Bank,2.6,USD/kg,Global commodity benchmark,https://thedocs.worldbank.org/en/doc/74e8be41ceb20fa0da750cda2f6b9e4e-0050012026/related/CMO-Historical-Data-Monthly.xlsx
2011-07-01,2011,7,Coffee Robusta — World Bank,2.49,USD/kg,Global commodity benchmark,https://thedocs.worldbank.org/en/doc/74e8be41ceb20fa0da750cda2f6b9e4e-0050012026/related/CMO-Historical-Data-Monthly.xlsx
2011-08-01,2011,8,Coffee Robusta — World Bank,2.47,USD/kg,Global commodity benchmark,https://thedocs.worldbank.org/en/doc/74e8be41ceb20fa0da750cda2f6b9e4e-0050012026/related/CMO-Historical-Data-Monthly.xlsx
2011-09-01,2011,9,Coffee Robusta — World Bank,2.34,USD/kg,Global commodity benchmark,https://thedocs.worldbank.org/en/doc/74e8be41ceb20fa0da750cda2f6b9e4e-0050012026/related/CMO-Historical-Data-Monthly.xlsx
2011-10-01,2011,10,Coffee Robusta — World Bank,2.16,USD/kg,Global commodity benchmark,https://thedocs.worldbank.org/en/doc/74e8be41ceb20fa0da750cda2f6b9e4e-0050012026/related/CMO-Historical-Data-Monthly.xlsx
2011-11-01,2011,11,Coffee Robusta — World Bank,2.14,USD/kg,Global commodity benchmark,https://thedocs.worldbank.org/en/doc/74e8be41ceb20fa0da750cda2f6b9e4e-0050012026/related/CMO-Historical-Data-Monthly.xlsx
2011-12-01,2011,12,Coffee Robusta — World Bank,2.17,USD/kg,Global commodity benchmark,https://thedocs.worldbank.org/en/doc/74e8be41ceb20fa0da750cda2f6b9e4e-0050012026/related/CMO-Historical-Data-Monthly.xlsx
2012-01-01,2012,1,Coffee Robusta — World Bank,2.13,USD/kg,Global commodity benchmark,https://thedocs.worldbank.org/en/doc/74e8be41ceb20fa0da750cda2f6b9e4e-0050012026/related/CMO-Historical-Data-Monthly.xlsx
2012-02-01,2012,2,Coffee Robusta — World Bank,2.25,USD/kg,Global commodity benchmark,https://thedocs.worldbank.org/en/doc/74e8be41ceb20fa0da750cda2f6b9e4e-0050012026/related/CMO-Historical-Data-Monthly.xlsx
2012-03-01,2012,3,Coffee Robusta — World Bank,2.28,USD/kg,Global commodity benchmark,https://thedocs.worldbank.org/en/doc/74e8be41ceb20fa0da750cda2f6b9e4e-0050012026/related/CMO-Historical-Data-Monthly.xlsx
2012-04-01,2012,4,Coffee Robusta — World Bank,2.24,USD/kg,Global commodity benchmark,https://thedocs.worldbank.org/en/doc/74e8be41ceb20fa0da750cda2f6b9e4e-0050012026/related/CMO-Historical-Data-Monthly.xlsx
2012-05-01,2012,5,Coffee Robusta — World Bank,2.36,USD/kg,Global commodity benchmark,https://thedocs.worldbank.org/en/doc/74e8be41ceb20fa0da750cda2f6b9e4e-0050012026/related/CMO-Historical-Data-Monthly.xlsx
2012-06-01,2012,6,Coffee Robusta — World Bank,2.33,USD/kg,Global commodity benchmark,https://thedocs.worldbank.org/en/doc/74e8be41ceb20fa0da750cda2f6b9e4e-0050012026/related/CMO-Historical-Data-Monthly.xlsx
2012-07-01,2012,7,Coffee Robusta — World Bank,2.36,USD/kg,Global commodity benchmark,https://thedocs.worldbank.org/en/doc/74e8be41ceb20fa0da750cda2f6b9e4e-0050012026/related/CMO-Historical-Data-Monthly.xlsx
2012-08-01,2012,8,Coffee Robusta — World Bank,2.35,USD/kg,Global commodity benchmark,https://thedocs.worldbank.org/en/doc/74e8be41ceb20fa0da750cda2f6b9e4e-0050012026/related/CMO-Historical-Data-Monthly.xlsx
2012-09-01,2012,9,Coffee Robusta — World Bank,2.31,USD/kg,Global commodity benchmark,https://thedocs.worldbank.org/en/doc/74e8be41ceb20fa0da750cda2f6b9e4e-0050012026/related/CMO-Historical-Data-Monthly.xlsx
2012-10-01,2012,10,Coffee Robusta — World Bank,2.3,USD/kg,Global commodity benchmark,https://thedocs.worldbank.org/en/doc/74e8be41ceb20fa0da750cda2f6b9e4e-0050012026/related/CMO-Historical-Data-Monthly.xlsx
2012-11-01,2012,11,Coffee Robusta — World Bank,2.15,USD/kg,Global commodity benchmark,https://thedocs.worldbank.org/en/doc/74e8be41ceb20fa0da750cda2f6b9e4e-0050012026/related/CMO-Historical-Data-Monthly.xlsx
2012-12-01,2012,12,Coffee Robusta — World Bank,2.13,USD/kg,Global commodity benchmark,https://thedocs.worldbank.org/en/doc/74e8be41ceb20fa0da750cda2f6b9e4e-0050012026/related/CMO-Historical-Data-Monthly.xlsx
2013-01-01,2013,1,Coffee Robusta — World Bank,2.2,USD/kg,Global commodity benchmark,https://thedocs.worldbank.org/en/doc/74e8be41ceb20fa0da750cda2f6b9e4e-0050012026/related/CMO-Historical-Data-Monthly.xlsx
2013-02-01,2013,2,Coffee Robusta — World Bank,2.29,USD/kg,Global commodity benchmark,https://thedocs.worldbank.org/en/doc/74e8be41ceb20fa0da750cda2f6b9e4e-0050012026/related/CMO-Historical-Data-Monthly.xlsx
2013-03-01,2013,3,Coffee Robusta — World Bank,2.34,USD/kg,Global commodity benchmark,https://thedocs.worldbank.org/en/doc/74e8be41ceb20fa0da750cda2f6b9e4e-0050012026/related/CMO-Historical-Data-Monthly.xlsx
2013-04-01,2013,4,Coffee Robusta — World Bank,2.24,USD/kg,Global commodity benchmark,https://thedocs.worldbank.org/en/doc/74e8be41ceb20fa0da750cda2f6b9e4e-0050012026/related/CMO-Historical-Data-Monthly.xlsx
2013-05-01,2013,5,Coffee Robusta — World Bank,2.19,USD/kg,Global commodity benchmark,https://thedocs.worldbank.org/en/doc/74e8be41ceb20fa0da750cda2f6b9e4e-0050012026/related/CMO-Historical-Data-Monthly.xlsx
2013-06-01,2013,6,Coffee Robusta — World Bank,2,USD/kg,Global commodity benchmark,https://thedocs.worldbank.org/en/doc/74e8be41ceb20fa0da750cda2f6b9e4e-0050012026/related/CMO-Historical-Data-Monthly.xlsx
2013-07-01,2013,7,Coffee Robusta — World Bank,2.1,USD/kg,Global commodity benchmark,https://thedocs.worldbank.org/en/doc/74e8be41ceb20fa0da750cda2f6b9e4e-0050012026/related/CMO-Historical-Data-Monthly.xlsx
2013-08-01,2013,8,Coffee Robusta — World Bank,2.07,USD/kg,Global commodity benchmark,https://thedocs.worldbank.org/en/doc/74e8be41ceb20fa0da750cda2f6b9e4e-0050012026/related/CMO-Historical-Data-Monthly.xlsx
2013-09-01,2013,9,Coffee Robusta — World Bank,1.94,USD/kg,Global commodity benchmark,https://thedocs.worldbank.org/en/doc/74e8be41ceb20fa0da750cda2f6b9e4e-0050012026/related/CMO-Historical-Data-Monthly.xlsx
2013-10-01,2013,10,Coffee Robusta — World Bank,1.85,USD/kg,Global commodity benchmark,https://thedocs.worldbank.org/en/doc/74e8be41ceb20fa0da750cda2f6b9e4e-0050012026/related/CMO-Historical-Data-Monthly.xlsx
2013-11-01,2013,11,Coffee Robusta — World Bank,1.76,USD/kg,Global commodity benchmark,https://thedocs.worldbank.org/en/doc/74e8be41ceb20fa0da750cda2f6b9e4e-0050012026/related/CMO-Historical-Data-Monthly.xlsx
2013-12-01,2013,12,Coffee Robusta — World Bank,1.94,USD/kg,Global commodity benchmark,https://thedocs.worldbank.org/en/doc/74e8be41ceb20fa0da750cda2f6b9e4e-0050012026/related/CMO-Historical-Data-Monthly.xlsx
2014-01-01,2014,1,Coffee Robusta — World Bank,1.93,USD/kg,Global commodity benchmark,https://thedocs.worldbank.org/en/doc/74e8be41ceb20fa0da750cda2f6b9e4e-0050012026/related/CMO-Historical-Data-Monthly.xlsx
2014-02-01,2014,2,Coffee Robusta — World Bank,2.11,USD/kg,Global commodity benchmark,https://thedocs.worldbank.org/en/doc/74e8be41ceb20fa0da750cda2f6b9e4e-0050012026/related/CMO-Historical-Data-Monthly.xlsx
2014-03-01,2014,3,Coffee Robusta — World Bank,2.32,USD/kg,Global commodity benchmark,https://thedocs.worldbank.org/en/doc/74e8be41ceb20fa0da750cda2f6b9e4e-0050012026/related/CMO-Historical-Data-Monthly.xlsx
2014-04-01,2014,4,Coffee Robusta — World Bank,2.33,USD/kg,Global commodity benchmark,https://thedocs.worldbank.org/en/doc/74e8be41ceb20fa0da750cda2f6b9e4e-0050012026/related/CMO-Historical-Data-Monthly.xlsx
2014-05-01,2014,5,Coffee Robusta — World Bank,2.27,USD/kg,Global commodity benchmark,https://thedocs.worldbank.org/en/doc/74e8be41ceb20fa0da750cda2f6b9e4e-0050012026/related/CMO-Historical-Data-Monthly.xlsx
2014-06-01,2014,6,Coffee Robusta — World Bank,2.18,USD/kg,Global commodity benchmark,https://thedocs.worldbank.org/en/doc/74e8be41ceb20fa0da750cda2f6b9e4e-0050012026/related/CMO-Historical-Data-Monthly.xlsx
2014-07-01,2014,7,Coffee Robusta — World Bank,2.24,USD/kg,Global commodity benchmark,https://thedocs.worldbank.org/en/doc/74e8be41ceb20fa0da750cda2f6b9e4e-0050012026/related/CMO-Historical-Data-Monthly.xlsx
2014-08-01,2014,8,Coffee Robusta — World Bank,2.21,USD/kg,Global commodity benchmark,https://thedocs.worldbank.org/en/doc/74e8be41ceb20fa0da750cda2f6b9e4e-0050012026/related/CMO-Historical-Data-Monthly.xlsx
2014-09-01,2014,9,Coffee Robusta — World Bank,2.22,USD/kg,Global commodity benchmark,https://thedocs.worldbank.org/en/doc/74e8be41ceb20fa0da750cda2f6b9e4e-0050012026/related/CMO-Historical-Data-Monthly.xlsx
2014-10-01,2014,10,Coffee Robusta — World Bank,2.31,USD/kg,Global commodity benchmark,https://thedocs.worldbank.org/en/doc/74e8be41ceb20fa0da750cda2f6b9e4e-0050012026/related/CMO-Historical-Data-Monthly.xlsx
2014-11-01,2014,11,Coffee Robusta — World Bank,2.27,USD/kg,Global commodity benchmark,https://thedocs.worldbank.org/en/doc/74e8be41ceb20fa0da750cda2f6b9e4e-0050012026/related/CMO-Historical-Data-Monthly.xlsx
2014-12-01,2014,12,Coffee Robusta — World Bank,2.2,USD/kg,Global commodity benchmark,https://thedocs.worldbank.org/en/doc/74e8be41ceb20fa0da750cda2f6b9e4e-0050012026/related/CMO-Historical-Data-Monthly.xlsx
2015-01-01,2015,1,Coffee Robusta — World Bank,2.16,USD/kg,Global commodity benchmark,https://thedocs.worldbank.org/en/doc/74e8be41ceb20fa0da750cda2f6b9e4e-0050012026/related/CMO-Historical-Data-Monthly.xlsx
2015-02-01,2015,2,Coffee Robusta — World Bank,2.17,USD/kg,Global commodity benchmark,https://thedocs.worldbank.org/en/doc/74e8be41ceb20fa0da750cda2f6b9e4e-0050012026/related/CMO-Historical-Data-Monthly.xlsx
2015-03-01,2015,3,Coffee Robusta — World Bank,2.03,USD/kg,Global commodity benchmark,https://thedocs.worldbank.org/en/doc/74e8be41ceb20fa0da750cda2f6b9e4e-0050012026/related/CMO-Historical-Data-Monthly.xlsx
2015-04-01,2015,4,Coffee Robusta — World Bank,2.03,USD/kg,Global commodity benchmark,https://thedocs.worldbank.org/en/doc/74e8be41ceb20fa0da750cda2f6b9e4e-0050012026/related/CMO-Historical-Data-Monthly.xlsx
2015-05-01,2015,5,Coffee Robusta — World Bank,1.93,USD/kg,Global commodity benchmark,https://thedocs.worldbank.org/en/doc/74e8be41ceb20fa0da750cda2f6b9e4e-0050012026/related/CMO-Historical-Data-Monthly.xlsx
2015-06-01,2015,6,Coffee Robusta — World Bank,1.99,USD/kg,Global commodity benchmark,https://thedocs.worldbank.org/en/doc/74e8be41ceb20fa0da750cda2f6b9e4e-0050012026/related/CMO-Historical-Data-Monthly.xlsx
2015-07-01,2015,7,Coffee Robusta — World Bank,1.92,USD/kg,Global commodity benchmark,https://thedocs.worldbank.org/en/doc/74e8be41ceb20fa0da750cda2f6b9e4e-0050012026/related/CMO-Historical-Data-Monthly.xlsx
2015-08-01,2015,8,Coffee Robusta — World Bank,1.89,USD/kg,Global commodity benchmark,https://thedocs.worldbank.org/en/doc/74e8be41ceb20fa0da750cda2f6b9e4e-0050012026/related/CMO-Historical-Data-Monthly.xlsx
2015-09-01,2015,9,Coffee Robusta — World Bank,1.8,USD/kg,Global commodity benchmark,https://thedocs.worldbank.org/en/doc/74e8be41ceb20fa0da750cda2f6b9e4e-0050012026/related/CMO-Historical-Data-Monthly.xlsx
2015-10-01,2015,10,Coffee Robusta — World Bank,1.82,USD/kg,Global commodity benchmark,https://thedocs.worldbank.org/en/doc/74e8be41ceb20fa0da750cda2f6b9e4e-0050012026/related/CMO-Historical-Data-Monthly.xlsx
2015-11-01,2015,11,Coffee Robusta — World Bank,1.8,USD/kg,Global commodity benchmark,https://thedocs.worldbank.org/en/doc/74e8be41ceb20fa0da750cda2f6b9e4e-0050012026/related/CMO-Historical-Data-Monthly.xlsx
2015-12-01,2015,12,Coffee Robusta — World Bank,1.75,USD/kg,Global commodity benchmark,https://thedocs.worldbank.org/en/doc/74e8be41ceb20fa0da750cda2f6b9e4e-0050012026/related/CMO-Historical-Data-Monthly.xlsx
2016-01-01,2016,1,Coffee Robusta — World Bank,1.65,USD/kg,Global commodity benchmark,https://thedocs.worldbank.org/en/doc/74e8be41ceb20fa0da750cda2f6b9e4e-0050012026/related/CMO-Historical-Data-Monthly.xlsx
2016-02-01,2016,2,Coffee Robusta — World Bank,1.63,USD/kg,Global commodity benchmark,https://thedocs.worldbank.org/en/doc/74e8be41ceb20fa0da750cda2f6b9e4e-0050012026/related/CMO-Historical-Data-Monthly.xlsx
2016-03-01,2016,3,Coffee Robusta — World Bank,1.67,USD/kg,Global commodity benchmark,https://thedocs.worldbank.org/en/doc/74e8be41ceb20fa0da750cda2f6b9e4e-0050012026/related/CMO-Historical-Data-Monthly.xlsx
2016-04-01,2016,4,Coffee Robusta — World Bank,1.77,USD/kg,Global commodity benchmark,https://thedocs.worldbank.org/en/doc/74e8be41ceb20fa0da750cda2f6b9e4e-0050012026/related/CMO-Historical-Data-Monthly.xlsx
2016-05-01,2016,5,Coffee Robusta — World Bank,1.85,USD/kg,Global commodity benchmark,https://thedocs.worldbank.org/en/doc/74e8be41ceb20fa0da750cda2f6b9e4e-0050012026/related/CMO-Historical-Data-Monthly.xlsx
2016-06-01,2016,6,Coffee Robusta — World Bank,1.89,USD/kg,Global commodity benchmark,https://thedocs.worldbank.org/en/doc/74e8be41ceb20fa0da750cda2f6b9e4e-0050012026/related/CMO-Historical-Data-Monthly.xlsx
2016-07-01,2016,7,Coffee Robusta — World Bank,2,USD/kg,Global commodity benchmark,https://thedocs.worldbank.org/en/doc/74e8be41ceb20fa0da750cda2f6b9e4e-0050012026/related/CMO-Historical-Data-Monthly.xlsx
2016-08-01,2016,8,Coffee Robusta — World Bank,2.02,USD/kg,Global commodity benchmark,https://thedocs.worldbank.org/en/doc/74e8be41ceb20fa0da750cda2f6b9e4e-0050012026/related/CMO-Historical-Data-Monthly.xlsx
2016-09-01,2016,9,Coffee Robusta — World Bank,2.14,USD/kg,Global commodity benchmark,https://thedocs.worldbank.org/en/doc/74e8be41ceb20fa0da750cda2f6b9e4e-0050012026/related/CMO-Historical-Data-Monthly.xlsx
2016-10-01,2016,10,Coffee Robusta — World Bank,2.29,USD/kg,Global commodity benchmark,https://thedocs.worldbank.org/en/doc/74e8be41ceb20fa0da750cda2f6b9e4e-0050012026/related/CMO-Historical-Data-Monthly.xlsx
2016-11-01,2016,11,Coffee Robusta — World Bank,2.29,USD/kg,Global commodity benchmark,https://thedocs.worldbank.org/en/doc/74e8be41ceb20fa0da750cda2f6b9e4e-0050012026/related/CMO-Historical-Data-Monthly.xlsx
2016-12-01,2016,12,Coffee Robusta — World Bank,2.25,USD/kg,Global commodity benchmark,https://thedocs.worldbank.org/en/doc/74e8be41ceb20fa0da750cda2f6b9e4e-0050012026/related/CMO-Historical-Data-Monthly.xlsx
2017-01-01,2017,1,Coffee Robusta — World Bank,2.39,USD/kg,Global commodity benchmark,https://thedocs.worldbank.org/en/doc/74e8be41ceb20fa0da750cda2f6b9e4e-0050012026/related/CMO-Historical-Data-Monthly.xlsx
2017-02-01,2017,2,Coffee Robusta — World Bank,2.35,USD/kg,Global commodity benchmark,https://thedocs.worldbank.org/en/doc/74e8be41ceb20fa0da750cda2f6b9e4e-0050012026/related/CMO-Historical-Data-Monthly.xlsx
2017-03-01,2017,3,Coffee Robusta — World Bank,2.35,USD/kg,Global commodity benchmark,https://thedocs.worldbank.org/en/doc/74e8be41ceb20fa0da750cda2f6b9e4e-0050012026/related/CMO-Historical-Data-Monthly.xlsx
2017-04-01,2017,4,Coffee Robusta — World Bank,2.28,USD/kg,Global commodity benchmark,https://thedocs.worldbank.org/en/doc/74e8be41ceb20fa0da750cda2f6b9e4e-0050012026/related/CMO-Historical-Data-Monthly.xlsx
2017-05-01,2017,5,Coffee Robusta — World Bank,2.17,USD/kg,Global commodity benchmark,https://thedocs.worldbank.org/en/doc/74e8be41ceb20fa0da750cda2f6b9e4e-0050012026/related/CMO-Historical-Data-Monthly.xlsx
2017-06-01,2017,6,Coffee Robusta — World Bank,2.25,USD/kg,Global commodity benchmark,https://thedocs.worldbank.org/en/doc/74e8be41ceb20fa0da750cda2f6b9e4e-0050012026/related/CMO-Historical-Data-Monthly.xlsx
2017-07-01,2017,7,Coffee Robusta — World Bank,2.31,USD/kg,Global commodity benchmark,https://thedocs.worldbank.org/en/doc/74e8be41ceb20fa0da750cda2f6b9e4e-0050012026/related/CMO-Historical-Data-Monthly.xlsx
2017-08-01,2017,8,Coffee Robusta — World Bank,2.3,USD/kg,Global commodity benchmark,https://thedocs.worldbank.org/en/doc/74e8be41ceb20fa0da750cda2f6b9e4e-0050012026/related/CMO-Historical-Data-Monthly.xlsx
2017-09-01,2017,9,Coffee Robusta — World Bank,2.19,USD/kg,Global commodity benchmark,https://thedocs.worldbank.org/en/doc/74e8be41ceb20fa0da750cda2f6b9e4e-0050012026/related/CMO-Historical-Data-Monthly.xlsx
2017-10-01,2017,10,Coffee Robusta — World Bank,2.17,USD/kg,Global commodity benchmark,https://thedocs.worldbank.org/en/doc/74e8be41ceb20fa0da750cda2f6b9e4e-0050012026/related/CMO-Historical-Data-Monthly.xlsx
2017-11-01,2017,11,Coffee Robusta — World Bank,2.01,USD/kg,Global commodity benchmark,https://thedocs.worldbank.org/en/doc/74e8be41ceb20fa0da750cda2f6b9e4e-0050012026/related/CMO-Historical-Data-Monthly.xlsx
2017-12-01,2017,12,Coffee Robusta — World Bank,1.93,USD/kg,Global commodity benchmark,https://thedocs.worldbank.org/en/doc/74e8be41ceb20fa0da750cda2f6b9e4e-0050012026/related/CMO-Historical-Data-Monthly.xlsx
2018-01-01,2018,1,Coffee Robusta — World Bank,1.95,USD/kg,Global commodity benchmark,https://thedocs.worldbank.org/en/doc/74e8be41ceb20fa0da750cda2f6b9e4e-0050012026/related/CMO-Historical-Data-Monthly.xlsx
2018-02-01,2018,2,Coffee Robusta — World Bank,1.97,USD/kg,Global commodity benchmark,https://thedocs.worldbank.org/en/doc/74e8be41ceb20fa0da750cda2f6b9e4e-0050012026/related/CMO-Historical-Data-Monthly.xlsx
2018-03-01,2018,3,Coffee Robusta — World Bank,1.94,USD/kg,Global commodity benchmark,https://thedocs.worldbank.org/en/doc/74e8be41ceb20fa0da750cda2f6b9e4e-0050012026/related/CMO-Historical-Data-Monthly.xlsx
2018-04-01,2018,4,Coffee Robusta — World Bank,1.95,USD/kg,Global commodity benchmark,https://thedocs.worldbank.org/en/doc/74e8be41ceb20fa0da750cda2f6b9e4e-0050012026/related/CMO-Historical-Data-Monthly.xlsx
2018-05-01,2018,5,Coffee Robusta — World Bank,1.96,USD/kg,Global commodity benchmark,https://thedocs.worldbank.org/en/doc/74e8be41ceb20fa0da750cda2f6b9e4e-0050012026/related/CMO-Historical-Data-Monthly.xlsx
2018-06-01,2018,6,Coffee Robusta — World Bank,1.9,USD/kg,Global commodity benchmark,https://thedocs.worldbank.org/en/doc/74e8be41ceb20fa0da750cda2f6b9e4e-0050012026/related/CMO-Historical-Data-Monthly.xlsx
2018-07-01,2018,7,Coffee Robusta — World Bank,1.86,USD/kg,Global commodity benchmark,https://thedocs.worldbank.org/en/doc/74e8be41ceb20fa0da750cda2f6b9e4e-0050012026/related/CMO-Historical-Data-Monthly.xlsx
2018-08-01,2018,8,Coffee Robusta — World Bank,1.78,USD/kg,Global commodity benchmark,https://thedocs.worldbank.org/en/doc/74e8be41ceb20fa0da750cda2f6b9e4e-0050012026/related/CMO-Historical-Data-Monthly.xlsx
2018-09-01,2018,9,Coffee Robusta — World Bank,1.69,USD/kg,Global commodity benchmark,https://thedocs.worldbank.org/en/doc/74e8be41ceb20fa0da750cda2f6b9e4e-0050012026/related/CMO-Historical-Data-Monthly.xlsx
2018-10-01,2018,10,Coffee Robusta — World Bank,1.88,USD/kg,Global commodity benchmark,https://thedocs.worldbank.org/en/doc/74e8be41ceb20fa0da750cda2f6b9e4e-0050012026/related/CMO-Historical-Data-Monthly.xlsx
2018-11-01,2018,11,Coffee Robusta — World Bank,1.84,USD/kg,Global commodity benchmark,https://thedocs.worldbank.org/en/doc/74e8be41ceb20fa0da750cda2f6b9e4e-0050012026/related/CMO-Historical-Data-Monthly.xlsx
2018-12-01,2018,12,Coffee Robusta — World Bank,1.71,USD/kg,Global commodity benchmark,https://thedocs.worldbank.org/en/doc/74e8be41ceb20fa0da750cda2f6b9e4e-0050012026/related/CMO-Historical-Data-Monthly.xlsx
2019-01-01,2019,1,Coffee Robusta — World Bank,1.72,USD/kg,Global commodity benchmark,https://thedocs.worldbank.org/en/doc/74e8be41ceb20fa0da750cda2f6b9e4e-0050012026/related/CMO-Historical-Data-Monthly.xlsx
2019-02-01,2019,2,Coffee Robusta — World Bank,1.73,USD/kg,Global commodity benchmark,https://thedocs.worldbank.org/en/doc/74e8be41ceb20fa0da750cda2f6b9e4e-0050012026/related/CMO-Historical-Data-Monthly.xlsx
2019-03-01,2019,3,Coffee Robusta — World Bank,1.7,USD/kg,Global commodity benchmark,https://thedocs.worldbank.org/en/doc/74e8be41ceb20fa0da750cda2f6b9e4e-0050012026/related/CMO-Historical-Data-Monthly.xlsx
2019-04-01,2019,4,Coffee Robusta — World Bank,1.62,USD/kg,Global commodity benchmark,https://thedocs.worldbank.org/en/doc/74e8be41ceb20fa0da750cda2f6b9e4e-0050012026/related/CMO-Historical-Data-Monthly.xlsx
2019-05-01,2019,5,Coffee Robusta — World Bank,1.57,USD/kg,Global commodity benchmark,https://thedocs.worldbank.org/en/doc/74e8be41ceb20fa0da750cda2f6b9e4e-0050012026/related/CMO-Historical-Data-Monthly.xlsx
2019-06-01,2019,6,Coffee Robusta — World Bank,1.63,USD/kg,Global commodity benchmark,https://thedocs.worldbank.org/en/doc/74e8be41ceb20fa0da750cda2f6b9e4e-0050012026/related/CMO-Historical-Data-Monthly.xlsx
2019-07-01,2019,7,Coffee Robusta — World Bank,1.63,USD/kg,Global commodity benchmark,https://thedocs.worldbank.org/en/doc/74e8be41ceb20fa0da750cda2f6b9e4e-0050012026/related/CMO-Historical-Data-Monthly.xlsx
2019-08-01,2019,8,Coffee Robusta — World Bank,1.56,USD/kg,Global commodity benchmark,https://thedocs.worldbank.org/en/doc/74e8be41ceb20fa0da750cda2f6b9e4e-0050012026/related/CMO-Historical-Data-Monthly.xlsx
2019-09-01,2019,9,Coffee Robusta — World Bank,1.56,USD/kg,Global commodity benchmark,https://thedocs.worldbank.org/en/doc/74e8be41ceb20fa0da750cda2f6b9e4e-0050012026/related/CMO-Historical-Data-Monthly.xlsx
2019-10-01,2019,10,Coffee Robusta — World Bank,1.51,USD/kg,Global commodity benchmark,https://thedocs.worldbank.org/en/doc/74e8be41ceb20fa0da750cda2f6b9e4e-0050012026/related/CMO-Historical-Data-Monthly.xlsx
2019-11-01,2019,11,Coffee Robusta — World Bank,1.62,USD/kg,Global commodity benchmark,https://thedocs.worldbank.org/en/doc/74e8be41ceb20fa0da750cda2f6b9e4e-0050012026/related/CMO-Historical-Data-Monthly.xlsx
2019-12-01,2019,12,Coffee Robusta — World Bank,1.61,USD/kg,Global commodity benchmark,https://thedocs.worldbank.org/en/doc/74e8be41ceb20fa0da750cda2f6b9e4e-0050012026/related/CMO-Historical-Data-Monthly.xlsx
2020-01-01,2020,1,Coffee Robusta — World Bank,1.56,USD/kg,Global commodity benchmark,https://thedocs.worldbank.org/en/doc/74e8be41ceb20fa0da750cda2f6b9e4e-0050012026/related/CMO-Historical-Data-Monthly.xlsx
2020-02-01,2020,2,Coffee Robusta — World Bank,1.5,USD/kg,Global commodity benchmark,https://thedocs.worldbank.org/en/doc/74e8be41ceb20fa0da750cda2f6b9e4e-0050012026/related/CMO-Historical-Data-Monthly.xlsx
2020-03-01,2020,3,Coffee Robusta — World Bank,1.49,USD/kg,Global commodity benchmark,https://thedocs.worldbank.org/en/doc/74e8be41ceb20fa0da750cda2f6b9e4e-0050012026/related/CMO-Historical-Data-Monthly.xlsx
2020-04-01,2020,4,Coffee Robusta — World Bank,1.41,USD/kg,Global commodity benchmark,https://thedocs.worldbank.org/en/doc/74e8be41ceb20fa0da750cda2f6b9e4e-0050012026/related/CMO-Historical-Data-Monthly.xlsx
2020-05-01,2020,5,Coffee Robusta — World Bank,1.42,USD/kg,Global commodity benchmark,https://thedocs.worldbank.org/en/doc/74e8be41ceb20fa0da750cda2f6b9e4e-0050012026/related/CMO-Historical-Data-Monthly.xlsx
2020-06-01,2020,6,Coffee Robusta — World Bank,1.42,USD/kg,Global commodity benchmark,https://thedocs.worldbank.org/en/doc/74e8be41ceb20fa0da750cda2f6b9e4e-0050012026/related/CMO-Historical-Data-Monthly.xlsx
2020-07-01,2020,7,Coffee Robusta — World Bank,1.49,USD/kg,Global commodity benchmark,https://thedocs.worldbank.org/en/doc/74e8be41ceb20fa0da750cda2f6b9e4e-0050012026/related/CMO-Historical-Data-Monthly.xlsx
2020-08-01,2020,8,Coffee Robusta — World Bank,1.6,USD/kg,Global commodity benchmark,https://thedocs.worldbank.org/en/doc/74e8be41ceb20fa0da750cda2f6b9e4e-0050012026/related/CMO-Historical-Data-Monthly.xlsx
2020-09-01,2020,9,Coffee Robusta — World Bank,1.6,USD/kg,Global commodity benchmark,https://thedocs.worldbank.org/en/doc/74e8be41ceb20fa0da750cda2f6b9e4e-0050012026/related/CMO-Historical-Data-Monthly.xlsx
2020-10-01,2020,10,Coffee Robusta — World Bank,1.51,USD/kg,Global commodity benchmark,https://thedocs.worldbank.org/en/doc/74e8be41ceb20fa0da750cda2f6b9e4e-0050012026/related/CMO-Historical-Data-Monthly.xlsx
2020-11-01,2020,11,Coffee Robusta — World Bank,1.6,USD/kg,Global commodity benchmark,https://thedocs.worldbank.org/en/doc/74e8be41ceb20fa0da750cda2f6b9e4e-0050012026/related/CMO-Historical-Data-Monthly.xlsx
2020-12-01,2020,12,Coffee Robusta — World Bank,1.59,USD/kg,Global commodity benchmark,https://thedocs.worldbank.org/en/doc/74e8be41ceb20fa0da750cda2f6b9e4e-0050012026/related/CMO-Historical-Data-Monthly.xlsx
2021-01-01,2021,1,Coffee Robusta — World Bank,1.56,USD/kg,Global commodity benchmark,https://thedocs.worldbank.org/en/doc/74e8be41ceb20fa0da750cda2f6b9e4e-0050012026/related/CMO-Historical-Data-Monthly.xlsx
2021-02-01,2021,2,Coffee Robusta — World Bank,1.62,USD/kg,Global commodity benchmark,https://thedocs.worldbank.org/en/doc/74e8be41ceb20fa0da750cda2f6b9e4e-0050012026/related/CMO-Historical-Data-Monthly.xlsx
2021-03-01,2021,3,Coffee Robusta — World Bank,1.63,USD/kg,Global commodity benchmark,https://thedocs.worldbank.org/en/doc/74e8be41ceb20fa0da750cda2f6b9e4e-0050012026/related/CMO-Historical-Data-Monthly.xlsx
2021-04-01,2021,4,Coffee Robusta — World Bank,1.64,USD/kg,Global commodity benchmark,https://thedocs.worldbank.org/en/doc/74e8be41ceb20fa0da750cda2f6b9e4e-0050012026/related/CMO-Historical-Data-Monthly.xlsx
2021-05-01,2021,5,Coffee Robusta — World Bank,1.76,USD/kg,Global commodity benchmark,https://thedocs.worldbank.org/en/doc/74e8be41ceb20fa0da750cda2f6b9e4e-0050012026/related/CMO-Historical-Data-Monthly.xlsx
2021-06-01,2021,6,Coffee Robusta — World Bank,1.87,USD/kg,Global commodity benchmark,https://thedocs.worldbank.org/en/doc/74e8be41ceb20fa0da750cda2f6b9e4e-0050012026/related/CMO-Historical-Data-Monthly.xlsx
2021-07-01,2021,7,Coffee Robusta — World Bank,2.08,USD/kg,Global commodity benchmark,https://thedocs.worldbank.org/en/doc/74e8be41ceb20fa0da750cda2f6b9e4e-0050012026/related/CMO-Historical-Data-Monthly.xlsx
2021-08-01,2021,8,Coffee Robusta — World Bank,2.1,USD/kg,Global commodity benchmark,https://thedocs.worldbank.org/en/doc/74e8be41ceb20fa0da750cda2f6b9e4e-0050012026/related/CMO-Historical-Data-Monthly.xlsx
2021-09-01,2021,9,Coffee Robusta — World Bank,2.31,USD/kg,Global commodity benchmark,https://thedocs.worldbank.org/en/doc/74e8be41ceb20fa0da750cda2f6b9e4e-0050012026/related/CMO-Historical-Data-Monthly.xlsx
2021-10-01,2021,10,Coffee Robusta — World Bank,2.32,USD/kg,Global commodity benchmark,https://thedocs.worldbank.org/en/doc/74e8be41ceb20fa0da750cda2f6b9e4e-0050012026/related/CMO-Historical-Data-Monthly.xlsx
2021-11-01,2021,11,Coffee Robusta — World Bank,2.41,USD/kg,Global commodity benchmark,https://thedocs.worldbank.org/en/doc/74e8be41ceb20fa0da750cda2f6b9e4e-0050012026/related/CMO-Historical-Data-Monthly.xlsx
2021-12-01,2021,12,Coffee Robusta — World Bank,2.48,USD/kg,Global commodity benchmark,https://thedocs.worldbank.org/en/doc/74e8be41ceb20fa0da750cda2f6b9e4e-0050012026/related/CMO-Historical-Data-Monthly.xlsx
2022-01-01,2022,1,Coffee Robusta — World Bank,2.43,USD/kg,Global commodity benchmark,https://thedocs.worldbank.org/en/doc/74e8be41ceb20fa0da750cda2f6b9e4e-0050012026/related/CMO-Historical-Data-Monthly.xlsx
2022-02-01,2022,2,Coffee Robusta — World Bank,2.41,USD/kg,Global commodity benchmark,https://thedocs.worldbank.org/en/doc/74e8be41ceb20fa0da750cda2f6b9e4e-0050012026/related/CMO-Historical-Data-Monthly.xlsx
2022-03-01,2022,3,Coffee Robusta — World Bank,2.29,USD/kg,Global commodity benchmark,https://thedocs.worldbank.org/en/doc/74e8be41ceb20fa0da750cda2f6b9e4e-0050012026/related/CMO-Historical-Data-Monthly.xlsx
2022-04-01,2022,4,Coffee Robusta — World Bank,2.29,USD/kg,Global commodity benchmark,https://thedocs.worldbank.org/en/doc/74e8be41ceb20fa0da750cda2f6b9e4e-0050012026/related/CMO-Historical-Data-Monthly.xlsx
2022-05-01,2022,5,Coffee Robusta — World Bank,2.27,USD/kg,Global commodity benchmark,https://thedocs.worldbank.org/en/doc/74e8be41ceb20fa0da750cda2f6b9e4e-0050012026/related/CMO-Historical-Data-Monthly.xlsx
2022-06-01,2022,6,Coffee Robusta — World Bank,2.29,USD/kg,Global commodity benchmark,https://thedocs.worldbank.org/en/doc/74e8be41ceb20fa0da750cda2f6b9e4e-0050012026/related/CMO-Historical-Data-Monthly.xlsx
2022-07-01,2022,7,Coffee Robusta — World Bank,2.21,USD/kg,Global commodity benchmark,https://thedocs.worldbank.org/en/doc/74e8be41ceb20fa0da750cda2f6b9e4e-0050012026/related/CMO-Historical-Data-Monthly.xlsx
2022-08-01,2022,8,Coffee Robusta — World Bank,2.42,USD/kg,Global commodity benchmark,https://thedocs.worldbank.org/en/doc/74e8be41ceb20fa0da750cda2f6b9e4e-0050012026/related/CMO-Historical-Data-Monthly.xlsx
2022-09-01,2022,9,Coffee Robusta — World Bank,2.46,USD/kg,Global commodity benchmark,https://thedocs.worldbank.org/en/doc/74e8be41ceb20fa0da750cda2f6b9e4e-0050012026/related/CMO-Historical-Data-Monthly.xlsx
2022-10-01,2022,10,Coffee Robusta — World Bank,2.27,USD/kg,Global commodity benchmark,https://thedocs.worldbank.org/en/doc/74e8be41ceb20fa0da750cda2f6b9e4e-0050012026/related/CMO-Historical-Data-Monthly.xlsx
2022-11-01,2022,11,Coffee Robusta — World Bank,2.04,USD/kg,Global commodity benchmark,https://thedocs.worldbank.org/en/doc/74e8be41ceb20fa0da750cda2f6b9e4e-0050012026/related/CMO-Historical-Data-Monthly.xlsx
2022-12-01,2022,12,Coffee Robusta — World Bank,2.05,USD/kg,Global commodity benchmark,https://thedocs.worldbank.org/en/doc/74e8be41ceb20fa0da750cda2f6b9e4e-0050012026/related/CMO-Historical-Data-Monthly.xlsx
2023-01-01,2023,1,Coffee Robusta — World Bank,2.12,USD/kg,Global commodity benchmark,https://thedocs.worldbank.org/en/doc/74e8be41ceb20fa0da750cda2f6b9e4e-0050012026/related/CMO-Historical-Data-Monthly.xlsx
2023-02-01,2023,2,Coffee Robusta — World Bank,2.29,USD/kg,Global commodity benchmark,https://thedocs.worldbank.org/en/doc/74e8be41ceb20fa0da750cda2f6b9e4e-0050012026/related/CMO-Historical-Data-Monthly.xlsx
2023-03-01,2023,3,Coffee Robusta — World Bank,2.35,USD/kg,Global commodity benchmark,https://thedocs.worldbank.org/en/doc/74e8be41ceb20fa0da750cda2f6b9e4e-0050012026/related/CMO-Historical-Data-Monthly.xlsx
2023-04-01,2023,4,Coffee Robusta — World Bank,2.55,USD/kg,Global commodity benchmark,https://thedocs.worldbank.org/en/doc/74e8be41ceb20fa0da750cda2f6b9e4e-0050012026/related/CMO-Historical-Data-Monthly.xlsx
2023-05-01,2023,5,Coffee Robusta — World Bank,2.7,USD/kg,Global commodity benchmark,https://thedocs.worldbank.org/en/doc/74e8be41ceb20fa0da750cda2f6b9e4e-0050012026/related/CMO-Historical-Data-Monthly.xlsx
2023-06-01,2023,6,Coffee Robusta — World Bank,2.91,USD/kg,Global commodity benchmark,https://thedocs.worldbank.org/en/doc/74e8be41ceb20fa0da750cda2f6b9e4e-0050012026/related/CMO-Historical-Data-Monthly.xlsx
2023-07-01,2023,7,Coffee Robusta — World Bank,2.81,USD/kg,Global commodity benchmark,https://thedocs.worldbank.org/en/doc/74e8be41ceb20fa0da750cda2f6b9e4e-0050012026/related/CMO-Historical-Data-Monthly.xlsx
2023-08-01,2023,8,Coffee Robusta — World Bank,2.75,USD/kg,Global commodity benchmark,https://thedocs.worldbank.org/en/doc/74e8be41ceb20fa0da750cda2f6b9e4e-0050012026/related/CMO-Historical-Data-Monthly.xlsx
2023-09-01,2023,9,Coffee Robusta — World Bank,2.73,USD/kg,Global commodity benchmark,https://thedocs.worldbank.org/en/doc/74e8be41ceb20fa0da750cda2f6b9e4e-0050012026/related/CMO-Historical-Data-Monthly.xlsx
2023-10-01,2023,10,Coffee Robusta — World Bank,2.62,USD/kg,Global commodity benchmark,https://thedocs.worldbank.org/en/doc/74e8be41ceb20fa0da750cda2f6b9e4e-0050012026/related/CMO-Historical-Data-Monthly.xlsx
2023-11-01,2023,11,Coffee Robusta — World Bank,2.7,USD/kg,Global commodity benchmark,https://thedocs.worldbank.org/en/doc/74e8be41ceb20fa0da750cda2f6b9e4e-0050012026/related/CMO-Historical-Data-Monthly.xlsx
2023-12-01,2023,12,Coffee Robusta — World Bank,2.99,USD/kg,Global commodity benchmark,https://thedocs.worldbank.org/en/doc/74e8be41ceb20fa0da750cda2f6b9e4e-0050012026/related/CMO-Historical-Data-Monthly.xlsx
2024-01-01,2024,1,Coffee Robusta — World Bank,3.26,USD/kg,Global commodity benchmark,https://thedocs.worldbank.org/en/doc/74e8be41ceb20fa0da750cda2f6b9e4e-0050012026/related/CMO-Historical-Data-Monthly.xlsx
2024-02-01,2024,2,Coffee Robusta — World Bank,3.38,USD/kg,Global commodity benchmark,https://thedocs.worldbank.org/en/doc/74e8be41ceb20fa0da750cda2f6b9e4e-0050012026/related/CMO-Historical-Data-Monthly.xlsx
2024-03-01,2024,3,Coffee Robusta — World Bank,3.66,USD/kg,Global commodity benchmark,https://thedocs.worldbank.org/en/doc/74e8be41ceb20fa0da750cda2f6b9e4e-0050012026/related/CMO-Historical-Data-Monthly.xlsx
2024-04-01,2024,4,Coffee Robusta — World Bank,4.23,USD/kg,Global commodity benchmark,https://thedocs.worldbank.org/en/doc/74e8be41ceb20fa0da750cda2f6b9e4e-0050012026/related/CMO-Historical-Data-Monthly.xlsx
2024-05-01,2024,5,Coffee Robusta — World Bank,4.04,USD/kg,Global commodity benchmark,https://thedocs.worldbank.org/en/doc/74e8be41ceb20fa0da750cda2f6b9e4e-0050012026/related/CMO-Historical-Data-Monthly.xlsx
2024-06-01,2024,6,Coffee Robusta — World Bank,4.5,USD/kg,Global commodity benchmark,https://thedocs.worldbank.org/en/doc/74e8be41ceb20fa0da750cda2f6b9e4e-0050012026/related/CMO-Historical-Data-Monthly.xlsx
2024-07-01,2024,7,Coffee Robusta — World Bank,4.73,USD/kg,Global commodity benchmark,https://thedocs.worldbank.org/en/doc/74e8be41ceb20fa0da750cda2f6b9e4e-0050012026/related/CMO-Historical-Data-Monthly.xlsx
2024-08-01,2024,8,Coffee Robusta — World Bank,4.73,USD/kg,Global commodity benchmark,https://thedocs.worldbank.org/en/doc/74e8be41ceb20fa0da750cda2f6b9e4e-0050012026/related/CMO-Historical-Data-Monthly.xlsx
2024-09-01,2024,9,Coffee Robusta — World Bank,5.33,USD/kg,Global commodity benchmark,https://thedocs.worldbank.org/en/doc/74e8be41ceb20fa0da750cda2f6b9e4e-0050012026/related/CMO-Historical-Data-Monthly.xlsx
2024-10-01,2024,10,Coffee Robusta — World Bank,4.89,USD/kg,Global commodity benchmark,https://thedocs.worldbank.org/en/doc/74e8be41ceb20fa0da750cda2f6b9e4e-0050012026/related/CMO-Historical-Data-Monthly.xlsx
2024-11-01,2024,11,Coffee Robusta — World Bank,4.98,USD/kg,Global commodity benchmark,https://thedocs.worldbank.org/en/doc/74e8be41ceb20fa0da750cda2f6b9e4e-0050012026/related/CMO-Historical-Data-Monthly.xlsx
2024-12-01,2024,12,Coffee Robusta — World Bank,5.22,USD/kg,Global commodity benchmark,https://thedocs.worldbank.org/en/doc/74e8be41ceb20fa0da750cda2f6b9e4e-0050012026/related/CMO-Historical-Data-Monthly.xlsx
2025-01-01,2025,1,Coffee Robusta — World Bank,5.41,USD/kg,Global commodity benchmark,https://thedocs.worldbank.org/en/doc/74e8be41ceb20fa0da750cda2f6b9e4e-0050012026/related/CMO-Historical-Data-Monthly.xlsx
2025-02-01,2025,2,Coffee Robusta — World Bank,5.81,USD/kg,Global commodity benchmark,https://thedocs.worldbank.org/en/doc/74e8be41ceb20fa0da750cda2f6b9e4e-0050012026/related/CMO-Historical-Data-Monthly.xlsx
2025-03-01,2025,3,Coffee Robusta — World Bank,5.69,USD/kg,Global commodity benchmark,https://thedocs.worldbank.org/en/doc/74e8be41ceb20fa0da750cda2f6b9e4e-0050012026/related/CMO-Historical-Data-Monthly.xlsx
2025-04-01,2025,4,Coffee Robusta — World Bank,5.43,USD/kg,Global commodity benchmark,https://thedocs.worldbank.org/en/doc/74e8be41ceb20fa0da750cda2f6b9e4e-0050012026/related/CMO-Historical-Data-Monthly.xlsx
2025-05-01,2025,5,Coffee Robusta — World Bank,5.24,USD/kg,Global commodity benchmark,https://thedocs.worldbank.org/en/doc/74e8be41ceb20fa0da750cda2f6b9e4e-0050012026/related/CMO-Historical-Data-Monthly.xlsx
2025-06-01,2025,6,Coffee Robusta — World Bank,4.33,USD/kg,Global commodity benchmark,https://thedocs.worldbank.org/en/doc/74e8be41ceb20fa0da750cda2f6b9e4e-0050012026/related/CMO-Historical-Data-Monthly.xlsx
2025-07-01,2025,7,Coffee Robusta — World Bank,3.69,USD/kg,Global commodity benchmark,https://thedocs.worldbank.org/en/doc/74e8be41ceb20fa0da750cda2f6b9e4e-0050012026/related/CMO-Historical-Data-Monthly.xlsx
2025-08-01,2025,8,Coffee Robusta — World Bank,4.39,USD/kg,Global commodity benchmark,https://thedocs.worldbank.org/en/doc/74e8be41ceb20fa0da750cda2f6b9e4e-0050012026/related/CMO-Historical-Data-Monthly.xlsx
2025-09-01,2025,9,Coffee Robusta — World Bank,4.66,USD/kg,Global commodity benchmark,https://thedocs.worldbank.org/en/doc/74e8be41ceb20fa0da750cda2f6b9e4e-0050012026/related/CMO-Historical-Data-Monthly.xlsx
2025-10-01,2025,10,Coffee Robusta — World Bank,4.74,USD/kg,Global commodity benchmark,https://thedocs.worldbank.org/en/doc/74e8be41ceb20fa0da750cda2f6b9e4e-0050012026/related/CMO-Historical-Data-Monthly.xlsx
2025-11-01,2025,11,Coffee Robusta — World Bank,4.74,USD/kg,Global commodity benchmark,https://thedocs.worldbank.org/en/doc/74e8be41ceb20fa0da750cda2f6b9e4e-0050012026/related/CMO-Historical-Data-Monthly.xlsx
2025-12-01,2025,12,Coffee Robusta — World Bank,4.2,USD/kg,Global commodity benchmark,https://thedocs.worldbank.org/en/doc/74e8be41ceb20fa0da750cda2f6b9e4e-0050012026/related/CMO-Historical-Data-Monthly.xlsx
2026-01-01,2026,1,Coffee Robusta — World Bank,4.24,USD/kg,Global commodity benchmark,https://thedocs.worldbank.org/en/doc/74e8be41ceb20fa0da750cda2f6b9e4e-0050012026/related/CMO-Historical-Data-Monthly.xlsx
2026-02-01,2026,2,Coffee Robusta — World Bank,3.96,USD/kg,Global commodity benchmark,https://thedocs.worldbank.org/en/doc/74e8be41ceb20fa0da750cda2f6b9e4e-0050012026/related/CMO-Historical-Data-Monthly.xlsx
2026-03-01,2026,3,Coffee Robusta — World Bank,3.9,USD/kg,Global commodity benchmark,https://thedocs.worldbank.org/en/doc/74e8be41ceb20fa0da750cda2f6b9e4e-0050012026/related/CMO-Historical-Data-Monthly.xlsx
2026-04-01,2026,4,Coffee Robusta — World Bank,3.63,USD/kg,Global commodity benchmark,https://thedocs.worldbank.org/en/doc/74e8be41ceb20fa0da750cda2f6b9e4e-0050012026/related/CMO-Historical-Data-Monthly.xlsx
2026-05-01,2026,5,Coffee Robusta — World Bank,3.67,USD/kg,Global commodity benchmark,https://thedocs.worldbank.org/en/doc/74e8be41ceb20fa0da750cda2f6b9e4e-0050012026/related/CMO-Historical-Data-Monthly.xlsx
2026-06-01,2026,6,Coffee Robusta — World Bank,3.73,USD/kg,Global commodity benchmark,https://thedocs.worldbank.org/en/doc/74e8be41ceb20fa0da750cda2f6b9e4e-0050012026/related/CMO-Historical-Data-Monthly.xlsx
2026-07-01,2026,7,Coffee Robusta — World Bank,4.07,USD/kg,Global commodity benchmark,https://thedocs.worldbank.org/en/doc/74e8be41ceb20fa0da750cda2f6b9e4e-0050012026/related/CMO-Historical-Data-Monthly.xlsx
2026-08-01,2026,8,Coffee Robusta — World Bank,3.98,USD/kg,Global commodity benchmark,https://thedocs.worldbank.org/en/doc/74e8be41ceb20fa0da750cda2f6b9e4e-0050012026/related/CMO-Historical-Data-Monthly.xlsx
