event_id,event_name,event_type,country,year,program,process_group,rank,score,farm,producer,process,variety,region,source_url,swap_process_variety,process_label_status,process_family,base_process,innovation_class,experimental_method,process_classification_source,rank_key,entry_rank,farm_key,producer_key,entry_key,experimental_technology,first_observed_year_country,last_observed_year_country,left_censored_at_baseline,appearance_after_baseline,observed_again_later,first_observed_experimental_entry,reproduced_experimental_entry
56f3d93e6d53724a,2018,COE Natural,Brazil,2018,COE,NA,1a,93.26,Fazenda Paraíso,Maria do Carmo Andrade – Andrade Bros,Natural,Catuaí Vermelho,Cerrado Mineiro,https://allianceforcoffeeexcellence.org/brazil-naturals-2018/,FALSE,reported,Natural,Natural,Conventional,NA,reported process,1A,1,fazenda paraiso,maria do carmo andrade andrade bros,56f3d93e6d53724a|COE|NA|1,NA,NA,NA,NA,NA,NA,FALSE,FALSE
d1543b65c7f3dffe,2018,COE Pulped Natural,Brazil,2018,COE,NA,1a,93.89,Fazenda Primavera,Primavera Agronegócios LTDA,Pulped Natural,Gesha,Chapada de Minas,https://allianceforcoffeeexcellence.org/brazil-pulped-naturals-2018/,FALSE,reported,Honey / pulped natural,Honey / pulped natural,Conventional,NA,reported process,1A,1,fazenda primavera,primavera agronegocios ltda,d1543b65c7f3dffe|COE|NA|1,NA,NA,NA,NA,NA,NA,FALSE,FALSE
56f3d93e6d53724a,2018,COE Natural,Brazil,2018,COE,NA,10,89.41,Nossa Senhora Aparecida,Roney Dias Villela,Natural,Bourbon Amarelo,Mantiqueira de Minas,https://allianceforcoffeeexcellence.org/brazil-naturals-2018/,FALSE,reported,Natural,Natural,Conventional,NA,reported process,10,10,nossa senhora aparecida,roney dias villela,56f3d93e6d53724a|COE|NA|10,NA,NA,NA,NA,NA,NA,FALSE,FALSE
d1543b65c7f3dffe,2018,COE Pulped Natural,Brazil,2018,COE,NA,10,88.14,Sítio Cruz,Ismael Oliveira Cruz,Pulped Natural,Catuaí 144,Chapada Diamantina,https://allianceforcoffeeexcellence.org/brazil-pulped-naturals-2018/,FALSE,reported,Honey / pulped natural,Honey / pulped natural,Conventional,NA,reported process,10,10,sitio cruz,ismael oliveira cruz,d1543b65c7f3dffe|COE|NA|10,NA,NA,NA,NA,NA,NA,FALSE,FALSE
56f3d93e6d53724a,2018,COE Natural,Brazil,2018,COE,NA,11,89.38,Sitio Nossa Senhora Aparecida,Marlise Pereira Junqueira,Natural,Bourbon Amarelo,Mantiqueira de Minas,https://allianceforcoffeeexcellence.org/brazil-naturals-2018/,FALSE,reported,Natural,Natural,Conventional,NA,reported process,11,11,sitio nossa senhora aparecida,marlise pereira junqueira,56f3d93e6d53724a|COE|NA|11,NA,NA,NA,NA,NA,NA,FALSE,FALSE
d1543b65c7f3dffe,2018,COE Pulped Natural,Brazil,2018,COE,NA,11,88.14,Fazenda Ouro Verde,Cândido Vladimir Ladeia Rosa,Pulped Natural,Catuaí 144,Chapada Diamantina,https://allianceforcoffeeexcellence.org/brazil-pulped-naturals-2018/,FALSE,reported,Honey / pulped natural,Honey / pulped natural,Conventional,NA,reported process,11,11,fazenda ouro verde,candido vladimir ladeia rosa,d1543b65c7f3dffe|COE|NA|11,NA,NA,NA,NA,NA,NA,FALSE,FALSE
56f3d93e6d53724a,2018,COE Natural,Brazil,2018,COE,NA,12,89.26,Fazenda Espigão do Palmital,Edu Leandro Melo,Natural,CatiguáMG2,Cerrado Mineiro,https://allianceforcoffeeexcellence.org/brazil-naturals-2018/,FALSE,reported,Natural,Natural,Conventional,NA,reported process,12,12,fazenda espigao do palmital,edu leandro melo,56f3d93e6d53724a|COE|NA|12,NA,NA,NA,NA,NA,NA,FALSE,FALSE
d1543b65c7f3dffe,2018,COE Pulped Natural,Brazil,2018,COE,NA,12,88.03,Fazenda Santa Bárbara,Eulino José Novais,Pulped Natural,Catuaí 144,Chapada Diamantina,https://allianceforcoffeeexcellence.org/brazil-pulped-naturals-2018/,FALSE,reported,Honey / pulped natural,Honey / pulped natural,Conventional,NA,reported process,12,12,fazenda santa barbara,eulino jose novais,d1543b65c7f3dffe|COE|NA|12,NA,NA,NA,NA,NA,NA,FALSE,FALSE
56f3d93e6d53724a,2018,COE Natural,Brazil,2018,COE,NA,13,89.26,Fazenda Santa Rita – Central Mattos,Filomena Estefânia de Mattos Couto,Natural,Topázio Amarelo,Cerrado Mineiro,https://allianceforcoffeeexcellence.org/brazil-naturals-2018/,FALSE,reported,Natural,Natural,Conventional,NA,reported process,13,13,fazenda santa rita central mattos,filomena estefania de mattos couto,56f3d93e6d53724a|COE|NA|13,NA,NA,NA,NA,NA,NA,FALSE,FALSE
d1543b65c7f3dffe,2018,COE Pulped Natural,Brazil,2018,COE,NA,13,88.03,Sítio Grota São Pedro,Cláudio Carneiro Pinto,Pulped Natural,Bourbon Amarelo,Mantiqueira de Minas,https://allianceforcoffeeexcellence.org/brazil-pulped-naturals-2018/,FALSE,reported,Honey / pulped natural,Honey / pulped natural,Conventional,NA,reported process,13,13,sitio grota sao pedro,claudio carneiro pinto,d1543b65c7f3dffe|COE|NA|13,NA,NA,NA,NA,NA,NA,FALSE,FALSE
56f3d93e6d53724a,2018,COE Natural,Brazil,2018,COE,NA,14,89.03,Sitio Grota Fria,Ademilson Noiman Borges,Natural,Mundo Novo,Mantiqueira de Minas,https://allianceforcoffeeexcellence.org/brazil-naturals-2018/,FALSE,reported,Natural,Natural,Conventional,NA,reported process,14,14,sitio grota fria,ademilson noiman borges,56f3d93e6d53724a|COE|NA|14,NA,NA,NA,NA,NA,NA,FALSE,FALSE
d1543b65c7f3dffe,2018,COE Pulped Natural,Brazil,2018,COE,NA,14,87.97,Fazenda Volta da Serra,Agnaldo Martins Assunção,Pulped Natural,Catuaí,Chapada Diamantina,https://allianceforcoffeeexcellence.org/brazil-pulped-naturals-2018/,FALSE,reported,Honey / pulped natural,Honey / pulped natural,Conventional,NA,reported process,14,14,fazenda volta da serra,agnaldo martins assuncao,d1543b65c7f3dffe|COE|NA|14,NA,NA,NA,NA,NA,NA,FALSE,FALSE
56f3d93e6d53724a,2018,COE Natural,Brazil,2018,COE,NA,15,88.91,Fazenda Alto da Serra,Valdeci Domingos Nascimento,Natural,Catuaí Amarelo,Sul de Minas,https://allianceforcoffeeexcellence.org/brazil-naturals-2018/,FALSE,reported,Natural,Natural,Conventional,NA,reported process,15,15,fazenda alto da serra,valdeci domingos nascimento,56f3d93e6d53724a|COE|NA|15,NA,NA,NA,NA,NA,NA,FALSE,FALSE
d1543b65c7f3dffe,2018,COE Pulped Natural,Brazil,2018,COE,NA,15,87.97,Fazenda Rio Verde,Ipanema Agrícola S/A,Pulped Natural,Catuaí Amarelo,Mantiqueira de Minas,https://allianceforcoffeeexcellence.org/brazil-pulped-naturals-2018/,FALSE,reported,Honey / pulped natural,Honey / pulped natural,Conventional,NA,reported process,15,15,fazenda rio verde,ipanema agricola s a,d1543b65c7f3dffe|COE|NA|15,NA,NA,NA,NA,NA,NA,FALSE,FALSE
56f3d93e6d53724a,2018,COE Natural,Brazil,2018,COE,NA,16,88.85,Fazenda Pedra Preta,Antônio Fortes Bustamante,Natural,Bourbon Amarelo,Mantiqueira de Minas,https://allianceforcoffeeexcellence.org/brazil-naturals-2018/,FALSE,reported,Natural,Natural,Conventional,NA,reported process,16,16,fazenda pedra preta,antonio fortes bustamante,56f3d93e6d53724a|COE|NA|16,NA,NA,NA,NA,NA,NA,FALSE,FALSE
d1543b65c7f3dffe,2018,COE Pulped Natural,Brazil,2018,COE,NA,16,87.94,Fazenda Boa Vista,Lívio César Carvalho Ferraz,Pulped Natural,Acaiá,Mantiqueira de Minas,https://allianceforcoffeeexcellence.org/brazil-pulped-naturals-2018/,FALSE,reported,Honey / pulped natural,Honey / pulped natural,Conventional,NA,reported process,16,16,fazenda boa vista,livio cesar carvalho ferraz,d1543b65c7f3dffe|COE|NA|16,NA,NA,NA,NA,NA,NA,FALSE,FALSE
56f3d93e6d53724a,2018,COE Natural,Brazil,2018,COE,NA,17,88.79,Fazenda Barinas,Marcio Borges Castro Alves,Natural,Bourbon Amarelo,Cerrado Mineiro,https://allianceforcoffeeexcellence.org/brazil-naturals-2018/,FALSE,reported,Natural,Natural,Conventional,NA,reported process,17,17,fazenda barinas,marcio borges castro alves,56f3d93e6d53724a|COE|NA|17,NA,NA,NA,NA,NA,NA,FALSE,FALSE
d1543b65c7f3dffe,2018,COE Pulped Natural,Brazil,2018,COE,NA,17,87.72,Fazenda Vista Alegre,Miguel Ângelo Macedo Xavier,Pulped Natural,Catuaí,Chapada Diamantina,https://allianceforcoffeeexcellence.org/brazil-pulped-naturals-2018/,FALSE,reported,Honey / pulped natural,Honey / pulped natural,Conventional,NA,reported process,17,17,fazenda vista alegre,miguel angelo macedo xavier,d1543b65c7f3dffe|COE|NA|17,NA,NA,NA,NA,NA,NA,FALSE,FALSE
56f3d93e6d53724a,2018,COE Natural,Brazil,2018,COE,NA,18,88.65,Fazenda Cachoeira da Grama,Gabriel de Carvalho Dias,Natural,Bourbon,Média Mogiana,https://allianceforcoffeeexcellence.org/brazil-naturals-2018/,FALSE,reported,Natural,Natural,Conventional,NA,reported process,18,18,fazenda cachoeira da grama,gabriel de carvalho dias,56f3d93e6d53724a|COE|NA|18,NA,NA,NA,NA,NA,NA,FALSE,FALSE
d1543b65c7f3dffe,2018,COE Pulped Natural,Brazil,2018,COE,NA,18,87.39,Fazenda Passagem Pedra,Alencar Julião Dias Filho,Pulped Natural,Catuaí,Chapada Diamantina,https://allianceforcoffeeexcellence.org/brazil-pulped-naturals-2018/,FALSE,reported,Honey / pulped natural,Honey / pulped natural,Conventional,NA,reported process,18,18,fazenda passagem pedra,alencar juliao dias filho,d1543b65c7f3dffe|COE|NA|18,NA,NA,NA,NA,NA,NA,FALSE,FALSE
56f3d93e6d53724a,2018,COE Natural,Brazil,2018,COE,NA,19,88.35,Sitio do Bone,Vanderlei Paulo Martins,Natural,catuaí,Matas de Minas,https://allianceforcoffeeexcellence.org/brazil-naturals-2018/,FALSE,reported,Natural,Natural,Conventional,NA,reported process,19,19,sitio do bone,vanderlei paulo martins,56f3d93e6d53724a|COE|NA|19,NA,NA,NA,NA,NA,NA,FALSE,FALSE
d1543b65c7f3dffe,2018,COE Pulped Natural,Brazil,2018,COE,NA,19,87.25,Chácara Vista Alegre,José Renato Rodrigues Alves,Pulped Natural,Catuaí 144,Chapada Diamantina,https://allianceforcoffeeexcellence.org/brazil-pulped-naturals-2018/,FALSE,reported,Honey / pulped natural,Honey / pulped natural,Conventional,NA,reported process,19,19,chacara vista alegre,jose renato rodrigues alves,d1543b65c7f3dffe|COE|NA|19,NA,NA,NA,NA,NA,NA,FALSE,FALSE
56f3d93e6d53724a,2018,COE Natural,Brazil,2018,COE,NA,2a,92.06,Fazenda São Pedro,Robson Vilela Martins,Natural,Catucaí Amarelo,Mantiqueira de Minas,https://allianceforcoffeeexcellence.org/brazil-naturals-2018/,FALSE,reported,Natural,Natural,Conventional,NA,reported process,2A,2,fazenda sao pedro,robson vilela martins,56f3d93e6d53724a|COE|NA|2,NA,NA,NA,NA,NA,NA,FALSE,FALSE
d1543b65c7f3dffe,2018,COE Pulped Natural,Brazil,2018,COE,NA,2a,91.36,Sitio Fortaleza,Reinaldo Garcia dos Santos,Pulped Natural,Catucaí 785/15,Matas de Minas,https://allianceforcoffeeexcellence.org/brazil-pulped-naturals-2018/,FALSE,reported,Honey / pulped natural,Honey / pulped natural,Conventional,NA,reported process,2A,2,sitio fortaleza,reinaldo garcia dos santos,d1543b65c7f3dffe|COE|NA|2,NA,NA,NA,NA,NA,NA,FALSE,FALSE
56f3d93e6d53724a,2018,COE Natural,Brazil,2018,COE,NA,20,88.32,Sítio Mandioca,Ronaldo Reis Madeira,Natural,Catuaí Vermelho,Sul de Minas,https://allianceforcoffeeexcellence.org/brazil-naturals-2018/,FALSE,reported,Natural,Natural,Conventional,NA,reported process,20,20,sitio mandioca,ronaldo reis madeira,56f3d93e6d53724a|COE|NA|20,NA,NA,NA,NA,NA,NA,FALSE,FALSE
d1543b65c7f3dffe,2018,COE Pulped Natural,Brazil,2018,COE,NA,20,87.19,Sítio Sumidouro,Euclides Antônio de Novais,Pulped Natural,Catuaí 144,Chapada Diamantina,https://allianceforcoffeeexcellence.org/brazil-pulped-naturals-2018/,FALSE,reported,Honey / pulped natural,Honey / pulped natural,Conventional,NA,reported process,20,20,sitio sumidouro,euclides antonio de novais,d1543b65c7f3dffe|COE|NA|20,NA,NA,NA,NA,NA,NA,FALSE,FALSE
56f3d93e6d53724a,2018,COE Natural,Brazil,2018,COE,NA,21,88.21,Fazenda Claudio,Vitor Marcelo Queiroz Barbosa,Natural,Catuai Amarelo 62,Cerrado Mineiro,https://allianceforcoffeeexcellence.org/brazil-naturals-2018/,FALSE,reported,Natural,Natural,Conventional,NA,reported process,21,21,fazenda claudio,vitor marcelo queiroz barbosa,56f3d93e6d53724a|COE|NA|21,NA,NA,NA,NA,NA,NA,FALSE,FALSE
d1543b65c7f3dffe,2018,COE Pulped Natural,Brazil,2018,COE,NA,21,87,Sitio Cafundó,Giliarde Torres de Oliveira,Pulped Natural,Catuaí 144,Chapada Diamantina,https://allianceforcoffeeexcellence.org/brazil-pulped-naturals-2018/,FALSE,reported,Honey / pulped natural,Honey / pulped natural,Conventional,NA,reported process,21,21,sitio cafundo,giliarde torres de oliveira,d1543b65c7f3dffe|COE|NA|21,NA,NA,NA,NA,NA,NA,FALSE,FALSE
56f3d93e6d53724a,2018,COE Natural,Brazil,2018,COE,NA,22,88.15,Fazenda Vitória,Lissa Fukuda Marra,Natural,Maragogipe,Cerrado Mineiro,https://allianceforcoffeeexcellence.org/brazil-naturals-2018/,FALSE,reported,Natural,Natural,Conventional,NA,reported process,22,22,fazenda vitoria,lissa fukuda marra,56f3d93e6d53724a|COE|NA|22,NA,NA,NA,NA,NA,NA,FALSE,FALSE
d1543b65c7f3dffe,2018,COE Pulped Natural,Brazil,2018,COE,NA,22,87,Sítio Caminho da Serra,Paulo Henrique Miranda,Pulped Natural,Catuai 44,Matas de Minas,https://allianceforcoffeeexcellence.org/brazil-pulped-naturals-2018/,FALSE,reported,Honey / pulped natural,Honey / pulped natural,Conventional,NA,reported process,22,22,sitio caminho da serra,paulo henrique miranda,d1543b65c7f3dffe|COE|NA|22,NA,NA,NA,NA,NA,NA,FALSE,FALSE
56f3d93e6d53724a,2018,COE Natural,Brazil,2018,COE,NA,23,88.09,Chácara Capãozinho,Glayco Barbosa,Natural,Catuaí 144,Chapada Diamantina,https://allianceforcoffeeexcellence.org/brazil-naturals-2018/,FALSE,reported,Natural,Natural,Conventional,NA,reported process,23,23,chacara capaozinho,glayco barbosa,56f3d93e6d53724a|COE|NA|23,NA,NA,NA,NA,NA,NA,FALSE,FALSE
d1543b65c7f3dffe,2018,COE Pulped Natural,Brazil,2018,COE,NA,23,87,Fazenda Paraíso,Antônio Fortes Bustamante,Pulped Natural,Bourbon Amarelo,Mantiqueira de Minas,https://allianceforcoffeeexcellence.org/brazil-pulped-naturals-2018/,FALSE,reported,Honey / pulped natural,Honey / pulped natural,Conventional,NA,reported process,23,23,fazenda paraiso,antonio fortes bustamante,d1543b65c7f3dffe|COE|NA|23,NA,NA,NA,NA,NA,NA,FALSE,FALSE
56f3d93e6d53724a,2018,COE Natural,Brazil,2018,COE,NA,24,87.91,Sitio Santo Antonio,Vicente Vanildo Do Nascimento,Natural,Catucaí Amarelo,Mantiqueira de Minas,https://allianceforcoffeeexcellence.org/brazil-naturals-2018/,FALSE,reported,Natural,Natural,Conventional,NA,reported process,24,24,sitio santo antonio,vicente vanildo do nascimento,56f3d93e6d53724a|COE|NA|24,NA,NA,NA,NA,NA,NA,FALSE,FALSE
d1543b65c7f3dffe,2018,COE Pulped Natural,Brazil,2018,COE,NA,24,86.92,Fazenda Caracol,Cristina Dias Sampaio Gerolimich,Pulped Natural,Catuaí,Matas de Minas,https://allianceforcoffeeexcellence.org/brazil-pulped-naturals-2018/,FALSE,reported,Honey / pulped natural,Honey / pulped natural,Conventional,NA,reported process,24,24,fazenda caracol,cristina dias sampaio gerolimich,d1543b65c7f3dffe|COE|NA|24,NA,NA,NA,NA,NA,NA,FALSE,FALSE
56f3d93e6d53724a,2018,COE Natural,Brazil,2018,COE,NA,25,87.88,Fazenda Sertãozinho,Fazenda Sertãozinho LTDA.,Natural,Arara,Sul de Minas,https://allianceforcoffeeexcellence.org/brazil-naturals-2018/,FALSE,reported,Natural,Natural,Conventional,NA,reported process,25,25,fazenda sertaozinho,fazenda sertaozinho ltda,56f3d93e6d53724a|COE|NA|25,NA,NA,NA,NA,NA,NA,FALSE,FALSE
d1543b65c7f3dffe,2018,COE Pulped Natural,Brazil,2018,COE,NA,25,86.89,Fazenda Boa Vista,Flávio Roberto Carvalho Ferraz,Pulped Natural,Catuaí Amarelo,Mantiqueira de Minas,https://allianceforcoffeeexcellence.org/brazil-pulped-naturals-2018/,FALSE,reported,Honey / pulped natural,Honey / pulped natural,Conventional,NA,reported process,25,25,fazenda boa vista,flavio roberto carvalho ferraz,d1543b65c7f3dffe|COE|NA|25,NA,NA,NA,NA,NA,NA,FALSE,FALSE
56f3d93e6d53724a,2018,COE Natural,Brazil,2018,COE,NA,26,87.79,Sitio Alto da Serra,Domiciano Paulo Gonçalves,Natural,Catuaí Vermelho,Mantiqueira de Minas,https://allianceforcoffeeexcellence.org/brazil-naturals-2018/,FALSE,reported,Natural,Natural,Conventional,NA,reported process,26,26,sitio alto da serra,domiciano paulo goncalves,56f3d93e6d53724a|COE|NA|26,NA,NA,NA,NA,NA,NA,FALSE,FALSE
d1543b65c7f3dffe,2018,COE Pulped Natural,Brazil,2018,COE,NA,26,86.83,Chácara União,João Florentino Barbosa,Pulped Natural,Catuaí 144,Chapada Diamantina,https://allianceforcoffeeexcellence.org/brazil-pulped-naturals-2018/,FALSE,reported,Honey / pulped natural,Honey / pulped natural,Conventional,NA,reported process,26,26,chacara uniao,joao florentino barbosa,d1543b65c7f3dffe|COE|NA|26,NA,NA,NA,NA,NA,NA,FALSE,FALSE
56f3d93e6d53724a,2018,COE Natural,Brazil,2018,COE,NA,27,87.79,Sitio Córrego dos Machados,Antonio Marcio Lopes,Natural,Catuai 44,Matas de Minas,https://allianceforcoffeeexcellence.org/brazil-naturals-2018/,FALSE,reported,Natural,Natural,Conventional,NA,reported process,27,27,sitio corrego dos machados,antonio marcio lopes,56f3d93e6d53724a|COE|NA|27,NA,NA,NA,NA,NA,NA,FALSE,FALSE
d1543b65c7f3dffe,2018,COE Pulped Natural,Brazil,2018,COE,NA,27,86.75,Sitio São Sebastião,Merce Jordan Araújo Silva,Pulped Natural,Catuaí Vermelho,Chapada Diamantina,https://allianceforcoffeeexcellence.org/brazil-pulped-naturals-2018/,FALSE,reported,Honey / pulped natural,Honey / pulped natural,Conventional,NA,reported process,27,27,sitio sao sebastiao,merce jordan araujo silva,d1543b65c7f3dffe|COE|NA|27,NA,NA,NA,NA,NA,NA,FALSE,FALSE
56f3d93e6d53724a,2018,COE Natural,Brazil,2018,COE,NA,28,87.76,Sítio São Francisco,Adriana De Barros Rodrigues,Natural,Bourbon Amarelo,Mantiqueira de Minas,https://allianceforcoffeeexcellence.org/brazil-naturals-2018/,FALSE,reported,Natural,Natural,Conventional,NA,reported process,28,28,sitio sao francisco,adriana de barros rodrigues,56f3d93e6d53724a|COE|NA|28,NA,NA,NA,NA,NA,NA,FALSE,FALSE
d1543b65c7f3dffe,2018,COE Pulped Natural,Brazil,2018,COE,NA,28,86.58,Fazenda Laranjal,Fazenda Sertãozinho LTDA.,Pulped Natural,Arara,Sul de Minas,https://allianceforcoffeeexcellence.org/brazil-pulped-naturals-2018/,FALSE,reported,Honey / pulped natural,Honey / pulped natural,Conventional,NA,reported process,28,28,fazenda laranjal,fazenda sertaozinho ltda,d1543b65c7f3dffe|COE|NA|28,NA,NA,NA,NA,NA,NA,FALSE,FALSE
56f3d93e6d53724a,2018,COE Natural,Brazil,2018,COE,NA,29,87.59,Fazenda Nossa Senhora Aparecida,Edmo Junqueira Villela,Natural,Bourbon Amarelo,Mantiqueira de Minas,https://allianceforcoffeeexcellence.org/brazil-naturals-2018/,FALSE,reported,Natural,Natural,Conventional,NA,reported process,29,29,fazenda nossa senhora aparecida,edmo junqueira villela,56f3d93e6d53724a|COE|NA|29,NA,NA,NA,NA,NA,NA,FALSE,FALSE
d1543b65c7f3dffe,2018,COE Pulped Natural,Brazil,2018,COE,NA,29,86.47,Sitio Santana 2,Alex Sandro Silva Santana,Pulped Natural,Catuaí 144,Chapada Diamantina,https://allianceforcoffeeexcellence.org/brazil-pulped-naturals-2018/,FALSE,reported,Honey / pulped natural,Honey / pulped natural,Conventional,NA,reported process,29,29,sitio santana 2,alex sandro silva santana,d1543b65c7f3dffe|COE|NA|29,NA,NA,NA,NA,NA,NA,FALSE,FALSE
56f3d93e6d53724a,2018,COE Natural,Brazil,2018,COE,NA,3a,91.91,Chácara São Severino,Salvador da Paixão Mesquita,Natural,Catuaí 144,Chapada Diamantina,https://allianceforcoffeeexcellence.org/brazil-naturals-2018/,FALSE,reported,Natural,Natural,Conventional,NA,reported process,3A,3,chacara sao severino,salvador da paixao mesquita,56f3d93e6d53724a|COE|NA|3,NA,NA,NA,NA,NA,NA,FALSE,FALSE
d1543b65c7f3dffe,2018,COE Pulped Natural,Brazil,2018,COE,NA,3a,90.89,Fazenda Santo André,Dimap S.A.,Pulped Natural,Catiguá,Cerrado Mineiro,https://allianceforcoffeeexcellence.org/brazil-pulped-naturals-2018/,FALSE,reported,Honey / pulped natural,Honey / pulped natural,Conventional,NA,reported process,3A,3,fazenda santo andre,dimap s a,d1543b65c7f3dffe|COE|NA|3,NA,NA,NA,NA,NA,NA,FALSE,FALSE
56f3d93e6d53724a,2018,COE Natural,Brazil,2018,COE,NA,30,87.59,Sítio Córrego Grande,Sérgio dos Reis Oliveira,Natural,Catucaí Amarelo,Sul de Minas,https://allianceforcoffeeexcellence.org/brazil-naturals-2018/,FALSE,reported,Natural,Natural,Conventional,NA,reported process,30,30,sitio corrego grande,sergio dos reis oliveira,56f3d93e6d53724a|COE|NA|30,NA,NA,NA,NA,NA,NA,FALSE,FALSE
d1543b65c7f3dffe,2018,COE Pulped Natural,Brazil,2018,COE,NA,30,86.25,Sítio Três Barras,Vicente Jacinto de Moura,Pulped Natural,catucai vermelho 785/15,Matas de Minas,https://allianceforcoffeeexcellence.org/brazil-pulped-naturals-2018/,FALSE,reported,Honey / pulped natural,Honey / pulped natural,Conventional,NA,reported process,30,30,sitio tres barras,vicente jacinto de moura,d1543b65c7f3dffe|COE|NA|30,NA,NA,NA,NA,NA,NA,FALSE,FALSE
56f3d93e6d53724a,2018,COE Natural,Brazil,2018,COE,NA,31,87.56,Sítio Santa Terezinha,Edson Rosa Garcia,Natural,Catucaí Amarelo,Mantiqueira de Minas,https://allianceforcoffeeexcellence.org/brazil-naturals-2018/,FALSE,reported,Natural,Natural,Conventional,NA,reported process,31,31,sitio santa terezinha,edson rosa garcia,56f3d93e6d53724a|COE|NA|31,NA,NA,NA,NA,NA,NA,FALSE,FALSE
56f3d93e6d53724a,2018,COE Natural,Brazil,2018,COE,NA,32,87.53,Fazenda Do Sertão,Nazareth Dias Pereira E Outros,Natural,Bourbon amarelo,Mantiqueira de Minas,https://allianceforcoffeeexcellence.org/brazil-naturals-2018/,FALSE,reported,Natural,Natural,Conventional,NA,reported process,32,32,fazenda do sertao,nazareth dias pereira e outros,56f3d93e6d53724a|COE|NA|32,NA,NA,NA,NA,NA,NA,FALSE,FALSE
56f3d93e6d53724a,2018,COE Natural,Brazil,2018,COE,NA,33,87.41,Fazenda São Bento,Rodrigo de Castro Andrade – Andrade Bros,Natural,Catuaí Vermelho,Cerrado Mineiro,https://allianceforcoffeeexcellence.org/brazil-naturals-2018/,FALSE,reported,Natural,Natural,Conventional,NA,reported process,33,33,fazenda sao bento,rodrigo de castro andrade andrade bros,56f3d93e6d53724a|COE|NA|33,NA,NA,NA,NA,NA,NA,FALSE,FALSE
56f3d93e6d53724a,2018,COE Natural,Brazil,2018,COE,NA,34,87.41,Fazenda Esperança,Bruno Oliveira Sidney de Souza,Natural,Icatu Amarelo,Cerrado Mineiro,https://allianceforcoffeeexcellence.org/brazil-naturals-2018/,FALSE,reported,Natural,Natural,Conventional,NA,reported process,34,34,fazenda esperanca,bruno oliveira sidney de souza,56f3d93e6d53724a|COE|NA|34,NA,NA,NA,NA,NA,NA,FALSE,FALSE
56f3d93e6d53724a,2018,COE Natural,Brazil,2018,COE,NA,35,87.21,Serra Do Triunfo,Wagner Teodoro Da Silva,Natural,Catuaí Amarelo,Mantiqueira de Minas,https://allianceforcoffeeexcellence.org/brazil-naturals-2018/,FALSE,reported,Natural,Natural,Conventional,NA,reported process,35,35,serra do triunfo,wagner teodoro da silva,56f3d93e6d53724a|COE|NA|35,NA,NA,NA,NA,NA,NA,FALSE,FALSE
56f3d93e6d53724a,2018,COE Natural,Brazil,2018,COE,NA,36,87.12,Fazenda São Sebastião,Jung H. Kim,Natural,Bourbon Amarelo,Sul de Minas,https://allianceforcoffeeexcellence.org/brazil-naturals-2018/,FALSE,reported,Natural,Natural,Conventional,NA,reported process,36,36,fazenda sao sebastiao,jung h kim,56f3d93e6d53724a|COE|NA|36,NA,NA,NA,NA,NA,NA,FALSE,FALSE
56f3d93e6d53724a,2018,COE Natural,Brazil,2018,COE,NA,37,86.91,Fazenda Santo André,Dimap S.A,Natural,Catiguá,Cerrado Mineiro,https://allianceforcoffeeexcellence.org/brazil-naturals-2018/,FALSE,reported,Natural,Natural,Conventional,NA,reported process,37,37,fazenda santo andre,dimap s a,56f3d93e6d53724a|COE|NA|37,NA,NA,NA,NA,NA,NA,FALSE,FALSE
56f3d93e6d53724a,2018,COE Natural,Brazil,2018,COE,NA,4a,91.35,Chácara Vista Alegre,José Renato Rodrigues Alves,Natural,Catuaí 144,Chapada Diamantina,https://allianceforcoffeeexcellence.org/brazil-naturals-2018/,FALSE,reported,Natural,Natural,Conventional,NA,reported process,4A,4,chacara vista alegre,jose renato rodrigues alves,56f3d93e6d53724a|COE|NA|4,NA,NA,NA,NA,NA,NA,FALSE,FALSE
d1543b65c7f3dffe,2018,COE Pulped Natural,Brazil,2018,COE,NA,4a,90.67,Granja São Francisco,Maria José Junqueira Céglia,Pulped Natural,Bourbon Amarelo,Mantiqueira de Minas,https://allianceforcoffeeexcellence.org/brazil-pulped-naturals-2018/,FALSE,reported,Honey / pulped natural,Honey / pulped natural,Conventional,NA,reported process,4A,4,granja sao francisco,maria jose junqueira ceglia,d1543b65c7f3dffe|COE|NA|4,NA,NA,NA,NA,NA,NA,FALSE,FALSE
56f3d93e6d53724a,2018,COE Natural,Brazil,2018,COE,NA,5a,91.09,Fazenda Campo Alegre,Silvia Dias Cambraia,Natural,Catucaí,Sul de Minas,https://allianceforcoffeeexcellence.org/brazil-naturals-2018/,FALSE,reported,Natural,Natural,Conventional,NA,reported process,5A,5,fazenda campo alegre,silvia dias cambraia,56f3d93e6d53724a|COE|NA|5,NA,NA,NA,NA,NA,NA,FALSE,FALSE
d1543b65c7f3dffe,2018,COE Pulped Natural,Brazil,2018,COE,NA,5a,90.17,Sitio Santo Antonio,Antônio Macedo Souza,Pulped Natural,Catuaí 144,Chapada Diamantina,https://allianceforcoffeeexcellence.org/brazil-pulped-naturals-2018/,FALSE,reported,Honey / pulped natural,Honey / pulped natural,Conventional,NA,reported process,5A,5,sitio santo antonio,antonio macedo souza,d1543b65c7f3dffe|COE|NA|5,NA,NA,NA,NA,NA,NA,FALSE,FALSE
56f3d93e6d53724a,2018,COE Natural,Brazil,2018,COE,NA,6a,90.74,Sítio da Torre,Alvaro Antônio Pereira Coli,Natural,Bourbon Amarelo,Mantiqueira de Minas,https://allianceforcoffeeexcellence.org/brazil-naturals-2018/,FALSE,reported,Natural,Natural,Conventional,NA,reported process,6A,6,sitio da torre,alvaro antonio pereira coli,56f3d93e6d53724a|COE|NA|6,NA,NA,NA,NA,NA,NA,FALSE,FALSE
d1543b65c7f3dffe,2018,COE Pulped Natural,Brazil,2018,COE,NA,6,89.94,Fazenda Horizonte,Pedro Marques de Souza,Pulped Natural,Catuaí,Chapada Diamantina,https://allianceforcoffeeexcellence.org/brazil-pulped-naturals-2018/,FALSE,reported,Honey / pulped natural,Honey / pulped natural,Conventional,NA,reported process,6,6,fazenda horizonte,pedro marques de souza,d1543b65c7f3dffe|COE|NA|6,NA,NA,NA,NA,NA,NA,FALSE,FALSE
56f3d93e6d53724a,2018,COE Natural,Brazil,2018,COE,NA,7a,90.18,Fortaleza,Augusto Borges Ferreira,Natural,Catuaí Vermelho 99,Mantiqueira de Minas,https://allianceforcoffeeexcellence.org/brazil-naturals-2018/,FALSE,reported,Natural,Natural,Conventional,NA,reported process,7A,7,fortaleza,augusto borges ferreira,56f3d93e6d53724a|COE|NA|7,NA,NA,NA,NA,NA,NA,FALSE,FALSE
d1543b65c7f3dffe,2018,COE Pulped Natural,Brazil,2018,COE,NA,7,89.92,Sítio Bonilha,Maridalton Silva Santana,Pulped Natural,Catuaí 144,Chapada Diamantina,https://allianceforcoffeeexcellence.org/brazil-pulped-naturals-2018/,FALSE,reported,Honey / pulped natural,Honey / pulped natural,Conventional,NA,reported process,7,7,sitio bonilha,maridalton silva santana,d1543b65c7f3dffe|COE|NA|7,NA,NA,NA,NA,NA,NA,FALSE,FALSE
56f3d93e6d53724a,2018,COE Natural,Brazil,2018,COE,NA,8a,90.15,Fazenda Fortaleza,Alessandro Alves Hervaz,Natural,Bourbon Amarelo,Mantiqueira de Minas,https://allianceforcoffeeexcellence.org/brazil-naturals-2018/,FALSE,reported,Natural,Natural,Conventional,NA,reported process,8A,8,fazenda fortaleza,alessandro alves hervaz,56f3d93e6d53724a|COE|NA|8,NA,NA,NA,NA,NA,NA,FALSE,FALSE
d1543b65c7f3dffe,2018,COE Pulped Natural,Brazil,2018,COE,NA,8,89.53,Fazenda Guariroba,Homero Aguiar Paiva,Pulped Natural,Catucaí Amarelo,Sul de Minas,https://allianceforcoffeeexcellence.org/brazil-pulped-naturals-2018/,FALSE,reported,Honey / pulped natural,Honey / pulped natural,Conventional,NA,reported process,8,8,fazenda guariroba,homero aguiar paiva,d1543b65c7f3dffe|COE|NA|8,NA,NA,NA,NA,NA,NA,FALSE,FALSE
56f3d93e6d53724a,2018,COE Natural,Brazil,2018,COE,NA,9,89.5,Fazenda Bela Época,Luiz da Cunha Sobrinho,Natural,Catucaí Amarelo 2SL,Alta Mogiana,https://allianceforcoffeeexcellence.org/brazil-naturals-2018/,FALSE,reported,Natural,Natural,Conventional,NA,reported process,9,9,fazenda bela epoca,luiz da cunha sobrinho,56f3d93e6d53724a|COE|NA|9,NA,NA,NA,NA,NA,NA,FALSE,FALSE
d1543b65c7f3dffe,2018,COE Pulped Natural,Brazil,2018,COE,NA,9,88.5,Santuário Sul,Holding Satuário Sul,Pulped Natural,GESHA,Mantiqueira de Minas,https://allianceforcoffeeexcellence.org/brazil-pulped-naturals-2018/,FALSE,reported,Honey / pulped natural,Honey / pulped natural,Conventional,NA,reported process,9,9,santuario sul,holding satuario sul,d1543b65c7f3dffe|COE|NA|9,NA,NA,NA,NA,NA,NA,FALSE,FALSE
58d0dda26a0c47c5,2019,COE,Brazil,2019,COE,NA,1a,92.23,Fazenda Paie Filho,André Luis Aguila Ribeiro,Natural,Yellow Catuaí,Sul de Minas,https://allianceforcoffeeexcellence.org/brazil-2019/,FALSE,reported,Natural,Natural,Conventional,NA,reported process,1A,1,fazenda paie filho,andre luis aguila ribeiro,58d0dda26a0c47c5|COE|NA|1,NA,NA,NA,NA,NA,NA,FALSE,FALSE
58d0dda26a0c47c5,2019,COE,Brazil,2019,COE,NA,10,88.61,Fazenda Aterradinho,Lilian Carrijo,Natural,Catucaí 2SL,Sul de Minas,https://allianceforcoffeeexcellence.org/brazil-2019/,FALSE,reported,Natural,Natural,Conventional,NA,reported process,10,10,fazenda aterradinho,lilian carrijo,58d0dda26a0c47c5|COE|NA|10,NA,NA,NA,NA,NA,NA,FALSE,FALSE
58d0dda26a0c47c5,2019,COE,Brazil,2019,COE,NA,11,88.5,Fazenda Volta da Serra,Agnaldo Martins de Assunção,Pulped Natural,Red Catuaí,Chapada Diamantina,https://allianceforcoffeeexcellence.org/brazil-2019/,FALSE,reported,Honey / pulped natural,Honey / pulped natural,Conventional,NA,reported process,11,11,fazenda volta da serra,agnaldo martins de assuncao,58d0dda26a0c47c5|COE|NA|11,NA,NA,NA,NA,NA,NA,FALSE,FALSE
58d0dda26a0c47c5,2019,COE,Brazil,2019,COE,NA,12,88.46,Ecoagrícola Café Ltda,Ecoagrícola Café Ltda,Natural,Catucaí 2SL,Chapada de Minas,https://allianceforcoffeeexcellence.org/brazil-2019/,FALSE,reported,Natural,Natural,Conventional,NA,reported process,12,12,ecoagricola cafe ltda,ecoagricola cafe ltda,58d0dda26a0c47c5|COE|NA|12,NA,NA,NA,NA,NA,NA,FALSE,FALSE
58d0dda26a0c47c5,2019,COE,Brazil,2019,COE,NA,13,88.36,Sítio Lagoa II,José Wanderley Viana,Natural,Yellow Catucaí,Mantiqueira de Minas,https://allianceforcoffeeexcellence.org/brazil-2019/,FALSE,reported,Natural,Natural,Conventional,NA,reported process,13,13,sitio lagoa ii,jose wanderley viana,58d0dda26a0c47c5|COE|NA|13,NA,NA,NA,NA,NA,NA,FALSE,FALSE
58d0dda26a0c47c5,2019,COE,Brazil,2019,COE,NA,14,88.29,Sítio dos Colis,Adila Pereira Coli,Pulped Natural,Yellow Bourbon,Mantiqueira de Minas,https://allianceforcoffeeexcellence.org/brazil-2019/,FALSE,reported,Honey / pulped natural,Honey / pulped natural,Conventional,NA,reported process,14,14,sitio dos colis,adila pereira coli,58d0dda26a0c47c5|COE|NA|14,NA,NA,NA,NA,NA,NA,FALSE,FALSE
58d0dda26a0c47c5,2019,COE,Brazil,2019,COE,NA,15,88.14,Fazenda Mantissa,Mauro Billi,Natural,Yellow Bourbon,Sul de Minas,https://allianceforcoffeeexcellence.org/brazil-2019/,FALSE,reported,Natural,Natural,Conventional,NA,reported process,15,15,fazenda mantissa,mauro billi,58d0dda26a0c47c5|COE|NA|15,NA,NA,NA,NA,NA,NA,FALSE,FALSE
58d0dda26a0c47c5,2019,COE,Brazil,2019,COE,NA,16,88.04,Fazenda Sertãozinho,Fazenda Sertãozinho,Natural,Arara,Sul de Minas,https://allianceforcoffeeexcellence.org/brazil-2019/,FALSE,reported,Natural,Natural,Conventional,NA,reported process,16,16,fazenda sertaozinho,fazenda sertaozinho,58d0dda26a0c47c5|COE|NA|16,NA,NA,NA,NA,NA,NA,FALSE,FALSE
58d0dda26a0c47c5,2019,COE,Brazil,2019,COE,NA,17,88.02,Fazenda Paraíso,Jorge Barakat,Pulped Natural,Catuaí 144,Cerrado Mineiro,https://allianceforcoffeeexcellence.org/brazil-2019/,FALSE,reported,Honey / pulped natural,Honey / pulped natural,Conventional,NA,reported process,17,17,fazenda paraiso,jorge barakat,58d0dda26a0c47c5|COE|NA|17,NA,NA,NA,NA,NA,NA,FALSE,FALSE
58d0dda26a0c47c5,2019,COE,Brazil,2019,COE,NA,18,87.8,Fazenda Dona Neném,Eduardo Pinheiro Campos,Natural,Yellow Bourbon,Cerrado Mineiro,https://allianceforcoffeeexcellence.org/brazil-2019/,FALSE,reported,Natural,Natural,Conventional,NA,reported process,18,18,fazenda dona nenem,eduardo pinheiro campos,58d0dda26a0c47c5|COE|NA|18,NA,NA,NA,NA,NA,NA,FALSE,FALSE
58d0dda26a0c47c5,2019,COE,Brazil,2019,COE,NA,19,87.69,Fazenda Zaroca,Gilberto Augusto Cainelli Basilio,Natural,Yellow Bourbon,Sul de Minas,https://allianceforcoffeeexcellence.org/brazil-2019/,FALSE,reported,Natural,Natural,Conventional,NA,reported process,19,19,fazenda zaroca,gilberto augusto cainelli basilio,58d0dda26a0c47c5|COE|NA|19,NA,NA,NA,NA,NA,NA,FALSE,FALSE
58d0dda26a0c47c5,2019,COE,Brazil,2019,COE,NA,2a,92.15,Fazenda Primavera,Leonardo Montesanto Tavares,Natural Anaerobic,Gesha,Chapada de Minas,https://allianceforcoffeeexcellence.org/brazil-2019/,FALSE,reported,Experimental,Natural,Experimental,Anaerobic,reported process,2A,2,fazenda primavera,leonardo montesanto tavares,58d0dda26a0c47c5|COE|NA|2,Natural | Anaerobic,2019,2019,FALSE,TRUE,FALSE,TRUE,FALSE
58d0dda26a0c47c5,2019,COE,Brazil,2019,COE,NA,20,87.68,Fazenda Fortaleza,Alessandro Alves Hervaz,Natural,Yellow Bourbon,Mantiqueira de Minas,https://allianceforcoffeeexcellence.org/brazil-2019/,FALSE,reported,Natural,Natural,Conventional,NA,reported process,20,20,fazenda fortaleza,alessandro alves hervaz,58d0dda26a0c47c5|COE|NA|20,NA,NA,NA,NA,NA,NA,FALSE,FALSE
58d0dda26a0c47c5,2019,COE,Brazil,2019,COE,NA,21,87.68,Fazenda Camocim,Henrique Leivas Sloper de Araújo,Pulped Natural,Catucaí Açu-Iapar 59,Montanhas do Espírito Santo,https://allianceforcoffeeexcellence.org/brazil-2019/,FALSE,reported,Honey / pulped natural,Honey / pulped natural,Conventional,NA,reported process,21,21,fazenda camocim,henrique leivas sloper de araujo,58d0dda26a0c47c5|COE|NA|21,NA,NA,NA,NA,NA,NA,FALSE,FALSE
58d0dda26a0c47c5,2019,COE,Brazil,2019,COE,NA,22,87.54,Sítio Santa Terezinha,Edson Rosa Garcia,Natural,Acaiá,Mantiqueira de Minas,https://allianceforcoffeeexcellence.org/brazil-2019/,FALSE,reported,Natural,Natural,Conventional,NA,reported process,22,22,sitio santa terezinha,edson rosa garcia,58d0dda26a0c47c5|COE|NA|22,NA,NA,NA,NA,NA,NA,FALSE,FALSE
58d0dda26a0c47c5,2019,COE,Brazil,2019,COE,NA,23,87.52,Fazenda Barreiro,Francisco Otávio Lotufo,Pulped Natural,Yellow Bourbon,Sul de Minas,https://allianceforcoffeeexcellence.org/brazil-2019/,FALSE,reported,Honey / pulped natural,Honey / pulped natural,Conventional,NA,reported process,23,23,fazenda barreiro,francisco otavio lotufo,58d0dda26a0c47c5|COE|NA|23,NA,NA,NA,NA,NA,NA,FALSE,FALSE
58d0dda26a0c47c5,2019,COE,Brazil,2019,COE,NA,24,87.48,Sítio Fortaleza,Júlio Cesar Ferreira,Natural,Yellow Bourbon,Mantiqueira de Minas,https://allianceforcoffeeexcellence.org/brazil-2019/,FALSE,reported,Natural,Natural,Conventional,NA,reported process,24,24,sitio fortaleza,julio cesar ferreira,58d0dda26a0c47c5|COE|NA|24,NA,NA,NA,NA,NA,NA,FALSE,FALSE
58d0dda26a0c47c5,2019,COE,Brazil,2019,COE,NA,25,87.43,Sítio dos Estouros,José Mauro Miranda,Pulped Natural,Catuaí 44,Matas de Minas,https://allianceforcoffeeexcellence.org/brazil-2019/,FALSE,reported,Honey / pulped natural,Honey / pulped natural,Conventional,NA,reported process,25,25,sitio dos estouros,jose mauro miranda,58d0dda26a0c47c5|COE|NA|25,NA,NA,NA,NA,NA,NA,FALSE,FALSE
58d0dda26a0c47c5,2019,COE,Brazil,2019,COE,NA,26,87.34,Fazenda Santa Mônica,Jean Vilhena Faleiros,Natural,Yellow Bourbon,Sul de Minas,https://allianceforcoffeeexcellence.org/brazil-2019/,FALSE,reported,Natural,Natural,Conventional,NA,reported process,26,26,fazenda santa monica,jean vilhena faleiros,58d0dda26a0c47c5|COE|NA|26,NA,NA,NA,NA,NA,NA,FALSE,FALSE
58d0dda26a0c47c5,2019,COE,Brazil,2019,COE,NA,27,87.16,Nascentes da Grama,Clayton Mapelli Cerri,Natural,Obatã,Média Mogiana,https://allianceforcoffeeexcellence.org/brazil-2019/,FALSE,reported,Natural,Natural,Conventional,NA,reported process,27,27,nascentes da grama,clayton mapelli cerri,58d0dda26a0c47c5|COE|NA|27,NA,NA,NA,NA,NA,NA,FALSE,FALSE
58d0dda26a0c47c5,2019,COE,Brazil,2019,COE,NA,3a,91.84,Sítio São Sebastião,Merce Jordan Araújo Silva,Pulped Natural,Red Catuaí,Chapada Diamantina,https://allianceforcoffeeexcellence.org/brazil-2019/,FALSE,reported,Honey / pulped natural,Honey / pulped natural,Conventional,NA,reported process,3A,3,sitio sao sebastiao,merce jordan araujo silva,58d0dda26a0c47c5|COE|NA|3,NA,NA,NA,NA,NA,NA,FALSE,FALSE
58d0dda26a0c47c5,2019,COE,Brazil,2019,COE,NA,4,90.61,Santuário Sul,Santuário Sul,Natural,Gesha,Mantiqueira de Minas,https://allianceforcoffeeexcellence.org/brazil-2019/,FALSE,reported,Natural,Natural,Conventional,NA,reported process,4,4,santuario sul,santuario sul,58d0dda26a0c47c5|COE|NA|4,NA,NA,NA,NA,NA,NA,FALSE,FALSE
58d0dda26a0c47c5,2019,COE,Brazil,2019,COE,NA,5,90.47,Fazenda Jaguara,André Luiz Alvarenga Garcia,Natural Anaerobic,Yellow Catuaí,Campo das Vertentes,https://allianceforcoffeeexcellence.org/brazil-2019/,FALSE,reported,Experimental,Natural,Experimental,Anaerobic,reported process,5,5,fazenda jaguara,andre luiz alvarenga garcia,58d0dda26a0c47c5|COE|NA|5,Natural | Anaerobic,2019,2019,FALSE,TRUE,FALSE,TRUE,FALSE
58d0dda26a0c47c5,2019,COE,Brazil,2019,COE,NA,6,89.7,Sítio d’Água Limpa,Marianna Carneiro de Carvalho Junqueira,Natural,Red Catucaí,Sul de Minas,https://allianceforcoffeeexcellence.org/brazil-2019/,FALSE,reported,Natural,Natural,Conventional,NA,reported process,6,6,sitio d agua limpa,marianna carneiro de carvalho junqueira,58d0dda26a0c47c5|COE|NA|6,NA,NA,NA,NA,NA,NA,FALSE,FALSE
58d0dda26a0c47c5,2019,COE,Brazil,2019,COE,NA,7,89.58,Fazenda Gerais,João Roberto Santana,Pulped Natural,Catuaí 144,Chapada Diamantina,https://allianceforcoffeeexcellence.org/brazil-2019/,FALSE,reported,Honey / pulped natural,Honey / pulped natural,Conventional,NA,reported process,7,7,fazenda gerais,joao roberto santana,58d0dda26a0c47c5|COE|NA|7,NA,NA,NA,NA,NA,NA,FALSE,FALSE
58d0dda26a0c47c5,2019,COE,Brazil,2019,COE,NA,8,88.88,Sítio Portella,Edir José de Carvalho,Natural,Yellow Catucaí,Sul de Minas,https://allianceforcoffeeexcellence.org/brazil-2019/,FALSE,reported,Natural,Natural,Conventional,NA,reported process,8,8,sitio portella,edir jose de carvalho,58d0dda26a0c47c5|COE|NA|8,NA,NA,NA,NA,NA,NA,FALSE,FALSE
58d0dda26a0c47c5,2019,COE,Brazil,2019,COE,NA,9,88.8,Fazenda Santo Antônio,Raimundo Dimas Santana Filho,Pulped Natural,Yellow Bourbon,Matas de Minas,https://allianceforcoffeeexcellence.org/brazil-2019/,FALSE,reported,Honey / pulped natural,Honey / pulped natural,Conventional,NA,reported process,9,9,fazenda santo antonio,raimundo dimas santana filho,58d0dda26a0c47c5|COE|NA|9,NA,NA,NA,NA,NA,NA,FALSE,FALSE
f8c00d6b60400117,Brazil 2021,COE,Brazil,2021,COE,NA,1a,90.5,Dbarbosa Coffee – Fazenda Cachoeira,Vitor Marcelo De Queiroz Barbosa,Natural,Catuaí Amarelo,Cerrado Mineiro,https://allianceforcoffeeexcellence.org/brazil-2021/,FALSE,reported,Natural,Natural,Conventional,NA,reported process,1A,1,dbarbosa coffee fazenda cachoeira,vitor marcelo de queiroz barbosa,f8c00d6b60400117|COE|NA|1,NA,NA,NA,NA,NA,NA,FALSE,FALSE
f8c00d6b60400117,Brazil 2021,COE,Brazil,2021,COE,NA,10,88.68,Sítio Batista,José Danilo Braga,Natural,Catuaí Vermelho,Mantiqueira de Minas,https://allianceforcoffeeexcellence.org/brazil-2021/,FALSE,reported,Natural,Natural,Conventional,NA,reported process,10,10,sitio batista,jose danilo braga,f8c00d6b60400117|COE|NA|10,NA,NA,NA,NA,NA,NA,FALSE,FALSE
f8c00d6b60400117,Brazil 2021,COE,Brazil,2021,COE,NA,11,88.17,Fazenda Santa Alina,Lucia Maria Da Silva Dias,Natural,Bourbon Amarelo,Média Mogiana,https://allianceforcoffeeexcellence.org/brazil-2021/,FALSE,reported,Natural,Natural,Conventional,NA,reported process,11,11,fazenda santa alina,lucia maria da silva dias,f8c00d6b60400117|COE|NA|11,NA,NA,NA,NA,NA,NA,FALSE,FALSE
f8c00d6b60400117,Brazil 2021,COE,Brazil,2021,COE,NA,12,88.17,Fazenda Catanduva II,Marie Nakao Sasaki,Pulped Natural,Catuaí Amarelo,Cerrado Mineiro,https://allianceforcoffeeexcellence.org/brazil-2021/,FALSE,reported,Honey / pulped natural,Honey / pulped natural,Conventional,NA,reported process,12,12,fazenda catanduva ii,marie nakao sasaki,f8c00d6b60400117|COE|NA|12,NA,NA,NA,NA,NA,NA,FALSE,FALSE
f8c00d6b60400117,Brazil 2021,COE,Brazil,2021,COE,NA,13,88.13,Sítio Matinha,Edson Junior De Miranda,Pulped Natural,Catuaí Amarelo,Matas de Minas,https://allianceforcoffeeexcellence.org/brazil-2021/,FALSE,reported,Honey / pulped natural,Honey / pulped natural,Conventional,NA,reported process,13,13,sitio matinha,edson junior de miranda,f8c00d6b60400117|COE|NA|13,NA,NA,NA,NA,NA,NA,FALSE,FALSE
f8c00d6b60400117,Brazil 2021,COE,Brazil,2021,COE,NA,14,88.1,Sítio Monte Alegre,Glycia Emerenciana Pereira Carneiro E Outros,Pulped Natural,Bourbon Amarelo,Mantiqueira de Minas,https://allianceforcoffeeexcellence.org/brazil-2021/,FALSE,reported,Honey / pulped natural,Honey / pulped natural,Conventional,NA,reported process,14,14,sitio monte alegre,glycia emerenciana pereira carneiro e outros,f8c00d6b60400117|COE|NA|14,NA,NA,NA,NA,NA,NA,FALSE,FALSE
f8c00d6b60400117,Brazil 2021,COE,Brazil,2021,COE,NA,15,88.1,Fazenda Recreio,Homero Teixeira De Macedo Junior,Natural,Gesha,Média Mogiana,https://allianceforcoffeeexcellence.org/brazil-2021/,FALSE,reported,Natural,Natural,Conventional,NA,reported process,15,15,fazenda recreio,homero teixeira de macedo junior,f8c00d6b60400117|COE|NA|15,NA,NA,NA,NA,NA,NA,FALSE,FALSE
f8c00d6b60400117,Brazil 2021,COE,Brazil,2021,COE,NA,16,87.87,Vista Brigadeiro,Waldemar Ferreira De Paula,Washed,Catuaí 785,Matas de Minas,https://allianceforcoffeeexcellence.org/brazil-2021/,FALSE,reported,Washed,Washed,Conventional,NA,reported process,16,16,vista brigadeiro,waldemar ferreira de paula,f8c00d6b60400117|COE|NA|16,NA,NA,NA,NA,NA,NA,FALSE,FALSE
f8c00d6b60400117,Brazil 2021,COE,Brazil,2021,COE,NA,17,87.87,Fazenda Cerca De Pedra São Benedito,Silvio Leite Café,Natural,"Catuaí Amarelo, Catuaí Vermelho",Chapada Diamantina,https://allianceforcoffeeexcellence.org/brazil-2021/,FALSE,reported,Natural,Natural,Conventional,NA,reported process,17,17,fazenda cerca de pedra sao benedito,silvio leite cafe,f8c00d6b60400117|COE|NA|17,NA,NA,NA,NA,NA,NA,FALSE,FALSE
f8c00d6b60400117,Brazil 2021,COE,Brazil,2021,COE,NA,18,87.83,Fazenda Campo Alegre,Amarildo Corsi Da Silva,Pulped Natural,Catuaí 144,Chapada Diamantina,https://allianceforcoffeeexcellence.org/brazil-2021/,FALSE,reported,Honey / pulped natural,Honey / pulped natural,Conventional,NA,reported process,18,18,fazenda campo alegre,amarildo corsi da silva,f8c00d6b60400117|COE|NA|18,NA,NA,NA,NA,NA,NA,FALSE,FALSE
f8c00d6b60400117,Brazil 2021,COE,Brazil,2021,COE,NA,19,87.83,Sitio Rochedo,Osman Chirgo Martins,Natural,"Catuaí, Catucaí",Matas de Minas,https://allianceforcoffeeexcellence.org/brazil-2021/,FALSE,reported,Natural,Natural,Conventional,NA,reported process,19,19,sitio rochedo,osman chirgo martins,f8c00d6b60400117|COE|NA|19,NA,NA,NA,NA,NA,NA,FALSE,FALSE
f8c00d6b60400117,Brazil 2021,COE,Brazil,2021,COE,NA,2a,90.14,Fazenda Do I.P.,Luiz Paulo Dias Pereira E Outros,Natural,Bourbon Amarelo,Mantiqueira de Minas,https://allianceforcoffeeexcellence.org/brazil-2021/,FALSE,reported,Natural,Natural,Conventional,NA,reported process,2A,2,fazenda do i p,luiz paulo dias pereira e outros,f8c00d6b60400117|COE|NA|2,NA,NA,NA,NA,NA,NA,FALSE,FALSE
f8c00d6b60400117,Brazil 2021,COE,Brazil,2021,COE,NA,20,87.83,Fazenda Pedro Rodrigues,Valgleber Sacramentos Santos Mafra,Natural,Red Catucaí,Chapada Diamantina,https://allianceforcoffeeexcellence.org/brazil-2021/,FALSE,reported,Natural,Natural,Conventional,NA,reported process,20,20,fazenda pedro rodrigues,valgleber sacramentos santos mafra,f8c00d6b60400117|COE|NA|20,NA,NA,NA,NA,NA,NA,FALSE,FALSE
f8c00d6b60400117,Brazil 2021,COE,Brazil,2021,COE,NA,21,87.8,Sítio Mutuca,Nathan Lopes Sanglard,Pulped Natural,Catucaí Vermelho,Matas de Minas,https://allianceforcoffeeexcellence.org/brazil-2021/,FALSE,reported,Honey / pulped natural,Honey / pulped natural,Conventional,NA,reported process,21,21,sitio mutuca,nathan lopes sanglard,f8c00d6b60400117|COE|NA|21,NA,NA,NA,NA,NA,NA,FALSE,FALSE
f8c00d6b60400117,Brazil 2021,COE,Brazil,2021,COE,NA,22,87.67,Fazenda Pedra Preta,Claudia Maria Carneiro Bustamante,Natural,Catucaí 2sl,Mantiqueira de Minas,https://allianceforcoffeeexcellence.org/brazil-2021/,FALSE,reported,Natural,Natural,Conventional,NA,reported process,22,22,fazenda pedra preta,claudia maria carneiro bustamante,f8c00d6b60400117|COE|NA|22,NA,NA,NA,NA,NA,NA,FALSE,FALSE
f8c00d6b60400117,Brazil 2021,COE,Brazil,2021,COE,NA,23,87.47,Fazenda Rainha,Fazenda Sertãozinho Ltda.,Natural,Gesha,Média Mogiana,https://allianceforcoffeeexcellence.org/brazil-2021/,FALSE,reported,Natural,Natural,Conventional,NA,reported process,23,23,fazenda rainha,fazenda sertaozinho ltda,f8c00d6b60400117|COE|NA|23,NA,NA,NA,NA,NA,NA,FALSE,FALSE
f8c00d6b60400117,Brazil 2021,COE,Brazil,2021,COE,NA,24,87.4,Sítio Da Serra,Paulo Henrique Miranda,Pulped Natural,Catucaí acu- iapar 59,Matas de Minas,https://allianceforcoffeeexcellence.org/brazil-2021/,FALSE,reported,Honey / pulped natural,Honey / pulped natural,Conventional,NA,reported process,24,24,sitio da serra,paulo henrique miranda,f8c00d6b60400117|COE|NA|24,NA,NA,NA,NA,NA,NA,FALSE,FALSE
f8c00d6b60400117,Brazil 2021,COE,Brazil,2021,COE,NA,25,87.33,Sitio São João,João Batista Dos Santos,Pulped Natural,Catucaí,Matas de Minas,https://allianceforcoffeeexcellence.org/brazil-2021/,FALSE,reported,Honey / pulped natural,Honey / pulped natural,Conventional,NA,reported process,25,25,sitio sao joao,joao batista dos santos,f8c00d6b60400117|COE|NA|25,NA,NA,NA,NA,NA,NA,FALSE,FALSE
f8c00d6b60400117,Brazil 2021,COE,Brazil,2021,COE,NA,26,87.33,Sítio Rancho Dantas,Florentino Meneguetti,Fully Washed,Catucaí 785,Montanhas do Espírito Santo,https://allianceforcoffeeexcellence.org/brazil-2021/,FALSE,reported,Washed,Washed,Conventional,NA,reported process,26,26,sitio rancho dantas,florentino meneguetti,f8c00d6b60400117|COE|NA|26,NA,NA,NA,NA,NA,NA,FALSE,FALSE
f8c00d6b60400117,Brazil 2021,COE,Brazil,2021,COE,NA,27,87.3,Fazenda Irmãs Pereira,Maria Rogéria Costa Pereira E Outros,Pulped Natural,Gesha,Mantiqueira de Minas,https://allianceforcoffeeexcellence.org/brazil-2021/,FALSE,reported,Honey / pulped natural,Honey / pulped natural,Conventional,NA,reported process,27,27,fazenda irmas pereira,maria rogeria costa pereira e outros,f8c00d6b60400117|COE|NA|27,NA,NA,NA,NA,NA,NA,FALSE,FALSE
f8c00d6b60400117,Brazil 2021,COE,Brazil,2021,COE,NA,28,87.17,Sitio Santa Barbara,Lindolfo Martins De Assunção,Pulped Natural,Catuaí Vermelho,Chapada Diamantina,https://allianceforcoffeeexcellence.org/brazil-2021/,FALSE,reported,Honey / pulped natural,Honey / pulped natural,Conventional,NA,reported process,28,28,sitio santa barbara,lindolfo martins de assuncao,f8c00d6b60400117|COE|NA|28,NA,NA,NA,NA,NA,NA,FALSE,FALSE
f8c00d6b60400117,Brazil 2021,COE,Brazil,2021,COE,NA,29,87.1,Fazenda Ponte Alta,Marina Brito Oliveira,Natural,Catuaí Amarelo,Mantiqueira de Minas,https://allianceforcoffeeexcellence.org/brazil-2021/,FALSE,reported,Natural,Natural,Conventional,NA,reported process,29,29,fazenda ponte alta,marina brito oliveira,f8c00d6b60400117|COE|NA|29,NA,NA,NA,NA,NA,NA,FALSE,FALSE
f8c00d6b60400117,Brazil 2021,COE,Brazil,2021,COE,NA,3,89.43,Sítio São Pedro,Pedro Brás,Natural,Gesha,Sul de Minas,https://allianceforcoffeeexcellence.org/brazil-2021/,FALSE,reported,Natural,Natural,Conventional,NA,reported process,3,3,sitio sao pedro,pedro bras,f8c00d6b60400117|COE|NA|3,NA,NA,NA,NA,NA,NA,FALSE,FALSE
f8c00d6b60400117,Brazil 2021,COE,Brazil,2021,COE,NA,4,89.18,Fazenda Ressaca,Wedson Marques De Souza,Pulped Natural,Catuaí,Chapada Diamantina,https://allianceforcoffeeexcellence.org/brazil-2021/,FALSE,reported,Honey / pulped natural,Honey / pulped natural,Conventional,NA,reported process,4,4,fazenda ressaca,wedson marques de souza,f8c00d6b60400117|COE|NA|4,NA,NA,NA,NA,NA,NA,FALSE,FALSE
f8c00d6b60400117,Brazil 2021,COE,Brazil,2021,COE,NA,5,89.11,Fazenda Sáo Benedito,Antonio Jose Junqueira Villela,Pulped Natural,Bourbon Amarelo,Mantiqueira de Minas,https://allianceforcoffeeexcellence.org/brazil-2021/,FALSE,reported,Honey / pulped natural,Honey / pulped natural,Conventional,NA,reported process,5,5,fazenda sao benedito,antonio jose junqueira villela,f8c00d6b60400117|COE|NA|5,NA,NA,NA,NA,NA,NA,FALSE,FALSE
f8c00d6b60400117,Brazil 2021,COE,Brazil,2021,COE,NA,6,89.07,Chácara Vista Alegre,José Renato Rodrigues Alves,Natural,Catuaí,Chapada Diamantina,https://allianceforcoffeeexcellence.org/brazil-2021/,FALSE,reported,Natural,Natural,Conventional,NA,reported process,6,6,chacara vista alegre,jose renato rodrigues alves,f8c00d6b60400117|COE|NA|6,NA,NA,NA,NA,NA,NA,FALSE,FALSE
f8c00d6b60400117,Brazil 2021,COE,Brazil,2021,COE,NA,7,88.93,Fazenda Serra Do Boné,Matheus Lopes Sanglard,Pulped Natural,Catucaí Vermelho,Matas de Minas,https://allianceforcoffeeexcellence.org/brazil-2021/,FALSE,reported,Honey / pulped natural,Honey / pulped natural,Conventional,NA,reported process,7,7,fazenda serra do bone,matheus lopes sanglard,f8c00d6b60400117|COE|NA|7,NA,NA,NA,NA,NA,NA,FALSE,FALSE
f8c00d6b60400117,Brazil 2021,COE,Brazil,2021,COE,NA,8,88.89,Fazenda Santo Antônio,Ricardo Vagne Ignotti,Natural,Catuaí 99,Cerrado Mineiro,https://allianceforcoffeeexcellence.org/brazil-2021/,FALSE,reported,Natural,Natural,Conventional,NA,reported process,8,8,fazenda santo antonio,ricardo vagne ignotti,f8c00d6b60400117|COE|NA|8,NA,NA,NA,NA,NA,NA,FALSE,FALSE
f8c00d6b60400117,Brazil 2021,COE,Brazil,2021,COE,NA,9,88.68,Sitio Jardim Das Oliveiras,Simone A Dias Sampaio Silva,Pulped Natural,"Catiguá MG1, MG2 e MG3",Matas de Minas,https://allianceforcoffeeexcellence.org/brazil-2021/,FALSE,reported,Honey / pulped natural,Honey / pulped natural,Conventional,NA,reported process,9,9,sitio jardim das oliveiras,simone a dias sampaio silva,f8c00d6b60400117|COE|NA|9,NA,NA,NA,NA,NA,NA,FALSE,FALSE
374bae6a9cdc8d6c,Brazil 2022,COE,Brazil,2022,COE,NA,1,91.41,Fazenda Tijuco,Antonio Rigno de Oliveira Filho,Natural,Catuaí 144,Chapada Diamantina,https://allianceforcoffeeexcellence.org/brazil-2022/,FALSE,reported,Natural,Natural,Conventional,NA,reported process,1,1,fazenda tijuco,antonio rigno de oliveira filho,374bae6a9cdc8d6c|COE|NA|1,NA,NA,NA,NA,NA,NA,FALSE,FALSE
374bae6a9cdc8d6c,Brazil 2022,COE,Brazil,2022,COE,NA,10,88.06,Sitio Entre Vales,Diana de Souza Soares Moreira,Natural,Catucaí 2sl,Chapada Diamantina,https://allianceforcoffeeexcellence.org/brazil-2022/,FALSE,reported,Natural,Natural,Conventional,NA,reported process,10,10,sitio entre vales,diana de souza soares moreira,374bae6a9cdc8d6c|COE|NA|10,NA,NA,NA,NA,NA,NA,FALSE,FALSE
374bae6a9cdc8d6c,Brazil 2022,COE,Brazil,2022,COE,NA,11,87.84,SÍTIO DA CHAPADA,MARCUS VINICIUS SOUZA DE CARVALHO e outro(s),Natural,Catucaí Vermelho,Mantiqueira de Minas,https://allianceforcoffeeexcellence.org/brazil-2022/,FALSE,reported,Natural,Natural,Conventional,NA,reported process,11,11,sitio da chapada,marcus vinicius souza de carvalho e outro s,374bae6a9cdc8d6c|COE|NA|11,NA,NA,NA,NA,NA,NA,FALSE,FALSE
374bae6a9cdc8d6c,Brazil 2022,COE,Brazil,2022,COE,NA,12,87.84,SÍTIO SÃO PEDRO,Leticia Brás,Natural,SL28 & GEISHA,Sul de Minas,https://allianceforcoffeeexcellence.org/brazil-2022/,FALSE,reported,Natural,Natural,Conventional,NA,reported process,12,12,sitio sao pedro,leticia bras,374bae6a9cdc8d6c|COE|NA|12,NA,NA,NA,NA,NA,NA,FALSE,FALSE
374bae6a9cdc8d6c,Brazil 2022,COE,Brazil,2022,COE,NA,13,87.81,DRALZIO FERREIRA DE SANTANA,DRAUZIO FERREIRA DE SANTANA,Pulped Natural,Catuaí Amarelo,Matas de Minas,https://allianceforcoffeeexcellence.org/brazil-2022/,FALSE,reported,Honey / pulped natural,Honey / pulped natural,Conventional,NA,reported process,13,13,dralzio ferreira de santana,drauzio ferreira de santana,374bae6a9cdc8d6c|COE|NA|13,NA,NA,NA,NA,NA,NA,FALSE,FALSE
374bae6a9cdc8d6c,Brazil 2022,COE,Brazil,2022,COE,NA,14,87.75,Fazenda Santa Inês,Antonio Jose Junqueira Villela,Pulped Natural,Bourbon Amarelo,Mantiqueira de Minas,https://allianceforcoffeeexcellence.org/brazil-2022/,FALSE,reported,Honey / pulped natural,Honey / pulped natural,Conventional,NA,reported process,14,14,fazenda santa ines,antonio jose junqueira villela,374bae6a9cdc8d6c|COE|NA|14,NA,NA,NA,NA,NA,NA,FALSE,FALSE
374bae6a9cdc8d6c,Brazil 2022,COE,Brazil,2022,COE,NA,15,87.72,Córrego Seco,Edemar Lúcio Matos Martins,Pulped Natural,Catuaí 144,Chapada Diamantina,https://allianceforcoffeeexcellence.org/brazil-2022/,FALSE,reported,Honey / pulped natural,Honey / pulped natural,Conventional,NA,reported process,15,15,corrego seco,edemar lucio matos martins,374bae6a9cdc8d6c|COE|NA|15,NA,NA,NA,NA,NA,NA,FALSE,FALSE
374bae6a9cdc8d6c,Brazil 2022,COE,Brazil,2022,COE,NA,16,87.63,Fazenda Capão,Rosilene Lima Novais Mesquita,Natural,Catuaí Vermelho,Chapada Diamantina,https://allianceforcoffeeexcellence.org/brazil-2022/,FALSE,reported,Natural,Natural,Conventional,NA,reported process,16,16,fazenda capao,rosilene lima novais mesquita,374bae6a9cdc8d6c|COE|NA|16,NA,NA,NA,NA,NA,NA,FALSE,FALSE
374bae6a9cdc8d6c,Brazil 2022,COE,Brazil,2022,COE,NA,17,87.63,Sítio São Judas Tadeu,José Marcio da Silva,Natural,Bourbon Amarelo,Mantiqueira de Minas,https://allianceforcoffeeexcellence.org/brazil-2022/,FALSE,reported,Natural,Natural,Conventional,NA,reported process,17,17,sitio sao judas tadeu,jose marcio da silva,374bae6a9cdc8d6c|COE|NA|17,NA,NA,NA,NA,NA,NA,FALSE,FALSE
374bae6a9cdc8d6c,Brazil 2022,COE,Brazil,2022,COE,NA,18,87.47,Terracota Specialty Coffee,felipe luiz ramos de carvalho,Natural,"Catiguá MG1,MG2 e MG3, MG2 e MG3",Alta Mogiana,https://allianceforcoffeeexcellence.org/brazil-2022/,FALSE,reported,Natural,Natural,Conventional,NA,reported process,18,18,terracota specialty coffee,felipe luiz ramos de carvalho,374bae6a9cdc8d6c|COE|NA|18,NA,NA,NA,NA,NA,NA,FALSE,FALSE
374bae6a9cdc8d6c,Brazil 2022,COE,Brazil,2022,COE,NA,19,87.47,FAZENDA CHAPADÃO,OSMAR PEREIRA NUNES JUNIOR,Natural,MGS Paraíso 2,Cerrado Mineiro,https://allianceforcoffeeexcellence.org/brazil-2022/,FALSE,reported,Natural,Natural,Conventional,NA,reported process,19,19,fazenda chapadao,osmar pereira nunes junior,374bae6a9cdc8d6c|COE|NA|19,NA,NA,NA,NA,NA,NA,FALSE,FALSE
374bae6a9cdc8d6c,Brazil 2022,COE,Brazil,2022,COE,NA,2,90.59,Sitio Bonilha,Maridalton Silva Santana,Pulped Natural,Catuaí 144,Chapada Diamantina,https://allianceforcoffeeexcellence.org/brazil-2022/,FALSE,reported,Honey / pulped natural,Honey / pulped natural,Conventional,NA,reported process,2,2,sitio bonilha,maridalton silva santana,374bae6a9cdc8d6c|COE|NA|2,NA,NA,NA,NA,NA,NA,FALSE,FALSE
374bae6a9cdc8d6c,Brazil 2022,COE,Brazil,2022,COE,NA,20,87.19,Fazenda Cerca de Pedras São Benedito,Sivio Leite Café,Pulped Natural,Catuaí,Chapada Diamantina,https://allianceforcoffeeexcellence.org/brazil-2022/,FALSE,reported,Honey / pulped natural,Honey / pulped natural,Conventional,NA,reported process,20,20,fazenda cerca de pedras sao benedito,sivio leite cafe,374bae6a9cdc8d6c|COE|NA|20,NA,NA,NA,NA,NA,NA,FALSE,FALSE
374bae6a9cdc8d6c,Brazil 2022,COE,Brazil,2022,COE,NA,21,87.16,Fazenda Baixadão,Rayssa Brás,Natural,Geisha,Sul de Minas,https://allianceforcoffeeexcellence.org/brazil-2022/,FALSE,reported,Natural,Natural,Conventional,NA,reported process,21,21,fazenda baixadao,rayssa bras,374bae6a9cdc8d6c|COE|NA|21,NA,NA,NA,NA,NA,NA,FALSE,FALSE
374bae6a9cdc8d6c,Brazil 2022,COE,Brazil,2022,COE,NA,22,87.13,Paraiso – Andrade Bros,Espolio de Maria do Carmo de Andrade,Natural,Arara,Cerrado Mineiro,https://allianceforcoffeeexcellence.org/brazil-2022/,FALSE,reported,Natural,Natural,Conventional,NA,reported process,22,22,paraiso andrade bros,espolio de maria do carmo de andrade,374bae6a9cdc8d6c|COE|NA|22,NA,NA,NA,NA,NA,NA,FALSE,FALSE
374bae6a9cdc8d6c,Brazil 2022,COE,Brazil,2022,COE,NA,23,87.09,SÍTIO GUIOMAR,REGINALDO COSTALONGA,Despolpado,catucai 785,Montanhas do Espírito Santo,https://allianceforcoffeeexcellence.org/brazil-2022/,FALSE,reported,Honey / pulped natural,Honey / pulped natural,Conventional,NA,reported process,23,23,sitio guiomar,reginaldo costalonga,374bae6a9cdc8d6c|COE|NA|23,NA,NA,NA,NA,NA,NA,FALSE,FALSE
374bae6a9cdc8d6c,Brazil 2022,COE,Brazil,2022,COE,NA,24,87.09,Fazenda Ouro Verde,Cândido Vladimir Ladeia Rosa,Pulped Natural,Catuaí 144,Chapada Diamantina,https://allianceforcoffeeexcellence.org/brazil-2022/,FALSE,reported,Honey / pulped natural,Honey / pulped natural,Conventional,NA,reported process,24,24,fazenda ouro verde,candido vladimir ladeia rosa,374bae6a9cdc8d6c|COE|NA|24,NA,NA,NA,NA,NA,NA,FALSE,FALSE
374bae6a9cdc8d6c,Brazil 2022,COE,Brazil,2022,COE,NA,3,90.53,FAZENDA RECANTO,AFONSO MARIA VINHAL,Natural,Catucaí 2sl,Cerrado Mineiro,https://allianceforcoffeeexcellence.org/brazil-2022/,FALSE,reported,Natural,Natural,Conventional,NA,reported process,3,3,fazenda recanto,afonso maria vinhal,374bae6a9cdc8d6c|COE|NA|3,NA,NA,NA,NA,NA,NA,FALSE,FALSE
374bae6a9cdc8d6c,Brazil 2022,COE,Brazil,2022,COE,NA,4,90.47,Fazenda Recreio,HOMERO TEIXEIRA DE MACEDO JUNIOR,Natural,Geisha,Região Vulcânica,https://allianceforcoffeeexcellence.org/brazil-2022/,FALSE,reported,Natural,Natural,Conventional,NA,reported process,4,4,fazenda recreio,homero teixeira de macedo junior,374bae6a9cdc8d6c|COE|NA|4,NA,NA,NA,NA,NA,NA,FALSE,FALSE
374bae6a9cdc8d6c,Brazil 2022,COE,Brazil,2022,COE,NA,5,90.41,CASA BRÁS,Pedro Brás,Natural,Geisha,Sul de Minas,https://allianceforcoffeeexcellence.org/brazil-2022/,FALSE,reported,Natural,Natural,Conventional,NA,reported process,5,5,casa bras,pedro bras,374bae6a9cdc8d6c|COE|NA|5,NA,NA,NA,NA,NA,NA,FALSE,FALSE
374bae6a9cdc8d6c,Brazil 2022,COE,Brazil,2022,COE,NA,6,89.31,Fazenda Gerais,João Roberto Santana,Natural,Catuaí 144,Chapada Diamantina,https://allianceforcoffeeexcellence.org/brazil-2022/,FALSE,reported,Natural,Natural,Conventional,NA,reported process,6,6,fazenda gerais,joao roberto santana,374bae6a9cdc8d6c|COE|NA|6,NA,NA,NA,NA,NA,NA,FALSE,FALSE
374bae6a9cdc8d6c,Brazil 2022,COE,Brazil,2022,COE,NA,7,89.16,FAZENDA DIVINO ESPÍRITO SANTO,MICHAEL FREITAS DE ALCÂNTARA,Pulped Natural,Catucaí 2sl,Chapada Diamantina,https://allianceforcoffeeexcellence.org/brazil-2022/,FALSE,reported,Honey / pulped natural,Honey / pulped natural,Conventional,NA,reported process,7,7,fazenda divino espirito santo,michael freitas de alcantara,374bae6a9cdc8d6c|COE|NA|7,NA,NA,NA,NA,NA,NA,FALSE,FALSE
374bae6a9cdc8d6c,Brazil 2022,COE,Brazil,2022,COE,NA,8,88.75,FAZENDA CLAUDIO,CELIA REGINA ALVES NUNES,Natural,Catuai Amarelo 62,Cerrado Mineiro,https://allianceforcoffeeexcellence.org/brazil-2022/,FALSE,reported,Natural,Natural,Conventional,NA,reported process,8,8,fazenda claudio,celia regina alves nunes,374bae6a9cdc8d6c|COE|NA|8,NA,NA,NA,NA,NA,NA,FALSE,FALSE
374bae6a9cdc8d6c,Brazil 2022,COE,Brazil,2022,COE,NA,9,88.38,Sítio São Sebastião,Merce Jordan Araújo Silva,Natural,Catuaí 144,Chapada Diamantina,https://allianceforcoffeeexcellence.org/brazil-2022/,FALSE,reported,Natural,Natural,Conventional,NA,reported process,9,9,sitio sao sebastiao,merce jordan araujo silva,374bae6a9cdc8d6c|COE|NA|9,NA,NA,NA,NA,NA,NA,FALSE,FALSE
5690e5dd7b7859d2,Brazil 2023,COE,Brazil,2023,COE,Experimental,1,91.32,Fazenda Rio Verde,Ipanema Agrícola S/A,Anaerobic Fermentation,Geisha,Mantiqueira de Minas,https://allianceforcoffeeexcellence.org/brazil-2023/,FALSE,reported,Experimental,Not reported,Experimental,Anaerobic,reported process,1,1,fazenda rio verde,ipanema agricola s a,5690e5dd7b7859d2|COE|Experimental|1,Not reported | Anaerobic,2023,2024,FALSE,TRUE,TRUE,TRUE,FALSE
5690e5dd7b7859d2,Brazil 2023,COE,Brazil,2023,COE,Dry,1,91.38,Fazenda Rainha,Fazenda Sertãozinho Ltda,Natural,Geisha,Região Vulcânica,https://allianceforcoffeeexcellence.org/brazil-2023/,FALSE,reported,Natural,Natural,Conventional,NA,reported process,1,1,fazenda rainha,fazenda sertaozinho ltda,5690e5dd7b7859d2|COE|Dry|1,NA,NA,NA,NA,NA,NA,FALSE,FALSE
5690e5dd7b7859d2,Brazil 2023,COE,Brazil,2023,COE,Wet,1,92.15,Fazenda Rio Verde,Ipanema Agrícola S/A,Pulped Natural,Geisha,Mantiqueira de Minas,https://allianceforcoffeeexcellence.org/brazil-2023/,FALSE,reported,Honey / pulped natural,Honey / pulped natural,Conventional,NA,reported process,1,1,fazenda rio verde,ipanema agricola s a,5690e5dd7b7859d2|COE|Wet|1,NA,NA,NA,NA,NA,NA,FALSE,FALSE
5690e5dd7b7859d2,Brazil 2023,COE,Brazil,2023,COE,Experimental,10,87.24,Fazenda Agua Limpa,Flávio Márcio Ferreira da Silva,Aerobic Fermentation,MGS Paraíso 2,Cerrado Mineiro,https://allianceforcoffeeexcellence.org/brazil-2023/,FALSE,reported,Experimental,Not reported,Experimental,Aerobic fermentation,reported process,10,10,fazenda agua limpa,flavio marcio ferreira da silva,5690e5dd7b7859d2|COE|Experimental|10,Not reported | Aerobic fermentation,2023,2024,FALSE,TRUE,TRUE,TRUE,FALSE
5690e5dd7b7859d2,Brazil 2023,COE,Brazil,2023,COE,Dry,10,87.47,Santiago,Elmiro Alves do Nascimento,Natural,Catigua,Cerrado Mineiro,https://allianceforcoffeeexcellence.org/brazil-2023/,FALSE,reported,Natural,Natural,Conventional,NA,reported process,10,10,santiago,elmiro alves do nascimento,5690e5dd7b7859d2|COE|Dry|10,NA,NA,NA,NA,NA,NA,FALSE,FALSE
5690e5dd7b7859d2,Brazil 2023,COE,Brazil,2023,COE,Wet,10,87.65,Fazenda Agua Limpa,Sandra Maria Vilela Martins,Pulped Natural,Yellow Bourbon,Mantiqueira de Minas,https://allianceforcoffeeexcellence.org/brazil-2023/,FALSE,reported,Honey / pulped natural,Honey / pulped natural,Conventional,NA,reported process,10,10,fazenda agua limpa,sandra maria vilela martins,5690e5dd7b7859d2|COE|Wet|10,NA,NA,NA,NA,NA,NA,FALSE,FALSE
5690e5dd7b7859d2,Brazil 2023,COE,Brazil,2023,COE,Experimental,2,89.88,Ecoagricola Cafe,Ecoagricola Cafe,Anaerobic Fermentation,Catucai 2sl,Chapada de Minas,https://allianceforcoffeeexcellence.org/brazil-2023/,FALSE,reported,Experimental,Not reported,Experimental,Anaerobic,reported process,2,2,ecoagricola cafe,ecoagricola cafe,5690e5dd7b7859d2|COE|Experimental|2,Not reported | Anaerobic,2023,2024,FALSE,TRUE,TRUE,TRUE,FALSE
5690e5dd7b7859d2,Brazil 2023,COE,Brazil,2023,COE,Dry,2,90.12,São Geraldo,Geraldo Alves de Souza,Natural,Red Catuai,Sul de Minas,https://allianceforcoffeeexcellence.org/brazil-2023/,FALSE,reported,Natural,Natural,Conventional,NA,reported process,2,2,sao geraldo,geraldo alves de souza,5690e5dd7b7859d2|COE|Dry|2,NA,NA,NA,NA,NA,NA,FALSE,FALSE
5690e5dd7b7859d2,Brazil 2023,COE,Brazil,2023,COE,Wet,2,91,Sítio Três Barras,Horácio Antônio De Moura,Pulped Natural,Red Catuai,Matas de Minas,https://allianceforcoffeeexcellence.org/brazil-2023/,FALSE,reported,Honey / pulped natural,Honey / pulped natural,Conventional,NA,reported process,2,2,sitio tres barras,horacio antonio de moura,5690e5dd7b7859d2|COE|Wet|2,NA,NA,NA,NA,NA,NA,FALSE,FALSE
5690e5dd7b7859d2,Brazil 2023,COE,Brazil,2023,COE,Experimental,3,89.85,Fazenda Campo ALegre,Jair Brás,Pedro Bras Top,Paraiso 2,Café da Canastra,https://allianceforcoffeeexcellence.org/brazil-2023/,FALSE,reported,Experimental,Not reported,Experimental,Experimental unspecified,reported process,3,3,fazenda campo alegre,jair bras,5690e5dd7b7859d2|COE|Experimental|3,Not reported | Experimental unspecified,2023,2025,FALSE,TRUE,TRUE,TRUE,FALSE
5690e5dd7b7859d2,Brazil 2023,COE,Brazil,2023,COE,Dry,3,90.06,Sitio Santa luzia,Ronaldo da silva,Natural,Cutucaí 2sl,Mantiqueira de Minas,https://allianceforcoffeeexcellence.org/brazil-2023/,FALSE,reported,Natural,Natural,Conventional,NA,reported process,3,3,sitio santa luzia,ronaldo da silva,5690e5dd7b7859d2|COE|Dry|3,NA,NA,NA,NA,NA,NA,FALSE,FALSE
5690e5dd7b7859d2,Brazil 2023,COE,Brazil,2023,COE,Wet,3,89.71,Casa Brás,Pedro Brás,Honey,Geisha,Café da Canastra,https://allianceforcoffeeexcellence.org/brazil-2023/,FALSE,reported,Honey / pulped natural,Honey / pulped natural,Conventional,NA,reported process,3,3,casa bras,pedro bras,5690e5dd7b7859d2|COE|Wet|3,NA,NA,NA,NA,NA,NA,FALSE,FALSE
5690e5dd7b7859d2,Brazil 2023,COE,Brazil,2023,COE,Experimental,4,88.79,Fazenda Santo Antonio,Luiaz Dias Pereira Lobo,Fermented,SL28,Mantiqueira de Minas,https://allianceforcoffeeexcellence.org/brazil-2023/,FALSE,reported,Experimental,Not reported,Experimental,Fermentation unspecified,reported process,4,4,fazenda santo antonio,luiaz dias pereira lobo,5690e5dd7b7859d2|COE|Experimental|4,Not reported | Fermentation unspecified,2023,2023,FALSE,TRUE,FALSE,TRUE,FALSE
5690e5dd7b7859d2,Brazil 2023,COE,Brazil,2023,COE,Dry,4,89.38,Fazenda Recreio,Homero Teixeira De Macedo Junior,Natural,Geisha,Região Vulcânica,https://allianceforcoffeeexcellence.org/brazil-2023/,FALSE,reported,Natural,Natural,Conventional,NA,reported process,4,4,fazenda recreio,homero teixeira de macedo junior,5690e5dd7b7859d2|COE|Dry|4,NA,NA,NA,NA,NA,NA,FALSE,FALSE
5690e5dd7b7859d2,Brazil 2023,COE,Brazil,2023,COE,Wet,4,89.26,Fazenda Rochedo,Jose Maria Martins,Washed,Yellow Catuai,Matas de Minas,https://allianceforcoffeeexcellence.org/brazil-2023/,FALSE,reported,Washed,Washed,Conventional,NA,reported process,4,4,fazenda rochedo,jose maria martins,5690e5dd7b7859d2|COE|Wet|4,NA,NA,NA,NA,NA,NA,FALSE,FALSE
5690e5dd7b7859d2,Brazil 2023,COE,Brazil,2023,COE,Experimental,5,88.76,Fazenda Irmãs Pereira II,Maria Valeria Costa Pereira E Outros,Fermented,Starmaya,Mantiqueira de Minas,https://allianceforcoffeeexcellence.org/brazil-2023/,FALSE,reported,Experimental,Not reported,Experimental,Fermentation unspecified,reported process,5,5,fazenda irmas pereira ii,maria valeria costa pereira e outros,5690e5dd7b7859d2|COE|Experimental|5,Not reported | Fermentation unspecified,2023,2023,FALSE,TRUE,FALSE,TRUE,FALSE
5690e5dd7b7859d2,Brazil 2023,COE,Brazil,2023,COE,Dry,5,88.94,Casa Bras,Pedro Brás,Natural,Geisha,Café da Canastra,https://allianceforcoffeeexcellence.org/brazil-2023/,FALSE,reported,Natural,Natural,Conventional,NA,reported process,5,5,casa bras,pedro bras,5690e5dd7b7859d2|COE|Dry|5,NA,NA,NA,NA,NA,NA,FALSE,FALSE
5690e5dd7b7859d2,Brazil 2023,COE,Brazil,2023,COE,Wet,5,88.88,Corrégo da Liberdade,Jeremias Lietig Braga,Pulped Natural,Catucaí 785,Montanhas do Espírito Santo,https://allianceforcoffeeexcellence.org/brazil-2023/,FALSE,reported,Honey / pulped natural,Honey / pulped natural,Conventional,NA,reported process,5,5,corrego da liberdade,jeremias lietig braga,5690e5dd7b7859d2|COE|Wet|5,NA,NA,NA,NA,NA,NA,FALSE,FALSE
5690e5dd7b7859d2,Brazil 2023,COE,Brazil,2023,COE,Experimental,6,87.62,Paiolinho,Abex Exportação e Comércio de Café LTDA,Anaerobic,Yellow Catuai,Cerrado Mineiro,https://allianceforcoffeeexcellence.org/brazil-2023/,FALSE,reported,Experimental,Not reported,Experimental,Anaerobic,reported process,6,6,paiolinho,abex exportacao e comercio de cafe ltda,5690e5dd7b7859d2|COE|Experimental|6,Not reported | Anaerobic,2023,2024,FALSE,TRUE,TRUE,TRUE,FALSE
5690e5dd7b7859d2,Brazil 2023,COE,Brazil,2023,COE,Dry,6,88.21,Santuário Sul,Santuario Sul Participacoes LTDA,Natural,Geisha,Mantiqueira de Minas,https://allianceforcoffeeexcellence.org/brazil-2023/,FALSE,reported,Natural,Natural,Conventional,NA,reported process,6,6,santuario sul,santuario sul participacoes ltda,5690e5dd7b7859d2|COE|Dry|6,NA,NA,NA,NA,NA,NA,FALSE,FALSE
5690e5dd7b7859d2,Brazil 2023,COE,Brazil,2023,COE,Wet,6,88.03,Fazenda Jr,Jose Flavio Ferraz Reis / Outro,Pulped Natural,Red Catucaí,Mantiqueira de Minas,https://allianceforcoffeeexcellence.org/brazil-2023/,FALSE,reported,Honey / pulped natural,Honey / pulped natural,Conventional,NA,reported process,6,6,fazenda jr,jose flavio ferraz reis outro,5690e5dd7b7859d2|COE|Wet|6,NA,NA,NA,NA,NA,NA,FALSE,FALSE
5690e5dd7b7859d2,Brazil 2023,COE,Brazil,2023,COE,Experimental,7,87.41,Sitio Aguas Claras,Getulio Vilela Martins,Fermented Honey,Yellow Bourbon,Mantiqueira de Minas,https://allianceforcoffeeexcellence.org/brazil-2023/,FALSE,reported,Experimental,Honey / pulped natural,Experimental,Fermentation unspecified,reported process,7,7,sitio aguas claras,getulio vilela martins,5690e5dd7b7859d2|COE|Experimental|7,Honey / pulped natural | Fermentation unspecified,2023,2023,FALSE,TRUE,FALSE,TRUE,FALSE
5690e5dd7b7859d2,Brazil 2023,COE,Brazil,2023,COE,Dry,7,88.15,Ecoagricola Cafe,Ecoagricola Cafe,Natural,Catucaí 2sl,Chapada de Minas,https://allianceforcoffeeexcellence.org/brazil-2023/,FALSE,reported,Natural,Natural,Conventional,NA,reported process,7,7,ecoagricola cafe,ecoagricola cafe,5690e5dd7b7859d2|COE|Dry|7,NA,NA,NA,NA,NA,NA,FALSE,FALSE
5690e5dd7b7859d2,Brazil 2023,COE,Brazil,2023,COE,Wet,7,88,Sítio Liberdade,Luciano Dutra Pimenta,Pulped Natural,Catucai 785/15,Montanhas do Espírito Santo,https://allianceforcoffeeexcellence.org/brazil-2023/,FALSE,reported,Honey / pulped natural,Honey / pulped natural,Conventional,NA,reported process,7,7,sitio liberdade,luciano dutra pimenta,5690e5dd7b7859d2|COE|Wet|7,NA,NA,NA,NA,NA,NA,FALSE,FALSE
5690e5dd7b7859d2,Brazil 2023,COE,Brazil,2023,COE,Experimental,8,87.38,Fazenda Bela Vista,Sebastiana Vicentina De Oliveira Sandi,Fermented Natural,Yellow Catuai,Mantiqueira de Minas,https://allianceforcoffeeexcellence.org/brazil-2023/,FALSE,reported,Experimental,Natural,Experimental,Fermentation unspecified,reported process,8,8,fazenda bela vista,sebastiana vicentina de oliveira sandi,5690e5dd7b7859d2|COE|Experimental|8,Natural | Fermentation unspecified,2023,2023,FALSE,TRUE,FALSE,TRUE,FALSE
5690e5dd7b7859d2,Brazil 2023,COE,Brazil,2023,COE,Dry,8,88,Pedra Branca,Benefício Pedra Branca,Natural,Yellow Bourbon,Mantiqueira de Minas,https://allianceforcoffeeexcellence.org/brazil-2023/,FALSE,reported,Natural,Natural,Conventional,NA,reported process,8,8,pedra branca,beneficio pedra branca,5690e5dd7b7859d2|COE|Dry|8,NA,NA,NA,NA,NA,NA,FALSE,FALSE
5690e5dd7b7859d2,Brazil 2023,COE,Brazil,2023,COE,Wet,8,87.82,Sítio Sr. Niquinho,Luiz Paulo Dias Pereira Filho,Pulped Natural,Geisha,Mantiqueira de Minas,https://allianceforcoffeeexcellence.org/brazil-2023/,FALSE,reported,Honey / pulped natural,Honey / pulped natural,Conventional,NA,reported process,8,8,sitio sr niquinho,luiz paulo dias pereira filho,5690e5dd7b7859d2|COE|Wet|8,NA,NA,NA,NA,NA,NA,FALSE,FALSE
5690e5dd7b7859d2,Brazil 2023,COE,Brazil,2023,COE,Experimental,9,87.38,Fazenda Lagoa Dos Estulanos,Vitor Marcelo Queiroz Barbosa,Experimental,Catuai 99,Cerrado Mineiro,https://allianceforcoffeeexcellence.org/brazil-2023/,FALSE,reported,Experimental,Not reported,Experimental,Experimental unspecified,reported process,9,9,fazenda lagoa dos estulanos,vitor marcelo queiroz barbosa,5690e5dd7b7859d2|COE|Experimental|9,Not reported | Experimental unspecified,2023,2025,FALSE,TRUE,TRUE,TRUE,FALSE
5690e5dd7b7859d2,Brazil 2023,COE,Brazil,2023,COE,Dry,9,87.85,Morada do Sol,Elen Lorencini Moraes,Natural,Catucai 2SL,Cerrado Mineiro,https://allianceforcoffeeexcellence.org/brazil-2023/,FALSE,reported,Natural,Natural,Conventional,NA,reported process,9,9,morada do sol,elen lorencini moraes,5690e5dd7b7859d2|COE|Dry|9,NA,NA,NA,NA,NA,NA,FALSE,FALSE
5690e5dd7b7859d2,Brazil 2023,COE,Brazil,2023,COE,Wet,9,87.79,Chácara Ponto Alto,Ataide Maria Assunção,Pulped Natural,Catuai,Chapada Diamantina,https://allianceforcoffeeexcellence.org/brazil-2023/,FALSE,reported,Honey / pulped natural,Honey / pulped natural,Conventional,NA,reported process,9,9,chacara ponto alto,ataide maria assuncao,5690e5dd7b7859d2|COE|Wet|9,NA,NA,NA,NA,NA,NA,FALSE,FALSE
8f910a10a522a6e4,Brazil 2024,COE,Brazil,2024,COE,Washed + Honey,1A,91.93,Fazenda Sobro E Bonito De Cima – Dbarbosa Coffee,Vitor Marcelo Queiroz Barbosa,Honey,Topázio Amarelo,Cerrado Mineiro,https://allianceforcoffeeexcellence.org/brazil-2024/,FALSE,reported,Honey / pulped natural,Honey / pulped natural,Conventional,NA,reported process,1A,1,fazenda sobro e bonito de cima dbarbosa coffee,vitor marcelo queiroz barbosa,8f910a10a522a6e4|COE|Washed + Honey|1,NA,NA,NA,NA,NA,NA,FALSE,FALSE
8f910a10a522a6e4,Brazil 2024,COE,Brazil,2024,COE,Natural,1A,92.32,Sítio Santa Luzia,Ronaldo Da Silva,Natural,Catucaí Amarelo,Mantiqueira de Minas,https://allianceforcoffeeexcellence.org/brazil-2024/,FALSE,reported,Natural,Natural,Conventional,NA,reported process,1A,1,sitio santa luzia,ronaldo da silva,8f910a10a522a6e4|COE|Natural|1,NA,NA,NA,NA,NA,NA,FALSE,FALSE
8f910a10a522a6e4,Brazil 2024,COE,Brazil,2024,COE,Experimental,1A☘️,93.14,M&F Coffee,Bioma Cafe,Anaerobic fermentation,Arara,Cerrado Mineiro,https://allianceforcoffeeexcellence.org/brazil-2024/,FALSE,reported,Experimental,Not reported,Experimental,Anaerobic,reported process,1A,1,m f coffee,bioma cafe,8f910a10a522a6e4|COE|Experimental|1,Not reported | Anaerobic,2023,2024,FALSE,TRUE,TRUE,FALSE,TRUE
8f910a10a522a6e4,Brazil 2024,COE,Brazil,2024,COE,Washed + Honey,10,88.21,Fazenda Moete,Paulo Lemos Menezes,Pulped,Catuaí Vermelho,Chapada Diamantina,https://allianceforcoffeeexcellence.org/brazil-2024/,FALSE,reported,Honey / pulped natural,Honey / pulped natural,Conventional,NA,reported process,10,10,fazenda moete,paulo lemos menezes,8f910a10a522a6e4|COE|Washed + Honey|10,NA,NA,NA,NA,NA,NA,FALSE,FALSE
8f910a10a522a6e4,Brazil 2024,COE,Brazil,2024,COE,Natural,10,88.21,Sitio Vargem Alegre,Cleverson Daniel,Natural,Yellow Catuai,Mantiqueira de Minas,https://allianceforcoffeeexcellence.org/brazil-2024/,FALSE,reported,Natural,Natural,Conventional,NA,reported process,10,10,sitio vargem alegre,cleverson daniel,8f910a10a522a6e4|COE|Natural|10,NA,NA,NA,NA,NA,NA,FALSE,FALSE
8f910a10a522a6e4,Brazil 2024,COE,Brazil,2024,COE,Washed + Honey,2☘️,90.89,Fazenda Olhos D’Agua,Flávio Marcio Ferreira Da Silva,Demucilaged,Arara,Cerrado Mineiro,https://allianceforcoffeeexcellence.org/brazil-2024/,FALSE,reported,Honey / pulped natural,Honey / pulped natural,Conventional,NA,reported process,2,2,fazenda olhos d agua,flavio marcio ferreira da silva,8f910a10a522a6e4|COE|Washed + Honey|2,NA,NA,NA,NA,NA,NA,FALSE,FALSE
8f910a10a522a6e4,Brazil 2024,COE,Brazil,2024,COE,Natural,2,91.89,Fazenda Rainha,Fazenda Sertãozinho Ltda,Natural,Geisha,Região Vulcânica,https://allianceforcoffeeexcellence.org/brazil-2024/,FALSE,reported,Natural,Natural,Conventional,NA,reported process,2,2,fazenda rainha,fazenda sertaozinho ltda,8f910a10a522a6e4|COE|Natural|2,NA,NA,NA,NA,NA,NA,FALSE,FALSE
8f910a10a522a6e4,Brazil 2024,COE,Brazil,2024,COE,Experimental,2,91,Fazenda Santa Rita Do Xicao,Carmen Lydia Junqueira Puliti Meirelles,Anaerobic fermentation,Geisha,Mantiqueira de Minas,https://allianceforcoffeeexcellence.org/brazil-2024/,FALSE,reported,Experimental,Not reported,Experimental,Anaerobic,reported process,2,2,fazenda santa rita do xicao,carmen lydia junqueira puliti meirelles,8f910a10a522a6e4|COE|Experimental|2,Not reported | Anaerobic,2023,2024,FALSE,TRUE,TRUE,FALSE,TRUE
8f910a10a522a6e4,Brazil 2024,COE,Brazil,2024,COE,Washed + Honey,3,90.21,Sitio Pedro Varinha,Ercilei José De Oliveira,Pulped,Arara,Matas de Minas,https://allianceforcoffeeexcellence.org/brazil-2024/,FALSE,reported,Honey / pulped natural,Honey / pulped natural,Conventional,NA,reported process,3,3,sitio pedro varinha,ercilei jose de oliveira,8f910a10a522a6e4|COE|Washed + Honey|3,NA,NA,NA,NA,NA,NA,FALSE,FALSE
8f910a10a522a6e4,Brazil 2024,COE,Brazil,2024,COE,Natural,3,91.57,Fazenda Rio Verde,Ipanema Agrícola S/A,Natural,Geisha,Mantiqueira de Minas,https://allianceforcoffeeexcellence.org/brazil-2024/,FALSE,reported,Natural,Natural,Conventional,NA,reported process,3,3,fazenda rio verde,ipanema agricola s a,8f910a10a522a6e4|COE|Natural|3,NA,NA,NA,NA,NA,NA,FALSE,FALSE
8f910a10a522a6e4,Brazil 2024,COE,Brazil,2024,COE,Experimental,3,90.5,Fazenda Queixadas/ Cacheira E Palmital,Fabiano Ferreira Da Silva,Macro-aerobic fermentation,Arara,Cerrado Mineiro,https://allianceforcoffeeexcellence.org/brazil-2024/,FALSE,reported,Experimental,Not reported,Experimental,Aerobic fermentation,reported process,3,3,fazenda queixadas cacheira e palmital,fabiano ferreira da silva,8f910a10a522a6e4|COE|Experimental|3,Not reported | Aerobic fermentation,2023,2024,FALSE,TRUE,TRUE,FALSE,TRUE
8f910a10a522a6e4,Brazil 2024,COE,Brazil,2024,COE,Washed + Honey,4,89.93,Vista Brigadeiro,Waldemar Ferreira De Paula Neto,Pulped,Yellow Catuai,Matas de Minas,https://allianceforcoffeeexcellence.org/brazil-2024/,FALSE,reported,Honey / pulped natural,Honey / pulped natural,Conventional,NA,reported process,4,4,vista brigadeiro,waldemar ferreira de paula neto,8f910a10a522a6e4|COE|Washed + Honey|4,NA,NA,NA,NA,NA,NA,FALSE,FALSE
8f910a10a522a6e4,Brazil 2024,COE,Brazil,2024,COE,Natural,4,90.89,Fazenda Boa Vista,Rafael Naves De Figueiredo,Natural,Catucaí,Sul de Minas,https://allianceforcoffeeexcellence.org/brazil-2024/,FALSE,reported,Natural,Natural,Conventional,NA,reported process,4,4,fazenda boa vista,rafael naves de figueiredo,8f910a10a522a6e4|COE|Natural|4,NA,NA,NA,NA,NA,NA,FALSE,FALSE
8f910a10a522a6e4,Brazil 2024,COE,Brazil,2024,COE,Experimental,4,90.36,Fazenda Lagoa Seca,Abex Exportação E Comércio De Café Ltda,Anaerobic fermentation,Yellow Catuai,Cerrado Mineiro,https://allianceforcoffeeexcellence.org/brazil-2024/,FALSE,reported,Experimental,Not reported,Experimental,Anaerobic,reported process,4,4,fazenda lagoa seca,abex exportacao e comercio de cafe ltda,8f910a10a522a6e4|COE|Experimental|4,Not reported | Anaerobic,2023,2024,FALSE,TRUE,TRUE,FALSE,TRUE
8f910a10a522a6e4,Brazil 2024,COE,Brazil,2024,COE,Washed + Honey,5,89.75,Sítio Denizar,Estevão Denizar Douro,Demucilaged,Catucaí Amarelo,Montanhas do Espírito Santo,https://allianceforcoffeeexcellence.org/brazil-2024/,FALSE,reported,Honey / pulped natural,Honey / pulped natural,Conventional,NA,reported process,5,5,sitio denizar,estevao denizar douro,8f910a10a522a6e4|COE|Washed + Honey|5,NA,NA,NA,NA,NA,NA,FALSE,FALSE
8f910a10a522a6e4,Brazil 2024,COE,Brazil,2024,COE,Natural,5,90.57,Fazenda Cotrim E D’Alessandro,Sergio Cotrim D’Alessandro,Natural,Geisha,Matas de Minas,https://allianceforcoffeeexcellence.org/brazil-2024/,FALSE,reported,Natural,Natural,Conventional,NA,reported process,5,5,fazenda cotrim e d alessandro,sergio cotrim d alessandro,8f910a10a522a6e4|COE|Natural|5,NA,NA,NA,NA,NA,NA,FALSE,FALSE
8f910a10a522a6e4,Brazil 2024,COE,Brazil,2024,COE,Experimental,5,90.14,Fazenda Rio Verde,Ipanema Agrícola S/A,Anaerobic fermentation,Geisha,Mantiqueira de Minas,https://allianceforcoffeeexcellence.org/brazil-2024/,FALSE,reported,Experimental,Not reported,Experimental,Anaerobic,reported process,5,5,fazenda rio verde,ipanema agricola s a,8f910a10a522a6e4|COE|Experimental|5,Not reported | Anaerobic,2023,2024,FALSE,TRUE,TRUE,FALSE,TRUE
8f910a10a522a6e4,Brazil 2024,COE,Brazil,2024,COE,Washed + Honey,6☘️,89.14,Fazenda Paredão,Marcelo Assis Nogueira,Honey,Arara,Cerrado Mineiro,https://allianceforcoffeeexcellence.org/brazil-2024/,FALSE,reported,Honey / pulped natural,Honey / pulped natural,Conventional,NA,reported process,6,6,fazenda paredao,marcelo assis nogueira,8f910a10a522a6e4|COE|Washed + Honey|6,NA,NA,NA,NA,NA,NA,FALSE,FALSE
8f910a10a522a6e4,Brazil 2024,COE,Brazil,2024,COE,Natural,6,88.79,Serra Das Tres Barras,Jose Wagner Ribeiro Junqueira,Natural,Catucaí,Mantiqueira de Minas,https://allianceforcoffeeexcellence.org/brazil-2024/,FALSE,reported,Natural,Natural,Conventional,NA,reported process,6,6,serra das tres barras,jose wagner ribeiro junqueira,8f910a10a522a6e4|COE|Natural|6,NA,NA,NA,NA,NA,NA,FALSE,FALSE
8f910a10a522a6e4,Brazil 2024,COE,Brazil,2024,COE,Experimental,6,89.96,Sitio Tres Barras,Manasses Sampaio Dias,Macro-aerobic fermentation,Catucaí Amarelo,Região Vulcânica,https://allianceforcoffeeexcellence.org/brazil-2024/,FALSE,reported,Experimental,Not reported,Experimental,Aerobic fermentation,reported process,6,6,sitio tres barras,manasses sampaio dias,8f910a10a522a6e4|COE|Experimental|6,Not reported | Aerobic fermentation,2023,2024,FALSE,TRUE,TRUE,FALSE,TRUE
8f910a10a522a6e4,Brazil 2024,COE,Brazil,2024,COE,Washed + Honey,7☘️,88.43,Sítio Boa Vista,Osvaldina Alves Dutra,Depulped,Geisha,Matas de Minas,https://allianceforcoffeeexcellence.org/brazil-2024/,FALSE,reported,Honey / pulped natural,Honey / pulped natural,Conventional,NA,reported process,7,7,sitio boa vista,osvaldina alves dutra,8f910a10a522a6e4|COE|Washed + Honey|7,NA,NA,NA,NA,NA,NA,FALSE,FALSE
8f910a10a522a6e4,Brazil 2024,COE,Brazil,2024,COE,Natural,7,88.61,Casa Brás,Pedro Brás,Natural,Geisha,Café da Canastra,https://allianceforcoffeeexcellence.org/brazil-2024/,FALSE,reported,Natural,Natural,Conventional,NA,reported process,7,7,casa bras,pedro bras,8f910a10a522a6e4|COE|Natural|7,NA,NA,NA,NA,NA,NA,FALSE,FALSE
8f910a10a522a6e4,Brazil 2024,COE,Brazil,2024,COE,Experimental,7,88.11,Sítio Da Pedra,Luciano José Braga,Anaerobic fermentation,Arara,Mantiqueira de Minas,https://allianceforcoffeeexcellence.org/brazil-2024/,FALSE,reported,Experimental,Not reported,Experimental,Anaerobic,reported process,7,7,sitio da pedra,luciano jose braga,8f910a10a522a6e4|COE|Experimental|7,Not reported | Anaerobic,2023,2024,FALSE,TRUE,TRUE,FALSE,TRUE
8f910a10a522a6e4,Brazil 2024,COE,Brazil,2024,COE,Washed + Honey,8,88.36,Fazenda Campo Alegre,Jair Brás Da Silva Junior,Honey,Paraiso 2,Café da Canastra,https://allianceforcoffeeexcellence.org/brazil-2024/,FALSE,reported,Honey / pulped natural,Honey / pulped natural,Conventional,NA,reported process,8,8,fazenda campo alegre,jair bras da silva junior,8f910a10a522a6e4|COE|Washed + Honey|8,NA,NA,NA,NA,NA,NA,FALSE,FALSE
8f910a10a522a6e4,Brazil 2024,COE,Brazil,2024,COE,Natural,8☘️,88.61,Fazenda M&F Coffee,Bioma Café,Natural,Arara,Cerrado Mineiro,https://allianceforcoffeeexcellence.org/brazil-2024/,FALSE,reported,Natural,Natural,Conventional,NA,reported process,8,8,fazenda m f coffee,bioma cafe,8f910a10a522a6e4|COE|Natural|8,NA,NA,NA,NA,NA,NA,FALSE,FALSE
8f910a10a522a6e4,Brazil 2024,COE,Brazil,2024,COE,Washed + Honey,9,88.29,Fazenda Primavera Matriz,Ronaldo Morais Pena Filho,Honey,Geisha,Chapada de Minas,https://allianceforcoffeeexcellence.org/brazil-2024/,FALSE,reported,Honey / pulped natural,Honey / pulped natural,Conventional,NA,reported process,9,9,fazenda primavera matriz,ronaldo morais pena filho,8f910a10a522a6e4|COE|Washed + Honey|9,NA,NA,NA,NA,NA,NA,FALSE,FALSE
8f910a10a522a6e4,Brazil 2024,COE,Brazil,2024,COE,Natural,9,88.39,Fazenda Recreio,Homero Teixeira De Macedo Junior,Natural,"Geisha, SL34",Região Vulcânica,https://allianceforcoffeeexcellence.org/brazil-2024/,FALSE,reported,Natural,Natural,Conventional,NA,reported process,9,9,fazenda recreio,homero teixeira de macedo junior,8f910a10a522a6e4|COE|Natural|9,NA,NA,NA,NA,NA,NA,FALSE,FALSE
4d450701ea8feb17,Brazil 2025,COE,Brazil,2025,COE,Washed + Honey,1,91.37,Fazenda Agua Limpa,Marcelo Assis Nogueira,Honey,Arara,Cerrado Mineiro,https://allianceforcoffeeexcellence.org/brazil-2025/,FALSE,reported,Honey / pulped natural,Honey / pulped natural,Conventional,NA,reported process,1,1,fazenda agua limpa,marcelo assis nogueira,4d450701ea8feb17|COE|Washed + Honey|1,NA,NA,NA,NA,NA,NA,FALSE,FALSE
4d450701ea8feb17,Brazil 2025,COE,Brazil,2025,COE,Natural,1,90.79,Fazenda Aracaçu,Paulo Fernando Chaves De Brito,Natural,Arara,Sul de Minas,https://allianceforcoffeeexcellence.org/brazil-2025/,FALSE,reported,Natural,Natural,Conventional,NA,reported process,1,1,fazenda aracacu,paulo fernando chaves de brito,4d450701ea8feb17|COE|Natural|1,NA,NA,NA,NA,NA,NA,FALSE,FALSE
4d450701ea8feb17,Brazil 2025,COE,Brazil,2025,COE,Experimental,1,91.68,Fazenda Rio Verde,Ipanema Agrícola S/A,Experimental,Geisha,Mantiqueira de Minas,https://allianceforcoffeeexcellence.org/brazil-2025/,FALSE,reported,Experimental,Not reported,Experimental,Experimental unspecified,reported process,1,1,fazenda rio verde,ipanema agricola s a,4d450701ea8feb17|COE|Experimental|1,Not reported | Experimental unspecified,2023,2025,FALSE,TRUE,TRUE,FALSE,TRUE
4d450701ea8feb17,Brazil 2025,COE,Brazil,2025,COE,Washed + Honey,10,87.37,Sítio Capadócia Ii,Augusto B Ferreira,Pulped Natural,Arara,Mantiqueira de Minas,https://allianceforcoffeeexcellence.org/brazil-2025/,FALSE,reported,Honey / pulped natural,Honey / pulped natural,Conventional,NA,reported process,10,10,sitio capadocia ii,augusto b ferreira,4d450701ea8feb17|COE|Washed + Honey|10,NA,NA,NA,NA,NA,NA,FALSE,FALSE
4d450701ea8feb17,Brazil 2025,COE,Brazil,2025,COE,Natural,10,87.58,Fazenda Vale Do Cristal,Tomio Fukuda,Natural,Catucaí Açu,Chapada de Minas,https://allianceforcoffeeexcellence.org/brazil-2025/,FALSE,reported,Natural,Natural,Conventional,NA,reported process,10,10,fazenda vale do cristal,tomio fukuda,4d450701ea8feb17|COE|Natural|10,NA,NA,NA,NA,NA,NA,FALSE,FALSE
4d450701ea8feb17,Brazil 2025,COE,Brazil,2025,COE,Experimental,10,88.16,Fazenda Santa Terezinha,Weber Marcos Dias,Experimental,Arara,Região Vulcânica,https://allianceforcoffeeexcellence.org/brazil-2025/,FALSE,reported,Experimental,Not reported,Experimental,Experimental unspecified,reported process,10,10,fazenda santa terezinha,weber marcos dias,4d450701ea8feb17|COE|Experimental|10,Not reported | Experimental unspecified,2023,2025,FALSE,TRUE,TRUE,FALSE,TRUE
4d450701ea8feb17,Brazil 2025,COE,Brazil,2025,COE,Washed + Honey,2,90.82,Fazenda Boa Vista,Marcelo Carvalho Ferraz,Pulped Natural,Catucaí,Mantiqueira de Minas,https://allianceforcoffeeexcellence.org/brazil-2025/,FALSE,reported,Honey / pulped natural,Honey / pulped natural,Conventional,NA,reported process,2,2,fazenda boa vista,marcelo carvalho ferraz,4d450701ea8feb17|COE|Washed + Honey|2,NA,NA,NA,NA,NA,NA,FALSE,FALSE
4d450701ea8feb17,Brazil 2025,COE,Brazil,2025,COE,Natural,2,90.32,Fazenda Sucuri,Danilo Barbosa,Natural,Geisha,Cerrado Mineiro,https://allianceforcoffeeexcellence.org/brazil-2025/,FALSE,reported,Natural,Natural,Conventional,NA,reported process,2,2,fazenda sucuri,danilo barbosa,4d450701ea8feb17|COE|Natural|2,NA,NA,NA,NA,NA,NA,FALSE,FALSE
4d450701ea8feb17,Brazil 2025,COE,Brazil,2025,COE,Experimental,2,91.11,Fazenda Rancho Grande,José Carlos Dos Reis,Experimental,Arara,Sul de Minas,https://allianceforcoffeeexcellence.org/brazil-2025/,FALSE,reported,Experimental,Not reported,Experimental,Experimental unspecified,reported process,2,2,fazenda rancho grande,jose carlos dos reis,4d450701ea8feb17|COE|Experimental|2,Not reported | Experimental unspecified,2023,2025,FALSE,TRUE,TRUE,FALSE,TRUE
4d450701ea8feb17,Brazil 2025,COE,Brazil,2025,COE,Washed + Honey,3,90.5,Fazenda Água Limpa,Osvaldina Alves Dutra,Honey,Kent,Matas de Minas,https://allianceforcoffeeexcellence.org/brazil-2025/,FALSE,reported,Honey / pulped natural,Honey / pulped natural,Conventional,NA,reported process,3,3,fazenda agua limpa,osvaldina alves dutra,4d450701ea8feb17|COE|Washed + Honey|3,NA,NA,NA,NA,NA,NA,FALSE,FALSE
4d450701ea8feb17,Brazil 2025,COE,Brazil,2025,COE,Natural,3,90.11,Fazenda Chapadão,Gustavo Andrade Alvarenga,Natural,Paraíso,Cerrado Mineiro,https://allianceforcoffeeexcellence.org/brazil-2025/,FALSE,reported,Natural,Natural,Conventional,NA,reported process,3,3,fazenda chapadao,gustavo andrade alvarenga,4d450701ea8feb17|COE|Natural|3,NA,NA,NA,NA,NA,NA,FALSE,FALSE
4d450701ea8feb17,Brazil 2025,COE,Brazil,2025,COE,Experimental,3,90.29,Sitio Sao Sebastiao,Sebastião Daniel Da Silva,Experimental,Arara,Mantiqueira de Minas,https://allianceforcoffeeexcellence.org/brazil-2025/,FALSE,reported,Experimental,Not reported,Experimental,Experimental unspecified,reported process,3,3,sitio sao sebastiao,sebastiao daniel da silva,4d450701ea8feb17|COE|Experimental|3,Not reported | Experimental unspecified,2023,2025,FALSE,TRUE,TRUE,FALSE,TRUE
4d450701ea8feb17,Brazil 2025,COE,Brazil,2025,COE,Washed + Honey,4,90.08,Sitio Pedro Varinhas,Ercilei José De Oliveira,Honey,Arara,Matas de Minas,https://allianceforcoffeeexcellence.org/brazil-2025/,FALSE,reported,Honey / pulped natural,Honey / pulped natural,Conventional,NA,reported process,4,4,sitio pedro varinhas,ercilei jose de oliveira,4d450701ea8feb17|COE|Washed + Honey|4,NA,NA,NA,NA,NA,NA,FALSE,FALSE
4d450701ea8feb17,Brazil 2025,COE,Brazil,2025,COE,Natural,4,89.55,Fazenda Olhos D’Água,Flávio Márcio Ferreira Da Silva,Natural,Arara,Cerrado Mineiro,https://allianceforcoffeeexcellence.org/brazil-2025/,FALSE,reported,Natural,Natural,Conventional,NA,reported process,4,4,fazenda olhos d agua,flavio marcio ferreira da silva,4d450701ea8feb17|COE|Natural|4,NA,NA,NA,NA,NA,NA,FALSE,FALSE
4d450701ea8feb17,Brazil 2025,COE,Brazil,2025,COE,Experimental,4,89.89,Fazenda Olhos D’Água,Flávio Márcio Ferreira Da Silva,Experimental,Arara,Cerrado Mineiro,https://allianceforcoffeeexcellence.org/brazil-2025/,FALSE,reported,Experimental,Not reported,Experimental,Experimental unspecified,reported process,4,4,fazenda olhos d agua,flavio marcio ferreira da silva,4d450701ea8feb17|COE|Experimental|4,Not reported | Experimental unspecified,2023,2025,FALSE,TRUE,TRUE,FALSE,TRUE
4d450701ea8feb17,Brazil 2025,COE,Brazil,2025,COE,Washed + Honey,5,89.32,Fazenda Canastra,Edson Luiz Ignacio,Honey,Arara,Cerrado Mineiro,https://allianceforcoffeeexcellence.org/brazil-2025/,FALSE,reported,Honey / pulped natural,Honey / pulped natural,Conventional,NA,reported process,5,5,fazenda canastra,edson luiz ignacio,4d450701ea8feb17|COE|Washed + Honey|5,NA,NA,NA,NA,NA,NA,FALSE,FALSE
4d450701ea8feb17,Brazil 2025,COE,Brazil,2025,COE,Natural,5,89.32,Fazenda Sertão,Francisco Isidro Dias Pereira E Outros,Natural,Topázio,Mantiqueira de Minas,https://allianceforcoffeeexcellence.org/brazil-2025/,FALSE,reported,Natural,Natural,Conventional,NA,reported process,5,5,fazenda sertao,francisco isidro dias pereira e outros,4d450701ea8feb17|COE|Natural|5,NA,NA,NA,NA,NA,NA,FALSE,FALSE
4d450701ea8feb17,Brazil 2025,COE,Brazil,2025,COE,Experimental,5,89.11,Casa Brás,Pedro Brás,Experimental,Geisha,Café da Canastra,https://allianceforcoffeeexcellence.org/brazil-2025/,FALSE,reported,Experimental,Not reported,Experimental,Experimental unspecified,reported process,5,5,casa bras,pedro bras,4d450701ea8feb17|COE|Experimental|5,Not reported | Experimental unspecified,2023,2025,FALSE,TRUE,TRUE,FALSE,TRUE
4d450701ea8feb17,Brazil 2025,COE,Brazil,2025,COE,Washed + Honey,6,88.34,Sitio Vargem Grande,Maria Aparecida Barroso Dos Santos,Washed,Catucaí Amarelo,Matas de Minas,https://allianceforcoffeeexcellence.org/brazil-2025/,FALSE,reported,Washed,Washed,Conventional,NA,reported process,6,6,sitio vargem grande,maria aparecida barroso dos santos,4d450701ea8feb17|COE|Washed + Honey|6,NA,NA,NA,NA,NA,NA,FALSE,FALSE
4d450701ea8feb17,Brazil 2025,COE,Brazil,2025,COE,Natural,6,88.18,Sitio Ponte Alta,Oliveira Consultoria & Treinamento  Ltda,Natural,Arara,Sul de Minas,https://allianceforcoffeeexcellence.org/brazil-2025/,FALSE,reported,Natural,Natural,Conventional,NA,reported process,6,6,sitio ponte alta,oliveira consultoria treinamento ltda,4d450701ea8feb17|COE|Natural|6,NA,NA,NA,NA,NA,NA,FALSE,FALSE
4d450701ea8feb17,Brazil 2025,COE,Brazil,2025,COE,Experimental,6,89.08,Fazenda Abaete Dos Mendes,Eduardo Henrique Soares Pereira,Experimental,Acauã,Cerrado Mineiro,https://allianceforcoffeeexcellence.org/brazil-2025/,FALSE,reported,Experimental,Not reported,Experimental,Experimental unspecified,reported process,6,6,fazenda abaete dos mendes,eduardo henrique soares pereira,4d450701ea8feb17|COE|Experimental|6,Not reported | Experimental unspecified,2023,2025,FALSE,TRUE,TRUE,FALSE,TRUE
4d450701ea8feb17,Brazil 2025,COE,Brazil,2025,COE,Washed + Honey,7,88.21,Fazenda Santa Cecília,Dora Conceição Xavier Cerqueira Silva,Pulped Natural,Arara,Cerrado Mineiro,https://allianceforcoffeeexcellence.org/brazil-2025/,FALSE,reported,Honey / pulped natural,Honey / pulped natural,Conventional,NA,reported process,7,7,fazenda santa cecilia,dora conceicao xavier cerqueira silva,4d450701ea8feb17|COE|Washed + Honey|7,NA,NA,NA,NA,NA,NA,FALSE,FALSE
4d450701ea8feb17,Brazil 2025,COE,Brazil,2025,COE,Natural,7,88.08,Sitio Ponte Alta,Fatima Cilene Oliveira Lami,Natural,Arara,Mantiqueira de Minas,https://allianceforcoffeeexcellence.org/brazil-2025/,FALSE,reported,Natural,Natural,Conventional,NA,reported process,7,7,sitio ponte alta,fatima cilene oliveira lami,4d450701ea8feb17|COE|Natural|7,NA,NA,NA,NA,NA,NA,FALSE,FALSE
4d450701ea8feb17,Brazil 2025,COE,Brazil,2025,COE,Experimental,7,88.82,Fazenda Boa Vista De Pinhal 2,Maria Jose Jardini Da Cunha,Experimental,Arara,Região de Pinhal,https://allianceforcoffeeexcellence.org/brazil-2025/,FALSE,reported,Experimental,Not reported,Experimental,Experimental unspecified,reported process,7,7,fazenda boa vista de pinhal 2,maria jose jardini da cunha,4d450701ea8feb17|COE|Experimental|7,Not reported | Experimental unspecified,2023,2025,FALSE,TRUE,TRUE,FALSE,TRUE
4d450701ea8feb17,Brazil 2025,COE,Brazil,2025,COE,Washed + Honey,8,87.71,Sítio Córrego Frio,Ronaldo Da Silva,Pulped Natural,Bourbon Amarelo,Mantiqueira de Minas,https://allianceforcoffeeexcellence.org/brazil-2025/,FALSE,reported,Honey / pulped natural,Honey / pulped natural,Conventional,NA,reported process,8,8,sitio corrego frio,ronaldo da silva,4d450701ea8feb17|COE|Washed + Honey|8,NA,NA,NA,NA,NA,NA,FALSE,FALSE
4d450701ea8feb17,Brazil 2025,COE,Brazil,2025,COE,Natural,8,88.05,Sítio Santa Fé,Rosângela Camelo Sebe Barbosa,Natural,Arara,Mantiqueira de Minas,https://allianceforcoffeeexcellence.org/brazil-2025/,FALSE,reported,Natural,Natural,Conventional,NA,reported process,8,8,sitio santa fe,rosangela camelo sebe barbosa,4d450701ea8feb17|COE|Natural|8,NA,NA,NA,NA,NA,NA,FALSE,FALSE
4d450701ea8feb17,Brazil 2025,COE,Brazil,2025,COE,Experimental,8,88.37,Fazenda Água Limpa,Osvaldina Alves Dutra,Experimental,Geisha,Matas de Minas,https://allianceforcoffeeexcellence.org/brazil-2025/,FALSE,reported,Experimental,Not reported,Experimental,Experimental unspecified,reported process,8,8,fazenda agua limpa,osvaldina alves dutra,4d450701ea8feb17|COE|Experimental|8,Not reported | Experimental unspecified,2023,2025,FALSE,TRUE,TRUE,FALSE,TRUE
4d450701ea8feb17,Brazil 2025,COE,Brazil,2025,COE,Washed + Honey,9,87.42,Sitio Santa Terezinha,Edson Rosa Garcia,Pulped Natural,Obatã Vermelho,Mantiqueira de Minas,https://allianceforcoffeeexcellence.org/brazil-2025/,FALSE,reported,Honey / pulped natural,Honey / pulped natural,Conventional,NA,reported process,9,9,sitio santa terezinha,edson rosa garcia,4d450701ea8feb17|COE|Washed + Honey|9,NA,NA,NA,NA,NA,NA,FALSE,FALSE
4d450701ea8feb17,Brazil 2025,COE,Brazil,2025,COE,Natural,9,87.66,Fazenda Santa Terezinha,Fabricio Faria Almeida,Natural,"Arara, Catucaí Amarelo, Mundo Novo",Mantiqueira de Minas,https://allianceforcoffeeexcellence.org/brazil-2025/,FALSE,reported,Natural,Natural,Conventional,NA,reported process,9,9,fazenda santa terezinha,fabricio faria almeida,4d450701ea8feb17|COE|Natural|9,NA,NA,NA,NA,NA,NA,FALSE,FALSE
4d450701ea8feb17,Brazil 2025,COE,Brazil,2025,COE,Experimental,9,88.24,Fazenda Das Almas,Matheus Maringoli Muniz,Experimental,Arara,Região Vulcânica,https://allianceforcoffeeexcellence.org/brazil-2025/,FALSE,reported,Experimental,Not reported,Experimental,Experimental unspecified,reported process,9,9,fazenda das almas,matheus maringoli muniz,4d450701ea8feb17|COE|Experimental|9,Not reported | Experimental unspecified,2023,2025,FALSE,TRUE,TRUE,FALSE,TRUE
6125b41b95ca5561,2018,COE,Burundi,2018,COE,NA,1A,91.43,RUBAGABAGA,Barinzigo Honoré – GREENCO,Washed,Bourbon,"KAYANZA, GATARA",https://allianceforcoffeeexcellence.org/burundi-2018/,FALSE,reported,Washed,Washed,Conventional,NA,reported process,1A,1,rubagabaga,barinzigo honore greenco,6125b41b95ca5561|COE|NA|1,NA,NA,NA,NA,NA,NA,FALSE,FALSE
6125b41b95ca5561,2018,COE,Burundi,2018,COE,NA,10,89.71,KINYANA,Faida Denise – GREENCO,Washed,Bourbon,"NGOZI, NGOZI",https://allianceforcoffeeexcellence.org/burundi-2018/,FALSE,reported,Washed,Washed,Conventional,NA,reported process,10,10,kinyana,faida denise greenco,6125b41b95ca5561|COE|NA|10,NA,NA,NA,NA,NA,NA,FALSE,FALSE
6125b41b95ca5561,2018,COE,Burundi,2018,COE,NA,11,88.61,GWIRI,Niyonzima Géovanie – COOP YAGIKAWA,Washed,Bourbon,"KAYANZA, MATONGO",https://allianceforcoffeeexcellence.org/burundi-2018/,FALSE,reported,Washed,Washed,Conventional,NA,reported process,11,11,gwiri,niyonzima geovanie coop yagikawa,6125b41b95ca5561|COE|NA|11,NA,NA,NA,NA,NA,NA,FALSE,FALSE
6125b41b95ca5561,2018,COE,Burundi,2018,COE,NA,12,88.54,NEMBA,Banyansekare Marc – GREENCO,Washed,Bourbon,"KAYANZA, KAYANZA",https://allianceforcoffeeexcellence.org/burundi-2018/,FALSE,reported,Washed,Washed,Conventional,NA,reported process,12,12,nemba,banyansekare marc greenco,6125b41b95ca5561|COE|NA|12,NA,NA,NA,NA,NA,NA,FALSE,FALSE
6125b41b95ca5561,2018,COE,Burundi,2018,COE,NA,13,88.43,NZOVE,Bucumi Consilie – GREENCO,Washed,Bourbon,"NGOZI, MWUMBA",https://allianceforcoffeeexcellence.org/burundi-2018/,FALSE,reported,Washed,Washed,Conventional,NA,reported process,13,13,nzove,bucumi consilie greenco,6125b41b95ca5561|COE|NA|13,NA,NA,NA,NA,NA,NA,FALSE,FALSE
6125b41b95ca5561,2018,COE,Burundi,2018,COE,NA,14,88.39,KIREMA,Nyandwi Immaculée – SOGESTAL KAYANZA,Washed,Bourbon,"NGOZI, BUSIGA",https://allianceforcoffeeexcellence.org/burundi-2018/,FALSE,reported,Washed,Washed,Conventional,NA,reported process,14,14,kirema,nyandwi immaculee sogestal kayanza,6125b41b95ca5561|COE|NA|14,NA,NA,NA,NA,NA,NA,FALSE,FALSE
6125b41b95ca5561,2018,COE,Burundi,2018,COE,NA,15,88.29,KIBINGO,Miburo Anicet – GREENCO,Washed,Bourbon,"KAYANZA, KAYANZA",https://allianceforcoffeeexcellence.org/burundi-2018/,FALSE,reported,Washed,Washed,Conventional,NA,reported process,15,15,kibingo,miburo anicet greenco,6125b41b95ca5561|COE|NA|15,NA,NA,NA,NA,NA,NA,FALSE,FALSE
6125b41b95ca5561,2018,COE,Burundi,2018,COE,NA,16,88.25,YANDARO,Minani Eliphase – GREENCO,Washed,Bourbon,"KAYANZA, KABARORE",https://allianceforcoffeeexcellence.org/burundi-2018/,FALSE,reported,Washed,Washed,Conventional,NA,reported process,16,16,yandaro,minani eliphase greenco,6125b41b95ca5561|COE|NA|16,NA,NA,NA,NA,NA,NA,FALSE,FALSE
6125b41b95ca5561,2018,COE,Burundi,2018,COE,NA,17,88.18,BUZIRAGUHINDWA,Barisesa Immaculée – CPC,Washed,Bourbon,"KAYANZA, MURUTA",https://allianceforcoffeeexcellence.org/burundi-2018/,FALSE,reported,Washed,Washed,Conventional,NA,reported process,17,17,buziraguhindwa,barisesa immaculee cpc,6125b41b95ca5561|COE|NA|17,NA,NA,NA,NA,NA,NA,FALSE,FALSE
6125b41b95ca5561,2018,COE,Burundi,2018,COE,NA,18,88.14,KAGOMA,Minani Balthazar – GREENCO,Washed,Bourbon,"NGOZI, NYAMURENZA",https://allianceforcoffeeexcellence.org/burundi-2018/,FALSE,reported,Washed,Washed,Conventional,NA,reported process,18,18,kagoma,minani balthazar greenco,6125b41b95ca5561|COE|NA|18,NA,NA,NA,NA,NA,NA,FALSE,FALSE
6125b41b95ca5561,2018,COE,Burundi,2018,COE,NA,19,88.14,NKAKA,Ngendakumana Salvator – GREENCO,Washed,Bourbon,"NGOZI, MWUMBA",https://allianceforcoffeeexcellence.org/burundi-2018/,FALSE,reported,Washed,Washed,Conventional,NA,reported process,19,19,nkaka,ngendakumana salvator greenco,6125b41b95ca5561|COE|NA|19,NA,NA,NA,NA,NA,NA,FALSE,FALSE
6125b41b95ca5561,2018,COE,Burundi,2018,COE,NA,2A,91.14,MUNKAZE COFFEE,Bavumiragira Antoine – BUJA COFFEE 15+,Washed,Bourbon,"KAYANZA, KAYANZA",https://allianceforcoffeeexcellence.org/burundi-2018/,FALSE,reported,Washed,Washed,Conventional,NA,reported process,2A,2,munkaze coffee,bavumiragira antoine buja coffee 15,6125b41b95ca5561|COE|NA|2,NA,NA,NA,NA,NA,NA,FALSE,FALSE
6125b41b95ca5561,2018,COE,Burundi,2018,COE,NA,20,88.11,BWAYI,Mpamira Joseph – SOGESTAL KAYANZA,Washed,Bourbon,"KAYANZA, MATONGO",https://allianceforcoffeeexcellence.org/burundi-2018/,FALSE,reported,Washed,Washed,Conventional,NA,reported process,20,20,bwayi,mpamira joseph sogestal kayanza,6125b41b95ca5561|COE|NA|20,NA,NA,NA,NA,NA,NA,FALSE,FALSE
6125b41b95ca5561,2018,COE,Burundi,2018,COE,NA,21,88.11,GWIRI,Ntungicimpaye Caline – COOP YAGIKAWA,Washed,Bourbon,"KAYANZA, MATONGO",https://allianceforcoffeeexcellence.org/burundi-2018/,FALSE,reported,Washed,Washed,Conventional,NA,reported process,21,21,gwiri,ntungicimpaye caline coop yagikawa,6125b41b95ca5561|COE|NA|21,NA,NA,NA,NA,NA,NA,FALSE,FALSE
6125b41b95ca5561,2018,COE,Burundi,2018,COE,NA,22,88,BUKEYE,Ndorere Juvenal – CCC,Washed,Bourbon,"MURAMVYA, BUKEYE",https://allianceforcoffeeexcellence.org/burundi-2018/,FALSE,reported,Washed,Washed,Conventional,NA,reported process,22,22,bukeye,ndorere juvenal ccc,6125b41b95ca5561|COE|NA|22,NA,NA,NA,NA,NA,NA,FALSE,FALSE
6125b41b95ca5561,2018,COE,Burundi,2018,COE,NA,23,87.89,NEMBA,Barutwanayo Cassien – GREENCO,Washed,Bourbon,"KAYANZA, KAYANZA",https://allianceforcoffeeexcellence.org/burundi-2018/,FALSE,reported,Washed,Washed,Conventional,NA,reported process,23,23,nemba,barutwanayo cassien greenco,6125b41b95ca5561|COE|NA|23,NA,NA,NA,NA,NA,NA,FALSE,FALSE
6125b41b95ca5561,2018,COE,Burundi,2018,COE,NA,24,87.71,MPANGA,– MATRACO,Washed,Bourbon,"KAYANZA, KAYANZA",https://allianceforcoffeeexcellence.org/burundi-2018/,FALSE,reported,Washed,Washed,Conventional,NA,reported process,24,24,mpanga,matraco,6125b41b95ca5561|COE|NA|24,NA,NA,NA,NA,NA,NA,FALSE,FALSE
6125b41b95ca5561,2018,COE,Burundi,2018,COE,NA,25,87.68,KAZIBAZIBA,Manirakiza Thérèse – COOP DOHORERABARIMYI,Washed,Bourbon,"KAYANZA, KABARORE",https://allianceforcoffeeexcellence.org/burundi-2018/,FALSE,reported,Washed,Washed,Conventional,NA,reported process,25,25,kazibaziba,manirakiza therese coop dohorerabarimyi,6125b41b95ca5561|COE|NA|25,NA,NA,NA,NA,NA,NA,FALSE,FALSE
6125b41b95ca5561,2018,COE,Burundi,2018,COE,NA,26,87.54,KAGOMA,Manimbona Laurant – GREENCO,Washed,Bourbon,"NGOZI, NYAMURENZA",https://allianceforcoffeeexcellence.org/burundi-2018/,FALSE,reported,Washed,Washed,Conventional,NA,reported process,26,26,kagoma,manimbona laurant greenco,6125b41b95ca5561|COE|NA|26,NA,NA,NA,NA,NA,NA,FALSE,FALSE
6125b41b95ca5561,2018,COE,Burundi,2018,COE,NA,27,87.46,MUNYINYA,Biyuhire Joselyne – MUNYINYA COFFEE,Washed,Bourbon,"KAYANZA, BUTAGANZWA",https://allianceforcoffeeexcellence.org/burundi-2018/,FALSE,reported,Washed,Washed,Conventional,NA,reported process,27,27,munyinya,biyuhire joselyne munyinya coffee,6125b41b95ca5561|COE|NA|27,NA,NA,NA,NA,NA,NA,FALSE,FALSE
6125b41b95ca5561,2018,COE,Burundi,2018,COE,NA,28,87.46,BUSINDE,Nsengiyumva Désiré – MATRACO,Washed,Bourbon,"KAYANZA, GAHOMBO",https://allianceforcoffeeexcellence.org/burundi-2018/,FALSE,reported,Washed,Washed,Conventional,NA,reported process,28,28,businde,nsengiyumva desire matraco,6125b41b95ca5561|COE|NA|28,NA,NA,NA,NA,NA,NA,FALSE,FALSE
6125b41b95ca5561,2018,COE,Burundi,2018,COE,NA,29,87.11,KAGOMA,Hatungimana Donatien – GREENCO,Washed,Bourbon,"NGOZI, NYAMURENZA",https://allianceforcoffeeexcellence.org/burundi-2018/,FALSE,reported,Washed,Washed,Conventional,NA,reported process,29,29,kagoma,hatungimana donatien greenco,6125b41b95ca5561|COE|NA|29,NA,NA,NA,NA,NA,NA,FALSE,FALSE
6125b41b95ca5561,2018,COE,Burundi,2018,COE,NA,3A,90.57,RUBAGABAGA,Bucumi Casimile – GREENCO,Washed,Bourbon,"KAYANZA, GATARA",https://allianceforcoffeeexcellence.org/burundi-2018/,FALSE,reported,Washed,Washed,Conventional,NA,reported process,3A,3,rubagabaga,bucumi casimile greenco,6125b41b95ca5561|COE|NA|3,NA,NA,NA,NA,NA,NA,FALSE,FALSE
6125b41b95ca5561,2018,COE,Burundi,2018,COE,NA,4A,90.46,BWAYI,Minani Agnès – SOGESTAL KAYANZA,Washed,Bourbon,"KAYANZA, MATONGO",https://allianceforcoffeeexcellence.org/burundi-2018/,FALSE,reported,Washed,Washed,Conventional,NA,reported process,4A,4,bwayi,minani agnes sogestal kayanza,6125b41b95ca5561|COE|NA|4,NA,NA,NA,NA,NA,NA,FALSE,FALSE
6125b41b95ca5561,2018,COE,Burundi,2018,COE,NA,5A,90.32,NEMBA,Miburo Adrien – GREENCO,Washed,Bourbon,"KAYANZA, KAYANZA",https://allianceforcoffeeexcellence.org/burundi-2018/,FALSE,reported,Washed,Washed,Conventional,NA,reported process,5A,5,nemba,miburo adrien greenco,6125b41b95ca5561|COE|NA|5,NA,NA,NA,NA,NA,NA,FALSE,FALSE
6125b41b95ca5561,2018,COE,Burundi,2018,COE,NA,6A,90.32,NZOVE,Minani Elias – GREENCO,Washed,Bourbon,"NGOZI, MWUMBA",https://allianceforcoffeeexcellence.org/burundi-2018/,FALSE,reported,Washed,Washed,Conventional,NA,reported process,6A,6,nzove,minani elias greenco,6125b41b95ca5561|COE|NA|6,NA,NA,NA,NA,NA,NA,FALSE,FALSE
6125b41b95ca5561,2018,COE,Burundi,2018,COE,NA,7A,90.25,BWAYI,Nizigiyimana Léonard – SOGESTAL KAYANZA,Washed,Bourbon,"KAYANZA, MATONGO",https://allianceforcoffeeexcellence.org/burundi-2018/,FALSE,reported,Washed,Washed,Conventional,NA,reported process,7A,7,bwayi,nizigiyimana leonard sogestal kayanza,6125b41b95ca5561|COE|NA|7,NA,NA,NA,NA,NA,NA,FALSE,FALSE
6125b41b95ca5561,2018,COE,Burundi,2018,COE,NA,8,89.96,BUZIRAGUHINDWA,Sindihebura Aghalte – CPC,Washed,Bourbon,"KAYANZA, MURUTA",https://allianceforcoffeeexcellence.org/burundi-2018/,FALSE,reported,Washed,Washed,Conventional,NA,reported process,8,8,buziraguhindwa,sindihebura aghalte cpc,6125b41b95ca5561|COE|NA|8,NA,NA,NA,NA,NA,NA,FALSE,FALSE
6125b41b95ca5561,2018,COE,Burundi,2018,COE,NA,9,89.79,NKAKA,Minani Balthazar – GREENCO,Washed,Bourbon,"NGOZI, MWUMBA",https://allianceforcoffeeexcellence.org/burundi-2018/,FALSE,reported,Washed,Washed,Conventional,NA,reported process,9,9,nkaka,minani balthazar greenco,6125b41b95ca5561|COE|NA|9,NA,NA,NA,NA,NA,NA,FALSE,FALSE
5add2920159e49b6,2019,COE,Burundi,2019,COE,NA,1a,90.13,GATUKUZA,NA,Natural,Bourbon,"NGOZI, GASHIKANWA",https://allianceforcoffeeexcellence.org/burundi-2019/,FALSE,reported,Natural,Natural,Conventional,NA,reported process,1A,1,gatukuza,NA,5add2920159e49b6|COE|NA|1,NA,NA,NA,NA,NA,NA,FALSE,FALSE
5add2920159e49b6,2019,COE,Burundi,2019,COE,NA,10,88.88,NKUBA,NA,Natural,Bourbon,"KAYANZA, KAYANZA",https://allianceforcoffeeexcellence.org/burundi-2019/,FALSE,reported,Natural,Natural,Conventional,NA,reported process,10,10,nkuba,NA,5add2920159e49b6|COE|NA|10,NA,NA,NA,NA,NA,NA,FALSE,FALSE
5add2920159e49b6,2019,COE,Burundi,2019,COE,NA,11,87.9,GISHA,NA,Washed,Bourbon,"NGOZI, TANGARA",https://allianceforcoffeeexcellence.org/burundi-2019/,FALSE,reported,Washed,Washed,Conventional,NA,reported process,11,11,gisha,NA,5add2920159e49b6|COE|NA|11,NA,NA,NA,NA,NA,NA,FALSE,FALSE
5add2920159e49b6,2019,COE,Burundi,2019,COE,NA,12,87.88,MUTANGA,NA,Washed,Bourbon,"RUMONGE, BUYENGERO",https://allianceforcoffeeexcellence.org/burundi-2019/,FALSE,reported,Washed,Washed,Conventional,NA,reported process,12,12,mutanga,NA,5add2920159e49b6|COE|NA|12,NA,NA,NA,NA,NA,NA,FALSE,FALSE
5add2920159e49b6,2019,COE,Burundi,2019,COE,NA,13,87.78,NGOGOMO,NA,Washed,Bourbon,"MUYINGA, GASORWE",https://allianceforcoffeeexcellence.org/burundi-2019/,FALSE,reported,Washed,Washed,Conventional,NA,reported process,13,13,ngogomo,NA,5add2920159e49b6|COE|NA|13,NA,NA,NA,NA,NA,NA,FALSE,FALSE
5add2920159e49b6,2019,COE,Burundi,2019,COE,NA,14,87.75,RWIRI,NA,Washed,Bourbon,"KAYANZA, MATONGO",https://allianceforcoffeeexcellence.org/burundi-2019/,FALSE,reported,Washed,Washed,Conventional,NA,reported process,14,14,rwiri,NA,5add2920159e49b6|COE|NA|14,NA,NA,NA,NA,NA,NA,FALSE,FALSE
5add2920159e49b6,2019,COE,Burundi,2019,COE,NA,15,87.73,BUTEZI,NA,Washed,Bourbon,"KAYANZA, GAHOMBO",https://allianceforcoffeeexcellence.org/burundi-2019/,FALSE,reported,Washed,Washed,Conventional,NA,reported process,15,15,butezi,NA,5add2920159e49b6|COE|NA|15,NA,NA,NA,NA,NA,NA,FALSE,FALSE
5add2920159e49b6,2019,COE,Burundi,2019,COE,NA,16,87.67,KAREHE,NA,Washed,Bourbon,"NGOZI, BUSIGA",https://allianceforcoffeeexcellence.org/burundi-2019/,FALSE,reported,Washed,Washed,Conventional,NA,reported process,16,16,karehe,NA,5add2920159e49b6|COE|NA|16,NA,NA,NA,NA,NA,NA,FALSE,FALSE
5add2920159e49b6,2019,COE,Burundi,2019,COE,NA,17,87.58,NYAMASO,NA,Washed,Bourbon,"MUYINGA, MUYINGA",https://allianceforcoffeeexcellence.org/burundi-2019/,FALSE,reported,Washed,Washed,Conventional,NA,reported process,17,17,nyamaso,NA,5add2920159e49b6|COE|NA|17,NA,NA,NA,NA,NA,NA,FALSE,FALSE
5add2920159e49b6,2019,COE,Burundi,2019,COE,NA,18,87.57,RUHORORO,NA,Washed,Bourbon,"KAYANZA, KABARORE",https://allianceforcoffeeexcellence.org/burundi-2019/,FALSE,reported,Washed,Washed,Conventional,NA,reported process,18,18,ruhororo,NA,5add2920159e49b6|COE|NA|18,NA,NA,NA,NA,NA,NA,FALSE,FALSE
5add2920159e49b6,2019,COE,Burundi,2019,COE,NA,19,87.4,RWIRI,NA,Washed,Bourbon,"KAYANZA, MATONGO",https://allianceforcoffeeexcellence.org/burundi-2019/,FALSE,reported,Washed,Washed,Conventional,NA,reported process,19,19,rwiri,NA,5add2920159e49b6|COE|NA|19,NA,NA,NA,NA,NA,NA,FALSE,FALSE
5add2920159e49b6,2019,COE,Burundi,2019,COE,NA,2,89.92,GITWENGE,NA,Washed,Bourbon,"KAYANZA, GATARA",https://allianceforcoffeeexcellence.org/burundi-2019/,FALSE,reported,Washed,Washed,Conventional,NA,reported process,2,2,gitwenge,NA,5add2920159e49b6|COE|NA|2,NA,NA,NA,NA,NA,NA,FALSE,FALSE
5add2920159e49b6,2019,COE,Burundi,2019,COE,NA,20,87.4,NYAGASHIHA,NA,Washed,Bourbon,"RUMONGE, BURAMBI",https://allianceforcoffeeexcellence.org/burundi-2019/,FALSE,reported,Washed,Washed,Conventional,NA,reported process,20,20,nyagashiha,NA,5add2920159e49b6|COE|NA|20,NA,NA,NA,NA,NA,NA,FALSE,FALSE
5add2920159e49b6,2019,COE,Burundi,2019,COE,NA,21,87.23,RUKARAZO,NA,Washed,Bourbon,"NGOZI, MWUMBA",https://allianceforcoffeeexcellence.org/burundi-2019/,FALSE,reported,Washed,Washed,Conventional,NA,reported process,21,21,rukarazo,NA,5add2920159e49b6|COE|NA|21,NA,NA,NA,NA,NA,NA,FALSE,FALSE
5add2920159e49b6,2019,COE,Burundi,2019,COE,NA,22,87.2,RURENGERA,NA,Washed,Bourbon,"GITEGA, MUTAHO",https://allianceforcoffeeexcellence.org/burundi-2019/,FALSE,reported,Washed,Washed,Conventional,NA,reported process,22,22,rurengera,NA,5add2920159e49b6|COE|NA|22,NA,NA,NA,NA,NA,NA,FALSE,FALSE
5add2920159e49b6,2019,COE,Burundi,2019,COE,NA,23,87.07,BUTIHINDA,NA,Washed,Bourbon,"MUYINGA, BUTIHINDA",https://allianceforcoffeeexcellence.org/burundi-2019/,FALSE,reported,Washed,Washed,Conventional,NA,reported process,23,23,butihinda,NA,5add2920159e49b6|COE|NA|23,NA,NA,NA,NA,NA,NA,FALSE,FALSE
5add2920159e49b6,2019,COE,Burundi,2019,COE,NA,3,89.43,KARINZI,NA,Washed,Bourbon,"KAYANZA, KAYANZA",https://allianceforcoffeeexcellence.org/burundi-2019/,FALSE,reported,Washed,Washed,Conventional,NA,reported process,3,3,karinzi,NA,5add2920159e49b6|COE|NA|3,NA,NA,NA,NA,NA,NA,FALSE,FALSE
5add2920159e49b6,2019,COE,Burundi,2019,COE,NA,4,89.27,KIRIRIMA,NA,Washed,Bourbon,"KAYANZA, KABARORE",https://allianceforcoffeeexcellence.org/burundi-2019/,FALSE,reported,Washed,Washed,Conventional,NA,reported process,4,4,kiririma,NA,5add2920159e49b6|COE|NA|4,NA,NA,NA,NA,NA,NA,FALSE,FALSE
5add2920159e49b6,2019,COE,Burundi,2019,COE,NA,5,89.25,KAZIBAZIBA,NA,Washed,Bourbon,"KAYANZA, KABARORE",https://allianceforcoffeeexcellence.org/burundi-2019/,FALSE,reported,Washed,Washed,Conventional,NA,reported process,5,5,kazibaziba,NA,5add2920159e49b6|COE|NA|5,NA,NA,NA,NA,NA,NA,FALSE,FALSE
5add2920159e49b6,2019,COE,Burundi,2019,COE,NA,6,89.22,MUGIRAMPEKE,NA,Washed,Bourbon,"NGOZI, TANGARA",https://allianceforcoffeeexcellence.org/burundi-2019/,FALSE,reported,Washed,Washed,Conventional,NA,reported process,6,6,mugirampeke,NA,5add2920159e49b6|COE|NA|6,NA,NA,NA,NA,NA,NA,FALSE,FALSE
5add2920159e49b6,2019,COE,Burundi,2019,COE,NA,7,89.15,MARURI,NA,Washed,Bourbon,"KAYANZA, KAYANZA",https://allianceforcoffeeexcellence.org/burundi-2019/,FALSE,reported,Washed,Washed,Conventional,NA,reported process,7,7,maruri,NA,5add2920159e49b6|COE|NA|7,NA,NA,NA,NA,NA,NA,FALSE,FALSE
5add2920159e49b6,2019,COE,Burundi,2019,COE,NA,8,89.05,GACOKWE,NA,Washed,Bourbon,"KAYANZA, RANGO",https://allianceforcoffeeexcellence.org/burundi-2019/,FALSE,reported,Washed,Washed,Conventional,NA,reported process,8,8,gacokwe,NA,5add2920159e49b6|COE|NA|8,NA,NA,NA,NA,NA,NA,FALSE,FALSE
5add2920159e49b6,2019,COE,Burundi,2019,COE,NA,9,89,KIREMA,NA,Washed,Bourbon,"KAYANZA, KAYANZA",https://allianceforcoffeeexcellence.org/burundi-2019/,FALSE,reported,Washed,Washed,Conventional,NA,reported process,9,9,kirema,NA,5add2920159e49b6|COE|NA|9,NA,NA,NA,NA,NA,NA,FALSE,FALSE
05dea4f9ef49cf00,2018,COE,Colombia,2018,COE,NA,1a,91.35,Cumaral,Andres Londoño Montoya,Washed,Geisha Bourbón,"Montenegro, Quindio",https://allianceforcoffeeexcellence.org/colombia-2018/,FALSE,reported,Washed,Washed,Conventional,NA,reported process,1A,1,cumaral,andres londono montoya,05dea4f9ef49cf00|COE|NA|1,NA,NA,NA,NA,NA,NA,FALSE,FALSE
05dea4f9ef49cf00,2018,COE,Colombia,2018,COE,NA,10,89.76,El Paraiso,Diego Samuel Bermudez Tapia,Double Anaerobic,Bourbón,"Piendamo, Cauca",https://allianceforcoffeeexcellence.org/colombia-2018/,FALSE,reported,Experimental,Not reported,Experimental,Double fermentation,reported process,10,10,el paraiso,diego samuel bermudez tapia,05dea4f9ef49cf00|COE|NA|10,Not reported | Double fermentation,2018,2018,TRUE,FALSE,FALSE,FALSE,FALSE
05dea4f9ef49cf00,2018,COE,Colombia,2018,COE,NA,11,88.85,El Paraiso,Jose Gomez,Washed,Caturra,"Buesaco, Nariño",https://allianceforcoffeeexcellence.org/colombia-2018/,FALSE,reported,Washed,Washed,Conventional,NA,reported process,11,11,el paraiso,jose gomez,05dea4f9ef49cf00|COE|NA|11,NA,NA,NA,NA,NA,NA,FALSE,FALSE
05dea4f9ef49cf00,2018,COE,Colombia,2018,COE,NA,12,87.65,El Vergel,Juval Antonio Gutierrez,Washed,Caturra Colombia,"Santa Maria, Huila",https://allianceforcoffeeexcellence.org/colombia-2018/,FALSE,reported,Washed,Washed,Conventional,NA,reported process,12,12,el vergel,juval antonio gutierrez,05dea4f9ef49cf00|COE|NA|12,NA,NA,NA,NA,NA,NA,FALSE,FALSE
05dea4f9ef49cf00,2018,COE,Colombia,2018,COE,NA,13,87.62,El Diviso,Linarco Rodriguez Ospina,Washed,Caturra Typica,"Palestina, Huila",https://allianceforcoffeeexcellence.org/colombia-2018/,FALSE,reported,Washed,Washed,Conventional,NA,reported process,13,13,el diviso,linarco rodriguez ospina,05dea4f9ef49cf00|COE|NA|13,NA,NA,NA,NA,NA,NA,FALSE,FALSE
05dea4f9ef49cf00,2018,COE,Colombia,2018,COE,NA,14,87.53,Llano Redondo,Angel Maria Lopez Imbajoa,Washed,Caturra Castillo,"Buesaco, Nariño",https://allianceforcoffeeexcellence.org/colombia-2018/,FALSE,reported,Washed,Washed,Conventional,NA,reported process,14,14,llano redondo,angel maria lopez imbajoa,05dea4f9ef49cf00|COE|NA|14,NA,NA,NA,NA,NA,NA,FALSE,FALSE
05dea4f9ef49cf00,2018,COE,Colombia,2018,COE,NA,15,87.5,Mexico,Milton Vicente Narvaez Jurado,Washed,Colombia Castillo,"Buesaco, Nariño",https://allianceforcoffeeexcellence.org/colombia-2018/,FALSE,reported,Washed,Washed,Conventional,NA,reported process,15,15,mexico,milton vicente narvaez jurado,05dea4f9ef49cf00|COE|NA|15,NA,NA,NA,NA,NA,NA,FALSE,FALSE
05dea4f9ef49cf00,2018,COE,Colombia,2018,COE,NA,16,87.38,Los Alpez,Amparo Pajoy,Washed,Caturra Colombia,"La Plata, Huila",https://allianceforcoffeeexcellence.org/colombia-2018/,FALSE,reported,Washed,Washed,Conventional,NA,reported process,16,16,los alpez,amparo pajoy,05dea4f9ef49cf00|COE|NA|16,NA,NA,NA,NA,NA,NA,FALSE,FALSE
05dea4f9ef49cf00,2018,COE,Colombia,2018,COE,NA,17,87.32,Mirador – El Naranjo,Rodrigo Arley Diaz Diaz,Washed,Caturra Colombia,"Buesaco, Nariño",https://allianceforcoffeeexcellence.org/colombia-2018/,FALSE,reported,Washed,Washed,Conventional,NA,reported process,17,17,mirador el naranjo,rodrigo arley diaz diaz,05dea4f9ef49cf00|COE|NA|17,NA,NA,NA,NA,NA,NA,FALSE,FALSE
05dea4f9ef49cf00,2018,COE,Colombia,2018,COE,NA,18,87.24,Villa Martinez,Gustavo Ramos,Washed,Caturra,"Gigante, Huila",https://allianceforcoffeeexcellence.org/colombia-2018/,FALSE,reported,Washed,Washed,Conventional,NA,reported process,18,18,villa martinez,gustavo ramos,05dea4f9ef49cf00|COE|NA|18,NA,NA,NA,NA,NA,NA,FALSE,FALSE
05dea4f9ef49cf00,2018,COE,Colombia,2018,COE,NA,19,87.21,Cuchilla Loma Gorda,Guillermo Leon Valencia Burbano,Washed,Caturra,"Buesaco, Nariño",https://allianceforcoffeeexcellence.org/colombia-2018/,FALSE,reported,Washed,Washed,Conventional,NA,reported process,19,19,cuchilla loma gorda,guillermo leon valencia burbano,05dea4f9ef49cf00|COE|NA|19,NA,NA,NA,NA,NA,NA,FALSE,FALSE
05dea4f9ef49cf00,2018,COE,Colombia,2018,COE,NA,2a,91.18,La España 1,Duberney Cifuentes Fajardo,Washed,Geisha,"Planadas, Tolima",https://allianceforcoffeeexcellence.org/colombia-2018/,FALSE,reported,Washed,Washed,Conventional,NA,reported process,2A,2,la espana 1,duberney cifuentes fajardo,05dea4f9ef49cf00|COE|NA|2,NA,NA,NA,NA,NA,NA,FALSE,FALSE
05dea4f9ef49cf00,2018,COE,Colombia,2018,COE,NA,20,87.12,El Trapiche,Marco Avelio Lasso Muñoz,Honey,Caturra,"San Pedro Cartago, Nariño",https://allianceforcoffeeexcellence.org/colombia-2018/,FALSE,reported,Honey / pulped natural,Honey / pulped natural,Conventional,NA,reported process,20,20,el trapiche,marco avelio lasso munoz,05dea4f9ef49cf00|COE|NA|20,NA,NA,NA,NA,NA,NA,FALSE,FALSE
05dea4f9ef49cf00,2018,COE,Colombia,2018,COE,NA,21,87.03,Buena Vista,Edgar Motta Vargas,Washed,Bourbón,"Acevedo, Huila",https://allianceforcoffeeexcellence.org/colombia-2018/,FALSE,reported,Washed,Washed,Conventional,NA,reported process,21,21,buena vista,edgar motta vargas,05dea4f9ef49cf00|COE|NA|21,NA,NA,NA,NA,NA,NA,FALSE,FALSE
05dea4f9ef49cf00,2018,COE,Colombia,2018,COE,NA,22,87,Quijiana,Fernando Garcia Contreras,Washed,Caturra,"Pital, Huila",https://allianceforcoffeeexcellence.org/colombia-2018/,FALSE,reported,Washed,Washed,Conventional,NA,reported process,22,22,quijiana,fernando garcia contreras,05dea4f9ef49cf00|COE|NA|22,NA,NA,NA,NA,NA,NA,FALSE,FALSE
05dea4f9ef49cf00,2018,COE,Colombia,2018,COE,NA,23,86.97,Casa Blanca,Darwin Fernandez Narvaez,Honey,Caturra,"La Unión, Nariño",https://allianceforcoffeeexcellence.org/colombia-2018/,FALSE,reported,Honey / pulped natural,Honey / pulped natural,Conventional,NA,reported process,23,23,casa blanca,darwin fernandez narvaez,05dea4f9ef49cf00|COE|NA|23,NA,NA,NA,NA,NA,NA,FALSE,FALSE
05dea4f9ef49cf00,2018,COE,Colombia,2018,COE,NA,24,86.94,Altos de la Colina,Oscar James Jurado Andrade,Washed,Caturra Maragogype,"Buesaco, Nariño",https://allianceforcoffeeexcellence.org/colombia-2018/,FALSE,reported,Washed,Washed,Conventional,NA,reported process,24,24,altos de la colina,oscar james jurado andrade,05dea4f9ef49cf00|COE|NA|24,NA,NA,NA,NA,NA,NA,FALSE,FALSE
05dea4f9ef49cf00,2018,COE,Colombia,2018,COE,NA,25,86.88,El Salado,Luis Alfredo Lopez Loaiza,Washed,Caturra Castillo,"Buesaco, Nariño",https://allianceforcoffeeexcellence.org/colombia-2018/,FALSE,reported,Washed,Washed,Conventional,NA,reported process,25,25,el salado,luis alfredo lopez loaiza,05dea4f9ef49cf00|COE|NA|25,NA,NA,NA,NA,NA,NA,FALSE,FALSE
05dea4f9ef49cf00,2018,COE,Colombia,2018,COE,NA,26,86.85,El Naranjo,Yilmer Fabian Tunubala,Washed,Bourbón,"Inza, Cauca",https://allianceforcoffeeexcellence.org/colombia-2018/,FALSE,reported,Washed,Washed,Conventional,NA,reported process,26,26,el naranjo,yilmer fabian tunubala,05dea4f9ef49cf00|COE|NA|26,NA,NA,NA,NA,NA,NA,FALSE,FALSE
05dea4f9ef49cf00,2018,COE,Colombia,2018,COE,NA,27,86.18,Loma Gorda,Moises Hernando Valencia,Washed,Caturra,"Buesaco, Nariño",https://allianceforcoffeeexcellence.org/colombia-2018/,FALSE,reported,Washed,Washed,Conventional,NA,reported process,27,27,loma gorda,moises hernando valencia,05dea4f9ef49cf00|COE|NA|27,NA,NA,NA,NA,NA,NA,FALSE,FALSE
05dea4f9ef49cf00,2018,COE,Colombia,2018,COE,NA,3a,91,Manantiales del Frontino,Andres Londoño Montoya,Washed,Geisha,"Montenegro, Quindio",https://allianceforcoffeeexcellence.org/colombia-2018/,FALSE,reported,Washed,Washed,Conventional,NA,reported process,3A,3,manantiales del frontino,andres londono montoya,05dea4f9ef49cf00|COE|NA|3,NA,NA,NA,NA,NA,NA,FALSE,FALSE
05dea4f9ef49cf00,2018,COE,Colombia,2018,COE,NA,4a,90.91,Las Cuevas,Robinson Olivera,Washed,Colombia,"Planadas, Tolima",https://allianceforcoffeeexcellence.org/colombia-2018/,FALSE,reported,Washed,Washed,Conventional,NA,reported process,4A,4,las cuevas,robinson olivera,05dea4f9ef49cf00|COE|NA|4,NA,NA,NA,NA,NA,NA,FALSE,FALSE
05dea4f9ef49cf00,2018,COE,Colombia,2018,COE,NA,5a,90.85,El Cairo,Eiver Leonardo Gomez Melo,Washed,Caturra Colombia Typica,"Consaca, Nariño",https://allianceforcoffeeexcellence.org/colombia-2018/,FALSE,reported,Washed,Washed,Conventional,NA,reported process,5A,5,el cairo,eiver leonardo gomez melo,05dea4f9ef49cf00|COE|NA|5,NA,NA,NA,NA,NA,NA,FALSE,FALSE
05dea4f9ef49cf00,2018,COE,Colombia,2018,COE,NA,6a,90.79,El Mirador 1,Alba Diela López Riascos,Honey,Caturra Colombia Castillo,"Buesaco, Nariño",https://allianceforcoffeeexcellence.org/colombia-2018/,FALSE,reported,Honey / pulped natural,Honey / pulped natural,Conventional,NA,reported process,6A,6,el mirador 1,alba diela lopez riascos,05dea4f9ef49cf00|COE|NA|6,NA,NA,NA,NA,NA,NA,FALSE,FALSE
05dea4f9ef49cf00,2018,COE,Colombia,2018,COE,NA,7a,90.53,El Cairo,Lucas German Melo,Washed,Caturra Colombia Typica,"Consaca, Nariño",https://allianceforcoffeeexcellence.org/colombia-2018/,FALSE,reported,Washed,Washed,Conventional,NA,reported process,7A,7,el cairo,lucas german melo,05dea4f9ef49cf00|COE|NA|7,NA,NA,NA,NA,NA,NA,FALSE,FALSE
05dea4f9ef49cf00,2018,COE,Colombia,2018,COE,NA,8a,90.24,El Brasil,Duvier Tibaguy Guevara,Washed,Caturra Typica,"Planadas, Tolima",https://allianceforcoffeeexcellence.org/colombia-2018/,FALSE,reported,Washed,Washed,Conventional,NA,reported process,8A,8,el brasil,duvier tibaguy guevara,05dea4f9ef49cf00|COE|NA|8,NA,NA,NA,NA,NA,NA,FALSE,FALSE
05dea4f9ef49cf00,2018,COE,Colombia,2018,COE,NA,9a,90.21,El Plan,Juan Bautista Lasso Bolaños,Washed,Caturra,"San Pedro Cartago, Nariño",https://allianceforcoffeeexcellence.org/colombia-2018/,FALSE,reported,Washed,Washed,Conventional,NA,reported process,9A,9,el plan,juan bautista lasso bolanos,05dea4f9ef49cf00|COE|NA|9,NA,NA,NA,NA,NA,NA,FALSE,FALSE
378b15a9f8e37b92,2019 North,COE regional,Colombia,2019,COE,NA,1a,92.71,Mikava,Paul Kevin Doyle,Natural,Gesha,Risaralda,https://allianceforcoffeeexcellence.org/colombia-north-2019/,FALSE,reported,Natural,Natural,Conventional,NA,reported process,1A,1,mikava,paul kevin doyle,378b15a9f8e37b92|COE|NA|1,NA,NA,NA,NA,NA,NA,FALSE,FALSE
378b15a9f8e37b92,2019 North,COE regional,Colombia,2019,COE,NA,10,89.54,La Esperanza,Lopez Aguadelo y Cia Limitada,Natural,Gesha,Quindio,https://allianceforcoffeeexcellence.org/colombia-north-2019/,FALSE,reported,Natural,Natural,Conventional,NA,reported process,10,10,la esperanza,lopez aguadelo y cia limitada,378b15a9f8e37b92|COE|NA|10,NA,NA,NA,NA,NA,NA,FALSE,FALSE
378b15a9f8e37b92,2019 North,COE regional,Colombia,2019,COE,NA,11,89.11,El Encanto,Miguel Angel Botina Morales,Washed,Caturra,Huila,https://allianceforcoffeeexcellence.org/colombia-north-2019/,FALSE,reported,Washed,Washed,Conventional,NA,reported process,11,11,el encanto,miguel angel botina morales,378b15a9f8e37b92|COE|NA|11,NA,NA,NA,NA,NA,NA,FALSE,FALSE
378b15a9f8e37b92,2019 North,COE regional,Colombia,2019,COE,NA,12,89,El Juncal,Yeroby Chavarro Molina,Washed,Caturra,Huila,https://allianceforcoffeeexcellence.org/colombia-north-2019/,FALSE,reported,Washed,Washed,Conventional,NA,reported process,12,12,el juncal,yeroby chavarro molina,378b15a9f8e37b92|COE|NA|12,NA,NA,NA,NA,NA,NA,FALSE,FALSE
378b15a9f8e37b92,2019 North,COE regional,Colombia,2019,COE,NA,13,88.67,El Mandarino,Oscar Efren Gonzalez,Washed,Caturra,Huila,https://allianceforcoffeeexcellence.org/colombia-north-2019/,FALSE,reported,Washed,Washed,Conventional,NA,reported process,13,13,el mandarino,oscar efren gonzalez,378b15a9f8e37b92|COE|NA|13,NA,NA,NA,NA,NA,NA,FALSE,FALSE
378b15a9f8e37b92,2019 North,COE regional,Colombia,2019,COE,NA,14,88.6,La Estrella,Lopez Aguadelo y Cia Limitada,Honey,Gesha,Quindio,https://allianceforcoffeeexcellence.org/colombia-north-2019/,FALSE,reported,Honey / pulped natural,Honey / pulped natural,Conventional,NA,reported process,14,14,la estrella,lopez aguadelo y cia limitada,378b15a9f8e37b92|COE|NA|14,NA,NA,NA,NA,NA,NA,FALSE,FALSE
378b15a9f8e37b92,2019 North,COE regional,Colombia,2019,COE,NA,15,88.51,La Miel,Miguel Angel Botina Ceron,Washed,Borbon Rosado,Huila,https://allianceforcoffeeexcellence.org/colombia-north-2019/,FALSE,reported,Washed,Washed,Conventional,NA,reported process,15,15,la miel,miguel angel botina ceron,378b15a9f8e37b92|COE|NA|15,NA,NA,NA,NA,NA,NA,FALSE,FALSE
378b15a9f8e37b92,2019 North,COE regional,Colombia,2019,COE,NA,16,88.51,La Orquidea,Benjamin Collazos Rojas,Washed,Colombia,Huila,https://allianceforcoffeeexcellence.org/colombia-north-2019/,FALSE,reported,Washed,Washed,Conventional,NA,reported process,16,16,la orquidea,benjamin collazos rojas,378b15a9f8e37b92|COE|NA|16,NA,NA,NA,NA,NA,NA,FALSE,FALSE
378b15a9f8e37b92,2019 North,COE regional,Colombia,2019,COE,NA,17,88.42,La Gaviota,Fabio Londoño,Washed,Borbon Amarillo y Rojo,Valle del Cauca,https://allianceforcoffeeexcellence.org/colombia-north-2019/,FALSE,reported,Washed,Washed,Conventional,NA,reported process,17,17,la gaviota,fabio londono,378b15a9f8e37b92|COE|NA|17,NA,NA,NA,NA,NA,NA,FALSE,FALSE
378b15a9f8e37b92,2019 North,COE regional,Colombia,2019,COE,NA,18,88.31,El Diviso,Linarco Rodriguez Ospina,Washed,Caturra Bourbon,Huila,https://allianceforcoffeeexcellence.org/colombia-north-2019/,FALSE,reported,Washed,Washed,Conventional,NA,reported process,18,18,el diviso,linarco rodriguez ospina,378b15a9f8e37b92|COE|NA|18,NA,NA,NA,NA,NA,NA,FALSE,FALSE
378b15a9f8e37b92,2019 North,COE regional,Colombia,2019,COE,NA,19,88.17,Alcatraz,Wilfredo Ule Vargas,Washed,Caturra Bourbon,Huila,https://allianceforcoffeeexcellence.org/colombia-north-2019/,FALSE,reported,Washed,Washed,Conventional,NA,reported process,19,19,alcatraz,wilfredo ule vargas,378b15a9f8e37b92|COE|NA|19,NA,NA,NA,NA,NA,NA,FALSE,FALSE
378b15a9f8e37b92,2019 North,COE regional,Colombia,2019,COE,NA,2a,92.18,Betania,Linarco Rodriguez Ospina,Washed,Caturra Tabi,Huila,https://allianceforcoffeeexcellence.org/colombia-north-2019/,FALSE,reported,Washed,Washed,Conventional,NA,reported process,2A,2,betania,linarco rodriguez ospina,378b15a9f8e37b92|COE|NA|2,NA,NA,NA,NA,NA,NA,FALSE,FALSE
378b15a9f8e37b92,2019 North,COE regional,Colombia,2019,COE,NA,20,88.11,Los Lagos,Mauricio Botina Ceron,Washed,Caturra,Huila,https://allianceforcoffeeexcellence.org/colombia-north-2019/,FALSE,reported,Washed,Washed,Conventional,NA,reported process,20,20,los lagos,mauricio botina ceron,378b15a9f8e37b92|COE|NA|20,NA,NA,NA,NA,NA,NA,FALSE,FALSE
378b15a9f8e37b92,2019 North,COE regional,Colombia,2019,COE,NA,21,88.03,Castellon,Jairo Arcila,Honey,Gesha,Quindio,https://allianceforcoffeeexcellence.org/colombia-north-2019/,FALSE,reported,Honey / pulped natural,Honey / pulped natural,Conventional,NA,reported process,21,21,castellon,jairo arcila,378b15a9f8e37b92|COE|NA|21,NA,NA,NA,NA,NA,NA,FALSE,FALSE
378b15a9f8e37b92,2019 North,COE regional,Colombia,2019,COE,NA,22,87.85,Calamar,Andres Felipe Londoño,Washed,Borbon Rojo,Valle del Cauca,https://allianceforcoffeeexcellence.org/colombia-north-2019/,FALSE,reported,Washed,Washed,Conventional,NA,reported process,22,22,calamar,andres felipe londono,378b15a9f8e37b92|COE|NA|22,NA,NA,NA,NA,NA,NA,FALSE,FALSE
378b15a9f8e37b92,2019 North,COE regional,Colombia,2019,COE,NA,23,87.76,La Esperanza,Ari Jesus Ome Jimenez,Washed,Caturra,Huila,https://allianceforcoffeeexcellence.org/colombia-north-2019/,FALSE,reported,Washed,Washed,Conventional,NA,reported process,23,23,la esperanza,ari jesus ome jimenez,378b15a9f8e37b92|COE|NA|23,NA,NA,NA,NA,NA,NA,FALSE,FALSE
378b15a9f8e37b92,2019 North,COE regional,Colombia,2019,COE,NA,24,87.72,El Paraiso,Diego Samuel Bermudez Tapia,Washed – Anaerobic,Castillo,Cauca,https://allianceforcoffeeexcellence.org/colombia-north-2019/,FALSE,reported,Experimental,Washed,Experimental,Anaerobic,reported process,24,24,el paraiso,diego samuel bermudez tapia,378b15a9f8e37b92|COE|NA|24,Washed | Anaerobic,2019,2023,FALSE,TRUE,TRUE,TRUE,FALSE
378b15a9f8e37b92,2019 North,COE regional,Colombia,2019,COE,NA,25,87.67,Pensilvania,Campo Elias Muñoz,Washed,Caturra,Huila,https://allianceforcoffeeexcellence.org/colombia-north-2019/,FALSE,reported,Washed,Washed,Conventional,NA,reported process,25,25,pensilvania,campo elias munoz,378b15a9f8e37b92|COE|NA|25,NA,NA,NA,NA,NA,NA,FALSE,FALSE
378b15a9f8e37b92,2019 North,COE regional,Colombia,2019,COE,NA,26,87.06,La Ilución,Rosebel Ortiz Scarpetta,Natural,Colombia Castillo,Huila,https://allianceforcoffeeexcellence.org/colombia-north-2019/,FALSE,reported,Natural,Natural,Conventional,NA,reported process,26,26,la ilucion,rosebel ortiz scarpetta,378b15a9f8e37b92|COE|NA|26,NA,NA,NA,NA,NA,NA,FALSE,FALSE
378b15a9f8e37b92,2019 North,COE regional,Colombia,2019,COE,NA,27,86.96,Las Delicias,Eduar Giraldo Olaya,Washed,Caturra,Tolima,https://allianceforcoffeeexcellence.org/colombia-north-2019/,FALSE,reported,Washed,Washed,Conventional,NA,reported process,27,27,las delicias,eduar giraldo olaya,378b15a9f8e37b92|COE|NA|27,NA,NA,NA,NA,NA,NA,FALSE,FALSE
378b15a9f8e37b92,2019 North,COE regional,Colombia,2019,COE,NA,28,86.94,Buena Vista,Rafael Lozana Molina,Washed,Caturra,Huila,https://allianceforcoffeeexcellence.org/colombia-north-2019/,FALSE,reported,Washed,Washed,Conventional,NA,reported process,28,28,buena vista,rafael lozana molina,378b15a9f8e37b92|COE|NA|28,NA,NA,NA,NA,NA,NA,FALSE,FALSE
378b15a9f8e37b92,2019 North,COE regional,Colombia,2019,COE,NA,29,86.86,Buena Vista,Joaquin Ordoñez Buitron,Washed,Caturra Colombia,Huila,https://allianceforcoffeeexcellence.org/colombia-north-2019/,FALSE,reported,Washed,Washed,Conventional,NA,reported process,29,29,buena vista,joaquin ordonez buitron,378b15a9f8e37b92|COE|NA|29,NA,NA,NA,NA,NA,NA,FALSE,FALSE
378b15a9f8e37b92,2019 North,COE regional,Colombia,2019,COE,NA,3a,91.65,Chaferote,Luis Gerardo Bravo Ordoñez,Washed,Bourbon,Huila,https://allianceforcoffeeexcellence.org/colombia-north-2019/,FALSE,reported,Washed,Washed,Conventional,NA,reported process,3A,3,chaferote,luis gerardo bravo ordonez,378b15a9f8e37b92|COE|NA|3,NA,NA,NA,NA,NA,NA,FALSE,FALSE
378b15a9f8e37b92,2019 North,COE regional,Colombia,2019,COE,NA,4a,91.61,La Esmeralda,Jose Alden Montero Muñoz,Washed,Caturra,Huila,https://allianceforcoffeeexcellence.org/colombia-north-2019/,FALSE,reported,Washed,Washed,Conventional,NA,reported process,4A,4,la esmeralda,jose alden montero munoz,378b15a9f8e37b92|COE|NA|4,NA,NA,NA,NA,NA,NA,FALSE,FALSE
378b15a9f8e37b92,2019 North,COE regional,Colombia,2019,COE,NA,5a,91.38,Porvenir,Luis Orlando Sanchez Guevara,Washed,Gesha,Huila,https://allianceforcoffeeexcellence.org/colombia-north-2019/,FALSE,reported,Washed,Washed,Conventional,NA,reported process,5A,5,porvenir,luis orlando sanchez guevara,378b15a9f8e37b92|COE|NA|5,NA,NA,NA,NA,NA,NA,FALSE,FALSE
378b15a9f8e37b92,2019 North,COE regional,Colombia,2019,COE,NA,6,91.19,Bella Vista,Nito Arbey Molina Navia,Washed,Caturra Bourbon,Huila,https://allianceforcoffeeexcellence.org/colombia-north-2019/,FALSE,reported,Washed,Washed,Conventional,NA,reported process,6,6,bella vista,nito arbey molina navia,378b15a9f8e37b92|COE|NA|6,NA,NA,NA,NA,NA,NA,FALSE,FALSE
378b15a9f8e37b92,2019 North,COE regional,Colombia,2019,COE,NA,7,91.11,La Cereza,Andres Felipe Ospina Ramirez,Washed,Caturra,Huila,https://allianceforcoffeeexcellence.org/colombia-north-2019/,FALSE,reported,Washed,Washed,Conventional,NA,reported process,7,7,la cereza,andres felipe ospina ramirez,378b15a9f8e37b92|COE|NA|7,NA,NA,NA,NA,NA,NA,FALSE,FALSE
378b15a9f8e37b92,2019 North,COE regional,Colombia,2019,COE,NA,8,91,La Pradera,Oscar Daza Bautista,Honey – Anaerobic,Gesha,Santander,https://allianceforcoffeeexcellence.org/colombia-north-2019/,FALSE,reported,Experimental,Honey / pulped natural,Experimental,Anaerobic,reported process,8,8,la pradera,oscar daza bautista,378b15a9f8e37b92|COE|NA|8,Honey / pulped natural | Anaerobic,2019,2023,FALSE,TRUE,TRUE,TRUE,FALSE
378b15a9f8e37b92,2019 North,COE regional,Colombia,2019,COE,NA,9,90.5,Los Arboles,Arley Delgado Ortiz,Natural,Gesha,Huila,https://allianceforcoffeeexcellence.org/colombia-north-2019/,FALSE,reported,Natural,Natural,Conventional,NA,reported process,9,9,los arboles,arley delgado ortiz,378b15a9f8e37b92|COE|NA|9,NA,NA,NA,NA,NA,NA,FALSE,FALSE
8ec9c5ddcac94e33,Colombia 2021,COE,Colombia,2021,COE,NA,1a,90.61,Obraje,Pablo Andrés Guerrero Pérez,Washed,Gesha,Nariño,https://allianceforcoffeeexcellence.org/colombia-2021/,FALSE,reported,Washed,Washed,Conventional,NA,reported process,1A,1,obraje,pablo andres guerrero perez,8ec9c5ddcac94e33|COE|NA|1,NA,NA,NA,NA,NA,NA,FALSE,FALSE
8ec9c5ddcac94e33,Colombia 2021,COE,Colombia,2021,COE,NA,10,88.39,La Fortuna,Victor Feliz Ramirez Cruz,Washed,Gesha,Huila,https://allianceforcoffeeexcellence.org/colombia-2021/,FALSE,reported,Washed,Washed,Conventional,NA,reported process,10,10,la fortuna,victor feliz ramirez cruz,8ec9c5ddcac94e33|COE|NA|10,NA,NA,NA,NA,NA,NA,FALSE,FALSE
8ec9c5ddcac94e33,Colombia 2021,COE,Colombia,2021,COE,NA,11,87.93,San Jose,Consuelo Maria Garcia Marin,Honey,Gesha,Quindio,https://allianceforcoffeeexcellence.org/colombia-2021/,FALSE,reported,Honey / pulped natural,Honey / pulped natural,Conventional,NA,reported process,11,11,san jose,consuelo maria garcia marin,8ec9c5ddcac94e33|COE|NA|11,NA,NA,NA,NA,NA,NA,FALSE,FALSE
8ec9c5ddcac94e33,Colombia 2021,COE,Colombia,2021,COE,NA,12,87.86,La Meliza,Maria Emilcen Sanchez Uribe,Natural,Gesha,Cundinamarca,https://allianceforcoffeeexcellence.org/colombia-2021/,FALSE,reported,Natural,Natural,Conventional,NA,reported process,12,12,la meliza,maria emilcen sanchez uribe,8ec9c5ddcac94e33|COE|NA|12,NA,NA,NA,NA,NA,NA,FALSE,FALSE
8ec9c5ddcac94e33,Colombia 2021,COE,Colombia,2021,COE,NA,13,87.86,El Bosque,Linarco Rodriguez Ospina,Washed,Bourbon Rosado,Huila,https://allianceforcoffeeexcellence.org/colombia-2021/,FALSE,reported,Washed,Washed,Conventional,NA,reported process,13,13,el bosque,linarco rodriguez ospina,8ec9c5ddcac94e33|COE|NA|13,NA,NA,NA,NA,NA,NA,FALSE,FALSE
8ec9c5ddcac94e33,Colombia 2021,COE,Colombia,2021,COE,NA,14,87.82,Betania,Teresa de Jesus Ospina de Rodriguez,Honey,Bourbon Rosado,Huila,https://allianceforcoffeeexcellence.org/colombia-2021/,FALSE,reported,Honey / pulped natural,Honey / pulped natural,Conventional,NA,reported process,14,14,betania,teresa de jesus ospina de rodriguez,8ec9c5ddcac94e33|COE|NA|14,NA,NA,NA,NA,NA,NA,FALSE,FALSE
8ec9c5ddcac94e33,Colombia 2021,COE,Colombia,2021,COE,NA,15,87.82,La Falda,Jose Arcadio Caso,Washed,Chiroso,Antioquia,https://allianceforcoffeeexcellence.org/colombia-2021/,FALSE,reported,Washed,Washed,Conventional,NA,reported process,15,15,la falda,jose arcadio caso,8ec9c5ddcac94e33|COE|NA|15,NA,NA,NA,NA,NA,NA,FALSE,FALSE
8ec9c5ddcac94e33,Colombia 2021,COE,Colombia,2021,COE,NA,16,87.68,Los Palomos,Leonardo Henao Triana,Washed,Chiroso,Antioquia,https://allianceforcoffeeexcellence.org/colombia-2021/,FALSE,reported,Washed,Washed,Conventional,NA,reported process,16,16,los palomos,leonardo henao triana,8ec9c5ddcac94e33|COE|NA|16,NA,NA,NA,NA,NA,NA,FALSE,FALSE
8ec9c5ddcac94e33,Colombia 2021,COE,Colombia,2021,COE,NA,17,87.68,Las Palmas,Adriana Patricia Mora Anacona,Natural,Bourbon,Huila,https://allianceforcoffeeexcellence.org/colombia-2021/,FALSE,reported,Natural,Natural,Conventional,NA,reported process,17,17,las palmas,adriana patricia mora anacona,8ec9c5ddcac94e33|COE|NA|17,NA,NA,NA,NA,NA,NA,FALSE,FALSE
8ec9c5ddcac94e33,Colombia 2021,COE,Colombia,2021,COE,NA,18,87.64,La Siberia,Einar Ortiz Falla,Washed Anaerobic,Gesha,Tolima,https://allianceforcoffeeexcellence.org/colombia-2021/,FALSE,reported,Experimental,Washed,Experimental,Anaerobic,reported process,18,18,la siberia,einar ortiz falla,8ec9c5ddcac94e33|COE|NA|18,Washed | Anaerobic,2019,2023,FALSE,TRUE,TRUE,FALSE,TRUE
8ec9c5ddcac94e33,Colombia 2021,COE,Colombia,2021,COE,NA,19,87.46,Villa del Prado,Javier Muñoz,Natural,Bourbon,Huila,https://allianceforcoffeeexcellence.org/colombia-2021/,FALSE,reported,Natural,Natural,Conventional,NA,reported process,19,19,villa del prado,javier munoz,8ec9c5ddcac94e33|COE|NA|19,NA,NA,NA,NA,NA,NA,FALSE,FALSE
8ec9c5ddcac94e33,Colombia 2021,COE,Colombia,2021,COE,NA,2a,90.07,La Siria,Anibal Celestino Sanchez Burbano,Washed,Gesha,Huila,https://allianceforcoffeeexcellence.org/colombia-2021/,FALSE,reported,Washed,Washed,Conventional,NA,reported process,2A,2,la siria,anibal celestino sanchez burbano,8ec9c5ddcac94e33|COE|NA|2,NA,NA,NA,NA,NA,NA,FALSE,FALSE
8ec9c5ddcac94e33,Colombia 2021,COE,Colombia,2021,COE,NA,20,87.39,Los Eucaliptos,Edinson Ramirez Lopez,Washed,Caturra,Huila,https://allianceforcoffeeexcellence.org/colombia-2021/,FALSE,reported,Washed,Washed,Conventional,NA,reported process,20,20,los eucaliptos,edinson ramirez lopez,8ec9c5ddcac94e33|COE|NA|20,NA,NA,NA,NA,NA,NA,FALSE,FALSE
8ec9c5ddcac94e33,Colombia 2021,COE,Colombia,2021,COE,NA,21,87.36,La Carolina,Cesar Augusto Ospina,Natural Anaerobic,Bourbon Rosado,Huila,https://allianceforcoffeeexcellence.org/colombia-2021/,FALSE,reported,Experimental,Natural,Experimental,Anaerobic,reported process,21,21,la carolina,cesar augusto ospina,8ec9c5ddcac94e33|COE|NA|21,Natural | Anaerobic,2021,2023,FALSE,TRUE,TRUE,TRUE,FALSE
8ec9c5ddcac94e33,Colombia 2021,COE,Colombia,2021,COE,NA,22,87.14,Buena Vista,Gilberto Galindez Galindo,Washed,Tabi,Huila,https://allianceforcoffeeexcellence.org/colombia-2021/,FALSE,reported,Washed,Washed,Conventional,NA,reported process,22,22,buena vista,gilberto galindez galindo,8ec9c5ddcac94e33|COE|NA|22,NA,NA,NA,NA,NA,NA,FALSE,FALSE
8ec9c5ddcac94e33,Colombia 2021,COE,Colombia,2021,COE,NA,23,87.11,La Esperanza,Gildardo Arias Mamian,Natural Anaerobic,Bourbon,Huila,https://allianceforcoffeeexcellence.org/colombia-2021/,FALSE,reported,Experimental,Natural,Experimental,Anaerobic,reported process,23,23,la esperanza,gildardo arias mamian,8ec9c5ddcac94e33|COE|NA|23,Natural | Anaerobic,2021,2023,FALSE,TRUE,TRUE,TRUE,FALSE
8ec9c5ddcac94e33,Colombia 2021,COE,Colombia,2021,COE,NA,3,89.46,El Zafiro,Nancy Liliana Maca Pinilla,Natural,Castillo,Cauca,https://allianceforcoffeeexcellence.org/colombia-2021/,FALSE,reported,Natural,Natural,Conventional,NA,reported process,3,3,el zafiro,nancy liliana maca pinilla,8ec9c5ddcac94e33|COE|NA|3,NA,NA,NA,NA,NA,NA,FALSE,FALSE
8ec9c5ddcac94e33,Colombia 2021,COE,Colombia,2021,COE,NA,4,89.43,Guayacanes – El Tejar,Beatriz Elena Vélez Restrepo,Washed,Gesha,Antioquia,https://allianceforcoffeeexcellence.org/colombia-2021/,FALSE,reported,Washed,Washed,Conventional,NA,reported process,4,4,guayacanes el tejar,beatriz elena velez restrepo,8ec9c5ddcac94e33|COE|NA|4,NA,NA,NA,NA,NA,NA,FALSE,FALSE
8ec9c5ddcac94e33,Colombia 2021,COE,Colombia,2021,COE,NA,5,89.39,El Casino,Jose Elcías Martinez Guzmán,Washed,Bourbon Rosado,Huila,https://allianceforcoffeeexcellence.org/colombia-2021/,FALSE,reported,Washed,Washed,Conventional,NA,reported process,5,5,el casino,jose elcias martinez guzman,8ec9c5ddcac94e33|COE|NA|5,NA,NA,NA,NA,NA,NA,FALSE,FALSE
8ec9c5ddcac94e33,Colombia 2021,COE,Colombia,2021,COE,NA,6,89.32,La Guaca,Jose Herman Salazar,Washed,Aji**,Huila,https://allianceforcoffeeexcellence.org/colombia-2021/,FALSE,reported,Washed,Washed,Conventional,NA,reported process,6,6,la guaca,jose herman salazar,8ec9c5ddcac94e33|COE|NA|6,NA,NA,NA,NA,NA,NA,FALSE,FALSE
8ec9c5ddcac94e33,Colombia 2021,COE,Colombia,2021,COE,NA,7,88.86,La Piragua,Alexander Vargas Osorio,Washed,Bourbon Rosado,Huila,https://allianceforcoffeeexcellence.org/colombia-2021/,FALSE,reported,Washed,Washed,Conventional,NA,reported process,7,7,la piragua,alexander vargas osorio,8ec9c5ddcac94e33|COE|NA|7,NA,NA,NA,NA,NA,NA,FALSE,FALSE
8ec9c5ddcac94e33,Colombia 2021,COE,Colombia,2021,COE,NA,8,88.64,La Miel,Miguel Angel Botina Ceron,Honey Anaerobic,Bourbon Rosado,Huila,https://allianceforcoffeeexcellence.org/colombia-2021/,FALSE,reported,Experimental,Honey / pulped natural,Experimental,Anaerobic,reported process,8,8,la miel,miguel angel botina ceron,8ec9c5ddcac94e33|COE|NA|8,Honey / pulped natural | Anaerobic,2019,2023,FALSE,TRUE,TRUE,FALSE,TRUE
8ec9c5ddcac94e33,Colombia 2021,COE,Colombia,2021,COE,NA,9,88.57,El Cedro,Servio Tulio Botina Quinayos,Washed,Bourbon,Huila,https://allianceforcoffeeexcellence.org/colombia-2021/,FALSE,reported,Washed,Washed,Conventional,NA,reported process,9,9,el cedro,servio tulio botina quinayos,8ec9c5ddcac94e33|COE|NA|9,NA,NA,NA,NA,NA,NA,FALSE,FALSE
ed9a6c81f8e5fb94,Colombia 2022,COE,Colombia,2022,COE,NA,1a,90.65,LA BOHEMIA,Carlos Alberto Belalcázar,WASHED,GEISHA,NARIÑO,https://allianceforcoffeeexcellence.org/colombia-2022/,FALSE,reported,Washed,Washed,Conventional,NA,reported process,1A,1,la bohemia,carlos alberto belalcazar,ed9a6c81f8e5fb94|COE|NA|1,NA,NA,NA,NA,NA,NA,FALSE,FALSE
ed9a6c81f8e5fb94,Colombia 2022,COE,Colombia,2022,COE,NA,10,87.74,LA SIBERIA,EYNAR ORTIZ FALLA,ANAEROBIC WASH,GEISHA,TOLIMA,https://allianceforcoffeeexcellence.org/colombia-2022/,FALSE,reported,Experimental,Washed,Experimental,Anaerobic,reported process,10,10,la siberia,eynar ortiz falla,ed9a6c81f8e5fb94|COE|NA|10,Washed | Anaerobic,2019,2023,FALSE,TRUE,TRUE,FALSE,TRUE
ed9a6c81f8e5fb94,Colombia 2022,COE,Colombia,2022,COE,NA,11,87.59,LAS BRISAS,EDMUNDO ALVEAR TORO,WASHED,Pink Bourbon,HUILA,https://allianceforcoffeeexcellence.org/colombia-2022/,FALSE,reported,Washed,Washed,Conventional,NA,reported process,11,11,las brisas,edmundo alvear toro,ed9a6c81f8e5fb94|COE|NA|11,NA,NA,NA,NA,NA,NA,FALSE,FALSE
ed9a6c81f8e5fb94,Colombia 2022,COE,Colombia,2022,COE,NA,12,87.37,Manantiales del Frontino,ANDRES FELIPE LONDOÑO MONTOYA,NATURAL,"CATURRA, BOURBON",VALLE DEL CAUCA,https://allianceforcoffeeexcellence.org/colombia-2022/,FALSE,reported,Natural,Natural,Conventional,NA,reported process,12,12,manantiales del frontino,andres felipe londono montoya,ed9a6c81f8e5fb94|COE|NA|12,NA,NA,NA,NA,NA,NA,FALSE,FALSE
ed9a6c81f8e5fb94,Colombia 2022,COE,Colombia,2022,COE,NA,13,87.35,LA AZUCENA,TITO AUGUSTO BURBANO MUÑOZ,WASHED,COLOMBIA,HUILA,https://allianceforcoffeeexcellence.org/colombia-2022/,FALSE,reported,Washed,Washed,Conventional,NA,reported process,13,13,la azucena,tito augusto burbano munoz,ed9a6c81f8e5fb94|COE|NA|13,NA,NA,NA,NA,NA,NA,FALSE,FALSE
ed9a6c81f8e5fb94,Colombia 2022,COE,Colombia,2022,COE,NA,14,87.35,EL PORVENIR,OSCAR EDUARDO REALPE,NATURAL,Castillo,CAUCA,https://allianceforcoffeeexcellence.org/colombia-2022/,FALSE,reported,Natural,Natural,Conventional,NA,reported process,14,14,el porvenir,oscar eduardo realpe,ed9a6c81f8e5fb94|COE|NA|14,NA,NA,NA,NA,NA,NA,FALSE,FALSE
ed9a6c81f8e5fb94,Colombia 2022,COE,Colombia,2022,COE,NA,15,87.22,EL MIRADOR,ALBA DIELA LOPEZ RIASCOS,ANAEROBIC WASH,"CATURRA, COLOMBIA",NARIÑO,https://allianceforcoffeeexcellence.org/colombia-2022/,FALSE,reported,Experimental,Washed,Experimental,Anaerobic,reported process,15,15,el mirador,alba diela lopez riascos,ed9a6c81f8e5fb94|COE|NA|15,Washed | Anaerobic,2019,2023,FALSE,TRUE,TRUE,FALSE,TRUE
ed9a6c81f8e5fb94,Colombia 2022,COE,Colombia,2022,COE,NA,16,87.17,EL CEDRO,SERVIO TULIO BOTINA QUINAYAS,WASHED,Pink Bourbon,HUILA,https://allianceforcoffeeexcellence.org/colombia-2022/,FALSE,reported,Washed,Washed,Conventional,NA,reported process,16,16,el cedro,servio tulio botina quinayas,ed9a6c81f8e5fb94|COE|NA|16,NA,NA,NA,NA,NA,NA,FALSE,FALSE
ed9a6c81f8e5fb94,Colombia 2022,COE,Colombia,2022,COE,NA,17,87.15,SANTA HELENA,ARY JOSE SOLIS,NATURAL,Colombia,HUILA,https://allianceforcoffeeexcellence.org/colombia-2022/,FALSE,reported,Natural,Natural,Conventional,NA,reported process,17,17,santa helena,ary jose solis,ed9a6c81f8e5fb94|COE|NA|17,NA,NA,NA,NA,NA,NA,FALSE,FALSE
ed9a6c81f8e5fb94,Colombia 2022,COE,Colombia,2022,COE,NA,18,87.13,El Bosque,LINARCO RODRIGUEZ OSPINA,WASHED,Pink Bourbon,HUILA,https://allianceforcoffeeexcellence.org/colombia-2022/,FALSE,reported,Washed,Washed,Conventional,NA,reported process,18,18,el bosque,linarco rodriguez ospina,ed9a6c81f8e5fb94|COE|NA|18,NA,NA,NA,NA,NA,NA,FALSE,FALSE
ed9a6c81f8e5fb94,Colombia 2022,COE,Colombia,2022,COE,NA,19,87.13,EL MIRADOR,LUIS GUTIERREZ RODRIGUEZ,NATURAL,Pink Bourbon,HUILA,https://allianceforcoffeeexcellence.org/colombia-2022/,FALSE,reported,Natural,Natural,Conventional,NA,reported process,19,19,el mirador,luis gutierrez rodriguez,ed9a6c81f8e5fb94|COE|NA|19,NA,NA,NA,NA,NA,NA,FALSE,FALSE
ed9a6c81f8e5fb94,Colombia 2022,COE,Colombia,2022,COE,NA,2a,90.02,EL PORVENIR,Abdias Lasso Muñoz,WASHED,GEISHA,NARIÑO,https://allianceforcoffeeexcellence.org/colombia-2022/,FALSE,reported,Washed,Washed,Conventional,NA,reported process,2A,2,el porvenir,abdias lasso munoz,ed9a6c81f8e5fb94|COE|NA|2,NA,NA,NA,NA,NA,NA,FALSE,FALSE
ed9a6c81f8e5fb94,Colombia 2022,COE,Colombia,2022,COE,NA,20,87.07,LOS ANGELES,Jose Ignacio Gomez Lopez,WASHED,Geisha,NARIÑO,https://allianceforcoffeeexcellence.org/colombia-2022/,FALSE,reported,Washed,Washed,Conventional,NA,reported process,20,20,los angeles,jose ignacio gomez lopez,ed9a6c81f8e5fb94|COE|NA|20,NA,NA,NA,NA,NA,NA,FALSE,FALSE
ed9a6c81f8e5fb94,Colombia 2022,COE,Colombia,2022,COE,NA,21,87.02,LA CUEVITA,Libardo Martinez Gomez,HONEY,"Caturra, Castillo",Nariño,https://allianceforcoffeeexcellence.org/colombia-2022/,FALSE,reported,Honey / pulped natural,Honey / pulped natural,Conventional,NA,reported process,21,21,la cuevita,libardo martinez gomez,ed9a6c81f8e5fb94|COE|NA|21,NA,NA,NA,NA,NA,NA,FALSE,FALSE
ed9a6c81f8e5fb94,Colombia 2022,COE,Colombia,2022,COE,NA,22,87,LA PIRAGUA,ALEXANDER VARGAS OSORIO,WASHED,Pink Bourbon,HUILA,https://allianceforcoffeeexcellence.org/colombia-2022/,FALSE,reported,Washed,Washed,Conventional,NA,reported process,22,22,la piragua,alexander vargas osorio,ed9a6c81f8e5fb94|COE|NA|22,NA,NA,NA,NA,NA,NA,FALSE,FALSE
ed9a6c81f8e5fb94,Colombia 2022,COE,Colombia,2022,COE,NA,3,89.43,EL JARDIN,Jorge Elias Rojas Vasquez (lote 8),HONEY,GEISHA,TOLIMA,https://allianceforcoffeeexcellence.org/colombia-2022/,FALSE,reported,Honey / pulped natural,Honey / pulped natural,Conventional,NA,reported process,3,3,el jardin,jorge elias rojas vasquez lote 8,ed9a6c81f8e5fb94|COE|NA|3,NA,NA,NA,NA,NA,NA,FALSE,FALSE
ed9a6c81f8e5fb94,Colombia 2022,COE,Colombia,2022,COE,NA,4,89.09,La cruz,ARTEMIO LIBARDO LOPEZ LOAIZA,ANAEROBIC WASH,"Caturra, Castillo",Nariño,https://allianceforcoffeeexcellence.org/colombia-2022/,FALSE,reported,Experimental,Washed,Experimental,Anaerobic,reported process,4,4,la cruz,artemio libardo lopez loaiza,ed9a6c81f8e5fb94|COE|NA|4,Washed | Anaerobic,2019,2023,FALSE,TRUE,TRUE,FALSE,TRUE
ed9a6c81f8e5fb94,Colombia 2022,COE,Colombia,2022,COE,NA,5,89.09,LA FORTUNA,VICTOR FELIX RAMIREZ CRUZ,WASHED,GEISHA,HUILA,https://allianceforcoffeeexcellence.org/colombia-2022/,FALSE,reported,Washed,Washed,Conventional,NA,reported process,5,5,la fortuna,victor felix ramirez cruz,ed9a6c81f8e5fb94|COE|NA|5,NA,NA,NA,NA,NA,NA,FALSE,FALSE
ed9a6c81f8e5fb94,Colombia 2022,COE,Colombia,2022,COE,NA,6,88.89,LA PELOTA,MARIA ROVIRA MUÑOZ DE BURBANO,WASHED,Pink Bourbon,HUILA,https://allianceforcoffeeexcellence.org/colombia-2022/,FALSE,reported,Washed,Washed,Conventional,NA,reported process,6,6,la pelota,maria rovira munoz de burbano,ed9a6c81f8e5fb94|COE|NA|6,NA,NA,NA,NA,NA,NA,FALSE,FALSE
ed9a6c81f8e5fb94,Colombia 2022,COE,Colombia,2022,COE,NA,7,88.37,MONTREAL,DUBERNEY CIFUENTES FAJARDO,WASHED,GEISHA,TOLIMA,https://allianceforcoffeeexcellence.org/colombia-2022/,FALSE,reported,Washed,Washed,Conventional,NA,reported process,7,7,montreal,duberney cifuentes fajardo,ed9a6c81f8e5fb94|COE|NA|7,NA,NA,NA,NA,NA,NA,FALSE,FALSE
ed9a6c81f8e5fb94,Colombia 2022,COE,Colombia,2022,COE,NA,8,88.35,EL GUAYABO,JOSE DUBER BURBANO MUÑOZ,WASHED,Pink Bourbon,HUILA,https://allianceforcoffeeexcellence.org/colombia-2022/,FALSE,reported,Washed,Washed,Conventional,NA,reported process,8,8,el guayabo,jose duber burbano munoz,ed9a6c81f8e5fb94|COE|NA|8,NA,NA,NA,NA,NA,NA,FALSE,FALSE
ed9a6c81f8e5fb94,Colombia 2022,COE,Colombia,2022,COE,NA,9,88.28,LA PALMA,DUBERNEY CIFUENTES FAJARDO,WASHED,GEISHA,TOLIMA,https://allianceforcoffeeexcellence.org/colombia-2022/,FALSE,reported,Washed,Washed,Conventional,NA,reported process,9,9,la palma,duberney cifuentes fajardo,ed9a6c81f8e5fb94|COE|NA|9,NA,NA,NA,NA,NA,NA,FALSE,FALSE
20a6b645aa948554,Colombia 2023,COE,Colombia,2023,COE,NA,1a,90.61,Montreal,Duberney Cifuentes Fajardo,Washed,Geisha,Tolima,https://allianceforcoffeeexcellence.org/colombia-2023/,FALSE,reported,Washed,Washed,Conventional,NA,reported process,1A,1,montreal,duberney cifuentes fajardo,20a6b645aa948554|COE|NA|1,NA,NA,NA,NA,NA,NA,FALSE,FALSE
20a6b645aa948554,Colombia 2023,COE,Colombia,2023,COE,NA,10,88.83,Juan Martin,Banexport,Anaerobic Washed,Geisha,Cauca,https://allianceforcoffeeexcellence.org/colombia-2023/,FALSE,reported,Experimental,Washed,Experimental,Anaerobic,reported process,10,10,juan martin,banexport,20a6b645aa948554|COE|NA|10,Washed | Anaerobic,2019,2023,FALSE,TRUE,TRUE,FALSE,TRUE
20a6b645aa948554,Colombia 2023,COE,Colombia,2023,COE,NA,11,88.17,Buena Vista,Edier Perdomo Claros,Honey,Geisha,Huila,https://allianceforcoffeeexcellence.org/colombia-2023/,FALSE,reported,Honey / pulped natural,Honey / pulped natural,Conventional,NA,reported process,11,11,buena vista,edier perdomo claros,20a6b645aa948554|COE|NA|11,NA,NA,NA,NA,NA,NA,FALSE,FALSE
20a6b645aa948554,Colombia 2023,COE,Colombia,2023,COE,NA,12,88.06,La Cruz,Artemio Libardo Lopez,Anaerobic Washed,"Caturra, Castillo, Colombia",Nariño,https://allianceforcoffeeexcellence.org/colombia-2023/,FALSE,reported,Experimental,Washed,Experimental,Anaerobic,reported process,12,12,la cruz,artemio libardo lopez,20a6b645aa948554|COE|NA|12,Washed | Anaerobic,2019,2023,FALSE,TRUE,TRUE,FALSE,TRUE
20a6b645aa948554,Colombia 2023,COE,Colombia,2023,COE,NA,13,88,Zamora,German Sanchez Peñuela,Washed,Caturra,Tolima,https://allianceforcoffeeexcellence.org/colombia-2023/,FALSE,reported,Washed,Washed,Conventional,NA,reported process,13,13,zamora,german sanchez penuela,20a6b645aa948554|COE|NA|13,NA,NA,NA,NA,NA,NA,FALSE,FALSE
20a6b645aa948554,Colombia 2023,COE,Colombia,2023,COE,NA,14,88,La Vega,Teresa De Jesus Ospina De Rodriguez,Anaerobic Washed,Bourbon Rosado,Huila,https://allianceforcoffeeexcellence.org/colombia-2023/,FALSE,reported,Experimental,Washed,Experimental,Anaerobic,reported process,14,14,la vega,teresa de jesus ospina de rodriguez,20a6b645aa948554|COE|NA|14,Washed | Anaerobic,2019,2023,FALSE,TRUE,TRUE,FALSE,TRUE
20a6b645aa948554,Colombia 2023,COE,Colombia,2023,COE,NA,15,88,Los Guayacanes,Evelio Audias Lasso,Washed,Caturra Chiroso,Nariño,https://allianceforcoffeeexcellence.org/colombia-2023/,FALSE,reported,Washed,Washed,Conventional,NA,reported process,15,15,los guayacanes,evelio audias lasso,20a6b645aa948554|COE|NA|15,NA,NA,NA,NA,NA,NA,FALSE,FALSE
20a6b645aa948554,Colombia 2023,COE,Colombia,2023,COE,NA,16,88,El Guayabo,Noralba Burbano Muñoz,Washed,Bourbon,Huila,https://allianceforcoffeeexcellence.org/colombia-2023/,FALSE,reported,Washed,Washed,Conventional,NA,reported process,16,16,el guayabo,noralba burbano munoz,20a6b645aa948554|COE|NA|16,NA,NA,NA,NA,NA,NA,FALSE,FALSE
20a6b645aa948554,Colombia 2023,COE,Colombia,2023,COE,NA,17,87.89,San Pedro,Milton Monroy,Natural,Geisha,Tolima,https://allianceforcoffeeexcellence.org/colombia-2023/,FALSE,reported,Natural,Natural,Conventional,NA,reported process,17,17,san pedro,milton monroy,20a6b645aa948554|COE|NA|17,NA,NA,NA,NA,NA,NA,FALSE,FALSE
20a6b645aa948554,Colombia 2023,COE,Colombia,2023,COE,NA,18,87.89,El Cachingo,Edinson Ricardo Bravo Urbano,Washed,Bourbon,Huila,https://allianceforcoffeeexcellence.org/colombia-2023/,FALSE,reported,Washed,Washed,Conventional,NA,reported process,18,18,el cachingo,edinson ricardo bravo urbano,20a6b645aa948554|COE|NA|18,NA,NA,NA,NA,NA,NA,FALSE,FALSE
20a6b645aa948554,Colombia 2023,COE,Colombia,2023,COE,NA,19,87.78,La Mina,Jeison Libano Lopez,Washed,"Caturra, Castillo, Colombia",Nariño,https://allianceforcoffeeexcellence.org/colombia-2023/,FALSE,reported,Washed,Washed,Conventional,NA,reported process,19,19,la mina,jeison libano lopez,20a6b645aa948554|COE|NA|19,NA,NA,NA,NA,NA,NA,FALSE,FALSE
20a6b645aa948554,Colombia 2023,COE,Colombia,2023,COE,NA,2a,90.39,Santa Ana,Carlos Alberto Belalcazar,Washed,Geisha,Nariño,https://allianceforcoffeeexcellence.org/colombia-2023/,FALSE,reported,Washed,Washed,Conventional,NA,reported process,2A,2,santa ana,carlos alberto belalcazar,20a6b645aa948554|COE|NA|2,NA,NA,NA,NA,NA,NA,FALSE,FALSE
20a6b645aa948554,Colombia 2023,COE,Colombia,2023,COE,NA,20,87.61,Los Cachingos,Blanca Rubys Lopez Ibata,Washed,Ají,Huila,https://allianceforcoffeeexcellence.org/colombia-2023/,FALSE,reported,Washed,Washed,Conventional,NA,reported process,20,20,los cachingos,blanca rubys lopez ibata,20a6b645aa948554|COE|NA|20,NA,NA,NA,NA,NA,NA,FALSE,FALSE
20a6b645aa948554,Colombia 2023,COE,Colombia,2023,COE,NA,21,87.56,Monteverde,Johan Gutierrez Falla,Honey,Geisha,Tolima,https://allianceforcoffeeexcellence.org/colombia-2023/,FALSE,reported,Honey / pulped natural,Honey / pulped natural,Conventional,NA,reported process,21,21,monteverde,johan gutierrez falla,20a6b645aa948554|COE|NA|21,NA,NA,NA,NA,NA,NA,FALSE,FALSE
20a6b645aa948554,Colombia 2023,COE,Colombia,2023,COE,NA,22,87.5,La Fortuna,Victor Felix Ramirez,Honey,Geisha,Huila,https://allianceforcoffeeexcellence.org/colombia-2023/,FALSE,reported,Honey / pulped natural,Honey / pulped natural,Conventional,NA,reported process,22,22,la fortuna,victor felix ramirez,20a6b645aa948554|COE|NA|22,NA,NA,NA,NA,NA,NA,FALSE,FALSE
20a6b645aa948554,Colombia 2023,COE,Colombia,2023,COE,NA,23,87.44,Diamante,Diego Campos,Anaerobic Natural,Bourbon,Huila,https://allianceforcoffeeexcellence.org/colombia-2023/,FALSE,reported,Experimental,Natural,Experimental,Anaerobic,reported process,23,23,diamante,diego campos,20a6b645aa948554|COE|NA|23,Natural | Anaerobic,2021,2023,FALSE,TRUE,TRUE,FALSE,TRUE
20a6b645aa948554,Colombia 2023,COE,Colombia,2023,COE,NA,24,87.44,La Roca,Jorge Elías Rojas Vásquez,Honey,Geisha,Tolima,https://allianceforcoffeeexcellence.org/colombia-2023/,FALSE,reported,Honey / pulped natural,Honey / pulped natural,Conventional,NA,reported process,24,24,la roca,jorge elias rojas vasquez,20a6b645aa948554|COE|NA|24,NA,NA,NA,NA,NA,NA,FALSE,FALSE
20a6b645aa948554,Colombia 2023,COE,Colombia,2023,COE,NA,25,87.28,La Piragua,Alexander Vargaz Osorio,Anaerobic Washed,Bourbon Rosado,Huila,https://allianceforcoffeeexcellence.org/colombia-2023/,FALSE,reported,Experimental,Washed,Experimental,Anaerobic,reported process,25,25,la piragua,alexander vargaz osorio,20a6b645aa948554|COE|NA|25,Washed | Anaerobic,2019,2023,FALSE,TRUE,TRUE,FALSE,TRUE
20a6b645aa948554,Colombia 2023,COE,Colombia,2023,COE,NA,26,87.22,El Refugio,Carmen Alica Ruiz,Washed,Bourbon,Huila,https://allianceforcoffeeexcellence.org/colombia-2023/,FALSE,reported,Washed,Washed,Conventional,NA,reported process,26,26,el refugio,carmen alica ruiz,20a6b645aa948554|COE|NA|26,NA,NA,NA,NA,NA,NA,FALSE,FALSE
20a6b645aa948554,Colombia 2023,COE,Colombia,2023,COE,NA,27,87.11,El Cairo,Lucas German Melo Pinchao,Washed,"Colombia, Typica",Nariño,https://allianceforcoffeeexcellence.org/colombia-2023/,FALSE,reported,Washed,Washed,Conventional,NA,reported process,27,27,el cairo,lucas german melo pinchao,20a6b645aa948554|COE|NA|27,NA,NA,NA,NA,NA,NA,FALSE,FALSE
20a6b645aa948554,Colombia 2023,COE,Colombia,2023,COE,NA,28,87.06,La Siberia,Einar Ortiz,Washed,Geisha,Tolima,https://allianceforcoffeeexcellence.org/colombia-2023/,FALSE,reported,Washed,Washed,Conventional,NA,reported process,28,28,la siberia,einar ortiz,20a6b645aa948554|COE|NA|28,NA,NA,NA,NA,NA,NA,FALSE,FALSE
20a6b645aa948554,Colombia 2023,COE,Colombia,2023,COE,NA,3a,90.33,El Cedral,Ángel María Rojas Vásquez,Honey,Geisha,Tolima,https://allianceforcoffeeexcellence.org/colombia-2023/,FALSE,reported,Honey / pulped natural,Honey / pulped natural,Conventional,NA,reported process,3A,3,el cedral,angel maria rojas vasquez,20a6b645aa948554|COE|NA|3,NA,NA,NA,NA,NA,NA,FALSE,FALSE
20a6b645aa948554,Colombia 2023,COE,Colombia,2023,COE,NA,4,90.06,Los Aguacates,Doris Maria Cacais,Honey,Geisha,Tolima,https://allianceforcoffeeexcellence.org/colombia-2023/,FALSE,reported,Honey / pulped natural,Honey / pulped natural,Conventional,NA,reported process,4,4,los aguacates,doris maria cacais,20a6b645aa948554|COE|NA|4,NA,NA,NA,NA,NA,NA,FALSE,FALSE
20a6b645aa948554,Colombia 2023,COE,Colombia,2023,COE,NA,5,89.78,La Bohemia,Raquel Lasso Muñoz,Washed,Geisha,Nariño,https://allianceforcoffeeexcellence.org/colombia-2023/,FALSE,reported,Washed,Washed,Conventional,NA,reported process,5,5,la bohemia,raquel lasso munoz,20a6b645aa948554|COE|NA|5,NA,NA,NA,NA,NA,NA,FALSE,FALSE
20a6b645aa948554,Colombia 2023,COE,Colombia,2023,COE,NA,6,89.56,El Triunfo,Jose Uribe Lasso,Natural,Ají,Huila,https://allianceforcoffeeexcellence.org/colombia-2023/,FALSE,reported,Natural,Natural,Conventional,NA,reported process,6,6,el triunfo,jose uribe lasso,20a6b645aa948554|COE|NA|6,NA,NA,NA,NA,NA,NA,FALSE,FALSE
20a6b645aa948554,Colombia 2023,COE,Colombia,2023,COE,NA,7,89.5,Buenos Aires,Israel Hernandez,Washed,Geisha,Tolima,https://allianceforcoffeeexcellence.org/colombia-2023/,FALSE,reported,Washed,Washed,Conventional,NA,reported process,7,7,buenos aires,israel hernandez,20a6b645aa948554|COE|NA|7,NA,NA,NA,NA,NA,NA,FALSE,FALSE
20a6b645aa948554,Colombia 2023,COE,Colombia,2023,COE,NA,8,89.39,La Palma,Pedro Miguel Echavarria,Washed,Chiroso,Antioquia,https://allianceforcoffeeexcellence.org/colombia-2023/,FALSE,reported,Washed,Washed,Conventional,NA,reported process,8,8,la palma,pedro miguel echavarria,20a6b645aa948554|COE|NA|8,NA,NA,NA,NA,NA,NA,FALSE,FALSE
20a6b645aa948554,Colombia 2023,COE,Colombia,2023,COE,NA,9,88.89,Juanambú,Anayda Ximena Martinez Enriquez,Anaerobic Honey,Caturra,Nariño,https://allianceforcoffeeexcellence.org/colombia-2023/,FALSE,reported,Experimental,Honey / pulped natural,Experimental,Anaerobic,reported process,9,9,juanambu,anayda ximena martinez enriquez,20a6b645aa948554|COE|NA|9,Honey / pulped natural | Anaerobic,2019,2023,FALSE,TRUE,TRUE,FALSE,TRUE
3f6557f6d36b2162,2018,COE,Costa Rica,2018,COE,NA,1a,91.29,Don Cayito,Luis Ricardo Calderon Madrigal,Honey,Gesha,"Dota, El Jardin",https://allianceforcoffeeexcellence.org/costa-rica-2018/,FALSE,reported,Honey / pulped natural,Honey / pulped natural,Conventional,NA,reported process,1A,1,don cayito,luis ricardo calderon madrigal,3f6557f6d36b2162|COE|NA|1,NA,NA,NA,NA,NA,NA,FALSE,FALSE
3f6557f6d36b2162,2018,COE,Costa Rica,2018,COE,NA,10,89,Santa Teresa,Roger Ureña Hidalgo,Washed,Gesha,Santa María De Dota,https://allianceforcoffeeexcellence.org/costa-rica-2018/,FALSE,reported,Washed,Washed,Conventional,NA,reported process,10,10,santa teresa,roger urena hidalgo,3f6557f6d36b2162|COE|NA|10,NA,NA,NA,NA,NA,NA,FALSE,FALSE
3f6557f6d36b2162,2018,COE,Costa Rica,2018,COE,NA,11,88.85,Flor De Cafe,Carlos Eduardo Barrantes Zuñiga,Honey,Kenia,"Naranjo, Cirri, Lourdes",https://allianceforcoffeeexcellence.org/costa-rica-2018/,FALSE,reported,Honey / pulped natural,Honey / pulped natural,Conventional,NA,reported process,11,11,flor de cafe,carlos eduardo barrantes zuniga,3f6557f6d36b2162|COE|NA|11,NA,NA,NA,NA,NA,NA,FALSE,FALSE
3f6557f6d36b2162,2018,COE,Costa Rica,2018,COE,NA,12,88.71,Finca El Cedral,Hector Bonilla Cruz,Honey,Gesha,Tarrazu San Marcos,https://allianceforcoffeeexcellence.org/costa-rica-2018/,FALSE,reported,Honey / pulped natural,Honey / pulped natural,Conventional,NA,reported process,12,12,finca el cedral,hector bonilla cruz,3f6557f6d36b2162|COE|NA|12,NA,NA,NA,NA,NA,NA,FALSE,FALSE
3f6557f6d36b2162,2018,COE,Costa Rica,2018,COE,NA,13,88.65,Finca Las Cruces,Juan Ramon Alvarado Rodriguez,Honey,Kenia,"Heredia, San Isidro San Francisco",https://allianceforcoffeeexcellence.org/costa-rica-2018/,FALSE,reported,Honey / pulped natural,Honey / pulped natural,Conventional,NA,reported process,13,13,finca las cruces,juan ramon alvarado rodriguez,3f6557f6d36b2162|COE|NA|13,NA,NA,NA,NA,NA,NA,FALSE,FALSE
3f6557f6d36b2162,2018,COE,Costa Rica,2018,COE,NA,14,88.59,Leoncio,Manuel Antonio Barrantes Zuñiga,Washed,San Roque,"Naranjo, Cirri, Lourdes",https://allianceforcoffeeexcellence.org/costa-rica-2018/,FALSE,reported,Washed,Washed,Conventional,NA,reported process,14,14,leoncio,manuel antonio barrantes zuniga,3f6557f6d36b2162|COE|NA|14,NA,NA,NA,NA,NA,NA,FALSE,FALSE
3f6557f6d36b2162,2018,COE,Costa Rica,2018,COE,NA,15,88.59,Divino Niño,Mauricio Vindas Vargas,Natural,"Caturra,Catuai",San Pablo De León Cortés,https://allianceforcoffeeexcellence.org/costa-rica-2018/,FALSE,reported,Natural,Natural,Conventional,NA,reported process,15,15,divino nino,mauricio vindas vargas,3f6557f6d36b2162|COE|NA|15,NA,NA,NA,NA,NA,NA,FALSE,FALSE
3f6557f6d36b2162,2018,COE,Costa Rica,2018,COE,NA,16,88.59,Finca La Torre,Arnaldo Brrantes Zuñiga,Natural,Tipica Lourdes,"Naranjo, Cirri, Lourdes",https://allianceforcoffeeexcellence.org/costa-rica-2018/,FALSE,reported,Natural,Natural,Conventional,NA,reported process,16,16,finca la torre,arnaldo brrantes zuniga,3f6557f6d36b2162|COE|NA|16,NA,NA,NA,NA,NA,NA,FALSE,FALSE
3f6557f6d36b2162,2018,COE,Costa Rica,2018,COE,NA,17,88.53,Trinidad,Luis Alberto Monge Ureña,Honey,Catuai,"La Trinidad, San Isidro, León Cortes",https://allianceforcoffeeexcellence.org/costa-rica-2018/,FALSE,reported,Honey / pulped natural,Honey / pulped natural,Conventional,NA,reported process,17,17,trinidad,luis alberto monge urena,3f6557f6d36b2162|COE|NA|17,NA,NA,NA,NA,NA,NA,FALSE,FALSE
3f6557f6d36b2162,2018,COE,Costa Rica,2018,COE,NA,18,88.38,El Centro,Teneria Pirro Antonio Gomez Ltda,Natural,Gesha,"Heredia, San Rafael, Getsemani",https://allianceforcoffeeexcellence.org/costa-rica-2018/,FALSE,reported,Natural,Natural,Conventional,NA,reported process,18,18,el centro,teneria pirro antonio gomez ltda,3f6557f6d36b2162|COE|NA|18,NA,NA,NA,NA,NA,NA,FALSE,FALSE
3f6557f6d36b2162,2018,COE,Costa Rica,2018,COE,NA,19,88.35,Las Nubes,Roger Ureña Hidalgo,Honey,Typica Mejorado,Santa María De Dota,https://allianceforcoffeeexcellence.org/costa-rica-2018/,FALSE,reported,Honey / pulped natural,Honey / pulped natural,Conventional,NA,reported process,19,19,las nubes,roger urena hidalgo,3f6557f6d36b2162|COE|NA|19,NA,NA,NA,NA,NA,NA,FALSE,FALSE
3f6557f6d36b2162,2018,COE,Costa Rica,2018,COE,NA,2a,91.15,Don Antonio,Grupo Los Grandes De Copey S.A.,Honey,Gesha,"Dota, Copey",https://allianceforcoffeeexcellence.org/costa-rica-2018/,FALSE,reported,Honey / pulped natural,Honey / pulped natural,Conventional,NA,reported process,2A,2,don antonio,grupo los grandes de copey s a,3f6557f6d36b2162|COE|NA|2,NA,NA,NA,NA,NA,NA,FALSE,FALSE
3f6557f6d36b2162,2018,COE,Costa Rica,2018,COE,NA,20,88.35,Finca Altamira,Hernàndez Y Gàlvez S.A.,Natural,Obatà Caturra,"Barva, San Pablo Buena Vista",https://allianceforcoffeeexcellence.org/costa-rica-2018/,FALSE,reported,Natural,Natural,Conventional,NA,reported process,20,20,finca altamira,hernandez y galvez s a,3f6557f6d36b2162|COE|NA|20,NA,NA,NA,NA,NA,NA,FALSE,FALSE
3f6557f6d36b2162,2018,COE,Costa Rica,2018,COE,NA,21,88.29,La Laguna,Jorge Mario Araya Mora,Honey,Catuaí Rojo.,"Cantón Tarrazú, Distrito San Marcos.",https://allianceforcoffeeexcellence.org/costa-rica-2018/,FALSE,reported,Honey / pulped natural,Honey / pulped natural,Conventional,NA,reported process,21,21,la laguna,jorge mario araya mora,3f6557f6d36b2162|COE|NA|21,NA,NA,NA,NA,NA,NA,FALSE,FALSE
3f6557f6d36b2162,2018,COE,Costa Rica,2018,COE,NA,22,88.21,Finca Bellavista,Josue Bonilla Solis,Honey,Catuai,Leon Cortes Llano Bonito,https://allianceforcoffeeexcellence.org/costa-rica-2018/,FALSE,reported,Honey / pulped natural,Honey / pulped natural,Conventional,NA,reported process,22,22,finca bellavista,josue bonilla solis,3f6557f6d36b2162|COE|NA|22,NA,NA,NA,NA,NA,NA,FALSE,FALSE
3f6557f6d36b2162,2018,COE,Costa Rica,2018,COE,NA,23,88.18,Sin Límites,Maribel Barrantes Zúñiga,Honey,Kenia Cl28,Lourdes De Cirri De Naranjo,https://allianceforcoffeeexcellence.org/costa-rica-2018/,FALSE,reported,Honey / pulped natural,Honey / pulped natural,Conventional,NA,reported process,23,23,sin limites,maribel barrantes zuniga,3f6557f6d36b2162|COE|NA|23,NA,NA,NA,NA,NA,NA,FALSE,FALSE
3f6557f6d36b2162,2018,COE,Costa Rica,2018,COE,NA,24,88.15,El Beneficio,Juan Ramon Alvarado Rodriguez,Natural,Gesha,"Heredia, San Isidro San Francisco",https://allianceforcoffeeexcellence.org/costa-rica-2018/,FALSE,reported,Natural,Natural,Conventional,NA,reported process,24,24,el beneficio,juan ramon alvarado rodriguez,3f6557f6d36b2162|COE|NA|24,NA,NA,NA,NA,NA,NA,FALSE,FALSE
3f6557f6d36b2162,2018,COE,Costa Rica,2018,COE,NA,25,87.94,Finca El Llano,Hector Bonilla Cruz,Honey,Bourbon Mejorado,Leon Cortes Llano Bonito,https://allianceforcoffeeexcellence.org/costa-rica-2018/,FALSE,reported,Honey / pulped natural,Honey / pulped natural,Conventional,NA,reported process,25,25,finca el llano,hector bonilla cruz,3f6557f6d36b2162|COE|NA|25,NA,NA,NA,NA,NA,NA,FALSE,FALSE
3f6557f6d36b2162,2018,COE,Costa Rica,2018,COE,NA,26,87.91,Cuadro El Rio,Teneria Pirro Antonio Gomez Ltda,Natural,Gesha,"Heredia, San Rafael, Getsemani",https://allianceforcoffeeexcellence.org/costa-rica-2018/,FALSE,reported,Natural,Natural,Conventional,NA,reported process,26,26,cuadro el rio,teneria pirro antonio gomez ltda,3f6557f6d36b2162|COE|NA|26,NA,NA,NA,NA,NA,NA,FALSE,FALSE
3f6557f6d36b2162,2018,COE,Costa Rica,2018,COE,NA,27,87.88,Doña Clemencia,Beneficio Brumas Del Zurqui S.A,Natural,Gesha,"Heredia, San Isidro San Francisco",https://allianceforcoffeeexcellence.org/costa-rica-2018/,FALSE,reported,Natural,Natural,Conventional,NA,reported process,27,27,dona clemencia,beneficio brumas del zurqui s a,3f6557f6d36b2162|COE|NA|27,NA,NA,NA,NA,NA,NA,FALSE,FALSE
3f6557f6d36b2162,2018,COE,Costa Rica,2018,COE,NA,28,87.82,El Alto,Luis Enrique Navarro Porras,Washed,Caturra,La Bandera De Dota,https://allianceforcoffeeexcellence.org/costa-rica-2018/,FALSE,reported,Washed,Washed,Conventional,NA,reported process,28,28,el alto,luis enrique navarro porras,3f6557f6d36b2162|COE|NA|28,NA,NA,NA,NA,NA,NA,FALSE,FALSE
3f6557f6d36b2162,2018,COE,Costa Rica,2018,COE,NA,29,87.82,Dragon,Luis Alberto Monge Ureña,Washed,Catuai,"Aserri, La Legua, Parritilla",https://allianceforcoffeeexcellence.org/costa-rica-2018/,FALSE,reported,Washed,Washed,Conventional,NA,reported process,29,29,dragon,luis alberto monge urena,3f6557f6d36b2162|COE|NA|29,NA,NA,NA,NA,NA,NA,FALSE,FALSE
3f6557f6d36b2162,2018,COE,Costa Rica,2018,COE,NA,3a,90.59,La Union,Maria Elena Camacho Morales,Natural,Villa Sarchi,Concepcion De San Rafael De Heredia,https://allianceforcoffeeexcellence.org/costa-rica-2018/,FALSE,reported,Natural,Natural,Conventional,NA,reported process,3A,3,la union,maria elena camacho morales,3f6557f6d36b2162|COE|NA|3,NA,NA,NA,NA,NA,NA,FALSE,FALSE
3f6557f6d36b2162,2018,COE,Costa Rica,2018,COE,NA,30,87.59,Juanachute Punta,Luis Anastasio Castro Vargas,Honey,Caturra-Catuai-Typica,"León Cortes, San Pablo",https://allianceforcoffeeexcellence.org/costa-rica-2018/,FALSE,reported,Honey / pulped natural,Honey / pulped natural,Conventional,NA,reported process,30,30,juanachute punta,luis anastasio castro vargas,3f6557f6d36b2162|COE|NA|30,NA,NA,NA,NA,NA,NA,FALSE,FALSE
3f6557f6d36b2162,2018,COE,Costa Rica,2018,COE,NA,31,87.5,Finca Las Nubes,Luis Pablo Bonilla Solis,Honey,Bourbon Mejorado,Leon Cortes Llano Bonito,https://allianceforcoffeeexcellence.org/costa-rica-2018/,FALSE,reported,Honey / pulped natural,Honey / pulped natural,Conventional,NA,reported process,31,31,finca las nubes,luis pablo bonilla solis,3f6557f6d36b2162|COE|NA|31,NA,NA,NA,NA,NA,NA,FALSE,FALSE
3f6557f6d36b2162,2018,COE,Costa Rica,2018,COE,NA,32,87.38,Sol Naciente,Luis Arturo Bonilla Chacón,Washed,Catuai,Santa María De Dota,https://allianceforcoffeeexcellence.org/costa-rica-2018/,FALSE,reported,Washed,Washed,Conventional,NA,reported process,32,32,sol naciente,luis arturo bonilla chacon,3f6557f6d36b2162|COE|NA|32,NA,NA,NA,NA,NA,NA,FALSE,FALSE
3f6557f6d36b2162,2018,COE,Costa Rica,2018,COE,NA,33,87.26,Lorena,Manuel Antonio Barrantes Zuñiga,Honey,Tipica Toño,"Naranjo, Cirri, Lordes",https://allianceforcoffeeexcellence.org/costa-rica-2018/,FALSE,reported,Honey / pulped natural,Honey / pulped natural,Conventional,NA,reported process,33,33,lorena,manuel antonio barrantes zuniga,3f6557f6d36b2162|COE|NA|33,NA,NA,NA,NA,NA,NA,FALSE,FALSE
3f6557f6d36b2162,2018,COE,Costa Rica,2018,COE,NA,34,87,Finca Los Tucanes,Maria Auxiliadora Bonilla Solis,Honey,Gesha,Leon Cortes Llano Bonito,https://allianceforcoffeeexcellence.org/costa-rica-2018/,FALSE,reported,Honey / pulped natural,Honey / pulped natural,Conventional,NA,reported process,34,34,finca los tucanes,maria auxiliadora bonilla solis,3f6557f6d36b2162|COE|NA|34,NA,NA,NA,NA,NA,NA,FALSE,FALSE
3f6557f6d36b2162,2018,COE,Costa Rica,2018,COE,NA,35,86.56,San Cristobal,Eduardo Navarro Jimenez,Natural,Caturra Catuaí,"Desamparados, Distrito San Cristobal",https://allianceforcoffeeexcellence.org/costa-rica-2018/,FALSE,reported,Natural,Natural,Conventional,NA,reported process,35,35,san cristobal,eduardo navarro jimenez,3f6557f6d36b2162|COE|NA|35,NA,NA,NA,NA,NA,NA,FALSE,FALSE
3f6557f6d36b2162,2018,COE,Costa Rica,2018,COE,NA,36,86.21,Volcan Azul,Finca Fcj Volcán Azul S.A,Honey,Gesha,"Grecia, San Roque",https://allianceforcoffeeexcellence.org/costa-rica-2018/,FALSE,reported,Honey / pulped natural,Honey / pulped natural,Conventional,NA,reported process,36,36,volcan azul,finca fcj volcan azul s a,3f6557f6d36b2162|COE|NA|36,NA,NA,NA,NA,NA,NA,FALSE,FALSE
3f6557f6d36b2162,2018,COE,Costa Rica,2018,COE,NA,4a,90.41,La Minilla,Sergio Salas Jimenez,Natural Anaerobic,Villa Sanchí Y Caturra,"San Ramón, San Rafael",https://allianceforcoffeeexcellence.org/costa-rica-2018/,FALSE,reported,Experimental,Natural,Experimental,Anaerobic,reported process,4A,4,la minilla,sergio salas jimenez,3f6557f6d36b2162|COE|NA|4,Natural | Anaerobic,2018,2018,TRUE,FALSE,FALSE,FALSE,FALSE
3f6557f6d36b2162,2018,COE,Costa Rica,2018,COE,NA,5a,90.35,Chispita,Carlos Eduardo Barrantes Zuñiga,Washed,Kenia,"Naranjo, Cirri, Lourdes",https://allianceforcoffeeexcellence.org/costa-rica-2018/,FALSE,reported,Washed,Washed,Conventional,NA,reported process,5A,5,chispita,carlos eduardo barrantes zuniga,3f6557f6d36b2162|COE|NA|5,NA,NA,NA,NA,NA,NA,FALSE,FALSE
3f6557f6d36b2162,2018,COE,Costa Rica,2018,COE,NA,6a,90.06,Finca La Loma,Luis Pablo Bonilla Solis,Honey,Gesha,Leon Cortes Llano Bonito,https://allianceforcoffeeexcellence.org/costa-rica-2018/,FALSE,reported,Honey / pulped natural,Honey / pulped natural,Conventional,NA,reported process,6A,6,finca la loma,luis pablo bonilla solis,3f6557f6d36b2162|COE|NA|6,NA,NA,NA,NA,NA,NA,FALSE,FALSE
3f6557f6d36b2162,2018,COE,Costa Rica,2018,COE,NA,7,89.47,Don Dario,Grupo Los Grandes De Copey S.A.,Washed,Gesha,"Dota, Copey",https://allianceforcoffeeexcellence.org/costa-rica-2018/,FALSE,reported,Washed,Washed,Conventional,NA,reported process,7,7,don dario,grupo los grandes de copey s a,3f6557f6d36b2162|COE|NA|7,NA,NA,NA,NA,NA,NA,FALSE,FALSE
3f6557f6d36b2162,2018,COE,Costa Rica,2018,COE,NA,8,89.41,El Diamante,Carlos Luis Fernández Morera,Anaerobic,Caturra Y Catuaí,"San Ramón, San Rafael",https://allianceforcoffeeexcellence.org/costa-rica-2018/,FALSE,reported,Experimental,Not reported,Experimental,Anaerobic,reported process,8,8,el diamante,carlos luis fernandez morera,3f6557f6d36b2162|COE|NA|8,Not reported | Anaerobic,2018,2023,TRUE,FALSE,TRUE,FALSE,FALSE
3f6557f6d36b2162,2018,COE,Costa Rica,2018,COE,NA,9,89.35,Finca La Pastora,Maria Cecilia Solís Moreno,Honey,Villalobos Catuai,Tarrazu San Marcos,https://allianceforcoffeeexcellence.org/costa-rica-2018/,FALSE,reported,Honey / pulped natural,Honey / pulped natural,Conventional,NA,reported process,9,9,finca la pastora,maria cecilia solis moreno,3f6557f6d36b2162|COE|NA|9,NA,NA,NA,NA,NA,NA,FALSE,FALSE
ce40b6a6738bbb99,2019,COE,Costa Rica,2019,COE,NA,1a,91.14,Don Dario,Grupo Los Grandes de Copey,Anaerobic,Gesha,Tarrazú,https://allianceforcoffeeexcellence.org/costa-rica-2019/,FALSE,reported,Experimental,Not reported,Experimental,Anaerobic,reported process,1A,1,don dario,grupo los grandes de copey,ce40b6a6738bbb99|COE|NA|1,Not reported | Anaerobic,2018,2023,TRUE,FALSE,TRUE,FALSE,TRUE
ce40b6a6738bbb99,2019,COE,Costa Rica,2019,COE,NA,10,88.52,El Paraíso,Omar Calderón Madrigal,Washed,Gesha,Tarrazú,https://allianceforcoffeeexcellence.org/costa-rica-2019/,FALSE,reported,Washed,Washed,Conventional,NA,reported process,10,10,el paraiso,omar calderon madrigal,ce40b6a6738bbb99|COE|NA|10,NA,NA,NA,NA,NA,NA,FALSE,FALSE
ce40b6a6738bbb99,2019,COE,Costa Rica,2019,COE,NA,11,88.44,Finca Chispita,Carlos Eduardo Barrantes Zuñiga,Natural,Kenia SL 28,VCO,https://allianceforcoffeeexcellence.org/costa-rica-2019/,FALSE,reported,Natural,Natural,Conventional,NA,reported process,11,11,finca chispita,carlos eduardo barrantes zuniga,ce40b6a6738bbb99|COE|NA|11,NA,NA,NA,NA,NA,NA,FALSE,FALSE
ce40b6a6738bbb99,2019,COE,Costa Rica,2019,COE,NA,12,88.3,Sin Límites,José Jaime Cárdenas Rojas,Honey,Kenia CL28,VCO,https://allianceforcoffeeexcellence.org/costa-rica-2019/,FALSE,reported,Honey / pulped natural,Honey / pulped natural,Conventional,NA,reported process,12,12,sin limites,jose jaime cardenas rojas,ce40b6a6738bbb99|COE|NA|12,NA,NA,NA,NA,NA,NA,FALSE,FALSE
ce40b6a6738bbb99,2019,COE,Costa Rica,2019,COE,NA,13,88.28,El Encino,Esteban Zamora Picado,Natural,Catuaí,Tarrazú,https://allianceforcoffeeexcellence.org/costa-rica-2019/,FALSE,reported,Natural,Natural,Conventional,NA,reported process,13,13,el encino,esteban zamora picado,ce40b6a6738bbb99|COE|NA|13,NA,NA,NA,NA,NA,NA,FALSE,FALSE
ce40b6a6738bbb99,2019,COE,Costa Rica,2019,COE,NA,14,88.2,Edgar,Bernabe Aguilera Gonzales,Honey,San Roque,VCO,https://allianceforcoffeeexcellence.org/costa-rica-2019/,FALSE,reported,Honey / pulped natural,Honey / pulped natural,Conventional,NA,reported process,14,14,edgar,bernabe aguilera gonzales,ce40b6a6738bbb99|COE|NA|14,NA,NA,NA,NA,NA,NA,FALSE,FALSE
ce40b6a6738bbb99,2019,COE,Costa Rica,2019,COE,NA,15,88.08,Finca Flor De Café,Karla Dayanna Barrantes Molina,Washed,Kenia SL 28,VCO,https://allianceforcoffeeexcellence.org/costa-rica-2019/,FALSE,reported,Washed,Washed,Conventional,NA,reported process,15,15,finca flor de cafe,karla dayanna barrantes molina,ce40b6a6738bbb99|COE|NA|15,NA,NA,NA,NA,NA,NA,FALSE,FALSE
ce40b6a6738bbb99,2019,COE,Costa Rica,2019,COE,NA,16,87.95,Don Mayo los Tucanes,Luis Pablo Bonilla Solis,Honey,Gesha,Tarrazú,https://allianceforcoffeeexcellence.org/costa-rica-2019/,FALSE,reported,Honey / pulped natural,Honey / pulped natural,Conventional,NA,reported process,16,16,don mayo los tucanes,luis pablo bonilla solis,ce40b6a6738bbb99|COE|NA|16,NA,NA,NA,NA,NA,NA,FALSE,FALSE
ce40b6a6738bbb99,2019,COE,Costa Rica,2019,COE,NA,17,87.92,Dragón,Oscar Adolfo Monge Ureña,Natural,Catuai,Tarrazú,https://allianceforcoffeeexcellence.org/costa-rica-2019/,FALSE,reported,Natural,Natural,Conventional,NA,reported process,17,17,dragon,oscar adolfo monge urena,ce40b6a6738bbb99|COE|NA|17,NA,NA,NA,NA,NA,NA,FALSE,FALSE
ce40b6a6738bbb99,2019,COE,Costa Rica,2019,COE,NA,18,87.86,Las Nubes,Roger Ureña Hidalgo,Anaerobic,Typica Mejorado,Tarrazú,https://allianceforcoffeeexcellence.org/costa-rica-2019/,FALSE,reported,Experimental,Not reported,Experimental,Anaerobic,reported process,18,18,las nubes,roger urena hidalgo,ce40b6a6738bbb99|COE|NA|18,Not reported | Anaerobic,2018,2023,TRUE,FALSE,TRUE,FALSE,TRUE
ce40b6a6738bbb99,2019,COE,Costa Rica,2019,COE,NA,19,87.75,Doña Nina,Cafe Gourmet de Tobosi S.A.,Natural,Catuai Amarillo,Tarrazú,https://allianceforcoffeeexcellence.org/costa-rica-2019/,FALSE,reported,Natural,Natural,Conventional,NA,reported process,19,19,dona nina,cafe gourmet de tobosi s a,ce40b6a6738bbb99|COE|NA|19,NA,NA,NA,NA,NA,NA,FALSE,FALSE
ce40b6a6738bbb99,2019,COE,Costa Rica,2019,COE,NA,2a,91.02,DON CAYITO,LUIS RICARDO CALDERON MADRIGAL,Washed,Gesha,Tarrazú,https://allianceforcoffeeexcellence.org/costa-rica-2019/,FALSE,reported,Washed,Washed,Conventional,NA,reported process,2A,2,don cayito,luis ricardo calderon madrigal,ce40b6a6738bbb99|COE|NA|2,NA,NA,NA,NA,NA,NA,FALSE,FALSE
ce40b6a6738bbb99,2019,COE,Costa Rica,2019,COE,NA,20,87.75,El Bambú,ISABEL ROJAS GONZÁLEZ,Natural,Catuaí,PZ,https://allianceforcoffeeexcellence.org/costa-rica-2019/,FALSE,reported,Natural,Natural,Conventional,NA,reported process,20,20,el bambu,isabel rojas gonzalez,ce40b6a6738bbb99|COE|NA|20,NA,NA,NA,NA,NA,NA,FALSE,FALSE
ce40b6a6738bbb99,2019,COE,Costa Rica,2019,COE,NA,21,87.69,EL ALTO,LUIS ENRIQUE NAVARRO PORRAS,Honey,CATURRA,Tarrazú,https://allianceforcoffeeexcellence.org/costa-rica-2019/,FALSE,reported,Honey / pulped natural,Honey / pulped natural,Conventional,NA,reported process,21,21,el alto,luis enrique navarro porras,ce40b6a6738bbb99|COE|NA|21,NA,NA,NA,NA,NA,NA,FALSE,FALSE
ce40b6a6738bbb99,2019,COE,Costa Rica,2019,COE,NA,22,87.69,Don Mayo El LLano,Josue Bonilla Solis,Honey,Gesha,Tarrazú,https://allianceforcoffeeexcellence.org/costa-rica-2019/,FALSE,reported,Honey / pulped natural,Honey / pulped natural,Conventional,NA,reported process,22,22,don mayo el llano,josue bonilla solis,ce40b6a6738bbb99|COE|NA|22,NA,NA,NA,NA,NA,NA,FALSE,FALSE
ce40b6a6738bbb99,2019,COE,Costa Rica,2019,COE,NA,23,87.61,Don Mayo Las Nubes,Maria Auxiliadora Bonilla Solis,Honey,Bourbon mejorado,Tarrazú,https://allianceforcoffeeexcellence.org/costa-rica-2019/,FALSE,reported,Honey / pulped natural,Honey / pulped natural,Conventional,NA,reported process,23,23,don mayo las nubes,maria auxiliadora bonilla solis,ce40b6a6738bbb99|COE|NA|23,NA,NA,NA,NA,NA,NA,FALSE,FALSE
ce40b6a6738bbb99,2019,COE,Costa Rica,2019,COE,NA,24,87.58,La Laguna,Jorge Mario Araya Mora,Honey,Catuaí rojo.,Tarrazú,https://allianceforcoffeeexcellence.org/costa-rica-2019/,FALSE,reported,Honey / pulped natural,Honey / pulped natural,Conventional,NA,reported process,24,24,la laguna,jorge mario araya mora,ce40b6a6738bbb99|COE|NA|24,NA,NA,NA,NA,NA,NA,FALSE,FALSE
ce40b6a6738bbb99,2019,COE,Costa Rica,2019,COE,NA,25,87.5,El Centro,Teneria Pirro Antonio Gomez LTDA,Natural,Gesha,VC,https://allianceforcoffeeexcellence.org/costa-rica-2019/,FALSE,reported,Natural,Natural,Conventional,NA,reported process,25,25,el centro,teneria pirro antonio gomez ltda,ce40b6a6738bbb99|COE|NA|25,NA,NA,NA,NA,NA,NA,FALSE,FALSE
ce40b6a6738bbb99,2019,COE,Costa Rica,2019,COE,NA,26,87.44,La Union Pedro,Maria Elena Camacho Morales,Honey,San Roque 28,VC,https://allianceforcoffeeexcellence.org/costa-rica-2019/,FALSE,reported,Honey / pulped natural,Honey / pulped natural,Conventional,NA,reported process,26,26,la union pedro,maria elena camacho morales,ce40b6a6738bbb99|COE|NA|26,NA,NA,NA,NA,NA,NA,FALSE,FALSE
ce40b6a6738bbb99,2019,COE,Costa Rica,2019,COE,NA,27,87.38,Don Mayo el Cedral,Hector Bonilla Cruz,Honey,Gesha,Tarrazú,https://allianceforcoffeeexcellence.org/costa-rica-2019/,FALSE,reported,Honey / pulped natural,Honey / pulped natural,Conventional,NA,reported process,27,27,don mayo el cedral,hector bonilla cruz,ce40b6a6738bbb99|COE|NA|27,NA,NA,NA,NA,NA,NA,FALSE,FALSE
ce40b6a6738bbb99,2019,COE,Costa Rica,2019,COE,NA,28,87.28,Toño,Erasmo Aguilera Gonzales,Honey,Gesha M2,VCO,https://allianceforcoffeeexcellence.org/costa-rica-2019/,FALSE,reported,Honey / pulped natural,Honey / pulped natural,Conventional,NA,reported process,28,28,tono,erasmo aguilera gonzales,ce40b6a6738bbb99|COE|NA|28,NA,NA,NA,NA,NA,NA,FALSE,FALSE
ce40b6a6738bbb99,2019,COE,Costa Rica,2019,COE,NA,3a,90.88,Don Antonio,Grupo Los Grandes de Copey S.A.,Honey,Gesha,Tarrazú,https://allianceforcoffeeexcellence.org/costa-rica-2019/,FALSE,reported,Honey / pulped natural,Honey / pulped natural,Conventional,NA,reported process,3A,3,don antonio,grupo los grandes de copey s a,ce40b6a6738bbb99|COE|NA|3,NA,NA,NA,NA,NA,NA,FALSE,FALSE
ce40b6a6738bbb99,2019,COE,Costa Rica,2019,COE,NA,4,89.31,Santa Teresa,Roger Ureña Hidalgo,Honey,Gesha,Tarrazú,https://allianceforcoffeeexcellence.org/costa-rica-2019/,FALSE,reported,Honey / pulped natural,Honey / pulped natural,Conventional,NA,reported process,4,4,santa teresa,roger urena hidalgo,ce40b6a6738bbb99|COE|NA|4,NA,NA,NA,NA,NA,NA,FALSE,FALSE
ce40b6a6738bbb99,2019,COE,Costa Rica,2019,COE,NA,5,89.22,Vista Al Chirripó,RÉGULO UREÑA CHACÓN,Honey,Caturra,PZ,https://allianceforcoffeeexcellence.org/costa-rica-2019/,FALSE,reported,Honey / pulped natural,Honey / pulped natural,Conventional,NA,reported process,5,5,vista al chirripo,regulo urena chacon,ce40b6a6738bbb99|COE|NA|5,NA,NA,NA,NA,NA,NA,FALSE,FALSE
ce40b6a6738bbb99,2019,COE,Costa Rica,2019,COE,NA,6,89.08,Finca Leoncio,Manuel Antonio Barrantes Zuñiga,Natural,San Roque,VCO,https://allianceforcoffeeexcellence.org/costa-rica-2019/,FALSE,reported,Natural,Natural,Conventional,NA,reported process,6,6,finca leoncio,manuel antonio barrantes zuniga,ce40b6a6738bbb99|COE|NA|6,NA,NA,NA,NA,NA,NA,FALSE,FALSE
ce40b6a6738bbb99,2019,COE,Costa Rica,2019,COE,NA,7,88.89,El Pino,Esteban Zamora Picado,Honey,Catuaí,Tarrazú,https://allianceforcoffeeexcellence.org/costa-rica-2019/,FALSE,reported,Honey / pulped natural,Honey / pulped natural,Conventional,NA,reported process,7,7,el pino,esteban zamora picado,ce40b6a6738bbb99|COE|NA|7,NA,NA,NA,NA,NA,NA,FALSE,FALSE
ce40b6a6738bbb99,2019,COE,Costa Rica,2019,COE,NA,8,88.77,El Cañal,Delmar Salas Alpízar,Anaerobic,Caturra y Villa Sarchí,VCO,https://allianceforcoffeeexcellence.org/costa-rica-2019/,FALSE,reported,Experimental,Not reported,Experimental,Anaerobic,reported process,8,8,el canal,delmar salas alpizar,ce40b6a6738bbb99|COE|NA|8,Not reported | Anaerobic,2018,2023,TRUE,FALSE,TRUE,FALSE,TRUE
ce40b6a6738bbb99,2019,COE,Costa Rica,2019,COE,NA,9,88.66,La Loma,Hector Bonilla Cruz,Honey,Gesha,Tarrazú,https://allianceforcoffeeexcellence.org/costa-rica-2019/,FALSE,reported,Honey / pulped natural,Honey / pulped natural,Conventional,NA,reported process,9,9,la loma,hector bonilla cruz,ce40b6a6738bbb99|COE|NA|9,NA,NA,NA,NA,NA,NA,FALSE,FALSE
33788018ae7fb5b7,Costa Rica 2021,COE,Costa Rica,2021,COE,NA,1a,90.89,La Esmeralda,Ivan Daniel Gutiérrez Ureña,Honey,Gesha & Kenia SL-28,Tarrazu,https://allianceforcoffeeexcellence.org/costa-rica-2021/,FALSE,reported,Honey / pulped natural,Honey / pulped natural,Conventional,NA,reported process,1A,1,la esmeralda,ivan daniel gutierrez urena,33788018ae7fb5b7|COE|NA|1,NA,NA,NA,NA,NA,NA,FALSE,FALSE
33788018ae7fb5b7,Costa Rica 2021,COE,Costa Rica,2021,COE,NA,10,88.53,La Isla – José Roberto,Jiménez y Padilla S.A.,Honey,SL-28,Valle Occidental,https://allianceforcoffeeexcellence.org/costa-rica-2021/,FALSE,reported,Honey / pulped natural,Honey / pulped natural,Conventional,NA,reported process,10,10,la isla jose roberto,jimenez y padilla s a,33788018ae7fb5b7|COE|NA|10,NA,NA,NA,NA,NA,NA,FALSE,FALSE
33788018ae7fb5b7,Costa Rica 2021,COE,Costa Rica,2021,COE,NA,11,88.5,FCJ VOLCAN AZUL El Cedro,Fernando Castro Jimenez,Anaerobic,SL-28,Valle Occidental,https://allianceforcoffeeexcellence.org/costa-rica-2021/,FALSE,reported,Experimental,Not reported,Experimental,Anaerobic,reported process,11,11,fcj volcan azul el cedro,fernando castro jimenez,33788018ae7fb5b7|COE|NA|11,Not reported | Anaerobic,2018,2023,TRUE,FALSE,TRUE,FALSE,TRUE
33788018ae7fb5b7,Costa Rica 2021,COE,Costa Rica,2021,COE,NA,12,88.4,FID ROASTER,Liselle Maria Fallas Ramirez,Honey,Gesha,Tarrazu,https://allianceforcoffeeexcellence.org/costa-rica-2021/,FALSE,reported,Honey / pulped natural,Honey / pulped natural,Conventional,NA,reported process,12,12,fid roaster,liselle maria fallas ramirez,33788018ae7fb5b7|COE|NA|12,NA,NA,NA,NA,NA,NA,FALSE,FALSE
33788018ae7fb5b7,Costa Rica 2021,COE,Costa Rica,2021,COE,NA,13,88.3,Finca Inés,Cooperativa Agrícola Industrial Victoria R.L,Natural,Gesha,Valle Occidental,https://allianceforcoffeeexcellence.org/costa-rica-2021/,FALSE,reported,Natural,Natural,Conventional,NA,reported process,13,13,finca ines,cooperativa agricola industrial victoria r l,33788018ae7fb5b7|COE|NA|13,NA,NA,NA,NA,NA,NA,FALSE,FALSE
33788018ae7fb5b7,Costa Rica 2021,COE,Costa Rica,2021,COE,NA,14,88.27,Don Mayo El Llano,Héctor Bonilla Cruz,Honey,Gesha,Tarrazu,https://allianceforcoffeeexcellence.org/costa-rica-2021/,FALSE,reported,Honey / pulped natural,Honey / pulped natural,Conventional,NA,reported process,14,14,don mayo el llano,hector bonilla cruz,33788018ae7fb5b7|COE|NA|14,NA,NA,NA,NA,NA,NA,FALSE,FALSE
33788018ae7fb5b7,Costa Rica 2021,COE,Costa Rica,2021,COE,NA,15,88.2,La Planada,Marlen Barrantes Zuñiga,Natural,San Roque,Valle Occidental,https://allianceforcoffeeexcellence.org/costa-rica-2021/,FALSE,reported,Natural,Natural,Conventional,NA,reported process,15,15,la planada,marlen barrantes zuniga,33788018ae7fb5b7|COE|NA|15,NA,NA,NA,NA,NA,NA,FALSE,FALSE
33788018ae7fb5b7,Costa Rica 2021,COE,Costa Rica,2021,COE,NA,16,88.13,HACIENDA COPEY,"DAITO GIKEN COSTA RICA, S.A.",Honey,Gesha,Tarrazu,https://allianceforcoffeeexcellence.org/costa-rica-2021/,FALSE,reported,Honey / pulped natural,Honey / pulped natural,Conventional,NA,reported process,16,16,hacienda copey,daito giken costa rica s a,33788018ae7fb5b7|COE|NA|16,NA,NA,NA,NA,NA,NA,FALSE,FALSE
33788018ae7fb5b7,Costa Rica 2021,COE,Costa Rica,2021,COE,NA,17,88.07,Finca Toño,Erasmo Aguilera Gonzalez,Honey,Gesha,Valle Occidental,https://allianceforcoffeeexcellence.org/costa-rica-2021/,FALSE,reported,Honey / pulped natural,Honey / pulped natural,Conventional,NA,reported process,17,17,finca tono,erasmo aguilera gonzalez,33788018ae7fb5b7|COE|NA|17,NA,NA,NA,NA,NA,NA,FALSE,FALSE
33788018ae7fb5b7,Costa Rica 2021,COE,Costa Rica,2021,COE,NA,18,88,Don Joel,Allan Oviedo Rodriguez,Natural,San Roque Kenya,Valle Occidental,https://allianceforcoffeeexcellence.org/costa-rica-2021/,FALSE,reported,Natural,Natural,Conventional,NA,reported process,18,18,don joel,allan oviedo rodriguez,33788018ae7fb5b7|COE|NA|18,NA,NA,NA,NA,NA,NA,FALSE,FALSE
33788018ae7fb5b7,Costa Rica 2021,COE,Costa Rica,2021,COE,NA,19,87.97,La Torre,Manuel Antonio Barrantes Zuñiga,Natural,San Roque,Valle Occidental,https://allianceforcoffeeexcellence.org/costa-rica-2021/,FALSE,reported,Natural,Natural,Conventional,NA,reported process,19,19,la torre,manuel antonio barrantes zuniga,33788018ae7fb5b7|COE|NA|19,NA,NA,NA,NA,NA,NA,FALSE,FALSE
33788018ae7fb5b7,Costa Rica 2021,COE,Costa Rica,2021,COE,NA,2a,90.5,HACIENDA COPEY Itadaki Estate,"DAITO GIKEN COSTA RICA, S.A.",Honey,Gesha,Tarrazu,https://allianceforcoffeeexcellence.org/costa-rica-2021/,FALSE,reported,Honey / pulped natural,Honey / pulped natural,Conventional,NA,reported process,2A,2,hacienda copey itadaki estate,daito giken costa rica s a,33788018ae7fb5b7|COE|NA|2,NA,NA,NA,NA,NA,NA,FALSE,FALSE
33788018ae7fb5b7,Costa Rica 2021,COE,Costa Rica,2021,COE,NA,20,87.9,Gloriana,HEARTY COFFEE SOCIEDAD ANONIMA,Washed,San Roque Kenya,Valle Occidental,https://allianceforcoffeeexcellence.org/costa-rica-2021/,FALSE,reported,Washed,Washed,Conventional,NA,reported process,20,20,gloriana,hearty coffee sociedad anonima,33788018ae7fb5b7|COE|NA|20,NA,NA,NA,NA,NA,NA,FALSE,FALSE
33788018ae7fb5b7,Costa Rica 2021,COE,Costa Rica,2021,COE,NA,21,87.9,Finca Dagoberto,Dagoberto Aguilera Gonzales,Honey,Kenya SL-28,Valle Occidental,https://allianceforcoffeeexcellence.org/costa-rica-2021/,FALSE,reported,Honey / pulped natural,Honey / pulped natural,Conventional,NA,reported process,21,21,finca dagoberto,dagoberto aguilera gonzales,33788018ae7fb5b7|COE|NA|21,NA,NA,NA,NA,NA,NA,FALSE,FALSE
33788018ae7fb5b7,Costa Rica 2021,COE,Costa Rica,2021,COE,NA,22,87.83,Finca Edgar,Felipe Aguilera Gonzalez,Washed,Gesha,Valle Occidental,https://allianceforcoffeeexcellence.org/costa-rica-2021/,FALSE,reported,Washed,Washed,Conventional,NA,reported process,22,22,finca edgar,felipe aguilera gonzalez,33788018ae7fb5b7|COE|NA|22,NA,NA,NA,NA,NA,NA,FALSE,FALSE
33788018ae7fb5b7,Costa Rica 2021,COE,Costa Rica,2021,COE,NA,23,87.83,LAS LAJAS Yellow Diamond,BENEFICIO CAFETALERO LAS LAJAS S.A.,Natural,Villa Sarchi,Valle Central,https://allianceforcoffeeexcellence.org/costa-rica-2021/,FALSE,reported,Natural,Natural,Conventional,NA,reported process,23,23,las lajas yellow diamond,beneficio cafetalero las lajas s a,33788018ae7fb5b7|COE|NA|23,NA,NA,NA,NA,NA,NA,FALSE,FALSE
33788018ae7fb5b7,Costa Rica 2021,COE,Costa Rica,2021,COE,NA,24,87.8,FCJ VOLCAN AZUL Cipresal,Fernando Castro Jimenez,Anaerobic,Gesha,Valle Occidental,https://allianceforcoffeeexcellence.org/costa-rica-2021/,FALSE,reported,Experimental,Not reported,Experimental,Anaerobic,reported process,24,24,fcj volcan azul cipresal,fernando castro jimenez,33788018ae7fb5b7|COE|NA|24,Not reported | Anaerobic,2018,2023,TRUE,FALSE,TRUE,FALSE,TRUE
33788018ae7fb5b7,Costa Rica 2021,COE,Costa Rica,2021,COE,NA,25,87.77,Finca Victoria,Cooperativa Agrícola Industrial Victoria R.L,Washed,Gesha,Valle Occidental,https://allianceforcoffeeexcellence.org/costa-rica-2021/,FALSE,reported,Washed,Washed,Conventional,NA,reported process,25,25,finca victoria,cooperativa agricola industrial victoria r l,33788018ae7fb5b7|COE|NA|25,NA,NA,NA,NA,NA,NA,FALSE,FALSE
33788018ae7fb5b7,Costa Rica 2021,COE,Costa Rica,2021,COE,NA,26,87.57,Flor de Montaña,Deily Mora Aguilar,Honey,Gesha,Tarrazu,https://allianceforcoffeeexcellence.org/costa-rica-2021/,FALSE,reported,Honey / pulped natural,Honey / pulped natural,Conventional,NA,reported process,26,26,flor de montana,deily mora aguilar,33788018ae7fb5b7|COE|NA|26,NA,NA,NA,NA,NA,NA,FALSE,FALSE
33788018ae7fb5b7,Costa Rica 2021,COE,Costa Rica,2021,COE,NA,27,87.57,Maibel,Maibel Barrantes Zuñiga,Anaerobic,Kenia,Valle Occidental,https://allianceforcoffeeexcellence.org/costa-rica-2021/,FALSE,reported,Experimental,Not reported,Experimental,Anaerobic,reported process,27,27,maibel,maibel barrantes zuniga,33788018ae7fb5b7|COE|NA|27,Not reported | Anaerobic,2018,2023,TRUE,FALSE,TRUE,FALSE,TRUE
33788018ae7fb5b7,Costa Rica 2021,COE,Costa Rica,2021,COE,NA,28,87.57,Emanuel,Procesadora de café sin limites S.A.,Lavado,Kenia,Valle Occidental,https://allianceforcoffeeexcellence.org/costa-rica-2021/,FALSE,reported,Washed,Washed,Conventional,NA,reported process,28,28,emanuel,procesadora de cafe sin limites s a,33788018ae7fb5b7|COE|NA|28,NA,NA,NA,NA,NA,NA,FALSE,FALSE
33788018ae7fb5b7,Costa Rica 2021,COE,Costa Rica,2021,COE,NA,29,87.5,San Cristobal,Danilo Salazar Arias,Honey,SL-28,Valle Occidental,https://allianceforcoffeeexcellence.org/costa-rica-2021/,FALSE,reported,Honey / pulped natural,Honey / pulped natural,Conventional,NA,reported process,29,29,san cristobal,danilo salazar arias,33788018ae7fb5b7|COE|NA|29,NA,NA,NA,NA,NA,NA,FALSE,FALSE
33788018ae7fb5b7,Costa Rica 2021,COE,Costa Rica,2021,COE,NA,3a,90.46,DON CAYITO,Luis Ricardo Calderon Madrigal,Washed,Gesha,Tarrazu,https://allianceforcoffeeexcellence.org/costa-rica-2021/,FALSE,reported,Washed,Washed,Conventional,NA,reported process,3A,3,don cayito,luis ricardo calderon madrigal,33788018ae7fb5b7|COE|NA|3,NA,NA,NA,NA,NA,NA,FALSE,FALSE
33788018ae7fb5b7,Costa Rica 2021,COE,Costa Rica,2021,COE,NA,30,87.37,El Chayote Emma,Jennifer Castro Barquero,Washed,San Roque Kenya SL-28,Valle Occidental,https://allianceforcoffeeexcellence.org/costa-rica-2021/,FALSE,reported,Washed,Washed,Conventional,NA,reported process,30,30,el chayote emma,jennifer castro barquero,33788018ae7fb5b7|COE|NA|30,NA,NA,NA,NA,NA,NA,FALSE,FALSE
33788018ae7fb5b7,Costa Rica 2021,COE,Costa Rica,2021,COE,NA,4,90.29,La Planada,César Manuel López Barrantes,Natural,San Roque,Valle Occidental,https://allianceforcoffeeexcellence.org/costa-rica-2021/,FALSE,reported,Natural,Natural,Conventional,NA,reported process,4,4,la planada,cesar manuel lopez barrantes,33788018ae7fb5b7|COE|NA|4,NA,NA,NA,NA,NA,NA,FALSE,FALSE
33788018ae7fb5b7,Costa Rica 2021,COE,Costa Rica,2021,COE,NA,5,89.93,La Torre,Jhon Alvarado Abarca,Anaerobic,Gesha,Brunca,https://allianceforcoffeeexcellence.org/costa-rica-2021/,FALSE,reported,Experimental,Not reported,Experimental,Anaerobic,reported process,5,5,la torre,jhon alvarado abarca,33788018ae7fb5b7|COE|NA|5,Not reported | Anaerobic,2018,2023,TRUE,FALSE,TRUE,FALSE,TRUE
33788018ae7fb5b7,Costa Rica 2021,COE,Costa Rica,2021,COE,NA,6,89.89,Don Fidel,Olymar Santa Lucia III S.A,Honey,SL-28,Valle Occidental,https://allianceforcoffeeexcellence.org/costa-rica-2021/,FALSE,reported,Honey / pulped natural,Honey / pulped natural,Conventional,NA,reported process,6,6,don fidel,olymar santa lucia iii s a,33788018ae7fb5b7|COE|NA|6,NA,NA,NA,NA,NA,NA,FALSE,FALSE
33788018ae7fb5b7,Costa Rica 2021,COE,Costa Rica,2021,COE,NA,7,89.54,Don Darío – Hacienda San Isidro Labrador,Johel Monge Naranjo,Anaerobic,Gesha,Tarrazu,https://allianceforcoffeeexcellence.org/costa-rica-2021/,FALSE,reported,Experimental,Not reported,Experimental,Anaerobic,reported process,7,7,don dario hacienda san isidro labrador,johel monge naranjo,33788018ae7fb5b7|COE|NA|7,Not reported | Anaerobic,2018,2023,TRUE,FALSE,TRUE,FALSE,TRUE
33788018ae7fb5b7,Costa Rica 2021,COE,Costa Rica,2021,COE,NA,8,89.21,DON ELI,Jacob Montero,Natural,Gesha,Tarrazu,https://allianceforcoffeeexcellence.org/costa-rica-2021/,FALSE,reported,Natural,Natural,Conventional,NA,reported process,8,8,don eli,jacob montero,33788018ae7fb5b7|COE|NA|8,NA,NA,NA,NA,NA,NA,FALSE,FALSE
33788018ae7fb5b7,Costa Rica 2021,COE,Costa Rica,2021,COE,NA,9,89.11,El Cedro – Hacienda San Isidro Labrador,Johel Monge Naranjo,Honey,Gesha,Tarrazu,https://allianceforcoffeeexcellence.org/costa-rica-2021/,FALSE,reported,Honey / pulped natural,Honey / pulped natural,Conventional,NA,reported process,9,9,el cedro hacienda san isidro labrador,johel monge naranjo,33788018ae7fb5b7|COE|NA|9,NA,NA,NA,NA,NA,NA,FALSE,FALSE
deeed450e36aab5d,Costa Rica 2022,COE,Costa Rica,2022,COE,NA,1a,91.08,Don Cayito,Luis Ricardo Calderón Madrigal,Honey,Gesha,Los Santos,https://allianceforcoffeeexcellence.org/costa-rica-2022/,FALSE,reported,Honey / pulped natural,Honey / pulped natural,Conventional,NA,reported process,1A,1,don cayito,luis ricardo calderon madrigal,deeed450e36aab5d|COE|NA|1,NA,NA,NA,NA,NA,NA,FALSE,FALSE
deeed450e36aab5d,Costa Rica 2022,COE,Costa Rica,2022,COE,NA,10,88.53,Las Nubes,ROGER UREÑA HIDALGO,Washed,Gesha,Los Santos,https://allianceforcoffeeexcellence.org/costa-rica-2022/,FALSE,reported,Washed,Washed,Conventional,NA,reported process,10,10,las nubes,roger urena hidalgo,deeed450e36aab5d|COE|NA|10,NA,NA,NA,NA,NA,NA,FALSE,FALSE
deeed450e36aab5d,Costa Rica 2022,COE,Costa Rica,2022,COE,NA,11,88.07,Higueron De Finca Carrizal,Servicios Cori S.A.,Washed,SL-28 (Kenia),Valle Central,https://allianceforcoffeeexcellence.org/costa-rica-2022/,FALSE,reported,Washed,Washed,Conventional,NA,reported process,11,11,higueron de finca carrizal,servicios cori s a,deeed450e36aab5d|COE|NA|11,NA,NA,NA,NA,NA,NA,FALSE,FALSE
deeed450e36aab5d,Costa Rica 2022,COE,Costa Rica,2022,COE,NA,12,88,Pie San,Oscar Adolfo Monge Ureña,Honey,Gesha,Los Santos,https://allianceforcoffeeexcellence.org/costa-rica-2022/,FALSE,reported,Honey / pulped natural,Honey / pulped natural,Conventional,NA,reported process,12,12,pie san,oscar adolfo monge urena,deeed450e36aab5d|COE|NA|12,NA,NA,NA,NA,NA,NA,FALSE,FALSE
deeed450e36aab5d,Costa Rica 2022,COE,Costa Rica,2022,COE,NA,13,87.82,Gloriana,HEARTY COFFEE S.A,Washed,Kenia/San Roque,Valle Occidental,https://allianceforcoffeeexcellence.org/costa-rica-2022/,FALSE,reported,Washed,Washed,Conventional,NA,reported process,13,13,gloriana,hearty coffee s a,deeed450e36aab5d|COE|NA|13,NA,NA,NA,NA,NA,NA,FALSE,FALSE
deeed450e36aab5d,Costa Rica 2022,COE,Costa Rica,2022,COE,NA,14,87.76,Fcj Volcan Azul Cipresal,Fernando Castro Jimenez,Anaeróbico,Gesha,Valle Occidental,https://allianceforcoffeeexcellence.org/costa-rica-2022/,FALSE,reported,Experimental,Not reported,Experimental,Anaerobic,reported process,14,14,fcj volcan azul cipresal,fernando castro jimenez,deeed450e36aab5d|COE|NA|14,Not reported | Anaerobic,2018,2023,TRUE,FALSE,TRUE,FALSE,TRUE
deeed450e36aab5d,Costa Rica 2022,COE,Costa Rica,2022,COE,NA,15,87.75,Don Joel,ALLAN OVIEDO RODRIGUEZ,Washed,Kenia/San Roque,Valle Occidental,https://allianceforcoffeeexcellence.org/costa-rica-2022/,FALSE,reported,Washed,Washed,Conventional,NA,reported process,15,15,don joel,allan oviedo rodriguez,deeed450e36aab5d|COE|NA|15,NA,NA,NA,NA,NA,NA,FALSE,FALSE
deeed450e36aab5d,Costa Rica 2022,COE,Costa Rica,2022,COE,NA,16,87.74,Las Nubes,Luis Roberto Mata Naranjo,Honey,Gesha,Los Santos,https://allianceforcoffeeexcellence.org/costa-rica-2022/,FALSE,reported,Honey / pulped natural,Honey / pulped natural,Conventional,NA,reported process,16,16,las nubes,luis roberto mata naranjo,deeed450e36aab5d|COE|NA|16,NA,NA,NA,NA,NA,NA,FALSE,FALSE
deeed450e36aab5d,Costa Rica 2022,COE,Costa Rica,2022,COE,NA,17,87.71,El Salitre,Jhonny Alvarado Fonseca,Anaeróbico,Catuai,Perez Zeledon,https://allianceforcoffeeexcellence.org/costa-rica-2022/,FALSE,reported,Experimental,Not reported,Experimental,Anaerobic,reported process,17,17,el salitre,jhonny alvarado fonseca,deeed450e36aab5d|COE|NA|17,Not reported | Anaerobic,2018,2023,TRUE,FALSE,TRUE,FALSE,TRUE
deeed450e36aab5d,Costa Rica 2022,COE,Costa Rica,2022,COE,NA,18,87.41,San Cristobal,San Cristóbal del Llano,Natural,Milenium,Valle Occidental,https://allianceforcoffeeexcellence.org/costa-rica-2022/,FALSE,reported,Natural,Natural,Conventional,NA,reported process,18,18,san cristobal,san cristobal del llano,deeed450e36aab5d|COE|NA|18,NA,NA,NA,NA,NA,NA,FALSE,FALSE
deeed450e36aab5d,Costa Rica 2022,COE,Costa Rica,2022,COE,NA,19,87.38,Hacienda De Colima Alto,Alejo Castro Kahle,Anaeróbico,San Roque,Valle Central,https://allianceforcoffeeexcellence.org/costa-rica-2022/,FALSE,reported,Experimental,Not reported,Experimental,Anaerobic,reported process,19,19,hacienda de colima alto,alejo castro kahle,deeed450e36aab5d|COE|NA|19,Not reported | Anaerobic,2018,2023,TRUE,FALSE,TRUE,FALSE,TRUE
deeed450e36aab5d,Costa Rica 2022,COE,Costa Rica,2022,COE,NA,2a,90.06,El Cedro – Hacienda San Isidro Labra,Johel Monge Naranjo,Honey,Gesha,Los Santos,https://allianceforcoffeeexcellence.org/costa-rica-2022/,FALSE,reported,Honey / pulped natural,Honey / pulped natural,Conventional,NA,reported process,2A,2,el cedro hacienda san isidro labra,johel monge naranjo,deeed450e36aab5d|COE|NA|2,NA,NA,NA,NA,NA,NA,FALSE,FALSE
deeed450e36aab5d,Costa Rica 2022,COE,Costa Rica,2022,COE,NA,20,87.24,La Isla,Jiménez y Padilla,Honey,San Roque,Valle Occidental,https://allianceforcoffeeexcellence.org/costa-rica-2022/,FALSE,reported,Honey / pulped natural,Honey / pulped natural,Conventional,NA,reported process,20,20,la isla,jimenez y padilla,deeed450e36aab5d|COE|NA|20,NA,NA,NA,NA,NA,NA,FALSE,FALSE
deeed450e36aab5d,Costa Rica 2022,COE,Costa Rica,2022,COE,NA,21,87.21,La Planada,Marlen Barrantes Zuñiga,Natural,San Roque,Valle Occidental,https://allianceforcoffeeexcellence.org/costa-rica-2022/,FALSE,reported,Natural,Natural,Conventional,NA,reported process,21,21,la planada,marlen barrantes zuniga,deeed450e36aab5d|COE|NA|21,NA,NA,NA,NA,NA,NA,FALSE,FALSE
deeed450e36aab5d,Costa Rica 2022,COE,Costa Rica,2022,COE,NA,22,87.09,Don Mayo El Cedral,Héctor Bonilla Cruz,Honey,Gesha,Los Santos,https://allianceforcoffeeexcellence.org/costa-rica-2022/,FALSE,reported,Honey / pulped natural,Honey / pulped natural,Conventional,NA,reported process,22,22,don mayo el cedral,hector bonilla cruz,deeed450e36aab5d|COE|NA|22,NA,NA,NA,NA,NA,NA,FALSE,FALSE
deeed450e36aab5d,Costa Rica 2022,COE,Costa Rica,2022,COE,NA,3a,90,Los Toños,John Alvarado Abarca,Anaeróbico,Milenium,Perez Zeledon,https://allianceforcoffeeexcellence.org/costa-rica-2022/,FALSE,reported,Experimental,Not reported,Experimental,Anaerobic,reported process,3A,3,los tonos,john alvarado abarca,deeed450e36aab5d|COE|NA|3,Not reported | Anaerobic,2018,2023,TRUE,FALSE,TRUE,FALSE,TRUE
deeed450e36aab5d,Costa Rica 2022,COE,Costa Rica,2022,COE,NA,4,89.78,Fcj Volcan Azul El Cedro,Fernando Castro Jimenez,Anaeróbico,Gesha,Valle Central,https://allianceforcoffeeexcellence.org/costa-rica-2022/,FALSE,reported,Experimental,Not reported,Experimental,Anaerobic,reported process,4,4,fcj volcan azul el cedro,fernando castro jimenez,deeed450e36aab5d|COE|NA|4,Not reported | Anaerobic,2018,2023,TRUE,FALSE,TRUE,FALSE,TRUE
deeed450e36aab5d,Costa Rica 2022,COE,Costa Rica,2022,COE,NA,5,89.61,Burío,Luis Alberto Monge Ureña,Honey,Kenia,Los Santos,https://allianceforcoffeeexcellence.org/costa-rica-2022/,FALSE,reported,Honey / pulped natural,Honey / pulped natural,Conventional,NA,reported process,5,5,burio,luis alberto monge urena,deeed450e36aab5d|COE|NA|5,NA,NA,NA,NA,NA,NA,FALSE,FALSE
deeed450e36aab5d,Costa Rica 2022,COE,Costa Rica,2022,COE,NA,6,89.28,Don Eli,Jacob Montero Cordero,Natural,Gesha,Los Santos,https://allianceforcoffeeexcellence.org/costa-rica-2022/,FALSE,reported,Natural,Natural,Conventional,NA,reported process,6,6,don eli,jacob montero cordero,deeed450e36aab5d|COE|NA|6,NA,NA,NA,NA,NA,NA,FALSE,FALSE
deeed450e36aab5d,Costa Rica 2022,COE,Costa Rica,2022,COE,NA,7,89.22,La Bandera,Juan Diego Hidalgo Umaña,Washed,Gesha,Los Santos,https://allianceforcoffeeexcellence.org/costa-rica-2022/,FALSE,reported,Washed,Washed,Conventional,NA,reported process,7,7,la bandera,juan diego hidalgo umana,deeed450e36aab5d|COE|NA|7,NA,NA,NA,NA,NA,NA,FALSE,FALSE
deeed450e36aab5d,Costa Rica 2022,COE,Costa Rica,2022,COE,NA,8,89.22,Santa Teresa,ROGER UREÑA HIDALGO,Natural,Gesha,Los Santos,https://allianceforcoffeeexcellence.org/costa-rica-2022/,FALSE,reported,Natural,Natural,Conventional,NA,reported process,8,8,santa teresa,roger urena hidalgo,deeed450e36aab5d|COE|NA|8,NA,NA,NA,NA,NA,NA,FALSE,FALSE
deeed450e36aab5d,Costa Rica 2022,COE,Costa Rica,2022,COE,NA,9,88.75,Finca Toño,Alexis Aguilera González.,Honey,Gesha,Valle Occidental,https://allianceforcoffeeexcellence.org/costa-rica-2022/,FALSE,reported,Honey / pulped natural,Honey / pulped natural,Conventional,NA,reported process,9,9,finca tono,alexis aguilera gonzalez,deeed450e36aab5d|COE|NA|9,NA,NA,NA,NA,NA,NA,FALSE,FALSE
b049d78ce4ab573e,Costa Rica 2023,COE,Costa Rica,2023,COE,NA,1a,91.08,El Cedro – San Isidro Labrador,Johel Monge Naranjo,Honey,Geisha,LOS SANTOS,https://allianceforcoffeeexcellence.org/costa-rica-2023/,FALSE,reported,Honey / pulped natural,Honey / pulped natural,Conventional,NA,reported process,1A,1,el cedro san isidro labrador,johel monge naranjo,b049d78ce4ab573e|COE|NA|1,NA,NA,NA,NA,NA,NA,FALSE,FALSE
b049d78ce4ab573e,Costa Rica 2023,COE,Costa Rica,2023,COE,NA,10,89.38,CIPRESAL – FCJ VOLCAN AZUL,Fernando Castro Jimenez,Honey,Geisha,VALLE CENTRAL,https://allianceforcoffeeexcellence.org/costa-rica-2023/,FALSE,reported,Honey / pulped natural,Honey / pulped natural,Conventional,NA,reported process,10,10,cipresal fcj volcan azul,fernando castro jimenez,b049d78ce4ab573e|COE|NA|10,NA,NA,NA,NA,NA,NA,FALSE,FALSE
b049d78ce4ab573e,Costa Rica 2023,COE,Costa Rica,2023,COE,NA,11,88.67,Don Danilo,San Cristóbal del Llano,Natural,Geisha,VALLE OCCIDENTAL,https://allianceforcoffeeexcellence.org/costa-rica-2023/,FALSE,reported,Natural,Natural,Conventional,NA,reported process,11,11,don danilo,san cristobal del llano,b049d78ce4ab573e|COE|NA|11,NA,NA,NA,NA,NA,NA,FALSE,FALSE
b049d78ce4ab573e,Costa Rica 2023,COE,Costa Rica,2023,COE,NA,12,88.63,Pie San,Oscar Adolfo Monge Ureña.,Honey,Geisha,LOS SANTOS,https://allianceforcoffeeexcellence.org/costa-rica-2023/,FALSE,reported,Honey / pulped natural,Honey / pulped natural,Conventional,NA,reported process,12,12,pie san,oscar adolfo monge urena,b049d78ce4ab573e|COE|NA|12,NA,NA,NA,NA,NA,NA,FALSE,FALSE
b049d78ce4ab573e,Costa Rica 2023,COE,Costa Rica,2023,COE,NA,13,88.58,HACIENDA COPEY – ITADAKI ESTATE,"DAITO GIKEN COSTA RICA, S.A.",Honey,Geisha,LOS SANTOS,https://allianceforcoffeeexcellence.org/costa-rica-2023/,FALSE,reported,Honey / pulped natural,Honey / pulped natural,Conventional,NA,reported process,13,13,hacienda copey itadaki estate,daito giken costa rica s a,b049d78ce4ab573e|COE|NA|13,NA,NA,NA,NA,NA,NA,FALSE,FALSE
b049d78ce4ab573e,Costa Rica 2023,COE,Costa Rica,2023,COE,NA,14,88.25,GLORIANA,HEARTY COFFEE s a,Natural,San Roque (Kenia),VALLE OCCIDENTAL,https://allianceforcoffeeexcellence.org/costa-rica-2023/,FALSE,reported,Natural,Natural,Conventional,NA,reported process,14,14,gloriana,hearty coffee s a,b049d78ce4ab573e|COE|NA|14,NA,NA,NA,NA,NA,NA,FALSE,FALSE
b049d78ce4ab573e,Costa Rica 2023,COE,Costa Rica,2023,COE,NA,15,88.17,Don Darío – San Isidro Labrador,Johel Monge Naranjo,Anaerobic,Geisha,LOS SANTOS,https://allianceforcoffeeexcellence.org/costa-rica-2023/,FALSE,reported,Experimental,Not reported,Experimental,Anaerobic,reported process,15,15,don dario san isidro labrador,johel monge naranjo,b049d78ce4ab573e|COE|NA|15,Not reported | Anaerobic,2018,2023,TRUE,FALSE,TRUE,FALSE,TRUE
b049d78ce4ab573e,Costa Rica 2023,COE,Costa Rica,2023,COE,NA,16,88.04,Don Joaquín,Jose Enrique Romero Chacon,Anaerobic,Geisha,LOS SANTOS,https://allianceforcoffeeexcellence.org/costa-rica-2023/,FALSE,reported,Experimental,Not reported,Experimental,Anaerobic,reported process,16,16,don joaquin,jose enrique romero chacon,b049d78ce4ab573e|COE|NA|16,Not reported | Anaerobic,2018,2023,TRUE,FALSE,TRUE,FALSE,TRUE
b049d78ce4ab573e,Costa Rica 2023,COE,Costa Rica,2023,COE,NA,17,87.96,La Planada,Cesar Manuel Lopez Barrantes,Natural,San Roque,VALLE OCCIDENTAL,https://allianceforcoffeeexcellence.org/costa-rica-2023/,FALSE,reported,Natural,Natural,Conventional,NA,reported process,17,17,la planada,cesar manuel lopez barrantes,b049d78ce4ab573e|COE|NA|17,NA,NA,NA,NA,NA,NA,FALSE,FALSE
b049d78ce4ab573e,Costa Rica 2023,COE,Costa Rica,2023,COE,NA,18,87.96,Don Mayo Los Tucanes,Luis Pablo Bonilla Solis,Washed,Geisha,LOS SANTOS,https://allianceforcoffeeexcellence.org/costa-rica-2023/,FALSE,reported,Washed,Washed,Conventional,NA,reported process,18,18,don mayo los tucanes,luis pablo bonilla solis,b049d78ce4ab573e|COE|NA|18,NA,NA,NA,NA,NA,NA,FALSE,FALSE
b049d78ce4ab573e,Costa Rica 2023,COE,Costa Rica,2023,COE,NA,19,87.96,SIN LIMITES,MARIBEL BARRANTES ZUñIGA,Honey,San Roque (Kenia),VALLE OCCIDENTAL,https://allianceforcoffeeexcellence.org/costa-rica-2023/,FALSE,reported,Honey / pulped natural,Honey / pulped natural,Conventional,NA,reported process,19,19,sin limites,maribel barrantes zuniga,b049d78ce4ab573e|COE|NA|19,NA,NA,NA,NA,NA,NA,FALSE,FALSE
b049d78ce4ab573e,Costa Rica 2023,COE,Costa Rica,2023,COE,NA,2a,91,Finca VOO,SOLIS&CORDERO,Natural,Catuaí,LOS SANTOS,https://allianceforcoffeeexcellence.org/costa-rica-2023/,FALSE,reported,Natural,Natural,Conventional,NA,reported process,2A,2,finca voo,solis cordero,b049d78ce4ab573e|COE|NA|2,NA,NA,NA,NA,NA,NA,FALSE,FALSE
b049d78ce4ab573e,Costa Rica 2023,COE,Costa Rica,2023,COE,NA,20,87.92,Finca Toño,Bernabe Aguilera Gonzalez,Anaerobic,San Roque,VALLE OCCIDENTAL,https://allianceforcoffeeexcellence.org/costa-rica-2023/,FALSE,reported,Experimental,Not reported,Experimental,Anaerobic,reported process,20,20,finca tono,bernabe aguilera gonzalez,b049d78ce4ab573e|COE|NA|20,Not reported | Anaerobic,2018,2023,TRUE,FALSE,TRUE,FALSE,TRUE
b049d78ce4ab573e,Costa Rica 2023,COE,Costa Rica,2023,COE,NA,21,87.92,SIN LIMITES CR7,JOSE JAIME CARDENAS ROJAS,Natural,San Roque (Kenia),VALLE OCCIDENTAL,https://allianceforcoffeeexcellence.org/costa-rica-2023/,FALSE,reported,Natural,Natural,Conventional,NA,reported process,21,21,sin limites cr7,jose jaime cardenas rojas,b049d78ce4ab573e|COE|NA|21,NA,NA,NA,NA,NA,NA,FALSE,FALSE
b049d78ce4ab573e,Costa Rica 2023,COE,Costa Rica,2023,COE,NA,22,87.83,FINCA LA ROCA,CAFETALERA EL NIDO,Natural,San Roque,PEREZ ZELEDON,https://allianceforcoffeeexcellence.org/costa-rica-2023/,FALSE,reported,Natural,Natural,Conventional,NA,reported process,22,22,finca la roca,cafetalera el nido,b049d78ce4ab573e|COE|NA|22,NA,NA,NA,NA,NA,NA,FALSE,FALSE
b049d78ce4ab573e,Costa Rica 2023,COE,Costa Rica,2023,COE,NA,23,87.83,FINCA DAVID,MARIBEL BARRANTES ZUñIGA,Natural,San Roque (Kenia),VALLE OCCIDENTAL,https://allianceforcoffeeexcellence.org/costa-rica-2023/,FALSE,reported,Natural,Natural,Conventional,NA,reported process,23,23,finca david,maribel barrantes zuniga,b049d78ce4ab573e|COE|NA|23,NA,NA,NA,NA,NA,NA,FALSE,FALSE
b049d78ce4ab573e,Costa Rica 2023,COE,Costa Rica,2023,COE,NA,24,87.75,El Burío.,Luis Alberto Monge Ureña.,Honey,San Roque (Kenia),LOS SANTOS,https://allianceforcoffeeexcellence.org/costa-rica-2023/,FALSE,reported,Honey / pulped natural,Honey / pulped natural,Conventional,NA,reported process,24,24,el burio,luis alberto monge urena,b049d78ce4ab573e|COE|NA|24,NA,NA,NA,NA,NA,NA,FALSE,FALSE
b049d78ce4ab573e,Costa Rica 2023,COE,Costa Rica,2023,COE,NA,25,87.71,Don Joel,ALLAN OVIEDO RODRIGUEZ,Washed,San Roque (Kenia),VALLE OCCIDENTAL,https://allianceforcoffeeexcellence.org/costa-rica-2023/,FALSE,reported,Washed,Washed,Conventional,NA,reported process,25,25,don joel,allan oviedo rodriguez,b049d78ce4ab573e|COE|NA|25,NA,NA,NA,NA,NA,NA,FALSE,FALSE
b049d78ce4ab573e,Costa Rica 2023,COE,Costa Rica,2023,COE,NA,26,87.71,El Alto,Eugenio Portuguez Hernández,Natural,Villa Sarchí,PEREZ ZELEDON,https://allianceforcoffeeexcellence.org/costa-rica-2023/,FALSE,reported,Natural,Natural,Conventional,NA,reported process,26,26,el alto,eugenio portuguez hernandez,b049d78ce4ab573e|COE|NA|26,NA,NA,NA,NA,NA,NA,FALSE,FALSE
b049d78ce4ab573e,Costa Rica 2023,COE,Costa Rica,2023,COE,NA,27,87.62,DON ELI,Jacob Montero Cordero,Natural,Geisha,LOS SANTOS,https://allianceforcoffeeexcellence.org/costa-rica-2023/,FALSE,reported,Natural,Natural,Conventional,NA,reported process,27,27,don eli,jacob montero cordero,b049d78ce4ab573e|COE|NA|27,NA,NA,NA,NA,NA,NA,FALSE,FALSE
b049d78ce4ab573e,Costa Rica 2023,COE,Costa Rica,2023,COE,NA,28,87.37,Ladera Alessia,Jennifer Castro Barquero,Washed,San Roque (Kenia),VALLE OCCIDENTAL,https://allianceforcoffeeexcellence.org/costa-rica-2023/,FALSE,reported,Washed,Washed,Conventional,NA,reported process,28,28,ladera alessia,jennifer castro barquero,b049d78ce4ab573e|COE|NA|28,NA,NA,NA,NA,NA,NA,FALSE,FALSE
b049d78ce4ab573e,Costa Rica 2023,COE,Costa Rica,2023,COE,NA,29,87.29,Fideluz,LUZ MARINA BARRANTES,Washed,San Roque (Kenia),VALLE OCCIDENTAL,https://allianceforcoffeeexcellence.org/costa-rica-2023/,FALSE,reported,Washed,Washed,Conventional,NA,reported process,29,29,fideluz,luz marina barrantes,b049d78ce4ab573e|COE|NA|29,NA,NA,NA,NA,NA,NA,FALSE,FALSE
b049d78ce4ab573e,Costa Rica 2023,COE,Costa Rica,2023,COE,NA,3a,90.85,Finca Don Cayito,Luis Ricardo Calderon Madrigal,Honey,Geisha,LOS SANTOS,https://allianceforcoffeeexcellence.org/costa-rica-2023/,FALSE,reported,Honey / pulped natural,Honey / pulped natural,Conventional,NA,reported process,3A,3,finca don cayito,luis ricardo calderon madrigal,b049d78ce4ab573e|COE|NA|3,NA,NA,NA,NA,NA,NA,FALSE,FALSE
b049d78ce4ab573e,Costa Rica 2023,COE,Costa Rica,2023,COE,NA,30,87.29,Don Egidio Rodriguez,Allan Rodriguez Vega,Anaerobic,Geisha,VALLE OCCIDENTAL,https://allianceforcoffeeexcellence.org/costa-rica-2023/,FALSE,reported,Experimental,Not reported,Experimental,Anaerobic,reported process,30,30,don egidio rodriguez,allan rodriguez vega,b049d78ce4ab573e|COE|NA|30,Not reported | Anaerobic,2018,2023,TRUE,FALSE,TRUE,FALSE,TRUE
b049d78ce4ab573e,Costa Rica 2023,COE,Costa Rica,2023,COE,NA,4,90.27,San Martín,Rodolfo Rivera Rodríguez,Washed,Geisha,LOS SANTOS,https://allianceforcoffeeexcellence.org/costa-rica-2023/,FALSE,reported,Washed,Washed,Conventional,NA,reported process,4,4,san martin,rodolfo rivera rodriguez,b049d78ce4ab573e|COE|NA|4,NA,NA,NA,NA,NA,NA,FALSE,FALSE
b049d78ce4ab573e,Costa Rica 2023,COE,Costa Rica,2023,COE,NA,5,90.19,El Chizo,Agrícola el Chizo,Washed,San Roque (Kenia),VALLE OCCIDENTAL,https://allianceforcoffeeexcellence.org/costa-rica-2023/,FALSE,reported,Washed,Washed,Conventional,NA,reported process,5,5,el chizo,agricola el chizo,b049d78ce4ab573e|COE|NA|5,NA,NA,NA,NA,NA,NA,FALSE,FALSE
b049d78ce4ab573e,Costa Rica 2023,COE,Costa Rica,2023,COE,NA,6,90.15,HACIENDA COPEY,"DAITO GIKEN COSTA RICA, S.A.",Natural,Geisha,LOS SANTOS,https://allianceforcoffeeexcellence.org/costa-rica-2023/,FALSE,reported,Natural,Natural,Conventional,NA,reported process,6,6,hacienda copey,daito giken costa rica s a,b049d78ce4ab573e|COE|NA|6,NA,NA,NA,NA,NA,NA,FALSE,FALSE
b049d78ce4ab573e,Costa Rica 2023,COE,Costa Rica,2023,COE,NA,7,89.81,Las Nubes,Roberto Mata Naranjo,Natural,Geisha,LOS SANTOS,https://allianceforcoffeeexcellence.org/costa-rica-2023/,FALSE,reported,Natural,Natural,Conventional,NA,reported process,7,7,las nubes,roberto mata naranjo,b049d78ce4ab573e|COE|NA|7,NA,NA,NA,NA,NA,NA,FALSE,FALSE
b049d78ce4ab573e,Costa Rica 2023,COE,Costa Rica,2023,COE,NA,8,89.58,FCJ VOLCAN AZUL,Fernando Castro Jimenez,Anaerobic,Geisha,VALLE OCCIDENTAL,https://allianceforcoffeeexcellence.org/costa-rica-2023/,FALSE,reported,Experimental,Not reported,Experimental,Anaerobic,reported process,8,8,fcj volcan azul,fernando castro jimenez,b049d78ce4ab573e|COE|NA|8,Not reported | Anaerobic,2018,2023,TRUE,FALSE,TRUE,FALSE,TRUE
b049d78ce4ab573e,Costa Rica 2023,COE,Costa Rica,2023,COE,NA,9,89.5,SANTA TERESA,ROGER UREÑA HIDALGO,Anaerobic,Geisha,LOS SANTOS,https://allianceforcoffeeexcellence.org/costa-rica-2023/,FALSE,reported,Experimental,Not reported,Experimental,Anaerobic,reported process,9,9,santa teresa,roger urena hidalgo,b049d78ce4ab573e|COE|NA|9,Not reported | Anaerobic,2018,2023,TRUE,FALSE,TRUE,FALSE,TRUE
183f05090c9a1140,Costa Rica 2024,COE,Costa Rica,2024,COE,Traditional Washed Processes,1A,92.04,Santa Teresa,Roger Ureña Hidalgo,Washed,Geisha,Tarrazú,https://allianceforcoffeeexcellence.org/costa-rica-2024/,FALSE,reported,Washed,Washed,Conventional,NA,reported process,1A,1,santa teresa,roger urena hidalgo,183f05090c9a1140|COE|Traditional Washed Processes|1,NA,NA,NA,NA,NA,NA,FALSE,FALSE
183f05090c9a1140,Costa Rica 2024,COE,Costa Rica,2024,COE,Traditional Honey & Natural Processes,1A,93.62,Don Cayito,Luis Ricardo Calderon Madrigal,Honey,Geisha,Tarrazú,https://allianceforcoffeeexcellence.org/costa-rica-2024/,FALSE,reported,Honey / pulped natural,Honey / pulped natural,Conventional,NA,reported process,1A,1,don cayito,luis ricardo calderon madrigal,183f05090c9a1140|COE|Traditional Honey & Natural Processes|1,NA,NA,NA,NA,NA,NA,FALSE,FALSE
183f05090c9a1140,Costa Rica 2024,COE,Costa Rica,2024,COE,Experimental,1A,91.19,Finca Voo,Cafe Solis&Cordero S.A.,Fermentation,Catuai,Tarrazú,https://allianceforcoffeeexcellence.org/costa-rica-2024/,FALSE,reported,Experimental,Not reported,Experimental,Fermentation unspecified,reported process,1A,1,finca voo,cafe solis cordero s a,183f05090c9a1140|COE|Experimental|1,Not reported | Fermentation unspecified,2024,2024,FALSE,TRUE,FALSE,TRUE,FALSE
183f05090c9a1140,Costa Rica 2024,COE,Costa Rica,2024,COE,Traditional Honey & Natural Processes,10,88.62,Hacienda Copey,"Daito Giken Costa Rica, S.A.",Honey,Geisha,Tarrazú,https://allianceforcoffeeexcellence.org/costa-rica-2024/,FALSE,reported,Honey / pulped natural,Honey / pulped natural,Conventional,NA,reported process,10,10,hacienda copey,daito giken costa rica s a,183f05090c9a1140|COE|Traditional Honey & Natural Processes|10,NA,NA,NA,NA,NA,NA,FALSE,FALSE
183f05090c9a1140,Costa Rica 2024,COE,Costa Rica,2024,COE,Traditional Honey & Natural Processes,11,88.58,El Cedro – Hacienda San Isidro Labrador,Johel Monge Naranjo,Honey,Geisha,Tarrazú,https://allianceforcoffeeexcellence.org/costa-rica-2024/,FALSE,reported,Honey / pulped natural,Honey / pulped natural,Conventional,NA,reported process,11,11,el cedro hacienda san isidro labrador,johel monge naranjo,183f05090c9a1140|COE|Traditional Honey & Natural Processes|11,NA,NA,NA,NA,NA,NA,FALSE,FALSE
183f05090c9a1140,Costa Rica 2024,COE,Costa Rica,2024,COE,Traditional Honey & Natural Processes,12,88.42,Pie San,Oscar Adolfo Monge Ureña,Honey,Geisha,Tarrazú,https://allianceforcoffeeexcellence.org/costa-rica-2024/,FALSE,reported,Honey / pulped natural,Honey / pulped natural,Conventional,NA,reported process,12,12,pie san,oscar adolfo monge urena,183f05090c9a1140|COE|Traditional Honey & Natural Processes|12,NA,NA,NA,NA,NA,NA,FALSE,FALSE
183f05090c9a1140,Costa Rica 2024,COE,Costa Rica,2024,COE,Traditional Honey & Natural Processes,13,88.35,El Chizo,Agricola Chizo,Semi lavado,San Roque,Valle Occidental,https://allianceforcoffeeexcellence.org/costa-rica-2024/,FALSE,reported,Honey / pulped natural,Honey / pulped natural,Conventional,NA,reported process,13,13,el chizo,agricola chizo,183f05090c9a1140|COE|Traditional Honey & Natural Processes|13,NA,NA,NA,NA,NA,NA,FALSE,FALSE
183f05090c9a1140,Costa Rica 2024,COE,Costa Rica,2024,COE,Traditional Honey & Natural Processes,14,88.35,Las Nubes,Roberto Mata Naranjo,Natural,Geisha,Tarrazú,https://allianceforcoffeeexcellence.org/costa-rica-2024/,FALSE,reported,Natural,Natural,Conventional,NA,reported process,14,14,las nubes,roberto mata naranjo,183f05090c9a1140|COE|Traditional Honey & Natural Processes|14,NA,NA,NA,NA,NA,NA,FALSE,FALSE
183f05090c9a1140,Costa Rica 2024,COE,Costa Rica,2024,COE,Traditional Honey & Natural Processes,15,88.35,Don Mayo La Loma,Héctor Bonilla Cruz,Honey,Geisha,Tarrazú,https://allianceforcoffeeexcellence.org/costa-rica-2024/,FALSE,reported,Honey / pulped natural,Honey / pulped natural,Conventional,NA,reported process,15,15,don mayo la loma,hector bonilla cruz,183f05090c9a1140|COE|Traditional Honey & Natural Processes|15,NA,NA,NA,NA,NA,NA,FALSE,FALSE
183f05090c9a1140,Costa Rica 2024,COE,Costa Rica,2024,COE,Traditional Honey & Natural Processes,16,88.31,Finca Voo,Cafe Solis&Cordero S.A.,Natural,Catuai,Tarrazú,https://allianceforcoffeeexcellence.org/costa-rica-2024/,FALSE,reported,Natural,Natural,Conventional,NA,reported process,16,16,finca voo,cafe solis cordero s a,183f05090c9a1140|COE|Traditional Honey & Natural Processes|16,NA,NA,NA,NA,NA,NA,FALSE,FALSE
183f05090c9a1140,Costa Rica 2024,COE,Costa Rica,2024,COE,Traditional Washed Processes,2,90.65,El Cedro – Hacienda San Isidro Labrador,Johel Monge Naranjo,Washed,Geisha,Tarrazú,https://allianceforcoffeeexcellence.org/costa-rica-2024/,FALSE,reported,Washed,Washed,Conventional,NA,reported process,2,2,el cedro hacienda san isidro labrador,johel monge naranjo,183f05090c9a1140|COE|Traditional Washed Processes|2,NA,NA,NA,NA,NA,NA,FALSE,FALSE
183f05090c9a1140,Costa Rica 2024,COE,Costa Rica,2024,COE,Traditional Honey & Natural Processes,2,92,La Torre,Jhon Alvarado Abarca,Black Honey,Geisha,Brunca,https://allianceforcoffeeexcellence.org/costa-rica-2024/,FALSE,reported,Honey / pulped natural,Honey / pulped natural,Conventional,NA,reported process,2,2,la torre,jhon alvarado abarca,183f05090c9a1140|COE|Traditional Honey & Natural Processes|2,NA,NA,NA,NA,NA,NA,FALSE,FALSE
183f05090c9a1140,Costa Rica 2024,COE,Costa Rica,2024,COE,Experimental,2,90.81,Don Dario – Hacienda San Isidro Labrador,Matias Monge Leiva,Fermentation,Geisha,Tarrazú,https://allianceforcoffeeexcellence.org/costa-rica-2024/,FALSE,reported,Experimental,Not reported,Experimental,Fermentation unspecified,reported process,2,2,don dario hacienda san isidro labrador,matias monge leiva,183f05090c9a1140|COE|Experimental|2,Not reported | Fermentation unspecified,2024,2024,FALSE,TRUE,FALSE,TRUE,FALSE
183f05090c9a1140,Costa Rica 2024,COE,Costa Rica,2024,COE,Traditional Washed Processes,3,90.46,Quebrada Grande,Luis Diego Calderon Castillo,Washed,San Roque,Tarrazú,https://allianceforcoffeeexcellence.org/costa-rica-2024/,FALSE,reported,Washed,Washed,Conventional,NA,reported process,3,3,quebrada grande,luis diego calderon castillo,183f05090c9a1140|COE|Traditional Washed Processes|3,NA,NA,NA,NA,NA,NA,FALSE,FALSE
183f05090c9a1140,Costa Rica 2024,COE,Costa Rica,2024,COE,Traditional Honey & Natural Processes,3,91.42,Don Joel,Allan Alfredo Oviedo Rodriguez,Semi lavado,San Roque,Valle Occidental,https://allianceforcoffeeexcellence.org/costa-rica-2024/,FALSE,reported,Honey / pulped natural,Honey / pulped natural,Conventional,NA,reported process,3,3,don joel,allan alfredo oviedo rodriguez,183f05090c9a1140|COE|Traditional Honey & Natural Processes|3,NA,NA,NA,NA,NA,NA,FALSE,FALSE
183f05090c9a1140,Costa Rica 2024,COE,Costa Rica,2024,COE,Experimental,3,90.42,Monte Llano Bonito El Kinkajou,Francisco Alejandro Mena Vilchez,Fermentation,San Roque,Valle Occidental,https://allianceforcoffeeexcellence.org/costa-rica-2024/,FALSE,reported,Experimental,Not reported,Experimental,Fermentation unspecified,reported process,3,3,monte llano bonito el kinkajou,francisco alejandro mena vilchez,183f05090c9a1140|COE|Experimental|3,Not reported | Fermentation unspecified,2024,2024,FALSE,TRUE,FALSE,TRUE,FALSE
183f05090c9a1140,Costa Rica 2024,COE,Costa Rica,2024,COE,Traditional Washed Processes,4,89.5,Hacienda Copey – Itadaki,"Daito Giken Costa Rica, S.A.",Washed,Geisha,Tarrazú,https://allianceforcoffeeexcellence.org/costa-rica-2024/,FALSE,reported,Washed,Washed,Conventional,NA,reported process,4,4,hacienda copey itadaki,daito giken costa rica s a,183f05090c9a1140|COE|Traditional Washed Processes|4,NA,NA,NA,NA,NA,NA,FALSE,FALSE
183f05090c9a1140,Costa Rica 2024,COE,Costa Rica,2024,COE,Traditional Honey & Natural Processes,4,91.19,La Esmeralda,Ivan Daniel Gutierrez Ureña,Honey,Geisha,Tarrazú,https://allianceforcoffeeexcellence.org/costa-rica-2024/,FALSE,reported,Honey / pulped natural,Honey / pulped natural,Conventional,NA,reported process,4,4,la esmeralda,ivan daniel gutierrez urena,183f05090c9a1140|COE|Traditional Honey & Natural Processes|4,NA,NA,NA,NA,NA,NA,FALSE,FALSE
183f05090c9a1140,Costa Rica 2024,COE,Costa Rica,2024,COE,Experimental,4,90.08,Fcj Volcan Azul,Fernando Castro Jimenez,Fermentation,Geisha,Valle Occidental,https://allianceforcoffeeexcellence.org/costa-rica-2024/,FALSE,reported,Experimental,Not reported,Experimental,Fermentation unspecified,reported process,4,4,fcj volcan azul,fernando castro jimenez,183f05090c9a1140|COE|Experimental|4,Not reported | Fermentation unspecified,2024,2024,FALSE,TRUE,FALSE,TRUE,FALSE
183f05090c9a1140,Costa Rica 2024,COE,Costa Rica,2024,COE,Traditional Washed Processes,5,88.69,Río Blanco,Alejandra Cordero Solano,Washed,Catuai,Tarrazú,https://allianceforcoffeeexcellence.org/costa-rica-2024/,FALSE,reported,Washed,Washed,Conventional,NA,reported process,5,5,rio blanco,alejandra cordero solano,183f05090c9a1140|COE|Traditional Washed Processes|5,NA,NA,NA,NA,NA,NA,FALSE,FALSE
183f05090c9a1140,Costa Rica 2024,COE,Costa Rica,2024,COE,Traditional Honey & Natural Processes,5,89.04,La Ele,Alberth Monge Segura,Honey,Geisha,Tarrazú,https://allianceforcoffeeexcellence.org/costa-rica-2024/,FALSE,reported,Honey / pulped natural,Honey / pulped natural,Conventional,NA,reported process,5,5,la ele,alberth monge segura,183f05090c9a1140|COE|Traditional Honey & Natural Processes|5,NA,NA,NA,NA,NA,NA,FALSE,FALSE
183f05090c9a1140,Costa Rica 2024,COE,Costa Rica,2024,COE,Experimental,5,88.62,El Bosque Geisha,Alessia Mena Castro,Fermentation,Geisha,Valle Occidental,https://allianceforcoffeeexcellence.org/costa-rica-2024/,FALSE,reported,Experimental,Not reported,Experimental,Fermentation unspecified,reported process,5,5,el bosque geisha,alessia mena castro,183f05090c9a1140|COE|Experimental|5,Not reported | Fermentation unspecified,2024,2024,FALSE,TRUE,FALSE,TRUE,FALSE
183f05090c9a1140,Costa Rica 2024,COE,Costa Rica,2024,COE,Traditional Washed Processes,6,88.62,Don Cayito,Maria Lourdes Castillo Umaña,Washed,Typica,Tarrazú,https://allianceforcoffeeexcellence.org/costa-rica-2024/,FALSE,reported,Washed,Washed,Conventional,NA,reported process,6,6,don cayito,maria lourdes castillo umana,183f05090c9a1140|COE|Traditional Washed Processes|6,NA,NA,NA,NA,NA,NA,FALSE,FALSE
183f05090c9a1140,Costa Rica 2024,COE,Costa Rica,2024,COE,Traditional Honey & Natural Processes,6,89.04,Don Elí,Jacob Montero Cordero,Natural,Geisha,Tarrazú,https://allianceforcoffeeexcellence.org/costa-rica-2024/,FALSE,reported,Natural,Natural,Conventional,NA,reported process,6,6,don eli,jacob montero cordero,183f05090c9a1140|COE|Traditional Honey & Natural Processes|6,NA,NA,NA,NA,NA,NA,FALSE,FALSE
183f05090c9a1140,Costa Rica 2024,COE,Costa Rica,2024,COE,Experimental,6,87.58,Fcj Volcan Azul – Cipresal,Fernando Castro Jimenez,Fermentation,Geisha,Valle Occidental,https://allianceforcoffeeexcellence.org/costa-rica-2024/,FALSE,reported,Experimental,Not reported,Experimental,Fermentation unspecified,reported process,6,6,fcj volcan azul cipresal,fernando castro jimenez,183f05090c9a1140|COE|Experimental|6,Not reported | Fermentation unspecified,2024,2024,FALSE,TRUE,FALSE,TRUE,FALSE
183f05090c9a1140,Costa Rica 2024,COE,Costa Rica,2024,COE,Traditional Washed Processes,7,88.31,Volcan Azul Hacienda Colima,Alejo Castro Kahle,Washed,Otros,Valle Occidental,https://allianceforcoffeeexcellence.org/costa-rica-2024/,FALSE,reported,Washed,Washed,Conventional,NA,reported process,7,7,volcan azul hacienda colima,alejo castro kahle,183f05090c9a1140|COE|Traditional Washed Processes|7,NA,NA,NA,NA,NA,NA,FALSE,FALSE
183f05090c9a1140,Costa Rica 2024,COE,Costa Rica,2024,COE,Traditional Honey & Natural Processes,7,89.04,Don Mayo Tucanes,Luis Pablo Bonilla Solís,Natural,Geisha,Tarrazú,https://allianceforcoffeeexcellence.org/costa-rica-2024/,FALSE,reported,Natural,Natural,Conventional,NA,reported process,7,7,don mayo tucanes,luis pablo bonilla solis,183f05090c9a1140|COE|Traditional Honey & Natural Processes|7,NA,NA,NA,NA,NA,NA,FALSE,FALSE
183f05090c9a1140,Costa Rica 2024,COE,Costa Rica,2024,COE,Traditional Washed Processes,8,87.04,San Martín,Lisbeth Venegas Gamboa,Washed,Geisha,Tarrazú,https://allianceforcoffeeexcellence.org/costa-rica-2024/,FALSE,reported,Washed,Washed,Conventional,NA,reported process,8,8,san martin,lisbeth venegas gamboa,183f05090c9a1140|COE|Traditional Washed Processes|8,NA,NA,NA,NA,NA,NA,FALSE,FALSE
183f05090c9a1140,Costa Rica 2024,COE,Costa Rica,2024,COE,Traditional Honey & Natural Processes,8,88.96,Quebrada Grande,Lizeth Calderon Castillo,Natural,San Roque,Tarrazú,https://allianceforcoffeeexcellence.org/costa-rica-2024/,FALSE,reported,Natural,Natural,Conventional,NA,reported process,8,8,quebrada grande,lizeth calderon castillo,183f05090c9a1140|COE|Traditional Honey & Natural Processes|8,NA,NA,NA,NA,NA,NA,FALSE,FALSE
183f05090c9a1140,Costa Rica 2024,COE,Costa Rica,2024,COE,Traditional Honey & Natural Processes,9,88.81,La Bandera,Diego Hidalgo Umana,Natural,Geisha,Tarrazú,https://allianceforcoffeeexcellence.org/costa-rica-2024/,FALSE,reported,Natural,Natural,Conventional,NA,reported process,9,9,la bandera,diego hidalgo umana,183f05090c9a1140|COE|Traditional Honey & Natural Processes|9,NA,NA,NA,NA,NA,NA,FALSE,FALSE
563b2176a64e6691,Costa Rica 2025,COE,Costa Rica,2025,COE,Traditional Washed Processes,1A,90.63,Vista Paraiso,Jhon Alvarado Abarca,Washed,Geisha,Perez-Zeledon,https://allianceforcoffeeexcellence.org/costa-rica-2025/,FALSE,reported,Washed,Washed,Conventional,NA,reported process,1A,1,vista paraiso,jhon alvarado abarca,563b2176a64e6691|COE|Traditional Washed Processes|1,NA,NA,NA,NA,NA,NA,FALSE,FALSE
563b2176a64e6691,Costa Rica 2025,COE,Costa Rica,2025,COE,Traditional Honey & Natural Processes,1A,91.22,La Cusuka,Jhonny Alvarado Fonseca,Natural,Geisha,Perez-Zeledon,https://allianceforcoffeeexcellence.org/costa-rica-2025/,FALSE,reported,Natural,Natural,Conventional,NA,reported process,1A,1,la cusuka,jhonny alvarado fonseca,563b2176a64e6691|COE|Traditional Honey & Natural Processes|1,NA,NA,NA,NA,NA,NA,FALSE,FALSE
563b2176a64e6691,Costa Rica 2025,COE,Costa Rica,2025,COE,Traditional Washed Processes,10,87.22,La Pastora – Don Eli,Carlos Manuel Montero,Washed,Geisha,Los-Santos,https://allianceforcoffeeexcellence.org/costa-rica-2025/,FALSE,reported,Washed,Washed,Conventional,NA,reported process,10,10,la pastora don eli,carlos manuel montero,563b2176a64e6691|COE|Traditional Washed Processes|10,NA,NA,NA,NA,NA,NA,FALSE,FALSE
563b2176a64e6691,Costa Rica 2025,COE,Costa Rica,2025,COE,Traditional Honey & Natural Processes,10,88.13,El Cusuco,Juan Diego Hidalgo Umana,Natural,Geisha,Los-Santos,https://allianceforcoffeeexcellence.org/costa-rica-2025/,FALSE,reported,Natural,Natural,Conventional,NA,reported process,10,10,el cusuco,juan diego hidalgo umana,563b2176a64e6691|COE|Traditional Honey & Natural Processes|10,NA,NA,NA,NA,NA,NA,FALSE,FALSE
563b2176a64e6691,Costa Rica 2025,COE,Costa Rica,2025,COE,Traditional Washed Processes,2,90.09,Volcan Azul Hacienda Colima,Federico Castro Kahle,Washed,Sl28,Valle-Central,https://allianceforcoffeeexcellence.org/costa-rica-2025/,FALSE,reported,Washed,Washed,Conventional,NA,reported process,2,2,volcan azul hacienda colima,federico castro kahle,563b2176a64e6691|COE|Traditional Washed Processes|2,NA,NA,NA,NA,NA,NA,FALSE,FALSE
563b2176a64e6691,Costa Rica 2025,COE,Costa Rica,2025,COE,Traditional Honey & Natural Processes,2,89.72,Hsil – Arcoiris,Matias Monge Leiva,Honey,Geisha,Los-Santos,https://allianceforcoffeeexcellence.org/costa-rica-2025/,FALSE,reported,Honey / pulped natural,Honey / pulped natural,Conventional,NA,reported process,2,2,hsil arcoiris,matias monge leiva,563b2176a64e6691|COE|Traditional Honey & Natural Processes|2,NA,NA,NA,NA,NA,NA,FALSE,FALSE
563b2176a64e6691,Costa Rica 2025,COE,Costa Rica,2025,COE,Traditional Washed Processes,3,89.59,La Torre,Jhon Alvarado Abarca,Washed,Geisha,Perez-Zeledon,https://allianceforcoffeeexcellence.org/costa-rica-2025/,FALSE,reported,Washed,Washed,Conventional,NA,reported process,3,3,la torre,jhon alvarado abarca,563b2176a64e6691|COE|Traditional Washed Processes|3,NA,NA,NA,NA,NA,NA,FALSE,FALSE
563b2176a64e6691,Costa Rica 2025,COE,Costa Rica,2025,COE,Traditional Honey & Natural Processes,3,89.53,Don Cayito,Luis Ricardo Calderón Madrigal,Honey,Geisha,Los-Santos,https://allianceforcoffeeexcellence.org/costa-rica-2025/,FALSE,reported,Honey / pulped natural,Honey / pulped natural,Conventional,NA,reported process,3,3,don cayito,luis ricardo calderon madrigal,563b2176a64e6691|COE|Traditional Honey & Natural Processes|3,NA,NA,NA,NA,NA,NA,FALSE,FALSE
563b2176a64e6691,Costa Rica 2025,COE,Costa Rica,2025,COE,Traditional Washed Processes,4,88.81,Kizuna,Luis Enrique Navarro Porras,Washed,Typica,Los-Santos,https://allianceforcoffeeexcellence.org/costa-rica-2025/,FALSE,reported,Washed,Washed,Conventional,NA,reported process,4,4,kizuna,luis enrique navarro porras,563b2176a64e6691|COE|Traditional Washed Processes|4,NA,NA,NA,NA,NA,NA,FALSE,FALSE
563b2176a64e6691,Costa Rica 2025,COE,Costa Rica,2025,COE,Traditional Honey & Natural Processes,4,89.5,El Centro,Alessia Mena,Honey,Caturra Black Moon,Valle-Occidental,https://allianceforcoffeeexcellence.org/costa-rica-2025/,FALSE,reported,Honey / pulped natural,Honey / pulped natural,Conventional,NA,reported process,4,4,el centro,alessia mena,563b2176a64e6691|COE|Traditional Honey & Natural Processes|4,NA,NA,NA,NA,NA,NA,FALSE,FALSE
563b2176a64e6691,Costa Rica 2025,COE,Costa Rica,2025,COE,Traditional Washed Processes,5,88.78,Don Joaquin,Victor Hugo Romero Madrigal,Washed,Geisha,Los-Santos,https://allianceforcoffeeexcellence.org/costa-rica-2025/,FALSE,reported,Washed,Washed,Conventional,NA,reported process,5,5,don joaquin,victor hugo romero madrigal,563b2176a64e6691|COE|Traditional Washed Processes|5,NA,NA,NA,NA,NA,NA,FALSE,FALSE
563b2176a64e6691,Costa Rica 2025,COE,Costa Rica,2025,COE,Traditional Honey & Natural Processes,5,89.47,La Bandera,Luisa Salazar Vargas,Natural,Geisha,Los-Santos,https://allianceforcoffeeexcellence.org/costa-rica-2025/,FALSE,reported,Natural,Natural,Conventional,NA,reported process,5,5,la bandera,luisa salazar vargas,563b2176a64e6691|COE|Traditional Honey & Natural Processes|5,NA,NA,NA,NA,NA,NA,FALSE,FALSE
563b2176a64e6691,Costa Rica 2025,COE,Costa Rica,2025,COE,Traditional Washed Processes,6,88.66,El Cedro,Johel Monge Naranjo,Washed,Geisha,Los-Santos,https://allianceforcoffeeexcellence.org/costa-rica-2025/,FALSE,reported,Washed,Washed,Conventional,NA,reported process,6,6,el cedro,johel monge naranjo,563b2176a64e6691|COE|Traditional Washed Processes|6,NA,NA,NA,NA,NA,NA,FALSE,FALSE
563b2176a64e6691,Costa Rica 2025,COE,Costa Rica,2025,COE,Traditional Honey & Natural Processes,6,88.66,La Isla,Luis Roberto Jimenez Padilla,Natural,Sl-28,Valle-Occidental,https://allianceforcoffeeexcellence.org/costa-rica-2025/,FALSE,reported,Natural,Natural,Conventional,NA,reported process,6,6,la isla,luis roberto jimenez padilla,563b2176a64e6691|COE|Traditional Honey & Natural Processes|6,NA,NA,NA,NA,NA,NA,FALSE,FALSE
563b2176a64e6691,Costa Rica 2025,COE,Costa Rica,2025,COE,Traditional Washed Processes,7,88.63,Santa Teresa,Roger Ureña Hidalgo,Washed,Geisha,Los-Santos,https://allianceforcoffeeexcellence.org/costa-rica-2025/,FALSE,reported,Washed,Washed,Conventional,NA,reported process,7,7,santa teresa,roger urena hidalgo,563b2176a64e6691|COE|Traditional Washed Processes|7,NA,NA,NA,NA,NA,NA,FALSE,FALSE
563b2176a64e6691,Costa Rica 2025,COE,Costa Rica,2025,COE,Traditional Honey & Natural Processes,7,88.63,Las Nubes,Alex Ureña Marín,Honey,Geisha,Los-Santos,https://allianceforcoffeeexcellence.org/costa-rica-2025/,FALSE,reported,Honey / pulped natural,Honey / pulped natural,Conventional,NA,reported process,7,7,las nubes,alex urena marin,563b2176a64e6691|COE|Traditional Honey & Natural Processes|7,NA,NA,NA,NA,NA,NA,FALSE,FALSE
563b2176a64e6691,Costa Rica 2025,COE,Costa Rica,2025,COE,Traditional Washed Processes,8,87.53,Hacienda Copey – Itadaki,"Daito Giken Costa Rica, S.A.",Washed,Gesha,Los-Santos,https://allianceforcoffeeexcellence.org/costa-rica-2025/,FALSE,reported,Washed,Washed,Conventional,NA,reported process,8,8,hacienda copey itadaki,daito giken costa rica s a,563b2176a64e6691|COE|Traditional Washed Processes|8,NA,NA,NA,NA,NA,NA,FALSE,FALSE
563b2176a64e6691,Costa Rica 2025,COE,Costa Rica,2025,COE,Traditional Honey & Natural Processes,8,88.47,Leoncio,Manuel Antonio Barrantes Zuñiga,Natural,San Roque,Valle-Occidental,https://allianceforcoffeeexcellence.org/costa-rica-2025/,FALSE,reported,Natural,Natural,Conventional,NA,reported process,8,8,leoncio,manuel antonio barrantes zuniga,563b2176a64e6691|COE|Traditional Honey & Natural Processes|8,NA,NA,NA,NA,NA,NA,FALSE,FALSE
563b2176a64e6691,Costa Rica 2025,COE,Costa Rica,2025,COE,Traditional Washed Processes,9,87.5,Emanuel,José Jaime Cardenas Rojas,Washed,Kenya,Valle-Occidental,https://allianceforcoffeeexcellence.org/costa-rica-2025/,FALSE,reported,Washed,Washed,Conventional,NA,reported process,9,9,emanuel,jose jaime cardenas rojas,563b2176a64e6691|COE|Traditional Washed Processes|9,NA,NA,NA,NA,NA,NA,FALSE,FALSE
563b2176a64e6691,Costa Rica 2025,COE,Costa Rica,2025,COE,Traditional Honey & Natural Processes,9,88.28,La Torre,Manuel Antonio Barrantes Zuñiga,Natural,San Roque,Valle-Occidental,https://allianceforcoffeeexcellence.org/costa-rica-2025/,FALSE,reported,Natural,Natural,Conventional,NA,reported process,9,9,la torre,manuel antonio barrantes zuniga,563b2176a64e6691|COE|Traditional Honey & Natural Processes|9,NA,NA,NA,NA,NA,NA,FALSE,FALSE
c70d21b6380ff8fc,Ecuador 2021,COE,Ecuador,2021,COE,NA,1a,90.39,Arashi,Abel Salinas Pacheco,Washed,Typica Mejorado,Loja,https://allianceforcoffeeexcellence.org/ecuador-2021/,FALSE,reported,Washed,Washed,Conventional,NA,reported process,1A,1,arashi,abel salinas pacheco,c70d21b6380ff8fc|COE|NA|1,NA,NA,NA,NA,NA,NA,FALSE,FALSE
c70d21b6380ff8fc,Ecuador 2021,COE,Ecuador,2021,COE,NA,10,88.39,Meridiano,Mario Jose Hervas,Washed,Typica Mejorado,Pichincha,https://allianceforcoffeeexcellence.org/ecuador-2021/,FALSE,reported,Washed,Washed,Conventional,NA,reported process,10,10,meridiano,mario jose hervas,c70d21b6380ff8fc|COE|NA|10,NA,NA,NA,NA,NA,NA,FALSE,FALSE
c70d21b6380ff8fc,Ecuador 2021,COE,Ecuador,2021,COE,NA,11,88.39,Nuestra Señora De Guadalupe,Eladio Gonzalo Chamba Herrera,Washed,"Caturra, Buorbon, Typica",Loja,https://allianceforcoffeeexcellence.org/ecuador-2021/,FALSE,reported,Washed,Washed,Conventional,NA,reported process,11,11,nuestra senora de guadalupe,eladio gonzalo chamba herrera,c70d21b6380ff8fc|COE|NA|11,NA,NA,NA,NA,NA,NA,FALSE,FALSE
c70d21b6380ff8fc,Ecuador 2021,COE,Ecuador,2021,COE,NA,12,88.39,El Mirador,Manuel Ignacio Sandoval Ulloa,Washed,Typica Mejorado,Loja,https://allianceforcoffeeexcellence.org/ecuador-2021/,FALSE,reported,Washed,Washed,Conventional,NA,reported process,12,12,el mirador,manuel ignacio sandoval ulloa,c70d21b6380ff8fc|COE|NA|12,NA,NA,NA,NA,NA,NA,FALSE,FALSE
c70d21b6380ff8fc,Ecuador 2021,COE,Ecuador,2021,COE,NA,13,88.32,El Dorado,Choco Vilcamumdo Cia. Ltda.,Washed,Gesha,Loja,https://allianceforcoffeeexcellence.org/ecuador-2021/,FALSE,reported,Washed,Washed,Conventional,NA,reported process,13,13,el dorado,choco vilcamumdo cia ltda,c70d21b6380ff8fc|COE|NA|13,NA,NA,NA,NA,NA,NA,FALSE,FALSE
c70d21b6380ff8fc,Ecuador 2021,COE,Ecuador,2021,COE,NA,14,88.21,Habitat Forest Coffee,Mario Andres Andrade,Washed,Bourbon,Imbabura,https://allianceforcoffeeexcellence.org/ecuador-2021/,FALSE,reported,Washed,Washed,Conventional,NA,reported process,14,14,habitat forest coffee,mario andres andrade,c70d21b6380ff8fc|COE|NA|14,NA,NA,NA,NA,NA,NA,FALSE,FALSE
c70d21b6380ff8fc,Ecuador 2021,COE,Ecuador,2021,COE,NA,15,87.79,Indera,Manuel Alberto Romero Sánchez,Natural,Gesha,Loja,https://allianceforcoffeeexcellence.org/ecuador-2021/,FALSE,reported,Natural,Natural,Conventional,NA,reported process,15,15,indera,manuel alberto romero sanchez,c70d21b6380ff8fc|COE|NA|15,NA,NA,NA,NA,NA,NA,FALSE,FALSE
c70d21b6380ff8fc,Ecuador 2021,COE,Ecuador,2021,COE,NA,16,87.75,Rancho Tio Emilio,Jose Emilio Gaibor Coloma,Honey,Sydra,Pichincha,https://allianceforcoffeeexcellence.org/ecuador-2021/,FALSE,reported,Honey / pulped natural,Honey / pulped natural,Conventional,NA,reported process,16,16,rancho tio emilio,jose emilio gaibor coloma,c70d21b6380ff8fc|COE|NA|16,NA,NA,NA,NA,NA,NA,FALSE,FALSE
c70d21b6380ff8fc,Ecuador 2021,COE,Ecuador,2021,COE,NA,17,87.68,Hcda. La Florida,Vitalino Demetrio Merino Carrión,Washed,"Caturra, Bourbon, Typica",Zamora,https://allianceforcoffeeexcellence.org/ecuador-2021/,FALSE,reported,Washed,Washed,Conventional,NA,reported process,17,17,hcda la florida,vitalino demetrio merino carrion,c70d21b6380ff8fc|COE|NA|17,NA,NA,NA,NA,NA,NA,FALSE,FALSE
c70d21b6380ff8fc,Ecuador 2021,COE,Ecuador,2021,COE,NA,18,87.64,El Pino,José William Abad Román,Washed,Typica Mejorado,Zamora,https://allianceforcoffeeexcellence.org/ecuador-2021/,FALSE,reported,Washed,Washed,Conventional,NA,reported process,18,18,el pino,jose william abad roman,c70d21b6380ff8fc|COE|NA|18,NA,NA,NA,NA,NA,NA,FALSE,FALSE
c70d21b6380ff8fc,Ecuador 2021,COE,Ecuador,2021,COE,NA,19,87.61,El Granjero,Miguel Enrique Sánchez Cevallos,Washed,"Bourbon, Typica Mejorado",Loja,https://allianceforcoffeeexcellence.org/ecuador-2021/,FALSE,reported,Washed,Washed,Conventional,NA,reported process,19,19,el granjero,miguel enrique sanchez cevallos,c70d21b6380ff8fc|COE|NA|19,NA,NA,NA,NA,NA,NA,FALSE,FALSE
c70d21b6380ff8fc,Ecuador 2021,COE,Ecuador,2021,COE,NA,2,90.21,El Aguacate,Pablo Andrés Eguiguren Calisto,Natural,Sydra,Loja,https://allianceforcoffeeexcellence.org/ecuador-2021/,FALSE,reported,Natural,Natural,Conventional,NA,reported process,2,2,el aguacate,pablo andres eguiguren calisto,c70d21b6380ff8fc|COE|NA|2,NA,NA,NA,NA,NA,NA,FALSE,FALSE
c70d21b6380ff8fc,Ecuador 2021,COE,Ecuador,2021,COE,NA,20,87.57,Santa Gertrudis,José Luis Eguiguren Pozo,Honey,Sydra,Loja,https://allianceforcoffeeexcellence.org/ecuador-2021/,FALSE,reported,Honey / pulped natural,Honey / pulped natural,Conventional,NA,reported process,20,20,santa gertrudis,jose luis eguiguren pozo,c70d21b6380ff8fc|COE|NA|20,NA,NA,NA,NA,NA,NA,FALSE,FALSE
c70d21b6380ff8fc,Ecuador 2021,COE,Ecuador,2021,COE,NA,21,87.54,Chorora,Olinka Velez Rodriguez,Honey,Sydra,Loja,https://allianceforcoffeeexcellence.org/ecuador-2021/,FALSE,reported,Honey / pulped natural,Honey / pulped natural,Conventional,NA,reported process,21,21,chorora,olinka velez rodriguez,c70d21b6380ff8fc|COE|NA|21,NA,NA,NA,NA,NA,NA,FALSE,FALSE
c70d21b6380ff8fc,Ecuador 2021,COE,Ecuador,2021,COE,NA,22,87.21,Terrazas del Pisque,Horcaf,Honey,Typica Mejorado,Pichincha,https://allianceforcoffeeexcellence.org/ecuador-2021/,FALSE,reported,Honey / pulped natural,Honey / pulped natural,Conventional,NA,reported process,22,22,terrazas del pisque,horcaf,c70d21b6380ff8fc|COE|NA|22,NA,NA,NA,NA,NA,NA,FALSE,FALSE
c70d21b6380ff8fc,Ecuador 2021,COE,Ecuador,2021,COE,NA,23,87.21,Maputo,Henry Arturo Gaibor Coloma,Honey,Typica Mejorado,Pichincha,https://allianceforcoffeeexcellence.org/ecuador-2021/,FALSE,reported,Honey / pulped natural,Honey / pulped natural,Conventional,NA,reported process,23,23,maputo,henry arturo gaibor coloma,c70d21b6380ff8fc|COE|NA|23,NA,NA,NA,NA,NA,NA,FALSE,FALSE
c70d21b6380ff8fc,Ecuador 2021,COE,Ecuador,2021,COE,NA,3a,90.07,Alaska Del Sur,Curt John Madison,Washed,Typica Mejorado,Loja,https://allianceforcoffeeexcellence.org/ecuador-2021/,FALSE,reported,Washed,Washed,Conventional,NA,reported process,3A,3,alaska del sur,curt john madison,c70d21b6380ff8fc|COE|NA|3,NA,NA,NA,NA,NA,NA,FALSE,FALSE
c70d21b6380ff8fc,Ecuador 2021,COE,Ecuador,2021,COE,NA,4,89.71,Santa Rita,José Milton Ajila Ajila,Natural Anaerobic,Typica Mejorado,Loja,https://allianceforcoffeeexcellence.org/ecuador-2021/,FALSE,reported,Experimental,Natural,Experimental,Anaerobic,reported process,4,4,santa rita,jose milton ajila ajila,c70d21b6380ff8fc|COE|NA|4,Natural | Anaerobic,2021,2023,FALSE,TRUE,TRUE,TRUE,FALSE
c70d21b6380ff8fc,Ecuador 2021,COE,Ecuador,2021,COE,NA,5,89.68,Clara Luz,Servio Lennin Gonzalez Jiménez,Natural Anaerobic,Sydra,Loja,https://allianceforcoffeeexcellence.org/ecuador-2021/,FALSE,reported,Experimental,Natural,Experimental,Anaerobic,reported process,5,5,clara luz,servio lennin gonzalez jimenez,c70d21b6380ff8fc|COE|NA|5,Natural | Anaerobic,2021,2023,FALSE,TRUE,TRUE,TRUE,FALSE
c70d21b6380ff8fc,Ecuador 2021,COE,Ecuador,2021,COE,NA,6,89.61,Yamba Mine,Diana Velez Rodriguez,Natural,Sydra,Loja,https://allianceforcoffeeexcellence.org/ecuador-2021/,FALSE,reported,Natural,Natural,Conventional,NA,reported process,6,6,yamba mine,diana velez rodriguez,c70d21b6380ff8fc|COE|NA|6,NA,NA,NA,NA,NA,NA,FALSE,FALSE
c70d21b6380ff8fc,Ecuador 2021,COE,Ecuador,2021,COE,NA,7,89.29,Casa Rumisitana,Wilma Peñaherrera Campaña,Washed,Typica Mejorado,Pichincha,https://allianceforcoffeeexcellence.org/ecuador-2021/,FALSE,reported,Washed,Washed,Conventional,NA,reported process,7,7,casa rumisitana,wilma penaherrera campana,c70d21b6380ff8fc|COE|NA|7,NA,NA,NA,NA,NA,NA,FALSE,FALSE
c70d21b6380ff8fc,Ecuador 2021,COE,Ecuador,2021,COE,NA,8,89.11,Lugmapata,Roberto Vasconez,Honey,Sydra,Chimborazo,https://allianceforcoffeeexcellence.org/ecuador-2021/,FALSE,reported,Honey / pulped natural,Honey / pulped natural,Conventional,NA,reported process,8,8,lugmapata,roberto vasconez,c70d21b6380ff8fc|COE|NA|8,NA,NA,NA,NA,NA,NA,FALSE,FALSE
c70d21b6380ff8fc,Ecuador 2021,COE,Ecuador,2021,COE,NA,9,89,El Arenal,Magaly Portilla Zambrano,Washed,Gesha,Loja,https://allianceforcoffeeexcellence.org/ecuador-2021/,FALSE,reported,Washed,Washed,Conventional,NA,reported process,9,9,el arenal,magaly portilla zambrano,c70d21b6380ff8fc|COE|NA|9,NA,NA,NA,NA,NA,NA,FALSE,FALSE
932be81913d4d6cc,Ecuador 2022,COE,Ecuador,2022,COE,NA,1,90.28,HACIENDA LUGMAPATA,FAMILIA MERINO,WASHED,Sydra,CHIMBORAZO,https://allianceforcoffeeexcellence.org/ecuador-2022/,FALSE,reported,Washed,Washed,Conventional,NA,reported process,1,1,hacienda lugmapata,familia merino,932be81913d4d6cc|COE|NA|1,NA,NA,NA,NA,NA,NA,FALSE,FALSE
932be81913d4d6cc,Ecuador 2022,COE,Ecuador,2022,COE,NA,10,87.73,CAFÉ JOHANN,JHONNATAN PATRICIO JUMBO VÉLEZ,ANAEROBIC WASHED,Sydra,Loja,https://allianceforcoffeeexcellence.org/ecuador-2022/,FALSE,reported,Experimental,Washed,Experimental,Anaerobic,reported process,10,10,cafe johann,jhonnatan patricio jumbo velez,932be81913d4d6cc|COE|NA|10,Washed | Anaerobic,2022,2023,FALSE,TRUE,TRUE,TRUE,FALSE
932be81913d4d6cc,Ecuador 2022,COE,Ecuador,2022,COE,NA,11,87.68,EL MIRADOR LA PAPAYA,MANUEL IGNACIO SANDOVAL ULLOA,WASHED,Typica mejorada 100%,LOJA,https://allianceforcoffeeexcellence.org/ecuador-2022/,FALSE,reported,Washed,Washed,Conventional,NA,reported process,11,11,el mirador la papaya,manuel ignacio sandoval ulloa,932be81913d4d6cc|COE|NA|11,NA,NA,NA,NA,NA,NA,FALSE,FALSE
932be81913d4d6cc,Ecuador 2022,COE,Ecuador,2022,COE,NA,12,87.53,EL ALISAL,LEONIDAS VICTORIANO JARAMILLO GRANDA,HONEY,Typica,Loja,https://allianceforcoffeeexcellence.org/ecuador-2022/,FALSE,reported,Honey / pulped natural,Honey / pulped natural,Conventional,NA,reported process,12,12,el alisal,leonidas victoriano jaramillo granda,932be81913d4d6cc|COE|NA|12,NA,NA,NA,NA,NA,NA,FALSE,FALSE
932be81913d4d6cc,Ecuador 2022,COE,Ecuador,2022,COE,NA,13,87.45,SANTA RITA,JOSE MILTON AJILA AJILA,NATURAL,Typica,LOJA,https://allianceforcoffeeexcellence.org/ecuador-2022/,FALSE,reported,Natural,Natural,Conventional,NA,reported process,13,13,santa rita,jose milton ajila ajila,932be81913d4d6cc|COE|NA|13,NA,NA,NA,NA,NA,NA,FALSE,FALSE
932be81913d4d6cc,Ecuador 2022,COE,Ecuador,2022,COE,NA,14,87.37,SANTA GERTRUDIS,JOSÉ LUIS EGUIGUREN,ANAEROBIC WASHED,Sydra,Loja,https://allianceforcoffeeexcellence.org/ecuador-2022/,FALSE,reported,Experimental,Washed,Experimental,Anaerobic,reported process,14,14,santa gertrudis,jose luis eguiguren,932be81913d4d6cc|COE|NA|14,Washed | Anaerobic,2022,2023,FALSE,TRUE,TRUE,TRUE,FALSE
932be81913d4d6cc,Ecuador 2022,COE,Ecuador,2022,COE,NA,15,87.29,LA PONDEROSA,JORGE ARTURO AJILA,NATURAL,Sydra,Loja,https://allianceforcoffeeexcellence.org/ecuador-2022/,FALSE,reported,Natural,Natural,Conventional,NA,reported process,15,15,la ponderosa,jorge arturo ajila,932be81913d4d6cc|COE|NA|15,NA,NA,NA,NA,NA,NA,FALSE,FALSE
932be81913d4d6cc,Ecuador 2022,COE,Ecuador,2022,COE,NA,16,87.29,TERRAZAS DEL PISQUE,HORCAF,WASHED,Typica mejorada 100%,PICHINCHA,https://allianceforcoffeeexcellence.org/ecuador-2022/,FALSE,reported,Washed,Washed,Conventional,NA,reported process,16,16,terrazas del pisque,horcaf,932be81913d4d6cc|COE|NA|16,NA,NA,NA,NA,NA,NA,FALSE,FALSE
932be81913d4d6cc,Ecuador 2022,COE,Ecuador,2022,COE,NA,17,87.21,LA PAPAYA HALAPA CIA LTDA,JAIME CARTUCHE,ANAEROBIC WASHED,Typica mejorada 100%,LOJA,https://allianceforcoffeeexcellence.org/ecuador-2022/,FALSE,reported,Experimental,Washed,Experimental,Anaerobic,reported process,17,17,la papaya halapa cia ltda,jaime cartuche,932be81913d4d6cc|COE|NA|17,Washed | Anaerobic,2022,2023,FALSE,TRUE,TRUE,TRUE,FALSE
932be81913d4d6cc,Ecuador 2022,COE,Ecuador,2022,COE,NA,18,87,CAFETALERA ANGELITA,DIEGO GERMÁN SALAS PAUCAR,NATURAL,Bourbon 30%,Loja,https://allianceforcoffeeexcellence.org/ecuador-2022/,FALSE,reported,Natural,Natural,Conventional,NA,reported process,18,18,cafetalera angelita,diego german salas paucar,932be81913d4d6cc|COE|NA|18,NA,NA,NA,NA,NA,NA,FALSE,FALSE
932be81913d4d6cc,Ecuador 2022,COE,Ecuador,2022,COE,NA,2,89.35,LA NORIA,MARÍA DEL PILAR BURNEO,ANAEROBIC WASHED,Geisha,Loja,https://allianceforcoffeeexcellence.org/ecuador-2022/,FALSE,reported,Experimental,Washed,Experimental,Anaerobic,reported process,2,2,la noria,maria del pilar burneo,932be81913d4d6cc|COE|NA|2,Washed | Anaerobic,2022,2023,FALSE,TRUE,TRUE,TRUE,FALSE
932be81913d4d6cc,Ecuador 2022,COE,Ecuador,2022,COE,NA,3,89.25,CRUZ LOMA,FAMILIA MORALES RIVERA,ANAEROBIC WASHED,Sydra,Pichincha,https://allianceforcoffeeexcellence.org/ecuador-2022/,FALSE,reported,Experimental,Washed,Experimental,Anaerobic,reported process,3,3,cruz loma,familia morales rivera,932be81913d4d6cc|COE|NA|3,Washed | Anaerobic,2022,2023,FALSE,TRUE,TRUE,TRUE,FALSE
932be81913d4d6cc,Ecuador 2022,COE,Ecuador,2022,COE,NA,4,89.1,EL DORADO,IMPOREXPOR AGUA CHOCOVILCAMUNDO,ANAEROBIC WASHED,Geisha,Loja,https://allianceforcoffeeexcellence.org/ecuador-2022/,FALSE,reported,Experimental,Washed,Experimental,Anaerobic,reported process,4,4,el dorado,imporexpor agua chocovilcamundo,932be81913d4d6cc|COE|NA|4,Washed | Anaerobic,2022,2023,FALSE,TRUE,TRUE,TRUE,FALSE
932be81913d4d6cc,Ecuador 2022,COE,Ecuador,2022,COE,NA,5,88.7,LA FLORIDA,VITALIANO DEMETRIO MERINO CARRIÓN,WASHED,Caturra 25%,Zamora Chinchipe,https://allianceforcoffeeexcellence.org/ecuador-2022/,FALSE,reported,Washed,Washed,Conventional,NA,reported process,5,5,la florida,vitaliano demetrio merino carrion,932be81913d4d6cc|COE|NA|5,NA,NA,NA,NA,NA,NA,FALSE,FALSE
932be81913d4d6cc,Ecuador 2022,COE,Ecuador,2022,COE,NA,6,88.35,YAMBAMINE,DIANA VELEZ RODRIGUEZ,ANAEROBIC MC WASHED,Sydra,LOJA,https://allianceforcoffeeexcellence.org/ecuador-2022/,FALSE,reported,Experimental,Washed,Experimental,Carbonic maceration,reported process,6,6,yambamine,diana velez rodriguez,932be81913d4d6cc|COE|NA|6,Washed | Carbonic maceration,2022,2022,FALSE,TRUE,FALSE,TRUE,FALSE
932be81913d4d6cc,Ecuador 2022,COE,Ecuador,2022,COE,NA,7,88.13,LA PAPAYA HALAPA CIA LTDA,JUAN FRANCISCO PEÑA GUILEN,NATURAL,Typica mejorada 100%,LOJA,https://allianceforcoffeeexcellence.org/ecuador-2022/,FALSE,reported,Natural,Natural,Conventional,NA,reported process,7,7,la papaya halapa cia ltda,juan francisco pena guilen,932be81913d4d6cc|COE|NA|7,NA,NA,NA,NA,NA,NA,FALSE,FALSE
932be81913d4d6cc,Ecuador 2022,COE,Ecuador,2022,COE,NA,8,87.83,ALASKA DEL SUR,CURT JOHN MADISON,WASHED,Typica mejorada 100%,LOJA,https://allianceforcoffeeexcellence.org/ecuador-2022/,FALSE,reported,Washed,Washed,Conventional,NA,reported process,8,8,alaska del sur,curt john madison,932be81913d4d6cc|COE|NA|8,NA,NA,NA,NA,NA,NA,FALSE,FALSE
932be81913d4d6cc,Ecuador 2022,COE,Ecuador,2022,COE,NA,9,87.78,HACIENDA BIOGENICA AGROECOLOGICA JESUS DEL GRAN PODER,WILMER ENRIQUE GRANDA OCHOA,ANAEROBIC WASHED,Bourbon,Loja,https://allianceforcoffeeexcellence.org/ecuador-2022/,FALSE,reported,Experimental,Washed,Experimental,Anaerobic,reported process,9,9,hacienda biogenica agroecologica jesus del gran poder,wilmer enrique granda ochoa,932be81913d4d6cc|COE|NA|9,Washed | Anaerobic,2022,2023,FALSE,TRUE,TRUE,TRUE,FALSE
5a4325fd738bec15,Ecuador 2023,COE,Ecuador,2023,COE,NA,1A,91.22,La Noria,NA,Washed,Geisha,Loja,https://allianceforcoffeeexcellence.org/ecuador-2023/,FALSE,reported,Washed,Washed,Conventional,NA,reported process,1A,1,la noria,NA,5a4325fd738bec15|COE|NA|1,NA,NA,NA,NA,NA,NA,FALSE,FALSE
5a4325fd738bec15,Ecuador 2023,COE,Ecuador,2023,COE,NA,10,88.25,Eliza,NA,Washed Anaerobic,Geisha,Loja,https://allianceforcoffeeexcellence.org/ecuador-2023/,FALSE,reported,Experimental,Washed,Experimental,Anaerobic,reported process,10,10,eliza,NA,5a4325fd738bec15|COE|NA|10,Washed | Anaerobic,2022,2023,FALSE,TRUE,TRUE,FALSE,TRUE
5a4325fd738bec15,Ecuador 2023,COE,Ecuador,2023,COE,NA,11,88,Cafetalera Angelita,NA,Natural,Bourbon 90% And Catuai 10%,Loja,https://allianceforcoffeeexcellence.org/ecuador-2023/,FALSE,reported,Natural,Natural,Conventional,NA,reported process,11,11,cafetalera angelita,NA,5a4325fd738bec15|COE|NA|11,NA,NA,NA,NA,NA,NA,FALSE,FALSE
5a4325fd738bec15,Ecuador 2023,COE,Ecuador,2023,COE,NA,12,87.92,Capamaco,NA,Natural,Improved Typica,Loja,https://allianceforcoffeeexcellence.org/ecuador-2023/,FALSE,reported,Natural,Natural,Conventional,NA,reported process,12,12,capamaco,NA,5a4325fd738bec15|COE|NA|12,NA,NA,NA,NA,NA,NA,FALSE,FALSE
5a4325fd738bec15,Ecuador 2023,COE,Ecuador,2023,COE,NA,13,87.75,La Reserva,NA,Washed Anaerobic,Sydra 30% And Improved 70%,Zamora Chinchipe,https://allianceforcoffeeexcellence.org/ecuador-2023/,FALSE,reported,Experimental,Washed,Experimental,Anaerobic,reported process,13,13,la reserva,NA,5a4325fd738bec15|COE|NA|13,Washed | Anaerobic,2022,2023,FALSE,TRUE,TRUE,FALSE,TRUE
5a4325fd738bec15,Ecuador 2023,COE,Ecuador,2023,COE,NA,14,87.33,La Carolina,NA,Washed,Sidra,Pichincha,https://allianceforcoffeeexcellence.org/ecuador-2023/,FALSE,reported,Washed,Washed,Conventional,NA,reported process,14,14,la carolina,NA,5a4325fd738bec15|COE|NA|14,NA,NA,NA,NA,NA,NA,FALSE,FALSE
5a4325fd738bec15,Ecuador 2023,COE,Ecuador,2023,COE,NA,15,87.25,Café Johann,NA,Natural Anaerobic,Sydra,Loja,https://allianceforcoffeeexcellence.org/ecuador-2023/,FALSE,reported,Experimental,Natural,Experimental,Anaerobic,reported process,15,15,cafe johann,NA,5a4325fd738bec15|COE|NA|15,Natural | Anaerobic,2021,2023,FALSE,TRUE,TRUE,FALSE,TRUE
5a4325fd738bec15,Ecuador 2023,COE,Ecuador,2023,COE,NA,16,87.11,Café Johann,NA,Natural Anaerobic,F1 Hybrid,Loja,https://allianceforcoffeeexcellence.org/ecuador-2023/,FALSE,reported,Experimental,Natural,Experimental,Anaerobic,reported process,16,16,cafe johann,NA,5a4325fd738bec15|COE|NA|16,Natural | Anaerobic,2021,2023,FALSE,TRUE,TRUE,FALSE,TRUE
5a4325fd738bec15,Ecuador 2023,COE,Ecuador,2023,COE,NA,2A,89.53,Nuestra Señora De Guadalupe,NA,Washed,Bourbon 40% And Typica 60%,Loja,https://allianceforcoffeeexcellence.org/ecuador-2023/,FALSE,reported,Washed,Washed,Conventional,NA,reported process,2A,2,nuestra senora de guadalupe,NA,5a4325fd738bec15|COE|NA|2,NA,NA,NA,NA,NA,NA,FALSE,FALSE
5a4325fd738bec15,Ecuador 2023,COE,Ecuador,2023,COE,NA,3A,89.53,Cruz Loma,NA,Washed Anaerobic,Typica Y Sydra,Pichincha,https://allianceforcoffeeexcellence.org/ecuador-2023/,FALSE,reported,Experimental,Washed,Experimental,Anaerobic,reported process,3A,3,cruz loma,NA,5a4325fd738bec15|COE|NA|3,Washed | Anaerobic,2022,2023,FALSE,TRUE,TRUE,FALSE,TRUE
5a4325fd738bec15,Ecuador 2023,COE,Ecuador,2023,COE,NA,4,89.39,Hacienda La Florida,NA,Natural – Carbonic Maceration,Improved Typica,Loja,https://allianceforcoffeeexcellence.org/ecuador-2023/,FALSE,reported,Experimental,Natural,Experimental,Carbonic maceration,reported process,4,4,hacienda la florida,NA,5a4325fd738bec15|COE|NA|4,Natural | Carbonic maceration,2023,2023,FALSE,TRUE,FALSE,TRUE,FALSE
5a4325fd738bec15,Ecuador 2023,COE,Ecuador,2023,COE,NA,5,89.36,Clara Luz,NA,Natural Anaerobic,Geisha,Loja,https://allianceforcoffeeexcellence.org/ecuador-2023/,FALSE,reported,Experimental,Natural,Experimental,Anaerobic,reported process,5,5,clara luz,NA,5a4325fd738bec15|COE|NA|5,Natural | Anaerobic,2021,2023,FALSE,TRUE,TRUE,FALSE,TRUE
5a4325fd738bec15,Ecuador 2023,COE,Ecuador,2023,COE,NA,6,89.25,Lugmapata,NA,Washed Anaerobic,F1 Hybrid,Chimborazo,https://allianceforcoffeeexcellence.org/ecuador-2023/,FALSE,reported,Experimental,Washed,Experimental,Anaerobic,reported process,6,6,lugmapata,NA,5a4325fd738bec15|COE|NA|6,Washed | Anaerobic,2022,2023,FALSE,TRUE,TRUE,FALSE,TRUE
5a4325fd738bec15,Ecuador 2023,COE,Ecuador,2023,COE,NA,7,89.17,La Ponderosa,NA,Natural,Sydra 10% And Improved Typica 90%,Loja,https://allianceforcoffeeexcellence.org/ecuador-2023/,FALSE,reported,Natural,Natural,Conventional,NA,reported process,7,7,la ponderosa,NA,5a4325fd738bec15|COE|NA|7,NA,NA,NA,NA,NA,NA,FALSE,FALSE
5a4325fd738bec15,Ecuador 2023,COE,Ecuador,2023,COE,NA,8,88.44,El Dorado,NA,Washed,Geisha,Loja,https://allianceforcoffeeexcellence.org/ecuador-2023/,FALSE,reported,Washed,Washed,Conventional,NA,reported process,8,8,el dorado,NA,5a4325fd738bec15|COE|NA|8,NA,NA,NA,NA,NA,NA,FALSE,FALSE
5a4325fd738bec15,Ecuador 2023,COE,Ecuador,2023,COE,NA,9,88.36,El Alisal,NA,Washed,National Typica,Loja,https://allianceforcoffeeexcellence.org/ecuador-2023/,FALSE,reported,Washed,Washed,Conventional,NA,reported process,9,9,el alisal,NA,5a4325fd738bec15|COE|NA|9,NA,NA,NA,NA,NA,NA,FALSE,FALSE
265090fe20b129cd,2018,COE,El Salvador,2018,COE,NA,1a,91.8,LA CUMBRE,MARGARITA LUCIA DIAZ  DE LOPEZ,Natural,GEISHA,"SANTA ANA, APANECA-ILAMATEPEC",https://allianceforcoffeeexcellence.org/el-salvador-2018/,FALSE,reported,Natural,Natural,Conventional,NA,reported process,1A,1,la cumbre,margarita lucia diaz de lopez,265090fe20b129cd|COE|NA|1,NA,NA,NA,NA,NA,NA,FALSE,FALSE
265090fe20b129cd,2018,COE,El Salvador,2018,COE,NA,10,88.5,EL CONRRODAL,JOSE ARMANDO PORTILLO PERAZA,Honey,PACAMARA,"CHALATENANGO, ALOTEPEC-METAPAN",https://allianceforcoffeeexcellence.org/el-salvador-2018/,FALSE,reported,Honey / pulped natural,Honey / pulped natural,Conventional,NA,reported process,10,10,el conrrodal,jose armando portillo peraza,265090fe20b129cd|COE|NA|10,NA,NA,NA,NA,NA,NA,FALSE,FALSE
265090fe20b129cd,2018,COE,El Salvador,2018,COE,NA,11,88.07,DIVINA PROVIDENCIA TABLON EL CARMEN,ROBERTO SAMUEL ULLOA VILANOVA,Honey,SL-28,"SANTA ANA, APANECA-ILAMATEPEC",https://allianceforcoffeeexcellence.org/el-salvador-2018/,FALSE,reported,Honey / pulped natural,Honey / pulped natural,Conventional,NA,reported process,11,11,divina providencia tablon el carmen,roberto samuel ulloa vilanova,265090fe20b129cd|COE|NA|11,NA,NA,NA,NA,NA,NA,FALSE,FALSE
265090fe20b129cd,2018,COE,El Salvador,2018,COE,NA,12,88.03,LA TRILLA,SANTOS ARNULFO DIAZ DIAZ,Honey,PACAMARA,"CHALATENANGO, ALOTEPEC-METAPAN",https://allianceforcoffeeexcellence.org/el-salvador-2018/,FALSE,reported,Honey / pulped natural,Honey / pulped natural,Conventional,NA,reported process,12,12,la trilla,santos arnulfo diaz diaz,265090fe20b129cd|COE|NA|12,NA,NA,NA,NA,NA,NA,FALSE,FALSE
265090fe20b129cd,2018,COE,El Salvador,2018,COE,NA,13,88,SAN JOSE 2,"MONTANA ESTATES, S.A. DE C.V.",Washed,PACAMARA,"SONSONATE, APANECA-ILAMATEPEC",https://allianceforcoffeeexcellence.org/el-salvador-2018/,FALSE,reported,Washed,Washed,Conventional,NA,reported process,13,13,san jose 2,montana estates s a de c v,265090fe20b129cd|COE|NA|13,NA,NA,NA,NA,NA,NA,FALSE,FALSE
265090fe20b129cd,2018,COE,El Salvador,2018,COE,NA,14,87.9,CAYAGUANCA,J. RAUL RIVERA S.A.  DE C.V.,Natural,PACAMARA,"CHALATENANGO, ALOTEPEC-METAPAN",https://allianceforcoffeeexcellence.org/el-salvador-2018/,FALSE,reported,Natural,Natural,Conventional,NA,reported process,14,14,cayaguanca,j raul rivera s a de c v,265090fe20b129cd|COE|NA|14,NA,NA,NA,NA,NA,NA,FALSE,FALSE
265090fe20b129cd,2018,COE,El Salvador,2018,COE,NA,15,87.8,LAS PALMAS,"AGRICAFE, S.A. DE C.V.",Washed,"BOURBON, PACAS","USULUTAN, TECAPA CHINAMECA",https://allianceforcoffeeexcellence.org/el-salvador-2018/,FALSE,reported,Washed,Washed,Conventional,NA,reported process,15,15,las palmas,agricafe s a de c v,265090fe20b129cd|COE|NA|15,NA,NA,NA,NA,NA,NA,FALSE,FALSE
265090fe20b129cd,2018,COE,El Salvador,2018,COE,NA,16,87.53,LA MONTAÑITA,ANTONIO RENE AGUILAR LEMUS,Honey,PACAMARA,"CHALATENANGO, ALOTEPEC-METAPAN",https://allianceforcoffeeexcellence.org/el-salvador-2018/,FALSE,reported,Honey / pulped natural,Honey / pulped natural,Conventional,NA,reported process,16,16,la montanita,antonio rene aguilar lemus,265090fe20b129cd|COE|NA|16,NA,NA,NA,NA,NA,NA,FALSE,FALSE
265090fe20b129cd,2018,COE,El Salvador,2018,COE,NA,17,87.4,EL OPTIMISMO,LUCIA MARTINEZ  DE ZEPEDA,Washed,BOURBON,"USULUTAN, TECAPA CHINAMECA",https://allianceforcoffeeexcellence.org/el-salvador-2018/,FALSE,reported,Washed,Washed,Conventional,NA,reported process,17,17,el optimismo,lucia martinez de zepeda,265090fe20b129cd|COE|NA|17,NA,NA,NA,NA,NA,NA,FALSE,FALSE
265090fe20b129cd,2018,COE,El Salvador,2018,COE,NA,18,87.33,LA CONCORDIA,"AGROPECUARIA LA CONCORDIA, S.A. DE C.V.",Washed,BOURBON,"LA LIBERTAD, EL BALSAMO-QUEZALTEPEQUE",https://allianceforcoffeeexcellence.org/el-salvador-2018/,FALSE,reported,Washed,Washed,Conventional,NA,reported process,18,18,la concordia,agropecuaria la concordia s a de c v,265090fe20b129cd|COE|NA|18,NA,NA,NA,NA,NA,NA,FALSE,FALSE
265090fe20b129cd,2018,COE,El Salvador,2018,COE,NA,19,87.27,LA GUATUZA,"AGRICAFE, S.A. DE C.V.",Washed,PACAS,"USULUTAN, TECAPA CHINAMECA",https://allianceforcoffeeexcellence.org/el-salvador-2018/,FALSE,reported,Washed,Washed,Conventional,NA,reported process,19,19,la guatuza,agricafe s a de c v,265090fe20b129cd|COE|NA|19,NA,NA,NA,NA,NA,NA,FALSE,FALSE
265090fe20b129cd,2018,COE,El Salvador,2018,COE,NA,2a,91.6,EL MANZANO,MARGARITA LUCIA DIAZ  DE LOPEZ,Natural,GEISHA,"SANTA ANA, APANECA-ILAMATEPEC",https://allianceforcoffeeexcellence.org/el-salvador-2018/,FALSE,reported,Natural,Natural,Conventional,NA,reported process,2A,2,el manzano,margarita lucia diaz de lopez,265090fe20b129cd|COE|NA|2,NA,NA,NA,NA,NA,NA,FALSE,FALSE
265090fe20b129cd,2018,COE,El Salvador,2018,COE,NA,20,87.17,MILAGRO EL CERRO,ATILIO ZEPEDA MAGAÑA,Honey,PACAMARA,"AHUACHAPAN, APANECA-ILAMATEPEC",https://allianceforcoffeeexcellence.org/el-salvador-2018/,FALSE,reported,Honey / pulped natural,Honey / pulped natural,Conventional,NA,reported process,20,20,milagro el cerro,atilio zepeda magana,265090fe20b129cd|COE|NA|20,NA,NA,NA,NA,NA,NA,FALSE,FALSE
265090fe20b129cd,2018,COE,El Salvador,2018,COE,NA,21,87.17,SAN EMILIO,"GOLAGRI, S.A. DE C.V.",Washed,BOURBON,"LA LIBERTAD, EL BALSAMO-QUEZALTEPEQUE",https://allianceforcoffeeexcellence.org/el-salvador-2018/,FALSE,reported,Washed,Washed,Conventional,NA,reported process,21,21,san emilio,golagri s a de c v,265090fe20b129cd|COE|NA|21,NA,NA,NA,NA,NA,NA,FALSE,FALSE
265090fe20b129cd,2018,COE,El Salvador,2018,COE,NA,22,87.13,LOS PIRINEOS,"AGRICAFE, S.A. DE C.V.",Honey,PACAMARA,"USULUTAN, TECAPA CHINAMECA",https://allianceforcoffeeexcellence.org/el-salvador-2018/,FALSE,reported,Honey / pulped natural,Honey / pulped natural,Conventional,NA,reported process,22,22,los pirineos,agricafe s a de c v,265090fe20b129cd|COE|NA|22,NA,NA,NA,NA,NA,NA,FALSE,FALSE
265090fe20b129cd,2018,COE,El Salvador,2018,COE,NA,23,87.07,BUENA FE,JORGE ALBERTO RECINOS RODRIGUEZ,Honey,PACAMARA,"CHALATENANGO, ALOTEPEC-METAPAN",https://allianceforcoffeeexcellence.org/el-salvador-2018/,FALSE,reported,Honey / pulped natural,Honey / pulped natural,Conventional,NA,reported process,23,23,buena fe,jorge alberto recinos rodriguez,265090fe20b129cd|COE|NA|23,NA,NA,NA,NA,NA,NA,FALSE,FALSE
265090fe20b129cd,2018,COE,El Salvador,2018,COE,NA,24,86.97,LA CUMBRE,"AGRICAFE, S.A. DE C.V.",Washed,BOURBON,"USULUTAN, TECAPA CHINAMECA",https://allianceforcoffeeexcellence.org/el-salvador-2018/,FALSE,reported,Washed,Washed,Conventional,NA,reported process,24,24,la cumbre,agricafe s a de c v,265090fe20b129cd|COE|NA|24,NA,NA,NA,NA,NA,NA,FALSE,FALSE
265090fe20b129cd,2018,COE,El Salvador,2018,COE,NA,25,86.93,LOS ROBLES,HECTOR MANUEL VELASQUEZ GUZMAN,Washed,PACAMARA,"SAN SALVADOR, ALOTEPEC-METAPAN",https://allianceforcoffeeexcellence.org/el-salvador-2018/,FALSE,reported,Washed,Washed,Conventional,NA,reported process,25,25,los robles,hector manuel velasquez guzman,265090fe20b129cd|COE|NA|25,NA,NA,NA,NA,NA,NA,FALSE,FALSE
265090fe20b129cd,2018,COE,El Salvador,2018,COE,NA,26,86.93,PEÑA REDONDA,CARLOS MAURICIO LEMUS LANDAVERDE,Honey,PACAMARA,"CHALATENANGO, EL BALSAMO-QUEZALTEPEQUE",https://allianceforcoffeeexcellence.org/el-salvador-2018/,FALSE,reported,Honey / pulped natural,Honey / pulped natural,Conventional,NA,reported process,26,26,pena redonda,carlos mauricio lemus landaverde,265090fe20b129cd|COE|NA|26,NA,NA,NA,NA,NA,NA,FALSE,FALSE
265090fe20b129cd,2018,COE,El Salvador,2018,COE,NA,27,86.9,LAS DELICIAS,"CAFINO, S.A. DE C.V.",Natural,"PACAMARA, SL-28","SANTA ANA, APANECA-ILAMATEPEC",https://allianceforcoffeeexcellence.org/el-salvador-2018/,FALSE,reported,Natural,Natural,Conventional,NA,reported process,27,27,las delicias,cafino s a de c v,265090fe20b129cd|COE|NA|27,NA,NA,NA,NA,NA,NA,FALSE,FALSE
265090fe20b129cd,2018,COE,El Salvador,2018,COE,NA,28,86.8,LOS TRES POTROS,NORA SILVIA CABEZAS  DE MENDEZ,Natural,PACAMARA,"AHUACHAPAN, APANECA-ILAMATEPEC",https://allianceforcoffeeexcellence.org/el-salvador-2018/,FALSE,reported,Natural,Natural,Conventional,NA,reported process,28,28,los tres potros,nora silvia cabezas de mendez,265090fe20b129cd|COE|NA|28,NA,NA,NA,NA,NA,NA,FALSE,FALSE
265090fe20b129cd,2018,COE,El Salvador,2018,COE,NA,29,86.67,ESQUIPULAS,FERNANDO LIMA Y COMPAÑIA,Washed,BOURBON,"SANTA ANA, APANECA-ILAMATEPEC",https://allianceforcoffeeexcellence.org/el-salvador-2018/,FALSE,reported,Washed,Washed,Conventional,NA,reported process,29,29,esquipulas,fernando lima y compania,265090fe20b129cd|COE|NA|29,NA,NA,NA,NA,NA,NA,FALSE,FALSE
265090fe20b129cd,2018,COE,El Salvador,2018,COE,NA,3a,90.57,SANTA ROSA,J. RAUL RIVERA S.A.  DE C.V.,Honey,PACAMARA,"CHALATENANGO, ALOTEPEC-METAPAN",https://allianceforcoffeeexcellence.org/el-salvador-2018/,FALSE,reported,Honey / pulped natural,Honey / pulped natural,Conventional,NA,reported process,3A,3,santa rosa,j raul rivera s a de c v,265090fe20b129cd|COE|NA|3,NA,NA,NA,NA,NA,NA,FALSE,FALSE
265090fe20b129cd,2018,COE,El Salvador,2018,COE,NA,30,86.47,LA GUACHOCA,"EXPORTADORA PACAS MARTINEZ, S.A. DE C.V.",Natural,RED BOURBON,"SANTA ANA, APANECA-ILAMATEPEC",https://allianceforcoffeeexcellence.org/el-salvador-2018/,FALSE,reported,Natural,Natural,Conventional,NA,reported process,30,30,la guachoca,exportadora pacas martinez s a de c v,265090fe20b129cd|COE|NA|30,NA,NA,NA,NA,NA,NA,FALSE,FALSE
265090fe20b129cd,2018,COE,El Salvador,2018,COE,NA,31,86.43,COLOMBIA,RAFAEL GERARDO CACERES CHAVEZ,Natural,PACAMARA,"SANTA ANA, APANECA-ILAMATEPEC",https://allianceforcoffeeexcellence.org/el-salvador-2018/,FALSE,reported,Natural,Natural,Conventional,NA,reported process,31,31,colombia,rafael gerardo caceres chavez,265090fe20b129cd|COE|NA|31,NA,NA,NA,NA,NA,NA,FALSE,FALSE
265090fe20b129cd,2018,COE,El Salvador,2018,COE,NA,32,86.4,LAS LADERAS,"ZAPOTAL, SOCIEDAD ANONIMA DE CAPITAL VARIABLE.",Washed,PACAMARA,"SANTA ANA,  APANECA-ILAMATEPEC",https://allianceforcoffeeexcellence.org/el-salvador-2018/,FALSE,reported,Washed,Washed,Conventional,NA,reported process,32,32,las laderas,zapotal sociedad anonima de capital variable,265090fe20b129cd|COE|NA|32,NA,NA,NA,NA,NA,NA,FALSE,FALSE
265090fe20b129cd,2018,COE,El Salvador,2018,COE,NA,33,86.37,NAZARETH,MARIO ERNESTO ACOSTA OERTEL,Natural,BOURBON,"AHUACHAPAN, APANECA-ILAMATEPEC",https://allianceforcoffeeexcellence.org/el-salvador-2018/,FALSE,reported,Natural,Natural,Conventional,NA,reported process,33,33,nazareth,mario ernesto acosta oertel,265090fe20b129cd|COE|NA|33,NA,NA,NA,NA,NA,NA,FALSE,FALSE
265090fe20b129cd,2018,COE,El Salvador,2018,COE,NA,34,86.37,LA DALIA,CARLOS ROBERTO JESUS DE PRAGA GUILLEN CHACON,Natural,PACAMARA,"AHUACHAPAN, APANECA-ILAMATEPEC",https://allianceforcoffeeexcellence.org/el-salvador-2018/,FALSE,reported,Natural,Natural,Conventional,NA,reported process,34,34,la dalia,carlos roberto jesus de praga guillen chacon,265090fe20b129cd|COE|NA|34,NA,NA,NA,NA,NA,NA,FALSE,FALSE
265090fe20b129cd,2018,COE,El Salvador,2018,COE,NA,35,86.37,ATZUMPA,ANDRES ARTURO ACOSTA RODRIGUEZ,Natural,BOURBON,"AHUACHAPAN, APANECA-ILAMATEPEC",https://allianceforcoffeeexcellence.org/el-salvador-2018/,FALSE,reported,Natural,Natural,Conventional,NA,reported process,35,35,atzumpa,andres arturo acosta rodriguez,265090fe20b129cd|COE|NA|35,NA,NA,NA,NA,NA,NA,FALSE,FALSE
265090fe20b129cd,2018,COE,El Salvador,2018,COE,NA,36,86.33,LA ESMERALDA 1,OSCAR ROBERTO MURGAS LINARES,Honey,PACAMARA,"AHUACHAPAN, APANECA-ILAMATEPEC",https://allianceforcoffeeexcellence.org/el-salvador-2018/,FALSE,reported,Honey / pulped natural,Honey / pulped natural,Conventional,NA,reported process,36,36,la esmeralda 1,oscar roberto murgas linares,265090fe20b129cd|COE|NA|36,NA,NA,NA,NA,NA,NA,FALSE,FALSE
265090fe20b129cd,2018,COE,El Salvador,2018,COE,NA,37,86.23,HIMALAYA,MAURICIO ARTURO SALAVERRIA CACERES,Natural,"PACAMARA, MARAGOGYPE","AHUACHAPAN, APANECA-ILAMATEPEC",https://allianceforcoffeeexcellence.org/el-salvador-2018/,FALSE,reported,Natural,Natural,Conventional,NA,reported process,37,37,himalaya,mauricio arturo salaverria caceres,265090fe20b129cd|COE|NA|37,NA,NA,NA,NA,NA,NA,FALSE,FALSE
265090fe20b129cd,2018,COE,El Salvador,2018,COE,NA,38,86.1,SAN CARLOS II/EL CORO,ASOCIACION COOPERATIVA DE PRODUCCION AGROPECUARIA SAN CARLOS DOS DE R.L.,Honey,PACAMARA,"MORAZAN, CACAHUATIQUE",https://allianceforcoffeeexcellence.org/el-salvador-2018/,FALSE,reported,Honey / pulped natural,Honey / pulped natural,Conventional,NA,reported process,38,38,san carlos ii el coro,asociacion cooperativa de produccion agropecuaria san carlos dos de r l,265090fe20b129cd|COE|NA|38,NA,NA,NA,NA,NA,NA,FALSE,FALSE
265090fe20b129cd,2018,COE,El Salvador,2018,COE,NA,4a,90,MILEYDI,EVER LEONEL DIAZ PEREZ,Washed,PACAMARA,"CHALATENANGO, ALOTEPEC-METAPAN",https://allianceforcoffeeexcellence.org/el-salvador-2018/,FALSE,reported,Washed,Washed,Conventional,NA,reported process,4A,4,mileydi,ever leonel diaz perez,265090fe20b129cd|COE|NA|4,NA,NA,NA,NA,NA,NA,FALSE,FALSE
265090fe20b129cd,2018,COE,El Salvador,2018,COE,NA,5,89.4,SAN JOSE 1,"MONTANA ESTATES, S.A. DE C.V.",Natural,GEISHA,"SONSONATE, APANECA-ILAMATEPEC",https://allianceforcoffeeexcellence.org/el-salvador-2018/,FALSE,reported,Natural,Natural,Conventional,NA,reported process,5,5,san jose 1,montana estates s a de c v,265090fe20b129cd|COE|NA|5,NA,NA,NA,NA,NA,NA,FALSE,FALSE
265090fe20b129cd,2018,COE,El Salvador,2018,COE,NA,6,89.33,SANTA ROSA,"AGRICAFE, S.A. DE C.V.",Honey,PACAMARA,"USULUTAN, TECAPA CHINAMECA",https://allianceforcoffeeexcellence.org/el-salvador-2018/,FALSE,reported,Honey / pulped natural,Honey / pulped natural,Conventional,NA,reported process,6,6,santa rosa,agricafe s a de c v,265090fe20b129cd|COE|NA|6,NA,NA,NA,NA,NA,NA,FALSE,FALSE
265090fe20b129cd,2018,COE,El Salvador,2018,COE,NA,7,89.23,NUEVA GRANADA / HAMBURGO,Roberto Huezo/Gloria Rodriguez,Honey,BOURBON ELEFANTE,"AHUACHAPAN, APANECA-ILAMATEPEC",https://allianceforcoffeeexcellence.org/el-salvador-2018/,FALSE,reported,Honey / pulped natural,Honey / pulped natural,Conventional,NA,reported process,7,7,nueva granada hamburgo,roberto huezo gloria rodriguez,265090fe20b129cd|COE|NA|7,NA,NA,NA,NA,NA,NA,FALSE,FALSE
265090fe20b129cd,2018,COE,El Salvador,2018,COE,NA,8,89.03,TOPACIO,MARIA ELENA AVILA  DE MUYSHONDT,Natural,PACAMARA,"SONSONATE, APANECA-ILAMATEPEC",https://allianceforcoffeeexcellence.org/el-salvador-2018/,FALSE,reported,Natural,Natural,Conventional,NA,reported process,8,8,topacio,maria elena avila de muyshondt,265090fe20b129cd|COE|NA|8,NA,NA,NA,NA,NA,NA,FALSE,FALSE
265090fe20b129cd,2018,COE,El Salvador,2018,COE,NA,9,89,LA FINCONA,J. RAUL RIVERA S.A.  DE C.V.,Washed,PACAMARA,"CHALATENANGO, ALOTEPEC-METAPAN",https://allianceforcoffeeexcellence.org/el-salvador-2018/,FALSE,reported,Washed,Washed,Conventional,NA,reported process,9,9,la fincona,j raul rivera s a de c v,265090fe20b129cd|COE|NA|9,NA,NA,NA,NA,NA,NA,FALSE,FALSE
648ba67dc99a9346,2019,COE,El Salvador,2019,COE,NA,1a,90.57,SANTA ROSA,J. RAUL RIVERA S.A. DE C.V.,HONEY,PACAMARA,ALOTEPEC-METAPAN,https://allianceforcoffeeexcellence.org/el-salvador-2019/,FALSE,reported,Honey / pulped natural,Honey / pulped natural,Conventional,NA,reported process,1A,1,santa rosa,j raul rivera s a de c v,648ba67dc99a9346|COE|NA|1,NA,NA,NA,NA,NA,NA,FALSE,FALSE
648ba67dc99a9346,2019,COE,El Salvador,2019,COE,NA,10,88.04,EL ANONO,SANDRA BEATRIZ LEMUS DE AVELAR,HONEY,PACAMARA,ALOTEPEC-METAPAN,https://allianceforcoffeeexcellence.org/el-salvador-2019/,FALSE,reported,Honey / pulped natural,Honey / pulped natural,Conventional,NA,reported process,10,10,el anono,sandra beatriz lemus de avelar,648ba67dc99a9346|COE|NA|10,NA,NA,NA,NA,NA,NA,FALSE,FALSE
648ba67dc99a9346,2019,COE,El Salvador,2019,COE,NA,11,88.01,LAS BRUMAS,JUAN JOSE ERNESTO MENENDEZ ARGUELLO,WASHED,KENYA,APANECA-ILAMATEPEC,https://allianceforcoffeeexcellence.org/el-salvador-2019/,FALSE,reported,Washed,Washed,Conventional,NA,reported process,11,11,las brumas,juan jose ernesto menendez arguello,648ba67dc99a9346|COE|NA|11,NA,NA,NA,NA,NA,NA,FALSE,FALSE
648ba67dc99a9346,2019,COE,El Salvador,2019,COE,NA,12,87.96,LA BONITA,NORELVIA ANGELICA ELIAS DE DIAZ,WASHED,PACAMARA,ALOTEPEC-METAPAN,https://allianceforcoffeeexcellence.org/el-salvador-2019/,FALSE,reported,Washed,Washed,Conventional,NA,reported process,12,12,la bonita,norelvia angelica elias de diaz,648ba67dc99a9346|COE|NA|12,NA,NA,NA,NA,NA,NA,FALSE,FALSE
648ba67dc99a9346,2019,COE,El Salvador,2019,COE,NA,13,87.93,MILEYDI,EVER LEONEL DIAZ PEREZ,WASHED,PACAMARA,ALOTEPEC-METAPAN,https://allianceforcoffeeexcellence.org/el-salvador-2019/,FALSE,reported,Washed,Washed,Conventional,NA,reported process,13,13,mileydi,ever leonel diaz perez,648ba67dc99a9346|COE|NA|13,NA,NA,NA,NA,NA,NA,FALSE,FALSE
648ba67dc99a9346,2019,COE,El Salvador,2019,COE,NA,14,87.81,LA BENDICION 2,ROBERTO SAMUEL ULLOA RUSCONI,SEMI-WASHED,KENYA,APANECA-ILAMATEPEC,https://allianceforcoffeeexcellence.org/el-salvador-2019/,FALSE,reported,Honey / pulped natural,Honey / pulped natural,Conventional,NA,reported process,14,14,la bendicion 2,roberto samuel ulloa rusconi,648ba67dc99a9346|COE|NA|14,NA,NA,NA,NA,NA,NA,FALSE,FALSE
648ba67dc99a9346,2019,COE,El Salvador,2019,COE,NA,15,87.59,DIVINA PROVIDENCIA 5,ROBERTO SAMUEL ULLOA VILANOVA,HONEY,ORANGE BOURBON,APANECA-ILAMATEPEC,https://allianceforcoffeeexcellence.org/el-salvador-2019/,FALSE,reported,Honey / pulped natural,Honey / pulped natural,Conventional,NA,reported process,15,15,divina providencia 5,roberto samuel ulloa vilanova,648ba67dc99a9346|COE|NA|15,NA,NA,NA,NA,NA,NA,FALSE,FALSE
648ba67dc99a9346,2019,COE,El Salvador,2019,COE,NA,16,87.56,NAZARETH,CARLOS ERNESTO TADEO ACOSTA RODRIGUEZ,NATURAL,PACAMARA,APANECA-ILAMATEPEC,https://allianceforcoffeeexcellence.org/el-salvador-2019/,FALSE,reported,Natural,Natural,Conventional,NA,reported process,16,16,nazareth,carlos ernesto tadeo acosta rodriguez,648ba67dc99a9346|COE|NA|16,NA,NA,NA,NA,NA,NA,FALSE,FALSE
648ba67dc99a9346,2019,COE,El Salvador,2019,COE,NA,17,87.47,COLOMBIA,RAFAEL GERARDO CACERES CHAVEZ,NATURAL,PACAMARA,APANECA-ILAMATEPEC,https://allianceforcoffeeexcellence.org/el-salvador-2019/,FALSE,reported,Natural,Natural,Conventional,NA,reported process,17,17,colombia,rafael gerardo caceres chavez,648ba67dc99a9346|COE|NA|17,NA,NA,NA,NA,NA,NA,FALSE,FALSE
648ba67dc99a9346,2019,COE,El Salvador,2019,COE,NA,18,87.38,SAN ANDRES,JOSE ALFREDO RECINOS DIAZ,NATURAL,PACAMARA,ALOTEPEC-METAPAN,https://allianceforcoffeeexcellence.org/el-salvador-2019/,FALSE,reported,Natural,Natural,Conventional,NA,reported process,18,18,san andres,jose alfredo recinos diaz,648ba67dc99a9346|COE|NA|18,NA,NA,NA,NA,NA,NA,FALSE,FALSE
648ba67dc99a9346,2019,COE,El Salvador,2019,COE,NA,19,87.37,HIMALAYA,MAURICIO ARTURO SALAVERRIA CACERES,NATURAL,PACAMARA,APANECA-ILAMATEPEC,https://allianceforcoffeeexcellence.org/el-salvador-2019/,FALSE,reported,Natural,Natural,Conventional,NA,reported process,19,19,himalaya,mauricio arturo salaverria caceres,648ba67dc99a9346|COE|NA|19,NA,NA,NA,NA,NA,NA,FALSE,FALSE
648ba67dc99a9346,2019,COE,El Salvador,2019,COE,NA,2a,90.37,LOS PIRINEOS,"AGRICAFE, S.A. DE C.V.",WASHED,BOURBON,TECAPA CHINAMECA,https://allianceforcoffeeexcellence.org/el-salvador-2019/,FALSE,reported,Washed,Washed,Conventional,NA,reported process,2A,2,los pirineos,agricafe s a de c v,648ba67dc99a9346|COE|NA|2,NA,NA,NA,NA,NA,NA,FALSE,FALSE
648ba67dc99a9346,2019,COE,El Salvador,2019,COE,NA,20,87.32,EL DERRUMBO,VICENTE RAFAEL DIAZ VASQUEZ,WASHED,PACAMARA,ALOTEPEC-METAPAN,https://allianceforcoffeeexcellence.org/el-salvador-2019/,FALSE,reported,Washed,Washed,Conventional,NA,reported process,20,20,el derrumbo,vicente rafael diaz vasquez,648ba67dc99a9346|COE|NA|20,NA,NA,NA,NA,NA,NA,FALSE,FALSE
648ba67dc99a9346,2019,COE,El Salvador,2019,COE,NA,21,87.29,LAS VENTANAS,ELISA BEATRIZ AGUILAR LANDAVERDE,HONEY,PACAMARA,ALOTEPEC-METAPAN,https://allianceforcoffeeexcellence.org/el-salvador-2019/,FALSE,reported,Honey / pulped natural,Honey / pulped natural,Conventional,NA,reported process,21,21,las ventanas,elisa beatriz aguilar landaverde,648ba67dc99a9346|COE|NA|21,NA,NA,NA,NA,NA,NA,FALSE,FALSE
648ba67dc99a9346,2019,COE,El Salvador,2019,COE,NA,22,87.21,LOS PINOS,NANCY MARIA LEMUS DE MORALES,HONEY,PACAMARA,ALOTEPEC-METAPAN,https://allianceforcoffeeexcellence.org/el-salvador-2019/,FALSE,reported,Honey / pulped natural,Honey / pulped natural,Conventional,NA,reported process,22,22,los pinos,nancy maria lemus de morales,648ba67dc99a9346|COE|NA|22,NA,NA,NA,NA,NA,NA,FALSE,FALSE
648ba67dc99a9346,2019,COE,El Salvador,2019,COE,NA,23,87.18,SAN PABLO,"ZAPOTAL, SOCIEDAD ANONIMA DE CAPITAL VARIABLE.",WASHED,BOURBON,APANECA-ILAMATEPEC,https://allianceforcoffeeexcellence.org/el-salvador-2019/,FALSE,reported,Washed,Washed,Conventional,NA,reported process,23,23,san pablo,zapotal sociedad anonima de capital variable,648ba67dc99a9346|COE|NA|23,NA,NA,NA,NA,NA,NA,FALSE,FALSE
648ba67dc99a9346,2019,COE,El Salvador,2019,COE,NA,24,87.15,LAS DUANAS,J. RAUL RIVERA S.A. DE C.V.,NATURAL ANAEROBIC,PACAMARA,ALOTEPEC-METAPAN,https://allianceforcoffeeexcellence.org/el-salvador-2019/,FALSE,reported,Experimental,Natural,Experimental,Anaerobic,reported process,24,24,las duanas,j raul rivera s a de c v,648ba67dc99a9346|COE|NA|24,Natural | Anaerobic,2019,2025,FALSE,TRUE,TRUE,TRUE,FALSE
648ba67dc99a9346,2019,COE,El Salvador,2019,COE,NA,25,87.06,LAS NINFAS,"PAMON, S.A. DE C.V.",NATURAL,PACAMARA,APANECA-ILAMATEPEC,https://allianceforcoffeeexcellence.org/el-salvador-2019/,FALSE,reported,Natural,Natural,Conventional,NA,reported process,25,25,las ninfas,pamon s a de c v,648ba67dc99a9346|COE|NA|25,NA,NA,NA,NA,NA,NA,FALSE,FALSE
648ba67dc99a9346,2019,COE,El Salvador,2019,COE,NA,3,89.93,LA ESPERANZA,"INVERSIONES SANTONANO, S.A. DE C.V.",HONEY,BERNARDINA,APANECA-ILAMATEPEC,https://allianceforcoffeeexcellence.org/el-salvador-2019/,FALSE,reported,Honey / pulped natural,Honey / pulped natural,Conventional,NA,reported process,3,3,la esperanza,inversiones santonano s a de c v,648ba67dc99a9346|COE|NA|3,NA,NA,NA,NA,NA,NA,FALSE,FALSE
648ba67dc99a9346,2019,COE,El Salvador,2019,COE,NA,4,89.93,EL CIPRESAL,GONZALO ANTONIO TICAS REYES,WASHED,PACAMARA,ALOTEPEC-METAPAN,https://allianceforcoffeeexcellence.org/el-salvador-2019/,FALSE,reported,Washed,Washed,Conventional,NA,reported process,4,4,el cipresal,gonzalo antonio ticas reyes,648ba67dc99a9346|COE|NA|4,NA,NA,NA,NA,NA,NA,FALSE,FALSE
648ba67dc99a9346,2019,COE,El Salvador,2019,COE,NA,5,89.29,DON OCTAVIO,JOSE OCTAVIO UMAÑA VALDIVIESO,HONEY,PACAMARA,ALOTEPEC-METAPAN,https://allianceforcoffeeexcellence.org/el-salvador-2019/,FALSE,reported,Honey / pulped natural,Honey / pulped natural,Conventional,NA,reported process,5,5,don octavio,jose octavio umana valdivieso,648ba67dc99a9346|COE|NA|5,NA,NA,NA,NA,NA,NA,FALSE,FALSE
648ba67dc99a9346,2019,COE,El Salvador,2019,COE,NA,6,89.07,SAN RAFAEL 1,ROBERTO SAMUEL ULLOA VILANOVA,NATURAL,PACAMARA,APANECA-ILAMATEPEC,https://allianceforcoffeeexcellence.org/el-salvador-2019/,FALSE,reported,Natural,Natural,Conventional,NA,reported process,6,6,san rafael 1,roberto samuel ulloa vilanova,648ba67dc99a9346|COE|NA|6,NA,NA,NA,NA,NA,NA,FALSE,FALSE
648ba67dc99a9346,2019,COE,El Salvador,2019,COE,NA,7,88.94,PEÑA REDONDA,CARLOS MAURICIO LEMUS LANDAVERDE,NATURAL,PACAMARA,ALOTEPEC-METAPAN,https://allianceforcoffeeexcellence.org/el-salvador-2019/,FALSE,reported,Natural,Natural,Conventional,NA,reported process,7,7,pena redonda,carlos mauricio lemus landaverde,648ba67dc99a9346|COE|NA|7,NA,NA,NA,NA,NA,NA,FALSE,FALSE
648ba67dc99a9346,2019,COE,El Salvador,2019,COE,NA,8,88.78,LAS DELICIAS,"CAFINO, S.A. DE C.V.",NATURAL,PACAMARA,APANECA-ILAMATEPEC,https://allianceforcoffeeexcellence.org/el-salvador-2019/,FALSE,reported,Natural,Natural,Conventional,NA,reported process,8,8,las delicias,cafino s a de c v,648ba67dc99a9346|COE|NA|8,NA,NA,NA,NA,NA,NA,FALSE,FALSE
648ba67dc99a9346,2019,COE,El Salvador,2019,COE,NA,9,88.59,LAS PALMAS,"AGRICAFE, S.A. DE C.V.",HONEY,PACAMARA,TECAPA CHINAMECA,https://allianceforcoffeeexcellence.org/el-salvador-2019/,FALSE,reported,Honey / pulped natural,Honey / pulped natural,Conventional,NA,reported process,9,9,las palmas,agricafe s a de c v,648ba67dc99a9346|COE|NA|9,NA,NA,NA,NA,NA,NA,FALSE,FALSE
f52a7809bb1fd00e,El Salvador 2021,COE,El Salvador,2021,COE,NA,1a,91.68,Mileydi,Ever Leonel Diaz Perez,Semi-Washed,Pacamara,Alotepec Metapan,https://allianceforcoffeeexcellence.org/el-salvador-2021/,FALSE,reported,Honey / pulped natural,Honey / pulped natural,Conventional,NA,reported process,1A,1,mileydi,ever leonel diaz perez,f52a7809bb1fd00e|COE|NA|1,NA,NA,NA,NA,NA,NA,FALSE,FALSE
f52a7809bb1fd00e,El Salvador 2021,COE,El Salvador,2021,COE,NA,10,88.64,La Esperanza,"Inversiones Santonano, S.A. De C.V.",Honey,Bernardina,Apaneca Ilamatepec,https://allianceforcoffeeexcellence.org/el-salvador-2021/,FALSE,reported,Honey / pulped natural,Honey / pulped natural,Conventional,NA,reported process,10,10,la esperanza,inversiones santonano s a de c v,f52a7809bb1fd00e|COE|NA|10,NA,NA,NA,NA,NA,NA,FALSE,FALSE
f52a7809bb1fd00e,El Salvador 2021,COE,El Salvador,2021,COE,NA,11,88.5,La Bonita,Norelvia Angelica Elias De Diaz,Semi-Washed,Pacamara,Alotepec Metapan,https://allianceforcoffeeexcellence.org/el-salvador-2021/,FALSE,reported,Honey / pulped natural,Honey / pulped natural,Conventional,NA,reported process,11,11,la bonita,norelvia angelica elias de diaz,f52a7809bb1fd00e|COE|NA|11,NA,NA,NA,NA,NA,NA,FALSE,FALSE
f52a7809bb1fd00e,El Salvador 2021,COE,El Salvador,2021,COE,NA,12,88.5,Santa Rosa,"J.Raul Rivera, S.A. De C.V.",Honey,Pacamara,Alotepec Metapan,https://allianceforcoffeeexcellence.org/el-salvador-2021/,FALSE,reported,Honey / pulped natural,Honey / pulped natural,Conventional,NA,reported process,12,12,santa rosa,j raul rivera s a de c v,f52a7809bb1fd00e|COE|NA|12,NA,NA,NA,NA,NA,NA,FALSE,FALSE
f52a7809bb1fd00e,El Salvador 2021,COE,El Salvador,2021,COE,NA,13,88.4,Santa Juana,Pacvil S. A. De C.V.,Natural,Bernardina,Apaneca Ilamatepec,https://allianceforcoffeeexcellence.org/el-salvador-2021/,FALSE,reported,Natural,Natural,Conventional,NA,reported process,13,13,santa juana,pacvil s a de c v,f52a7809bb1fd00e|COE|NA|13,NA,NA,NA,NA,NA,NA,FALSE,FALSE
f52a7809bb1fd00e,El Salvador 2021,COE,El Salvador,2021,COE,NA,14,88.23,Don Octavio,Jose Octavio Umaña Valdivieso,Honey,Pacamara,Alotepec Metapan,https://allianceforcoffeeexcellence.org/el-salvador-2021/,FALSE,reported,Honey / pulped natural,Honey / pulped natural,Conventional,NA,reported process,14,14,don octavio,jose octavio umana valdivieso,f52a7809bb1fd00e|COE|NA|14,NA,NA,NA,NA,NA,NA,FALSE,FALSE
f52a7809bb1fd00e,El Salvador 2021,COE,El Salvador,2021,COE,NA,15,88.13,Los Pozos,Isaura Cecilia Aguilar Landaverde,Washed,Pacamara,Alotepec Metapan,https://allianceforcoffeeexcellence.org/el-salvador-2021/,FALSE,reported,Washed,Washed,Conventional,NA,reported process,15,15,los pozos,isaura cecilia aguilar landaverde,f52a7809bb1fd00e|COE|NA|15,NA,NA,NA,NA,NA,NA,FALSE,FALSE
f52a7809bb1fd00e,El Salvador 2021,COE,El Salvador,2021,COE,NA,16,87.97,El Milagro,Joaquin Elias Guillen,Natural,Gesha,Alotepec Metapan,https://allianceforcoffeeexcellence.org/el-salvador-2021/,FALSE,reported,Natural,Natural,Conventional,NA,reported process,16,16,el milagro,joaquin elias guillen,f52a7809bb1fd00e|COE|NA|16,NA,NA,NA,NA,NA,NA,FALSE,FALSE
f52a7809bb1fd00e,El Salvador 2021,COE,El Salvador,2021,COE,NA,17,87.57,La Montañita,Antonio Aguilar Lemus,Washed,Pacamara,Alotepec Metapan,https://allianceforcoffeeexcellence.org/el-salvador-2021/,FALSE,reported,Washed,Washed,Conventional,NA,reported process,17,17,la montanita,antonio aguilar lemus,f52a7809bb1fd00e|COE|NA|17,NA,NA,NA,NA,NA,NA,FALSE,FALSE
f52a7809bb1fd00e,El Salvador 2021,COE,El Salvador,2021,COE,NA,18,87.5,El Aguila,Primos Ariz Valdivieso Y Compañia,Natural,SL-34,Apaneca Ilamatepec,https://allianceforcoffeeexcellence.org/el-salvador-2021/,FALSE,reported,Natural,Natural,Conventional,NA,reported process,18,18,el aguila,primos ariz valdivieso y compania,f52a7809bb1fd00e|COE|NA|18,NA,NA,NA,NA,NA,NA,FALSE,FALSE
f52a7809bb1fd00e,El Salvador 2021,COE,El Salvador,2021,COE,NA,19,87.5,Santa Josefita,"Ipala, Sociedad Anonima De Capital Variable",Washed,Bourbon,Apaneca Ilamatepec,https://allianceforcoffeeexcellence.org/el-salvador-2021/,FALSE,reported,Washed,Washed,Conventional,NA,reported process,19,19,santa josefita,ipala sociedad anonima de capital variable,f52a7809bb1fd00e|COE|NA|19,NA,NA,NA,NA,NA,NA,FALSE,FALSE
f52a7809bb1fd00e,El Salvador 2021,COE,El Salvador,2021,COE,NA,2a,91.29,El Conacaste,"Choucri, S.A. De C.V.",Natural,Gesha,Alotepec Metapan,https://allianceforcoffeeexcellence.org/el-salvador-2021/,FALSE,reported,Natural,Natural,Conventional,NA,reported process,2A,2,el conacaste,choucri s a de c v,f52a7809bb1fd00e|COE|NA|2,NA,NA,NA,NA,NA,NA,FALSE,FALSE
f52a7809bb1fd00e,El Salvador 2021,COE,El Salvador,2021,COE,NA,20,87.5,Las Margaritas,"Santa Margarita De Apaneca, S.A. De C.V.",Natural,Pacamara,Apaneca Ilamatepec,https://allianceforcoffeeexcellence.org/el-salvador-2021/,FALSE,reported,Natural,Natural,Conventional,NA,reported process,20,20,las margaritas,santa margarita de apaneca s a de c v,f52a7809bb1fd00e|COE|NA|20,NA,NA,NA,NA,NA,NA,FALSE,FALSE
f52a7809bb1fd00e,El Salvador 2021,COE,El Salvador,2021,COE,NA,21,87.47,El Izotal,"Aserradero Y Venta De Madera El Pinar, S.A. De C-.V.",Natural,Pacamara,Alotepec Metapan,https://allianceforcoffeeexcellence.org/el-salvador-2021/,FALSE,reported,Natural,Natural,Conventional,NA,reported process,21,21,el izotal,aserradero y venta de madera el pinar s a de c v,f52a7809bb1fd00e|COE|NA|21,NA,NA,NA,NA,NA,NA,FALSE,FALSE
f52a7809bb1fd00e,El Salvador 2021,COE,El Salvador,2021,COE,NA,22,87.27,Siberia,Rafael Enrique Silva Hoff,Natural Anaerobic,Pacamara,Apaneca Ilamatepec,https://allianceforcoffeeexcellence.org/el-salvador-2021/,FALSE,reported,Experimental,Natural,Experimental,Anaerobic,reported process,22,22,siberia,rafael enrique silva hoff,f52a7809bb1fd00e|COE|NA|22,Natural | Anaerobic,2019,2025,FALSE,TRUE,TRUE,FALSE,TRUE
f52a7809bb1fd00e,El Salvador 2021,COE,El Salvador,2021,COE,NA,23,87.23,San Carlos Dos,Asoc.Coop.De Prod.Agrop.San Carlos Dos De R.L.,Natural,Pacamara,Cacahuatique,https://allianceforcoffeeexcellence.org/el-salvador-2021/,FALSE,reported,Natural,Natural,Conventional,NA,reported process,23,23,san carlos dos,asoc coop de prod agrop san carlos dos de r l,f52a7809bb1fd00e|COE|NA|23,NA,NA,NA,NA,NA,NA,FALSE,FALSE
f52a7809bb1fd00e,El Salvador 2021,COE,El Salvador,2021,COE,NA,24,87.2,Plan Del Hoyo,"Monserrate, S.A. De C.V.",Honey,Kenya,Apaneca Ilamatepec,https://allianceforcoffeeexcellence.org/el-salvador-2021/,FALSE,reported,Honey / pulped natural,Honey / pulped natural,Conventional,NA,reported process,24,24,plan del hoyo,monserrate s a de c v,f52a7809bb1fd00e|COE|NA|24,NA,NA,NA,NA,NA,NA,FALSE,FALSE
f52a7809bb1fd00e,El Salvador 2021,COE,El Salvador,2021,COE,NA,3a,90.54,Santa Elena,"Zapotal, Sociedad Anonima De Capital Variable.",Washed,Gesha,Apaneca Ilamatepec,https://allianceforcoffeeexcellence.org/el-salvador-2021/,FALSE,reported,Washed,Washed,Conventional,NA,reported process,3A,3,santa elena,zapotal sociedad anonima de capital variable,f52a7809bb1fd00e|COE|NA|3,NA,NA,NA,NA,NA,NA,FALSE,FALSE
f52a7809bb1fd00e,El Salvador 2021,COE,El Salvador,2021,COE,NA,4,89.68,Las Ventanas,Elisa Beatriz Aguilar Landaverde,Natural,Pacamara,Alotepec Metapan,https://allianceforcoffeeexcellence.org/el-salvador-2021/,FALSE,reported,Natural,Natural,Conventional,NA,reported process,4,4,las ventanas,elisa beatriz aguilar landaverde,f52a7809bb1fd00e|COE|NA|4,NA,NA,NA,NA,NA,NA,FALSE,FALSE
f52a7809bb1fd00e,El Salvador 2021,COE,El Salvador,2021,COE,NA,5,89.46,Benasque,"Exportadora Agricola Comercial, S.A. De C.V.",Natural,Bourbon,Tecapa Chinameca,https://allianceforcoffeeexcellence.org/el-salvador-2021/,FALSE,reported,Natural,Natural,Conventional,NA,reported process,5,5,benasque,exportadora agricola comercial s a de c v,f52a7809bb1fd00e|COE|NA|5,NA,NA,NA,NA,NA,NA,FALSE,FALSE
f52a7809bb1fd00e,El Salvador 2021,COE,El Salvador,2021,COE,NA,6,89.32,La Pacaya,"Mav, S.A. De C.V.",Natural,Gesha,Apaneca Ilamatepec,https://allianceforcoffeeexcellence.org/el-salvador-2021/,FALSE,reported,Natural,Natural,Conventional,NA,reported process,6,6,la pacaya,mav s a de c v,f52a7809bb1fd00e|COE|NA|6,NA,NA,NA,NA,NA,NA,FALSE,FALSE
f52a7809bb1fd00e,El Salvador 2021,COE,El Salvador,2021,COE,NA,7,89.25,Tres Pozos,Dolores Amando Guardado Quintanilla,Natural,Pacamara,Alotepec Metapan,https://allianceforcoffeeexcellence.org/el-salvador-2021/,FALSE,reported,Natural,Natural,Conventional,NA,reported process,7,7,tres pozos,dolores amando guardado quintanilla,f52a7809bb1fd00e|COE|NA|7,NA,NA,NA,NA,NA,NA,FALSE,FALSE
f52a7809bb1fd00e,El Salvador 2021,COE,El Salvador,2021,COE,NA,8,89.11,La Bendicion 2,Roberto Samuel Ulloa Rusconi,Anaerobic,SL-28,Apaneca Ilamatepec,https://allianceforcoffeeexcellence.org/el-salvador-2021/,FALSE,reported,Experimental,Not reported,Experimental,Anaerobic,reported process,8,8,la bendicion 2,roberto samuel ulloa rusconi,f52a7809bb1fd00e|COE|NA|8,Not reported | Anaerobic,2021,2021,FALSE,TRUE,FALSE,TRUE,FALSE
f52a7809bb1fd00e,El Salvador 2021,COE,El Salvador,2021,COE,NA,9,89.04,La Libertad,Petronilo Antonio Caceres Salguero,Natural,Bourbon/Kenya,Apaneca Ilamatepec,https://allianceforcoffeeexcellence.org/el-salvador-2021/,FALSE,reported,Natural,Natural,Conventional,NA,reported process,9,9,la libertad,petronilo antonio caceres salguero,f52a7809bb1fd00e|COE|NA|9,NA,NA,NA,NA,NA,NA,FALSE,FALSE
033b9c6652fed90f,El Salvador 2022,COE,El Salvador,2022,COE,NA,1a,91.82,El Conacaste,"Choucri, S.A. De C.V.",Natural,Gesha,Alotepec-Metapan,https://allianceforcoffeeexcellence.org/el-salvador-2022/,FALSE,reported,Natural,Natural,Conventional,NA,reported process,1A,1,el conacaste,choucri s a de c v,033b9c6652fed90f|COE|NA|1,NA,NA,NA,NA,NA,NA,FALSE,FALSE
033b9c6652fed90f,El Salvador 2022,COE,El Salvador,2022,COE,NA,10,88.68,La Libertad,Petronilo Antonio Caceres Salguero,Natural,Bourbon & Kenya,Apaneca-Ilamatepec,https://allianceforcoffeeexcellence.org/el-salvador-2022/,FALSE,reported,Natural,Natural,Conventional,NA,reported process,10,10,la libertad,petronilo antonio caceres salguero,033b9c6652fed90f|COE|NA|10,NA,NA,NA,NA,NA,NA,FALSE,FALSE
033b9c6652fed90f,El Salvador 2022,COE,El Salvador,2022,COE,NA,11,88.57,Santa Juana,Pacvil S. A. De C.V.,Natural,Bernardina,Apaneca-Ilamatepec,https://allianceforcoffeeexcellence.org/el-salvador-2022/,FALSE,reported,Natural,Natural,Conventional,NA,reported process,11,11,santa juana,pacvil s a de c v,033b9c6652fed90f|COE|NA|11,NA,NA,NA,NA,NA,NA,FALSE,FALSE
033b9c6652fed90f,El Salvador 2022,COE,El Salvador,2022,COE,NA,12,88.48,La Laguna,Gonzalo Antonio Ticas Reyes,Natural,Pacamara,Alotepec-Metapan,https://allianceforcoffeeexcellence.org/el-salvador-2022/,FALSE,reported,Natural,Natural,Conventional,NA,reported process,12,12,la laguna,gonzalo antonio ticas reyes,033b9c6652fed90f|COE|NA|12,NA,NA,NA,NA,NA,NA,FALSE,FALSE
033b9c6652fed90f,El Salvador 2022,COE,El Salvador,2022,COE,NA,13,88.46,Finca The Sugar Maples,Roxana Yamileth Zelaya Guardado,Natural,Pacamara,Alotepec-Metapan,https://allianceforcoffeeexcellence.org/el-salvador-2022/,FALSE,reported,Natural,Natural,Conventional,NA,reported process,13,13,finca the sugar maples,roxana yamileth zelaya guardado,033b9c6652fed90f|COE|NA|13,NA,NA,NA,NA,NA,NA,FALSE,FALSE
033b9c6652fed90f,El Salvador 2022,COE,El Salvador,2022,COE,NA,14,88.43,Nejapa,Gloria Mercedes Rodriguez Fontan,Natural,Elefante,Apaneca-Ilamatepec,https://allianceforcoffeeexcellence.org/el-salvador-2022/,FALSE,reported,Natural,Natural,Conventional,NA,reported process,14,14,nejapa,gloria mercedes rodriguez fontan,033b9c6652fed90f|COE|NA|14,NA,NA,NA,NA,NA,NA,FALSE,FALSE
033b9c6652fed90f,El Salvador 2022,COE,El Salvador,2022,COE,NA,15,88.34,Los Morales,Henri Milton Morales Umaña,Natural Anaerobico,Pacamara,Alotepec-Metapan,https://allianceforcoffeeexcellence.org/el-salvador-2022/,FALSE,reported,Experimental,Natural,Experimental,Anaerobic,reported process,15,15,los morales,henri milton morales umana,033b9c6652fed90f|COE|NA|15,Natural | Anaerobic,2019,2025,FALSE,TRUE,TRUE,FALSE,TRUE
033b9c6652fed90f,El Salvador 2022,COE,El Salvador,2022,COE,NA,16,88.27,Santa Fe,Edith Aracely Rodriguez De Pineda,Washed,Pacamara,Alotepec-Metapan,https://allianceforcoffeeexcellence.org/el-salvador-2022/,FALSE,reported,Washed,Washed,Conventional,NA,reported process,16,16,santa fe,edith aracely rodriguez de pineda,033b9c6652fed90f|COE|NA|16,NA,NA,NA,NA,NA,NA,FALSE,FALSE
033b9c6652fed90f,El Salvador 2022,COE,El Salvador,2022,COE,NA,17,88.23,El Mirador,"Zapotal, Sociedad Anonima De Capital Variable.",Washed,Gesha,Apaneca-Ilamatepec,https://allianceforcoffeeexcellence.org/el-salvador-2022/,FALSE,reported,Washed,Washed,Conventional,NA,reported process,17,17,el mirador,zapotal sociedad anonima de capital variable,033b9c6652fed90f|COE|NA|17,NA,NA,NA,NA,NA,NA,FALSE,FALSE
033b9c6652fed90f,El Salvador 2022,COE,El Salvador,2022,COE,NA,18,88.21,La Montañita,Antonio Aguilar Lemus,Natural,Pacamara,Alotepec-Metapan,https://allianceforcoffeeexcellence.org/el-salvador-2022/,FALSE,reported,Natural,Natural,Conventional,NA,reported process,18,18,la montanita,antonio aguilar lemus,033b9c6652fed90f|COE|NA|18,NA,NA,NA,NA,NA,NA,FALSE,FALSE
033b9c6652fed90f,El Salvador 2022,COE,El Salvador,2022,COE,NA,19,88.21,Las Ventanas,Elisa Beatriz Aguilar Landaverde,Natural,Pacamara,Alotepec-Metapan,https://allianceforcoffeeexcellence.org/el-salvador-2022/,FALSE,reported,Natural,Natural,Conventional,NA,reported process,19,19,las ventanas,elisa beatriz aguilar landaverde,033b9c6652fed90f|COE|NA|19,NA,NA,NA,NA,NA,NA,FALSE,FALSE
033b9c6652fed90f,El Salvador 2022,COE,El Salvador,2022,COE,NA,2a,90.36,Santa Rosa,"J.Raul Rivera, S.A. De C.V.",Natural Honey,Pacamara,Alotepec-Metapan,https://allianceforcoffeeexcellence.org/el-salvador-2022/,FALSE,reported,Honey / pulped natural,Honey / pulped natural,Conventional,NA,reported process,2A,2,santa rosa,j raul rivera s a de c v,033b9c6652fed90f|COE|NA|2,NA,NA,NA,NA,NA,NA,FALSE,FALSE
033b9c6652fed90f,El Salvador 2022,COE,El Salvador,2022,COE,NA,20,88.13,Helvetia,Carmen Elena Calderon Sol De Escalon,Natural,Bourbon,Apaneca-Ilamatepec,https://allianceforcoffeeexcellence.org/el-salvador-2022/,FALSE,reported,Natural,Natural,Conventional,NA,reported process,20,20,helvetia,carmen elena calderon sol de escalon,033b9c6652fed90f|COE|NA|20,NA,NA,NA,NA,NA,NA,FALSE,FALSE
033b9c6652fed90f,El Salvador 2022,COE,El Salvador,2022,COE,NA,21,88.09,Los Milagros,Serafin Escobar,Washed,Pacas & Pacamara,Apaneca-Ilamatepec,https://allianceforcoffeeexcellence.org/el-salvador-2022/,FALSE,reported,Washed,Washed,Conventional,NA,reported process,21,21,los milagros,serafin escobar,033b9c6652fed90f|COE|NA|21,NA,NA,NA,NA,NA,NA,FALSE,FALSE
033b9c6652fed90f,El Salvador 2022,COE,El Salvador,2022,COE,NA,22,87.98,La Reforma,"El Borbollon, S.A. De C.V.",Natural,Kenya Sl28,Apaneca-Ilamatepec,https://allianceforcoffeeexcellence.org/el-salvador-2022/,FALSE,reported,Natural,Natural,Conventional,NA,reported process,22,22,la reforma,el borbollon s a de c v,033b9c6652fed90f|COE|NA|22,NA,NA,NA,NA,NA,NA,FALSE,FALSE
033b9c6652fed90f,El Salvador 2022,COE,El Salvador,2022,COE,NA,23,87.89,Las Brumas,Juan Jose Ernesto Menendez Arguello,Natural,Gesha,Apaneca-Ilamatepec,https://allianceforcoffeeexcellence.org/el-salvador-2022/,FALSE,reported,Natural,Natural,Conventional,NA,reported process,23,23,las brumas,juan jose ernesto menendez arguello,033b9c6652fed90f|COE|NA|23,NA,NA,NA,NA,NA,NA,FALSE,FALSE
033b9c6652fed90f,El Salvador 2022,COE,El Salvador,2022,COE,NA,24,87.89,Nombre De Dios,Maria Elena Dominguez De Botto,Natural,Bourbon & Pacas,Alotepec-Metapan,https://allianceforcoffeeexcellence.org/el-salvador-2022/,FALSE,reported,Natural,Natural,Conventional,NA,reported process,24,24,nombre de dios,maria elena dominguez de botto,033b9c6652fed90f|COE|NA|24,NA,NA,NA,NA,NA,NA,FALSE,FALSE
033b9c6652fed90f,El Salvador 2022,COE,El Salvador,2022,COE,NA,25,87.86,Finca El Pezote,Hugo Alfonso Pineda Rodriguez,Washed,Pacamara,Alotepec-Metapan,https://allianceforcoffeeexcellence.org/el-salvador-2022/,FALSE,reported,Washed,Washed,Conventional,NA,reported process,25,25,finca el pezote,hugo alfonso pineda rodriguez,033b9c6652fed90f|COE|NA|25,NA,NA,NA,NA,NA,NA,FALSE,FALSE
033b9c6652fed90f,El Salvador 2022,COE,El Salvador,2022,COE,NA,26,87.61,San Andres,Jose Alfredo Recinos Diaz,Natural,Pacamara,Alotepec-Metapan,https://allianceforcoffeeexcellence.org/el-salvador-2022/,FALSE,reported,Natural,Natural,Conventional,NA,reported process,26,26,san andres,jose alfredo recinos diaz,033b9c6652fed90f|COE|NA|26,NA,NA,NA,NA,NA,NA,FALSE,FALSE
033b9c6652fed90f,El Salvador 2022,COE,El Salvador,2022,COE,NA,27,87.45,Siberia,Rafael Enrique Silva Hoff,Natural Anaerobico,Sl 34,Apaneca-Ilamatepec,https://allianceforcoffeeexcellence.org/el-salvador-2022/,FALSE,reported,Experimental,Natural,Experimental,Anaerobic,reported process,27,27,siberia,rafael enrique silva hoff,033b9c6652fed90f|COE|NA|27,Natural | Anaerobic,2019,2025,FALSE,TRUE,TRUE,FALSE,TRUE
033b9c6652fed90f,El Salvador 2022,COE,El Salvador,2022,COE,NA,3a,90.23,Cueva De La Olla,Jose Efrain Landaverde Flores,Washed,Pacamara & Pacas,Alotepec-Metapan,https://allianceforcoffeeexcellence.org/el-salvador-2022/,FALSE,reported,Washed,Washed,Conventional,NA,reported process,3A,3,cueva de la olla,jose efrain landaverde flores,033b9c6652fed90f|COE|NA|3,NA,NA,NA,NA,NA,NA,FALSE,FALSE
033b9c6652fed90f,El Salvador 2022,COE,El Salvador,2022,COE,NA,4,90.07,La Pacaya,"Mav, S.A. De C.V.",Natural,Gesha,Apaneca-Ilamatepec,https://allianceforcoffeeexcellence.org/el-salvador-2022/,FALSE,reported,Natural,Natural,Conventional,NA,reported process,4,4,la pacaya,mav s a de c v,033b9c6652fed90f|COE|NA|4,NA,NA,NA,NA,NA,NA,FALSE,FALSE
033b9c6652fed90f,El Salvador 2022,COE,El Salvador,2022,COE,NA,5,89.95,Benasque,"Exportadora Agricola Comercial, S.A. De C.V.",Natural,Kenya,Tecapa Chinameca,https://allianceforcoffeeexcellence.org/el-salvador-2022/,FALSE,reported,Natural,Natural,Conventional,NA,reported process,5,5,benasque,exportadora agricola comercial s a de c v,033b9c6652fed90f|COE|NA|5,NA,NA,NA,NA,NA,NA,FALSE,FALSE
033b9c6652fed90f,El Salvador 2022,COE,El Salvador,2022,COE,NA,6,89.63,Peña Redonda,Carlos Mauricio Lemus Landaverde,Honey,Pacamara,Alotepec-Metapan,https://allianceforcoffeeexcellence.org/el-salvador-2022/,FALSE,reported,Honey / pulped natural,Honey / pulped natural,Conventional,NA,reported process,6,6,pena redonda,carlos mauricio lemus landaverde,033b9c6652fed90f|COE|NA|6,NA,NA,NA,NA,NA,NA,FALSE,FALSE
033b9c6652fed90f,El Salvador 2022,COE,El Salvador,2022,COE,NA,7,89.48,La Esperanza,"Inversiones Santonano, S.A. De C.V.",Natural Anaerobico,Bernardina,Apaneca-Ilamatepec,https://allianceforcoffeeexcellence.org/el-salvador-2022/,FALSE,reported,Experimental,Natural,Experimental,Anaerobic,reported process,7,7,la esperanza,inversiones santonano s a de c v,033b9c6652fed90f|COE|NA|7,Natural | Anaerobic,2019,2025,FALSE,TRUE,TRUE,FALSE,TRUE
033b9c6652fed90f,El Salvador 2022,COE,El Salvador,2022,COE,NA,8,89.13,Don Jaime,Jaime Ricardo Guevara Chavez,Natural,Gesha,Alotepec-Metapan,https://allianceforcoffeeexcellence.org/el-salvador-2022/,FALSE,reported,Natural,Natural,Conventional,NA,reported process,8,8,don jaime,jaime ricardo guevara chavez,033b9c6652fed90f|COE|NA|8,NA,NA,NA,NA,NA,NA,FALSE,FALSE
033b9c6652fed90f,El Salvador 2022,COE,El Salvador,2022,COE,NA,9,88.79,Las Duanas,"J.Raul Rivera, S.A. De C.V.",Natural,Pacamara,Alotepec-Metapan,https://allianceforcoffeeexcellence.org/el-salvador-2022/,FALSE,reported,Natural,Natural,Conventional,NA,reported process,9,9,las duanas,j raul rivera s a de c v,033b9c6652fed90f|COE|NA|9,NA,NA,NA,NA,NA,NA,FALSE,FALSE
c991847a22ff1716,El Salvador 2023,COE,El Salvador,2023,COE,NA,1a,91.82,MILEYDI,NORELVIA ANGELICA ELIAS DE DIAZ,SEMIL – WASHED,PACAMARA,ALOTEPEC-METAPAN,https://allianceforcoffeeexcellence.org/el-salvador-2023/,FALSE,reported,Honey / pulped natural,Honey / pulped natural,Conventional,NA,reported process,1A,1,mileydi,norelvia angelica elias de diaz,c991847a22ff1716|COE|NA|1,NA,NA,NA,NA,NA,NA,FALSE,FALSE
c991847a22ff1716,El Salvador 2023,COE,El Salvador,2023,COE,NA,10,88.84,EL MIRADOR,ROBERTO ULLOA VILANOVA,NATURAL ANAEROBICO,GEISHA,APANECA-ILAMATEPEC,https://allianceforcoffeeexcellence.org/el-salvador-2023/,FALSE,reported,Experimental,Natural,Experimental,Anaerobic,reported process,10,10,el mirador,roberto ulloa vilanova,c991847a22ff1716|COE|NA|10,Natural | Anaerobic,2019,2025,FALSE,TRUE,TRUE,FALSE,TRUE
c991847a22ff1716,El Salvador 2023,COE,El Salvador,2023,COE,NA,11,88.7,SANTA FE,EDITH ARACELY RODRIGUEZ DE PINEDA,WASHED ANAEROBICO,PACAMARA,ALOTEPEC-METAPAN,https://allianceforcoffeeexcellence.org/el-salvador-2023/,FALSE,reported,Experimental,Washed,Experimental,Anaerobic,reported process,11,11,santa fe,edith aracely rodriguez de pineda,c991847a22ff1716|COE|NA|11,Washed | Anaerobic,2023,2025,FALSE,TRUE,TRUE,TRUE,FALSE
c991847a22ff1716,El Salvador 2023,COE,El Salvador,2023,COE,NA,12,88.66,LAS MARIAS,"INMOBILIARIA TURISTICA, S.A. DE C.V.",NATURAL,GEISHA,EL BALSAMO-QUEZALTEPEQUE,https://allianceforcoffeeexcellence.org/el-salvador-2023/,FALSE,reported,Natural,Natural,Conventional,NA,reported process,12,12,las marias,inmobiliaria turistica s a de c v,c991847a22ff1716|COE|NA|12,NA,NA,NA,NA,NA,NA,FALSE,FALSE
c991847a22ff1716,El Salvador 2023,COE,El Salvador,2023,COE,NA,13,88.55,LAS DUANAS,ENRIQUE MENA GUTIERREZ,WASHED ANAEROBICO,PACAMARA,ALOTEPEC-METAPAN,https://allianceforcoffeeexcellence.org/el-salvador-2023/,FALSE,reported,Experimental,Washed,Experimental,Anaerobic,reported process,13,13,las duanas,enrique mena gutierrez,c991847a22ff1716|COE|NA|13,Washed | Anaerobic,2023,2025,FALSE,TRUE,TRUE,TRUE,FALSE
c991847a22ff1716,El Salvador 2023,COE,El Salvador,2023,COE,NA,14,88.54,TALQUEZALAR,IRENE DEL SOCORRO GONZALES SOZA,WASHED,PACAMARA,ALOTEPEC-METAPAN,https://allianceforcoffeeexcellence.org/el-salvador-2023/,FALSE,reported,Washed,Washed,Conventional,NA,reported process,14,14,talquezalar,irene del socorro gonzales soza,c991847a22ff1716|COE|NA|14,NA,NA,NA,NA,NA,NA,FALSE,FALSE
c991847a22ff1716,El Salvador 2023,COE,El Salvador,2023,COE,NA,15,88.46,MILAN,"INMOBILIARIA TURISTICA, S.A. DE C.V.",NATURAL ANAEROBICO,GEISHA,EL BALSAMO-QUEZALTEPEQUE,https://allianceforcoffeeexcellence.org/el-salvador-2023/,FALSE,reported,Experimental,Natural,Experimental,Anaerobic,reported process,15,15,milan,inmobiliaria turistica s a de c v,c991847a22ff1716|COE|NA|15,Natural | Anaerobic,2019,2025,FALSE,TRUE,TRUE,FALSE,TRUE
c991847a22ff1716,El Salvador 2023,COE,El Salvador,2023,COE,NA,16,88.25,LA MANUELA,"CUCHUBAL, S.A. DE C.V.",NATURAL ANAEROBICO,H1 CENTROAMERICANO,APANECA-ILAMATEPEC,https://allianceforcoffeeexcellence.org/el-salvador-2023/,FALSE,reported,Experimental,Natural,Experimental,Anaerobic,reported process,16,16,la manuela,cuchubal s a de c v,c991847a22ff1716|COE|NA|16,Natural | Anaerobic,2019,2025,FALSE,TRUE,TRUE,FALSE,TRUE
c991847a22ff1716,El Salvador 2023,COE,El Salvador,2023,COE,NA,17,88.11,SAN NICOLAS,JOSE EDGARDO GUTIERREZ DIAZ,NATURAL ANAEROBICO,GEISHA,ALOTEPEC-METAPAN,https://allianceforcoffeeexcellence.org/el-salvador-2023/,FALSE,reported,Experimental,Natural,Experimental,Anaerobic,reported process,17,17,san nicolas,jose edgardo gutierrez diaz,c991847a22ff1716|COE|NA|17,Natural | Anaerobic,2019,2025,FALSE,TRUE,TRUE,FALSE,TRUE
c991847a22ff1716,El Salvador 2023,COE,El Salvador,2023,COE,NA,18,88.09,D.R.,MORENA ELIZABETH LANDAVERDE DE RODRIGUEZ,HONEY ANAEROBICO,PACAMARA,ALOTEPEC-METAPAN,https://allianceforcoffeeexcellence.org/el-salvador-2023/,FALSE,reported,Experimental,Honey / pulped natural,Experimental,Anaerobic,reported process,18,18,d r,morena elizabeth landaverde de rodriguez,c991847a22ff1716|COE|NA|18,Honey / pulped natural | Anaerobic,2023,2025,FALSE,TRUE,TRUE,TRUE,FALSE
c991847a22ff1716,El Salvador 2023,COE,El Salvador,2023,COE,NA,19,88.05,LOS AZACUANES,"INVERSIONES GECA, S.A. DE C.V.",NATURAL ANAEROBICO,GEISHA,APANECA-ILAMATEPEC,https://allianceforcoffeeexcellence.org/el-salvador-2023/,FALSE,reported,Experimental,Natural,Experimental,Anaerobic,reported process,19,19,los azacuanes,inversiones geca s a de c v,c991847a22ff1716|COE|NA|19,Natural | Anaerobic,2019,2025,FALSE,TRUE,TRUE,FALSE,TRUE
c991847a22ff1716,El Salvador 2023,COE,El Salvador,2023,COE,NA,2a,91.23,LOS MORALES 1,HENRI MILTON MORALES UMAÑA,NATURAL,GEISHA,ALOTEPEC-METAPAN,https://allianceforcoffeeexcellence.org/el-salvador-2023/,FALSE,reported,Natural,Natural,Conventional,NA,reported process,2A,2,los morales 1,henri milton morales umana,c991847a22ff1716|COE|NA|2,NA,NA,NA,NA,NA,NA,FALSE,FALSE
c991847a22ff1716,El Salvador 2023,COE,El Salvador,2023,COE,NA,20,88.05,NORUEGA,"LOS NARANJOS CAFE, S.A. DE C.V.",NATURAL,GEISHA,APANECA-ILAMATEPEC,https://allianceforcoffeeexcellence.org/el-salvador-2023/,FALSE,reported,Natural,Natural,Conventional,NA,reported process,20,20,noruega,los naranjos cafe s a de c v,c991847a22ff1716|COE|NA|20,NA,NA,NA,NA,NA,NA,FALSE,FALSE
c991847a22ff1716,El Salvador 2023,COE,El Salvador,2023,COE,NA,21,87.91,SANTA LETICIA,"PAMON, S.A. DE C.V.",NATURAL,PACAMARA,APANECA-ILAMATEPEC,https://allianceforcoffeeexcellence.org/el-salvador-2023/,FALSE,reported,Natural,Natural,Conventional,NA,reported process,21,21,santa leticia,pamon s a de c v,c991847a22ff1716|COE|NA|21,NA,NA,NA,NA,NA,NA,FALSE,FALSE
c991847a22ff1716,El Salvador 2023,COE,El Salvador,2023,COE,NA,22,87.73,EL ZAPOTE (ETHIOPIA),DAVID VELASQUEZ GOMEZ,NATURAL,GEISHA,APANECA-ILAMATEPEC,https://allianceforcoffeeexcellence.org/el-salvador-2023/,FALSE,reported,Natural,Natural,Conventional,NA,reported process,22,22,el zapote ethiopia,david velasquez gomez,c991847a22ff1716|COE|NA|22,NA,NA,NA,NA,NA,NA,FALSE,FALSE
c991847a22ff1716,El Salvador 2023,COE,El Salvador,2023,COE,NA,23,87.66,PEÑA REDONDA,CARLOS MAURICIO LEMUS LANDAVERDE,HONEY,PACAMARA,ALOTEPEC-METAPAN,https://allianceforcoffeeexcellence.org/el-salvador-2023/,FALSE,reported,Honey / pulped natural,Honey / pulped natural,Conventional,NA,reported process,23,23,pena redonda,carlos mauricio lemus landaverde,c991847a22ff1716|COE|NA|23,NA,NA,NA,NA,NA,NA,FALSE,FALSE
c991847a22ff1716,El Salvador 2023,COE,El Salvador,2023,COE,NA,24,87.64,EL TARRO,GERARDO ENRIQUE MENDEZ FLOREZ CABEZAS,NATURAL ANAEROBICO,PACAMARA,APANECA-ILAMATEPEC,https://allianceforcoffeeexcellence.org/el-salvador-2023/,FALSE,reported,Experimental,Natural,Experimental,Anaerobic,reported process,24,24,el tarro,gerardo enrique mendez florez cabezas,c991847a22ff1716|COE|NA|24,Natural | Anaerobic,2019,2025,FALSE,TRUE,TRUE,FALSE,TRUE
c991847a22ff1716,El Salvador 2023,COE,El Salvador,2023,COE,NA,25,87.63,EL GUAJE,MARIA ELENA MARGARITA ORTIZ HERRERA DE MENDEZ,NATURAL,PACAMARA,APANECA-ILAMATEPEC,https://allianceforcoffeeexcellence.org/el-salvador-2023/,FALSE,reported,Natural,Natural,Conventional,NA,reported process,25,25,el guaje,maria elena margarita ortiz herrera de mendez,c991847a22ff1716|COE|NA|25,NA,NA,NA,NA,NA,NA,FALSE,FALSE
c991847a22ff1716,El Salvador 2023,COE,El Salvador,2023,COE,NA,26,87.59,PINAR DE SANTIAGO,"BORJA LETONA, S.A. DE C.V",NATURAL,ANACAFE 80% /MARSELLESA 20%,EL BALSAMO-QUEZALTEPEQUE,https://allianceforcoffeeexcellence.org/el-salvador-2023/,FALSE,reported,Natural,Natural,Conventional,NA,reported process,26,26,pinar de santiago,borja letona s a de c v,c991847a22ff1716|COE|NA|26,NA,NA,NA,NA,NA,NA,FALSE,FALSE
c991847a22ff1716,El Salvador 2023,COE,El Salvador,2023,COE,NA,27,87.55,SANTA PETRONA,"TEJEMET, S.A. DE C.V.",NATURAL,PACAMARA,APANECA-ILAMATEPEC,https://allianceforcoffeeexcellence.org/el-salvador-2023/,FALSE,reported,Natural,Natural,Conventional,NA,reported process,27,27,santa petrona,tejemet s a de c v,c991847a22ff1716|COE|NA|27,NA,NA,NA,NA,NA,NA,FALSE,FALSE
c991847a22ff1716,El Salvador 2023,COE,El Salvador,2023,COE,NA,28,87.54,LOS ANGELES,"INTERMUNDIAL, S.A. DE C.V.",NATURAL,KENYA,APANECA-ILAMATEPEC,https://allianceforcoffeeexcellence.org/el-salvador-2023/,FALSE,reported,Natural,Natural,Conventional,NA,reported process,28,28,los angeles,intermundial s a de c v,c991847a22ff1716|COE|NA|28,NA,NA,NA,NA,NA,NA,FALSE,FALSE
c991847a22ff1716,El Salvador 2023,COE,El Salvador,2023,COE,NA,29,87.5,HOLANDA,CARLOS MAURICIO ALBERTO ESCALON PACAS,NATURAL ANAEROBICO,BOURBON/KENYA,APANECA-ILAMATEPEC,https://allianceforcoffeeexcellence.org/el-salvador-2023/,FALSE,reported,Experimental,Natural,Experimental,Anaerobic,reported process,29,29,holanda,carlos mauricio alberto escalon pacas,c991847a22ff1716|COE|NA|29,Natural | Anaerobic,2019,2025,FALSE,TRUE,TRUE,FALSE,TRUE
c991847a22ff1716,El Salvador 2023,COE,El Salvador,2023,COE,NA,3a,90.05,SAN LUIS DE LOS RECUERDOS,ROBERTO SAMUEL ULLOA RUSCONI,NATURAL ANAEROBICO,PACAMARA,APANECA-ILAMATEPEC,https://allianceforcoffeeexcellence.org/el-salvador-2023/,FALSE,reported,Experimental,Natural,Experimental,Anaerobic,reported process,3A,3,san luis de los recuerdos,roberto samuel ulloa rusconi,c991847a22ff1716|COE|NA|3,Natural | Anaerobic,2019,2025,FALSE,TRUE,TRUE,FALSE,TRUE
c991847a22ff1716,El Salvador 2023,COE,El Salvador,2023,COE,NA,30,87.39,EL IZOTAL,"ASERRADERO Y VENTA DE MADERA EL PINAR, S.A. DE C-.V.",WASHED ANAEROBICO,GEISHA,ALOTEPEC-METAPAN,https://allianceforcoffeeexcellence.org/el-salvador-2023/,FALSE,reported,Experimental,Washed,Experimental,Anaerobic,reported process,30,30,el izotal,aserradero y venta de madera el pinar s a de c v,c991847a22ff1716|COE|NA|30,Washed | Anaerobic,2023,2025,FALSE,TRUE,TRUE,TRUE,FALSE
c991847a22ff1716,El Salvador 2023,COE,El Salvador,2023,COE,NA,4,89.89,LA MONTAÑA,FRANCISCO ALEXANDER OCHOA ROMERO,HONEY,PACAMARA,ALOTEPEC-METAPAN,https://allianceforcoffeeexcellence.org/el-salvador-2023/,FALSE,reported,Honey / pulped natural,Honey / pulped natural,Conventional,NA,reported process,4,4,la montana,francisco alexander ochoa romero,c991847a22ff1716|COE|NA|4,NA,NA,NA,NA,NA,NA,FALSE,FALSE
c991847a22ff1716,El Salvador 2023,COE,El Salvador,2023,COE,NA,5,89.89,LA ARADA,CRISTOBAL CARTAGENA SANTAMARIA,HONEY,PACAMARA,ALOTEPEC-METAPAN,https://allianceforcoffeeexcellence.org/el-salvador-2023/,FALSE,reported,Honey / pulped natural,Honey / pulped natural,Conventional,NA,reported process,5,5,la arada,cristobal cartagena santamaria,c991847a22ff1716|COE|NA|5,NA,NA,NA,NA,NA,NA,FALSE,FALSE
c991847a22ff1716,El Salvador 2023,COE,El Salvador,2023,COE,NA,6,89.54,NUEVA GRANADA,ROBERTO RICARDO HUEZO RODRIGUEZ,WASHED,ELEFANTE,APANECA-ILAMATEPEC,https://allianceforcoffeeexcellence.org/el-salvador-2023/,FALSE,reported,Washed,Washed,Conventional,NA,reported process,6,6,nueva granada,roberto ricardo huezo rodriguez,c991847a22ff1716|COE|NA|6,NA,NA,NA,NA,NA,NA,FALSE,FALSE
c991847a22ff1716,El Salvador 2023,COE,El Salvador,2023,COE,NA,7,89.36,DIVINA PROVIDENCIA,ROBERTO ULLOA VILANOVA,NATURAL,KENYA SL 28,APANECA-ILAMATEPEC,https://allianceforcoffeeexcellence.org/el-salvador-2023/,FALSE,reported,Natural,Natural,Conventional,NA,reported process,7,7,divina providencia,roberto ulloa vilanova,c991847a22ff1716|COE|NA|7,NA,NA,NA,NA,NA,NA,FALSE,FALSE
c991847a22ff1716,El Salvador 2023,COE,El Salvador,2023,COE,NA,8,89.25,PLAN DEL HOYO,"MONSERRATE, S.A. DE C.V.",NATURAL,KENYA SL 28,APANECA-ILAMATEPEC,https://allianceforcoffeeexcellence.org/el-salvador-2023/,FALSE,reported,Natural,Natural,Conventional,NA,reported process,8,8,plan del hoyo,monserrate s a de c v,c991847a22ff1716|COE|NA|8,NA,NA,NA,NA,NA,NA,FALSE,FALSE
c991847a22ff1716,El Salvador 2023,COE,El Salvador,2023,COE,NA,9,88.91,LOS MORALES 2,HENRI MILTON MORALES UMAÑA,HONEY,PACAMARA,ALOTEPEC-METAPAN,https://allianceforcoffeeexcellence.org/el-salvador-2023/,FALSE,reported,Honey / pulped natural,Honey / pulped natural,Conventional,NA,reported process,9,9,los morales 2,henri milton morales umana,c991847a22ff1716|COE|NA|9,NA,NA,NA,NA,NA,NA,FALSE,FALSE
36f7881408411ac3,El Salvador 2024,COE,El Salvador,2024,COE,Washed + Honey,1,92,La Bendicion,Ismael  Recinos Flores,Honey,Pacamara,Alotepec-Metapan,https://allianceforcoffeeexcellence.org/el-salvador-2024/,FALSE,reported,Honey / pulped natural,Honey / pulped natural,Conventional,NA,reported process,1,1,la bendicion,ismael recinos flores,36f7881408411ac3|COE|Washed + Honey|1,NA,NA,NA,NA,NA,NA,FALSE,FALSE
36f7881408411ac3,El Salvador 2024,COE,El Salvador,2024,COE,Natural,1,91.8,Los Morales,Henri Milton Morales Umaña,Natural,Geisha,Alotepec-Metapan,https://allianceforcoffeeexcellence.org/el-salvador-2024/,FALSE,reported,Natural,Natural,Conventional,NA,reported process,1,1,los morales,henri milton morales umana,36f7881408411ac3|COE|Natural|1,NA,NA,NA,NA,NA,NA,FALSE,FALSE
36f7881408411ac3,El Salvador 2024,COE,El Salvador,2024,COE,Experimental,1,91.09,Las Brumas,Juan Jose Ernesto Menendez Arguello,Natural / Anaerobico,Bourbon 60% / Pacamara 40%,Apaneca-Ilamatepec,https://allianceforcoffeeexcellence.org/el-salvador-2024/,FALSE,reported,Experimental,Natural,Experimental,Anaerobic,reported process,1,1,las brumas,juan jose ernesto menendez arguello,36f7881408411ac3|COE|Experimental|1,Natural | Anaerobic,2019,2025,FALSE,TRUE,TRUE,FALSE,TRUE
36f7881408411ac3,El Salvador 2024,COE,El Salvador,2024,COE,Natural,10,87.27,El Angel,Carlos Alfredo Mendez Florez Cabezas,Natural,Pacamara,Apaneca-Ilamatepec,https://allianceforcoffeeexcellence.org/el-salvador-2024/,FALSE,reported,Natural,Natural,Conventional,NA,reported process,10,10,el angel,carlos alfredo mendez florez cabezas,36f7881408411ac3|COE|Natural|10,NA,NA,NA,NA,NA,NA,FALSE,FALSE
36f7881408411ac3,El Salvador 2024,COE,El Salvador,2024,COE,Experimental,10,88.02,El Izotal,"Aserradero Y Venta De Madera El Pinar, S.A. De C-.V.",Lavado / Anaerobico,Geisha,Alotepec-Metapan,https://allianceforcoffeeexcellence.org/el-salvador-2024/,FALSE,reported,Experimental,Washed,Experimental,Anaerobic,reported process,10,10,el izotal,aserradero y venta de madera el pinar s a de c v,36f7881408411ac3|COE|Experimental|10,Washed | Anaerobic,2023,2025,FALSE,TRUE,TRUE,FALSE,TRUE
36f7881408411ac3,El Salvador 2024,COE,El Salvador,2024,COE,Experimental,11,87.91,Las Duanas,Enrique  Mena Gutierrez,Lavado / Anaerobico,Pacamara,Alotepec – Metapan,https://allianceforcoffeeexcellence.org/el-salvador-2024/,FALSE,reported,Experimental,Washed,Experimental,Anaerobic,reported process,11,11,las duanas,enrique mena gutierrez,36f7881408411ac3|COE|Experimental|11,Washed | Anaerobic,2023,2025,FALSE,TRUE,TRUE,FALSE,TRUE
36f7881408411ac3,El Salvador 2024,COE,El Salvador,2024,COE,Experimental,12,87.75,Finca El Pezote,Hugo Alfonso Pineda Rodriguez,Lavado / Anaerobico,Pacamara,Alotepec-Metapan,https://allianceforcoffeeexcellence.org/el-salvador-2024/,FALSE,reported,Experimental,Washed,Experimental,Anaerobic,reported process,12,12,finca el pezote,hugo alfonso pineda rodriguez,36f7881408411ac3|COE|Experimental|12,Washed | Anaerobic,2023,2025,FALSE,TRUE,TRUE,FALSE,TRUE
36f7881408411ac3,El Salvador 2024,COE,El Salvador,2024,COE,Washed + Honey,2,91.02,Los Naranjos,David  Velasquez Gomez,Lavado,Geisha,Apaneca-Ilamatepec,https://allianceforcoffeeexcellence.org/el-salvador-2024/,FALSE,reported,Washed,Washed,Conventional,NA,reported process,2,2,los naranjos,david velasquez gomez,36f7881408411ac3|COE|Washed + Honey|2,NA,NA,NA,NA,NA,NA,FALSE,FALSE
36f7881408411ac3,El Salvador 2024,COE,El Salvador,2024,COE,Natural,2,91.45,El Angel,Rafael Gerardo Silva Esteves,Natural,Sl28,Apaneca-Ilamatepec,https://allianceforcoffeeexcellence.org/el-salvador-2024/,FALSE,reported,Natural,Natural,Conventional,NA,reported process,2,2,el angel,rafael gerardo silva esteves,36f7881408411ac3|COE|Natural|2,NA,NA,NA,NA,NA,NA,FALSE,FALSE
36f7881408411ac3,El Salvador 2024,COE,El Salvador,2024,COE,Experimental,2,91.02,Finca Ethiopia,Sandra Xiomara Velasquez Moreno,Natural / Maceracion Carbonica,Geisha,Apaneca-Ilamatepec,https://allianceforcoffeeexcellence.org/el-salvador-2024/,FALSE,reported,Experimental,Natural,Experimental,Carbonic maceration,reported process,2,2,finca ethiopia,sandra xiomara velasquez moreno,36f7881408411ac3|COE|Experimental|2,Natural | Carbonic maceration,2024,2024,FALSE,TRUE,FALSE,TRUE,FALSE
36f7881408411ac3,El Salvador 2024,COE,El Salvador,2024,COE,Washed + Honey,3,90.09,Finca El Portezuelo,Rolando Melvi Huezo Escobar,Honey,Pacamara,Alotepec-Metapan,https://allianceforcoffeeexcellence.org/el-salvador-2024/,FALSE,reported,Honey / pulped natural,Honey / pulped natural,Conventional,NA,reported process,3,3,finca el portezuelo,rolando melvi huezo escobar,36f7881408411ac3|COE|Washed + Honey|3,NA,NA,NA,NA,NA,NA,FALSE,FALSE
36f7881408411ac3,El Salvador 2024,COE,El Salvador,2024,COE,Natural,3,90.43,Campo Bello,"Tre Inversiones, S.A. De C.V.",Natural,Geisha,Apaneca-Ilamatepec,https://allianceforcoffeeexcellence.org/el-salvador-2024/,FALSE,reported,Natural,Natural,Conventional,NA,reported process,3,3,campo bello,tre inversiones s a de c v,36f7881408411ac3|COE|Natural|3,NA,NA,NA,NA,NA,NA,FALSE,FALSE
36f7881408411ac3,El Salvador 2024,COE,El Salvador,2024,COE,Experimental,3,90.45,Los Pirineos,"[w]  Agricafe, S.A. De C.V.",Natural / Anaerobico,Pacamara,Tecapa Chinameca,https://allianceforcoffeeexcellence.org/el-salvador-2024/,FALSE,reported,Experimental,Natural,Experimental,Anaerobic,reported process,3,3,los pirineos,w agricafe s a de c v,36f7881408411ac3|COE|Experimental|3,Natural | Anaerobic,2019,2025,FALSE,TRUE,TRUE,FALSE,TRUE
36f7881408411ac3,El Salvador 2024,COE,El Salvador,2024,COE,Washed + Honey,4,89.5,La Montaña,Francisco Alexander Ochoa Romero,Honey,Pacamara,Alotepec-Metapan,https://allianceforcoffeeexcellence.org/el-salvador-2024/,FALSE,reported,Honey / pulped natural,Honey / pulped natural,Conventional,NA,reported process,4,4,la montana,francisco alexander ochoa romero,36f7881408411ac3|COE|Washed + Honey|4,NA,NA,NA,NA,NA,NA,FALSE,FALSE
36f7881408411ac3,El Salvador 2024,COE,El Salvador,2024,COE,Natural,4,89.34,Don Octavio,Jose Octavio Umaña Valdivieso,Natural,Pacamara,Alotepec-Metapan,https://allianceforcoffeeexcellence.org/el-salvador-2024/,FALSE,reported,Natural,Natural,Conventional,NA,reported process,4,4,don octavio,jose octavio umana valdivieso,36f7881408411ac3|COE|Natural|4,NA,NA,NA,NA,NA,NA,FALSE,FALSE
36f7881408411ac3,El Salvador 2024,COE,El Salvador,2024,COE,Experimental,4,90.23,Noruega,"Los Naranjos Cafe, S.A. De C.V.",Natural / Anaerobico,Geisha,Apaneca-Ilamatepec,https://allianceforcoffeeexcellence.org/el-salvador-2024/,FALSE,reported,Experimental,Natural,Experimental,Anaerobic,reported process,4,4,noruega,los naranjos cafe s a de c v,36f7881408411ac3|COE|Experimental|4,Natural | Anaerobic,2019,2025,FALSE,TRUE,TRUE,FALSE,TRUE
36f7881408411ac3,El Salvador 2024,COE,El Salvador,2024,COE,Washed + Honey,5,89.18,San Antonio De Alejandria,"Jose Elias Escobar Romero, S.A De C.V.",Honey,Pacamara,El Balsamo-Quezaltepeque,https://allianceforcoffeeexcellence.org/el-salvador-2024/,FALSE,reported,Honey / pulped natural,Honey / pulped natural,Conventional,NA,reported process,5,5,san antonio de alejandria,jose elias escobar romero s a de c v,36f7881408411ac3|COE|Washed + Honey|5,NA,NA,NA,NA,NA,NA,FALSE,FALSE
36f7881408411ac3,El Salvador 2024,COE,El Salvador,2024,COE,Natural,5,88.95,Los Naranjos,David  Velasquez Gomez,Natural,Pacamara,Apaneca-Ilamatepec,https://allianceforcoffeeexcellence.org/el-salvador-2024/,FALSE,reported,Natural,Natural,Conventional,NA,reported process,5,5,los naranjos,david velasquez gomez,36f7881408411ac3|COE|Natural|5,NA,NA,NA,NA,NA,NA,FALSE,FALSE
36f7881408411ac3,El Salvador 2024,COE,El Salvador,2024,COE,Experimental,5,88.68,La Perla,Walter Vladimir Pineda Rodriguez,Lavado / Anaerobico,Pacamara,Alotepec-Metapan,https://allianceforcoffeeexcellence.org/el-salvador-2024/,FALSE,reported,Experimental,Washed,Experimental,Anaerobic,reported process,5,5,la perla,walter vladimir pineda rodriguez,36f7881408411ac3|COE|Experimental|5,Washed | Anaerobic,2023,2025,FALSE,TRUE,TRUE,FALSE,TRUE
36f7881408411ac3,El Salvador 2024,COE,El Salvador,2024,COE,Washed + Honey,6,88.05,San Jose,[w]  Terra Unlimited. S.A. De C.V.,Lavado,Pacamara,Apaneca-Ilamatepec,https://allianceforcoffeeexcellence.org/el-salvador-2024/,FALSE,reported,Washed,Washed,Conventional,NA,reported process,6,6,san jose,w terra unlimited s a de c v,36f7881408411ac3|COE|Washed + Honey|6,NA,NA,NA,NA,NA,NA,FALSE,FALSE
36f7881408411ac3,El Salvador 2024,COE,El Salvador,2024,COE,Natural,6,88.3,Mirador,Roberto Samuel Ulloa Vilanova,Natural,Sl28,Apaneca-Ilamatepec,https://allianceforcoffeeexcellence.org/el-salvador-2024/,FALSE,reported,Natural,Natural,Conventional,NA,reported process,6,6,mirador,roberto samuel ulloa vilanova,36f7881408411ac3|COE|Natural|6,NA,NA,NA,NA,NA,NA,FALSE,FALSE
36f7881408411ac3,El Salvador 2024,COE,El Salvador,2024,COE,Experimental,6,88.32,Las Delicias,"Cafescal, S. A. De C. V.",Honey / Anaerobico,Sl28,Apaneca-Ilamatepec,https://allianceforcoffeeexcellence.org/el-salvador-2024/,FALSE,reported,Experimental,Honey / pulped natural,Experimental,Anaerobic,reported process,6,6,las delicias,cafescal s a de c v,36f7881408411ac3|COE|Experimental|6,Honey / pulped natural | Anaerobic,2023,2025,FALSE,TRUE,TRUE,FALSE,TRUE
36f7881408411ac3,El Salvador 2024,COE,El Salvador,2024,COE,Washed + Honey,7,87.77,Plan Del Hoyo,"Monserrate, S.A. De C.V.",Lavado,Geisha,Apaneca-Ilamatepec,https://allianceforcoffeeexcellence.org/el-salvador-2024/,FALSE,reported,Washed,Washed,Conventional,NA,reported process,7,7,plan del hoyo,monserrate s a de c v,36f7881408411ac3|COE|Washed + Honey|7,NA,NA,NA,NA,NA,NA,FALSE,FALSE
36f7881408411ac3,El Salvador 2024,COE,El Salvador,2024,COE,Natural,7,88.3,Plan Del Hoyo,"Monserrate, S.A. De C.V.",Natural,Sl28,Apaneca-Ilamatepec,https://allianceforcoffeeexcellence.org/el-salvador-2024/,FALSE,reported,Natural,Natural,Conventional,NA,reported process,7,7,plan del hoyo,monserrate s a de c v,36f7881408411ac3|COE|Natural|7,NA,NA,NA,NA,NA,NA,FALSE,FALSE
36f7881408411ac3,El Salvador 2024,COE,El Salvador,2024,COE,Experimental,7,88.32,El Angel,[w]  Rafael Gerardo Silva Esteves,Natural / Maceracion Carbonica,Sl28,Apaneca-Ilamatepec,https://allianceforcoffeeexcellence.org/el-salvador-2024/,FALSE,reported,Experimental,Natural,Experimental,Carbonic maceration,reported process,7,7,el angel,w rafael gerardo silva esteves,36f7881408411ac3|COE|Experimental|7,Natural | Carbonic maceration,2024,2024,FALSE,TRUE,FALSE,TRUE,FALSE
36f7881408411ac3,El Salvador 2024,COE,El Salvador,2024,COE,Washed + Honey,8,87.14,San Luis De Los Recuerdos,Roberto Samuel Ulloa Rusconi,Honey,Geisha,Apaneca-Ilamatepec,https://allianceforcoffeeexcellence.org/el-salvador-2024/,FALSE,reported,Honey / pulped natural,Honey / pulped natural,Conventional,NA,reported process,8,8,san luis de los recuerdos,roberto samuel ulloa rusconi,36f7881408411ac3|COE|Washed + Honey|8,NA,NA,NA,NA,NA,NA,FALSE,FALSE
36f7881408411ac3,El Salvador 2024,COE,El Salvador,2024,COE,Natural,8,88.14,"Finca  El Pital Coffee Estate, S.A. De C.V..","El Pital Coffee Estate, S.A. De C.V.",Natural,Geisha 50% / Tipica 50%,Alotepec-Metapan,https://allianceforcoffeeexcellence.org/el-salvador-2024/,FALSE,reported,Natural,Natural,Conventional,NA,reported process,8,8,finca el pital coffee estate s a de c v,el pital coffee estate s a de c v,36f7881408411ac3|COE|Natural|8,NA,NA,NA,NA,NA,NA,FALSE,FALSE
36f7881408411ac3,El Salvador 2024,COE,El Salvador,2024,COE,Experimental,8,88.2,Puerto Arturo,[w]  Karla Patricia Quiros  De Moises,Natural / Anaerobico,Pacamara,Apaneca-Ilamatepec,https://allianceforcoffeeexcellence.org/el-salvador-2024/,FALSE,reported,Experimental,Natural,Experimental,Anaerobic,reported process,8,8,puerto arturo,w karla patricia quiros de moises,36f7881408411ac3|COE|Experimental|8,Natural | Anaerobic,2019,2025,FALSE,TRUE,TRUE,FALSE,TRUE
36f7881408411ac3,El Salvador 2024,COE,El Salvador,2024,COE,Natural,9,87.45,Holanda,Carlos Mauricio Alberto Escalon Pacas,Natural,Pacamara 50% / Anacafe 50%,Apaneca-Ilamatepec,https://allianceforcoffeeexcellence.org/el-salvador-2024/,FALSE,reported,Natural,Natural,Conventional,NA,reported process,9,9,holanda,carlos mauricio alberto escalon pacas,36f7881408411ac3|COE|Natural|9,NA,NA,NA,NA,NA,NA,FALSE,FALSE
36f7881408411ac3,El Salvador 2024,COE,El Salvador,2024,COE,Experimental,9,88.07,El Manantial,Noe Aquiles Chacon Murcia,Lavado / Anaerobico,Pacamara,Alotepec-Metapan,https://allianceforcoffeeexcellence.org/el-salvador-2024/,FALSE,reported,Experimental,Washed,Experimental,Anaerobic,reported process,9,9,el manantial,noe aquiles chacon murcia,36f7881408411ac3|COE|Experimental|9,Washed | Anaerobic,2023,2025,FALSE,TRUE,TRUE,FALSE,TRUE
4f4bfa360131e53c,El Salvador 2025,COE,El Salvador,2025,COE,Washed + Honey,1A,90.93,Santa Rosa,"J.Raul Rivera, S.A. De C.V.",Honey,Pacamara,Alotepec-Metapan,https://allianceforcoffeeexcellence.org/el-salvador-2025/,FALSE,reported,Honey / pulped natural,Honey / pulped natural,Conventional,NA,reported process,1A,1,santa rosa,j raul rivera s a de c v,4f4bfa360131e53c|COE|Washed + Honey|1,NA,NA,NA,NA,NA,NA,FALSE,FALSE
4f4bfa360131e53c,El Salvador 2025,COE,El Salvador,2025,COE,Natural,1A,90.3,La Pacaya,"Mav, S.A. De C.V.",Natural,Geisha,Apaneca Ilamatepec,https://allianceforcoffeeexcellence.org/el-salvador-2025/,FALSE,reported,Natural,Natural,Conventional,NA,reported process,1A,1,la pacaya,mav s a de c v,4f4bfa360131e53c|COE|Natural|1,NA,NA,NA,NA,NA,NA,FALSE,FALSE
4f4bfa360131e53c,El Salvador 2025,COE,El Salvador,2025,COE,Experimental,1A,90.18,Las Duanas,Enrique  Mena Gutierrez,Washed Anaerobico,Pacamara,Alotepec-Metapan,https://allianceforcoffeeexcellence.org/el-salvador-2025/,FALSE,reported,Experimental,Washed,Experimental,Anaerobic,reported process,1A,1,las duanas,enrique mena gutierrez,4f4bfa360131e53c|COE|Experimental|1,Washed | Anaerobic,2023,2025,FALSE,TRUE,TRUE,FALSE,TRUE
4f4bfa360131e53c,El Salvador 2025,COE,El Salvador,2025,COE,Natural,10,87.5,El Izotal,"Aserradero Y Venta De Madera El Pinar, S.A. De C-.V.",Natural,Pacamara,Alotepec-Metapan,https://allianceforcoffeeexcellence.org/el-salvador-2025/,FALSE,reported,Natural,Natural,Conventional,NA,reported process,10,10,el izotal,aserradero y venta de madera el pinar s a de c v,4f4bfa360131e53c|COE|Natural|10,NA,NA,NA,NA,NA,NA,FALSE,FALSE
4f4bfa360131e53c,El Salvador 2025,COE,El Salvador,2025,COE,Natural,11,87.5,Campo Bello,"Tre Inversiones, S.A. De C.V.",Natural,Geisha,Apaneca Ilamatepec,https://allianceforcoffeeexcellence.org/el-salvador-2025/,FALSE,reported,Natural,Natural,Conventional,NA,reported process,11,11,campo bello,tre inversiones s a de c v,4f4bfa360131e53c|COE|Natural|11,NA,NA,NA,NA,NA,NA,FALSE,FALSE
4f4bfa360131e53c,El Salvador 2025,COE,El Salvador,2025,COE,Natural,12,87.5,El Cerro,Fernando Leto Escobar Salaverria,Natural,Pacamara,Apaneca Ilamatepec,https://allianceforcoffeeexcellence.org/el-salvador-2025/,FALSE,reported,Natural,Natural,Conventional,NA,reported process,12,12,el cerro,fernando leto escobar salaverria,4f4bfa360131e53c|COE|Natural|12,NA,NA,NA,NA,NA,NA,FALSE,FALSE
4f4bfa360131e53c,El Salvador 2025,COE,El Salvador,2025,COE,Washed + Honey,2,90.57,Los Morales,Henri Milton Morales Umaña,Honey,Pacamara,Alotepec-Metapan,https://allianceforcoffeeexcellence.org/el-salvador-2025/,FALSE,reported,Honey / pulped natural,Honey / pulped natural,Conventional,NA,reported process,2,2,los morales,henri milton morales umana,4f4bfa360131e53c|COE|Washed + Honey|2,NA,NA,NA,NA,NA,NA,FALSE,FALSE
4f4bfa360131e53c,El Salvador 2025,COE,El Salvador,2025,COE,Natural,2,89.79,Los Morales,Henri Milton Morales Umaña,Natural,Geisha,Alotepec-Metapan,https://allianceforcoffeeexcellence.org/el-salvador-2025/,FALSE,reported,Natural,Natural,Conventional,NA,reported process,2,2,los morales,henri milton morales umana,4f4bfa360131e53c|COE|Natural|2,NA,NA,NA,NA,NA,NA,FALSE,FALSE
4f4bfa360131e53c,El Salvador 2025,COE,El Salvador,2025,COE,Experimental,2,89.55,Las Duanas,Enrique  Mena Gutierrez,Natural Anaerobico,Pacamara,Alotepec-Metapan,https://allianceforcoffeeexcellence.org/el-salvador-2025/,FALSE,reported,Experimental,Natural,Experimental,Anaerobic,reported process,2,2,las duanas,enrique mena gutierrez,4f4bfa360131e53c|COE|Experimental|2,Natural | Anaerobic,2019,2025,FALSE,TRUE,TRUE,FALSE,TRUE
4f4bfa360131e53c,El Salvador 2025,COE,El Salvador,2025,COE,Washed + Honey,3,90.02,Los Naranjos,David  Velasquez Gomez,Honey,Geisha,Apaneca Ilamatepec,https://allianceforcoffeeexcellence.org/el-salvador-2025/,FALSE,reported,Honey / pulped natural,Honey / pulped natural,Conventional,NA,reported process,3,3,los naranjos,david velasquez gomez,4f4bfa360131e53c|COE|Washed + Honey|3,NA,NA,NA,NA,NA,NA,FALSE,FALSE
4f4bfa360131e53c,El Salvador 2025,COE,El Salvador,2025,COE,Natural,3,89.52,El Conacaste,"Finca El Conacaste, S.A. De C.V.",Natural,Geisha,Alotepec-Metapan,https://allianceforcoffeeexcellence.org/el-salvador-2025/,FALSE,reported,Natural,Natural,Conventional,NA,reported process,3,3,el conacaste,finca el conacaste s a de c v,4f4bfa360131e53c|COE|Natural|3,NA,NA,NA,NA,NA,NA,FALSE,FALSE
4f4bfa360131e53c,El Salvador 2025,COE,El Salvador,2025,COE,Experimental,3,89.3,Finca El Portezuelo,Rolando Melvi Huezo Escobar,Honey Anaerobico,Pacamara,Alotepec-Metapan,https://allianceforcoffeeexcellence.org/el-salvador-2025/,FALSE,reported,Experimental,Honey / pulped natural,Experimental,Anaerobic,reported process,3,3,finca el portezuelo,rolando melvi huezo escobar,4f4bfa360131e53c|COE|Experimental|3,Honey / pulped natural | Anaerobic,2023,2025,FALSE,TRUE,TRUE,FALSE,TRUE
4f4bfa360131e53c,El Salvador 2025,COE,El Salvador,2025,COE,Washed + Honey,4,89.55,La Esperanza,"Inversiones Santonano, S.A. De C.V.",Honey,Bernardina,Apaneca Ilamatepec,https://allianceforcoffeeexcellence.org/el-salvador-2025/,FALSE,reported,Honey / pulped natural,Honey / pulped natural,Conventional,NA,reported process,4,4,la esperanza,inversiones santonano s a de c v,4f4bfa360131e53c|COE|Washed + Honey|4,NA,NA,NA,NA,NA,NA,FALSE,FALSE
4f4bfa360131e53c,El Salvador 2025,COE,El Salvador,2025,COE,Natural,4,89.21,El Angel,Carlos Alfredo Mendez Florez Cabezas,Natural,Pacamara Amarillo,Apaneca Ilamatepec,https://allianceforcoffeeexcellence.org/el-salvador-2025/,FALSE,reported,Natural,Natural,Conventional,NA,reported process,4,4,el angel,carlos alfredo mendez florez cabezas,4f4bfa360131e53c|COE|Natural|4,NA,NA,NA,NA,NA,NA,FALSE,FALSE
4f4bfa360131e53c,El Salvador 2025,COE,El Salvador,2025,COE,Experimental,4,88.8,Los Angeles,"Los Naranjos Cafe, S.A. De C.V.",Natural Anaerobico,Pacamara,Apaneca Ilamatepec,https://allianceforcoffeeexcellence.org/el-salvador-2025/,FALSE,reported,Experimental,Natural,Experimental,Anaerobic,reported process,4,4,los angeles,los naranjos cafe s a de c v,4f4bfa360131e53c|COE|Experimental|4,Natural | Anaerobic,2019,2025,FALSE,TRUE,TRUE,FALSE,TRUE
4f4bfa360131e53c,El Salvador 2025,COE,El Salvador,2025,COE,Washed + Honey,5,88.88,Miramar,"Comercializadora Alfaro Diaz Nuila, S.A. De C.V.",SemiWashed,Bourbon 50% /Typica 50%,El Balsamo-Quezaltepeque,https://allianceforcoffeeexcellence.org/el-salvador-2025/,FALSE,reported,Honey / pulped natural,Honey / pulped natural,Conventional,NA,reported process,5,5,miramar,comercializadora alfaro diaz nuila s a de c v,4f4bfa360131e53c|COE|Washed + Honey|5,NA,NA,NA,NA,NA,NA,FALSE,FALSE
4f4bfa360131e53c,El Salvador 2025,COE,El Salvador,2025,COE,Natural,5,88.46,Plan Del Hoyo,"Monserrate, S.A. De C.V.",Natural,Geisha,Apaneca Ilamatepec,https://allianceforcoffeeexcellence.org/el-salvador-2025/,FALSE,reported,Natural,Natural,Conventional,NA,reported process,5,5,plan del hoyo,monserrate s a de c v,4f4bfa360131e53c|COE|Natural|5,NA,NA,NA,NA,NA,NA,FALSE,FALSE
4f4bfa360131e53c,El Salvador 2025,COE,El Salvador,2025,COE,Experimental,5,88.14,Finca El Portezuelo,Rolando Melvi Huezo Escobar,Washed Anaerobico,Pacamara,Alotepec-Metapan,https://allianceforcoffeeexcellence.org/el-salvador-2025/,FALSE,reported,Experimental,Washed,Experimental,Anaerobic,reported process,5,5,finca el portezuelo,rolando melvi huezo escobar,4f4bfa360131e53c|COE|Experimental|5,Washed | Anaerobic,2023,2025,FALSE,TRUE,TRUE,FALSE,TRUE
4f4bfa360131e53c,El Salvador 2025,COE,El Salvador,2025,COE,Washed + Honey,6,87.14,Finca El Pezote,Hugo Alfonso Pineda Rodriguez,Washed,Pacamara,Alotepec-Metapan,https://allianceforcoffeeexcellence.org/el-salvador-2025/,FALSE,reported,Washed,Washed,Conventional,NA,reported process,6,6,finca el pezote,hugo alfonso pineda rodriguez,4f4bfa360131e53c|COE|Washed + Honey|6,NA,NA,NA,NA,NA,NA,FALSE,FALSE
4f4bfa360131e53c,El Salvador 2025,COE,El Salvador,2025,COE,Natural,6,88.27,La Alegria,Carlos Gustavo Hernandez Quijada,Natural,Anacafe 14,Alotepec-Metapan,https://allianceforcoffeeexcellence.org/el-salvador-2025/,FALSE,reported,Natural,Natural,Conventional,NA,reported process,6,6,la alegria,carlos gustavo hernandez quijada,4f4bfa360131e53c|COE|Natural|6,NA,NA,NA,NA,NA,NA,FALSE,FALSE
4f4bfa360131e53c,El Salvador 2025,COE,El Salvador,2025,COE,Experimental,6,87.98,Santa Rita,"Ejecutemos, S.A., Sucursal El Salvador",Natural Anaerobico,Pacas,Apaneca Ilamatepec,https://allianceforcoffeeexcellence.org/el-salvador-2025/,FALSE,reported,Experimental,Natural,Experimental,Anaerobic,reported process,6,6,santa rita,ejecutemos s a sucursal el salvador,4f4bfa360131e53c|COE|Experimental|6,Natural | Anaerobic,2019,2025,FALSE,TRUE,TRUE,FALSE,TRUE
4f4bfa360131e53c,El Salvador 2025,COE,El Salvador,2025,COE,Washed + Honey,7,87.11,El Izotal,"Aserradero Y Venta De Madera El Pinar, S.A. De C-.V.",Washed,Geisha,Alotepec-Metapan,https://allianceforcoffeeexcellence.org/el-salvador-2025/,FALSE,reported,Washed,Washed,Conventional,NA,reported process,7,7,el izotal,aserradero y venta de madera el pinar s a de c v,4f4bfa360131e53c|COE|Washed + Honey|7,NA,NA,NA,NA,NA,NA,FALSE,FALSE
4f4bfa360131e53c,El Salvador 2025,COE,El Salvador,2025,COE,Natural,7,88.16,Finca Altamira,"Inmoar, S.A. De C.V.",Natural,Pacamara,Apaneca Ilamatepec,https://allianceforcoffeeexcellence.org/el-salvador-2025/,FALSE,reported,Natural,Natural,Conventional,NA,reported process,7,7,finca altamira,inmoar s a de c v,4f4bfa360131e53c|COE|Natural|7,NA,NA,NA,NA,NA,NA,FALSE,FALSE
4f4bfa360131e53c,El Salvador 2025,COE,El Salvador,2025,COE,Experimental,7,87.96,Finca Ethiopia,Sandra Xiomara Velasquez Moreno,Natural Anaerobico,Kenya Sl 28,Apaneca Ilamatepec,https://allianceforcoffeeexcellence.org/el-salvador-2025/,FALSE,reported,Experimental,Natural,Experimental,Anaerobic,reported process,7,7,finca ethiopia,sandra xiomara velasquez moreno,4f4bfa360131e53c|COE|Experimental|7,Natural | Anaerobic,2019,2025,FALSE,TRUE,TRUE,FALSE,TRUE
4f4bfa360131e53c,El Salvador 2025,COE,El Salvador,2025,COE,Washed + Honey,8,87.02,Finca El Durazno,Jaime Omar Galileo Pineda Rodriguez,Washed,Pacamara,Alotepec-Metapan,https://allianceforcoffeeexcellence.org/el-salvador-2025/,FALSE,reported,Washed,Washed,Conventional,NA,reported process,8,8,finca el durazno,jaime omar galileo pineda rodriguez,4f4bfa360131e53c|COE|Washed + Honey|8,NA,NA,NA,NA,NA,NA,FALSE,FALSE
4f4bfa360131e53c,El Salvador 2025,COE,El Salvador,2025,COE,Natural,8,87.77,Llano Grande,"Sicafe, S. A. De C. V.",Natural,Geisha,Apaneca Ilamatepec,https://allianceforcoffeeexcellence.org/el-salvador-2025/,FALSE,reported,Natural,Natural,Conventional,NA,reported process,8,8,llano grande,sicafe s a de c v,4f4bfa360131e53c|COE|Natural|8,NA,NA,NA,NA,NA,NA,FALSE,FALSE
4f4bfa360131e53c,El Salvador 2025,COE,El Salvador,2025,COE,Experimental,8,87.7,Los Naranjos,David  Velasquez Gomez,Natural Anaerobico,Caturra,Apaneca Ilamatepec,https://allianceforcoffeeexcellence.org/el-salvador-2025/,FALSE,reported,Experimental,Natural,Experimental,Anaerobic,reported process,8,8,los naranjos,david velasquez gomez,4f4bfa360131e53c|COE|Experimental|8,Natural | Anaerobic,2019,2025,FALSE,TRUE,TRUE,FALSE,TRUE
4f4bfa360131e53c,El Salvador 2025,COE,El Salvador,2025,COE,Natural,9,87.64,Los Bellotos,"Exportadora Pacas Martinez, S. A. De C. V.",Natural,Bernardina,Apaneca Ilamatepec,https://allianceforcoffeeexcellence.org/el-salvador-2025/,FALSE,reported,Natural,Natural,Conventional,NA,reported process,9,9,los bellotos,exportadora pacas martinez s a de c v,4f4bfa360131e53c|COE|Natural|9,NA,NA,NA,NA,NA,NA,FALSE,FALSE
4f4bfa360131e53c,El Salvador 2025,COE,El Salvador,2025,COE,Experimental,9,87.34,Las Camelias Estate,"Las Camelias, S.A. De C.V.",Natural Anaerobico,Geisha,Alotepec-Metapan,https://allianceforcoffeeexcellence.org/el-salvador-2025/,FALSE,reported,Experimental,Natural,Experimental,Anaerobic,reported process,9,9,las camelias estate,las camelias s a de c v,4f4bfa360131e53c|COE|Experimental|9,Natural | Anaerobic,2019,2025,FALSE,TRUE,TRUE,FALSE,TRUE
2b2f8fc82c5e8056,Ethiopia 2021,COE,Ethiopia,2021,COE,NA,1a,90.6,NA,Tamiru Tadesse Tesema,Anaerobic,74165,Sidama,https://allianceforcoffeeexcellence.org/ethiopia-2021/,FALSE,reported,Experimental,Not reported,Experimental,Anaerobic,reported process,1A,1,NA,tamiru tadesse tesema,2b2f8fc82c5e8056|COE|NA|1,Not reported | Anaerobic,2021,2022,FALSE,TRUE,TRUE,TRUE,FALSE
2b2f8fc82c5e8056,Ethiopia 2021,COE,Ethiopia,2021,COE,NA,10,88.4,NA,Tatek Alemayehu,Natural,Heirloom typica,Oromia,https://allianceforcoffeeexcellence.org/ethiopia-2021/,FALSE,reported,Natural,Natural,Conventional,NA,reported process,10,10,NA,tatek alemayehu,2b2f8fc82c5e8056|COE|NA|10,NA,NA,NA,NA,NA,NA,FALSE,FALSE
2b2f8fc82c5e8056,Ethiopia 2021,COE,Ethiopia,2021,COE,NA,11,88.4,NA,Robe Iticha Gurumu,Natural,74110,Oromia,https://allianceforcoffeeexcellence.org/ethiopia-2021/,FALSE,reported,Natural,Natural,Conventional,NA,reported process,11,11,NA,robe iticha gurumu,2b2f8fc82c5e8056|COE|NA|11,NA,NA,NA,NA,NA,NA,FALSE,FALSE
2b2f8fc82c5e8056,Ethiopia 2021,COE,Ethiopia,2021,COE,NA,12,88.38,NA,Aliyie Gobena Hessa,Natural,74112,Oromia,https://allianceforcoffeeexcellence.org/ethiopia-2021/,FALSE,reported,Natural,Natural,Conventional,NA,reported process,12,12,NA,aliyie gobena hessa,2b2f8fc82c5e8056|COE|NA|12,NA,NA,NA,NA,NA,NA,FALSE,FALSE
2b2f8fc82c5e8056,Ethiopia 2021,COE,Ethiopia,2021,COE,NA,13,88.37,NA,Boledu Industrial PLC,Natural,Kurume,Oromia,https://allianceforcoffeeexcellence.org/ethiopia-2021/,FALSE,reported,Natural,Natural,Conventional,NA,reported process,13,13,NA,boledu industrial plc,2b2f8fc82c5e8056|COE|NA|13,NA,NA,NA,NA,NA,NA,FALSE,FALSE
2b2f8fc82c5e8056,Ethiopia 2021,COE,Ethiopia,2021,COE,NA,14,88.32,NA,AASH Coffee Pulping PLC,Natural,74110,Oromia,https://allianceforcoffeeexcellence.org/ethiopia-2021/,FALSE,reported,Natural,Natural,Conventional,NA,reported process,14,14,NA,aash coffee pulping plc,2b2f8fc82c5e8056|COE|NA|14,NA,NA,NA,NA,NA,NA,FALSE,FALSE
2b2f8fc82c5e8056,Ethiopia 2021,COE,Ethiopia,2021,COE,NA,15,88.18,NA,Mulugeta Muntasha Bale,Natural,74112,Sidama,https://allianceforcoffeeexcellence.org/ethiopia-2021/,FALSE,reported,Natural,Natural,Conventional,NA,reported process,15,15,NA,mulugeta muntasha bale,2b2f8fc82c5e8056|COE|NA|15,NA,NA,NA,NA,NA,NA,FALSE,FALSE
2b2f8fc82c5e8056,Ethiopia 2021,COE,Ethiopia,2021,COE,NA,16,88.18,NA,Thewodros Nigusse Gemeda,Natural,74112,Sidama,https://allianceforcoffeeexcellence.org/ethiopia-2021/,FALSE,reported,Natural,Natural,Conventional,NA,reported process,16,16,NA,thewodros nigusse gemeda,2b2f8fc82c5e8056|COE|NA|16,NA,NA,NA,NA,NA,NA,FALSE,FALSE
2b2f8fc82c5e8056,Ethiopia 2021,COE,Ethiopia,2021,COE,NA,17,88.06,NA,Tracon Trading PLC,Anaerobic,74112,Oromia,https://allianceforcoffeeexcellence.org/ethiopia-2021/,FALSE,reported,Experimental,Not reported,Experimental,Anaerobic,reported process,17,17,NA,tracon trading plc,2b2f8fc82c5e8056|COE|NA|17,Not reported | Anaerobic,2021,2022,FALSE,TRUE,TRUE,TRUE,FALSE
2b2f8fc82c5e8056,Ethiopia 2021,COE,Ethiopia,2021,COE,NA,18,88.06,NA,Tracon Trading PLC,Natural,74110,Oromia,https://allianceforcoffeeexcellence.org/ethiopia-2021/,FALSE,reported,Natural,Natural,Conventional,NA,reported process,18,18,NA,tracon trading plc,2b2f8fc82c5e8056|COE|NA|18,NA,NA,NA,NA,NA,NA,FALSE,FALSE
2b2f8fc82c5e8056,Ethiopia 2021,COE,Ethiopia,2021,COE,NA,19,88.06,NA,Birhanu Dido Awacho,Natural,74112,SNNPR,https://allianceforcoffeeexcellence.org/ethiopia-2021/,FALSE,reported,Natural,Natural,Conventional,NA,reported process,19,19,NA,birhanu dido awacho,2b2f8fc82c5e8056|COE|NA|19,NA,NA,NA,NA,NA,NA,FALSE,FALSE
2b2f8fc82c5e8056,Ethiopia 2021,COE,Ethiopia,2021,COE,NA,2a,90.5,NA,Dawencho G/H/D Bunna Amrach,Natural,74110,Sidama,https://allianceforcoffeeexcellence.org/ethiopia-2021/,FALSE,reported,Natural,Natural,Conventional,NA,reported process,2A,2,NA,dawencho g h d bunna amrach,2b2f8fc82c5e8056|COE|NA|2,NA,NA,NA,NA,NA,NA,FALSE,FALSE
2b2f8fc82c5e8056,Ethiopia 2021,COE,Ethiopia,2021,COE,NA,20,87.97,NA,Testi Trading PLC (Plantation),Anaerobic,Gesha,SNNPR,https://allianceforcoffeeexcellence.org/ethiopia-2021/,FALSE,reported,Experimental,Not reported,Experimental,Anaerobic,reported process,20,20,NA,testi trading plc plantation,2b2f8fc82c5e8056|COE|NA|20,Not reported | Anaerobic,2021,2022,FALSE,TRUE,TRUE,TRUE,FALSE
2b2f8fc82c5e8056,Ethiopia 2021,COE,Ethiopia,2021,COE,NA,21,87.85,NA,Birhanu Teklu Maribo,Natural,74158,Oromia,https://allianceforcoffeeexcellence.org/ethiopia-2021/,FALSE,reported,Natural,Natural,Conventional,NA,reported process,21,21,NA,birhanu teklu maribo,2b2f8fc82c5e8056|COE|NA|21,NA,NA,NA,NA,NA,NA,FALSE,FALSE
2b2f8fc82c5e8056,Ethiopia 2021,COE,Ethiopia,2021,COE,NA,22,87.82,NA,Testi Trading PLC Suppliers,Anaerobic,Heirloom,Sidama,https://allianceforcoffeeexcellence.org/ethiopia-2021/,FALSE,reported,Experimental,Not reported,Experimental,Anaerobic,reported process,22,22,NA,testi trading plc suppliers,2b2f8fc82c5e8056|COE|NA|22,Not reported | Anaerobic,2021,2022,FALSE,TRUE,TRUE,TRUE,FALSE
2b2f8fc82c5e8056,Ethiopia 2021,COE,Ethiopia,2021,COE,NA,23,87.59,NA,Semira Negash Kedir,Natural,74112,SNNPR,https://allianceforcoffeeexcellence.org/ethiopia-2021/,FALSE,reported,Natural,Natural,Conventional,NA,reported process,23,23,NA,semira negash kedir,2b2f8fc82c5e8056|COE|NA|23,NA,NA,NA,NA,NA,NA,FALSE,FALSE
2b2f8fc82c5e8056,Ethiopia 2021,COE,Ethiopia,2021,COE,NA,24,87.59,NA,Feysel Abdosh Coffee Supplier,Anaerobic,Kurume,Oromia,https://allianceforcoffeeexcellence.org/ethiopia-2021/,FALSE,reported,Experimental,Not reported,Experimental,Anaerobic,reported process,24,24,NA,feysel abdosh coffee supplier,2b2f8fc82c5e8056|COE|NA|24,Not reported | Anaerobic,2021,2022,FALSE,TRUE,TRUE,TRUE,FALSE
2b2f8fc82c5e8056,Ethiopia 2021,COE,Ethiopia,2021,COE,NA,25,87.56,NA,Nigussie Gemeda Mude,Natural,74158,Sidama,https://allianceforcoffeeexcellence.org/ethiopia-2021/,FALSE,reported,Natural,Natural,Conventional,NA,reported process,25,25,NA,nigussie gemeda mude,2b2f8fc82c5e8056|COE|NA|25,NA,NA,NA,NA,NA,NA,FALSE,FALSE
2b2f8fc82c5e8056,Ethiopia 2021,COE,Ethiopia,2021,COE,NA,26,87.53,NA,Robi Wet Coffee Processing PLC,Natural,74110,Oromia,https://allianceforcoffeeexcellence.org/ethiopia-2021/,FALSE,reported,Natural,Natural,Conventional,NA,reported process,26,26,NA,robi wet coffee processing plc,2b2f8fc82c5e8056|COE|NA|26,NA,NA,NA,NA,NA,NA,FALSE,FALSE
2b2f8fc82c5e8056,Ethiopia 2021,COE,Ethiopia,2021,COE,NA,27,87.5,NA,Asmamaw Abebayehu,Honey,74110,Oromia,https://allianceforcoffeeexcellence.org/ethiopia-2021/,FALSE,reported,Honey / pulped natural,Honey / pulped natural,Conventional,NA,reported process,27,27,NA,asmamaw abebayehu,2b2f8fc82c5e8056|COE|NA|27,NA,NA,NA,NA,NA,NA,FALSE,FALSE
2b2f8fc82c5e8056,Ethiopia 2021,COE,Ethiopia,2021,COE,NA,28,87.47,NA,AASH Coffee Pulping PLC,Natural,74110,Oromia,https://allianceforcoffeeexcellence.org/ethiopia-2021/,FALSE,reported,Natural,Natural,Conventional,NA,reported process,28,28,NA,aash coffee pulping plc,2b2f8fc82c5e8056|COE|NA|28,NA,NA,NA,NA,NA,NA,FALSE,FALSE
2b2f8fc82c5e8056,Ethiopia 2021,COE,Ethiopia,2021,COE,NA,29,87.44,NA,Mate Matewos Lemisso,Natural,74158,Sidama,https://allianceforcoffeeexcellence.org/ethiopia-2021/,FALSE,reported,Natural,Natural,Conventional,NA,reported process,29,29,NA,mate matewos lemisso,2b2f8fc82c5e8056|COE|NA|29,NA,NA,NA,NA,NA,NA,FALSE,FALSE
2b2f8fc82c5e8056,Ethiopia 2021,COE,Ethiopia,2021,COE,NA,3a,90.37,NA,Tade GG Highland Forest Coffee Producer PLC,Natural,Typica,Oromia,https://allianceforcoffeeexcellence.org/ethiopia-2021/,FALSE,reported,Natural,Natural,Conventional,NA,reported process,3A,3,NA,tade gg highland forest coffee producer plc,2b2f8fc82c5e8056|COE|NA|3,NA,NA,NA,NA,NA,NA,FALSE,FALSE
2b2f8fc82c5e8056,Ethiopia 2021,COE,Ethiopia,2021,COE,NA,30,87.38,NA,Assefa Dukale Wakayo Coffee Supplier,Anaerobic Natural,74158,Sidama,https://allianceforcoffeeexcellence.org/ethiopia-2021/,FALSE,reported,Experimental,Natural,Experimental,Anaerobic,reported process,30,30,NA,assefa dukale wakayo coffee supplier,2b2f8fc82c5e8056|COE|NA|30,Natural | Anaerobic,2021,2021,FALSE,TRUE,FALSE,TRUE,FALSE
2b2f8fc82c5e8056,Ethiopia 2021,COE,Ethiopia,2021,COE,NA,4,90.2,NA,Nare Ware Chimba,Natural,74112,Sidama,https://allianceforcoffeeexcellence.org/ethiopia-2021/,FALSE,reported,Natural,Natural,Conventional,NA,reported process,4,4,NA,nare ware chimba,2b2f8fc82c5e8056|COE|NA|4,NA,NA,NA,NA,NA,NA,FALSE,FALSE
2b2f8fc82c5e8056,Ethiopia 2021,COE,Ethiopia,2021,COE,NA,5,90.1,NA,Tamiru Tadesse Tesema,Natural,74158,Sidama,https://allianceforcoffeeexcellence.org/ethiopia-2021/,FALSE,reported,Natural,Natural,Conventional,NA,reported process,5,5,NA,tamiru tadesse tesema,2b2f8fc82c5e8056|COE|NA|5,NA,NA,NA,NA,NA,NA,FALSE,FALSE
2b2f8fc82c5e8056,Ethiopia 2021,COE,Ethiopia,2021,COE,NA,6,89.6,NA,Mulugeta Muntasha Bale,Natural,74112,Sidama,https://allianceforcoffeeexcellence.org/ethiopia-2021/,FALSE,reported,Natural,Natural,Conventional,NA,reported process,6,6,NA,mulugeta muntasha bale,2b2f8fc82c5e8056|COE|NA|6,NA,NA,NA,NA,NA,NA,FALSE,FALSE
2b2f8fc82c5e8056,Ethiopia 2021,COE,Ethiopia,2021,COE,NA,7,88.76,NA,Sintayehu Mesele Yirgu,Natural,74112,Sidama,https://allianceforcoffeeexcellence.org/ethiopia-2021/,FALSE,reported,Natural,Natural,Conventional,NA,reported process,7,7,NA,sintayehu mesele yirgu,2b2f8fc82c5e8056|COE|NA|7,NA,NA,NA,NA,NA,NA,FALSE,FALSE
2b2f8fc82c5e8056,Ethiopia 2021,COE,Ethiopia,2021,COE,NA,8,88.57,NA,Assefa Dukamo Kerma,Washed,74158,Sidama,https://allianceforcoffeeexcellence.org/ethiopia-2021/,FALSE,reported,Washed,Washed,Conventional,NA,reported process,8,8,NA,assefa dukamo kerma,2b2f8fc82c5e8056|COE|NA|8,NA,NA,NA,NA,NA,NA,FALSE,FALSE
2b2f8fc82c5e8056,Ethiopia 2021,COE,Ethiopia,2021,COE,NA,9,88.47,NA,Rumudamo Ye Eshet Bunna Mefelfeya PLC,Natural,74112,Sidama,https://allianceforcoffeeexcellence.org/ethiopia-2021/,FALSE,reported,Natural,Natural,Conventional,NA,reported process,9,9,NA,rumudamo ye eshet bunna mefelfeya plc,2b2f8fc82c5e8056|COE|NA|9,NA,NA,NA,NA,NA,NA,FALSE,FALSE
4ddbb0cda233441d,Ethiopia 2022,COE,Ethiopia,2022,COE,NA,1a,90.69,Legese,Legese Botosa Dikale,Natural,74158,Sidama,https://allianceforcoffeeexcellence.org/ethiopia-2022/,FALSE,reported,Natural,Natural,Conventional,NA,reported process,1A,1,legese,legese botosa dikale,4ddbb0cda233441d|COE|NA|1,NA,NA,NA,NA,NA,NA,FALSE,FALSE
4ddbb0cda233441d,Ethiopia 2022,COE,Ethiopia,2022,COE,NA,10,88.78,Nare,Nare Ware Chinba,Natural,74112,Sidama,https://allianceforcoffeeexcellence.org/ethiopia-2022/,FALSE,reported,Natural,Natural,Conventional,NA,reported process,10,10,nare,nare ware chinba,4ddbb0cda233441d|COE|NA|10,NA,NA,NA,NA,NA,NA,FALSE,FALSE
4ddbb0cda233441d,Ethiopia 2022,COE,Ethiopia,2022,COE,NA,11,88.44,Aman,Aman Gemeda Galcho,Natural,74112,Oromiya,https://allianceforcoffeeexcellence.org/ethiopia-2022/,FALSE,reported,Natural,Natural,Conventional,NA,reported process,11,11,aman,aman gemeda galcho,4ddbb0cda233441d|COE|NA|11,NA,NA,NA,NA,NA,NA,FALSE,FALSE
4ddbb0cda233441d,Ethiopia 2022,COE,Ethiopia,2022,COE,NA,12,88.44,Yosefe Kasaye,Yosefe Kasaye Bora,Natural,744,SNNPR,https://allianceforcoffeeexcellence.org/ethiopia-2022/,FALSE,reported,Natural,Natural,Conventional,NA,reported process,12,12,yosefe kasaye,yosefe kasaye bora,4ddbb0cda233441d|COE|NA|12,NA,NA,NA,NA,NA,NA,FALSE,FALSE
4ddbb0cda233441d,Ethiopia 2022,COE,Ethiopia,2022,COE,NA,13,88.42,Abiyot,Abiyot Shonto Gelgele,Natural,74112,SNNPR,https://allianceforcoffeeexcellence.org/ethiopia-2022/,FALSE,reported,Natural,Natural,Conventional,NA,reported process,13,13,abiyot,abiyot shonto gelgele,4ddbb0cda233441d|COE|NA|13,NA,NA,NA,NA,NA,NA,FALSE,FALSE
4ddbb0cda233441d,Ethiopia 2022,COE,Ethiopia,2022,COE,NA,14,88.33,Dush,Dush Lemiso Uke,Natural,74112,Sidama,https://allianceforcoffeeexcellence.org/ethiopia-2022/,FALSE,reported,Natural,Natural,Conventional,NA,reported process,14,14,dush,dush lemiso uke,4ddbb0cda233441d|COE|NA|14,NA,NA,NA,NA,NA,NA,FALSE,FALSE
4ddbb0cda233441d,Ethiopia 2022,COE,Ethiopia,2022,COE,NA,15,88.31,Legese,Legese Rowa Dasso,Natural,74158,Sidama,https://allianceforcoffeeexcellence.org/ethiopia-2022/,FALSE,reported,Natural,Natural,Conventional,NA,reported process,15,15,legese,legese rowa dasso,4ddbb0cda233441d|COE|NA|15,NA,NA,NA,NA,NA,NA,FALSE,FALSE
4ddbb0cda233441d,Ethiopia 2022,COE,Ethiopia,2022,COE,NA,16,88.22,Butu Gelcha,Butu Galcha Bora,Natural,74112,SNNPR,https://allianceforcoffeeexcellence.org/ethiopia-2022/,FALSE,reported,Natural,Natural,Conventional,NA,reported process,16,16,butu gelcha,butu galcha bora,4ddbb0cda233441d|COE|NA|16,NA,NA,NA,NA,NA,NA,FALSE,FALSE
4ddbb0cda233441d,Ethiopia 2022,COE,Ethiopia,2022,COE,NA,17,88.17,Yohannes,Yohannis Tadesse Taayee,Natural,74110,Oromia,https://allianceforcoffeeexcellence.org/ethiopia-2022/,FALSE,reported,Natural,Natural,Conventional,NA,reported process,17,17,yohannes,yohannis tadesse taayee,4ddbb0cda233441d|COE|NA|17,NA,NA,NA,NA,NA,NA,FALSE,FALSE
4ddbb0cda233441d,Ethiopia 2022,COE,Ethiopia,2022,COE,NA,18,88.17,Alemayehu,Alemayehu Gosaye Gobena,Natural,74110,SNNPR,https://allianceforcoffeeexcellence.org/ethiopia-2022/,FALSE,reported,Natural,Natural,Conventional,NA,reported process,18,18,alemayehu,alemayehu gosaye gobena,4ddbb0cda233441d|COE|NA|18,NA,NA,NA,NA,NA,NA,FALSE,FALSE
4ddbb0cda233441d,Ethiopia 2022,COE,Ethiopia,2022,COE,NA,19,88.11,Genale Gamada,Genale Gameda Mude,Natural,74158,Sidama,https://allianceforcoffeeexcellence.org/ethiopia-2022/,FALSE,reported,Natural,Natural,Conventional,NA,reported process,19,19,genale gamada,genale gameda mude,4ddbb0cda233441d|COE|NA|19,NA,NA,NA,NA,NA,NA,FALSE,FALSE
4ddbb0cda233441d,Ethiopia 2022,COE,Ethiopia,2022,COE,NA,2,90.25,Kenean,Kenean Assefa Dukem,Anaerobic,74112,Sidama,https://allianceforcoffeeexcellence.org/ethiopia-2022/,FALSE,reported,Experimental,Not reported,Experimental,Anaerobic,reported process,2,2,kenean,kenean assefa dukem,4ddbb0cda233441d|COE|NA|2,Not reported | Anaerobic,2021,2022,FALSE,TRUE,TRUE,FALSE,TRUE
4ddbb0cda233441d,Ethiopia 2022,COE,Ethiopia,2022,COE,NA,20,88.11,Sentayehu,Sentayehu Mesele Yirgu,Natural,74158,Sidama,https://allianceforcoffeeexcellence.org/ethiopia-2022/,FALSE,reported,Natural,Natural,Conventional,NA,reported process,20,20,sentayehu,sentayehu mesele yirgu,4ddbb0cda233441d|COE|NA|20,NA,NA,NA,NA,NA,NA,FALSE,FALSE
4ddbb0cda233441d,Ethiopia 2022,COE,Ethiopia,2022,COE,NA,21,88.06,Desalegn,Desalegn Abebe Adela,Natural,74112,Oromiya,https://allianceforcoffeeexcellence.org/ethiopia-2022/,FALSE,reported,Natural,Natural,Conventional,NA,reported process,21,21,desalegn,desalegn abebe adela,4ddbb0cda233441d|COE|NA|21,NA,NA,NA,NA,NA,NA,FALSE,FALSE
4ddbb0cda233441d,Ethiopia 2022,COE,Ethiopia,2022,COE,NA,22,88.03,Bukku Abele,Kebede Genalle Arrare,Natural,74110,Oromia,https://allianceforcoffeeexcellence.org/ethiopia-2022/,FALSE,reported,Natural,Natural,Conventional,NA,reported process,22,22,bukku abele,kebede genalle arrare,4ddbb0cda233441d|COE|NA|22,NA,NA,NA,NA,NA,NA,FALSE,FALSE
4ddbb0cda233441d,Ethiopia 2022,COE,Ethiopia,2022,COE,NA,23,87.92,Awol,Awol Siraj Abdella,Natural,74110,Oromia,https://allianceforcoffeeexcellence.org/ethiopia-2022/,FALSE,reported,Natural,Natural,Conventional,NA,reported process,23,23,awol,awol siraj abdella,4ddbb0cda233441d|COE|NA|23,NA,NA,NA,NA,NA,NA,FALSE,FALSE
4ddbb0cda233441d,Ethiopia 2022,COE,Ethiopia,2022,COE,NA,24,87.92,Fuad,Fuad Feku Jibril,Natural,74112,Oromiya,https://allianceforcoffeeexcellence.org/ethiopia-2022/,FALSE,reported,Natural,Natural,Conventional,NA,reported process,24,24,fuad,fuad feku jibril,4ddbb0cda233441d|COE|NA|24,NA,NA,NA,NA,NA,NA,FALSE,FALSE
4ddbb0cda233441d,Ethiopia 2022,COE,Ethiopia,2022,COE,NA,25,87.86,Tadesse,Tadesse Teko Teero,Natural,74112,SNNPR,https://allianceforcoffeeexcellence.org/ethiopia-2022/,FALSE,reported,Natural,Natural,Conventional,NA,reported process,25,25,tadesse,tadesse teko teero,4ddbb0cda233441d|COE|NA|25,NA,NA,NA,NA,NA,NA,FALSE,FALSE
4ddbb0cda233441d,Ethiopia 2022,COE,Ethiopia,2022,COE,NA,26,87.81,Ayele,Ayel Naramo Shalamo,Anaerobic,74158,Sidama,https://allianceforcoffeeexcellence.org/ethiopia-2022/,FALSE,reported,Experimental,Not reported,Experimental,Anaerobic,reported process,26,26,ayele,ayel naramo shalamo,4ddbb0cda233441d|COE|NA|26,Not reported | Anaerobic,2021,2022,FALSE,TRUE,TRUE,FALSE,TRUE
4ddbb0cda233441d,Ethiopia 2022,COE,Ethiopia,2022,COE,NA,27,87.75,Gemeda,Gemeda Kumi Qannoo,Natural,74110,Oromia,https://allianceforcoffeeexcellence.org/ethiopia-2022/,FALSE,reported,Natural,Natural,Conventional,NA,reported process,27,27,gemeda,gemeda kumi qannoo,4ddbb0cda233441d|COE|NA|27,NA,NA,NA,NA,NA,NA,FALSE,FALSE
4ddbb0cda233441d,Ethiopia 2022,COE,Ethiopia,2022,COE,NA,28,87.28,Aberashe,Aberash Tabato Utala,Natural,74112,SNNPR,https://allianceforcoffeeexcellence.org/ethiopia-2022/,FALSE,reported,Natural,Natural,Conventional,NA,reported process,28,28,aberashe,aberash tabato utala,4ddbb0cda233441d|COE|NA|28,NA,NA,NA,NA,NA,NA,FALSE,FALSE
4ddbb0cda233441d,Ethiopia 2022,COE,Ethiopia,2022,COE,NA,29,87.17,Alem,Alema Shalo Gocha,Anaerobic,74158,SNNPR,https://allianceforcoffeeexcellence.org/ethiopia-2022/,FALSE,reported,Experimental,Not reported,Experimental,Anaerobic,reported process,29,29,alem,alema shalo gocha,4ddbb0cda233441d|COE|NA|29,Not reported | Anaerobic,2021,2022,FALSE,TRUE,TRUE,FALSE,TRUE
4ddbb0cda233441d,Ethiopia 2022,COE,Ethiopia,2022,COE,NA,3a,90.19,A/ Temam,A/Tamam A/Oli A/Gojam,Washed,74110,Oromia,https://allianceforcoffeeexcellence.org/ethiopia-2022/,FALSE,reported,Washed,Washed,Conventional,NA,reported process,3A,3,a temam,a tamam a oli a gojam,4ddbb0cda233441d|COE|NA|3,NA,NA,NA,NA,NA,NA,FALSE,FALSE
4ddbb0cda233441d,Ethiopia 2022,COE,Ethiopia,2022,COE,NA,30,87.17,Geno,Geno Adula Sutiya,Natural,74110,Oromiya,https://allianceforcoffeeexcellence.org/ethiopia-2022/,FALSE,reported,Natural,Natural,Conventional,NA,reported process,30,30,geno,geno adula sutiya,4ddbb0cda233441d|COE|NA|30,NA,NA,NA,NA,NA,NA,FALSE,FALSE
4ddbb0cda233441d,Ethiopia 2022,COE,Ethiopia,2022,COE,NA,4,90.17,Bukato,Bukato Duge Bale,Natural,74158,Sidama,https://allianceforcoffeeexcellence.org/ethiopia-2022/,FALSE,reported,Natural,Natural,Conventional,NA,reported process,4,4,bukato,bukato duge bale,4ddbb0cda233441d|COE|NA|4,NA,NA,NA,NA,NA,NA,FALSE,FALSE
4ddbb0cda233441d,Ethiopia 2022,COE,Ethiopia,2022,COE,NA,5,90.08,Samuel,Samuel Zerihun Belachew,Natural,74158,Sidama,https://allianceforcoffeeexcellence.org/ethiopia-2022/,FALSE,reported,Natural,Natural,Conventional,NA,reported process,5,5,samuel,samuel zerihun belachew,4ddbb0cda233441d|COE|NA|5,NA,NA,NA,NA,NA,NA,FALSE,FALSE
4ddbb0cda233441d,Ethiopia 2022,COE,Ethiopia,2022,COE,NA,6,89.92,Tilahune,Tilahune Horsa Fata,Natural,74165,Sidama,https://allianceforcoffeeexcellence.org/ethiopia-2022/,FALSE,reported,Natural,Natural,Conventional,NA,reported process,6,6,tilahune,tilahune horsa fata,4ddbb0cda233441d|COE|NA|6,NA,NA,NA,NA,NA,NA,FALSE,FALSE
4ddbb0cda233441d,Ethiopia 2022,COE,Ethiopia,2022,COE,NA,7,89.78,Wolde,Wolde Faye Koricha,Natural,74110,Oromia,https://allianceforcoffeeexcellence.org/ethiopia-2022/,FALSE,reported,Natural,Natural,Conventional,NA,reported process,7,7,wolde,wolde faye koricha,4ddbb0cda233441d|COE|NA|7,NA,NA,NA,NA,NA,NA,FALSE,FALSE
4ddbb0cda233441d,Ethiopia 2022,COE,Ethiopia,2022,COE,NA,8,89.56,Muluneh,Muluneh Tute Galcho,Natural,74158,Sidama,https://allianceforcoffeeexcellence.org/ethiopia-2022/,FALSE,reported,Natural,Natural,Conventional,NA,reported process,8,8,muluneh,muluneh tute galcho,4ddbb0cda233441d|COE|NA|8,NA,NA,NA,NA,NA,NA,FALSE,FALSE
4ddbb0cda233441d,Ethiopia 2022,COE,Ethiopia,2022,COE,NA,9,89.36,Abebe,Abebe Hewiso Wicho,Natural,74110,Sidama,https://allianceforcoffeeexcellence.org/ethiopia-2022/,FALSE,reported,Natural,Natural,Conventional,NA,reported process,9,9,abebe,abebe hewiso wicho,4ddbb0cda233441d|COE|NA|9,NA,NA,NA,NA,NA,NA,FALSE,FALSE
27e30bcdac0c444c,Ethiopia 2024,COE,Ethiopia,2024,COE,NA,1A,90.5,Basha,Basha Bekele Butusha,Natural,74158,Sidama,https://allianceforcoffeeexcellence.org/ethiopia-2024/,FALSE,reported,Natural,Natural,Conventional,NA,reported process,1A,1,basha,basha bekele butusha,27e30bcdac0c444c|COE|NA|1,NA,NA,NA,NA,NA,NA,FALSE,FALSE
27e30bcdac0c444c,Ethiopia 2024,COE,Ethiopia,2024,COE,NA,10,88.72,Mustefa,Mustefa Kediro Gabechu,Natural,74112,Oromiya,https://allianceforcoffeeexcellence.org/ethiopia-2024/,FALSE,reported,Natural,Natural,Conventional,NA,reported process,10,10,mustefa,mustefa kediro gabechu,27e30bcdac0c444c|COE|NA|10,NA,NA,NA,NA,NA,NA,FALSE,FALSE
27e30bcdac0c444c,Ethiopia 2024,COE,Ethiopia,2024,COE,NA,11,87.67,Sebeto,Senbeto Dingeto wico,Natural,74110,Sidama,https://allianceforcoffeeexcellence.org/ethiopia-2024/,FALSE,reported,Natural,Natural,Conventional,NA,reported process,11,11,sebeto,senbeto dingeto wico,27e30bcdac0c444c|COE|NA|11,NA,NA,NA,NA,NA,NA,FALSE,FALSE
27e30bcdac0c444c,Ethiopia 2024,COE,Ethiopia,2024,COE,NA,12,87.65,Tesfaye,Tesfaye Tesema Alemu,Natural,74110,Sidama,https://allianceforcoffeeexcellence.org/ethiopia-2024/,FALSE,reported,Natural,Natural,Conventional,NA,reported process,12,12,tesfaye,tesfaye tesema alemu,27e30bcdac0c444c|COE|NA|12,NA,NA,NA,NA,NA,NA,FALSE,FALSE
27e30bcdac0c444c,Ethiopia 2024,COE,Ethiopia,2024,COE,NA,13,87.63,Ermias,Ermias Garo Naremo,Natural,74158,Sidama,https://allianceforcoffeeexcellence.org/ethiopia-2024/,FALSE,reported,Natural,Natural,Conventional,NA,reported process,13,13,ermias,ermias garo naremo,27e30bcdac0c444c|COE|NA|13,NA,NA,NA,NA,NA,NA,FALSE,FALSE
27e30bcdac0c444c,Ethiopia 2024,COE,Ethiopia,2024,COE,NA,14,87.61,Azalech,Azalech Getahun Mengistu,Natural,74112,Sidama,https://allianceforcoffeeexcellence.org/ethiopia-2024/,FALSE,reported,Natural,Natural,Conventional,NA,reported process,14,14,azalech,azalech getahun mengistu,27e30bcdac0c444c|COE|NA|14,NA,NA,NA,NA,NA,NA,FALSE,FALSE
27e30bcdac0c444c,Ethiopia 2024,COE,Ethiopia,2024,COE,NA,15,87.57,Belaineh,Belaineh Beriso Yabato,Natural,74158,Sidama,https://allianceforcoffeeexcellence.org/ethiopia-2024/,FALSE,reported,Natural,Natural,Conventional,NA,reported process,15,15,belaineh,belaineh beriso yabato,27e30bcdac0c444c|COE|NA|15,NA,NA,NA,NA,NA,NA,FALSE,FALSE
27e30bcdac0c444c,Ethiopia 2024,COE,Ethiopia,2024,COE,NA,16,87.52,Tamru,Tamru Godana Doba,Natural,74158,Sidama,https://allianceforcoffeeexcellence.org/ethiopia-2024/,FALSE,reported,Natural,Natural,Conventional,NA,reported process,16,16,tamru,tamru godana doba,27e30bcdac0c444c|COE|NA|16,NA,NA,NA,NA,NA,NA,FALSE,FALSE
27e30bcdac0c444c,Ethiopia 2024,COE,Ethiopia,2024,COE,NA,17,87.5,Tafo,Tafo Hero Gurajche,Natural,74158,Sidama,https://allianceforcoffeeexcellence.org/ethiopia-2024/,FALSE,reported,Natural,Natural,Conventional,NA,reported process,17,17,tafo,tafo hero gurajche,27e30bcdac0c444c|COE|NA|17,NA,NA,NA,NA,NA,NA,FALSE,FALSE
27e30bcdac0c444c,Ethiopia 2024,COE,Ethiopia,2024,COE,NA,18,87.5,Abriham,Abriham Kifle Gange,Natural,74158,Sidama,https://allianceforcoffeeexcellence.org/ethiopia-2024/,FALSE,reported,Natural,Natural,Conventional,NA,reported process,18,18,abriham,abriham kifle gange,27e30bcdac0c444c|COE|NA|18,NA,NA,NA,NA,NA,NA,FALSE,FALSE
27e30bcdac0c444c,Ethiopia 2024,COE,Ethiopia,2024,COE,NA,19,87.48,Bayene,Bayene Tadesse Yunka,Natural,74158,Sidama,https://allianceforcoffeeexcellence.org/ethiopia-2024/,FALSE,reported,Natural,Natural,Conventional,NA,reported process,19,19,bayene,bayene tadesse yunka,27e30bcdac0c444c|COE|NA|19,NA,NA,NA,NA,NA,NA,FALSE,FALSE
27e30bcdac0c444c,Ethiopia 2024,COE,Ethiopia,2024,COE,NA,2A,90.13,Mate,Mate Matiwos Lamisa,Natural,74158,Sidama,https://allianceforcoffeeexcellence.org/ethiopia-2024/,FALSE,reported,Natural,Natural,Conventional,NA,reported process,2A,2,mate,mate matiwos lamisa,27e30bcdac0c444c|COE|NA|2,NA,NA,NA,NA,NA,NA,FALSE,FALSE
27e30bcdac0c444c,Ethiopia 2024,COE,Ethiopia,2024,COE,NA,20,87.46,Leikun,Leikun Zegeye Dagnachew,Natural,74158,Sidama,https://allianceforcoffeeexcellence.org/ethiopia-2024/,FALSE,reported,Natural,Natural,Conventional,NA,reported process,20,20,leikun,leikun zegeye dagnachew,27e30bcdac0c444c|COE|NA|20,NA,NA,NA,NA,NA,NA,FALSE,FALSE
27e30bcdac0c444c,Ethiopia 2024,COE,Ethiopia,2024,COE,NA,21,87.41,Agana,Agana Adora Tona,Natural,74158,Sidama,https://allianceforcoffeeexcellence.org/ethiopia-2024/,FALSE,reported,Natural,Natural,Conventional,NA,reported process,21,21,agana,agana adora tona,27e30bcdac0c444c|COE|NA|21,NA,NA,NA,NA,NA,NA,FALSE,FALSE
27e30bcdac0c444c,Ethiopia 2024,COE,Ethiopia,2024,COE,NA,22,87.26,Zewuditu,Zewuditu Zinabe Genale,Natural,74158,Sidama,https://allianceforcoffeeexcellence.org/ethiopia-2024/,FALSE,reported,Natural,Natural,Conventional,NA,reported process,22,22,zewuditu,zewuditu zinabe genale,27e30bcdac0c444c|COE|NA|22,NA,NA,NA,NA,NA,NA,FALSE,FALSE
27e30bcdac0c444c,Ethiopia 2024,COE,Ethiopia,2024,COE,NA,23,87.24,Legesse,Legesse Kasse Tule,Natural,74158,Sidama,https://allianceforcoffeeexcellence.org/ethiopia-2024/,FALSE,reported,Natural,Natural,Conventional,NA,reported process,23,23,legesse,legesse kasse tule,27e30bcdac0c444c|COE|NA|23,NA,NA,NA,NA,NA,NA,FALSE,FALSE
27e30bcdac0c444c,Ethiopia 2024,COE,Ethiopia,2024,COE,NA,24,87.2,Tamiru,Tamiru Chifa Tula,Natural,74158,Sidama,https://allianceforcoffeeexcellence.org/ethiopia-2024/,FALSE,reported,Natural,Natural,Conventional,NA,reported process,24,24,tamiru,tamiru chifa tula,27e30bcdac0c444c|COE|NA|24,NA,NA,NA,NA,NA,NA,FALSE,FALSE
27e30bcdac0c444c,Ethiopia 2024,COE,Ethiopia,2024,COE,NA,25,87.09,Ejigu,Ejigu Hankaro Shera,Natural,74158,Sidama,https://allianceforcoffeeexcellence.org/ethiopia-2024/,FALSE,reported,Natural,Natural,Conventional,NA,reported process,25,25,ejigu,ejigu hankaro shera,27e30bcdac0c444c|COE|NA|25,NA,NA,NA,NA,NA,NA,FALSE,FALSE
27e30bcdac0c444c,Ethiopia 2024,COE,Ethiopia,2024,COE,NA,26,87.04,Almaz,Almaz Gujo Ergiso,Natural,74158,Sidama,https://allianceforcoffeeexcellence.org/ethiopia-2024/,FALSE,reported,Natural,Natural,Conventional,NA,reported process,26,26,almaz,almaz gujo ergiso,27e30bcdac0c444c|COE|NA|26,NA,NA,NA,NA,NA,NA,FALSE,FALSE
27e30bcdac0c444c,Ethiopia 2024,COE,Ethiopia,2024,COE,NA,27,87.02,Tadess,Tadesse Teko Tero,Natural,74112,South Eth.,https://allianceforcoffeeexcellence.org/ethiopia-2024/,FALSE,reported,Natural,Natural,Conventional,NA,reported process,27,27,tadess,tadesse teko tero,27e30bcdac0c444c|COE|NA|27,NA,NA,NA,NA,NA,NA,FALSE,FALSE
27e30bcdac0c444c,Ethiopia 2024,COE,Ethiopia,2024,COE,NA,3,89.7,Bukto,Bukto Dure Bore,Natural,74158,Sidama,https://allianceforcoffeeexcellence.org/ethiopia-2024/,FALSE,reported,Natural,Natural,Conventional,NA,reported process,3,3,bukto,bukto dure bore,27e30bcdac0c444c|COE|NA|3,NA,NA,NA,NA,NA,NA,FALSE,FALSE
27e30bcdac0c444c,Ethiopia 2024,COE,Ethiopia,2024,COE,NA,4,89.61,Bekele,Bekele Yutute Gosoma,Natural,74158,Sidama,https://allianceforcoffeeexcellence.org/ethiopia-2024/,FALSE,reported,Natural,Natural,Conventional,NA,reported process,4,4,bekele,bekele yutute gosoma,27e30bcdac0c444c|COE|NA|4,NA,NA,NA,NA,NA,NA,FALSE,FALSE
27e30bcdac0c444c,Ethiopia 2024,COE,Ethiopia,2024,COE,NA,5,89.41,Bekele,Bekele Butusha Udumu,Natural,74158,Sidama,https://allianceforcoffeeexcellence.org/ethiopia-2024/,FALSE,reported,Natural,Natural,Conventional,NA,reported process,5,5,bekele,bekele butusha udumu,27e30bcdac0c444c|COE|NA|5,NA,NA,NA,NA,NA,NA,FALSE,FALSE
27e30bcdac0c444c,Ethiopia 2024,COE,Ethiopia,2024,COE,NA,6,89.33,Mitiku,Mitiku Kawiso Nuna,Natural,74112,Sidama,https://allianceforcoffeeexcellence.org/ethiopia-2024/,FALSE,reported,Natural,Natural,Conventional,NA,reported process,6,6,mitiku,mitiku kawiso nuna,27e30bcdac0c444c|COE|NA|6,NA,NA,NA,NA,NA,NA,FALSE,FALSE
27e30bcdac0c444c,Ethiopia 2024,COE,Ethiopia,2024,COE,NA,7,89.02,Sintayehu,Sintayehu Mesele Yiregu,Natural,74158,Sidama,https://allianceforcoffeeexcellence.org/ethiopia-2024/,FALSE,reported,Natural,Natural,Conventional,NA,reported process,7,7,sintayehu,sintayehu mesele yiregu,27e30bcdac0c444c|COE|NA|7,NA,NA,NA,NA,NA,NA,FALSE,FALSE
27e30bcdac0c444c,Ethiopia 2024,COE,Ethiopia,2024,COE,NA,8,89,Samuel,Samuel Zarihun Belachew,Natural,74110,Sidama,https://allianceforcoffeeexcellence.org/ethiopia-2024/,FALSE,reported,Natural,Natural,Conventional,NA,reported process,8,8,samuel,samuel zarihun belachew,27e30bcdac0c444c|COE|NA|8,NA,NA,NA,NA,NA,NA,FALSE,FALSE
27e30bcdac0c444c,Ethiopia 2024,COE,Ethiopia,2024,COE,NA,9,88.96,Etenesh,Etenesh Gudura Guye,Natural,74112,Sidama,https://allianceforcoffeeexcellence.org/ethiopia-2024/,FALSE,reported,Natural,Natural,Conventional,NA,reported process,9,9,etenesh,etenesh gudura guye,27e30bcdac0c444c|COE|NA|9,NA,NA,NA,NA,NA,NA,FALSE,FALSE
04cf157e5060655a,2018,COE,Guatemala,2018,COE,NA,1a,90.73,La Reforma y Anexos,"La Reforma y Asociados, S.A.",Washed,Geisha,"Huehuetenango, Cuilco",https://allianceforcoffeeexcellence.org/guatemala-2018/,FALSE,reported,Washed,Washed,Conventional,NA,reported process,1A,1,la reforma y anexos,la reforma y asociados s a,04cf157e5060655a|COE|NA|1,NA,NA,NA,NA,NA,NA,FALSE,FALSE
04cf157e5060655a,2018,COE,Guatemala,2018,COE,NA,10,88.5,El Socorro,"Cercol, S.A.",Washed,Pacamara,"Guatemala, Palencia",https://allianceforcoffeeexcellence.org/guatemala-2018/,FALSE,reported,Washed,Washed,Conventional,NA,reported process,10,10,el socorro,cercol s a,04cf157e5060655a|COE|NA|10,NA,NA,NA,NA,NA,NA,FALSE,FALSE
04cf157e5060655a,2018,COE,Guatemala,2018,COE,NA,11,87.83,Chualax,"Agrocomercial Santa Felisa, S.A.",Natural,Geisha,"Chimaltenango, Acatenango",https://allianceforcoffeeexcellence.org/guatemala-2018/,FALSE,reported,Natural,Natural,Conventional,NA,reported process,11,11,chualax,agrocomercial santa felisa s a,04cf157e5060655a|COE|NA|11,NA,NA,NA,NA,NA,NA,FALSE,FALSE
04cf157e5060655a,2018,COE,Guatemala,2018,COE,NA,12,87.8,Los Cimientos,"Morán Solares, Julio Roberto",Honey,Bourbon,"Santa Rosa , Casillas",https://allianceforcoffeeexcellence.org/guatemala-2018/,FALSE,reported,Honey / pulped natural,Honey / pulped natural,Conventional,NA,reported process,12,12,los cimientos,moran solares julio roberto,04cf157e5060655a|COE|NA|12,NA,NA,NA,NA,NA,NA,FALSE,FALSE
04cf157e5060655a,2018,COE,Guatemala,2018,COE,NA,13,87.77,Linda Vista,"Valladares Rodriguez, Inmer Abel",Honey,Geisha,"Jalapa, Monjas",https://allianceforcoffeeexcellence.org/guatemala-2018/,FALSE,reported,Honey / pulped natural,Honey / pulped natural,Conventional,NA,reported process,13,13,linda vista,valladares rodriguez inmer abel,04cf157e5060655a|COE|NA|13,NA,NA,NA,NA,NA,NA,FALSE,FALSE
04cf157e5060655a,2018,COE,Guatemala,2018,COE,NA,14,87.73,Las Macadamias,"Las Macadamias, S.A.",Washed,Pacamara,"Huehuetenango, La Libertad",https://allianceforcoffeeexcellence.org/guatemala-2018/,FALSE,reported,Washed,Washed,Conventional,NA,reported process,14,14,las macadamias,las macadamias s a,04cf157e5060655a|COE|NA|14,NA,NA,NA,NA,NA,NA,FALSE,FALSE
04cf157e5060655a,2018,COE,Guatemala,2018,COE,NA,15,87.63,Guatalón,"Juarez Solares, Guillermo Antonio",Washed,"Pacamara, Maragogype","Santa Rosa, Santa Rosa de Lima",https://allianceforcoffeeexcellence.org/guatemala-2018/,FALSE,reported,Washed,Washed,Conventional,NA,reported process,15,15,guatalon,juarez solares guillermo antonio,04cf157e5060655a|COE|NA|15,NA,NA,NA,NA,NA,NA,FALSE,FALSE
04cf157e5060655a,2018,COE,Guatemala,2018,COE,NA,16,87.57,Jauja y Anexos,"Operadora Santa Clara, S.A.",Washed,Pacamara,"Sacatepequez, Antigua Guatemala",https://allianceforcoffeeexcellence.org/guatemala-2018/,FALSE,reported,Washed,Washed,Conventional,NA,reported process,16,16,jauja y anexos,operadora santa clara s a,04cf157e5060655a|COE|NA|16,NA,NA,NA,NA,NA,NA,FALSE,FALSE
04cf157e5060655a,2018,COE,Guatemala,2018,COE,NA,17,87.43,El Limonar,"Ovalle Mont, Rosa María",Natural,Pacamara,"Huehuetenango, La Libertad",https://allianceforcoffeeexcellence.org/guatemala-2018/,FALSE,reported,Natural,Natural,Conventional,NA,reported process,17,17,el limonar,ovalle mont rosa maria,04cf157e5060655a|COE|NA|17,NA,NA,NA,NA,NA,NA,FALSE,FALSE
04cf157e5060655a,2018,COE,Guatemala,2018,COE,NA,18,87.33,El Zapote,"Melendez Perez, Julio Roberto",Washed,Geisha,"Chimaltenango, Acatenango",https://allianceforcoffeeexcellence.org/guatemala-2018/,FALSE,reported,Washed,Washed,Conventional,NA,reported process,18,18,el zapote,melendez perez julio roberto,04cf157e5060655a|COE|NA|18,NA,NA,NA,NA,NA,NA,FALSE,FALSE
04cf157e5060655a,2018,COE,Guatemala,2018,COE,NA,19,87.23,Calahute Alto,"Café Don Alfonso, S.A",Washed,"Pacamara, Maragogype","Huehuetenango, La Democracia",https://allianceforcoffeeexcellence.org/guatemala-2018/,FALSE,reported,Washed,Washed,Conventional,NA,reported process,19,19,calahute alto,cafe don alfonso s a,04cf157e5060655a|COE|NA|19,NA,NA,NA,NA,NA,NA,FALSE,FALSE
04cf157e5060655a,2018,COE,Guatemala,2018,COE,NA,2a,90.7,El Zapote y Anexos,"Perez Perez, Wilfrido Hernán",Washed,Geisha,"Huehuetenango, Cuilco",https://allianceforcoffeeexcellence.org/guatemala-2018/,FALSE,reported,Washed,Washed,Conventional,NA,reported process,2A,2,el zapote y anexos,perez perez wilfrido hernan,04cf157e5060655a|COE|NA|2,NA,NA,NA,NA,NA,NA,FALSE,FALSE
04cf157e5060655a,2018,COE,Guatemala,2018,COE,NA,20,87.23,El Líbano,"Perez Liquidano, Herbert Estuardo",Washed,Geisha,"Chimaltenango, Acatenango",https://allianceforcoffeeexcellence.org/guatemala-2018/,FALSE,reported,Washed,Washed,Conventional,NA,reported process,20,20,el libano,perez liquidano herbert estuardo,04cf157e5060655a|COE|NA|20,NA,NA,NA,NA,NA,NA,FALSE,FALSE
04cf157e5060655a,2018,COE,Guatemala,2018,COE,NA,21,87.2,Rio Arriba,"Cercol, S.A.",Honey,Maracaturra,"Guatemala, Palencia",https://allianceforcoffeeexcellence.org/guatemala-2018/,FALSE,reported,Honey / pulped natural,Honey / pulped natural,Conventional,NA,reported process,21,21,rio arriba,cercol s a,04cf157e5060655a|COE|NA|21,NA,NA,NA,NA,NA,NA,FALSE,FALSE
04cf157e5060655a,2018,COE,Guatemala,2018,COE,NA,22,87.17,La Esperanza,"Villatoro Castillo, Pedro",Washed,Bourbon,"Huehuetenango, La Libertad",https://allianceforcoffeeexcellence.org/guatemala-2018/,FALSE,reported,Washed,Washed,Conventional,NA,reported process,22,22,la esperanza,villatoro castillo pedro,04cf157e5060655a|COE|NA|22,NA,NA,NA,NA,NA,NA,FALSE,FALSE
04cf157e5060655a,2018,COE,Guatemala,2018,COE,NA,23,87.17,San Antonio de Esquipulas y Anexo,"Corporación Mil, S.A.",Washed,Catuaí,"Huehuetenango, La Democracia",https://allianceforcoffeeexcellence.org/guatemala-2018/,FALSE,reported,Washed,Washed,Conventional,NA,reported process,23,23,san antonio de esquipulas y anexo,corporacion mil s a,04cf157e5060655a|COE|NA|23,NA,NA,NA,NA,NA,NA,FALSE,FALSE
04cf157e5060655a,2018,COE,Guatemala,2018,COE,NA,24,87.07,Santa Clara,"Operadora Santa Clara, S.A.",Washed,Geisha,"Sacatepequez, Antigua Guatemala",https://allianceforcoffeeexcellence.org/guatemala-2018/,FALSE,reported,Washed,Washed,Conventional,NA,reported process,24,24,santa clara,operadora santa clara s a,04cf157e5060655a|COE|NA|24,NA,NA,NA,NA,NA,NA,FALSE,FALSE
04cf157e5060655a,2018,COE,Guatemala,2018,COE,NA,25,86.67,San Guayabá,"Cercol, S.A.",Natural,Pacamara,"Guatemala, Palencia",https://allianceforcoffeeexcellence.org/guatemala-2018/,FALSE,reported,Natural,Natural,Conventional,NA,reported process,25,25,san guayaba,cercol s a,04cf157e5060655a|COE|NA|25,NA,NA,NA,NA,NA,NA,FALSE,FALSE
04cf157e5060655a,2018,COE,Guatemala,2018,COE,NA,26,86.57,El Porvenir,"Mooney Del Carmen, Joseph Daniel",Washed,Caturra,"Chimaltenango, Chimaltenango",https://allianceforcoffeeexcellence.org/guatemala-2018/,FALSE,reported,Washed,Washed,Conventional,NA,reported process,26,26,el porvenir,mooney del carmen joseph daniel,04cf157e5060655a|COE|NA|26,NA,NA,NA,NA,NA,NA,FALSE,FALSE
04cf157e5060655a,2018,COE,Guatemala,2018,COE,NA,27,86.53,La Hermosa,"Perez Ríos, Max Fernando",Natural,"Pacamara, Geisha","Chimaltenango, Acatenango",https://allianceforcoffeeexcellence.org/guatemala-2018/,FALSE,reported,Natural,Natural,Conventional,NA,reported process,27,27,la hermosa,perez rios max fernando,04cf157e5060655a|COE|NA|27,NA,NA,NA,NA,NA,NA,FALSE,FALSE
04cf157e5060655a,2018,COE,Guatemala,2018,COE,NA,28,86.4,San Rafael Urias Valdes,Felix Valdés Q. y Hnas. Sucesores,Washed,Bourbon,"Sacatepequez, Ciudad Vieja",https://allianceforcoffeeexcellence.org/guatemala-2018/,FALSE,reported,Washed,Washed,Conventional,NA,reported process,28,28,san rafael urias valdes,felix valdes q y hnas sucesores,04cf157e5060655a|COE|NA|28,NA,NA,NA,NA,NA,NA,FALSE,FALSE
04cf157e5060655a,2018,COE,Guatemala,2018,COE,NA,29,86.17,San Agustin Las Cañas,"Operadora Santa Clara, S.A.",Washed,Bourbon,"Sacatepequez, Antigua Guatemala",https://allianceforcoffeeexcellence.org/guatemala-2018/,FALSE,reported,Washed,Washed,Conventional,NA,reported process,29,29,san agustin las canas,operadora santa clara s a,04cf157e5060655a|COE|NA|29,NA,NA,NA,NA,NA,NA,FALSE,FALSE
04cf157e5060655a,2018,COE,Guatemala,2018,COE,NA,3a,90.53,El Morito II,Monterroso Pineda José Roberto,Washed,Pacamara,"Jalapa, Mataquescuintla",https://allianceforcoffeeexcellence.org/guatemala-2018/,FALSE,reported,Washed,Washed,Conventional,NA,reported process,3A,3,el morito ii,monterroso pineda jose roberto,04cf157e5060655a|COE|NA|3,NA,NA,NA,NA,NA,NA,FALSE,FALSE
04cf157e5060655a,2018,COE,Guatemala,2018,COE,NA,30,86.17,El Muro,"Valladares Rodriguez, Inmer Abel",Honey,Geisha,"Jalapa, Monjas",https://allianceforcoffeeexcellence.org/guatemala-2018/,FALSE,reported,Honey / pulped natural,Honey / pulped natural,Conventional,NA,reported process,30,30,el muro,valladares rodriguez inmer abel,04cf157e5060655a|COE|NA|30,NA,NA,NA,NA,NA,NA,FALSE,FALSE
04cf157e5060655a,2018,COE,Guatemala,2018,COE,NA,31,86.13,El Injerto I,"El Injerto, S.A.",Natural,Pacamara,"Huehuetenango, La Libertad",https://allianceforcoffeeexcellence.org/guatemala-2018/,FALSE,reported,Natural,Natural,Conventional,NA,reported process,31,31,el injerto i,el injerto s a,04cf157e5060655a|COE|NA|31,NA,NA,NA,NA,NA,NA,FALSE,FALSE
04cf157e5060655a,2018,COE,Guatemala,2018,COE,NA,32,86.13,Antigua Buena Vista y Anexos,"Entre Caminos, S.A.",Washed,Geisha,"Sacatepequez, Jocotenango",https://allianceforcoffeeexcellence.org/guatemala-2018/,FALSE,reported,Washed,Washed,Conventional,NA,reported process,32,32,antigua buena vista y anexos,entre caminos s a,04cf157e5060655a|COE|NA|32,NA,NA,NA,NA,NA,NA,FALSE,FALSE
04cf157e5060655a,2018,COE,Guatemala,2018,COE,NA,33,86.13,La Montañita,"Gonzalez Morales, José Humberto",Washed,Catuaí,"Jalapa, Mataquescuintla",https://allianceforcoffeeexcellence.org/guatemala-2018/,FALSE,reported,Washed,Washed,Conventional,NA,reported process,33,33,la montanita,gonzalez morales jose humberto,04cf157e5060655a|COE|NA|33,NA,NA,NA,NA,NA,NA,FALSE,FALSE
04cf157e5060655a,2018,COE,Guatemala,2018,COE,NA,34,86.1,Santa Cecilia y Anexos,"Castillo Herrera, Mariano",Washed,"Caturra, Catuaí, Bourbon","Huehuetenango, San Pedro Necta",https://allianceforcoffeeexcellence.org/guatemala-2018/,FALSE,reported,Washed,Washed,Conventional,NA,reported process,34,34,santa cecilia y anexos,castillo herrera mariano,04cf157e5060655a|COE|NA|34,NA,NA,NA,NA,NA,NA,FALSE,FALSE
04cf157e5060655a,2018,COE,Guatemala,2018,COE,NA,4,89.97,La Soledad y Anexo,"Perez Melendez, Henio Raúl",Washed,Geisha,"Chimaltenango, Acatenango",https://allianceforcoffeeexcellence.org/guatemala-2018/,FALSE,reported,Washed,Washed,Conventional,NA,reported process,4,4,la soledad y anexo,perez melendez henio raul,04cf157e5060655a|COE|NA|4,NA,NA,NA,NA,NA,NA,FALSE,FALSE
04cf157e5060655a,2018,COE,Guatemala,2018,COE,NA,5,89.8,Rio Dorado,Monterroso Pineda José Roberto,Natural,Pacamara,"Jalapa, Mataquescuintla",https://allianceforcoffeeexcellence.org/guatemala-2018/,FALSE,reported,Natural,Natural,Conventional,NA,reported process,5,5,rio dorado,monterroso pineda jose roberto,04cf157e5060655a|COE|NA|5,NA,NA,NA,NA,NA,NA,FALSE,FALSE
04cf157e5060655a,2018,COE,Guatemala,2018,COE,NA,6,89.67,El Morito I,Monterroso Pineda José Roberto,Washed,Pacamara,"Jalapa, Mataquescuintla",https://allianceforcoffeeexcellence.org/guatemala-2018/,FALSE,reported,Washed,Washed,Conventional,NA,reported process,6,6,el morito i,monterroso pineda jose roberto,04cf157e5060655a|COE|NA|6,NA,NA,NA,NA,NA,NA,FALSE,FALSE
04cf157e5060655a,2018,COE,Guatemala,2018,COE,NA,7,89.27,Plan de la Vega,"Argueta Herrera, Erwin Humberto",Washed,"Caturra, Pache, Bourbon","Huehuetenango, Unión Cantinil",https://allianceforcoffeeexcellence.org/guatemala-2018/,FALSE,reported,Washed,Washed,Conventional,NA,reported process,7,7,plan de la vega,argueta herrera erwin humberto,04cf157e5060655a|COE|NA|7,NA,NA,NA,NA,NA,NA,FALSE,FALSE
04cf157e5060655a,2018,COE,Guatemala,2018,COE,NA,8,89.23,Los Aguacatones,"De La Peña Illescas, Rosa María",Washed,"Caturra, Catuaí, Villa Sarchi, Bourbon","Huehuetenango, Huehuetenango",https://allianceforcoffeeexcellence.org/guatemala-2018/,FALSE,reported,Washed,Washed,Conventional,NA,reported process,8,8,los aguacatones,de la pena illescas rosa maria,04cf157e5060655a|COE|NA|8,NA,NA,NA,NA,NA,NA,FALSE,FALSE
04cf157e5060655a,2018,COE,Guatemala,2018,COE,NA,9,88.87,Villaure,"Villatoro Castillo, Aurelio",Washed,Pacamara,"Huehuetenango, Cuilco",https://allianceforcoffeeexcellence.org/guatemala-2018/,FALSE,reported,Washed,Washed,Conventional,NA,reported process,9,9,villaure,villatoro castillo aurelio,04cf157e5060655a|COE|NA|9,NA,NA,NA,NA,NA,NA,FALSE,FALSE
94e0f75eb8b007ec,2019,COE,Guatemala,2019,COE,NA,1a,90.16,Las Macadamias,"Las Macadamias, Sociedad Anonima",Natural,Pacamara,Huehuetenango,https://allianceforcoffeeexcellence.org/guatemala-2019/,FALSE,reported,Natural,Natural,Conventional,NA,reported process,1A,1,las macadamias,las macadamias sociedad anonima,94e0f75eb8b007ec|COE|NA|1,NA,NA,NA,NA,NA,NA,FALSE,FALSE
94e0f75eb8b007ec,2019,COE,Guatemala,2019,COE,NA,10,88.17,San Antonio Chaguité,"Agropecuaria San Antonio Quenene, S. A.",Washed,"Gesha, Caturra, Typica",Huehuetenango,https://allianceforcoffeeexcellence.org/guatemala-2019/,FALSE,reported,Washed,Washed,Conventional,NA,reported process,10,10,san antonio chaguite,agropecuaria san antonio quenene s a,94e0f75eb8b007ec|COE|NA|10,NA,NA,NA,NA,NA,NA,FALSE,FALSE
94e0f75eb8b007ec,2019,COE,Guatemala,2019,COE,NA,11,88.16,Chualax,"Agrocomercial Santa Felisa, Sociedad Anonima",Natural,Gesha,Chimaltenango,https://allianceforcoffeeexcellence.org/guatemala-2019/,FALSE,reported,Natural,Natural,Conventional,NA,reported process,11,11,chualax,agrocomercial santa felisa sociedad anonima,94e0f75eb8b007ec|COE|NA|11,NA,NA,NA,NA,NA,NA,FALSE,FALSE
94e0f75eb8b007ec,2019,COE,Guatemala,2019,COE,NA,12,88.11,Plan de la Vega,"Argueta Herrera, Erwin Humberto",Washed,"Caturra, Maragogype, Typica",Huehuetenango,https://allianceforcoffeeexcellence.org/guatemala-2019/,FALSE,reported,Washed,Washed,Conventional,NA,reported process,12,12,plan de la vega,argueta herrera erwin humberto,94e0f75eb8b007ec|COE|NA|12,NA,NA,NA,NA,NA,NA,FALSE,FALSE
94e0f75eb8b007ec,2019,COE,Guatemala,2019,COE,NA,13,88,Los Aguacatones,"De La Peña Illescas, Rosa Maria",Washed,"Typica, Bourbón, Villa Sarchi",Huehuetenango,https://allianceforcoffeeexcellence.org/guatemala-2019/,FALSE,reported,Washed,Washed,Conventional,NA,reported process,13,13,los aguacatones,de la pena illescas rosa maria,94e0f75eb8b007ec|COE|NA|13,NA,NA,NA,NA,NA,NA,FALSE,FALSE
94e0f75eb8b007ec,2019,COE,Guatemala,2019,COE,NA,14,87.92,Jauja y Anexos,"Operadora Santa Clara, Sociedad Anonima",Washed,Gesha,Sacatepéquez,https://allianceforcoffeeexcellence.org/guatemala-2019/,FALSE,reported,Washed,Washed,Conventional,NA,reported process,14,14,jauja y anexos,operadora santa clara sociedad anonima,94e0f75eb8b007ec|COE|NA|14,NA,NA,NA,NA,NA,NA,FALSE,FALSE
94e0f75eb8b007ec,2019,COE,Guatemala,2019,COE,NA,15,87.8,Guatalon,"Juarez Solares, Guillermo Antonio",Washed,"Pacamara, Maragogype",Santa Rosa,https://allianceforcoffeeexcellence.org/guatemala-2019/,FALSE,reported,Washed,Washed,Conventional,NA,reported process,15,15,guatalon,juarez solares guillermo antonio,94e0f75eb8b007ec|COE|NA|15,NA,NA,NA,NA,NA,NA,FALSE,FALSE
94e0f75eb8b007ec,2019,COE,Guatemala,2019,COE,NA,16,87.78,El Zapote y Anexos,"Perez Perez, Wilfrido Hernan",Washed,Gesha,Huehuetenango,https://allianceforcoffeeexcellence.org/guatemala-2019/,FALSE,reported,Washed,Washed,Conventional,NA,reported process,16,16,el zapote y anexos,perez perez wilfrido hernan,94e0f75eb8b007ec|COE|NA|16,NA,NA,NA,NA,NA,NA,FALSE,FALSE
94e0f75eb8b007ec,2019,COE,Guatemala,2019,COE,NA,17,87.77,Las Rosas,"Villatoro Villatoro, Rolando Belarmino",Washed,Gesha,Huehuetenango,https://allianceforcoffeeexcellence.org/guatemala-2019/,FALSE,reported,Washed,Washed,Conventional,NA,reported process,17,17,las rosas,villatoro villatoro rolando belarmino,94e0f75eb8b007ec|COE|NA|17,NA,NA,NA,NA,NA,NA,FALSE,FALSE
94e0f75eb8b007ec,2019,COE,Guatemala,2019,COE,NA,18,87.52,Santa Irene,"Porlamar, S. A.",Washed,Catuaí,Baja Verapaz,https://allianceforcoffeeexcellence.org/guatemala-2019/,FALSE,reported,Washed,Washed,Conventional,NA,reported process,18,18,santa irene,porlamar s a,94e0f75eb8b007ec|COE|NA|18,NA,NA,NA,NA,NA,NA,FALSE,FALSE
94e0f75eb8b007ec,2019,COE,Guatemala,2019,COE,NA,19,87.45,San Rafael,"Martinez Villatoro, Gerson Adoni",Washed,Maracaturra,Huehuetenango,https://allianceforcoffeeexcellence.org/guatemala-2019/,FALSE,reported,Washed,Washed,Conventional,NA,reported process,19,19,san rafael,martinez villatoro gerson adoni,94e0f75eb8b007ec|COE|NA|19,NA,NA,NA,NA,NA,NA,FALSE,FALSE
94e0f75eb8b007ec,2019,COE,Guatemala,2019,COE,NA,2a,90.14,Kalibus la Sierra,"Castillo Cerezo, Pompeyo",Washed,Gesha,El Progreso,https://allianceforcoffeeexcellence.org/guatemala-2019/,FALSE,reported,Washed,Washed,Conventional,NA,reported process,2A,2,kalibus la sierra,castillo cerezo pompeyo,94e0f75eb8b007ec|COE|NA|2,NA,NA,NA,NA,NA,NA,FALSE,FALSE
94e0f75eb8b007ec,2019,COE,Guatemala,2019,COE,NA,20,87.16,El Libano,"Perez Liquidano, Herbert Estuardo",Washed,Gesha,Chimaltenango,https://allianceforcoffeeexcellence.org/guatemala-2019/,FALSE,reported,Washed,Washed,Conventional,NA,reported process,20,20,el libano,perez liquidano herbert estuardo,94e0f75eb8b007ec|COE|NA|20,NA,NA,NA,NA,NA,NA,FALSE,FALSE
94e0f75eb8b007ec,2019,COE,Guatemala,2019,COE,NA,3a,90.03,El Injerto I,El Injerto Sociedad Anonima,Washed,Pacamara,Huehuetenango,https://allianceforcoffeeexcellence.org/guatemala-2019/,FALSE,reported,Washed,Washed,Conventional,NA,reported process,3A,3,el injerto i,el injerto sociedad anonima,94e0f75eb8b007ec|COE|NA|3,NA,NA,NA,NA,NA,NA,FALSE,FALSE
94e0f75eb8b007ec,2019,COE,Guatemala,2019,COE,NA,4,89.98,Río Dorado,"Monterroso Pineda, Jose Roberto",Natural,Pacamara,Jalapa,https://allianceforcoffeeexcellence.org/guatemala-2019/,FALSE,reported,Natural,Natural,Conventional,NA,reported process,4,4,rio dorado,monterroso pineda jose roberto,94e0f75eb8b007ec|COE|NA|4,NA,NA,NA,NA,NA,NA,FALSE,FALSE
94e0f75eb8b007ec,2019,COE,Guatemala,2019,COE,NA,5,89.72,Villaure,"Villatoro Castillo, Aurelio",Washed,Caturra,Huehuetenango,https://allianceforcoffeeexcellence.org/guatemala-2019/,FALSE,reported,Washed,Washed,Conventional,NA,reported process,5,5,villaure,villatoro castillo aurelio,94e0f75eb8b007ec|COE|NA|5,NA,NA,NA,NA,NA,NA,FALSE,FALSE
94e0f75eb8b007ec,2019,COE,Guatemala,2019,COE,NA,6,89.42,Los Lirios,"San Isidro Chacaya, S. A.",Washed,Typica,Sololá,https://allianceforcoffeeexcellence.org/guatemala-2019/,FALSE,reported,Washed,Washed,Conventional,NA,reported process,6,6,los lirios,san isidro chacaya s a,94e0f75eb8b007ec|COE|NA|6,NA,NA,NA,NA,NA,NA,FALSE,FALSE
94e0f75eb8b007ec,2019,COE,Guatemala,2019,COE,NA,7,89.41,La Reforma y Anexos,"La Reforma Y Asociados, S. A.",Washed,Gesha,Huehuetenango,https://allianceforcoffeeexcellence.org/guatemala-2019/,FALSE,reported,Washed,Washed,Conventional,NA,reported process,7,7,la reforma y anexos,la reforma y asociados s a,94e0f75eb8b007ec|COE|NA|7,NA,NA,NA,NA,NA,NA,FALSE,FALSE
94e0f75eb8b007ec,2019,COE,Guatemala,2019,COE,NA,8,89.25,El Morito,"Monterroso Pineda, Jose Roberto",Washed,Gesha,Jalapa,https://allianceforcoffeeexcellence.org/guatemala-2019/,FALSE,reported,Washed,Washed,Conventional,NA,reported process,8,8,el morito,monterroso pineda jose roberto,94e0f75eb8b007ec|COE|NA|8,NA,NA,NA,NA,NA,NA,FALSE,FALSE
94e0f75eb8b007ec,2019,COE,Guatemala,2019,COE,NA,9,88.83,El Centro,"Valladares Rodriguez,Inmer Abel",Washed,Gesha,Jalapa,https://allianceforcoffeeexcellence.org/guatemala-2019/,FALSE,reported,Washed,Washed,Conventional,NA,reported process,9,9,el centro,valladares rodriguez inmer abel,94e0f75eb8b007ec|COE|NA|9,NA,NA,NA,NA,NA,NA,FALSE,FALSE
e027de3eaca1fdbe,Guatemala 2021,COE,Guatemala,2021,COE,NA,1a,90.51,El Injerto I,El Injerto Sociedad Anonima,Washed,Gesha,Huehuetenango,https://allianceforcoffeeexcellence.org/guatemala-2021/,FALSE,reported,Washed,Washed,Conventional,NA,reported process,1A,1,el injerto i,el injerto sociedad anonima,e027de3eaca1fdbe|COE|NA|1,NA,NA,NA,NA,NA,NA,FALSE,FALSE
e027de3eaca1fdbe,Guatemala 2021,COE,Guatemala,2021,COE,NA,10,88.76,El Guachipilin,Aimee Lucia Perez Rios,Washed Anaerobic,Gesha,Chimaltenango,https://allianceforcoffeeexcellence.org/guatemala-2021/,FALSE,reported,Experimental,Washed,Experimental,Anaerobic,reported process,10,10,el guachipilin,aimee lucia perez rios,e027de3eaca1fdbe|COE|NA|10,Washed | Anaerobic,2021,2021,FALSE,TRUE,FALSE,TRUE,FALSE
e027de3eaca1fdbe,Guatemala 2021,COE,Guatemala,2021,COE,NA,11,88.11,El Amate Y Anexos,Petronilo De Jesus Martinez Castillo,Washed,Bourbon,Huehuetenango,https://allianceforcoffeeexcellence.org/guatemala-2021/,FALSE,reported,Washed,Washed,Conventional,NA,reported process,11,11,el amate y anexos,petronilo de jesus martinez castillo,e027de3eaca1fdbe|COE|NA|11,NA,NA,NA,NA,NA,NA,FALSE,FALSE
e027de3eaca1fdbe,Guatemala 2021,COE,Guatemala,2021,COE,NA,12,88.07,La Bella,"Xilate, S. A.",Natural,Gesha,El Progreso,https://allianceforcoffeeexcellence.org/guatemala-2021/,FALSE,reported,Natural,Natural,Conventional,NA,reported process,12,12,la bella,xilate s a,e027de3eaca1fdbe|COE|NA|12,NA,NA,NA,NA,NA,NA,FALSE,FALSE
e027de3eaca1fdbe,Guatemala 2021,COE,Guatemala,2021,COE,NA,13,88.03,Ponderosa,Wilfrido Hernan Perez Perez,Natural,Gesha,Huehuetenango,https://allianceforcoffeeexcellence.org/guatemala-2021/,FALSE,reported,Natural,Natural,Conventional,NA,reported process,13,13,ponderosa,wilfrido hernan perez perez,e027de3eaca1fdbe|COE|NA|13,NA,NA,NA,NA,NA,NA,FALSE,FALSE
e027de3eaca1fdbe,Guatemala 2021,COE,Guatemala,2021,COE,NA,14,88.01,San Patricio El Limon,Guadalupe Alberto Reyes Aguilar,Natural,Pacamara,Guatemala,https://allianceforcoffeeexcellence.org/guatemala-2021/,FALSE,reported,Natural,Natural,Conventional,NA,reported process,14,14,san patricio el limon,guadalupe alberto reyes aguilar,e027de3eaca1fdbe|COE|NA|14,NA,NA,NA,NA,NA,NA,FALSE,FALSE
e027de3eaca1fdbe,Guatemala 2021,COE,Guatemala,2021,COE,NA,15,87.93,El Tambor,"Los Moshos, S. A.",Washed,Pacamara,Guatemala,https://allianceforcoffeeexcellence.org/guatemala-2021/,FALSE,reported,Washed,Washed,Conventional,NA,reported process,15,15,el tambor,los moshos s a,e027de3eaca1fdbe|COE|NA|15,NA,NA,NA,NA,NA,NA,FALSE,FALSE
e027de3eaca1fdbe,Guatemala 2021,COE,Guatemala,2021,COE,NA,16,87.89,Plan De La Vega,Erwin Humberto Argueta Herrera,Washed,Bourbon & Caturra,Huehuetenango,https://allianceforcoffeeexcellence.org/guatemala-2021/,FALSE,reported,Washed,Washed,Conventional,NA,reported process,16,16,plan de la vega,erwin humberto argueta herrera,e027de3eaca1fdbe|COE|NA|16,NA,NA,NA,NA,NA,NA,FALSE,FALSE
e027de3eaca1fdbe,Guatemala 2021,COE,Guatemala,2021,COE,NA,17,87.64,San Antonio De Esquipulas Y Anexo,"Corporacion Mil, S. A.",Washed Anaerobic,Bourbon & Caturra,Huehuetenango,https://allianceforcoffeeexcellence.org/guatemala-2021/,FALSE,reported,Experimental,Washed,Experimental,Anaerobic,reported process,17,17,san antonio de esquipulas y anexo,corporacion mil s a,e027de3eaca1fdbe|COE|NA|17,Washed | Anaerobic,2021,2021,FALSE,TRUE,FALSE,TRUE,FALSE
e027de3eaca1fdbe,Guatemala 2021,COE,Guatemala,2021,COE,NA,18,87.57,Bella Elizabeth,Erwin Humberto Argueta Herrera,Washed,Bourbon & Caturra,Huehuetenango,https://allianceforcoffeeexcellence.org/guatemala-2021/,FALSE,reported,Washed,Washed,Conventional,NA,reported process,18,18,bella elizabeth,erwin humberto argueta herrera,e027de3eaca1fdbe|COE|NA|18,NA,NA,NA,NA,NA,NA,FALSE,FALSE
e027de3eaca1fdbe,Guatemala 2021,COE,Guatemala,2021,COE,NA,19,87.56,Santa Clara,Operadora Santa Clara Sociedad Anonima,Washed Anaerobic,Gesha,Sacatepequez,https://allianceforcoffeeexcellence.org/guatemala-2021/,FALSE,reported,Experimental,Washed,Experimental,Anaerobic,reported process,19,19,santa clara,operadora santa clara sociedad anonima,e027de3eaca1fdbe|COE|NA|19,Washed | Anaerobic,2021,2021,FALSE,TRUE,FALSE,TRUE,FALSE
e027de3eaca1fdbe,Guatemala 2021,COE,Guatemala,2021,COE,NA,2a,90.1,El Socorro,"Cercol, S. A.",Washed,Gesha,Guatemala,https://allianceforcoffeeexcellence.org/guatemala-2021/,FALSE,reported,Washed,Washed,Conventional,NA,reported process,2A,2,el socorro,cercol s a,e027de3eaca1fdbe|COE|NA|2,NA,NA,NA,NA,NA,NA,FALSE,FALSE
e027de3eaca1fdbe,Guatemala 2021,COE,Guatemala,2021,COE,NA,20,87.56,Guatalon,Guillermo Antonio Juarez Solares,Washed,Pacamara,Santa Rosa,https://allianceforcoffeeexcellence.org/guatemala-2021/,FALSE,reported,Washed,Washed,Conventional,NA,reported process,20,20,guatalon,guillermo antonio juarez solares,e027de3eaca1fdbe|COE|NA|20,NA,NA,NA,NA,NA,NA,FALSE,FALSE
e027de3eaca1fdbe,Guatemala 2021,COE,Guatemala,2021,COE,NA,21,87.49,La Hermosa,Max Fernando Perez Rios,Washed,Gesha,Chimaltenango,https://allianceforcoffeeexcellence.org/guatemala-2021/,FALSE,reported,Washed,Washed,Conventional,NA,reported process,21,21,la hermosa,max fernando perez rios,e027de3eaca1fdbe|COE|NA|21,NA,NA,NA,NA,NA,NA,FALSE,FALSE
e027de3eaca1fdbe,Guatemala 2021,COE,Guatemala,2021,COE,NA,22,87.46,El Refugio,Adony Osbaldo Perez Ramirez,Natural,Gesha,Huehuetenango,https://allianceforcoffeeexcellence.org/guatemala-2021/,FALSE,reported,Natural,Natural,Conventional,NA,reported process,22,22,el refugio,adony osbaldo perez ramirez,e027de3eaca1fdbe|COE|NA|22,NA,NA,NA,NA,NA,NA,FALSE,FALSE
e027de3eaca1fdbe,Guatemala 2021,COE,Guatemala,2021,COE,NA,23,87.44,Miramundo,"Naturavista, S. A.",Washed,Gesha,Santa Rosa,https://allianceforcoffeeexcellence.org/guatemala-2021/,FALSE,reported,Washed,Washed,Conventional,NA,reported process,23,23,miramundo,naturavista s a,e027de3eaca1fdbe|COE|NA|23,NA,NA,NA,NA,NA,NA,FALSE,FALSE
e027de3eaca1fdbe,Guatemala 2021,COE,Guatemala,2021,COE,NA,24,87.44,El Limonar,Rosa Maria Ovalle Mont,Natural,Pacamara,Huehuetenango,https://allianceforcoffeeexcellence.org/guatemala-2021/,FALSE,reported,Natural,Natural,Conventional,NA,reported process,24,24,el limonar,rosa maria ovalle mont,e027de3eaca1fdbe|COE|NA|24,NA,NA,NA,NA,NA,NA,FALSE,FALSE
e027de3eaca1fdbe,Guatemala 2021,COE,Guatemala,2021,COE,NA,25,87.33,Villaure,Aurelio Villatoro Castillo,Washed,Gesha & Bourbon,Huehuetenango,https://allianceforcoffeeexcellence.org/guatemala-2021/,FALSE,reported,Washed,Washed,Conventional,NA,reported process,25,25,villaure,aurelio villatoro castillo,e027de3eaca1fdbe|COE|NA|25,NA,NA,NA,NA,NA,NA,FALSE,FALSE
e027de3eaca1fdbe,Guatemala 2021,COE,Guatemala,2021,COE,NA,26,87.32,Flor Del Cafe,Adony Osbaldo Perez Ramirez,Washed,Gesha,Huehuetenango,https://allianceforcoffeeexcellence.org/guatemala-2021/,FALSE,reported,Washed,Washed,Conventional,NA,reported process,26,26,flor del cafe,adony osbaldo perez ramirez,e027de3eaca1fdbe|COE|NA|26,NA,NA,NA,NA,NA,NA,FALSE,FALSE
e027de3eaca1fdbe,Guatemala 2021,COE,Guatemala,2021,COE,NA,27,87.24,Mujba-La Union,Carlos Gonzalo Eduardo Rivas Quiroa,Washed,Pacamara,Huehuetenango,https://allianceforcoffeeexcellence.org/guatemala-2021/,FALSE,reported,Washed,Washed,Conventional,NA,reported process,27,27,mujba la union,carlos gonzalo eduardo rivas quiroa,e027de3eaca1fdbe|COE|NA|27,NA,NA,NA,NA,NA,NA,FALSE,FALSE
e027de3eaca1fdbe,Guatemala 2021,COE,Guatemala,2021,COE,NA,28,87.04,El Diamante,Florencio Villatoro Castillo,Washed,Maragogype,Huehuetenango,https://allianceforcoffeeexcellence.org/guatemala-2021/,FALSE,reported,Washed,Washed,Conventional,NA,reported process,28,28,el diamante,florencio villatoro castillo,e027de3eaca1fdbe|COE|NA|28,NA,NA,NA,NA,NA,NA,FALSE,FALSE
e027de3eaca1fdbe,Guatemala 2021,COE,Guatemala,2021,COE,NA,3a,90.03,Rosma,Fredy Milton Morales Merida,Washed,Gesha,Huehuetenango,https://allianceforcoffeeexcellence.org/guatemala-2021/,FALSE,reported,Washed,Washed,Conventional,NA,reported process,3A,3,rosma,fredy milton morales merida,e027de3eaca1fdbe|COE|NA|3,NA,NA,NA,NA,NA,NA,FALSE,FALSE
e027de3eaca1fdbe,Guatemala 2021,COE,Guatemala,2021,COE,NA,4,90.01,La Reforma Y Anexos,"La Reforma Y Asociados, S. A.",Washed,Gesha,Huehuetenango,https://allianceforcoffeeexcellence.org/guatemala-2021/,FALSE,reported,Washed,Washed,Conventional,NA,reported process,4,4,la reforma y anexos,la reforma y asociados s a,e027de3eaca1fdbe|COE|NA|4,NA,NA,NA,NA,NA,NA,FALSE,FALSE
e027de3eaca1fdbe,Guatemala 2021,COE,Guatemala,2021,COE,NA,5,89.46,Las Nubes Y Anexos,"Agricola Aspero, S.A.",Natural,Pacamara,Sacatepequez,https://allianceforcoffeeexcellence.org/guatemala-2021/,FALSE,reported,Natural,Natural,Conventional,NA,reported process,5,5,las nubes y anexos,agricola aspero s a,e027de3eaca1fdbe|COE|NA|5,NA,NA,NA,NA,NA,NA,FALSE,FALSE
e027de3eaca1fdbe,Guatemala 2021,COE,Guatemala,2021,COE,NA,6,89.41,Rio Dorado,Jose Roberto Monterroso Pineda,Washed Anaerobic,Pacamara,Jalapa,https://allianceforcoffeeexcellence.org/guatemala-2021/,FALSE,reported,Experimental,Washed,Experimental,Anaerobic,reported process,6,6,rio dorado,jose roberto monterroso pineda,e027de3eaca1fdbe|COE|NA|6,Washed | Anaerobic,2021,2021,FALSE,TRUE,FALSE,TRUE,FALSE
e027de3eaca1fdbe,Guatemala 2021,COE,Guatemala,2021,COE,NA,7,89.29,El Zapote Y Anexos,Wilfrido Hernan Perez Perez,Natural,Java,Huehuetenango,https://allianceforcoffeeexcellence.org/guatemala-2021/,FALSE,reported,Natural,Natural,Conventional,NA,reported process,7,7,el zapote y anexos,wilfrido hernan perez perez,e027de3eaca1fdbe|COE|NA|7,NA,NA,NA,NA,NA,NA,FALSE,FALSE
e027de3eaca1fdbe,Guatemala 2021,COE,Guatemala,2021,COE,NA,8,89.22,Montaña Helada,Sociedad Anonima Rocafe,Natural,Gesha,Jalapa,https://allianceforcoffeeexcellence.org/guatemala-2021/,FALSE,reported,Natural,Natural,Conventional,NA,reported process,8,8,montana helada,sociedad anonima rocafe,e027de3eaca1fdbe|COE|NA|8,NA,NA,NA,NA,NA,NA,FALSE,FALSE
e027de3eaca1fdbe,Guatemala 2021,COE,Guatemala,2021,COE,NA,9,89.07,Kape´Tenango,"Corporacion Maravilla, S. A.",Washed,SL-28,Huehuetenango,https://allianceforcoffeeexcellence.org/guatemala-2021/,FALSE,reported,Washed,Washed,Conventional,NA,reported process,9,9,kape tenango,corporacion maravilla s a,e027de3eaca1fdbe|COE|NA|9,NA,NA,NA,NA,NA,NA,FALSE,FALSE
8f48007819e94a7e,Guatemala 2022,COE,Guatemala,2022,COE,NA,1A,91.75,El Morito,Jose Roberto Monterroso Pineda,Washed,Gesha,Jalapa,https://allianceforcoffeeexcellence.org/guatemala-2022/,FALSE,reported,Washed,Washed,Conventional,NA,reported process,1A,1,el morito,jose roberto monterroso pineda,8f48007819e94a7e|COE|NA|1,NA,NA,NA,NA,NA,NA,FALSE,FALSE
8f48007819e94a7e,Guatemala 2022,COE,Guatemala,2022,COE,NA,10,88.23,Montaña Helada,"Rocafe, Sociedad Anonima",Natural,Gesha,Jalapa,https://allianceforcoffeeexcellence.org/guatemala-2022/,FALSE,reported,Natural,Natural,Conventional,NA,reported process,10,10,montana helada,rocafe sociedad anonima,8f48007819e94a7e|COE|NA|10,NA,NA,NA,NA,NA,NA,FALSE,FALSE
8f48007819e94a7e,Guatemala 2022,COE,Guatemala,2022,COE,NA,11,88.2,Guatalon,Guillermo Antonio Juarez Solares,Washed,Pacamara,Santa Rosa,https://allianceforcoffeeexcellence.org/guatemala-2022/,FALSE,reported,Washed,Washed,Conventional,NA,reported process,11,11,guatalon,guillermo antonio juarez solares,8f48007819e94a7e|COE|NA|11,NA,NA,NA,NA,NA,NA,FALSE,FALSE
8f48007819e94a7e,Guatemala 2022,COE,Guatemala,2022,COE,NA,12,88.15,San Jeronimo Miramar Y Anexo Santa Isabel,Finca San Jeronimo Miramar Sociedad Anonima,Honey,Gesha,Suchitepequez,https://allianceforcoffeeexcellence.org/guatemala-2022/,FALSE,reported,Honey / pulped natural,Honey / pulped natural,Conventional,NA,reported process,12,12,san jeronimo miramar y anexo santa isabel,finca san jeronimo miramar sociedad anonima,8f48007819e94a7e|COE|NA|12,NA,NA,NA,NA,NA,NA,FALSE,FALSE
8f48007819e94a7e,Guatemala 2022,COE,Guatemala,2022,COE,NA,13,88.1,Ponderosa,Wilfrido Hernán Pérez Pérez,Natural,Pacamara,Huehuetenango,https://allianceforcoffeeexcellence.org/guatemala-2022/,FALSE,reported,Natural,Natural,Conventional,NA,reported process,13,13,ponderosa,wilfrido hernan perez perez,8f48007819e94a7e|COE|NA|13,NA,NA,NA,NA,NA,NA,FALSE,FALSE
8f48007819e94a7e,Guatemala 2022,COE,Guatemala,2022,COE,NA,14,88.08,La Hermosa,Max Fernando Perez Rios,Natural,Gesha,Chimaltenango,https://allianceforcoffeeexcellence.org/guatemala-2022/,FALSE,reported,Natural,Natural,Conventional,NA,reported process,14,14,la hermosa,max fernando perez rios,8f48007819e94a7e|COE|NA|14,NA,NA,NA,NA,NA,NA,FALSE,FALSE
8f48007819e94a7e,Guatemala 2022,COE,Guatemala,2022,COE,NA,15,88.07,Bella Vista,Arcenio Castillo Villatoro,Natural,Gesha,Huehuetenango,https://allianceforcoffeeexcellence.org/guatemala-2022/,FALSE,reported,Natural,Natural,Conventional,NA,reported process,15,15,bella vista,arcenio castillo villatoro,8f48007819e94a7e|COE|NA|15,NA,NA,NA,NA,NA,NA,FALSE,FALSE
8f48007819e94a7e,Guatemala 2022,COE,Guatemala,2022,COE,NA,16,87.93,El Muñeco,Claudia Maria Abril Valencia,Natural,Gesha,Chimaltenango,https://allianceforcoffeeexcellence.org/guatemala-2022/,FALSE,reported,Natural,Natural,Conventional,NA,reported process,16,16,el muneco,claudia maria abril valencia,8f48007819e94a7e|COE|NA|16,NA,NA,NA,NA,NA,NA,FALSE,FALSE
8f48007819e94a7e,Guatemala 2022,COE,Guatemala,2022,COE,NA,17,87.88,Hacienda Del Cafe,Leonardo Rene Perez Hidalgo,Washed,Gesha,Huehuetenango,https://allianceforcoffeeexcellence.org/guatemala-2022/,FALSE,reported,Washed,Washed,Conventional,NA,reported process,17,17,hacienda del cafe,leonardo rene perez hidalgo,8f48007819e94a7e|COE|NA|17,NA,NA,NA,NA,NA,NA,FALSE,FALSE
8f48007819e94a7e,Guatemala 2022,COE,Guatemala,2022,COE,NA,18,87.87,Miramundo,"Naturavista, S. A.",Washed,Gesha,Santa Rosa,https://allianceforcoffeeexcellence.org/guatemala-2022/,FALSE,reported,Washed,Washed,Conventional,NA,reported process,18,18,miramundo,naturavista s a,8f48007819e94a7e|COE|NA|18,NA,NA,NA,NA,NA,NA,FALSE,FALSE
8f48007819e94a7e,Guatemala 2022,COE,Guatemala,2022,COE,NA,19,87.85,La Bugambilia,Guillermo Antonio Juarez Solares,Natural,Pacamara,Santa Rosa,https://allianceforcoffeeexcellence.org/guatemala-2022/,FALSE,reported,Natural,Natural,Conventional,NA,reported process,19,19,la bugambilia,guillermo antonio juarez solares,8f48007819e94a7e|COE|NA|19,NA,NA,NA,NA,NA,NA,FALSE,FALSE
8f48007819e94a7e,Guatemala 2022,COE,Guatemala,2022,COE,NA,2A,91.33,El Injerto I,El Injerto Sociedad Anonima,Washed,Gesha,Huehuetenango,https://allianceforcoffeeexcellence.org/guatemala-2022/,FALSE,reported,Washed,Washed,Conventional,NA,reported process,2A,2,el injerto i,el injerto sociedad anonima,8f48007819e94a7e|COE|NA|2,NA,NA,NA,NA,NA,NA,FALSE,FALSE
8f48007819e94a7e,Guatemala 2022,COE,Guatemala,2022,COE,NA,20,87.78,Chualax,"Agrocomercial Santa Felisa, Sociedad Anonima",Natural,Gesha,Chimaltenango,https://allianceforcoffeeexcellence.org/guatemala-2022/,FALSE,reported,Natural,Natural,Conventional,NA,reported process,20,20,chualax,agrocomercial santa felisa sociedad anonima,8f48007819e94a7e|COE|NA|20,NA,NA,NA,NA,NA,NA,FALSE,FALSE
8f48007819e94a7e,Guatemala 2022,COE,Guatemala,2022,COE,NA,21,87.67,Pastores,"Inversiones Pililina, Sociedad Anonima",Washed,Gesha,Sacatepequez,https://allianceforcoffeeexcellence.org/guatemala-2022/,FALSE,reported,Washed,Washed,Conventional,NA,reported process,21,21,pastores,inversiones pililina sociedad anonima,8f48007819e94a7e|COE|NA|21,NA,NA,NA,NA,NA,NA,FALSE,FALSE
8f48007819e94a7e,Guatemala 2022,COE,Guatemala,2022,COE,NA,22,87.63,Idolia,"Azucar Y Cafe, S. A.",Washed,Gesha,Santa Rosa,https://allianceforcoffeeexcellence.org/guatemala-2022/,FALSE,reported,Washed,Washed,Conventional,NA,reported process,22,22,idolia,azucar y cafe s a,8f48007819e94a7e|COE|NA|22,NA,NA,NA,NA,NA,NA,FALSE,FALSE
8f48007819e94a7e,Guatemala 2022,COE,Guatemala,2022,COE,NA,23,87.57,El Retiro Del Quisaya,"Ditega, Sociedad Anonima",Washed,Gesha,Chimaltenango,https://allianceforcoffeeexcellence.org/guatemala-2022/,FALSE,reported,Washed,Washed,Conventional,NA,reported process,23,23,el retiro del quisaya,ditega sociedad anonima,8f48007819e94a7e|COE|NA|23,NA,NA,NA,NA,NA,NA,FALSE,FALSE
8f48007819e94a7e,Guatemala 2022,COE,Guatemala,2022,COE,NA,24,87.5,Puerta Verde,"Puerta Verde, S. A.",Washed,Pacamara,Sacatepequez,https://allianceforcoffeeexcellence.org/guatemala-2022/,FALSE,reported,Washed,Washed,Conventional,NA,reported process,24,24,puerta verde,puerta verde s a,8f48007819e94a7e|COE|NA|24,NA,NA,NA,NA,NA,NA,FALSE,FALSE
8f48007819e94a7e,Guatemala 2022,COE,Guatemala,2022,COE,NA,25,87.45,El Tambor,"Los Moshos, S. A.",Washed,Pacamara,Guatemala,https://allianceforcoffeeexcellence.org/guatemala-2022/,FALSE,reported,Washed,Washed,Conventional,NA,reported process,25,25,el tambor,los moshos s a,8f48007819e94a7e|COE|NA|25,NA,NA,NA,NA,NA,NA,FALSE,FALSE
8f48007819e94a7e,Guatemala 2022,COE,Guatemala,2022,COE,NA,26,87.4,El Zapote Y Anexos,Wilfrido Hernán Pérez Pérez,Natural,Gesha,Huehuetenango,https://allianceforcoffeeexcellence.org/guatemala-2022/,FALSE,reported,Natural,Natural,Conventional,NA,reported process,26,26,el zapote y anexos,wilfrido hernan perez perez,8f48007819e94a7e|COE|NA|26,NA,NA,NA,NA,NA,NA,FALSE,FALSE
8f48007819e94a7e,Guatemala 2022,COE,Guatemala,2022,COE,NA,27,87.37,Coop. Agricola Integral Chicoj. R.L.,"Coop. Agricola Integral Chicoj, R. L.",Honey,Caturra,Alta Verapaz,https://allianceforcoffeeexcellence.org/guatemala-2022/,FALSE,reported,Honey / pulped natural,Honey / pulped natural,Conventional,NA,reported process,27,27,coop agricola integral chicoj r l,coop agricola integral chicoj r l,8f48007819e94a7e|COE|NA|27,NA,NA,NA,NA,NA,NA,FALSE,FALSE
8f48007819e94a7e,Guatemala 2022,COE,Guatemala,2022,COE,NA,28,87.3,El Diamante,Florencio Villatoro Castillo,Washed,Maragogype,Huehuetenango,https://allianceforcoffeeexcellence.org/guatemala-2022/,FALSE,reported,Washed,Washed,Conventional,NA,reported process,28,28,el diamante,florencio villatoro castillo,8f48007819e94a7e|COE|NA|28,NA,NA,NA,NA,NA,NA,FALSE,FALSE
8f48007819e94a7e,Guatemala 2022,COE,Guatemala,2022,COE,NA,29,87.3,Santa Ana,"Azucar Y Cafe, S. A.",Honey,Gesha,Santa Rosa,https://allianceforcoffeeexcellence.org/guatemala-2022/,FALSE,reported,Honey / pulped natural,Honey / pulped natural,Conventional,NA,reported process,29,29,santa ana,azucar y cafe s a,8f48007819e94a7e|COE|NA|29,NA,NA,NA,NA,NA,NA,FALSE,FALSE
8f48007819e94a7e,Guatemala 2022,COE,Guatemala,2022,COE,NA,3A,90.13,Rosma,Fredy Milton Morales Merida,Washed,Gesha,Huehuetenango,https://allianceforcoffeeexcellence.org/guatemala-2022/,FALSE,reported,Washed,Washed,Conventional,NA,reported process,3A,3,rosma,fredy milton morales merida,8f48007819e94a7e|COE|NA|3,NA,NA,NA,NA,NA,NA,FALSE,FALSE
8f48007819e94a7e,Guatemala 2022,COE,Guatemala,2022,COE,NA,30,87.23,Tehuya Barrera Y A.,Agricola Industrial Santa Rosa S.A.,Washed,Borbon,Chimaltenango,https://allianceforcoffeeexcellence.org/guatemala-2022/,FALSE,reported,Washed,Washed,Conventional,NA,reported process,30,30,tehuya barrera y a,agricola industrial santa rosa s a,8f48007819e94a7e|COE|NA|30,NA,NA,NA,NA,NA,NA,FALSE,FALSE
8f48007819e94a7e,Guatemala 2022,COE,Guatemala,2022,COE,NA,4,89.9,La Gran Manzana,Angel Alejandro Morales De La Peña,Natural,Gesha,Huehuetenango,https://allianceforcoffeeexcellence.org/guatemala-2022/,FALSE,reported,Natural,Natural,Conventional,NA,reported process,4,4,la gran manzana,angel alejandro morales de la pena,8f48007819e94a7e|COE|NA|4,NA,NA,NA,NA,NA,NA,FALSE,FALSE
8f48007819e94a7e,Guatemala 2022,COE,Guatemala,2022,COE,NA,5,89.67,El Paraxaj,"Agrocomercial Santa Felisa, Sociedad Anonima",Natural,Pacamara,Chimaltenango,https://allianceforcoffeeexcellence.org/guatemala-2022/,FALSE,reported,Natural,Natural,Conventional,NA,reported process,5,5,el paraxaj,agrocomercial santa felisa sociedad anonima,8f48007819e94a7e|COE|NA|5,NA,NA,NA,NA,NA,NA,FALSE,FALSE
8f48007819e94a7e,Guatemala 2022,COE,Guatemala,2022,COE,NA,6,89.57,La Labor Y Anexo,"Empresa Rancho Dulce, S. A.",Natural,Gesha,Guatemala,https://allianceforcoffeeexcellence.org/guatemala-2022/,FALSE,reported,Natural,Natural,Conventional,NA,reported process,6,6,la labor y anexo,empresa rancho dulce s a,8f48007819e94a7e|COE|NA|6,NA,NA,NA,NA,NA,NA,FALSE,FALSE
8f48007819e94a7e,Guatemala 2022,COE,Guatemala,2022,COE,NA,7,88.95,La Reforma Y Anexos,"La Reforma Y Asociados, S. A.",Washed,Gesha,Huehuetenango,https://allianceforcoffeeexcellence.org/guatemala-2022/,FALSE,reported,Washed,Washed,Conventional,NA,reported process,7,7,la reforma y anexos,la reforma y asociados s a,8f48007819e94a7e|COE|NA|7,NA,NA,NA,NA,NA,NA,FALSE,FALSE
8f48007819e94a7e,Guatemala 2022,COE,Guatemala,2022,COE,NA,8,88.93,Mama Cata,Max Fernando Perez Rios,Washed,Gesha,Chimaltenango,https://allianceforcoffeeexcellence.org/guatemala-2022/,FALSE,reported,Washed,Washed,Conventional,NA,reported process,8,8,mama cata,max fernando perez rios,8f48007819e94a7e|COE|NA|8,NA,NA,NA,NA,NA,NA,FALSE,FALSE
8f48007819e94a7e,Guatemala 2022,COE,Guatemala,2022,COE,NA,9,88.82,Kalibus La Sierra,Pompeyo Castillo Cerezo,Washed,Gesha,El Progreso,https://allianceforcoffeeexcellence.org/guatemala-2022/,FALSE,reported,Washed,Washed,Conventional,NA,reported process,9,9,kalibus la sierra,pompeyo castillo cerezo,8f48007819e94a7e|COE|NA|9,NA,NA,NA,NA,NA,NA,FALSE,FALSE
7271aa2d4ce78a13,Guatemala 2023,COE,Guatemala,2023,COE,NA,1a,91.13,EL SOCORRO,"CERCOL, S. A.",WASHED,GESHA,GUATEMALA,https://allianceforcoffeeexcellence.org/guatemala-2023/,FALSE,reported,Washed,Washed,Conventional,NA,reported process,1A,1,el socorro,cercol s a,7271aa2d4ce78a13|COE|NA|1,NA,NA,NA,NA,NA,NA,FALSE,FALSE
7271aa2d4ce78a13,Guatemala 2023,COE,Guatemala,2023,COE,NA,10,88.46,SANTA ELISA PACHUP,"PROYECTOS DEL PACIFICO, S. A.",WASHED,GESHA,CHIMALTENANGO,https://allianceforcoffeeexcellence.org/guatemala-2023/,FALSE,reported,Washed,Washed,Conventional,NA,reported process,10,10,santa elisa pachup,proyectos del pacifico s a,7271aa2d4ce78a13|COE|NA|10,NA,NA,NA,NA,NA,NA,FALSE,FALSE
7271aa2d4ce78a13,Guatemala 2023,COE,Guatemala,2023,COE,NA,11,88.3,SAN JUAN,MARIA DE LA LUZ ELIZABETH HEGEL DE GUISE,WASHED,Borbon Amarillo,SACATEPEQUEZ,https://allianceforcoffeeexcellence.org/guatemala-2023/,FALSE,reported,Washed,Washed,Conventional,NA,reported process,11,11,san juan,maria de la luz elizabeth hegel de guise,7271aa2d4ce78a13|COE|NA|11,NA,NA,NA,NA,NA,NA,FALSE,FALSE
7271aa2d4ce78a13,Guatemala 2023,COE,Guatemala,2023,COE,NA,12,88.27,EL AMATE Y ANEXOS,PETRONILO DE JESUS MARTINEZ CASTILLO,WASHED,Borbon,HUEHUETENANGO,https://allianceforcoffeeexcellence.org/guatemala-2023/,FALSE,reported,Washed,Washed,Conventional,NA,reported process,12,12,el amate y anexos,petronilo de jesus martinez castillo,7271aa2d4ce78a13|COE|NA|12,NA,NA,NA,NA,NA,NA,FALSE,FALSE
7271aa2d4ce78a13,Guatemala 2023,COE,Guatemala,2023,COE,NA,13,88.13,LA BUGAMBILIA,GUILLERMO ANTONIO JUAREZ SOLARES,Natural,Pacamara,SANTA ROSA,https://allianceforcoffeeexcellence.org/guatemala-2023/,FALSE,reported,Natural,Natural,Conventional,NA,reported process,13,13,la bugambilia,guillermo antonio juarez solares,7271aa2d4ce78a13|COE|NA|13,NA,NA,NA,NA,NA,NA,FALSE,FALSE
7271aa2d4ce78a13,Guatemala 2023,COE,Guatemala,2023,COE,NA,14,88.04,GUATALON,GUILLERMO ANTONIO JUAREZ SOLARES,WASHED,Pacamara,SANTA ROSA,https://allianceforcoffeeexcellence.org/guatemala-2023/,FALSE,reported,Washed,Washed,Conventional,NA,reported process,14,14,guatalon,guillermo antonio juarez solares,7271aa2d4ce78a13|COE|NA|14,NA,NA,NA,NA,NA,NA,FALSE,FALSE
7271aa2d4ce78a13,Guatemala 2023,COE,Guatemala,2023,COE,NA,15,87.91,LAS MACADAMIAS,"LAS MACADAMIAS, SOCIEDAD ANONIMA",WASHED,GESHA,HUEHUETENANGO,https://allianceforcoffeeexcellence.org/guatemala-2023/,FALSE,reported,Washed,Washed,Conventional,NA,reported process,15,15,las macadamias,las macadamias sociedad anonima,7271aa2d4ce78a13|COE|NA|15,NA,NA,NA,NA,NA,NA,FALSE,FALSE
7271aa2d4ce78a13,Guatemala 2023,COE,Guatemala,2023,COE,NA,16,87.88,BELLA VISTA,ARCENIO CASTILLO VILLATORO,Natural,GESHA,HUEHUETENANGO,https://allianceforcoffeeexcellence.org/guatemala-2023/,FALSE,reported,Natural,Natural,Conventional,NA,reported process,16,16,bella vista,arcenio castillo villatoro,7271aa2d4ce78a13|COE|NA|16,NA,NA,NA,NA,NA,NA,FALSE,FALSE
7271aa2d4ce78a13,Guatemala 2023,COE,Guatemala,2023,COE,NA,17,87.86,AGUA TIBIA Y ANEXOS,"INDUSTRIAS AGRICOLAS CENTRO AMERICANAS, S. A.",Natural,GESHA,GUATEMALA,https://allianceforcoffeeexcellence.org/guatemala-2023/,FALSE,reported,Natural,Natural,Conventional,NA,reported process,17,17,agua tibia y anexos,industrias agricolas centro americanas s a,7271aa2d4ce78a13|COE|NA|17,NA,NA,NA,NA,NA,NA,FALSE,FALSE
7271aa2d4ce78a13,Guatemala 2023,COE,Guatemala,2023,COE,NA,18,87.7,CASCADA ENCANTADA,"RALEX CREATIVO, S. A.",WASHED,Pacamara,HUEHUETENANGO,https://allianceforcoffeeexcellence.org/guatemala-2023/,FALSE,reported,Washed,Washed,Conventional,NA,reported process,18,18,cascada encantada,ralex creativo s a,7271aa2d4ce78a13|COE|NA|18,NA,NA,NA,NA,NA,NA,FALSE,FALSE
7271aa2d4ce78a13,Guatemala 2023,COE,Guatemala,2023,COE,NA,19,87.64,EL ZAPOTE Y ANEXOS,WILFRIDO HERNÁN PÉREZ PÉREZ,WASHED,GESHA,HUEHUETENANGO,https://allianceforcoffeeexcellence.org/guatemala-2023/,FALSE,reported,Washed,Washed,Conventional,NA,reported process,19,19,el zapote y anexos,wilfrido hernan perez perez,7271aa2d4ce78a13|COE|NA|19,NA,NA,NA,NA,NA,NA,FALSE,FALSE
7271aa2d4ce78a13,Guatemala 2023,COE,Guatemala,2023,COE,NA,2a,90.82,ROSMA,FREDY MILTON MORALES MERIDA,WASHED,GESHA,HUEHUETENANGO,https://allianceforcoffeeexcellence.org/guatemala-2023/,FALSE,reported,Washed,Washed,Conventional,NA,reported process,2A,2,rosma,fredy milton morales merida,7271aa2d4ce78a13|COE|NA|2,NA,NA,NA,NA,NA,NA,FALSE,FALSE
7271aa2d4ce78a13,Guatemala 2023,COE,Guatemala,2023,COE,NA,20,87.63,ANTIGUA BUENA VISTA Y ANEXOS,"ENTRE CAMINOS, S. A.",WASHED,Borbon,SACATEPEQUEZ,https://allianceforcoffeeexcellence.org/guatemala-2023/,FALSE,reported,Washed,Washed,Conventional,NA,reported process,20,20,antigua buena vista y anexos,entre caminos s a,7271aa2d4ce78a13|COE|NA|20,NA,NA,NA,NA,NA,NA,FALSE,FALSE
7271aa2d4ce78a13,Guatemala 2023,COE,Guatemala,2023,COE,NA,21,87.61,SIERRA ROJA,LORENA CASTILLO CASTELLANOS,WASHED,GESHA,EL PROGRESO,https://allianceforcoffeeexcellence.org/guatemala-2023/,FALSE,reported,Washed,Washed,Conventional,NA,reported process,21,21,sierra roja,lorena castillo castellanos,7271aa2d4ce78a13|COE|NA|21,NA,NA,NA,NA,NA,NA,FALSE,FALSE
7271aa2d4ce78a13,Guatemala 2023,COE,Guatemala,2023,COE,NA,22,87.52,LA CANOA,MARIO RENE FRIELY PAREDES Y EDGAR ALBERTO AGUILAR MONTERROSO,WASHED,GESHA,SANTA ROSA,https://allianceforcoffeeexcellence.org/guatemala-2023/,FALSE,reported,Washed,Washed,Conventional,NA,reported process,22,22,la canoa,mario rene friely paredes y edgar alberto aguilar monterroso,7271aa2d4ce78a13|COE|NA|22,NA,NA,NA,NA,NA,NA,FALSE,FALSE
7271aa2d4ce78a13,Guatemala 2023,COE,Guatemala,2023,COE,NA,23,87.39,LAS HORTENSIAS,CARLOS GONZALO EDUARDO RIVAS QUIROA,WASHED,GESHA,HUEHUETENANGO,https://allianceforcoffeeexcellence.org/guatemala-2023/,FALSE,reported,Washed,Washed,Conventional,NA,reported process,23,23,las hortensias,carlos gonzalo eduardo rivas quiroa,7271aa2d4ce78a13|COE|NA|23,NA,NA,NA,NA,NA,NA,FALSE,FALSE
7271aa2d4ce78a13,Guatemala 2023,COE,Guatemala,2023,COE,NA,24,87.3,LOS JUTES,"AGROCOMERCIAL SANTA FELISA, SOCIEDAD ANONIMA",Natural,GESHA,CHIMALTENANGO,https://allianceforcoffeeexcellence.org/guatemala-2023/,FALSE,reported,Natural,Natural,Conventional,NA,reported process,24,24,los jutes,agrocomercial santa felisa sociedad anonima,7271aa2d4ce78a13|COE|NA|24,NA,NA,NA,NA,NA,NA,FALSE,FALSE
7271aa2d4ce78a13,Guatemala 2023,COE,Guatemala,2023,COE,NA,25,87.27,LA ESPERANZA,PEDRO VILLATORO CASTILLO,Natural,Borbon,HUEHUETENANGO,https://allianceforcoffeeexcellence.org/guatemala-2023/,FALSE,reported,Natural,Natural,Conventional,NA,reported process,25,25,la esperanza,pedro villatoro castillo,7271aa2d4ce78a13|COE|NA|25,NA,NA,NA,NA,NA,NA,FALSE,FALSE
7271aa2d4ce78a13,Guatemala 2023,COE,Guatemala,2023,COE,NA,26,87.18,GRANO DE ORO,FIDELINO HERNANDEZ GARCIA,WASHED,Borbon,HUEHUETENANGO,https://allianceforcoffeeexcellence.org/guatemala-2023/,FALSE,reported,Washed,Washed,Conventional,NA,reported process,26,26,grano de oro,fidelino hernandez garcia,7271aa2d4ce78a13|COE|NA|26,NA,NA,NA,NA,NA,NA,FALSE,FALSE
7271aa2d4ce78a13,Guatemala 2023,COE,Guatemala,2023,COE,NA,27,87.16,PAMPOJILA Y ANEXOS,"AGROPECUARIA ATITLAN, SOCIEDAD ANONIMA",Natural,"Caturra,RUI-11",SOLOLA,https://allianceforcoffeeexcellence.org/guatemala-2023/,FALSE,reported,Natural,Natural,Conventional,NA,reported process,27,27,pampojila y anexos,agropecuaria atitlan sociedad anonima,7271aa2d4ce78a13|COE|NA|27,NA,NA,NA,NA,NA,NA,FALSE,FALSE
7271aa2d4ce78a13,Guatemala 2023,COE,Guatemala,2023,COE,NA,28,87.02,LA QUINA,"FAGS, S. A.",WASHED,Caturra,GUATEMALA,https://allianceforcoffeeexcellence.org/guatemala-2023/,FALSE,reported,Washed,Washed,Conventional,NA,reported process,28,28,la quina,fags s a,7271aa2d4ce78a13|COE|NA|28,NA,NA,NA,NA,NA,NA,FALSE,FALSE
7271aa2d4ce78a13,Guatemala 2023,COE,Guatemala,2023,COE,NA,3a,90.45,LA REFORMA Y ANEXOS,"LA REFORMA Y ASOCIADOS, S. A.",WASHED,GESHA,HUEHUETENANGO,https://allianceforcoffeeexcellence.org/guatemala-2023/,FALSE,reported,Washed,Washed,Conventional,NA,reported process,3A,3,la reforma y anexos,la reforma y asociados s a,7271aa2d4ce78a13|COE|NA|3,NA,NA,NA,NA,NA,NA,FALSE,FALSE
7271aa2d4ce78a13,Guatemala 2023,COE,Guatemala,2023,COE,NA,4,89.91,LA COLINA,EMILIO ANTONIO MEDINA GARCIA,WASHED,GESHA,CHIMALTENANGO,https://allianceforcoffeeexcellence.org/guatemala-2023/,FALSE,reported,Washed,Washed,Conventional,NA,reported process,4,4,la colina,emilio antonio medina garcia,7271aa2d4ce78a13|COE|NA|4,NA,NA,NA,NA,NA,NA,FALSE,FALSE
7271aa2d4ce78a13,Guatemala 2023,COE,Guatemala,2023,COE,NA,5,89.73,COYOTE BLANCO-SAC UTIÚ,POMPEYO CASTILLO CEREZO,WASHED,GESHA,EL PROGRESO,https://allianceforcoffeeexcellence.org/guatemala-2023/,FALSE,reported,Washed,Washed,Conventional,NA,reported process,5,5,coyote blanco sac utiu,pompeyo castillo cerezo,7271aa2d4ce78a13|COE|NA|5,NA,NA,NA,NA,NA,NA,FALSE,FALSE
7271aa2d4ce78a13,Guatemala 2023,COE,Guatemala,2023,COE,NA,6,89.7,SAN JOSE DE LA BUENA ESPERANZA,ERICK DE LA ROCA GARAVITO,Honey,GESHA,CHIMALTENANGO,https://allianceforcoffeeexcellence.org/guatemala-2023/,FALSE,reported,Honey / pulped natural,Honey / pulped natural,Conventional,NA,reported process,6,6,san jose de la buena esperanza,erick de la roca garavito,7271aa2d4ce78a13|COE|NA|6,NA,NA,NA,NA,NA,NA,FALSE,FALSE
7271aa2d4ce78a13,Guatemala 2023,COE,Guatemala,2023,COE,NA,7,89.66,MIRAMUNDO,"NATURAVISTA, S. A.",WASHED,GESHA,SANTA ROSA,https://allianceforcoffeeexcellence.org/guatemala-2023/,FALSE,reported,Washed,Washed,Conventional,NA,reported process,7,7,miramundo,naturavista s a,7271aa2d4ce78a13|COE|NA|7,NA,NA,NA,NA,NA,NA,FALSE,FALSE
7271aa2d4ce78a13,Guatemala 2023,COE,Guatemala,2023,COE,NA,8,89.21,MONTAÑA HELADA,"ROCAFE, SOCIEDAD ANONIMA",WASHED,GESHA,JALAPA,https://allianceforcoffeeexcellence.org/guatemala-2023/,FALSE,reported,Washed,Washed,Conventional,NA,reported process,8,8,montana helada,rocafe sociedad anonima,7271aa2d4ce78a13|COE|NA|8,NA,NA,NA,NA,NA,NA,FALSE,FALSE
7271aa2d4ce78a13,Guatemala 2023,COE,Guatemala,2023,COE,NA,9,88.96,EL MUÑECO,CLAUDIA MARIA ABRIL VALENCIA,Natural,GESHA,CHIMALTENANGO,https://allianceforcoffeeexcellence.org/guatemala-2023/,FALSE,reported,Natural,Natural,Conventional,NA,reported process,9,9,el muneco,claudia maria abril valencia,7271aa2d4ce78a13|COE|NA|9,NA,NA,NA,NA,NA,NA,FALSE,FALSE
a888e8977fcf5201,Guatemala 2024,COE,Guatemala,2024,COE,Exotic Washed,1A,91.27,La Reforma Y Anexos,"La Reforma Y Asociados, S. A.",Washed,Geisha,Huehuetenango,https://allianceforcoffeeexcellence.org/guatemala-2024/,FALSE,reported,Washed,Washed,Conventional,NA,reported process,1A,1,la reforma y anexos,la reforma y asociados s a,a888e8977fcf5201|COE|Exotic Washed|1,NA,NA,NA,NA,NA,NA,FALSE,FALSE
a888e8977fcf5201,Guatemala 2024,COE,Guatemala,2024,COE,Exotic Natural & Honey,1A,90.2,Bella Vista,Arcenio Castillo Villatoro,Natural,Geisha,Huehuetenango,https://allianceforcoffeeexcellence.org/guatemala-2024/,FALSE,reported,Natural,Natural,Conventional,NA,reported process,1A,1,bella vista,arcenio castillo villatoro,a888e8977fcf5201|COE|Exotic Natural & Honey|1,NA,NA,NA,NA,NA,NA,FALSE,FALSE
a888e8977fcf5201,Guatemala 2024,COE,Guatemala,2024,COE,One Of A Kind,1,89.59,Bella Elizabeth,Erwin Humberto Argueta Herrera,Washed,"Borbon,Pache,Caturra",Huehuetenango,https://allianceforcoffeeexcellence.org/guatemala-2024/,FALSE,reported,Washed,Washed,Conventional,NA,reported process,1,1,bella elizabeth,erwin humberto argueta herrera,a888e8977fcf5201|COE|One Of A Kind|1,NA,NA,NA,NA,NA,NA,FALSE,FALSE
a888e8977fcf5201,Guatemala 2024,COE,Guatemala,2024,COE,Exotic Washed,10,87.67,Hacienda Del Cafe,Leonardo Rene Perez Hidalgo,Washed,Geisha,Huehuetenango,https://allianceforcoffeeexcellence.org/guatemala-2024/,FALSE,reported,Washed,Washed,Conventional,NA,reported process,10,10,hacienda del cafe,leonardo rene perez hidalgo,a888e8977fcf5201|COE|Exotic Washed|10,NA,NA,NA,NA,NA,NA,FALSE,FALSE
a888e8977fcf5201,Guatemala 2024,COE,Guatemala,2024,COE,Exotic Washed,11,87.5,Vista Hermosa,Edgar Orlando Hernandez Lucas,Washed,Geisha,Huehuetenango,https://allianceforcoffeeexcellence.org/guatemala-2024/,FALSE,reported,Washed,Washed,Conventional,NA,reported process,11,11,vista hermosa,edgar orlando hernandez lucas,a888e8977fcf5201|COE|Exotic Washed|11,NA,NA,NA,NA,NA,NA,FALSE,FALSE
a888e8977fcf5201,Guatemala 2024,COE,Guatemala,2024,COE,Exotic Washed,12,87.47,Coyote Blanco-Sac Utiú,Pompeyo Castillo Cerezo,Washed,Geisha,El Progreso,https://allianceforcoffeeexcellence.org/guatemala-2024/,FALSE,reported,Washed,Washed,Conventional,NA,reported process,12,12,coyote blanco sac utiu,pompeyo castillo cerezo,a888e8977fcf5201|COE|Exotic Washed|12,NA,NA,NA,NA,NA,NA,FALSE,FALSE
a888e8977fcf5201,Guatemala 2024,COE,Guatemala,2024,COE,Exotic Washed,13,87.22,Santa Isabel,"Agricola Valmar, S. A.",Washed,SL-28,Alta Verapaz,https://allianceforcoffeeexcellence.org/guatemala-2024/,FALSE,reported,Washed,Washed,Conventional,NA,reported process,13,13,santa isabel,agricola valmar s a,a888e8977fcf5201|COE|Exotic Washed|13,NA,NA,NA,NA,NA,NA,FALSE,FALSE
a888e8977fcf5201,Guatemala 2024,COE,Guatemala,2024,COE,Exotic Washed,2,90.56,Las Macadamias,"Las Macadamias, Sociedad Anonima",Washed,Pacamara,Huehuetenango,https://allianceforcoffeeexcellence.org/guatemala-2024/,FALSE,reported,Washed,Washed,Conventional,NA,reported process,2,2,las macadamias,las macadamias sociedad anonima,a888e8977fcf5201|COE|Exotic Washed|2,NA,NA,NA,NA,NA,NA,FALSE,FALSE
a888e8977fcf5201,Guatemala 2024,COE,Guatemala,2024,COE,Exotic Natural & Honey,2,90.19,El Zapote Y Anexos,Wilfrido Hernán Pérez Pérez,Natural,Geisha,Huehuetenango,https://allianceforcoffeeexcellence.org/guatemala-2024/,FALSE,reported,Natural,Natural,Conventional,NA,reported process,2,2,el zapote y anexos,wilfrido hernan perez perez,a888e8977fcf5201|COE|Exotic Natural & Honey|2,NA,NA,NA,NA,NA,NA,FALSE,FALSE
a888e8977fcf5201,Guatemala 2024,COE,Guatemala,2024,COE,One Of A Kind,2,89.28,Plan De La Vega,Erwin Humberto Argueta Herrera,Natural,"Borbon,Caturra",Huehuetenango,https://allianceforcoffeeexcellence.org/guatemala-2024/,FALSE,reported,Natural,Natural,Conventional,NA,reported process,2,2,plan de la vega,erwin humberto argueta herrera,a888e8977fcf5201|COE|One Of A Kind|2,NA,NA,NA,NA,NA,NA,FALSE,FALSE
a888e8977fcf5201,Guatemala 2024,COE,Guatemala,2024,COE,Exotic Washed,3,89.94,El Eden,Leonardo Rene Perez Hidalgo,Washed,Geisha,Huehuetenango,https://allianceforcoffeeexcellence.org/guatemala-2024/,FALSE,reported,Washed,Washed,Conventional,NA,reported process,3,3,el eden,leonardo rene perez hidalgo,a888e8977fcf5201|COE|Exotic Washed|3,NA,NA,NA,NA,NA,NA,FALSE,FALSE
a888e8977fcf5201,Guatemala 2024,COE,Guatemala,2024,COE,Exotic Natural & Honey,3,89.8,La Gran Manzana,Angel Alejandro Morales De La Peña,Natural,Geisha,Huehuetenango,https://allianceforcoffeeexcellence.org/guatemala-2024/,FALSE,reported,Natural,Natural,Conventional,NA,reported process,3,3,la gran manzana,angel alejandro morales de la pena,a888e8977fcf5201|COE|Exotic Natural & Honey|3,NA,NA,NA,NA,NA,NA,FALSE,FALSE
a888e8977fcf5201,Guatemala 2024,COE,Guatemala,2024,COE,One Of A Kind,3,89.23,La Cima,"Quality Exports Of Guatemala, S. A.",Natural,Centroamericano H1,Guatemala,https://allianceforcoffeeexcellence.org/guatemala-2024/,FALSE,reported,Natural,Natural,Conventional,NA,reported process,3,3,la cima,quality exports of guatemala s a,a888e8977fcf5201|COE|One Of A Kind|3,NA,NA,NA,NA,NA,NA,FALSE,FALSE
a888e8977fcf5201,Guatemala 2024,COE,Guatemala,2024,COE,Exotic Washed,4,89.31,Rosma,Fredy Milton Morales Merida,Washed,Geisha,Huehuetenango,https://allianceforcoffeeexcellence.org/guatemala-2024/,FALSE,reported,Washed,Washed,Conventional,NA,reported process,4,4,rosma,fredy milton morales merida,a888e8977fcf5201|COE|Exotic Washed|4,NA,NA,NA,NA,NA,NA,FALSE,FALSE
a888e8977fcf5201,Guatemala 2024,COE,Guatemala,2024,COE,Exotic Natural & Honey,4,89.53,Ponderosa,Wilfrido Hernán Pérez Pérez,Natural,Pacamara,Huehuetenango,https://allianceforcoffeeexcellence.org/guatemala-2024/,FALSE,reported,Natural,Natural,Conventional,NA,reported process,4,4,ponderosa,wilfrido hernan perez perez,a888e8977fcf5201|COE|Exotic Natural & Honey|4,NA,NA,NA,NA,NA,NA,FALSE,FALSE
a888e8977fcf5201,Guatemala 2024,COE,Guatemala,2024,COE,One Of A Kind,4,88.97,Coop. Agricola Integral Chicoj. R.L.,"Coop. Agricola Integral Chicoj, R. L.   [o]",Natural,Caturra,Alta Verapaz,https://allianceforcoffeeexcellence.org/guatemala-2024/,FALSE,reported,Natural,Natural,Conventional,NA,reported process,4,4,coop agricola integral chicoj r l,coop agricola integral chicoj r l o,a888e8977fcf5201|COE|One Of A Kind|4,NA,NA,NA,NA,NA,NA,FALSE,FALSE
a888e8977fcf5201,Guatemala 2024,COE,Guatemala,2024,COE,Exotic Washed,5,88.83,El Socorro,"Cercol, S. A.",Washed,Geisha,Guatemala,https://allianceforcoffeeexcellence.org/guatemala-2024/,FALSE,reported,Washed,Washed,Conventional,NA,reported process,5,5,el socorro,cercol s a,a888e8977fcf5201|COE|Exotic Washed|5,NA,NA,NA,NA,NA,NA,FALSE,FALSE
a888e8977fcf5201,Guatemala 2024,COE,Guatemala,2024,COE,Exotic Natural & Honey,5,88.89,Morelia,"Rocafe, Sociedad Anonima",Honey,Geisha,Santa Rosa,https://allianceforcoffeeexcellence.org/guatemala-2024/,FALSE,reported,Honey / pulped natural,Honey / pulped natural,Conventional,NA,reported process,5,5,morelia,rocafe sociedad anonima,a888e8977fcf5201|COE|Exotic Natural & Honey|5,NA,NA,NA,NA,NA,NA,FALSE,FALSE
a888e8977fcf5201,Guatemala 2024,COE,Guatemala,2024,COE,One Of A Kind,5,88.2,Los Conejos,Julio Cesar Ordoñez Montenegro   [w],Natural,Catisit,Santa Rosa,https://allianceforcoffeeexcellence.org/guatemala-2024/,FALSE,reported,Natural,Natural,Conventional,NA,reported process,5,5,los conejos,julio cesar ordonez montenegro w,a888e8977fcf5201|COE|One Of A Kind|5,NA,NA,NA,NA,NA,NA,FALSE,FALSE
a888e8977fcf5201,Guatemala 2024,COE,Guatemala,2024,COE,Exotic Washed,6,88.3,Guatalon,Guillermo Antonio Juarez Solares,Washed,Pacamara,Santa Rosa,https://allianceforcoffeeexcellence.org/guatemala-2024/,FALSE,reported,Washed,Washed,Conventional,NA,reported process,6,6,guatalon,guillermo antonio juarez solares,a888e8977fcf5201|COE|Exotic Washed|6,NA,NA,NA,NA,NA,NA,FALSE,FALSE
a888e8977fcf5201,Guatemala 2024,COE,Guatemala,2024,COE,Exotic Natural & Honey,6,87.61,La Bugambilia,Guillermo Antonio Juarez Solares,Natural,Pacamara,Santa Rosa,https://allianceforcoffeeexcellence.org/guatemala-2024/,FALSE,reported,Natural,Natural,Conventional,NA,reported process,6,6,la bugambilia,guillermo antonio juarez solares,a888e8977fcf5201|COE|Exotic Natural & Honey|6,NA,NA,NA,NA,NA,NA,FALSE,FALSE
a888e8977fcf5201,Guatemala 2024,COE,Guatemala,2024,COE,One Of A Kind,6,87.7,La Bolsa,"Negocios Comerciales Internacionales, S. A.",Washed,"Borbon,Caturra",Huehuetenango,https://allianceforcoffeeexcellence.org/guatemala-2024/,FALSE,reported,Washed,Washed,Conventional,NA,reported process,6,6,la bolsa,negocios comerciales internacionales s a,a888e8977fcf5201|COE|One Of A Kind|6,NA,NA,NA,NA,NA,NA,FALSE,FALSE
a888e8977fcf5201,Guatemala 2024,COE,Guatemala,2024,COE,Exotic Washed,7,88.19,Villaure,Aurelio Villatoro Castillo,Washed,Geisha,Huehuetenango,https://allianceforcoffeeexcellence.org/guatemala-2024/,FALSE,reported,Washed,Washed,Conventional,NA,reported process,7,7,villaure,aurelio villatoro castillo,a888e8977fcf5201|COE|Exotic Washed|7,NA,NA,NA,NA,NA,NA,FALSE,FALSE
a888e8977fcf5201,Guatemala 2024,COE,Guatemala,2024,COE,One Of A Kind,7,87.5,La Tacita,"Agricola La Tacita, S. A.",Washed,Borbon,Sacatepequez,https://allianceforcoffeeexcellence.org/guatemala-2024/,FALSE,reported,Washed,Washed,Conventional,NA,reported process,7,7,la tacita,agricola la tacita s a,a888e8977fcf5201|COE|One Of A Kind|7,NA,NA,NA,NA,NA,NA,FALSE,FALSE
a888e8977fcf5201,Guatemala 2024,COE,Guatemala,2024,COE,Exotic Washed,8,88.14,Kalibus La Sierra,Pompeyo Castillo Cerezo,Washed,Geisha,El Progreso,https://allianceforcoffeeexcellence.org/guatemala-2024/,FALSE,reported,Washed,Washed,Conventional,NA,reported process,8,8,kalibus la sierra,pompeyo castillo cerezo,a888e8977fcf5201|COE|Exotic Washed|8,NA,NA,NA,NA,NA,NA,FALSE,FALSE
a888e8977fcf5201,Guatemala 2024,COE,Guatemala,2024,COE,One Of A Kind,8,87.3,El Cipres,Israel Marroquin Ramos,Honey,Sarchimor,Baja Verapaz,https://allianceforcoffeeexcellence.org/guatemala-2024/,FALSE,reported,Honey / pulped natural,Honey / pulped natural,Conventional,NA,reported process,8,8,el cipres,israel marroquin ramos,a888e8977fcf5201|COE|One Of A Kind|8,NA,NA,NA,NA,NA,NA,FALSE,FALSE
a888e8977fcf5201,Guatemala 2024,COE,Guatemala,2024,COE,Exotic Washed,9,88.13,Montaña Helada,"Rocafe, Sociedad Anonima",Washed,Geisha,Jalapa,https://allianceforcoffeeexcellence.org/guatemala-2024/,FALSE,reported,Washed,Washed,Conventional,NA,reported process,9,9,montana helada,rocafe sociedad anonima,a888e8977fcf5201|COE|Exotic Washed|9,NA,NA,NA,NA,NA,NA,FALSE,FALSE
a888e8977fcf5201,Guatemala 2024,COE,Guatemala,2024,COE,One Of A Kind,9,87.22,Calahute Alto,"Cafe don Alfonso, S. A.",Honey,"Borbon,Caturra,Catuaí",Huehuetenango,https://allianceforcoffeeexcellence.org/guatemala-2024/,FALSE,reported,Honey / pulped natural,Honey / pulped natural,Conventional,NA,reported process,9,9,calahute alto,cafe don alfonso s a,a888e8977fcf5201|COE|One Of A Kind|9,NA,NA,NA,NA,NA,NA,FALSE,FALSE
b0fc9afec2b36341,Guatemala 2025,COE,Guatemala,2025,COE,Exotic Washed,1A,91.15,La Gran Manzana,"Morales De La Peña, Angel Alejandro",Washed,Geisha,Huehuetenango,https://allianceforcoffeeexcellence.org/guatemala-2025/,FALSE,reported,Washed,Washed,Conventional,NA,reported process,1A,1,la gran manzana,morales de la pena angel alejandro,b0fc9afec2b36341|COE|Exotic Washed|1,NA,NA,NA,NA,NA,NA,FALSE,FALSE
b0fc9afec2b36341,Guatemala 2025,COE,Guatemala,2025,COE,Exotic Natural & Honey,1A,91.04,Las Macadamias,"Las Macadamias, Sociedad Anonima",Natural,Geisha,La Libertad,https://allianceforcoffeeexcellence.org/guatemala-2025/,FALSE,reported,Natural,Natural,Conventional,NA,reported process,1A,1,las macadamias,las macadamias sociedad anonima,b0fc9afec2b36341|COE|Exotic Natural & Honey|1,NA,NA,NA,NA,NA,NA,FALSE,FALSE
b0fc9afec2b36341,Guatemala 2025,COE,Guatemala,2025,COE,One Of A Kind,1A,89.26,El Nazareno,"Anzueto Sandoval, Alfonso Augusto",Natural,"Borbon, Caturra, Catuai Amarillo, Typica, H1 Y Parainema",Huehuetenango,https://allianceforcoffeeexcellence.org/guatemala-2025/,FALSE,reported,Natural,Natural,Conventional,NA,reported process,1A,1,el nazareno,anzueto sandoval alfonso augusto,b0fc9afec2b36341|COE|One Of A Kind|1,NA,NA,NA,NA,NA,NA,FALSE,FALSE
b0fc9afec2b36341,Guatemala 2025,COE,Guatemala,2025,COE,Exotic Washed,10,87.5,La Peña,"Calderon Neutze, Jose Eduardo",Washed,Pacamara,Palencia,https://allianceforcoffeeexcellence.org/guatemala-2025/,FALSE,reported,Washed,Washed,Conventional,NA,reported process,10,10,la pena,calderon neutze jose eduardo,b0fc9afec2b36341|COE|Exotic Washed|10,NA,NA,NA,NA,NA,NA,FALSE,FALSE
b0fc9afec2b36341,Guatemala 2025,COE,Guatemala,2025,COE,Exotic Natural & Honey,10,87.75,La Bolsa,Maria Elena Vides,Natural,Pacamara,La Libertad,https://allianceforcoffeeexcellence.org/guatemala-2025/,FALSE,reported,Natural,Natural,Conventional,NA,reported process,10,10,la bolsa,maria elena vides,b0fc9afec2b36341|COE|Exotic Natural & Honey|10,NA,NA,NA,NA,NA,NA,FALSE,FALSE
b0fc9afec2b36341,Guatemala 2025,COE,Guatemala,2025,COE,Exotic Washed,11,87.5,Sierra Roja,"Castillo Castellanos, Lorena",Washed,"Geisha,Villa Sarchi",San Cristobal Acasaguastlán,https://allianceforcoffeeexcellence.org/guatemala-2025/,FALSE,reported,Washed,Washed,Conventional,NA,reported process,11,11,sierra roja,castillo castellanos lorena,b0fc9afec2b36341|COE|Exotic Washed|11,NA,NA,NA,NA,NA,NA,FALSE,FALSE
b0fc9afec2b36341,Guatemala 2025,COE,Guatemala,2025,COE,Exotic Washed,12,87.44,Guatalon,"Juarez Solares, Guillermo Antonio",Washed,Pacamara,Santa Rosa de Lima,https://allianceforcoffeeexcellence.org/guatemala-2025/,FALSE,reported,Washed,Washed,Conventional,NA,reported process,12,12,guatalon,juarez solares guillermo antonio,b0fc9afec2b36341|COE|Exotic Washed|12,NA,NA,NA,NA,NA,NA,FALSE,FALSE
b0fc9afec2b36341,Guatemala 2025,COE,Guatemala,2025,COE,Exotic Washed,2,90.9,El Morito,"Monterroso Pineda, Jose Roberto",Washed,Geisha,Mataquescuintla,https://allianceforcoffeeexcellence.org/guatemala-2025/,FALSE,reported,Washed,Washed,Conventional,NA,reported process,2,2,el morito,monterroso pineda jose roberto,b0fc9afec2b36341|COE|Exotic Washed|2,NA,NA,NA,NA,NA,NA,FALSE,FALSE
b0fc9afec2b36341,Guatemala 2025,COE,Guatemala,2025,COE,Exotic Natural & Honey,2,90.53,Morelia,Jose Roberto Monterroso Pineda,Honey,Geisha,Nueva Santa Rosa,https://allianceforcoffeeexcellence.org/guatemala-2025/,FALSE,reported,Honey / pulped natural,Honey / pulped natural,Conventional,NA,reported process,2,2,morelia,jose roberto monterroso pineda,b0fc9afec2b36341|COE|Exotic Natural & Honey|2,NA,NA,NA,NA,NA,NA,FALSE,FALSE
b0fc9afec2b36341,Guatemala 2025,COE,Guatemala,2025,COE,One Of A Kind,2,89.09,Bella Elizabeth,"Argueta Herrera, Erwin Humberto",Washed,"Borbon,Caturra",San Pedro Necta,https://allianceforcoffeeexcellence.org/guatemala-2025/,FALSE,reported,Washed,Washed,Conventional,NA,reported process,2,2,bella elizabeth,argueta herrera erwin humberto,b0fc9afec2b36341|COE|One Of A Kind|2,NA,NA,NA,NA,NA,NA,FALSE,FALSE
b0fc9afec2b36341,Guatemala 2025,COE,Guatemala,2025,COE,Exotic Washed,3,90.65,El Socorro,Juan Diego De la Cerda Bianchi,Washed,Geisha,Palencia,https://allianceforcoffeeexcellence.org/guatemala-2025/,FALSE,reported,Washed,Washed,Conventional,NA,reported process,3,3,el socorro,juan diego de la cerda bianchi,b0fc9afec2b36341|COE|Exotic Washed|3,NA,NA,NA,NA,NA,NA,FALSE,FALSE
b0fc9afec2b36341,Guatemala 2025,COE,Guatemala,2025,COE,Exotic Natural & Honey,3,89.25,Los Jutes,Anabella Meneses Hernández,Natural,Geisha,Acatenango,https://allianceforcoffeeexcellence.org/guatemala-2025/,FALSE,reported,Natural,Natural,Conventional,NA,reported process,3,3,los jutes,anabella meneses hernandez,b0fc9afec2b36341|COE|Exotic Natural & Honey|3,NA,NA,NA,NA,NA,NA,FALSE,FALSE
b0fc9afec2b36341,Guatemala 2025,COE,Guatemala,2025,COE,One Of A Kind,3,89.06,Granito De Oro,Arcenio Castillo Villatoro,Washed,"Borbon Amarillo,Catuaí amarillo",Cuilco,https://allianceforcoffeeexcellence.org/guatemala-2025/,FALSE,reported,Washed,Washed,Conventional,NA,reported process,3,3,granito de oro,arcenio castillo villatoro,b0fc9afec2b36341|COE|One Of A Kind|3,NA,NA,NA,NA,NA,NA,FALSE,FALSE
b0fc9afec2b36341,Guatemala 2025,COE,Guatemala,2025,COE,Exotic Washed,4,89.38,Hacienda Del Café,"Pérez Castillo, Anapaula",Washed,Geisha,Huehuetenango,https://allianceforcoffeeexcellence.org/guatemala-2025/,FALSE,reported,Washed,Washed,Conventional,NA,reported process,4,4,hacienda del cafe,perez castillo anapaula,b0fc9afec2b36341|COE|Exotic Washed|4,NA,NA,NA,NA,NA,NA,FALSE,FALSE
b0fc9afec2b36341,Guatemala 2025,COE,Guatemala,2025,COE,Exotic Natural & Honey,4,89.21,La Cookies,"Perez Rios, Max Fernando",Natural,Geisha,Acatenango,https://allianceforcoffeeexcellence.org/guatemala-2025/,FALSE,reported,Natural,Natural,Conventional,NA,reported process,4,4,la cookies,perez rios max fernando,b0fc9afec2b36341|COE|Exotic Natural & Honey|4,NA,NA,NA,NA,NA,NA,FALSE,FALSE
b0fc9afec2b36341,Guatemala 2025,COE,Guatemala,2025,COE,One Of A Kind,4,87.65,El Vergel,Marco Vinicio Ramirez Mejicanos,Natural,"Borbon,Catuaí,Anacafe 14",San Rafael Pie de la Cuesta,https://allianceforcoffeeexcellence.org/guatemala-2025/,FALSE,reported,Natural,Natural,Conventional,NA,reported process,4,4,el vergel,marco vinicio ramirez mejicanos,b0fc9afec2b36341|COE|One Of A Kind|4,NA,NA,NA,NA,NA,NA,FALSE,FALSE
b0fc9afec2b36341,Guatemala 2025,COE,Guatemala,2025,COE,Exotic Washed,5,89.24,El Injerto I,Arturo Aguirre Escobar,Washed,Geisha,La Libertad,https://allianceforcoffeeexcellence.org/guatemala-2025/,FALSE,reported,Washed,Washed,Conventional,NA,reported process,5,5,el injerto i,arturo aguirre escobar,b0fc9afec2b36341|COE|Exotic Washed|5,NA,NA,NA,NA,NA,NA,FALSE,FALSE
b0fc9afec2b36341,Guatemala 2025,COE,Guatemala,2025,COE,Exotic Natural & Honey,5,88.79,Bella Vista,"Castillo Villatoro, Arcenio",Natural,Geisha,Cuilco,https://allianceforcoffeeexcellence.org/guatemala-2025/,FALSE,reported,Natural,Natural,Conventional,NA,reported process,5,5,bella vista,castillo villatoro arcenio,b0fc9afec2b36341|COE|Exotic Natural & Honey|5,NA,NA,NA,NA,NA,NA,FALSE,FALSE
b0fc9afec2b36341,Guatemala 2025,COE,Guatemala,2025,COE,One Of A Kind,5,87.56,Los Arroyos,"Martinez Lopez, Felipe Venancio",Washed,Borbon Amarillo,La Libertad,https://allianceforcoffeeexcellence.org/guatemala-2025/,FALSE,reported,Washed,Washed,Conventional,NA,reported process,5,5,los arroyos,martinez lopez felipe venancio,b0fc9afec2b36341|COE|One Of A Kind|5,NA,NA,NA,NA,NA,NA,FALSE,FALSE
b0fc9afec2b36341,Guatemala 2025,COE,Guatemala,2025,COE,Exotic Washed,6,88.76,Rosma,Alejandro Morales de la Peña,Washed,Geisha,San Pedro Necta,https://allianceforcoffeeexcellence.org/guatemala-2025/,FALSE,reported,Washed,Washed,Conventional,NA,reported process,6,6,rosma,alejandro morales de la pena,b0fc9afec2b36341|COE|Exotic Washed|6,NA,NA,NA,NA,NA,NA,FALSE,FALSE
b0fc9afec2b36341,Guatemala 2025,COE,Guatemala,2025,COE,Exotic Natural & Honey,6,88.62,La Florida,Teodoro Engelhardt,Natural,Pacamara,San Cristobal Acasaguastlán,https://allianceforcoffeeexcellence.org/guatemala-2025/,FALSE,reported,Natural,Natural,Conventional,NA,reported process,6,6,la florida,teodoro engelhardt,b0fc9afec2b36341|COE|Exotic Natural & Honey|6,NA,NA,NA,NA,NA,NA,FALSE,FALSE
b0fc9afec2b36341,Guatemala 2025,COE,Guatemala,2025,COE,One Of A Kind,6,87.47,La Tormenta,Roberto Chéves,Honey,Villa Sarchi,San Agustín Acasaguastlán,https://allianceforcoffeeexcellence.org/guatemala-2025/,FALSE,reported,Honey / pulped natural,Honey / pulped natural,Conventional,NA,reported process,6,6,la tormenta,roberto cheves,b0fc9afec2b36341|COE|One Of A Kind|6,NA,NA,NA,NA,NA,NA,FALSE,FALSE
b0fc9afec2b36341,Guatemala 2025,COE,Guatemala,2025,COE,Exotic Washed,7,88.16,Villaure,"Villatoro Castillo, Aurelio",Washed,Geisha,Cuilco,https://allianceforcoffeeexcellence.org/guatemala-2025/,FALSE,reported,Washed,Washed,Conventional,NA,reported process,7,7,villaure,villatoro castillo aurelio,b0fc9afec2b36341|COE|Exotic Washed|7,NA,NA,NA,NA,NA,NA,FALSE,FALSE
b0fc9afec2b36341,Guatemala 2025,COE,Guatemala,2025,COE,Exotic Natural & Honey,7,88.46,Pampojila Y Anexos,Edgard Murelles Orellana,Natural,RUIRU-11,San Lucas Tolimán,https://allianceforcoffeeexcellence.org/guatemala-2025/,FALSE,reported,Natural,Natural,Conventional,NA,reported process,7,7,pampojila y anexos,edgard murelles orellana,b0fc9afec2b36341|COE|Exotic Natural & Honey|7,NA,NA,NA,NA,NA,NA,FALSE,FALSE
b0fc9afec2b36341,Guatemala 2025,COE,Guatemala,2025,COE,One Of A Kind,7,87.34,Granja El Tempixque,Sebastian Falla,Washed,Catuaí,San Miguel Dueñas,https://allianceforcoffeeexcellence.org/guatemala-2025/,FALSE,reported,Washed,Washed,Conventional,NA,reported process,7,7,granja el tempixque,sebastian falla,b0fc9afec2b36341|COE|One Of A Kind|7,NA,NA,NA,NA,NA,NA,FALSE,FALSE
b0fc9afec2b36341,Guatemala 2025,COE,Guatemala,2025,COE,Exotic Washed,8,87.79,Vista Hermosa,"Hernandez Lucas, Edgar Orlando",Washed,Geisha,Cuilco,https://allianceforcoffeeexcellence.org/guatemala-2025/,FALSE,reported,Washed,Washed,Conventional,NA,reported process,8,8,vista hermosa,hernandez lucas edgar orlando,b0fc9afec2b36341|COE|Exotic Washed|8,NA,NA,NA,NA,NA,NA,FALSE,FALSE
b0fc9afec2b36341,Guatemala 2025,COE,Guatemala,2025,COE,Exotic Natural & Honey,8,88.38,San Patricio El Limon,"Reyes Aguilar, Guadalupe Alberto",Natural,Pacamara,Palencia,https://allianceforcoffeeexcellence.org/guatemala-2025/,FALSE,reported,Natural,Natural,Conventional,NA,reported process,8,8,san patricio el limon,reyes aguilar guadalupe alberto,b0fc9afec2b36341|COE|Exotic Natural & Honey|8,NA,NA,NA,NA,NA,NA,FALSE,FALSE
b0fc9afec2b36341,Guatemala 2025,COE,Guatemala,2025,COE,One Of A Kind,8,87.21,El Diamante,Aurelio Villatoro,Washed,Borbon,Cuilco,https://allianceforcoffeeexcellence.org/guatemala-2025/,FALSE,reported,Washed,Washed,Conventional,NA,reported process,8,8,el diamante,aurelio villatoro,b0fc9afec2b36341|COE|One Of A Kind|8,NA,NA,NA,NA,NA,NA,FALSE,FALSE
b0fc9afec2b36341,Guatemala 2025,COE,Guatemala,2025,COE,Exotic Washed,9,87.66,Plan De La Vega,"Argueta Herrera, Erwin Humberto",Washed,Maragogype,Unión Cantinil,https://allianceforcoffeeexcellence.org/guatemala-2025/,FALSE,reported,Washed,Washed,Conventional,NA,reported process,9,9,plan de la vega,argueta herrera erwin humberto,b0fc9afec2b36341|COE|Exotic Washed|9,NA,NA,NA,NA,NA,NA,FALSE,FALSE
b0fc9afec2b36341,Guatemala 2025,COE,Guatemala,2025,COE,Exotic Natural & Honey,9,87.99,San Isidro Chacaya,"San Isidro Chacaya, S. A.",Natural,"Pacamara,Pacamara Amarrillo",Santiago Atitlán,https://allianceforcoffeeexcellence.org/guatemala-2025/,FALSE,reported,Natural,Natural,Conventional,NA,reported process,9,9,san isidro chacaya,san isidro chacaya s a,b0fc9afec2b36341|COE|Exotic Natural & Honey|9,NA,NA,NA,NA,NA,NA,FALSE,FALSE
ef7f110ca8ad65a5,2018,COE,Honduras,2018,COE,NA,1A,93.43,San Francisco,Fabio Antonio Caballero Martinez,Washed,Geisha Emperador,"Marcala, La Paz",https://allianceforcoffeeexcellence.org/honduras-2018/,FALSE,reported,Washed,Washed,Conventional,NA,reported process,1A,1,san francisco,fabio antonio caballero martinez,ef7f110ca8ad65a5|COE|NA|1,NA,NA,NA,NA,NA,NA,FALSE,FALSE
ef7f110ca8ad65a5,2018,COE,Honduras,2018,COE,NA,10,88.71,El Cielito Lindo,Extreberto Caceres Gutierrez,Washed,Pacas,"Santa Barbara, Santa Barbara",https://allianceforcoffeeexcellence.org/honduras-2018/,FALSE,reported,Washed,Washed,Conventional,NA,reported process,10,10,el cielito lindo,extreberto caceres gutierrez,ef7f110ca8ad65a5|COE|NA|10,NA,NA,NA,NA,NA,NA,FALSE,FALSE
ef7f110ca8ad65a5,2018,COE,Honduras,2018,COE,NA,11,88.18,Los Chorritos,Donulfo Midence,Washed,Parainema,"Teupasenti, El Paraiso",https://allianceforcoffeeexcellence.org/honduras-2018/,FALSE,reported,Washed,Washed,Conventional,NA,reported process,11,11,los chorritos,donulfo midence,ef7f110ca8ad65a5|COE|NA|11,NA,NA,NA,NA,NA,NA,FALSE,FALSE
ef7f110ca8ad65a5,2018,COE,Honduras,2018,COE,NA,12,87.93,Las Tres Peñas,Duvis Alexis Moreno Reyes,Washed,Pacas,"Las Vegas, Santa Barbara",https://allianceforcoffeeexcellence.org/honduras-2018/,FALSE,reported,Washed,Washed,Conventional,NA,reported process,12,12,las tres penas,duvis alexis moreno reyes,ef7f110ca8ad65a5|COE|NA|12,NA,NA,NA,NA,NA,NA,FALSE,FALSE
ef7f110ca8ad65a5,2018,COE,Honduras,2018,COE,NA,13,87.89,Don Andres,Josue Nahun Fernandez Sabillon,Washed,Parainema,"Santa Barbara, Santa Barbara",https://allianceforcoffeeexcellence.org/honduras-2018/,FALSE,reported,Washed,Washed,Conventional,NA,reported process,13,13,don andres,josue nahun fernandez sabillon,ef7f110ca8ad65a5|COE|NA|13,NA,NA,NA,NA,NA,NA,FALSE,FALSE
ef7f110ca8ad65a5,2018,COE,Honduras,2018,COE,NA,14,87.86,El Brujo,Benjamin Paz Muñoz,Washed,Parainema,"Concepcion del Sur, Santa Barbara",https://allianceforcoffeeexcellence.org/honduras-2018/,FALSE,reported,Washed,Washed,Conventional,NA,reported process,14,14,el brujo,benjamin paz munoz,ef7f110ca8ad65a5|COE|NA|14,NA,NA,NA,NA,NA,NA,FALSE,FALSE
ef7f110ca8ad65a5,2018,COE,Honduras,2018,COE,NA,15,87.79,El Naranjo,Carmen Fabiola Fiallos Melendez,Washed,Catuai,"Marcala, La Paz",https://allianceforcoffeeexcellence.org/honduras-2018/,FALSE,reported,Washed,Washed,Conventional,NA,reported process,15,15,el naranjo,carmen fabiola fiallos melendez,ef7f110ca8ad65a5|COE|NA|15,NA,NA,NA,NA,NA,NA,FALSE,FALSE
ef7f110ca8ad65a5,2018,COE,Honduras,2018,COE,NA,16,87.75,Moreno,Pedro Moreno,Washed,Bourbon,"Las Vegas, Santa Barbara",https://allianceforcoffeeexcellence.org/honduras-2018/,FALSE,reported,Washed,Washed,Conventional,NA,reported process,16,16,moreno,pedro moreno,ef7f110ca8ad65a5|COE|NA|16,NA,NA,NA,NA,NA,NA,FALSE,FALSE
ef7f110ca8ad65a5,2018,COE,Honduras,2018,COE,NA,17,87.71,La Sierra,Osman Pineda Alvarado,Washed,Parainema,"Las Vegas, Santa Barbara",https://allianceforcoffeeexcellence.org/honduras-2018/,FALSE,reported,Washed,Washed,Conventional,NA,reported process,17,17,la sierra,osman pineda alvarado,ef7f110ca8ad65a5|COE|NA|17,NA,NA,NA,NA,NA,NA,FALSE,FALSE
ef7f110ca8ad65a5,2018,COE,Honduras,2018,COE,NA,18,87.68,Nacimiento # 1,Job Neel Cacerez Diaz,Washed,Pacas,"Santa Barbara, Santa Barbara",https://allianceforcoffeeexcellence.org/honduras-2018/,FALSE,reported,Washed,Washed,Conventional,NA,reported process,18,18,nacimiento 1,job neel cacerez diaz,ef7f110ca8ad65a5|COE|NA|18,NA,NA,NA,NA,NA,NA,FALSE,FALSE
ef7f110ca8ad65a5,2018,COE,Honduras,2018,COE,NA,19,87.57,Patriarca,Martin Galeas Mejia,Washed,Ihcafe-90,"Santiago De Puringla, La Paz",https://allianceforcoffeeexcellence.org/honduras-2018/,FALSE,reported,Washed,Washed,Conventional,NA,reported process,19,19,patriarca,martin galeas mejia,ef7f110ca8ad65a5|COE|NA|19,NA,NA,NA,NA,NA,NA,FALSE,FALSE
ef7f110ca8ad65a5,2018,COE,Honduras,2018,COE,NA,2A,92.64,Los Pinos,Remiery Orlando Carvajal Guevara,Washed,Typica,"San Andres, Lempira",https://allianceforcoffeeexcellence.org/honduras-2018/,FALSE,reported,Washed,Washed,Conventional,NA,reported process,2A,2,los pinos,remiery orlando carvajal guevara,ef7f110ca8ad65a5|COE|NA|2,NA,NA,NA,NA,NA,NA,FALSE,FALSE
ef7f110ca8ad65a5,2018,COE,Honduras,2018,COE,NA,20,87.57,Jeackeline,Angel Ruben Aplicano,Washed,Parainema,"Trojes, El Paraiso",https://allianceforcoffeeexcellence.org/honduras-2018/,FALSE,reported,Washed,Washed,Conventional,NA,reported process,20,20,jeackeline,angel ruben aplicano,ef7f110ca8ad65a5|COE|NA|20,NA,NA,NA,NA,NA,NA,FALSE,FALSE
ef7f110ca8ad65a5,2018,COE,Honduras,2018,COE,NA,21,87.5,El Ocote,Pedro Sagastume Enamorado,Washed,Parainema,"Santa Barbara, Santa Barbara",https://allianceforcoffeeexcellence.org/honduras-2018/,FALSE,reported,Washed,Washed,Conventional,NA,reported process,21,21,el ocote,pedro sagastume enamorado,ef7f110ca8ad65a5|COE|NA|21,NA,NA,NA,NA,NA,NA,FALSE,FALSE
ef7f110ca8ad65a5,2018,COE,Honduras,2018,COE,NA,22,87.46,Los Robles,Sergio Enamorado Moreno,Washed,Pacas,"Las Vegas, Santa Barbara",https://allianceforcoffeeexcellence.org/honduras-2018/,FALSE,reported,Washed,Washed,Conventional,NA,reported process,22,22,los robles,sergio enamorado moreno,ef7f110ca8ad65a5|COE|NA|22,NA,NA,NA,NA,NA,NA,FALSE,FALSE
ef7f110ca8ad65a5,2018,COE,Honduras,2018,COE,NA,23,87.46,Chely,Nelson Rene Ramirez Rosa,Semi-Washed,Pacas,"Santa Barbara, Santa Barbara",https://allianceforcoffeeexcellence.org/honduras-2018/,FALSE,reported,Honey / pulped natural,Honey / pulped natural,Conventional,NA,reported process,23,23,chely,nelson rene ramirez rosa,ef7f110ca8ad65a5|COE|NA|23,NA,NA,NA,NA,NA,NA,FALSE,FALSE
ef7f110ca8ad65a5,2018,COE,Honduras,2018,COE,NA,24,87.43,El Paraiso,Wil Edilberto Armijo,Honey,Ihcafe-90,"Las Vegas, Santa Barbara",https://allianceforcoffeeexcellence.org/honduras-2018/,FALSE,reported,Honey / pulped natural,Honey / pulped natural,Conventional,NA,reported process,24,24,el paraiso,wil edilberto armijo,ef7f110ca8ad65a5|COE|NA|24,NA,NA,NA,NA,NA,NA,FALSE,FALSE
ef7f110ca8ad65a5,2018,COE,Honduras,2018,COE,NA,25,87.07,Los Colibries,Ronnie Alfredo Gabrie Salles,Washed,Parainema,"Santa Barbara, Santa Barbara",https://allianceforcoffeeexcellence.org/honduras-2018/,FALSE,reported,Washed,Washed,Conventional,NA,reported process,25,25,los colibries,ronnie alfredo gabrie salles,ef7f110ca8ad65a5|COE|NA|25,NA,NA,NA,NA,NA,NA,FALSE,FALSE
ef7f110ca8ad65a5,2018,COE,Honduras,2018,COE,NA,26,87,El Rincon,Anner Joad Gonzalez Sanchez,Washed,Parainema,"Danli, El Paraiso",https://allianceforcoffeeexcellence.org/honduras-2018/,FALSE,reported,Washed,Washed,Conventional,NA,reported process,26,26,el rincon,anner joad gonzalez sanchez,ef7f110ca8ad65a5|COE|NA|26,NA,NA,NA,NA,NA,NA,FALSE,FALSE
ef7f110ca8ad65a5,2018,COE,Honduras,2018,COE,NA,27,86.93,Limoncito,Roberto Serafin Ramirez Fernandez,Washed,Parainema,"La Encarnacion, Ocotepeque",https://allianceforcoffeeexcellence.org/honduras-2018/,FALSE,reported,Washed,Washed,Conventional,NA,reported process,27,27,limoncito,roberto serafin ramirez fernandez,ef7f110ca8ad65a5|COE|NA|27,NA,NA,NA,NA,NA,NA,FALSE,FALSE
ef7f110ca8ad65a5,2018,COE,Honduras,2018,COE,NA,28,86.79,El Sauce,Esteban Madrid Chavez,Washed,Pacas,"Santa Barbara, Santa Barbara",https://allianceforcoffeeexcellence.org/honduras-2018/,FALSE,reported,Washed,Washed,Conventional,NA,reported process,28,28,el sauce,esteban madrid chavez,ef7f110ca8ad65a5|COE|NA|28,NA,NA,NA,NA,NA,NA,FALSE,FALSE
ef7f110ca8ad65a5,2018,COE,Honduras,2018,COE,NA,29,86.79,Los Cedros,Juan Manuel Hernandez Lopez,Natural,Ihcafe-90,"Morazan, Yoro",https://allianceforcoffeeexcellence.org/honduras-2018/,FALSE,reported,Natural,Natural,Conventional,NA,reported process,29,29,los cedros,juan manuel hernandez lopez,ef7f110ca8ad65a5|COE|NA|29,NA,NA,NA,NA,NA,NA,FALSE,FALSE
ef7f110ca8ad65a5,2018,COE,Honduras,2018,COE,NA,3A,91.18,Nacimiento # 2,Fani Yeselia Moreno Lopez,Washed,Pacas,"Santa Barbara, Santa Barbara",https://allianceforcoffeeexcellence.org/honduras-2018/,FALSE,reported,Washed,Washed,Conventional,NA,reported process,3A,3,nacimiento 2,fani yeselia moreno lopez,ef7f110ca8ad65a5|COE|NA|3,NA,NA,NA,NA,NA,NA,FALSE,FALSE
ef7f110ca8ad65a5,2018,COE,Honduras,2018,COE,NA,30,86.71,La Colmena,Angel Arturo Paz Ramirez,Washed,Red Catuai,"Santa Barbara, Santa Barbara",https://allianceforcoffeeexcellence.org/honduras-2018/,FALSE,reported,Washed,Washed,Conventional,NA,reported process,30,30,la colmena,angel arturo paz ramirez,ef7f110ca8ad65a5|COE|NA|30,NA,NA,NA,NA,NA,NA,FALSE,FALSE
ef7f110ca8ad65a5,2018,COE,Honduras,2018,COE,NA,31,86.71,La Leona,Nelson Omar Tinoco Madrid,Washed,Pacas,"Concepcion del Sur, Santa Barbara",https://allianceforcoffeeexcellence.org/honduras-2018/,FALSE,reported,Washed,Washed,Conventional,NA,reported process,31,31,la leona,nelson omar tinoco madrid,ef7f110ca8ad65a5|COE|NA|31,NA,NA,NA,NA,NA,NA,FALSE,FALSE
ef7f110ca8ad65a5,2018,COE,Honduras,2018,COE,NA,32,86.64,El Tanque,Danny Gabriel Moreno Leiva,Washed,Pacas,"Las Vegas, Santa Barbara",https://allianceforcoffeeexcellence.org/honduras-2018/,FALSE,reported,Washed,Washed,Conventional,NA,reported process,32,32,el tanque,danny gabriel moreno leiva,ef7f110ca8ad65a5|COE|NA|32,NA,NA,NA,NA,NA,NA,FALSE,FALSE
ef7f110ca8ad65a5,2018,COE,Honduras,2018,COE,NA,33,86.57,Mi Montaña,Angel Augusto Valenzuela Ulloa,Washed,Ihcafe-90,"Victoria, Yoro",https://allianceforcoffeeexcellence.org/honduras-2018/,FALSE,reported,Washed,Washed,Conventional,NA,reported process,33,33,mi montana,angel augusto valenzuela ulloa,ef7f110ca8ad65a5|COE|NA|33,NA,NA,NA,NA,NA,NA,FALSE,FALSE
ef7f110ca8ad65a5,2018,COE,Honduras,2018,COE,NA,34,86.29,Las Botijas,Jose Abel Giron Duron,Washed,Pacamara,"Villa San Antonio, Comayagua",https://allianceforcoffeeexcellence.org/honduras-2018/,FALSE,reported,Washed,Washed,Conventional,NA,reported process,34,34,las botijas,jose abel giron duron,ef7f110ca8ad65a5|COE|NA|34,NA,NA,NA,NA,NA,NA,FALSE,FALSE
ef7f110ca8ad65a5,2018,COE,Honduras,2018,COE,NA,35,86.29,Cristal,Jose Esteban Madrid Villanueva,Washed,Pacas,"Santa Barbara, Santa Barbara",https://allianceforcoffeeexcellence.org/honduras-2018/,FALSE,reported,Washed,Washed,Conventional,NA,reported process,35,35,cristal,jose esteban madrid villanueva,ef7f110ca8ad65a5|COE|NA|35,NA,NA,NA,NA,NA,NA,FALSE,FALSE
ef7f110ca8ad65a5,2018,COE,Honduras,2018,COE,NA,36,86.07,Patepluma,Franklin Adonis Madrid Villanueva,Washed,pacas,"Santa Barbara, Santa Barbara",https://allianceforcoffeeexcellence.org/honduras-2018/,FALSE,reported,Washed,Washed,Conventional,NA,reported process,36,36,patepluma,franklin adonis madrid villanueva,ef7f110ca8ad65a5|COE|NA|36,NA,NA,NA,NA,NA,NA,FALSE,FALSE
ef7f110ca8ad65a5,2018,COE,Honduras,2018,COE,NA,4A,90.04,EL Plan,Leonela Villanueva Pineda,Washed,Pacas,"Santa Barbara, Santa Barbara",https://allianceforcoffeeexcellence.org/honduras-2018/,FALSE,reported,Washed,Washed,Conventional,NA,reported process,4A,4,el plan,leonela villanueva pineda,ef7f110ca8ad65a5|COE|NA|4,NA,NA,NA,NA,NA,NA,FALSE,FALSE
ef7f110ca8ad65a5,2018,COE,Honduras,2018,COE,NA,5A,90.04,La Montaña,Jose Santos Guevara Lopez,Natural,Lempira,"Santa Ana, La Paz",https://allianceforcoffeeexcellence.org/honduras-2018/,FALSE,reported,Natural,Natural,Conventional,NA,reported process,5A,5,la montana,jose santos guevara lopez,ef7f110ca8ad65a5|COE|NA|5,NA,NA,NA,NA,NA,NA,FALSE,FALSE
ef7f110ca8ad65a5,2018,COE,Honduras,2018,COE,NA,6,89.86,La Laguna,Carlos Alberto Argueta Mejia,Honey,Catimore,"Santiago De Puringla, La Paz",https://allianceforcoffeeexcellence.org/honduras-2018/,FALSE,reported,Honey / pulped natural,Honey / pulped natural,Conventional,NA,reported process,6,6,la laguna,carlos alberto argueta mejia,ef7f110ca8ad65a5|COE|NA|6,NA,NA,NA,NA,NA,NA,FALSE,FALSE
ef7f110ca8ad65a5,2018,COE,Honduras,2018,COE,NA,7,89.04,La Montañita,Evin Joel Moreno Reyes,Washed,Pacas,"Las Vegas, Santa Barbara",https://allianceforcoffeeexcellence.org/honduras-2018/,FALSE,reported,Washed,Washed,Conventional,NA,reported process,7,7,la montanita,evin joel moreno reyes,ef7f110ca8ad65a5|COE|NA|7,NA,NA,NA,NA,NA,NA,FALSE,FALSE
ef7f110ca8ad65a5,2018,COE,Honduras,2018,COE,NA,8,89.04,El Espejo,Fredi Leonel Castellanos Hernandez,Washed,Pacas,"Las Vegas, Santa Barbara",https://allianceforcoffeeexcellence.org/honduras-2018/,FALSE,reported,Washed,Washed,Conventional,NA,reported process,8,8,el espejo,fredi leonel castellanos hernandez,ef7f110ca8ad65a5|COE|NA|8,NA,NA,NA,NA,NA,NA,FALSE,FALSE
ef7f110ca8ad65a5,2018,COE,Honduras,2018,COE,NA,9,88.79,El Trapiche,Eugenio Muñoz Teruel,Washed,Parainema,"Santa Barbara, Santa Barbara",https://allianceforcoffeeexcellence.org/honduras-2018/,FALSE,reported,Washed,Washed,Conventional,NA,reported process,9,9,el trapiche,eugenio munoz teruel,ef7f110ca8ad65a5|COE|NA|9,NA,NA,NA,NA,NA,NA,FALSE,FALSE
88ab413a4b17ecde,2019,COE,Honduras,2019,COE,NA,1a,94.84,Santa Lucia,Desarrollos Santa Lucia S.A.,Washed,Gesha,Comayagua,https://allianceforcoffeeexcellence.org/honduras-2019/,FALSE,reported,Washed,Washed,Conventional,NA,reported process,1A,1,santa lucia,desarrollos santa lucia s a,88ab413a4b17ecde|COE|NA|1,NA,NA,NA,NA,NA,NA,FALSE,FALSE
88ab413a4b17ecde,2019,COE,Honduras,2019,COE,NA,10,88.8,Las Cascadas,Fredy Dagoberto Nolasco Calix,Washed,Mezcla,La Paz,https://allianceforcoffeeexcellence.org/honduras-2019/,FALSE,reported,Washed,Washed,Conventional,NA,reported process,10,10,las cascadas,fredy dagoberto nolasco calix,88ab413a4b17ecde|COE|NA|10,NA,NA,NA,NA,NA,NA,FALSE,FALSE
88ab413a4b17ecde,2019,COE,Honduras,2019,COE,NA,11,88.5,El Limo,Jose Rumaldo Moreno Reyes,Washed,Pacas,Santa Barbara,https://allianceforcoffeeexcellence.org/honduras-2019/,FALSE,reported,Washed,Washed,Conventional,NA,reported process,11,11,el limo,jose rumaldo moreno reyes,88ab413a4b17ecde|COE|NA|11,NA,NA,NA,NA,NA,NA,FALSE,FALSE
88ab413a4b17ecde,2019,COE,Honduras,2019,COE,NA,12,88.29,Las Nieblas,Alexi Edgardo Moreno Castellon,Washed,Bourbon,Santa Barbara,https://allianceforcoffeeexcellence.org/honduras-2019/,FALSE,reported,Washed,Washed,Conventional,NA,reported process,12,12,las nieblas,alexi edgardo moreno castellon,88ab413a4b17ecde|COE|NA|12,NA,NA,NA,NA,NA,NA,FALSE,FALSE
88ab413a4b17ecde,2019,COE,Honduras,2019,COE,NA,13,88.29,Cielito Lindo,Extreberto Caceres Gutierrez,Washed,Pacas,Santa Barbara,https://allianceforcoffeeexcellence.org/honduras-2019/,FALSE,reported,Washed,Washed,Conventional,NA,reported process,13,13,cielito lindo,extreberto caceres gutierrez,88ab413a4b17ecde|COE|NA|13,NA,NA,NA,NA,NA,NA,FALSE,FALSE
88ab413a4b17ecde,2019,COE,Honduras,2019,COE,NA,14,88.14,Pino De Oro,Oscar Edgardo Tinoco Madrid,Washed,Pacas,Santa Barbara,https://allianceforcoffeeexcellence.org/honduras-2019/,FALSE,reported,Washed,Washed,Conventional,NA,reported process,14,14,pino de oro,oscar edgardo tinoco madrid,88ab413a4b17ecde|COE|NA|14,NA,NA,NA,NA,NA,NA,FALSE,FALSE
88ab413a4b17ecde,2019,COE,Honduras,2019,COE,NA,15,88.14,Los Primos,Reynaldo Muñoz Lopez,Washed,Pacas,Santa Barbara,https://allianceforcoffeeexcellence.org/honduras-2019/,FALSE,reported,Washed,Washed,Conventional,NA,reported process,15,15,los primos,reynaldo munoz lopez,88ab413a4b17ecde|COE|NA|15,NA,NA,NA,NA,NA,NA,FALSE,FALSE
88ab413a4b17ecde,2019,COE,Honduras,2019,COE,NA,16,87.96,Los Robles,Sergio Enamorado Moreno,Washed,Pacas,Santa Barbara,https://allianceforcoffeeexcellence.org/honduras-2019/,FALSE,reported,Washed,Washed,Conventional,NA,reported process,16,16,los robles,sergio enamorado moreno,88ab413a4b17ecde|COE|NA|16,NA,NA,NA,NA,NA,NA,FALSE,FALSE
88ab413a4b17ecde,2019,COE,Honduras,2019,COE,NA,17,87.96,El Espejo,Fredi Leonel Castellanos Hernandez,Washed,Pacas,Santa Barbara,https://allianceforcoffeeexcellence.org/honduras-2019/,FALSE,reported,Washed,Washed,Conventional,NA,reported process,17,17,el espejo,fredi leonel castellanos hernandez,88ab413a4b17ecde|COE|NA|17,NA,NA,NA,NA,NA,NA,FALSE,FALSE
88ab413a4b17ecde,2019,COE,Honduras,2019,COE,NA,18,87.89,El Roble,Rosa Dimas Funez Macias,Honey,Mezcla,Comayagua,https://allianceforcoffeeexcellence.org/honduras-2019/,FALSE,reported,Honey / pulped natural,Honey / pulped natural,Conventional,NA,reported process,18,18,el roble,rosa dimas funez macias,88ab413a4b17ecde|COE|NA|18,NA,NA,NA,NA,NA,NA,FALSE,FALSE
88ab413a4b17ecde,2019,COE,Honduras,2019,COE,NA,19,87.89,El Sol,Ariel Murcia Pinto,Anaerobic,Parainema,Santa Barbara,https://allianceforcoffeeexcellence.org/honduras-2019/,FALSE,reported,Experimental,Not reported,Experimental,Anaerobic,reported process,19,19,el sol,ariel murcia pinto,88ab413a4b17ecde|COE|NA|19,Not reported | Anaerobic,2019,2019,FALSE,TRUE,FALSE,TRUE,FALSE
88ab413a4b17ecde,2019,COE,Honduras,2019,COE,NA,2a,92.25,Las Flores,Roger Antonio Dominguez Marquez,Natural,Catuai,La Paz,https://allianceforcoffeeexcellence.org/honduras-2019/,FALSE,reported,Natural,Natural,Conventional,NA,reported process,2A,2,las flores,roger antonio dominguez marquez,88ab413a4b17ecde|COE|NA|2,NA,NA,NA,NA,NA,NA,FALSE,FALSE
88ab413a4b17ecde,2019,COE,Honduras,2019,COE,NA,20,87.86,Moreno,Pedro Moreno,Washed,Bourbon,Santa Barbara,https://allianceforcoffeeexcellence.org/honduras-2019/,FALSE,reported,Washed,Washed,Conventional,NA,reported process,20,20,moreno,pedro moreno,88ab413a4b17ecde|COE|NA|20,NA,NA,NA,NA,NA,NA,FALSE,FALSE
88ab413a4b17ecde,2019,COE,Honduras,2019,COE,NA,21,87.8,El Aguacate,Donaldo Dubon Caballero,Washed,Pacas,Santa Barbara,https://allianceforcoffeeexcellence.org/honduras-2019/,FALSE,reported,Washed,Washed,Conventional,NA,reported process,21,21,el aguacate,donaldo dubon caballero,88ab413a4b17ecde|COE|NA|21,NA,NA,NA,NA,NA,NA,FALSE,FALSE
88ab413a4b17ecde,2019,COE,Honduras,2019,COE,NA,22,87.63,Bella Vista,Alex Ramon Ponce Rodriguez,Washed,Catuai,La Paz,https://allianceforcoffeeexcellence.org/honduras-2019/,FALSE,reported,Washed,Washed,Conventional,NA,reported process,22,22,bella vista,alex ramon ponce rodriguez,88ab413a4b17ecde|COE|NA|22,NA,NA,NA,NA,NA,NA,FALSE,FALSE
88ab413a4b17ecde,2019,COE,Honduras,2019,COE,NA,23,87.61,Choly,Williams Enrrique Gomez Maradiaga,Washed,Parainema,Comayagua,https://allianceforcoffeeexcellence.org/honduras-2019/,FALSE,reported,Washed,Washed,Conventional,NA,reported process,23,23,choly,williams enrrique gomez maradiaga,88ab413a4b17ecde|COE|NA|23,NA,NA,NA,NA,NA,NA,FALSE,FALSE
88ab413a4b17ecde,2019,COE,Honduras,2019,COE,NA,24,87.57,Liquidambar,Ma Nery Marquez Granados,Natural,Bourbon,La Paz,https://allianceforcoffeeexcellence.org/honduras-2019/,FALSE,reported,Natural,Natural,Conventional,NA,reported process,24,24,liquidambar,ma nery marquez granados,88ab413a4b17ecde|COE|NA|24,NA,NA,NA,NA,NA,NA,FALSE,FALSE
88ab413a4b17ecde,2019,COE,Honduras,2019,COE,NA,25,87.5,Las Pilas,Nelson Omar Tinoco Madrid,Washed,Pacas,Santa Barbara,https://allianceforcoffeeexcellence.org/honduras-2019/,FALSE,reported,Washed,Washed,Conventional,NA,reported process,25,25,las pilas,nelson omar tinoco madrid,88ab413a4b17ecde|COE|NA|25,NA,NA,NA,NA,NA,NA,FALSE,FALSE
88ab413a4b17ecde,2019,COE,Honduras,2019,COE,NA,26,87.5,Los Chorritos,Donulfo Midence,Washed,Parainema,El Paraiso,https://allianceforcoffeeexcellence.org/honduras-2019/,FALSE,reported,Washed,Washed,Conventional,NA,reported process,26,26,los chorritos,donulfo midence,88ab413a4b17ecde|COE|NA|26,NA,NA,NA,NA,NA,NA,FALSE,FALSE
88ab413a4b17ecde,2019,COE,Honduras,2019,COE,NA,27,87.46,Mira Valle,Miroslav Cuculiza,Washed,Catuai,Francisco Morazan,https://allianceforcoffeeexcellence.org/honduras-2019/,FALSE,reported,Washed,Washed,Conventional,NA,reported process,27,27,mira valle,miroslav cuculiza,88ab413a4b17ecde|COE|NA|27,NA,NA,NA,NA,NA,NA,FALSE,FALSE
88ab413a4b17ecde,2019,COE,Honduras,2019,COE,NA,28,87.39,Cual Bicicleta,Oscar Omar Alonzo Aguilar,Washed,Catuai,La Paz,https://allianceforcoffeeexcellence.org/honduras-2019/,FALSE,reported,Washed,Washed,Conventional,NA,reported process,28,28,cual bicicleta,oscar omar alonzo aguilar,88ab413a4b17ecde|COE|NA|28,NA,NA,NA,NA,NA,NA,FALSE,FALSE
88ab413a4b17ecde,2019,COE,Honduras,2019,COE,NA,29,87.21,Las Gemelas,Nely Suyapa Orellana Aguilar,Natural,Catuai Rojo,Copan,https://allianceforcoffeeexcellence.org/honduras-2019/,FALSE,reported,Natural,Natural,Conventional,NA,reported process,29,29,las gemelas,nely suyapa orellana aguilar,88ab413a4b17ecde|COE|NA|29,NA,NA,NA,NA,NA,NA,FALSE,FALSE
88ab413a4b17ecde,2019,COE,Honduras,2019,COE,NA,3a,91.84,La Sierra,Alma Aydee Pineda Alvarado,Washed,Pacas,Santa Barbara,https://allianceforcoffeeexcellence.org/honduras-2019/,FALSE,reported,Washed,Washed,Conventional,NA,reported process,3A,3,la sierra,alma aydee pineda alvarado,88ab413a4b17ecde|COE|NA|3,NA,NA,NA,NA,NA,NA,FALSE,FALSE
88ab413a4b17ecde,2019,COE,Honduras,2019,COE,NA,30,87.16,Pacaya,Santos Benito Godoy Ferrera,Washed,Parainema,El Paraiso,https://allianceforcoffeeexcellence.org/honduras-2019/,FALSE,reported,Washed,Washed,Conventional,NA,reported process,30,30,pacaya,santos benito godoy ferrera,88ab413a4b17ecde|COE|NA|30,NA,NA,NA,NA,NA,NA,FALSE,FALSE
88ab413a4b17ecde,2019,COE,Honduras,2019,COE,NA,4,90.45,El Nacimiento No. 1,Job Neel Cacerez Diaz,Washed,Bourbon,Santa Barbara,https://allianceforcoffeeexcellence.org/honduras-2019/,FALSE,reported,Washed,Washed,Conventional,NA,reported process,4,4,el nacimiento no 1,job neel cacerez diaz,88ab413a4b17ecde|COE|NA|4,NA,NA,NA,NA,NA,NA,FALSE,FALSE
88ab413a4b17ecde,2019,COE,Honduras,2019,COE,NA,5,90.36,El Guayabo,Mario Alexis Moreno Leiva,Natural,Pacas,Santa Barbara,https://allianceforcoffeeexcellence.org/honduras-2019/,FALSE,reported,Natural,Natural,Conventional,NA,reported process,5,5,el guayabo,mario alexis moreno leiva,88ab413a4b17ecde|COE|NA|5,NA,NA,NA,NA,NA,NA,FALSE,FALSE
88ab413a4b17ecde,2019,COE,Honduras,2019,COE,NA,6,90.23,Los Pinos,Reniery Orlando Carvajal Guerra,Honey,Typica,Lempira,https://allianceforcoffeeexcellence.org/honduras-2019/,FALSE,reported,Honey / pulped natural,Honey / pulped natural,Conventional,NA,reported process,6,6,los pinos,reniery orlando carvajal guerra,88ab413a4b17ecde|COE|NA|6,NA,NA,NA,NA,NA,NA,FALSE,FALSE
88ab413a4b17ecde,2019,COE,Honduras,2019,COE,NA,7,89.88,Patepluma,Franklin Adonis Madrid Villanueva,Washed,Pacas,Santa Barbara,https://allianceforcoffeeexcellence.org/honduras-2019/,FALSE,reported,Washed,Washed,Conventional,NA,reported process,7,7,patepluma,franklin adonis madrid villanueva,88ab413a4b17ecde|COE|NA|7,NA,NA,NA,NA,NA,NA,FALSE,FALSE
88ab413a4b17ecde,2019,COE,Honduras,2019,COE,NA,8,89.2,La Lima,Miguel Alfredo Lopez Alvarado,Washed,Gesha,Lempira,https://allianceforcoffeeexcellence.org/honduras-2019/,FALSE,reported,Washed,Washed,Conventional,NA,reported process,8,8,la lima,miguel alfredo lopez alvarado,88ab413a4b17ecde|COE|NA|8,NA,NA,NA,NA,NA,NA,FALSE,FALSE
88ab413a4b17ecde,2019,COE,Honduras,2019,COE,NA,9,89.05,Los Pinos,Iris Dariela Carvajal Bonilla,"Honey (Semi-
Washed)",Typica,Lempira,https://allianceforcoffeeexcellence.org/honduras-2019/,FALSE,reported,Honey / pulped natural,Honey / pulped natural,Conventional,NA,reported process,9,9,los pinos,iris dariela carvajal bonilla,88ab413a4b17ecde|COE|NA|9,NA,NA,NA,NA,NA,NA,FALSE,FALSE
c0bf466579f2d947,Honduras 2021,COE,Honduras,2021,COE,NA,1a,90.67,Finca Santa Lucia,Desarrollos Santa Lucia,Washed,Gesha,Comayagua,https://allianceforcoffeeexcellence.org/honduras-2021/,FALSE,reported,Washed,Washed,Conventional,NA,reported process,1A,1,finca santa lucia,desarrollos santa lucia,c0bf466579f2d947|COE|NA|1,NA,NA,NA,NA,NA,NA,FALSE,FALSE
c0bf466579f2d947,Honduras 2021,COE,Honduras,2021,COE,NA,10,88.33,La Piedrona lote #1,Manuel de Jesús Mancia Osorio,Washed,Lempira,Intibucá,https://allianceforcoffeeexcellence.org/honduras-2021/,FALSE,reported,Washed,Washed,Conventional,NA,reported process,10,10,la piedrona lote 1,manuel de jesus mancia osorio,c0bf466579f2d947|COE|NA|10,NA,NA,NA,NA,NA,NA,FALSE,FALSE
c0bf466579f2d947,Honduras 2021,COE,Honduras,2021,COE,NA,11,88.23,La Huerta #1,Maria Jesus Lontero Montoya,Washed,Parainema – Gesha,Santa Bárbara,https://allianceforcoffeeexcellence.org/honduras-2021/,FALSE,reported,Washed,Washed,Conventional,NA,reported process,11,11,la huerta 1,maria jesus lontero montoya,c0bf466579f2d947|COE|NA|11,NA,NA,NA,NA,NA,NA,FALSE,FALSE
c0bf466579f2d947,Honduras 2021,COE,Honduras,2021,COE,NA,12,88.13,Virginia,Fabio Antonio Caballero Martinez,Washed,Gesha,La Paz,https://allianceforcoffeeexcellence.org/honduras-2021/,FALSE,reported,Washed,Washed,Conventional,NA,reported process,12,12,virginia,fabio antonio caballero martinez,c0bf466579f2d947|COE|NA|12,NA,NA,NA,NA,NA,NA,FALSE,FALSE
c0bf466579f2d947,Honduras 2021,COE,Honduras,2021,COE,NA,13,88.13,Cielito Lindo,Job Neel Caceres Diaz,Washed,SL28 Keniano,Santa Bárbara,https://allianceforcoffeeexcellence.org/honduras-2021/,FALSE,reported,Washed,Washed,Conventional,NA,reported process,13,13,cielito lindo,job neel caceres diaz,c0bf466579f2d947|COE|NA|13,NA,NA,NA,NA,NA,NA,FALSE,FALSE
c0bf466579f2d947,Honduras 2021,COE,Honduras,2021,COE,NA,14,88.1,Los Tongos,Carlos David Castillo Alfaro,Washed,Pacas,Santa Bárbara,https://allianceforcoffeeexcellence.org/honduras-2021/,FALSE,reported,Washed,Washed,Conventional,NA,reported process,14,14,los tongos,carlos david castillo alfaro,c0bf466579f2d947|COE|NA|14,NA,NA,NA,NA,NA,NA,FALSE,FALSE
c0bf466579f2d947,Honduras 2021,COE,Honduras,2021,COE,NA,15,87.97,Don Andres,Josue Nahun Fernández Sabillon,Natural,Parainema,Santa Bárbara,https://allianceforcoffeeexcellence.org/honduras-2021/,FALSE,reported,Natural,Natural,Conventional,NA,reported process,15,15,don andres,josue nahun fernandez sabillon,c0bf466579f2d947|COE|NA|15,NA,NA,NA,NA,NA,NA,FALSE,FALSE
c0bf466579f2d947,Honduras 2021,COE,Honduras,2021,COE,NA,16,87.83,Los Quetzales,Pedro Sagastume Enamorado,Washed,Gesha,Santa Bárbara,https://allianceforcoffeeexcellence.org/honduras-2021/,FALSE,reported,Washed,Washed,Conventional,NA,reported process,16,16,los quetzales,pedro sagastume enamorado,c0bf466579f2d947|COE|NA|16,NA,NA,NA,NA,NA,NA,FALSE,FALSE
c0bf466579f2d947,Honduras 2021,COE,Honduras,2021,COE,NA,17,87.8,La Platanera,Gustavo Adolfo Sandoval Díaz,Washed,Parainema,El Paraíso,https://allianceforcoffeeexcellence.org/honduras-2021/,FALSE,reported,Washed,Washed,Conventional,NA,reported process,17,17,la platanera,gustavo adolfo sandoval diaz,c0bf466579f2d947|COE|NA|17,NA,NA,NA,NA,NA,NA,FALSE,FALSE
c0bf466579f2d947,Honduras 2021,COE,Honduras,2021,COE,NA,18,87.67,Los Colibries,Ronnie Alfredo Gabrie Salles,Natural,Parainema,Santa Bárbara,https://allianceforcoffeeexcellence.org/honduras-2021/,FALSE,reported,Natural,Natural,Conventional,NA,reported process,18,18,los colibries,ronnie alfredo gabrie salles,c0bf466579f2d947|COE|NA|18,NA,NA,NA,NA,NA,NA,FALSE,FALSE
c0bf466579f2d947,Honduras 2021,COE,Honduras,2021,COE,NA,19,87.57,El Buen Sembrador,Claudia del Carmen Murcia Pinto,Honey,Parainema,Santa Bárbara,https://allianceforcoffeeexcellence.org/honduras-2021/,FALSE,reported,Honey / pulped natural,Honey / pulped natural,Conventional,NA,reported process,19,19,el buen sembrador,claudia del carmen murcia pinto,c0bf466579f2d947|COE|NA|19,NA,NA,NA,NA,NA,NA,FALSE,FALSE
c0bf466579f2d947,Honduras 2021,COE,Honduras,2021,COE,NA,2a,90.4,Platanares,Iris Dariela Carvajal Bonilla,Natural,Typica,Lempira,https://allianceforcoffeeexcellence.org/honduras-2021/,FALSE,reported,Natural,Natural,Conventional,NA,reported process,2A,2,platanares,iris dariela carvajal bonilla,c0bf466579f2d947|COE|NA|2,NA,NA,NA,NA,NA,NA,FALSE,FALSE
c0bf466579f2d947,Honduras 2021,COE,Honduras,2021,COE,NA,20,87.5,El Paraiso,Ovidio Gomes Hernández,Natural,Parainema,Santa Bárbara,https://allianceforcoffeeexcellence.org/honduras-2021/,FALSE,reported,Natural,Natural,Conventional,NA,reported process,20,20,el paraiso,ovidio gomes hernandez,c0bf466579f2d947|COE|NA|20,NA,NA,NA,NA,NA,NA,FALSE,FALSE
c0bf466579f2d947,Honduras 2021,COE,Honduras,2021,COE,NA,21,87.43,Liquidámbar,Ma Nery Marquez Granados,Natural,Borbon,La Paz,https://allianceforcoffeeexcellence.org/honduras-2021/,FALSE,reported,Natural,Natural,Conventional,NA,reported process,21,21,liquidambar,ma nery marquez granados,c0bf466579f2d947|COE|NA|21,NA,NA,NA,NA,NA,NA,FALSE,FALSE
c0bf466579f2d947,Honduras 2021,COE,Honduras,2021,COE,NA,22,87.4,Pacayalito,Miguel Angel Tabora Mears,Washed,Pacamara,Santa Bárbara,https://allianceforcoffeeexcellence.org/honduras-2021/,FALSE,reported,Washed,Washed,Conventional,NA,reported process,22,22,pacayalito,miguel angel tabora mears,c0bf466579f2d947|COE|NA|22,NA,NA,NA,NA,NA,NA,FALSE,FALSE
c0bf466579f2d947,Honduras 2021,COE,Honduras,2021,COE,NA,23,87.3,El Plan,Edwin Ever Sabillon Paz,Natural,Parainema,Santa Bárbara,https://allianceforcoffeeexcellence.org/honduras-2021/,FALSE,reported,Natural,Natural,Conventional,NA,reported process,23,23,el plan,edwin ever sabillon paz,c0bf466579f2d947|COE|NA|23,NA,NA,NA,NA,NA,NA,FALSE,FALSE
c0bf466579f2d947,Honduras 2021,COE,Honduras,2021,COE,NA,24,87.2,Las Tres Peñas,Duvis Alexis Moreno Reyes,Washed,Pacas,Santa Bárbara,https://allianceforcoffeeexcellence.org/honduras-2021/,FALSE,reported,Washed,Washed,Conventional,NA,reported process,24,24,las tres penas,duvis alexis moreno reyes,c0bf466579f2d947|COE|NA|24,NA,NA,NA,NA,NA,NA,FALSE,FALSE
c0bf466579f2d947,Honduras 2021,COE,Honduras,2021,COE,NA,25,87.07,Cerro Azul,Cafe Azul Meambar S.A. de C.v.,Washed,Pacamara Amarillo,Comayagua,https://allianceforcoffeeexcellence.org/honduras-2021/,FALSE,reported,Washed,Washed,Conventional,NA,reported process,25,25,cerro azul,cafe azul meambar s a de c v,c0bf466579f2d947|COE|NA|25,NA,NA,NA,NA,NA,NA,FALSE,FALSE
c0bf466579f2d947,Honduras 2021,COE,Honduras,2021,COE,NA,3a,90.37,Los Pinos,Reniery Orlando Carvajal Guevara,Honey,Typica,Lempira,https://allianceforcoffeeexcellence.org/honduras-2021/,FALSE,reported,Honey / pulped natural,Honey / pulped natural,Conventional,NA,reported process,3A,3,los pinos,reniery orlando carvajal guevara,c0bf466579f2d947|COE|NA|3,NA,NA,NA,NA,NA,NA,FALSE,FALSE
c0bf466579f2d947,Honduras 2021,COE,Honduras,2021,COE,NA,4,90.17,El Sauce,Esteban Madrid Chávez,Washed,Pacas,Santa Bárbara,https://allianceforcoffeeexcellence.org/honduras-2021/,FALSE,reported,Washed,Washed,Conventional,NA,reported process,4,4,el sauce,esteban madrid chavez,c0bf466579f2d947|COE|NA|4,NA,NA,NA,NA,NA,NA,FALSE,FALSE
c0bf466579f2d947,Honduras 2021,COE,Honduras,2021,COE,NA,5,90.07,La Salsa,Benjamin Paz Muñoz,Washed,Gesha,Santa Bárbara,https://allianceforcoffeeexcellence.org/honduras-2021/,FALSE,reported,Washed,Washed,Conventional,NA,reported process,5,5,la salsa,benjamin paz munoz,c0bf466579f2d947|COE|NA|5,NA,NA,NA,NA,NA,NA,FALSE,FALSE
c0bf466579f2d947,Honduras 2021,COE,Honduras,2021,COE,NA,6,90.07,El Carbonal,Irma Esther Madrid Villanueva,Washed,Pacas,Santa Bárbara,https://allianceforcoffeeexcellence.org/honduras-2021/,FALSE,reported,Washed,Washed,Conventional,NA,reported process,6,6,el carbonal,irma esther madrid villanueva,c0bf466579f2d947|COE|NA|6,NA,NA,NA,NA,NA,NA,FALSE,FALSE
c0bf466579f2d947,Honduras 2021,COE,Honduras,2021,COE,NA,7,89.57,El Rubí,Jeniffer Iveth Madrid Chavez,Washed,Parainema,Santa Bárbara,https://allianceforcoffeeexcellence.org/honduras-2021/,FALSE,reported,Washed,Washed,Conventional,NA,reported process,7,7,el rubi,jeniffer iveth madrid chavez,c0bf466579f2d947|COE|NA|7,NA,NA,NA,NA,NA,NA,FALSE,FALSE
c0bf466579f2d947,Honduras 2021,COE,Honduras,2021,COE,NA,8,89.33,El Litacayo,Ángel Arturo Paz Ramírez,Washed,Gesha,Santa Bárbara,https://allianceforcoffeeexcellence.org/honduras-2021/,FALSE,reported,Washed,Washed,Conventional,NA,reported process,8,8,el litacayo,angel arturo paz ramirez,c0bf466579f2d947|COE|NA|8,NA,NA,NA,NA,NA,NA,FALSE,FALSE
c0bf466579f2d947,Honduras 2021,COE,Honduras,2021,COE,NA,9,89.03,Las Virginias,Dolmin Josue Moreno Alvarado,Washed,Gesha,Santa Bárbara,https://allianceforcoffeeexcellence.org/honduras-2021/,FALSE,reported,Washed,Washed,Conventional,NA,reported process,9,9,las virginias,dolmin josue moreno alvarado,c0bf466579f2d947|COE|NA|9,NA,NA,NA,NA,NA,NA,FALSE,FALSE
1a1cc9a2fd677144,Honduras 2022,COE,Honduras,2022,COE,NA,1a,91.25,La Salsa,Benjamin Paz Muñoz,Washed,Gesha,Las Vegas,https://allianceforcoffeeexcellence.org/honduras-2022/,FALSE,reported,Washed,Washed,Conventional,NA,reported process,1A,1,la salsa,benjamin paz munoz,1a1cc9a2fd677144|COE|NA|1,NA,NA,NA,NA,NA,NA,FALSE,FALSE
1a1cc9a2fd677144,Honduras 2022,COE,Honduras,2022,COE,NA,10,88.15,La Reina,Fatima Mercedes Maradiaga Rodriguez,Honey,Gesha,Marcala,https://allianceforcoffeeexcellence.org/honduras-2022/,FALSE,reported,Honey / pulped natural,Honey / pulped natural,Conventional,NA,reported process,10,10,la reina,fatima mercedes maradiaga rodriguez,1a1cc9a2fd677144|COE|NA|10,NA,NA,NA,NA,NA,NA,FALSE,FALSE
1a1cc9a2fd677144,Honduras 2022,COE,Honduras,2022,COE,NA,11,88.13,Los Pinos,Remiery Orlando Carvajal Guevara,Natural,Typica,San Andres,https://allianceforcoffeeexcellence.org/honduras-2022/,FALSE,reported,Natural,Natural,Conventional,NA,reported process,11,11,los pinos,remiery orlando carvajal guevara,1a1cc9a2fd677144|COE|NA|11,NA,NA,NA,NA,NA,NA,FALSE,FALSE
1a1cc9a2fd677144,Honduras 2022,COE,Honduras,2022,COE,NA,12,87.79,Los Cedros,Samuel Pineda Sagastume,Honey,Pacas,Santa Barbara,https://allianceforcoffeeexcellence.org/honduras-2022/,FALSE,reported,Honey / pulped natural,Honey / pulped natural,Conventional,NA,reported process,12,12,los cedros,samuel pineda sagastume,1a1cc9a2fd677144|COE|NA|12,NA,NA,NA,NA,NA,NA,FALSE,FALSE
1a1cc9a2fd677144,Honduras 2022,COE,Honduras,2022,COE,NA,13,87.71,Los Quetzales,Pedro Sagastume Enamorado,Washed,Gesha,Santa Barbara,https://allianceforcoffeeexcellence.org/honduras-2022/,FALSE,reported,Washed,Washed,Conventional,NA,reported process,13,13,los quetzales,pedro sagastume enamorado,1a1cc9a2fd677144|COE|NA|13,NA,NA,NA,NA,NA,NA,FALSE,FALSE
1a1cc9a2fd677144,Honduras 2022,COE,Honduras,2022,COE,NA,14,87.53,Las Capucas,Yerin Estel Sagastume Enamorado,Natural,Gesha,Santa Barbara,https://allianceforcoffeeexcellence.org/honduras-2022/,FALSE,reported,Natural,Natural,Conventional,NA,reported process,14,14,las capucas,yerin estel sagastume enamorado,1a1cc9a2fd677144|COE|NA|14,NA,NA,NA,NA,NA,NA,FALSE,FALSE
1a1cc9a2fd677144,Honduras 2022,COE,Honduras,2022,COE,NA,15,87.5,El Nacimiento,Job Neel Cacerez Diaz,Washed,SL28,Santa Barbara,https://allianceforcoffeeexcellence.org/honduras-2022/,FALSE,reported,Washed,Washed,Conventional,NA,reported process,15,15,el nacimiento,job neel cacerez diaz,1a1cc9a2fd677144|COE|NA|15,NA,NA,NA,NA,NA,NA,FALSE,FALSE
1a1cc9a2fd677144,Honduras 2022,COE,Honduras,2022,COE,NA,16,87.38,El Ocote,Yeltsin Sagastume Enamorado,Honey,Gesha,Santa Barbara,https://allianceforcoffeeexcellence.org/honduras-2022/,FALSE,reported,Honey / pulped natural,Honey / pulped natural,Conventional,NA,reported process,16,16,el ocote,yeltsin sagastume enamorado,1a1cc9a2fd677144|COE|NA|16,NA,NA,NA,NA,NA,NA,FALSE,FALSE
1a1cc9a2fd677144,Honduras 2022,COE,Honduras,2022,COE,NA,17,87.35,Liquidambar,Jose Abel Giron Duron,Washed,Pacamara,Villa de San Antonio,https://allianceforcoffeeexcellence.org/honduras-2022/,FALSE,reported,Washed,Washed,Conventional,NA,reported process,17,17,liquidambar,jose abel giron duron,1a1cc9a2fd677144|COE|NA|17,NA,NA,NA,NA,NA,NA,FALSE,FALSE
1a1cc9a2fd677144,Honduras 2022,COE,Honduras,2022,COE,NA,18,87.29,Los Robles,Sergio Enamorado Moreno,Honey,Pacas,Las Vegas,https://allianceforcoffeeexcellence.org/honduras-2022/,FALSE,reported,Honey / pulped natural,Honey / pulped natural,Conventional,NA,reported process,18,18,los robles,sergio enamorado moreno,1a1cc9a2fd677144|COE|NA|18,NA,NA,NA,NA,NA,NA,FALSE,FALSE
1a1cc9a2fd677144,Honduras 2022,COE,Honduras,2022,COE,NA,19,87.24,De la Casa,Irma Consuelo Bonilla Hernandez,Honey,Typica,San Andres,https://allianceforcoffeeexcellence.org/honduras-2022/,FALSE,reported,Honey / pulped natural,Honey / pulped natural,Conventional,NA,reported process,19,19,de la casa,irma consuelo bonilla hernandez,1a1cc9a2fd677144|COE|NA|19,NA,NA,NA,NA,NA,NA,FALSE,FALSE
1a1cc9a2fd677144,Honduras 2022,COE,Honduras,2022,COE,NA,2a,90.03,Santa Lucia,Desarrollos Santa Lucia S.A,Washed,Gesha & Yellow Pacamara,Siguatepeque,https://allianceforcoffeeexcellence.org/honduras-2022/,FALSE,reported,Washed,Washed,Conventional,NA,reported process,2A,2,santa lucia,desarrollos santa lucia s a,1a1cc9a2fd677144|COE|NA|2,NA,NA,NA,NA,NA,NA,FALSE,FALSE
1a1cc9a2fd677144,Honduras 2022,COE,Honduras,2022,COE,NA,20,87.21,Las Botijas,Jose Abel Giron Duron,Natural,Pacamara,Villa de San Antonio,https://allianceforcoffeeexcellence.org/honduras-2022/,FALSE,reported,Natural,Natural,Conventional,NA,reported process,20,20,las botijas,jose abel giron duron,1a1cc9a2fd677144|COE|NA|20,NA,NA,NA,NA,NA,NA,FALSE,FALSE
1a1cc9a2fd677144,Honduras 2022,COE,Honduras,2022,COE,NA,21,87.15,La Lagunita,Josue Ariel Funez Rodriguez,Natural,Pacamara,San Sebastian,https://allianceforcoffeeexcellence.org/honduras-2022/,FALSE,reported,Natural,Natural,Conventional,NA,reported process,21,21,la lagunita,josue ariel funez rodriguez,1a1cc9a2fd677144|COE|NA|21,NA,NA,NA,NA,NA,NA,FALSE,FALSE
1a1cc9a2fd677144,Honduras 2022,COE,Honduras,2022,COE,NA,22,87.12,Flor del Ocotillo,Olvin Edgardo Reyes Rivera,Washed,Catuai,Santa Barbara,https://allianceforcoffeeexcellence.org/honduras-2022/,FALSE,reported,Washed,Washed,Conventional,NA,reported process,22,22,flor del ocotillo,olvin edgardo reyes rivera,1a1cc9a2fd677144|COE|NA|22,NA,NA,NA,NA,NA,NA,FALSE,FALSE
1a1cc9a2fd677144,Honduras 2022,COE,Honduras,2022,COE,NA,23,87.09,Cielito Lindo,Wilson Orlando Moreno Lopez,Washed,Pacas,Santa Barbara,https://allianceforcoffeeexcellence.org/honduras-2022/,FALSE,reported,Washed,Washed,Conventional,NA,reported process,23,23,cielito lindo,wilson orlando moreno lopez,1a1cc9a2fd677144|COE|NA|23,NA,NA,NA,NA,NA,NA,FALSE,FALSE
1a1cc9a2fd677144,Honduras 2022,COE,Honduras,2022,COE,NA,24,87.09,Los Colibries,Ronnie Alfredo Gabrie Salles,Natural,Parainema,Santa Barbara,https://allianceforcoffeeexcellence.org/honduras-2022/,FALSE,reported,Natural,Natural,Conventional,NA,reported process,24,24,los colibries,ronnie alfredo gabrie salles,1a1cc9a2fd677144|COE|NA|24,NA,NA,NA,NA,NA,NA,FALSE,FALSE
1a1cc9a2fd677144,Honduras 2022,COE,Honduras,2022,COE,NA,25,87.06,Cerro alto,Wilfredo Matute Castillo,Natural,IHCAFE 90 & Catimor,Comayagua,https://allianceforcoffeeexcellence.org/honduras-2022/,FALSE,reported,Natural,Natural,Conventional,NA,reported process,25,25,cerro alto,wilfredo matute castillo,1a1cc9a2fd677144|COE|NA|25,NA,NA,NA,NA,NA,NA,FALSE,FALSE
1a1cc9a2fd677144,Honduras 2022,COE,Honduras,2022,COE,NA,3,89.5,La Colmena,David Omar Muños Ulloa,Washed,Gesha,Santa Barbara,https://allianceforcoffeeexcellence.org/honduras-2022/,FALSE,reported,Washed,Washed,Conventional,NA,reported process,3,3,la colmena,david omar munos ulloa,1a1cc9a2fd677144|COE|NA|3,NA,NA,NA,NA,NA,NA,FALSE,FALSE
1a1cc9a2fd677144,Honduras 2022,COE,Honduras,2022,COE,NA,4,89.03,Don Andres,Jose Nahun Fernandez Sabillon,Natural,Parainema,Santa Barbara,https://allianceforcoffeeexcellence.org/honduras-2022/,FALSE,reported,Natural,Natural,Conventional,NA,reported process,4,4,don andres,jose nahun fernandez sabillon,1a1cc9a2fd677144|COE|NA|4,NA,NA,NA,NA,NA,NA,FALSE,FALSE
1a1cc9a2fd677144,Honduras 2022,COE,Honduras,2022,COE,NA,5,88.91,La Fortuna,Fortune Montain Coffee S. de R.L,Natural,Gesha,Teupasenti,https://allianceforcoffeeexcellence.org/honduras-2022/,FALSE,reported,Natural,Natural,Conventional,NA,reported process,5,5,la fortuna,fortune montain coffee s de r l,1a1cc9a2fd677144|COE|NA|5,NA,NA,NA,NA,NA,NA,FALSE,FALSE
1a1cc9a2fd677144,Honduras 2022,COE,Honduras,2022,COE,NA,6,88.84,Las Virginias,Fabio Antonio Caballero Martinez,Washed,Gesha,Marcala,https://allianceforcoffeeexcellence.org/honduras-2022/,FALSE,reported,Washed,Washed,Conventional,NA,reported process,6,6,las virginias,fabio antonio caballero martinez,1a1cc9a2fd677144|COE|NA|6,NA,NA,NA,NA,NA,NA,FALSE,FALSE
1a1cc9a2fd677144,Honduras 2022,COE,Honduras,2022,COE,NA,7,88.81,Las Virginias,Dolmin Josue Moreno Alvarado,Natural,Gesha,Las Vegas,https://allianceforcoffeeexcellence.org/honduras-2022/,FALSE,reported,Natural,Natural,Conventional,NA,reported process,7,7,las virginias,dolmin josue moreno alvarado,1a1cc9a2fd677144|COE|NA|7,NA,NA,NA,NA,NA,NA,FALSE,FALSE
1a1cc9a2fd677144,Honduras 2022,COE,Honduras,2022,COE,NA,8,88.63,Paraideli,Oscar Daniel Ramirez Chavez,Washed,Parainema,Danli,https://allianceforcoffeeexcellence.org/honduras-2022/,FALSE,reported,Washed,Washed,Conventional,NA,reported process,8,8,paraideli,oscar daniel ramirez chavez,1a1cc9a2fd677144|COE|NA|8,NA,NA,NA,NA,NA,NA,FALSE,FALSE
1a1cc9a2fd677144,Honduras 2022,COE,Honduras,2022,COE,NA,9,88.47,Platanares,Iris Dariela Carvajal Bonilla,Natural,Typica,San Andres,https://allianceforcoffeeexcellence.org/honduras-2022/,FALSE,reported,Natural,Natural,Conventional,NA,reported process,9,9,platanares,iris dariela carvajal bonilla,1a1cc9a2fd677144|COE|NA|9,NA,NA,NA,NA,NA,NA,FALSE,FALSE
c00d15b2e8b05812,Honduras 2023,COE,Honduras,2023,COE,NA,1a,91.78,Pino De Oro,Oscar Edgardo Tinoco Madrid,Natural,Pacamara,Santa Bárbara,https://allianceforcoffeeexcellence.org/honduras-2023/,FALSE,reported,Natural,Natural,Conventional,NA,reported process,1A,1,pino de oro,oscar edgardo tinoco madrid,c00d15b2e8b05812|COE|NA|1,NA,NA,NA,NA,NA,NA,FALSE,FALSE
c00d15b2e8b05812,Honduras 2023,COE,Honduras,2023,COE,NA,10,88.89,Agua Dulce,Franklin Adonis Madrid Villanueva,Washed,Geisha,Santa Bárbara,https://allianceforcoffeeexcellence.org/honduras-2023/,FALSE,reported,Washed,Washed,Conventional,NA,reported process,10,10,agua dulce,franklin adonis madrid villanueva,c00d15b2e8b05812|COE|NA|10,NA,NA,NA,NA,NA,NA,FALSE,FALSE
c00d15b2e8b05812,Honduras 2023,COE,Honduras,2023,COE,NA,11,88.64,La Reina,Fatima Mercedes Maradiaga Rodriguez,Washed,Geisha,La Paz,https://allianceforcoffeeexcellence.org/honduras-2023/,FALSE,reported,Washed,Washed,Conventional,NA,reported process,11,11,la reina,fatima mercedes maradiaga rodriguez,c00d15b2e8b05812|COE|NA|11,NA,NA,NA,NA,NA,NA,FALSE,FALSE
c00d15b2e8b05812,Honduras 2023,COE,Honduras,2023,COE,NA,12,88.64,Los Tres Cedros,Darwin Eudaldo Moreno Lopez,Honey,Pacas,Santa Bárbara,https://allianceforcoffeeexcellence.org/honduras-2023/,FALSE,reported,Honey / pulped natural,Honey / pulped natural,Conventional,NA,reported process,12,12,los tres cedros,darwin eudaldo moreno lopez,c00d15b2e8b05812|COE|NA|12,NA,NA,NA,NA,NA,NA,FALSE,FALSE
c00d15b2e8b05812,Honduras 2023,COE,Honduras,2023,COE,NA,13,88.64,Arianita,Kelvin Osmary Pineda Dominguez,Washed,Pacas,Santa Bárbara,https://allianceforcoffeeexcellence.org/honduras-2023/,FALSE,reported,Washed,Washed,Conventional,NA,reported process,13,13,arianita,kelvin osmary pineda dominguez,c00d15b2e8b05812|COE|NA|13,NA,NA,NA,NA,NA,NA,FALSE,FALSE
c00d15b2e8b05812,Honduras 2023,COE,Honduras,2023,COE,NA,14,88.58,La Casa,Fredi Orlando Perez Amaya,Washed,Catuai,Lempira,https://allianceforcoffeeexcellence.org/honduras-2023/,FALSE,reported,Washed,Washed,Conventional,NA,reported process,14,14,la casa,fredi orlando perez amaya,c00d15b2e8b05812|COE|NA|14,NA,NA,NA,NA,NA,NA,FALSE,FALSE
c00d15b2e8b05812,Honduras 2023,COE,Honduras,2023,COE,NA,15,88.5,El Guamal,Duvis Alexis Moreno Reyes,Washed,Geisha,Santa Bárbara,https://allianceforcoffeeexcellence.org/honduras-2023/,FALSE,reported,Washed,Washed,Conventional,NA,reported process,15,15,el guamal,duvis alexis moreno reyes,c00d15b2e8b05812|COE|NA|15,NA,NA,NA,NA,NA,NA,FALSE,FALSE
c00d15b2e8b05812,Honduras 2023,COE,Honduras,2023,COE,NA,16,88.33,La Montañita,Evin Joel Moreno Reyes,Washed,Pacas,Santa Bárbara,https://allianceforcoffeeexcellence.org/honduras-2023/,FALSE,reported,Washed,Washed,Conventional,NA,reported process,16,16,la montanita,evin joel moreno reyes,c00d15b2e8b05812|COE|NA|16,NA,NA,NA,NA,NA,NA,FALSE,FALSE
c00d15b2e8b05812,Honduras 2023,COE,Honduras,2023,COE,NA,17,88.14,Buena Vista,Mario Alexis Moreno Leiva,Honey,Pacas,Santa Bárbara,https://allianceforcoffeeexcellence.org/honduras-2023/,FALSE,reported,Honey / pulped natural,Honey / pulped natural,Conventional,NA,reported process,17,17,buena vista,mario alexis moreno leiva,c00d15b2e8b05812|COE|NA|17,NA,NA,NA,NA,NA,NA,FALSE,FALSE
c00d15b2e8b05812,Honduras 2023,COE,Honduras,2023,COE,NA,18,88.11,Los Robles,Ottoniel Sagastume Pineda,Natural,Parainema,Santa Bárbara,https://allianceforcoffeeexcellence.org/honduras-2023/,FALSE,reported,Natural,Natural,Conventional,NA,reported process,18,18,los robles,ottoniel sagastume pineda,c00d15b2e8b05812|COE|NA|18,NA,NA,NA,NA,NA,NA,FALSE,FALSE
c00d15b2e8b05812,Honduras 2023,COE,Honduras,2023,COE,NA,19,88.11,La Colmena,David Omar Muñoz Ulloa,Washed,Geisha,Santa Bárbara,https://allianceforcoffeeexcellence.org/honduras-2023/,FALSE,reported,Washed,Washed,Conventional,NA,reported process,19,19,la colmena,david omar munoz ulloa,c00d15b2e8b05812|COE|NA|19,NA,NA,NA,NA,NA,NA,FALSE,FALSE
c00d15b2e8b05812,Honduras 2023,COE,Honduras,2023,COE,NA,2a,91.08,Las Virginias,Dolmin Josue Moreno Alvarado,Washed,Geisha,Santa Bárbara,https://allianceforcoffeeexcellence.org/honduras-2023/,FALSE,reported,Washed,Washed,Conventional,NA,reported process,2A,2,las virginias,dolmin josue moreno alvarado,c00d15b2e8b05812|COE|NA|2,NA,NA,NA,NA,NA,NA,FALSE,FALSE
c00d15b2e8b05812,Honduras 2023,COE,Honduras,2023,COE,NA,20,87.81,La Peña,Denilson Adonis Madrid Mejia,Washed,Pacas,Santa Bárbara,https://allianceforcoffeeexcellence.org/honduras-2023/,FALSE,reported,Washed,Washed,Conventional,NA,reported process,20,20,la pena,denilson adonis madrid mejia,c00d15b2e8b05812|COE|NA|20,NA,NA,NA,NA,NA,NA,FALSE,FALSE
c00d15b2e8b05812,Honduras 2023,COE,Honduras,2023,COE,NA,21,87.72,El Pozo,Edwin Lenin Pineda Ulloa,Natural,Sl28,Santa Bárbara,https://allianceforcoffeeexcellence.org/honduras-2023/,FALSE,reported,Natural,Natural,Conventional,NA,reported process,21,21,el pozo,edwin lenin pineda ulloa,c00d15b2e8b05812|COE|NA|21,NA,NA,NA,NA,NA,NA,FALSE,FALSE
c00d15b2e8b05812,Honduras 2023,COE,Honduras,2023,COE,NA,22,87.61,La Bendicion,Mario Rolando Pineda Reyes (Lote 1),Honey,"Geisha, Catuai",Santa Bárbara,https://allianceforcoffeeexcellence.org/honduras-2023/,FALSE,reported,Honey / pulped natural,Honey / pulped natural,Conventional,NA,reported process,22,22,la bendicion,mario rolando pineda reyes lote 1,c00d15b2e8b05812|COE|NA|22,NA,NA,NA,NA,NA,NA,FALSE,FALSE
c00d15b2e8b05812,Honduras 2023,COE,Honduras,2023,COE,NA,23,87.61,Sueño Fertil,Sara Elizabeth Chinchilla Trochez,Washed,Caturra,Santa Bárbara,https://allianceforcoffeeexcellence.org/honduras-2023/,FALSE,reported,Washed,Washed,Conventional,NA,reported process,23,23,sueno fertil,sara elizabeth chinchilla trochez,c00d15b2e8b05812|COE|NA|23,NA,NA,NA,NA,NA,NA,FALSE,FALSE
c00d15b2e8b05812,Honduras 2023,COE,Honduras,2023,COE,NA,24,87.58,Chavelo N°2,Edgar Jeovanny Rodriguez Tercero,Washed,Parainema,El Paraíso,https://allianceforcoffeeexcellence.org/honduras-2023/,FALSE,reported,Washed,Washed,Conventional,NA,reported process,24,24,chavelo n 2,edgar jeovanny rodriguez tercero,c00d15b2e8b05812|COE|NA|24,NA,NA,NA,NA,NA,NA,FALSE,FALSE
c00d15b2e8b05812,Honduras 2023,COE,Honduras,2023,COE,NA,25,87.39,El Sol,Ariel Murcia Pinto (Lote 1),Natural,Pacamara,Santa Bárbara,https://allianceforcoffeeexcellence.org/honduras-2023/,FALSE,reported,Natural,Natural,Conventional,NA,reported process,25,25,el sol,ariel murcia pinto lote 1,c00d15b2e8b05812|COE|NA|25,NA,NA,NA,NA,NA,NA,FALSE,FALSE
c00d15b2e8b05812,Honduras 2023,COE,Honduras,2023,COE,NA,26,87.39,Los Quetzales,Pedro Sagastume Enamorado,Washed,Geisha,Santa Bárbara,https://allianceforcoffeeexcellence.org/honduras-2023/,FALSE,reported,Washed,Washed,Conventional,NA,reported process,26,26,los quetzales,pedro sagastume enamorado,c00d15b2e8b05812|COE|NA|26,NA,NA,NA,NA,NA,NA,FALSE,FALSE
c00d15b2e8b05812,Honduras 2023,COE,Honduras,2023,COE,NA,27,87.39,El Itacayo,Angel Arturo Paz Ramirez,Washed,Geisha,Santa Bárbara,https://allianceforcoffeeexcellence.org/honduras-2023/,FALSE,reported,Washed,Washed,Conventional,NA,reported process,27,27,el itacayo,angel arturo paz ramirez,c00d15b2e8b05812|COE|NA|27,NA,NA,NA,NA,NA,NA,FALSE,FALSE
c00d15b2e8b05812,Honduras 2023,COE,Honduras,2023,COE,NA,28,87.36,El Boqueron,Samuel Pineda Sagastume,Natural,Parainema,Santa Bárbara,https://allianceforcoffeeexcellence.org/honduras-2023/,FALSE,reported,Natural,Natural,Conventional,NA,reported process,28,28,el boqueron,samuel pineda sagastume,c00d15b2e8b05812|COE|NA|28,NA,NA,NA,NA,NA,NA,FALSE,FALSE
c00d15b2e8b05812,Honduras 2023,COE,Honduras,2023,COE,NA,29,87.36,El Mango,Alma Aydee Pineda Alvarado,Washed,Sl28,Santa Bárbara,https://allianceforcoffeeexcellence.org/honduras-2023/,FALSE,reported,Washed,Washed,Conventional,NA,reported process,29,29,el mango,alma aydee pineda alvarado,c00d15b2e8b05812|COE|NA|29,NA,NA,NA,NA,NA,NA,FALSE,FALSE
c00d15b2e8b05812,Honduras 2023,COE,Honduras,2023,COE,NA,3,89.92,La Fresa,Mardo Antonio Vasquez,Washed,Geisha,Lempira,https://allianceforcoffeeexcellence.org/honduras-2023/,FALSE,reported,Washed,Washed,Conventional,NA,reported process,3,3,la fresa,mardo antonio vasquez,c00d15b2e8b05812|COE|NA|3,NA,NA,NA,NA,NA,NA,FALSE,FALSE
c00d15b2e8b05812,Honduras 2023,COE,Honduras,2023,COE,NA,30,87.33,Liquidambar,Marcio Adalberto Paz Andino,Washed,Parainema,Francisco Morazán,https://allianceforcoffeeexcellence.org/honduras-2023/,FALSE,reported,Washed,Washed,Conventional,NA,reported process,30,30,liquidambar,marcio adalberto paz andino,c00d15b2e8b05812|COE|NA|30,NA,NA,NA,NA,NA,NA,FALSE,FALSE
c00d15b2e8b05812,Honduras 2023,COE,Honduras,2023,COE,NA,4,89.69,El Zapote,Wilmer Alexi Grau Montoya,Washed,Geisha,Intibucá,https://allianceforcoffeeexcellence.org/honduras-2023/,FALSE,reported,Washed,Washed,Conventional,NA,reported process,4,4,el zapote,wilmer alexi grau montoya,c00d15b2e8b05812|COE|NA|4,NA,NA,NA,NA,NA,NA,FALSE,FALSE
c00d15b2e8b05812,Honduras 2023,COE,Honduras,2023,COE,NA,5,89.22,La Salsa,Benjamin Paz Muñoz,Washed,Geisha,Santa Bárbara,https://allianceforcoffeeexcellence.org/honduras-2023/,FALSE,reported,Washed,Washed,Conventional,NA,reported process,5,5,la salsa,benjamin paz munoz,c00d15b2e8b05812|COE|NA|5,NA,NA,NA,NA,NA,NA,FALSE,FALSE
c00d15b2e8b05812,Honduras 2023,COE,Honduras,2023,COE,NA,6,89.08,Platanares,Reniery Orlando Carvajal Guevara,Natural,Typica,Lempira,https://allianceforcoffeeexcellence.org/honduras-2023/,FALSE,reported,Natural,Natural,Conventional,NA,reported process,6,6,platanares,reniery orlando carvajal guevara,c00d15b2e8b05812|COE|NA|6,NA,NA,NA,NA,NA,NA,FALSE,FALSE
c00d15b2e8b05812,Honduras 2023,COE,Honduras,2023,COE,NA,7,88.94,Los Pinos,Reniery Orlando Carvajal Guevara,Natural,Typica,Lempira,https://allianceforcoffeeexcellence.org/honduras-2023/,FALSE,reported,Natural,Natural,Conventional,NA,reported process,7,7,los pinos,reniery orlando carvajal guevara,c00d15b2e8b05812|COE|NA|7,NA,NA,NA,NA,NA,NA,FALSE,FALSE
c00d15b2e8b05812,Honduras 2023,COE,Honduras,2023,COE,NA,8,88.94,De La Casa,Irma Consuelo Bonilla Hernandez,Honey,Typica,Lempira,https://allianceforcoffeeexcellence.org/honduras-2023/,FALSE,reported,Honey / pulped natural,Honey / pulped natural,Conventional,NA,reported process,8,8,de la casa,irma consuelo bonilla hernandez,c00d15b2e8b05812|COE|NA|8,NA,NA,NA,NA,NA,NA,FALSE,FALSE
c00d15b2e8b05812,Honduras 2023,COE,Honduras,2023,COE,NA,9,88.89,La Salvaje,Sandra Isabel Garcia Argueta,Washed,Geisha,La Paz,https://allianceforcoffeeexcellence.org/honduras-2023/,FALSE,reported,Washed,Washed,Conventional,NA,reported process,9,9,la salvaje,sandra isabel garcia argueta,c00d15b2e8b05812|COE|NA|9,NA,NA,NA,NA,NA,NA,FALSE,FALSE
730e5b8120156480,Honduras 2024,COE,Honduras,2024,COE,NA,1A,91.21,La Salsa,Benjamin Paz Muñoz,Washed,Geisha,Santa Barbara,https://allianceforcoffeeexcellence.org/honduras-2024/,FALSE,reported,Washed,Washed,Conventional,NA,reported process,1A,1,la salsa,benjamin paz munoz,730e5b8120156480|COE|NA|1,NA,NA,NA,NA,NA,NA,FALSE,FALSE
730e5b8120156480,Honduras 2024,COE,Honduras,2024,COE,NA,10,89.25,Buena Vista,Miguel Moreno Leiva,Honey,Geisha,Santa Barbara,https://allianceforcoffeeexcellence.org/honduras-2024/,FALSE,reported,Honey / pulped natural,Honey / pulped natural,Conventional,NA,reported process,10,10,buena vista,miguel moreno leiva,730e5b8120156480|COE|NA|10,NA,NA,NA,NA,NA,NA,FALSE,FALSE
730e5b8120156480,Honduras 2024,COE,Honduras,2024,COE,NA,11,88.57,El Mirador,Elder Ignacio Chavez Martinez,Honey,Geisha,Santa Barbara,https://allianceforcoffeeexcellence.org/honduras-2024/,FALSE,reported,Honey / pulped natural,Honey / pulped natural,Conventional,NA,reported process,11,11,el mirador,elder ignacio chavez martinez,730e5b8120156480|COE|NA|11,NA,NA,NA,NA,NA,NA,FALSE,FALSE
730e5b8120156480,Honduras 2024,COE,Honduras,2024,COE,NA,12,88.54,El Zapote,Wilmer Alexi Grau Montoya,Washed,Geisha,Intibuca,https://allianceforcoffeeexcellence.org/honduras-2024/,FALSE,reported,Washed,Washed,Conventional,NA,reported process,12,12,el zapote,wilmer alexi grau montoya,730e5b8120156480|COE|NA|12,NA,NA,NA,NA,NA,NA,FALSE,FALSE
730e5b8120156480,Honduras 2024,COE,Honduras,2024,COE,NA,13,88.36,La Leona,Oscar Edgardo Tinoco Madrid,Natural,Pacamara,Santa Barbara,https://allianceforcoffeeexcellence.org/honduras-2024/,FALSE,reported,Natural,Natural,Conventional,NA,reported process,13,13,la leona,oscar edgardo tinoco madrid,730e5b8120156480|COE|NA|13,NA,NA,NA,NA,NA,NA,FALSE,FALSE
730e5b8120156480,Honduras 2024,COE,Honduras,2024,COE,NA,14,88.36,La Esmeralda,Jose Oswaldo Oliva Guerra,Washed,Geisha,La Paz,https://allianceforcoffeeexcellence.org/honduras-2024/,FALSE,reported,Washed,Washed,Conventional,NA,reported process,14,14,la esmeralda,jose oswaldo oliva guerra,730e5b8120156480|COE|NA|14,NA,NA,NA,NA,NA,NA,FALSE,FALSE
730e5b8120156480,Honduras 2024,COE,Honduras,2024,COE,NA,15,88.14,La Colmena,David Omar Muñoz Ulloa,Honey,Geisha,Santa Barbara,https://allianceforcoffeeexcellence.org/honduras-2024/,FALSE,reported,Honey / pulped natural,Honey / pulped natural,Conventional,NA,reported process,15,15,la colmena,david omar munoz ulloa,730e5b8120156480|COE|NA|15,NA,NA,NA,NA,NA,NA,FALSE,FALSE
730e5b8120156480,Honduras 2024,COE,Honduras,2024,COE,NA,16,88.14,El Aguate,Evin Joel Moreno Reyes,Washed,Geisha,Santa Barbara,https://allianceforcoffeeexcellence.org/honduras-2024/,FALSE,reported,Washed,Washed,Conventional,NA,reported process,16,16,el aguate,evin joel moreno reyes,730e5b8120156480|COE|NA|16,NA,NA,NA,NA,NA,NA,FALSE,FALSE
730e5b8120156480,Honduras 2024,COE,Honduras,2024,COE,NA,17,88.07,El Gravileo,Lester Francisco Marquez Benitez,Washed,Typica,Lempira,https://allianceforcoffeeexcellence.org/honduras-2024/,FALSE,reported,Washed,Washed,Conventional,NA,reported process,17,17,el gravileo,lester francisco marquez benitez,730e5b8120156480|COE|NA|17,NA,NA,NA,NA,NA,NA,FALSE,FALSE
730e5b8120156480,Honduras 2024,COE,Honduras,2024,COE,NA,18,88.07,El Durazno,Francisco Alvarado Gomez,Washed,Geisha,Intibuca,https://allianceforcoffeeexcellence.org/honduras-2024/,FALSE,reported,Washed,Washed,Conventional,NA,reported process,18,18,el durazno,francisco alvarado gomez,730e5b8120156480|COE|NA|18,NA,NA,NA,NA,NA,NA,FALSE,FALSE
730e5b8120156480,Honduras 2024,COE,Honduras,2024,COE,NA,19,88,Los Tanquez,Jose Javier Fernandez Sabillon,Natural,Pacas,Santa Barbara,https://allianceforcoffeeexcellence.org/honduras-2024/,FALSE,reported,Natural,Natural,Conventional,NA,reported process,19,19,los tanquez,jose javier fernandez sabillon,730e5b8120156480|COE|NA|19,NA,NA,NA,NA,NA,NA,FALSE,FALSE
730e5b8120156480,Honduras 2024,COE,Honduras,2024,COE,NA,2A,90.86,El Mango,[w]  Alma Aydee Pineda Alvarado,Washed,SL-28,Santa Barbara,https://allianceforcoffeeexcellence.org/honduras-2024/,FALSE,reported,Washed,Washed,Conventional,NA,reported process,2A,2,el mango,w alma aydee pineda alvarado,730e5b8120156480|COE|NA|2,NA,NA,NA,NA,NA,NA,FALSE,FALSE
730e5b8120156480,Honduras 2024,COE,Honduras,2024,COE,NA,20,87.96,La Pila,Yeltsin Sagastume Enamorado,Natural,Maracaturra,Santa Barbara,https://allianceforcoffeeexcellence.org/honduras-2024/,FALSE,reported,Natural,Natural,Conventional,NA,reported process,20,20,la pila,yeltsin sagastume enamorado,730e5b8120156480|COE|NA|20,NA,NA,NA,NA,NA,NA,FALSE,FALSE
730e5b8120156480,Honduras 2024,COE,Honduras,2024,COE,NA,21,87.96,Las Tres Peñas,Duvis Alexis Moreno Reyes,Washed,Pacas,Santa Barbara,https://allianceforcoffeeexcellence.org/honduras-2024/,FALSE,reported,Washed,Washed,Conventional,NA,reported process,21,21,las tres penas,duvis alexis moreno reyes,730e5b8120156480|COE|NA|21,NA,NA,NA,NA,NA,NA,FALSE,FALSE
730e5b8120156480,Honduras 2024,COE,Honduras,2024,COE,NA,22,87.75,Las Rocas,Jorge David Portillo Mejia,Natural,Parainema,Santa Barbara,https://allianceforcoffeeexcellence.org/honduras-2024/,FALSE,reported,Natural,Natural,Conventional,NA,reported process,22,22,las rocas,jorge david portillo mejia,730e5b8120156480|COE|NA|22,NA,NA,NA,NA,NA,NA,FALSE,FALSE
730e5b8120156480,Honduras 2024,COE,Honduras,2024,COE,NA,23,87.46,El Pozo,Edwin Lenin Pineda Ulloa,Natural,Geisha,Santa Barbara,https://allianceforcoffeeexcellence.org/honduras-2024/,FALSE,reported,Natural,Natural,Conventional,NA,reported process,23,23,el pozo,edwin lenin pineda ulloa,730e5b8120156480|COE|NA|23,NA,NA,NA,NA,NA,NA,FALSE,FALSE
730e5b8120156480,Honduras 2024,COE,Honduras,2024,COE,NA,24,87.43,Yireh,Lesby Lorena Pineda Erazo,Natural,Pacamara,Santa Barbara,https://allianceforcoffeeexcellence.org/honduras-2024/,FALSE,reported,Natural,Natural,Conventional,NA,reported process,24,24,yireh,lesby lorena pineda erazo,730e5b8120156480|COE|NA|24,NA,NA,NA,NA,NA,NA,FALSE,FALSE
730e5b8120156480,Honduras 2024,COE,Honduras,2024,COE,NA,25,87.29,El Guayabo,Urpania Guzman Enamorado,Washed,Geisha,Santa Barbara,https://allianceforcoffeeexcellence.org/honduras-2024/,FALSE,reported,Washed,Washed,Conventional,NA,reported process,25,25,el guayabo,urpania guzman enamorado,730e5b8120156480|COE|NA|25,NA,NA,NA,NA,NA,NA,FALSE,FALSE
730e5b8120156480,Honduras 2024,COE,Honduras,2024,COE,NA,26,87.29,El Sile,Andres Fernandez Madrid,Natural,Parainema,Santa Barbara,https://allianceforcoffeeexcellence.org/honduras-2024/,FALSE,reported,Natural,Natural,Conventional,NA,reported process,26,26,el sile,andres fernandez madrid,730e5b8120156480|COE|NA|26,NA,NA,NA,NA,NA,NA,FALSE,FALSE
730e5b8120156480,Honduras 2024,COE,Honduras,2024,COE,NA,27,87.29,Medalla Milagrosa,Walter Ricardo Bautista Leiva,Honey,Parainema,Santa Barbara,https://allianceforcoffeeexcellence.org/honduras-2024/,FALSE,reported,Honey / pulped natural,Honey / pulped natural,Conventional,NA,reported process,27,27,medalla milagrosa,walter ricardo bautista leiva,730e5b8120156480|COE|NA|27,NA,NA,NA,NA,NA,NA,FALSE,FALSE
730e5b8120156480,Honduras 2024,COE,Honduras,2024,COE,NA,28,87.29,El Carreto,Yerin Estel Sagastume Enamorado,Natural,SL-28,Santa Barbara,https://allianceforcoffeeexcellence.org/honduras-2024/,FALSE,reported,Natural,Natural,Conventional,NA,reported process,28,28,el carreto,yerin estel sagastume enamorado,730e5b8120156480|COE|NA|28,NA,NA,NA,NA,NA,NA,FALSE,FALSE
730e5b8120156480,Honduras 2024,COE,Honduras,2024,COE,NA,29,87.11,Los Romeros,Deyvin Arnaldo Romero Hernandez,Washed,Parainema,Comayagua,https://allianceforcoffeeexcellence.org/honduras-2024/,FALSE,reported,Washed,Washed,Conventional,NA,reported process,29,29,los romeros,deyvin arnaldo romero hernandez,730e5b8120156480|COE|NA|29,NA,NA,NA,NA,NA,NA,FALSE,FALSE
730e5b8120156480,Honduras 2024,COE,Honduras,2024,COE,NA,3A,90.71,Los Pinos,[w]  Joaquina Montoya Alvarado,Washed,Geisha,Intibuca,https://allianceforcoffeeexcellence.org/honduras-2024/,FALSE,reported,Washed,Washed,Conventional,NA,reported process,3A,3,los pinos,w joaquina montoya alvarado,730e5b8120156480|COE|NA|3,NA,NA,NA,NA,NA,NA,FALSE,FALSE
730e5b8120156480,Honduras 2024,COE,Honduras,2024,COE,NA,4,90.04,Pino de Oro,Oscar Edgardo Tinoco Madrid,Natural,Geisha,Santa Barbara,https://allianceforcoffeeexcellence.org/honduras-2024/,FALSE,reported,Natural,Natural,Conventional,NA,reported process,4,4,pino de oro,oscar edgardo tinoco madrid,730e5b8120156480|COE|NA|4,NA,NA,NA,NA,NA,NA,FALSE,FALSE
730e5b8120156480,Honduras 2024,COE,Honduras,2024,COE,NA,5,90.04,Las Virginias,Dolmin Josue Moreno Alvarado,Washed,Geisha,Santa Barbara,https://allianceforcoffeeexcellence.org/honduras-2024/,FALSE,reported,Washed,Washed,Conventional,NA,reported process,5,5,las virginias,dolmin josue moreno alvarado,730e5b8120156480|COE|NA|5,NA,NA,NA,NA,NA,NA,FALSE,FALSE
730e5b8120156480,Honduras 2024,COE,Honduras,2024,COE,NA,6,90,Los Primos,Manuel De Jesus Vallecillo Fernandez,Washed,Pacas,Santa Barbara,https://allianceforcoffeeexcellence.org/honduras-2024/,FALSE,reported,Washed,Washed,Conventional,NA,reported process,6,6,los primos,manuel de jesus vallecillo fernandez,730e5b8120156480|COE|NA|6,NA,NA,NA,NA,NA,NA,FALSE,FALSE
730e5b8120156480,Honduras 2024,COE,Honduras,2024,COE,NA,7,90,El Itacayo,Angel Arturo Paz Ramirez,Washed,Geisha,Santa Barbara,https://allianceforcoffeeexcellence.org/honduras-2024/,FALSE,reported,Washed,Washed,Conventional,NA,reported process,7,7,el itacayo,angel arturo paz ramirez,730e5b8120156480|COE|NA|7,NA,NA,NA,NA,NA,NA,FALSE,FALSE
730e5b8120156480,Honduras 2024,COE,Honduras,2024,COE,NA,8,89.82,Las Moras,Antonio Dominguez Gonzalez,Washed,Geisha,Intibuca,https://allianceforcoffeeexcellence.org/honduras-2024/,FALSE,reported,Washed,Washed,Conventional,NA,reported process,8,8,las moras,antonio dominguez gonzalez,730e5b8120156480|COE|NA|8,NA,NA,NA,NA,NA,NA,FALSE,FALSE
730e5b8120156480,Honduras 2024,COE,Honduras,2024,COE,NA,9,89.29,La Montaña,Nery Ronaldo Martinez Alvarado,Washed,Pacas,Santa Barbara,https://allianceforcoffeeexcellence.org/honduras-2024/,FALSE,reported,Washed,Washed,Conventional,NA,reported process,9,9,la montana,nery ronaldo martinez alvarado,730e5b8120156480|COE|NA|9,NA,NA,NA,NA,NA,NA,FALSE,FALSE
633bbe248a592d8c,Honduras 2025,COE,Honduras,2025,COE,Honduras Traditional Varieties,1A,90.5,Finca Dariela,Keyli Victoria Carvajal Bonilla,Natural,Typica,Lempira,https://allianceforcoffeeexcellence.org/honduras-2025/,FALSE,reported,Natural,Natural,Conventional,NA,reported process,1A,1,finca dariela,keyli victoria carvajal bonilla,633bbe248a592d8c|COE|Honduras Traditional Varieties|1,NA,NA,NA,NA,NA,NA,FALSE,FALSE
633bbe248a592d8c,Honduras 2025,COE,Honduras,2025,COE,Parainema Variety,1A,89.65,El Rubí,Jeniffer Iveth Madrid Chavez,Washed,Parainema,Santa Bárbara,https://allianceforcoffeeexcellence.org/honduras-2025/,FALSE,reported,Washed,Washed,Conventional,NA,reported process,1A,1,el rubi,jeniffer iveth madrid chavez,633bbe248a592d8c|COE|Parainema Variety|1,NA,NA,NA,NA,NA,NA,FALSE,FALSE
633bbe248a592d8c,Honduras 2025,COE,Honduras,2025,COE,Exotic Varieties,1A,91.59,La Salvaje,Fabio Antonio Caballero Garcia,Washed,Geisha,La Paz,https://allianceforcoffeeexcellence.org/honduras-2025/,FALSE,reported,Washed,Washed,Conventional,NA,reported process,1A,1,la salvaje,fabio antonio caballero garcia,633bbe248a592d8c|COE|Exotic Varieties|1,NA,NA,NA,NA,NA,NA,FALSE,FALSE
633bbe248a592d8c,Honduras 2025,COE,Honduras,2025,COE,Honduras Traditional Varieties,10,87.12,Las Acasias,Evin Joel Moreno Reyes,Washed,Pacas,Santa Bárbara,https://allianceforcoffeeexcellence.org/honduras-2025/,FALSE,reported,Washed,Washed,Conventional,NA,reported process,10,10,las acasias,evin joel moreno reyes,633bbe248a592d8c|COE|Honduras Traditional Varieties|10,NA,NA,NA,NA,NA,NA,FALSE,FALSE
633bbe248a592d8c,Honduras 2025,COE,Honduras,2025,COE,Exotic Varieties,10,87.63,Naranjito 2,Nahun Vidal Sanchez,Washed,Geisha,Francisco Morazán,https://allianceforcoffeeexcellence.org/honduras-2025/,FALSE,reported,Washed,Washed,Conventional,NA,reported process,10,10,naranjito 2,nahun vidal sanchez,633bbe248a592d8c|COE|Exotic Varieties|10,NA,NA,NA,NA,NA,NA,FALSE,FALSE
633bbe248a592d8c,Honduras 2025,COE,Honduras,2025,COE,Exotic Varieties,11,87.59,El Mango,Evin Joel Moreno Reyes,Washed,SL28,Santa Bárbara,https://allianceforcoffeeexcellence.org/honduras-2025/,FALSE,reported,Washed,Washed,Conventional,NA,reported process,11,11,el mango,evin joel moreno reyes,633bbe248a592d8c|COE|Exotic Varieties|11,NA,NA,NA,NA,NA,NA,FALSE,FALSE
633bbe248a592d8c,Honduras 2025,COE,Honduras,2025,COE,Exotic Varieties,12,87.56,Los Hermanos,Pedro Leiva,Washed,Geisha,Santa Bárbara,https://allianceforcoffeeexcellence.org/honduras-2025/,FALSE,reported,Washed,Washed,Conventional,NA,reported process,12,12,los hermanos,pedro leiva,633bbe248a592d8c|COE|Exotic Varieties|12,NA,NA,NA,NA,NA,NA,FALSE,FALSE
633bbe248a592d8c,Honduras 2025,COE,Honduras,2025,COE,Exotic Varieties,13,87.44,La Aguja,Heyvis Sagastume Enamorado,Washed,Geisha,Santa Bárbara,https://allianceforcoffeeexcellence.org/honduras-2025/,FALSE,reported,Washed,Washed,Conventional,NA,reported process,13,13,la aguja,heyvis sagastume enamorado,633bbe248a592d8c|COE|Exotic Varieties|13,NA,NA,NA,NA,NA,NA,FALSE,FALSE
633bbe248a592d8c,Honduras 2025,COE,Honduras,2025,COE,Exotic Varieties,14,87.18,La Pila,Yeltsin Sagastume Enamorado,Natural,Maracaturra,Santa Bárbar,https://allianceforcoffeeexcellence.org/honduras-2025/,FALSE,reported,Natural,Natural,Conventional,NA,reported process,14,14,la pila,yeltsin sagastume enamorado,633bbe248a592d8c|COE|Exotic Varieties|14,NA,NA,NA,NA,NA,NA,FALSE,FALSE
633bbe248a592d8c,Honduras 2025,COE,Honduras,2025,COE,Honduras Traditional Varieties,2,89.41,La Peña,Denilson Adonis Madrid Mejia,Washed,Pacas,Santa Bárbara,https://allianceforcoffeeexcellence.org/honduras-2025/,FALSE,reported,Washed,Washed,Conventional,NA,reported process,2,2,la pena,denilson adonis madrid mejia,633bbe248a592d8c|COE|Honduras Traditional Varieties|2,NA,NA,NA,NA,NA,NA,FALSE,FALSE
633bbe248a592d8c,Honduras 2025,COE,Honduras,2025,COE,Parainema Variety,2,89.47,Laurel #3,Oscar Daniel Ramirez Chavez,Washed,Parainema,El Paraíso,https://allianceforcoffeeexcellence.org/honduras-2025/,FALSE,reported,Washed,Washed,Conventional,NA,reported process,2,2,laurel 3,oscar daniel ramirez chavez,633bbe248a592d8c|COE|Parainema Variety|2,NA,NA,NA,NA,NA,NA,FALSE,FALSE
633bbe248a592d8c,Honduras 2025,COE,Honduras,2025,COE,Exotic Varieties,2,90.71,Piedras Amarillas,Mario Alexis Moreno Leiva,Natural,Geisha,Santa Bárbara,https://allianceforcoffeeexcellence.org/honduras-2025/,FALSE,reported,Natural,Natural,Conventional,NA,reported process,2,2,piedras amarillas,mario alexis moreno leiva,633bbe248a592d8c|COE|Exotic Varieties|2,NA,NA,NA,NA,NA,NA,FALSE,FALSE
633bbe248a592d8c,Honduras 2025,COE,Honduras,2025,COE,Honduras Traditional Varieties,3,89.06,Karmel,Elías Yeltsin Hernández Tejada,Honey,Pacas,Santa Bárbara,https://allianceforcoffeeexcellence.org/honduras-2025/,FALSE,reported,Honey / pulped natural,Honey / pulped natural,Conventional,NA,reported process,3,3,karmel,elias yeltsin hernandez tejada,633bbe248a592d8c|COE|Honduras Traditional Varieties|3,NA,NA,NA,NA,NA,NA,FALSE,FALSE
633bbe248a592d8c,Honduras 2025,COE,Honduras,2025,COE,Parainema Variety,3,87.74,Don Andres,Josue Nahun Fernandez Sabillon,Natural,Parainema,Santa Bárbara,https://allianceforcoffeeexcellence.org/honduras-2025/,FALSE,reported,Natural,Natural,Conventional,NA,reported process,3,3,don andres,josue nahun fernandez sabillon,633bbe248a592d8c|COE|Parainema Variety|3,NA,NA,NA,NA,NA,NA,FALSE,FALSE
633bbe248a592d8c,Honduras 2025,COE,Honduras,2025,COE,Exotic Varieties,3,90.32,La Salsa,Benjamin Paz Muñoz,Washed,Geisha,Santa Bárbara,https://allianceforcoffeeexcellence.org/honduras-2025/,FALSE,reported,Washed,Washed,Conventional,NA,reported process,3,3,la salsa,benjamin paz munoz,633bbe248a592d8c|COE|Exotic Varieties|3,NA,NA,NA,NA,NA,NA,FALSE,FALSE
633bbe248a592d8c,Honduras 2025,COE,Honduras,2025,COE,Honduras Traditional Varieties,4,88.09,El Ocote,Yeltsin Sagastume Enamorado,Honey,Pacas,Santa Bárbara,https://allianceforcoffeeexcellence.org/honduras-2025/,FALSE,reported,Honey / pulped natural,Honey / pulped natural,Conventional,NA,reported process,4,4,el ocote,yeltsin sagastume enamorado,633bbe248a592d8c|COE|Honduras Traditional Varieties|4,NA,NA,NA,NA,NA,NA,FALSE,FALSE
633bbe248a592d8c,Honduras 2025,COE,Honduras,2025,COE,Parainema Variety,4,87.56,Don Miguel,Miguel Angel Ruis Fernandez,Washed,Parainema,Santa Bárbara,https://allianceforcoffeeexcellence.org/honduras-2025/,FALSE,reported,Washed,Washed,Conventional,NA,reported process,4,4,don miguel,miguel angel ruis fernandez,633bbe248a592d8c|COE|Parainema Variety|4,NA,NA,NA,NA,NA,NA,FALSE,FALSE
633bbe248a592d8c,Honduras 2025,COE,Honduras,2025,COE,Exotic Varieties,4,88.88,La Colmena,David Omar Muñoz Ulloa,Washed,Geisha,Santa Bárbara,https://allianceforcoffeeexcellence.org/honduras-2025/,FALSE,reported,Washed,Washed,Conventional,NA,reported process,4,4,la colmena,david omar munoz ulloa,633bbe248a592d8c|COE|Exotic Varieties|4,NA,NA,NA,NA,NA,NA,FALSE,FALSE
633bbe248a592d8c,Honduras 2025,COE,Honduras,2025,COE,Honduras Traditional Varieties,5,88,Los Pinos,Reniery Orlando Carvajal,Honey,Typica,Lempira,https://allianceforcoffeeexcellence.org/honduras-2025/,FALSE,reported,Honey / pulped natural,Honey / pulped natural,Conventional,NA,reported process,5,5,los pinos,reniery orlando carvajal,633bbe248a592d8c|COE|Honduras Traditional Varieties|5,NA,NA,NA,NA,NA,NA,FALSE,FALSE
633bbe248a592d8c,Honduras 2025,COE,Honduras,2025,COE,Parainema Variety,5,87.21,Los Zorzales,Nelin Yovany Guzman Muñoz,Natural,Parainema,Santa Bárbara,https://allianceforcoffeeexcellence.org/honduras-2025/,FALSE,reported,Natural,Natural,Conventional,NA,reported process,5,5,los zorzales,nelin yovany guzman munoz,633bbe248a592d8c|COE|Parainema Variety|5,NA,NA,NA,NA,NA,NA,FALSE,FALSE
633bbe248a592d8c,Honduras 2025,COE,Honduras,2025,COE,Exotic Varieties,5,88.78,Las Virginias,Dolmin Josue Moreno Alvarado,Washed,Geisha,Santa Bárbara,https://allianceforcoffeeexcellence.org/honduras-2025/,FALSE,reported,Washed,Washed,Conventional,NA,reported process,5,5,las virginias,dolmin josue moreno alvarado,633bbe248a592d8c|COE|Exotic Varieties|5,NA,NA,NA,NA,NA,NA,FALSE,FALSE
633bbe248a592d8c,Honduras 2025,COE,Honduras,2025,COE,Honduras Traditional Varieties,6,87.74,El Gravileo,Lester Francisco Marquez Benitez,Washed,Typica,Lempira,https://allianceforcoffeeexcellence.org/honduras-2025/,FALSE,reported,Washed,Washed,Conventional,NA,reported process,6,6,el gravileo,lester francisco marquez benitez,633bbe248a592d8c|COE|Honduras Traditional Varieties|6,NA,NA,NA,NA,NA,NA,FALSE,FALSE
633bbe248a592d8c,Honduras 2025,COE,Honduras,2025,COE,Parainema Variety,6,87.15,El Laurel #2,Gerson Neptali Ramirez Chavez,Washed,Parainema,El Paraíso,https://allianceforcoffeeexcellence.org/honduras-2025/,FALSE,reported,Washed,Washed,Conventional,NA,reported process,6,6,el laurel 2,gerson neptali ramirez chavez,633bbe248a592d8c|COE|Parainema Variety|6,NA,NA,NA,NA,NA,NA,FALSE,FALSE
633bbe248a592d8c,Honduras 2025,COE,Honduras,2025,COE,Exotic Varieties,6,88.65,Buena Vista,Kedvin Franceli Moreno Alvarado,Honey,Geisha,Santa Bárbara,https://allianceforcoffeeexcellence.org/honduras-2025/,FALSE,reported,Honey / pulped natural,Honey / pulped natural,Conventional,NA,reported process,6,6,buena vista,kedvin franceli moreno alvarado,633bbe248a592d8c|COE|Exotic Varieties|6,NA,NA,NA,NA,NA,NA,FALSE,FALSE
633bbe248a592d8c,Honduras 2025,COE,Honduras,2025,COE,Honduras Traditional Varieties,7,87.44,Los Cipreses,Julio García Santos,Washed,IHCAFE 90,Lempira,https://allianceforcoffeeexcellence.org/honduras-2025/,FALSE,reported,Washed,Washed,Conventional,NA,reported process,7,7,los cipreses,julio garcia santos,633bbe248a592d8c|COE|Honduras Traditional Varieties|7,NA,NA,NA,NA,NA,NA,FALSE,FALSE
633bbe248a592d8c,Honduras 2025,COE,Honduras,2025,COE,Exotic Varieties,7,88.41,La Leona,Oscar Edgardo Tinoco Madrid,Natural,Pacamara,Santa Bárbara,https://allianceforcoffeeexcellence.org/honduras-2025/,FALSE,reported,Natural,Natural,Conventional,NA,reported process,7,7,la leona,oscar edgardo tinoco madrid,633bbe248a592d8c|COE|Exotic Varieties|7,NA,NA,NA,NA,NA,NA,FALSE,FALSE
633bbe248a592d8c,Honduras 2025,COE,Honduras,2025,COE,Honduras Traditional Varieties,8,87.41,La Quebrada,Pedro Noe Moreno Reyes,Washed,Pacas,Santa Bárbara,https://allianceforcoffeeexcellence.org/honduras-2025/,FALSE,reported,Washed,Washed,Conventional,NA,reported process,8,8,la quebrada,pedro noe moreno reyes,633bbe248a592d8c|COE|Honduras Traditional Varieties|8,NA,NA,NA,NA,NA,NA,FALSE,FALSE
633bbe248a592d8c,Honduras 2025,COE,Honduras,2025,COE,Exotic Varieties,8,88.13,El Pozo,Edwin Lenin Pineda,Washed,Geisha,Santa Bárbara,https://allianceforcoffeeexcellence.org/honduras-2025/,FALSE,reported,Washed,Washed,Conventional,NA,reported process,8,8,el pozo,edwin lenin pineda,633bbe248a592d8c|COE|Exotic Varieties|8,NA,NA,NA,NA,NA,NA,FALSE,FALSE
633bbe248a592d8c,Honduras 2025,COE,Honduras,2025,COE,Honduras Traditional Varieties,9,87.21,El Nacimiento 1,Job Neel Cacerez Diaz,Washed,Pacas,Santa Bárbara,https://allianceforcoffeeexcellence.org/honduras-2025/,FALSE,reported,Washed,Washed,Conventional,NA,reported process,9,9,el nacimiento 1,job neel cacerez diaz,633bbe248a592d8c|COE|Honduras Traditional Varieties|9,NA,NA,NA,NA,NA,NA,FALSE,FALSE
633bbe248a592d8c,Honduras 2025,COE,Honduras,2025,COE,Exotic Varieties,9,87.72,El Itacayo,Angel Arturo Paz Ramirez,Washed,Geisha,Santa Bárbara,https://allianceforcoffeeexcellence.org/honduras-2025/,FALSE,reported,Washed,Washed,Conventional,NA,reported process,9,9,el itacayo,angel arturo paz ramirez,633bbe248a592d8c|COE|Exotic Varieties|9,NA,NA,NA,NA,NA,NA,FALSE,FALSE
e80af4f8d8bd890c,Indonesia 2021,COE,Indonesia,2021,COE,NA,1,89.28,Pantan Musara,Dilen Ali Gogo,Honey,"Ateng, Gayo 1, P88",Aceh,https://allianceforcoffeeexcellence.org/indonesia-2021/,FALSE,reported,Honey / pulped natural,Honey / pulped natural,Conventional,NA,reported process,1,1,pantan musara,dilen ali gogo,e80af4f8d8bd890c|COE|NA|1,NA,NA,NA,NA,NA,NA,FALSE,FALSE
e80af4f8d8bd890c,Indonesia 2021,COE,Indonesia,2021,COE,NA,10,88.15,Lereng Gunung Argopuro Krucil,Dinul Haq Sabyli,Natural,Cobra & Typica,Jawa Timur,https://allianceforcoffeeexcellence.org/indonesia-2021/,FALSE,reported,Natural,Natural,Conventional,NA,reported process,10,10,lereng gunung argopuro krucil,dinul haq sabyli,e80af4f8d8bd890c|COE|NA|10,NA,NA,NA,NA,NA,NA,FALSE,FALSE
e80af4f8d8bd890c,Indonesia 2021,COE,Indonesia,2021,COE,NA,11,88.14,Topidi,Daeng Balengkang,Natural,Typica,Sulawesi Selatan,https://allianceforcoffeeexcellence.org/indonesia-2021/,FALSE,reported,Natural,Natural,Conventional,NA,reported process,11,11,topidi,daeng balengkang,e80af4f8d8bd890c|COE|NA|11,NA,NA,NA,NA,NA,NA,FALSE,FALSE
e80af4f8d8bd890c,Indonesia 2021,COE,Indonesia,2021,COE,NA,12,88.05,PT Sulotco Jaya Abadi,Samuel Karundeng,Washed,"S-795, USDA, Catuai",Sulawesi Selatan,https://allianceforcoffeeexcellence.org/indonesia-2021/,FALSE,reported,Washed,Washed,Conventional,NA,reported process,12,12,pt sulotco jaya abadi,samuel karundeng,e80af4f8d8bd890c|COE|NA|12,NA,NA,NA,NA,NA,NA,FALSE,FALSE
e80af4f8d8bd890c,Indonesia 2021,COE,Indonesia,2021,COE,NA,13,87.88,Malabar Mountain Coffee,Muhammad Irwan,Natural,"Lini S 795, Catimor, Sigararutang",Jawa Barat,https://allianceforcoffeeexcellence.org/indonesia-2021/,FALSE,reported,Natural,Natural,Conventional,NA,reported process,13,13,malabar mountain coffee,muhammad irwan,e80af4f8d8bd890c|COE|NA|13,NA,NA,NA,NA,NA,NA,FALSE,FALSE
e80af4f8d8bd890c,Indonesia 2021,COE,Indonesia,2021,COE,NA,14,87.76,Baru Dadap Petak 46,Saeful Hadi,Washed,Typica,Jawa Barat,https://allianceforcoffeeexcellence.org/indonesia-2021/,FALSE,reported,Washed,Washed,Conventional,NA,reported process,14,14,baru dadap petak 46,saeful hadi,e80af4f8d8bd890c|COE|NA|14,NA,NA,NA,NA,NA,NA,FALSE,FALSE
e80af4f8d8bd890c,Indonesia 2021,COE,Indonesia,2021,COE,NA,15,87.72,Ketapanrame,Wardoyo,Natural,Typica& P-88,Jawa Timur,https://allianceforcoffeeexcellence.org/indonesia-2021/,FALSE,reported,Natural,Natural,Conventional,NA,reported process,15,15,ketapanrame,wardoyo,e80af4f8d8bd890c|COE|NA|15,NA,NA,NA,NA,NA,NA,FALSE,FALSE
e80af4f8d8bd890c,Indonesia 2021,COE,Indonesia,2021,COE,NA,16,87.71,Sukaramai,Sabarwin,Wet Hull,Ateng & Sigararutang,Aceh,https://allianceforcoffeeexcellence.org/indonesia-2021/,FALSE,reported,Wet hulled,Wet hulled,Conventional,NA,reported process,16,16,sukaramai,sabarwin,e80af4f8d8bd890c|COE|NA|16,NA,NA,NA,NA,NA,NA,FALSE,FALSE
e80af4f8d8bd890c,Indonesia 2021,COE,Indonesia,2021,COE,NA,17,87.69,Batukaang,I Wayan Parum,Natural,S-795 & Cobra,Bali,https://allianceforcoffeeexcellence.org/indonesia-2021/,FALSE,reported,Natural,Natural,Conventional,NA,reported process,17,17,batukaang,i wayan parum,e80af4f8d8bd890c|COE|NA|17,NA,NA,NA,NA,NA,NA,FALSE,FALSE
e80af4f8d8bd890c,Indonesia 2021,COE,Indonesia,2021,COE,NA,18,87.68,Angin-angin,Indo Pole,Natural,S-795,Sulawesi Selatan,https://allianceforcoffeeexcellence.org/indonesia-2021/,FALSE,reported,Natural,Natural,Conventional,NA,reported process,18,18,angin angin,indo pole,e80af4f8d8bd890c|COE|NA|18,NA,NA,NA,NA,NA,NA,FALSE,FALSE
e80af4f8d8bd890c,Indonesia 2021,COE,Indonesia,2021,COE,NA,19,87.62,Gravfarm Sukaratu,Gravfarm Indonesia,Washed,Sigararutang & S-795,Jawa Barat,https://allianceforcoffeeexcellence.org/indonesia-2021/,FALSE,reported,Washed,Washed,Conventional,NA,reported process,19,19,gravfarm sukaratu,gravfarm indonesia,e80af4f8d8bd890c|COE|NA|19,NA,NA,NA,NA,NA,NA,FALSE,FALSE
e80af4f8d8bd890c,Indonesia 2021,COE,Indonesia,2021,COE,NA,2,89.04,Ibun Ita,Ita Rosita,Natural,Sigararutang,Jawa Barat,https://allianceforcoffeeexcellence.org/indonesia-2021/,FALSE,reported,Natural,Natural,Conventional,NA,reported process,2,2,ibun ita,ita rosita,e80af4f8d8bd890c|COE|NA|2,NA,NA,NA,NA,NA,NA,FALSE,FALSE
e80af4f8d8bd890c,Indonesia 2021,COE,Indonesia,2021,COE,NA,20,87.62,Papandayan,Enung Sumartini,Natural,"S-795, Sigararutang, Yellow Bourbon",Jawa Barat,https://allianceforcoffeeexcellence.org/indonesia-2021/,FALSE,reported,Natural,Natural,Conventional,NA,reported process,20,20,papandayan,enung sumartini,e80af4f8d8bd890c|COE|NA|20,NA,NA,NA,NA,NA,NA,FALSE,FALSE
e80af4f8d8bd890c,Indonesia 2021,COE,Indonesia,2021,COE,NA,21,87.53,LPE Kelola Agro,Setra Yuhana,Natural,Andungsari & S-795,Jawa Barat,https://allianceforcoffeeexcellence.org/indonesia-2021/,FALSE,reported,Natural,Natural,Conventional,NA,reported process,21,21,lpe kelola agro,setra yuhana,e80af4f8d8bd890c|COE|NA|21,NA,NA,NA,NA,NA,NA,FALSE,FALSE
e80af4f8d8bd890c,Indonesia 2021,COE,Indonesia,2021,COE,NA,22,87.22,Sarongge,Santoso,Washed,"Sigararutang, S-795, Andungsari",Jawa Barat,https://allianceforcoffeeexcellence.org/indonesia-2021/,FALSE,reported,Washed,Washed,Conventional,NA,reported process,22,22,sarongge,santoso,e80af4f8d8bd890c|COE|NA|22,NA,NA,NA,NA,NA,NA,FALSE,FALSE
e80af4f8d8bd890c,Indonesia 2021,COE,Indonesia,2021,COE,NA,23,87.21,Pantan Musara,Zakiah,Natural,Ateng & P88,Aceh,https://allianceforcoffeeexcellence.org/indonesia-2021/,FALSE,reported,Natural,Natural,Conventional,NA,reported process,23,23,pantan musara,zakiah,e80af4f8d8bd890c|COE|NA|23,NA,NA,NA,NA,NA,NA,FALSE,FALSE
e80af4f8d8bd890c,Indonesia 2021,COE,Indonesia,2021,COE,NA,24,87.21,Bukit Sama,Dasimah Hakim,Wet Hull,Ateng,Aceh,https://allianceforcoffeeexcellence.org/indonesia-2021/,FALSE,reported,Wet hulled,Wet hulled,Conventional,NA,reported process,24,24,bukit sama,dasimah hakim,e80af4f8d8bd890c|COE|NA|24,NA,NA,NA,NA,NA,NA,FALSE,FALSE
e80af4f8d8bd890c,Indonesia 2021,COE,Indonesia,2021,COE,NA,25,87.16,Wajamala,Marselina Walu,Washed,S-795,NTT,https://allianceforcoffeeexcellence.org/indonesia-2021/,FALSE,reported,Washed,Washed,Conventional,NA,reported process,25,25,wajamala,marselina walu,e80af4f8d8bd890c|COE|NA|25,NA,NA,NA,NA,NA,NA,FALSE,FALSE
e80af4f8d8bd890c,Indonesia 2021,COE,Indonesia,2021,COE,NA,26,87.1,HT Farm,Mukhlis M,Washed,Andungsari & Sigararutang,Jambi,https://allianceforcoffeeexcellence.org/indonesia-2021/,FALSE,reported,Washed,Washed,Conventional,NA,reported process,26,26,ht farm,mukhlis m,e80af4f8d8bd890c|COE|NA|26,NA,NA,NA,NA,NA,NA,FALSE,FALSE
e80af4f8d8bd890c,Indonesia 2021,COE,Indonesia,2021,COE,NA,3,88.89,Pantan Musara,Roberto Bagus Syahputra,Washed,"Ateng, Gayo 1, P88",Aceh,https://allianceforcoffeeexcellence.org/indonesia-2021/,FALSE,reported,Washed,Washed,Conventional,NA,reported process,3,3,pantan musara,roberto bagus syahputra,e80af4f8d8bd890c|COE|NA|3,NA,NA,NA,NA,NA,NA,FALSE,FALSE
e80af4f8d8bd890c,Indonesia 2021,COE,Indonesia,2021,COE,NA,4,88.75,Ijen Lestari,Dandy Darmawan,Natural,"USDA, Colombia Brazil",Jawa Timur,https://allianceforcoffeeexcellence.org/indonesia-2021/,FALSE,reported,Natural,Natural,Conventional,NA,reported process,4,4,ijen lestari,dandy darmawan,e80af4f8d8bd890c|COE|NA|4,NA,NA,NA,NA,NA,NA,FALSE,FALSE
e80af4f8d8bd890c,Indonesia 2021,COE,Indonesia,2021,COE,NA,5,88.58,Ibun Yudi,Yudi,Natural,"Sigararutang, Kartika, S-795",Jawa Barat,https://allianceforcoffeeexcellence.org/indonesia-2021/,FALSE,reported,Natural,Natural,Conventional,NA,reported process,5,5,ibun yudi,yudi,e80af4f8d8bd890c|COE|NA|5,NA,NA,NA,NA,NA,NA,FALSE,FALSE
e80af4f8d8bd890c,Indonesia 2021,COE,Indonesia,2021,COE,NA,6,88.49,Koperasi Koerintji Barokah,Triyono,Honey,"Sigararutang, S-795, Andungsari",Jambi,https://allianceforcoffeeexcellence.org/indonesia-2021/,FALSE,reported,Honey / pulped natural,Honey / pulped natural,Conventional,NA,reported process,6,6,koperasi koerintji barokah,triyono,e80af4f8d8bd890c|COE|NA|6,NA,NA,NA,NA,NA,NA,FALSE,FALSE
e80af4f8d8bd890c,Indonesia 2021,COE,Indonesia,2021,COE,NA,7,88.46,Avatara Gayo,Drs Hamdan,Natural,"Abyssinia, P88, Ateng, Typica",Aceh,https://allianceforcoffeeexcellence.org/indonesia-2021/,FALSE,reported,Natural,Natural,Conventional,NA,reported process,7,7,avatara gayo,drs hamdan,e80af4f8d8bd890c|COE|NA|7,NA,NA,NA,NA,NA,NA,FALSE,FALSE
e80af4f8d8bd890c,Indonesia 2021,COE,Indonesia,2021,COE,NA,8,88.3,Kamojang,Ahmad Vansyu,Washed,"Ateng, Sigararutang, S-795, Andungsari",Jawa Barat,https://allianceforcoffeeexcellence.org/indonesia-2021/,FALSE,reported,Washed,Washed,Conventional,NA,reported process,8,8,kamojang,ahmad vansyu,e80af4f8d8bd890c|COE|NA|8,NA,NA,NA,NA,NA,NA,FALSE,FALSE
e80af4f8d8bd890c,Indonesia 2021,COE,Indonesia,2021,COE,NA,9,88.25,Topidi,Daeng Halim,Washed,Typica,Sulawesi Selatan,https://allianceforcoffeeexcellence.org/indonesia-2021/,FALSE,reported,Washed,Washed,Conventional,NA,reported process,9,9,topidi,daeng halim,e80af4f8d8bd890c|COE|NA|9,NA,NA,NA,NA,NA,NA,FALSE,FALSE
35258d5d107d50f1,Indonesia 2022,COE,Indonesia,2022,COE,NA,1A,90.59,Koperasi Ribang Gayo Musara,Bahagia Ginting,Natural,"Ateng 30%, P-88 70%",Aceh,https://allianceforcoffeeexcellence.org/indonesia-2022/,FALSE,reported,Natural,Natural,Conventional,NA,reported process,1A,1,koperasi ribang gayo musara,bahagia ginting,35258d5d107d50f1|COE|NA|1,NA,NA,NA,NA,NA,NA,FALSE,FALSE
35258d5d107d50f1,Indonesia 2022,COE,Indonesia,2022,COE,NA,10,87.85,"Ceding Ayu, Pantan Musara",Drs Hamdan,Carbonic Maceration Honey,"Ateng 40%, Typica 20%, Caturra 20%, P-88 20%",Aceh,https://allianceforcoffeeexcellence.org/indonesia-2022/,FALSE,reported,Experimental,Honey / pulped natural,Experimental,Carbonic maceration,reported process,10,10,ceding ayu pantan musara,drs hamdan,35258d5d107d50f1|COE|NA|10,Honey / pulped natural | Carbonic maceration,2022,2022,FALSE,TRUE,FALSE,TRUE,FALSE
35258d5d107d50f1,Indonesia 2022,COE,Indonesia,2022,COE,NA,11,87.74,Renggali,Hakem Murtada,Wet Hulled,"Ateng 30%, Typica 40%, Yang Lain 30%",Aceh,https://allianceforcoffeeexcellence.org/indonesia-2022/,FALSE,reported,Wet hulled,Wet hulled,Conventional,NA,reported process,11,11,renggali,hakem murtada,35258d5d107d50f1|COE|NA|11,NA,NA,NA,NA,NA,NA,FALSE,FALSE
35258d5d107d50f1,Indonesia 2022,COE,Indonesia,2022,COE,NA,12,87.74,Koerintji Barokah Group,Abdul Aziz Thohari,Lactic Natural,"Sigararutang 70%, Andungsari 30%",Jambi,https://allianceforcoffeeexcellence.org/indonesia-2022/,FALSE,reported,Experimental,Natural,Experimental,Lactic fermentation,reported process,12,12,koerintji barokah group,abdul aziz thohari,35258d5d107d50f1|COE|NA|12,Natural | Lactic fermentation,2022,2022,FALSE,TRUE,FALSE,TRUE,FALSE
35258d5d107d50f1,Indonesia 2022,COE,Indonesia,2022,COE,NA,13,87.65,Koerintji Farm,Ahmad Abi Sodik,Washed,"Sigararutang 70%, Andungsari 30%",Jambi,https://allianceforcoffeeexcellence.org/indonesia-2022/,FALSE,reported,Washed,Washed,Conventional,NA,reported process,13,13,koerintji farm,ahmad abi sodik,35258d5d107d50f1|COE|NA|13,NA,NA,NA,NA,NA,NA,FALSE,FALSE
35258d5d107d50f1,Indonesia 2022,COE,Indonesia,2022,COE,NA,14,87.62,"Ceding Ayu, Pantan Musara",Eriyani N,Anaerobic Natural,"Ateng 40%, Typica 20%, Caturra 20%, P-88 20%",Aceh,https://allianceforcoffeeexcellence.org/indonesia-2022/,FALSE,reported,Experimental,Natural,Experimental,Anaerobic,reported process,14,14,ceding ayu pantan musara,eriyani n,35258d5d107d50f1|COE|NA|14,Natural | Anaerobic,2022,2022,FALSE,TRUE,FALSE,TRUE,FALSE
35258d5d107d50f1,Indonesia 2022,COE,Indonesia,2022,COE,NA,15,87.62,Ijen,Dandy Dharmawan,Anaerobic Natural,"USDA 80%, Kartika 20%",Jawa Timur,https://allianceforcoffeeexcellence.org/indonesia-2022/,FALSE,reported,Experimental,Natural,Experimental,Anaerobic,reported process,15,15,ijen,dandy dharmawan,35258d5d107d50f1|COE|NA|15,Natural | Anaerobic,2022,2022,FALSE,TRUE,FALSE,TRUE,FALSE
35258d5d107d50f1,Indonesia 2022,COE,Indonesia,2022,COE,NA,16,87.59,Avatara Coffee,Hendra Maulizar,Washed,"Ateng 25%, Typica 20%, P-88 30%, Yang Lain 25%",Aceh,https://allianceforcoffeeexcellence.org/indonesia-2022/,FALSE,reported,Washed,Washed,Conventional,NA,reported process,16,16,avatara coffee,hendra maulizar,35258d5d107d50f1|COE|NA|16,NA,NA,NA,NA,NA,NA,FALSE,FALSE
35258d5d107d50f1,Indonesia 2022,COE,Indonesia,2022,COE,NA,17,87.53,Koperasi Ribang Gayo Musara,Rudi Suwito,Washed,"Ateng 40%, P-88 30%, Gayo 1 30%",Aceh,https://allianceforcoffeeexcellence.org/indonesia-2022/,FALSE,reported,Washed,Washed,Conventional,NA,reported process,17,17,koperasi ribang gayo musara,rudi suwito,35258d5d107d50f1|COE|NA|17,NA,NA,NA,NA,NA,NA,FALSE,FALSE
35258d5d107d50f1,Indonesia 2022,COE,Indonesia,2022,COE,NA,18,87.47,Koperasi Ribang Gayo Musara,Roberto Bagus Syahputra,Washed,"Ateng 30%, P-88 70%",Aceh,https://allianceforcoffeeexcellence.org/indonesia-2022/,FALSE,reported,Washed,Washed,Conventional,NA,reported process,18,18,koperasi ribang gayo musara,roberto bagus syahputra,35258d5d107d50f1|COE|NA|18,NA,NA,NA,NA,NA,NA,FALSE,FALSE
35258d5d107d50f1,Indonesia 2022,COE,Indonesia,2022,COE,NA,19,87.35,Tunas Baru Farm,Irwandi,Anaerobic Natural,"Sigararutang 60%, Andungsari 40%",Jambi,https://allianceforcoffeeexcellence.org/indonesia-2022/,FALSE,reported,Experimental,Natural,Experimental,Anaerobic,reported process,19,19,tunas baru farm,irwandi,35258d5d107d50f1|COE|NA|19,Natural | Anaerobic,2022,2022,FALSE,TRUE,FALSE,TRUE,FALSE
35258d5d107d50f1,Indonesia 2022,COE,Indonesia,2022,COE,NA,2,89.85,Pegasing Takengon Utara,PT. Biji Kopi Internusa,Natural,"Sigararutang 70%, Typica 30%",Aceh,https://allianceforcoffeeexcellence.org/indonesia-2022/,FALSE,reported,Natural,Natural,Conventional,NA,reported process,2,2,pegasing takengon utara,pt biji kopi internusa,35258d5d107d50f1|COE|NA|2,NA,NA,NA,NA,NA,NA,FALSE,FALSE
35258d5d107d50f1,Indonesia 2022,COE,Indonesia,2022,COE,NA,20,87.15,Dasimah bukit sama,Yurda,Honey,Ateng 100%,Aceh,https://allianceforcoffeeexcellence.org/indonesia-2022/,FALSE,reported,Honey / pulped natural,Honey / pulped natural,Conventional,NA,reported process,20,20,dasimah bukit sama,yurda,35258d5d107d50f1|COE|NA|20,NA,NA,NA,NA,NA,NA,FALSE,FALSE
35258d5d107d50f1,Indonesia 2022,COE,Indonesia,2022,COE,NA,21,87.15,Jaya Tani Farm,Triyono,Anaerobic Natural,"Sigararutang 40%, S-795 50%, Andungsari 10%",Jambi,https://allianceforcoffeeexcellence.org/indonesia-2022/,FALSE,reported,Experimental,Natural,Experimental,Anaerobic,reported process,21,21,jaya tani farm,triyono,35258d5d107d50f1|COE|NA|21,Natural | Anaerobic,2022,2022,FALSE,TRUE,FALSE,TRUE,FALSE
35258d5d107d50f1,Indonesia 2022,COE,Indonesia,2022,COE,NA,22,87.06,Koperasi Ribang Gayo Musara,Victor Nopriansyah,Washed,Ateng,Aceh,https://allianceforcoffeeexcellence.org/indonesia-2022/,FALSE,reported,Washed,Washed,Conventional,NA,reported process,22,22,koperasi ribang gayo musara,victor nopriansyah,35258d5d107d50f1|COE|NA|22,NA,NA,NA,NA,NA,NA,FALSE,FALSE
35258d5d107d50f1,Indonesia 2022,COE,Indonesia,2022,COE,NA,3,89.59,Frinsa Weninggalih,Yasmin Nabila Salsabila,Anaerobic Natural,"Sigararutang 16%, S-795 50%, P-88 17%, Bourbon 17%",Jawa Barat,https://allianceforcoffeeexcellence.org/indonesia-2022/,FALSE,reported,Experimental,Natural,Experimental,Anaerobic,reported process,3,3,frinsa weninggalih,yasmin nabila salsabila,35258d5d107d50f1|COE|NA|3,Natural | Anaerobic,2022,2022,FALSE,TRUE,FALSE,TRUE,FALSE
35258d5d107d50f1,Indonesia 2022,COE,Indonesia,2022,COE,NA,4,89.18,Koperasi Ribang Gayo Musara,Zakiah,Natural,"Ateng 50%, Bourbon 20%, P-88 30%",Aceh,https://allianceforcoffeeexcellence.org/indonesia-2022/,FALSE,reported,Natural,Natural,Conventional,NA,reported process,4,4,koperasi ribang gayo musara,zakiah,35258d5d107d50f1|COE|NA|4,NA,NA,NA,NA,NA,NA,FALSE,FALSE
35258d5d107d50f1,Indonesia 2022,COE,Indonesia,2022,COE,NA,5,89.15,Koperasi Ribang Gayo Musara,Dimas Apriandi,Washed,"Ateng 65%, P-88 35%",Aceh,https://allianceforcoffeeexcellence.org/indonesia-2022/,FALSE,reported,Washed,Washed,Conventional,NA,reported process,5,5,koperasi ribang gayo musara,dimas apriandi,35258d5d107d50f1|COE|NA|5,NA,NA,NA,NA,NA,NA,FALSE,FALSE
35258d5d107d50f1,Indonesia 2022,COE,Indonesia,2022,COE,NA,6,88.91,Panangan Mata Takengon Utara,Christian,Honey,"Sigararutang 70%, Typica 30%",Aceh,https://allianceforcoffeeexcellence.org/indonesia-2022/,FALSE,reported,Honey / pulped natural,Honey / pulped natural,Conventional,NA,reported process,6,6,panangan mata takengon utara,christian,35258d5d107d50f1|COE|NA|6,NA,NA,NA,NA,NA,NA,FALSE,FALSE
35258d5d107d50f1,Indonesia 2022,COE,Indonesia,2022,COE,NA,7,88.68,Koperasi Ribang Gayo Musara,Asman Arianto,Honey,"Ateng 50%, Bourbon 20%, P-88 30%",Aceh,https://allianceforcoffeeexcellence.org/indonesia-2022/,FALSE,reported,Honey / pulped natural,Honey / pulped natural,Conventional,NA,reported process,7,7,koperasi ribang gayo musara,asman arianto,35258d5d107d50f1|COE|NA|7,NA,NA,NA,NA,NA,NA,FALSE,FALSE
35258d5d107d50f1,Indonesia 2022,COE,Indonesia,2022,COE,NA,8,88.5,Koperasi Ribang Gayo Musara,Dilen Ali Gogo,Honey,"Ateng 50%, Bourbon 20%, P-88 30%",Aceh,https://allianceforcoffeeexcellence.org/indonesia-2022/,FALSE,reported,Honey / pulped natural,Honey / pulped natural,Conventional,NA,reported process,8,8,koperasi ribang gayo musara,dilen ali gogo,35258d5d107d50f1|COE|NA|8,NA,NA,NA,NA,NA,NA,FALSE,FALSE
35258d5d107d50f1,Indonesia 2022,COE,Indonesia,2022,COE,NA,9,88.09,Terang Ulen,Fahman Yoga,Wet Hulled,"Ateng 40%, Typica 20%, Tim-Tim 40%",Aceh,https://allianceforcoffeeexcellence.org/indonesia-2022/,FALSE,reported,Wet hulled,Wet hulled,Conventional,NA,reported process,9,9,terang ulen,fahman yoga,35258d5d107d50f1|COE|NA|9,NA,NA,NA,NA,NA,NA,FALSE,FALSE
7d2b8caa9301eabc,Indonesia 2023,COE,Indonesia,2023,COE,NA,1A,91.41,Ijen Lestari,NA,Carbonic Maceration Natural,USDA 762 (75%); Kartika (25%),East Java,https://allianceforcoffeeexcellence.org/indonesia-2023/,FALSE,reported,Experimental,Natural,Experimental,Carbonic maceration,reported process,1A,1,ijen lestari,NA,7d2b8caa9301eabc|COE|NA|1,Natural | Carbonic maceration,2023,2023,FALSE,TRUE,FALSE,TRUE,FALSE
7d2b8caa9301eabc,Indonesia 2023,COE,Indonesia,2023,COE,NA,10,88.15,Finca De Berman,NA,Honey Anaerobic,Ateng (20%); S-795 (80%),West Java,https://allianceforcoffeeexcellence.org/indonesia-2023/,FALSE,reported,Experimental,Honey / pulped natural,Experimental,Anaerobic,reported process,10,10,finca de berman,NA,7d2b8caa9301eabc|COE|NA|10,Honey / pulped natural | Anaerobic,2023,2023,FALSE,TRUE,FALSE,TRUE,FALSE
7d2b8caa9301eabc,Indonesia 2023,COE,Indonesia,2023,COE,NA,11,88.06,Koperasi Ribang Gayo Musara,NA,Natural,Ateng (70%); P-88 (30%),Aceh,https://allianceforcoffeeexcellence.org/indonesia-2023/,FALSE,reported,Natural,Natural,Conventional,NA,reported process,11,11,koperasi ribang gayo musara,NA,7d2b8caa9301eabc|COE|NA|11,NA,NA,NA,NA,NA,NA,FALSE,FALSE
7d2b8caa9301eabc,Indonesia 2023,COE,Indonesia,2023,COE,NA,12,88.03,Pelage Coffee,NA,Dry Hulled,Kopyol (100%),Bali,https://allianceforcoffeeexcellence.org/indonesia-2023/,FALSE,reported,Natural,Natural,Conventional,NA,reported process,12,12,pelage coffee,NA,7d2b8caa9301eabc|COE|NA|12,NA,NA,NA,NA,NA,NA,FALSE,FALSE
7d2b8caa9301eabc,Indonesia 2023,COE,Indonesia,2023,COE,NA,13,87.97,Bengkolan Dua Farm,NA,Dry Hulled,Ateng (60%); Sigararutang (40%),Aceh,https://allianceforcoffeeexcellence.org/indonesia-2023/,FALSE,reported,Natural,Natural,Conventional,NA,reported process,13,13,bengkolan dua farm,NA,7d2b8caa9301eabc|COE|NA|13,NA,NA,NA,NA,NA,NA,FALSE,FALSE
7d2b8caa9301eabc,Indonesia 2023,COE,Indonesia,2023,COE,NA,14,87.97,Blok Emper,NA,Honey double fermentation,Sigararutang (90%); Andungsari (10%),West Java,https://allianceforcoffeeexcellence.org/indonesia-2023/,FALSE,reported,Experimental,Honey / pulped natural,Experimental,Double fermentation,reported process,14,14,blok emper,NA,7d2b8caa9301eabc|COE|NA|14,Honey / pulped natural | Double fermentation,2023,2023,FALSE,TRUE,FALSE,TRUE,FALSE
7d2b8caa9301eabc,Indonesia 2023,COE,Indonesia,2023,COE,NA,15,87.82,Wanoja Coffee Plot Satrea Amambi,NA,Natural,Ateng (35%); Sigararutang (30%); S-795 (35%),West Java,https://allianceforcoffeeexcellence.org/indonesia-2023/,FALSE,reported,Natural,Natural,Conventional,NA,reported process,15,15,wanoja coffee plot satrea amambi,NA,7d2b8caa9301eabc|COE|NA|15,NA,NA,NA,NA,NA,NA,FALSE,FALSE
7d2b8caa9301eabc,Indonesia 2023,COE,Indonesia,2023,COE,NA,16,87.65,Wanoja Coffee Plot Ita Rosita,NA,Natural,Sigararutang (100%),West Java,https://allianceforcoffeeexcellence.org/indonesia-2023/,FALSE,reported,Natural,Natural,Conventional,NA,reported process,16,16,wanoja coffee plot ita rosita,NA,7d2b8caa9301eabc|COE|NA|16,NA,NA,NA,NA,NA,NA,FALSE,FALSE
7d2b8caa9301eabc,Indonesia 2023,COE,Indonesia,2023,COE,NA,17,87.59,Weninggalih,NA,Natural,Ateng (50%); Sigararutang (30%); S-795 (15%); P-88 (5%),West Java,https://allianceforcoffeeexcellence.org/indonesia-2023/,FALSE,reported,Natural,Natural,Conventional,NA,reported process,17,17,weninggalih,NA,7d2b8caa9301eabc|COE|NA|17,NA,NA,NA,NA,NA,NA,FALSE,FALSE
7d2b8caa9301eabc,Indonesia 2023,COE,Indonesia,2023,COE,NA,18,87.47,Kian Mandiri Farm,NA,Mossto Natural,Ateng (50%); Typica (10%); P-88 (40%),Aceh,https://allianceforcoffeeexcellence.org/indonesia-2023/,FALSE,reported,Experimental,Natural,Experimental,Mosto fermentation,reported process,18,18,kian mandiri farm,NA,7d2b8caa9301eabc|COE|NA|18,Natural | Mosto fermentation,2023,2023,FALSE,TRUE,FALSE,TRUE,FALSE
7d2b8caa9301eabc,Indonesia 2023,COE,Indonesia,2023,COE,NA,19,87.35,Siluk Coffee,NA,Wet Hulled,Ateng (90%),Aceh,https://allianceforcoffeeexcellence.org/indonesia-2023/,FALSE,reported,Wet hulled,Wet hulled,Conventional,NA,reported process,19,19,siluk coffee,NA,7d2b8caa9301eabc|COE|NA|19,NA,NA,NA,NA,NA,NA,FALSE,FALSE
7d2b8caa9301eabc,Indonesia 2023,COE,Indonesia,2023,COE,NA,2A,90.35,Wajamala,NA,Dry Hulled,S-795 (95%); Typica (5%),East Nusa Tenggara,https://allianceforcoffeeexcellence.org/indonesia-2023/,FALSE,reported,Natural,Natural,Conventional,NA,reported process,2A,2,wajamala,NA,7d2b8caa9301eabc|COE|NA|2,NA,NA,NA,NA,NA,NA,FALSE,FALSE
7d2b8caa9301eabc,Indonesia 2023,COE,Indonesia,2023,COE,NA,20,87.35,Suket Mountain/Gunung Suket,NA,Natural,Bourbon (50%); Typica (50%),East Java,https://allianceforcoffeeexcellence.org/indonesia-2023/,FALSE,reported,Natural,Natural,Conventional,NA,reported process,20,20,suket mountain gunung suket,NA,7d2b8caa9301eabc|COE|NA|20,NA,NA,NA,NA,NA,NA,FALSE,FALSE
7d2b8caa9301eabc,Indonesia 2023,COE,Indonesia,2023,COE,NA,21,87.32,Rukun Saudara Farm,NA,Honey Caramella,Sigararutang (75%); Andungsari (25%),"Jambi, Central Sumatra",https://allianceforcoffeeexcellence.org/indonesia-2023/,FALSE,reported,Honey / pulped natural,Honey / pulped natural,Conventional,NA,reported process,21,21,rukun saudara farm,NA,7d2b8caa9301eabc|COE|NA|21,NA,NA,NA,NA,NA,NA,FALSE,FALSE
7d2b8caa9301eabc,Indonesia 2023,COE,Indonesia,2023,COE,NA,22,87.24,Empus Reje Guru,NA,Natural,Red Bourbon (100%),Aceh,https://allianceforcoffeeexcellence.org/indonesia-2023/,FALSE,reported,Natural,Natural,Conventional,NA,reported process,22,22,empus reje guru,NA,7d2b8caa9301eabc|COE|NA|22,NA,NA,NA,NA,NA,NA,FALSE,FALSE
7d2b8caa9301eabc,Indonesia 2023,COE,Indonesia,2023,COE,NA,3A,90.06,Angin-angin,NA,Honey,Lini S-795 (100%),South Sulawesi,https://allianceforcoffeeexcellence.org/indonesia-2023/,FALSE,reported,Honey / pulped natural,Honey / pulped natural,Conventional,NA,reported process,3A,3,angin angin,NA,7d2b8caa9301eabc|COE|NA|3,NA,NA,NA,NA,NA,NA,FALSE,FALSE
7d2b8caa9301eabc,Indonesia 2023,COE,Indonesia,2023,COE,NA,4,90.06,Avarata Coffee,NA,Natural,Ateng (40%); Typica (15%); P-88 (25%); yang lain (20%),Aceh,https://allianceforcoffeeexcellence.org/indonesia-2023/,FALSE,reported,Natural,Natural,Conventional,NA,reported process,4,4,avarata coffee,NA,7d2b8caa9301eabc|COE|NA|4,NA,NA,NA,NA,NA,NA,FALSE,FALSE
7d2b8caa9301eabc,Indonesia 2023,COE,Indonesia,2023,COE,NA,5,89.47,Central Sumatera Coffee,NA,Natural,Bourbon (20%); Typica (50%); Abyssinia (30%),Aceh,https://allianceforcoffeeexcellence.org/indonesia-2023/,FALSE,reported,Natural,Natural,Conventional,NA,reported process,5,5,central sumatera coffee,NA,7d2b8caa9301eabc|COE|NA|5,NA,NA,NA,NA,NA,NA,FALSE,FALSE
7d2b8caa9301eabc,Indonesia 2023,COE,Indonesia,2023,COE,NA,6,89.35,Wanoja Coffee Plot Hj. Eti Sumiati,NA,Honey,Ateng (30%); Sigararutang (40%); S-795 (30%),West Java,https://allianceforcoffeeexcellence.org/indonesia-2023/,FALSE,reported,Honey / pulped natural,Honey / pulped natural,Conventional,NA,reported process,6,6,wanoja coffee plot hj eti sumiati,NA,7d2b8caa9301eabc|COE|NA|6,NA,NA,NA,NA,NA,NA,FALSE,FALSE
7d2b8caa9301eabc,Indonesia 2023,COE,Indonesia,2023,COE,NA,7,89.21,Atang Jungket,NA,Natural,"Gayo 3 (50%), Gayo 1 (50%",Aceh,https://allianceforcoffeeexcellence.org/indonesia-2023/,FALSE,reported,Natural,Natural,Conventional,NA,reported process,7,7,atang jungket,NA,7d2b8caa9301eabc|COE|NA|7,NA,NA,NA,NA,NA,NA,FALSE,FALSE
7d2b8caa9301eabc,Indonesia 2023,COE,Indonesia,2023,COE,NA,8,89.15,Rantekarua Coffee Plantation PT. Sulotco Jaya Abadi,NA,Natural,USDA (20%); S-795 (30%); Caturra (50%),South Sulawesi,https://allianceforcoffeeexcellence.org/indonesia-2023/,FALSE,reported,Natural,Natural,Conventional,NA,reported process,8,8,rantekarua coffee plantation pt sulotco jaya abadi,NA,7d2b8caa9301eabc|COE|NA|8,NA,NA,NA,NA,NA,NA,FALSE,FALSE
7d2b8caa9301eabc,Indonesia 2023,COE,Indonesia,2023,COE,NA,9,88.38,PT. De Gayo Agri Indonesia,NA,Natural,Ateng (100%),Aceh,https://allianceforcoffeeexcellence.org/indonesia-2023/,FALSE,reported,Natural,Natural,Conventional,NA,reported process,9,9,pt de gayo agri indonesia,NA,7d2b8caa9301eabc|COE|NA|9,NA,NA,NA,NA,NA,NA,FALSE,FALSE
db8d673b53d2c07d,2018,COE,Mexico,2018,COE,NA,1a,90.7,Finca Peña Blanca,Jose Renteria Larios,Natural,"Caturra Rojo, Marsellesa, Sarchimor","Cuatitlan De Garcia Barragan, Jalisco",https://allianceforcoffeeexcellence.org/mexico-2018/,FALSE,reported,Natural,Natural,Conventional,NA,reported process,1A,1,finca pena blanca,jose renteria larios,db8d673b53d2c07d|COE|NA|1,NA,NA,NA,NA,NA,NA,FALSE,FALSE
db8d673b53d2c07d,2018,COE,Mexico,2018,COE,NA,10,88.7,Poxtla,María Victoria Marini Debernardi,Washed,"Borbón, Typica","Tlaltetela, Veracruz",https://allianceforcoffeeexcellence.org/mexico-2018/,FALSE,reported,Washed,Washed,Conventional,NA,reported process,10,10,poxtla,maria victoria marini debernardi,db8d673b53d2c07d|COE|NA|10,NA,NA,NA,NA,NA,NA,FALSE,FALSE
db8d673b53d2c07d,2018,COE,Mexico,2018,COE,NA,11,87.8,Finca Huehuetecpan,Francisco Javier Montiel Valencia,Washed,"Caturra, GARNICA, Mundo Novo","Cosautlan De Carvajal, Veracruz",https://allianceforcoffeeexcellence.org/mexico-2018/,FALSE,reported,Washed,Washed,Conventional,NA,reported process,11,11,finca huehuetecpan,francisco javier montiel valencia,db8d673b53d2c07d|COE|NA|11,NA,NA,NA,NA,NA,NA,FALSE,FALSE
db8d673b53d2c07d,2018,COE,Mexico,2018,COE,NA,12,87.7,Tlanyehualapan 1,Joaquin Rodriguez Fernandez,Washed,"Borbón, Caturra, Typica","Xico, Veracruz",https://allianceforcoffeeexcellence.org/mexico-2018/,FALSE,reported,Washed,Washed,Conventional,NA,reported process,12,12,tlanyehualapan 1,joaquin rodriguez fernandez,db8d673b53d2c07d|COE|NA|12,NA,NA,NA,NA,NA,NA,FALSE,FALSE
db8d673b53d2c07d,2018,COE,Mexico,2018,COE,NA,13,87.63,Agroforestal Chanjul,Edward Andres Esteve Creixell,Natural,Hibridos,"Tapachula, Chiapas",https://allianceforcoffeeexcellence.org/mexico-2018/,FALSE,reported,Natural,Natural,Conventional,NA,reported process,13,13,agroforestal chanjul,edward andres esteve creixell,db8d673b53d2c07d|COE|NA|13,NA,NA,NA,NA,NA,NA,FALSE,FALSE
db8d673b53d2c07d,2018,COE,Mexico,2018,COE,NA,14,87.47,El Equimite,Rodolfo Jimenez Lopez,Washed,Pacamara,"Naolinco, Veracruz",https://allianceforcoffeeexcellence.org/mexico-2018/,FALSE,reported,Washed,Washed,Conventional,NA,reported process,14,14,el equimite,rodolfo jimenez lopez,db8d673b53d2c07d|COE|NA|14,NA,NA,NA,NA,NA,NA,FALSE,FALSE
db8d673b53d2c07d,2018,COE,Mexico,2018,COE,NA,15,87.4,Kassandra,Guillermo Rivas Diaz,Washed,Pacamara,"Totutla, Veracruz",https://allianceforcoffeeexcellence.org/mexico-2018/,FALSE,reported,Washed,Washed,Conventional,NA,reported process,15,15,kassandra,guillermo rivas diaz,db8d673b53d2c07d|COE|NA|15,NA,NA,NA,NA,NA,NA,FALSE,FALSE
db8d673b53d2c07d,2018,COE,Mexico,2018,COE,NA,16,87.37,Nuevo Paraíso,B Eutimio Luna Ramirez,Washed,"Mundo Novo, Typica","San Agustín Loxicha, Oaxaca",https://allianceforcoffeeexcellence.org/mexico-2018/,FALSE,reported,Washed,Washed,Conventional,NA,reported process,16,16,nuevo paraiso,b eutimio luna ramirez,db8d673b53d2c07d|COE|NA|16,NA,NA,NA,NA,NA,NA,FALSE,FALSE
db8d673b53d2c07d,2018,COE,Mexico,2018,COE,NA,17,87.3,El Rincon,Rodolfo Jimenez Ruedas,Natural,Garenica,"Naolinco, Veracruz",https://allianceforcoffeeexcellence.org/mexico-2018/,FALSE,reported,Natural,Natural,Conventional,NA,reported process,17,17,el rincon,rodolfo jimenez ruedas,db8d673b53d2c07d|COE|NA|17,NA,NA,NA,NA,NA,NA,FALSE,FALSE
db8d673b53d2c07d,2018,COE,Mexico,2018,COE,NA,18,87.27,El Naranjal,Pedro Pedro Pérez,Washed,"Mundo Novo, Typica","San Agustín Loxicha, Oaxaca",https://allianceforcoffeeexcellence.org/mexico-2018/,FALSE,reported,Washed,Washed,Conventional,NA,reported process,18,18,el naranjal,pedro pedro perez,db8d673b53d2c07d|COE|NA|18,NA,NA,NA,NA,NA,NA,FALSE,FALSE
db8d673b53d2c07d,2018,COE,Mexico,2018,COE,NA,19,87.23,Sana-Ite & La Cumbre Loma,"Félix Faustino García López, Franciscano Guadalupe García Ortíz",Washed,"Mundo Novo, Typica","Santa María Yucuhiti, Oaxaca",https://allianceforcoffeeexcellence.org/mexico-2018/,FALSE,reported,Washed,Washed,Conventional,NA,reported process,19,19,sana ite la cumbre loma,felix faustino garcia lopez franciscano guadalupe garcia ortiz,db8d673b53d2c07d|COE|NA|19,NA,NA,NA,NA,NA,NA,FALSE,FALSE
db8d673b53d2c07d,2018,COE,Mexico,2018,COE,NA,2a,90.47,Finca la ilusión,Federico Barrueta Barrueta,Washed,"Borbón, bourbon, Caturra","Temascaltepec, Estado De Mexico",https://allianceforcoffeeexcellence.org/mexico-2018/,FALSE,reported,Washed,Washed,Conventional,NA,reported process,2A,2,finca la ilusion,federico barrueta barrueta,db8d673b53d2c07d|COE|NA|2,NA,NA,NA,NA,NA,NA,FALSE,FALSE
db8d673b53d2c07d,2018,COE,Mexico,2018,COE,NA,20,87.2,"Stun Kava, Lomu Yu Kuiyo","Claudio Ernesto López Avendaño, Matias López Ayala",Washed,"Caturra, Mundo Novo, Typica","Santiago Nuyoo, Oaxaca",https://allianceforcoffeeexcellence.org/mexico-2018/,FALSE,reported,Washed,Washed,Conventional,NA,reported process,20,20,stun kava lomu yu kuiyo,claudio ernesto lopez avendano matias lopez ayala,db8d673b53d2c07d|COE|NA|20,NA,NA,NA,NA,NA,NA,FALSE,FALSE
db8d673b53d2c07d,2018,COE,Mexico,2018,COE,NA,21,87.03,El Naranjal & Copalillo,"Ubaldo Máximo Pérez González, José Luis Lopéz García",Washed,"Caturra, Mundo Novo, Typica","Santa María Yucuhiti, Oaxaca",https://allianceforcoffeeexcellence.org/mexico-2018/,FALSE,reported,Washed,Washed,Conventional,NA,reported process,21,21,el naranjal copalillo,ubaldo maximo perez gonzalez jose luis lopez garcia,db8d673b53d2c07d|COE|NA|21,NA,NA,NA,NA,NA,NA,FALSE,FALSE
db8d673b53d2c07d,2018,COE,Mexico,2018,COE,NA,22,87,Finca Pocitos,Jesus Carlos Cadena Valdivia,Washed,"Sarchimor, Typica","Cosautlán De Carvajal, Veracruz",https://allianceforcoffeeexcellence.org/mexico-2018/,FALSE,reported,Washed,Washed,Conventional,NA,reported process,22,22,finca pocitos,jesus carlos cadena valdivia,db8d673b53d2c07d|COE|NA|22,NA,NA,NA,NA,NA,NA,FALSE,FALSE
db8d673b53d2c07d,2018,COE,Mexico,2018,COE,NA,23,86.97,"Ita Nuni, Carrizal & Mangal","Antolín Rogelio López, Froylan Putarco López, Antonia Valeria Ortiz España",Washed,"Borbón, Mundo Novo","Santa María Yucuhiti, Oaxaca",https://allianceforcoffeeexcellence.org/mexico-2018/,FALSE,reported,Washed,Washed,Conventional,NA,reported process,23,23,ita nuni carrizal mangal,antolin rogelio lopez froylan putarco lopez antonia valeria ortiz espana,db8d673b53d2c07d|COE|NA|23,NA,NA,NA,NA,NA,NA,FALSE,FALSE
db8d673b53d2c07d,2018,COE,Mexico,2018,COE,NA,24,86.97,San Pablo,Carlos Alberto Audelo Holm,Washed,"Borbón, Mundo Novo","San Miguel Del Puerto, Oaxaca",https://allianceforcoffeeexcellence.org/mexico-2018/,FALSE,reported,Washed,Washed,Conventional,NA,reported process,24,24,san pablo,carlos alberto audelo holm,db8d673b53d2c07d|COE|NA|24,NA,NA,NA,NA,NA,NA,FALSE,FALSE
db8d673b53d2c07d,2018,COE,Mexico,2018,COE,NA,25,86.63,Finca El Encanto,Guadalupe Sanchez Sandoval,Natural,Typica,"Atoyac De Alvarez, Guerrero",https://allianceforcoffeeexcellence.org/mexico-2018/,FALSE,reported,Natural,Natural,Conventional,NA,reported process,25,25,finca el encanto,guadalupe sanchez sandoval,db8d673b53d2c07d|COE|NA|25,NA,NA,NA,NA,NA,NA,FALSE,FALSE
db8d673b53d2c07d,2018,COE,Mexico,2018,COE,NA,26,86.57,El Sabino,Teodoro Ruiz Casimiro,Washed,"Borbón, Caturra, Mundo Novo","Maztlan Villa De Flores, Oaxaca",https://allianceforcoffeeexcellence.org/mexico-2018/,FALSE,reported,Washed,Washed,Conventional,NA,reported process,26,26,el sabino,teodoro ruiz casimiro,db8d673b53d2c07d|COE|NA|26,NA,NA,NA,NA,NA,NA,FALSE,FALSE
db8d673b53d2c07d,2018,COE,Mexico,2018,COE,NA,27,86.57,Monte Grande & Las trancas,"Juana Petra García López, Edilberto Eugenio García López",Washed,"Caturra, Mundo Novo, Typica","Santa María Yucuhiti, Oaxaca",https://allianceforcoffeeexcellence.org/mexico-2018/,FALSE,reported,Washed,Washed,Conventional,NA,reported process,27,27,monte grande las trancas,juana petra garcia lopez edilberto eugenio garcia lopez,db8d673b53d2c07d|COE|NA|27,NA,NA,NA,NA,NA,NA,FALSE,FALSE
db8d673b53d2c07d,2018,COE,Mexico,2018,COE,NA,28,86.27,La Barrigona-{ORG},Hilda Bautista Guerrero,Washed,Typica,"Eloxochitlán De Flores Magón, Oaxaca",https://allianceforcoffeeexcellence.org/mexico-2018/,FALSE,reported,Washed,Washed,Conventional,NA,reported process,28,28,la barrigona org,hilda bautista guerrero,db8d673b53d2c07d|COE|NA|28,NA,NA,NA,NA,NA,NA,FALSE,FALSE
db8d673b53d2c07d,2018,COE,Mexico,2018,COE,NA,3a,90.2,Cruz Verde,Gabriel Bernard Rivas Ross,Washed,Pacamara,"Totutla, Veracruz",https://allianceforcoffeeexcellence.org/mexico-2018/,FALSE,reported,Washed,Washed,Conventional,NA,reported process,3A,3,cruz verde,gabriel bernard rivas ross,db8d673b53d2c07d|COE|NA|3,NA,NA,NA,NA,NA,NA,FALSE,FALSE
db8d673b53d2c07d,2018,COE,Mexico,2018,COE,NA,4a,90.03,Santa Cruz,Selestino Lopez Partos,Washed,"Borbón, Typica","La Concordia, Chiapas",https://allianceforcoffeeexcellence.org/mexico-2018/,FALSE,reported,Washed,Washed,Conventional,NA,reported process,4A,4,santa cruz,selestino lopez partos,db8d673b53d2c07d|COE|NA|4,NA,NA,NA,NA,NA,NA,FALSE,FALSE
db8d673b53d2c07d,2018,COE,Mexico,2018,COE,NA,5,89.6,Finca Las Chicharras,Lee Young Yong,Washed,"Catimor, Catuai, Caturra","Ángel Albino Corzo, Chiapas",https://allianceforcoffeeexcellence.org/mexico-2018/,FALSE,reported,Washed,Washed,Conventional,NA,reported process,5,5,finca las chicharras,lee young yong,db8d673b53d2c07d|COE|NA|5,NA,NA,NA,NA,NA,NA,FALSE,FALSE
db8d673b53d2c07d,2018,COE,Mexico,2018,COE,NA,6,89.4,El Mirador,Leon Mendoza Odilon,Natural,Borbón,"Zihuatanejo De Azueta, Guerrero",https://allianceforcoffeeexcellence.org/mexico-2018/,FALSE,reported,Natural,Natural,Conventional,NA,reported process,6,6,el mirador,leon mendoza odilon,db8d673b53d2c07d|COE|NA|6,NA,NA,NA,NA,NA,NA,FALSE,FALSE
db8d673b53d2c07d,2018,COE,Mexico,2018,COE,NA,7,89.27,Finca Los Cimentos,Roman Mendoza Odilon,Natural,Borbón,"Zihuatanejo De Azueta, Guerrero",https://allianceforcoffeeexcellence.org/mexico-2018/,FALSE,reported,Natural,Natural,Conventional,NA,reported process,7,7,finca los cimentos,roman mendoza odilon,db8d673b53d2c07d|COE|NA|7,NA,NA,NA,NA,NA,NA,FALSE,FALSE
db8d673b53d2c07d,2018,COE,Mexico,2018,COE,NA,8,88.93,Finca El Aserradero,Marcelo Garcia Hernandez,Washed,Typica,"Atoyac De Alvarez, Guerrero",https://allianceforcoffeeexcellence.org/mexico-2018/,FALSE,reported,Washed,Washed,Conventional,NA,reported process,8,8,finca el aserradero,marcelo garcia hernandez,db8d673b53d2c07d|COE|NA|8,NA,NA,NA,NA,NA,NA,FALSE,FALSE
db8d673b53d2c07d,2018,COE,Mexico,2018,COE,NA,9,88.83,Cañada Fría,José Daniel Cóbilt Castro,Washed,"Borbón, Caturra, Pacamara","Tlaltetela, Veracruz",https://allianceforcoffeeexcellence.org/mexico-2018/,FALSE,reported,Washed,Washed,Conventional,NA,reported process,9,9,canada fria,jose daniel cobilt castro,db8d673b53d2c07d|COE|NA|9,NA,NA,NA,NA,NA,NA,FALSE,FALSE
cc0114c82be5db63,2019,COE,Mexico,2019,COE,NA,1a,93.07,Santa Cruz,Cruz José Arguello Miceli,Natural,Gesha,"La Concordia, Chiapas",https://allianceforcoffeeexcellence.org/mexico-2019/,FALSE,reported,Natural,Natural,Conventional,NA,reported process,1A,1,santa cruz,cruz jose arguello miceli,cc0114c82be5db63|COE|NA|1,NA,NA,NA,NA,NA,NA,FALSE,FALSE
cc0114c82be5db63,2019,COE,Mexico,2019,COE,NA,10,89.41,Fátima,Givette Pérez Orea,Washed,Typica / Típica,"Coatepec, Veracruz",https://allianceforcoffeeexcellence.org/mexico-2019/,FALSE,reported,Washed,Washed,Conventional,NA,reported process,10,10,fatima,givette perez orea,cc0114c82be5db63|COE|NA|10,NA,NA,NA,NA,NA,NA,FALSE,FALSE
cc0114c82be5db63,2019,COE,Mexico,2019,COE,NA,11,88.36,Ocoteno,Miguel Ronquillo Aco,Washed,Marsellesa,"Huitzilan de Serdán, Puebla",https://allianceforcoffeeexcellence.org/mexico-2019/,FALSE,reported,Washed,Washed,Conventional,NA,reported process,11,11,ocoteno,miguel ronquillo aco,cc0114c82be5db63|COE|NA|11,NA,NA,NA,NA,NA,NA,FALSE,FALSE
cc0114c82be5db63,2019,COE,Mexico,2019,COE,NA,12,88.29,Xoxohuico,Carlos Garcia Campillo,Natural Double Fermentation,Garnica,"Huitzilan de Serdán, Puebla",https://allianceforcoffeeexcellence.org/mexico-2019/,FALSE,reported,Experimental,Natural,Experimental,Double fermentation,reported process,12,12,xoxohuico,carlos garcia campillo,cc0114c82be5db63|COE|NA|12,Natural | Double fermentation,2019,2019,FALSE,TRUE,FALSE,TRUE,FALSE
cc0114c82be5db63,2019,COE,Mexico,2019,COE,NA,13,88.21,El Mirador,Martha Elizabeth Ortíz Morales,Washed,Bourbón,"Cosautlán de Carvajal, Veracruz",https://allianceforcoffeeexcellence.org/mexico-2019/,FALSE,reported,Washed,Washed,Conventional,NA,reported process,13,13,el mirador,martha elizabeth ortiz morales,cc0114c82be5db63|COE|NA|13,NA,NA,NA,NA,NA,NA,FALSE,FALSE
cc0114c82be5db63,2019,COE,Mexico,2019,COE,NA,14,87.86,San Rafael,Santos Montiel Ochoa,Washed,Bourbón,"Cosautlán de Carvajal, Veracruz",https://allianceforcoffeeexcellence.org/mexico-2019/,FALSE,reported,Washed,Washed,Conventional,NA,reported process,14,14,san rafael,santos montiel ochoa,cc0114c82be5db63|COE|NA|14,NA,NA,NA,NA,NA,NA,FALSE,FALSE
cc0114c82be5db63,2019,COE,Mexico,2019,COE,NA,15,87.82,Las Trincheras,José Cienfuegos García,Washed,Pacamara,"Tlaltetela, Veracruz",https://allianceforcoffeeexcellence.org/mexico-2019/,FALSE,reported,Washed,Washed,Conventional,NA,reported process,15,15,las trincheras,jose cienfuegos garcia,cc0114c82be5db63|COE|NA|15,NA,NA,NA,NA,NA,NA,FALSE,FALSE
cc0114c82be5db63,2019,COE,Mexico,2019,COE,NA,16,87.77,Cañada Fría,José Daniel Cobilt Castro,Washed,Bourbón,"Tlaltetela, Veracruz",https://allianceforcoffeeexcellence.org/mexico-2019/,FALSE,reported,Washed,Washed,Conventional,NA,reported process,16,16,canada fria,jose daniel cobilt castro,cc0114c82be5db63|COE|NA|16,NA,NA,NA,NA,NA,NA,FALSE,FALSE
cc0114c82be5db63,2019,COE,Mexico,2019,COE,NA,17,87.71,El Paredón,Celia Leticia Sosa Cotés,Honey,Bourbón,"Huitzilan de Serdán, Puebla",https://allianceforcoffeeexcellence.org/mexico-2019/,FALSE,reported,Honey / pulped natural,Honey / pulped natural,Conventional,NA,reported process,17,17,el paredon,celia leticia sosa cotes,cc0114c82be5db63|COE|NA|17,NA,NA,NA,NA,NA,NA,FALSE,FALSE
cc0114c82be5db63,2019,COE,Mexico,2019,COE,NA,18,87.57,El Huerto,José Hernández García,Washed,Bourbón,"Atoyac de Álvarez, Guerrero",https://allianceforcoffeeexcellence.org/mexico-2019/,FALSE,reported,Washed,Washed,Conventional,NA,reported process,18,18,el huerto,jose hernandez garcia,cc0114c82be5db63|COE|NA|18,NA,NA,NA,NA,NA,NA,FALSE,FALSE
cc0114c82be5db63,2019,COE,Mexico,2019,COE,NA,19,87.54,La Isla,Gustavo Alfonso Ramírez Moreno,Washed,Costa Rica 95,"Teocelo, Veracruz",https://allianceforcoffeeexcellence.org/mexico-2019/,FALSE,reported,Washed,Washed,Conventional,NA,reported process,19,19,la isla,gustavo alfonso ramirez moreno,cc0114c82be5db63|COE|NA|19,NA,NA,NA,NA,NA,NA,FALSE,FALSE
cc0114c82be5db63,2019,COE,Mexico,2019,COE,NA,2a,91.14,Don Rafa,Byeong Soo Kim,Natural,Pache,"Las Margaritas, Chiapas",https://allianceforcoffeeexcellence.org/mexico-2019/,FALSE,reported,Natural,Natural,Conventional,NA,reported process,2A,2,don rafa,byeong soo kim,cc0114c82be5db63|COE|NA|2,NA,NA,NA,NA,NA,NA,FALSE,FALSE
cc0114c82be5db63,2019,COE,Mexico,2019,COE,NA,20,87.5,El Coronel,Ruben García Rodriguez,Washed,Bourbón,"Totutla, Veracruz",https://allianceforcoffeeexcellence.org/mexico-2019/,FALSE,reported,Washed,Washed,Conventional,NA,reported process,20,20,el coronel,ruben garcia rodriguez,cc0114c82be5db63|COE|NA|20,NA,NA,NA,NA,NA,NA,FALSE,FALSE
cc0114c82be5db63,2019,COE,Mexico,2019,COE,NA,21,87.43,Las Crucesitas,Apolinar Hernández Arellano,Natural,Bourbón,"Atoyac de Álvarez, Guerrero",https://allianceforcoffeeexcellence.org/mexico-2019/,FALSE,reported,Natural,Natural,Conventional,NA,reported process,21,21,las crucesitas,apolinar hernandez arellano,cc0114c82be5db63|COE|NA|21,NA,NA,NA,NA,NA,NA,FALSE,FALSE
cc0114c82be5db63,2019,COE,Mexico,2019,COE,NA,22,87.32,El Cajel,Roberto Hernández García,Washed,Bourbón,"Atoyac de Álvarez, Guerrero",https://allianceforcoffeeexcellence.org/mexico-2019/,FALSE,reported,Washed,Washed,Conventional,NA,reported process,22,22,el cajel,roberto hernandez garcia,cc0114c82be5db63|COE|NA|22,NA,NA,NA,NA,NA,NA,FALSE,FALSE
cc0114c82be5db63,2019,COE,Mexico,2019,COE,NA,23,87.3,El Bordo,Francisco Gerardo Durán Durán,Washed,Caturra,"Cosautlán de Carvajal, Veracruz",https://allianceforcoffeeexcellence.org/mexico-2019/,FALSE,reported,Washed,Washed,Conventional,NA,reported process,23,23,el bordo,francisco gerardo duran duran,cc0114c82be5db63|COE|NA|23,NA,NA,NA,NA,NA,NA,FALSE,FALSE
cc0114c82be5db63,2019,COE,Mexico,2019,COE,NA,24,87.27,Dos mujeres,David Alonso lopez Morales,Washed,Pache,"Las Margaritas, Chiapas",https://allianceforcoffeeexcellence.org/mexico-2019/,FALSE,reported,Washed,Washed,Conventional,NA,reported process,24,24,dos mujeres,david alonso lopez morales,cc0114c82be5db63|COE|NA|24,NA,NA,NA,NA,NA,NA,FALSE,FALSE
cc0114c82be5db63,2019,COE,Mexico,2019,COE,NA,25,87.25,Las Nubes,Manuel Sánchez López,Washed,Bourbón,"La Concordia, Chiapas",https://allianceforcoffeeexcellence.org/mexico-2019/,FALSE,reported,Washed,Washed,Conventional,NA,reported process,25,25,las nubes,manuel sanchez lopez,cc0114c82be5db63|COE|NA|25,NA,NA,NA,NA,NA,NA,FALSE,FALSE
cc0114c82be5db63,2019,COE,Mexico,2019,COE,NA,26,87.21,Huehuetepan,María del Rosario Irais Valdivia Ortíz,Washed,Mundo Nuevo,"Cosautlán de Carvajal, Veracruz",https://allianceforcoffeeexcellence.org/mexico-2019/,FALSE,reported,Washed,Washed,Conventional,NA,reported process,26,26,huehuetepan,maria del rosario irais valdivia ortiz,cc0114c82be5db63|COE|NA|26,NA,NA,NA,NA,NA,NA,FALSE,FALSE
cc0114c82be5db63,2019,COE,Mexico,2019,COE,NA,27,87.18,El Platanar,Daniel Sánchez López,Washed,Bourbón,"La Concordia, Chiapas",https://allianceforcoffeeexcellence.org/mexico-2019/,FALSE,reported,Washed,Washed,Conventional,NA,reported process,27,27,el platanar,daniel sanchez lopez,cc0114c82be5db63|COE|NA|27,NA,NA,NA,NA,NA,NA,FALSE,FALSE
cc0114c82be5db63,2019,COE,Mexico,2019,COE,NA,28,87,La Rinconada,Domingo Fonseca Morales,Washed,Catimor,"Teopisca, Chiapas",https://allianceforcoffeeexcellence.org/mexico-2019/,FALSE,reported,Washed,Washed,Conventional,NA,reported process,28,28,la rinconada,domingo fonseca morales,cc0114c82be5db63|COE|NA|28,NA,NA,NA,NA,NA,NA,FALSE,FALSE
cc0114c82be5db63,2019,COE,Mexico,2019,COE,NA,3a,90.32,Dinastia Altamirano,Samuel Altamirano Juarez,Honey,Bourbón,"Zongolica, Veracruz",https://allianceforcoffeeexcellence.org/mexico-2019/,FALSE,reported,Honey / pulped natural,Honey / pulped natural,Conventional,NA,reported process,3A,3,dinastia altamirano,samuel altamirano juarez,cc0114c82be5db63|COE|NA|3,NA,NA,NA,NA,NA,NA,FALSE,FALSE
cc0114c82be5db63,2019,COE,Mexico,2019,COE,NA,4,90.13,La Ilusión,Federico Barrueta Barrueta,Washed,Bourbón,"Temascaltepec, Estado de Mexico",https://allianceforcoffeeexcellence.org/mexico-2019/,FALSE,reported,Washed,Washed,Conventional,NA,reported process,4,4,la ilusion,federico barrueta barrueta,cc0114c82be5db63|COE|NA|4,NA,NA,NA,NA,NA,NA,FALSE,FALSE
cc0114c82be5db63,2019,COE,Mexico,2019,COE,NA,5,90,Huehuetecpan,Francisco Javier Montiel Valencia,Washed,Bourbón,"Cosautlán de Carvajal, Veracruz",https://allianceforcoffeeexcellence.org/mexico-2019/,FALSE,reported,Washed,Washed,Conventional,NA,reported process,5,5,huehuetecpan,francisco javier montiel valencia,cc0114c82be5db63|COE|NA|5,NA,NA,NA,NA,NA,NA,FALSE,FALSE
cc0114c82be5db63,2019,COE,Mexico,2019,COE,NA,6,89.7,El Equimite,Rodolfo Jiménez López,Washed,Pacamara,"Naolinco, Veracruz",https://allianceforcoffeeexcellence.org/mexico-2019/,FALSE,reported,Washed,Washed,Conventional,NA,reported process,6,6,el equimite,rodolfo jimenez lopez,cc0114c82be5db63|COE|NA|6,NA,NA,NA,NA,NA,NA,FALSE,FALSE
cc0114c82be5db63,2019,COE,Mexico,2019,COE,NA,7,89.64,San Rafael,Maria Alejandra Ramírez Moreno,Washed,Costa Rica 95,"Coatepec, Veracruz",https://allianceforcoffeeexcellence.org/mexico-2019/,FALSE,reported,Washed,Washed,Conventional,NA,reported process,7,7,san rafael,maria alejandra ramirez moreno,cc0114c82be5db63|COE|NA|7,NA,NA,NA,NA,NA,NA,FALSE,FALSE
cc0114c82be5db63,2019,COE,Mexico,2019,COE,NA,8,89.63,Finca Consolapan,María Cristina Ávila Camberos,Washed,Garnica,"Coatepec, Veracruz",https://allianceforcoffeeexcellence.org/mexico-2019/,FALSE,reported,Washed,Washed,Conventional,NA,reported process,8,8,finca consolapan,maria cristina avila camberos,cc0114c82be5db63|COE|NA|8,NA,NA,NA,NA,NA,NA,FALSE,FALSE
cc0114c82be5db63,2019,COE,Mexico,2019,COE,NA,9,89.55,Los Remedios,Gema Contreras Quezada,Washed,Gesha,"Emiliano Zapata, Veracruz",https://allianceforcoffeeexcellence.org/mexico-2019/,FALSE,reported,Washed,Washed,Conventional,NA,reported process,9,9,los remedios,gema contreras quezada,cc0114c82be5db63|COE|NA|9,NA,NA,NA,NA,NA,NA,FALSE,FALSE
8490c0273821d2a1,Mexico 2021,COE,Mexico,2021,COE,NA,1a,91.58,Finca Santa Cruz,Cruz Jose Arguello Enriquez,Natural,Gesha,"La Concordia, Chiapas",https://allianceforcoffeeexcellence.org/mexico-2021/,FALSE,reported,Natural,Natural,Conventional,NA,reported process,1A,1,finca santa cruz,cruz jose arguello enriquez,8490c0273821d2a1|COE|NA|1,NA,NA,NA,NA,NA,NA,FALSE,FALSE
8490c0273821d2a1,Mexico 2021,COE,Mexico,2021,COE,NA,10,88.14,Los Cimientos,Roman Mendoza Odilon,Honey,Bourbon,"Zihuatanejo De Azueta, Guerrero",https://allianceforcoffeeexcellence.org/mexico-2021/,FALSE,reported,Honey / pulped natural,Honey / pulped natural,Conventional,NA,reported process,10,10,los cimientos,roman mendoza odilon,8490c0273821d2a1|COE|NA|10,NA,NA,NA,NA,NA,NA,FALSE,FALSE
8490c0273821d2a1,Mexico 2021,COE,Mexico,2021,COE,NA,11,88.14,Ocoteno,Miguel Ronquillo Aco,Washed,Marsellesa,"Huitzilan De Serdán, Puebla",https://allianceforcoffeeexcellence.org/mexico-2021/,FALSE,reported,Washed,Washed,Conventional,NA,reported process,11,11,ocoteno,miguel ronquillo aco,8490c0273821d2a1|COE|NA|11,NA,NA,NA,NA,NA,NA,FALSE,FALSE
8490c0273821d2a1,Mexico 2021,COE,Mexico,2021,COE,NA,12,88.11,Cafetal El Equimite,Gibran Leonardo Cervantes Covarrubias,Honey,Gesha,"Coatepec, Veracruz",https://allianceforcoffeeexcellence.org/mexico-2021/,FALSE,reported,Honey / pulped natural,Honey / pulped natural,Conventional,NA,reported process,12,12,cafetal el equimite,gibran leonardo cervantes covarrubias,8490c0273821d2a1|COE|NA|12,NA,NA,NA,NA,NA,NA,FALSE,FALSE
8490c0273821d2a1,Mexico 2021,COE,Mexico,2021,COE,NA,13,88.03,Los Aguacates,Agustin Lopez Guzman,Washed,Bourbon & Costa Rica 95,"Tenejapa, Chiapas",https://allianceforcoffeeexcellence.org/mexico-2021/,FALSE,reported,Washed,Washed,Conventional,NA,reported process,13,13,los aguacates,agustin lopez guzman,8490c0273821d2a1|COE|NA|13,NA,NA,NA,NA,NA,NA,FALSE,FALSE
8490c0273821d2a1,Mexico 2021,COE,Mexico,2021,COE,NA,14,88.03,El Pino,José Luis Andrade Gandara,Washed,Bourbon & Typica,"Cosautlán De Carvajal, Veracruz",https://allianceforcoffeeexcellence.org/mexico-2021/,FALSE,reported,Washed,Washed,Conventional,NA,reported process,14,14,el pino,jose luis andrade gandara,8490c0273821d2a1|COE|NA|14,NA,NA,NA,NA,NA,NA,FALSE,FALSE
8490c0273821d2a1,Mexico 2021,COE,Mexico,2021,COE,NA,15,87.97,Finca Los Pinos,Julia Ortega Carballo,Washed,Oro Azteca,"Zihuateutla, Puebla",https://allianceforcoffeeexcellence.org/mexico-2021/,FALSE,reported,Washed,Washed,Conventional,NA,reported process,15,15,finca los pinos,julia ortega carballo,8490c0273821d2a1|COE|NA|15,NA,NA,NA,NA,NA,NA,FALSE,FALSE
8490c0273821d2a1,Mexico 2021,COE,Mexico,2021,COE,NA,16,87.97,Finca Huehuetecpan,Francisco Javier Montiel Valencia,Washed,"Mundo Novo, Typica, Garnica","Cosautlán De Carvajal, Veracruz",https://allianceforcoffeeexcellence.org/mexico-2021/,FALSE,reported,Washed,Washed,Conventional,NA,reported process,16,16,finca huehuetecpan,francisco javier montiel valencia,8490c0273821d2a1|COE|NA|16,NA,NA,NA,NA,NA,NA,FALSE,FALSE
8490c0273821d2a1,Mexico 2021,COE,Mexico,2021,COE,NA,17,87.89,Palma,Félix Morales Ixtla,Washed,Gesha,"Ixhuatlán Del Café, Veracruz",https://allianceforcoffeeexcellence.org/mexico-2021/,FALSE,reported,Washed,Washed,Conventional,NA,reported process,17,17,palma,felix morales ixtla,8490c0273821d2a1|COE|NA|17,NA,NA,NA,NA,NA,NA,FALSE,FALSE
8490c0273821d2a1,Mexico 2021,COE,Mexico,2021,COE,NA,18,87.64,Jade,Bernardino Lopez Ruiz,Natural,Caturra,"Las Margaritas, Chiapas",https://allianceforcoffeeexcellence.org/mexico-2021/,FALSE,reported,Natural,Natural,Conventional,NA,reported process,18,18,jade,bernardino lopez ruiz,8490c0273821d2a1|COE|NA|18,NA,NA,NA,NA,NA,NA,FALSE,FALSE
8490c0273821d2a1,Mexico 2021,COE,Mexico,2021,COE,NA,19,87.58,San Miguel,Ma. Guadalupe Gomez Anzo,Natural,Caturra,"Zihuatanejo De Azueta, Guerrero",https://allianceforcoffeeexcellence.org/mexico-2021/,FALSE,reported,Natural,Natural,Conventional,NA,reported process,19,19,san miguel,ma guadalupe gomez anzo,8490c0273821d2a1|COE|NA|19,NA,NA,NA,NA,NA,NA,FALSE,FALSE
8490c0273821d2a1,Mexico 2021,COE,Mexico,2021,COE,NA,2a,90.25,San Luis,Silvia Carolina Herrera Hernandez,Natural,Gesha,"Ocozocoautla De Espinosa, Chiapas",https://allianceforcoffeeexcellence.org/mexico-2021/,FALSE,reported,Natural,Natural,Conventional,NA,reported process,2A,2,san luis,silvia carolina herrera hernandez,8490c0273821d2a1|COE|NA|2,NA,NA,NA,NA,NA,NA,FALSE,FALSE
8490c0273821d2a1,Mexico 2021,COE,Mexico,2021,COE,NA,20,87.47,Finca El Bordo,Nieves Isabel Montiel Valencia,Washed,"Typica, Garnica, Mundo Novo","Cosautlán De Carvajal, Veracruz",https://allianceforcoffeeexcellence.org/mexico-2021/,FALSE,reported,Washed,Washed,Conventional,NA,reported process,20,20,finca el bordo,nieves isabel montiel valencia,8490c0273821d2a1|COE|NA|20,NA,NA,NA,NA,NA,NA,FALSE,FALSE
8490c0273821d2a1,Mexico 2021,COE,Mexico,2021,COE,NA,21,87.44,Cañada Fria,José Daniel Cobilt Castro,Washed,"Bourbon, Pacamara, Typica, Caturra","Tlaltetela, Veracruz",https://allianceforcoffeeexcellence.org/mexico-2021/,FALSE,reported,Washed,Washed,Conventional,NA,reported process,21,21,canada fria,jose daniel cobilt castro,8490c0273821d2a1|COE|NA|21,NA,NA,NA,NA,NA,NA,FALSE,FALSE
8490c0273821d2a1,Mexico 2021,COE,Mexico,2021,COE,NA,22,87.42,Zacatlami,Liova Sandoval Cordoba,Semi-Washed,"Caturra, Garnica, Mundo Novo",Totutla,https://allianceforcoffeeexcellence.org/mexico-2021/,FALSE,reported,Honey / pulped natural,Honey / pulped natural,Conventional,NA,reported process,22,22,zacatlami,liova sandoval cordoba,8490c0273821d2a1|COE|NA|22,NA,NA,NA,NA,NA,NA,FALSE,FALSE
8490c0273821d2a1,Mexico 2021,COE,Mexico,2021,COE,NA,23,87.42,Finca Sinai,Diego Manuel Woolrich Ramirez,Washed,Gesha,"Santos Reyes Nopala, Oaxaca",https://allianceforcoffeeexcellence.org/mexico-2021/,FALSE,reported,Washed,Washed,Conventional,NA,reported process,23,23,finca sinai,diego manuel woolrich ramirez,8490c0273821d2a1|COE|NA|23,NA,NA,NA,NA,NA,NA,FALSE,FALSE
8490c0273821d2a1,Mexico 2021,COE,Mexico,2021,COE,NA,24,87.28,Corahe,Rigoberto Cordova Arroyo,Honey,Gesha & Caturra,"Totutla, Veracruz",https://allianceforcoffeeexcellence.org/mexico-2021/,FALSE,reported,Honey / pulped natural,Honey / pulped natural,Conventional,NA,reported process,24,24,corahe,rigoberto cordova arroyo,8490c0273821d2a1|COE|NA|24,NA,NA,NA,NA,NA,NA,FALSE,FALSE
8490c0273821d2a1,Mexico 2021,COE,Mexico,2021,COE,NA,25,87.28,Finca Don Rafa,Byeong Soo Kim,Natural,Pache,"Las Margaritas, Chiapas",https://allianceforcoffeeexcellence.org/mexico-2021/,FALSE,reported,Natural,Natural,Conventional,NA,reported process,25,25,finca don rafa,byeong soo kim,8490c0273821d2a1|COE|NA|25,NA,NA,NA,NA,NA,NA,FALSE,FALSE
8490c0273821d2a1,Mexico 2021,COE,Mexico,2021,COE,NA,26,87.22,Rancho Vista Hermosa,Mario Santiz Lopez,Washed,Sarchimor,Chenalhó,https://allianceforcoffeeexcellence.org/mexico-2021/,FALSE,reported,Washed,Washed,Conventional,NA,reported process,26,26,rancho vista hermosa,mario santiz lopez,8490c0273821d2a1|COE|NA|26,NA,NA,NA,NA,NA,NA,FALSE,FALSE
8490c0273821d2a1,Mexico 2021,COE,Mexico,2021,COE,NA,27,87.19,Temimilzintan,Pablo Jose Aco Huerta,Washed,Marsellesa,"Huitzilan De Serdán, Puebla",https://allianceforcoffeeexcellence.org/mexico-2021/,FALSE,reported,Washed,Washed,Conventional,NA,reported process,27,27,temimilzintan,pablo jose aco huerta,8490c0273821d2a1|COE|NA|27,NA,NA,NA,NA,NA,NA,FALSE,FALSE
8490c0273821d2a1,Mexico 2021,COE,Mexico,2021,COE,NA,28,87.17,Finca Huehuetepan,Maria Del Rosario Irais Valdivia Ortiz,Natural,Typica,"Cosautlán De Carvajal, Veracruz",https://allianceforcoffeeexcellence.org/mexico-2021/,FALSE,reported,Natural,Natural,Conventional,NA,reported process,28,28,finca huehuetepan,maria del rosario irais valdivia ortiz,8490c0273821d2a1|COE|NA|28,NA,NA,NA,NA,NA,NA,FALSE,FALSE
8490c0273821d2a1,Mexico 2021,COE,Mexico,2021,COE,NA,29,87.17,Finca Fatima: La Cruz,Genoveva Perez Redondo Ramirez,Natural,Typica,"Coatepec, Veracruz",https://allianceforcoffeeexcellence.org/mexico-2021/,FALSE,reported,Natural,Natural,Conventional,NA,reported process,29,29,finca fatima la cruz,genoveva perez redondo ramirez,8490c0273821d2a1|COE|NA|29,NA,NA,NA,NA,NA,NA,FALSE,FALSE
8490c0273821d2a1,Mexico 2021,COE,Mexico,2021,COE,NA,3a,90.19,La Teja,Clímaco Cruz Cruz,Washed,Caturra & Typica,"Almoloya De Alquisiras, Edo Mex",https://allianceforcoffeeexcellence.org/mexico-2021/,FALSE,reported,Washed,Washed,Conventional,NA,reported process,3A,3,la teja,climaco cruz cruz,8490c0273821d2a1|COE|NA|3,NA,NA,NA,NA,NA,NA,FALSE,FALSE
8490c0273821d2a1,Mexico 2021,COE,Mexico,2021,COE,NA,30,87.14,Finca Pocitos,Jesus Carlos Cadena Valdivia,Semi-Washed,Typica & Cuscatleco,"Ixhuacán De Los Reyes, Veracruz",https://allianceforcoffeeexcellence.org/mexico-2021/,FALSE,reported,Honey / pulped natural,Honey / pulped natural,Conventional,NA,reported process,30,30,finca pocitos,jesus carlos cadena valdivia,8490c0273821d2a1|COE|NA|30,NA,NA,NA,NA,NA,NA,FALSE,FALSE
8490c0273821d2a1,Mexico 2021,COE,Mexico,2021,COE,NA,4,90.13,La Ilusión,Federico Barrueta Barrueta,Washed,"Caturra, Bourbon, Typica","Temascaltepec, Edo Mex",https://allianceforcoffeeexcellence.org/mexico-2021/,FALSE,reported,Washed,Washed,Conventional,NA,reported process,4,4,la ilusion,federico barrueta barrueta,8490c0273821d2a1|COE|NA|4,NA,NA,NA,NA,NA,NA,FALSE,FALSE
8490c0273821d2a1,Mexico 2021,COE,Mexico,2021,COE,NA,5,89.53,Brujufinca,Kyle Alan Dromgoole,Natural,Gesha,"Candelaria Loxicha, Oaxaca",https://allianceforcoffeeexcellence.org/mexico-2021/,FALSE,reported,Natural,Natural,Conventional,NA,reported process,5,5,brujufinca,kyle alan dromgoole,8490c0273821d2a1|COE|NA|5,NA,NA,NA,NA,NA,NA,FALSE,FALSE
8490c0273821d2a1,Mexico 2021,COE,Mexico,2021,COE,NA,6,89.25,Los Naranjos,Rafael Cortés Moreno,Washed,Garnica,"Huitzilan De Serdán, Puebla",https://allianceforcoffeeexcellence.org/mexico-2021/,FALSE,reported,Washed,Washed,Conventional,NA,reported process,6,6,los naranjos,rafael cortes moreno,8490c0273821d2a1|COE|NA|6,NA,NA,NA,NA,NA,NA,FALSE,FALSE
8490c0273821d2a1,Mexico 2021,COE,Mexico,2021,COE,NA,7,88.22,Las Barrancas,Osiel Cortes Aco,Washed,Marsellesa,"Huitzilan De Serdán, Puebla",https://allianceforcoffeeexcellence.org/mexico-2021/,FALSE,reported,Washed,Washed,Conventional,NA,reported process,7,7,las barrancas,osiel cortes aco,8490c0273821d2a1|COE|NA|7,NA,NA,NA,NA,NA,NA,FALSE,FALSE
8490c0273821d2a1,Mexico 2021,COE,Mexico,2021,COE,NA,8,88.22,Finca El Estribo,Adán Altamirano Domínguez,Semi-Washed,Bourbon & Gesha,"Zongolica, Veracruz",https://allianceforcoffeeexcellence.org/mexico-2021/,FALSE,reported,Honey / pulped natural,Honey / pulped natural,Conventional,NA,reported process,8,8,finca el estribo,adan altamirano dominguez,8490c0273821d2a1|COE|NA|8,NA,NA,NA,NA,NA,NA,FALSE,FALSE
8490c0273821d2a1,Mexico 2021,COE,Mexico,2021,COE,NA,9,88.19,Ejecayan,Leandro Ronquillo Martinez,Washed,Marsellesa,"Huitzilan De Serdán, Puebla",https://allianceforcoffeeexcellence.org/mexico-2021/,FALSE,reported,Washed,Washed,Conventional,NA,reported process,9,9,ejecayan,leandro ronquillo martinez,8490c0273821d2a1|COE|NA|9,NA,NA,NA,NA,NA,NA,FALSE,FALSE
9afb42276738b733,Mexico 2022,COE,Mexico,2022,COE,NA,1a,93,Finca Santa Cruz,Cruz Jose Argüello Enriquez,Natural,Gesha,Chiapas,https://allianceforcoffeeexcellence.org/mexico-2022/,FALSE,reported,Natural,Natural,Conventional,NA,reported process,1A,1,finca santa cruz,cruz jose arguello enriquez,9afb42276738b733|COE|NA|1,NA,NA,NA,NA,NA,NA,FALSE,FALSE
9afb42276738b733,Mexico 2022,COE,Mexico,2022,COE,NA,10,89,Finca Trebolillos,Alejandra Martinez Gama Fernandez,Washed,Gesha,Veracruz,https://allianceforcoffeeexcellence.org/mexico-2022/,FALSE,reported,Washed,Washed,Conventional,NA,reported process,10,10,finca trebolillos,alejandra martinez gama fernandez,9afb42276738b733|COE|NA|10,NA,NA,NA,NA,NA,NA,FALSE,FALSE
9afb42276738b733,Mexico 2022,COE,Mexico,2022,COE,NA,11,88.93,Las Delicias,Josefina Lopez Ruiz,Honey,Pache,Chiapas,https://allianceforcoffeeexcellence.org/mexico-2022/,FALSE,reported,Honey / pulped natural,Honey / pulped natural,Conventional,NA,reported process,11,11,las delicias,josefina lopez ruiz,9afb42276738b733|COE|NA|11,NA,NA,NA,NA,NA,NA,FALSE,FALSE
9afb42276738b733,Mexico 2022,COE,Mexico,2022,COE,NA,12,88.83,Finca el Pomal,Josua Andrade Arenas,Washed,Cuscatleco,Veracruz,https://allianceforcoffeeexcellence.org/mexico-2022/,FALSE,reported,Washed,Washed,Conventional,NA,reported process,12,12,finca el pomal,josua andrade arenas,9afb42276738b733|COE|NA|12,NA,NA,NA,NA,NA,NA,FALSE,FALSE
9afb42276738b733,Mexico 2022,COE,Mexico,2022,COE,NA,13,88.67,Los Aguacates,Agustin Lopez Guzman,Washed,Bourbon & Caturra,Chiapas,https://allianceforcoffeeexcellence.org/mexico-2022/,FALSE,reported,Washed,Washed,Conventional,NA,reported process,13,13,los aguacates,agustin lopez guzman,9afb42276738b733|COE|NA|13,NA,NA,NA,NA,NA,NA,FALSE,FALSE
9afb42276738b733,Mexico 2022,COE,Mexico,2022,COE,NA,14,88.63,Finca la Lomita,Marcelino Barrueta Aviles,Washed,Typica & Caturra,Mexico,https://allianceforcoffeeexcellence.org/mexico-2022/,FALSE,reported,Washed,Washed,Conventional,NA,reported process,14,14,finca la lomita,marcelino barrueta aviles,9afb42276738b733|COE|NA|14,NA,NA,NA,NA,NA,NA,FALSE,FALSE
9afb42276738b733,Mexico 2022,COE,Mexico,2022,COE,NA,15,88.53,Las Barrancas,Osiel Cortes Aco,Washed,Marsellesa,Puebla,https://allianceforcoffeeexcellence.org/mexico-2022/,FALSE,reported,Washed,Washed,Conventional,NA,reported process,15,15,las barrancas,osiel cortes aco,9afb42276738b733|COE|NA|15,NA,NA,NA,NA,NA,NA,FALSE,FALSE
9afb42276738b733,Mexico 2022,COE,Mexico,2022,COE,NA,16,88.43,Dinastía Altamirano,Samuel Altamirano Juárez,Honey,Bourbon & Gesha,Veracruz,https://allianceforcoffeeexcellence.org/mexico-2022/,FALSE,reported,Honey / pulped natural,Honey / pulped natural,Conventional,NA,reported process,16,16,dinastia altamirano,samuel altamirano juarez,9afb42276738b733|COE|NA|16,NA,NA,NA,NA,NA,NA,FALSE,FALSE
9afb42276738b733,Mexico 2022,COE,Mexico,2022,COE,NA,17,88.2,Finca Cañada Fría,José Daniel Cóbilt Castro,Washed,"Pacamara, Typica, Caturra, Bourbon",Veracruz,https://allianceforcoffeeexcellence.org/mexico-2022/,FALSE,reported,Washed,Washed,Conventional,NA,reported process,17,17,finca canada fria,jose daniel cobilt castro,9afb42276738b733|COE|NA|17,NA,NA,NA,NA,NA,NA,FALSE,FALSE
9afb42276738b733,Mexico 2022,COE,Mexico,2022,COE,NA,18,88.03,Finca San Rafael,Francisco Javier Montiel Valencia,Washed,"Bourbon, Typica, Garnica, Mundo Novo",Veracruz,https://allianceforcoffeeexcellence.org/mexico-2022/,FALSE,reported,Washed,Washed,Conventional,NA,reported process,18,18,finca san rafael,francisco javier montiel valencia,9afb42276738b733|COE|NA|18,NA,NA,NA,NA,NA,NA,FALSE,FALSE
9afb42276738b733,Mexico 2022,COE,Mexico,2022,COE,NA,19,88.03,Finca Don Rafa,Byeong Soo Kim,Natural,Pache,Chiapas,https://allianceforcoffeeexcellence.org/mexico-2022/,FALSE,reported,Natural,Natural,Conventional,NA,reported process,19,19,finca don rafa,byeong soo kim,9afb42276738b733|COE|NA|19,NA,NA,NA,NA,NA,NA,FALSE,FALSE
9afb42276738b733,Mexico 2022,COE,Mexico,2022,COE,NA,2a,91.4,Finca el Izote,Carlos Hugo Loeza Sánchez,Washed,Marsellesa & Gesha,Veracruz,https://allianceforcoffeeexcellence.org/mexico-2022/,FALSE,reported,Washed,Washed,Conventional,NA,reported process,2A,2,finca el izote,carlos hugo loeza sanchez,9afb42276738b733|COE|NA|2,NA,NA,NA,NA,NA,NA,FALSE,FALSE
9afb42276738b733,Mexico 2022,COE,Mexico,2022,COE,NA,20,87.87,Ocoteno,Miguel Ronquillo Aco,Washed,Marsellesa,Puebla,https://allianceforcoffeeexcellence.org/mexico-2022/,FALSE,reported,Washed,Washed,Conventional,NA,reported process,20,20,ocoteno,miguel ronquillo aco,9afb42276738b733|COE|NA|20,NA,NA,NA,NA,NA,NA,FALSE,FALSE
9afb42276738b733,Mexico 2022,COE,Mexico,2022,COE,NA,21,87.87,Arroyo,Carolina De Lourdes Torres Cortes,Natural,Typica,Oaxaca,https://allianceforcoffeeexcellence.org/mexico-2022/,FALSE,reported,Natural,Natural,Conventional,NA,reported process,21,21,arroyo,carolina de lourdes torres cortes,9afb42276738b733|COE|NA|21,NA,NA,NA,NA,NA,NA,FALSE,FALSE
9afb42276738b733,Mexico 2022,COE,Mexico,2022,COE,NA,22,87.8,San Pedro,Mauricio Trejo Sosa,Washed,Marsellesa,Puebla,https://allianceforcoffeeexcellence.org/mexico-2022/,FALSE,reported,Washed,Washed,Conventional,NA,reported process,22,22,san pedro,mauricio trejo sosa,9afb42276738b733|COE|NA|22,NA,NA,NA,NA,NA,NA,FALSE,FALSE
9afb42276738b733,Mexico 2022,COE,Mexico,2022,COE,NA,23,87.77,Finca Huehuetecpan,Santos Montiel Ochoa,Washed,"Bourbon, Mundo Novo, Typica, Garnica",Veracruz,https://allianceforcoffeeexcellence.org/mexico-2022/,FALSE,reported,Washed,Washed,Conventional,NA,reported process,23,23,finca huehuetecpan,santos montiel ochoa,9afb42276738b733|COE|NA|23,NA,NA,NA,NA,NA,NA,FALSE,FALSE
9afb42276738b733,Mexico 2022,COE,Mexico,2022,COE,NA,24,87.67,Temimil,Belinda Aco Bonilla,Washed,Marsellesa,Puebla,https://allianceforcoffeeexcellence.org/mexico-2022/,FALSE,reported,Washed,Washed,Conventional,NA,reported process,24,24,temimil,belinda aco bonilla,9afb42276738b733|COE|NA|24,NA,NA,NA,NA,NA,NA,FALSE,FALSE
9afb42276738b733,Mexico 2022,COE,Mexico,2022,COE,NA,25,87.67,Apipias,Mario Alberto Aco Gomez,Washed,Marsellesa,Puebla,https://allianceforcoffeeexcellence.org/mexico-2022/,FALSE,reported,Washed,Washed,Conventional,NA,reported process,25,25,apipias,mario alberto aco gomez,9afb42276738b733|COE|NA|25,NA,NA,NA,NA,NA,NA,FALSE,FALSE
9afb42276738b733,Mexico 2022,COE,Mexico,2022,COE,NA,26,87.57,Ojo de Agua,Sandra Elizabeth Romero Andablo,Washed,Marsellesa,Puebla,https://allianceforcoffeeexcellence.org/mexico-2022/,FALSE,reported,Washed,Washed,Conventional,NA,reported process,26,26,ojo de agua,sandra elizabeth romero andablo,9afb42276738b733|COE|NA|26,NA,NA,NA,NA,NA,NA,FALSE,FALSE
9afb42276738b733,Mexico 2022,COE,Mexico,2022,COE,NA,27,87.4,Fincas Innominada,Hector Hernandez Mendez,Washed,Bourbon & Costa Rica 95,Veracruz,https://allianceforcoffeeexcellence.org/mexico-2022/,FALSE,reported,Washed,Washed,Conventional,NA,reported process,27,27,fincas innominada,hector hernandez mendez,9afb42276738b733|COE|NA|27,NA,NA,NA,NA,NA,NA,FALSE,FALSE
9afb42276738b733,Mexico 2022,COE,Mexico,2022,COE,NA,28,87.3,Metlapoxteca,Teresita Flores Acolt,Washed,"Typica, Bourbon, Caturra, Colombia",Veracruz,https://allianceforcoffeeexcellence.org/mexico-2022/,FALSE,reported,Washed,Washed,Conventional,NA,reported process,28,28,metlapoxteca,teresita flores acolt,9afb42276738b733|COE|NA|28,NA,NA,NA,NA,NA,NA,FALSE,FALSE
9afb42276738b733,Mexico 2022,COE,Mexico,2022,COE,NA,29,87.23,Finca el Bordo,Nieves Isabel Montiel Valencia,Washed,"Bourbon, Caturra, Mundo Novo, Typica, Garnica",Veracruz,https://allianceforcoffeeexcellence.org/mexico-2022/,FALSE,reported,Washed,Washed,Conventional,NA,reported process,29,29,finca el bordo,nieves isabel montiel valencia,9afb42276738b733|COE|NA|29,NA,NA,NA,NA,NA,NA,FALSE,FALSE
9afb42276738b733,Mexico 2022,COE,Mexico,2022,COE,NA,3a,91.37,El Rio,Gema Magali Posadas Manzano,Washed,Marsellesa & Typica,Puebla,https://allianceforcoffeeexcellence.org/mexico-2022/,FALSE,reported,Washed,Washed,Conventional,NA,reported process,3A,3,el rio,gema magali posadas manzano,9afb42276738b733|COE|NA|3,NA,NA,NA,NA,NA,NA,FALSE,FALSE
9afb42276738b733,Mexico 2022,COE,Mexico,2022,COE,NA,30,87.2,La Vega,Marino Edgar Olarte Maldonado,Washed,Catuai & Costa Rica 95,Puebla,https://allianceforcoffeeexcellence.org/mexico-2022/,FALSE,reported,Washed,Washed,Conventional,NA,reported process,30,30,la vega,marino edgar olarte maldonado,9afb42276738b733|COE|NA|30,NA,NA,NA,NA,NA,NA,FALSE,FALSE
9afb42276738b733,Mexico 2022,COE,Mexico,2022,COE,NA,4,91.13,Geisha,Silvia Carolina Herrera Hernandez,Natural,Gesha,Chiapas,https://allianceforcoffeeexcellence.org/mexico-2022/,FALSE,reported,Natural,Natural,Conventional,NA,reported process,4,4,geisha,silvia carolina herrera hernandez,9afb42276738b733|COE|NA|4,NA,NA,NA,NA,NA,NA,FALSE,FALSE
9afb42276738b733,Mexico 2022,COE,Mexico,2022,COE,NA,5,90.37,Finca Sinai,Diego Manuel Woolrich Ramirez,Washed,Gesha,Oaxaca,https://allianceforcoffeeexcellence.org/mexico-2022/,FALSE,reported,Washed,Washed,Conventional,NA,reported process,5,5,finca sinai,diego manuel woolrich ramirez,9afb42276738b733|COE|NA|5,NA,NA,NA,NA,NA,NA,FALSE,FALSE
9afb42276738b733,Mexico 2022,COE,Mexico,2022,COE,NA,6,89.63,Finca Huehuetepan,Maria Del Rosario Irais Valdivia Ortiz,Natural,Typica,Veracruz,https://allianceforcoffeeexcellence.org/mexico-2022/,FALSE,reported,Natural,Natural,Conventional,NA,reported process,6,6,finca huehuetepan,maria del rosario irais valdivia ortiz,9afb42276738b733|COE|NA|6,NA,NA,NA,NA,NA,NA,FALSE,FALSE
9afb42276738b733,Mexico 2022,COE,Mexico,2022,COE,NA,7,89.53,Cafetal el Equimite,Gibran Leonardo Cervantes Covarrubias,Natural,Gesha,Veracruz,https://allianceforcoffeeexcellence.org/mexico-2022/,FALSE,reported,Natural,Natural,Conventional,NA,reported process,7,7,cafetal el equimite,gibran leonardo cervantes covarrubias,9afb42276738b733|COE|NA|7,NA,NA,NA,NA,NA,NA,FALSE,FALSE
9afb42276738b733,Mexico 2022,COE,Mexico,2022,COE,NA,8,89.43,Palma,Felix Morales Ixtla,Washed,Gesha,Veracruz,https://allianceforcoffeeexcellence.org/mexico-2022/,FALSE,reported,Washed,Washed,Conventional,NA,reported process,8,8,palma,felix morales ixtla,9afb42276738b733|COE|NA|8,NA,NA,NA,NA,NA,NA,FALSE,FALSE
9afb42276738b733,Mexico 2022,COE,Mexico,2022,COE,NA,9,89.4,Los Naranjos,Rafael Cortés Moreno,Washed,Marsellesa,Puebla,https://allianceforcoffeeexcellence.org/mexico-2022/,FALSE,reported,Washed,Washed,Conventional,NA,reported process,9,9,los naranjos,rafael cortes moreno,9afb42276738b733|COE|NA|9,NA,NA,NA,NA,NA,NA,FALSE,FALSE
c5947e46efa4a520,Mexico 2023,COE,Mexico,2023,COE,NA,1A,91,FINCA LAS NIEVES,GUSTAVO BOLTJES RISING,Natural,Geisha,SAN JUAN LACHAO,https://allianceforcoffeeexcellence.org/mexico-2023/,FALSE,reported,Natural,Natural,Conventional,NA,reported process,1A,1,finca las nieves,gustavo boltjes rising,c5947e46efa4a520|COE|NA|1,NA,NA,NA,NA,NA,NA,FALSE,FALSE
c5947e46efa4a520,Mexico 2023,COE,Mexico,2023,COE,NA,10,88.16,LA NENA,INGRID ALEJANDRA HERNANDEZ LOPEZ,Washed,Cuscatleco,COSAUTLAN DE CARVAJAL,https://allianceforcoffeeexcellence.org/mexico-2023/,FALSE,reported,Washed,Washed,Conventional,NA,reported process,10,10,la nena,ingrid alejandra hernandez lopez,c5947e46efa4a520|COE|NA|10,NA,NA,NA,NA,NA,NA,FALSE,FALSE
c5947e46efa4a520,Mexico 2023,COE,Mexico,2023,COE,NA,11,88.16,FINCA KASSANDRA,GABRIEL BERNARD RIVAS ROSS,Natural,Pacamara,TOTUTLA,https://allianceforcoffeeexcellence.org/mexico-2023/,FALSE,reported,Natural,Natural,Conventional,NA,reported process,11,11,finca kassandra,gabriel bernard rivas ross,c5947e46efa4a520|COE|NA|11,NA,NA,NA,NA,NA,NA,FALSE,FALSE
c5947e46efa4a520,Mexico 2023,COE,Mexico,2023,COE,NA,12,88,FINCA LA LOMITA,MARCELINO BARRUETA AVILES,Washed,"Typica , Caturra",TEMASCALTEPEC,https://allianceforcoffeeexcellence.org/mexico-2023/,FALSE,reported,Washed,Washed,Conventional,NA,reported process,12,12,finca la lomita,marcelino barrueta aviles,c5947e46efa4a520|COE|NA|12,NA,NA,NA,NA,NA,NA,FALSE,FALSE
c5947e46efa4a520,Mexico 2023,COE,Mexico,2023,COE,NA,13,87.97,LA GUADALUPE,ZOILO BARRAGAN CRUZ,Natural,Geisha,SAN JUAN LACHAO,https://allianceforcoffeeexcellence.org/mexico-2023/,FALSE,reported,Natural,Natural,Conventional,NA,reported process,13,13,la guadalupe,zoilo barragan cruz,c5947e46efa4a520|COE|NA|13,NA,NA,NA,NA,NA,NA,FALSE,FALSE
c5947e46efa4a520,Mexico 2023,COE,Mexico,2023,COE,NA,14,87.88,FINCA HUEHUETEPAN,MARIA DEL ROSARIO IRAIS VALDIVIA ORTIZ,Natural,Typica,COSAUTLAN DE CARVAJAL,https://allianceforcoffeeexcellence.org/mexico-2023/,FALSE,reported,Natural,Natural,Conventional,NA,reported process,14,14,finca huehuetepan,maria del rosario irais valdivia ortiz,c5947e46efa4a520|COE|NA|14,NA,NA,NA,NA,NA,NA,FALSE,FALSE
c5947e46efa4a520,Mexico 2023,COE,Mexico,2023,COE,NA,15,87.81,FINCA EL ESTRIBO,ADAN ALTAMIRANO DOMINGUEZ,Natural,"Bourbon, Geisha",ZONGOLICA,https://allianceforcoffeeexcellence.org/mexico-2023/,FALSE,reported,Natural,Natural,Conventional,NA,reported process,15,15,finca el estribo,adan altamirano dominguez,c5947e46efa4a520|COE|NA|15,NA,NA,NA,NA,NA,NA,FALSE,FALSE
c5947e46efa4a520,Mexico 2023,COE,Mexico,2023,COE,NA,16,87.81,FINCA EL IZOTE,CARLOS HUGO LOEZA SANCHEZ,Washed,"Marsellesa, Geisha , Bourbon",NAOLINCO,https://allianceforcoffeeexcellence.org/mexico-2023/,FALSE,reported,Washed,Washed,Conventional,NA,reported process,16,16,finca el izote,carlos hugo loeza sanchez,c5947e46efa4a520|COE|NA|16,NA,NA,NA,NA,NA,NA,FALSE,FALSE
c5947e46efa4a520,Mexico 2023,COE,Mexico,2023,COE,NA,17,87.41,FINCA TREBOLILLOS,ALEJANDRA MARTINEZ GAMA FERNANDEZ,Washed,Geisha,COATEPEC,https://allianceforcoffeeexcellence.org/mexico-2023/,FALSE,reported,Washed,Washed,Conventional,NA,reported process,17,17,finca trebolillos,alejandra martinez gama fernandez,c5947e46efa4a520|COE|NA|17,NA,NA,NA,NA,NA,NA,FALSE,FALSE
c5947e46efa4a520,Mexico 2023,COE,Mexico,2023,COE,NA,18,87.38,DINASTIA ALTAMIRANO,SAMUEL ALTAMIRANO JUAREZ,Honey,"Bourbon, Geisha",ZONGOLICA,https://allianceforcoffeeexcellence.org/mexico-2023/,FALSE,reported,Honey / pulped natural,Honey / pulped natural,Conventional,NA,reported process,18,18,dinastia altamirano,samuel altamirano juarez,c5947e46efa4a520|COE|NA|18,NA,NA,NA,NA,NA,NA,FALSE,FALSE
c5947e46efa4a520,Mexico 2023,COE,Mexico,2023,COE,NA,19,87.31,JADE,BERNARDINO LOPEZ RUIZ,Natural,Caturra,LAS MARGARITAS,https://allianceforcoffeeexcellence.org/mexico-2023/,FALSE,reported,Natural,Natural,Conventional,NA,reported process,19,19,jade,bernardino lopez ruiz,c5947e46efa4a520|COE|NA|19,NA,NA,NA,NA,NA,NA,FALSE,FALSE
c5947e46efa4a520,Mexico 2023,COE,Mexico,2023,COE,NA,2A,90.69,FINCA SANTA CRUZ,KARINA ARGUELLO ENRIQUEZ,Honey,Geisha,LA CONCORDIA,https://allianceforcoffeeexcellence.org/mexico-2023/,FALSE,reported,Honey / pulped natural,Honey / pulped natural,Conventional,NA,reported process,2A,2,finca santa cruz,karina arguello enriquez,c5947e46efa4a520|COE|NA|2,NA,NA,NA,NA,NA,NA,FALSE,FALSE
c5947e46efa4a520,Mexico 2023,COE,Mexico,2023,COE,NA,20,87.25,EL RIO,GEMA MAGALI POSADAS MANZANO,Washed,"Marsellesa, Typica",HUITZILAN DE SERDAN,https://allianceforcoffeeexcellence.org/mexico-2023/,FALSE,reported,Washed,Washed,Conventional,NA,reported process,20,20,el rio,gema magali posadas manzano,c5947e46efa4a520|COE|NA|20,NA,NA,NA,NA,NA,NA,FALSE,FALSE
c5947e46efa4a520,Mexico 2023,COE,Mexico,2023,COE,NA,21,87.25,FINCA CRUZ VERDE,GUILLERMO RIVAS DIAZ,Natural,Marsellesa,TOTUTLA,https://allianceforcoffeeexcellence.org/mexico-2023/,FALSE,reported,Natural,Natural,Conventional,NA,reported process,21,21,finca cruz verde,guillermo rivas diaz,c5947e46efa4a520|COE|NA|21,NA,NA,NA,NA,NA,NA,FALSE,FALSE
c5947e46efa4a520,Mexico 2023,COE,Mexico,2023,COE,NA,22,87.16,NARANJAL,DEMETRIO RONQUILLO BONILLA,Washed,"Garnica, Typica , Marsellesa",HUITZILAN DE SERDAN,https://allianceforcoffeeexcellence.org/mexico-2023/,FALSE,reported,Washed,Washed,Conventional,NA,reported process,22,22,naranjal,demetrio ronquillo bonilla,c5947e46efa4a520|COE|NA|22,NA,NA,NA,NA,NA,NA,FALSE,FALSE
c5947e46efa4a520,Mexico 2023,COE,Mexico,2023,COE,NA,23,87.16,SAN JUAN DEL VESUBIO,ELVIRA TREJO ESCOBAR,Washed,Obata,YAJALON,https://allianceforcoffeeexcellence.org/mexico-2023/,FALSE,reported,Washed,Washed,Conventional,NA,reported process,23,23,san juan del vesubio,elvira trejo escobar,c5947e46efa4a520|COE|NA|23,NA,NA,NA,NA,NA,NA,FALSE,FALSE
c5947e46efa4a520,Mexico 2023,COE,Mexico,2023,COE,NA,24,87.13,FINCA CONSOLAPAN,MARIA CRISTINA AVILA CAMBEROS,Washed,"Marsellesa, Typica , Caturra",COATEPEC,https://allianceforcoffeeexcellence.org/mexico-2023/,FALSE,reported,Washed,Washed,Conventional,NA,reported process,24,24,finca consolapan,maria cristina avila camberos,c5947e46efa4a520|COE|NA|24,NA,NA,NA,NA,NA,NA,FALSE,FALSE
c5947e46efa4a520,Mexico 2023,COE,Mexico,2023,COE,NA,25,87.09,FINCA CORAHE,RIGOBERTO CORDOVA ARROYO,Natural,"Caturra, Marsellesa, Obata",ZENTLA,https://allianceforcoffeeexcellence.org/mexico-2023/,FALSE,reported,Natural,Natural,Conventional,NA,reported process,25,25,finca corahe,rigoberto cordova arroyo,c5947e46efa4a520|COE|NA|25,NA,NA,NA,NA,NA,NA,FALSE,FALSE
c5947e46efa4a520,Mexico 2023,COE,Mexico,2023,COE,NA,26,87.06,EL POZO,ALEJANDRO GONZALEZ RONZON,Natural,"Typica , Costa Rica 95",COATEPEC,https://allianceforcoffeeexcellence.org/mexico-2023/,FALSE,reported,Natural,Natural,Conventional,NA,reported process,26,26,el pozo,alejandro gonzalez ronzon,c5947e46efa4a520|COE|NA|26,NA,NA,NA,NA,NA,NA,FALSE,FALSE
c5947e46efa4a520,Mexico 2023,COE,Mexico,2023,COE,NA,3A,90.25,FINCA POCITOS,JESUS CARLOS CADENA VALDIVIA,Natural,"Pacamara, Geisha",COSAUTLAN DE CARVAJAL,https://allianceforcoffeeexcellence.org/mexico-2023/,FALSE,reported,Natural,Natural,Conventional,NA,reported process,3A,3,finca pocitos,jesus carlos cadena valdivia,c5947e46efa4a520|COE|NA|3,NA,NA,NA,NA,NA,NA,FALSE,FALSE
c5947e46efa4a520,Mexico 2023,COE,Mexico,2023,COE,NA,4,89.91,LOS AGUACATES,AGUSTIN LOPEZ GUZMAN,Washed,"Caturra, Garnica, Bourbon",TENEJAPA,https://allianceforcoffeeexcellence.org/mexico-2023/,FALSE,reported,Washed,Washed,Conventional,NA,reported process,4,4,los aguacates,agustin lopez guzman,c5947e46efa4a520|COE|NA|4,NA,NA,NA,NA,NA,NA,FALSE,FALSE
c5947e46efa4a520,Mexico 2023,COE,Mexico,2023,COE,NA,5,89.5,FINCA EL MIRADOR,ALFREDO FERNANDO WOOLRICH RAMIREZ,Honey,Geisha,SANTOS REYES NOPALA,https://allianceforcoffeeexcellence.org/mexico-2023/,FALSE,reported,Honey / pulped natural,Honey / pulped natural,Conventional,NA,reported process,5,5,finca el mirador,alfredo fernando woolrich ramirez,c5947e46efa4a520|COE|NA|5,NA,NA,NA,NA,NA,NA,FALSE,FALSE
c5947e46efa4a520,Mexico 2023,COE,Mexico,2023,COE,NA,6,89.31,FINCA SINAI,DIEGO MANUEL WOOLRICH RAMIREZ,Washed,Geisha,SANTOS REYES NOPALA,https://allianceforcoffeeexcellence.org/mexico-2023/,FALSE,reported,Washed,Washed,Conventional,NA,reported process,6,6,finca sinai,diego manuel woolrich ramirez,c5947e46efa4a520|COE|NA|6,NA,NA,NA,NA,NA,NA,FALSE,FALSE
c5947e46efa4a520,Mexico 2023,COE,Mexico,2023,COE,NA,7,89.22,EL CUERVO,SILVIA CAROLINA HERRERA HERNANDEZ,Natural,Geisha,OCOZOCOAUTLA DE ESPINOSA,https://allianceforcoffeeexcellence.org/mexico-2023/,FALSE,reported,Natural,Natural,Conventional,NA,reported process,7,7,el cuervo,silvia carolina herrera hernandez,c5947e46efa4a520|COE|NA|7,NA,NA,NA,NA,NA,NA,FALSE,FALSE
c5947e46efa4a520,Mexico 2023,COE,Mexico,2023,COE,NA,8,89.13,ZAPOTITLA,JOSE JAVIER DEBERNARDI DELAVEQUIA,Natural,Geisha,TOTUTLA,https://allianceforcoffeeexcellence.org/mexico-2023/,FALSE,reported,Natural,Natural,Conventional,NA,reported process,8,8,zapotitla,jose javier debernardi delavequia,c5947e46efa4a520|COE|NA|8,NA,NA,NA,NA,NA,NA,FALSE,FALSE
c5947e46efa4a520,Mexico 2023,COE,Mexico,2023,COE,NA,9,88.41,ABAXOLOL,GILBERTO JOSE LUIS BARRENA NAJERA,Washed,Bourbon,COATEPEC,https://allianceforcoffeeexcellence.org/mexico-2023/,FALSE,reported,Washed,Washed,Conventional,NA,reported process,9,9,abaxolol,gilberto jose luis barrena najera,c5947e46efa4a520|COE|NA|9,NA,NA,NA,NA,NA,NA,FALSE,FALSE
2d66f52827193519,Mexico 2024,COE,Mexico,2024,COE,Traditional Washed Processes,1A,90.79,La Perla,Ernesto Perez Orea,Washed,Bourbon,Veracruz,https://allianceforcoffeeexcellence.org/mexico-2024/,FALSE,reported,Washed,Washed,Conventional,NA,reported process,1A,1,la perla,ernesto perez orea,2d66f52827193519|COE|Traditional Washed Processes|1,NA,NA,NA,NA,NA,NA,FALSE,FALSE
2d66f52827193519,Mexico 2024,COE,Mexico,2024,COE,Traditional Honey & Natural Processes,1A,91.13,Las Nieves,Gustavo Boltjes Rising,Natural,Geisha,Oaxaca,https://allianceforcoffeeexcellence.org/mexico-2024/,FALSE,reported,Natural,Natural,Conventional,NA,reported process,1A,1,las nieves,gustavo boltjes rising,2d66f52827193519|COE|Traditional Honey & Natural Processes|1,NA,NA,NA,NA,NA,NA,FALSE,FALSE
2d66f52827193519,Mexico 2024,COE,Mexico,2024,COE,Experimental,1A,90.66,Pocitos,Jesus Carlos Cadena Valdivia,Natural,Geisha,Veracruz,https://allianceforcoffeeexcellence.org/mexico-2024/,FALSE,reported,Experimental,Natural,Experimental,Experimental unspecified,reported process,1A,1,pocitos,jesus carlos cadena valdivia,2d66f52827193519|COE|Experimental|1,Natural | Experimental unspecified,2024,2024,FALSE,TRUE,FALSE,TRUE,FALSE
2d66f52827193519,Mexico 2024,COE,Mexico,2024,COE,Traditional Washed Processes,10,87.24,Sol y Lluvia,Froilan Gonzalez Roblero,Washed,"Marsellesa, Bourbon, Typica, Costa Rica",Chiapas,https://allianceforcoffeeexcellence.org/mexico-2024/,FALSE,reported,Washed,Washed,Conventional,NA,reported process,10,10,sol y lluvia,froilan gonzalez roblero,2d66f52827193519|COE|Traditional Washed Processes|10,NA,NA,NA,NA,NA,NA,FALSE,FALSE
2d66f52827193519,Mexico 2024,COE,Mexico,2024,COE,Traditional Honey & Natural Processes,10,87.68,Santoli,Hilder Eugenio Lara Hernandez,Honey,Anacafe 14,Veracruz,https://allianceforcoffeeexcellence.org/mexico-2024/,FALSE,reported,Honey / pulped natural,Honey / pulped natural,Conventional,NA,reported process,10,10,santoli,hilder eugenio lara hernandez,2d66f52827193519|COE|Traditional Honey & Natural Processes|10,NA,NA,NA,NA,NA,NA,FALSE,FALSE
2d66f52827193519,Mexico 2024,COE,Mexico,2024,COE,Experimental,10,87.71,Huehuetepan,María Del Rosario Irais Valdivia Ortíz,Natural,Typica,Veracruz,https://allianceforcoffeeexcellence.org/mexico-2024/,FALSE,reported,Experimental,Natural,Experimental,Experimental unspecified,reported process,10,10,huehuetepan,maria del rosario irais valdivia ortiz,2d66f52827193519|COE|Experimental|10,Natural | Experimental unspecified,2024,2024,FALSE,TRUE,FALSE,TRUE,FALSE
2d66f52827193519,Mexico 2024,COE,Mexico,2024,COE,Traditional Washed Processes,2,90.63,Monokiemo,Roque Sanchez Cruz,Washed,"Marsellesa, Costa Rica",Chiapas,https://allianceforcoffeeexcellence.org/mexico-2024/,FALSE,reported,Washed,Washed,Conventional,NA,reported process,2,2,monokiemo,roque sanchez cruz,2d66f52827193519|COE|Traditional Washed Processes|2,NA,NA,NA,NA,NA,NA,FALSE,FALSE
2d66f52827193519,Mexico 2024,COE,Mexico,2024,COE,Traditional Honey & Natural Processes,2,90.53,Santa Cruz,Cruz José Argüello Enríquez,Natural,Geisha,Chiapas,https://allianceforcoffeeexcellence.org/mexico-2024/,FALSE,reported,Natural,Natural,Conventional,NA,reported process,2,2,santa cruz,cruz jose arguello enriquez,2d66f52827193519|COE|Traditional Honey & Natural Processes|2,NA,NA,NA,NA,NA,NA,FALSE,FALSE
2d66f52827193519,Mexico 2024,COE,Mexico,2024,COE,Experimental,2,90.32,La Gruta,Edgar Jonatan Olarte Romero,Honey,Caturra  y catuai,Puebla,https://allianceforcoffeeexcellence.org/mexico-2024/,FALSE,reported,Experimental,Honey / pulped natural,Experimental,Experimental unspecified,reported process,2,2,la gruta,edgar jonatan olarte romero,2d66f52827193519|COE|Experimental|2,Honey / pulped natural | Experimental unspecified,2024,2024,FALSE,TRUE,FALSE,TRUE,FALSE
2d66f52827193519,Mexico 2024,COE,Mexico,2024,COE,Traditional Washed Processes,3,89.58,Palma,Felix Morales Ixtla,Washed,Geisha,Veracruz,https://allianceforcoffeeexcellence.org/mexico-2024/,FALSE,reported,Washed,Washed,Conventional,NA,reported process,3,3,palma,felix morales ixtla,2d66f52827193519|COE|Traditional Washed Processes|3,NA,NA,NA,NA,NA,NA,FALSE,FALSE
2d66f52827193519,Mexico 2024,COE,Mexico,2024,COE,Traditional Honey & Natural Processes,3,90.16,Santa Cruz,Karina Argüello Enríquez,Honey,Geisha,Chiapas,https://allianceforcoffeeexcellence.org/mexico-2024/,FALSE,reported,Honey / pulped natural,Honey / pulped natural,Conventional,NA,reported process,3,3,santa cruz,karina arguello enriquez,2d66f52827193519|COE|Traditional Honey & Natural Processes|3,NA,NA,NA,NA,NA,NA,FALSE,FALSE
2d66f52827193519,Mexico 2024,COE,Mexico,2024,COE,Experimental,3,90.26,Las Barrancas,Osiel Cortes Aco,Washed,Marsellesa,Puebla,https://allianceforcoffeeexcellence.org/mexico-2024/,FALSE,reported,Experimental,Washed,Experimental,Experimental unspecified,reported process,3,3,las barrancas,osiel cortes aco,2d66f52827193519|COE|Experimental|3,Washed | Experimental unspecified,2024,2024,FALSE,TRUE,FALSE,TRUE,FALSE
2d66f52827193519,Mexico 2024,COE,Mexico,2024,COE,Traditional Washed Processes,4,89.03,Peña Blanca,Adelina Escalante Flores,Washed,Marsellesa,Chiapas,https://allianceforcoffeeexcellence.org/mexico-2024/,FALSE,reported,Washed,Washed,Conventional,NA,reported process,4,4,pena blanca,adelina escalante flores,2d66f52827193519|COE|Traditional Washed Processes|4,NA,NA,NA,NA,NA,NA,FALSE,FALSE
2d66f52827193519,Mexico 2024,COE,Mexico,2024,COE,Traditional Honey & Natural Processes,4,89.66,Xilontla,Carlos Alberto Cadena Pale,Natural,Geisha,Veracruz,https://allianceforcoffeeexcellence.org/mexico-2024/,FALSE,reported,Natural,Natural,Conventional,NA,reported process,4,4,xilontla,carlos alberto cadena pale,2d66f52827193519|COE|Traditional Honey & Natural Processes|4,NA,NA,NA,NA,NA,NA,FALSE,FALSE
2d66f52827193519,Mexico 2024,COE,Mexico,2024,COE,Experimental,4,89.82,Sinai,Diego Manuel Woolrich Ramirez,Washed,Geisha,Oaxaca,https://allianceforcoffeeexcellence.org/mexico-2024/,FALSE,reported,Experimental,Washed,Experimental,Experimental unspecified,reported process,4,4,sinai,diego manuel woolrich ramirez,2d66f52827193519|COE|Experimental|4,Washed | Experimental unspecified,2024,2024,FALSE,TRUE,FALSE,TRUE,FALSE
2d66f52827193519,Mexico 2024,COE,Mexico,2024,COE,Traditional Washed Processes,5,88.63,Ocoteno,Miguel Ronquillo Aco,Washed,Marsellesa,Puebla,https://allianceforcoffeeexcellence.org/mexico-2024/,FALSE,reported,Washed,Washed,Conventional,NA,reported process,5,5,ocoteno,miguel ronquillo aco,2d66f52827193519|COE|Traditional Washed Processes|5,NA,NA,NA,NA,NA,NA,FALSE,FALSE
2d66f52827193519,Mexico 2024,COE,Mexico,2024,COE,Traditional Honey & Natural Processes,5,89,Sinai,Alfredo Fernando Woolrich Ramirez,Honey,Geisha,Oaxaca,https://allianceforcoffeeexcellence.org/mexico-2024/,FALSE,reported,Honey / pulped natural,Honey / pulped natural,Conventional,NA,reported process,5,5,sinai,alfredo fernando woolrich ramirez,2d66f52827193519|COE|Traditional Honey & Natural Processes|5,NA,NA,NA,NA,NA,NA,FALSE,FALSE
2d66f52827193519,Mexico 2024,COE,Mexico,2024,COE,Experimental,5,88.53,Trebolillos,☘️ Alejandra Martínez Gama Fernández,Washed,Geisha,Veracruz,https://allianceforcoffeeexcellence.org/mexico-2024/,FALSE,reported,Experimental,Washed,Experimental,Experimental unspecified,reported process,5,5,trebolillos,alejandra martinez gama fernandez,2d66f52827193519|COE|Experimental|5,Washed | Experimental unspecified,2024,2024,FALSE,TRUE,FALSE,TRUE,FALSE
2d66f52827193519,Mexico 2024,COE,Mexico,2024,COE,Traditional Washed Processes,6,87.61,Tapula,[w]  Martina Luna Gaona,Washed,Marsellesa,Puebla,https://allianceforcoffeeexcellence.org/mexico-2024/,FALSE,reported,Washed,Washed,Conventional,NA,reported process,6,6,tapula,w martina luna gaona,2d66f52827193519|COE|Traditional Washed Processes|6,NA,NA,NA,NA,NA,NA,FALSE,FALSE
2d66f52827193519,Mexico 2024,COE,Mexico,2024,COE,Traditional Honey & Natural Processes,6,88.39,Paso Viejo,Samuel Ponce Garcia,Natural,Marsellesa,Puebla,https://allianceforcoffeeexcellence.org/mexico-2024/,FALSE,reported,Natural,Natural,Conventional,NA,reported process,6,6,paso viejo,samuel ponce garcia,2d66f52827193519|COE|Traditional Honey & Natural Processes|6,NA,NA,NA,NA,NA,NA,FALSE,FALSE
2d66f52827193519,Mexico 2024,COE,Mexico,2024,COE,Experimental,6,88.08,Zacatlami,Miguel Castelán Valdés,Natural,"Anacafe ,caturra",Veracruz,https://allianceforcoffeeexcellence.org/mexico-2024/,FALSE,reported,Experimental,Natural,Experimental,Experimental unspecified,reported process,6,6,zacatlami,miguel castelan valdes,2d66f52827193519|COE|Experimental|6,Natural | Experimental unspecified,2024,2024,FALSE,TRUE,FALSE,TRUE,FALSE
2d66f52827193519,Mexico 2024,COE,Mexico,2024,COE,Traditional Washed Processes,7,87.58,Ahuateno,Abel Manzano Luna,Washed,"Obata , Garnica",Puebla,https://allianceforcoffeeexcellence.org/mexico-2024/,FALSE,reported,Washed,Washed,Conventional,NA,reported process,7,7,ahuateno,abel manzano luna,2d66f52827193519|COE|Traditional Washed Processes|7,NA,NA,NA,NA,NA,NA,FALSE,FALSE
2d66f52827193519,Mexico 2024,COE,Mexico,2024,COE,Traditional Honey & Natural Processes,7,88.32,Los Chuchos,Jesus Alfredo Meza Garcia,Honey,Sarchimor,Veracruz,https://allianceforcoffeeexcellence.org/mexico-2024/,FALSE,reported,Honey / pulped natural,Honey / pulped natural,Conventional,NA,reported process,7,7,los chuchos,jesus alfredo meza garcia,2d66f52827193519|COE|Traditional Honey & Natural Processes|7,NA,NA,NA,NA,NA,NA,FALSE,FALSE
2d66f52827193519,Mexico 2024,COE,Mexico,2024,COE,Experimental,7,87.89,Apipias,Mario Alberto Aco Gómez,Washed,Marsellesa,Puebla,https://allianceforcoffeeexcellence.org/mexico-2024/,FALSE,reported,Experimental,Washed,Experimental,Experimental unspecified,reported process,7,7,apipias,mario alberto aco gomez,2d66f52827193519|COE|Experimental|7,Washed | Experimental unspecified,2024,2024,FALSE,TRUE,FALSE,TRUE,FALSE
2d66f52827193519,Mexico 2024,COE,Mexico,2024,COE,Traditional Washed Processes,8,87.58,El Izote,Carlos Hugo  Loeza Sanchez,Washed,"Marsellesa,  Bourbon Geisha",Veracruz,https://allianceforcoffeeexcellence.org/mexico-2024/,FALSE,reported,Washed,Washed,Conventional,NA,reported process,8,8,el izote,carlos hugo loeza sanchez,2d66f52827193519|COE|Traditional Washed Processes|8,NA,NA,NA,NA,NA,NA,FALSE,FALSE
2d66f52827193519,Mexico 2024,COE,Mexico,2024,COE,Traditional Honey & Natural Processes,8,88.08,Rancho Viejo,Marco Antonio Zilli Morales,Honey,Anacafe 14,Veracruz,https://allianceforcoffeeexcellence.org/mexico-2024/,FALSE,reported,Honey / pulped natural,Honey / pulped natural,Conventional,NA,reported process,8,8,rancho viejo,marco antonio zilli morales,2d66f52827193519|COE|Traditional Honey & Natural Processes|8,NA,NA,NA,NA,NA,NA,FALSE,FALSE
2d66f52827193519,Mexico 2024,COE,Mexico,2024,COE,Experimental,8,87.87,Las Delicias,Josefina Lopez Ruiz,Natural,Pache,Chiapas,https://allianceforcoffeeexcellence.org/mexico-2024/,FALSE,reported,Experimental,Natural,Experimental,Experimental unspecified,reported process,8,8,las delicias,josefina lopez ruiz,2d66f52827193519|COE|Experimental|8,Natural | Experimental unspecified,2024,2024,FALSE,TRUE,FALSE,TRUE,FALSE
2d66f52827193519,Mexico 2024,COE,Mexico,2024,COE,Traditional Washed Processes,9,87.26,Los Pinos,☘️ [w]  Julia Ortega Carballo,Washed,"Oro Azteca , Costarica 95,  Anacafe 14.",Puebla,https://allianceforcoffeeexcellence.org/mexico-2024/,FALSE,reported,Washed,Washed,Conventional,NA,reported process,9,9,los pinos,w julia ortega carballo,2d66f52827193519|COE|Traditional Washed Processes|9,NA,NA,NA,NA,NA,NA,FALSE,FALSE
2d66f52827193519,Mexico 2024,COE,Mexico,2024,COE,Traditional Honey & Natural Processes,9,87.97,Rancho El Separo,Senén  Sampieri Bulbarela,Honey,Marsellesa,Veracruz,https://allianceforcoffeeexcellence.org/mexico-2024/,FALSE,reported,Honey / pulped natural,Honey / pulped natural,Conventional,NA,reported process,9,9,rancho el separo,senen sampieri bulbarela,2d66f52827193519|COE|Traditional Honey & Natural Processes|9,NA,NA,NA,NA,NA,NA,FALSE,FALSE
2d66f52827193519,Mexico 2024,COE,Mexico,2024,COE,Experimental,9,87.74,El Río,[w]  Gema Magali  Posadas Manzano,Washed,Tipyca y Marsellesa,Puebla,https://allianceforcoffeeexcellence.org/mexico-2024/,FALSE,reported,Experimental,Washed,Experimental,Experimental unspecified,reported process,9,9,el rio,w gema magali posadas manzano,2d66f52827193519|COE|Experimental|9,Washed | Experimental unspecified,2024,2024,FALSE,TRUE,FALSE,TRUE,FALSE
e79330b9e90b09dc,Mexico 2025,COE,Mexico,2025,COE,Traditional Washed Processes,1A,91.36,Finca Santa Cruz,Cruz Jose Arguello Miceli,Washed,Geisha,Chiapas,https://allianceforcoffeeexcellence.org/mexico-2025/,FALSE,reported,Washed,Washed,Conventional,NA,reported process,1A,1,finca santa cruz,cruz jose arguello miceli,e79330b9e90b09dc|COE|Traditional Washed Processes|1,NA,NA,NA,NA,NA,NA,FALSE,FALSE
e79330b9e90b09dc,Mexico 2025,COE,Mexico,2025,COE,Traditional Honey & Natural Processes,1A,90.83,Finca Santa Cruz,Cruz Jose Arguello Enriquez,Natural,Geisha,Chiapas,https://allianceforcoffeeexcellence.org/mexico-2025/,FALSE,reported,Natural,Natural,Conventional,NA,reported process,1A,1,finca santa cruz,cruz jose arguello enriquez,e79330b9e90b09dc|COE|Traditional Honey & Natural Processes|1,NA,NA,NA,NA,NA,NA,FALSE,FALSE
e79330b9e90b09dc,Mexico 2025,COE,Mexico,2025,COE,Experimental,1A,89.78,La Palma,Rubiel Lopez Estrada,Experimental,Geisha,Veracruz,https://allianceforcoffeeexcellence.org/mexico-2025/,FALSE,reported,Experimental,Not reported,Experimental,Experimental unspecified,reported process,1A,1,la palma,rubiel lopez estrada,e79330b9e90b09dc|COE|Experimental|1,Not reported | Experimental unspecified,2025,2025,FALSE,TRUE,FALSE,TRUE,FALSE
e79330b9e90b09dc,Mexico 2025,COE,Mexico,2025,COE,Traditional Washed Processes,10,87.36,Rancho El Separo,Monika Frankenberger Martorell,Washed,Anacafé 14,Veracruz,https://allianceforcoffeeexcellence.org/mexico-2025/,FALSE,reported,Washed,Washed,Conventional,NA,reported process,10,10,rancho el separo,monika frankenberger martorell,e79330b9e90b09dc|COE|Traditional Washed Processes|10,NA,NA,NA,NA,NA,NA,FALSE,FALSE
e79330b9e90b09dc,Mexico 2025,COE,Mexico,2025,COE,Traditional Honey & Natural Processes,10,87.44,Rancho El Separo,Senén Sampieri Bulbarela,Honey,"Anacafé 14, Marsellesa",Veracruz,https://allianceforcoffeeexcellence.org/mexico-2025/,FALSE,reported,Honey / pulped natural,Honey / pulped natural,Conventional,NA,reported process,10,10,rancho el separo,senen sampieri bulbarela,e79330b9e90b09dc|COE|Traditional Honey & Natural Processes|10,NA,NA,NA,NA,NA,NA,FALSE,FALSE
e79330b9e90b09dc,Mexico 2025,COE,Mexico,2025,COE,Traditional Honey & Natural Processes,11,87.19,Finca Alina,Michael De Anda Baur,Natural,Geisha,Veracruz,https://allianceforcoffeeexcellence.org/mexico-2025/,FALSE,reported,Natural,Natural,Conventional,NA,reported process,11,11,finca alina,michael de anda baur,e79330b9e90b09dc|COE|Traditional Honey & Natural Processes|11,NA,NA,NA,NA,NA,NA,FALSE,FALSE
e79330b9e90b09dc,Mexico 2025,COE,Mexico,2025,COE,Traditional Washed Processes,2,90.58,Finca Don Gustavo,Rafael Tapia Alvarado,Washed,"Marsellesa , Ana Cafe 14",Veracruz,https://allianceforcoffeeexcellence.org/mexico-2025/,FALSE,reported,Washed,Washed,Conventional,NA,reported process,2,2,finca don gustavo,rafael tapia alvarado,e79330b9e90b09dc|COE|Traditional Washed Processes|2,NA,NA,NA,NA,NA,NA,FALSE,FALSE
e79330b9e90b09dc,Mexico 2025,COE,Mexico,2025,COE,Traditional Honey & Natural Processes,2,90.75,El Ocote,Helina Tress Marini,Honey,Geisha,Veracruz,https://allianceforcoffeeexcellence.org/mexico-2025/,FALSE,reported,Honey / pulped natural,Honey / pulped natural,Conventional,NA,reported process,2,2,el ocote,helina tress marini,e79330b9e90b09dc|COE|Traditional Honey & Natural Processes|2,NA,NA,NA,NA,NA,NA,FALSE,FALSE
e79330b9e90b09dc,Mexico 2025,COE,Mexico,2025,COE,Experimental,2,89.39,El Río,Gema Magali Posadas Manzano,Experimental,Typica  Y Marsella,Puebla,https://allianceforcoffeeexcellence.org/mexico-2025/,FALSE,reported,Experimental,Not reported,Experimental,Experimental unspecified,reported process,2,2,el rio,gema magali posadas manzano,e79330b9e90b09dc|COE|Experimental|2,Not reported | Experimental unspecified,2025,2025,FALSE,TRUE,FALSE,TRUE,FALSE
e79330b9e90b09dc,Mexico 2025,COE,Mexico,2025,COE,Traditional Washed Processes,3,89.36,Los Manantiales,Aaron Cortes López,Washed,Marsellesa,Puebla,https://allianceforcoffeeexcellence.org/mexico-2025/,FALSE,reported,Washed,Washed,Conventional,NA,reported process,3,3,los manantiales,aaron cortes lopez,e79330b9e90b09dc|COE|Traditional Washed Processes|3,NA,NA,NA,NA,NA,NA,FALSE,FALSE
e79330b9e90b09dc,Mexico 2025,COE,Mexico,2025,COE,Traditional Honey & Natural Processes,3,89,Finca La Luz,Alvaro Fadanelli Sandoval,Honey,Geisha,Veracruz,https://allianceforcoffeeexcellence.org/mexico-2025/,FALSE,reported,Honey / pulped natural,Honey / pulped natural,Conventional,NA,reported process,3,3,finca la luz,alvaro fadanelli sandoval,e79330b9e90b09dc|COE|Traditional Honey & Natural Processes|3,NA,NA,NA,NA,NA,NA,FALSE,FALSE
e79330b9e90b09dc,Mexico 2025,COE,Mexico,2025,COE,Experimental,3,88.94,Pocitos,Jesus Carlos Cadena Valdivia,Experimental,Geisha,Veracruz,https://allianceforcoffeeexcellence.org/mexico-2025/,FALSE,reported,Experimental,Not reported,Experimental,Experimental unspecified,reported process,3,3,pocitos,jesus carlos cadena valdivia,e79330b9e90b09dc|COE|Experimental|3,Not reported | Experimental unspecified,2025,2025,FALSE,TRUE,FALSE,TRUE,FALSE
e79330b9e90b09dc,Mexico 2025,COE,Mexico,2025,COE,Traditional Washed Processes,4,88.11,Finca Ocoxotla,Gustavo Adolfo Tapia Vazquez,Washed,"Marsellesa, Anacafe 14",Veracruz,https://allianceforcoffeeexcellence.org/mexico-2025/,FALSE,reported,Washed,Washed,Conventional,NA,reported process,4,4,finca ocoxotla,gustavo adolfo tapia vazquez,e79330b9e90b09dc|COE|Traditional Washed Processes|4,NA,NA,NA,NA,NA,NA,FALSE,FALSE
e79330b9e90b09dc,Mexico 2025,COE,Mexico,2025,COE,Traditional Honey & Natural Processes,4,87.92,Huehuetepan,Maria Del Rosario Irais Valdivia Ortiz,Natural,Geisha,Veracruz,https://allianceforcoffeeexcellence.org/mexico-2025/,FALSE,reported,Natural,Natural,Conventional,NA,reported process,4,4,huehuetepan,maria del rosario irais valdivia ortiz,e79330b9e90b09dc|COE|Traditional Honey & Natural Processes|4,NA,NA,NA,NA,NA,NA,FALSE,FALSE
e79330b9e90b09dc,Mexico 2025,COE,Mexico,2025,COE,Experimental,4,87.97,Xilontla,Carlos Alberto Cadena Pale,Experimental,"Pacamara, Geisha",Veracruz,https://allianceforcoffeeexcellence.org/mexico-2025/,FALSE,reported,Experimental,Not reported,Experimental,Experimental unspecified,reported process,4,4,xilontla,carlos alberto cadena pale,e79330b9e90b09dc|COE|Experimental|4,Not reported | Experimental unspecified,2025,2025,FALSE,TRUE,FALSE,TRUE,FALSE
e79330b9e90b09dc,Mexico 2025,COE,Mexico,2025,COE,Traditional Washed Processes,5,88.03,Finca Fátima,Givette Pérez Orea,Washed,Geisha,Veracruz,https://allianceforcoffeeexcellence.org/mexico-2025/,FALSE,reported,Washed,Washed,Conventional,NA,reported process,5,5,finca fatima,givette perez orea,e79330b9e90b09dc|COE|Traditional Washed Processes|5,NA,NA,NA,NA,NA,NA,FALSE,FALSE
e79330b9e90b09dc,Mexico 2025,COE,Mexico,2025,COE,Traditional Honey & Natural Processes,5,87.78,Finca Del Alba,Edzon Jesús Meza Lopez,Honey,Salchimor,Veracruz,https://allianceforcoffeeexcellence.org/mexico-2025/,FALSE,reported,Honey / pulped natural,Honey / pulped natural,Conventional,NA,reported process,5,5,finca del alba,edzon jesus meza lopez,e79330b9e90b09dc|COE|Traditional Honey & Natural Processes|5,NA,NA,NA,NA,NA,NA,FALSE,FALSE
e79330b9e90b09dc,Mexico 2025,COE,Mexico,2025,COE,Experimental,5,87.78,La Bendición,Julian Grajales Zilli,Experimental,"Ana Café 14 , Gesha Y Obata",Veracruz,https://allianceforcoffeeexcellence.org/mexico-2025/,FALSE,reported,Experimental,Not reported,Experimental,Experimental unspecified,reported process,5,5,la bendicion,julian grajales zilli,e79330b9e90b09dc|COE|Experimental|5,Not reported | Experimental unspecified,2025,2025,FALSE,TRUE,FALSE,TRUE,FALSE
e79330b9e90b09dc,Mexico 2025,COE,Mexico,2025,COE,Traditional Washed Processes,6,87.94,Momuquiemo,Roque Sánchez Cruz,Washed,"Marsellesa, Costa Rica",Chiapas,https://allianceforcoffeeexcellence.org/mexico-2025/,FALSE,reported,Washed,Washed,Conventional,NA,reported process,6,6,momuquiemo,roque sanchez cruz,e79330b9e90b09dc|COE|Traditional Washed Processes|6,NA,NA,NA,NA,NA,NA,FALSE,FALSE
e79330b9e90b09dc,Mexico 2025,COE,Mexico,2025,COE,Traditional Honey & Natural Processes,6,87.72,Zapotitla,Jose Javier Debernardi Delavequia,Natural,Geisha,Veracruz,https://allianceforcoffeeexcellence.org/mexico-2025/,FALSE,reported,Natural,Natural,Conventional,NA,reported process,6,6,zapotitla,jose javier debernardi delavequia,e79330b9e90b09dc|COE|Traditional Honey & Natural Processes|6,NA,NA,NA,NA,NA,NA,FALSE,FALSE
e79330b9e90b09dc,Mexico 2025,COE,Mexico,2025,COE,Experimental,6,87.75,Tierra Amarilla,Heladio Garcia España/Flor Eva Pérez Cueva,Experimental,"Bourbon , Typica",Oaxaca,https://allianceforcoffeeexcellence.org/mexico-2025/,FALSE,reported,Experimental,Not reported,Experimental,Experimental unspecified,reported process,6,6,tierra amarilla,heladio garcia espana flor eva perez cueva,e79330b9e90b09dc|COE|Experimental|6,Not reported | Experimental unspecified,2025,2025,FALSE,TRUE,FALSE,TRUE,FALSE
e79330b9e90b09dc,Mexico 2025,COE,Mexico,2025,COE,Traditional Washed Processes,7,87.56,San José,Alejandro Martinez Anaya,Washed,Anacafe,Veracruz,https://allianceforcoffeeexcellence.org/mexico-2025/,FALSE,reported,Washed,Washed,Conventional,NA,reported process,7,7,san jose,alejandro martinez anaya,e79330b9e90b09dc|COE|Traditional Washed Processes|7,NA,NA,NA,NA,NA,NA,FALSE,FALSE
e79330b9e90b09dc,Mexico 2025,COE,Mexico,2025,COE,Traditional Honey & Natural Processes,7,87.61,Xilontla,Carlos Alberto Cadena Pale,Natural,Geisha,Veracruz,https://allianceforcoffeeexcellence.org/mexico-2025/,FALSE,reported,Natural,Natural,Conventional,NA,reported process,7,7,xilontla,carlos alberto cadena pale,e79330b9e90b09dc|COE|Traditional Honey & Natural Processes|7,NA,NA,NA,NA,NA,NA,FALSE,FALSE
e79330b9e90b09dc,Mexico 2025,COE,Mexico,2025,COE,Experimental,7,87.44,Finca Trebolillos,Alejandra Martínez Gama,Experimental,Geisha,Veracruz,https://allianceforcoffeeexcellence.org/mexico-2025/,FALSE,reported,Experimental,Not reported,Experimental,Experimental unspecified,reported process,7,7,finca trebolillos,alejandra martinez gama,e79330b9e90b09dc|COE|Experimental|7,Not reported | Experimental unspecified,2025,2025,FALSE,TRUE,FALSE,TRUE,FALSE
e79330b9e90b09dc,Mexico 2025,COE,Mexico,2025,COE,Traditional Washed Processes,8,87.56,Finca La Lomita,Marcelino Barrueta Aviles,Washed,"Typica , Caturra",Estado De México,https://allianceforcoffeeexcellence.org/mexico-2025/,FALSE,reported,Washed,Washed,Conventional,NA,reported process,8,8,finca la lomita,marcelino barrueta aviles,e79330b9e90b09dc|COE|Traditional Washed Processes|8,NA,NA,NA,NA,NA,NA,FALSE,FALSE
e79330b9e90b09dc,Mexico 2025,COE,Mexico,2025,COE,Traditional Honey & Natural Processes,8,87.58,Rancho Viejo – Kohmar,Bernardo Zilli Cessa,Honey,Anacafe 14,Veracruz,https://allianceforcoffeeexcellence.org/mexico-2025/,FALSE,reported,Honey / pulped natural,Honey / pulped natural,Conventional,NA,reported process,8,8,rancho viejo kohmar,bernardo zilli cessa,e79330b9e90b09dc|COE|Traditional Honey & Natural Processes|8,NA,NA,NA,NA,NA,NA,FALSE,FALSE
e79330b9e90b09dc,Mexico 2025,COE,Mexico,2025,COE,Experimental,8,87.11,Regina,Doris Teresita Escamilla Romero,Experimental,Gesha Y Obata,Veracruz,https://allianceforcoffeeexcellence.org/mexico-2025/,FALSE,reported,Experimental,Not reported,Experimental,Experimental unspecified,reported process,8,8,regina,doris teresita escamilla romero,e79330b9e90b09dc|COE|Experimental|8,Not reported | Experimental unspecified,2025,2025,FALSE,TRUE,FALSE,TRUE,FALSE
e79330b9e90b09dc,Mexico 2025,COE,Mexico,2025,COE,Traditional Washed Processes,9,87.47,Finca El Izote,Carlos Hugo Loeza Sánchez,Washed,"Marsellesa, Geisha, Bourbon",Veracruz,https://allianceforcoffeeexcellence.org/mexico-2025/,FALSE,reported,Washed,Washed,Conventional,NA,reported process,9,9,finca el izote,carlos hugo loeza sanchez,e79330b9e90b09dc|COE|Traditional Washed Processes|9,NA,NA,NA,NA,NA,NA,FALSE,FALSE
e79330b9e90b09dc,Mexico 2025,COE,Mexico,2025,COE,Traditional Honey & Natural Processes,9,87.56,Zacatlami,Rafael Castelan Gasperin,Honey,Geisha,Veracruz,https://allianceforcoffeeexcellence.org/mexico-2025/,FALSE,reported,Honey / pulped natural,Honey / pulped natural,Conventional,NA,reported process,9,9,zacatlami,rafael castelan gasperin,e79330b9e90b09dc|COE|Traditional Honey & Natural Processes|9,NA,NA,NA,NA,NA,NA,FALSE,FALSE
e79330b9e90b09dc,Mexico 2025,COE,Mexico,2025,COE,Experimental,9,87,Finca Corahe,Marco Antonio Cordova Arroyo,Experimental,Geisha,Veracruz,https://allianceforcoffeeexcellence.org/mexico-2025/,FALSE,reported,Experimental,Not reported,Experimental,Experimental unspecified,reported process,9,9,finca corahe,marco antonio cordova arroyo,e79330b9e90b09dc|COE|Experimental|9,Not reported | Experimental unspecified,2025,2025,FALSE,TRUE,FALSE,TRUE,FALSE
7f40430980f0b5e6,2018,COE,Nicaragua,2018,COE,NA,1a,91.8,Finca La Bendicion,Luis Alberto Balladares Moncada,Natural,Red Pacamara,Nueva Segovia,https://allianceforcoffeeexcellence.org/nicaragua-2018/,FALSE,reported,Natural,Natural,Conventional,NA,reported process,1A,1,finca la bendicion,luis alberto balladares moncada,7f40430980f0b5e6|COE|NA|1,NA,NA,NA,NA,NA,NA,FALSE,FALSE
7f40430980f0b5e6,2018,COE,Nicaragua,2018,COE,NA,10,88.67,Los Angeles,Heberto De Jesus Rivas,Washed,Catimor,Madriz,https://allianceforcoffeeexcellence.org/nicaragua-2018/,FALSE,reported,Washed,Washed,Conventional,NA,reported process,10,10,los angeles,heberto de jesus rivas,7f40430980f0b5e6|COE|NA|10,NA,NA,NA,NA,NA,NA,FALSE,FALSE
7f40430980f0b5e6,2018,COE,Nicaragua,2018,COE,NA,11,88.67,San Judas Estate,Jorge Luis Ferrey Machado,Natural,Hybrid,Matagalpa,https://allianceforcoffeeexcellence.org/nicaragua-2018/,FALSE,reported,Natural,Natural,Conventional,NA,reported process,11,11,san judas estate,jorge luis ferrey machado,7f40430980f0b5e6|COE|NA|11,NA,NA,NA,NA,NA,NA,FALSE,FALSE
7f40430980f0b5e6,2018,COE,Nicaragua,2018,COE,NA,12,88.59,Las Nubes,Victor Manuel Robelo,Natural,Red Pacamara,Matagalpa,https://allianceforcoffeeexcellence.org/nicaragua-2018/,FALSE,reported,Natural,Natural,Conventional,NA,reported process,12,12,las nubes,victor manuel robelo,7f40430980f0b5e6|COE|NA|12,NA,NA,NA,NA,NA,NA,FALSE,FALSE
7f40430980f0b5e6,2018,COE,Nicaragua,2018,COE,NA,13,88.53,La Divina Provindencia,Misael Sauceda Olivera,Washed,Maragogype,Nueva Segovia,https://allianceforcoffeeexcellence.org/nicaragua-2018/,FALSE,reported,Washed,Washed,Conventional,NA,reported process,13,13,la divina provindencia,misael sauceda olivera,7f40430980f0b5e6|COE|NA|13,NA,NA,NA,NA,NA,NA,FALSE,FALSE
7f40430980f0b5e6,2018,COE,Nicaragua,2018,COE,NA,14,88.53,El Recuerdo,José Javier Gonzáles Lopez,Washed,Catuaí Rojo,Nueva Segovia,https://allianceforcoffeeexcellence.org/nicaragua-2018/,FALSE,reported,Washed,Washed,Conventional,NA,reported process,14,14,el recuerdo,jose javier gonzales lopez,7f40430980f0b5e6|COE|NA|14,NA,NA,NA,NA,NA,NA,FALSE,FALSE
7f40430980f0b5e6,2018,COE,Nicaragua,2018,COE,NA,15,88.44,El Recreo Estate,Leana José Machado De Ferrey,Natural,Parainema,Jinotega,https://allianceforcoffeeexcellence.org/nicaragua-2018/,FALSE,reported,Natural,Natural,Conventional,NA,reported process,15,15,el recreo estate,leana jose machado de ferrey,7f40430980f0b5e6|COE|NA|15,NA,NA,NA,NA,NA,NA,FALSE,FALSE
7f40430980f0b5e6,2018,COE,Nicaragua,2018,COE,NA,16,88.42,La Ampliación,Guillermo Montenegro Ayestas,Washed,Red Caturra,Nueva Segovia,https://allianceforcoffeeexcellence.org/nicaragua-2018/,FALSE,reported,Washed,Washed,Conventional,NA,reported process,16,16,la ampliacion,guillermo montenegro ayestas,7f40430980f0b5e6|COE|NA|16,NA,NA,NA,NA,NA,NA,FALSE,FALSE
7f40430980f0b5e6,2018,COE,Nicaragua,2018,COE,NA,17,88.41,El Destino,Erwin Obel Duartes Garcia,Washed,Maracaturra,Jinotega,https://allianceforcoffeeexcellence.org/nicaragua-2018/,FALSE,reported,Washed,Washed,Conventional,NA,reported process,17,17,el destino,erwin obel duartes garcia,7f40430980f0b5e6|COE|NA|17,NA,NA,NA,NA,NA,NA,FALSE,FALSE
7f40430980f0b5e6,2018,COE,Nicaragua,2018,COE,NA,18,88.38,La Bastilla,Juana Rosa Gutierrez Morales,Washed,Red Caturra,Jinotega,https://allianceforcoffeeexcellence.org/nicaragua-2018/,FALSE,reported,Washed,Washed,Conventional,NA,reported process,18,18,la bastilla,juana rosa gutierrez morales,7f40430980f0b5e6|COE|NA|18,NA,NA,NA,NA,NA,NA,FALSE,FALSE
7f40430980f0b5e6,2018,COE,Nicaragua,2018,COE,NA,19,88.33,Las Pencas,Felix Pedro Siles Gadea,Washed,Red Pacamara,Jinotega,https://allianceforcoffeeexcellence.org/nicaragua-2018/,FALSE,reported,Washed,Washed,Conventional,NA,reported process,19,19,las pencas,felix pedro siles gadea,7f40430980f0b5e6|COE|NA|19,NA,NA,NA,NA,NA,NA,FALSE,FALSE
7f40430980f0b5e6,2018,COE,Nicaragua,2018,COE,NA,2a,90.42,Las Promesas de San Blas,Gonzalo Adán  Castillo Moreno,Honey,Hybrid,Nueva Segovia,https://allianceforcoffeeexcellence.org/nicaragua-2018/,FALSE,reported,Honey / pulped natural,Honey / pulped natural,Conventional,NA,reported process,2A,2,las promesas de san blas,gonzalo adan castillo moreno,7f40430980f0b5e6|COE|NA|2,NA,NA,NA,NA,NA,NA,FALSE,FALSE
7f40430980f0b5e6,2018,COE,Nicaragua,2018,COE,NA,20,88.27,Ojo De Agua,Luis Emilio Valladarez,Washed,Maracaturra,Nueva Segovia,https://allianceforcoffeeexcellence.org/nicaragua-2018/,FALSE,reported,Washed,Washed,Conventional,NA,reported process,20,20,ojo de agua,luis emilio valladarez,7f40430980f0b5e6|COE|NA|20,NA,NA,NA,NA,NA,NA,FALSE,FALSE
7f40430980f0b5e6,2018,COE,Nicaragua,2018,COE,NA,21,88.23,Bella Aurora,Luis Joaquin Lovo Gutiérrez,Washed,Red Caturra,Nueva Segovia,https://allianceforcoffeeexcellence.org/nicaragua-2018/,FALSE,reported,Washed,Washed,Conventional,NA,reported process,21,21,bella aurora,luis joaquin lovo gutierrez,7f40430980f0b5e6|COE|NA|21,NA,NA,NA,NA,NA,NA,FALSE,FALSE
7f40430980f0b5e6,2018,COE,Nicaragua,2018,COE,NA,22,88.13,Las Delicias,Eleane Mierisch & Gioconda Padilla Mierisch & Padilla,Washed,Java,Jinotega,https://allianceforcoffeeexcellence.org/nicaragua-2018/,FALSE,reported,Washed,Washed,Conventional,NA,reported process,22,22,las delicias,eleane mierisch gioconda padilla mierisch padilla,7f40430980f0b5e6|COE|NA|22,NA,NA,NA,NA,NA,NA,FALSE,FALSE
7f40430980f0b5e6,2018,COE,Nicaragua,2018,COE,NA,23,88.05,Las Morenitas,Victor Manuel Robelo,Natural,Red Catuaí,Jinotega,https://allianceforcoffeeexcellence.org/nicaragua-2018/,FALSE,reported,Natural,Natural,Conventional,NA,reported process,23,23,las morenitas,victor manuel robelo,7f40430980f0b5e6|COE|NA|23,NA,NA,NA,NA,NA,NA,FALSE,FALSE
7f40430980f0b5e6,2018,COE,Nicaragua,2018,COE,NA,24,88.05,La Rioja,Graciela Izayana Perez Bustos,Honey,Bourbón,Jinotega,https://allianceforcoffeeexcellence.org/nicaragua-2018/,FALSE,reported,Honey / pulped natural,Honey / pulped natural,Conventional,NA,reported process,24,24,la rioja,graciela izayana perez bustos,7f40430980f0b5e6|COE|NA|24,NA,NA,NA,NA,NA,NA,FALSE,FALSE
7f40430980f0b5e6,2018,COE,Nicaragua,2018,COE,NA,25,87.89,San Jose,Pedro Jose Solis Martinez,Honey,Java,Jinotega,https://allianceforcoffeeexcellence.org/nicaragua-2018/,FALSE,reported,Honey / pulped natural,Honey / pulped natural,Conventional,NA,reported process,25,25,san jose,pedro jose solis martinez,7f40430980f0b5e6|COE|NA|25,NA,NA,NA,NA,NA,NA,FALSE,FALSE
7f40430980f0b5e6,2018,COE,Nicaragua,2018,COE,NA,26,87.78,Santa Teresa,Jorge Luis  Lagos Calix,Washed,Maracaturra,Nueva Segovia,https://allianceforcoffeeexcellence.org/nicaragua-2018/,FALSE,reported,Washed,Washed,Conventional,NA,reported process,26,26,santa teresa,jorge luis lagos calix,7f40430980f0b5e6|COE|NA|26,NA,NA,NA,NA,NA,NA,FALSE,FALSE
7f40430980f0b5e6,2018,COE,Nicaragua,2018,COE,NA,27,87.78,San Ramon,Alfredo Rene Lopez Gomez,Washed,Red Caturra,Nueva Segovia,https://allianceforcoffeeexcellence.org/nicaragua-2018/,FALSE,reported,Washed,Washed,Conventional,NA,reported process,27,27,san ramon,alfredo rene lopez gomez,7f40430980f0b5e6|COE|NA|27,NA,NA,NA,NA,NA,NA,FALSE,FALSE
7f40430980f0b5e6,2018,COE,Nicaragua,2018,COE,NA,28,87.75,Santa Prisca,Leonel De Jesús Rodríguez Valladarez,Washed,Maracaturra,Nueva Segovia,https://allianceforcoffeeexcellence.org/nicaragua-2018/,FALSE,reported,Washed,Washed,Conventional,NA,reported process,28,28,santa prisca,leonel de jesus rodriguez valladarez,7f40430980f0b5e6|COE|NA|28,NA,NA,NA,NA,NA,NA,FALSE,FALSE
7f40430980f0b5e6,2018,COE,Nicaragua,2018,COE,NA,29,87.38,Los Pirineos,Eudoro José Buillém Jarquín,Washed,Red Caturra,Nueva Segovia,https://allianceforcoffeeexcellence.org/nicaragua-2018/,FALSE,reported,Washed,Washed,Conventional,NA,reported process,29,29,los pirineos,eudoro jose buillem jarquin,7f40430980f0b5e6|COE|NA|29,NA,NA,NA,NA,NA,NA,FALSE,FALSE
7f40430980f0b5e6,2018,COE,Nicaragua,2018,COE,NA,3a,90.38,Jesus Mountain,Jesus Mountain Coffee Company,Washed,Red Pacamara,Nueva Segovia,https://allianceforcoffeeexcellence.org/nicaragua-2018/,FALSE,reported,Washed,Washed,Conventional,NA,reported process,3A,3,jesus mountain,jesus mountain coffee company,7f40430980f0b5e6|COE|NA|3,NA,NA,NA,NA,NA,NA,FALSE,FALSE
7f40430980f0b5e6,2018,COE,Nicaragua,2018,COE,NA,30,87.38,Buenos Aires,Luis Emilio Valladarez,Natural,Java,Nueva Segovia,https://allianceforcoffeeexcellence.org/nicaragua-2018/,FALSE,reported,Natural,Natural,Conventional,NA,reported process,30,30,buenos aires,luis emilio valladarez,7f40430980f0b5e6|COE|NA|30,NA,NA,NA,NA,NA,NA,FALSE,FALSE
7f40430980f0b5e6,2018,COE,Nicaragua,2018,COE,NA,31,87.09,La Bendición,José Liberato Jarquin Agurcia,Washed,Red Caturra,Nueva Segovia,https://allianceforcoffeeexcellence.org/nicaragua-2018/,FALSE,reported,Washed,Washed,Conventional,NA,reported process,31,31,la bendicion,jose liberato jarquin agurcia,7f40430980f0b5e6|COE|NA|31,NA,NA,NA,NA,NA,NA,FALSE,FALSE
7f40430980f0b5e6,2018,COE,Nicaragua,2018,COE,NA,32,86.98,El Barril,Bayardo José Jimenez Rodríguez,Washed,Maracaturra,Nueva Segovia,https://allianceforcoffeeexcellence.org/nicaragua-2018/,FALSE,reported,Washed,Washed,Conventional,NA,reported process,32,32,el barril,bayardo jose jimenez rodriguez,7f40430980f0b5e6|COE|NA|32,NA,NA,NA,NA,NA,NA,FALSE,FALSE
7f40430980f0b5e6,2018,COE,Nicaragua,2018,COE,NA,33,86.8,Buena Esperanza,Ramiro Ortiz Gurdian,Washed,Red Pacamara,Matagalpa,https://allianceforcoffeeexcellence.org/nicaragua-2018/,FALSE,reported,Washed,Washed,Conventional,NA,reported process,33,33,buena esperanza,ramiro ortiz gurdian,7f40430980f0b5e6|COE|NA|33,NA,NA,NA,NA,NA,NA,FALSE,FALSE
7f40430980f0b5e6,2018,COE,Nicaragua,2018,COE,NA,34,86.7,Tierra Linda,Uriel Antonio  Castellano Paguaga,Washed,Red Caturra,Nueva Segovia,https://allianceforcoffeeexcellence.org/nicaragua-2018/,FALSE,reported,Washed,Washed,Conventional,NA,reported process,34,34,tierra linda,uriel antonio castellano paguaga,7f40430980f0b5e6|COE|NA|34,NA,NA,NA,NA,NA,NA,FALSE,FALSE
7f40430980f0b5e6,2018,COE,Nicaragua,2018,COE,NA,35,86.69,Buena Vista,Roger Esaú Herrera Ortez,Washed,Maracaturra,Nueva Segovia,https://allianceforcoffeeexcellence.org/nicaragua-2018/,FALSE,reported,Washed,Washed,Conventional,NA,reported process,35,35,buena vista,roger esau herrera ortez,7f40430980f0b5e6|COE|NA|35,NA,NA,NA,NA,NA,NA,FALSE,FALSE
7f40430980f0b5e6,2018,COE,Nicaragua,2018,COE,NA,4a,90.23,El Cambalache,Abner Samuel Zevala Gonzales,Washed,Maracaturra,Nueva Segovia,https://allianceforcoffeeexcellence.org/nicaragua-2018/,FALSE,reported,Washed,Washed,Conventional,NA,reported process,4A,4,el cambalache,abner samuel zevala gonzales,7f40430980f0b5e6|COE|NA|4,NA,NA,NA,NA,NA,NA,FALSE,FALSE
7f40430980f0b5e6,2018,COE,Nicaragua,2018,COE,NA,5a,90.22,Finca Un Regalo De Dios,Luis Alberto Balladares Moncada,Honey,Red Pacamara,Nueva Segovia,https://allianceforcoffeeexcellence.org/nicaragua-2018/,FALSE,reported,Honey / pulped natural,Honey / pulped natural,Conventional,NA,reported process,5A,5,finca un regalo de dios,luis alberto balladares moncada,7f40430980f0b5e6|COE|NA|5,NA,NA,NA,NA,NA,NA,FALSE,FALSE
7f40430980f0b5e6,2018,COE,Nicaragua,2018,COE,NA,6,89.55,La Virgen,Gabriela Hueck,Honey,Hybrid,Matagalpa,https://allianceforcoffeeexcellence.org/nicaragua-2018/,FALSE,reported,Honey / pulped natural,Honey / pulped natural,Conventional,NA,reported process,6,6,la virgen,gabriela hueck,7f40430980f0b5e6|COE|NA|6,NA,NA,NA,NA,NA,NA,FALSE,FALSE
7f40430980f0b5e6,2018,COE,Nicaragua,2018,COE,NA,7,89.03,El Manantial,Gloria Stella Lopez Moreno,Washed,Parainema,Nueva Segovia,https://allianceforcoffeeexcellence.org/nicaragua-2018/,FALSE,reported,Washed,Washed,Conventional,NA,reported process,7,7,el manantial,gloria stella lopez moreno,7f40430980f0b5e6|COE|NA|7,NA,NA,NA,NA,NA,NA,FALSE,FALSE
7f40430980f0b5e6,2018,COE,Nicaragua,2018,COE,NA,8,88.94,El Esfuerzo,Ignacio Estrada Burgo,Washed,Maracaturra,Jinotega,https://allianceforcoffeeexcellence.org/nicaragua-2018/,FALSE,reported,Washed,Washed,Conventional,NA,reported process,8,8,el esfuerzo,ignacio estrada burgo,7f40430980f0b5e6|COE|NA|8,NA,NA,NA,NA,NA,NA,FALSE,FALSE
7f40430980f0b5e6,2018,COE,Nicaragua,2018,COE,NA,9,88.91,La Esperancita,Gustavo Adolfo Cerna Flores,Washed,Hybrid,Matagalpa,https://allianceforcoffeeexcellence.org/nicaragua-2018/,FALSE,reported,Washed,Washed,Conventional,NA,reported process,9,9,la esperancita,gustavo adolfo cerna flores,7f40430980f0b5e6|COE|NA|9,NA,NA,NA,NA,NA,NA,FALSE,FALSE
a715bdb54ff0d688,Nicaragua 2021,COE,Nicaragua,2021,COE,NA,1a,90.96,Jesus Mountain Coffee Company,Jesus Mountain Coffee,Washed,Pacamara,Nueva Segovia,https://allianceforcoffeeexcellence.org/nicaragua-2021/,FALSE,reported,Washed,Washed,Conventional,NA,reported process,1A,1,jesus mountain coffee company,jesus mountain coffee,a715bdb54ff0d688|COE|NA|1,NA,NA,NA,NA,NA,NA,FALSE,FALSE
a715bdb54ff0d688,Nicaragua 2021,COE,Nicaragua,2021,COE,NA,10,88.04,Santa Ana,Aida Lila Zeledon Palacios,Washed,Maragogype,Jinotega,https://allianceforcoffeeexcellence.org/nicaragua-2021/,FALSE,reported,Washed,Washed,Conventional,NA,reported process,10,10,santa ana,aida lila zeledon palacios,a715bdb54ff0d688|COE|NA|10,NA,NA,NA,NA,NA,NA,FALSE,FALSE
a715bdb54ff0d688,Nicaragua 2021,COE,Nicaragua,2021,COE,NA,11,87.79,Melanie,Veronica Victoria Jarquin Lopez,Honey,Catuai Rojo,Jinotega,https://allianceforcoffeeexcellence.org/nicaragua-2021/,FALSE,reported,Honey / pulped natural,Honey / pulped natural,Conventional,NA,reported process,11,11,melanie,veronica victoria jarquin lopez,a715bdb54ff0d688|COE|NA|11,NA,NA,NA,NA,NA,NA,FALSE,FALSE
a715bdb54ff0d688,Nicaragua 2021,COE,Nicaragua,2021,COE,NA,12,87.54,La Porra,Bayron Antonio Ocon Ubeda,Washed,Maragogype,Jinotega,https://allianceforcoffeeexcellence.org/nicaragua-2021/,FALSE,reported,Washed,Washed,Conventional,NA,reported process,12,12,la porra,bayron antonio ocon ubeda,a715bdb54ff0d688|COE|NA|12,NA,NA,NA,NA,NA,NA,FALSE,FALSE
a715bdb54ff0d688,Nicaragua 2021,COE,Nicaragua,2021,COE,NA,13,87.54,Los Milagros,Inversiones y desarrollo mozonte,Honey,Typica,Jinotega,https://allianceforcoffeeexcellence.org/nicaragua-2021/,FALSE,reported,Honey / pulped natural,Honey / pulped natural,Conventional,NA,reported process,13,13,los milagros,inversiones y desarrollo mozonte,a715bdb54ff0d688|COE|NA|13,NA,NA,NA,NA,NA,NA,FALSE,FALSE
a715bdb54ff0d688,Nicaragua 2021,COE,Nicaragua,2021,COE,NA,14,87.5,El Principe,José Victor Lopez Urroz,Honey,Java,Jinotega,https://allianceforcoffeeexcellence.org/nicaragua-2021/,FALSE,reported,Honey / pulped natural,Honey / pulped natural,Conventional,NA,reported process,14,14,el principe,jose victor lopez urroz,a715bdb54ff0d688|COE|NA|14,NA,NA,NA,NA,NA,NA,FALSE,FALSE
a715bdb54ff0d688,Nicaragua 2021,COE,Nicaragua,2021,COE,NA,15,87.5,Las Hortensias,Ana Marina Albir,Natural,Red Cataui,Nueva Segovia,https://allianceforcoffeeexcellence.org/nicaragua-2021/,FALSE,reported,Natural,Natural,Conventional,NA,reported process,15,15,las hortensias,ana marina albir,a715bdb54ff0d688|COE|NA|15,NA,NA,NA,NA,NA,NA,FALSE,FALSE
a715bdb54ff0d688,Nicaragua 2021,COE,Nicaragua,2021,COE,NA,16,87.38,Fila Quemada,Rony Jose Herrera Ortez,Washed,Red Cataui,Nueva Segovia,https://allianceforcoffeeexcellence.org/nicaragua-2021/,FALSE,reported,Washed,Washed,Conventional,NA,reported process,16,16,fila quemada,rony jose herrera ortez,a715bdb54ff0d688|COE|NA|16,NA,NA,NA,NA,NA,NA,FALSE,FALSE
a715bdb54ff0d688,Nicaragua 2021,COE,Nicaragua,2021,COE,NA,17,87.33,Santa Carmela,Tania Gabriela Ferrufino Norori,Anaerobic,Java,Matagalpa,https://allianceforcoffeeexcellence.org/nicaragua-2021/,FALSE,reported,Experimental,Not reported,Experimental,Anaerobic,reported process,17,17,santa carmela,tania gabriela ferrufino norori,a715bdb54ff0d688|COE|NA|17,Not reported | Anaerobic,2021,2021,FALSE,TRUE,FALSE,TRUE,FALSE
a715bdb54ff0d688,Nicaragua 2021,COE,Nicaragua,2021,COE,NA,18,87.25,El Poste,Guillermo Montenegro,Washed,"Bourbon, Caturra, Pacas, Catimor, Catuai",Nueva Segovia,https://allianceforcoffeeexcellence.org/nicaragua-2021/,FALSE,reported,Washed,Washed,Conventional,NA,reported process,18,18,el poste,guillermo montenegro,a715bdb54ff0d688|COE|NA|18,NA,NA,NA,NA,NA,NA,FALSE,FALSE
a715bdb54ff0d688,Nicaragua 2021,COE,Nicaragua,2021,COE,NA,19,87.25,Buena Esperanza,Agrícola Rajuanse/ Ramiro Ortiz Gurdian,Natural,H1,Matagalpa,https://allianceforcoffeeexcellence.org/nicaragua-2021/,FALSE,reported,Natural,Natural,Conventional,NA,reported process,19,19,buena esperanza,agricola rajuanse ramiro ortiz gurdian,a715bdb54ff0d688|COE|NA|19,NA,NA,NA,NA,NA,NA,FALSE,FALSE
a715bdb54ff0d688,Nicaragua 2021,COE,Nicaragua,2021,COE,NA,2a,90.75,El Cambalache,Abner Samuel Zavala/Indira Paola Zavala,Honey,Maracaturra,Nueva Segovia,https://allianceforcoffeeexcellence.org/nicaragua-2021/,FALSE,reported,Honey / pulped natural,Honey / pulped natural,Conventional,NA,reported process,2A,2,el cambalache,abner samuel zavala indira paola zavala,a715bdb54ff0d688|COE|NA|2,NA,NA,NA,NA,NA,NA,FALSE,FALSE
a715bdb54ff0d688,Nicaragua 2021,COE,Nicaragua,2021,COE,NA,20,87.25,La Esperanza,Rosa Yanette Rivera Siles,Washed,"Caturra, Pacas, Catuai",Jinotega,https://allianceforcoffeeexcellence.org/nicaragua-2021/,FALSE,reported,Washed,Washed,Conventional,NA,reported process,20,20,la esperanza,rosa yanette rivera siles,a715bdb54ff0d688|COE|NA|20,NA,NA,NA,NA,NA,NA,FALSE,FALSE
a715bdb54ff0d688,Nicaragua 2021,COE,Nicaragua,2021,COE,NA,21,87.21,Buena Vista,German Odorico Cortez,Washed,Catuai Rojo,Jinotega,https://allianceforcoffeeexcellence.org/nicaragua-2021/,FALSE,reported,Washed,Washed,Conventional,NA,reported process,21,21,buena vista,german odorico cortez,a715bdb54ff0d688|COE|NA|21,NA,NA,NA,NA,NA,NA,FALSE,FALSE
a715bdb54ff0d688,Nicaragua 2021,COE,Nicaragua,2021,COE,NA,22,87.21,Los Altiplanos,Ricardo Cuadra Fajardo,Natural,Pacamara,Jinotega,https://allianceforcoffeeexcellence.org/nicaragua-2021/,FALSE,reported,Natural,Natural,Conventional,NA,reported process,22,22,los altiplanos,ricardo cuadra fajardo,a715bdb54ff0d688|COE|NA|22,NA,NA,NA,NA,NA,NA,FALSE,FALSE
a715bdb54ff0d688,Nicaragua 2021,COE,Nicaragua,2021,COE,NA,23,87,Las Brumas,Jose Rene Paguaga Midence,Washed,Caturra,Nueva Segovia,https://allianceforcoffeeexcellence.org/nicaragua-2021/,FALSE,reported,Washed,Washed,Conventional,NA,reported process,23,23,las brumas,jose rene paguaga midence,a715bdb54ff0d688|COE|NA|23,NA,NA,NA,NA,NA,NA,FALSE,FALSE
a715bdb54ff0d688,Nicaragua 2021,COE,Nicaragua,2021,COE,NA,3a,90.21,Los Pirineos,Eudoro Jose Guillen Jarquin,Natural,Catuai,Nueva Segovia,https://allianceforcoffeeexcellence.org/nicaragua-2021/,FALSE,reported,Natural,Natural,Conventional,NA,reported process,3A,3,los pirineos,eudoro jose guillen jarquin,a715bdb54ff0d688|COE|NA|3,NA,NA,NA,NA,NA,NA,FALSE,FALSE
a715bdb54ff0d688,Nicaragua 2021,COE,Nicaragua,2021,COE,NA,4,90.11,Auxilio Mundial,Norman Alexis Canales Sevilla,Washed,Gesha,Esteli,https://allianceforcoffeeexcellence.org/nicaragua-2021/,FALSE,reported,Washed,Washed,Conventional,NA,reported process,4,4,auxilio mundial,norman alexis canales sevilla,a715bdb54ff0d688|COE|NA|4,NA,NA,NA,NA,NA,NA,FALSE,FALSE
a715bdb54ff0d688,Nicaragua 2021,COE,Nicaragua,2021,COE,NA,5,89.96,Buenos Aires,Invasa,Natural,Maragogype,Nueva Segovia,https://allianceforcoffeeexcellence.org/nicaragua-2021/,FALSE,reported,Natural,Natural,Conventional,NA,reported process,5,5,buenos aires,invasa,a715bdb54ff0d688|COE|NA|5,NA,NA,NA,NA,NA,NA,FALSE,FALSE
a715bdb54ff0d688,Nicaragua 2021,COE,Nicaragua,2021,COE,NA,6,89.79,Un Regalo de Dios,Luis Alberto Balladarez Moncada,Natural,Maracaturra,Nueva Segovia,https://allianceforcoffeeexcellence.org/nicaragua-2021/,FALSE,reported,Natural,Natural,Conventional,NA,reported process,6,6,un regalo de dios,luis alberto balladarez moncada,a715bdb54ff0d688|COE|NA|6,NA,NA,NA,NA,NA,NA,FALSE,FALSE
a715bdb54ff0d688,Nicaragua 2021,COE,Nicaragua,2021,COE,NA,7,89.71,San Jose,Silvia Esther Jarquin Agurcia,Natural,Caturra,Nueva Segovia,https://allianceforcoffeeexcellence.org/nicaragua-2021/,FALSE,reported,Natural,Natural,Conventional,NA,reported process,7,7,san jose,silvia esther jarquin agurcia,a715bdb54ff0d688|COE|NA|7,NA,NA,NA,NA,NA,NA,FALSE,FALSE
a715bdb54ff0d688,Nicaragua 2021,COE,Nicaragua,2021,COE,NA,8,88.79,La Picona,Olga Marina Gonzalez Cuadra,Honey,"Maragogype, Maracaturra",Nueva Segovia,https://allianceforcoffeeexcellence.org/nicaragua-2021/,FALSE,reported,Honey / pulped natural,Honey / pulped natural,Conventional,NA,reported process,8,8,la picona,olga marina gonzalez cuadra,a715bdb54ff0d688|COE|NA|8,NA,NA,NA,NA,NA,NA,FALSE,FALSE
a715bdb54ff0d688,Nicaragua 2021,COE,Nicaragua,2021,COE,NA,9,88.11,La Orquidea,Arjen Roersman,Washed,Maracaturra,Matagalpa,https://allianceforcoffeeexcellence.org/nicaragua-2021/,FALSE,reported,Washed,Washed,Conventional,NA,reported process,9,9,la orquidea,arjen roersman,a715bdb54ff0d688|COE|NA|9,NA,NA,NA,NA,NA,NA,FALSE,FALSE
319d40e9b8e35a24,Nicaragua 2022,COE,Nicaragua,2022,COE,NA,1a,90.74,El Avión,Mario José González Rodríguez,Natural,Catuai Rojo,Nueva Segovia,https://allianceforcoffeeexcellence.org/nicaragua-2022/,FALSE,reported,Natural,Natural,Conventional,NA,reported process,1A,1,el avion,mario jose gonzalez rodriguez,319d40e9b8e35a24|COE|NA|1,NA,NA,NA,NA,NA,NA,FALSE,FALSE
319d40e9b8e35a24,Nicaragua 2022,COE,Nicaragua,2022,COE,NA,10,87.94,Los Suyates,Jairo Rogelio Vásquez Olivera,Natural,Catimor & Catuai,Nueva Segovia,https://allianceforcoffeeexcellence.org/nicaragua-2022/,FALSE,reported,Natural,Natural,Conventional,NA,reported process,10,10,los suyates,jairo rogelio vasquez olivera,319d40e9b8e35a24|COE|NA|10,NA,NA,NA,NA,NA,NA,FALSE,FALSE
319d40e9b8e35a24,Nicaragua 2022,COE,Nicaragua,2022,COE,NA,11,87.76,Las Termópilas,Milton Daniel Canales Sevilla,Washed,Bourbon & Caturra,Esteli,https://allianceforcoffeeexcellence.org/nicaragua-2022/,FALSE,reported,Washed,Washed,Conventional,NA,reported process,11,11,las termopilas,milton daniel canales sevilla,319d40e9b8e35a24|COE|NA|11,NA,NA,NA,NA,NA,NA,FALSE,FALSE
319d40e9b8e35a24,Nicaragua 2022,COE,Nicaragua,2022,COE,NA,12,87.71,El Porvenir,Claudia María Rivera Siles,Natural,Caturra,Jinotega,https://allianceforcoffeeexcellence.org/nicaragua-2022/,FALSE,reported,Natural,Natural,Conventional,NA,reported process,12,12,el porvenir,claudia maria rivera siles,319d40e9b8e35a24|COE|NA|12,NA,NA,NA,NA,NA,NA,FALSE,FALSE
319d40e9b8e35a24,Nicaragua 2022,COE,Nicaragua,2022,COE,NA,13,87.59,La Bendicion,José Liberato Jarquín,Natural,"Catuaí Amarillo, Caturra, Bourbon Amarillo",Nueva Segovia,https://allianceforcoffeeexcellence.org/nicaragua-2022/,FALSE,reported,Natural,Natural,Conventional,NA,reported process,13,13,la bendicion,jose liberato jarquin,319d40e9b8e35a24|COE|NA|13,NA,NA,NA,NA,NA,NA,FALSE,FALSE
319d40e9b8e35a24,Nicaragua 2022,COE,Nicaragua,2022,COE,NA,14,87.56,Libertad,Danny Joél Pastrana Gómez,Washed,Caturra,Nueva Segovia,https://allianceforcoffeeexcellence.org/nicaragua-2022/,FALSE,reported,Washed,Washed,Conventional,NA,reported process,14,14,libertad,danny joel pastrana gomez,319d40e9b8e35a24|COE|NA|14,NA,NA,NA,NA,NA,NA,FALSE,FALSE
319d40e9b8e35a24,Nicaragua 2022,COE,Nicaragua,2022,COE,NA,15,87.53,Divina Providencia,Misael Sauceda Olivera,Semi-Washed,Maragogipe,Nueva Segovia,https://allianceforcoffeeexcellence.org/nicaragua-2022/,FALSE,reported,Honey / pulped natural,Honey / pulped natural,Conventional,NA,reported process,15,15,divina providencia,misael sauceda olivera,319d40e9b8e35a24|COE|NA|15,NA,NA,NA,NA,NA,NA,FALSE,FALSE
319d40e9b8e35a24,Nicaragua 2022,COE,Nicaragua,2022,COE,NA,16,87.41,Las Pavas,Ricardo Gutiérrez Mendoza,Washed,Catimor,Esteli,https://allianceforcoffeeexcellence.org/nicaragua-2022/,FALSE,reported,Washed,Washed,Conventional,NA,reported process,16,16,las pavas,ricardo gutierrez mendoza,319d40e9b8e35a24|COE|NA|16,NA,NA,NA,NA,NA,NA,FALSE,FALSE
319d40e9b8e35a24,Nicaragua 2022,COE,Nicaragua,2022,COE,NA,17,87.41,La Esperanza,Olga Marina González / Indira Paola Zavala,Honey,Maracaturra,Nueva Segovia,https://allianceforcoffeeexcellence.org/nicaragua-2022/,FALSE,reported,Honey / pulped natural,Honey / pulped natural,Conventional,NA,reported process,17,17,la esperanza,olga marina gonzalez indira paola zavala,319d40e9b8e35a24|COE|NA|17,NA,NA,NA,NA,NA,NA,FALSE,FALSE
319d40e9b8e35a24,Nicaragua 2022,COE,Nicaragua,2022,COE,NA,18,87.35,Los Pirineos,Eudoro José Guillén Jarquín,Natural,Caturra,Nueva Segovia,https://allianceforcoffeeexcellence.org/nicaragua-2022/,FALSE,reported,Natural,Natural,Conventional,NA,reported process,18,18,los pirineos,eudoro jose guillen jarquin,319d40e9b8e35a24|COE|NA|18,NA,NA,NA,NA,NA,NA,FALSE,FALSE
319d40e9b8e35a24,Nicaragua 2022,COE,Nicaragua,2022,COE,NA,19,87.32,El Recuerdo,Norma Elisa Flores Miranda,Natural,Caturra,Nueva Segovia,https://allianceforcoffeeexcellence.org/nicaragua-2022/,FALSE,reported,Natural,Natural,Conventional,NA,reported process,19,19,el recuerdo,norma elisa flores miranda,319d40e9b8e35a24|COE|NA|19,NA,NA,NA,NA,NA,NA,FALSE,FALSE
319d40e9b8e35a24,Nicaragua 2022,COE,Nicaragua,2022,COE,NA,2,89.65,Buenos Aires,Invasa,Natural,Maracaturra,Nueva Segovia,https://allianceforcoffeeexcellence.org/nicaragua-2022/,FALSE,reported,Natural,Natural,Conventional,NA,reported process,2,2,buenos aires,invasa,319d40e9b8e35a24|COE|NA|2,NA,NA,NA,NA,NA,NA,FALSE,FALSE
319d40e9b8e35a24,Nicaragua 2022,COE,Nicaragua,2022,COE,NA,20,87.26,El Chele,Norman Alexander Torres Rivera,Natural,Catuai Rojo,Jinotega,https://allianceforcoffeeexcellence.org/nicaragua-2022/,FALSE,reported,Natural,Natural,Conventional,NA,reported process,20,20,el chele,norman alexander torres rivera,319d40e9b8e35a24|COE|NA|20,NA,NA,NA,NA,NA,NA,FALSE,FALSE
319d40e9b8e35a24,Nicaragua 2022,COE,Nicaragua,2022,COE,NA,21,87.18,Los Cuadros,Rosa Ines Rubio,Natural,Caturra,Nueva Segovia,https://allianceforcoffeeexcellence.org/nicaragua-2022/,FALSE,reported,Natural,Natural,Conventional,NA,reported process,21,21,los cuadros,rosa ines rubio,319d40e9b8e35a24|COE|NA|21,NA,NA,NA,NA,NA,NA,FALSE,FALSE
319d40e9b8e35a24,Nicaragua 2022,COE,Nicaragua,2022,COE,NA,22,87.15,El Poste,Guillermo Montenegro Ayesta,Washed,Catuai Rojo,Nueva Segovia,https://allianceforcoffeeexcellence.org/nicaragua-2022/,FALSE,reported,Washed,Washed,Conventional,NA,reported process,22,22,el poste,guillermo montenegro ayesta,319d40e9b8e35a24|COE|NA|22,NA,NA,NA,NA,NA,NA,FALSE,FALSE
319d40e9b8e35a24,Nicaragua 2022,COE,Nicaragua,2022,COE,NA,23,87.12,Ufcm,Mayra Lucila Corrales Rivas,Washed,Maragogipe,Matagalpa,https://allianceforcoffeeexcellence.org/nicaragua-2022/,FALSE,reported,Washed,Washed,Conventional,NA,reported process,23,23,ufcm,mayra lucila corrales rivas,319d40e9b8e35a24|COE|NA|23,NA,NA,NA,NA,NA,NA,FALSE,FALSE
319d40e9b8e35a24,Nicaragua 2022,COE,Nicaragua,2022,COE,NA,24,87.12,Bethania,Martha Lucia Albir,Honey,Maracaturra,Nueva Segovia,https://allianceforcoffeeexcellence.org/nicaragua-2022/,FALSE,reported,Honey / pulped natural,Honey / pulped natural,Conventional,NA,reported process,24,24,bethania,martha lucia albir,319d40e9b8e35a24|COE|NA|24,NA,NA,NA,NA,NA,NA,FALSE,FALSE
319d40e9b8e35a24,Nicaragua 2022,COE,Nicaragua,2022,COE,NA,25,87.12,Viento Del Espiritu Santo,Michael Low,Natural,Java,Matagalpa,https://allianceforcoffeeexcellence.org/nicaragua-2022/,FALSE,reported,Natural,Natural,Conventional,NA,reported process,25,25,viento del espiritu santo,michael low,319d40e9b8e35a24|COE|NA|25,NA,NA,NA,NA,NA,NA,FALSE,FALSE
319d40e9b8e35a24,Nicaragua 2022,COE,Nicaragua,2022,COE,NA,26,87.09,Puma Punkú,Manuel Rosales Raudales,Washed,"Caturra, Catuai, Borbon",Nueva Segovia,https://allianceforcoffeeexcellence.org/nicaragua-2022/,FALSE,reported,Washed,Washed,Conventional,NA,reported process,26,26,puma punku,manuel rosales raudales,319d40e9b8e35a24|COE|NA|26,NA,NA,NA,NA,NA,NA,FALSE,FALSE
319d40e9b8e35a24,Nicaragua 2022,COE,Nicaragua,2022,COE,NA,3,89.53,Un Regalo De Dios,Luis Alberto Balladarez Moncada,Natural,Maracaturra,Nueva Segovia,https://allianceforcoffeeexcellence.org/nicaragua-2022/,FALSE,reported,Natural,Natural,Conventional,NA,reported process,3,3,un regalo de dios,luis alberto balladarez moncada,319d40e9b8e35a24|COE|NA|3,NA,NA,NA,NA,NA,NA,FALSE,FALSE
319d40e9b8e35a24,Nicaragua 2022,COE,Nicaragua,2022,COE,NA,4,89.35,Los Volcancitos,Sergio Antonio Gutiérrez Peralta,Washed,Catuai Rojo & Pacamara,Nueva Segovia,https://allianceforcoffeeexcellence.org/nicaragua-2022/,FALSE,reported,Washed,Washed,Conventional,NA,reported process,4,4,los volcancitos,sergio antonio gutierrez peralta,319d40e9b8e35a24|COE|NA|4,NA,NA,NA,NA,NA,NA,FALSE,FALSE
319d40e9b8e35a24,Nicaragua 2022,COE,Nicaragua,2022,COE,NA,5,89,Bella Aurora,Luis Joaquín Lovo Gutiérrez,Washed,Maracaturra,Nueva Segovia,https://allianceforcoffeeexcellence.org/nicaragua-2022/,FALSE,reported,Washed,Washed,Conventional,NA,reported process,5,5,bella aurora,luis joaquin lovo gutierrez,319d40e9b8e35a24|COE|NA|5,NA,NA,NA,NA,NA,NA,FALSE,FALSE
319d40e9b8e35a24,Nicaragua 2022,COE,Nicaragua,2022,COE,NA,6,88.91,La Soledad,Daisy María Zamora Mansell,Natural,Caturra & Catimor,Nueva Segovia,https://allianceforcoffeeexcellence.org/nicaragua-2022/,FALSE,reported,Natural,Natural,Conventional,NA,reported process,6,6,la soledad,daisy maria zamora mansell,319d40e9b8e35a24|COE|NA|6,NA,NA,NA,NA,NA,NA,FALSE,FALSE
319d40e9b8e35a24,Nicaragua 2022,COE,Nicaragua,2022,COE,NA,7,88.76,El Cambalache,Abner Samuel Zavala Gonzalez,Honey,Maracaturra,Nueva Segovia,https://allianceforcoffeeexcellence.org/nicaragua-2022/,FALSE,reported,Honey / pulped natural,Honey / pulped natural,Conventional,NA,reported process,7,7,el cambalache,abner samuel zavala gonzalez,319d40e9b8e35a24|COE|NA|7,NA,NA,NA,NA,NA,NA,FALSE,FALSE
319d40e9b8e35a24,Nicaragua 2022,COE,Nicaragua,2022,COE,NA,8,88.76,Jesús Mountain Coffee Company,Jesús Mountain Coffee Company,Washed,Pacamara,Nueva Segovia,https://allianceforcoffeeexcellence.org/nicaragua-2022/,FALSE,reported,Washed,Washed,Conventional,NA,reported process,8,8,jesus mountain coffee company,jesus mountain coffee company,319d40e9b8e35a24|COE|NA|8,NA,NA,NA,NA,NA,NA,FALSE,FALSE
319d40e9b8e35a24,Nicaragua 2022,COE,Nicaragua,2022,COE,NA,9,87.94,La Orquídea,Arjen Roersma,Washed,Maracaturra,Matagalpa,https://allianceforcoffeeexcellence.org/nicaragua-2022/,FALSE,reported,Washed,Washed,Conventional,NA,reported process,9,9,la orquidea,arjen roersma,319d40e9b8e35a24|COE|NA|9,NA,NA,NA,NA,NA,NA,FALSE,FALSE
7b46413689f41744,Nicaragua 2023,COE,Nicaragua,2023,COE,NA,1a,91.6,LOS ALPES,INVERSIONES VALLADAREZ ACEVEDO S.A.,NATURAL,GEISHA,NUEVA SEGOVIA,https://allianceforcoffeeexcellence.org/nicaragua-2023/,FALSE,reported,Natural,Natural,Conventional,NA,reported process,1A,1,los alpes,inversiones valladarez acevedo s a,7b46413689f41744|COE|NA|1,NA,NA,NA,NA,NA,NA,FALSE,FALSE
7b46413689f41744,Nicaragua 2023,COE,Nicaragua,2023,COE,NA,10,87.95,EL PORVENIR,MARTHA MARGARITA MARIN RODRIGUEZ,WASHED,MARAGOGYPE,NUEVA SEGOVIA,https://allianceforcoffeeexcellence.org/nicaragua-2023/,FALSE,reported,Washed,Washed,Conventional,NA,reported process,10,10,el porvenir,martha margarita marin rodriguez,7b46413689f41744|COE|NA|10,NA,NA,NA,NA,NA,NA,FALSE,FALSE
7b46413689f41744,Nicaragua 2023,COE,Nicaragua,2023,COE,NA,11,87.35,BUENA ESPERANZA,AGRICOLA RAJUANSE S.A.,NATURAL,H1,MATAGALPA,https://allianceforcoffeeexcellence.org/nicaragua-2023/,FALSE,reported,Natural,Natural,Conventional,NA,reported process,11,11,buena esperanza,agricola rajuanse s a,7b46413689f41744|COE|NA|11,NA,NA,NA,NA,NA,NA,FALSE,FALSE
7b46413689f41744,Nicaragua 2023,COE,Nicaragua,2023,COE,NA,12,87.3,LA PICONA,OLGA MARINA GONZÁLEZ,WASHED,MARACATURRA,NUEVA SEGOVIA,https://allianceforcoffeeexcellence.org/nicaragua-2023/,FALSE,reported,Washed,Washed,Conventional,NA,reported process,12,12,la picona,olga marina gonzalez,7b46413689f41744|COE|NA|12,NA,NA,NA,NA,NA,NA,FALSE,FALSE
7b46413689f41744,Nicaragua 2023,COE,Nicaragua,2023,COE,NA,13,87.25,EL PROGRESO,JAIRO OMAR GONZALEZ,WASHED,H3,NUEVA SEGOVIA,https://allianceforcoffeeexcellence.org/nicaragua-2023/,FALSE,reported,Washed,Washed,Conventional,NA,reported process,13,13,el progreso,jairo omar gonzalez,7b46413689f41744|COE|NA|13,NA,NA,NA,NA,NA,NA,FALSE,FALSE
7b46413689f41744,Nicaragua 2023,COE,Nicaragua,2023,COE,NA,14,87,MONTESOL,JAIME ANTONIO ROSALES PASQUIER,NATURAL,PACAMARA,JINOTEGA,https://allianceforcoffeeexcellence.org/nicaragua-2023/,FALSE,reported,Natural,Natural,Conventional,NA,reported process,14,14,montesol,jaime antonio rosales pasquier,7b46413689f41744|COE|NA|14,NA,NA,NA,NA,NA,NA,FALSE,FALSE
7b46413689f41744,Nicaragua 2023,COE,Nicaragua,2023,COE,NA,15,87,LA AURORA,MARIO JOSE GONZALEZ MORAZAN,WASHED,CATUAI,NUEVA SEGOVIA,https://allianceforcoffeeexcellence.org/nicaragua-2023/,FALSE,reported,Washed,Washed,Conventional,NA,reported process,15,15,la aurora,mario jose gonzalez morazan,7b46413689f41744|COE|NA|15,NA,NA,NA,NA,NA,NA,FALSE,FALSE
7b46413689f41744,Nicaragua 2023,COE,Nicaragua,2023,COE,NA,16,87,LA HACIENDA,MARIA DOLORES RODRIGUEZ LOPEZ,WASHED,MARACATURRA,NUEVA SEGOVIA,https://allianceforcoffeeexcellence.org/nicaragua-2023/,FALSE,reported,Washed,Washed,Conventional,NA,reported process,16,16,la hacienda,maria dolores rodriguez lopez,7b46413689f41744|COE|NA|16,NA,NA,NA,NA,NA,NA,FALSE,FALSE
7b46413689f41744,Nicaragua 2023,COE,Nicaragua,2023,COE,NA,2a,90.25,BUENOS AIRES,INVERSIONES VALLADAREZ ACEVEDO S.A.,NATURAL,MARACATURRA,NUEVA SEGOVIA,https://allianceforcoffeeexcellence.org/nicaragua-2023/,FALSE,reported,Natural,Natural,Conventional,NA,reported process,2A,2,buenos aires,inversiones valladarez acevedo s a,7b46413689f41744|COE|NA|2,NA,NA,NA,NA,NA,NA,FALSE,FALSE
7b46413689f41744,Nicaragua 2023,COE,Nicaragua,2023,COE,NA,3,89.45,SANTA CRUZ,SARA ISABEL CORRALES RIVAS,HONEY,MARACATURRA,MATAGALPA,https://allianceforcoffeeexcellence.org/nicaragua-2023/,FALSE,reported,Honey / pulped natural,Honey / pulped natural,Conventional,NA,reported process,3,3,santa cruz,sara isabel corrales rivas,7b46413689f41744|COE|NA|3,NA,NA,NA,NA,NA,NA,FALSE,FALSE
7b46413689f41744,Nicaragua 2023,COE,Nicaragua,2023,COE,NA,4,89.3,JESUS MOUNTAIN COFFEE,JESUS MOUNTAIN COFFEE,WASHED,PACAMARA,NUEVA SEGOVIA,https://allianceforcoffeeexcellence.org/nicaragua-2023/,FALSE,reported,Washed,Washed,Conventional,NA,reported process,4,4,jesus mountain coffee,jesus mountain coffee,7b46413689f41744|COE|NA|4,NA,NA,NA,NA,NA,NA,FALSE,FALSE
7b46413689f41744,Nicaragua 2023,COE,Nicaragua,2023,COE,NA,5,88.9,EL CAMBALACHE,ABNER SAMUEL ZAVALA GONZALEZ,NATURAL,MARACATURRA,NUEVA SEGOVIA,https://allianceforcoffeeexcellence.org/nicaragua-2023/,FALSE,reported,Natural,Natural,Conventional,NA,reported process,5,5,el cambalache,abner samuel zavala gonzalez,7b46413689f41744|COE|NA|5,NA,NA,NA,NA,NA,NA,FALSE,FALSE
7b46413689f41744,Nicaragua 2023,COE,Nicaragua,2023,COE,NA,6,88.5,UN REGALO DE DIOS,LUIS ALBERTO BALLADARES,NATURAL,MARACATURRA,NUEVA SEGOVIA,https://allianceforcoffeeexcellence.org/nicaragua-2023/,FALSE,reported,Natural,Natural,Conventional,NA,reported process,6,6,un regalo de dios,luis alberto balladares,7b46413689f41744|COE|NA|6,NA,NA,NA,NA,NA,NA,FALSE,FALSE
7b46413689f41744,Nicaragua 2023,COE,Nicaragua,2023,COE,NA,7,88.25,QUITASUEÑOS,EXPORTADORA ATLANTIC S.A.,WASHED,HIBRIDO H1,MATAGALPA,https://allianceforcoffeeexcellence.org/nicaragua-2023/,FALSE,reported,Washed,Washed,Conventional,NA,reported process,7,7,quitasuenos,exportadora atlantic s a,7b46413689f41744|COE|NA|7,NA,NA,NA,NA,NA,NA,FALSE,FALSE
7b46413689f41744,Nicaragua 2023,COE,Nicaragua,2023,COE,NA,8,88.1,COFFEE LIBRE S.A.,COFFEE LIBRE S.A.,WASHED,GEISHA,NUEVA SEGOVIA,https://allianceforcoffeeexcellence.org/nicaragua-2023/,FALSE,reported,Washed,Washed,Conventional,NA,reported process,8,8,coffee libre s a,coffee libre s a,7b46413689f41744|COE|NA|8,NA,NA,NA,NA,NA,NA,FALSE,FALSE
7b46413689f41744,Nicaragua 2023,COE,Nicaragua,2023,COE,NA,9,88,LA ORQUIDEA,ARJEN ROERSMA,WASHED,MARACATURRA,MATAGALPA,https://allianceforcoffeeexcellence.org/nicaragua-2023/,FALSE,reported,Washed,Washed,Conventional,NA,reported process,9,9,la orquidea,arjen roersma,7b46413689f41744|COE|NA|9,NA,NA,NA,NA,NA,NA,FALSE,FALSE
95f3bb26fec856b9,Nicaragua 2024,COE,Nicaragua,2024,COE,NA,1A,91.1,Los Alpes,Inversiones Valladarez Acevedo S.A,Natural,Geisha,Nueva Segovia,https://allianceforcoffeeexcellence.org/nicaragua-2024/,FALSE,reported,Natural,Natural,Conventional,NA,reported process,1A,1,los alpes,inversiones valladarez acevedo s a,95f3bb26fec856b9|COE|NA|1,NA,NA,NA,NA,NA,NA,FALSE,FALSE
95f3bb26fec856b9,Nicaragua 2024,COE,Nicaragua,2024,COE,NA,10,88.45,El Guacalito,Edwin David Zuniga Zelaya,Natural,Africano,Nueva Segovia,https://allianceforcoffeeexcellence.org/nicaragua-2024/,FALSE,reported,Natural,Natural,Conventional,NA,reported process,10,10,el guacalito,edwin david zuniga zelaya,95f3bb26fec856b9|COE|NA|10,NA,NA,NA,NA,NA,NA,FALSE,FALSE
95f3bb26fec856b9,Nicaragua 2024,COE,Nicaragua,2024,COE,NA,11,88.3,La Ilusion,Rodrigo Jose Albir Vilchez,Lavado,Catuai Rojo,Nueva Segovia,https://allianceforcoffeeexcellence.org/nicaragua-2024/,FALSE,reported,Washed,Washed,Conventional,NA,reported process,11,11,la ilusion,rodrigo jose albir vilchez,95f3bb26fec856b9|COE|NA|11,NA,NA,NA,NA,NA,NA,FALSE,FALSE
95f3bb26fec856b9,Nicaragua 2024,COE,Nicaragua,2024,COE,NA,12,88.25,La Libertad,Danys Joel Pastrana Gomez,Natural,Bourbon,Nueva Segovia,https://allianceforcoffeeexcellence.org/nicaragua-2024/,FALSE,reported,Natural,Natural,Conventional,NA,reported process,12,12,la libertad,danys joel pastrana gomez,95f3bb26fec856b9|COE|NA|12,NA,NA,NA,NA,NA,NA,FALSE,FALSE
95f3bb26fec856b9,Nicaragua 2024,COE,Nicaragua,2024,COE,NA,13,88.2,Santa Maria De Lourdes,Octavio Jose Peralta Paguagua,Natural,Bourbon,Nueva Segovia,https://allianceforcoffeeexcellence.org/nicaragua-2024/,FALSE,reported,Natural,Natural,Conventional,NA,reported process,13,13,santa maria de lourdes,octavio jose peralta paguagua,95f3bb26fec856b9|COE|NA|13,NA,NA,NA,NA,NA,NA,FALSE,FALSE
95f3bb26fec856b9,Nicaragua 2024,COE,Nicaragua,2024,COE,NA,14,88.05,Santa Cruz,[o]  Sara Isabel Corrales Rivas,Honey,Maracaturra,Matagalpa,https://allianceforcoffeeexcellence.org/nicaragua-2024/,FALSE,reported,Honey / pulped natural,Honey / pulped natural,Conventional,NA,reported process,14,14,santa cruz,o sara isabel corrales rivas,95f3bb26fec856b9|COE|NA|14,NA,NA,NA,NA,NA,NA,FALSE,FALSE
95f3bb26fec856b9,Nicaragua 2024,COE,Nicaragua,2024,COE,NA,15,87.9,El Poste,Guillermo Montenegro Ayestas,Lavado,Catuai,Nueva Segovia,https://allianceforcoffeeexcellence.org/nicaragua-2024/,FALSE,reported,Washed,Washed,Conventional,NA,reported process,15,15,el poste,guillermo montenegro ayestas,95f3bb26fec856b9|COE|NA|15,NA,NA,NA,NA,NA,NA,FALSE,FALSE
95f3bb26fec856b9,Nicaragua 2024,COE,Nicaragua,2024,COE,NA,16,87.85,De La Coffee Farm,De La Finca Coffe/ Casa Rivas Gurdian,Lavado,Maragogype,Madriz,https://allianceforcoffeeexcellence.org/nicaragua-2024/,FALSE,reported,Washed,Washed,Conventional,NA,reported process,16,16,de la coffee farm,de la finca coffe casa rivas gurdian,95f3bb26fec856b9|COE|NA|16,NA,NA,NA,NA,NA,NA,FALSE,FALSE
95f3bb26fec856b9,Nicaragua 2024,COE,Nicaragua,2024,COE,NA,17,87.8,Bella Aurora,Luis Joaquin Lovo Gutierrez,Lavado,Maracaturra,Nueva Segovia,https://allianceforcoffeeexcellence.org/nicaragua-2024/,FALSE,reported,Washed,Washed,Conventional,NA,reported process,17,17,bella aurora,luis joaquin lovo gutierrez,95f3bb26fec856b9|COE|NA|17,NA,NA,NA,NA,NA,NA,FALSE,FALSE
95f3bb26fec856b9,Nicaragua 2024,COE,Nicaragua,2024,COE,NA,18,87.75,El Porvenir,Martha Margarita Marin Rodriguez,Lavado,Maragogype,Nueva Segovia,https://allianceforcoffeeexcellence.org/nicaragua-2024/,FALSE,reported,Washed,Washed,Conventional,NA,reported process,18,18,el porvenir,martha margarita marin rodriguez,95f3bb26fec856b9|COE|NA|18,NA,NA,NA,NA,NA,NA,FALSE,FALSE
95f3bb26fec856b9,Nicaragua 2024,COE,Nicaragua,2024,COE,NA,19,87.7,El Porvenir,Pedro Monzon Castilblanco,Lavado,Pacamara,Jinotega,https://allianceforcoffeeexcellence.org/nicaragua-2024/,FALSE,reported,Washed,Washed,Conventional,NA,reported process,19,19,el porvenir,pedro monzon castilblanco,95f3bb26fec856b9|COE|NA|19,NA,NA,NA,NA,NA,NA,FALSE,FALSE
95f3bb26fec856b9,Nicaragua 2024,COE,Nicaragua,2024,COE,NA,2,89.85,Los Suyates,Leticia Milagros Gonzalez Morazan,Natural,Paraneima,Nueva Segovia,https://allianceforcoffeeexcellence.org/nicaragua-2024/,FALSE,reported,Natural,Natural,Conventional,NA,reported process,2,2,los suyates,leticia milagros gonzalez morazan,95f3bb26fec856b9|COE|NA|2,NA,NA,NA,NA,NA,NA,FALSE,FALSE
95f3bb26fec856b9,Nicaragua 2024,COE,Nicaragua,2024,COE,NA,20,87.6,Volcancitos,Sergio Antonio Gutierrez Zavala,Lavado,Pacamara,Nueva Segovia,https://allianceforcoffeeexcellence.org/nicaragua-2024/,FALSE,reported,Washed,Washed,Conventional,NA,reported process,20,20,volcancitos,sergio antonio gutierrez zavala,95f3bb26fec856b9|COE|NA|20,NA,NA,NA,NA,NA,NA,FALSE,FALSE
95f3bb26fec856b9,Nicaragua 2024,COE,Nicaragua,2024,COE,NA,21,87.6,Buena Vista,Roger Esau Herrera Ortez,Lavado,Cautai-Paraneima,Nueva Segovia,https://allianceforcoffeeexcellence.org/nicaragua-2024/,FALSE,reported,Washed,Washed,Conventional,NA,reported process,21,21,buena vista,roger esau herrera ortez,95f3bb26fec856b9|COE|NA|21,NA,NA,NA,NA,NA,NA,FALSE,FALSE
95f3bb26fec856b9,Nicaragua 2024,COE,Nicaragua,2024,COE,NA,22,87.6,Los Alamos,Camilo Jose Garcia Montecino,Lavado,Catuai-Caturra,Nueva Segovia,https://allianceforcoffeeexcellence.org/nicaragua-2024/,FALSE,reported,Washed,Washed,Conventional,NA,reported process,22,22,los alamos,camilo jose garcia montecino,95f3bb26fec856b9|COE|NA|22,NA,NA,NA,NA,NA,NA,FALSE,FALSE
95f3bb26fec856b9,Nicaragua 2024,COE,Nicaragua,2024,COE,NA,23,87.55,La Picona,Olga Marina Gonzalez,Honey,Maracaturra,Nueva Segovia,https://allianceforcoffeeexcellence.org/nicaragua-2024/,FALSE,reported,Honey / pulped natural,Honey / pulped natural,Conventional,NA,reported process,23,23,la picona,olga marina gonzalez,95f3bb26fec856b9|COE|NA|23,NA,NA,NA,NA,NA,NA,FALSE,FALSE
95f3bb26fec856b9,Nicaragua 2024,COE,Nicaragua,2024,COE,NA,24,87.5,La Esperanza,Carlos Alexander Lopez,Lavado,Catuai,Nueva Segovia,https://allianceforcoffeeexcellence.org/nicaragua-2024/,FALSE,reported,Washed,Washed,Conventional,NA,reported process,24,24,la esperanza,carlos alexander lopez,95f3bb26fec856b9|COE|NA|24,NA,NA,NA,NA,NA,NA,FALSE,FALSE
95f3bb26fec856b9,Nicaragua 2024,COE,Nicaragua,2024,COE,NA,25,87.45,Hugo Medina,Yadira Medina De Morgan,Lavado,Pacamara,Jinotega,https://allianceforcoffeeexcellence.org/nicaragua-2024/,FALSE,reported,Washed,Washed,Conventional,NA,reported process,25,25,hugo medina,yadira medina de morgan,95f3bb26fec856b9|COE|NA|25,NA,NA,NA,NA,NA,NA,FALSE,FALSE
95f3bb26fec856b9,Nicaragua 2024,COE,Nicaragua,2024,COE,NA,26,87.45,La Guadalupana,Angelica Lineth Gomez Lopez,Lavado,Catuai,Nueva Segovia,https://allianceforcoffeeexcellence.org/nicaragua-2024/,FALSE,reported,Washed,Washed,Conventional,NA,reported process,26,26,la guadalupana,angelica lineth gomez lopez,95f3bb26fec856b9|COE|NA|26,NA,NA,NA,NA,NA,NA,FALSE,FALSE
95f3bb26fec856b9,Nicaragua 2024,COE,Nicaragua,2024,COE,NA,27,87.35,Fila Quemada,Rony Jose Herrera Ortez,Lavado,Catuai,Nueva Segovia,https://allianceforcoffeeexcellence.org/nicaragua-2024/,FALSE,reported,Washed,Washed,Conventional,NA,reported process,27,27,fila quemada,rony jose herrera ortez,95f3bb26fec856b9|COE|NA|27,NA,NA,NA,NA,NA,NA,FALSE,FALSE
95f3bb26fec856b9,Nicaragua 2024,COE,Nicaragua,2024,COE,NA,28,87.25,El Jordan,Luis Alberto Blandon Zelaya,Natural,Pacamara Rojo,Jinotega,https://allianceforcoffeeexcellence.org/nicaragua-2024/,FALSE,reported,Natural,Natural,Conventional,NA,reported process,28,28,el jordan,luis alberto blandon zelaya,95f3bb26fec856b9|COE|NA|28,NA,NA,NA,NA,NA,NA,FALSE,FALSE
95f3bb26fec856b9,Nicaragua 2024,COE,Nicaragua,2024,COE,NA,29,87.25,Virgen De La Piedra,German Isacio Ortez Quiñonez,Lavado,Catuai,Nueva Segovia,https://allianceforcoffeeexcellence.org/nicaragua-2024/,FALSE,reported,Washed,Washed,Conventional,NA,reported process,29,29,virgen de la piedra,german isacio ortez quinonez,95f3bb26fec856b9|COE|NA|29,NA,NA,NA,NA,NA,NA,FALSE,FALSE
95f3bb26fec856b9,Nicaragua 2024,COE,Nicaragua,2024,COE,NA,3,89.8,Libre,"Coffe Libre  S,A",Natural,Geisha,Nueva Segovia,https://allianceforcoffeeexcellence.org/nicaragua-2024/,FALSE,reported,Natural,Natural,Conventional,NA,reported process,3,3,libre,coffe libre s a,95f3bb26fec856b9|COE|NA|3,NA,NA,NA,NA,NA,NA,FALSE,FALSE
95f3bb26fec856b9,Nicaragua 2024,COE,Nicaragua,2024,COE,NA,30,87.2,Las Hortencias,Ana Maria Albir Sotomayor,Lavado,Catuai Rojo,Nueva Segovia,https://allianceforcoffeeexcellence.org/nicaragua-2024/,FALSE,reported,Washed,Washed,Conventional,NA,reported process,30,30,las hortencias,ana maria albir sotomayor,95f3bb26fec856b9|COE|NA|30,NA,NA,NA,NA,NA,NA,FALSE,FALSE
95f3bb26fec856b9,Nicaragua 2024,COE,Nicaragua,2024,COE,NA,4,89.45,Paraiso,Taris Chenoa Acuña Jimenez,Natural,Geisha,Nueva Segovia,https://allianceforcoffeeexcellence.org/nicaragua-2024/,FALSE,reported,Natural,Natural,Conventional,NA,reported process,4,4,paraiso,taris chenoa acuna jimenez,95f3bb26fec856b9|COE|NA|4,NA,NA,NA,NA,NA,NA,FALSE,FALSE
95f3bb26fec856b9,Nicaragua 2024,COE,Nicaragua,2024,COE,NA,5,89.45,El Cambalache,Abner Samuel Zavala,Natural,Maracaturra,Nueva Segovia,https://allianceforcoffeeexcellence.org/nicaragua-2024/,FALSE,reported,Natural,Natural,Conventional,NA,reported process,5,5,el cambalache,abner samuel zavala,95f3bb26fec856b9|COE|NA|5,NA,NA,NA,NA,NA,NA,FALSE,FALSE
95f3bb26fec856b9,Nicaragua 2024,COE,Nicaragua,2024,COE,NA,6,89.35,El Porvenir,Sergio Noe Ortez,Lavado,Pacamara,Nueva Segovia,https://allianceforcoffeeexcellence.org/nicaragua-2024/,FALSE,reported,Washed,Washed,Conventional,NA,reported process,6,6,el porvenir,sergio noe ortez,95f3bb26fec856b9|COE|NA|6,NA,NA,NA,NA,NA,NA,FALSE,FALSE
95f3bb26fec856b9,Nicaragua 2024,COE,Nicaragua,2024,COE,NA,7,89.35,Buenos Aires,Inversiones Valladarez Acevedo S.A,Natural,Maracaturra,Nueva Segovia,https://allianceforcoffeeexcellence.org/nicaragua-2024/,FALSE,reported,Natural,Natural,Conventional,NA,reported process,7,7,buenos aires,inversiones valladarez acevedo s a,95f3bb26fec856b9|COE|NA|7,NA,NA,NA,NA,NA,NA,FALSE,FALSE
95f3bb26fec856b9,Nicaragua 2024,COE,Nicaragua,2024,COE,NA,8,89.2,Jesus Mountain Coffe Company,Jesus Montain Coffe Company,Lavado,Pacamara,Nueva Segovia,https://allianceforcoffeeexcellence.org/nicaragua-2024/,FALSE,reported,Washed,Washed,Conventional,NA,reported process,8,8,jesus mountain coffe company,jesus montain coffe company,95f3bb26fec856b9|COE|NA|8,NA,NA,NA,NA,NA,NA,FALSE,FALSE
95f3bb26fec856b9,Nicaragua 2024,COE,Nicaragua,2024,COE,NA,9,88.7,La Furiosa,"Coffe Libre  S,A",Lavado,Etiope,Nueva Segovia,https://allianceforcoffeeexcellence.org/nicaragua-2024/,FALSE,reported,Washed,Washed,Conventional,NA,reported process,9,9,la furiosa,coffe libre s a,95f3bb26fec856b9|COE|NA|9,NA,NA,NA,NA,NA,NA,FALSE,FALSE
7eda394b87ad5966,Nicaragua 2025,COE,Nicaragua,2025,COE,Washed Processes,1A,90.73,La Esperanza,Abner Samuel Zavala,Washed,Geisha,Nueva Segovia,https://allianceforcoffeeexcellence.org/nicaragua-2025/,FALSE,reported,Washed,Washed,Conventional,NA,reported process,1A,1,la esperanza,abner samuel zavala,7eda394b87ad5966|COE|Washed Processes|1,NA,NA,NA,NA,NA,NA,FALSE,FALSE
7eda394b87ad5966,Nicaragua 2025,COE,Nicaragua,2025,COE,Natural & Honey,1A,91.77,Elite,Olman Uriel Sauceda Chavez,Honey,Geisha,Nueva Segovia,https://allianceforcoffeeexcellence.org/nicaragua-2025/,FALSE,reported,Honey / pulped natural,Honey / pulped natural,Conventional,NA,reported process,1A,1,elite,olman uriel sauceda chavez,7eda394b87ad5966|COE|Natural & Honey|1,NA,NA,NA,NA,NA,NA,FALSE,FALSE
7eda394b87ad5966,Nicaragua 2025,COE,Nicaragua,2025,COE,Washed Processes,10,87.41,El Povenir,Pedro Monzon Castilblanco,Washed,Maracaturra,Jinotega,https://allianceforcoffeeexcellence.org/nicaragua-2025/,FALSE,reported,Washed,Washed,Conventional,NA,reported process,10,10,el povenir,pedro monzon castilblanco,7eda394b87ad5966|COE|Washed Processes|10,NA,NA,NA,NA,NA,NA,FALSE,FALSE
7eda394b87ad5966,Nicaragua 2025,COE,Nicaragua,2025,COE,Natural & Honey,10,88,Los Congos,Leyman Aaron Blandino Romero,Natural,Bourbon Rosado,Nueva Segovia,https://allianceforcoffeeexcellence.org/nicaragua-2025/,FALSE,reported,Natural,Natural,Conventional,NA,reported process,10,10,los congos,leyman aaron blandino romero,7eda394b87ad5966|COE|Natural & Honey|10,NA,NA,NA,NA,NA,NA,FALSE,FALSE
7eda394b87ad5966,Nicaragua 2025,COE,Nicaragua,2025,COE,Washed Processes,11,87.36,El Palacio,Fernando José Chaves Rocaglio,Washed,Pacamara,Jinotega,https://allianceforcoffeeexcellence.org/nicaragua-2025/,FALSE,reported,Washed,Washed,Conventional,NA,reported process,11,11,el palacio,fernando jose chaves rocaglio,7eda394b87ad5966|COE|Washed Processes|11,NA,NA,NA,NA,NA,NA,FALSE,FALSE
7eda394b87ad5966,Nicaragua 2025,COE,Nicaragua,2025,COE,Natural & Honey,11,87.86,San Antonio,Michael Ramon Gunkel Mairena,Natural,Pacamara,Matagalpa,https://allianceforcoffeeexcellence.org/nicaragua-2025/,FALSE,reported,Natural,Natural,Conventional,NA,reported process,11,11,san antonio,michael ramon gunkel mairena,7eda394b87ad5966|COE|Natural & Honey|11,NA,NA,NA,NA,NA,NA,FALSE,FALSE
7eda394b87ad5966,Nicaragua 2025,COE,Nicaragua,2025,COE,Washed Processes,12,87.27,El Poste,Guillermo Montenegro Ayestas,Washed,Maragogype,Nueva Segovia,https://allianceforcoffeeexcellence.org/nicaragua-2025/,FALSE,reported,Washed,Washed,Conventional,NA,reported process,12,12,el poste,guillermo montenegro ayestas,7eda394b87ad5966|COE|Washed Processes|12,NA,NA,NA,NA,NA,NA,FALSE,FALSE
7eda394b87ad5966,Nicaragua 2025,COE,Nicaragua,2025,COE,Natural & Honey,12,87.64,Los Altiplanos,Ricardo Cuadra Fajardo,Natural,Pacamara,Jinotega,https://allianceforcoffeeexcellence.org/nicaragua-2025/,FALSE,reported,Natural,Natural,Conventional,NA,reported process,12,12,los altiplanos,ricardo cuadra fajardo,7eda394b87ad5966|COE|Natural & Honey|12,NA,NA,NA,NA,NA,NA,FALSE,FALSE
7eda394b87ad5966,Nicaragua 2025,COE,Nicaragua,2025,COE,Washed Processes,13,87.14,Las Hortencias,Ana Maria Albir Sotomayor,Washed,Catuai Rojo,Nueva Segovia,https://allianceforcoffeeexcellence.org/nicaragua-2025/,FALSE,reported,Washed,Washed,Conventional,NA,reported process,13,13,las hortencias,ana maria albir sotomayor,7eda394b87ad5966|COE|Washed Processes|13,NA,NA,NA,NA,NA,NA,FALSE,FALSE
7eda394b87ad5966,Nicaragua 2025,COE,Nicaragua,2025,COE,Natural & Honey,13,87.55,Brisas Del Mogoton,Mauricio Antonio Jimenez Ferrufino,Natural,Geisha,Nueva Segovia,https://allianceforcoffeeexcellence.org/nicaragua-2025/,FALSE,reported,Natural,Natural,Conventional,NA,reported process,13,13,brisas del mogoton,mauricio antonio jimenez ferrufino,7eda394b87ad5966|COE|Natural & Honey|13,NA,NA,NA,NA,NA,NA,FALSE,FALSE
7eda394b87ad5966,Nicaragua 2025,COE,Nicaragua,2025,COE,Washed Processes,14,87.09,El Porvenir,Claudia Maria Rivera Siles,Washed,Maragogype,Jinotega,https://allianceforcoffeeexcellence.org/nicaragua-2025/,FALSE,reported,Washed,Washed,Conventional,NA,reported process,14,14,el porvenir,claudia maria rivera siles,7eda394b87ad5966|COE|Washed Processes|14,NA,NA,NA,NA,NA,NA,FALSE,FALSE
7eda394b87ad5966,Nicaragua 2025,COE,Nicaragua,2025,COE,Natural & Honey,14,87.41,El Liquidambar,Sergio Antonio Gutierrez Zavala,Natural,Catuai Rojo,Nueva Segovia,https://allianceforcoffeeexcellence.org/nicaragua-2025/,FALSE,reported,Natural,Natural,Conventional,NA,reported process,14,14,el liquidambar,sergio antonio gutierrez zavala,7eda394b87ad5966|COE|Natural & Honey|14,NA,NA,NA,NA,NA,NA,FALSE,FALSE
7eda394b87ad5966,Nicaragua 2025,COE,Nicaragua,2025,COE,Washed Processes,15,87.05,Bella Aurora,Luis Joaquin Lovo Gutierrez,Washed,Maracaturra,Nueva Segovia,https://allianceforcoffeeexcellence.org/nicaragua-2025/,FALSE,reported,Washed,Washed,Conventional,NA,reported process,15,15,bella aurora,luis joaquin lovo gutierrez,7eda394b87ad5966|COE|Washed Processes|15,NA,NA,NA,NA,NA,NA,FALSE,FALSE
7eda394b87ad5966,Nicaragua 2025,COE,Nicaragua,2025,COE,Natural & Honey,15,87.23,La ´Picona,Martha Lucia Albir Sotomayor,Natural,Maracaturra,Nueva Segovia,https://allianceforcoffeeexcellence.org/nicaragua-2025/,FALSE,reported,Natural,Natural,Conventional,NA,reported process,15,15,la picona,martha lucia albir sotomayor,7eda394b87ad5966|COE|Natural & Honey|15,NA,NA,NA,NA,NA,NA,FALSE,FALSE
7eda394b87ad5966,Nicaragua 2025,COE,Nicaragua,2025,COE,Washed Processes,2,90.5,Solidaridad,ose Ramon Jarquin,Washed,Maracaturra,Matagalpa,https://allianceforcoffeeexcellence.org/nicaragua-2025/,FALSE,reported,Washed,Washed,Conventional,NA,reported process,2,2,solidaridad,ose ramon jarquin,7eda394b87ad5966|COE|Washed Processes|2,NA,NA,NA,NA,NA,NA,FALSE,FALSE
7eda394b87ad5966,Nicaragua 2025,COE,Nicaragua,2025,COE,Natural & Honey,2,90.59,El Porvenir,Sergio Noe Ortez Ortez,Natural,Pacamara,Nueva Segovia,https://allianceforcoffeeexcellence.org/nicaragua-2025/,FALSE,reported,Natural,Natural,Conventional,NA,reported process,2,2,el porvenir,sergio noe ortez ortez,7eda394b87ad5966|COE|Natural & Honey|2,NA,NA,NA,NA,NA,NA,FALSE,FALSE
7eda394b87ad5966,Nicaragua 2025,COE,Nicaragua,2025,COE,Washed Processes,3,90.45,El Porvenir,Martha Margarita Marin Rodriguez,Washed,Maragogype,Nueva Segovia,https://allianceforcoffeeexcellence.org/nicaragua-2025/,FALSE,reported,Washed,Washed,Conventional,NA,reported process,3,3,el porvenir,martha margarita marin rodriguez,7eda394b87ad5966|COE|Washed Processes|3,NA,NA,NA,NA,NA,NA,FALSE,FALSE
7eda394b87ad5966,Nicaragua 2025,COE,Nicaragua,2025,COE,Natural & Honey,3,90.27,Buenos Aires,Inversiones Valladarez Acevedo S.A,Natural,Maracaturra,Nueva Segovia,https://allianceforcoffeeexcellence.org/nicaragua-2025/,FALSE,reported,Natural,Natural,Conventional,NA,reported process,3,3,buenos aires,inversiones valladarez acevedo s a,7eda394b87ad5966|COE|Natural & Honey|3,NA,NA,NA,NA,NA,NA,FALSE,FALSE
7eda394b87ad5966,Nicaragua 2025,COE,Nicaragua,2025,COE,Washed Processes,4,90.14,Los Alpes,Inversiones Valladarez Acevedo S.A,Washed,Geisha,Nueva Segovia,https://allianceforcoffeeexcellence.org/nicaragua-2025/,FALSE,reported,Washed,Washed,Conventional,NA,reported process,4,4,los alpes,inversiones valladarez acevedo s a,7eda394b87ad5966|COE|Washed Processes|4,NA,NA,NA,NA,NA,NA,FALSE,FALSE
7eda394b87ad5966,Nicaragua 2025,COE,Nicaragua,2025,COE,Natural & Honey,4,89.77,Finca Paraiso,Taris Chenoa Acuña Jimenez,Natural,Geisha,Nueva Segovia,https://allianceforcoffeeexcellence.org/nicaragua-2025/,FALSE,reported,Natural,Natural,Conventional,NA,reported process,4,4,finca paraiso,taris chenoa acuna jimenez,7eda394b87ad5966|COE|Natural & Honey|4,NA,NA,NA,NA,NA,NA,FALSE,FALSE
7eda394b87ad5966,Nicaragua 2025,COE,Nicaragua,2025,COE,Washed Processes,5,89.36,San Judas Tadeo,Angelica Lineth  Gomez Lopez,Washed,Catuai,Nueva Segovia,https://allianceforcoffeeexcellence.org/nicaragua-2025/,FALSE,reported,Washed,Washed,Conventional,NA,reported process,5,5,san judas tadeo,angelica lineth gomez lopez,7eda394b87ad5966|COE|Washed Processes|5,NA,NA,NA,NA,NA,NA,FALSE,FALSE
7eda394b87ad5966,Nicaragua 2025,COE,Nicaragua,2025,COE,Natural & Honey,5,88.86,El Guacalito,Edwin David Zuniga Zelaya,Natural,Africano,Nueva Segovia,https://allianceforcoffeeexcellence.org/nicaragua-2025/,FALSE,reported,Natural,Natural,Conventional,NA,reported process,5,5,el guacalito,edwin david zuniga zelaya,7eda394b87ad5966|COE|Natural & Honey|5,NA,NA,NA,NA,NA,NA,FALSE,FALSE
7eda394b87ad5966,Nicaragua 2025,COE,Nicaragua,2025,COE,Washed Processes,6,87.73,Los Granadillos,Francisco Ponce,Washed,Maragogype,Nueva Segovia,https://allianceforcoffeeexcellence.org/nicaragua-2025/,FALSE,reported,Washed,Washed,Conventional,NA,reported process,6,6,los granadillos,francisco ponce,7eda394b87ad5966|COE|Washed Processes|6,NA,NA,NA,NA,NA,NA,FALSE,FALSE
7eda394b87ad5966,Nicaragua 2025,COE,Nicaragua,2025,COE,Natural & Honey,6,88.18,Las Neblinas,Carlos Alberto Cruz Lopez,Natural,Parainema,Nueva Segovia,https://allianceforcoffeeexcellence.org/nicaragua-2025/,FALSE,reported,Natural,Natural,Conventional,NA,reported process,6,6,las neblinas,carlos alberto cruz lopez,7eda394b87ad5966|COE|Natural & Honey|6,NA,NA,NA,NA,NA,NA,FALSE,FALSE
7eda394b87ad5966,Nicaragua 2025,COE,Nicaragua,2025,COE,Washed Processes,7,87.64,San Ramon,Xavier Alejandro Roque Blandino,Washed,Maracaturra,Nueva Segovia,https://allianceforcoffeeexcellence.org/nicaragua-2025/,FALSE,reported,Washed,Washed,Conventional,NA,reported process,7,7,san ramon,xavier alejandro roque blandino,7eda394b87ad5966|COE|Washed Processes|7,NA,NA,NA,NA,NA,NA,FALSE,FALSE
7eda394b87ad5966,Nicaragua 2025,COE,Nicaragua,2025,COE,Natural & Honey,7,88.18,De La Finca Coffe Farm,Heberto Arturo Rivas/ De La Finca Coffe,Natural,Maragogype,Madriz,https://allianceforcoffeeexcellence.org/nicaragua-2025/,FALSE,reported,Natural,Natural,Conventional,NA,reported process,7,7,de la finca coffe farm,heberto arturo rivas de la finca coffe,7eda394b87ad5966|COE|Natural & Honey|7,NA,NA,NA,NA,NA,NA,FALSE,FALSE
7eda394b87ad5966,Nicaragua 2025,COE,Nicaragua,2025,COE,Washed Processes,8,87.59,Hugo Medina,Yadira Medina Olivas,Washed,Pacamara,Jinotega,https://allianceforcoffeeexcellence.org/nicaragua-2025/,FALSE,reported,Washed,Washed,Conventional,NA,reported process,8,8,hugo medina,yadira medina olivas,7eda394b87ad5966|COE|Washed Processes|8,NA,NA,NA,NA,NA,NA,FALSE,FALSE
7eda394b87ad5966,Nicaragua 2025,COE,Nicaragua,2025,COE,Natural & Honey,8,88.14,Un Regalo De Dios,Luis Alberto Balladarez Moncada,Natural,Maracaturra,Nueva Segovia,https://allianceforcoffeeexcellence.org/nicaragua-2025/,FALSE,reported,Natural,Natural,Conventional,NA,reported process,8,8,un regalo de dios,luis alberto balladarez moncada,7eda394b87ad5966|COE|Natural & Honey|8,NA,NA,NA,NA,NA,NA,FALSE,FALSE
7eda394b87ad5966,Nicaragua 2025,COE,Nicaragua,2025,COE,Washed Processes,9,87.41,La Furiosa,"Coffe Libre  S,A",Washed,74158,Nueva Segovia,https://allianceforcoffeeexcellence.org/nicaragua-2025/,FALSE,reported,Washed,Washed,Conventional,NA,reported process,9,9,la furiosa,coffe libre s a,7eda394b87ad5966|COE|Washed Processes|9,NA,NA,NA,NA,NA,NA,FALSE,FALSE
7eda394b87ad5966,Nicaragua 2025,COE,Nicaragua,2025,COE,Natural & Honey,9,88,San Jose N° 1,Gloria Lydia Molina Sanchez,Natural,Maragogype,Matagalpa,https://allianceforcoffeeexcellence.org/nicaragua-2025/,FALSE,reported,Natural,Natural,Conventional,NA,reported process,9,9,san jose n 1,gloria lydia molina sanchez,7eda394b87ad5966|COE|Natural & Honey|9,NA,NA,NA,NA,NA,NA,FALSE,FALSE
4e0a635e5b9cd136,2018,COE,Peru,2018,COE,NA,1a,91.08,Nueva Alianza,Dwigth Aguilar Masias,Washed,Geisha,Cusco,https://allianceforcoffeeexcellence.org/peru-2018/,FALSE,reported,Washed,Washed,Conventional,NA,reported process,1A,1,nueva alianza,dwigth aguilar masias,4e0a635e5b9cd136|COE|NA|1,NA,NA,NA,NA,NA,NA,FALSE,FALSE
4e0a635e5b9cd136,2018,COE,Peru,2018,COE,NA,10,88.2,El Shimir,Fredy Bermeo Guevara,Washed,Caturra and Bourbon,Cajamarca,https://allianceforcoffeeexcellence.org/peru-2018/,FALSE,reported,Washed,Washed,Conventional,NA,reported process,10,10,el shimir,fredy bermeo guevara,4e0a635e5b9cd136|COE|NA|10,NA,NA,NA,NA,NA,NA,FALSE,FALSE
4e0a635e5b9cd136,2018,COE,Peru,2018,COE,NA,11,87.62,Joyas De Alied,Delia Capquique Quispe,Washed,Bourbon,Puno,https://allianceforcoffeeexcellence.org/peru-2018/,FALSE,reported,Washed,Washed,Conventional,NA,reported process,11,11,joyas de alied,delia capquique quispe,4e0a635e5b9cd136|COE|NA|11,NA,NA,NA,NA,NA,NA,FALSE,FALSE
4e0a635e5b9cd136,2018,COE,Peru,2018,COE,NA,12,87.48,Tres Cumbres,Alejandro Diaz Goicochea,Washed,Caturra and Typica,Junin,https://allianceforcoffeeexcellence.org/peru-2018/,FALSE,reported,Washed,Washed,Conventional,NA,reported process,12,12,tres cumbres,alejandro diaz goicochea,4e0a635e5b9cd136|COE|NA|12,NA,NA,NA,NA,NA,NA,FALSE,FALSE
4e0a635e5b9cd136,2018,COE,Peru,2018,COE,NA,13,87.4,Picorana,José Christian Laván Guerrero,Washed,"Caturra, Geisha",Cajamarca,https://allianceforcoffeeexcellence.org/peru-2018/,FALSE,reported,Washed,Washed,Conventional,NA,reported process,13,13,picorana,jose christian lavan guerrero,4e0a635e5b9cd136|COE|NA|13,NA,NA,NA,NA,NA,NA,FALSE,FALSE
4e0a635e5b9cd136,2018,COE,Peru,2018,COE,NA,14,87.38,Cubos,Mel Francisco Cubos Espinoza,Washed,Caturra,Huancuo,https://allianceforcoffeeexcellence.org/peru-2018/,FALSE,reported,Washed,Washed,Conventional,NA,reported process,14,14,cubos,mel francisco cubos espinoza,4e0a635e5b9cd136|COE|NA|14,NA,NA,NA,NA,NA,NA,FALSE,FALSE
4e0a635e5b9cd136,2018,COE,Peru,2018,COE,NA,15,87.36,El Cerro,Efraín Carhuallocllo Salvado,Washed,Caturra Amarilla,Cajamarca,https://allianceforcoffeeexcellence.org/peru-2018/,FALSE,reported,Washed,Washed,Conventional,NA,reported process,15,15,el cerro,efrain carhuallocllo salvado,4e0a635e5b9cd136|COE|NA|15,NA,NA,NA,NA,NA,NA,FALSE,FALSE
4e0a635e5b9cd136,2018,COE,Peru,2018,COE,NA,16,87.24,Rayos del Sol,Percy Pintado Huamán,Washed,"Caturra, Bourbon",Cajamarca,https://allianceforcoffeeexcellence.org/peru-2018/,FALSE,reported,Washed,Washed,Conventional,NA,reported process,16,16,rayos del sol,percy pintado huaman,4e0a635e5b9cd136|COE|NA|16,NA,NA,NA,NA,NA,NA,FALSE,FALSE
4e0a635e5b9cd136,2018,COE,Peru,2018,COE,NA,17,87.05,La Palestina,José Praxedes Alarcón Coronel,Washed,"Caturra, Bourbon",Cajamarca,https://allianceforcoffeeexcellence.org/peru-2018/,FALSE,reported,Washed,Washed,Conventional,NA,reported process,17,17,la palestina,jose praxedes alarcon coronel,4e0a635e5b9cd136|COE|NA|17,NA,NA,NA,NA,NA,NA,FALSE,FALSE
4e0a635e5b9cd136,2018,COE,Peru,2018,COE,NA,18,86.88,La Montaña,Vincler Velin Román Huamán,Washed,Caturra,Cajamarca,https://allianceforcoffeeexcellence.org/peru-2018/,FALSE,reported,Washed,Washed,Conventional,NA,reported process,18,18,la montana,vincler velin roman huaman,4e0a635e5b9cd136|COE|NA|18,NA,NA,NA,NA,NA,NA,FALSE,FALSE
4e0a635e5b9cd136,2018,COE,Peru,2018,COE,NA,19,86.76,Santa Norhy,Vicentina Phocco Palero,Washed,"Bourbon, Caturra, and Typica",Puno,https://allianceforcoffeeexcellence.org/peru-2018/,FALSE,reported,Washed,Washed,Conventional,NA,reported process,19,19,santa norhy,vicentina phocco palero,4e0a635e5b9cd136|COE|NA|19,NA,NA,NA,NA,NA,NA,FALSE,FALSE
4e0a635e5b9cd136,2018,COE,Peru,2018,COE,NA,2,89.85,La Palma,Damián Espinoza García,Washed,Caturra Amarrillo,Cajamarca,https://allianceforcoffeeexcellence.org/peru-2018/,FALSE,reported,Washed,Washed,Conventional,NA,reported process,2,2,la palma,damian espinoza garcia,4e0a635e5b9cd136|COE|NA|2,NA,NA,NA,NA,NA,NA,FALSE,FALSE
4e0a635e5b9cd136,2018,COE,Peru,2018,COE,NA,20,86.67,El Morito,David Flores Chilcon,Washed,Caturra,Cajamarca,https://allianceforcoffeeexcellence.org/peru-2018/,FALSE,reported,Washed,Washed,Conventional,NA,reported process,20,20,el morito,david flores chilcon,4e0a635e5b9cd136|COE|NA|20,NA,NA,NA,NA,NA,NA,FALSE,FALSE
4e0a635e5b9cd136,2018,COE,Peru,2018,COE,NA,21,86.31,La Lima,Jose Felipe Carhuachinchay Jimenez,Washed,Caturra and Bourbon,Cajamarca,https://allianceforcoffeeexcellence.org/peru-2018/,FALSE,reported,Washed,Washed,Conventional,NA,reported process,21,21,la lima,jose felipe carhuachinchay jimenez,4e0a635e5b9cd136|COE|NA|21,NA,NA,NA,NA,NA,NA,FALSE,FALSE
4e0a635e5b9cd136,2018,COE,Peru,2018,COE,NA,22,86.14,El Huailulo,Evelio Mego Díaz,Washed,"Caturra, Catimor",Cajamarca,https://allianceforcoffeeexcellence.org/peru-2018/,FALSE,reported,Washed,Washed,Conventional,NA,reported process,22,22,el huailulo,evelio mego diaz,4e0a635e5b9cd136|COE|NA|22,NA,NA,NA,NA,NA,NA,FALSE,FALSE
4e0a635e5b9cd136,2018,COE,Peru,2018,COE,NA,23,86.07,San Pedro,Luis Fernando Quispe Lopez,Washed,Geisha,Pasco,https://allianceforcoffeeexcellence.org/peru-2018/,FALSE,reported,Washed,Washed,Conventional,NA,reported process,23,23,san pedro,luis fernando quispe lopez,4e0a635e5b9cd136|COE|NA|23,NA,NA,NA,NA,NA,NA,FALSE,FALSE
4e0a635e5b9cd136,2018,COE,Peru,2018,COE,NA,3,89.58,El Romerillo,Franklin Chinguel Morales,Washed,Bourbon,Cajamarca,https://allianceforcoffeeexcellence.org/peru-2018/,FALSE,reported,Washed,Washed,Conventional,NA,reported process,3,3,el romerillo,franklin chinguel morales,4e0a635e5b9cd136|COE|NA|3,NA,NA,NA,NA,NA,NA,FALSE,FALSE
4e0a635e5b9cd136,2018,COE,Peru,2018,COE,NA,4,89.43,Candelaria,Florencia Mamani Calcina,Washed,Bourbon and Caturra Roja,Puno,https://allianceforcoffeeexcellence.org/peru-2018/,FALSE,reported,Washed,Washed,Conventional,NA,reported process,4,4,candelaria,florencia mamani calcina,4e0a635e5b9cd136|COE|NA|4,NA,NA,NA,NA,NA,NA,FALSE,FALSE
4e0a635e5b9cd136,2018,COE,Peru,2018,COE,NA,5,89.28,Santa Sofia,Eleuterio Bolaños Torrecillas,Washed,Caturra and Bourbon,Junin,https://allianceforcoffeeexcellence.org/peru-2018/,FALSE,reported,Washed,Washed,Conventional,NA,reported process,5,5,santa sofia,eleuterio bolanos torrecillas,4e0a635e5b9cd136|COE|NA|5,NA,NA,NA,NA,NA,NA,FALSE,FALSE
4e0a635e5b9cd136,2018,COE,Peru,2018,COE,NA,6,89.2,Rayo el Sol,Roxana Rangel Granda,Washed,Mundo Novo,Cajamarca,https://allianceforcoffeeexcellence.org/peru-2018/,FALSE,reported,Washed,Washed,Conventional,NA,reported process,6,6,rayo el sol,roxana rangel granda,4e0a635e5b9cd136|COE|NA|6,NA,NA,NA,NA,NA,NA,FALSE,FALSE
4e0a635e5b9cd136,2018,COE,Peru,2018,COE,NA,7,88.65,La Naranja,Elvis Reinerio Tineo Rafael,Washed,Caturra and Bourbon,Cajamarca,https://allianceforcoffeeexcellence.org/peru-2018/,FALSE,reported,Washed,Washed,Conventional,NA,reported process,7,7,la naranja,elvis reinerio tineo rafael,4e0a635e5b9cd136|COE|NA|7,NA,NA,NA,NA,NA,NA,FALSE,FALSE
4e0a635e5b9cd136,2018,COE,Peru,2018,COE,NA,8,88.45,La Reserva,Jesús Pilar Mijahuanca Rodriguez,Washed,Caturra and Costa Rica,Cajamarca,https://allianceforcoffeeexcellence.org/peru-2018/,FALSE,reported,Washed,Washed,Conventional,NA,reported process,8,8,la reserva,jesus pilar mijahuanca rodriguez,4e0a635e5b9cd136|COE|NA|8,NA,NA,NA,NA,NA,NA,FALSE,FALSE
4e0a635e5b9cd136,2018,COE,Peru,2018,COE,NA,9,88.23,Nueva Tierra de Canan,Frank Gurvich García Pariona,Washed,"Geisha, Pache, and Bourbon",Junin,https://allianceforcoffeeexcellence.org/peru-2018/,FALSE,reported,Washed,Washed,Conventional,NA,reported process,9,9,nueva tierra de canan,frank gurvich garcia pariona,4e0a635e5b9cd136|COE|NA|9,NA,NA,NA,NA,NA,NA,FALSE,FALSE
a9c5085d9aa7d8bf,2019,COE,Peru,2019,COE,NA,1a,92.28,La Lucuma,Grimanes Morales Lizana,Washed,Costa Rica 95,Cajamarca,https://allianceforcoffeeexcellence.org/peru-2019/,FALSE,reported,Washed,Washed,Conventional,NA,reported process,1A,1,la lucuma,grimanes morales lizana,a9c5085d9aa7d8bf|COE|NA|1,NA,NA,NA,NA,NA,NA,FALSE,FALSE
a9c5085d9aa7d8bf,2019,COE,Peru,2019,COE,NA,10,88.96,Esmeralda,Fabian Ortiz Coaquira,Washed,"Caturra, Gesha, Bourbon, Catimor",Junin,https://allianceforcoffeeexcellence.org/peru-2019/,FALSE,reported,Washed,Washed,Conventional,NA,reported process,10,10,esmeralda,fabian ortiz coaquira,a9c5085d9aa7d8bf|COE|NA|10,NA,NA,NA,NA,NA,NA,FALSE,FALSE
a9c5085d9aa7d8bf,2019,COE,Peru,2019,COE,NA,11,88.75,La Palestina,Zobeida Alarcon Coronel,Washed,"Bourbon, Caturra, Catimor",Cajamarca,https://allianceforcoffeeexcellence.org/peru-2019/,FALSE,reported,Washed,Washed,Conventional,NA,reported process,11,11,la palestina,zobeida alarcon coronel,a9c5085d9aa7d8bf|COE|NA|11,NA,NA,NA,NA,NA,NA,FALSE,FALSE
a9c5085d9aa7d8bf,2019,COE,Peru,2019,COE,NA,12,88.75,El Lechero,Idelio Ulises Nayra Armijor,Washed,"Caturra, Catuai, Bourbon,",Cajamarca,https://allianceforcoffeeexcellence.org/peru-2019/,FALSE,reported,Washed,Washed,Conventional,NA,reported process,12,12,el lechero,idelio ulises nayra armijor,a9c5085d9aa7d8bf|COE|NA|12,NA,NA,NA,NA,NA,NA,FALSE,FALSE
a9c5085d9aa7d8bf,2019,COE,Peru,2019,COE,NA,13,88.64,El Cedro,Nilson Silva Diaz,Washed,"Gesha, Typica",Amazonas,https://allianceforcoffeeexcellence.org/peru-2019/,FALSE,reported,Washed,Washed,Conventional,NA,reported process,13,13,el cedro,nilson silva diaz,a9c5085d9aa7d8bf|COE|NA|13,NA,NA,NA,NA,NA,NA,FALSE,FALSE
a9c5085d9aa7d8bf,2019,COE,Peru,2019,COE,NA,14,88.64,Las Orquideas,Amancio Zuñiga Aquino,Washed,Hibrido Bourbon,Huanuco,https://allianceforcoffeeexcellence.org/peru-2019/,FALSE,reported,Washed,Washed,Conventional,NA,reported process,14,14,las orquideas,amancio zuniga aquino,a9c5085d9aa7d8bf|COE|NA|14,NA,NA,NA,NA,NA,NA,FALSE,FALSE
a9c5085d9aa7d8bf,2019,COE,Peru,2019,COE,NA,15,88.63,La Perla,Rafael Arevalo Apolinar,Washed,Caturra,Cajamarca,https://allianceforcoffeeexcellence.org/peru-2019/,FALSE,reported,Washed,Washed,Conventional,NA,reported process,15,15,la perla,rafael arevalo apolinar,a9c5085d9aa7d8bf|COE|NA|15,NA,NA,NA,NA,NA,NA,FALSE,FALSE
a9c5085d9aa7d8bf,2019,COE,Peru,2019,COE,NA,16,88.18,Oropeza,Cruz Rodriguez Ortiz,Washed,"Caturra, Bourbon, Typica",Junin,https://allianceforcoffeeexcellence.org/peru-2019/,FALSE,reported,Washed,Washed,Conventional,NA,reported process,16,16,oropeza,cruz rodriguez ortiz,a9c5085d9aa7d8bf|COE|NA|16,NA,NA,NA,NA,NA,NA,FALSE,FALSE
a9c5085d9aa7d8bf,2019,COE,Peru,2019,COE,NA,17,88.14,Picorana,Jose Cristian Lavan Guerreo,Washed,"Caturra, Gesha",Cajamarca,https://allianceforcoffeeexcellence.org/peru-2019/,FALSE,reported,Washed,Washed,Conventional,NA,reported process,17,17,picorana,jose cristian lavan guerreo,a9c5085d9aa7d8bf|COE|NA|17,NA,NA,NA,NA,NA,NA,FALSE,FALSE
a9c5085d9aa7d8bf,2019,COE,Peru,2019,COE,NA,18,87.72,El Progreso,Agustin Cassa Ccoyo,Washed,"Bourbon, Caturra, Catimor",Cusco,https://allianceforcoffeeexcellence.org/peru-2019/,FALSE,reported,Washed,Washed,Conventional,NA,reported process,18,18,el progreso,agustin cassa ccoyo,a9c5085d9aa7d8bf|COE|NA|18,NA,NA,NA,NA,NA,NA,FALSE,FALSE
a9c5085d9aa7d8bf,2019,COE,Peru,2019,COE,NA,19,87.58,La Fila,Evaristo Castro Tantalean,Washed,"Caturra, Costa Rica",Cajamarca,https://allianceforcoffeeexcellence.org/peru-2019/,FALSE,reported,Washed,Washed,Conventional,NA,reported process,19,19,la fila,evaristo castro tantalean,a9c5085d9aa7d8bf|COE|NA|19,NA,NA,NA,NA,NA,NA,FALSE,FALSE
a9c5085d9aa7d8bf,2019,COE,Peru,2019,COE,NA,2a,91.44,Nuevo Progreso,Lucio Luque Vasquez,Washed,Gesha Bourbon Blend,Cusco,https://allianceforcoffeeexcellence.org/peru-2019/,FALSE,reported,Washed,Washed,Conventional,NA,reported process,2A,2,nuevo progreso,lucio luque vasquez,a9c5085d9aa7d8bf|COE|NA|2,NA,NA,NA,NA,NA,NA,FALSE,FALSE
a9c5085d9aa7d8bf,2019,COE,Peru,2019,COE,NA,20,87.36,Altos Cedruyoc,Juan Jose Huillca Singuña,Washed,"Bourbon, Mondonovo",Cusco,https://allianceforcoffeeexcellence.org/peru-2019/,FALSE,reported,Washed,Washed,Conventional,NA,reported process,20,20,altos cedruyoc,juan jose huillca singuna,a9c5085d9aa7d8bf|COE|NA|20,NA,NA,NA,NA,NA,NA,FALSE,FALSE
a9c5085d9aa7d8bf,2019,COE,Peru,2019,COE,NA,21,87.33,Parcela Cenfrocafe- Huabal,Jose Martin Vega Segovia,Honey,H1,Cajamarca,https://allianceforcoffeeexcellence.org/peru-2019/,FALSE,reported,Honey / pulped natural,Honey / pulped natural,Conventional,NA,reported process,21,21,parcela cenfrocafe huabal,jose martin vega segovia,a9c5085d9aa7d8bf|COE|NA|21,NA,NA,NA,NA,NA,NA,FALSE,FALSE
a9c5085d9aa7d8bf,2019,COE,Peru,2019,COE,NA,3a,91.4,Agua Dulce,Junior Guido Flores Elera,Washed,Catuai,Cajamarca,https://allianceforcoffeeexcellence.org/peru-2019/,FALSE,reported,Washed,Washed,Conventional,NA,reported process,3A,3,agua dulce,junior guido flores elera,a9c5085d9aa7d8bf|COE|NA|3,NA,NA,NA,NA,NA,NA,FALSE,FALSE
a9c5085d9aa7d8bf,2019,COE,Peru,2019,COE,NA,4,90.88,Romerillo,Franklin Chingel Morales,Washed,Bourbon,Cajamarca,https://allianceforcoffeeexcellence.org/peru-2019/,FALSE,reported,Washed,Washed,Conventional,NA,reported process,4,4,romerillo,franklin chingel morales,a9c5085d9aa7d8bf|COE|NA|4,NA,NA,NA,NA,NA,NA,FALSE,FALSE
a9c5085d9aa7d8bf,2019,COE,Peru,2019,COE,NA,5,90.47,Perla Mayo,Luz Nelli Alarcon Estela,Washed,"Caturra Rojo, Typica, Caturra Amarillo, Bourbon",Cajamarca,https://allianceforcoffeeexcellence.org/peru-2019/,FALSE,reported,Washed,Washed,Conventional,NA,reported process,5,5,perla mayo,luz nelli alarcon estela,a9c5085d9aa7d8bf|COE|NA|5,NA,NA,NA,NA,NA,NA,FALSE,FALSE
a9c5085d9aa7d8bf,2019,COE,Peru,2019,COE,NA,6,90.29,Santa Sofia,Eleuterio Bolaños Torresillas,Washed,"Caturra, Bourbon",Junin,https://allianceforcoffeeexcellence.org/peru-2019/,FALSE,reported,Washed,Washed,Conventional,NA,reported process,6,6,santa sofia,eleuterio bolanos torresillas,a9c5085d9aa7d8bf|COE|NA|6,NA,NA,NA,NA,NA,NA,FALSE,FALSE
a9c5085d9aa7d8bf,2019,COE,Peru,2019,COE,NA,7,89.69,Monte Rey,Felix Cachay Cueva,Washed,Caturra,Junin,https://allianceforcoffeeexcellence.org/peru-2019/,FALSE,reported,Washed,Washed,Conventional,NA,reported process,7,7,monte rey,felix cachay cueva,a9c5085d9aa7d8bf|COE|NA|7,NA,NA,NA,NA,NA,NA,FALSE,FALSE
a9c5085d9aa7d8bf,2019,COE,Peru,2019,COE,NA,8,89.32,Morales,Roiber Elit Becerra Fernandez,Washed,Caturra,Amazonas,https://allianceforcoffeeexcellence.org/peru-2019/,FALSE,reported,Washed,Washed,Conventional,NA,reported process,8,8,morales,roiber elit becerra fernandez,a9c5085d9aa7d8bf|COE|NA|8,NA,NA,NA,NA,NA,NA,FALSE,FALSE
a9c5085d9aa7d8bf,2019,COE,Peru,2019,COE,NA,9,89.18,Nueva Alianza,Dwight Aguilar Masias,Washed,Gesha,Cusco,https://allianceforcoffeeexcellence.org/peru-2019/,FALSE,reported,Washed,Washed,Conventional,NA,reported process,9,9,nueva alianza,dwight aguilar masias,a9c5085d9aa7d8bf|COE|NA|9,NA,NA,NA,NA,NA,NA,FALSE,FALSE
049e1f574d37b6f7,Peru 2021,COE,Peru,2021,COE,NA,1a,90.2,Nueva Alianza,Dwight Aguilar Masías,Washed,Gesha,Cusco,https://allianceforcoffeeexcellence.org/peru-2021/,FALSE,reported,Washed,Washed,Conventional,NA,reported process,1A,1,nueva alianza,dwight aguilar masias,049e1f574d37b6f7|COE|NA|1,NA,NA,NA,NA,NA,NA,FALSE,FALSE
049e1f574d37b6f7,Peru 2021,COE,Peru,2021,COE,NA,10,87.75,El Cedro,Nilson Silva Díaz,Natural,Gesha,Amazonas,https://allianceforcoffeeexcellence.org/peru-2021/,FALSE,reported,Natural,Natural,Conventional,NA,reported process,10,10,el cedro,nilson silva diaz,049e1f574d37b6f7|COE|NA|10,NA,NA,NA,NA,NA,NA,FALSE,FALSE
049e1f574d37b6f7,Peru 2021,COE,Peru,2021,COE,NA,11,87.72,Kukipata Belen,Feliciano Huayllas Candia,Washed,Gesha (Organic),Cusco,https://allianceforcoffeeexcellence.org/peru-2021/,FALSE,reported,Washed,Washed,Conventional,NA,reported process,11,11,kukipata belen,feliciano huayllas candia,049e1f574d37b6f7|COE|NA|11,NA,NA,NA,NA,NA,NA,FALSE,FALSE
049e1f574d37b6f7,Peru 2021,COE,Peru,2021,COE,NA,12,87.69,El Bosque,Elmer Cruz Guerrero,Washed,"Caturra, Típica, Bourbón (Organic)",Cajamarca,https://allianceforcoffeeexcellence.org/peru-2021/,FALSE,reported,Washed,Washed,Conventional,NA,reported process,12,12,el bosque,elmer cruz guerrero,049e1f574d37b6f7|COE|NA|12,NA,NA,NA,NA,NA,NA,FALSE,FALSE
049e1f574d37b6f7,Peru 2021,COE,Peru,2021,COE,NA,13,87.64,Las Naranjas,Mercedes Pérez Coronel,Washed,Castillo Amarillo,Cajamarca,https://allianceforcoffeeexcellence.org/peru-2021/,FALSE,reported,Washed,Washed,Conventional,NA,reported process,13,13,las naranjas,mercedes perez coronel,049e1f574d37b6f7|COE|NA|13,NA,NA,NA,NA,NA,NA,FALSE,FALSE
049e1f574d37b6f7,Peru 2021,COE,Peru,2021,COE,NA,14,87.63,El Aliso Chorro Blanco,Benedicto Wilcamango Romero,Washed,Caturra & Bourbón,Cajamarca,https://allianceforcoffeeexcellence.org/peru-2021/,FALSE,reported,Washed,Washed,Conventional,NA,reported process,14,14,el aliso chorro blanco,benedicto wilcamango romero,049e1f574d37b6f7|COE|NA|14,NA,NA,NA,NA,NA,NA,FALSE,FALSE
049e1f574d37b6f7,Peru 2021,COE,Peru,2021,COE,NA,15,87.63,Alto Cedruyoc,Ubaldina Jincho Aguirre,Washed,Bourbón,Cusco,https://allianceforcoffeeexcellence.org/peru-2021/,FALSE,reported,Washed,Washed,Conventional,NA,reported process,15,15,alto cedruyoc,ubaldina jincho aguirre,049e1f574d37b6f7|COE|NA|15,NA,NA,NA,NA,NA,NA,FALSE,FALSE
049e1f574d37b6f7,Peru 2021,COE,Peru,2021,COE,NA,16,87.56,Eco Mario,Juan Carlos Mejía Condory,Washed,Bourbón,Cusco,https://allianceforcoffeeexcellence.org/peru-2021/,FALSE,reported,Washed,Washed,Conventional,NA,reported process,16,16,eco mario,juan carlos mejia condory,049e1f574d37b6f7|COE|NA|16,NA,NA,NA,NA,NA,NA,FALSE,FALSE
049e1f574d37b6f7,Peru 2021,COE,Peru,2021,COE,NA,17,87.56,Los Pinos,Irma Espinoza García,Natural,Bourbón,Cajamarca,https://allianceforcoffeeexcellence.org/peru-2021/,FALSE,reported,Natural,Natural,Conventional,NA,reported process,17,17,los pinos,irma espinoza garcia,049e1f574d37b6f7|COE|NA|17,NA,NA,NA,NA,NA,NA,FALSE,FALSE
049e1f574d37b6f7,Peru 2021,COE,Peru,2021,COE,NA,18,87.56,Sangre de Grado,Reguberto García Ordoñez,Washed,Caturra & Pache,Cajamarca,https://allianceforcoffeeexcellence.org/peru-2021/,FALSE,reported,Washed,Washed,Conventional,NA,reported process,18,18,sangre de grado,reguberto garcia ordonez,049e1f574d37b6f7|COE|NA|18,NA,NA,NA,NA,NA,NA,FALSE,FALSE
049e1f574d37b6f7,Peru 2021,COE,Peru,2021,COE,NA,19,87.53,La Chirimolla,Henry Arica Guerrero,Washed,"Caturra, Bourbon, Catimor",Cajamarca,https://allianceforcoffeeexcellence.org/peru-2021/,FALSE,reported,Washed,Washed,Conventional,NA,reported process,19,19,la chirimolla,henry arica guerrero,049e1f574d37b6f7|COE|NA|19,NA,NA,NA,NA,NA,NA,FALSE,FALSE
049e1f574d37b6f7,Peru 2021,COE,Peru,2021,COE,NA,2a,90.08,Santa Mónica,Hugo Mariño Laura,Washed,Gesha (Organic),Cusco,https://allianceforcoffeeexcellence.org/peru-2021/,FALSE,reported,Washed,Washed,Conventional,NA,reported process,2A,2,santa monica,hugo marino laura,049e1f574d37b6f7|COE|NA|2,NA,NA,NA,NA,NA,NA,FALSE,FALSE
049e1f574d37b6f7,Peru 2021,COE,Peru,2021,COE,NA,20,87.33,Basulpata,Alejandro Quispe Ortiz,Washed,Bourbón & Gesha,Cusco,https://allianceforcoffeeexcellence.org/peru-2021/,FALSE,reported,Washed,Washed,Conventional,NA,reported process,20,20,basulpata,alejandro quispe ortiz,049e1f574d37b6f7|COE|NA|20,NA,NA,NA,NA,NA,NA,FALSE,FALSE
049e1f574d37b6f7,Peru 2021,COE,Peru,2021,COE,NA,21,87.22,El Gringo,Lenin Torres Ticlia,Natural,Gesha,Amazonas,https://allianceforcoffeeexcellence.org/peru-2021/,FALSE,reported,Natural,Natural,Conventional,NA,reported process,21,21,el gringo,lenin torres ticlia,049e1f574d37b6f7|COE|NA|21,NA,NA,NA,NA,NA,NA,FALSE,FALSE
049e1f574d37b6f7,Peru 2021,COE,Peru,2021,COE,NA,22,87.19,Osopen,Gino Sadler Marín Ciriaco,Washed,Gesha (Organic),Pasco,https://allianceforcoffeeexcellence.org/peru-2021/,FALSE,reported,Washed,Washed,Conventional,NA,reported process,22,22,osopen,gino sadler marin ciriaco,049e1f574d37b6f7|COE|NA|22,NA,NA,NA,NA,NA,NA,FALSE,FALSE
049e1f574d37b6f7,Peru 2021,COE,Peru,2021,COE,NA,23,87.19,La Chirimoya,Orlando Pedraza Ramírez,Natural,Catuaí & Caturra,Cajamarca,https://allianceforcoffeeexcellence.org/peru-2021/,FALSE,reported,Natural,Natural,Conventional,NA,reported process,23,23,la chirimoya,orlando pedraza ramirez,049e1f574d37b6f7|COE|NA|23,NA,NA,NA,NA,NA,NA,FALSE,FALSE
049e1f574d37b6f7,Peru 2021,COE,Peru,2021,COE,NA,24,87.09,La Naranja,Saúl Menor Taica,Natural,Caturra,Cajamarca,https://allianceforcoffeeexcellence.org/peru-2021/,FALSE,reported,Natural,Natural,Conventional,NA,reported process,24,24,la naranja,saul menor taica,049e1f574d37b6f7|COE|NA|24,NA,NA,NA,NA,NA,NA,FALSE,FALSE
049e1f574d37b6f7,Peru 2021,COE,Peru,2021,COE,NA,3a,90,La Palta,José Elmer Tineo Mendoza,Natural,"Catuaí, Caturra, Bourbón",Cajamarca,https://allianceforcoffeeexcellence.org/peru-2021/,FALSE,reported,Natural,Natural,Conventional,NA,reported process,3A,3,la palta,jose elmer tineo mendoza,049e1f574d37b6f7|COE|NA|3,NA,NA,NA,NA,NA,NA,FALSE,FALSE
049e1f574d37b6f7,Peru 2021,COE,Peru,2021,COE,NA,4,89.38,Chiriloma,Nory Quispe Santos,Washed,Gesha,Cusco,https://allianceforcoffeeexcellence.org/peru-2021/,FALSE,reported,Washed,Washed,Conventional,NA,reported process,4,4,chiriloma,nory quispe santos,049e1f574d37b6f7|COE|NA|4,NA,NA,NA,NA,NA,NA,FALSE,FALSE
049e1f574d37b6f7,Peru 2021,COE,Peru,2021,COE,NA,5,89.09,Santa Teresa,Andrés Torres Goicochea,Natural,Gesha,Amazonas,https://allianceforcoffeeexcellence.org/peru-2021/,FALSE,reported,Natural,Natural,Conventional,NA,reported process,5,5,santa teresa,andres torres goicochea,049e1f574d37b6f7|COE|NA|5,NA,NA,NA,NA,NA,NA,FALSE,FALSE
049e1f574d37b6f7,Peru 2021,COE,Peru,2021,COE,NA,6,89.06,Carmen Alto,Marco Solórzano Vizarreta,Washed,Gesha,Cusco,https://allianceforcoffeeexcellence.org/peru-2021/,FALSE,reported,Washed,Washed,Conventional,NA,reported process,6,6,carmen alto,marco solorzano vizarreta,049e1f574d37b6f7|COE|NA|6,NA,NA,NA,NA,NA,NA,FALSE,FALSE
049e1f574d37b6f7,Peru 2021,COE,Peru,2021,COE,NA,7,88.97,Nuevo Progreso,Lucio Luque Vásquez,Washed,Gesha (Organic),Cusco,https://allianceforcoffeeexcellence.org/peru-2021/,FALSE,reported,Washed,Washed,Conventional,NA,reported process,7,7,nuevo progreso,lucio luque vasquez,049e1f574d37b6f7|COE|NA|7,NA,NA,NA,NA,NA,NA,FALSE,FALSE
049e1f574d37b6f7,Peru 2021,COE,Peru,2021,COE,NA,8,88.38,La Candelaria,Roberto Vilca Palli,Washed,Bourbón Rojo,Puno,https://allianceforcoffeeexcellence.org/peru-2021/,FALSE,reported,Washed,Washed,Conventional,NA,reported process,8,8,la candelaria,roberto vilca palli,049e1f574d37b6f7|COE|NA|8,NA,NA,NA,NA,NA,NA,FALSE,FALSE
049e1f574d37b6f7,Peru 2021,COE,Peru,2021,COE,NA,9,88.27,La Lucuma,Grimanes Morales Lizana,Washed,Bourbón Rojo,Cajamarca,https://allianceforcoffeeexcellence.org/peru-2021/,FALSE,reported,Washed,Washed,Conventional,NA,reported process,9,9,la lucuma,grimanes morales lizana,049e1f574d37b6f7|COE|NA|9,NA,NA,NA,NA,NA,NA,FALSE,FALSE
3f24f65f0fcace40,Peru 2022,COE,Peru,2022,COE,NA,1a,90.39,LA BOLA,BLANCA FLOR CORDOVA JIMENEZ,WASHED,GEISHA,CAJAMARCA,https://allianceforcoffeeexcellence.org/peru-2022/,FALSE,reported,Washed,Washed,Conventional,NA,reported process,1A,1,la bola,blanca flor cordova jimenez,3f24f65f0fcace40|COE|NA|1,NA,NA,NA,NA,NA,NA,FALSE,FALSE
3f24f65f0fcace40,Peru 2022,COE,Peru,2022,COE,NA,10,88.48,PALTOS A,NAYDA FLORES RIOS,WASHED,GEISHA,CUSCO,https://allianceforcoffeeexcellence.org/peru-2022/,FALSE,reported,Washed,Washed,Conventional,NA,reported process,10,10,paltos a,nayda flores rios,3f24f65f0fcace40|COE|NA|10,NA,NA,NA,NA,NA,NA,FALSE,FALSE
3f24f65f0fcace40,Peru 2022,COE,Peru,2022,COE,NA,11,88.13,CEDRUYOC,UBALDINA JINCHU AGUIRRE,WASHED,GEISHA,CUSCO,https://allianceforcoffeeexcellence.org/peru-2022/,FALSE,reported,Washed,Washed,Conventional,NA,reported process,11,11,cedruyoc,ubaldina jinchu aguirre,3f24f65f0fcace40|COE|NA|11,NA,NA,NA,NA,NA,NA,FALSE,FALSE
3f24f65f0fcace40,Peru 2022,COE,Peru,2022,COE,NA,12,88.08,LA MARAGARITA COFFEE RESERVE,MARCO SOLORZANO VIZARRETA,WASHED,GEISHA,CUSCO,https://allianceforcoffeeexcellence.org/peru-2022/,FALSE,reported,Washed,Washed,Conventional,NA,reported process,12,12,la maragarita coffee reserve,marco solorzano vizarreta,3f24f65f0fcace40|COE|NA|12,NA,NA,NA,NA,NA,NA,FALSE,FALSE
3f24f65f0fcace40,Peru 2022,COE,Peru,2022,COE,NA,13,88.08,SANTA MONICA,HUGO MARIÑO LAURA,WASHED,GEISHA,CUSCO,https://allianceforcoffeeexcellence.org/peru-2022/,FALSE,reported,Washed,Washed,Conventional,NA,reported process,13,13,santa monica,hugo marino laura,3f24f65f0fcace40|COE|NA|13,NA,NA,NA,NA,NA,NA,FALSE,FALSE
3f24f65f0fcace40,Peru 2022,COE,Peru,2022,COE,NA,14,88,LA PALMA,ELI ESPINOZA SOBERON,NATURAL,CATURRA – BOURBON,CAJAMARCA,https://allianceforcoffeeexcellence.org/peru-2022/,FALSE,reported,Natural,Natural,Conventional,NA,reported process,14,14,la palma,eli espinoza soberon,3f24f65f0fcace40|COE|NA|14,NA,NA,NA,NA,NA,NA,FALSE,FALSE
3f24f65f0fcace40,Peru 2022,COE,Peru,2022,COE,NA,15,88,LA PALMA,PABLO NEIRA MELEDREZ,WASHED,CATURRA BORBON GEISHA,CAJAMARCA,https://allianceforcoffeeexcellence.org/peru-2022/,FALSE,reported,Washed,Washed,Conventional,NA,reported process,15,15,la palma,pablo neira meledrez,3f24f65f0fcace40|COE|NA|15,NA,NA,NA,NA,NA,NA,FALSE,FALSE
3f24f65f0fcace40,Peru 2022,COE,Peru,2022,COE,NA,16,87.77,LA BERENJENA,NICANOR ZURITA MORETO,NATURAL,CATURRA,CAJAMARCA,https://allianceforcoffeeexcellence.org/peru-2022/,FALSE,reported,Natural,Natural,Conventional,NA,reported process,16,16,la berenjena,nicanor zurita moreto,3f24f65f0fcace40|COE|NA|16,NA,NA,NA,NA,NA,NA,FALSE,FALSE
3f24f65f0fcace40,Peru 2022,COE,Peru,2022,COE,NA,17,87.6,EXPERIMENTAL CANDELARIA,JHONATAN SAMIR BETANCUR COAQUIRA,WASHED,BOURBON – GEISHA,PUNO,https://allianceforcoffeeexcellence.org/peru-2022/,FALSE,reported,Washed,Washed,Conventional,NA,reported process,17,17,experimental candelaria,jhonatan samir betancur coaquira,3f24f65f0fcace40|COE|NA|17,NA,NA,NA,NA,NA,NA,FALSE,FALSE
3f24f65f0fcace40,Peru 2022,COE,Peru,2022,COE,NA,18,87.5,SANTA MONICA,RAUL MAMANI MAMANI,WASHED,GEISHA,PUNO,https://allianceforcoffeeexcellence.org/peru-2022/,FALSE,reported,Washed,Washed,Conventional,NA,reported process,18,18,santa monica,raul mamani mamani,3f24f65f0fcace40|COE|NA|18,NA,NA,NA,NA,NA,NA,FALSE,FALSE
3f24f65f0fcace40,Peru 2022,COE,Peru,2022,COE,NA,19,87.5,LAS ETIOPES,SIMON CHARLES BROWN,WASHED,ETIOPE – GEISHA,CAJAMARCA,https://allianceforcoffeeexcellence.org/peru-2022/,FALSE,reported,Washed,Washed,Conventional,NA,reported process,19,19,las etiopes,simon charles brown,3f24f65f0fcace40|COE|NA|19,NA,NA,NA,NA,NA,NA,FALSE,FALSE
3f24f65f0fcace40,Peru 2022,COE,Peru,2022,COE,NA,2a,90.25,SAN SEBASTIAN,JULIO CESAR CHAVEZ NIEVE,WASHED,GEISHA,CUSCO,https://allianceforcoffeeexcellence.org/peru-2022/,FALSE,reported,Washed,Washed,Conventional,NA,reported process,2A,2,san sebastian,julio cesar chavez nieve,3f24f65f0fcace40|COE|NA|2,NA,NA,NA,NA,NA,NA,FALSE,FALSE
3f24f65f0fcace40,Peru 2022,COE,Peru,2022,COE,NA,20,87.5,EL JAZMIN,ANDRES ABARCA GOMEZ,WASHED,CATURRA – BOURBON – TIPICA,CAJAMARCA,https://allianceforcoffeeexcellence.org/peru-2022/,FALSE,reported,Washed,Washed,Conventional,NA,reported process,20,20,el jazmin,andres abarca gomez,3f24f65f0fcace40|COE|NA|20,NA,NA,NA,NA,NA,NA,FALSE,FALSE
3f24f65f0fcace40,Peru 2022,COE,Peru,2022,COE,NA,21,87.42,EL CEDRO,NILSON SILVA DIAZ,NATURAL,GEISHA,AMAZONAS,https://allianceforcoffeeexcellence.org/peru-2022/,FALSE,reported,Natural,Natural,Conventional,NA,reported process,21,21,el cedro,nilson silva diaz,3f24f65f0fcace40|COE|NA|21,NA,NA,NA,NA,NA,NA,FALSE,FALSE
3f24f65f0fcace40,Peru 2022,COE,Peru,2022,COE,NA,22,87.42,CAMINOS DEL INCA,EDWAR TORO GOICOCHEA,WASHED,GEISHA – BOURBON,CAJAMARCA,https://allianceforcoffeeexcellence.org/peru-2022/,FALSE,reported,Washed,Washed,Conventional,NA,reported process,22,22,caminos del inca,edwar toro goicochea,3f24f65f0fcace40|COE|NA|22,NA,NA,NA,NA,NA,NA,FALSE,FALSE
3f24f65f0fcace40,Peru 2022,COE,Peru,2022,COE,NA,23,87.42,LA MARAGARITA COFFEE RESERVE,IVAN SALAS SOLORZANO,WASHED,GEISHA AMARILLA GEISHA ROJO,CUSCO,https://allianceforcoffeeexcellence.org/peru-2022/,FALSE,reported,Washed,Washed,Conventional,NA,reported process,23,23,la maragarita coffee reserve,ivan salas solorzano,3f24f65f0fcace40|COE|NA|23,NA,NA,NA,NA,NA,NA,FALSE,FALSE
3f24f65f0fcace40,Peru 2022,COE,Peru,2022,COE,NA,24,87.42,LA NARANJA,AMARO TOMAS CRUZ MEZA,NATURAL,GEISHA,CAJAMARCA,https://allianceforcoffeeexcellence.org/peru-2022/,FALSE,reported,Natural,Natural,Conventional,NA,reported process,24,24,la naranja,amaro tomas cruz meza,3f24f65f0fcace40|COE|NA|24,NA,NA,NA,NA,NA,NA,FALSE,FALSE
3f24f65f0fcace40,Peru 2022,COE,Peru,2022,COE,NA,25,87.38,SAN CARLOS,RUBEN ANTONIO SALAZAR ZAPANA,WASHED,GEISHA – BOURBON,PUNO,https://allianceforcoffeeexcellence.org/peru-2022/,FALSE,reported,Washed,Washed,Conventional,NA,reported process,25,25,san carlos,ruben antonio salazar zapana,3f24f65f0fcace40|COE|NA|25,NA,NA,NA,NA,NA,NA,FALSE,FALSE
3f24f65f0fcace40,Peru 2022,COE,Peru,2022,COE,NA,26,87.31,NUEVA ZELANDIA,HERLIN EMER FLORIDO ENCARNACIÓN,WASHED,GEISHA,HUANUCO,https://allianceforcoffeeexcellence.org/peru-2022/,FALSE,reported,Washed,Washed,Conventional,NA,reported process,26,26,nueva zelandia,herlin emer florido encarnacion,3f24f65f0fcace40|COE|NA|26,NA,NA,NA,NA,NA,NA,FALSE,FALSE
3f24f65f0fcace40,Peru 2022,COE,Peru,2022,COE,NA,27,87.17,EL ZAPOTE,FREDESVINDA VASQUEZ ROMERO,WASHED,CATUAI – COSTA RICA – TIPICA,CAJAMARCA,https://allianceforcoffeeexcellence.org/peru-2022/,FALSE,reported,Washed,Washed,Conventional,NA,reported process,27,27,el zapote,fredesvinda vasquez romero,3f24f65f0fcace40|COE|NA|27,NA,NA,NA,NA,NA,NA,FALSE,FALSE
3f24f65f0fcace40,Peru 2022,COE,Peru,2022,COE,NA,28,87.12,FINCA EL MORITO S.R.L,FAUSTINO FLORES BENEGAS,WASHED,BOURBON ROJO,CAJAMARCA,https://allianceforcoffeeexcellence.org/peru-2022/,FALSE,reported,Washed,Washed,Conventional,NA,reported process,28,28,finca el morito s r l,faustino flores benegas,3f24f65f0fcace40|COE|NA|28,NA,NA,NA,NA,NA,NA,FALSE,FALSE
3f24f65f0fcace40,Peru 2022,COE,Peru,2022,COE,NA,29,87.04,PROGRESO,AGUSTIN CCASA CCOYO,WASHED,BOURBON,CUSCO,https://allianceforcoffeeexcellence.org/peru-2022/,FALSE,reported,Washed,Washed,Conventional,NA,reported process,29,29,progreso,agustin ccasa ccoyo,3f24f65f0fcace40|COE|NA|29,NA,NA,NA,NA,NA,NA,FALSE,FALSE
3f24f65f0fcace40,Peru 2022,COE,Peru,2022,COE,NA,3a,90,EL CERRO,EFRAIN CARHUALLOCLLO SALVADOR,NATURAL,GEISHA,CAJAMARCA,https://allianceforcoffeeexcellence.org/peru-2022/,FALSE,reported,Natural,Natural,Conventional,NA,reported process,3A,3,el cerro,efrain carhuallocllo salvador,3f24f65f0fcace40|COE|NA|3,NA,NA,NA,NA,NA,NA,FALSE,FALSE
3f24f65f0fcace40,Peru 2022,COE,Peru,2022,COE,NA,4,89.8,CHIRILOMA,NORY QUISPE SANTOS,WASHED,GEISHA,CUSCO,https://allianceforcoffeeexcellence.org/peru-2022/,FALSE,reported,Washed,Washed,Conventional,NA,reported process,4,4,chiriloma,nory quispe santos,3f24f65f0fcace40|COE|NA|4,NA,NA,NA,NA,NA,NA,FALSE,FALSE
3f24f65f0fcace40,Peru 2022,COE,Peru,2022,COE,NA,5,89.66,FUNDO PUQUIOPATA,HORTENCIA VICTORIA BERROCAL MENDOZA,WASHED,TIPICA,HUANCAVELICA,https://allianceforcoffeeexcellence.org/peru-2022/,FALSE,reported,Washed,Washed,Conventional,NA,reported process,5,5,fundo puquiopata,hortencia victoria berrocal mendoza,3f24f65f0fcace40|COE|NA|5,NA,NA,NA,NA,NA,NA,FALSE,FALSE
3f24f65f0fcace40,Peru 2022,COE,Peru,2022,COE,NA,6,89.46,BELLO HORIZONTE,MAXIMO MUÑOZ MEZA,WASHED,GEISHA,JUNIN,https://allianceforcoffeeexcellence.org/peru-2022/,FALSE,reported,Washed,Washed,Conventional,NA,reported process,6,6,bello horizonte,maximo munoz meza,3f24f65f0fcace40|COE|NA|6,NA,NA,NA,NA,NA,NA,FALSE,FALSE
3f24f65f0fcace40,Peru 2022,COE,Peru,2022,COE,NA,7,89.3,ALTO MORERILLO,ELVIS EDWIN DAVILA HORNA,WASHED,BOURBON – GEISHA,CAJAMARCA,https://allianceforcoffeeexcellence.org/peru-2022/,FALSE,reported,Washed,Washed,Conventional,NA,reported process,7,7,alto morerillo,elvis edwin davila horna,3f24f65f0fcace40|COE|NA|7,NA,NA,NA,NA,NA,NA,FALSE,FALSE
3f24f65f0fcace40,Peru 2022,COE,Peru,2022,COE,NA,8,89.02,NUEVO PROGRESO,LUCIO LUQUE VASQUEZ,WASHED,GEISHA,CUSCO,https://allianceforcoffeeexcellence.org/peru-2022/,FALSE,reported,Washed,Washed,Conventional,NA,reported process,8,8,nuevo progreso,lucio luque vasquez,3f24f65f0fcace40|COE|NA|8,NA,NA,NA,NA,NA,NA,FALSE,FALSE
3f24f65f0fcace40,Peru 2022,COE,Peru,2022,COE,NA,9,88.89,SILLAPATA,CLEOFE ESPINOZA PALOMINO,WASHED,GEISHA,CUSCO,https://allianceforcoffeeexcellence.org/peru-2022/,FALSE,reported,Washed,Washed,Conventional,NA,reported process,9,9,sillapata,cleofe espinoza palomino,3f24f65f0fcace40|COE|NA|9,NA,NA,NA,NA,NA,NA,FALSE,FALSE
3eba8775b8710914,Peru 2023,COE,Peru,2023,COE,NA,1A,90.74,Alto Mirador,Yoniser Mego Silva,Washed,Geisha,Cajamarca,https://allianceforcoffeeexcellence.org/peru-2023/,FALSE,reported,Washed,Washed,Conventional,NA,reported process,1A,1,alto mirador,yoniser mego silva,3eba8775b8710914|COE|NA|1,NA,NA,NA,NA,NA,NA,FALSE,FALSE
3eba8775b8710914,Peru 2023,COE,Peru,2023,COE,NA,10,88.94,Finca Los Santos,Jose Santos Requejo Villanueva,Honey,Geisha,Amazonas,https://allianceforcoffeeexcellence.org/peru-2023/,FALSE,reported,Honey / pulped natural,Honey / pulped natural,Conventional,NA,reported process,10,10,finca los santos,jose santos requejo villanueva,3eba8775b8710914|COE|NA|10,NA,NA,NA,NA,NA,NA,FALSE,FALSE
3eba8775b8710914,Peru 2023,COE,Peru,2023,COE,NA,11,88.59,Sol Naciente,Julio Cesar Arotaype Huayllas,Washed,Geisha,Cusco,https://allianceforcoffeeexcellence.org/peru-2023/,FALSE,reported,Washed,Washed,Conventional,NA,reported process,11,11,sol naciente,julio cesar arotaype huayllas,3eba8775b8710914|COE|NA|11,NA,NA,NA,NA,NA,NA,FALSE,FALSE
3eba8775b8710914,Peru 2023,COE,Peru,2023,COE,NA,12,88.56,El Colibri,Jose Percy Alfaro Chetilan,Natural,Geisha,Amazonas,https://allianceforcoffeeexcellence.org/peru-2023/,FALSE,reported,Natural,Natural,Conventional,NA,reported process,12,12,el colibri,jose percy alfaro chetilan,3eba8775b8710914|COE|NA|12,NA,NA,NA,NA,NA,NA,FALSE,FALSE
3eba8775b8710914,Peru 2023,COE,Peru,2023,COE,NA,13,88.53,Alto San Jose,Anastacio Mamani Chambi,Washed,Geisha-Bourbon,Puno,https://allianceforcoffeeexcellence.org/peru-2023/,FALSE,reported,Washed,Washed,Conventional,NA,reported process,13,13,alto san jose,anastacio mamani chambi,3eba8775b8710914|COE|NA|13,NA,NA,NA,NA,NA,NA,FALSE,FALSE
3eba8775b8710914,Peru 2023,COE,Peru,2023,COE,NA,14,88.53,Miscabamba,Armando Ramirez Sanchez,Washed,Geisha,Cusco,https://allianceforcoffeeexcellence.org/peru-2023/,FALSE,reported,Washed,Washed,Conventional,NA,reported process,14,14,miscabamba,armando ramirez sanchez,3eba8775b8710914|COE|NA|14,NA,NA,NA,NA,NA,NA,FALSE,FALSE
3eba8775b8710914,Peru 2023,COE,Peru,2023,COE,NA,15,88.47,Mate,Edward Robert Vigo Arcos,Natural,Tupi,Junin,https://allianceforcoffeeexcellence.org/peru-2023/,FALSE,reported,Natural,Natural,Conventional,NA,reported process,15,15,mate,edward robert vigo arcos,3eba8775b8710914|COE|NA|15,NA,NA,NA,NA,NA,NA,FALSE,FALSE
3eba8775b8710914,Peru 2023,COE,Peru,2023,COE,NA,16,88.29,Finca Montalvan,Edson Daledy Montalvan Elera,Natural,Geisha,Cajamarca,https://allianceforcoffeeexcellence.org/peru-2023/,FALSE,reported,Natural,Natural,Conventional,NA,reported process,16,16,finca montalvan,edson daledy montalvan elera,3eba8775b8710914|COE|NA|16,NA,NA,NA,NA,NA,NA,FALSE,FALSE
3eba8775b8710914,Peru 2023,COE,Peru,2023,COE,NA,17,88.18,La Curva,Ivan Salas Solorzano,Natural,Geisha,Cusco,https://allianceforcoffeeexcellence.org/peru-2023/,FALSE,reported,Natural,Natural,Conventional,NA,reported process,17,17,la curva,ivan salas solorzano,3eba8775b8710914|COE|NA|17,NA,NA,NA,NA,NA,NA,FALSE,FALSE
3eba8775b8710914,Peru 2023,COE,Peru,2023,COE,NA,18,88.15,Artemira,Ebert Alexander Huaman Villegas,Washed,Geisha,Cajamarca,https://allianceforcoffeeexcellence.org/peru-2023/,FALSE,reported,Washed,Washed,Conventional,NA,reported process,18,18,artemira,ebert alexander huaman villegas,3eba8775b8710914|COE|NA|18,NA,NA,NA,NA,NA,NA,FALSE,FALSE
3eba8775b8710914,Peru 2023,COE,Peru,2023,COE,NA,19,88.15,Puquiopampa,Hortencia Victoria Berrocal Mendoza,Washed,Caturra-Tipica,Huancavelica,https://allianceforcoffeeexcellence.org/peru-2023/,FALSE,reported,Washed,Washed,Conventional,NA,reported process,19,19,puquiopampa,hortencia victoria berrocal mendoza,3eba8775b8710914|COE|NA|19,NA,NA,NA,NA,NA,NA,FALSE,FALSE
3eba8775b8710914,Peru 2023,COE,Peru,2023,COE,NA,2A,90.68,La Lucuma,Franco Huaches Montalvan,Washed,Geisha,Cajamarca,https://allianceforcoffeeexcellence.org/peru-2023/,FALSE,reported,Washed,Washed,Conventional,NA,reported process,2A,2,la lucuma,franco huaches montalvan,3eba8775b8710914|COE|NA|2,NA,NA,NA,NA,NA,NA,FALSE,FALSE
3eba8775b8710914,Peru 2023,COE,Peru,2023,COE,NA,20,88.12,Tranca Amarilluyuq,Marina Azorsa Quispe,Washed,Geisha,Cusco,https://allianceforcoffeeexcellence.org/peru-2023/,FALSE,reported,Washed,Washed,Conventional,NA,reported process,20,20,tranca amarilluyuq,marina azorsa quispe,3eba8775b8710914|COE|NA|20,NA,NA,NA,NA,NA,NA,FALSE,FALSE
3eba8775b8710914,Peru 2023,COE,Peru,2023,COE,NA,21,87.88,El Cedro,Nilson Silva Diaz,Natural,Geisha,Amazonas,https://allianceforcoffeeexcellence.org/peru-2023/,FALSE,reported,Natural,Natural,Conventional,NA,reported process,21,21,el cedro,nilson silva diaz,3eba8775b8710914|COE|NA|21,NA,NA,NA,NA,NA,NA,FALSE,FALSE
3eba8775b8710914,Peru 2023,COE,Peru,2023,COE,NA,22,87.79,Rosas Pata,Flavio Ccori Soncco,Washed,Bourbon,Puno,https://allianceforcoffeeexcellence.org/peru-2023/,FALSE,reported,Washed,Washed,Conventional,NA,reported process,22,22,rosas pata,flavio ccori soncco,3eba8775b8710914|COE|NA|22,NA,NA,NA,NA,NA,NA,FALSE,FALSE
3eba8775b8710914,Peru 2023,COE,Peru,2023,COE,NA,23,87.79,El Rejo,Jose Enrique Rivera Vega,Washed,Bourbon,Cajamarca,https://allianceforcoffeeexcellence.org/peru-2023/,FALSE,reported,Washed,Washed,Conventional,NA,reported process,23,23,el rejo,jose enrique rivera vega,3eba8775b8710914|COE|NA|23,NA,NA,NA,NA,NA,NA,FALSE,FALSE
3eba8775b8710914,Peru 2023,COE,Peru,2023,COE,NA,24,87.76,La Pomarrosa,Merci Judit Fernandez Silva,Washed,Bourbon,Cajamarca,https://allianceforcoffeeexcellence.org/peru-2023/,FALSE,reported,Washed,Washed,Conventional,NA,reported process,24,24,la pomarrosa,merci judit fernandez silva,3eba8775b8710914|COE|NA|24,NA,NA,NA,NA,NA,NA,FALSE,FALSE
3eba8775b8710914,Peru 2023,COE,Peru,2023,COE,NA,25,87.76,La Palta,Jose Elmer Tineo Mendoza,Natural,Geisha-Catuahi-Caturra,Cajamarca,https://allianceforcoffeeexcellence.org/peru-2023/,FALSE,reported,Natural,Natural,Conventional,NA,reported process,25,25,la palta,jose elmer tineo mendoza,3eba8775b8710914|COE|NA|25,NA,NA,NA,NA,NA,NA,FALSE,FALSE
3eba8775b8710914,Peru 2023,COE,Peru,2023,COE,NA,26,87.71,Alto Mirador,Adan Rodrigo Quispe,Washed,Bourbon-Caturra,Puno,https://allianceforcoffeeexcellence.org/peru-2023/,FALSE,reported,Washed,Washed,Conventional,NA,reported process,26,26,alto mirador,adan rodrigo quispe,3eba8775b8710914|COE|NA|26,NA,NA,NA,NA,NA,NA,FALSE,FALSE
3eba8775b8710914,Peru 2023,COE,Peru,2023,COE,NA,27,87.68,Kukipata,Yesica Chavez Nieve,Washed,Geisha,Cusco,https://allianceforcoffeeexcellence.org/peru-2023/,FALSE,reported,Washed,Washed,Conventional,NA,reported process,27,27,kukipata,yesica chavez nieve,3eba8775b8710914|COE|NA|27,NA,NA,NA,NA,NA,NA,FALSE,FALSE
3eba8775b8710914,Peru 2023,COE,Peru,2023,COE,NA,28,87.56,Arco Iris,Nelly Lucia Alagon Latorre,Washed,Geisha,Cusco,https://allianceforcoffeeexcellence.org/peru-2023/,FALSE,reported,Washed,Washed,Conventional,NA,reported process,28,28,arco iris,nelly lucia alagon latorre,3eba8775b8710914|COE|NA|28,NA,NA,NA,NA,NA,NA,FALSE,FALSE
3eba8775b8710914,Peru 2023,COE,Peru,2023,COE,NA,29,87.53,Ermelita,Dreyde Perez Delgado,Washed,Geisha,Cajamarca,https://allianceforcoffeeexcellence.org/peru-2023/,FALSE,reported,Washed,Washed,Conventional,NA,reported process,29,29,ermelita,dreyde perez delgado,3eba8775b8710914|COE|NA|29,NA,NA,NA,NA,NA,NA,FALSE,FALSE
3eba8775b8710914,Peru 2023,COE,Peru,2023,COE,NA,3A,90.32,Chiriloma,Edwin Quea Pacco,Washed Anaerobic,Geisha,Cusco,https://allianceforcoffeeexcellence.org/peru-2023/,FALSE,reported,Experimental,Washed,Experimental,Anaerobic,reported process,3A,3,chiriloma,edwin quea pacco,3eba8775b8710914|COE|NA|3,Washed | Anaerobic,2023,2023,FALSE,TRUE,FALSE,TRUE,FALSE
3eba8775b8710914,Peru 2023,COE,Peru,2023,COE,NA,30,87.53,Rayos Del Sol,Percy Pintado Huaman,Washed,Geisha,Cajamarca,https://allianceforcoffeeexcellence.org/peru-2023/,FALSE,reported,Washed,Washed,Conventional,NA,reported process,30,30,rayos del sol,percy pintado huaman,3eba8775b8710914|COE|NA|30,NA,NA,NA,NA,NA,NA,FALSE,FALSE
3eba8775b8710914,Peru 2023,COE,Peru,2023,COE,NA,4,90.15,Pedregal,Abel Raymundo Arotaype Huayllas,Washed,Geisha,Cusco,https://allianceforcoffeeexcellence.org/peru-2023/,FALSE,reported,Washed,Washed,Conventional,NA,reported process,4,4,pedregal,abel raymundo arotaype huayllas,3eba8775b8710914|COE|NA|4,NA,NA,NA,NA,NA,NA,FALSE,FALSE
3eba8775b8710914,Peru 2023,COE,Peru,2023,COE,NA,5,89.62,Randu,Royer Romaldo Curo Rojas,Natural,Geisha-Catimor-Caturra,Junin,https://allianceforcoffeeexcellence.org/peru-2023/,FALSE,reported,Natural,Natural,Conventional,NA,reported process,5,5,randu,royer romaldo curo rojas,3eba8775b8710914|COE|NA|5,NA,NA,NA,NA,NA,NA,FALSE,FALSE
3eba8775b8710914,Peru 2023,COE,Peru,2023,COE,NA,6,89.47,Llactapata,Gilber Huayllas Huaman,Washed,Geisha,Cusco,https://allianceforcoffeeexcellence.org/peru-2023/,FALSE,reported,Washed,Washed,Conventional,NA,reported process,6,6,llactapata,gilber huayllas huaman,3eba8775b8710914|COE|NA|6,NA,NA,NA,NA,NA,NA,FALSE,FALSE
3eba8775b8710914,Peru 2023,COE,Peru,2023,COE,NA,7,89.41,El Pino,Edilberto Bermeo Guevara,Washed,Geisha,Cajamarca,https://allianceforcoffeeexcellence.org/peru-2023/,FALSE,reported,Washed,Washed,Conventional,NA,reported process,7,7,el pino,edilberto bermeo guevara,3eba8775b8710914|COE|NA|7,NA,NA,NA,NA,NA,NA,FALSE,FALSE
3eba8775b8710914,Peru 2023,COE,Peru,2023,COE,NA,8,89.29,Bello Horizonte,Brian Smith Muñoz Mayta,Washed Anaerobic,Geisha,Junin,https://allianceforcoffeeexcellence.org/peru-2023/,FALSE,reported,Experimental,Washed,Experimental,Anaerobic,reported process,8,8,bello horizonte,brian smith munoz mayta,3eba8775b8710914|COE|NA|8,Washed | Anaerobic,2023,2023,FALSE,TRUE,FALSE,TRUE,FALSE
3eba8775b8710914,Peru 2023,COE,Peru,2023,COE,NA,9,89.24,Nueva Alianza,Dwight Aguilar Masias,Washed,Geisha,Cusco,https://allianceforcoffeeexcellence.org/peru-2023/,FALSE,reported,Washed,Washed,Conventional,NA,reported process,9,9,nueva alianza,dwight aguilar masias,3eba8775b8710914|COE|NA|9,NA,NA,NA,NA,NA,NA,FALSE,FALSE
d9e938f39eb3880a,Peru 2024,COE,Peru,2024,COE,NA,1A,90.54,El Mirador,Miguel Padilla Chinguel,Washed,"Caturra, Bourbon, Geisha",Cajamarca,https://allianceforcoffeeexcellence.org/peru-2024/,FALSE,reported,Washed,Washed,Conventional,NA,reported process,1A,1,el mirador,miguel padilla chinguel,d9e938f39eb3880a|COE|NA|1,NA,NA,NA,NA,NA,NA,FALSE,FALSE
d9e938f39eb3880a,Peru 2024,COE,Peru,2024,COE,NA,10,88.64,El Naranjo,Amaro Velasco Herrera,Washed,Geisha,Piura,https://allianceforcoffeeexcellence.org/peru-2024/,FALSE,reported,Washed,Washed,Conventional,NA,reported process,10,10,el naranjo,amaro velasco herrera,d9e938f39eb3880a|COE|NA|10,NA,NA,NA,NA,NA,NA,FALSE,FALSE
d9e938f39eb3880a,Peru 2024,COE,Peru,2024,COE,NA,11☘️,88.18,El Pedregal,Abel Raymundo Arotaype Huayllas,Washed,Geisha,Cusco,https://allianceforcoffeeexcellence.org/peru-2024/,FALSE,reported,Washed,Washed,Conventional,NA,reported process,11,11,el pedregal,abel raymundo arotaype huayllas,d9e938f39eb3880a|COE|NA|11,NA,NA,NA,NA,NA,NA,FALSE,FALSE
d9e938f39eb3880a,Peru 2024,COE,Peru,2024,COE,NA,12,88.14,La Florida,Maycol Aldair Torres Garcia,Natural,Geisha,Amazonas,https://allianceforcoffeeexcellence.org/peru-2024/,FALSE,reported,Natural,Natural,Conventional,NA,reported process,12,12,la florida,maycol aldair torres garcia,d9e938f39eb3880a|COE|NA|12,NA,NA,NA,NA,NA,NA,FALSE,FALSE
d9e938f39eb3880a,Peru 2024,COE,Peru,2024,COE,NA,13☘️,88.11,Huallhuayoc,Juan Pablo Luque Vargas,Washed,Geisha,Cusco,https://allianceforcoffeeexcellence.org/peru-2024/,FALSE,reported,Washed,Washed,Conventional,NA,reported process,13,13,huallhuayoc,juan pablo luque vargas,d9e938f39eb3880a|COE|NA|13,NA,NA,NA,NA,NA,NA,FALSE,FALSE
d9e938f39eb3880a,Peru 2024,COE,Peru,2024,COE,NA,14,88.07,Mamaruntu,Marcos Herrera Bustamante,Natural,Geisha,Amazonas,https://allianceforcoffeeexcellence.org/peru-2024/,FALSE,reported,Natural,Natural,Conventional,NA,reported process,14,14,mamaruntu,marcos herrera bustamante,d9e938f39eb3880a|COE|NA|14,NA,NA,NA,NA,NA,NA,FALSE,FALSE
d9e938f39eb3880a,Peru 2024,COE,Peru,2024,COE,NA,15,87.93,La Lucuma,Franco Huaches Montalvan,Washed,Geisha,Cajamarca,https://allianceforcoffeeexcellence.org/peru-2024/,FALSE,reported,Washed,Washed,Conventional,NA,reported process,15,15,la lucuma,franco huaches montalvan,d9e938f39eb3880a|COE|NA|15,NA,NA,NA,NA,NA,NA,FALSE,FALSE
d9e938f39eb3880a,Peru 2024,COE,Peru,2024,COE,NA,16,87.89,La Lima,Jorge Zamora Tamay,Washed,Geisha,Cajamarca,https://allianceforcoffeeexcellence.org/peru-2024/,FALSE,reported,Washed,Washed,Conventional,NA,reported process,16,16,la lima,jorge zamora tamay,d9e938f39eb3880a|COE|NA|16,NA,NA,NA,NA,NA,NA,FALSE,FALSE
d9e938f39eb3880a,Peru 2024,COE,Peru,2024,COE,NA,17,87.86,La Lucuma,Grimanes Morales Lizana,Natural,"Bourbon, Marcellesa",Cajamarca,https://allianceforcoffeeexcellence.org/peru-2024/,FALSE,reported,Natural,Natural,Conventional,NA,reported process,17,17,la lucuma,grimanes morales lizana,d9e938f39eb3880a|COE|NA|17,NA,NA,NA,NA,NA,NA,FALSE,FALSE
d9e938f39eb3880a,Peru 2024,COE,Peru,2024,COE,NA,18☘️,87.75,Sillapata,Rolando Saldivar Moroccolla,Washed,"Geisha, Bourbon Hibrida",Cusco,https://allianceforcoffeeexcellence.org/peru-2024/,FALSE,reported,Washed,Washed,Conventional,NA,reported process,18,18,sillapata,rolando saldivar moroccolla,d9e938f39eb3880a|COE|NA|18,NA,NA,NA,NA,NA,NA,FALSE,FALSE
d9e938f39eb3880a,Peru 2024,COE,Peru,2024,COE,NA,19☘️,87.75,Vista Hermosa,Breinner Alanya Tello,Washed,Geisha,Cusco,https://allianceforcoffeeexcellence.org/peru-2024/,FALSE,reported,Washed,Washed,Conventional,NA,reported process,19,19,vista hermosa,breinner alanya tello,d9e938f39eb3880a|COE|NA|19,NA,NA,NA,NA,NA,NA,FALSE,FALSE
d9e938f39eb3880a,Peru 2024,COE,Peru,2024,COE,NA,2A☘️,90.21,Campo Verde,Wilfredo Arias Candia,Washed,"Geisha, Bourbon",Cusco,https://allianceforcoffeeexcellence.org/peru-2024/,FALSE,reported,Washed,Washed,Conventional,NA,reported process,2A,2,campo verde,wilfredo arias candia,d9e938f39eb3880a|COE|NA|2,NA,NA,NA,NA,NA,NA,FALSE,FALSE
d9e938f39eb3880a,Peru 2024,COE,Peru,2024,COE,NA,20☘️,87.64,La Encantada,Jhenrri Chavez Maytan,Washed,Geisha,Cusco,https://allianceforcoffeeexcellence.org/peru-2024/,FALSE,reported,Washed,Washed,Conventional,NA,reported process,20,20,la encantada,jhenrri chavez maytan,d9e938f39eb3880a|COE|NA|20,NA,NA,NA,NA,NA,NA,FALSE,FALSE
d9e938f39eb3880a,Peru 2024,COE,Peru,2024,COE,NA,21,87.54,Aromas Del Corazon,Fidel Huancas Huancas,Natural,"Marcellesa, Caturra",Cajamarca,https://allianceforcoffeeexcellence.org/peru-2024/,FALSE,reported,Natural,Natural,Conventional,NA,reported process,21,21,aromas del corazon,fidel huancas huancas,d9e938f39eb3880a|COE|NA|21,NA,NA,NA,NA,NA,NA,FALSE,FALSE
d9e938f39eb3880a,Peru 2024,COE,Peru,2024,COE,NA,22☘️,87.46,Llaqtapata,Gilber Huayllas Huaman,Washed,Gesisha,Cusco,https://allianceforcoffeeexcellence.org/peru-2024/,FALSE,reported,Washed,Washed,Conventional,NA,reported process,22,22,llaqtapata,gilber huayllas huaman,d9e938f39eb3880a|COE|NA|22,NA,NA,NA,NA,NA,NA,FALSE,FALSE
d9e938f39eb3880a,Peru 2024,COE,Peru,2024,COE,NA,23,87.32,Café Flor Del Santuario,Teodoro Montoya Pintado,Washed,Geisha,Cajamarca,https://allianceforcoffeeexcellence.org/peru-2024/,FALSE,reported,Washed,Washed,Conventional,NA,reported process,23,23,cafe flor del santuario,teodoro montoya pintado,d9e938f39eb3880a|COE|NA|23,NA,NA,NA,NA,NA,NA,FALSE,FALSE
d9e938f39eb3880a,Peru 2024,COE,Peru,2024,COE,NA,24,87.25,El Mirador,Hitler Tantalian Valqui,Natural,Villa Sarchi,Amazonas,https://allianceforcoffeeexcellence.org/peru-2024/,FALSE,reported,Natural,Natural,Conventional,NA,reported process,24,24,el mirador,hitler tantalian valqui,d9e938f39eb3880a|COE|NA|24,NA,NA,NA,NA,NA,NA,FALSE,FALSE
d9e938f39eb3880a,Peru 2024,COE,Peru,2024,COE,NA,25,87,Peña De Leon,Francisco Aurelio Rivera Alarcon,Washed,Geisha,Cajamarca,https://allianceforcoffeeexcellence.org/peru-2024/,FALSE,reported,Washed,Washed,Conventional,NA,reported process,25,25,pena de leon,francisco aurelio rivera alarcon,d9e938f39eb3880a|COE|NA|25,NA,NA,NA,NA,NA,NA,FALSE,FALSE
d9e938f39eb3880a,Peru 2024,COE,Peru,2024,COE,NA,3,89.86,Flor De La Montaña,David Guevara Cotrina,Washed,Geisha,Cajamarca,https://allianceforcoffeeexcellence.org/peru-2024/,FALSE,reported,Washed,Washed,Conventional,NA,reported process,3,3,flor de la montana,david guevara cotrina,d9e938f39eb3880a|COE|NA|3,NA,NA,NA,NA,NA,NA,FALSE,FALSE
d9e938f39eb3880a,Peru 2024,COE,Peru,2024,COE,NA,4☘️,89.64,Montaña,Alcides Contreras Aguilar,Washed,Geisha,Cusco,https://allianceforcoffeeexcellence.org/peru-2024/,FALSE,reported,Washed,Washed,Conventional,NA,reported process,4,4,montana,alcides contreras aguilar,d9e938f39eb3880a|COE|NA|4,NA,NA,NA,NA,NA,NA,FALSE,FALSE
d9e938f39eb3880a,Peru 2024,COE,Peru,2024,COE,NA,5☘️,89.54,Paqchaq Pata,Salustio Ugarte Laura,Washed,Geisha,Cusco,https://allianceforcoffeeexcellence.org/peru-2024/,FALSE,reported,Washed,Washed,Conventional,NA,reported process,5,5,paqchaq pata,salustio ugarte laura,d9e938f39eb3880a|COE|NA|5,NA,NA,NA,NA,NA,NA,FALSE,FALSE
d9e938f39eb3880a,Peru 2024,COE,Peru,2024,COE,NA,6,89.29,El Nevado,Marlene Rojas Pereira,Washed,Geisha,Cusco,https://allianceforcoffeeexcellence.org/peru-2024/,FALSE,reported,Washed,Washed,Conventional,NA,reported process,6,6,el nevado,marlene rojas pereira,d9e938f39eb3880a|COE|NA|6,NA,NA,NA,NA,NA,NA,FALSE,FALSE
d9e938f39eb3880a,Peru 2024,COE,Peru,2024,COE,NA,7☘️,89.29,San Sebastian,Julio Cesar Chavez Nieve,Washed,Sl-09,Cusco,https://allianceforcoffeeexcellence.org/peru-2024/,FALSE,reported,Washed,Washed,Conventional,NA,reported process,7,7,san sebastian,julio cesar chavez nieve,d9e938f39eb3880a|COE|NA|7,NA,NA,NA,NA,NA,NA,FALSE,FALSE
d9e938f39eb3880a,Peru 2024,COE,Peru,2024,COE,NA,8,89.21,Sillapata,Raul Velarde Juro,Washed,Geisha,Cusco,https://allianceforcoffeeexcellence.org/peru-2024/,FALSE,reported,Washed,Washed,Conventional,NA,reported process,8,8,sillapata,raul velarde juro,d9e938f39eb3880a|COE|NA|8,NA,NA,NA,NA,NA,NA,FALSE,FALSE
d9e938f39eb3880a,Peru 2024,COE,Peru,2024,COE,NA,9,88.96,El Cerro,Efrain Carhuallocllo Salvador,Natural,Geisha,Cajamarca,https://allianceforcoffeeexcellence.org/peru-2024/,FALSE,reported,Natural,Natural,Conventional,NA,reported process,9,9,el cerro,efrain carhuallocllo salvador,d9e938f39eb3880a|COE|NA|9,NA,NA,NA,NA,NA,NA,FALSE,FALSE
216beb519b06ab27,Peru 2025,COE,Peru,2025,COE,NA,1A,90.64,La Catarata,Angel Antonio Manosalva Palomino,Washed,Geisha,Cajamarca,https://allianceforcoffeeexcellence.org/peru-2025/,FALSE,reported,Washed,Washed,Conventional,NA,reported process,1A,1,la catarata,angel antonio manosalva palomino,216beb519b06ab27|COE|NA|1,NA,NA,NA,NA,NA,NA,FALSE,FALSE
216beb519b06ab27,Peru 2025,COE,Peru,2025,COE,NA,10,88.28,Seb,Ronald Alejandro Baca Avila,Natural,"Geisha,",Piura,https://allianceforcoffeeexcellence.org/peru-2025/,FALSE,reported,Natural,Natural,Conventional,NA,reported process,10,10,seb,ronald alejandro baca avila,216beb519b06ab27|COE|NA|10,NA,NA,NA,NA,NA,NA,FALSE,FALSE
216beb519b06ab27,Peru 2025,COE,Peru,2025,COE,NA,11,88.25,Caminos Del Inka Coffee Estate,Samuel Smith Perez Aragon,Washed,"Geisha, Bourbon,Tipica, Caturra",Cusco,https://allianceforcoffeeexcellence.org/peru-2025/,FALSE,reported,Washed,Washed,Conventional,NA,reported process,11,11,caminos del inka coffee estate,samuel smith perez aragon,216beb519b06ab27|COE|NA|11,NA,NA,NA,NA,NA,NA,FALSE,FALSE
216beb519b06ab27,Peru 2025,COE,Peru,2025,COE,NA,12,88.22,Pacaybamba,Salustio Ugarte Laura,Washed,Sl-09,Cusco,https://allianceforcoffeeexcellence.org/peru-2025/,FALSE,reported,Washed,Washed,Conventional,NA,reported process,12,12,pacaybamba,salustio ugarte laura,216beb519b06ab27|COE|NA|12,NA,NA,NA,NA,NA,NA,FALSE,FALSE
216beb519b06ab27,Peru 2025,COE,Peru,2025,COE,NA,13,88.22,Finca Wilder Garcia,Wilder Garcia Bravo,Washed,Geisha,Cajamarca,https://allianceforcoffeeexcellence.org/peru-2025/,FALSE,reported,Washed,Washed,Conventional,NA,reported process,13,13,finca wilder garcia,wilder garcia bravo,216beb519b06ab27|COE|NA|13,NA,NA,NA,NA,NA,NA,FALSE,FALSE
216beb519b06ab27,Peru 2025,COE,Peru,2025,COE,NA,14,88.06,Bella Rosa,Wilbert Almanza Cabrera,Natural,Geisha,Cusco,https://allianceforcoffeeexcellence.org/peru-2025/,FALSE,reported,Natural,Natural,Conventional,NA,reported process,14,14,bella rosa,wilbert almanza cabrera,216beb519b06ab27|COE|NA|14,NA,NA,NA,NA,NA,NA,FALSE,FALSE
216beb519b06ab27,Peru 2025,COE,Peru,2025,COE,NA,15,88,Miscabamba,Armando Ramirez Sanchez,Washed,"Bourbon, Tipica, Geisha",Cusco,https://allianceforcoffeeexcellence.org/peru-2025/,FALSE,reported,Washed,Washed,Conventional,NA,reported process,15,15,miscabamba,armando ramirez sanchez,216beb519b06ab27|COE|NA|15,NA,NA,NA,NA,NA,NA,FALSE,FALSE
216beb519b06ab27,Peru 2025,COE,Peru,2025,COE,NA,16,88,Paqhaq Alto,Juan Luis Flores Nuñez,Washed,Catuai,Cusco,https://allianceforcoffeeexcellence.org/peru-2025/,FALSE,reported,Washed,Washed,Conventional,NA,reported process,16,16,paqhaq alto,juan luis flores nunez,216beb519b06ab27|COE|NA|16,NA,NA,NA,NA,NA,NA,FALSE,FALSE
216beb519b06ab27,Peru 2025,COE,Peru,2025,COE,NA,17,87.89,Miscabamba Alta,Rolando Ramirez Sanchez,Washed,"Geisha, Bourbon",Cusco,https://allianceforcoffeeexcellence.org/peru-2025/,FALSE,reported,Washed,Washed,Conventional,NA,reported process,17,17,miscabamba alta,rolando ramirez sanchez,216beb519b06ab27|COE|NA|17,NA,NA,NA,NA,NA,NA,FALSE,FALSE
216beb519b06ab27,Peru 2025,COE,Peru,2025,COE,NA,18,87.83,Santa Teresa,Andres Torres Goicochea,Natural,Geisha,Amazonas,https://allianceforcoffeeexcellence.org/peru-2025/,FALSE,reported,Natural,Natural,Conventional,NA,reported process,18,18,santa teresa,andres torres goicochea,216beb519b06ab27|COE|NA|18,NA,NA,NA,NA,NA,NA,FALSE,FALSE
216beb519b06ab27,Peru 2025,COE,Peru,2025,COE,NA,19,87.78,El Gringo,Lenin Torres Ticlia,Natural,Geisha,Amazonas,https://allianceforcoffeeexcellence.org/peru-2025/,FALSE,reported,Natural,Natural,Conventional,NA,reported process,19,19,el gringo,lenin torres ticlia,216beb519b06ab27|COE|NA|19,NA,NA,NA,NA,NA,NA,FALSE,FALSE
216beb519b06ab27,Peru 2025,COE,Peru,2025,COE,NA,2A,90.42,Finca La Ponderoza,Dreyde Perez Delgado,Washed,Geisha,Cajamarca,https://allianceforcoffeeexcellence.org/peru-2025/,FALSE,reported,Washed,Washed,Conventional,NA,reported process,2A,2,finca la ponderoza,dreyde perez delgado,216beb519b06ab27|COE|NA|2,NA,NA,NA,NA,NA,NA,FALSE,FALSE
216beb519b06ab27,Peru 2025,COE,Peru,2025,COE,NA,20,87.61,La Rinconada,Roberto Carlos Palomino Flores,Washed,Geisha,Cusco,https://allianceforcoffeeexcellence.org/peru-2025/,FALSE,reported,Washed,Washed,Conventional,NA,reported process,20,20,la rinconada,roberto carlos palomino flores,216beb519b06ab27|COE|NA|20,NA,NA,NA,NA,NA,NA,FALSE,FALSE
216beb519b06ab27,Peru 2025,COE,Peru,2025,COE,NA,21,87.61,La Lima,Jorge Zamora Tamay,Washed,Geisha,Cajamarca,https://allianceforcoffeeexcellence.org/peru-2025/,FALSE,reported,Washed,Washed,Conventional,NA,reported process,21,21,la lima,jorge zamora tamay,216beb519b06ab27|COE|NA|21,NA,NA,NA,NA,NA,NA,FALSE,FALSE
216beb519b06ab27,Peru 2025,COE,Peru,2025,COE,NA,22,87.61,Aromas Del Aniz,Jhon Saenz Palomino,Washed,Geisha,Cusco,https://allianceforcoffeeexcellence.org/peru-2025/,FALSE,reported,Washed,Washed,Conventional,NA,reported process,22,22,aromas del aniz,jhon saenz palomino,216beb519b06ab27|COE|NA|22,NA,NA,NA,NA,NA,NA,FALSE,FALSE
216beb519b06ab27,Peru 2025,COE,Peru,2025,COE,NA,23,87.44,El Romerillo,Eduar Troyes Puelles,Washed,"Geisha, Bourbon",Cajamarca,https://allianceforcoffeeexcellence.org/peru-2025/,FALSE,reported,Washed,Washed,Conventional,NA,reported process,23,23,el romerillo,eduar troyes puelles,216beb519b06ab27|COE|NA|23,NA,NA,NA,NA,NA,NA,FALSE,FALSE
216beb519b06ab27,Peru 2025,COE,Peru,2025,COE,NA,24,87.31,Finca La Florida,Maycol Aldair Torres Garcia,Natural,Geisha,Amazonas,https://allianceforcoffeeexcellence.org/peru-2025/,FALSE,reported,Natural,Natural,Conventional,NA,reported process,24,24,finca la florida,maycol aldair torres garcia,216beb519b06ab27|COE|NA|24,NA,NA,NA,NA,NA,NA,FALSE,FALSE
216beb519b06ab27,Peru 2025,COE,Peru,2025,COE,NA,25,87.28,Sierra Dorada,Griselda Veronica Altamirano Vasquez,Washed,Geisha,Cusco,https://allianceforcoffeeexcellence.org/peru-2025/,FALSE,reported,Washed,Washed,Conventional,NA,reported process,25,25,sierra dorada,griselda veronica altamirano vasquez,216beb519b06ab27|COE|NA|25,NA,NA,NA,NA,NA,NA,FALSE,FALSE
216beb519b06ab27,Peru 2025,COE,Peru,2025,COE,NA,26,87.25,Finca Los Cedros,Nevado Palacios Carrasco,Washed,Geisha,Cajamarca,https://allianceforcoffeeexcellence.org/peru-2025/,FALSE,reported,Washed,Washed,Conventional,NA,reported process,26,26,finca los cedros,nevado palacios carrasco,216beb519b06ab27|COE|NA|26,NA,NA,NA,NA,NA,NA,FALSE,FALSE
216beb519b06ab27,Peru 2025,COE,Peru,2025,COE,NA,27,87.22,El Romerillo,Luis Darwin Abarca Monsalve,Washed,"Caturra, Bourbon",Cajamarca,https://allianceforcoffeeexcellence.org/peru-2025/,FALSE,reported,Washed,Washed,Conventional,NA,reported process,27,27,el romerillo,luis darwin abarca monsalve,216beb519b06ab27|COE|NA|27,NA,NA,NA,NA,NA,NA,FALSE,FALSE
216beb519b06ab27,Peru 2025,COE,Peru,2025,COE,NA,28,87.19,Palma Pampa,Alcidez Nicki Rodriguez Melgarejo,Washed,Geisha,Huanuco,https://allianceforcoffeeexcellence.org/peru-2025/,FALSE,reported,Washed,Washed,Conventional,NA,reported process,28,28,palma pampa,alcidez nicki rodriguez melgarejo,216beb519b06ab27|COE|NA|28,NA,NA,NA,NA,NA,NA,FALSE,FALSE
216beb519b06ab27,Peru 2025,COE,Peru,2025,COE,NA,29,87.19,Camino Viejo,Elmer Eugenio Diaz Aguilar,Washed,"Geisha, Caturra Roja",Cajamarca,https://allianceforcoffeeexcellence.org/peru-2025/,FALSE,reported,Washed,Washed,Conventional,NA,reported process,29,29,camino viejo,elmer eugenio diaz aguilar,216beb519b06ab27|COE|NA|29,NA,NA,NA,NA,NA,NA,FALSE,FALSE
216beb519b06ab27,Peru 2025,COE,Peru,2025,COE,NA,3,89.97,Llaqta Pata,Gilber Huayllas Huaman,Washed,Sl-09,Cusco,https://allianceforcoffeeexcellence.org/peru-2025/,FALSE,reported,Washed,Washed,Conventional,NA,reported process,3,3,llaqta pata,gilber huayllas huaman,216beb519b06ab27|COE|NA|3,NA,NA,NA,NA,NA,NA,FALSE,FALSE
216beb519b06ab27,Peru 2025,COE,Peru,2025,COE,NA,30,87.08,Uscamayta,Marcos Severo Uscamayta Malpartida,Washed,Geisha,Junin,https://allianceforcoffeeexcellence.org/peru-2025/,FALSE,reported,Washed,Washed,Conventional,NA,reported process,30,30,uscamayta,marcos severo uscamayta malpartida,216beb519b06ab27|COE|NA|30,NA,NA,NA,NA,NA,NA,FALSE,FALSE
216beb519b06ab27,Peru 2025,COE,Peru,2025,COE,NA,4,89.86,La Encantada,Jhenrri Chavez Maytan,Natural,Sl-09,Cusco,https://allianceforcoffeeexcellence.org/peru-2025/,FALSE,reported,Natural,Natural,Conventional,NA,reported process,4,4,la encantada,jhenrri chavez maytan,216beb519b06ab27|COE|NA|4,NA,NA,NA,NA,NA,NA,FALSE,FALSE
216beb519b06ab27,Peru 2025,COE,Peru,2025,COE,NA,5,89.86,Nueva  Alianza,Dwight Aguilar Masias,Washed,Geisha Amarilla,Cusco,https://allianceforcoffeeexcellence.org/peru-2025/,FALSE,reported,Washed,Washed,Conventional,NA,reported process,5,5,nueva alianza,dwight aguilar masias,216beb519b06ab27|COE|NA|5,NA,NA,NA,NA,NA,NA,FALSE,FALSE
216beb519b06ab27,Peru 2025,COE,Peru,2025,COE,NA,6,89.86,Corralpampa,Elizabet Navarro Sullca,Washed,Geisha,Cusco,https://allianceforcoffeeexcellence.org/peru-2025/,FALSE,reported,Washed,Washed,Conventional,NA,reported process,6,6,corralpampa,elizabet navarro sullca,216beb519b06ab27|COE|NA|6,NA,NA,NA,NA,NA,NA,FALSE,FALSE
216beb519b06ab27,Peru 2025,COE,Peru,2025,COE,NA,7,89.69,La Miel,Yulisa Esther Carhuallocllo Arevalo,Washed,Geisha,Cajamarca,https://allianceforcoffeeexcellence.org/peru-2025/,FALSE,reported,Washed,Washed,Conventional,NA,reported process,7,7,la miel,yulisa esther carhuallocllo arevalo,216beb519b06ab27|COE|NA|7,NA,NA,NA,NA,NA,NA,FALSE,FALSE
216beb519b06ab27,Peru 2025,COE,Peru,2025,COE,NA,8,88.75,Wallwayoq,Juan Pablo Luque Vargas,Washed,Geisha,Cusco,https://allianceforcoffeeexcellence.org/peru-2025/,FALSE,reported,Washed,Washed,Conventional,NA,reported process,8,8,wallwayoq,juan pablo luque vargas,216beb519b06ab27|COE|NA|8,NA,NA,NA,NA,NA,NA,FALSE,FALSE
216beb519b06ab27,Peru 2025,COE,Peru,2025,COE,NA,9,88.39,Finca´S Remi,Richard Velasque Damiano,Honey,Geisha,Junin,https://allianceforcoffeeexcellence.org/peru-2025/,FALSE,reported,Honey / pulped natural,Honey / pulped natural,Conventional,NA,reported process,9,9,finca s remi,richard velasque damiano,216beb519b06ab27|COE|NA|9,NA,NA,NA,NA,NA,NA,FALSE,FALSE
3252450a1c4f202d,2018,COE,Rwanda,2018,COE,NA,1A,90.53,Twumba Coffee,Yandagiye Marthe,Washed,Bourbon,"Karongi, Twumba",https://allianceforcoffeeexcellence.org/rwanda-2018/,FALSE,reported,Washed,Washed,Conventional,NA,reported process,1A,1,twumba coffee,yandagiye marthe,3252450a1c4f202d|COE|NA|1,NA,NA,NA,NA,NA,NA,FALSE,FALSE
3252450a1c4f202d,2018,COE,Rwanda,2018,COE,NA,10,88.69,Koakaka-Karambi,Muhaweniman Fidele,Washed,Bourbon,Huye Kigoma,https://allianceforcoffeeexcellence.org/rwanda-2018/,FALSE,reported,Washed,Washed,Conventional,NA,reported process,10,10,koakaka karambi,muhaweniman fidele,3252450a1c4f202d|COE|NA|10,NA,NA,NA,NA,NA,NA,FALSE,FALSE
3252450a1c4f202d,2018,COE,Rwanda,2018,COE,NA,11,87.74,Kabila Coffee,Ndayambaj E Siliro,Washed,Bourbon,Gakenke Coko,https://allianceforcoffeeexcellence.org/rwanda-2018/,FALSE,reported,Washed,Washed,Conventional,NA,reported process,11,11,kabila coffee,ndayambaj e siliro,3252450a1c4f202d|COE|NA|11,NA,NA,NA,NA,NA,NA,FALSE,FALSE
3252450a1c4f202d,2018,COE,Rwanda,2018,COE,NA,12,87.71,Dallas Investment Ltd (Kalisimbi),Bitwayiki J Nepo,Washed,Bourbon,Gicumbi Nyamiyaga,https://allianceforcoffeeexcellence.org/rwanda-2018/,FALSE,reported,Washed,Washed,Conventional,NA,reported process,12,12,dallas investment ltd kalisimbi,bitwayiki j nepo,3252450a1c4f202d|COE|NA|12,NA,NA,NA,NA,NA,NA,FALSE,FALSE
3252450a1c4f202d,2018,COE,Rwanda,2018,COE,NA,13,87.65,Kinazi Coffee/Simbi Coffee Invest,Kananira,Washed,Bourbon,Huye Kinazi,https://allianceforcoffeeexcellence.org/rwanda-2018/,FALSE,reported,Washed,Washed,Conventional,NA,reported process,13,13,kinazi coffee simbi coffee invest,kananira,3252450a1c4f202d|COE|NA|13,NA,NA,NA,NA,NA,NA,FALSE,FALSE
3252450a1c4f202d,2018,COE,Rwanda,2018,COE,NA,14,87.65,Buliza CWS,Gatera Calixte,Washed,Bourbon,Rulindo Bulega,https://allianceforcoffeeexcellence.org/rwanda-2018/,FALSE,reported,Washed,Washed,Conventional,NA,reported process,14,14,buliza cws,gatera calixte,3252450a1c4f202d|COE|NA|14,NA,NA,NA,NA,NA,NA,FALSE,FALSE
3252450a1c4f202d,2018,COE,Rwanda,2018,COE,NA,15,87.62,Impexcor-Kiyumba,Hakuzimana Ildefonse,Washed,Bourbon,Muhanga Kiyumba,https://allianceforcoffeeexcellence.org/rwanda-2018/,FALSE,reported,Washed,Washed,Conventional,NA,reported process,15,15,impexcor kiyumba,hakuzimana ildefonse,3252450a1c4f202d|COE|NA|15,NA,NA,NA,NA,NA,NA,FALSE,FALSE
3252450a1c4f202d,2018,COE,Rwanda,2018,COE,NA,16,87.62,Dormans/Manyana,Siniremera P Claver,Washed,Bourbon,"Kamonyi, Kayumbo",https://allianceforcoffeeexcellence.org/rwanda-2018/,FALSE,reported,Washed,Washed,Conventional,NA,reported process,16,16,dormans manyana,siniremera p claver,3252450a1c4f202d|COE|NA|16,NA,NA,NA,NA,NA,NA,FALSE,FALSE
3252450a1c4f202d,2018,COE,Rwanda,2018,COE,NA,17,87.62,Simbi Coffee,Bucyana Viateur,Washed,Bourbon,"Huye, Simbi",https://allianceforcoffeeexcellence.org/rwanda-2018/,FALSE,reported,Washed,Washed,Conventional,NA,reported process,17,17,simbi coffee,bucyana viateur,3252450a1c4f202d|COE|NA|17,NA,NA,NA,NA,NA,NA,FALSE,FALSE
3252450a1c4f202d,2018,COE,Rwanda,2018,COE,NA,18,87.59,Muyongwe/CBC CWS,Nzagiramungu Ildephonse,Washed,Bourbon,"Gakenke, Muyongwe",https://allianceforcoffeeexcellence.org/rwanda-2018/,FALSE,reported,Washed,Washed,Conventional,NA,reported process,18,18,muyongwe cbc cws,nzagiramungu ildephonse,3252450a1c4f202d|COE|NA|18,NA,NA,NA,NA,NA,NA,FALSE,FALSE
3252450a1c4f202d,2018,COE,Rwanda,2018,COE,NA,19,87.59,Coperative Abahuzamugambi ba,Haganj E Remmy,Washed,Bourbon,"Huye, Huye",https://allianceforcoffeeexcellence.org/rwanda-2018/,FALSE,reported,Washed,Washed,Conventional,NA,reported process,19,19,coperative abahuzamugambi ba,haganj e remmy,3252450a1c4f202d|COE|NA|19,NA,NA,NA,NA,NA,NA,FALSE,FALSE
3252450a1c4f202d,2018,COE,Rwanda,2018,COE,NA,2A,90.06,Coperative Mayogi,Nikuze Marie Rose,Washed,Bourbon,"Gicumbi, Muko",https://allianceforcoffeeexcellence.org/rwanda-2018/,FALSE,reported,Washed,Washed,Conventional,NA,reported process,2A,2,coperative mayogi,nikuze marie rose,3252450a1c4f202d|COE|NA|2,NA,NA,NA,NA,NA,NA,FALSE,FALSE
3252450a1c4f202d,2018,COE,Rwanda,2018,COE,NA,20,87.59,RTC-Gatare,Bazimaziki Joel,Washed,Bourbon,"Nyamasheke, Karambi",https://allianceforcoffeeexcellence.org/rwanda-2018/,FALSE,reported,Washed,Washed,Conventional,NA,reported process,20,20,rtc gatare,bazimaziki joel,3252450a1c4f202d|COE|NA|20,NA,NA,NA,NA,NA,NA,FALSE,FALSE
3252450a1c4f202d,2018,COE,Rwanda,2018,COE,NA,21,87.35,Dukundekawa-Mbilima,Nyirisenge Celestin,Washed,Bourbon,"Ruli, Mbilima",https://allianceforcoffeeexcellence.org/rwanda-2018/,FALSE,reported,Washed,Washed,Conventional,NA,reported process,21,21,dukundekawa mbilima,nyirisenge celestin,3252450a1c4f202d|COE|NA|21,NA,NA,NA,NA,NA,NA,FALSE,FALSE
3252450a1c4f202d,2018,COE,Rwanda,2018,COE,NA,22,87.29,Cocatu-Nyirabirori,Ndahayo Liberate,Washed,Bourbon,Rulindo Tumba,https://allianceforcoffeeexcellence.org/rwanda-2018/,FALSE,reported,Washed,Washed,Conventional,NA,reported process,22,22,cocatu nyirabirori,ndahayo liberate,3252450a1c4f202d|COE|NA|22,NA,NA,NA,NA,NA,NA,FALSE,FALSE
3252450a1c4f202d,2018,COE,Rwanda,2018,COE,NA,23,87.29,Ibisi Mountain Coffee,Uwitonze Chantal,Washed,Bourbon,"Huye, Maraba",https://allianceforcoffeeexcellence.org/rwanda-2018/,FALSE,reported,Washed,Washed,Conventional,NA,reported process,23,23,ibisi mountain coffee,uwitonze chantal,3252450a1c4f202d|COE|NA|23,NA,NA,NA,NA,NA,NA,FALSE,FALSE
3252450a1c4f202d,2018,COE,Rwanda,2018,COE,NA,24,87.24,Gitega Hills Coffee,Mugenzi Emmanuel,Washed,Bourbon,Nyamagebe Cyanika,https://allianceforcoffeeexcellence.org/rwanda-2018/,FALSE,reported,Washed,Washed,Conventional,NA,reported process,24,24,gitega hills coffee,mugenzi emmanuel,3252450a1c4f202d|COE|NA|24,NA,NA,NA,NA,NA,NA,FALSE,FALSE
3252450a1c4f202d,2018,COE,Rwanda,2018,COE,NA,25,86.85,Dukundekawa-Abanozaka,Mukahigiro Thacienne,Washed,Bourbon,Gakenke Ruli,https://allianceforcoffeeexcellence.org/rwanda-2018/,FALSE,reported,Washed,Washed,Conventional,NA,reported process,25,25,dukundekawa abanozaka,mukahigiro thacienne,3252450a1c4f202d|COE|NA|25,NA,NA,NA,NA,NA,NA,FALSE,FALSE
3252450a1c4f202d,2018,COE,Rwanda,2018,COE,NA,26,86.79,Abakundajawa Rushashi,Mukahigiro Thacienne,Washed,Bourbon,"Gakenke, Rushahshi",https://allianceforcoffeeexcellence.org/rwanda-2018/,FALSE,reported,Washed,Washed,Conventional,NA,reported process,26,26,abakundajawa rushashi,mukahigiro thacienne,3252450a1c4f202d|COE|NA|26,NA,NA,NA,NA,NA,NA,FALSE,FALSE
3252450a1c4f202d,2018,COE,Rwanda,2018,COE,NA,27,86.62,Mugeyo CWS,Nsengumuremyi Joram,Washed,Bourbon,Nyamasheke Kanjongo,https://allianceforcoffeeexcellence.org/rwanda-2018/,FALSE,reported,Washed,Washed,Conventional,NA,reported process,27,27,mugeyo cws,nsengumuremyi joram,3252450a1c4f202d|COE|NA|27,NA,NA,NA,NA,NA,NA,FALSE,FALSE
3252450a1c4f202d,2018,COE,Rwanda,2018,COE,NA,28,86.62,Rwacof-Nyakarenzo,Hakizimfura Aniceth,Washed,Bourbon,"Nyamasheke, Nyakarenzo",https://allianceforcoffeeexcellence.org/rwanda-2018/,FALSE,reported,Washed,Washed,Conventional,NA,reported process,28,28,rwacof nyakarenzo,hakizimfura aniceth,3252450a1c4f202d|COE|NA|28,NA,NA,NA,NA,NA,NA,FALSE,FALSE
3252450a1c4f202d,2018,COE,Rwanda,2018,COE,NA,3A,90.03,Murundo cws,Sibomana Siliaque,Washed,Bourbon,"Nyamasheke, Gihombo",https://allianceforcoffeeexcellence.org/rwanda-2018/,FALSE,reported,Washed,Washed,Conventional,NA,reported process,3A,3,murundo cws,sibomana siliaque,3252450a1c4f202d|COE|NA|3,NA,NA,NA,NA,NA,NA,FALSE,FALSE
3252450a1c4f202d,2018,COE,Rwanda,2018,COE,NA,4,89.56,Nyagatare Washing Station-Mahe,Karaemangingo Alex,Washed,Bourbon,"Nyamasheke, Mahembe",https://allianceforcoffeeexcellence.org/rwanda-2018/,FALSE,reported,Washed,Washed,Conventional,NA,reported process,4,4,nyagatare washing station mahe,karaemangingo alex,3252450a1c4f202d|COE|NA|4,NA,NA,NA,NA,NA,NA,FALSE,FALSE
3252450a1c4f202d,2018,COE,Rwanda,2018,COE,NA,5,89.53,Cocan-Kabuga,Murekezisam James,Washed,Bourbon,"Nyamasheke, Karambi",https://allianceforcoffeeexcellence.org/rwanda-2018/,FALSE,reported,Washed,Washed,Conventional,NA,reported process,5,5,cocan kabuga,murekezisam james,3252450a1c4f202d|COE|NA|5,NA,NA,NA,NA,NA,NA,FALSE,FALSE
3252450a1c4f202d,2018,COE,Rwanda,2018,COE,NA,6,89.44,Rwacof-Mashesha,Hategekimana Louis,Washed,Bourbon,Rusizi Mashesha,https://allianceforcoffeeexcellence.org/rwanda-2018/,FALSE,reported,Washed,Washed,Conventional,NA,reported process,6,6,rwacof mashesha,hategekimana louis,3252450a1c4f202d|COE|NA|6,NA,NA,NA,NA,NA,NA,FALSE,FALSE
3252450a1c4f202d,2018,COE,Rwanda,2018,COE,NA,7,89.31,Impexcor-Busanze,Nkurunziza Chadrak,Washed,Bourbon,Nyaruguru Busanze,https://allianceforcoffeeexcellence.org/rwanda-2018/,FALSE,reported,Washed,Washed,Conventional,NA,reported process,7,7,impexcor busanze,nkurunziza chadrak,3252450a1c4f202d|COE|NA|7,NA,NA,NA,NA,NA,NA,FALSE,FALSE
3252450a1c4f202d,2018,COE,Rwanda,2018,COE,NA,8,88.94,Kopakama/Mushubati,Mukabideli Marie Grace,Washed,Bourbon,Rutsiro Mushubati,https://allianceforcoffeeexcellence.org/rwanda-2018/,FALSE,reported,Washed,Washed,Conventional,NA,reported process,8,8,kopakama mushubati,mukabideli marie grace,3252450a1c4f202d|COE|NA|8,NA,NA,NA,NA,NA,NA,FALSE,FALSE
3252450a1c4f202d,2018,COE,Rwanda,2018,COE,NA,9,88.92,Coopac/Kigeyo CWS,Mukabideli Fikili,Washed,Bourbon,Rutsiro Kigeyo,https://allianceforcoffeeexcellence.org/rwanda-2018/,FALSE,reported,Washed,Washed,Conventional,NA,reported process,9,9,coopac kigeyo cws,mukabideli fikili,3252450a1c4f202d|COE|NA|9,NA,NA,NA,NA,NA,NA,FALSE,FALSE
2ce15a7f40ccc6a3,Taiwan 2024,COE,Taiwan,2024,COE,NA,1,92.25,名陽園 MINGYANG,NA,Washed,Gesha,Chiayi County,https://allianceforcoffeeexcellence.org/taiwan-2024/,FALSE,reported,Washed,Washed,Conventional,NA,reported process,1,1,mingyang,NA,2ce15a7f40ccc6a3|COE|NA|1,NA,NA,NA,NA,NA,NA,FALSE,FALSE
2ce15a7f40ccc6a3,Taiwan 2024,COE,Taiwan,2024,COE,NA,10,88.75,野牡丹咖啡 Melastoma Coffee Estate,NA,Natural,Gesha,Chiayi County,https://allianceforcoffeeexcellence.org/taiwan-2024/,FALSE,reported,Natural,Natural,Conventional,NA,reported process,10,10,melastoma coffee estate,NA,2ce15a7f40ccc6a3|COE|NA|10,NA,NA,NA,NA,NA,NA,FALSE,FALSE
2ce15a7f40ccc6a3,Taiwan 2024,COE,Taiwan,2024,COE,NA,11,88.31,樁萱巫師咖啡莊園 Zhuang Xuan Yoifo Coffee,NA,Natural,Gesha,Chiayi County,https://allianceforcoffeeexcellence.org/taiwan-2024/,FALSE,reported,Natural,Natural,Conventional,NA,reported process,11,11,zhuang xuan yoifo coffee,NA,2ce15a7f40ccc6a3|COE|NA|11,NA,NA,NA,NA,NA,NA,FALSE,FALSE
2ce15a7f40ccc6a3,Taiwan 2024,COE,Taiwan,2024,COE,NA,12,88.19,珍5吉咖啡莊園 Zhen  5  Ji  Coffee,NA,Honey,SL34,Chiayi County,https://allianceforcoffeeexcellence.org/taiwan-2024/,FALSE,reported,Honey / pulped natural,Honey / pulped natural,Conventional,NA,reported process,12,12,5 zhen 5 ji coffee,NA,2ce15a7f40ccc6a3|COE|NA|12,NA,NA,NA,NA,NA,NA,FALSE,FALSE
2ce15a7f40ccc6a3,Taiwan 2024,COE,Taiwan,2024,COE,NA,13,88.13,璟隆咖啡莊園 Jing Long Coffee Manor,NA,Natural,Gesha,Chiayi County,https://allianceforcoffeeexcellence.org/taiwan-2024/,FALSE,reported,Natural,Natural,Conventional,NA,reported process,13,13,jing long coffee manor,NA,2ce15a7f40ccc6a3|COE|NA|13,NA,NA,NA,NA,NA,NA,FALSE,FALSE
2ce15a7f40ccc6a3,Taiwan 2024,COE,Taiwan,2024,COE,NA,14,88.09,香香久溢咖啡莊園 Alluring Scent Coffee Estate,NA,Natural,SL34 60% + Geisha 40%,Chiayi County,https://allianceforcoffeeexcellence.org/taiwan-2024/,FALSE,reported,Natural,Natural,Conventional,NA,reported process,14,14,alluring scent coffee estate,NA,2ce15a7f40ccc6a3|COE|NA|14,NA,NA,NA,NA,NA,NA,FALSE,FALSE
2ce15a7f40ccc6a3,Taiwan 2024,COE,Taiwan,2024,COE,NA,15,88,花囍田咖啡莊園 Hua Xi Tian Manor Café,NA,Natural,Gesha 65% + SL34 35%,Yunlin County,https://allianceforcoffeeexcellence.org/taiwan-2024/,FALSE,reported,Natural,Natural,Conventional,NA,reported process,15,15,hua xi tian manor cafe,NA,2ce15a7f40ccc6a3|COE|NA|15,NA,NA,NA,NA,NA,NA,FALSE,FALSE
2ce15a7f40ccc6a3,Taiwan 2024,COE,Taiwan,2024,COE,NA,16,87.94,他扶芽有機農園 Tfu’ya Organic Farm,NA,Natural,SL34,Chiayi County,https://allianceforcoffeeexcellence.org/taiwan-2024/,FALSE,reported,Natural,Natural,Conventional,NA,reported process,16,16,tfu ya organic farm,NA,2ce15a7f40ccc6a3|COE|NA|16,NA,NA,NA,NA,NA,NA,FALSE,FALSE
2ce15a7f40ccc6a3,Taiwan 2024,COE,Taiwan,2024,COE,NA,17,87.88,裸咖啡有機莊園 NUDE Organic Coffee Estate,NA,Natural,Arabica,Nantou County,https://allianceforcoffeeexcellence.org/taiwan-2024/,FALSE,reported,Natural,Natural,Conventional,NA,reported process,17,17,nude organic coffee estate,NA,2ce15a7f40ccc6a3|COE|NA|17,NA,NA,NA,NA,NA,NA,FALSE,FALSE
2ce15a7f40ccc6a3,Taiwan 2024,COE,Taiwan,2024,COE,NA,18,87.78,牛磨角庄園 Gû Buâ Kak Estate,NA,Natural,Gesha 65% + SL34 35%,Chiayi County,https://allianceforcoffeeexcellence.org/taiwan-2024/,FALSE,reported,Natural,Natural,Conventional,NA,reported process,18,18,gu bua kak estate,NA,2ce15a7f40ccc6a3|COE|NA|18,NA,NA,NA,NA,NA,NA,FALSE,FALSE
2ce15a7f40ccc6a3,Taiwan 2024,COE,Taiwan,2024,COE,NA,19,87.34,為我等咖啡莊園+楓香咖啡 Oe’otx Coffee Farm +Fragant Maple Coffee,NA,Washed,Gesha,Chiayi County,https://allianceforcoffeeexcellence.org/taiwan-2024/,FALSE,reported,Washed,Washed,Conventional,NA,reported process,19,19,oe otx coffee farm fragant maple coffee,NA,2ce15a7f40ccc6a3|COE|NA|19,NA,NA,NA,NA,NA,NA,FALSE,FALSE
2ce15a7f40ccc6a3,Taiwan 2024,COE,Taiwan,2024,COE,NA,2,91.31,向陽台灣咖啡 Sunlit Taiwan Coffee Farm,NA,Honey,SL34,Nantou County,https://allianceforcoffeeexcellence.org/taiwan-2024/,FALSE,reported,Honey / pulped natural,Honey / pulped natural,Conventional,NA,reported process,2,2,sunlit taiwan coffee farm,NA,2ce15a7f40ccc6a3|COE|NA|2,NA,NA,NA,NA,NA,NA,FALSE,FALSE
2ce15a7f40ccc6a3,Taiwan 2024,COE,Taiwan,2024,COE,NA,20,87.25,亮軒咖啡莊園 Liang Xuan Coffee Farm,NA,Washed,SL34,Chiayi County,https://allianceforcoffeeexcellence.org/taiwan-2024/,FALSE,reported,Washed,Washed,Conventional,NA,reported process,20,20,liang xuan coffee farm,NA,2ce15a7f40ccc6a3|COE|NA|20,NA,NA,NA,NA,NA,NA,FALSE,FALSE
2ce15a7f40ccc6a3,Taiwan 2024,COE,Taiwan,2024,COE,NA,3,90.97,鄒築園 Zou Zhou Yuan,NA,Natural,Gesha,Chiayi County,https://allianceforcoffeeexcellence.org/taiwan-2024/,FALSE,reported,Natural,Natural,Conventional,NA,reported process,3,3,zou zhou yuan,NA,2ce15a7f40ccc6a3|COE|NA|3,NA,NA,NA,NA,NA,NA,FALSE,FALSE
2ce15a7f40ccc6a3,Taiwan 2024,COE,Taiwan,2024,COE,NA,4,90.59,豆御香藝伎莊園 Royal Bean Geisha Estate,NA,Washed,Gesha,Chiayi County,https://allianceforcoffeeexcellence.org/taiwan-2024/,FALSE,reported,Washed,Washed,Conventional,NA,reported process,4,4,royal bean geisha estate,NA,2ce15a7f40ccc6a3|COE|NA|4,NA,NA,NA,NA,NA,NA,FALSE,FALSE
2ce15a7f40ccc6a3,Taiwan 2024,COE,Taiwan,2024,COE,NA,5,89.72,雅慕伊咖啡莊園 Yangui Coffee Farm,NA,Natural,Gesha,Chiayi County,https://allianceforcoffeeexcellence.org/taiwan-2024/,FALSE,reported,Natural,Natural,Conventional,NA,reported process,5,5,yangui coffee farm,NA,2ce15a7f40ccc6a3|COE|NA|5,NA,NA,NA,NA,NA,NA,FALSE,FALSE
2ce15a7f40ccc6a3,Taiwan 2024,COE,Taiwan,2024,COE,NA,6,89.69,嵩岳咖啡莊園 SONGYUE coffee manor,NA,Natural,Gesha,Yunlin County,https://allianceforcoffeeexcellence.org/taiwan-2024/,FALSE,reported,Natural,Natural,Conventional,NA,reported process,6,6,songyue coffee manor,NA,2ce15a7f40ccc6a3|COE|NA|6,NA,NA,NA,NA,NA,NA,FALSE,FALSE
2ce15a7f40ccc6a3,Taiwan 2024,COE,Taiwan,2024,COE,NA,7,89.38,東泓咖啡莊園 Donghong Coffee Farm,NA,Natural,SL34,Yunlin County,https://allianceforcoffeeexcellence.org/taiwan-2024/,FALSE,reported,Natural,Natural,Conventional,NA,reported process,7,7,donghong coffee farm,NA,2ce15a7f40ccc6a3|COE|NA|7,NA,NA,NA,NA,NA,NA,FALSE,FALSE
2ce15a7f40ccc6a3,Taiwan 2024,COE,Taiwan,2024,COE,NA,8,89.16,七彩琉璃咖啡莊園 Chi Tsai Liu Li Ecological Farm,NA,Natural,Gesha,Chiayi County,https://allianceforcoffeeexcellence.org/taiwan-2024/,FALSE,reported,Natural,Natural,Conventional,NA,reported process,8,8,chi tsai liu li ecological farm,NA,2ce15a7f40ccc6a3|COE|NA|8,NA,NA,NA,NA,NA,NA,FALSE,FALSE
2ce15a7f40ccc6a3,Taiwan 2024,COE,Taiwan,2024,COE,NA,9,88.88,卓武山咖啡農場 Zhuo Wu Mountain Coffee Farm,NA,Honey,Gesha,Chiayi County,https://allianceforcoffeeexcellence.org/taiwan-2024/,FALSE,reported,Honey / pulped natural,Honey / pulped natural,Conventional,NA,reported process,9,9,zhuo wu mountain coffee farm,NA,2ce15a7f40ccc6a3|COE|NA|9,NA,NA,NA,NA,NA,NA,FALSE,FALSE
2275524667da73bd,Taiwan 2025,COE,Taiwan,2025,COE,Ready to Bid on Taiwan's Best Coffees?,1,91.08,NA,NA,Honey,Gesha,Chiayi County,https://allianceforcoffeeexcellence.org/taiwan-2025/,FALSE,reported,Honey / pulped natural,Honey / pulped natural,Conventional,NA,reported process,1,1,NA,NA,2275524667da73bd|COE|Ready to Bid on Taiwan's Best Coffees?|1,NA,NA,NA,NA,NA,NA,FALSE,FALSE
2275524667da73bd,Taiwan 2025,COE,Taiwan,2025,COE,Ready to Bid on Taiwan's Best Coffees?,10,88.71,NA,NA,Natural,Gesha 75% + SL34 25%,Chiayi County,https://allianceforcoffeeexcellence.org/taiwan-2025/,FALSE,reported,Natural,Natural,Conventional,NA,reported process,10,10,NA,NA,2275524667da73bd|COE|Ready to Bid on Taiwan's Best Coffees?|10,NA,NA,NA,NA,NA,NA,FALSE,FALSE
2275524667da73bd,Taiwan 2025,COE,Taiwan,2025,COE,Ready to Bid on Taiwan's Best Coffees?,11,88.58,NA,NA,Washed,SL34,Chiayi County,https://allianceforcoffeeexcellence.org/taiwan-2025/,FALSE,reported,Washed,Washed,Conventional,NA,reported process,11,11,NA,NA,2275524667da73bd|COE|Ready to Bid on Taiwan's Best Coffees?|11,NA,NA,NA,NA,NA,NA,FALSE,FALSE
2275524667da73bd,Taiwan 2025,COE,Taiwan,2025,COE,Ready to Bid on Taiwan's Best Coffees?,12,88.58,NA,NA,Natural,Gesha,Chiayi County,https://allianceforcoffeeexcellence.org/taiwan-2025/,FALSE,reported,Natural,Natural,Conventional,NA,reported process,12,12,NA,NA,2275524667da73bd|COE|Ready to Bid on Taiwan's Best Coffees?|12,NA,NA,NA,NA,NA,NA,FALSE,FALSE
2275524667da73bd,Taiwan 2025,COE,Taiwan,2025,COE,Ready to Bid on Taiwan's Best Coffees?,13,88.55,NA,NA,Washed,Gesha,Chiayi County,https://allianceforcoffeeexcellence.org/taiwan-2025/,FALSE,reported,Washed,Washed,Conventional,NA,reported process,13,13,NA,NA,2275524667da73bd|COE|Ready to Bid on Taiwan's Best Coffees?|13,NA,NA,NA,NA,NA,NA,FALSE,FALSE
2275524667da73bd,Taiwan 2025,COE,Taiwan,2025,COE,Ready to Bid on Taiwan's Best Coffees?,14,88.53,NA,NA,Natural,Gesha 70% + SL34 30%,Yunlin County,https://allianceforcoffeeexcellence.org/taiwan-2025/,FALSE,reported,Natural,Natural,Conventional,NA,reported process,14,14,NA,NA,2275524667da73bd|COE|Ready to Bid on Taiwan's Best Coffees?|14,NA,NA,NA,NA,NA,NA,FALSE,FALSE
2275524667da73bd,Taiwan 2025,COE,Taiwan,2025,COE,Ready to Bid on Taiwan's Best Coffees?,15,88.39,NA,NA,Natural,Gesha,Chiayi County,https://allianceforcoffeeexcellence.org/taiwan-2025/,FALSE,reported,Natural,Natural,Conventional,NA,reported process,15,15,NA,NA,2275524667da73bd|COE|Ready to Bid on Taiwan's Best Coffees?|15,NA,NA,NA,NA,NA,NA,FALSE,FALSE
2275524667da73bd,Taiwan 2025,COE,Taiwan,2025,COE,Ready to Bid on Taiwan's Best Coffees?,16,88.26,NA,NA,Natural,SL34,Chiayi County,https://allianceforcoffeeexcellence.org/taiwan-2025/,FALSE,reported,Natural,Natural,Conventional,NA,reported process,16,16,NA,NA,2275524667da73bd|COE|Ready to Bid on Taiwan's Best Coffees?|16,NA,NA,NA,NA,NA,NA,FALSE,FALSE
2275524667da73bd,Taiwan 2025,COE,Taiwan,2025,COE,Ready to Bid on Taiwan's Best Coffees?,17,88.21,NA,NA,Washed,Arabica,Chiayi County,https://allianceforcoffeeexcellence.org/taiwan-2025/,FALSE,reported,Washed,Washed,Conventional,NA,reported process,17,17,NA,NA,2275524667da73bd|COE|Ready to Bid on Taiwan's Best Coffees?|17,NA,NA,NA,NA,NA,NA,FALSE,FALSE
2275524667da73bd,Taiwan 2025,COE,Taiwan,2025,COE,Ready to Bid on Taiwan's Best Coffees?,18,88.21,NA,NA,Natural,Gesha 40% + SL34 30% + Bourbon 30%,Chiayi County,https://allianceforcoffeeexcellence.org/taiwan-2025/,FALSE,reported,Natural,Natural,Conventional,NA,reported process,18,18,NA,NA,2275524667da73bd|COE|Ready to Bid on Taiwan's Best Coffees?|18,NA,NA,NA,NA,NA,NA,FALSE,FALSE
2275524667da73bd,Taiwan 2025,COE,Taiwan,2025,COE,Ready to Bid on Taiwan's Best Coffees?,19,88.18,NA,NA,Natural,SL34 60% + Bourbon 40%,Yunlin County,https://allianceforcoffeeexcellence.org/taiwan-2025/,FALSE,reported,Natural,Natural,Conventional,NA,reported process,19,19,NA,NA,2275524667da73bd|COE|Ready to Bid on Taiwan's Best Coffees?|19,NA,NA,NA,NA,NA,NA,FALSE,FALSE
2275524667da73bd,Taiwan 2025,COE,Taiwan,2025,COE,Ready to Bid on Taiwan's Best Coffees?,2A,90.84,NA,NA,Washed,Gesha,Chiayi County,https://allianceforcoffeeexcellence.org/taiwan-2025/,FALSE,reported,Washed,Washed,Conventional,NA,reported process,2A,2,NA,NA,2275524667da73bd|COE|Ready to Bid on Taiwan's Best Coffees?|2,NA,NA,NA,NA,NA,NA,FALSE,FALSE
2275524667da73bd,Taiwan 2025,COE,Taiwan,2025,COE,Ready to Bid on Taiwan's Best Coffees?,20,87.95,NA,NA,Honey,Gesha,Taichung City,https://allianceforcoffeeexcellence.org/taiwan-2025/,FALSE,reported,Honey / pulped natural,Honey / pulped natural,Conventional,NA,reported process,20,20,NA,NA,2275524667da73bd|COE|Ready to Bid on Taiwan's Best Coffees?|20,NA,NA,NA,NA,NA,NA,FALSE,FALSE
2275524667da73bd,Taiwan 2025,COE,Taiwan,2025,COE,Ready to Bid on Taiwan's Best Coffees?,21,87.63,NA,NA,Natural,Gesha,Chiayi County,https://allianceforcoffeeexcellence.org/taiwan-2025/,FALSE,reported,Natural,Natural,Conventional,NA,reported process,21,21,NA,NA,2275524667da73bd|COE|Ready to Bid on Taiwan's Best Coffees?|21,NA,NA,NA,NA,NA,NA,FALSE,FALSE
2275524667da73bd,Taiwan 2025,COE,Taiwan,2025,COE,Ready to Bid on Taiwan's Best Coffees?,22,87.61,NA,NA,Natural,Arabica,Nantou County,https://allianceforcoffeeexcellence.org/taiwan-2025/,FALSE,reported,Natural,Natural,Conventional,NA,reported process,22,22,NA,NA,2275524667da73bd|COE|Ready to Bid on Taiwan's Best Coffees?|22,NA,NA,NA,NA,NA,NA,FALSE,FALSE
2275524667da73bd,Taiwan 2025,COE,Taiwan,2025,COE,Ready to Bid on Taiwan's Best Coffees?,23,87.42,NA,NA,Natural,Bourbon,Nantou County,https://allianceforcoffeeexcellence.org/taiwan-2025/,FALSE,reported,Natural,Natural,Conventional,NA,reported process,23,23,NA,NA,2275524667da73bd|COE|Ready to Bid on Taiwan's Best Coffees?|23,NA,NA,NA,NA,NA,NA,FALSE,FALSE
2275524667da73bd,Taiwan 2025,COE,Taiwan,2025,COE,Ready to Bid on Taiwan's Best Coffees?,24,87.37,NA,NA,Honey,SL34,Chiayi County,https://allianceforcoffeeexcellence.org/taiwan-2025/,FALSE,reported,Honey / pulped natural,Honey / pulped natural,Conventional,NA,reported process,24,24,NA,NA,2275524667da73bd|COE|Ready to Bid on Taiwan's Best Coffees?|24,NA,NA,NA,NA,NA,NA,FALSE,FALSE
2275524667da73bd,Taiwan 2025,COE,Taiwan,2025,COE,Ready to Bid on Taiwan's Best Coffees?,25,87.18,NA,NA,Natural,SL34,Chiayi County,https://allianceforcoffeeexcellence.org/taiwan-2025/,FALSE,reported,Natural,Natural,Conventional,NA,reported process,25,25,NA,NA,2275524667da73bd|COE|Ready to Bid on Taiwan's Best Coffees?|25,NA,NA,NA,NA,NA,NA,FALSE,FALSE
2275524667da73bd,Taiwan 2025,COE,Taiwan,2025,COE,Ready to Bid on Taiwan's Best Coffees?,26,87.11,NA,NA,Washed,Gesha,Chiayi County,https://allianceforcoffeeexcellence.org/taiwan-2025/,FALSE,reported,Washed,Washed,Conventional,NA,reported process,26,26,NA,NA,2275524667da73bd|COE|Ready to Bid on Taiwan's Best Coffees?|26,NA,NA,NA,NA,NA,NA,FALSE,FALSE
2275524667da73bd,Taiwan 2025,COE,Taiwan,2025,COE,Ready to Bid on Taiwan's Best Coffees?,27,87.03,NA,NA,Natural,Gesha,Chiayi County,https://allianceforcoffeeexcellence.org/taiwan-2025/,FALSE,reported,Natural,Natural,Conventional,NA,reported process,27,27,NA,NA,2275524667da73bd|COE|Ready to Bid on Taiwan's Best Coffees?|27,NA,NA,NA,NA,NA,NA,FALSE,FALSE
2275524667da73bd,Taiwan 2025,COE,Taiwan,2025,COE,Ready to Bid on Taiwan's Best Coffees?,3,90.53,NA,NA,Honey,Gesha,Chiayi County,https://allianceforcoffeeexcellence.org/taiwan-2025/,FALSE,reported,Honey / pulped natural,Honey / pulped natural,Conventional,NA,reported process,3,3,NA,NA,2275524667da73bd|COE|Ready to Bid on Taiwan's Best Coffees?|3,NA,NA,NA,NA,NA,NA,FALSE,FALSE
2275524667da73bd,Taiwan 2025,COE,Taiwan,2025,COE,Ready to Bid on Taiwan's Best Coffees?,4,90.32,NA,NA,Honey,SL34,Nantou County,https://allianceforcoffeeexcellence.org/taiwan-2025/,FALSE,reported,Honey / pulped natural,Honey / pulped natural,Conventional,NA,reported process,4,4,NA,NA,2275524667da73bd|COE|Ready to Bid on Taiwan's Best Coffees?|4,NA,NA,NA,NA,NA,NA,FALSE,FALSE
2275524667da73bd,Taiwan 2025,COE,Taiwan,2025,COE,Ready to Bid on Taiwan's Best Coffees?,5,89.63,NA,NA,Natural,Gesha,Chiayi County,https://allianceforcoffeeexcellence.org/taiwan-2025/,FALSE,reported,Natural,Natural,Conventional,NA,reported process,5,5,NA,NA,2275524667da73bd|COE|Ready to Bid on Taiwan's Best Coffees?|5,NA,NA,NA,NA,NA,NA,FALSE,FALSE
2275524667da73bd,Taiwan 2025,COE,Taiwan,2025,COE,Ready to Bid on Taiwan's Best Coffees?,6,89.34,NA,NA,Washed,Gesha,Chiayi County,https://allianceforcoffeeexcellence.org/taiwan-2025/,FALSE,reported,Washed,Washed,Conventional,NA,reported process,6,6,NA,NA,2275524667da73bd|COE|Ready to Bid on Taiwan's Best Coffees?|6,NA,NA,NA,NA,NA,NA,FALSE,FALSE
2275524667da73bd,Taiwan 2025,COE,Taiwan,2025,COE,Ready to Bid on Taiwan's Best Coffees?,7,89.34,NA,NA,Natural,Gesha,Yunlin County,https://allianceforcoffeeexcellence.org/taiwan-2025/,FALSE,reported,Natural,Natural,Conventional,NA,reported process,7,7,NA,NA,2275524667da73bd|COE|Ready to Bid on Taiwan's Best Coffees?|7,NA,NA,NA,NA,NA,NA,FALSE,FALSE
2275524667da73bd,Taiwan 2025,COE,Taiwan,2025,COE,Ready to Bid on Taiwan's Best Coffees?,8,89.11,NA,NA,Honey,Gesha,Chiayi County,https://allianceforcoffeeexcellence.org/taiwan-2025/,FALSE,reported,Honey / pulped natural,Honey / pulped natural,Conventional,NA,reported process,8,8,NA,NA,2275524667da73bd|COE|Ready to Bid on Taiwan's Best Coffees?|8,NA,NA,NA,NA,NA,NA,FALSE,FALSE
2275524667da73bd,Taiwan 2025,COE,Taiwan,2025,COE,Ready to Bid on Taiwan's Best Coffees?,9,88.95,NA,NA,Honey,Gesha 80% Purpurascens 20%,Chiayi County,https://allianceforcoffeeexcellence.org/taiwan-2025/,FALSE,reported,Honey / pulped natural,Honey / pulped natural,Conventional,NA,reported process,9,9,NA,NA,2275524667da73bd|COE|Ready to Bid on Taiwan's Best Coffees?|9,NA,NA,NA,NA,NA,NA,FALSE,FALSE
2a8e5a9baaa80905,Thailand 2023,COE,Thailand,2023,COE,NA,1a,91.13,Coffee De Hmong Biofarm,Wichai Kamnerdmongkon,Honey,"Java 70% Others: Catimor, Typica, Yellow bourbon 30%",Nan,https://allianceforcoffeeexcellence.org/thailand-2023/,FALSE,reported,Honey / pulped natural,Honey / pulped natural,Conventional,NA,reported process,1A,1,coffee de hmong biofarm,wichai kamnerdmongkon,2a8e5a9baaa80905|COE|NA|1,NA,NA,NA,NA,NA,NA,FALSE,FALSE
2a8e5a9baaa80905,Thailand 2023,COE,Thailand,2023,COE,NA,10,88.37,Heramon farm,Warit Mantawali,Washed,Catimor,Chaing Rai,https://allianceforcoffeeexcellence.org/thailand-2023/,FALSE,reported,Washed,Washed,Conventional,NA,reported process,10,10,heramon farm,warit mantawali,2a8e5a9baaa80905|COE|NA|10,NA,NA,NA,NA,NA,NA,FALSE,FALSE
2a8e5a9baaa80905,Thailand 2023,COE,Thailand,2023,COE,NA,11,87.63,DoiTung – Scaling Project in Nan,Sitthinadda Paphavasit,Anaerobic NP,Bourbon,Nan,https://allianceforcoffeeexcellence.org/thailand-2023/,FALSE,reported,Experimental,Natural,Experimental,Anaerobic,reported process,11,11,doitung scaling project in nan,sitthinadda paphavasit,2a8e5a9baaa80905|COE|NA|11,Natural | Anaerobic,2023,2023,FALSE,TRUE,FALSE,TRUE,FALSE
2a8e5a9baaa80905,Thailand 2023,COE,Thailand,2023,COE,NA,12,87.47,Follow Your Heart Coffee,Chaloemwong Yapangkoo,Honey,Catimor,Chiang Rai,https://allianceforcoffeeexcellence.org/thailand-2023/,FALSE,reported,Honey / pulped natural,Honey / pulped natural,Conventional,NA,reported process,12,12,follow your heart coffee,chaloemwong yapangkoo,2a8e5a9baaa80905|COE|NA|12,NA,NA,NA,NA,NA,NA,FALSE,FALSE
2a8e5a9baaa80905,Thailand 2023,COE,Thailand,2023,COE,NA,13,87.4,Soyi,Aphisit Bise,Honey,Typica,Chaing Rai,https://allianceforcoffeeexcellence.org/thailand-2023/,FALSE,reported,Honey / pulped natural,Honey / pulped natural,Conventional,NA,reported process,13,13,soyi,aphisit bise,2a8e5a9baaa80905|COE|NA|13,NA,NA,NA,NA,NA,NA,FALSE,FALSE
2a8e5a9baaa80905,Thailand 2023,COE,Thailand,2023,COE,NA,14,87.3,Karen Farm,Wandee Saeyang,Dry/Natural,Catimor,Chiang Mai,https://allianceforcoffeeexcellence.org/thailand-2023/,FALSE,reported,Natural,Natural,Conventional,NA,reported process,14,14,karen farm,wandee saeyang,2a8e5a9baaa80905|COE|NA|14,NA,NA,NA,NA,NA,NA,FALSE,FALSE
2a8e5a9baaa80905,Thailand 2023,COE,Thailand,2023,COE,NA,15,87.2,Apae,Apae Leeja,Dry/Natural,Catimor,Mae Hong Sorn,https://allianceforcoffeeexcellence.org/thailand-2023/,FALSE,reported,Natural,Natural,Conventional,NA,reported process,15,15,apae,apae leeja,2a8e5a9baaa80905|COE|NA|15,NA,NA,NA,NA,NA,NA,FALSE,FALSE
2a8e5a9baaa80905,Thailand 2023,COE,Thailand,2023,COE,NA,16,87.2,Praiwan estate,Sanchai Pongpriwan,Honey,Bourbon typica cartimor,Chiang Mai,https://allianceforcoffeeexcellence.org/thailand-2023/,FALSE,reported,Honey / pulped natural,Honey / pulped natural,Conventional,NA,reported process,16,16,praiwan estate,sanchai pongpriwan,2a8e5a9baaa80905|COE|NA|16,NA,NA,NA,NA,NA,NA,FALSE,FALSE
2a8e5a9baaa80905,Thailand 2023,COE,Thailand,2023,COE,NA,2,89.5,Phala Akha Coffee Farm,Suwan Woeiyueku,Dry/Natural,Catimor,Chiang Rai,https://allianceforcoffeeexcellence.org/thailand-2023/,FALSE,reported,Natural,Natural,Conventional,NA,reported process,2,2,phala akha coffee farm,suwan woeiyueku,2a8e5a9baaa80905|COE|NA|2,NA,NA,NA,NA,NA,NA,FALSE,FALSE
2a8e5a9baaa80905,Thailand 2023,COE,Thailand,2023,COE,NA,3,89.13,Soft Coffee Farm,Radchadaporn Junprasert,Dry/Natural,Catimor,Chiang Mai,https://allianceforcoffeeexcellence.org/thailand-2023/,FALSE,reported,Natural,Natural,Conventional,NA,reported process,3,3,soft coffee farm,radchadaporn junprasert,2a8e5a9baaa80905|COE|NA|3,NA,NA,NA,NA,NA,NA,FALSE,FALSE
2a8e5a9baaa80905,Thailand 2023,COE,Thailand,2023,COE,NA,4,88.93,Cherpong village,Cherdpong Sikkajareon,Dry/Natural,Catimor,Chiang Rai,https://allianceforcoffeeexcellence.org/thailand-2023/,FALSE,reported,Natural,Natural,Conventional,NA,reported process,4,4,cherpong village,cherdpong sikkajareon,2a8e5a9baaa80905|COE|NA|4,NA,NA,NA,NA,NA,NA,FALSE,FALSE
2a8e5a9baaa80905,Thailand 2023,COE,Thailand,2023,COE,NA,5,88.8,Amazingcoffee at Mae Chan Tai,Natthaphon Chooemue,Dry/Natural,Catimor,Chaing Rai,https://allianceforcoffeeexcellence.org/thailand-2023/,FALSE,reported,Natural,Natural,Conventional,NA,reported process,5,5,amazingcoffee at mae chan tai,natthaphon chooemue,2a8e5a9baaa80905|COE|NA|5,NA,NA,NA,NA,NA,NA,FALSE,FALSE
2a8e5a9baaa80905,Thailand 2023,COE,Thailand,2023,COE,NA,6,88.8,Doi Pakgud coffee,Chatchai Khabu,Dry/Natural,Catimor,Mae Hong Sorn,https://allianceforcoffeeexcellence.org/thailand-2023/,FALSE,reported,Natural,Natural,Conventional,NA,reported process,6,6,doi pakgud coffee,chatchai khabu,2a8e5a9baaa80905|COE|NA|6,NA,NA,NA,NA,NA,NA,FALSE,FALSE
2a8e5a9baaa80905,Thailand 2023,COE,Thailand,2023,COE,NA,7,88.73,DoiTung,Sitthinadda Paphavasit,Washed,Gayo and Bourbon,Chaing Rai,https://allianceforcoffeeexcellence.org/thailand-2023/,FALSE,reported,Washed,Washed,Conventional,NA,reported process,7,7,doitung,sitthinadda paphavasit,2a8e5a9baaa80905|COE|NA|7,NA,NA,NA,NA,NA,NA,FALSE,FALSE
2a8e5a9baaa80905,Thailand 2023,COE,Thailand,2023,COE,NA,8,88.63,Ma Family Coffee Farm,Monthira Mayer,Dry/Natural,Catimor,Chiang Rai,https://allianceforcoffeeexcellence.org/thailand-2023/,FALSE,reported,Natural,Natural,Conventional,NA,reported process,8,8,ma family coffee farm,monthira mayer,2a8e5a9baaa80905|COE|NA|8,NA,NA,NA,NA,NA,NA,FALSE,FALSE
2a8e5a9baaa80905,Thailand 2023,COE,Thailand,2023,COE,NA,9,88.6,Doi Nan,Chalerm Dechanan,Honey,Catimor,Nan,https://allianceforcoffeeexcellence.org/thailand-2023/,FALSE,reported,Honey / pulped natural,Honey / pulped natural,Conventional,NA,reported process,9,9,doi nan,chalerm dechanan,2a8e5a9baaa80905|COE|NA|9,NA,NA,NA,NA,NA,NA,FALSE,FALSE
10b05a69b2ee99bc,Thailand 2024,COE,Thailand,2024,COE,NA,1A,91.8,Coffee De Hmong Bio,Mr.Wichai Kamnerdmongkon,Honey,Java,Thung Chang,https://allianceforcoffeeexcellence.org/thailand-2024/,FALSE,reported,Honey / pulped natural,Honey / pulped natural,Conventional,NA,reported process,1A,1,coffee de hmong bio,mr wichai kamnerdmongkon,10b05a69b2ee99bc|COE|NA|1,NA,NA,NA,NA,NA,NA,FALSE,FALSE
10b05a69b2ee99bc,Thailand 2024,COE,Thailand,2024,COE,NA,10,87.94,Soyi,Apissit Bise,Washed,Typica,Mueang,https://allianceforcoffeeexcellence.org/thailand-2024/,FALSE,reported,Washed,Washed,Conventional,NA,reported process,10,10,soyi,apissit bise,10b05a69b2ee99bc|COE|NA|10,NA,NA,NA,NA,NA,NA,FALSE,FALSE
10b05a69b2ee99bc,Thailand 2024,COE,Thailand,2024,COE,NA,11,87.72,SOFT Coffee Farm,Radchadaporn Junprasert,Dry/Natural,Cartimor,Omkoi,https://allianceforcoffeeexcellence.org/thailand-2024/,FALSE,reported,Natural,Natural,Conventional,NA,reported process,11,11,soft coffee farm,radchadaporn junprasert,10b05a69b2ee99bc|COE|NA|11,NA,NA,NA,NA,NA,NA,FALSE,FALSE
10b05a69b2ee99bc,Thailand 2024,COE,Thailand,2024,COE,NA,12,87.66,Ma Family Coffee Farm,Asadawoot Yapaenggoo,Dry/Natural,Cartimor,Mueang,https://allianceforcoffeeexcellence.org/thailand-2024/,FALSE,reported,Natural,Natural,Conventional,NA,reported process,12,12,ma family coffee farm,asadawoot yapaenggoo,10b05a69b2ee99bc|COE|NA|12,NA,NA,NA,NA,NA,NA,FALSE,FALSE
10b05a69b2ee99bc,Thailand 2024,COE,Thailand,2024,COE,NA,13,87.63,Paulo coffee farm-Pangkhon,Sasipat Moleaku,Dry/Natural,Cartimor,Mueang,https://allianceforcoffeeexcellence.org/thailand-2024/,FALSE,reported,Natural,Natural,Conventional,NA,reported process,13,13,paulo coffee farm pangkhon,sasipat moleaku,10b05a69b2ee99bc|COE|NA|13,NA,NA,NA,NA,NA,NA,FALSE,FALSE
10b05a69b2ee99bc,Thailand 2024,COE,Thailand,2024,COE,NA,14,87.58,AKAZA GM FARM,Anusorn Chuepa,Dry/Natural,Mixed,Mae Saluai,https://allianceforcoffeeexcellence.org/thailand-2024/,FALSE,reported,Natural,Natural,Conventional,NA,reported process,14,14,akaza gm farm,anusorn chuepa,10b05a69b2ee99bc|COE|NA|14,NA,NA,NA,NA,NA,NA,FALSE,FALSE
10b05a69b2ee99bc,Thailand 2024,COE,Thailand,2024,COE,NA,15,87.58,PhalaAkha coffee farm,suwan woeiyueku,Dry/Natural,Cartimor,Mueang,https://allianceforcoffeeexcellence.org/thailand-2024/,FALSE,reported,Natural,Natural,Conventional,NA,reported process,15,15,phalaakha coffee farm,suwan woeiyueku,10b05a69b2ee99bc|COE|NA|15,NA,NA,NA,NA,NA,NA,FALSE,FALSE
10b05a69b2ee99bc,Thailand 2024,COE,Thailand,2024,COE,NA,16,87.53,Phayoifarm,Boonsak Yuwaratanaporn,Dry/Natural,Cartimor,Khun Yuam,https://allianceforcoffeeexcellence.org/thailand-2024/,FALSE,reported,Natural,Natural,Conventional,NA,reported process,16,16,phayoifarm,boonsak yuwaratanaporn,10b05a69b2ee99bc|COE|NA|16,NA,NA,NA,NA,NA,NA,FALSE,FALSE
10b05a69b2ee99bc,Thailand 2024,COE,Thailand,2024,COE,NA,17,87.47,Huai wai farm,Yaowalak Anchasa,Washed,Cartimor,Khun Yuam,https://allianceforcoffeeexcellence.org/thailand-2024/,FALSE,reported,Washed,Washed,Conventional,NA,reported process,17,17,huai wai farm,yaowalak anchasa,10b05a69b2ee99bc|COE|NA|17,NA,NA,NA,NA,NA,NA,FALSE,FALSE
10b05a69b2ee99bc,Thailand 2024,COE,Thailand,2024,COE,NA,18,87.44,Priwan coffee farm,Sanchai พงษ์ไพรวัน,Honey,Bourbon,Galyani Vadhana,https://allianceforcoffeeexcellence.org/thailand-2024/,FALSE,reported,Honey / pulped natural,Honey / pulped natural,Conventional,NA,reported process,18,18,priwan coffee farm,sanchai,10b05a69b2ee99bc|COE|NA|18,NA,NA,NA,NA,NA,NA,FALSE,FALSE
10b05a69b2ee99bc,Thailand 2024,COE,Thailand,2024,COE,NA,19,87.33,Hua Ha coffee Farm,Thanaphat Nammung,Dry/Natural,Cartimor,Khun Yuam,https://allianceforcoffeeexcellence.org/thailand-2024/,FALSE,reported,Natural,Natural,Conventional,NA,reported process,19,19,hua ha coffee farm,thanaphat nammung,10b05a69b2ee99bc|COE|NA|19,NA,NA,NA,NA,NA,NA,FALSE,FALSE
10b05a69b2ee99bc,Thailand 2024,COE,Thailand,2024,COE,NA,2A,90.16,SOFT Coffee,Wish Junprasert,Dry/Natural,Mixed,Omkoi,https://allianceforcoffeeexcellence.org/thailand-2024/,FALSE,reported,Natural,Natural,Conventional,NA,reported process,2A,2,soft coffee,wish junprasert,10b05a69b2ee99bc|COE|NA|2,NA,NA,NA,NA,NA,NA,FALSE,FALSE
10b05a69b2ee99bc,Thailand 2024,COE,Thailand,2024,COE,NA,20,87.28,Follow Your Heart Coffee,Chaloemwong Yapangkoo,Dry/Natural,Mixed,Chiang Rai,https://allianceforcoffeeexcellence.org/thailand-2024/,FALSE,reported,Natural,Natural,Conventional,NA,reported process,20,20,follow your heart coffee,chaloemwong yapangkoo,10b05a69b2ee99bc|COE|NA|20,NA,NA,NA,NA,NA,NA,FALSE,FALSE
10b05a69b2ee99bc,Thailand 2024,COE,Thailand,2024,COE,NA,21,87.19,Uraiwan Farm,Uraiwan Sae-yee,Honey,Mixed,Mae Saluai,https://allianceforcoffeeexcellence.org/thailand-2024/,FALSE,reported,Honey / pulped natural,Honey / pulped natural,Conventional,NA,reported process,21,21,uraiwan farm,uraiwan sae yee,10b05a69b2ee99bc|COE|NA|21,NA,NA,NA,NA,NA,NA,FALSE,FALSE
10b05a69b2ee99bc,Thailand 2024,COE,Thailand,2024,COE,NA,22,87.14,Mae-toey,Pimpis Chaiprom,Washed,Cartimor,Omkoi,https://allianceforcoffeeexcellence.org/thailand-2024/,FALSE,reported,Washed,Washed,Conventional,NA,reported process,22,22,mae toey,pimpis chaiprom,10b05a69b2ee99bc|COE|NA|22,NA,NA,NA,NA,NA,NA,FALSE,FALSE
10b05a69b2ee99bc,Thailand 2024,COE,Thailand,2024,COE,NA,23,87.09,Rai DinDee,Hassadin Merlae,Dry/Natural,Cartimor,Mae Saluai,https://allianceforcoffeeexcellence.org/thailand-2024/,FALSE,reported,Natural,Natural,Conventional,NA,reported process,23,23,rai dindee,hassadin merlae,10b05a69b2ee99bc|COE|NA|23,NA,NA,NA,NA,NA,NA,FALSE,FALSE
10b05a69b2ee99bc,Thailand 2024,COE,Thailand,2024,COE,NA,24,87.06,DoiTung,Sitthinadda Paphavasit,Dry/Natural,Other,Mae Fa Luang,https://allianceforcoffeeexcellence.org/thailand-2024/,FALSE,reported,Natural,Natural,Conventional,NA,reported process,24,24,doitung,sitthinadda paphavasit,10b05a69b2ee99bc|COE|NA|24,NA,NA,NA,NA,NA,NA,FALSE,FALSE
10b05a69b2ee99bc,Thailand 2024,COE,Thailand,2024,COE,NA,25,87.05,Lee family,Nantana Saelee,Honey,Mixed,Mae Saluai,https://allianceforcoffeeexcellence.org/thailand-2024/,FALSE,reported,Honey / pulped natural,Honey / pulped natural,Conventional,NA,reported process,25,25,lee family,nantana saelee,10b05a69b2ee99bc|COE|NA|25,NA,NA,NA,NA,NA,NA,FALSE,FALSE
10b05a69b2ee99bc,Thailand 2024,COE,Thailand,2024,COE,NA,26,87,Saenchai estate,Saenchai Jupo,Honey,Catuai,Galyani Vadhana,https://allianceforcoffeeexcellence.org/thailand-2024/,FALSE,reported,Honey / pulped natural,Honey / pulped natural,Conventional,NA,reported process,26,26,saenchai estate,saenchai jupo,10b05a69b2ee99bc|COE|NA|26,NA,NA,NA,NA,NA,NA,FALSE,FALSE
10b05a69b2ee99bc,Thailand 2024,COE,Thailand,2024,COE,NA,27,87,Naiying Farm,yodying phichayawanit,Washed,Mixed,Thung Chang,https://allianceforcoffeeexcellence.org/thailand-2024/,FALSE,reported,Washed,Washed,Conventional,NA,reported process,27,27,naiying farm,yodying phichayawanit,10b05a69b2ee99bc|COE|NA|27,NA,NA,NA,NA,NA,NA,FALSE,FALSE
10b05a69b2ee99bc,Thailand 2024,COE,Thailand,2024,COE,NA,3,89.77,Live Specialty,Wararat Rattanathakul,Dry/Natural,Bourbon,Pai,https://allianceforcoffeeexcellence.org/thailand-2024/,FALSE,reported,Natural,Natural,Conventional,NA,reported process,3,3,live specialty,wararat rattanathakul,10b05a69b2ee99bc|COE|NA|3,NA,NA,NA,NA,NA,NA,FALSE,FALSE
10b05a69b2ee99bc,Thailand 2024,COE,Thailand,2024,COE,NA,4,89.2,yosniyom coffee farm,Nathagrid somboonkhamchoo,Dry/Natural,Cartimor,Galyani Vadhana,https://allianceforcoffeeexcellence.org/thailand-2024/,FALSE,reported,Natural,Natural,Conventional,NA,reported process,4,4,yosniyom coffee farm,nathagrid somboonkhamchoo,10b05a69b2ee99bc|COE|NA|4,NA,NA,NA,NA,NA,NA,FALSE,FALSE
10b05a69b2ee99bc,Thailand 2024,COE,Thailand,2024,COE,NA,5,88.78,Cherdpong Village,Cherdpong Sikkacharoen,Dry/Natural,Mixed,Mueang,https://allianceforcoffeeexcellence.org/thailand-2024/,FALSE,reported,Natural,Natural,Conventional,NA,reported process,5,5,cherdpong village,cherdpong sikkacharoen,10b05a69b2ee99bc|COE|NA|5,NA,NA,NA,NA,NA,NA,FALSE,FALSE
10b05a69b2ee99bc,Thailand 2024,COE,Thailand,2024,COE,NA,6,88.75,Chatchai organic coffee farming,Chatchai Khabu,Honey,Typica,Pai,https://allianceforcoffeeexcellence.org/thailand-2024/,FALSE,reported,Honey / pulped natural,Honey / pulped natural,Conventional,NA,reported process,6,6,chatchai organic coffee farming,chatchai khabu,10b05a69b2ee99bc|COE|NA|6,NA,NA,NA,NA,NA,NA,FALSE,FALSE
10b05a69b2ee99bc,Thailand 2024,COE,Thailand,2024,COE,NA,7,88.53,Amazingcoffee BY บ้านแม่จันใต้,Nichanan Jeerangkeeree,Dry/Natural,Typica,Mae Saluai,https://allianceforcoffeeexcellence.org/thailand-2024/,FALSE,reported,Natural,Natural,Conventional,NA,reported process,7,7,amazingcoffee by,nichanan jeerangkeeree,10b05a69b2ee99bc|COE|NA|7,NA,NA,NA,NA,NA,NA,FALSE,FALSE
10b05a69b2ee99bc,Thailand 2024,COE,Thailand,2024,COE,NA,8,88.31,Priwon estate,Sanchai Pongpriwon,Washed,Bourbon,Galyani Vadhana,https://allianceforcoffeeexcellence.org/thailand-2024/,FALSE,reported,Washed,Washed,Conventional,NA,reported process,8,8,priwon estate,sanchai pongpriwon,10b05a69b2ee99bc|COE|NA|8,NA,NA,NA,NA,NA,NA,FALSE,FALSE
10b05a69b2ee99bc,Thailand 2024,COE,Thailand,2024,COE,NA,9,88.06,Ma family coffee farm,Monthira Mayer,Honey,Cartimor,Mueang,https://allianceforcoffeeexcellence.org/thailand-2024/,FALSE,reported,Honey / pulped natural,Honey / pulped natural,Conventional,NA,reported process,9,9,ma family coffee farm,monthira mayer,10b05a69b2ee99bc|COE|NA|9,NA,NA,NA,NA,NA,NA,FALSE,FALSE
e4f222213bccceb2,Thailand 2025,COE,Thailand,2025,COE,NA,1A,90.8,Discovery coffee farm,Chartchai Saetao,Washed,Geisha,"Nan, Thung Chang",https://allianceforcoffeeexcellence.org/thailand-2025/,FALSE,reported,Washed,Washed,Conventional,NA,reported process,1A,1,discovery coffee farm,chartchai saetao,e4f222213bccceb2|COE|NA|1,NA,NA,NA,NA,NA,NA,FALSE,FALSE
e4f222213bccceb2,Thailand 2025,COE,Thailand,2025,COE,NA,10,88.47,Chatchai Organic Coffee Farming,Chatchai Khabu,Dry/Natural,Typica,"Mae Hong Son, Pai",https://allianceforcoffeeexcellence.org/thailand-2025/,FALSE,reported,Natural,Natural,Conventional,NA,reported process,10,10,chatchai organic coffee farming,chatchai khabu,e4f222213bccceb2|COE|NA|10,NA,NA,NA,NA,NA,NA,FALSE,FALSE
e4f222213bccceb2,Thailand 2025,COE,Thailand,2025,COE,NA,11,88.43,Pakakayo Family,Mr Boonsak Yuwarattanaporn,Washed,Typica,"Mae Hong Son, Khun Yuam",https://allianceforcoffeeexcellence.org/thailand-2025/,FALSE,reported,Washed,Washed,Conventional,NA,reported process,11,11,pakakayo family,mr boonsak yuwarattanaporn,e4f222213bccceb2|COE|NA|11,NA,NA,NA,NA,NA,NA,FALSE,FALSE
e4f222213bccceb2,Thailand 2025,COE,Thailand,2025,COE,NA,12,88.43,Phupha Estate,Kantima Tadplevthong,Honey,"Typica, Burbon, Catuai, Caturra","Ching Mai, Doi Saket",https://allianceforcoffeeexcellence.org/thailand-2025/,FALSE,reported,Honey / pulped natural,Honey / pulped natural,Conventional,NA,reported process,12,12,phupha estate,kantima tadplevthong,e4f222213bccceb2|COE|NA|12,NA,NA,NA,NA,NA,NA,FALSE,FALSE
e4f222213bccceb2,Thailand 2025,COE,Thailand,2025,COE,NA,13,88.23,SOFT Coffee farm,Sukanya Wanjhai,Dry/Natural,"Catuai, Typica","Ching Mai, Omkoi",https://allianceforcoffeeexcellence.org/thailand-2025/,FALSE,reported,Natural,Natural,Conventional,NA,reported process,13,13,soft coffee farm,sukanya wanjhai,e4f222213bccceb2|COE|NA|13,NA,NA,NA,NA,NA,NA,FALSE,FALSE
e4f222213bccceb2,Thailand 2025,COE,Thailand,2025,COE,NA,14,88.1,SOFT Coffee,Wish Junprasert,Dry/Natural,Catuai,"Ching Mai, Omkoi",https://allianceforcoffeeexcellence.org/thailand-2025/,FALSE,reported,Natural,Natural,Conventional,NA,reported process,14,14,soft coffee,wish junprasert,e4f222213bccceb2|COE|NA|14,NA,NA,NA,NA,NA,NA,FALSE,FALSE
e4f222213bccceb2,Thailand 2025,COE,Thailand,2025,COE,NA,15,88.07,Rai Nai Ying,Yodying Phichayawanit,Honey,"Gesha, java","Nan, Thung Chang",https://allianceforcoffeeexcellence.org/thailand-2025/,FALSE,reported,Honey / pulped natural,Honey / pulped natural,Conventional,NA,reported process,15,15,rai nai ying,yodying phichayawanit,e4f222213bccceb2|COE|NA|15,NA,NA,NA,NA,NA,NA,FALSE,FALSE
e4f222213bccceb2,Thailand 2025,COE,Thailand,2025,COE,NA,16,87.93,SOFT Coffee Farm,Radchadaporn Junprasert,Dry/Natural,Catuai /Typica,"Ching Mai, Omkoi",https://allianceforcoffeeexcellence.org/thailand-2025/,FALSE,reported,Natural,Natural,Conventional,NA,reported process,16,16,soft coffee farm,radchadaporn junprasert,e4f222213bccceb2|COE|NA|16,NA,NA,NA,NA,NA,NA,FALSE,FALSE
e4f222213bccceb2,Thailand 2025,COE,Thailand,2025,COE,NA,17,87.83,Live Specialty,Wararat Rattanathakul,Dry/Natural,Bourbon,"Mae Hong Son, Pai",https://allianceforcoffeeexcellence.org/thailand-2025/,FALSE,reported,Natural,Natural,Conventional,NA,reported process,17,17,live specialty,wararat rattanathakul,e4f222213bccceb2|COE|NA|17,NA,NA,NA,NA,NA,NA,FALSE,FALSE
e4f222213bccceb2,Thailand 2025,COE,Thailand,2025,COE,NA,18,87.6,Phupha Estate,Kantima Tadplevthong,Dry/Natural,"Typica, Burbon, Catuai, Caturra","Ching Mai, Doi Saket",https://allianceforcoffeeexcellence.org/thailand-2025/,FALSE,reported,Natural,Natural,Conventional,NA,reported process,18,18,phupha estate,kantima tadplevthong,e4f222213bccceb2|COE|NA|18,NA,NA,NA,NA,NA,NA,FALSE,FALSE
e4f222213bccceb2,Thailand 2025,COE,Thailand,2025,COE,NA,19,87.23,Rai Nai Ying,Yodying Phichayawanit,Dry/Natural,Geisha,"Nan, Thung Chang",https://allianceforcoffeeexcellence.org/thailand-2025/,FALSE,reported,Natural,Natural,Conventional,NA,reported process,19,19,rai nai ying,yodying phichayawanit,e4f222213bccceb2|COE|NA|19,NA,NA,NA,NA,NA,NA,FALSE,FALSE
e4f222213bccceb2,Thailand 2025,COE,Thailand,2025,COE,NA,2A,90.37,Discovery coffee farm,Chartchai Saetao,Honey,Geisha,"Nan, Thung Chang",https://allianceforcoffeeexcellence.org/thailand-2025/,FALSE,reported,Honey / pulped natural,Honey / pulped natural,Conventional,NA,reported process,2A,2,discovery coffee farm,chartchai saetao,e4f222213bccceb2|COE|NA|2,NA,NA,NA,NA,NA,NA,FALSE,FALSE
e4f222213bccceb2,Thailand 2025,COE,Thailand,2025,COE,NA,20,87.2,Saenchai estate,Saenchai Jupo,Honey,Bourbon,"Ching Mai, Galyani Vadhana",https://allianceforcoffeeexcellence.org/thailand-2025/,FALSE,reported,Honey / pulped natural,Honey / pulped natural,Conventional,NA,reported process,20,20,saenchai estate,saenchai jupo,e4f222213bccceb2|COE|NA|20,NA,NA,NA,NA,NA,NA,FALSE,FALSE
e4f222213bccceb2,Thailand 2025,COE,Thailand,2025,COE,NA,21,87.1,Pakakayo Family,Mr Boonsak Yuwarattanaporn,Dry/Natural,Typica,"Mae Hong Son, Khun Yuam",https://allianceforcoffeeexcellence.org/thailand-2025/,FALSE,reported,Natural,Natural,Conventional,NA,reported process,21,21,pakakayo family,mr boonsak yuwarattanaporn,e4f222213bccceb2|COE|NA|21,NA,NA,NA,NA,NA,NA,FALSE,FALSE
e4f222213bccceb2,Thailand 2025,COE,Thailand,2025,COE,NA,3,89.9,Saenchai estate,Saenchai Jupo,Dry/Natural,Bourbon,"Ching Mai, Galyani Vadhana",https://allianceforcoffeeexcellence.org/thailand-2025/,FALSE,reported,Natural,Natural,Conventional,NA,reported process,3,3,saenchai estate,saenchai jupo,e4f222213bccceb2|COE|NA|3,NA,NA,NA,NA,NA,NA,FALSE,FALSE
e4f222213bccceb2,Thailand 2025,COE,Thailand,2025,COE,NA,4,89.77,Doi Tung Development Project,Sitthinadda Papjavasit,Fermented Natural Process,Gayo,"Chiang Rai, Mae Fa Luang",https://allianceforcoffeeexcellence.org/thailand-2025/,FALSE,reported,Experimental,Natural,Experimental,Fermentation unspecified,reported process,4,4,doi tung development project,sitthinadda papjavasit,e4f222213bccceb2|COE|NA|4,Natural | Fermentation unspecified,2025,2025,FALSE,TRUE,FALSE,TRUE,FALSE
e4f222213bccceb2,Thailand 2025,COE,Thailand,2025,COE,NA,5,89.47,Coffee De Hmong Bio Farm,Wichai Kamnerdmongkhon,Honey,Geisha,"Nan, Mueang",https://allianceforcoffeeexcellence.org/thailand-2025/,FALSE,reported,Honey / pulped natural,Honey / pulped natural,Conventional,NA,reported process,5,5,coffee de hmong bio farm,wichai kamnerdmongkhon,e4f222213bccceb2|COE|NA|5,NA,NA,NA,NA,NA,NA,FALSE,FALSE
e4f222213bccceb2,Thailand 2025,COE,Thailand,2025,COE,NA,6,89.27,Doi Tung Development Project,Sitthinadda Paphavasit,Fermented Honey process,Gayo & Java,"Chiang Rai, Mae Fa Luang",https://allianceforcoffeeexcellence.org/thailand-2025/,FALSE,reported,Experimental,Honey / pulped natural,Experimental,Fermentation unspecified,reported process,6,6,doi tung development project,sitthinadda paphavasit,e4f222213bccceb2|COE|NA|6,Honey / pulped natural | Fermentation unspecified,2025,2025,FALSE,TRUE,FALSE,TRUE,FALSE
e4f222213bccceb2,Thailand 2025,COE,Thailand,2025,COE,NA,7,89.13,Ching family farm,Ching Saethao,Honey,Geisha,"Nan, Thung Chang",https://allianceforcoffeeexcellence.org/thailand-2025/,FALSE,reported,Honey / pulped natural,Honey / pulped natural,Conventional,NA,reported process,7,7,ching family farm,ching saethao,e4f222213bccceb2|COE|NA|7,NA,NA,NA,NA,NA,NA,FALSE,FALSE
e4f222213bccceb2,Thailand 2025,COE,Thailand,2025,COE,NA,8,88.87,yosniyom coffee farm,Nathagrid Somboonkhamchoo,Dry/Natural,Typica/Catimor,"Ching Mai, Galyani Vadhana",https://allianceforcoffeeexcellence.org/thailand-2025/,FALSE,reported,Natural,Natural,Conventional,NA,reported process,8,8,yosniyom coffee farm,nathagrid somboonkhamchoo,e4f222213bccceb2|COE|NA|8,NA,NA,NA,NA,NA,NA,FALSE,FALSE
e4f222213bccceb2,Thailand 2025,COE,Thailand,2025,COE,NA,9,88.83,Sahayrernfarm,Thuanthong Homdok,Honey,Java,"Nan, Thung Chang",https://allianceforcoffeeexcellence.org/thailand-2025/,FALSE,reported,Honey / pulped natural,Honey / pulped natural,Conventional,NA,reported process,9,9,sahayrernfarm,thuanthong homdok,e4f222213bccceb2|COE|NA|9,NA,NA,NA,NA,NA,NA,FALSE,FALSE
