event_id,country,year,program,rank,lot_key,valid_price,final_bid_usd_lb,weight_lb,total_value_usd,calculated_value_usd,relative_value_difference,source_url
86f5fadc62969c5f,Bolivia,2004,COE,1,86f5fadc62969c5f|COE|NA|1,TRUE,11.25,NA,32986.67,NA,NA,https://allianceforcoffeeexcellence.org/bolivia-2004/
86f5fadc62969c5f,Bolivia,2004,COE,2,86f5fadc62969c5f|COE|NA|2,TRUE,10.05,NA,27917.14,NA,NA,https://allianceforcoffeeexcellence.org/bolivia-2004/
86f5fadc62969c5f,Bolivia,2004,COE,3,86f5fadc62969c5f|COE|NA|3,TRUE,10,NA,13889.12,NA,NA,https://allianceforcoffeeexcellence.org/bolivia-2004/
86f5fadc62969c5f,Bolivia,2004,COE,4,86f5fadc62969c5f|COE|NA|4,TRUE,5.25,NA,8101.99,NA,NA,https://allianceforcoffeeexcellence.org/bolivia-2004/
86f5fadc62969c5f,Bolivia,2004,COE,5,86f5fadc62969c5f|COE|NA|5,TRUE,8.05,NA,11180.74,NA,NA,https://allianceforcoffeeexcellence.org/bolivia-2004/
86f5fadc62969c5f,Bolivia,2004,COE,6,86f5fadc62969c5f|COE|NA|6,TRUE,5.55,NA,7708.46,NA,NA,https://allianceforcoffeeexcellence.org/bolivia-2004/
86f5fadc62969c5f,Bolivia,2004,COE,7,86f5fadc62969c5f|COE|NA|7,TRUE,5.7,NA,7916.8,NA,NA,https://allianceforcoffeeexcellence.org/bolivia-2004/
86f5fadc62969c5f,Bolivia,2004,COE,8,86f5fadc62969c5f|COE|NA|8,TRUE,6.01,NA,9274.85,NA,NA,https://allianceforcoffeeexcellence.org/bolivia-2004/
86f5fadc62969c5f,Bolivia,2004,COE,9,86f5fadc62969c5f|COE|NA|9,TRUE,5.1,NA,7083.45,NA,NA,https://allianceforcoffeeexcellence.org/bolivia-2004/
86f5fadc62969c5f,Bolivia,2004,COE,10,86f5fadc62969c5f|COE|NA|10,TRUE,5.05,NA,10910.68,NA,NA,https://allianceforcoffeeexcellence.org/bolivia-2004/
86f5fadc62969c5f,Bolivia,2004,COE,11,86f5fadc62969c5f|COE|NA|11,TRUE,4.8,NA,6666.78,NA,NA,https://allianceforcoffeeexcellence.org/bolivia-2004/
86f5fadc62969c5f,Bolivia,2004,COE,12,86f5fadc62969c5f|COE|NA|12,TRUE,5,NA,7716.18,NA,NA,https://allianceforcoffeeexcellence.org/bolivia-2004/
86f5fadc62969c5f,Bolivia,2004,COE,13,86f5fadc62969c5f|COE|NA|13,TRUE,4.66,NA,7910.63,NA,NA,https://allianceforcoffeeexcellence.org/bolivia-2004/
cbe3c4b09a54bec0,Bolivia,2005,COE,1,cbe3c4b09a54bec0|COE|NA|1,TRUE,12.55,NA,30988.18,NA,NA,https://allianceforcoffeeexcellence.org/bolivia-2005/
cbe3c4b09a54bec0,Bolivia,2005,COE,2,cbe3c4b09a54bec0|COE|NA|2,TRUE,5.9,NA,18210.18,NA,NA,https://allianceforcoffeeexcellence.org/bolivia-2005/
cbe3c4b09a54bec0,Bolivia,2005,COE,3,cbe3c4b09a54bec0|COE|NA|3,TRUE,6.05,NA,17739.5,NA,NA,https://allianceforcoffeeexcellence.org/bolivia-2005/
cbe3c4b09a54bec0,Bolivia,2005,COE,4,cbe3c4b09a54bec0|COE|NA|4,TRUE,7.25,NA,20139.23,NA,NA,https://allianceforcoffeeexcellence.org/bolivia-2005/
cbe3c4b09a54bec0,Bolivia,2005,COE,5,cbe3c4b09a54bec0|COE|NA|5,TRUE,4.5,NA,14583.58,NA,NA,https://allianceforcoffeeexcellence.org/bolivia-2005/
cbe3c4b09a54bec0,Bolivia,2005,COE,6,cbe3c4b09a54bec0|COE|NA|6,TRUE,4.15,NA,10887.53,NA,NA,https://allianceforcoffeeexcellence.org/bolivia-2005/
cbe3c4b09a54bec0,Bolivia,2005,COE,7,cbe3c4b09a54bec0|COE|NA|7,TRUE,3.9,NA,11435.38,NA,NA,https://allianceforcoffeeexcellence.org/bolivia-2005/
cbe3c4b09a54bec0,Bolivia,2005,COE,8,cbe3c4b09a54bec0|COE|NA|8,TRUE,4.2,NA,11018.7,NA,NA,https://allianceforcoffeeexcellence.org/bolivia-2005/
cbe3c4b09a54bec0,Bolivia,2005,COE,9,cbe3c4b09a54bec0|COE|NA|9,TRUE,3.65,NA,10139.06,NA,NA,https://allianceforcoffeeexcellence.org/bolivia-2005/
cbe3c4b09a54bec0,Bolivia,2005,COE,10,cbe3c4b09a54bec0|COE|NA|10,TRUE,4.05,NA,11250.19,NA,NA,https://allianceforcoffeeexcellence.org/bolivia-2005/
cbe3c4b09a54bec0,Bolivia,2005,COE,11,cbe3c4b09a54bec0|COE|NA|11,TRUE,3.3,NA,10694.62,NA,NA,https://allianceforcoffeeexcellence.org/bolivia-2005/
cbe3c4b09a54bec0,Bolivia,2005,COE,12,cbe3c4b09a54bec0|COE|NA|12,TRUE,3.75,NA,9838.13,NA,NA,https://allianceforcoffeeexcellence.org/bolivia-2005/
cbe3c4b09a54bec0,Bolivia,2005,COE,13,cbe3c4b09a54bec0|COE|NA|13,TRUE,4.05,NA,16875.28,NA,NA,https://allianceforcoffeeexcellence.org/bolivia-2005/
cbe3c4b09a54bec0,Bolivia,2005,COE,14,cbe3c4b09a54bec0|COE|NA|14,TRUE,4.25,NA,11805.75,NA,NA,https://allianceforcoffeeexcellence.org/bolivia-2005/
cbe3c4b09a54bec0,Bolivia,2005,COE,15,cbe3c4b09a54bec0|COE|NA|15,TRUE,4,NA,10494,NA,NA,https://allianceforcoffeeexcellence.org/bolivia-2005/
cbe3c4b09a54bec0,Bolivia,2005,COE,16,cbe3c4b09a54bec0|COE|NA|16,TRUE,3.85,NA,9506.33,NA,NA,https://allianceforcoffeeexcellence.org/bolivia-2005/
cbe3c4b09a54bec0,Bolivia,2005,COE,17,cbe3c4b09a54bec0|COE|NA|17,TRUE,3.4,NA,8919.9,NA,NA,https://allianceforcoffeeexcellence.org/bolivia-2005/
cbe3c4b09a54bec0,Bolivia,2005,COE,18,cbe3c4b09a54bec0|COE|NA|18,TRUE,4,NA,10494,NA,NA,https://allianceforcoffeeexcellence.org/bolivia-2005/
cbe3c4b09a54bec0,Bolivia,2005,COE,19,cbe3c4b09a54bec0|COE|NA|19,TRUE,3,NA,8796.44,NA,NA,https://allianceforcoffeeexcellence.org/bolivia-2005/
344ddab608c8d8c8,Bolivia,2007,COE,1,344ddab608c8d8c8|COE|NA|1,TRUE,21.1,NA,36283.68,NA,NA,https://allianceforcoffeeexcellence.org/bolivia-2007/
344ddab608c8d8c8,Bolivia,2007,COE,2,344ddab608c8d8c8|COE|NA|2,TRUE,21.1,NA,33492.63,NA,NA,https://allianceforcoffeeexcellence.org/bolivia-2007/
344ddab608c8d8c8,Bolivia,2007,COE,3,344ddab608c8d8c8|COE|NA|3,TRUE,17.55,NA,32500.55,NA,NA,https://allianceforcoffeeexcellence.org/bolivia-2007/
344ddab608c8d8c8,Bolivia,2007,COE,4,344ddab608c8d8c8|COE|NA|4,TRUE,12.15,NA,20893.21,NA,NA,https://allianceforcoffeeexcellence.org/bolivia-2007/
344ddab608c8d8c8,Bolivia,2007,COE,5,344ddab608c8d8c8|COE|NA|5,TRUE,10.05,NA,17282.04,NA,NA,https://allianceforcoffeeexcellence.org/bolivia-2007/
344ddab608c8d8c8,Bolivia,2007,COE,6,344ddab608c8d8c8|COE|NA|6,TRUE,7.1,NA,15026.71,NA,NA,https://allianceforcoffeeexcellence.org/bolivia-2007/
344ddab608c8d8c8,Bolivia,2007,COE,7,344ddab608c8d8c8|COE|NA|7,TRUE,8.05,NA,17037.32,NA,NA,https://allianceforcoffeeexcellence.org/bolivia-2007/
344ddab608c8d8c8,Bolivia,2007,COE,8,344ddab608c8d8c8|COE|NA|8,TRUE,5.6,NA,13333.56,NA,NA,https://allianceforcoffeeexcellence.org/bolivia-2007/
344ddab608c8d8c8,Bolivia,2007,COE,9,344ddab608c8d8c8|COE|NA|9,TRUE,5.8,NA,9973.71,NA,NA,https://allianceforcoffeeexcellence.org/bolivia-2007/
344ddab608c8d8c8,Bolivia,2007,COE,10,344ddab608c8d8c8|COE|NA|10,TRUE,7.8,NA,13412.92,NA,NA,https://allianceforcoffeeexcellence.org/bolivia-2007/
344ddab608c8d8c8,Bolivia,2007,COE,11,344ddab608c8d8c8|COE|NA|11,TRUE,5.1,NA,12143.06,NA,NA,https://allianceforcoffeeexcellence.org/bolivia-2007/
344ddab608c8d8c8,Bolivia,2007,COE,12,344ddab608c8d8c8|COE|NA|12,TRUE,6.45,NA,11091.46,NA,NA,https://allianceforcoffeeexcellence.org/bolivia-2007/
344ddab608c8d8c8,Bolivia,2007,COE,13,344ddab608c8d8c8|COE|NA|13,TRUE,4.9,NA,9074.23,NA,NA,https://allianceforcoffeeexcellence.org/bolivia-2007/
344ddab608c8d8c8,Bolivia,2007,COE,14,344ddab608c8d8c8|COE|NA|14,TRUE,4.95,NA,14405,NA,NA,https://allianceforcoffeeexcellence.org/bolivia-2007/
344ddab608c8d8c8,Bolivia,2007,COE,15,344ddab608c8d8c8|COE|NA|15,TRUE,5.05,NA,14696.01,NA,NA,https://allianceforcoffeeexcellence.org/bolivia-2007/
344ddab608c8d8c8,Bolivia,2007,COE,16,344ddab608c8d8c8|COE|NA|16,TRUE,5.55,NA,8809.67,NA,NA,https://allianceforcoffeeexcellence.org/bolivia-2007/
344ddab608c8d8c8,Bolivia,2007,COE,17,344ddab608c8d8c8|COE|NA|17,TRUE,7.05,NA,12123.22,NA,NA,https://allianceforcoffeeexcellence.org/bolivia-2007/
344ddab608c8d8c8,Bolivia,2007,COE,18,344ddab608c8d8c8|COE|NA|18,TRUE,4.55,NA,7824.21,NA,NA,https://allianceforcoffeeexcellence.org/bolivia-2007/
344ddab608c8d8c8,Bolivia,2007,COE,19,344ddab608c8d8c8|COE|NA|19,TRUE,4.9,NA,11666.86,NA,NA,https://allianceforcoffeeexcellence.org/bolivia-2007/
344ddab608c8d8c8,Bolivia,2007,COE,20,344ddab608c8d8c8|COE|NA|20,TRUE,5.1,NA,12143.06,NA,NA,https://allianceforcoffeeexcellence.org/bolivia-2007/
344ddab608c8d8c8,Bolivia,2007,COE,21,344ddab608c8d8c8|COE|NA|21,TRUE,5.15,NA,11580.88,NA,NA,https://allianceforcoffeeexcellence.org/bolivia-2007/
344ddab608c8d8c8,Bolivia,2007,COE,22,344ddab608c8d8c8|COE|NA|22,TRUE,4.15,NA,6587.41,NA,NA,https://allianceforcoffeeexcellence.org/bolivia-2007/
344ddab608c8d8c8,Bolivia,2007,COE,23,344ddab608c8d8c8|COE|NA|23,TRUE,4.9,NA,9722.39,NA,NA,https://allianceforcoffeeexcellence.org/bolivia-2007/
344ddab608c8d8c8,Bolivia,2007,COE,24,344ddab608c8d8c8|COE|NA|24,TRUE,4.9,NA,8426.07,NA,NA,https://allianceforcoffeeexcellence.org/bolivia-2007/
344ddab608c8d8c8,Bolivia,2007,COE,25,344ddab608c8d8c8|COE|NA|25,TRUE,5.24,NA,9010.73,NA,NA,https://allianceforcoffeeexcellence.org/bolivia-2007/
344ddab608c8d8c8,Bolivia,2007,COE,26,344ddab608c8d8c8|COE|NA|26,TRUE,4.9,NA,13611.34,NA,NA,https://allianceforcoffeeexcellence.org/bolivia-2007/
6646acbd1638b6ee,Bolivia,2008,COE,1,6646acbd1638b6ee|COE|NA|1,TRUE,12.15,NA,28929.06,NA,NA,https://allianceforcoffeeexcellence.org/bolivia-2008/
6646acbd1638b6ee,Bolivia,2008,COE,2,6646acbd1638b6ee|COE|NA|2,TRUE,12.15,NA,24107.55,NA,NA,https://allianceforcoffeeexcellence.org/bolivia-2008/
6646acbd1638b6ee,Bolivia,2008,COE,3,6646acbd1638b6ee|COE|NA|3,TRUE,7,NA,22222.6,NA,NA,https://allianceforcoffeeexcellence.org/bolivia-2008/
6646acbd1638b6ee,Bolivia,2008,COE,4,6646acbd1638b6ee|COE|NA|4,TRUE,7.7,NA,17315.11,NA,NA,https://allianceforcoffeeexcellence.org/bolivia-2008/
6646acbd1638b6ee,Bolivia,2008,COE,5,6646acbd1638b6ee|COE|NA|5,TRUE,6.05,NA,11203.89,NA,NA,https://allianceforcoffeeexcellence.org/bolivia-2008/
6646acbd1638b6ee,Bolivia,2008,COE,6,6646acbd1638b6ee|COE|NA|6,TRUE,8.05,NA,14907.66,NA,NA,https://allianceforcoffeeexcellence.org/bolivia-2008/
6646acbd1638b6ee,Bolivia,2008,COE,7,6646acbd1638b6ee|COE|NA|7,TRUE,8.05,NA,12777.99,NA,NA,https://allianceforcoffeeexcellence.org/bolivia-2008/
6646acbd1638b6ee,Bolivia,2008,COE,8,6646acbd1638b6ee|COE|NA|8,TRUE,6.35,NA,11759.46,NA,NA,https://allianceforcoffeeexcellence.org/bolivia-2008/
6646acbd1638b6ee,Bolivia,2008,COE,9,6646acbd1638b6ee|COE|NA|9,TRUE,10.55,NA,16746.31,NA,NA,https://allianceforcoffeeexcellence.org/bolivia-2008/
6646acbd1638b6ee,Bolivia,2008,COE,10,6646acbd1638b6ee|COE|NA|10,TRUE,5.33,NA,9165.5,NA,NA,https://allianceforcoffeeexcellence.org/bolivia-2008/
6646acbd1638b6ee,Bolivia,2008,COE,11,6646acbd1638b6ee|COE|NA|11,TRUE,5.9,NA,9365.24,NA,NA,https://allianceforcoffeeexcellence.org/bolivia-2008/
6646acbd1638b6ee,Bolivia,2008,COE,12,6646acbd1638b6ee|COE|NA|12,TRUE,5.87,NA,10094.09,NA,NA,https://allianceforcoffeeexcellence.org/bolivia-2008/
6646acbd1638b6ee,Bolivia,2008,COE,13,6646acbd1638b6ee|COE|NA|13,TRUE,4.15,NA,8783.22,NA,NA,https://allianceforcoffeeexcellence.org/bolivia-2008/
6646acbd1638b6ee,Bolivia,2008,COE,14,6646acbd1638b6ee|COE|NA|14,TRUE,5.05,NA,15364.02,NA,NA,https://allianceforcoffeeexcellence.org/bolivia-2008/
6646acbd1638b6ee,Bolivia,2008,COE,15,6646acbd1638b6ee|COE|NA|15,TRUE,5.03,NA,9980.33,NA,NA,https://allianceforcoffeeexcellence.org/bolivia-2008/
6646acbd1638b6ee,Bolivia,2008,COE,16,6646acbd1638b6ee|COE|NA|16,TRUE,5.05,NA,20708.02,NA,NA,https://allianceforcoffeeexcellence.org/bolivia-2008/
6646acbd1638b6ee,Bolivia,2008,COE,17,6646acbd1638b6ee|COE|NA|17,TRUE,4,NA,8994.86,NA,NA,https://allianceforcoffeeexcellence.org/bolivia-2008/
6646acbd1638b6ee,Bolivia,2008,COE,18,6646acbd1638b6ee|COE|NA|18,TRUE,3.4,NA,7645.63,NA,NA,https://allianceforcoffeeexcellence.org/bolivia-2008/
6646acbd1638b6ee,Bolivia,2008,COE,19,6646acbd1638b6ee|COE|NA|19,TRUE,4,NA,8465.75,NA,NA,https://allianceforcoffeeexcellence.org/bolivia-2008/
6646acbd1638b6ee,Bolivia,2008,COE,20,6646acbd1638b6ee|COE|NA|20,TRUE,5,NA,7936.64,NA,NA,https://allianceforcoffeeexcellence.org/bolivia-2008/
6646acbd1638b6ee,Bolivia,2008,COE,21,6646acbd1638b6ee|COE|NA|21,TRUE,5.05,NA,14696.01,NA,NA,https://allianceforcoffeeexcellence.org/bolivia-2008/
6646acbd1638b6ee,Bolivia,2008,COE,22,6646acbd1638b6ee|COE|NA|22,TRUE,4.7,NA,9325.55,NA,NA,https://allianceforcoffeeexcellence.org/bolivia-2008/
6646acbd1638b6ee,Bolivia,2008,COE,23,6646acbd1638b6ee|COE|NA|23,TRUE,5.05,NA,10688.01,NA,NA,https://allianceforcoffeeexcellence.org/bolivia-2008/
6646acbd1638b6ee,Bolivia,2008,COE,24,6646acbd1638b6ee|COE|NA|24,TRUE,3.88,NA,9238.25,NA,NA,https://allianceforcoffeeexcellence.org/bolivia-2008/
6646acbd1638b6ee,Bolivia,2008,COE,25,6646acbd1638b6ee|COE|NA|25,TRUE,4.1,NA,6508.05,NA,NA,https://allianceforcoffeeexcellence.org/bolivia-2008/
6646acbd1638b6ee,Bolivia,2008,COE,26,6646acbd1638b6ee|COE|NA|26,TRUE,5.05,NA,8016.01,NA,NA,https://allianceforcoffeeexcellence.org/bolivia-2008/
6646acbd1638b6ee,Bolivia,2008,COE,27,6646acbd1638b6ee|COE|NA|27,TRUE,4.05,NA,6964.4,NA,NA,https://allianceforcoffeeexcellence.org/bolivia-2008/
6646acbd1638b6ee,Bolivia,2008,COE,28,6646acbd1638b6ee|COE|NA|28,TRUE,3.88,NA,9238.25,NA,NA,https://allianceforcoffeeexcellence.org/bolivia-2008/
6646acbd1638b6ee,Bolivia,2008,COE,29,6646acbd1638b6ee|COE|NA|29,TRUE,3.9,NA,7738.23,NA,NA,https://allianceforcoffeeexcellence.org/bolivia-2008/
41c894e8f5792c14,Bolivia,2009,COE,1,41c894e8f5792c14|COE|NA|1,TRUE,35.05,NA,63749.29,NA,NA,https://allianceforcoffeeexcellence.org/bolivia-2009/
41c894e8f5792c14,Bolivia,2009,COE,2,41c894e8f5792c14|COE|NA|2,TRUE,12.06,NA,25614.6,NA,NA,https://allianceforcoffeeexcellence.org/bolivia-2009/
41c894e8f5792c14,Bolivia,2009,COE,3,41c894e8f5792c14|COE|NA|3,TRUE,9.2,NA,16011.04,NA,NA,https://allianceforcoffeeexcellence.org/bolivia-2009/
41c894e8f5792c14,Bolivia,2009,COE,4,41c894e8f5792c14|COE|NA|4,TRUE,12.8,NA,18779.9,NA,NA,https://allianceforcoffeeexcellence.org/bolivia-2009/
41c894e8f5792c14,Bolivia,2009,COE,5,41c894e8f5792c14|COE|NA|5,TRUE,12.35,NA,19657.99,NA,NA,https://allianceforcoffeeexcellence.org/bolivia-2009/
41c894e8f5792c14,Bolivia,2009,COE,6,41c894e8f5792c14|COE|NA|6,TRUE,9,NA,17500.32,NA,NA,https://allianceforcoffeeexcellence.org/bolivia-2009/
41c894e8f5792c14,Bolivia,2009,COE,7,41c894e8f5792c14|COE|NA|7,TRUE,9.85,NA,16703.63,NA,NA,https://allianceforcoffeeexcellence.org/bolivia-2009/
41c894e8f5792c14,Bolivia,2009,COE,8,41c894e8f5792c14|COE|NA|8,TRUE,7.45,NA,14946.26,NA,NA,https://allianceforcoffeeexcellence.org/bolivia-2009/
41c894e8f5792c14,Bolivia,2009,COE,9,41c894e8f5792c14|COE|NA|9,TRUE,8.46,NA,18660.39,NA,NA,https://allianceforcoffeeexcellence.org/bolivia-2009/
41c894e8f5792c14,Bolivia,2009,COE,10,41c894e8f5792c14|COE|NA|10,TRUE,8.8,NA,14928.85,NA,NA,https://allianceforcoffeeexcellence.org/bolivia-2009/
41c894e8f5792c14,Bolivia,2009,COE,11,41c894e8f5792c14|COE|NA|11,TRUE,7.35,NA,12765.48,NA,NA,https://allianceforcoffeeexcellence.org/bolivia-2009/
41c894e8f5792c14,Bolivia,2009,COE,12,41c894e8f5792c14|COE|NA|12,TRUE,6.66,NA,14963.22,NA,NA,https://allianceforcoffeeexcellence.org/bolivia-2009/
41c894e8f5792c14,Bolivia,2009,COE,13,41c894e8f5792c14|COE|NA|13,TRUE,7.07,NA,12824.7,NA,NA,https://allianceforcoffeeexcellence.org/bolivia-2009/
41c894e8f5792c14,Bolivia,2009,COE,14,41c894e8f5792c14|COE|NA|14,TRUE,6.5,NA,14287.07,NA,NA,https://allianceforcoffeeexcellence.org/bolivia-2009/
41c894e8f5792c14,Bolivia,2009,COE,15,41c894e8f5792c14|COE|NA|15,TRUE,6.15,NA,11694.16,NA,NA,https://allianceforcoffeeexcellence.org/bolivia-2009/
41c894e8f5792c14,Bolivia,2009,COE,16,41c894e8f5792c14|COE|NA|16,TRUE,6.48,NA,13800.26,NA,NA,https://allianceforcoffeeexcellence.org/bolivia-2009/
41c894e8f5792c14,Bolivia,2009,COE,17,41c894e8f5792c14|COE|NA|17,TRUE,5.65,NA,9622.35,NA,NA,https://allianceforcoffeeexcellence.org/bolivia-2009/
41c894e8f5792c14,Bolivia,2009,COE,18,41c894e8f5792c14|COE|NA|18,TRUE,6.2,NA,9431.38,NA,NA,https://allianceforcoffeeexcellence.org/bolivia-2009/
41c894e8f5792c14,Bolivia,2009,COE,19,41c894e8f5792c14|COE|NA|19,TRUE,6.25,NA,9507.44,NA,NA,https://allianceforcoffeeexcellence.org/bolivia-2009/
41c894e8f5792c14,Bolivia,2009,COE,20,41c894e8f5792c14|COE|NA|20,TRUE,6.15,NA,13470.28,NA,NA,https://allianceforcoffeeexcellence.org/bolivia-2009/
41c894e8f5792c14,Bolivia,2009,COE,21,41c894e8f5792c14|COE|NA|21,TRUE,5.05,NA,9463.35,NA,NA,https://allianceforcoffeeexcellence.org/bolivia-2009/
41c894e8f5792c14,Bolivia,2009,COE,22,41c894e8f5792c14|COE|NA|22,TRUE,5.05,NA,12870.13,NA,NA,https://allianceforcoffeeexcellence.org/bolivia-2009/
41c894e8f5792c14,Bolivia,2009,COE,23,41c894e8f5792c14|COE|NA|23,TRUE,4.9,NA,9317.3,NA,NA,https://allianceforcoffeeexcellence.org/bolivia-2009/
41c894e8f5792c14,Bolivia,2009,COE,24,41c894e8f5792c14|COE|NA|24,TRUE,5.4,NA,9221.58,NA,NA,https://allianceforcoffeeexcellence.org/bolivia-2009/
41c894e8f5792c14,Bolivia,2009,COE,25,41c894e8f5792c14|COE|NA|25,TRUE,5.31,NA,8885.28,NA,NA,https://allianceforcoffeeexcellence.org/bolivia-2009/
41c894e8f5792c14,Bolivia,2009,COE,26,41c894e8f5792c14|COE|NA|26,TRUE,4.5,NA,9562.68,NA,NA,https://allianceforcoffeeexcellence.org/bolivia-2009/
41c894e8f5792c14,Bolivia,2009,COE,27,41c894e8f5792c14|COE|NA|27,TRUE,4.51,NA,10633.86,NA,NA,https://allianceforcoffeeexcellence.org/bolivia-2009/
41c894e8f5792c14,Bolivia,2009,COE,28,41c894e8f5792c14|COE|NA|28,TRUE,4.5,NA,9433.67,NA,NA,https://allianceforcoffeeexcellence.org/bolivia-2009/
41c894e8f5792c14,Bolivia,2009,COE,29,41c894e8f5792c14|COE|NA|29,TRUE,4.95,NA,10391.24,NA,NA,https://allianceforcoffeeexcellence.org/bolivia-2009/
41c894e8f5792c14,Bolivia,2009,COE,30,41c894e8f5792c14|COE|NA|30,TRUE,4.25,NA,7946.4,NA,NA,https://allianceforcoffeeexcellence.org/bolivia-2009/
9f945028bafe640f,Brazil,1999,COE,1,9f945028bafe640f|COE|NA|1,TRUE,2.6,NA,17196.14,NA,NA,https://allianceforcoffeeexcellence.org/brazil-pulped-naturals-1999/
9f945028bafe640f,Brazil,1999,COE,2,9f945028bafe640f|COE|NA|2,TRUE,2.1,NA,39167.52,NA,NA,https://allianceforcoffeeexcellence.org/brazil-pulped-naturals-1999/
9f945028bafe640f,Brazil,1999,COE,3,9f945028bafe640f|COE|NA|3,TRUE,1.7,NA,11018.76,NA,NA,https://allianceforcoffeeexcellence.org/brazil-pulped-naturals-1999/
9f945028bafe640f,Brazil,1999,COE,4,9f945028bafe640f|COE|NA|4,TRUE,1.5,NA,9722.43,NA,NA,https://allianceforcoffeeexcellence.org/brazil-pulped-naturals-1999/
9f945028bafe640f,Brazil,1999,COE,5,9f945028bafe640f|COE|NA|5,TRUE,1.91,NA,12379.9,NA,NA,https://allianceforcoffeeexcellence.org/brazil-pulped-naturals-1999/
9f945028bafe640f,Brazil,1999,COE,6,9f945028bafe640f|COE|NA|6,TRUE,1.38,NA,18071.82,NA,NA,https://allianceforcoffeeexcellence.org/brazil-pulped-naturals-1999/
9f945028bafe640f,Brazil,1999,COE,7,9f945028bafe640f|COE|NA|7,TRUE,1.5,NA,29762.55,NA,NA,https://allianceforcoffeeexcellence.org/brazil-pulped-naturals-1999/
9f945028bafe640f,Brazil,1999,COE,8,9f945028bafe640f|COE|NA|8,TRUE,1.46,NA,25878.87,NA,NA,https://allianceforcoffeeexcellence.org/brazil-pulped-naturals-1999/
9f945028bafe640f,Brazil,1999,COE,9,9f945028bafe640f|COE|NA|9,TRUE,1.46,NA,25878.87,NA,NA,https://allianceforcoffeeexcellence.org/brazil-pulped-naturals-1999/
9f945028bafe640f,Brazil,1999,COE,10,9f945028bafe640f|COE|NA|10,TRUE,1.85,NA,24960.86,NA,NA,https://allianceforcoffeeexcellence.org/brazil-pulped-naturals-1999/
5b0c683a06c2fd21,Brazil,2000,COE,1,5b0c683a06c2fd21|COE|NA|1,TRUE,3.04,NA,22921.41,NA,NA,https://allianceforcoffeeexcellence.org/brazil-pulped-naturals-2000/
5b0c683a06c2fd21,Brazil,2000,COE,2,5b0c683a06c2fd21|COE|NA|2,TRUE,1.87,NA,18057.28,NA,NA,https://allianceforcoffeeexcellence.org/brazil-pulped-naturals-2000/
5b0c683a06c2fd21,Brazil,2000,COE,3,5b0c683a06c2fd21|COE|NA|3,TRUE,1.46,NA,10622.15,NA,NA,https://allianceforcoffeeexcellence.org/brazil-pulped-naturals-2000/
5b0c683a06c2fd21,Brazil,2000,COE,4,5b0c683a06c2fd21|COE|NA|4,TRUE,1.35,NA,10893.38,NA,NA,https://allianceforcoffeeexcellence.org/brazil-pulped-naturals-2000/
5b0c683a06c2fd21,Brazil,2000,COE,5,5b0c683a06c2fd21|COE|NA|5,TRUE,1.3,NA,23042.64,NA,NA,https://allianceforcoffeeexcellence.org/brazil-pulped-naturals-2000/
5b0c683a06c2fd21,Brazil,2000,COE,6,5b0c683a06c2fd21|COE|NA|6,TRUE,1.75,NA,18287.71,NA,NA,https://allianceforcoffeeexcellence.org/brazil-pulped-naturals-2000/
5b0c683a06c2fd21,Brazil,2000,COE,7,5b0c683a06c2fd21|COE|NA|7,TRUE,1.67,NA,19660.99,NA,NA,https://allianceforcoffeeexcellence.org/brazil-pulped-naturals-2000/
5b0c683a06c2fd21,Brazil,2000,COE,8,5b0c683a06c2fd21|COE|NA|8,TRUE,1.67,NA,11266.41,NA,NA,https://allianceforcoffeeexcellence.org/brazil-pulped-naturals-2000/
5b0c683a06c2fd21,Brazil,2000,COE,9,5b0c683a06c2fd21|COE|NA|9,TRUE,1.7,NA,12593.28,NA,NA,https://allianceforcoffeeexcellence.org/brazil-pulped-naturals-2000/
5b0c683a06c2fd21,Brazil,2000,COE,10,5b0c683a06c2fd21|COE|NA|10,TRUE,1.31,NA,10224.11,NA,NA,https://allianceforcoffeeexcellence.org/brazil-pulped-naturals-2000/
5b0c683a06c2fd21,Brazil,2000,COE,11,5b0c683a06c2fd21|COE|NA|11,TRUE,1.05,NA,11666.76,NA,NA,https://allianceforcoffeeexcellence.org/brazil-pulped-naturals-2000/
5b0c683a06c2fd21,Brazil,2000,COE,12,5b0c683a06c2fd21|COE|NA|12,TRUE,1.25,NA,8928.9,NA,NA,https://allianceforcoffeeexcellence.org/brazil-pulped-naturals-2000/
5b0c683a06c2fd21,Brazil,2000,COE,13,5b0c683a06c2fd21|COE|NA|13,TRUE,1.01,NA,11890.4,NA,NA,https://allianceforcoffeeexcellence.org/brazil-pulped-naturals-2000/
5b0c683a06c2fd21,Brazil,2000,COE,14,5b0c683a06c2fd21|COE|NA|14,TRUE,1.08,NA,16143.18,NA,NA,https://allianceforcoffeeexcellence.org/brazil-pulped-naturals-2000/
5b0c683a06c2fd21,Brazil,2000,COE,15,5b0c683a06c2fd21|COE|NA|15,TRUE,1.25,NA,8102.15,NA,NA,https://allianceforcoffeeexcellence.org/brazil-pulped-naturals-2000/
5b0c683a06c2fd21,Brazil,2000,COE,16,5b0c683a06c2fd21|COE|NA|16,TRUE,1.02,NA,29684.6,NA,NA,https://allianceforcoffeeexcellence.org/brazil-pulped-naturals-2000/
5b0c683a06c2fd21,Brazil,2000,COE,17,5b0c683a06c2fd21|COE|NA|17,TRUE,1.51,NA,19774.26,NA,NA,https://allianceforcoffeeexcellence.org/brazil-pulped-naturals-2000/
5b0c683a06c2fd21,Brazil,2000,COE,18,5b0c683a06c2fd21|COE|NA|18,TRUE,1,NA,13228,NA,NA,https://allianceforcoffeeexcellence.org/brazil-pulped-naturals-2000/
e2acf27cd7656ef2,Brazil,2001,COE,1,e2acf27cd7656ef2|COE|NA|1,TRUE,5.56,NA,70589.76,NA,NA,https://allianceforcoffeeexcellence.org/brazil-pulped-naturals-2001/
e2acf27cd7656ef2,Brazil,2001,COE,2,e2acf27cd7656ef2|COE|NA|2,TRUE,3.3,NA,21384.82,NA,NA,https://allianceforcoffeeexcellence.org/brazil-pulped-naturals-2001/
e2acf27cd7656ef2,Brazil,2001,COE,3,e2acf27cd7656ef2|COE|NA|3,TRUE,4.06,NA,20940.46,NA,NA,https://allianceforcoffeeexcellence.org/brazil-pulped-naturals-2001/
e2acf27cd7656ef2,Brazil,2001,COE,4,e2acf27cd7656ef2|COE|NA|4,TRUE,2.52,NA,32993.73,NA,NA,https://allianceforcoffeeexcellence.org/brazil-pulped-naturals-2001/
e2acf27cd7656ef2,Brazil,2001,COE,5,e2acf27cd7656ef2|COE|NA|5,TRUE,3.62,NA,9574.9,NA,NA,https://allianceforcoffeeexcellence.org/brazil-pulped-naturals-2001/
e2acf27cd7656ef2,Brazil,2001,COE,6,e2acf27cd7656ef2|COE|NA|6,TRUE,3.6,NA,9522,NA,NA,https://allianceforcoffeeexcellence.org/brazil-pulped-naturals-2001/
e2acf27cd7656ef2,Brazil,2001,COE,7,e2acf27cd7656ef2|COE|NA|7,TRUE,2,NA,26185.5,NA,NA,https://allianceforcoffeeexcellence.org/brazil-pulped-naturals-2001/
e2acf27cd7656ef2,Brazil,2001,COE,8,e2acf27cd7656ef2|COE|NA|8,TRUE,4.2,NA,11109,NA,NA,https://allianceforcoffeeexcellence.org/brazil-pulped-naturals-2001/
e2acf27cd7656ef2,Brazil,2001,COE,9,e2acf27cd7656ef2|COE|NA|9,TRUE,3.51,NA,13461.72,NA,NA,https://allianceforcoffeeexcellence.org/brazil-pulped-naturals-2001/
e2acf27cd7656ef2,Brazil,2001,COE,10,e2acf27cd7656ef2|COE|NA|10,TRUE,2.8,NA,18515,NA,NA,https://allianceforcoffeeexcellence.org/brazil-pulped-naturals-2001/
e2acf27cd7656ef2,Brazil,2001,COE,11,e2acf27cd7656ef2|COE|NA|11,TRUE,3.55,NA,18779.5,NA,NA,https://allianceforcoffeeexcellence.org/brazil-pulped-naturals-2001/
e2acf27cd7656ef2,Brazil,2001,COE,12,e2acf27cd7656ef2|COE|NA|12,TRUE,2.85,NA,8292.07,NA,NA,https://allianceforcoffeeexcellence.org/brazil-pulped-naturals-2001/
e2acf27cd7656ef2,Brazil,2001,COE,13,e2acf27cd7656ef2|COE|NA|13,TRUE,2.93,NA,10849.79,NA,NA,https://allianceforcoffeeexcellence.org/brazil-pulped-naturals-2001/
e2acf27cd7656ef2,Brazil,2001,COE,14,e2acf27cd7656ef2|COE|NA|14,TRUE,2.38,NA,5980.34,NA,NA,https://allianceforcoffeeexcellence.org/brazil-pulped-naturals-2001/
e2acf27cd7656ef2,Brazil,2001,COE,15,e2acf27cd7656ef2|COE|NA|15,TRUE,2.9,NA,11889.27,NA,NA,https://allianceforcoffeeexcellence.org/brazil-pulped-naturals-2001/
e2acf27cd7656ef2,Brazil,2001,COE,16,e2acf27cd7656ef2|COE|NA|16,TRUE,1.55,NA,30543.13,NA,NA,https://allianceforcoffeeexcellence.org/brazil-pulped-naturals-2001/
e2acf27cd7656ef2,Brazil,2001,COE,17,e2acf27cd7656ef2|COE|NA|17,TRUE,3.55,NA,9859.23,NA,NA,https://allianceforcoffeeexcellence.org/brazil-pulped-naturals-2001/
e2acf27cd7656ef2,Brazil,2001,COE,18,e2acf27cd7656ef2|COE|NA|18,TRUE,3.05,NA,7260.52,NA,NA,https://allianceforcoffeeexcellence.org/brazil-pulped-naturals-2001/
6380da67582687f1,Brazil,2002,COE,1,6380da67582687f1|COE|NA|1,TRUE,12.85,NA,44194.75,NA,NA,https://allianceforcoffeeexcellence.org/brazil-pulped-naturals-2002/
6380da67582687f1,Brazil,2002,COE,2,6380da67582687f1|COE|NA|2,TRUE,6.3,NA,20834.1,NA,NA,https://allianceforcoffeeexcellence.org/brazil-pulped-naturals-2002/
6380da67582687f1,Brazil,2002,COE,3,6380da67582687f1|COE|NA|3,TRUE,4.6,NA,29207.42,NA,NA,https://allianceforcoffeeexcellence.org/brazil-pulped-naturals-2002/
6380da67582687f1,Brazil,2002,COE,4,6380da67582687f1|COE|NA|4,TRUE,3.6,NA,40001.47,NA,NA,https://allianceforcoffeeexcellence.org/brazil-pulped-naturals-2002/
6380da67582687f1,Brazil,2002,COE,5,6380da67582687f1|COE|NA|5,TRUE,8.1,NA,21249.36,NA,NA,https://allianceforcoffeeexcellence.org/brazil-pulped-naturals-2002/
6380da67582687f1,Brazil,2002,COE,6,6380da67582687f1|COE|NA|6,TRUE,3.45,NA,9127.32,NA,NA,https://allianceforcoffeeexcellence.org/brazil-pulped-naturals-2002/
6380da67582687f1,Brazil,2002,COE,7,6380da67582687f1|COE|NA|7,TRUE,3.35,NA,8862.76,NA,NA,https://allianceforcoffeeexcellence.org/brazil-pulped-naturals-2002/
6380da67582687f1,Brazil,2002,COE,8,6380da67582687f1|COE|NA|8,TRUE,3.45,NA,10952.78,NA,NA,https://allianceforcoffeeexcellence.org/brazil-pulped-naturals-2002/
6380da67582687f1,Brazil,2002,COE,9,6380da67582687f1|COE|NA|9,TRUE,3.05,NA,18155.43,NA,NA,https://allianceforcoffeeexcellence.org/brazil-pulped-naturals-2002/
6380da67582687f1,Brazil,2002,COE,10,6380da67582687f1|COE|NA|10,TRUE,2.75,NA,21098.66,NA,NA,https://allianceforcoffeeexcellence.org/brazil-pulped-naturals-2002/
6380da67582687f1,Brazil,2002,COE,11,6380da67582687f1|COE|NA|11,TRUE,2.05,NA,36879.66,NA,NA,https://allianceforcoffeeexcellence.org/brazil-pulped-naturals-2002/
6380da67582687f1,Brazil,2002,COE,12,6380da67582687f1|COE|NA|12,TRUE,4.25,NA,11243.8,NA,NA,https://allianceforcoffeeexcellence.org/brazil-pulped-naturals-2002/
6380da67582687f1,Brazil,2002,COE,13,6380da67582687f1|COE|NA|13,TRUE,3.55,NA,25827.67,NA,NA,https://allianceforcoffeeexcellence.org/brazil-pulped-naturals-2002/
6380da67582687f1,Brazil,2002,COE,14,6380da67582687f1|COE|NA|14,TRUE,3.15,NA,7500.28,NA,NA,https://allianceforcoffeeexcellence.org/brazil-pulped-naturals-2002/
6380da67582687f1,Brazil,2002,COE,15,6380da67582687f1|COE|NA|15,TRUE,2.9,NA,11124.75,NA,NA,https://allianceforcoffeeexcellence.org/brazil-pulped-naturals-2002/
6380da67582687f1,Brazil,2002,COE,16,6380da67582687f1|COE|NA|16,TRUE,3.55,NA,8922.29,NA,NA,https://allianceforcoffeeexcellence.org/brazil-pulped-naturals-2002/
6380da67582687f1,Brazil,2002,COE,17,6380da67582687f1|COE|NA|17,TRUE,3.8,NA,9550.62,NA,NA,https://allianceforcoffeeexcellence.org/brazil-pulped-naturals-2002/
6380da67582687f1,Brazil,2002,COE,18,6380da67582687f1|COE|NA|18,TRUE,3.15,NA,20834.1,NA,NA,https://allianceforcoffeeexcellence.org/brazil-pulped-naturals-2002/
6380da67582687f1,Brazil,2002,COE,19,6380da67582687f1|COE|NA|19,TRUE,4.4,NA,15714.86,NA,NA,https://allianceforcoffeeexcellence.org/brazil-pulped-naturals-2002/
6380da67582687f1,Brazil,2002,COE,20,6380da67582687f1|COE|NA|20,TRUE,2.85,NA,15079.92,NA,NA,https://allianceforcoffeeexcellence.org/brazil-pulped-naturals-2002/
6380da67582687f1,Brazil,2002,COE,21,6380da67582687f1|COE|NA|21,TRUE,3.9,NA,10317.84,NA,NA,https://allianceforcoffeeexcellence.org/brazil-pulped-naturals-2002/
6380da67582687f1,Brazil,2002,COE,22,6380da67582687f1|COE|NA|22,TRUE,2.7,NA,21072.2,NA,NA,https://allianceforcoffeeexcellence.org/brazil-pulped-naturals-2002/
6380da67582687f1,Brazil,2002,COE,23,6380da67582687f1|COE|NA|23,TRUE,4.2,NA,10000.37,NA,NA,https://allianceforcoffeeexcellence.org/brazil-pulped-naturals-2002/
6380da67582687f1,Brazil,2002,COE,24,6380da67582687f1|COE|NA|24,TRUE,3,NA,10317.84,NA,NA,https://allianceforcoffeeexcellence.org/brazil-pulped-naturals-2002/
6380da67582687f1,Brazil,2002,COE,25,6380da67582687f1|COE|NA|25,TRUE,3.45,NA,9127.32,NA,NA,https://allianceforcoffeeexcellence.org/brazil-pulped-naturals-2002/
6380da67582687f1,Brazil,2002,COE,26,6380da67582687f1|COE|NA|26,TRUE,3.1,NA,8611.43,NA,NA,https://allianceforcoffeeexcellence.org/brazil-pulped-naturals-2002/
6380da67582687f1,Brazil,2002,COE,27,6380da67582687f1|COE|NA|27,TRUE,2.6,NA,11349.62,NA,NA,https://allianceforcoffeeexcellence.org/brazil-pulped-naturals-2002/
6380da67582687f1,Brazil,2002,COE,28,6380da67582687f1|COE|NA|28,TRUE,2.85,NA,6785.96,NA,NA,https://allianceforcoffeeexcellence.org/brazil-pulped-naturals-2002/
ab20ca6fa71477c3,Brazil,2003,COE,1,ab20ca6fa71477c3|COE|NA|1,TRUE,10.15,NA,52361.99,NA,NA,https://allianceforcoffeeexcellence.org/brazil-pulped-naturals-2003/
ab20ca6fa71477c3,Brazil,2003,COE,2,ab20ca6fa71477c3|COE|NA|2,TRUE,7.1,NA,18783.38,NA,NA,https://allianceforcoffeeexcellence.org/brazil-pulped-naturals-2003/
ab20ca6fa71477c3,Brazil,2003,COE,3,ab20ca6fa71477c3|COE|NA|3,TRUE,6.03,NA,16750.28,NA,NA,https://allianceforcoffeeexcellence.org/brazil-pulped-naturals-2003/
ab20ca6fa71477c3,Brazil,2003,COE,4,ab20ca6fa71477c3|COE|NA|4,TRUE,5.15,NA,13624.57,NA,NA,https://allianceforcoffeeexcellence.org/brazil-pulped-naturals-2003/
ab20ca6fa71477c3,Brazil,2003,COE,5,ab20ca6fa71477c3|COE|NA|5,TRUE,4.05,NA,18214.59,NA,NA,https://allianceforcoffeeexcellence.org/brazil-pulped-naturals-2003/
ab20ca6fa71477c3,Brazil,2003,COE,6,ab20ca6fa71477c3|COE|NA|6,TRUE,5.1,NA,13492.29,NA,NA,https://allianceforcoffeeexcellence.org/brazil-pulped-naturals-2003/
ab20ca6fa71477c3,Brazil,2003,COE,7,ab20ca6fa71477c3|COE|NA|7,TRUE,5.6,NA,45185.95,NA,NA,https://allianceforcoffeeexcellence.org/brazil-pulped-naturals-2003/
ab20ca6fa71477c3,Brazil,2003,COE,8,ab20ca6fa71477c3|COE|NA|8,TRUE,3.56,NA,11301.78,NA,NA,https://allianceforcoffeeexcellence.org/brazil-pulped-naturals-2003/
ab20ca6fa71477c3,Brazil,2003,COE,9,ab20ca6fa71477c3|COE|NA|9,TRUE,2.6,NA,14444.69,NA,NA,https://allianceforcoffeeexcellence.org/brazil-pulped-naturals-2003/
ab20ca6fa71477c3,Brazil,2003,COE,10,ab20ca6fa71477c3|COE|NA|10,TRUE,3.55,NA,9391.69,NA,NA,https://allianceforcoffeeexcellence.org/brazil-pulped-naturals-2003/
ab20ca6fa71477c3,Brazil,2003,COE,11,ab20ca6fa71477c3|COE|NA|11,TRUE,4,NA,10053.08,NA,NA,https://allianceforcoffeeexcellence.org/brazil-pulped-naturals-2003/
ab20ca6fa71477c3,Brazil,2003,COE,12,ab20ca6fa71477c3|COE|NA|12,TRUE,4.16,NA,11555.75,NA,NA,https://allianceforcoffeeexcellence.org/brazil-pulped-naturals-2003/
ab20ca6fa71477c3,Brazil,2003,COE,13,ab20ca6fa71477c3|COE|NA|13,TRUE,2.14,NA,9907.57,NA,NA,https://allianceforcoffeeexcellence.org/brazil-pulped-naturals-2003/
ab20ca6fa71477c3,Brazil,2003,COE,14,ab20ca6fa71477c3|COE|NA|14,TRUE,2.65,NA,7361.23,NA,NA,https://allianceforcoffeeexcellence.org/brazil-pulped-naturals-2003/
ab20ca6fa71477c3,Brazil,2003,COE,15,ab20ca6fa71477c3|COE|NA|15,TRUE,1.95,NA,6448.52,NA,NA,https://allianceforcoffeeexcellence.org/brazil-pulped-naturals-2003/
ab20ca6fa71477c3,Brazil,2003,COE,16,ab20ca6fa71477c3|COE|NA|16,TRUE,1.31,NA,14555.8,NA,NA,https://allianceforcoffeeexcellence.org/brazil-pulped-naturals-2003/
ab20ca6fa71477c3,Brazil,2003,COE,17,ab20ca6fa71477c3|COE|NA|17,TRUE,1.51,NA,4394.25,NA,NA,https://allianceforcoffeeexcellence.org/brazil-pulped-naturals-2003/
ab20ca6fa71477c3,Brazil,2003,COE,18,ab20ca6fa71477c3|COE|NA|18,TRUE,2.05,NA,6236.88,NA,NA,https://allianceforcoffeeexcellence.org/brazil-pulped-naturals-2003/
ab20ca6fa71477c3,Brazil,2003,COE,19,ab20ca6fa71477c3|COE|NA|19,TRUE,2.05,NA,5423.37,NA,NA,https://allianceforcoffeeexcellence.org/brazil-pulped-naturals-2003/
ab20ca6fa71477c3,Brazil,2003,COE,20,ab20ca6fa71477c3|COE|NA|20,TRUE,2.06,NA,7084.78,NA,NA,https://allianceforcoffeeexcellence.org/brazil-pulped-naturals-2003/
ab20ca6fa71477c3,Brazil,2003,COE,21,ab20ca6fa71477c3|COE|NA|21,TRUE,2.06,NA,8992.21,NA,NA,https://allianceforcoffeeexcellence.org/brazil-pulped-naturals-2003/
ab20ca6fa71477c3,Brazil,2003,COE,22,ab20ca6fa71477c3|COE|NA|22,TRUE,3.35,NA,18611.42,NA,NA,https://allianceforcoffeeexcellence.org/brazil-pulped-naturals-2003/
ab20ca6fa71477c3,Brazil,2003,COE,23,ab20ca6fa71477c3|COE|NA|23,TRUE,2.15,NA,6256.72,NA,NA,https://allianceforcoffeeexcellence.org/brazil-pulped-naturals-2003/
ab20ca6fa71477c3,Brazil,2003,COE,24,ab20ca6fa71477c3|COE|NA|24,TRUE,4.15,NA,9881.12,NA,NA,https://allianceforcoffeeexcellence.org/brazil-pulped-naturals-2003/
ab20ca6fa71477c3,Brazil,2003,COE,25,ab20ca6fa71477c3|COE|NA|25,TRUE,3.16,NA,10449.91,NA,NA,https://allianceforcoffeeexcellence.org/brazil-pulped-naturals-2003/
ab20ca6fa71477c3,Brazil,2003,COE,26,ab20ca6fa71477c3|COE|NA|26,TRUE,2.3,NA,6693.23,NA,NA,https://allianceforcoffeeexcellence.org/brazil-pulped-naturals-2003/
ab20ca6fa71477c3,Brazil,2003,COE,27,ab20ca6fa71477c3|COE|NA|27,TRUE,2.01,NA,5317.55,NA,NA,https://allianceforcoffeeexcellence.org/brazil-pulped-naturals-2003/
ab20ca6fa71477c3,Brazil,2003,COE,28,ab20ca6fa71477c3|COE|NA|28,TRUE,2.1,NA,7777.91,NA,NA,https://allianceforcoffeeexcellence.org/brazil-pulped-naturals-2003/
ab20ca6fa71477c3,Brazil,2003,COE,29,ab20ca6fa71477c3|COE|NA|29,TRUE,1.96,NA,11407.6,NA,NA,https://allianceforcoffeeexcellence.org/brazil-pulped-naturals-2003/
ab20ca6fa71477c3,Brazil,2003,COE,30,ab20ca6fa71477c3|COE|NA|30,TRUE,1.7,NA,4947.17,NA,NA,https://allianceforcoffeeexcellence.org/brazil-pulped-naturals-2003/
ab20ca6fa71477c3,Brazil,2003,COE,31,ab20ca6fa71477c3|COE|NA|31,TRUE,2.06,NA,5449.83,NA,NA,https://allianceforcoffeeexcellence.org/brazil-pulped-naturals-2003/
ab20ca6fa71477c3,Brazil,2003,COE,32,ab20ca6fa71477c3|COE|NA|32,TRUE,2.7,NA,6785.83,NA,NA,https://allianceforcoffeeexcellence.org/brazil-pulped-naturals-2003/
ab20ca6fa71477c3,Brazil,2003,COE,33,ab20ca6fa71477c3|COE|NA|33,TRUE,2.35,NA,7149.59,NA,NA,https://allianceforcoffeeexcellence.org/brazil-pulped-naturals-2003/
ab20ca6fa71477c3,Brazil,2003,COE,34,ab20ca6fa71477c3|COE|NA|34,TRUE,3.3,NA,8293.79,NA,NA,https://allianceforcoffeeexcellence.org/brazil-pulped-naturals-2003/
ab20ca6fa71477c3,Brazil,2003,COE,35,ab20ca6fa71477c3|COE|NA|35,TRUE,5.1,NA,14166.9,NA,NA,https://allianceforcoffeeexcellence.org/brazil-pulped-naturals-2003/
ab20ca6fa71477c3,Brazil,2003,COE,36,ab20ca6fa71477c3|COE|NA|36,TRUE,1.35,NA,3571.49,NA,NA,https://allianceforcoffeeexcellence.org/brazil-pulped-naturals-2003/
ab20ca6fa71477c3,Brazil,2003,COE,37,ab20ca6fa71477c3|COE|NA|37,TRUE,2.05,NA,27116.86,NA,NA,https://allianceforcoffeeexcellence.org/brazil-pulped-naturals-2003/
ab20ca6fa71477c3,Brazil,2003,COE,38,ab20ca6fa71477c3|COE|NA|38,TRUE,1.8,NA,6666.78,NA,NA,https://allianceforcoffeeexcellence.org/brazil-pulped-naturals-2003/
ab20ca6fa71477c3,Brazil,2003,COE,39,ab20ca6fa71477c3|COE|NA|39,TRUE,2.05,NA,5694.54,NA,NA,https://allianceforcoffeeexcellence.org/brazil-pulped-naturals-2003/
ab20ca6fa71477c3,Brazil,2003,COE,40,ab20ca6fa71477c3|COE|NA|40,TRUE,2.01,NA,15155.02,NA,NA,https://allianceforcoffeeexcellence.org/brazil-pulped-naturals-2003/
ab20ca6fa71477c3,Brazil,2003,COE,41,ab20ca6fa71477c3|COE|NA|41,TRUE,2.5,NA,6613.87,NA,NA,https://allianceforcoffeeexcellence.org/brazil-pulped-naturals-2003/
ab20ca6fa71477c3,Brazil,2003,COE,42,ab20ca6fa71477c3|COE|NA|42,TRUE,1.31,NA,3292.38,NA,NA,https://allianceforcoffeeexcellence.org/brazil-pulped-naturals-2003/
ab20ca6fa71477c3,Brazil,2003,COE,43,ab20ca6fa71477c3|COE|NA|43,TRUE,1.9,NA,8042.46,NA,NA,https://allianceforcoffeeexcellence.org/brazil-pulped-naturals-2003/
e36d63fff8523cfb,Brazil,2004,COE,1,e36d63fff8523cfb|COE|NA|1,TRUE,13.65,NA,78969.58,NA,NA,https://allianceforcoffeeexcellence.org/brazil-pulped-naturals-2004/
e36d63fff8523cfb,Brazil,2004,COE,2,e36d63fff8523cfb|COE|NA|2,TRUE,7.71,NA,15476.45,NA,NA,https://allianceforcoffeeexcellence.org/brazil-pulped-naturals-2004/
e36d63fff8523cfb,Brazil,2004,COE,3,e36d63fff8523cfb|COE|NA|3,TRUE,7.7,NA,20807.23,NA,NA,https://allianceforcoffeeexcellence.org/brazil-pulped-naturals-2004/
e36d63fff8523cfb,Brazil,2004,COE,4,e36d63fff8523cfb|COE|NA|4,TRUE,7.1,NA,9259.42,NA,NA,https://allianceforcoffeeexcellence.org/brazil-pulped-naturals-2004/
e36d63fff8523cfb,Brazil,2004,COE,5,e36d63fff8523cfb|COE|NA|5,TRUE,8,NA,17361.4,NA,NA,https://allianceforcoffeeexcellence.org/brazil-pulped-naturals-2004/
e36d63fff8523cfb,Brazil,2004,COE,6,e36d63fff8523cfb|COE|NA|6,TRUE,5.05,NA,8889.04,NA,NA,https://allianceforcoffeeexcellence.org/brazil-pulped-naturals-2004/
e36d63fff8523cfb,Brazil,2004,COE,7,e36d63fff8523cfb|COE|NA|7,TRUE,4.55,NA,12301.79,NA,NA,https://allianceforcoffeeexcellence.org/brazil-pulped-naturals-2004/
e36d63fff8523cfb,Brazil,2004,COE,8,e36d63fff8523cfb|COE|NA|8,TRUE,5.1,NA,14285.95,NA,NA,https://allianceforcoffeeexcellence.org/brazil-pulped-naturals-2004/
e36d63fff8523cfb,Brazil,2004,COE,9,e36d63fff8523cfb|COE|NA|9,TRUE,4.5,NA,16534.67,NA,NA,https://allianceforcoffeeexcellence.org/brazil-pulped-naturals-2004/
e36d63fff8523cfb,Brazil,2004,COE,10,e36d63fff8523cfb|COE|NA|10,TRUE,4.55,NA,12506.82,NA,NA,https://allianceforcoffeeexcellence.org/brazil-pulped-naturals-2004/
e36d63fff8523cfb,Brazil,2004,COE,11,e36d63fff8523cfb|COE|NA|11,TRUE,5.1,NA,9332.17,NA,NA,https://allianceforcoffeeexcellence.org/brazil-pulped-naturals-2004/
e36d63fff8523cfb,Brazil,2004,COE,12,e36d63fff8523cfb|COE|NA|12,TRUE,4.55,NA,10430.07,NA,NA,https://allianceforcoffeeexcellence.org/brazil-pulped-naturals-2004/
e36d63fff8523cfb,Brazil,2004,COE,13,e36d63fff8523cfb|COE|NA|13,TRUE,5,NA,9735.61,NA,NA,https://allianceforcoffeeexcellence.org/brazil-pulped-naturals-2004/
e36d63fff8523cfb,Brazil,2004,COE,14,e36d63fff8523cfb|COE|NA|14,TRUE,6.01,NA,15853.44,NA,NA,https://allianceforcoffeeexcellence.org/brazil-pulped-naturals-2004/
e36d63fff8523cfb,Brazil,2004,COE,15,e36d63fff8523cfb|COE|NA|15,TRUE,5,NA,8584.8,NA,NA,https://allianceforcoffeeexcellence.org/brazil-pulped-naturals-2004/
e36d63fff8523cfb,Brazil,2004,COE,16,e36d63fff8523cfb|COE|NA|16,TRUE,4,NA,8359.93,NA,NA,https://allianceforcoffeeexcellence.org/brazil-pulped-naturals-2004/
e36d63fff8523cfb,Brazil,2004,COE,17,e36d63fff8523cfb|COE|NA|17,TRUE,4,NA,13309.75,NA,NA,https://allianceforcoffeeexcellence.org/brazil-pulped-naturals-2004/
e36d63fff8523cfb,Brazil,2004,COE,18,e36d63fff8523cfb|COE|NA|18,TRUE,4.5,NA,12546.51,NA,NA,https://allianceforcoffeeexcellence.org/brazil-pulped-naturals-2004/
e36d63fff8523cfb,Brazil,2004,COE,19,e36d63fff8523cfb|COE|NA|19,TRUE,4.05,NA,5754.07,NA,NA,https://allianceforcoffeeexcellence.org/brazil-pulped-naturals-2004/
e36d63fff8523cfb,Brazil,2004,COE,20,e36d63fff8523cfb|COE|NA|20,TRUE,3.5,NA,6349.31,NA,NA,https://allianceforcoffeeexcellence.org/brazil-pulped-naturals-2004/
e36d63fff8523cfb,Brazil,2004,COE,21,e36d63fff8523cfb|COE|NA|21,TRUE,4.11,NA,9259.42,NA,NA,https://allianceforcoffeeexcellence.org/brazil-pulped-naturals-2004/
e36d63fff8523cfb,Brazil,2004,COE,22,e36d63fff8523cfb|COE|NA|22,TRUE,4.55,NA,NA,NA,NA,https://allianceforcoffeeexcellence.org/brazil-pulped-naturals-2004/
e36d63fff8523cfb,Brazil,2004,COE,23,e36d63fff8523cfb|COE|NA|23,TRUE,4.05,NA,13750.23,NA,NA,https://allianceforcoffeeexcellence.org/brazil-pulped-naturals-2004/
e36d63fff8523cfb,Brazil,2004,COE,24,e36d63fff8523cfb|COE|NA|24,TRUE,4.9,NA,11018.7,NA,NA,https://allianceforcoffeeexcellence.org/brazil-pulped-naturals-2004/
e36d63fff8523cfb,Brazil,2004,COE,25,e36d63fff8523cfb|COE|NA|25,TRUE,3.8,NA,7381.08,NA,NA,https://allianceforcoffeeexcellence.org/brazil-pulped-naturals-2004/
e36d63fff8523cfb,Brazil,2004,COE,26,e36d63fff8523cfb|COE|NA|26,TRUE,4.25,NA,5906.18,NA,NA,https://allianceforcoffeeexcellence.org/brazil-pulped-naturals-2004/
e36d63fff8523cfb,Brazil,2004,COE,27,e36d63fff8523cfb|COE|NA|27,TRUE,4,NA,5509.35,NA,NA,https://allianceforcoffeeexcellence.org/brazil-pulped-naturals-2004/
e36d63fff8523cfb,Brazil,2004,COE,28,e36d63fff8523cfb|COE|NA|28,TRUE,4,NA,11990.94,NA,NA,https://allianceforcoffeeexcellence.org/brazil-pulped-naturals-2004/
e36d63fff8523cfb,Brazil,2004,COE,29,e36d63fff8523cfb|COE|NA|29,TRUE,4.1,NA,10648.33,NA,NA,https://allianceforcoffeeexcellence.org/brazil-pulped-naturals-2004/
e36d63fff8523cfb,Brazil,2004,COE,30,e36d63fff8523cfb|COE|NA|30,TRUE,3.86,NA,8769.99,NA,NA,https://allianceforcoffeeexcellence.org/brazil-pulped-naturals-2004/
e36d63fff8523cfb,Brazil,2004,COE,31,e36d63fff8523cfb|COE|NA|31,TRUE,4.1,NA,4867.81,NA,NA,https://allianceforcoffeeexcellence.org/brazil-pulped-naturals-2004/
e36d63fff8523cfb,Brazil,2004,COE,32,e36d63fff8523cfb|COE|NA|32,TRUE,4.1,NA,7788.49,NA,NA,https://allianceforcoffeeexcellence.org/brazil-pulped-naturals-2004/
e36d63fff8523cfb,Brazil,2004,COE,33,e36d63fff8523cfb|COE|NA|33,TRUE,4.25,NA,4900.88,NA,NA,https://allianceforcoffeeexcellence.org/brazil-pulped-naturals-2004/
e36d63fff8523cfb,Brazil,2004,COE,34,e36d63fff8523cfb|COE|NA|34,TRUE,5.05,NA,4973.63,NA,NA,https://allianceforcoffeeexcellence.org/brazil-pulped-naturals-2004/
e36d63fff8523cfb,Brazil,2004,COE,35,e36d63fff8523cfb|COE|NA|35,TRUE,3.96,NA,4682.62,NA,NA,https://allianceforcoffeeexcellence.org/brazil-pulped-naturals-2004/
e36d63fff8523cfb,Brazil,2004,COE,36,e36d63fff8523cfb|COE|NA|36,TRUE,3.75,NA,5172.04,NA,NA,https://allianceforcoffeeexcellence.org/brazil-pulped-naturals-2004/
a2287dd141a2aa33,Brazil,2005,COE,1,a2287dd141a2aa33|COE|NA|1,TRUE,49.75,NA,78969.58,NA,NA,https://allianceforcoffeeexcellence.org/brazil-pulped-naturals-2005/
a2287dd141a2aa33,Brazil,2005,COE,2,a2287dd141a2aa33|COE|NA|2,TRUE,7.8,NA,15476.45,NA,NA,https://allianceforcoffeeexcellence.org/brazil-pulped-naturals-2005/
a2287dd141a2aa33,Brazil,2005,COE,3,a2287dd141a2aa33|COE|NA|3,TRUE,6.05,NA,20807.23,NA,NA,https://allianceforcoffeeexcellence.org/brazil-pulped-naturals-2005/
a2287dd141a2aa33,Brazil,2005,COE,4,a2287dd141a2aa33|COE|NA|4,TRUE,3.5,NA,9259.42,NA,NA,https://allianceforcoffeeexcellence.org/brazil-pulped-naturals-2005/
a2287dd141a2aa33,Brazil,2005,COE,5,a2287dd141a2aa33|COE|NA|5,TRUE,6.25,NA,17361.4,NA,NA,https://allianceforcoffeeexcellence.org/brazil-pulped-naturals-2005/
a2287dd141a2aa33,Brazil,2005,COE,6,a2287dd141a2aa33|COE|NA|6,TRUE,4.2,NA,8889.04,NA,NA,https://allianceforcoffeeexcellence.org/brazil-pulped-naturals-2005/
a2287dd141a2aa33,Brazil,2005,COE,7,a2287dd141a2aa33|COE|NA|7,TRUE,4.65,NA,12301.79,NA,NA,https://allianceforcoffeeexcellence.org/brazil-pulped-naturals-2005/
a2287dd141a2aa33,Brazil,2005,COE,8,a2287dd141a2aa33|COE|NA|8,TRUE,6.75,NA,14285.95,NA,NA,https://allianceforcoffeeexcellence.org/brazil-pulped-naturals-2005/
a2287dd141a2aa33,Brazil,2005,COE,9,a2287dd141a2aa33|COE|NA|9,TRUE,2.5,NA,16534.67,NA,NA,https://allianceforcoffeeexcellence.org/brazil-pulped-naturals-2005/
a2287dd141a2aa33,Brazil,2005,COE,10,a2287dd141a2aa33|COE|NA|10,TRUE,3.05,NA,12506.82,NA,NA,https://allianceforcoffeeexcellence.org/brazil-pulped-naturals-2005/
a2287dd141a2aa33,Brazil,2005,COE,11,a2287dd141a2aa33|COE|NA|11,TRUE,4.15,NA,9332.17,NA,NA,https://allianceforcoffeeexcellence.org/brazil-pulped-naturals-2005/
a2287dd141a2aa33,Brazil,2005,COE,12,a2287dd141a2aa33|COE|NA|12,TRUE,4.15,NA,10430.07,NA,NA,https://allianceforcoffeeexcellence.org/brazil-pulped-naturals-2005/
a2287dd141a2aa33,Brazil,2005,COE,13,a2287dd141a2aa33|COE|NA|13,TRUE,3.2,NA,9735.61,NA,NA,https://allianceforcoffeeexcellence.org/brazil-pulped-naturals-2005/
a2287dd141a2aa33,Brazil,2005,COE,14,a2287dd141a2aa33|COE|NA|14,TRUE,2.55,NA,15853.44,NA,NA,https://allianceforcoffeeexcellence.org/brazil-pulped-naturals-2005/
a2287dd141a2aa33,Brazil,2005,COE,15,a2287dd141a2aa33|COE|NA|15,TRUE,2.95,NA,8584.8,NA,NA,https://allianceforcoffeeexcellence.org/brazil-pulped-naturals-2005/
a2287dd141a2aa33,Brazil,2005,COE,16,a2287dd141a2aa33|COE|NA|16,TRUE,3.16,NA,8359.93,NA,NA,https://allianceforcoffeeexcellence.org/brazil-pulped-naturals-2005/
a2287dd141a2aa33,Brazil,2005,COE,17,a2287dd141a2aa33|COE|NA|17,TRUE,2.58,NA,13309.75,NA,NA,https://allianceforcoffeeexcellence.org/brazil-pulped-naturals-2005/
a2287dd141a2aa33,Brazil,2005,COE,18,a2287dd141a2aa33|COE|NA|18,TRUE,2.71,NA,12546.51,NA,NA,https://allianceforcoffeeexcellence.org/brazil-pulped-naturals-2005/
a2287dd141a2aa33,Brazil,2005,COE,19,a2287dd141a2aa33|COE|NA|19,TRUE,2.9,NA,5754.07,NA,NA,https://allianceforcoffeeexcellence.org/brazil-pulped-naturals-2005/
a2287dd141a2aa33,Brazil,2005,COE,20,a2287dd141a2aa33|COE|NA|20,TRUE,3,NA,6349.31,NA,NA,https://allianceforcoffeeexcellence.org/brazil-pulped-naturals-2005/
a2287dd141a2aa33,Brazil,2005,COE,21,a2287dd141a2aa33|COE|NA|21,TRUE,5,NA,9259.42,NA,NA,https://allianceforcoffeeexcellence.org/brazil-pulped-naturals-2005/
a2287dd141a2aa33,Brazil,2005,COE,22,a2287dd141a2aa33|COE|NA|22,TRUE,2.26,NA,NA,NA,NA,https://allianceforcoffeeexcellence.org/brazil-pulped-naturals-2005/
a2287dd141a2aa33,Brazil,2005,COE,23,a2287dd141a2aa33|COE|NA|23,TRUE,3.85,NA,13750.23,NA,NA,https://allianceforcoffeeexcellence.org/brazil-pulped-naturals-2005/
a2287dd141a2aa33,Brazil,2005,COE,24,a2287dd141a2aa33|COE|NA|24,TRUE,2.45,NA,11018.7,NA,NA,https://allianceforcoffeeexcellence.org/brazil-pulped-naturals-2005/
a2287dd141a2aa33,Brazil,2005,COE,25,a2287dd141a2aa33|COE|NA|25,TRUE,3.1,NA,7381.08,NA,NA,https://allianceforcoffeeexcellence.org/brazil-pulped-naturals-2005/
a2287dd141a2aa33,Brazil,2005,COE,26,a2287dd141a2aa33|COE|NA|26,TRUE,2.35,NA,5906.18,NA,NA,https://allianceforcoffeeexcellence.org/brazil-pulped-naturals-2005/
a2287dd141a2aa33,Brazil,2005,COE,27,a2287dd141a2aa33|COE|NA|27,TRUE,2.45,NA,5509.35,NA,NA,https://allianceforcoffeeexcellence.org/brazil-pulped-naturals-2005/
a2287dd141a2aa33,Brazil,2005,COE,28,a2287dd141a2aa33|COE|NA|28,TRUE,2.45,NA,11990.94,NA,NA,https://allianceforcoffeeexcellence.org/brazil-pulped-naturals-2005/
a2287dd141a2aa33,Brazil,2005,COE,29,a2287dd141a2aa33|COE|NA|29,TRUE,3.5,NA,10648.33,NA,NA,https://allianceforcoffeeexcellence.org/brazil-pulped-naturals-2005/
a2287dd141a2aa33,Brazil,2005,COE,30,a2287dd141a2aa33|COE|NA|30,TRUE,2.55,NA,8769.99,NA,NA,https://allianceforcoffeeexcellence.org/brazil-pulped-naturals-2005/
a2287dd141a2aa33,Brazil,2005,COE,31,a2287dd141a2aa33|COE|NA|31,TRUE,2.3,NA,4867.81,NA,NA,https://allianceforcoffeeexcellence.org/brazil-pulped-naturals-2005/
a2287dd141a2aa33,Brazil,2005,COE,32,a2287dd141a2aa33|COE|NA|32,TRUE,2.56,NA,7788.49,NA,NA,https://allianceforcoffeeexcellence.org/brazil-pulped-naturals-2005/
a2287dd141a2aa33,Brazil,2005,COE,33,a2287dd141a2aa33|COE|NA|33,TRUE,2.85,NA,4900.88,NA,NA,https://allianceforcoffeeexcellence.org/brazil-pulped-naturals-2005/
a2287dd141a2aa33,Brazil,2005,COE,34,a2287dd141a2aa33|COE|NA|34,TRUE,2.35,NA,4973.63,NA,NA,https://allianceforcoffeeexcellence.org/brazil-pulped-naturals-2005/
a2287dd141a2aa33,Brazil,2005,COE,35,a2287dd141a2aa33|COE|NA|35,TRUE,2.95,NA,4682.62,NA,NA,https://allianceforcoffeeexcellence.org/brazil-pulped-naturals-2005/
a2287dd141a2aa33,Brazil,2005,COE,36,a2287dd141a2aa33|COE|NA|36,TRUE,2.3,NA,5172.04,NA,NA,https://allianceforcoffeeexcellence.org/brazil-pulped-naturals-2005/
c8752ceee8bb53f1,Brazil,2006,COE,1,c8752ceee8bb53f1|COE|NA|1,TRUE,13.2,NA,36667.28,NA,NA,https://allianceforcoffeeexcellence.org/brazil-pulped-naturals-2006/
c8752ceee8bb53f1,Brazil,2006,COE,2,c8752ceee8bb53f1|COE|NA|2,TRUE,8.1,NA,45000.76,NA,NA,https://allianceforcoffeeexcellence.org/brazil-pulped-naturals-2006/
c8752ceee8bb53f1,Brazil,2006,COE,3,c8752ceee8bb53f1|COE|NA|3,TRUE,13.1,NA,36389.5,NA,NA,https://allianceforcoffeeexcellence.org/brazil-pulped-naturals-2006/
c8752ceee8bb53f1,Brazil,2006,COE,4,c8752ceee8bb53f1|COE|NA|4,TRUE,9.55,NA,26528.22,NA,NA,https://allianceforcoffeeexcellence.org/brazil-pulped-naturals-2006/
c8752ceee8bb53f1,Brazil,2006,COE,5,c8752ceee8bb53f1|COE|NA|5,TRUE,7.45,NA,23651.19,NA,NA,https://allianceforcoffeeexcellence.org/brazil-pulped-naturals-2006/
c8752ceee8bb53f1,Brazil,2006,COE,7,c8752ceee8bb53f1|COE|NA|7,TRUE,7,NA,19444.77,NA,NA,https://allianceforcoffeeexcellence.org/brazil-pulped-naturals-2006/
c8752ceee8bb53f1,Brazil,2006,COE,8,c8752ceee8bb53f1|COE|NA|8,TRUE,7.5,NA,20833.68,NA,NA,https://allianceforcoffeeexcellence.org/brazil-pulped-naturals-2006/
c8752ceee8bb53f1,Brazil,2006,COE,9,c8752ceee8bb53f1|COE|NA|9,TRUE,6.05,NA,28009.73,NA,NA,https://allianceforcoffeeexcellence.org/brazil-pulped-naturals-2006/
c8752ceee8bb53f1,Brazil,2006,COE,10,c8752ceee8bb53f1|COE|NA|10,TRUE,5.81,NA,NA,NA,NA,https://allianceforcoffeeexcellence.org/brazil-pulped-naturals-2006/
c8752ceee8bb53f1,Brazil,2006,COE,11,c8752ceee8bb53f1|COE|NA|11,TRUE,5.65,NA,17189.44,NA,NA,https://allianceforcoffeeexcellence.org/brazil-pulped-naturals-2006/
c8752ceee8bb53f1,Brazil,2006,COE,12,c8752ceee8bb53f1|COE|NA|12,TRUE,6.85,NA,13591.5,NA,NA,https://allianceforcoffeeexcellence.org/brazil-pulped-naturals-2006/
c8752ceee8bb53f1,Brazil,2006,COE,13,c8752ceee8bb53f1|COE|NA|13,TRUE,5.4,NA,15000.25,NA,NA,https://allianceforcoffeeexcellence.org/brazil-pulped-naturals-2006/
c8752ceee8bb53f1,Brazil,2006,COE,14,c8752ceee8bb53f1|COE|NA|14,TRUE,4.95,NA,13750.23,NA,NA,https://allianceforcoffeeexcellence.org/brazil-pulped-naturals-2006/
c8752ceee8bb53f1,Brazil,2006,COE,15,c8752ceee8bb53f1|COE|NA|15,TRUE,5.4,NA,17143.15,NA,NA,https://allianceforcoffeeexcellence.org/brazil-pulped-naturals-2006/
c8752ceee8bb53f1,Brazil,2006,COE,16,c8752ceee8bb53f1|COE|NA|16,TRUE,4.95,NA,18333.64,NA,NA,https://allianceforcoffeeexcellence.org/brazil-pulped-naturals-2006/
c8752ceee8bb53f1,Brazil,2006,COE,17,c8752ceee8bb53f1|COE|NA|17,TRUE,2.35,NA,18651.11,NA,NA,https://allianceforcoffeeexcellence.org/brazil-pulped-naturals-2006/
c8752ceee8bb53f1,Brazil,2006,COE,18,c8752ceee8bb53f1|COE|NA|18,TRUE,5.1,NA,15516.13,NA,NA,https://allianceforcoffeeexcellence.org/brazil-pulped-naturals-2006/
c8752ceee8bb53f1,Brazil,2006,COE,19,c8752ceee8bb53f1|COE|NA|19,TRUE,4.45,NA,13538.59,NA,NA,https://allianceforcoffeeexcellence.org/brazil-pulped-naturals-2006/
c8752ceee8bb53f1,Brazil,2006,COE,20,c8752ceee8bb53f1|COE|NA|20,TRUE,4.15,NA,13723.78,NA,NA,https://allianceforcoffeeexcellence.org/brazil-pulped-naturals-2006/
c8752ceee8bb53f1,Brazil,2006,COE,21,c8752ceee8bb53f1|COE|NA|21,TRUE,3.05,NA,17348.18,NA,NA,https://allianceforcoffeeexcellence.org/brazil-pulped-naturals-2006/
c8752ceee8bb53f1,Brazil,2006,COE,22,c8752ceee8bb53f1|COE|NA|22,TRUE,6.45,NA,17916.97,NA,NA,https://allianceforcoffeeexcellence.org/brazil-pulped-naturals-2006/
c8752ceee8bb53f1,Brazil,2006,COE,23,c8752ceee8bb53f1|COE|NA|23,TRUE,4.25,NA,11805.75,NA,NA,https://allianceforcoffeeexcellence.org/brazil-pulped-naturals-2006/
c8752ceee8bb53f1,Brazil,2006,COE,24,c8752ceee8bb53f1|COE|NA|24,TRUE,3.25,NA,10317.63,NA,NA,https://allianceforcoffeeexcellence.org/brazil-pulped-naturals-2006/
c8752ceee8bb53f1,Brazil,2006,COE,25,c8752ceee8bb53f1|COE|NA|25,TRUE,3.25,NA,18485.76,NA,NA,https://allianceforcoffeeexcellence.org/brazil-pulped-naturals-2006/
c8752ceee8bb53f1,Brazil,2006,COE,26,c8752ceee8bb53f1|COE|NA|26,TRUE,2.45,NA,26574.52,NA,NA,https://allianceforcoffeeexcellence.org/brazil-pulped-naturals-2006/
c8752ceee8bb53f1,Brazil,2006,COE,27,c8752ceee8bb53f1|COE|NA|27,TRUE,4.05,NA,11250.19,NA,NA,https://allianceforcoffeeexcellence.org/brazil-pulped-naturals-2006/
c8752ceee8bb53f1,Brazil,2006,COE,28,c8752ceee8bb53f1|COE|NA|28,TRUE,3.4,NA,12143.06,NA,NA,https://allianceforcoffeeexcellence.org/brazil-pulped-naturals-2006/
c8752ceee8bb53f1,Brazil,2006,COE,29,c8752ceee8bb53f1|COE|NA|29,TRUE,3.26,NA,NA,NA,NA,https://allianceforcoffeeexcellence.org/brazil-pulped-naturals-2006/
44619d3e719c99ef,Brazil,2008,COE,1,44619d3e719c99ef|COE|NA|1,TRUE,9.05,NA,26336.42,NA,NA,https://allianceforcoffeeexcellence.org/brazil-pulped-naturals-2008/
44619d3e719c99ef,Brazil,2008,COE,2,44619d3e719c99ef|COE|NA|2,TRUE,6.35,NA,30238.6,NA,NA,https://allianceforcoffeeexcellence.org/brazil-pulped-naturals-2008/
44619d3e719c99ef,Brazil,2008,COE,3,44619d3e719c99ef|COE|NA|3,TRUE,9.05,NA,22745.09,NA,NA,https://allianceforcoffeeexcellence.org/brazil-pulped-naturals-2008/
44619d3e719c99ef,Brazil,2008,COE,4,44619d3e719c99ef|COE|NA|4,TRUE,7.25,NA,18221.21,NA,NA,https://allianceforcoffeeexcellence.org/brazil-pulped-naturals-2008/
44619d3e719c99ef,Brazil,2008,COE,5,44619d3e719c99ef|COE|NA|5,TRUE,7,NA,20370.71,NA,NA,https://allianceforcoffeeexcellence.org/brazil-pulped-naturals-2008/
44619d3e719c99ef,Brazil,2008,COE,6,44619d3e719c99ef|COE|NA|6,TRUE,7.15,NA,21753.01,NA,NA,https://allianceforcoffeeexcellence.org/brazil-pulped-naturals-2008/
44619d3e719c99ef,Brazil,2008,COE,7,44619d3e719c99ef|COE|NA|7,TRUE,6.05,NA,18406.39,NA,NA,https://allianceforcoffeeexcellence.org/brazil-pulped-naturals-2008/
44619d3e719c99ef,Brazil,2008,COE,8,44619d3e719c99ef|COE|NA|8,TRUE,6.25,NA,19841.6,NA,NA,https://allianceforcoffeeexcellence.org/brazil-pulped-naturals-2008/
44619d3e719c99ef,Brazil,2008,COE,9,44619d3e719c99ef|COE|NA|9,TRUE,6.15,NA,17897.13,NA,NA,https://allianceforcoffeeexcellence.org/brazil-pulped-naturals-2008/
44619d3e719c99ef,Brazil,2008,COE,10,44619d3e719c99ef|COE|NA|10,TRUE,6.05,NA,15205.28,NA,NA,https://allianceforcoffeeexcellence.org/brazil-pulped-naturals-2008/
44619d3e719c99ef,Brazil,2008,COE,11,44619d3e719c99ef|COE|NA|11,TRUE,6,NA,23016.26,NA,NA,https://allianceforcoffeeexcellence.org/brazil-pulped-naturals-2008/
44619d3e719c99ef,Brazil,2008,COE,12,44619d3e719c99ef|COE|NA|12,TRUE,5.85,NA,13928.81,NA,NA,https://allianceforcoffeeexcellence.org/brazil-pulped-naturals-2008/
44619d3e719c99ef,Brazil,2008,COE,13,44619d3e719c99ef|COE|NA|13,TRUE,5.9,NA,21071.78,NA,NA,https://allianceforcoffeeexcellence.org/brazil-pulped-naturals-2008/
44619d3e719c99ef,Brazil,2008,COE,14,44619d3e719c99ef|COE|NA|14,TRUE,6.25,NA,15707.94,NA,NA,https://allianceforcoffeeexcellence.org/brazil-pulped-naturals-2008/
44619d3e719c99ef,Brazil,2008,COE,15,44619d3e719c99ef|COE|NA|15,TRUE,5.9,NA,14828.29,NA,NA,https://allianceforcoffeeexcellence.org/brazil-pulped-naturals-2008/
44619d3e719c99ef,Brazil,2008,COE,16,44619d3e719c99ef|COE|NA|16,TRUE,5.7,NA,14325.64,NA,NA,https://allianceforcoffeeexcellence.org/brazil-pulped-naturals-2008/
44619d3e719c99ef,Brazil,2008,COE,17,44619d3e719c99ef|COE|NA|17,TRUE,6.15,NA,15456.61,NA,NA,https://allianceforcoffeeexcellence.org/brazil-pulped-naturals-2008/
44619d3e719c99ef,Brazil,2008,COE,18,44619d3e719c99ef|COE|NA|18,TRUE,5.2,NA,14444.69,NA,NA,https://allianceforcoffeeexcellence.org/brazil-pulped-naturals-2008/
44619d3e719c99ef,Brazil,2008,COE,19,44619d3e719c99ef|COE|NA|19,TRUE,3.8,NA,14576.96,NA,NA,https://allianceforcoffeeexcellence.org/brazil-pulped-naturals-2008/
44619d3e719c99ef,Brazil,2008,COE,20,44619d3e719c99ef|COE|NA|20,TRUE,6.15,NA,18710.63,NA,NA,https://allianceforcoffeeexcellence.org/brazil-pulped-naturals-2008/
44619d3e719c99ef,Brazil,2008,COE,21,44619d3e719c99ef|COE|NA|21,TRUE,5.85,NA,14702.63,NA,NA,https://allianceforcoffeeexcellence.org/brazil-pulped-naturals-2008/
44619d3e719c99ef,Brazil,2008,COE,22,44619d3e719c99ef|COE|NA|22,TRUE,5.1,NA,14166.9,NA,NA,https://allianceforcoffeeexcellence.org/brazil-pulped-naturals-2008/
44619d3e719c99ef,Brazil,2008,COE,23,44619d3e719c99ef|COE|NA|23,TRUE,4.15,NA,14821.68,NA,NA,https://allianceforcoffeeexcellence.org/brazil-pulped-naturals-2008/
11b46c35400dc616,Brazil,2009,COE,1,11b46c35400dc616|COE|NA|1,TRUE,24.05,NA,59920.58,NA,NA,https://allianceforcoffeeexcellence.org/brazil-pulped-naturals-2009/
11b46c35400dc616,Brazil,2009,COE,2,11b46c35400dc616|COE|NA|2,TRUE,10.1,NA,29330.4,NA,NA,https://allianceforcoffeeexcellence.org/brazil-pulped-naturals-2009/
11b46c35400dc616,Brazil,2009,COE,3,11b46c35400dc616|COE|NA|3,TRUE,7.05,NA,27220.05,NA,NA,https://allianceforcoffeeexcellence.org/brazil-pulped-naturals-2009/
11b46c35400dc616,Brazil,2009,COE,4,11b46c35400dc616|COE|NA|4,TRUE,7.05,NA,25126.2,NA,NA,https://allianceforcoffeeexcellence.org/brazil-pulped-naturals-2009/
11b46c35400dc616,Brazil,2009,COE,5,11b46c35400dc616|COE|NA|5,TRUE,10.5,NA,28413,NA,NA,https://allianceforcoffeeexcellence.org/brazil-pulped-naturals-2009/
11b46c35400dc616,Brazil,2009,COE,6,11b46c35400dc616|COE|NA|6,TRUE,7.15,NA,18758.03,NA,NA,https://allianceforcoffeeexcellence.org/brazil-pulped-naturals-2009/
11b46c35400dc616,Brazil,2009,COE,7,11b46c35400dc616|COE|NA|7,TRUE,7.1,NA,15463.8,NA,NA,https://allianceforcoffeeexcellence.org/brazil-pulped-naturals-2009/
11b46c35400dc616,Brazil,2009,COE,8,11b46c35400dc616|COE|NA|8,TRUE,6.15,NA,19483.2,NA,NA,https://allianceforcoffeeexcellence.org/brazil-pulped-naturals-2009/
11b46c35400dc616,Brazil,2009,COE,9,11b46c35400dc616|COE|NA|9,TRUE,7.06,NA,18521.91,NA,NA,https://allianceforcoffeeexcellence.org/brazil-pulped-naturals-2009/
11b46c35400dc616,Brazil,2009,COE,10,11b46c35400dc616|COE|NA|10,TRUE,6.15,NA,17555.18,NA,NA,https://allianceforcoffeeexcellence.org/brazil-pulped-naturals-2009/
11b46c35400dc616,Brazil,2009,COE,11,11b46c35400dc616|COE|NA|11,TRUE,6.8,NA,16156.8,NA,NA,https://allianceforcoffeeexcellence.org/brazil-pulped-naturals-2009/
11b46c35400dc616,Brazil,2009,COE,12,11b46c35400dc616|COE|NA|12,TRUE,6.22,NA,16318.17,NA,NA,https://allianceforcoffeeexcellence.org/brazil-pulped-naturals-2009/
11b46c35400dc616,Brazil,2009,COE,13,11b46c35400dc616|COE|NA|13,TRUE,6.1,NA,20029.35,NA,NA,https://allianceforcoffeeexcellence.org/brazil-pulped-naturals-2009/
11b46c35400dc616,Brazil,2009,COE,14,11b46c35400dc616|COE|NA|14,TRUE,6.55,NA,21506.93,NA,NA,https://allianceforcoffeeexcellence.org/brazil-pulped-naturals-2009/
11b46c35400dc616,Brazil,2009,COE,15,11b46c35400dc616|COE|NA|15,TRUE,7.75,NA,17263.13,NA,NA,https://allianceforcoffeeexcellence.org/brazil-pulped-naturals-2009/
11b46c35400dc616,Brazil,2009,COE,16,11b46c35400dc616|COE|NA|16,TRUE,6.05,NA,18267.98,NA,NA,https://allianceforcoffeeexcellence.org/brazil-pulped-naturals-2009/
11b46c35400dc616,Brazil,2009,COE,17,11b46c35400dc616|COE|NA|17,TRUE,6.05,NA,19066.58,NA,NA,https://allianceforcoffeeexcellence.org/brazil-pulped-naturals-2009/
11b46c35400dc616,Brazil,2009,COE,18,11b46c35400dc616|COE|NA|18,TRUE,6.4,NA,20486.4,NA,NA,https://allianceforcoffeeexcellence.org/brazil-pulped-naturals-2009/
11b46c35400dc616,Brazil,2009,COE,19,11b46c35400dc616|COE|NA|19,TRUE,7.4,NA,17460.3,NA,NA,https://allianceforcoffeeexcellence.org/brazil-pulped-naturals-2009/
11b46c35400dc616,Brazil,2009,COE,20,11b46c35400dc616|COE|NA|20,TRUE,6.15,NA,15221.25,NA,NA,https://allianceforcoffeeexcellence.org/brazil-pulped-naturals-2009/
11b46c35400dc616,Brazil,2009,COE,21,11b46c35400dc616|COE|NA|21,TRUE,6.3,NA,18918.9,NA,NA,https://allianceforcoffeeexcellence.org/brazil-pulped-naturals-2009/
11b46c35400dc616,Brazil,2009,COE,22,11b46c35400dc616|COE|NA|22,TRUE,6.31,NA,18011.9,NA,NA,https://allianceforcoffeeexcellence.org/brazil-pulped-naturals-2009/
11b46c35400dc616,Brazil,2009,COE,23,11b46c35400dc616|COE|NA|23,TRUE,6,NA,18909,NA,NA,https://allianceforcoffeeexcellence.org/brazil-pulped-naturals-2009/
11b46c35400dc616,Brazil,2009,COE,24,11b46c35400dc616|COE|NA|24,TRUE,6.05,NA,18267.98,NA,NA,https://allianceforcoffeeexcellence.org/brazil-pulped-naturals-2009/
11b46c35400dc616,Brazil,2009,COE,25,11b46c35400dc616|COE|NA|25,TRUE,6.06,NA,15098.49,NA,NA,https://allianceforcoffeeexcellence.org/brazil-pulped-naturals-2009/
11b46c35400dc616,Brazil,2009,COE,26,11b46c35400dc616|COE|NA|26,TRUE,5.52,NA,21859.2,NA,NA,https://allianceforcoffeeexcellence.org/brazil-pulped-naturals-2009/
6dc5bb1377bf2317,Brazil,2011,COE,1,6dc5bb1377bf2317|COE|NA|1,TRUE,25.05,NA,66271.03,NA,NA,https://allianceforcoffeeexcellence.org/brazil-pulped-naturals-2011/
6dc5bb1377bf2317,Brazil,2011,COE,2,6dc5bb1377bf2317|COE|NA|2,TRUE,12.1,NA,32011.16,NA,NA,https://allianceforcoffeeexcellence.org/brazil-pulped-naturals-2011/
6dc5bb1377bf2317,Brazil,2011,COE,3,6dc5bb1377bf2317|COE|NA|3,TRUE,11.2,NA,32593.12,NA,NA,https://allianceforcoffeeexcellence.org/brazil-pulped-naturals-2011/
6dc5bb1377bf2317,Brazil,2011,COE,4,6dc5bb1377bf2317|COE|NA|4,TRUE,8.06,NA,36249.29,NA,NA,https://allianceforcoffeeexcellence.org/brazil-pulped-naturals-2011/
6dc5bb1377bf2317,Brazil,2011,COE,5,6dc5bb1377bf2317|COE|NA|5,TRUE,8.05,NA,48911.32,NA,NA,https://allianceforcoffeeexcellence.org/brazil-pulped-naturals-2011/
6dc5bb1377bf2317,Brazil,2011,COE,6,6dc5bb1377bf2317|COE|NA|6,TRUE,8.55,NA,21488.46,NA,NA,https://allianceforcoffeeexcellence.org/brazil-pulped-naturals-2011/
6dc5bb1377bf2317,Brazil,2011,COE,7,6dc5bb1377bf2317|COE|NA|7,TRUE,8.7,NA,21942.18,NA,NA,https://allianceforcoffeeexcellence.org/brazil-pulped-naturals-2011/
6dc5bb1377bf2317,Brazil,2011,COE,8,6dc5bb1377bf2317|COE|NA|8,TRUE,11.2,NA,28123.87,NA,NA,https://allianceforcoffeeexcellence.org/brazil-pulped-naturals-2011/
6dc5bb1377bf2317,Brazil,2011,COE,9,6dc5bb1377bf2317|COE|NA|9,TRUE,8.05,NA,17037.34,NA,NA,https://allianceforcoffeeexcellence.org/brazil-pulped-naturals-2011/
6dc5bb1377bf2317,Brazil,2011,COE,10,6dc5bb1377bf2317|COE|NA|10,TRUE,8.25,NA,22007.62,NA,NA,https://allianceforcoffeeexcellence.org/brazil-pulped-naturals-2011/
6dc5bb1377bf2317,Brazil,2011,COE,11,6dc5bb1377bf2317|COE|NA|11,TRUE,7.1,NA,15026.72,NA,NA,https://allianceforcoffeeexcellence.org/brazil-pulped-naturals-2011/
6dc5bb1377bf2317,Brazil,2011,COE,12,6dc5bb1377bf2317|COE|NA|12,TRUE,7.4,NA,18598.2,NA,NA,https://allianceforcoffeeexcellence.org/brazil-pulped-naturals-2011/
6dc5bb1377bf2317,Brazil,2011,COE,13,6dc5bb1377bf2317|COE|NA|13,TRUE,7.55,NA,22037.85,NA,NA,https://allianceforcoffeeexcellence.org/brazil-pulped-naturals-2011/
6dc5bb1377bf2317,Brazil,2011,COE,14,6dc5bb1377bf2317|COE|NA|14,TRUE,8.35,NA,25403.87,NA,NA,https://allianceforcoffeeexcellence.org/brazil-pulped-naturals-2011/
6dc5bb1377bf2317,Brazil,2011,COE,15,6dc5bb1377bf2317|COE|NA|15,TRUE,7.4,NA,23492.41,NA,NA,https://allianceforcoffeeexcellence.org/brazil-pulped-naturals-2011/
6dc5bb1377bf2317,Brazil,2011,COE,16,6dc5bb1377bf2317|COE|NA|16,TRUE,7.6,NA,17073.48,NA,NA,https://allianceforcoffeeexcellence.org/brazil-pulped-naturals-2011/
6dc5bb1377bf2317,Brazil,2011,COE,17,6dc5bb1377bf2317|COE|NA|17,TRUE,8,NA,16931.52,NA,NA,https://allianceforcoffeeexcellence.org/brazil-pulped-naturals-2011/
6dc5bb1377bf2317,Brazil,2011,COE,18,6dc5bb1377bf2317|COE|NA|18,TRUE,7.55,NA,21954.65,NA,NA,https://allianceforcoffeeexcellence.org/brazil-pulped-naturals-2011/
6dc5bb1377bf2317,Brazil,2011,COE,19,6dc5bb1377bf2317|COE|NA|19,TRUE,7.1,NA,18204.19,NA,NA,https://allianceforcoffeeexcellence.org/brazil-pulped-naturals-2011/
6dc5bb1377bf2317,Brazil,2011,COE,20,6dc5bb1377bf2317|COE|NA|20,TRUE,7.05,NA,18806.51,NA,NA,https://allianceforcoffeeexcellence.org/brazil-pulped-naturals-2011/
6dc5bb1377bf2317,Brazil,2011,COE,21,6dc5bb1377bf2317|COE|NA|21,TRUE,7.65,NA,16173.86,NA,NA,https://allianceforcoffeeexcellence.org/brazil-pulped-naturals-2011/
6dc5bb1377bf2317,Brazil,2011,COE,22,6dc5bb1377bf2317|COE|NA|22,TRUE,5.6,NA,15197.78,NA,NA,https://allianceforcoffeeexcellence.org/brazil-pulped-naturals-2011/
6dc5bb1377bf2317,Brazil,2011,COE,23,6dc5bb1377bf2317|COE|NA|23,TRUE,6.7,NA,15066.36,NA,NA,https://allianceforcoffeeexcellence.org/brazil-pulped-naturals-2011/
6dc5bb1377bf2317,Brazil,2011,COE,24,6dc5bb1377bf2317|COE|NA|24,TRUE,6.05,NA,25208.78,NA,NA,https://allianceforcoffeeexcellence.org/brazil-pulped-naturals-2011/
6dc5bb1377bf2317,Brazil,2011,COE,25,6dc5bb1377bf2317|COE|NA|25,TRUE,6.05,NA,16005.58,NA,NA,https://allianceforcoffeeexcellence.org/brazil-pulped-naturals-2011/
6dc5bb1377bf2317,Brazil,2011,COE,26,6dc5bb1377bf2317|COE|NA|26,TRUE,6.8,NA,20688.18,NA,NA,https://allianceforcoffeeexcellence.org/brazil-pulped-naturals-2011/
6dc5bb1377bf2317,Brazil,2011,COE,27,6dc5bb1377bf2317|COE|NA|27,TRUE,6.01,NA,23054.6,NA,NA,https://allianceforcoffeeexcellence.org/brazil-pulped-naturals-2011/
6dc5bb1377bf2317,Brazil,2011,COE,28,6dc5bb1377bf2317|COE|NA|28,TRUE,7.95,NA,23100.24,NA,NA,https://allianceforcoffeeexcellence.org/brazil-pulped-naturals-2011/
6dc5bb1377bf2317,Brazil,2011,COE,29,6dc5bb1377bf2317|COE|NA|29,TRUE,7.95,NA,21032.12,NA,NA,https://allianceforcoffeeexcellence.org/brazil-pulped-naturals-2011/
6dc5bb1377bf2317,Brazil,2011,COE,30,6dc5bb1377bf2317|COE|NA|30,TRUE,7.2,NA,18079.63,NA,NA,https://allianceforcoffeeexcellence.org/brazil-pulped-naturals-2011/
6dc5bb1377bf2317,Brazil,2011,COE,31,6dc5bb1377bf2317|COE|NA|31,TRUE,8.25,NA,20734.48,NA,NA,https://allianceforcoffeeexcellence.org/brazil-pulped-naturals-2011/
97486e2f1c2df951,Brazil,2012,COE,1,97486e2f1c2df951|COE|NA|1,TRUE,19.1,NA,45476.91,NA,NA,https://allianceforcoffeeexcellence.org/brazil-naturals-2012/
97486e2f1c2df951,Brazil,2012,COE,2,97486e2f1c2df951|COE|NA|2,TRUE,16.8,NA,37778.33,NA,NA,https://allianceforcoffeeexcellence.org/brazil-naturals-2012/
97486e2f1c2df951,Brazil,2012,COE,3,97486e2f1c2df951|COE|NA|3,TRUE,8.1,NA,15000.23,NA,NA,https://allianceforcoffeeexcellence.org/brazil-naturals-2012/
97486e2f1c2df951,Brazil,2012,COE,4,97486e2f1c2df951|COE|NA|4,TRUE,7.8,NA,16508.23,NA,NA,https://allianceforcoffeeexcellence.org/brazil-naturals-2012/
97486e2f1c2df951,Brazil,2012,COE,5,97486e2f1c2df951|COE|NA|5,TRUE,8,NA,40212.32,NA,NA,https://allianceforcoffeeexcellence.org/brazil-naturals-2012/
97486e2f1c2df951,Brazil,2012,COE,6,97486e2f1c2df951|COE|NA|6,TRUE,8,NA,20106.16,NA,NA,https://allianceforcoffeeexcellence.org/brazil-naturals-2012/
97486e2f1c2df951,Brazil,2012,COE,7,97486e2f1c2df951|COE|NA|7,TRUE,7.8,NA,19603.51,NA,NA,https://allianceforcoffeeexcellence.org/brazil-naturals-2012/
97486e2f1c2df951,Brazil,2012,COE,8,97486e2f1c2df951|COE|NA|8,TRUE,7.56,NA,14000.21,NA,NA,https://allianceforcoffeeexcellence.org/brazil-naturals-2012/
97486e2f1c2df951,Brazil,2012,COE,9,97486e2f1c2df951|COE|NA|9,TRUE,6.1,NA,20172.27,NA,NA,https://allianceforcoffeeexcellence.org/brazil-naturals-2012/
97486e2f1c2df951,Brazil,2012,COE,10,97486e2f1c2df951|COE|NA|10,TRUE,7.6,NA,14074.29,NA,NA,https://allianceforcoffeeexcellence.org/brazil-naturals-2012/
97486e2f1c2df951,Brazil,2012,COE,11,97486e2f1c2df951|COE|NA|11,TRUE,8,NA,17989.68,NA,NA,https://allianceforcoffeeexcellence.org/brazil-naturals-2012/
97486e2f1c2df951,Brazil,2012,COE,12,97486e2f1c2df951|COE|NA|12,TRUE,7.5,NA,13889.1,NA,NA,https://allianceforcoffeeexcellence.org/brazil-naturals-2012/
97486e2f1c2df951,Brazil,2012,COE,13,97486e2f1c2df951|COE|NA|13,TRUE,7.5,NA,13889.1,NA,NA,https://allianceforcoffeeexcellence.org/brazil-naturals-2012/
97486e2f1c2df951,Brazil,2012,COE,14,97486e2f1c2df951|COE|NA|14,TRUE,7.2,NA,18095.54,NA,NA,https://allianceforcoffeeexcellence.org/brazil-naturals-2012/
97486e2f1c2df951,Brazil,2012,COE,15,97486e2f1c2df951|COE|NA|15,TRUE,8,NA,16931.52,NA,NA,https://allianceforcoffeeexcellence.org/brazil-naturals-2012/
97486e2f1c2df951,Brazil,2012,COE,16,97486e2f1c2df951|COE|NA|16,TRUE,8.1,NA,13928.76,NA,NA,https://allianceforcoffeeexcellence.org/brazil-naturals-2012/
97486e2f1c2df951,Brazil,2012,COE,18,97486e2f1c2df951|COE|NA|18,TRUE,7.5,NA,13889.1,NA,NA,https://allianceforcoffeeexcellence.org/brazil-naturals-2012/
97486e2f1c2df951,Brazil,2012,COE,19,97486e2f1c2df951|COE|NA|19,TRUE,8.15,NA,17248.99,NA,NA,https://allianceforcoffeeexcellence.org/brazil-naturals-2012/
90ce520eb2b1c7b3,Brazil,2012,COE,1,90ce520eb2b1c7b3|COE|NA|1,TRUE,12.1,NA,27209.39,NA,NA,https://allianceforcoffeeexcellence.org/brazil-pulped-naturals-2012/
90ce520eb2b1c7b3,Brazil,2012,COE,2,90ce520eb2b1c7b3|COE|NA|2,TRUE,10,NA,25132.6,NA,NA,https://allianceforcoffeeexcellence.org/brazil-pulped-naturals-2012/
90ce520eb2b1c7b3,Brazil,2012,COE,3,90ce520eb2b1c7b3|COE|NA|3,TRUE,9.85,NA,24856.14,NA,NA,https://allianceforcoffeeexcellence.org/brazil-pulped-naturals-2012/
90ce520eb2b1c7b3,Brazil,2012,COE,4,90ce520eb2b1c7b3|COE|NA|4,TRUE,8.4,NA,24444.84,NA,NA,https://allianceforcoffeeexcellence.org/brazil-pulped-naturals-2012/
90ce520eb2b1c7b3,Brazil,2012,COE,5,90ce520eb2b1c7b3|COE|NA|5,TRUE,5.5,NA,23280.78,NA,NA,https://allianceforcoffeeexcellence.org/brazil-pulped-naturals-2012/
90ce520eb2b1c7b3,Brazil,2012,COE,6,90ce520eb2b1c7b3|COE|NA|6,TRUE,4.3,NA,13650.99,NA,NA,https://allianceforcoffeeexcellence.org/brazil-pulped-naturals-2012/
90ce520eb2b1c7b3,Brazil,2012,COE,7,90ce520eb2b1c7b3|COE|NA|7,TRUE,6.4,NA,16931.46,NA,NA,https://allianceforcoffeeexcellence.org/brazil-pulped-naturals-2012/
90ce520eb2b1c7b3,Brazil,2012,COE,8,90ce520eb2b1c7b3|COE|NA|8,TRUE,4.15,NA,13723.76,NA,NA,https://allianceforcoffeeexcellence.org/brazil-pulped-naturals-2012/
90ce520eb2b1c7b3,Brazil,2012,COE,9,90ce520eb2b1c7b3|COE|NA|9,TRUE,7.6,NA,17090.2,NA,NA,https://allianceforcoffeeexcellence.org/brazil-pulped-naturals-2012/
90ce520eb2b1c7b3,Brazil,2012,COE,10,90ce520eb2b1c7b3|COE|NA|10,TRUE,4.2,NA,9444.58,NA,NA,https://allianceforcoffeeexcellence.org/brazil-pulped-naturals-2012/
90ce520eb2b1c7b3,Brazil,2012,COE,11,90ce520eb2b1c7b3|COE|NA|11,TRUE,7.6,NA,19100.78,NA,NA,https://allianceforcoffeeexcellence.org/brazil-pulped-naturals-2012/
90ce520eb2b1c7b3,Brazil,2012,COE,12,90ce520eb2b1c7b3|COE|NA|12,TRUE,4.05,NA,11250.17,NA,NA,https://allianceforcoffeeexcellence.org/brazil-pulped-naturals-2012/
90ce520eb2b1c7b3,Brazil,2012,COE,13,90ce520eb2b1c7b3|COE|NA|13,TRUE,6.45,NA,19623.29,NA,NA,https://allianceforcoffeeexcellence.org/brazil-pulped-naturals-2012/
90ce520eb2b1c7b3,Brazil,2012,COE,14,90ce520eb2b1c7b3|COE|NA|14,TRUE,4.2,NA,11110.89,NA,NA,https://allianceforcoffeeexcellence.org/brazil-pulped-naturals-2012/
90ce520eb2b1c7b3,Brazil,2012,COE,15,90ce520eb2b1c7b3|COE|NA|15,TRUE,5.65,NA,16558.47,NA,NA,https://allianceforcoffeeexcellence.org/brazil-pulped-naturals-2012/
90ce520eb2b1c7b3,Brazil,2012,COE,16,90ce520eb2b1c7b3|COE|NA|16,TRUE,4.1,NA,10304.37,NA,NA,https://allianceforcoffeeexcellence.org/brazil-pulped-naturals-2012/
90ce520eb2b1c7b3,Brazil,2012,COE,17,90ce520eb2b1c7b3|COE|NA|17,TRUE,4.52,NA,11359.94,NA,NA,https://allianceforcoffeeexcellence.org/brazil-pulped-naturals-2012/
90ce520eb2b1c7b3,Brazil,2012,COE,18,90ce520eb2b1c7b3|COE|NA|18,TRUE,4.3,NA,10238.26,NA,NA,https://allianceforcoffeeexcellence.org/brazil-pulped-naturals-2012/
90ce520eb2b1c7b3,Brazil,2012,COE,19,90ce520eb2b1c7b3|COE|NA|19,TRUE,4,NA,20106.12,NA,NA,https://allianceforcoffeeexcellence.org/brazil-pulped-naturals-2012/
90ce520eb2b1c7b3,Brazil,2012,COE,20,90ce520eb2b1c7b3|COE|NA|20,TRUE,4.5,NA,8928.45,NA,NA,https://allianceforcoffeeexcellence.org/brazil-pulped-naturals-2012/
90ce520eb2b1c7b3,Brazil,2012,COE,21,90ce520eb2b1c7b3|COE|NA|21,TRUE,4,NA,17460.6,NA,NA,https://allianceforcoffeeexcellence.org/brazil-pulped-naturals-2012/
90ce520eb2b1c7b3,Brazil,2012,COE,22,90ce520eb2b1c7b3|COE|NA|22,TRUE,4,NA,12169.48,NA,NA,https://allianceforcoffeeexcellence.org/brazil-pulped-naturals-2012/
90ce520eb2b1c7b3,Brazil,2012,COE,23,90ce520eb2b1c7b3|COE|NA|23,TRUE,4.1,NA,9219.71,NA,NA,https://allianceforcoffeeexcellence.org/brazil-pulped-naturals-2012/
90ce520eb2b1c7b3,Brazil,2012,COE,24,90ce520eb2b1c7b3|COE|NA|24,TRUE,4,NA,20106.12,NA,NA,https://allianceforcoffeeexcellence.org/brazil-pulped-naturals-2012/
81ba66b9c2fe1d13,Brazil,2013,COE,1,81ba66b9c2fe1d13|COE|NA|1,TRUE,18.8,NA,52226.4,NA,NA,https://allianceforcoffeeexcellence.org/brazil-naturals-2013/
81ba66b9c2fe1d13,Brazil,2013,COE,2,81ba66b9c2fe1d13|COE|NA|2,TRUE,8,NA,29632,NA,NA,https://allianceforcoffeeexcellence.org/brazil-naturals-2013/
81ba66b9c2fe1d13,Brazil,2013,COE,3,81ba66b9c2fe1d13|COE|NA|3,TRUE,16.5,NA,41464.5,NA,NA,https://allianceforcoffeeexcellence.org/brazil-naturals-2013/
81ba66b9c2fe1d13,Brazil,2013,COE,4,81ba66b9c2fe1d13|COE|NA|4,TRUE,5.3,NA,18226.7,NA,NA,https://allianceforcoffeeexcellence.org/brazil-naturals-2013/
81ba66b9c2fe1d13,Brazil,2013,COE,5,81ba66b9c2fe1d13|COE|NA|5,TRUE,6.2,NA,13943.8,NA,NA,https://allianceforcoffeeexcellence.org/brazil-naturals-2013/
81ba66b9c2fe1d13,Brazil,2013,COE,6,81ba66b9c2fe1d13|COE|NA|6,TRUE,6.1,NA,18556.2,NA,NA,https://allianceforcoffeeexcellence.org/brazil-naturals-2013/
81ba66b9c2fe1d13,Brazil,2013,COE,7,81ba66b9c2fe1d13|COE|NA|7,TRUE,6.3,NA,16669.8,NA,NA,https://allianceforcoffeeexcellence.org/brazil-naturals-2013/
81ba66b9c2fe1d13,Brazil,2013,COE,8A,81ba66b9c2fe1d13|COE|NA|8A,TRUE,4.5,NA,14881.5,NA,NA,https://allianceforcoffeeexcellence.org/brazil-naturals-2013/
81ba66b9c2fe1d13,Brazil,2013,COE,8B,81ba66b9c2fe1d13|COE|NA|8B,TRUE,4.5,NA,14881.5,NA,NA,https://allianceforcoffeeexcellence.org/brazil-naturals-2013/
81ba66b9c2fe1d13,Brazil,2013,COE,10,81ba66b9c2fe1d13|COE|NA|10,TRUE,4.8,NA,14601.6,NA,NA,https://allianceforcoffeeexcellence.org/brazil-naturals-2013/
81ba66b9c2fe1d13,Brazil,2013,COE,11,81ba66b9c2fe1d13|COE|NA|11,TRUE,6,NA,14286,NA,NA,https://allianceforcoffeeexcellence.org/brazil-naturals-2013/
81ba66b9c2fe1d13,Brazil,2013,COE,12,81ba66b9c2fe1d13|COE|NA|12,TRUE,4.4,NA,22699.6,NA,NA,https://allianceforcoffeeexcellence.org/brazil-naturals-2013/
81ba66b9c2fe1d13,Brazil,2013,COE,13,81ba66b9c2fe1d13|COE|NA|13,TRUE,4.3,NA,14787.7,NA,NA,https://allianceforcoffeeexcellence.org/brazil-naturals-2013/
81ba66b9c2fe1d13,Brazil,2013,COE,14,81ba66b9c2fe1d13|COE|NA|14,TRUE,4.4,NA,13970,NA,NA,https://allianceforcoffeeexcellence.org/brazil-naturals-2013/
81ba66b9c2fe1d13,Brazil,2013,COE,15,81ba66b9c2fe1d13|COE|NA|15,TRUE,4.8,NA,12062.4,NA,NA,https://allianceforcoffeeexcellence.org/brazil-naturals-2013/
81ba66b9c2fe1d13,Brazil,2013,COE,16,81ba66b9c2fe1d13|COE|NA|16,TRUE,4.91,NA,12338.83,NA,NA,https://allianceforcoffeeexcellence.org/brazil-naturals-2013/
81ba66b9c2fe1d13,Brazil,2013,COE,17,81ba66b9c2fe1d13|COE|NA|17,TRUE,5.3,NA,11214.8,NA,NA,https://allianceforcoffeeexcellence.org/brazil-naturals-2013/
81ba66b9c2fe1d13,Brazil,2013,COE,18,81ba66b9c2fe1d13|COE|NA|18,TRUE,4.7,NA,17408.8,NA,NA,https://allianceforcoffeeexcellence.org/brazil-naturals-2013/
81ba66b9c2fe1d13,Brazil,2013,COE,19,81ba66b9c2fe1d13|COE|NA|19,TRUE,5.6,NA,11110.4,NA,NA,https://allianceforcoffeeexcellence.org/brazil-naturals-2013/
81ba66b9c2fe1d13,Brazil,2013,COE,20,81ba66b9c2fe1d13|COE|NA|20,TRUE,4.4,NA,14550.8,NA,NA,https://allianceforcoffeeexcellence.org/brazil-naturals-2013/
81ba66b9c2fe1d13,Brazil,2013,COE,21,81ba66b9c2fe1d13|COE|NA|21,TRUE,4.4,NA,11642.4,NA,NA,https://allianceforcoffeeexcellence.org/brazil-naturals-2013/
81ba66b9c2fe1d13,Brazil,2013,COE,22,81ba66b9c2fe1d13|COE|NA|22,TRUE,4.5,NA,10714.5,NA,NA,https://allianceforcoffeeexcellence.org/brazil-naturals-2013/
bc80a53b61b50b1c,Brazil,2013,COE,1,bc80a53b61b50b1c|COE|NA|1,TRUE,23.1,NA,45830.4,NA,NA,https://allianceforcoffeeexcellence.org/brazil-pulped-naturals-2013/
bc80a53b61b50b1c,Brazil,2013,COE,2,bc80a53b61b50b1c|COE|NA|2,TRUE,17.41,NA,25331.55,NA,NA,https://allianceforcoffeeexcellence.org/brazil-pulped-naturals-2013/
bc80a53b61b50b1c,Brazil,2013,COE,3,bc80a53b61b50b1c|COE|NA|3,TRUE,7.9,NA,17767.1,NA,NA,https://allianceforcoffeeexcellence.org/brazil-pulped-naturals-2013/
bc80a53b61b50b1c,Brazil,2013,COE,4,bc80a53b61b50b1c|COE|NA|4,TRUE,8.5,NA,17986,NA,NA,https://allianceforcoffeeexcellence.org/brazil-pulped-naturals-2013/
bc80a53b61b50b1c,Brazil,2013,COE,5,bc80a53b61b50b1c|COE|NA|5,TRUE,6,NA,23016,NA,NA,https://allianceforcoffeeexcellence.org/brazil-pulped-naturals-2013/
bc80a53b61b50b1c,Brazil,2013,COE,6,bc80a53b61b50b1c|COE|NA|6,TRUE,10.1,NA,16028.7,NA,NA,https://allianceforcoffeeexcellence.org/brazil-pulped-naturals-2013/
bc80a53b61b50b1c,Brazil,2013,COE,7,bc80a53b61b50b1c|COE|NA|7,TRUE,8,NA,15872,NA,NA,https://allianceforcoffeeexcellence.org/brazil-pulped-naturals-2013/
bc80a53b61b50b1c,Brazil,2013,COE,8,bc80a53b61b50b1c|COE|NA|8,TRUE,5.7,NA,13571.7,NA,NA,https://allianceforcoffeeexcellence.org/brazil-pulped-naturals-2013/
bc80a53b61b50b1c,Brazil,2013,COE,9,bc80a53b61b50b1c|COE|NA|9,TRUE,5.8,NA,17643.6,NA,NA,https://allianceforcoffeeexcellence.org/brazil-pulped-naturals-2013/
bc80a53b61b50b1c,Brazil,2013,COE,10,bc80a53b61b50b1c|COE|NA|10,TRUE,7.87,NA,11450.85,NA,NA,https://allianceforcoffeeexcellence.org/brazil-pulped-naturals-2013/
bc80a53b61b50b1c,Brazil,2013,COE,11A,bc80a53b61b50b1c|COE|NA|11A,TRUE,4.6,NA,16426.6,NA,NA,https://allianceforcoffeeexcellence.org/brazil-pulped-naturals-2013/
bc80a53b61b50b1c,Brazil,2013,COE,11B,bc80a53b61b50b1c|COE|NA|11B,TRUE,4.6,NA,13993.2,NA,NA,https://allianceforcoffeeexcellence.org/brazil-pulped-naturals-2013/
bc80a53b61b50b1c,Brazil,2013,COE,12,bc80a53b61b50b1c|COE|NA|12,TRUE,5.1,NA,33058.2,NA,NA,https://allianceforcoffeeexcellence.org/brazil-pulped-naturals-2013/
bc80a53b61b50b1c,Brazil,2013,COE,13,bc80a53b61b50b1c|COE|NA|13,TRUE,7.01,NA,14833.16,NA,NA,https://allianceforcoffeeexcellence.org/brazil-pulped-naturals-2013/
bc80a53b61b50b1c,Brazil,2013,COE,14A,bc80a53b61b50b1c|COE|NA|14A,TRUE,6.6,NA,13965.6,NA,NA,https://allianceforcoffeeexcellence.org/brazil-pulped-naturals-2013/
bc80a53b61b50b1c,Brazil,2013,COE,14B,bc80a53b61b50b1c|COE|NA|14B,TRUE,7.5,NA,12900,NA,NA,https://allianceforcoffeeexcellence.org/brazil-pulped-naturals-2013/
bc80a53b61b50b1c,Brazil,2013,COE,15,bc80a53b61b50b1c|COE|NA|15,TRUE,4.8,NA,14601.6,NA,NA,https://allianceforcoffeeexcellence.org/brazil-pulped-naturals-2013/
bc80a53b61b50b1c,Brazil,2013,COE,16A,bc80a53b61b50b1c|COE|NA|16A,TRUE,7.1,NA,12212,NA,NA,https://allianceforcoffeeexcellence.org/brazil-pulped-naturals-2013/
bc80a53b61b50b1c,Brazil,2013,COE,16B,bc80a53b61b50b1c|COE|NA|16B,TRUE,4.8,NA,17779.2,NA,NA,https://allianceforcoffeeexcellence.org/brazil-pulped-naturals-2013/
bc80a53b61b50b1c,Brazil,2013,COE,17,bc80a53b61b50b1c|COE|NA|17,TRUE,5.6,NA,17035.2,NA,NA,https://allianceforcoffeeexcellence.org/brazil-pulped-naturals-2013/
bc80a53b61b50b1c,Brazil,2013,COE,18,bc80a53b61b50b1c|COE|NA|18,TRUE,8,NA,16928,NA,NA,https://allianceforcoffeeexcellence.org/brazil-pulped-naturals-2013/
bc80a53b61b50b1c,Brazil,2013,COE,19,bc80a53b61b50b1c|COE|NA|19,TRUE,6.75,NA,12501,NA,NA,https://allianceforcoffeeexcellence.org/brazil-pulped-naturals-2013/
bc80a53b61b50b1c,Brazil,2013,COE,20A,bc80a53b61b50b1c|COE|NA|20A,TRUE,4.7,NA,14297.4,NA,NA,https://allianceforcoffeeexcellence.org/brazil-pulped-naturals-2013/
bc80a53b61b50b1c,Brazil,2013,COE,20B,bc80a53b61b50b1c|COE|NA|20B,TRUE,5.8,NA,8439,NA,NA,https://allianceforcoffeeexcellence.org/brazil-pulped-naturals-2013/
bc80a53b61b50b1c,Brazil,2013,COE,21,bc80a53b61b50b1c|COE|NA|21,TRUE,5.6,NA,11110.4,NA,NA,https://allianceforcoffeeexcellence.org/brazil-pulped-naturals-2013/
bc80a53b61b50b1c,Brazil,2013,COE,22A,bc80a53b61b50b1c|COE|NA|22A,TRUE,5.1,NA,8093.7,NA,NA,https://allianceforcoffeeexcellence.org/brazil-pulped-naturals-2013/
bc80a53b61b50b1c,Brazil,2013,COE,22B,bc80a53b61b50b1c|COE|NA|22B,TRUE,4.9,NA,14259,NA,NA,https://allianceforcoffeeexcellence.org/brazil-pulped-naturals-2013/
bc80a53b61b50b1c,Brazil,2013,COE,23,bc80a53b61b50b1c|COE|NA|23,TRUE,4.4,NA,12223.2,NA,NA,https://allianceforcoffeeexcellence.org/brazil-pulped-naturals-2013/
bc80a53b61b50b1c,Brazil,2013,COE,24,bc80a53b61b50b1c|COE|NA|24,TRUE,6.2,NA,10664,NA,NA,https://allianceforcoffeeexcellence.org/brazil-pulped-naturals-2013/
bc80a53b61b50b1c,Brazil,2013,COE,25,bc80a53b61b50b1c|COE|NA|25,TRUE,5.6,NA,10371.2,NA,NA,https://allianceforcoffeeexcellence.org/brazil-pulped-naturals-2013/
bc80a53b61b50b1c,Brazil,2013,COE,26,bc80a53b61b50b1c|COE|NA|26,TRUE,5.8,NA,7673.4,NA,NA,https://allianceforcoffeeexcellence.org/brazil-pulped-naturals-2013/
bc80a53b61b50b1c,Brazil,2013,COE,27,bc80a53b61b50b1c|COE|NA|27,TRUE,4.9,NA,18796.4,NA,NA,https://allianceforcoffeeexcellence.org/brazil-pulped-naturals-2013/
8783a594e2c5082b,Brazil,2014,COE,1,8783a594e2c5082b|COE|NA|1,TRUE,15.6,NA,28891.2,NA,NA,https://allianceforcoffeeexcellence.org/brazil-naturals-2014/
8783a594e2c5082b,Brazil,2014,COE,2,8783a594e2c5082b|COE|NA|2,TRUE,8.5,NA,20238.5,NA,NA,https://allianceforcoffeeexcellence.org/brazil-naturals-2014/
8783a594e2c5082b,Brazil,2014,COE,3,8783a594e2c5082b|COE|NA|3,TRUE,8.4,NA,14448,NA,NA,https://allianceforcoffeeexcellence.org/brazil-naturals-2014/
8783a594e2c5082b,Brazil,2014,COE,4,8783a594e2c5082b|COE|NA|4,TRUE,8.3,NA,16467.2,NA,NA,https://allianceforcoffeeexcellence.org/brazil-naturals-2014/
8783a594e2c5082b,Brazil,2014,COE,5,8783a594e2c5082b|COE|NA|5,TRUE,8.2,NA,17351.2,NA,NA,https://allianceforcoffeeexcellence.org/brazil-naturals-2014/
8783a594e2c5082b,Brazil,2014,COE,6,8783a594e2c5082b|COE|NA|6,TRUE,8.1,NA,15001.2,NA,NA,https://allianceforcoffeeexcellence.org/brazil-naturals-2014/
8783a594e2c5082b,Brazil,2014,COE,7,8783a594e2c5082b|COE|NA|7,TRUE,7.7,NA,11203.5,NA,NA,https://allianceforcoffeeexcellence.org/brazil-naturals-2014/
8783a594e2c5082b,Brazil,2014,COE,8,8783a594e2c5082b|COE|NA|8,TRUE,7.1,NA,11267.7,NA,NA,https://allianceforcoffeeexcellence.org/brazil-naturals-2014/
8783a594e2c5082b,Brazil,2014,COE,9,8783a594e2c5082b|COE|NA|9,TRUE,7.1,NA,10330.5,NA,NA,https://allianceforcoffeeexcellence.org/brazil-naturals-2014/
8783a594e2c5082b,Brazil,2014,COE,10,8783a594e2c5082b|COE|NA|10,TRUE,7.4,NA,11743.8,NA,NA,https://allianceforcoffeeexcellence.org/brazil-naturals-2014/
8783a594e2c5082b,Brazil,2014,COE,11,8783a594e2c5082b|COE|NA|11,TRUE,6.3,NA,11667.6,NA,NA,https://allianceforcoffeeexcellence.org/brazil-naturals-2014/
8783a594e2c5082b,Brazil,2014,COE,12,8783a594e2c5082b|COE|NA|12,TRUE,6.3,NA,10836,NA,NA,https://allianceforcoffeeexcellence.org/brazil-naturals-2014/
8783a594e2c5082b,Brazil,2014,COE,13,8783a594e2c5082b|COE|NA|13,TRUE,9.8,NA,14259,NA,NA,https://allianceforcoffeeexcellence.org/brazil-naturals-2014/
8783a594e2c5082b,Brazil,2014,COE,14A,8783a594e2c5082b|COE|NA|14A,TRUE,6.1,NA,8875.5,NA,NA,https://allianceforcoffeeexcellence.org/brazil-naturals-2014/
8783a594e2c5082b,Brazil,2014,COE,14B,8783a594e2c5082b|COE|NA|14B,TRUE,5.2,NA,10316.8,NA,NA,https://allianceforcoffeeexcellence.org/brazil-naturals-2014/
8783a594e2c5082b,Brazil,2014,COE,15,8783a594e2c5082b|COE|NA|15,TRUE,6,NA,8730,NA,NA,https://allianceforcoffeeexcellence.org/brazil-naturals-2014/
8783a594e2c5082b,Brazil,2014,COE,16,8783a594e2c5082b|COE|NA|16,TRUE,4.8,NA,12062.4,NA,NA,https://allianceforcoffeeexcellence.org/brazil-naturals-2014/
8783a594e2c5082b,Brazil,2014,COE,17A,8783a594e2c5082b|COE|NA|17A,TRUE,5.3,NA,9116,NA,NA,https://allianceforcoffeeexcellence.org/brazil-naturals-2014/
8783a594e2c5082b,Brazil,2014,COE,17B,8783a594e2c5082b|COE|NA|17B,TRUE,4.6,NA,6693,NA,NA,https://allianceforcoffeeexcellence.org/brazil-naturals-2014/
8783a594e2c5082b,Brazil,2014,COE,18,8783a594e2c5082b|COE|NA|18,TRUE,5,NA,11905,NA,NA,https://allianceforcoffeeexcellence.org/brazil-naturals-2014/
8783a594e2c5082b,Brazil,2014,COE,19,8783a594e2c5082b|COE|NA|19,TRUE,4.6,NA,15212.2,NA,NA,https://allianceforcoffeeexcellence.org/brazil-naturals-2014/
8783a594e2c5082b,Brazil,2014,COE,20,8783a594e2c5082b|COE|NA|20,TRUE,4.8,NA,13968,NA,NA,https://allianceforcoffeeexcellence.org/brazil-naturals-2014/
8783a594e2c5082b,Brazil,2014,COE,21,8783a594e2c5082b|COE|NA|21,TRUE,4.6,NA,11559.8,NA,NA,https://allianceforcoffeeexcellence.org/brazil-naturals-2014/
208d8a119b3fcd68,Brazil,2014,COE,1,208d8a119b3fcd68|COE|NA|1,TRUE,50.2,NA,106223.2,NA,NA,https://allianceforcoffeeexcellence.org/brazil-pulped-naturals-2014/
208d8a119b3fcd68,Brazil,2014,COE,2,208d8a119b3fcd68|COE|NA|2,TRUE,29.2,NA,61787.2,NA,NA,https://allianceforcoffeeexcellence.org/brazil-pulped-naturals-2014/
208d8a119b3fcd68,Brazil,2014,COE,3,208d8a119b3fcd68|COE|NA|3,TRUE,15.65,NA,37247,NA,NA,https://allianceforcoffeeexcellence.org/brazil-pulped-naturals-2014/
208d8a119b3fcd68,Brazil,2014,COE,4,208d8a119b3fcd68|COE|NA|4,TRUE,10.9,NA,27391.7,NA,NA,https://allianceforcoffeeexcellence.org/brazil-pulped-naturals-2014/
208d8a119b3fcd68,Brazil,2014,COE,5,208d8a119b3fcd68|COE|NA|5,TRUE,9.6,NA,22214.4,NA,NA,https://allianceforcoffeeexcellence.org/brazil-pulped-naturals-2014/
208d8a119b3fcd68,Brazil,2014,COE,6,208d8a119b3fcd68|COE|NA|6,TRUE,8.25,NA,12003.75,NA,NA,https://allianceforcoffeeexcellence.org/brazil-pulped-naturals-2014/
208d8a119b3fcd68,Brazil,2014,COE,7,208d8a119b3fcd68|COE|NA|7,TRUE,8.05,NA,18627.7,NA,NA,https://allianceforcoffeeexcellence.org/brazil-pulped-naturals-2014/
208d8a119b3fcd68,Brazil,2014,COE,8,208d8a119b3fcd68|COE|NA|8,TRUE,8.25,NA,16368,NA,NA,https://allianceforcoffeeexcellence.org/brazil-pulped-naturals-2014/
208d8a119b3fcd68,Brazil,2014,COE,9,208d8a119b3fcd68|COE|NA|9,TRUE,8.9,NA,12949.5,NA,NA,https://allianceforcoffeeexcellence.org/brazil-pulped-naturals-2014/
208d8a119b3fcd68,Brazil,2014,COE,10,208d8a119b3fcd68|COE|NA|10,TRUE,7.8,NA,17534.4,NA,NA,https://allianceforcoffeeexcellence.org/brazil-pulped-naturals-2014/
208d8a119b3fcd68,Brazil,2014,COE,11,208d8a119b3fcd68|COE|NA|11,TRUE,7.61,NA,18111.8,NA,NA,https://allianceforcoffeeexcellence.org/brazil-pulped-naturals-2014/
208d8a119b3fcd68,Brazil,2014,COE,12,208d8a119b3fcd68|COE|NA|12,TRUE,7.76,NA,21037.36,NA,NA,https://allianceforcoffeeexcellence.org/brazil-pulped-naturals-2014/
208d8a119b3fcd68,Brazil,2014,COE,13,208d8a119b3fcd68|COE|NA|13,TRUE,7.8,NA,11349,NA,NA,https://allianceforcoffeeexcellence.org/brazil-pulped-naturals-2014/
208d8a119b3fcd68,Brazil,2014,COE,14,208d8a119b3fcd68|COE|NA|14,TRUE,7.7,NA,13236.3,NA,NA,https://allianceforcoffeeexcellence.org/brazil-pulped-naturals-2014/
208d8a119b3fcd68,Brazil,2014,COE,15,208d8a119b3fcd68|COE|NA|15,TRUE,7.3,NA,18344.9,NA,NA,https://allianceforcoffeeexcellence.org/brazil-pulped-naturals-2014/
208d8a119b3fcd68,Brazil,2014,COE,16,208d8a119b3fcd68|COE|NA|16,TRUE,8.05,NA,11712.75,NA,NA,https://allianceforcoffeeexcellence.org/brazil-pulped-naturals-2014/
208d8a119b3fcd68,Brazil,2014,COE,17,208d8a119b3fcd68|COE|NA|17,TRUE,7.7,NA,15276.8,NA,NA,https://allianceforcoffeeexcellence.org/brazil-pulped-naturals-2014/
208d8a119b3fcd68,Brazil,2014,COE,18,208d8a119b3fcd68|COE|NA|18,TRUE,7.51,NA,19863.95,NA,NA,https://allianceforcoffeeexcellence.org/brazil-pulped-naturals-2014/
208d8a119b3fcd68,Brazil,2014,COE,19,208d8a119b3fcd68|COE|NA|19,TRUE,7.9,NA,20895.5,NA,NA,https://allianceforcoffeeexcellence.org/brazil-pulped-naturals-2014/
208d8a119b3fcd68,Brazil,2014,COE,20,208d8a119b3fcd68|COE|NA|20,TRUE,7.6,NA,11058,NA,NA,https://allianceforcoffeeexcellence.org/brazil-pulped-naturals-2014/
208d8a119b3fcd68,Brazil,2014,COE,21,208d8a119b3fcd68|COE|NA|21,TRUE,8.1,NA,12320.1,NA,NA,https://allianceforcoffeeexcellence.org/brazil-pulped-naturals-2014/
101c33c318834c3a,Brazil,2015,COE,1,101c33c318834c3a|COE|NA|1,TRUE,23.8,NA,53526.2,NA,NA,https://allianceforcoffeeexcellence.org/brazil-naturals-2015-january/
101c33c318834c3a,Brazil,2015,COE,2,101c33c318834c3a|COE|NA|2,TRUE,23.6,NA,29665.2,NA,NA,https://allianceforcoffeeexcellence.org/brazil-naturals-2015-january/
101c33c318834c3a,Brazil,2015,COE,3,101c33c318834c3a|COE|NA|3,TRUE,9.8,NA,18796.4,NA,NA,https://allianceforcoffeeexcellence.org/brazil-naturals-2015-january/
101c33c318834c3a,Brazil,2015,COE,4,101c33c318834c3a|COE|NA|4,TRUE,10.25,NA,17630,NA,NA,https://allianceforcoffeeexcellence.org/brazil-naturals-2015-january/
101c33c318834c3a,Brazil,2015,COE,5,101c33c318834c3a|COE|NA|5,TRUE,9.1,NA,15042.3,NA,NA,https://allianceforcoffeeexcellence.org/brazil-naturals-2015-january/
101c33c318834c3a,Brazil,2015,COE,6A,101c33c318834c3a|COE|NA|6A,TRUE,5.3,NA,22434.9,NA,NA,https://allianceforcoffeeexcellence.org/brazil-naturals-2015-january/
101c33c318834c3a,Brazil,2015,COE,6B,101c33c318834c3a|COE|NA|6B,TRUE,8.4,NA,11667.6,NA,NA,https://allianceforcoffeeexcellence.org/brazil-naturals-2015-january/
101c33c318834c3a,Brazil,2015,COE,8,101c33c318834c3a|COE|NA|8,TRUE,5.7,NA,18473.7,NA,NA,https://allianceforcoffeeexcellence.org/brazil-naturals-2015-january/
101c33c318834c3a,Brazil,2015,COE,9,101c33c318834c3a|COE|NA|9,TRUE,4.7,NA,24867.7,NA,NA,https://allianceforcoffeeexcellence.org/brazil-naturals-2015-january/
101c33c318834c3a,Brazil,2015,COE,10,101c33c318834c3a|COE|NA|10,TRUE,8.4,NA,13885.2,NA,NA,https://allianceforcoffeeexcellence.org/brazil-naturals-2015-january/
101c33c318834c3a,Brazil,2015,COE,11,101c33c318834c3a|COE|NA|11,TRUE,8.4,NA,13330.8,NA,NA,https://allianceforcoffeeexcellence.org/brazil-naturals-2015-january/
101c33c318834c3a,Brazil,2015,COE,12,101c33c318834c3a|COE|NA|12,TRUE,8.06,NA,11727.3,NA,NA,https://allianceforcoffeeexcellence.org/brazil-naturals-2015-january/
101c33c318834c3a,Brazil,2015,COE,13,101c33c318834c3a|COE|NA|13,TRUE,4.5,NA,29763,NA,NA,https://allianceforcoffeeexcellence.org/brazil-naturals-2015-january/
101c33c318834c3a,Brazil,2015,COE,14,101c33c318834c3a|COE|NA|14,TRUE,7.3,NA,14965,NA,NA,https://allianceforcoffeeexcellence.org/brazil-naturals-2015-january/
101c33c318834c3a,Brazil,2015,COE,15,101c33c318834c3a|COE|NA|15,TRUE,8.3,NA,10433.1,NA,NA,https://allianceforcoffeeexcellence.org/brazil-naturals-2015-january/
101c33c318834c3a,Brazil,2015,COE,16,101c33c318834c3a|COE|NA|16,TRUE,7.9,NA,12015.9,NA,NA,https://allianceforcoffeeexcellence.org/brazil-naturals-2015-january/
101c33c318834c3a,Brazil,2015,COE,17,101c33c318834c3a|COE|NA|17,TRUE,6.6,NA,17899.2,NA,NA,https://allianceforcoffeeexcellence.org/brazil-naturals-2015-january/
101c33c318834c3a,Brazil,2015,COE,18,101c33c318834c3a|COE|NA|18,TRUE,4.6,NA,20994.4,NA,NA,https://allianceforcoffeeexcellence.org/brazil-naturals-2015-january/
101c33c318834c3a,Brazil,2015,COE,19,101c33c318834c3a|COE|NA|19,TRUE,8,NA,12168,NA,NA,https://allianceforcoffeeexcellence.org/brazil-naturals-2015-january/
101c33c318834c3a,Brazil,2015,COE,20,101c33c318834c3a|COE|NA|20,TRUE,7.5,NA,11407.5,NA,NA,https://allianceforcoffeeexcellence.org/brazil-naturals-2015-january/
101c33c318834c3a,Brazil,2015,COE,21A,101c33c318834c3a|COE|NA|21A,TRUE,6.5,NA,14189.5,NA,NA,https://allianceforcoffeeexcellence.org/brazil-naturals-2015-january/
101c33c318834c3a,Brazil,2015,COE,21B,101c33c318834c3a|COE|NA|21B,TRUE,5.7,NA,8669.7,NA,NA,https://allianceforcoffeeexcellence.org/brazil-naturals-2015-january/
101c33c318834c3a,Brazil,2015,COE,23,101c33c318834c3a|COE|NA|23,TRUE,5.4,NA,10357.2,NA,NA,https://allianceforcoffeeexcellence.org/brazil-naturals-2015-january/
e27e0f7c702fa71e,Brazil,2015,COE,1,e27e0f7c702fa71e|COE|NA|1,TRUE,8.1,NA,18751.5,NA,NA,https://allianceforcoffeeexcellence.org/brazil-naturals-2015/
e27e0f7c702fa71e,Brazil,2015,COE,2,e27e0f7c702fa71e|COE|NA|2,TRUE,4.4,NA,6402.22,NA,NA,https://allianceforcoffeeexcellence.org/brazil-naturals-2015/
e27e0f7c702fa71e,Brazil,2015,COE,3,e27e0f7c702fa71e|COE|NA|3,TRUE,4.4,NA,11931.42,NA,NA,https://allianceforcoffeeexcellence.org/brazil-naturals-2015/
e27e0f7c702fa71e,Brazil,2015,COE,4,e27e0f7c702fa71e|COE|NA|4,TRUE,5.1,NA,9107.3,NA,NA,https://allianceforcoffeeexcellence.org/brazil-naturals-2015/
e27e0f7c702fa71e,Brazil,2015,COE,5,e27e0f7c702fa71e|COE|NA|5,TRUE,4,NA,23545.37,NA,NA,https://allianceforcoffeeexcellence.org/brazil-naturals-2015/
e27e0f7c702fa71e,Brazil,2015,COE,6,e27e0f7c702fa71e|COE|NA|6,TRUE,4,NA,7672.09,NA,NA,https://allianceforcoffeeexcellence.org/brazil-naturals-2015/
e27e0f7c702fa71e,Brazil,2015,COE,7,e27e0f7c702fa71e|COE|NA|7,TRUE,4,NA,13227.74,NA,NA,https://allianceforcoffeeexcellence.org/brazil-naturals-2015/
e27e0f7c702fa71e,Brazil,2015,COE,8,e27e0f7c702fa71e|COE|NA|8,TRUE,4,NA,7142.98,NA,NA,https://allianceforcoffeeexcellence.org/brazil-naturals-2015/
e27e0f7c702fa71e,Brazil,2015,COE,9,e27e0f7c702fa71e|COE|NA|9,TRUE,4.2,NA,12500.21,NA,NA,https://allianceforcoffeeexcellence.org/brazil-naturals-2015/
e27e0f7c702fa71e,Brazil,2015,COE,10,e27e0f7c702fa71e|COE|NA|10,TRUE,4,NA,4497.43,NA,NA,https://allianceforcoffeeexcellence.org/brazil-naturals-2015/
e27e0f7c702fa71e,Brazil,2015,COE,11,e27e0f7c702fa71e|COE|NA|11,TRUE,8.5,NA,11805.75,NA,NA,https://allianceforcoffeeexcellence.org/brazil-naturals-2015/
e27e0f7c702fa71e,Brazil,2015,COE,12,e27e0f7c702fa71e|COE|NA|12,TRUE,4.1,NA,5694.54,NA,NA,https://allianceforcoffeeexcellence.org/brazil-naturals-2015/
e27e0f7c702fa71e,Brazil,2015,COE,13,e27e0f7c702fa71e|COE|NA|13,TRUE,5.7,NA,9047.77,NA,NA,https://allianceforcoffeeexcellence.org/brazil-naturals-2015/
e27e0f7c702fa71e,Brazil,2015,COE,14,e27e0f7c702fa71e|COE|NA|14,TRUE,4,NA,6084.76,NA,NA,https://allianceforcoffeeexcellence.org/brazil-naturals-2015/
e27e0f7c702fa71e,Brazil,2015,COE,15,e27e0f7c702fa71e|COE|NA|15,TRUE,4,NA,6084.76,NA,NA,https://allianceforcoffeeexcellence.org/brazil-naturals-2015/
e27e0f7c702fa71e,Brazil,2015,COE,16,e27e0f7c702fa71e|COE|NA|16,TRUE,4,NA,8201.2,NA,NA,https://allianceforcoffeeexcellence.org/brazil-naturals-2015/
e27e0f7c702fa71e,Brazil,2015,COE,17,e27e0f7c702fa71e|COE|NA|17,TRUE,4.1,NA,6236.88,NA,NA,https://allianceforcoffeeexcellence.org/brazil-naturals-2015/
e27e0f7c702fa71e,Brazil,2015,COE,18,e27e0f7c702fa71e|COE|NA|18,TRUE,4,NA,6084.76,NA,NA,https://allianceforcoffeeexcellence.org/brazil-naturals-2015/
e27e0f7c702fa71e,Brazil,2015,COE,19,e27e0f7c702fa71e|COE|NA|19,TRUE,4,NA,6084.76,NA,NA,https://allianceforcoffeeexcellence.org/brazil-naturals-2015/
e27e0f7c702fa71e,Brazil,2015,COE,20A,e27e0f7c702fa71e|COE|NA|20A,TRUE,4.1,NA,11931.42,NA,NA,https://allianceforcoffeeexcellence.org/brazil-naturals-2015/
e27e0f7c702fa71e,Brazil,2015,COE,20B,e27e0f7c702fa71e|COE|NA|20B,TRUE,4,NA,7936.64,NA,NA,https://allianceforcoffeeexcellence.org/brazil-naturals-2015/
e27e0f7c702fa71e,Brazil,2015,COE,22,e27e0f7c702fa71e|COE|NA|22,TRUE,4,NA,26190.92,NA,NA,https://allianceforcoffeeexcellence.org/brazil-naturals-2015/
e27e0f7c702fa71e,Brazil,2015,COE,23A,e27e0f7c702fa71e|COE|NA|23A,TRUE,4,NA,5820.2,NA,NA,https://allianceforcoffeeexcellence.org/brazil-naturals-2015/
e27e0f7c702fa71e,Brazil,2015,COE,23B,e27e0f7c702fa71e|COE|NA|23B,TRUE,4,NA,9259.42,NA,NA,https://allianceforcoffeeexcellence.org/brazil-naturals-2015/
e27e0f7c702fa71e,Brazil,2015,COE,25,e27e0f7c702fa71e|COE|NA|25,TRUE,5.1,NA,9107.3,NA,NA,https://allianceforcoffeeexcellence.org/brazil-naturals-2015/
e27e0f7c702fa71e,Brazil,2015,COE,26,e27e0f7c702fa71e|COE|NA|26,TRUE,4,NA,8201.2,NA,NA,https://allianceforcoffeeexcellence.org/brazil-naturals-2015/
e27e0f7c702fa71e,Brazil,2015,COE,27,e27e0f7c702fa71e|COE|NA|27,TRUE,4,NA,11375.85,NA,NA,https://allianceforcoffeeexcellence.org/brazil-naturals-2015/
e27e0f7c702fa71e,Brazil,2015,COE,28,e27e0f7c702fa71e|COE|NA|28,TRUE,4,NA,9259.42,NA,NA,https://allianceforcoffeeexcellence.org/brazil-naturals-2015/
e27e0f7c702fa71e,Brazil,2015,COE,29,e27e0f7c702fa71e|COE|NA|29,TRUE,4,NA,15079.62,NA,NA,https://allianceforcoffeeexcellence.org/brazil-naturals-2015/
e27e0f7c702fa71e,Brazil,2015,COE,30,e27e0f7c702fa71e|COE|NA|30,TRUE,4.2,NA,6388.2,NA,NA,https://allianceforcoffeeexcellence.org/brazil-naturals-2015/
e27e0f7c702fa71e,Brazil,2015,COE,31A,e27e0f7c702fa71e|COE|NA|31A,TRUE,4,NA,26190.92,NA,NA,https://allianceforcoffeeexcellence.org/brazil-naturals-2015/
e27e0f7c702fa71e,Brazil,2015,COE,31B,e27e0f7c702fa71e|COE|NA|31B,TRUE,4,NA,5820.2,NA,NA,https://allianceforcoffeeexcellence.org/brazil-naturals-2015/
b2252d20dd28d7dd,Brazil,2015,COE,1,b2252d20dd28d7dd|COE|NA|1,TRUE,18.9,NA,45000.9,NA,NA,https://allianceforcoffeeexcellence.org/brazil-pulped-naturals-2015/
b2252d20dd28d7dd,Brazil,2015,COE,2,b2252d20dd28d7dd|COE|NA|2,TRUE,13.3,NA,31667.3,NA,NA,https://allianceforcoffeeexcellence.org/brazil-pulped-naturals-2015/
b2252d20dd28d7dd,Brazil,2015,COE,3,b2252d20dd28d7dd|COE|NA|3,TRUE,18,NA,30960,NA,NA,https://allianceforcoffeeexcellence.org/brazil-pulped-naturals-2015/
b2252d20dd28d7dd,Brazil,2015,COE,4,b2252d20dd28d7dd|COE|NA|4,TRUE,9,NA,12501,NA,NA,https://allianceforcoffeeexcellence.org/brazil-pulped-naturals-2015/
b2252d20dd28d7dd,Brazil,2015,COE,5,b2252d20dd28d7dd|COE|NA|5,TRUE,8.01,NA,12183.21,NA,NA,https://allianceforcoffeeexcellence.org/brazil-pulped-naturals-2015/
b2252d20dd28d7dd,Brazil,2015,COE,6,b2252d20dd28d7dd|COE|NA|6,TRUE,10.3,NA,19755.4,NA,NA,https://allianceforcoffeeexcellence.org/brazil-pulped-naturals-2015/
b2252d20dd28d7dd,Brazil,2015,COE,7,b2252d20dd28d7dd|COE|NA|7,TRUE,7.3,NA,12066.9,NA,NA,https://allianceforcoffeeexcellence.org/brazil-pulped-naturals-2015/
b2252d20dd28d7dd,Brazil,2015,COE,8,b2252d20dd28d7dd|COE|NA|8,TRUE,6.7,NA,15068.3,NA,NA,https://allianceforcoffeeexcellence.org/brazil-pulped-naturals-2015/
b2252d20dd28d7dd,Brazil,2015,COE,9,b2252d20dd28d7dd|COE|NA|9,TRUE,6.6,NA,18770.4,NA,NA,https://allianceforcoffeeexcellence.org/brazil-pulped-naturals-2015/
b2252d20dd28d7dd,Brazil,2015,COE,10,b2252d20dd28d7dd|COE|NA|10,TRUE,6.8,NA,23834,NA,NA,https://allianceforcoffeeexcellence.org/brazil-pulped-naturals-2015/
b2252d20dd28d7dd,Brazil,2015,COE,11,b2252d20dd28d7dd|COE|NA|11,TRUE,9.7,NA,14113.5,NA,NA,https://allianceforcoffeeexcellence.org/brazil-pulped-naturals-2015/
b2252d20dd28d7dd,Brazil,2015,COE,12,b2252d20dd28d7dd|COE|NA|12,TRUE,6.7,NA,15510.5,NA,NA,https://allianceforcoffeeexcellence.org/brazil-pulped-naturals-2015/
b2252d20dd28d7dd,Brazil,2015,COE,13,b2252d20dd28d7dd|COE|NA|13,TRUE,6.5,NA,18486,NA,NA,https://allianceforcoffeeexcellence.org/brazil-pulped-naturals-2015/
b2252d20dd28d7dd,Brazil,2015,COE,14,b2252d20dd28d7dd|COE|NA|14,TRUE,6.1,NA,8875.5,NA,NA,https://allianceforcoffeeexcellence.org/brazil-pulped-naturals-2015/
b2252d20dd28d7dd,Brazil,2015,COE,15,b2252d20dd28d7dd|COE|NA|15,TRUE,6.5,NA,16334.5,NA,NA,https://allianceforcoffeeexcellence.org/brazil-pulped-naturals-2015/
b2252d20dd28d7dd,Brazil,2015,COE,16,b2252d20dd28d7dd|COE|NA|16,TRUE,6.2,NA,9021,NA,NA,https://allianceforcoffeeexcellence.org/brazil-pulped-naturals-2015/
b2252d20dd28d7dd,Brazil,2015,COE,17A,b2252d20dd28d7dd|COE|NA|17A,TRUE,5.9,NA,8584.5,NA,NA,https://allianceforcoffeeexcellence.org/brazil-pulped-naturals-2015/
b2252d20dd28d7dd,Brazil,2015,COE,17B,b2252d20dd28d7dd|COE|NA|17B,TRUE,6,NA,9126,NA,NA,https://allianceforcoffeeexcellence.org/brazil-pulped-naturals-2015/
b2252d20dd28d7dd,Brazil,2015,COE,19,b2252d20dd28d7dd|COE|NA|19,TRUE,5.9,NA,8973.9,NA,NA,https://allianceforcoffeeexcellence.org/brazil-pulped-naturals-2015/
b2252d20dd28d7dd,Brazil,2015,COE,20,b2252d20dd28d7dd|COE|NA|20,TRUE,6.2,NA,8611.8,NA,NA,https://allianceforcoffeeexcellence.org/brazil-pulped-naturals-2015/
b2252d20dd28d7dd,Brazil,2015,COE,21,b2252d20dd28d7dd|COE|NA|21,TRUE,6.06,NA,9217.26,NA,NA,https://allianceforcoffeeexcellence.org/brazil-pulped-naturals-2015/
b2252d20dd28d7dd,Brazil,2015,COE,22,b2252d20dd28d7dd|COE|NA|22,TRUE,5.9,NA,14826.7,NA,NA,https://allianceforcoffeeexcellence.org/brazil-pulped-naturals-2015/
f57a799e620edb5c,Brazil,2016,COE,1A,f57a799e620edb5c|COE|NA|1A,TRUE,40.6,NA,27039.6,NA,NA,https://allianceforcoffeeexcellence.org/brazil-naturals-2016/
f57a799e620edb5c,Brazil,2016,COE,1B,f57a799e620edb5c|COE|NA|1B,TRUE,36.8,NA,21748.8,NA,NA,https://allianceforcoffeeexcellence.org/brazil-naturals-2016/
f57a799e620edb5c,Brazil,2016,COE,2A,f57a799e620edb5c|COE|NA|2A,TRUE,40.2,NA,15959.4,NA,NA,https://allianceforcoffeeexcellence.org/brazil-naturals-2016/
f57a799e620edb5c,Brazil,2016,COE,2B,f57a799e620edb5c|COE|NA|2B,TRUE,40.1,NA,15919.7,NA,NA,https://allianceforcoffeeexcellence.org/brazil-naturals-2016/
f57a799e620edb5c,Brazil,2016,COE,3A,f57a799e620edb5c|COE|NA|3A,TRUE,22,NA,15884,NA,NA,https://allianceforcoffeeexcellence.org/brazil-naturals-2016/
f57a799e620edb5c,Brazil,2016,COE,3B,f57a799e620edb5c|COE|NA|3B,TRUE,22,NA,14674,NA,NA,https://allianceforcoffeeexcellence.org/brazil-naturals-2016/
f57a799e620edb5c,Brazil,2016,COE,4A,f57a799e620edb5c|COE|NA|4A,TRUE,10.4,NA,6926.4,NA,NA,https://allianceforcoffeeexcellence.org/brazil-naturals-2016/
f57a799e620edb5c,Brazil,2016,COE,4B,f57a799e620edb5c|COE|NA|4B,TRUE,10.3,NA,6087.3,NA,NA,https://allianceforcoffeeexcellence.org/brazil-naturals-2016/
f57a799e620edb5c,Brazil,2016,COE,5,f57a799e620edb5c|COE|NA|5,TRUE,9.2,NA,8519.2,NA,NA,https://allianceforcoffeeexcellence.org/brazil-naturals-2016/
f57a799e620edb5c,Brazil,2016,COE,6,f57a799e620edb5c|COE|NA|6,TRUE,13,NA,9464,NA,NA,https://allianceforcoffeeexcellence.org/brazil-naturals-2016/
f57a799e620edb5c,Brazil,2016,COE,7,f57a799e620edb5c|COE|NA|7,TRUE,11,NA,8008,NA,NA,https://allianceforcoffeeexcellence.org/brazil-naturals-2016/
f57a799e620edb5c,Brazil,2016,COE,8,f57a799e620edb5c|COE|NA|8,TRUE,19.3,NA,28081.5,NA,NA,https://allianceforcoffeeexcellence.org/brazil-naturals-2016/
f57a799e620edb5c,Brazil,2016,COE,9,f57a799e620edb5c|COE|NA|9,TRUE,9.3,NA,8611.8,NA,NA,https://allianceforcoffeeexcellence.org/brazil-naturals-2016/
f57a799e620edb5c,Brazil,2016,COE,10,f57a799e620edb5c|COE|NA|10,TRUE,7.3,NA,14001.4,NA,NA,https://allianceforcoffeeexcellence.org/brazil-naturals-2016/
f57a799e620edb5c,Brazil,2016,COE,11,f57a799e620edb5c|COE|NA|11,TRUE,8,NA,15344,NA,NA,https://allianceforcoffeeexcellence.org/brazil-naturals-2016/
f57a799e620edb5c,Brazil,2016,COE,12,f57a799e620edb5c|COE|NA|12,TRUE,8,NA,8992,NA,NA,https://allianceforcoffeeexcellence.org/brazil-naturals-2016/
f57a799e620edb5c,Brazil,2016,COE,13,f57a799e620edb5c|COE|NA|13,TRUE,7.1,NA,5168.8,NA,NA,https://allianceforcoffeeexcellence.org/brazil-naturals-2016/
f57a799e620edb5c,Brazil,2016,COE,14,f57a799e620edb5c|COE|NA|14,TRUE,8.1,NA,15535.8,NA,NA,https://allianceforcoffeeexcellence.org/brazil-naturals-2016/
f57a799e620edb5c,Brazil,2016,COE,15,f57a799e620edb5c|COE|NA|15,TRUE,7.4,NA,5875.6,NA,NA,https://allianceforcoffeeexcellence.org/brazil-naturals-2016/
f57a799e620edb5c,Brazil,2016,COE,16,f57a799e620edb5c|COE|NA|16,TRUE,7,NA,13426,NA,NA,https://allianceforcoffeeexcellence.org/brazil-naturals-2016/
f57a799e620edb5c,Brazil,2016,COE,17,f57a799e620edb5c|COE|NA|17,TRUE,7,NA,9723,NA,NA,https://allianceforcoffeeexcellence.org/brazil-naturals-2016/
f57a799e620edb5c,Brazil,2016,COE,18,f57a799e620edb5c|COE|NA|18,TRUE,7,NA,9261,NA,NA,https://allianceforcoffeeexcellence.org/brazil-naturals-2016/
f57a799e620edb5c,Brazil,2016,COE,19,f57a799e620edb5c|COE|NA|19,TRUE,7.3,NA,5314.4,NA,NA,https://allianceforcoffeeexcellence.org/brazil-naturals-2016/
29ce078048b6ca5a,Brazil,2016,COE,1A,29ce078048b6ca5a|COE|NA|1A,TRUE,41.3,NA,24614.8,NA,NA,https://allianceforcoffeeexcellence.org/brazil-pulped-naturals-2016/
29ce078048b6ca5a,Brazil,2016,COE,1B,29ce078048b6ca5a|COE|NA|1B,TRUE,41.3,NA,21806.4,NA,NA,https://allianceforcoffeeexcellence.org/brazil-pulped-naturals-2016/
29ce078048b6ca5a,Brazil,2016,COE,2A,29ce078048b6ca5a|COE|NA|2A,TRUE,25.3,NA,10044.1,NA,NA,https://allianceforcoffeeexcellence.org/brazil-pulped-naturals-2016/
29ce078048b6ca5a,Brazil,2016,COE,2B,29ce078048b6ca5a|COE|NA|2B,TRUE,20.3,NA,6719.3,NA,NA,https://allianceforcoffeeexcellence.org/brazil-pulped-naturals-2016/
29ce078048b6ca5a,Brazil,2016,COE,3,29ce078048b6ca5a|COE|NA|3,TRUE,11,NA,20372,NA,NA,https://allianceforcoffeeexcellence.org/brazil-pulped-naturals-2016/
29ce078048b6ca5a,Brazil,2016,COE,6,29ce078048b6ca5a|COE|NA|6,TRUE,10,NA,7280,NA,NA,https://allianceforcoffeeexcellence.org/brazil-pulped-naturals-2016/
29ce078048b6ca5a,Brazil,2016,COE,7,29ce078048b6ca5a|COE|NA|7,TRUE,9.2,NA,6697.6,NA,NA,https://allianceforcoffeeexcellence.org/brazil-pulped-naturals-2016/
29ce078048b6ca5a,Brazil,2016,COE,8,29ce078048b6ca5a|COE|NA|8,TRUE,7.6,NA,14576.8,NA,NA,https://allianceforcoffeeexcellence.org/brazil-pulped-naturals-2016/
29ce078048b6ca5a,Brazil,2016,COE,9,29ce078048b6ca5a|COE|NA|9,TRUE,7.2,NA,6192,NA,NA,https://allianceforcoffeeexcellence.org/brazil-pulped-naturals-2016/
29ce078048b6ca5a,Brazil,2016,COE,10,29ce078048b6ca5a|COE|NA|10,TRUE,8.6,NA,6828.4,NA,NA,https://allianceforcoffeeexcellence.org/brazil-pulped-naturals-2016/
29ce078048b6ca5a,Brazil,2016,COE,11,29ce078048b6ca5a|COE|NA|11,TRUE,8.3,NA,6042.4,NA,NA,https://allianceforcoffeeexcellence.org/brazil-pulped-naturals-2016/
29ce078048b6ca5a,Brazil,2016,COE,12,29ce078048b6ca5a|COE|NA|12,TRUE,7,NA,13426,NA,NA,https://allianceforcoffeeexcellence.org/brazil-pulped-naturals-2016/
29ce078048b6ca5a,Brazil,2016,COE,13,29ce078048b6ca5a|COE|NA|13,TRUE,8.1,NA,5357.18,NA,NA,https://allianceforcoffeeexcellence.org/brazil-pulped-naturals-2016/
29ce078048b6ca5a,Brazil,2016,COE,14,29ce078048b6ca5a|COE|NA|14,TRUE,6.1,NA,6856.4,NA,NA,https://allianceforcoffeeexcellence.org/brazil-pulped-naturals-2016/
29ce078048b6ca5a,Brazil,2016,COE,15,29ce078048b6ca5a|COE|NA|15,TRUE,5.7,NA,5654.4,NA,NA,https://allianceforcoffeeexcellence.org/brazil-pulped-naturals-2016/
29ce078048b6ca5a,Brazil,2016,COE,16,29ce078048b6ca5a|COE|NA|16,TRUE,6.6,NA,12658.8,NA,NA,https://allianceforcoffeeexcellence.org/brazil-pulped-naturals-2016/
29ce078048b6ca5a,Brazil,2016,COE,17,29ce078048b6ca5a|COE|NA|17,TRUE,5.5,NA,10186,NA,NA,https://allianceforcoffeeexcellence.org/brazil-pulped-naturals-2016/
29ce078048b6ca5a,Brazil,2016,COE,18,29ce078048b6ca5a|COE|NA|18,TRUE,6.4,NA,12275.2,NA,NA,https://allianceforcoffeeexcellence.org/brazil-pulped-naturals-2016/
29ce078048b6ca5a,Brazil,2016,COE,19,29ce078048b6ca5a|COE|NA|19,TRUE,5.7,NA,3767.7,NA,NA,https://allianceforcoffeeexcellence.org/brazil-pulped-naturals-2016/
29ce078048b6ca5a,Brazil,2016,COE,20,29ce078048b6ca5a|COE|NA|20,TRUE,6.2,NA,11891.6,NA,NA,https://allianceforcoffeeexcellence.org/brazil-pulped-naturals-2016/
29ce078048b6ca5a,Brazil,2016,COE,21,29ce078048b6ca5a|COE|NA|21,TRUE,6,NA,3966,NA,NA,https://allianceforcoffeeexcellence.org/brazil-pulped-naturals-2016/
29ce078048b6ca5a,Brazil,2016,COE,22,29ce078048b6ca5a|COE|NA|22,TRUE,6.2,NA,11891.6,NA,NA,https://allianceforcoffeeexcellence.org/brazil-pulped-naturals-2016/
29ce078048b6ca5a,Brazil,2016,COE,23,29ce078048b6ca5a|COE|NA|23,TRUE,5.6,NA,10371.2,NA,NA,https://allianceforcoffeeexcellence.org/brazil-pulped-naturals-2016/
29ce078048b6ca5a,Brazil,2016,COE,24,29ce078048b6ca5a|COE|NA|24,TRUE,5.6,NA,10001.6,NA,NA,https://allianceforcoffeeexcellence.org/brazil-pulped-naturals-2016/
7ba223eeaf3a9cb7,Brazil,2017,COE,1A,7ba223eeaf3a9cb7|COE|NA|1A,TRUE,90.2,NA,35794.07,NA,NA,https://allianceforcoffeeexcellence.org/brazil-naturals-2017/
7ba223eeaf3a9cb7,Brazil,2017,COE,1B,7ba223eeaf3a9cb7|COE|NA|1B,TRUE,80.3,NA,31865.45,NA,NA,https://allianceforcoffeeexcellence.org/brazil-naturals-2017/
7ba223eeaf3a9cb7,Brazil,2017,COE,2A,7ba223eeaf3a9cb7|COE|NA|2A,TRUE,30.6,NA,14166.88,NA,NA,https://allianceforcoffeeexcellence.org/brazil-naturals-2017/
7ba223eeaf3a9cb7,Brazil,2017,COE,2B,7ba223eeaf3a9cb7|COE|NA|2B,TRUE,35.2,NA,16296.54,NA,NA,https://allianceforcoffeeexcellence.org/brazil-naturals-2017/
7ba223eeaf3a9cb7,Brazil,2017,COE,3A,7ba223eeaf3a9cb7|COE|NA|3A,TRUE,25.4,NA,10079.48,NA,NA,https://allianceforcoffeeexcellence.org/brazil-naturals-2017/
7ba223eeaf3a9cb7,Brazil,2017,COE,3B,7ba223eeaf3a9cb7|COE|NA|3B,TRUE,25.4,NA,10079.48,NA,NA,https://allianceforcoffeeexcellence.org/brazil-naturals-2017/
7ba223eeaf3a9cb7,Brazil,2017,COE,4A,7ba223eeaf3a9cb7|COE|NA|4A,TRUE,12.1,NA,11203.87,NA,NA,https://allianceforcoffeeexcellence.org/brazil-naturals-2017/
7ba223eeaf3a9cb7,Brazil,2017,COE,4B,7ba223eeaf3a9cb7|COE|NA|4B,TRUE,11.8,NA,10145.64,NA,NA,https://allianceforcoffeeexcellence.org/brazil-naturals-2017/
7ba223eeaf3a9cb7,Brazil,2017,COE,5A,7ba223eeaf3a9cb7|COE|NA|5A,TRUE,15.6,NA,15476.45,NA,NA,https://allianceforcoffeeexcellence.org/brazil-naturals-2017/
7ba223eeaf3a9cb7,Brazil,2017,COE,5B,7ba223eeaf3a9cb7|COE|NA|5B,TRUE,15.4,NA,15278.03,NA,NA,https://allianceforcoffeeexcellence.org/brazil-naturals-2017/
7ba223eeaf3a9cb7,Brazil,2017,COE,6,7ba223eeaf3a9cb7|COE|NA|6,TRUE,9.5,NA,7539.77,NA,NA,https://allianceforcoffeeexcellence.org/brazil-naturals-2017/
7ba223eeaf3a9cb7,Brazil,2017,COE,7,7ba223eeaf3a9cb7|COE|NA|7,TRUE,13,NA,9457.76,NA,NA,https://allianceforcoffeeexcellence.org/brazil-naturals-2017/
7ba223eeaf3a9cb7,Brazil,2017,COE,8,7ba223eeaf3a9cb7|COE|NA|8,TRUE,8.7,NA,6329.42,NA,NA,https://allianceforcoffeeexcellence.org/brazil-naturals-2017/
7ba223eeaf3a9cb7,Brazil,2017,COE,9,7ba223eeaf3a9cb7|COE|NA|9,TRUE,15.2,NA,11058.3,NA,NA,https://allianceforcoffeeexcellence.org/brazil-naturals-2017/
7ba223eeaf3a9cb7,Brazil,2017,COE,10,7ba223eeaf3a9cb7|COE|NA|10,TRUE,9.6,NA,6984.19,NA,NA,https://allianceforcoffeeexcellence.org/brazil-naturals-2017/
7ba223eeaf3a9cb7,Brazil,2017,COE,11,7ba223eeaf3a9cb7|COE|NA|11,TRUE,15.2,NA,11058.3,NA,NA,https://allianceforcoffeeexcellence.org/brazil-naturals-2017/
7ba223eeaf3a9cb7,Brazil,2017,COE,12,7ba223eeaf3a9cb7|COE|NA|12,TRUE,8.2,NA,10304.37,NA,NA,https://allianceforcoffeeexcellence.org/brazil-naturals-2017/
7ba223eeaf3a9cb7,Brazil,2017,COE,13,7ba223eeaf3a9cb7|COE|NA|13,TRUE,6.6,NA,4801.63,NA,NA,https://allianceforcoffeeexcellence.org/brazil-naturals-2017/
7ba223eeaf3a9cb7,Brazil,2017,COE,14,7ba223eeaf3a9cb7|COE|NA|14,TRUE,6.7,NA,10635.11,NA,NA,https://allianceforcoffeeexcellence.org/brazil-naturals-2017/
7ba223eeaf3a9cb7,Brazil,2017,COE,15,7ba223eeaf3a9cb7|COE|NA|15,TRUE,9.2,NA,6084.79,NA,NA,https://allianceforcoffeeexcellence.org/brazil-naturals-2017/
7ba223eeaf3a9cb7,Brazil,2017,COE,16,7ba223eeaf3a9cb7|COE|NA|16,TRUE,6.9,NA,13690.7,NA,NA,https://allianceforcoffeeexcellence.org/brazil-naturals-2017/
7ba223eeaf3a9cb7,Brazil,2017,COE,17,7ba223eeaf3a9cb7|COE|NA|17,TRUE,8.5,NA,6746.11,NA,NA,https://allianceforcoffeeexcellence.org/brazil-naturals-2017/
7ba223eeaf3a9cb7,Brazil,2017,COE,18,7ba223eeaf3a9cb7|COE|NA|18,TRUE,7.8,NA,6706.44,NA,NA,https://allianceforcoffeeexcellence.org/brazil-naturals-2017/
7ba223eeaf3a9cb7,Brazil,2017,COE,19,7ba223eeaf3a9cb7|COE|NA|19,TRUE,6.1,NA,11699.92,NA,NA,https://allianceforcoffeeexcellence.org/brazil-naturals-2017/
7ba223eeaf3a9cb7,Brazil,2017,COE,20,7ba223eeaf3a9cb7|COE|NA|20,TRUE,6.3,NA,5000.06,NA,NA,https://allianceforcoffeeexcellence.org/brazil-naturals-2017/
7ba223eeaf3a9cb7,Brazil,2017,COE,21,7ba223eeaf3a9cb7|COE|NA|21,TRUE,8.3,NA,6587.38,NA,NA,https://allianceforcoffeeexcellence.org/brazil-naturals-2017/
7ba223eeaf3a9cb7,Brazil,2017,COE,22,7ba223eeaf3a9cb7|COE|NA|22,TRUE,6.6,NA,4801.63,NA,NA,https://allianceforcoffeeexcellence.org/brazil-naturals-2017/
7ba223eeaf3a9cb7,Brazil,2017,COE,23,7ba223eeaf3a9cb7|COE|NA|23,TRUE,6.5,NA,12467.13,NA,NA,https://allianceforcoffeeexcellence.org/brazil-naturals-2017/
7ba223eeaf3a9cb7,Brazil,2017,COE,24,7ba223eeaf3a9cb7|COE|NA|24,TRUE,9.1,NA,8426.05,NA,NA,https://allianceforcoffeeexcellence.org/brazil-naturals-2017/
7ba223eeaf3a9cb7,Brazil,2017,COE,25,7ba223eeaf3a9cb7|COE|NA|25,TRUE,6.4,NA,5079.42,NA,NA,https://allianceforcoffeeexcellence.org/brazil-naturals-2017/
7ba223eeaf3a9cb7,Brazil,2017,COE,26,7ba223eeaf3a9cb7|COE|NA|26,TRUE,6.6,NA,5238.16,NA,NA,https://allianceforcoffeeexcellence.org/brazil-naturals-2017/
7ba223eeaf3a9cb7,Brazil,2017,COE,27,7ba223eeaf3a9cb7|COE|NA|27,TRUE,9.1,NA,6620.43,NA,NA,https://allianceforcoffeeexcellence.org/brazil-naturals-2017/
7ba223eeaf3a9cb7,Brazil,2017,COE,28,7ba223eeaf3a9cb7|COE|NA|28,TRUE,6.5,NA,5158.79,NA,NA,https://allianceforcoffeeexcellence.org/brazil-naturals-2017/
7ba223eeaf3a9cb7,Brazil,2017,COE,29,7ba223eeaf3a9cb7|COE|NA|29,TRUE,7.6,NA,5529.15,NA,NA,https://allianceforcoffeeexcellence.org/brazil-naturals-2017/
7ba223eeaf3a9cb7,Brazil,2017,COE,30,7ba223eeaf3a9cb7|COE|NA|30,TRUE,6.3,NA,5000.06,NA,NA,https://allianceforcoffeeexcellence.org/brazil-naturals-2017/
7ba223eeaf3a9cb7,Brazil,2017,COE,31,7ba223eeaf3a9cb7|COE|NA|31,TRUE,5.5,NA,8730.32,NA,NA,https://allianceforcoffeeexcellence.org/brazil-naturals-2017/
7ba223eeaf3a9cb7,Brazil,2017,COE,32,7ba223eeaf3a9cb7|COE|NA|32,TRUE,6.4,NA,4656.13,NA,NA,https://allianceforcoffeeexcellence.org/brazil-naturals-2017/
7ba223eeaf3a9cb7,Brazil,2017,NW,33,7ba223eeaf3a9cb7|NW|NA|33,FALSE,NA,NA,NA,NA,NA,https://allianceforcoffeeexcellence.org/brazil-naturals-2017/
7ba223eeaf3a9cb7,Brazil,2017,NW,34,7ba223eeaf3a9cb7|NW|NA|34,TRUE,4,NA,3615.56,NA,NA,https://allianceforcoffeeexcellence.org/brazil-naturals-2017/
7ba223eeaf3a9cb7,Brazil,2017,NW,35,7ba223eeaf3a9cb7|NW|NA|35,TRUE,4,NA,3086.48,NA,NA,https://allianceforcoffeeexcellence.org/brazil-naturals-2017/
7ba223eeaf3a9cb7,Brazil,2017,NW,36,7ba223eeaf3a9cb7|NW|NA|36,TRUE,3.55,NA,2739.25,NA,NA,https://allianceforcoffeeexcellence.org/brazil-naturals-2017/
7ba223eeaf3a9cb7,Brazil,2017,NW,37,7ba223eeaf3a9cb7|NW|NA|37,TRUE,3.5,NA,3240.79,NA,NA,https://allianceforcoffeeexcellence.org/brazil-naturals-2017/
38b2d2e3c7e71d0f,Brazil,2017,NW,26,38b2d2e3c7e71d0f|NW|NA|26,TRUE,4,NA,7848.44,NA,NA,https://allianceforcoffeeexcellence.org/brazil-pulped-naturals-2017/
38b2d2e3c7e71d0f,Brazil,2017,NW,27,38b2d2e3c7e71d0f|NW|NA|27,FALSE,NA,NA,NA,NA,NA,https://allianceforcoffeeexcellence.org/brazil-pulped-naturals-2017/
38b2d2e3c7e71d0f,Brazil,2017,NW,28,38b2d2e3c7e71d0f|NW|NA|28,TRUE,3.7,NA,2854.99,NA,NA,https://allianceforcoffeeexcellence.org/brazil-pulped-naturals-2017/
38b2d2e3c7e71d0f,Brazil,2017,NW,29,38b2d2e3c7e71d0f|NW|NA|29,TRUE,3.7,NA,2854.99,NA,NA,https://allianceforcoffeeexcellence.org/brazil-pulped-naturals-2017/
38b2d2e3c7e71d0f,Brazil,2017,NW,30,38b2d2e3c7e71d0f|NW|NA|30,TRUE,3.5,NA,6018.6,NA,NA,https://allianceforcoffeeexcellence.org/brazil-pulped-naturals-2017/
38b2d2e3c7e71d0f,Brazil,2017,NW,31,38b2d2e3c7e71d0f|NW|NA|31,TRUE,3.6,NA,3730.21,NA,NA,https://allianceforcoffeeexcellence.org/brazil-pulped-naturals-2017/
38b2d2e3c7e71d0f,Brazil,2017,NW,32,38b2d2e3c7e71d0f|NW|NA|32,FALSE,NA,NA,NA,NA,NA,https://allianceforcoffeeexcellence.org/brazil-pulped-naturals-2017/
38b2d2e3c7e71d0f,Brazil,2017,NW,33,38b2d2e3c7e71d0f|NW|NA|33,FALSE,NA,NA,NA,NA,NA,https://allianceforcoffeeexcellence.org/brazil-pulped-naturals-2017/
38b2d2e3c7e71d0f,Brazil,2017,COE,1A,38b2d2e3c7e71d0f|COE|NA|1A,TRUE,130.2,NA,51667.27,NA,NA,https://allianceforcoffeeexcellence.org/brazil-pulped-naturals-2017/
38b2d2e3c7e71d0f,Brazil,2017,COE,1B,38b2d2e3c7e71d0f|COE|NA|1B,TRUE,120,NA,47619.6,NA,NA,https://allianceforcoffeeexcellence.org/brazil-pulped-naturals-2017/
38b2d2e3c7e71d0f,Brazil,2017,COE,2A,38b2d2e3c7e71d0f|COE|NA|2A,TRUE,20.3,NA,9398.29,NA,NA,https://allianceforcoffeeexcellence.org/brazil-pulped-naturals-2017/
38b2d2e3c7e71d0f,Brazil,2017,COE,2B,38b2d2e3c7e71d0f|COE|NA|2B,TRUE,19.99,NA,9254.77,NA,NA,https://allianceforcoffeeexcellence.org/brazil-pulped-naturals-2017/
38b2d2e3c7e71d0f,Brazil,2017,COE,3A,38b2d2e3c7e71d0f|COE|NA|3A,TRUE,18.4,NA,8518.65,NA,NA,https://allianceforcoffeeexcellence.org/brazil-pulped-naturals-2017/
38b2d2e3c7e71d0f,Brazil,2017,COE,3B,38b2d2e3c7e71d0f|COE|NA|3B,TRUE,17.1,NA,7916.79,NA,NA,https://allianceforcoffeeexcellence.org/brazil-pulped-naturals-2017/
38b2d2e3c7e71d0f,Brazil,2017,COE,4A,38b2d2e3c7e71d0f|COE|NA|4A,TRUE,11,NA,4365.13,NA,NA,https://allianceforcoffeeexcellence.org/brazil-pulped-naturals-2017/
38b2d2e3c7e71d0f,Brazil,2017,COE,4B,38b2d2e3c7e71d0f|COE|NA|4B,TRUE,11.7,NA,3869.07,NA,NA,https://allianceforcoffeeexcellence.org/brazil-pulped-naturals-2017/
38b2d2e3c7e71d0f,Brazil,2017,COE,5,38b2d2e3c7e71d0f|COE|NA|5,TRUE,8.7,NA,10932.68,NA,NA,https://allianceforcoffeeexcellence.org/brazil-pulped-naturals-2017/
38b2d2e3c7e71d0f,Brazil,2017,COE,6,38b2d2e3c7e71d0f|COE|NA|6,TRUE,10,NA,7936.6,NA,NA,https://allianceforcoffeeexcellence.org/brazil-pulped-naturals-2017/
38b2d2e3c7e71d0f,Brazil,2017,COE,7,38b2d2e3c7e71d0f|COE|NA|7,TRUE,8.4,NA,11111.27,NA,NA,https://allianceforcoffeeexcellence.org/brazil-pulped-naturals-2017/
38b2d2e3c7e71d0f,Brazil,2017,COE,8,38b2d2e3c7e71d0f|COE|NA|8,TRUE,16.2,NA,21428.87,NA,NA,https://allianceforcoffeeexcellence.org/brazil-pulped-naturals-2017/
38b2d2e3c7e71d0f,Brazil,2017,COE,9,38b2d2e3c7e71d0f|COE|NA|9,TRUE,8.4,NA,7777.9,NA,NA,https://allianceforcoffeeexcellence.org/brazil-pulped-naturals-2017/
38b2d2e3c7e71d0f,Brazil,2017,COE,10,38b2d2e3c7e71d0f|COE|NA|10,TRUE,8.8,NA,11640.38,NA,NA,https://allianceforcoffeeexcellence.org/brazil-pulped-naturals-2017/
38b2d2e3c7e71d0f,Brazil,2017,COE,11,38b2d2e3c7e71d0f|COE|NA|11,TRUE,8,NA,10582.16,NA,NA,https://allianceforcoffeeexcellence.org/brazil-pulped-naturals-2017/
38b2d2e3c7e71d0f,Brazil,2017,COE,12,38b2d2e3c7e71d0f|COE|NA|12,TRUE,11.11,NA,21309.2,NA,NA,https://allianceforcoffeeexcellence.org/brazil-pulped-naturals-2017/
38b2d2e3c7e71d0f,Brazil,2017,COE,13,38b2d2e3c7e71d0f|COE|NA|13,TRUE,7.2,NA,11428.78,NA,NA,https://allianceforcoffeeexcellence.org/brazil-pulped-naturals-2017/
38b2d2e3c7e71d0f,Brazil,2017,COE,15,38b2d2e3c7e71d0f|COE|NA|15,TRUE,9,NA,7142.94,NA,NA,https://allianceforcoffeeexcellence.org/brazil-pulped-naturals-2017/
38b2d2e3c7e71d0f,Brazil,2017,COE,16,38b2d2e3c7e71d0f|COE|NA|16,TRUE,8,NA,7407.52,NA,NA,https://allianceforcoffeeexcellence.org/brazil-pulped-naturals-2017/
38b2d2e3c7e71d0f,Brazil,2017,COE,17,38b2d2e3c7e71d0f|COE|NA|17,TRUE,8,NA,7407.52,NA,NA,https://allianceforcoffeeexcellence.org/brazil-pulped-naturals-2017/
38b2d2e3c7e71d0f,Brazil,2017,COE,18,38b2d2e3c7e71d0f|COE|NA|18,TRUE,8.2,NA,14100.72,NA,NA,https://allianceforcoffeeexcellence.org/brazil-pulped-naturals-2017/
38b2d2e3c7e71d0f,Brazil,2017,COE,19,38b2d2e3c7e71d0f|COE|NA|19,TRUE,8.1,NA,10714.44,NA,NA,https://allianceforcoffeeexcellence.org/brazil-pulped-naturals-2017/
38b2d2e3c7e71d0f,Brazil,2017,COE,20,38b2d2e3c7e71d0f|COE|NA|20,TRUE,7.55,NA,9986.91,NA,NA,https://allianceforcoffeeexcellence.org/brazil-pulped-naturals-2017/
38b2d2e3c7e71d0f,Brazil,2017,COE,21,38b2d2e3c7e71d0f|COE|NA|21,TRUE,6.9,NA,9127.11,NA,NA,https://allianceforcoffeeexcellence.org/brazil-pulped-naturals-2017/
38b2d2e3c7e71d0f,Brazil,2017,COE,22,38b2d2e3c7e71d0f|COE|NA|22,TRUE,8.6,NA,14788.56,NA,NA,https://allianceforcoffeeexcellence.org/brazil-pulped-naturals-2017/
38b2d2e3c7e71d0f,Brazil,2017,COE,23,38b2d2e3c7e71d0f|COE|NA|23,TRUE,7.9,NA,6269.91,NA,NA,https://allianceforcoffeeexcellence.org/brazil-pulped-naturals-2017/
38b2d2e3c7e71d0f,Brazil,2017,COE,24,38b2d2e3c7e71d0f|COE|NA|24,TRUE,6,NA,7936.62,NA,NA,https://allianceforcoffeeexcellence.org/brazil-pulped-naturals-2017/
38b2d2e3c7e71d0f,Brazil,2017,COE,25,38b2d2e3c7e71d0f|COE|NA|25,TRUE,8,NA,5820.16,NA,NA,https://allianceforcoffeeexcellence.org/brazil-pulped-naturals-2017/
56f3d93e6d53724a,Brazil,2018,COE,1A,56f3d93e6d53724a|COE|NA|1A,TRUE,80.1,NA,31786.08,NA,NA,https://allianceforcoffeeexcellence.org/brazil-naturals-2018/
56f3d93e6d53724a,Brazil,2018,COE,1B,56f3d93e6d53724a|COE|NA|1B,TRUE,51,NA,20238.33,NA,NA,https://allianceforcoffeeexcellence.org/brazil-naturals-2018/
56f3d93e6d53724a,Brazil,2018,COE,2A,56f3d93e6d53724a|COE|NA|2A,TRUE,20.3,NA,9398.29,NA,NA,https://allianceforcoffeeexcellence.org/brazil-naturals-2018/
56f3d93e6d53724a,Brazil,2018,COE,2B,56f3d93e6d53724a|COE|NA|2B,TRUE,20.4,NA,8095.33,NA,NA,https://allianceforcoffeeexcellence.org/brazil-naturals-2018/
56f3d93e6d53724a,Brazil,2018,COE,3A,56f3d93e6d53724a|COE|NA|3A,TRUE,14,NA,6481.58,NA,NA,https://allianceforcoffeeexcellence.org/brazil-naturals-2018/
56f3d93e6d53724a,Brazil,2018,COE,3B,56f3d93e6d53724a|COE|NA|3B,TRUE,14.09,NA,5591.33,NA,NA,https://allianceforcoffeeexcellence.org/brazil-naturals-2018/
56f3d93e6d53724a,Brazil,2018,COE,4A,56f3d93e6d53724a|COE|NA|4A,TRUE,10.1,NA,3339.97,NA,NA,https://allianceforcoffeeexcellence.org/brazil-naturals-2018/
56f3d93e6d53724a,Brazil,2018,COE,4B,56f3d93e6d53724a|COE|NA|4B,TRUE,13,NA,5158.79,NA,NA,https://allianceforcoffeeexcellence.org/brazil-naturals-2018/
56f3d93e6d53724a,Brazil,2018,COE,5A,56f3d93e6d53724a|COE|NA|5A,TRUE,13.1,NA,5198.47,NA,NA,https://allianceforcoffeeexcellence.org/brazil-naturals-2018/
56f3d93e6d53724a,Brazil,2018,COE,5B,56f3d93e6d53724a|COE|NA|5B,TRUE,12.7,NA,5039.74,NA,NA,https://allianceforcoffeeexcellence.org/brazil-naturals-2018/
56f3d93e6d53724a,Brazil,2018,COE,6A,56f3d93e6d53724a|COE|NA|6A,TRUE,7.6,NA,3015.91,NA,NA,https://allianceforcoffeeexcellence.org/brazil-naturals-2018/
56f3d93e6d53724a,Brazil,2018,COE,6B,56f3d93e6d53724a|COE|NA|6B,TRUE,7.6,NA,3015.91,NA,NA,https://allianceforcoffeeexcellence.org/brazil-naturals-2018/
56f3d93e6d53724a,Brazil,2018,COE,7A,56f3d93e6d53724a|COE|NA|7A,TRUE,8.4,NA,3333.37,NA,NA,https://allianceforcoffeeexcellence.org/brazil-naturals-2018/
56f3d93e6d53724a,Brazil,2018,COE,7B,56f3d93e6d53724a|COE|NA|7B,TRUE,8.6,NA,3412.74,NA,NA,https://allianceforcoffeeexcellence.org/brazil-naturals-2018/
56f3d93e6d53724a,Brazil,2018,COE,8A,56f3d93e6d53724a|COE|NA|8A,TRUE,10.1,NA,3339.97,NA,NA,https://allianceforcoffeeexcellence.org/brazil-naturals-2018/
56f3d93e6d53724a,Brazil,2018,COE,8B,56f3d93e6d53724a|COE|NA|8B,TRUE,10.09,NA,4004.01,NA,NA,https://allianceforcoffeeexcellence.org/brazil-naturals-2018/
56f3d93e6d53724a,Brazil,2018,COE,9,56f3d93e6d53724a|COE|NA|9,TRUE,6.3,NA,5000.06,NA,NA,https://allianceforcoffeeexcellence.org/brazil-naturals-2018/
56f3d93e6d53724a,Brazil,2018,COE,10,56f3d93e6d53724a|COE|NA|10,TRUE,10.5,NA,20833.68,NA,NA,https://allianceforcoffeeexcellence.org/brazil-naturals-2018/
56f3d93e6d53724a,Brazil,2018,COE,11,56f3d93e6d53724a|COE|NA|11,TRUE,5.5,NA,8730.32,NA,NA,https://allianceforcoffeeexcellence.org/brazil-naturals-2018/
56f3d93e6d53724a,Brazil,2018,COE,12,56f3d93e6d53724a|COE|NA|12,TRUE,5.6,NA,4444.5,NA,NA,https://allianceforcoffeeexcellence.org/brazil-naturals-2018/
56f3d93e6d53724a,Brazil,2018,COE,13,56f3d93e6d53724a|COE|NA|13,TRUE,7.1,NA,5634.99,NA,NA,https://allianceforcoffeeexcellence.org/brazil-naturals-2018/
56f3d93e6d53724a,Brazil,2018,COE,14,56f3d93e6d53724a|COE|NA|14,TRUE,6.8,NA,5396.89,NA,NA,https://allianceforcoffeeexcellence.org/brazil-naturals-2018/
56f3d93e6d53724a,Brazil,2018,COE,15,56f3d93e6d53724a|COE|NA|15,TRUE,5.6,NA,7037.13,NA,NA,https://allianceforcoffeeexcellence.org/brazil-naturals-2018/
56f3d93e6d53724a,Brazil,2018,COE,16,56f3d93e6d53724a|COE|NA|16,TRUE,5.5,NA,5456.44,NA,NA,https://allianceforcoffeeexcellence.org/brazil-naturals-2018/
56f3d93e6d53724a,Brazil,2018,COE,17,56f3d93e6d53724a|COE|NA|17,TRUE,5.6,NA,4444.5,NA,NA,https://allianceforcoffeeexcellence.org/brazil-naturals-2018/
56f3d93e6d53724a,Brazil,2018,COE,18,56f3d93e6d53724a|COE|NA|18,TRUE,6.2,NA,8201.17,NA,NA,https://allianceforcoffeeexcellence.org/brazil-naturals-2018/
56f3d93e6d53724a,Brazil,2018,COE,19,56f3d93e6d53724a|COE|NA|19,TRUE,6.2,NA,4920.69,NA,NA,https://allianceforcoffeeexcellence.org/brazil-naturals-2018/
56f3d93e6d53724a,Brazil,2018,COE,20,56f3d93e6d53724a|COE|NA|20,TRUE,5.5,NA,6547.75,NA,NA,https://allianceforcoffeeexcellence.org/brazil-naturals-2018/
56f3d93e6d53724a,Brazil,2018,COE,21,56f3d93e6d53724a|COE|NA|21,TRUE,5.9,NA,4682.59,NA,NA,https://allianceforcoffeeexcellence.org/brazil-naturals-2018/
56f3d93e6d53724a,Brazil,2018,COE,22,56f3d93e6d53724a|COE|NA|22,TRUE,5.5,NA,4365.13,NA,NA,https://allianceforcoffeeexcellence.org/brazil-naturals-2018/
56f3d93e6d53724a,Brazil,2018,COE,23,56f3d93e6d53724a|COE|NA|23,TRUE,5.5,NA,6547.75,NA,NA,https://allianceforcoffeeexcellence.org/brazil-naturals-2018/
56f3d93e6d53724a,Brazil,2018,COE,24,56f3d93e6d53724a|COE|NA|24,TRUE,5.5,NA,10912.88,NA,NA,https://allianceforcoffeeexcellence.org/brazil-naturals-2018/
56f3d93e6d53724a,Brazil,2018,COE,25,56f3d93e6d53724a|COE|NA|25,TRUE,5.5,NA,4365.13,NA,NA,https://allianceforcoffeeexcellence.org/brazil-naturals-2018/
56f3d93e6d53724a,Brazil,2018,COE,26,56f3d93e6d53724a|COE|NA|26,TRUE,5.5,NA,5092.67,NA,NA,https://allianceforcoffeeexcellence.org/brazil-naturals-2018/
56f3d93e6d53724a,Brazil,2018,COE,27,56f3d93e6d53724a|COE|NA|27,TRUE,5.5,NA,4365.13,NA,NA,https://allianceforcoffeeexcellence.org/brazil-naturals-2018/
56f3d93e6d53724a,Brazil,2018,COE,28,56f3d93e6d53724a|COE|NA|28,TRUE,5.5,NA,4365.13,NA,NA,https://allianceforcoffeeexcellence.org/brazil-naturals-2018/
56f3d93e6d53724a,Brazil,2018,COE,29,56f3d93e6d53724a|COE|NA|29,TRUE,5.5,NA,5456.44,NA,NA,https://allianceforcoffeeexcellence.org/brazil-naturals-2018/
56f3d93e6d53724a,Brazil,2018,COE,30,56f3d93e6d53724a|COE|NA|30,TRUE,5.5,NA,5820.21,NA,NA,https://allianceforcoffeeexcellence.org/brazil-naturals-2018/
56f3d93e6d53724a,Brazil,2018,COE,31,56f3d93e6d53724a|COE|NA|31,TRUE,5.5,NA,7275.24,NA,NA,https://allianceforcoffeeexcellence.org/brazil-naturals-2018/
56f3d93e6d53724a,Brazil,2018,COE,32,56f3d93e6d53724a|COE|NA|32,TRUE,5.5,NA,10912.88,NA,NA,https://allianceforcoffeeexcellence.org/brazil-naturals-2018/
56f3d93e6d53724a,Brazil,2018,COE,33,56f3d93e6d53724a|COE|NA|33,TRUE,5.5,NA,4365.13,NA,NA,https://allianceforcoffeeexcellence.org/brazil-naturals-2018/
56f3d93e6d53724a,Brazil,2018,COE,34,56f3d93e6d53724a|COE|NA|34,TRUE,6,NA,4365.18,NA,NA,https://allianceforcoffeeexcellence.org/brazil-naturals-2018/
56f3d93e6d53724a,Brazil,2018,COE,35,56f3d93e6d53724a|COE|NA|35,TRUE,5.5,NA,4365.13,NA,NA,https://allianceforcoffeeexcellence.org/brazil-naturals-2018/
56f3d93e6d53724a,Brazil,2018,COE,36,56f3d93e6d53724a|COE|NA|36,TRUE,5.5,NA,4365.13,NA,NA,https://allianceforcoffeeexcellence.org/brazil-naturals-2018/
56f3d93e6d53724a,Brazil,2018,COE,37,56f3d93e6d53724a|COE|NA|37,TRUE,5.5,NA,4365.13,NA,NA,https://allianceforcoffeeexcellence.org/brazil-naturals-2018/
d1543b65c7f3dffe,Brazil,2018,NW,32,d1543b65c7f3dffe|NW|NA|32,TRUE,4.2,NA,5555.63,NA,NA,https://allianceforcoffeeexcellence.org/brazil-pulped-naturals-2018/
d1543b65c7f3dffe,Brazil,2018,NW,33,d1543b65c7f3dffe|NW|NA|33,TRUE,4.4,NA,3492.1,NA,NA,https://allianceforcoffeeexcellence.org/brazil-pulped-naturals-2018/
d1543b65c7f3dffe,Brazil,2018,NW,34,d1543b65c7f3dffe|NW|NA|34,TRUE,4,NA,5555.64,NA,NA,https://allianceforcoffeeexcellence.org/brazil-pulped-naturals-2018/
d1543b65c7f3dffe,Brazil,2018,NW,35,d1543b65c7f3dffe|NW|NA|35,TRUE,4.4,NA,3492.1,NA,NA,https://allianceforcoffeeexcellence.org/brazil-pulped-naturals-2018/
d1543b65c7f3dffe,Brazil,2018,NW,37,d1543b65c7f3dffe|NW|NA|37,TRUE,4,NA,4232.88,NA,NA,https://allianceforcoffeeexcellence.org/brazil-pulped-naturals-2018/
d1543b65c7f3dffe,Brazil,2018,COE,1A,d1543b65c7f3dffe|COE|NA|1A,TRUE,143,NA,47288.67,NA,NA,https://allianceforcoffeeexcellence.org/brazil-pulped-naturals-2018/
d1543b65c7f3dffe,Brazil,2018,COE,1B,d1543b65c7f3dffe|COE|NA|1B,TRUE,120.1,NA,39715.87,NA,NA,https://allianceforcoffeeexcellence.org/brazil-pulped-naturals-2018/
d1543b65c7f3dffe,Brazil,2018,COE,2A,d1543b65c7f3dffe|COE|NA|2A,TRUE,8.8,NA,3492.1,NA,NA,https://allianceforcoffeeexcellence.org/brazil-pulped-naturals-2018/
d1543b65c7f3dffe,Brazil,2018,COE,2B,d1543b65c7f3dffe|COE|NA|2B,TRUE,8.1,NA,2678.59,NA,NA,https://allianceforcoffeeexcellence.org/brazil-pulped-naturals-2018/
d1543b65c7f3dffe,Brazil,2018,COE,3A,d1543b65c7f3dffe|COE|NA|3A,TRUE,8.1,NA,3214.32,NA,NA,https://allianceforcoffeeexcellence.org/brazil-pulped-naturals-2018/
d1543b65c7f3dffe,Brazil,2018,COE,3B,d1543b65c7f3dffe|COE|NA|3B,TRUE,8.4,NA,3333.37,NA,NA,https://allianceforcoffeeexcellence.org/brazil-pulped-naturals-2018/
d1543b65c7f3dffe,Brazil,2018,COE,4A,d1543b65c7f3dffe|COE|NA|4A,TRUE,7.4,NA,4404.85,NA,NA,https://allianceforcoffeeexcellence.org/brazil-pulped-naturals-2018/
d1543b65c7f3dffe,Brazil,2018,COE,4B,d1543b65c7f3dffe|COE|NA|4B,TRUE,7.2,NA,4285.8,NA,NA,https://allianceforcoffeeexcellence.org/brazil-pulped-naturals-2018/
d1543b65c7f3dffe,Brazil,2018,COE,5A,d1543b65c7f3dffe|COE|NA|5A,TRUE,7.1,NA,6574.17,NA,NA,https://allianceforcoffeeexcellence.org/brazil-pulped-naturals-2018/
d1543b65c7f3dffe,Brazil,2018,COE,5B,d1543b65c7f3dffe|COE|NA|5B,TRUE,6.7,NA,5760.66,NA,NA,https://allianceforcoffeeexcellence.org/brazil-pulped-naturals-2018/
d1543b65c7f3dffe,Brazil,2018,COE,6,d1543b65c7f3dffe|COE|NA|6,TRUE,6,NA,4761.96,NA,NA,https://allianceforcoffeeexcellence.org/brazil-pulped-naturals-2018/
d1543b65c7f3dffe,Brazil,2018,COE,7,d1543b65c7f3dffe|COE|NA|7,TRUE,5.8,NA,4986.84,NA,NA,https://allianceforcoffeeexcellence.org/brazil-pulped-naturals-2018/
d1543b65c7f3dffe,Brazil,2018,COE,8,d1543b65c7f3dffe|COE|NA|8,TRUE,9.1,NA,7222.31,NA,NA,https://allianceforcoffeeexcellence.org/brazil-pulped-naturals-2018/
d1543b65c7f3dffe,Brazil,2018,COE,9,d1543b65c7f3dffe|COE|NA|9,TRUE,18.45,NA,19524.16,NA,NA,https://allianceforcoffeeexcellence.org/brazil-pulped-naturals-2018/
d1543b65c7f3dffe,Brazil,2018,COE,10,d1543b65c7f3dffe|COE|NA|10,TRUE,6.1,NA,4841.33,NA,NA,https://allianceforcoffeeexcellence.org/brazil-pulped-naturals-2018/
d1543b65c7f3dffe,Brazil,2018,COE,11,d1543b65c7f3dffe|COE|NA|11,TRUE,6.1,NA,10489.62,NA,NA,https://allianceforcoffeeexcellence.org/brazil-pulped-naturals-2018/
d1543b65c7f3dffe,Brazil,2018,COE,12,d1543b65c7f3dffe|COE|NA|12,TRUE,5.6,NA,5926.03,NA,NA,https://allianceforcoffeeexcellence.org/brazil-pulped-naturals-2018/
d1543b65c7f3dffe,Brazil,2018,COE,13,d1543b65c7f3dffe|COE|NA|13,TRUE,5.6,NA,4444.5,NA,NA,https://allianceforcoffeeexcellence.org/brazil-pulped-naturals-2018/
d1543b65c7f3dffe,Brazil,2018,COE,14,d1543b65c7f3dffe|COE|NA|14,TRUE,5.5,NA,4365.13,NA,NA,https://allianceforcoffeeexcellence.org/brazil-pulped-naturals-2018/
d1543b65c7f3dffe,Brazil,2018,COE,15,d1543b65c7f3dffe|COE|NA|15,TRUE,6.1,NA,4437.93,NA,NA,https://allianceforcoffeeexcellence.org/brazil-pulped-naturals-2018/
d1543b65c7f3dffe,Brazil,2018,COE,16,d1543b65c7f3dffe|COE|NA|16,TRUE,5.5,NA,5092.67,NA,NA,https://allianceforcoffeeexcellence.org/brazil-pulped-naturals-2018/
d1543b65c7f3dffe,Brazil,2018,COE,17,d1543b65c7f3dffe|COE|NA|17,TRUE,5.5,NA,4365.13,NA,NA,https://allianceforcoffeeexcellence.org/brazil-pulped-naturals-2018/
d1543b65c7f3dffe,Brazil,2018,COE,18,d1543b65c7f3dffe|COE|NA|18,TRUE,5.5,NA,4365.13,NA,NA,https://allianceforcoffeeexcellence.org/brazil-pulped-naturals-2018/
d1543b65c7f3dffe,Brazil,2018,COE,19,d1543b65c7f3dffe|COE|NA|19,TRUE,5.5,NA,4365.13,NA,NA,https://allianceforcoffeeexcellence.org/brazil-pulped-naturals-2018/
d1543b65c7f3dffe,Brazil,2018,COE,20,d1543b65c7f3dffe|COE|NA|20,TRUE,5.5,NA,7275.24,NA,NA,https://allianceforcoffeeexcellence.org/brazil-pulped-naturals-2018/
d1543b65c7f3dffe,Brazil,2018,COE,21,d1543b65c7f3dffe|COE|NA|21,TRUE,5.5,NA,4365.13,NA,NA,https://allianceforcoffeeexcellence.org/brazil-pulped-naturals-2018/
d1543b65c7f3dffe,Brazil,2018,COE,22,d1543b65c7f3dffe|COE|NA|22,TRUE,5.5,NA,4365.13,NA,NA,https://allianceforcoffeeexcellence.org/brazil-pulped-naturals-2018/
d1543b65c7f3dffe,Brazil,2018,COE,23,d1543b65c7f3dffe|COE|NA|23,TRUE,5.5,NA,4365.13,NA,NA,https://allianceforcoffeeexcellence.org/brazil-pulped-naturals-2018/
d1543b65c7f3dffe,Brazil,2018,COE,24,d1543b65c7f3dffe|COE|NA|24,TRUE,5.5,NA,4365.13,NA,NA,https://allianceforcoffeeexcellence.org/brazil-pulped-naturals-2018/
d1543b65c7f3dffe,Brazil,2018,COE,25,d1543b65c7f3dffe|COE|NA|25,TRUE,5.5,NA,4365.13,NA,NA,https://allianceforcoffeeexcellence.org/brazil-pulped-naturals-2018/
d1543b65c7f3dffe,Brazil,2018,COE,26,d1543b65c7f3dffe|COE|NA|26,TRUE,5.7,NA,10555.72,NA,NA,https://allianceforcoffeeexcellence.org/brazil-pulped-naturals-2018/
d1543b65c7f3dffe,Brazil,2018,COE,27,d1543b65c7f3dffe|COE|NA|27,TRUE,5.5,NA,4365.13,NA,NA,https://allianceforcoffeeexcellence.org/brazil-pulped-naturals-2018/
d1543b65c7f3dffe,Brazil,2018,COE,28,d1543b65c7f3dffe|COE|NA|28,TRUE,5.5,NA,4365.13,NA,NA,https://allianceforcoffeeexcellence.org/brazil-pulped-naturals-2018/
d1543b65c7f3dffe,Brazil,2018,COE,29,d1543b65c7f3dffe|COE|NA|29,TRUE,5.5,NA,8730.32,NA,NA,https://allianceforcoffeeexcellence.org/brazil-pulped-naturals-2018/
d1543b65c7f3dffe,Brazil,2018,COE,30,d1543b65c7f3dffe|COE|NA|30,TRUE,5.5,NA,4365.13,NA,NA,https://allianceforcoffeeexcellence.org/brazil-pulped-naturals-2018/
58d0dda26a0c47c5,Brazil,2019,COE,1A,58d0dda26a0c47c5|COE|NA|1A,TRUE,60.1,396.84,23850.08,23850.084,1.677143220138854e-7,https://allianceforcoffeeexcellence.org/brazil-2019/
58d0dda26a0c47c5,Brazil,2019,COE,1B,58d0dda26a0c47c5|COE|NA|1B,TRUE,50.8,396.84,20159.47,20159.471999999998,9.920895721809525e-8,https://allianceforcoffeeexcellence.org/brazil-2019/
58d0dda26a0c47c5,Brazil,2019,COE,2A,58d0dda26a0c47c5|COE|NA|2A,TRUE,30.5,330.7,10086.35,10086.35,0,https://allianceforcoffeeexcellence.org/brazil-2019/
58d0dda26a0c47c5,Brazil,2019,COE,2B,58d0dda26a0c47c5|COE|NA|2B,TRUE,25.1,330.7,8300.57,8300.57,0,https://allianceforcoffeeexcellence.org/brazil-2019/
58d0dda26a0c47c5,Brazil,2019,COE,3A,58d0dda26a0c47c5|COE|NA|3A,TRUE,12.9,396.84,5119.24,5119.236,7.813659839947752e-7,https://allianceforcoffeeexcellence.org/brazil-2019/
58d0dda26a0c47c5,Brazil,2019,COE,3B,58d0dda26a0c47c5|COE|NA|3B,TRUE,13,396.84,5158.92,5158.92,0,https://allianceforcoffeeexcellence.org/brazil-2019/
58d0dda26a0c47c5,Brazil,2019,COE,4,58d0dda26a0c47c5|COE|NA|4,TRUE,20.3,661.4,13426.42,13426.42,0,https://allianceforcoffeeexcellence.org/brazil-2019/
58d0dda26a0c47c5,Brazil,2019,COE,5,58d0dda26a0c47c5|COE|NA|5,TRUE,15.3,793.68,12143.3,12143.304,3.2939975137029535e-7,https://allianceforcoffeeexcellence.org/brazil-2019/
58d0dda26a0c47c5,Brazil,2019,COE,6,58d0dda26a0c47c5|COE|NA|6,TRUE,10.51,661.4,6951.31,6951.313999999999,5.754311056471251e-7,https://allianceforcoffeeexcellence.org/brazil-2019/
58d0dda26a0c47c5,Brazil,2019,COE,7,58d0dda26a0c47c5|COE|NA|7,TRUE,8.4,1322.8,11111.52,11111.52,0,https://allianceforcoffeeexcellence.org/brazil-2019/
58d0dda26a0c47c5,Brazil,2019,COE,8,58d0dda26a0c47c5|COE|NA|8,TRUE,8.5,793.68,6746.28,6746.28,0,https://allianceforcoffeeexcellence.org/brazil-2019/
58d0dda26a0c47c5,Brazil,2019,COE,9,58d0dda26a0c47c5|COE|NA|9,TRUE,7.1,793.68,5635.13,5635.128,3.5491639064359716e-7,https://allianceforcoffeeexcellence.org/brazil-2019/
58d0dda26a0c47c5,Brazil,2019,COE,10,58d0dda26a0c47c5|COE|NA|10,TRUE,8.1,793.68,6428.81,6428.807999999999,3.1109956606540687e-7,https://allianceforcoffeeexcellence.org/brazil-2019/
58d0dda26a0c47c5,Brazil,2019,COE,11,58d0dda26a0c47c5|COE|NA|11,TRUE,8.9,925.96,8241.04,8241.044,4.853756320799216e-7,https://allianceforcoffeeexcellence.org/brazil-2019/
58d0dda26a0c47c5,Brazil,2019,COE,12,58d0dda26a0c47c5|COE|NA|12,TRUE,16,793.68,12698.88,12698.88,0,https://allianceforcoffeeexcellence.org/brazil-2019/
58d0dda26a0c47c5,Brazil,2019,COE,13,58d0dda26a0c47c5|COE|NA|13,TRUE,7,727.54,5092.78,5092.78,0,https://allianceforcoffeeexcellence.org/brazil-2019/
58d0dda26a0c47c5,Brazil,2019,COE,14,58d0dda26a0c47c5|COE|NA|14,TRUE,7,727.54,5092.78,5092.78,0,https://allianceforcoffeeexcellence.org/brazil-2019/
58d0dda26a0c47c5,Brazil,2019,COE,15,58d0dda26a0c47c5|COE|NA|15,TRUE,9.1,727.54,6620.61,6620.614,6.04173935620043e-7,https://allianceforcoffeeexcellence.org/brazil-2019/
58d0dda26a0c47c5,Brazil,2019,COE,16,58d0dda26a0c47c5|COE|NA|16,TRUE,10.6,925.96,9815.18,9815.176,4.075320066279892e-7,https://allianceforcoffeeexcellence.org/brazil-2019/
58d0dda26a0c47c5,Brazil,2019,COE,17,58d0dda26a0c47c5|COE|NA|17,TRUE,11.9,793.68,9444.79,9444.792,2.1175695791949467e-7,https://allianceforcoffeeexcellence.org/brazil-2019/
58d0dda26a0c47c5,Brazil,2019,COE,18,58d0dda26a0c47c5|COE|NA|18,TRUE,8.4,793.68,6666.91,6666.912,2.9998905046077626e-7,https://allianceforcoffeeexcellence.org/brazil-2019/
58d0dda26a0c47c5,Brazil,2019,COE,19,58d0dda26a0c47c5|COE|NA|19,TRUE,9,1058.24,9524.16,9524.16,0,https://allianceforcoffeeexcellence.org/brazil-2019/
58d0dda26a0c47c5,Brazil,2019,COE,20,58d0dda26a0c47c5|COE|NA|20,TRUE,10.1,793.68,8016.17,8016.168,2.4949570685345414e-7,https://allianceforcoffeeexcellence.org/brazil-2019/
58d0dda26a0c47c5,Brazil,2019,COE,21,58d0dda26a0c47c5|COE|NA|21,TRUE,8,793.68,6349.44,6349.44,0,https://allianceforcoffeeexcellence.org/brazil-2019/
58d0dda26a0c47c5,Brazil,2019,COE,22,58d0dda26a0c47c5|COE|NA|22,TRUE,7.7,992.1,7639.17,7639.17,0,https://allianceforcoffeeexcellence.org/brazil-2019/
58d0dda26a0c47c5,Brazil,2019,COE,23,58d0dda26a0c47c5|COE|NA|23,TRUE,7.1,793.68,5635.13,5635.128,3.5491639064359716e-7,https://allianceforcoffeeexcellence.org/brazil-2019/
58d0dda26a0c47c5,Brazil,2019,COE,24,58d0dda26a0c47c5|COE|NA|24,TRUE,8,727.54,5820.32,5820.32,0,https://allianceforcoffeeexcellence.org/brazil-2019/
58d0dda26a0c47c5,Brazil,2019,COE,25,58d0dda26a0c47c5|COE|NA|25,TRUE,7.1,793.68,5635.13,5635.128,3.5491639064359716e-7,https://allianceforcoffeeexcellence.org/brazil-2019/
58d0dda26a0c47c5,Brazil,2019,COE,26,58d0dda26a0c47c5|COE|NA|26,TRUE,8.7,793.68,6905.02,6905.015999999999,5.792886916655421e-7,https://allianceforcoffeeexcellence.org/brazil-2019/
58d0dda26a0c47c5,Brazil,2019,COE,27,58d0dda26a0c47c5|COE|NA|27,TRUE,7,793.68,5555.76,5555.759999999999,1.6370302204791572e-16,https://allianceforcoffeeexcellence.org/brazil-2019/
70d2a14e35e4a127,Brazil,2020,COE,1A,70d2a14e35e4a127|COE|NA|1A,TRUE,40,396.83,15873.2,15873.199999999999,1.1459500312135274e-16,https://allianceforcoffeeexcellence.org/brazil-2020/
70d2a14e35e4a127,Brazil,2020,COE,1B,70d2a14e35e4a127|COE|NA|1B,TRUE,38.9,330.69,12863.84,12863.841,7.77372853054552e-8,https://allianceforcoffeeexcellence.org/brazil-2020/
70d2a14e35e4a127,Brazil,2020,COE,2,70d2a14e35e4a127|COE|NA|2,TRUE,12.9,1455.05,18770.15,18770.145,2.663803965881271e-7,https://allianceforcoffeeexcellence.org/brazil-2020/
70d2a14e35e4a127,Brazil,2020,COE,3,70d2a14e35e4a127|COE|NA|3,TRUE,14.6,1124.36,16415.66,16415.656,2.436697641651269e-7,https://allianceforcoffeeexcellence.org/brazil-2020/
70d2a14e35e4a127,Brazil,2020,COE,4,70d2a14e35e4a127|COE|NA|4,TRUE,20.5,727.53,14914.37,14914.365,3.352471476179439e-7,https://allianceforcoffeeexcellence.org/brazil-2020/
70d2a14e35e4a127,Brazil,2020,COE,5,70d2a14e35e4a127|COE|NA|5,TRUE,27.8,727.53,20225.33,20225.334,1.9777180383098462e-7,https://allianceforcoffeeexcellence.org/brazil-2020/
70d2a14e35e4a127,Brazil,2020,COE,6,70d2a14e35e4a127|COE|NA|6,TRUE,17.3,661.39,11442.05,11442.047,2.621907786447526e-7,https://allianceforcoffeeexcellence.org/brazil-2020/
70d2a14e35e4a127,Brazil,2020,COE,7,70d2a14e35e4a127|COE|NA|7,TRUE,15.1,661.39,9986.99,9986.989,1.0013026950099347e-7,https://allianceforcoffeeexcellence.org/brazil-2020/
70d2a14e35e4a127,Brazil,2020,COE,8,70d2a14e35e4a127|COE|NA|8,TRUE,12.2,727.53,8875.87,8875.866,4.506600480645736e-7,https://allianceforcoffeeexcellence.org/brazil-2020/
70d2a14e35e4a127,Brazil,2020,COE,9,70d2a14e35e4a127|COE|NA|9,TRUE,13.15,661.39,8697.28,8697.2785,1.7246771407906727e-7,https://allianceforcoffeeexcellence.org/brazil-2020/
70d2a14e35e4a127,Brazil,2020,COE,10,70d2a14e35e4a127|COE|NA|10,TRUE,12,661.39,7936.68,7936.68,0,https://allianceforcoffeeexcellence.org/brazil-2020/
70d2a14e35e4a127,Brazil,2020,COE,11,70d2a14e35e4a127|COE|NA|11,TRUE,10.3,925.94,9537.18,9537.182,2.097055943588622e-7,https://allianceforcoffeeexcellence.org/brazil-2020/
70d2a14e35e4a127,Brazil,2020,COE,12,70d2a14e35e4a127|COE|NA|12,TRUE,13.05,793.66,10357.26,10357.263,2.896518964099753e-7,https://allianceforcoffeeexcellence.org/brazil-2020/
70d2a14e35e4a127,Brazil,2020,COE,13,70d2a14e35e4a127|COE|NA|13,TRUE,26.1,661.39,17262.28,17262.279000000002,5.792977501035483e-8,https://allianceforcoffeeexcellence.org/brazil-2020/
70d2a14e35e4a127,Brazil,2020,COE,14,70d2a14e35e4a127|COE|NA|14,TRUE,11.95,661.39,7903.61,7903.6105,6.326223081628058e-8,https://allianceforcoffeeexcellence.org/brazil-2020/
70d2a14e35e4a127,Brazil,2020,COE,15,70d2a14e35e4a127|COE|NA|15,TRUE,10.05,1190.5,11964.53,11964.525000000001,4.17901915010422e-7,https://allianceforcoffeeexcellence.org/brazil-2020/
70d2a14e35e4a127,Brazil,2020,COE,16,70d2a14e35e4a127|COE|NA|16,TRUE,12.9,1455.05,18770.15,18770.145,2.663803965881271e-7,https://allianceforcoffeeexcellence.org/brazil-2020/
70d2a14e35e4a127,Brazil,2020,COE,17,70d2a14e35e4a127|COE|NA|17,TRUE,12,727.53,8730.36,8730.36,0,https://allianceforcoffeeexcellence.org/brazil-2020/
70d2a14e35e4a127,Brazil,2020,COE,18,70d2a14e35e4a127|COE|NA|18,TRUE,11,793.66,8730.26,8730.26,0,https://allianceforcoffeeexcellence.org/brazil-2020/
70d2a14e35e4a127,Brazil,2020,COE,19,70d2a14e35e4a127|COE|NA|19,TRUE,11.3,661.39,7473.71,7473.707,4.0140706552725296e-7,https://allianceforcoffeeexcellence.org/brazil-2020/
70d2a14e35e4a127,Brazil,2020,COE,20,70d2a14e35e4a127|COE|NA|20,TRUE,10.25,1521.19,15592.2,15592.1975,1.6033657857834795e-7,https://allianceforcoffeeexcellence.org/brazil-2020/
70d2a14e35e4a127,Brazil,2020,COE,21,70d2a14e35e4a127|COE|NA|21,TRUE,12.2,1455.05,17751.61,17751.609999999997,2.049379637729599e-16,https://allianceforcoffeeexcellence.org/brazil-2020/
70d2a14e35e4a127,Brazil,2020,COE,22,70d2a14e35e4a127|COE|NA|22,TRUE,26,727.53,18915.78,18915.78,0,https://allianceforcoffeeexcellence.org/brazil-2020/
70d2a14e35e4a127,Brazil,2020,COE,23,70d2a14e35e4a127|COE|NA|23,TRUE,10.2,793.66,8095.33,8095.331999999999,2.4705601865494784e-7,https://allianceforcoffeeexcellence.org/brazil-2020/
70d2a14e35e4a127,Brazil,2020,COE,24,70d2a14e35e4a127|COE|NA|24,TRUE,10.1,925.94,9351.99,9351.994,4.2771645401833273e-7,https://allianceforcoffeeexcellence.org/brazil-2020/
70d2a14e35e4a127,Brazil,2020,COE,25,70d2a14e35e4a127|COE|NA|25,TRUE,17.3,661.39,11442.05,11442.047,2.621907786447526e-7,https://allianceforcoffeeexcellence.org/brazil-2020/
70d2a14e35e4a127,Brazil,2020,COE,26,70d2a14e35e4a127|COE|NA|26,TRUE,12.95,727.53,9421.51,9421.5135,3.7149034484854917e-7,https://allianceforcoffeeexcellence.org/brazil-2020/
70d2a14e35e4a127,Brazil,2020,COE,28,70d2a14e35e4a127|COE|NA|28,TRUE,11,1190.5,13095.5,13095.5,0,https://allianceforcoffeeexcellence.org/brazil-2020/
70d2a14e35e4a127,Brazil,2020,COE,29,70d2a14e35e4a127|COE|NA|29,TRUE,12.85,727.53,9348.76,9348.7604999999985,5.348302858163799e-8,https://allianceforcoffeeexcellence.org/brazil-2020/
70d2a14e35e4a127,Brazil,2020,COE,30,70d2a14e35e4a127|COE|NA|30,TRUE,13.1,793.66,10396.95,10396.946,3.8472821364101077e-7,https://allianceforcoffeeexcellence.org/brazil-2020/
f8c00d6b60400117,Brazil,2021,COE,1A,f8c00d6b60400117|COE|NA|1A,TRUE,66,396.83,26190.78,26190.78,0,https://allianceforcoffeeexcellence.org/brazil-2021/
f8c00d6b60400117,Brazil,2021,COE,1B,f8c00d6b60400117|COE|NA|1B,TRUE,61,396.83,24206.63,24206.629999999997,1.502885286837413e-16,https://allianceforcoffeeexcellence.org/brazil-2021/
f8c00d6b60400117,Brazil,2021,COE,2A,f8c00d6b60400117|COE|NA|2A,TRUE,25.1,396.83,9960.43,9960.433,3.0119181607733605e-7,https://allianceforcoffeeexcellence.org/brazil-2021/
f8c00d6b60400117,Brazil,2021,COE,2B,f8c00d6b60400117|COE|NA|2B,TRUE,25.1,396.83,9960.43,9960.433,3.0119181607733605e-7,https://allianceforcoffeeexcellence.org/brazil-2021/
f8c00d6b60400117,Brazil,2021,COE,3,f8c00d6b60400117|COE|NA|3,TRUE,42.4,694.46,29445.1,29445.104,1.3584603213488517e-7,https://allianceforcoffeeexcellence.org/brazil-2021/
f8c00d6b60400117,Brazil,2021,COE,4,f8c00d6b60400117|COE|NA|4,TRUE,13.5,793.67,10714.55,10714.545,4.666551557647913e-7,https://allianceforcoffeeexcellence.org/brazil-2021/
f8c00d6b60400117,Brazil,2021,COE,5,f8c00d6b60400117|COE|NA|5,TRUE,9.2,1554.26,14299.19,14299.192,1.398680623579702e-7,https://allianceforcoffeeexcellence.org/brazil-2021/
f8c00d6b60400117,Brazil,2021,COE,6,f8c00d6b60400117|COE|NA|6,TRUE,12.25,694.46,8507.14,8507.135,5.877415910869746e-7,https://allianceforcoffeeexcellence.org/brazil-2021/
f8c00d6b60400117,Brazil,2021,COE,7,f8c00d6b60400117|COE|NA|7,TRUE,9.7,1289.71,12510.19,12510.187,2.39804511411192e-7,https://allianceforcoffeeexcellence.org/brazil-2021/
f8c00d6b60400117,Brazil,2021,COE,8,f8c00d6b60400117|COE|NA|8,TRUE,8.6,694.46,5972.36,5972.356,6.697519908219553e-7,https://allianceforcoffeeexcellence.org/brazil-2021/
f8c00d6b60400117,Brazil,2021,COE,9,f8c00d6b60400117|COE|NA|9,TRUE,9.1,727.53,6620.52,6620.522999999999,4.531366114432387e-7,https://allianceforcoffeeexcellence.org/brazil-2021/
f8c00d6b60400117,Brazil,2021,COE,10,f8c00d6b60400117|COE|NA|10,TRUE,9.1,1223.57,11134.49,11134.487,2.6943308589896625e-7,https://allianceforcoffeeexcellence.org/brazil-2021/
f8c00d6b60400117,Brazil,2021,COE,11,f8c00d6b60400117|COE|NA|11,TRUE,12.25,694.46,8507.14,8507.135,5.877415910869746e-7,https://allianceforcoffeeexcellence.org/brazil-2021/
f8c00d6b60400117,Brazil,2021,COE,12,f8c00d6b60400117|COE|NA|12,TRUE,15.1,793.67,11984.42,11984.417,2.5032500534954385e-7,https://allianceforcoffeeexcellence.org/brazil-2021/
f8c00d6b60400117,Brazil,2021,COE,13,f8c00d6b60400117|COE|NA|13,TRUE,10,694.46,6944.6,6944.6,0,https://allianceforcoffeeexcellence.org/brazil-2021/
f8c00d6b60400117,Brazil,2021,COE,14,f8c00d6b60400117|COE|NA|14,TRUE,8.6,760.6,6541.16,6541.16,0,https://allianceforcoffeeexcellence.org/brazil-2021/
f8c00d6b60400117,Brazil,2021,COE,15,f8c00d6b60400117|COE|NA|15,TRUE,26,694.46,18055.96,18055.96,0,https://allianceforcoffeeexcellence.org/brazil-2021/
f8c00d6b60400117,Brazil,2021,COE,16,f8c00d6b60400117|COE|NA|16,TRUE,11,694.46,7639.06,7639.06,0,https://allianceforcoffeeexcellence.org/brazil-2021/
f8c00d6b60400117,Brazil,2021,COE,17,f8c00d6b60400117|COE|NA|17,TRUE,57.1,760.6,43430.26,43430.26,0,https://allianceforcoffeeexcellence.org/brazil-2021/
f8c00d6b60400117,Brazil,2021,COE,18,f8c00d6b60400117|COE|NA|18,TRUE,8.8,793.67,6984.3,6984.296,5.72713085048668e-7,https://allianceforcoffeeexcellence.org/brazil-2021/
f8c00d6b60400117,Brazil,2021,COE,19,f8c00d6b60400117|COE|NA|19,TRUE,8.7,826.73,7192.55,7192.5509999999995,1.3903274906594074e-7,https://allianceforcoffeeexcellence.org/brazil-2021/
f8c00d6b60400117,Brazil,2021,COE,20,f8c00d6b60400117|COE|NA|20,TRUE,8.6,760.6,6541.16,6541.16,0,https://allianceforcoffeeexcellence.org/brazil-2021/
f8c00d6b60400117,Brazil,2021,COE,21,f8c00d6b60400117|COE|NA|21,TRUE,8.5,1289.71,10962.54,10962.535,4.560986779540721e-7,https://allianceforcoffeeexcellence.org/brazil-2021/
f8c00d6b60400117,Brazil,2021,COE,22,f8c00d6b60400117|COE|NA|22,TRUE,8.6,1554.26,13366.64,13366.635999999999,2.99252467397559e-7,https://allianceforcoffeeexcellence.org/brazil-2021/
f8c00d6b60400117,Brazil,2021,COE,23,f8c00d6b60400117|COE|NA|23,TRUE,18.6,793.67,14762.26,14762.262,1.3548061072000178e-7,https://allianceforcoffeeexcellence.org/brazil-2021/
f8c00d6b60400117,Brazil,2021,COE,24,f8c00d6b60400117|COE|NA|24,TRUE,8.5,826.73,7027.21,7027.205,7.115199346695401e-7,https://allianceforcoffeeexcellence.org/brazil-2021/
f8c00d6b60400117,Brazil,2021,COE,25,f8c00d6b60400117|COE|NA|25,TRUE,8.5,661.39,5621.82,5621.815,8.893916916779868e-7,https://allianceforcoffeeexcellence.org/brazil-2021/
f8c00d6b60400117,Brazil,2021,COE,26,f8c00d6b60400117|COE|NA|26,TRUE,9.2,793.67,7301.76,7301.763999999999,5.478131298475872e-7,https://allianceforcoffeeexcellence.org/brazil-2021/
f8c00d6b60400117,Brazil,2021,COE,27,f8c00d6b60400117|COE|NA|27,TRUE,9.2,793.67,7301.76,7301.763999999999,5.478131298475872e-7,https://allianceforcoffeeexcellence.org/brazil-2021/
f8c00d6b60400117,Brazil,2021,COE,28,f8c00d6b60400117|COE|NA|28,TRUE,8.2,1058.22,8677.4,8677.403999999999,4.6096757081567267e-7,https://allianceforcoffeeexcellence.org/brazil-2021/
f8c00d6b60400117,Brazil,2021,COE,29,f8c00d6b60400117|COE|NA|29,TRUE,8.1,727.53,5892.99,5892.9929999999995,5.090794316131006e-7,https://allianceforcoffeeexcellence.org/brazil-2021/
374bae6a9cdc8d6c,Brazil,2022,COE,1A,374bae6a9cdc8d6c|COE|NA|1A,TRUE,43,462.97,19907.71,19907.710000000003,1.8274220425612555e-16,https://allianceforcoffeeexcellence.org/brazil-2022/
374bae6a9cdc8d6c,Brazil,2022,COE,1B,374bae6a9cdc8d6c|COE|NA|1B,TRUE,42.9,462.97,19861.41,19861.413,1.5104667798566067e-7,https://allianceforcoffeeexcellence.org/brazil-2022/
374bae6a9cdc8d6c,Brazil,2022,COE,2A,374bae6a9cdc8d6c|COE|NA|2A,TRUE,31,363.76,11276.56,11276.56,0,https://allianceforcoffeeexcellence.org/brazil-2022/
374bae6a9cdc8d6c,Brazil,2022,COE,2B,374bae6a9cdc8d6c|COE|NA|2B,TRUE,30.4,363.76,11058.3,11058.304,3.617192516765604e-7,https://allianceforcoffeeexcellence.org/brazil-2022/
374bae6a9cdc8d6c,Brazil,2022,COE,3A,374bae6a9cdc8d6c|COE|NA|3A,TRUE,15.7,396.83,6230.23,6230.231,1.6050771804632043e-7,https://allianceforcoffeeexcellence.org/brazil-2022/
374bae6a9cdc8d6c,Brazil,2022,COE,3B,374bae6a9cdc8d6c|COE|NA|3B,TRUE,15.8,396.83,6269.91,6269.914,6.379676901112476e-7,https://allianceforcoffeeexcellence.org/brazil-2022/
374bae6a9cdc8d6c,Brazil,2022,COE,4,374bae6a9cdc8d6c|COE|NA|4,TRUE,25.1,562.18,14110.72,14110.717999999999,1.4173621193018172e-7,https://allianceforcoffeeexcellence.org/brazil-2022/
374bae6a9cdc8d6c,Brazil,2022,COE,5,374bae6a9cdc8d6c|COE|NA|5,TRUE,40,727.52,29100.8,29100.8,0,https://allianceforcoffeeexcellence.org/brazil-2022/
374bae6a9cdc8d6c,Brazil,2022,COE,6,374bae6a9cdc8d6c|COE|NA|6,TRUE,8.2,760.59,6236.84,6236.838,3.206752137953601e-7,https://allianceforcoffeeexcellence.org/brazil-2022/
374bae6a9cdc8d6c,Brazil,2022,COE,7,374bae6a9cdc8d6c|COE|NA|7,TRUE,12,793.66,9523.92,9523.92,0,https://allianceforcoffeeexcellence.org/brazil-2022/
374bae6a9cdc8d6c,Brazil,2022,COE,8,374bae6a9cdc8d6c|COE|NA|8,TRUE,8.75,793.66,6944.53,6944.525,7.199911297249978e-7,https://allianceforcoffeeexcellence.org/brazil-2022/
374bae6a9cdc8d6c,Brazil,2022,COE,9,374bae6a9cdc8d6c|COE|NA|9,TRUE,7.4,793.66,5873.08,5873.084,6.810736444770738e-7,https://allianceforcoffeeexcellence.org/brazil-2022/
374bae6a9cdc8d6c,Brazil,2022,COE,10,374bae6a9cdc8d6c|COE|NA|10,TRUE,7.2,793.66,5714.35,5714.352,3.4999606245644016e-7,https://allianceforcoffeeexcellence.org/brazil-2022/
374bae6a9cdc8d6c,Brazil,2022,COE,11,374bae6a9cdc8d6c|COE|NA|11,TRUE,7.4,793.66,5873.08,5873.084,6.810736444770738e-7,https://allianceforcoffeeexcellence.org/brazil-2022/
374bae6a9cdc8d6c,Brazil,2022,COE,12,374bae6a9cdc8d6c|COE|NA|12,TRUE,7.2,793.66,5714.35,5714.352,3.4999606245644016e-7,https://allianceforcoffeeexcellence.org/brazil-2022/
374bae6a9cdc8d6c,Brazil,2022,COE,13,374bae6a9cdc8d6c|COE|NA|13,TRUE,7.1,892.87,6339.38,6339.3769999999995,4.73232398217362e-7,https://allianceforcoffeeexcellence.org/brazil-2022/
374bae6a9cdc8d6c,Brazil,2022,COE,14,374bae6a9cdc8d6c|COE|NA|14,TRUE,8,727.52,5820.16,5820.16,0,https://allianceforcoffeeexcellence.org/brazil-2022/
374bae6a9cdc8d6c,Brazil,2022,COE,15,374bae6a9cdc8d6c|COE|NA|15,TRUE,6.9,1554.26,10724.39,10724.394,3.729815869074985e-7,https://allianceforcoffeeexcellence.org/brazil-2022/
374bae6a9cdc8d6c,Brazil,2022,COE,16,374bae6a9cdc8d6c|COE|NA|16,TRUE,6.8,925.94,6296.39,6296.392,3.1764233147850735e-7,https://allianceforcoffeeexcellence.org/brazil-2022/
374bae6a9cdc8d6c,Brazil,2022,COE,17,374bae6a9cdc8d6c|COE|NA|17,TRUE,7.2,793.66,5714.35,5714.352,3.4999606245644016e-7,https://allianceforcoffeeexcellence.org/brazil-2022/
374bae6a9cdc8d6c,Brazil,2022,COE,18,374bae6a9cdc8d6c|COE|NA|18,TRUE,8.1,562.18,4553.66,4553.657999999999,4.3920714335445633e-7,https://allianceforcoffeeexcellence.org/brazil-2022/
374bae6a9cdc8d6c,Brazil,2022,COE,19,374bae6a9cdc8d6c|COE|NA|19,TRUE,8.85,793.66,7023.89,7023.891,1.4237125001875485e-7,https://allianceforcoffeeexcellence.org/brazil-2022/
374bae6a9cdc8d6c,Brazil,2022,COE,20,374bae6a9cdc8d6c|COE|NA|20,TRUE,7.2,793.66,5714.35,5714.352,3.4999606245644016e-7,https://allianceforcoffeeexcellence.org/brazil-2022/
374bae6a9cdc8d6c,Brazil,2022,COE,21,374bae6a9cdc8d6c|COE|NA|21,TRUE,6.8,793.66,5396.89,5396.888,3.7058379926354873e-7,https://allianceforcoffeeexcellence.org/brazil-2022/
374bae6a9cdc8d6c,Brazil,2022,COE,22,374bae6a9cdc8d6c|COE|NA|22,TRUE,6.7,793.66,5317.52,5317.522,3.7611518141877393e-7,https://allianceforcoffeeexcellence.org/brazil-2022/
374bae6a9cdc8d6c,Brazil,2022,COE,23,374bae6a9cdc8d6c|COE|NA|23,TRUE,7.4,727.52,5383.65,5383.648,3.7149517511315913e-7,https://allianceforcoffeeexcellence.org/brazil-2022/
374bae6a9cdc8d6c,Brazil,2022,COE,24,374bae6a9cdc8d6c|COE|NA|24,TRUE,6.6,1025.15,6765.99,6765.99,0,https://allianceforcoffeeexcellence.org/brazil-2022/
5690e5dd7b7859d2,Brazil,2023,COE,1,5690e5dd7b7859d2|COE|Experimental|1,TRUE,50.5,330.69,16699.85,16699.845,2.9940388670441087e-7,https://allianceforcoffeeexcellence.org/brazil-2023/
5690e5dd7b7859d2,Brazil,2023,COE,2,5690e5dd7b7859d2|COE|Experimental|2,TRUE,11.7,793.66,9285.82,9285.821999999998,2.1538216318951523e-7,https://allianceforcoffeeexcellence.org/brazil-2023/
5690e5dd7b7859d2,Brazil,2023,COE,3,5690e5dd7b7859d2|COE|Experimental|3,TRUE,16.05,330.69,5307.57,5307.574500000001,8.478456244414621e-7,https://allianceforcoffeeexcellence.org/brazil-2023/
5690e5dd7b7859d2,Brazil,2023,COE,4,5690e5dd7b7859d2|COE|Experimental|4,TRUE,12.45,396.83,4940.53,4940.5335,7.084260190310654e-7,https://allianceforcoffeeexcellence.org/brazil-2023/
5690e5dd7b7859d2,Brazil,2023,COE,5,5690e5dd7b7859d2|COE|Experimental|5,TRUE,12.1,363.76,4401.5,4401.496,9.087810973316852e-7,https://allianceforcoffeeexcellence.org/brazil-2023/
5690e5dd7b7859d2,Brazil,2023,COE,6,5690e5dd7b7859d2|COE|Experimental|6,TRUE,18.1,396.83,7182.62,7182.6230000000005,4.176748875217094e-7,https://allianceforcoffeeexcellence.org/brazil-2023/
5690e5dd7b7859d2,Brazil,2023,COE,7,5690e5dd7b7859d2|COE|Experimental|7,TRUE,11.6,793.66,9206.46,9206.456,4.344775297992842e-7,https://allianceforcoffeeexcellence.org/brazil-2023/
5690e5dd7b7859d2,Brazil,2023,COE,8,5690e5dd7b7859d2|COE|Experimental|8,TRUE,11.45,793.66,9087.41,9087.407,3.301270659749236e-7,https://allianceforcoffeeexcellence.org/brazil-2023/
5690e5dd7b7859d2,Brazil,2023,COE,9,5690e5dd7b7859d2|COE|Experimental|9,TRUE,11.7,396.83,4642.91,4642.910999999999,2.1538216318951523e-7,https://allianceforcoffeeexcellence.org/brazil-2023/
5690e5dd7b7859d2,Brazil,2023,COE,10,5690e5dd7b7859d2|COE|Experimental|10,TRUE,11.65,396.83,4623.07,4623.0695,1.0815324018495576e-7,https://allianceforcoffeeexcellence.org/brazil-2023/
5690e5dd7b7859d2,Brazil,2023,COE,1,5690e5dd7b7859d2|COE|Dry|1,TRUE,130.3,396.83,51706.95,51706.949,1.9339759869142313e-8,https://allianceforcoffeeexcellence.org/brazil-2023/
5690e5dd7b7859d2,Brazil,2023,COE,2,5690e5dd7b7859d2|COE|Dry|2,TRUE,19,529.11,10053.09,10053.09,0,https://allianceforcoffeeexcellence.org/brazil-2023/
5690e5dd7b7859d2,Brazil,2023,COE,3,5690e5dd7b7859d2|COE|Dry|3,TRUE,33.3,396.83,13214.44,13214.438999999998,7.567479227441467e-8,https://allianceforcoffeeexcellence.org/brazil-2023/
5690e5dd7b7859d2,Brazil,2023,COE,4,5690e5dd7b7859d2|COE|Dry|4,TRUE,24.3,330.69,8035.77,8035.767,3.7333074498289276e-7,https://allianceforcoffeeexcellence.org/brazil-2023/
5690e5dd7b7859d2,Brazil,2023,COE,5,5690e5dd7b7859d2|COE|Dry|5,TRUE,20.1,396.83,7976.28,7976.283,3.761151815898114e-7,https://allianceforcoffeeexcellence.org/brazil-2023/
5690e5dd7b7859d2,Brazil,2023,COE,6,5690e5dd7b7859d2|COE|Dry|6,TRUE,28.4,396.83,11269.97,11269.972,1.7746276169390457e-7,https://allianceforcoffeeexcellence.org/brazil-2023/
5690e5dd7b7859d2,Brazil,2023,COE,7,5690e5dd7b7859d2|COE|Dry|7,TRUE,13.25,793.66,10516,10515.994999999999,4.7546595673436995e-7,https://allianceforcoffeeexcellence.org/brazil-2023/
5690e5dd7b7859d2,Brazil,2023,COE,8,5690e5dd7b7859d2|COE|Dry|8,TRUE,11.8,396.83,4682.59,4682.594,8.542281087828344e-7,https://allianceforcoffeeexcellence.org/brazil-2023/
5690e5dd7b7859d2,Brazil,2023,COE,9,5690e5dd7b7859d2|COE|Dry|9,TRUE,12,330.69,3968.28,3968.2799999999997,1.145955806763797e-16,https://allianceforcoffeeexcellence.org/brazil-2023/
5690e5dd7b7859d2,Brazil,2023,COE,10,5690e5dd7b7859d2|COE|Dry|10,TRUE,11.1,661.39,7341.43,7341.428999999999,1.3621324471025691e-7,https://allianceforcoffeeexcellence.org/brazil-2023/
5690e5dd7b7859d2,Brazil,2023,COE,1,5690e5dd7b7859d2|COE|Wet|1,TRUE,62.7,330.69,20734.26,20734.263,1.4468806702583939e-7,https://allianceforcoffeeexcellence.org/brazil-2023/
5690e5dd7b7859d2,Brazil,2023,COE,2,5690e5dd7b7859d2|COE|Wet|2,TRUE,25.5,793.66,20238.33,20238.329999999998,1.7975686764133763e-16,https://allianceforcoffeeexcellence.org/brazil-2023/
5690e5dd7b7859d2,Brazil,2023,COE,3,5690e5dd7b7859d2|COE|Wet|3,TRUE,33.4,396.83,13254.12,13254.122,1.5089647585720246e-7,https://allianceforcoffeeexcellence.org/brazil-2023/
5690e5dd7b7859d2,Brazil,2023,COE,4,5690e5dd7b7859d2|COE|Wet|4,TRUE,13,793.66,10317.58,10317.58,0,https://allianceforcoffeeexcellence.org/brazil-2023/
5690e5dd7b7859d2,Brazil,2023,COE,5,5690e5dd7b7859d2|COE|Wet|5,TRUE,11.4,760.59,8670.73,8670.726,4.613221722964408e-7,https://allianceforcoffeeexcellence.org/brazil-2023/
5690e5dd7b7859d2,Brazil,2023,COE,6,5690e5dd7b7859d2|COE|Wet|6,TRUE,10.35,793.66,8214.38,8214.381,1.217377331221257e-7,https://allianceforcoffeeexcellence.org/brazil-2023/
5690e5dd7b7859d2,Brazil,2023,COE,7,5690e5dd7b7859d2|COE|Wet|7,TRUE,11.7,396.83,4642.91,4642.910999999999,2.1538216318951523e-7,https://allianceforcoffeeexcellence.org/brazil-2023/
5690e5dd7b7859d2,Brazil,2023,COE,8,5690e5dd7b7859d2|COE|Wet|8,TRUE,11.9,396.83,4722.28,4722.277,6.352863446686105e-7,https://allianceforcoffeeexcellence.org/brazil-2023/
5690e5dd7b7859d2,Brazil,2023,COE,9,5690e5dd7b7859d2|COE|Wet|9,TRUE,11.9,330.69,3935.21,3935.2110000000002,2.541160446847123e-7,https://allianceforcoffeeexcellence.org/brazil-2023/
5690e5dd7b7859d2,Brazil,2023,COE,10,5690e5dd7b7859d2|COE|Wet|10,TRUE,11.5,793.66,9127.09,9127.09,0,https://allianceforcoffeeexcellence.org/brazil-2023/
8f910a10a522a6e4,Brazil,2024,COE,1A,8f910a10a522a6e4|COE|Washed + Honey|1A,TRUE,60.1,264.6,15902.46,15902.460000000001,1.1438415210890997e-16,https://allianceforcoffeeexcellence.org/brazil-2024/
8f910a10a522a6e4,Brazil,2024,COE,1B,8f910a10a522a6e4|COE|Washed + Honey|1B,TRUE,58.1,264.6,15373.26,15373.260000000002,1.1832164443623907e-16,https://allianceforcoffeeexcellence.org/brazil-2024/
8f910a10a522a6e4,Brazil,2024,COE,3,8f910a10a522a6e4|COE|Washed + Honey|3,TRUE,27.1,396.8,10753.28,10753.28,0,https://allianceforcoffeeexcellence.org/brazil-2024/
8f910a10a522a6e4,Brazil,2024,COE,4,8f910a10a522a6e4|COE|Washed + Honey|4,TRUE,15.25,396.8,6051.2,6051.2,0,https://allianceforcoffeeexcellence.org/brazil-2024/
8f910a10a522a6e4,Brazil,2024,COE,5,8f910a10a522a6e4|COE|Washed + Honey|5,TRUE,15.5,463,7176.5,7176.5,0,https://allianceforcoffeeexcellence.org/brazil-2024/
8f910a10a522a6e4,Brazil,2024,COE,8,8f910a10a522a6e4|COE|Washed + Honey|8,TRUE,15,396.8,5952,5952,0,https://allianceforcoffeeexcellence.org/brazil-2024/
8f910a10a522a6e4,Brazil,2024,COE,9,8f910a10a522a6e4|COE|Washed + Honey|9,TRUE,15.2,760.6,11561.12,11561.119999999999,1.573367808262397e-16,https://allianceforcoffeeexcellence.org/brazil-2024/
8f910a10a522a6e4,Brazil,2024,COE,10,8f910a10a522a6e4|COE|Washed + Honey|10,TRUE,15,793.7,11905.5,11905.5,0,https://allianceforcoffeeexcellence.org/brazil-2024/
8f910a10a522a6e4,Brazil,2024,COE,1A,8f910a10a522a6e4|COE|Natural|1A,TRUE,55.2,198.4,10951.68,10951.68,0,https://allianceforcoffeeexcellence.org/brazil-2024/
8f910a10a522a6e4,Brazil,2024,COE,1B,8f910a10a522a6e4|COE|Natural|1B,TRUE,55.5,198.4,11011.2,11011.2,0,https://allianceforcoffeeexcellence.org/brazil-2024/
8f910a10a522a6e4,Brazil,2024,COE,2,8f910a10a522a6e4|COE|Natural|2,TRUE,18.9,529.1,9999.99,9999.99,0,https://allianceforcoffeeexcellence.org/brazil-2024/
8f910a10a522a6e4,Brazil,2024,COE,3,8f910a10a522a6e4|COE|Natural|3,TRUE,18.2,661.4,12037.48,12037.48,0,https://allianceforcoffeeexcellence.org/brazil-2024/
8f910a10a522a6e4,Brazil,2024,COE,4,8f910a10a522a6e4|COE|Natural|4,TRUE,25.1,793.7,19921.87,19921.870000000003,1.826123153645573e-16,https://allianceforcoffeeexcellence.org/brazil-2024/
8f910a10a522a6e4,Brazil,2024,COE,5,8f910a10a522a6e4|COE|Natural|5,FALSE,NA,NA,NA,NA,NA,https://allianceforcoffeeexcellence.org/brazil-2024/
8f910a10a522a6e4,Brazil,2024,COE,6,8f910a10a522a6e4|COE|Natural|6,TRUE,19,661.4,12566.6,12566.6,0,https://allianceforcoffeeexcellence.org/brazil-2024/
8f910a10a522a6e4,Brazil,2024,COE,7,8f910a10a522a6e4|COE|Natural|7,TRUE,15.1,396.8,5991.68,5991.68,0,https://allianceforcoffeeexcellence.org/brazil-2024/
8f910a10a522a6e4,Brazil,2024,COE,9,8f910a10a522a6e4|COE|Natural|9,TRUE,15,396.8,5952,5952,0,https://allianceforcoffeeexcellence.org/brazil-2024/
8f910a10a522a6e4,Brazil,2024,COE,10,8f910a10a522a6e4|COE|Natural|10,TRUE,15.1,529.1,7989.41,7989.41,0,https://allianceforcoffeeexcellence.org/brazil-2024/
8f910a10a522a6e4,Brazil,2024,COE,2,8f910a10a522a6e4|COE|Experimental|2,TRUE,40.1,396.8,15911.68,15911.68,0,https://allianceforcoffeeexcellence.org/brazil-2024/
8f910a10a522a6e4,Brazil,2024,COE,3,8f910a10a522a6e4|COE|Experimental|3,TRUE,24,396.8,9523.2,9523.2,0,https://allianceforcoffeeexcellence.org/brazil-2024/
8f910a10a522a6e4,Brazil,2024,COE,4,8f910a10a522a6e4|COE|Experimental|4,TRUE,27.05,396.8,10733.44,10733.44,0,https://allianceforcoffeeexcellence.org/brazil-2024/
8f910a10a522a6e4,Brazil,2024,COE,5,8f910a10a522a6e4|COE|Experimental|5,TRUE,15.4,396.8,6110.72,6110.72,0,https://allianceforcoffeeexcellence.org/brazil-2024/
8f910a10a522a6e4,Brazil,2024,COE,6,8f910a10a522a6e4|COE|Experimental|6,TRUE,27,396.8,10713.6,10713.6,0,https://allianceforcoffeeexcellence.org/brazil-2024/
8f910a10a522a6e4,Brazil,2024,COE,7,8f910a10a522a6e4|COE|Experimental|7,TRUE,15,463,6945,6945,0,https://allianceforcoffeeexcellence.org/brazil-2024/
4d450701ea8feb17,Brazil,2025,COE,1A,4d450701ea8feb17|COE|Washed + Honey|1A,TRUE,55.1,198.42,10932.94,10932.942,1.829334102801684e-7,https://allianceforcoffeeexcellence.org/brazil-2025/
4d450701ea8feb17,Brazil,2025,COE,1B,4d450701ea8feb17|COE|Washed + Honey|1B,TRUE,40.6,198.42,8055.85,8055.852,2.482667874275165e-7,https://allianceforcoffeeexcellence.org/brazil-2025/
4d450701ea8feb17,Brazil,2025,COE,2,4d450701ea8feb17|COE|Washed + Honey|2,TRUE,15.6,793.66,12381.1,12381.096,3.230730711176638e-7,https://allianceforcoffeeexcellence.org/brazil-2025/
4d450701ea8feb17,Brazil,2025,COE,3,4d450701ea8feb17|COE|Washed + Honey|3,TRUE,37.2,396.83,14762.08,14762.076000000001,2.709645252563269e-7,https://allianceforcoffeeexcellence.org/brazil-2025/
4d450701ea8feb17,Brazil,2025,COE,4,4d450701ea8feb17|COE|Washed + Honey|4,TRUE,17,396.83,6746.11,6746.11,0,https://allianceforcoffeeexcellence.org/brazil-2025/
4d450701ea8feb17,Brazil,2025,COE,5,4d450701ea8feb17|COE|Washed + Honey|5,TRUE,13.6,661.39,8994.9,8994.904,4.446964391838606e-7,https://allianceforcoffeeexcellence.org/brazil-2025/
4d450701ea8feb17,Brazil,2025,COE,6,4d450701ea8feb17|COE|Washed + Honey|6,TRUE,13.7,661.39,9061.04,9061.043,3.3108782201515397e-7,https://allianceforcoffeeexcellence.org/brazil-2025/
4d450701ea8feb17,Brazil,2025,COE,7,4d450701ea8feb17|COE|Washed + Honey|7,TRUE,15.2,396.83,6031.82,6031.816,6.631497624109163e-7,https://allianceforcoffeeexcellence.org/brazil-2025/
4d450701ea8feb17,Brazil,2025,COE,8,4d450701ea8feb17|COE|Washed + Honey|8,TRUE,13.6,396.83,5396.89,5396.888,3.7058379926354873e-7,https://allianceforcoffeeexcellence.org/brazil-2025/
4d450701ea8feb17,Brazil,2025,COE,9,4d450701ea8feb17|COE|Washed + Honey|9,TRUE,13,661.39,8598.07,8598.07,0,https://allianceforcoffeeexcellence.org/brazil-2025/
4d450701ea8feb17,Brazil,2025,COE,10,4d450701ea8feb17|COE|Washed + Honey|10,TRUE,13.7,661.39,9061.04,9061.043,3.3108782201515397e-7,https://allianceforcoffeeexcellence.org/brazil-2025/
4d450701ea8feb17,Brazil,2025,COE,1A,4d450701ea8feb17|COE|Natural|1A,TRUE,65.1,264.55,17222.21,17222.204999999998,2.9032278673983385e-7,https://allianceforcoffeeexcellence.org/brazil-2025/
4d450701ea8feb17,Brazil,2025,COE,1B,4d450701ea8feb17|COE|Natural|1B,TRUE,65,264.55,17195.75,17195.75,0,https://allianceforcoffeeexcellence.org/brazil-2025/
4d450701ea8feb17,Brazil,2025,COE,2,4d450701ea8feb17|COE|Natural|2,TRUE,21.6,462.97,10000.15,10000.152000000002,1.999970002676403e-7,https://allianceforcoffeeexcellence.org/brazil-2025/
4d450701ea8feb17,Brazil,2025,COE,3,4d450701ea8feb17|COE|Natural|3,TRUE,15.7,661.39,10383.82,10383.822999999999,2.8891101721641855e-7,https://allianceforcoffeeexcellence.org/brazil-2025/
4d450701ea8feb17,Brazil,2025,COE,4,4d450701ea8feb17|COE|Natural|4,TRUE,15.2,396.83,6031.82,6031.816,6.631497624109163e-7,https://allianceforcoffeeexcellence.org/brazil-2025/
4d450701ea8feb17,Brazil,2025,COE,5,4d450701ea8feb17|COE|Natural|5,TRUE,15.3,859.8,13154.94,13154.94,0,https://allianceforcoffeeexcellence.org/brazil-2025/
4d450701ea8feb17,Brazil,2025,COE,6,4d450701ea8feb17|COE|Natural|6,TRUE,13.3,859.8,11435.34,11435.34,0,https://allianceforcoffeeexcellence.org/brazil-2025/
4d450701ea8feb17,Brazil,2025,COE,7,4d450701ea8feb17|COE|Natural|7,TRUE,12.1,859.8,10403.58,10403.58,0,https://allianceforcoffeeexcellence.org/brazil-2025/
4d450701ea8feb17,Brazil,2025,COE,8,4d450701ea8feb17|COE|Natural|8,TRUE,15,396.83,5952.45,5952.45,0,https://allianceforcoffeeexcellence.org/brazil-2025/
4d450701ea8feb17,Brazil,2025,COE,9,4d450701ea8feb17|COE|Natural|9,TRUE,11.9,462.97,5509.34,5509.343000000001,5.445298349005835e-7,https://allianceforcoffeeexcellence.org/brazil-2025/
4d450701ea8feb17,Brazil,2025,COE,10,4d450701ea8feb17|COE|Natural|10,TRUE,12.4,793.66,9841.38,9841.384,4.0644706340115997e-7,https://allianceforcoffeeexcellence.org/brazil-2025/
4d450701ea8feb17,Brazil,2025,COE,1A,4d450701ea8feb17|COE|Experimental|1A,TRUE,61.4,198.42,12182.99,12182.988,1.641633129804304e-7,https://allianceforcoffeeexcellence.org/brazil-2025/
4d450701ea8feb17,Brazil,2025,COE,1B,4d450701ea8feb17|COE|Experimental|1B,TRUE,61.3,198.42,12163.15,12163.145999999999,3.2886217803898724e-7,https://allianceforcoffeeexcellence.org/brazil-2025/
4d450701ea8feb17,Brazil,2025,COE,2,4d450701ea8feb17|COE|Experimental|2,TRUE,45.2,661.39,29894.83,29894.828,6.690119998700288e-8,https://allianceforcoffeeexcellence.org/brazil-2025/
4d450701ea8feb17,Brazil,2025,COE,3,4d450701ea8feb17|COE|Experimental|3,TRUE,17,396.83,6746.11,6746.11,0,https://allianceforcoffeeexcellence.org/brazil-2025/
4d450701ea8feb17,Brazil,2025,COE,4,4d450701ea8feb17|COE|Experimental|4,TRUE,20.3,396.83,8055.65,8055.649,1.2413647555370853e-7,https://allianceforcoffeeexcellence.org/brazil-2025/
4d450701ea8feb17,Brazil,2025,COE,5,4d450701ea8feb17|COE|Experimental|5,TRUE,16.1,462.97,7453.82,7453.817000000001,4.024781922279034e-7,https://allianceforcoffeeexcellence.org/brazil-2025/
4d450701ea8feb17,Brazil,2025,COE,6,4d450701ea8feb17|COE|Experimental|6,TRUE,21.9,396.83,8690.58,8690.577,3.4520135602125295e-7,https://allianceforcoffeeexcellence.org/brazil-2025/
4d450701ea8feb17,Brazil,2025,COE,7,4d450701ea8feb17|COE|Experimental|7,TRUE,18.8,396.83,7460.4,7460.4039999999995,5.361642807229388e-7,https://allianceforcoffeeexcellence.org/brazil-2025/
4d450701ea8feb17,Brazil,2025,COE,8,4d450701ea8feb17|COE|Experimental|8,TRUE,15.2,462.97,7037.14,7037.144,5.684127358423184e-7,https://allianceforcoffeeexcellence.org/brazil-2025/
4d450701ea8feb17,Brazil,2025,COE,9,4d450701ea8feb17|COE|Experimental|9,TRUE,20.2,396.83,8015.97,8015.965999999999,4.990038636390739e-7,https://allianceforcoffeeexcellence.org/brazil-2025/
4d450701ea8feb17,Brazil,2025,COE,10,4d450701ea8feb17|COE|Experimental|10,TRUE,12.2,396.83,4841.33,4841.325999999999,8.262192415751265e-7,https://allianceforcoffeeexcellence.org/brazil-2025/
616f537ef2678bf7,Burundi,2012,COE,1,616f537ef2678bf7|COE|NA|1,TRUE,23.4,NA,40032.49,NA,NA,https://allianceforcoffeeexcellence.org/burundi-2012/
616f537ef2678bf7,Burundi,2012,COE,2,616f537ef2678bf7|COE|NA|2,TRUE,12.77,NA,28828.66,NA,NA,https://allianceforcoffeeexcellence.org/burundi-2012/
616f537ef2678bf7,Burundi,2012,COE,3,616f537ef2678bf7|COE|NA|3,TRUE,10.1,NA,31017.5,NA,NA,https://allianceforcoffeeexcellence.org/burundi-2012/
616f537ef2678bf7,Burundi,2012,COE,4,616f537ef2678bf7|COE|NA|4,TRUE,5.95,NA,26549.79,NA,NA,https://allianceforcoffeeexcellence.org/burundi-2012/
616f537ef2678bf7,Burundi,2012,COE,5,616f537ef2678bf7|COE|NA|5,TRUE,8,NA,24550.64,NA,NA,https://allianceforcoffeeexcellence.org/burundi-2012/
616f537ef2678bf7,Burundi,2012,COE,6,616f537ef2678bf7|COE|NA|6,TRUE,7.2,NA,12016.08,NA,NA,https://allianceforcoffeeexcellence.org/burundi-2012/
616f537ef2678bf7,Burundi,2012,COE,7,616f537ef2678bf7|COE|NA|7,TRUE,5.6,NA,17358.32,NA,NA,https://allianceforcoffeeexcellence.org/burundi-2012/
616f537ef2678bf7,Burundi,2012,COE,8,616f537ef2678bf7|COE|NA|8,TRUE,4.2,NA,27463.38,NA,NA,https://allianceforcoffeeexcellence.org/burundi-2012/
616f537ef2678bf7,Burundi,2012,COE,9,616f537ef2678bf7|COE|NA|9,TRUE,5.8,NA,18067.75,NA,NA,https://allianceforcoffeeexcellence.org/burundi-2012/
616f537ef2678bf7,Burundi,2012,COE,10,616f537ef2678bf7|COE|NA|10,TRUE,6.75,NA,21190.82,NA,NA,https://allianceforcoffeeexcellence.org/burundi-2012/
616f537ef2678bf7,Burundi,2012,COE,11,616f537ef2678bf7|COE|NA|11,TRUE,7.21,NA,13320.26,NA,NA,https://allianceforcoffeeexcellence.org/burundi-2012/
616f537ef2678bf7,Burundi,2012,COE,12,616f537ef2678bf7|COE|NA|12,TRUE,7.2,NA,12508.13,NA,NA,https://allianceforcoffeeexcellence.org/burundi-2012/
616f537ef2678bf7,Burundi,2012,COE,13,616f537ef2678bf7|COE|NA|13,TRUE,6.8,NA,20553.2,NA,NA,https://allianceforcoffeeexcellence.org/burundi-2012/
616f537ef2678bf7,Burundi,2012,COE,14,616f537ef2678bf7|COE|NA|14,TRUE,5.65,NA,17824.68,NA,NA,https://allianceforcoffeeexcellence.org/burundi-2012/
616f537ef2678bf7,Burundi,2012,COE,15,616f537ef2678bf7|COE|NA|15,TRUE,5.85,NA,15218.48,NA,NA,https://allianceforcoffeeexcellence.org/burundi-2012/
616f537ef2678bf7,Burundi,2012,COE,16,616f537ef2678bf7|COE|NA|16,TRUE,5.65,NA,16915.37,NA,NA,https://allianceforcoffeeexcellence.org/burundi-2012/
616f537ef2678bf7,Burundi,2012,COE,17,616f537ef2678bf7|COE|NA|17,TRUE,5.12,NA,16152.63,NA,NA,https://allianceforcoffeeexcellence.org/burundi-2012/
a788c4997f41e4fb,Burundi,2013,COE,1,a788c4997f41e4fb|COE|NA|1,TRUE,25.2,NA,44982,NA,NA,https://allianceforcoffeeexcellence.org/burundi-2013/
a788c4997f41e4fb,Burundi,2013,COE,2,a788c4997f41e4fb|COE|NA|2,TRUE,17.2,NA,21603.2,NA,NA,https://allianceforcoffeeexcellence.org/burundi-2013/
a788c4997f41e4fb,Burundi,2013,COE,3,a788c4997f41e4fb|COE|NA|3,TRUE,17.4,NA,23002.8,NA,NA,https://allianceforcoffeeexcellence.org/burundi-2013/
a788c4997f41e4fb,Burundi,2013,COE,4,a788c4997f41e4fb|COE|NA|4,TRUE,16.32,NA,19420.8,NA,NA,https://allianceforcoffeeexcellence.org/burundi-2013/
a788c4997f41e4fb,Burundi,2013,COE,5,a788c4997f41e4fb|COE|NA|5,TRUE,8.4,NA,13330.8,NA,NA,https://allianceforcoffeeexcellence.org/burundi-2013/
a788c4997f41e4fb,Burundi,2013,COE,6,a788c4997f41e4fb|COE|NA|6,TRUE,8.1,NA,12320.1,NA,NA,https://allianceforcoffeeexcellence.org/burundi-2013/
a788c4997f41e4fb,Burundi,2013,COE,7,a788c4997f41e4fb|COE|NA|7,TRUE,7.9,NA,21938.3,NA,NA,https://allianceforcoffeeexcellence.org/burundi-2013/
a788c4997f41e4fb,Burundi,2013,COE,8,a788c4997f41e4fb|COE|NA|8,TRUE,8.4,NA,11104.8,NA,NA,https://allianceforcoffeeexcellence.org/burundi-2013/
a788c4997f41e4fb,Burundi,2013,COE,9,a788c4997f41e4fb|COE|NA|9,TRUE,7,NA,8799,NA,NA,https://allianceforcoffeeexcellence.org/burundi-2013/
a788c4997f41e4fb,Burundi,2013,COE,10,a788c4997f41e4fb|COE|NA|10,TRUE,6.2,NA,7378,NA,NA,https://allianceforcoffeeexcellence.org/burundi-2013/
a788c4997f41e4fb,Burundi,2013,COE,11,a788c4997f41e4fb|COE|NA|11,TRUE,6.2,NA,9839.4,NA,NA,https://allianceforcoffeeexcellence.org/burundi-2013/
a788c4997f41e4fb,Burundi,2013,COE,12,a788c4997f41e4fb|COE|NA|12,TRUE,7.4,NA,21534,NA,NA,https://allianceforcoffeeexcellence.org/burundi-2013/
a788c4997f41e4fb,Burundi,2013,COE,13,a788c4997f41e4fb|COE|NA|13,TRUE,6,NA,7932,NA,NA,https://allianceforcoffeeexcellence.org/burundi-2013/
a788c4997f41e4fb,Burundi,2013,COE,14,a788c4997f41e4fb|COE|NA|14,TRUE,6,NA,7140,NA,NA,https://allianceforcoffeeexcellence.org/burundi-2013/
f142488b1549196e,Burundi,2014,COE,1,f142488b1549196e|COE|NA|1,TRUE,59.1,NA,74288.7,NA,NA,https://allianceforcoffeeexcellence.org/burundi-2014/
f142488b1549196e,Burundi,2014,COE,2,f142488b1549196e|COE|NA|2,TRUE,12.4,NA,35265.6,NA,NA,https://allianceforcoffeeexcellence.org/burundi-2014/
f142488b1549196e,Burundi,2014,COE,3,f142488b1549196e|COE|NA|3,TRUE,25.1,NA,26555.8,NA,NA,https://allianceforcoffeeexcellence.org/burundi-2014/
f142488b1549196e,Burundi,2014,COE,4,f142488b1549196e|COE|NA|4,TRUE,7,NA,18984,NA,NA,https://allianceforcoffeeexcellence.org/burundi-2014/
f142488b1549196e,Burundi,2014,COE,5,f142488b1549196e|COE|NA|5,TRUE,6,NA,16272,NA,NA,https://allianceforcoffeeexcellence.org/burundi-2014/
f142488b1549196e,Burundi,2014,COE,6,f142488b1549196e|COE|NA|6,TRUE,5.6,NA,15926.4,NA,NA,https://allianceforcoffeeexcellence.org/burundi-2014/
f142488b1549196e,Burundi,2014,COE,7,f142488b1549196e|COE|NA|7,TRUE,5.3,NA,15423,NA,NA,https://allianceforcoffeeexcellence.org/burundi-2014/
f142488b1549196e,Burundi,2014,COE,8,f142488b1549196e|COE|NA|8,TRUE,7.1,NA,18310.9,NA,NA,https://allianceforcoffeeexcellence.org/burundi-2014/
f142488b1549196e,Burundi,2014,COE,9,f142488b1549196e|COE|NA|9,TRUE,5.9,NA,6631.6,NA,NA,https://allianceforcoffeeexcellence.org/burundi-2014/
f142488b1549196e,Burundi,2014,COE,10,f142488b1549196e|COE|NA|10,TRUE,5.45,NA,13695.85,NA,NA,https://allianceforcoffeeexcellence.org/burundi-2014/
f142488b1549196e,Burundi,2014,COE,11,f142488b1549196e|COE|NA|11,TRUE,4.6,NA,7300.2,NA,NA,https://allianceforcoffeeexcellence.org/burundi-2014/
f142488b1549196e,Burundi,2014,COE,12,f142488b1549196e|COE|NA|12,TRUE,4.1,NA,9762.1,NA,NA,https://allianceforcoffeeexcellence.org/burundi-2014/
f142488b1549196e,Burundi,2014,COE,13,f142488b1549196e|COE|NA|13,TRUE,4.1,NA,10848.6,NA,NA,https://allianceforcoffeeexcellence.org/burundi-2014/
f142488b1549196e,Burundi,2014,COE,14,f142488b1549196e|COE|NA|14,TRUE,5.5,NA,14553,NA,NA,https://allianceforcoffeeexcellence.org/burundi-2014/
f142488b1549196e,Burundi,2014,COE,15,f142488b1549196e|COE|NA|15,TRUE,4.4,NA,7568,NA,NA,https://allianceforcoffeeexcellence.org/burundi-2014/
f142488b1549196e,Burundi,2014,COE,16,f142488b1549196e|COE|NA|16,TRUE,4.1,NA,10032.7,NA,NA,https://allianceforcoffeeexcellence.org/burundi-2014/
f142488b1549196e,Burundi,2014,COE,17,f142488b1549196e|COE|NA|17,TRUE,4,NA,16932,NA,NA,https://allianceforcoffeeexcellence.org/burundi-2014/
f142488b1549196e,Burundi,2014,COE,18,f142488b1549196e|COE|NA|18,TRUE,4,NA,10848,NA,NA,https://allianceforcoffeeexcellence.org/burundi-2014/
f142488b1549196e,Burundi,2014,COE,19,f142488b1549196e|COE|NA|19,TRUE,4.2,NA,8887.2,NA,NA,https://allianceforcoffeeexcellence.org/burundi-2014/
f142488b1549196e,Burundi,2014,COE,20,f142488b1549196e|COE|NA|20,TRUE,4.2,NA,7501.2,NA,NA,https://allianceforcoffeeexcellence.org/burundi-2014/
f142488b1549196e,Burundi,2014,COE,21,f142488b1549196e|COE|NA|21,TRUE,4.2,NA,5833.8,NA,NA,https://allianceforcoffeeexcellence.org/burundi-2014/
f142488b1549196e,Burundi,2014,COE,22,f142488b1549196e|COE|NA|22,TRUE,4,NA,12432,NA,NA,https://allianceforcoffeeexcellence.org/burundi-2014/
f142488b1549196e,Burundi,2014,COE,23,f142488b1549196e|COE|NA|23,TRUE,4.1,NA,11389.8,NA,NA,https://allianceforcoffeeexcellence.org/burundi-2014/
f142488b1549196e,Burundi,2014,COE,24,f142488b1549196e|COE|NA|24,TRUE,4.2,NA,11113.2,NA,NA,https://allianceforcoffeeexcellence.org/burundi-2014/
f142488b1549196e,Burundi,2014,COE,25,f142488b1549196e|COE|NA|25,TRUE,6.1,NA,6051.2,NA,NA,https://allianceforcoffeeexcellence.org/burundi-2014/
f142488b1549196e,Burundi,2014,COE,26,f142488b1549196e|COE|NA|26,TRUE,4,NA,7672,NA,NA,https://allianceforcoffeeexcellence.org/burundi-2014/
f142488b1549196e,Burundi,2014,COE,27,f142488b1549196e|COE|NA|27,TRUE,4,NA,8996,NA,NA,https://allianceforcoffeeexcellence.org/burundi-2014/
df2a0030ea37d2c1,Burundi,2015,COE,1,df2a0030ea37d2c1|COE|NA|1,TRUE,28.7,NA,55363.16,NA,NA,https://allianceforcoffeeexcellence.org/burundi-2015/
df2a0030ea37d2c1,Burundi,2015,COE,2,df2a0030ea37d2c1|COE|NA|2,TRUE,10.9,NA,20305.61,NA,NA,https://allianceforcoffeeexcellence.org/burundi-2015/
df2a0030ea37d2c1,Burundi,2015,COE,3,df2a0030ea37d2c1|COE|NA|3,TRUE,16.1,NA,21829.02,NA,NA,https://allianceforcoffeeexcellence.org/burundi-2015/
df2a0030ea37d2c1,Burundi,2015,COE,4,df2a0030ea37d2c1|COE|NA|4,TRUE,6.4,NA,17777.98,NA,NA,https://allianceforcoffeeexcellence.org/burundi-2015/
df2a0030ea37d2c1,Burundi,2015,COE,5,df2a0030ea37d2c1|COE|NA|5,TRUE,8.3,NA,14638.63,NA,NA,https://allianceforcoffeeexcellence.org/burundi-2015/
df2a0030ea37d2c1,Burundi,2015,COE,6,df2a0030ea37d2c1|COE|NA|6,TRUE,11.25,NA,20461.5,NA,NA,https://allianceforcoffeeexcellence.org/burundi-2015/
df2a0030ea37d2c1,Burundi,2015,COE,7,df2a0030ea37d2c1|COE|NA|7,TRUE,8.5,NA,12180.5,NA,NA,https://allianceforcoffeeexcellence.org/burundi-2015/
df2a0030ea37d2c1,Burundi,2015,COE,8,df2a0030ea37d2c1|COE|NA|8,TRUE,9.3,NA,11686.66,NA,NA,https://allianceforcoffeeexcellence.org/burundi-2015/
df2a0030ea37d2c1,Burundi,2015,COE,9,df2a0030ea37d2c1|COE|NA|9,TRUE,5.61,NA,13357.3,NA,NA,https://allianceforcoffeeexcellence.org/burundi-2015/
df2a0030ea37d2c1,Burundi,2015,COE,10,df2a0030ea37d2c1|COE|NA|10,TRUE,6.01,NA,16694.64,NA,NA,https://allianceforcoffeeexcellence.org/burundi-2015/
df2a0030ea37d2c1,Burundi,2015,COE,11,df2a0030ea37d2c1|COE|NA|11,TRUE,4.4,NA,10039.79,NA,NA,https://allianceforcoffeeexcellence.org/burundi-2015/
df2a0030ea37d2c1,Burundi,2015,COE,12A,df2a0030ea37d2c1|COE|NA|12A,TRUE,5.4,NA,22143.08,NA,NA,https://allianceforcoffeeexcellence.org/burundi-2015/
df2a0030ea37d2c1,Burundi,2015,COE,12B,df2a0030ea37d2c1|COE|NA|12B,TRUE,5.3,NA,5959.06,NA,NA,https://allianceforcoffeeexcellence.org/burundi-2015/
df2a0030ea37d2c1,Burundi,2015,COE,14,df2a0030ea37d2c1|COE|NA|14,TRUE,5,NA,16424.35,NA,NA,https://allianceforcoffeeexcellence.org/burundi-2015/
df2a0030ea37d2c1,Burundi,2015,COE,15,df2a0030ea37d2c1|COE|NA|15,TRUE,4.8,NA,10793.76,NA,NA,https://allianceforcoffeeexcellence.org/burundi-2015/
df2a0030ea37d2c1,Burundi,2015,COE,16,df2a0030ea37d2c1|COE|NA|16,TRUE,5,NA,25353,NA,NA,https://allianceforcoffeeexcellence.org/burundi-2015/
df2a0030ea37d2c1,Burundi,2015,COE,17,df2a0030ea37d2c1|COE|NA|17,TRUE,4.6,NA,14603.34,NA,NA,https://allianceforcoffeeexcellence.org/burundi-2015/
df2a0030ea37d2c1,Burundi,2015,COE,18,df2a0030ea37d2c1|COE|NA|18,TRUE,5.1,NA,6408.81,NA,NA,https://allianceforcoffeeexcellence.org/burundi-2015/
df2a0030ea37d2c1,Burundi,2015,COE,19,df2a0030ea37d2c1|COE|NA|19,TRUE,5.2,NA,9285.8,NA,NA,https://allianceforcoffeeexcellence.org/burundi-2015/
df2a0030ea37d2c1,Burundi,2015,COE,20A,df2a0030ea37d2c1|COE|NA|20A,TRUE,4.5,NA,9226.3,NA,NA,https://allianceforcoffeeexcellence.org/burundi-2015/
df2a0030ea37d2c1,Burundi,2015,COE,20B,df2a0030ea37d2c1|COE|NA|20B,TRUE,4.5,NA,10674.72,NA,NA,https://allianceforcoffeeexcellence.org/burundi-2015/
df2a0030ea37d2c1,Burundi,2015,COE,22,df2a0030ea37d2c1|COE|NA|22,TRUE,4.3,NA,5119.11,NA,NA,https://allianceforcoffeeexcellence.org/burundi-2015/
df2a0030ea37d2c1,Burundi,2015,COE,23,df2a0030ea37d2c1|COE|NA|23,TRUE,5.2,NA,8322.86,NA,NA,https://allianceforcoffeeexcellence.org/burundi-2015/
df2a0030ea37d2c1,Burundi,2015,COE,24A,df2a0030ea37d2c1|COE|NA|24A,TRUE,4.2,NA,3888.95,NA,NA,https://allianceforcoffeeexcellence.org/burundi-2015/
df2a0030ea37d2c1,Burundi,2015,COE,24B,df2a0030ea37d2c1|COE|NA|24B,TRUE,4.82,NA,12836.48,NA,NA,https://allianceforcoffeeexcellence.org/burundi-2015/
df2a0030ea37d2c1,Burundi,2015,COE,26,df2a0030ea37d2c1|COE|NA|26,TRUE,4.5,NA,13760.06,NA,NA,https://allianceforcoffeeexcellence.org/burundi-2015/
df2a0030ea37d2c1,Burundi,2015,COE,27,df2a0030ea37d2c1|COE|NA|27,TRUE,4.1,NA,8505.61,NA,NA,https://allianceforcoffeeexcellence.org/burundi-2015/
bc5c1e38d691c08b,Burundi,2017,NW,25,bc5c1e38d691c08b|NW|NA|25,TRUE,4,NA,5176.44,NA,NA,https://allianceforcoffeeexcellence.org/burundi-2017/
bc5c1e38d691c08b,Burundi,2017,NW,27,bc5c1e38d691c08b|NW|NA|27,TRUE,4,NA,5820.2,NA,NA,https://allianceforcoffeeexcellence.org/burundi-2017/
bc5c1e38d691c08b,Burundi,2017,NW,29,bc5c1e38d691c08b|NW|NA|29,FALSE,NA,NA,NA,NA,NA,https://allianceforcoffeeexcellence.org/burundi-2017/
bc5c1e38d691c08b,Burundi,2017,NW,30,bc5c1e38d691c08b|NW|NA|30,FALSE,NA,NA,NA,NA,NA,https://allianceforcoffeeexcellence.org/burundi-2017/
bc5c1e38d691c08b,Burundi,2017,NW,31,bc5c1e38d691c08b|NW|NA|31,FALSE,NA,NA,NA,NA,NA,https://allianceforcoffeeexcellence.org/burundi-2017/
bc5c1e38d691c08b,Burundi,2017,NW,32,bc5c1e38d691c08b|NW|NA|32,FALSE,NA,NA,NA,NA,NA,https://allianceforcoffeeexcellence.org/burundi-2017/
bc5c1e38d691c08b,Burundi,2017,NW,34,bc5c1e38d691c08b|NW|NA|34,FALSE,NA,NA,NA,NA,NA,https://allianceforcoffeeexcellence.org/burundi-2017/
bc5c1e38d691c08b,Burundi,2017,NW,35,bc5c1e38d691c08b|NW|NA|35,FALSE,NA,NA,NA,NA,NA,https://allianceforcoffeeexcellence.org/burundi-2017/
bc5c1e38d691c08b,Burundi,2017,COE,1A,bc5c1e38d691c08b|COE|NA|1A,TRUE,52.3,NA,23867.63,NA,NA,https://allianceforcoffeeexcellence.org/burundi-2017/
bc5c1e38d691c08b,Burundi,2017,COE,1B,bc5c1e38d691c08b|COE|NA|1B,TRUE,52.2,NA,24167.03,NA,NA,https://allianceforcoffeeexcellence.org/burundi-2017/
bc5c1e38d691c08b,Burundi,2017,COE,2A,bc5c1e38d691c08b|COE|NA|2A,TRUE,11.4,NA,5680.05,NA,NA,https://allianceforcoffeeexcellence.org/burundi-2017/
bc5c1e38d691c08b,Burundi,2017,COE,2B,bc5c1e38d691c08b|COE|NA|2B,TRUE,11.4,NA,5277.86,NA,NA,https://allianceforcoffeeexcellence.org/burundi-2017/
bc5c1e38d691c08b,Burundi,2017,COE,3,bc5c1e38d691c08b|COE|NA|3,TRUE,8.7,NA,8189.92,NA,NA,https://allianceforcoffeeexcellence.org/burundi-2017/
bc5c1e38d691c08b,Burundi,2017,COE,4,bc5c1e38d691c08b|COE|NA|4,TRUE,8.5,NA,8919.9,NA,NA,https://allianceforcoffeeexcellence.org/burundi-2017/
bc5c1e38d691c08b,Burundi,2017,COE,5,bc5c1e38d691c08b|COE|NA|5,TRUE,8.7,NA,8209.15,NA,NA,https://allianceforcoffeeexcellence.org/burundi-2017/
bc5c1e38d691c08b,Burundi,2017,COE,6,bc5c1e38d691c08b|COE|NA|6,TRUE,8.2,NA,17119.8,NA,NA,https://allianceforcoffeeexcellence.org/burundi-2017/
bc5c1e38d691c08b,Burundi,2017,COE,7,bc5c1e38d691c08b|COE|NA|7,TRUE,8.1,NA,7303.69,NA,NA,https://allianceforcoffeeexcellence.org/burundi-2017/
bc5c1e38d691c08b,Burundi,2017,COE,8,bc5c1e38d691c08b|COE|NA|8,TRUE,8.3,NA,7923.18,NA,NA,https://allianceforcoffeeexcellence.org/burundi-2017/
bc5c1e38d691c08b,Burundi,2017,COE,9,bc5c1e38d691c08b|COE|NA|9,TRUE,8.4,NA,6426,NA,NA,https://allianceforcoffeeexcellence.org/burundi-2017/
bc5c1e38d691c08b,Burundi,2017,COE,10,bc5c1e38d691c08b|COE|NA|10,TRUE,7.7,NA,15464.76,NA,NA,https://allianceforcoffeeexcellence.org/burundi-2017/
bc5c1e38d691c08b,Burundi,2017,COE,11,bc5c1e38d691c08b|COE|NA|11,TRUE,7.8,NA,6929.99,NA,NA,https://allianceforcoffeeexcellence.org/burundi-2017/
bc5c1e38d691c08b,Burundi,2017,COE,12,bc5c1e38d691c08b|COE|NA|12,TRUE,7.65,NA,7015.97,NA,NA,https://allianceforcoffeeexcellence.org/burundi-2017/
bc5c1e38d691c08b,Burundi,2017,COE,13,bc5c1e38d691c08b|COE|NA|13,TRUE,7.8,NA,6431.33,NA,NA,https://allianceforcoffeeexcellence.org/burundi-2017/
bc5c1e38d691c08b,Burundi,2017,COE,14,bc5c1e38d691c08b|COE|NA|14,TRUE,8.25,NA,4874.43,NA,NA,https://allianceforcoffeeexcellence.org/burundi-2017/
bc5c1e38d691c08b,Burundi,2017,COE,15,bc5c1e38d691c08b|COE|NA|15,TRUE,7.25,NA,9973.68,NA,NA,https://allianceforcoffeeexcellence.org/burundi-2017/
bc5c1e38d691c08b,Burundi,2017,COE,16,bc5c1e38d691c08b|COE|NA|16,TRUE,6.6,NA,18028.1,NA,NA,https://allianceforcoffeeexcellence.org/burundi-2017/
bc5c1e38d691c08b,Burundi,2017,COE,17,bc5c1e38d691c08b|COE|NA|17,TRUE,7.4,NA,7406.66,NA,NA,https://allianceforcoffeeexcellence.org/burundi-2017/
bc5c1e38d691c08b,Burundi,2017,COE,18,bc5c1e38d691c08b|COE|NA|18,TRUE,7.5,NA,14104.05,NA,NA,https://allianceforcoffeeexcellence.org/burundi-2017/
bc5c1e38d691c08b,Burundi,2017,COE,19,bc5c1e38d691c08b|COE|NA|19,TRUE,7,NA,6990.83,NA,NA,https://allianceforcoffeeexcellence.org/burundi-2017/
bc5c1e38d691c08b,Burundi,2017,COE,20,bc5c1e38d691c08b|COE|NA|20,TRUE,6.95,NA,6190.16,NA,NA,https://allianceforcoffeeexcellence.org/burundi-2017/
bc5c1e38d691c08b,Burundi,2017,COE,21,bc5c1e38d691c08b|COE|NA|21,TRUE,5.9,NA,8298.65,NA,NA,https://allianceforcoffeeexcellence.org/burundi-2017/
bc5c1e38d691c08b,Burundi,2017,COE,22,bc5c1e38d691c08b|COE|NA|22,TRUE,5.95,NA,8014.77,NA,NA,https://allianceforcoffeeexcellence.org/burundi-2017/
bc5c1e38d691c08b,Burundi,2017,COE,23,bc5c1e38d691c08b|COE|NA|23,TRUE,8.8,NA,5160.58,NA,NA,https://allianceforcoffeeexcellence.org/burundi-2017/
6125b41b95ca5561,Burundi,2018,NW,30,6125b41b95ca5561|NW|NA|30,FALSE,NA,NA,NA,NA,NA,https://allianceforcoffeeexcellence.org/burundi-2018/
6125b41b95ca5561,Burundi,2018,NW,31,6125b41b95ca5561|NW|NA|31,FALSE,NA,NA,NA,NA,NA,https://allianceforcoffeeexcellence.org/burundi-2018/
6125b41b95ca5561,Burundi,2018,NW,32,6125b41b95ca5561|NW|NA|32,FALSE,NA,NA,NA,NA,NA,https://allianceforcoffeeexcellence.org/burundi-2018/
6125b41b95ca5561,Burundi,2018,NW,33,6125b41b95ca5561|NW|NA|33,FALSE,NA,NA,NA,NA,NA,https://allianceforcoffeeexcellence.org/burundi-2018/
6125b41b95ca5561,Burundi,2018,NW,34,6125b41b95ca5561|NW|NA|34,FALSE,NA,NA,NA,NA,NA,https://allianceforcoffeeexcellence.org/burundi-2018/
6125b41b95ca5561,Burundi,2018,NW,35,6125b41b95ca5561|NW|NA|35,FALSE,NA,NA,NA,NA,NA,https://allianceforcoffeeexcellence.org/burundi-2018/
6125b41b95ca5561,Burundi,2018,COE,1A,6125b41b95ca5561|COE|NA|1A,TRUE,19.9,264.55,5264.55,5264.545,9.497487914653938e-7,https://allianceforcoffeeexcellence.org/burundi-2018/
6125b41b95ca5561,Burundi,2018,COE,1B,6125b41b95ca5561|COE|NA|1B,TRUE,19.6,315.26,6179.1,6179.0960000000005,6.473434642432413e-7,https://allianceforcoffeeexcellence.org/burundi-2018/
6125b41b95ca5561,Burundi,2018,COE,2A,6125b41b95ca5561|COE|NA|2A,TRUE,18.3,595.25,10893.08,10893.075,4.590070025373581e-7,https://allianceforcoffeeexcellence.org/burundi-2018/
6125b41b95ca5561,Burundi,2018,COE,2B,6125b41b95ca5561|COE|NA|2B,TRUE,16.6,652.57,10832.66,10832.662000000002,1.8462686009036036e-7,https://allianceforcoffeeexcellence.org/burundi-2018/
6125b41b95ca5561,Burundi,2018,COE,3A,6125b41b95ca5561|COE|NA|3A,TRUE,11,264.55,2910.05,2910.05,0,https://allianceforcoffeeexcellence.org/burundi-2018/
6125b41b95ca5561,Burundi,2018,COE,3B,6125b41b95ca5561|COE|NA|3B,TRUE,11,330.69,3637.59,3637.59,0,https://allianceforcoffeeexcellence.org/burundi-2018/
6125b41b95ca5561,Burundi,2018,COE,4A,6125b41b95ca5561|COE|NA|4A,TRUE,6.6,1455.05,9603.33,9603.33,0,https://allianceforcoffeeexcellence.org/burundi-2018/
6125b41b95ca5561,Burundi,2018,COE,4B,6125b41b95ca5561|COE|NA|4B,TRUE,6,1514.57,9087.42,9087.42,0,https://allianceforcoffeeexcellence.org/burundi-2018/
6125b41b95ca5561,Burundi,2018,COE,5A,6125b41b95ca5561|COE|NA|5A,TRUE,8.1,330.69,2678.59,2678.589,3.7333074498289276e-7,https://allianceforcoffeeexcellence.org/burundi-2018/
6125b41b95ca5561,Burundi,2018,COE,5B,6125b41b95ca5561|COE|NA|5B,TRUE,7.2,330.69,2380.97,2380.968,8.399937840261349e-7,https://allianceforcoffeeexcellence.org/burundi-2018/
6125b41b95ca5561,Burundi,2018,COE,6A,6125b41b95ca5561|COE|NA|6A,TRUE,7.2,330.69,2380.97,2380.968,8.399937840261349e-7,https://allianceforcoffeeexcellence.org/burundi-2018/
6125b41b95ca5561,Burundi,2018,COE,6B,6125b41b95ca5561|COE|NA|6B,TRUE,7.6,308.65,2345.74,2345.74,0,https://allianceforcoffeeexcellence.org/burundi-2018/
6125b41b95ca5561,Burundi,2018,COE,7A,6125b41b95ca5561|COE|NA|7A,TRUE,5.9,1388.91,8194.57,8194.569000000001,1.2203202832909322e-7,https://allianceforcoffeeexcellence.org/burundi-2018/
6125b41b95ca5561,Burundi,2018,COE,7B,6125b41b95ca5561|COE|NA|7B,TRUE,6,1417.57,8505.42,8505.42,0,https://allianceforcoffeeexcellence.org/burundi-2018/
6125b41b95ca5561,Burundi,2018,COE,8,6125b41b95ca5561|COE|NA|8,TRUE,17.5,679.02,11882.85,11882.85,0,https://allianceforcoffeeexcellence.org/burundi-2018/
6125b41b95ca5561,Burundi,2018,COE,9,6125b41b95ca5561|COE|NA|9,TRUE,5.7,595.25,3392.93,3392.925,1.473652565674621e-6,https://allianceforcoffeeexcellence.org/burundi-2018/
6125b41b95ca5561,Burundi,2018,COE,10,6125b41b95ca5561|COE|NA|10,TRUE,5.7,661.39,3769.92,3769.9230000000002,7.957728546378791e-7,https://allianceforcoffeeexcellence.org/burundi-2018/
6125b41b95ca5561,Burundi,2018,COE,11,6125b41b95ca5561|COE|NA|11,TRUE,5.5,2076.75,11422.13,11422.125,4.3774672492780637e-7,https://allianceforcoffeeexcellence.org/burundi-2018/
6125b41b95ca5561,Burundi,2018,COE,12,6125b41b95ca5561|COE|NA|12,TRUE,6,661.39,3968.34,3968.34,0,https://allianceforcoffeeexcellence.org/burundi-2018/
6125b41b95ca5561,Burundi,2018,COE,13,6125b41b95ca5561|COE|NA|13,TRUE,6,712.09,4272.54,4272.54,0,https://allianceforcoffeeexcellence.org/burundi-2018/
6125b41b95ca5561,Burundi,2018,COE,14,6125b41b95ca5561|COE|NA|14,TRUE,6.1,1569.69,9575.11,9575.109,1.0443744251540993e-7,https://allianceforcoffeeexcellence.org/burundi-2018/
6125b41b95ca5561,Burundi,2018,COE,15,6125b41b95ca5561|COE|NA|15,TRUE,7.6,639.34,4858.98,4858.984,8.232180418143124e-7,https://allianceforcoffeeexcellence.org/burundi-2018/
6125b41b95ca5561,Burundi,2018,COE,16,6125b41b95ca5561|COE|NA|16,TRUE,7.5,661.39,4960.43,4960.425,1.0079771310368534e-6,https://allianceforcoffeeexcellence.org/burundi-2018/
6125b41b95ca5561,Burundi,2018,COE,17,6125b41b95ca5561|COE|NA|17,TRUE,5.6,683.43,3827.21,3827.2079999999996,5.225738855216864e-7,https://allianceforcoffeeexcellence.org/burundi-2018/
6125b41b95ca5561,Burundi,2018,COE,18,6125b41b95ca5561|COE|NA|18,TRUE,5.5,612.88,3370.84,3370.84,0,https://allianceforcoffeeexcellence.org/burundi-2018/
6125b41b95ca5561,Burundi,2018,COE,19,6125b41b95ca5561|COE|NA|19,TRUE,5.6,551.16,3086.5,3086.4959999999996,1.295966304992762e-6,https://allianceforcoffeeexcellence.org/burundi-2018/
6125b41b95ca5561,Burundi,2018,COE,20,6125b41b95ca5561|COE|NA|20,TRUE,5.5,2806.48,15435.64,15435.64,0,https://allianceforcoffeeexcellence.org/burundi-2018/
6125b41b95ca5561,Burundi,2018,COE,21,6125b41b95ca5561|COE|NA|21,TRUE,5.5,1931.25,10621.88,10621.875,4.7072646266006065e-7,https://allianceforcoffeeexcellence.org/burundi-2018/
6125b41b95ca5561,Burundi,2018,COE,22,6125b41b95ca5561|COE|NA|22,TRUE,5.6,639.34,3580.3,3580.304,1.1172248135366902e-6,https://allianceforcoffeeexcellence.org/burundi-2018/
6125b41b95ca5561,Burundi,2018,COE,23,6125b41b95ca5561|COE|NA|23,TRUE,6,679.02,4074.12,4074.12,0,https://allianceforcoffeeexcellence.org/burundi-2018/
6125b41b95ca5561,Burundi,2018,COE,24,6125b41b95ca5561|COE|NA|24,TRUE,5.5,1322.77,7275.24,7275.235,6.87262550803704e-7,https://allianceforcoffeeexcellence.org/burundi-2018/
6125b41b95ca5561,Burundi,2018,COE,25,6125b41b95ca5561|COE|NA|25,TRUE,5.5,954.6,5250.3,5250.3,0,https://allianceforcoffeeexcellence.org/burundi-2018/
6125b41b95ca5561,Burundi,2018,COE,26,6125b41b95ca5561|COE|NA|26,TRUE,5.6,617.29,3456.82,3456.8239999999996,1.1571328560499723e-6,https://allianceforcoffeeexcellence.org/burundi-2018/
6125b41b95ca5561,Burundi,2018,COE,27,6125b41b95ca5561|COE|NA|27,TRUE,5.5,2182.57,12004.14,12004.135,4.1652296617663944e-7,https://allianceforcoffeeexcellence.org/burundi-2018/
6125b41b95ca5561,Burundi,2018,COE,28,6125b41b95ca5561|COE|NA|28,TRUE,5.5,914.92,5032.06,5032.0599999999995,1.807400352485718e-16,https://allianceforcoffeeexcellence.org/burundi-2018/
6125b41b95ca5561,Burundi,2018,COE,29,6125b41b95ca5561|COE|NA|29,TRUE,5.5,628.32,3455.76,3455.76,0,https://allianceforcoffeeexcellence.org/burundi-2018/
5add2920159e49b6,Burundi,2019,COE,1A,5add2920159e49b6|COE|NA|1A,TRUE,21.1,859.8,18141.78,18141.78,0,https://allianceforcoffeeexcellence.org/burundi-2019/
5add2920159e49b6,Burundi,2019,COE,1B,5add2920159e49b6|COE|NA|1B,TRUE,21.2,846.58,17947.5,17947.496,2.2287226637776332e-7,https://allianceforcoffeeexcellence.org/burundi-2019/
5add2920159e49b6,Burundi,2019,COE,2,5add2920159e49b6|COE|NA|2,TRUE,8,1970.93,15767.44,15767.44,0,https://allianceforcoffeeexcellence.org/burundi-2019/
5add2920159e49b6,Burundi,2019,COE,3,5add2920159e49b6|COE|NA|3,TRUE,7.6,2561.77,19469.45,19469.451999999997,1.0272503829175836e-7,https://allianceforcoffeeexcellence.org/burundi-2019/
5add2920159e49b6,Burundi,2019,COE,4,5add2920159e49b6|COE|NA|4,TRUE,8.9,2753.57,24506.77,24506.773,1.2241515306224281e-7,https://allianceforcoffeeexcellence.org/burundi-2019/
5add2920159e49b6,Burundi,2019,COE,5,5add2920159e49b6|COE|NA|5,TRUE,6.5,1776.93,11550.05,11550.045,4.3289855881140296e-7,https://allianceforcoffeeexcellence.org/burundi-2019/
5add2920159e49b6,Burundi,2019,COE,6,5add2920159e49b6|COE|NA|6,TRUE,5.5,2749.16,15120.38,15120.38,0,https://allianceforcoffeeexcellence.org/burundi-2019/
5add2920159e49b6,Burundi,2019,COE,7,5add2920159e49b6|COE|NA|7,TRUE,7.6,1124.36,8545.14,8545.135999999999,4.681023366281778e-7,https://allianceforcoffeeexcellence.org/burundi-2019/
5add2920159e49b6,Burundi,2019,COE,8,5add2920159e49b6|COE|NA|8,TRUE,5.7,2350.13,13395.74,13395.741000000002,7.465059802763537e-8,https://allianceforcoffeeexcellence.org/burundi-2019/
5add2920159e49b6,Burundi,2019,COE,9,5add2920159e49b6|COE|NA|9,TRUE,5.5,2991.67,16454.19,16454.185,3.038739675049732e-7,https://allianceforcoffeeexcellence.org/burundi-2019/
5add2920159e49b6,Burundi,2019,COE,10,5add2920159e49b6|COE|NA|10,TRUE,10.2,623.91,6363.88,6363.882,3.14273682014425e-7,https://allianceforcoffeeexcellence.org/burundi-2019/
5add2920159e49b6,Burundi,2019,COE,11,5add2920159e49b6|COE|NA|11,TRUE,5.5,2958.6,16272.3,16272.3,0,https://allianceforcoffeeexcellence.org/burundi-2019/
5add2920159e49b6,Burundi,2019,COE,12,5add2920159e49b6|COE|NA|12,TRUE,5.6,3042.38,17037.33,17037.328,1.173892857864145e-7,https://allianceforcoffeeexcellence.org/burundi-2019/
5add2920159e49b6,Burundi,2019,COE,13,5add2920159e49b6|COE|NA|13,TRUE,5.5,2442.72,13434.96,13434.96,0,https://allianceforcoffeeexcellence.org/burundi-2019/
5add2920159e49b6,Burundi,2019,COE,14,5add2920159e49b6|COE|NA|14,TRUE,6.6,1437.41,9486.91,9486.906,4.2163359818907504e-7,https://allianceforcoffeeexcellence.org/burundi-2019/
5add2920159e49b6,Burundi,2019,COE,16,5add2920159e49b6|COE|NA|16,TRUE,5.5,2656.57,14611.14,14611.135,3.422046465367962e-7,https://allianceforcoffeeexcellence.org/burundi-2019/
5add2920159e49b6,Burundi,2019,COE,17,5add2920159e49b6|COE|NA|17,TRUE,5.5,3024.74,16636.07,16636.07,0,https://allianceforcoffeeexcellence.org/burundi-2019/
5add2920159e49b6,Burundi,2019,COE,18,5add2920159e49b6|COE|NA|18,TRUE,5.5,1382.3,7602.65,7602.65,0,https://allianceforcoffeeexcellence.org/burundi-2019/
5add2920159e49b6,Burundi,2019,COE,19,5add2920159e49b6|COE|NA|19,TRUE,5.5,3042.38,16733.09,16733.09,0,https://allianceforcoffeeexcellence.org/burundi-2019/
5add2920159e49b6,Burundi,2019,COE,20,5add2920159e49b6|COE|NA|20,TRUE,4,1300.73,5201.48,5202.92,2.7684428278115255e-4,https://allianceforcoffeeexcellence.org/burundi-2019/
5add2920159e49b6,Burundi,2019,COE,21,5add2920159e49b6|COE|NA|21,TRUE,6.1,1164.04,7100.64,7100.643999999999,5.633295025513077e-7,https://allianceforcoffeeexcellence.org/burundi-2019/
924c6ccd256e3867,Colombia,2005,COE,1,924c6ccd256e3867|COE|NA|1,TRUE,19.1,NA,41266.13,NA,NA,https://allianceforcoffeeexcellence.org/colombia-north-2005/
924c6ccd256e3867,Colombia,2005,COE,2,924c6ccd256e3867|COE|NA|2,TRUE,8.1,NA,17500.29,NA,NA,https://allianceforcoffeeexcellence.org/colombia-north-2005/
924c6ccd256e3867,Colombia,2005,COE,3,924c6ccd256e3867|COE|NA|3,TRUE,9.25,NA,19984.9,NA,NA,https://allianceforcoffeeexcellence.org/colombia-north-2005/
924c6ccd256e3867,Colombia,2005,COE,4,924c6ccd256e3867|COE|NA|4,TRUE,5.65,NA,12207,NA,NA,https://allianceforcoffeeexcellence.org/colombia-north-2005/
924c6ccd256e3867,Colombia,2005,COE,5,924c6ccd256e3867|COE|NA|5,TRUE,5.55,NA,11990.94,NA,NA,https://allianceforcoffeeexcellence.org/colombia-north-2005/
924c6ccd256e3867,Colombia,2005,COE,6,924c6ccd256e3867|COE|NA|6,TRUE,5.55,NA,11990.94,NA,NA,https://allianceforcoffeeexcellence.org/colombia-north-2005/
924c6ccd256e3867,Colombia,2005,COE,7,924c6ccd256e3867|COE|NA|7,TRUE,5.65,NA,12207,NA,NA,https://allianceforcoffeeexcellence.org/colombia-north-2005/
924c6ccd256e3867,Colombia,2005,COE,8,924c6ccd256e3867|COE|NA|8,TRUE,5.4,NA,11666.86,NA,NA,https://allianceforcoffeeexcellence.org/colombia-north-2005/
924c6ccd256e3867,Colombia,2005,COE,9,924c6ccd256e3867|COE|NA|9,TRUE,6.45,NA,13935.42,NA,NA,https://allianceforcoffeeexcellence.org/colombia-north-2005/
924c6ccd256e3867,Colombia,2005,COE,10,924c6ccd256e3867|COE|NA|10,TRUE,5.3,NA,11450.81,NA,NA,https://allianceforcoffeeexcellence.org/colombia-north-2005/
924c6ccd256e3867,Colombia,2005,COE,11,924c6ccd256e3867|COE|NA|11,TRUE,5.55,NA,11990.94,NA,NA,https://allianceforcoffeeexcellence.org/colombia-north-2005/
924c6ccd256e3867,Colombia,2005,COE,12,924c6ccd256e3867|COE|NA|12,TRUE,5.3,NA,11450.81,NA,NA,https://allianceforcoffeeexcellence.org/colombia-north-2005/
924c6ccd256e3867,Colombia,2005,COE,13,924c6ccd256e3867|COE|NA|13,TRUE,5,NA,10802.65,NA,NA,https://allianceforcoffeeexcellence.org/colombia-north-2005/
924c6ccd256e3867,Colombia,2005,COE,14,924c6ccd256e3867|COE|NA|14,TRUE,5.15,NA,11126.73,NA,NA,https://allianceforcoffeeexcellence.org/colombia-north-2005/
924c6ccd256e3867,Colombia,2005,COE,15,924c6ccd256e3867|COE|NA|15,TRUE,5.05,NA,10910.68,NA,NA,https://allianceforcoffeeexcellence.org/colombia-north-2005/
924c6ccd256e3867,Colombia,2005,COE,16,924c6ccd256e3867|COE|NA|16,TRUE,5.11,NA,11040.31,NA,NA,https://allianceforcoffeeexcellence.org/colombia-north-2005/
924c6ccd256e3867,Colombia,2005,COE,17,924c6ccd256e3867|COE|NA|17,TRUE,5.05,NA,10910.68,NA,NA,https://allianceforcoffeeexcellence.org/colombia-north-2005/
924c6ccd256e3867,Colombia,2005,COE,18,924c6ccd256e3867|COE|NA|18,TRUE,5.1,NA,11018.7,NA,NA,https://allianceforcoffeeexcellence.org/colombia-north-2005/
924c6ccd256e3867,Colombia,2005,COE,19,924c6ccd256e3867|COE|NA|19,TRUE,4.8,NA,10370.54,NA,NA,https://allianceforcoffeeexcellence.org/colombia-north-2005/
924c6ccd256e3867,Colombia,2005,COE,20,924c6ccd256e3867|COE|NA|20,TRUE,5.05,NA,10910.68,NA,NA,https://allianceforcoffeeexcellence.org/colombia-north-2005/
924c6ccd256e3867,Colombia,2005,COE,21,924c6ccd256e3867|COE|NA|21,TRUE,5.15,NA,11126.73,NA,NA,https://allianceforcoffeeexcellence.org/colombia-north-2005/
924c6ccd256e3867,Colombia,2005,COE,22,924c6ccd256e3867|COE|NA|22,TRUE,4.75,NA,10262.52,NA,NA,https://allianceforcoffeeexcellence.org/colombia-north-2005/
924c6ccd256e3867,Colombia,2005,COE,23,924c6ccd256e3867|COE|NA|23,TRUE,4.9,NA,10586.6,NA,NA,https://allianceforcoffeeexcellence.org/colombia-north-2005/
924c6ccd256e3867,Colombia,2005,COE,24,924c6ccd256e3867|COE|NA|24,TRUE,4.85,NA,10478.57,NA,NA,https://allianceforcoffeeexcellence.org/colombia-north-2005/
924c6ccd256e3867,Colombia,2005,COE,25,924c6ccd256e3867|COE|NA|25,TRUE,4.9,NA,10586.6,NA,NA,https://allianceforcoffeeexcellence.org/colombia-north-2005/
977c3d13e69fd1a0,Colombia,2005,COE,1,977c3d13e69fd1a0|COE|NA|1,TRUE,16.25,NA,37616.37,NA,NA,https://allianceforcoffeeexcellence.org/colombia-south-2005/
977c3d13e69fd1a0,Colombia,2005,COE,2,977c3d13e69fd1a0|COE|NA|2,TRUE,6.25,NA,14467.84,NA,NA,https://allianceforcoffeeexcellence.org/colombia-south-2005/
977c3d13e69fd1a0,Colombia,2005,COE,3,977c3d13e69fd1a0|COE|NA|3,TRUE,4.3,NA,9953.87,NA,NA,https://allianceforcoffeeexcellence.org/colombia-south-2005/
977c3d13e69fd1a0,Colombia,2005,COE,4,977c3d13e69fd1a0|COE|NA|4,TRUE,4.25,NA,9838.13,NA,NA,https://allianceforcoffeeexcellence.org/colombia-south-2005/
977c3d13e69fd1a0,Colombia,2005,COE,5,977c3d13e69fd1a0|COE|NA|5,TRUE,4.05,NA,9375.16,NA,NA,https://allianceforcoffeeexcellence.org/colombia-south-2005/
977c3d13e69fd1a0,Colombia,2005,COE,6,977c3d13e69fd1a0|COE|NA|6,TRUE,4.3,NA,9953.87,NA,NA,https://allianceforcoffeeexcellence.org/colombia-south-2005/
977c3d13e69fd1a0,Colombia,2005,COE,7,977c3d13e69fd1a0|COE|NA|7,TRUE,3.6,NA,12777.99,NA,NA,https://allianceforcoffeeexcellence.org/colombia-south-2005/
977c3d13e69fd1a0,Colombia,2005,COE,8,977c3d13e69fd1a0|COE|NA|8,TRUE,4.05,NA,11250.19,NA,NA,https://allianceforcoffeeexcellence.org/colombia-south-2005/
977c3d13e69fd1a0,Colombia,2005,COE,9,977c3d13e69fd1a0|COE|NA|9,TRUE,4.55,NA,10532.58,NA,NA,https://allianceforcoffeeexcellence.org/colombia-south-2005/
977c3d13e69fd1a0,Colombia,2005,COE,10,977c3d13e69fd1a0|COE|NA|10,TRUE,4.25,NA,9838.13,NA,NA,https://allianceforcoffeeexcellence.org/colombia-south-2005/
977c3d13e69fd1a0,Colombia,2005,COE,11,977c3d13e69fd1a0|COE|NA|11,TRUE,2.1,NA,5185.27,NA,NA,https://allianceforcoffeeexcellence.org/colombia-south-2005/
977c3d13e69fd1a0,Colombia,2005,COE,12,977c3d13e69fd1a0|COE|NA|12,TRUE,3.85,NA,8912.19,NA,NA,https://allianceforcoffeeexcellence.org/colombia-south-2005/
977c3d13e69fd1a0,Colombia,2005,COE,13,977c3d13e69fd1a0|COE|NA|13,TRUE,3.95,NA,9143.67,NA,NA,https://allianceforcoffeeexcellence.org/colombia-south-2005/
977c3d13e69fd1a0,Colombia,2005,COE,14,977c3d13e69fd1a0|COE|NA|14,TRUE,4.05,NA,13750.23,NA,NA,https://allianceforcoffeeexcellence.org/colombia-south-2005/
977c3d13e69fd1a0,Colombia,2005,COE,15,977c3d13e69fd1a0|COE|NA|15,TRUE,3.85,NA,8912.19,NA,NA,https://allianceforcoffeeexcellence.org/colombia-south-2005/
977c3d13e69fd1a0,Colombia,2005,COE,16,977c3d13e69fd1a0|COE|NA|16,TRUE,2.8,NA,6481.59,NA,NA,https://allianceforcoffeeexcellence.org/colombia-south-2005/
977c3d13e69fd1a0,Colombia,2005,COE,17,977c3d13e69fd1a0|COE|NA|17,TRUE,3.6,NA,8333.47,NA,NA,https://allianceforcoffeeexcellence.org/colombia-south-2005/
977c3d13e69fd1a0,Colombia,2005,COE,18,977c3d13e69fd1a0|COE|NA|18,TRUE,2.6,NA,6018.62,NA,NA,https://allianceforcoffeeexcellence.org/colombia-south-2005/
977c3d13e69fd1a0,Colombia,2005,COE,19,977c3d13e69fd1a0|COE|NA|19,TRUE,3.55,NA,8217.73,NA,NA,https://allianceforcoffeeexcellence.org/colombia-south-2005/
977c3d13e69fd1a0,Colombia,2005,COE,20,977c3d13e69fd1a0|COE|NA|20,TRUE,2.1,NA,7777.91,NA,NA,https://allianceforcoffeeexcellence.org/colombia-south-2005/
977c3d13e69fd1a0,Colombia,2005,COE,21,977c3d13e69fd1a0|COE|NA|21,TRUE,4,NA,9259.42,NA,NA,https://allianceforcoffeeexcellence.org/colombia-south-2005/
977c3d13e69fd1a0,Colombia,2005,COE,22,977c3d13e69fd1a0|COE|NA|22,TRUE,1.9,NA,6157.51,NA,NA,https://allianceforcoffeeexcellence.org/colombia-south-2005/
977c3d13e69fd1a0,Colombia,2005,COE,23,977c3d13e69fd1a0|COE|NA|23,TRUE,3.11,NA,7199.2,NA,NA,https://allianceforcoffeeexcellence.org/colombia-south-2005/
977c3d13e69fd1a0,Colombia,2005,COE,24,977c3d13e69fd1a0|COE|NA|24,TRUE,3.3,NA,7639.02,NA,NA,https://allianceforcoffeeexcellence.org/colombia-south-2005/
977c3d13e69fd1a0,Colombia,2005,COE,25,977c3d13e69fd1a0|COE|NA|25,TRUE,2.7,NA,6666.78,NA,NA,https://allianceforcoffeeexcellence.org/colombia-south-2005/
977c3d13e69fd1a0,Colombia,2005,COE,26,977c3d13e69fd1a0|COE|NA|26,TRUE,2.6,NA,6018.62,NA,NA,https://allianceforcoffeeexcellence.org/colombia-south-2005/
977c3d13e69fd1a0,Colombia,2005,COE,27,977c3d13e69fd1a0|COE|NA|27,TRUE,2.1,NA,4861.19,NA,NA,https://allianceforcoffeeexcellence.org/colombia-south-2005/
977c3d13e69fd1a0,Colombia,2005,COE,28,977c3d13e69fd1a0|COE|NA|28,TRUE,2.05,NA,5061.81,NA,NA,https://allianceforcoffeeexcellence.org/colombia-south-2005/
977c3d13e69fd1a0,Colombia,2005,COE,29,977c3d13e69fd1a0|COE|NA|29,TRUE,3,NA,7870.5,NA,NA,https://allianceforcoffeeexcellence.org/colombia-south-2005/
977c3d13e69fd1a0,Colombia,2005,COE,30,977c3d13e69fd1a0|COE|NA|30,TRUE,1.9,NA,4984.65,NA,NA,https://allianceforcoffeeexcellence.org/colombia-south-2005/
977c3d13e69fd1a0,Colombia,2005,COE,31,977c3d13e69fd1a0|COE|NA|31,TRUE,2.15,NA,5308.73,NA,NA,https://allianceforcoffeeexcellence.org/colombia-south-2005/
977c3d13e69fd1a0,Colombia,2005,COE,32,977c3d13e69fd1a0|COE|NA|32,TRUE,2.25,NA,5555.65,NA,NA,https://allianceforcoffeeexcellence.org/colombia-south-2005/
977c3d13e69fd1a0,Colombia,2005,COE,33,977c3d13e69fd1a0|COE|NA|33,TRUE,1.85,NA,4282.48,NA,NA,https://allianceforcoffeeexcellence.org/colombia-south-2005/
7887cd6f3b2c4612,Colombia,2006,COE,1,7887cd6f3b2c4612|COE|NA|1,TRUE,12.05,NA,31613.19,NA,NA,https://allianceforcoffeeexcellence.org/colombia-north-2006/
7887cd6f3b2c4612,Colombia,2006,COE,2,7887cd6f3b2c4612|COE|NA|2,TRUE,6.5,NA,16049.65,NA,NA,https://allianceforcoffeeexcellence.org/colombia-north-2006/
7887cd6f3b2c4612,Colombia,2006,COE,3,7887cd6f3b2c4612|COE|NA|3,TRUE,10.3,NA,76297.58,NA,NA,https://allianceforcoffeeexcellence.org/colombia-north-2006/
7887cd6f3b2c4612,Colombia,2006,COE,4,7887cd6f3b2c4612|COE|NA|4,TRUE,9.1,NA,21065.17,NA,NA,https://allianceforcoffeeexcellence.org/colombia-north-2006/
7887cd6f3b2c4612,Colombia,2006,COE,5,7887cd6f3b2c4612|COE|NA|5,TRUE,5.05,NA,11690.01,NA,NA,https://allianceforcoffeeexcellence.org/colombia-north-2006/
7887cd6f3b2c4612,Colombia,2006,COE,6,7887cd6f3b2c4612|COE|NA|6,TRUE,5.05,NA,11690.01,NA,NA,https://allianceforcoffeeexcellence.org/colombia-north-2006/
7887cd6f3b2c4612,Colombia,2006,COE,7,7887cd6f3b2c4612|COE|NA|7,TRUE,4.9,NA,11342.78,NA,NA,https://allianceforcoffeeexcellence.org/colombia-north-2006/
7887cd6f3b2c4612,Colombia,2006,COE,8,7887cd6f3b2c4612|COE|NA|8,TRUE,6.1,NA,14120.61,NA,NA,https://allianceforcoffeeexcellence.org/colombia-north-2006/
7887cd6f3b2c4612,Colombia,2006,COE,9,7887cd6f3b2c4612|COE|NA|9,TRUE,4.8,NA,11111.3,NA,NA,https://allianceforcoffeeexcellence.org/colombia-north-2006/
7887cd6f3b2c4612,Colombia,2006,COE,10,7887cd6f3b2c4612|COE|NA|10,TRUE,4.2,NA,9722.39,NA,NA,https://allianceforcoffeeexcellence.org/colombia-north-2006/
7887cd6f3b2c4612,Colombia,2006,COE,11,7887cd6f3b2c4612|COE|NA|11,TRUE,4.2,NA,9722.39,NA,NA,https://allianceforcoffeeexcellence.org/colombia-north-2006/
7887cd6f3b2c4612,Colombia,2006,COE,12,7887cd6f3b2c4612|COE|NA|12,TRUE,4.8,NA,18518.83,NA,NA,https://allianceforcoffeeexcellence.org/colombia-north-2006/
7887cd6f3b2c4612,Colombia,2006,COE,13,7887cd6f3b2c4612|COE|NA|13,TRUE,4.55,NA,10532.58,NA,NA,https://allianceforcoffeeexcellence.org/colombia-north-2006/
7887cd6f3b2c4612,Colombia,2006,COE,14,7887cd6f3b2c4612|COE|NA|14,TRUE,4.1,NA,9490.9,NA,NA,https://allianceforcoffeeexcellence.org/colombia-north-2006/
7887cd6f3b2c4612,Colombia,2006,COE,15,7887cd6f3b2c4612|COE|NA|15,TRUE,3.55,NA,8217.73,NA,NA,https://allianceforcoffeeexcellence.org/colombia-north-2006/
7887cd6f3b2c4612,Colombia,2006,COE,16,7887cd6f3b2c4612|COE|NA|16,TRUE,4.2,NA,10370.54,NA,NA,https://allianceforcoffeeexcellence.org/colombia-north-2006/
7887cd6f3b2c4612,Colombia,2006,COE,17,7887cd6f3b2c4612|COE|NA|17,TRUE,3.05,NA,7060.3,NA,NA,https://allianceforcoffeeexcellence.org/colombia-north-2006/
7887cd6f3b2c4612,Colombia,2006,COE,18,7887cd6f3b2c4612|COE|NA|18,TRUE,3.6,NA,8333.47,NA,NA,https://allianceforcoffeeexcellence.org/colombia-north-2006/
7887cd6f3b2c4612,Colombia,2006,COE,19,7887cd6f3b2c4612|COE|NA|19,TRUE,2.7,NA,13750.23,NA,NA,https://allianceforcoffeeexcellence.org/colombia-north-2006/
7887cd6f3b2c4612,Colombia,2006,COE,20,7887cd6f3b2c4612|COE|NA|20,TRUE,3.8,NA,8796.44,NA,NA,https://allianceforcoffeeexcellence.org/colombia-north-2006/
7887cd6f3b2c4612,Colombia,2006,COE,21,7887cd6f3b2c4612|COE|NA|21,TRUE,2.75,NA,15702.42,NA,NA,https://allianceforcoffeeexcellence.org/colombia-north-2006/
7887cd6f3b2c4612,Colombia,2006,COE,22,7887cd6f3b2c4612|COE|NA|22,TRUE,3.1,NA,10524.87,NA,NA,https://allianceforcoffeeexcellence.org/colombia-north-2006/
7887cd6f3b2c4612,Colombia,2006,COE,23,7887cd6f3b2c4612|COE|NA|23,TRUE,3.05,NA,7060.3,NA,NA,https://allianceforcoffeeexcellence.org/colombia-north-2006/
cbf7cef16e2f2288,Colombia,2006,COE,1,cbf7cef16e2f2288|COE|NA|1,TRUE,6,NA,16666.95,NA,NA,https://allianceforcoffeeexcellence.org/colombia-south-2006/
cbf7cef16e2f2288,Colombia,2006,COE,2,cbf7cef16e2f2288|COE|NA|2,TRUE,7.15,NA,16551.2,NA,NA,https://allianceforcoffeeexcellence.org/colombia-south-2006/
cbf7cef16e2f2288,Colombia,2006,COE,3,cbf7cef16e2f2288|COE|NA|3,TRUE,4,NA,9259.42,NA,NA,https://allianceforcoffeeexcellence.org/colombia-south-2006/
cbf7cef16e2f2288,Colombia,2006,COE,4,cbf7cef16e2f2288|COE|NA|4,TRUE,3.3,NA,7639.02,NA,NA,https://allianceforcoffeeexcellence.org/colombia-south-2006/
cbf7cef16e2f2288,Colombia,2006,COE,5,cbf7cef16e2f2288|COE|NA|5,TRUE,3.5,NA,9722.39,NA,NA,https://allianceforcoffeeexcellence.org/colombia-south-2006/
cbf7cef16e2f2288,Colombia,2006,COE,6,cbf7cef16e2f2288|COE|NA|6,TRUE,4.35,NA,10069.61,NA,NA,https://allianceforcoffeeexcellence.org/colombia-south-2006/
cbf7cef16e2f2288,Colombia,2006,COE,7,cbf7cef16e2f2288|COE|NA|7,TRUE,3.85,NA,8912.19,NA,NA,https://allianceforcoffeeexcellence.org/colombia-south-2006/
cbf7cef16e2f2288,Colombia,2006,COE,8,cbf7cef16e2f2288|COE|NA|8,TRUE,4.2,NA,9722.39,NA,NA,https://allianceforcoffeeexcellence.org/colombia-south-2006/
cbf7cef16e2f2288,Colombia,2006,COE,9,cbf7cef16e2f2288|COE|NA|9,TRUE,4.05,NA,9375.16,NA,NA,https://allianceforcoffeeexcellence.org/colombia-south-2006/
cbf7cef16e2f2288,Colombia,2006,COE,10,cbf7cef16e2f2288|COE|NA|10,TRUE,4.4,NA,10185.36,NA,NA,https://allianceforcoffeeexcellence.org/colombia-south-2006/
cbf7cef16e2f2288,Colombia,2006,COE,11,cbf7cef16e2f2288|COE|NA|11,TRUE,3.6,NA,8333.47,NA,NA,https://allianceforcoffeeexcellence.org/colombia-south-2006/
cbf7cef16e2f2288,Colombia,2006,COE,12,cbf7cef16e2f2288|COE|NA|12,TRUE,4.37,NA,10115.91,NA,NA,https://allianceforcoffeeexcellence.org/colombia-south-2006/
cbf7cef16e2f2288,Colombia,2006,COE,13,cbf7cef16e2f2288|COE|NA|13,TRUE,3.08,NA,7129.75,NA,NA,https://allianceforcoffeeexcellence.org/colombia-south-2006/
cbf7cef16e2f2288,Colombia,2006,COE,14,cbf7cef16e2f2288|COE|NA|14,TRUE,3.75,NA,8680.7,NA,NA,https://allianceforcoffeeexcellence.org/colombia-south-2006/
cbf7cef16e2f2288,Colombia,2006,COE,15,cbf7cef16e2f2288|COE|NA|15,TRUE,3.1,NA,11003.27,NA,NA,https://allianceforcoffeeexcellence.org/colombia-south-2006/
cbf7cef16e2f2288,Colombia,2006,COE,16,cbf7cef16e2f2288|COE|NA|16,TRUE,2.55,NA,7083.45,NA,NA,https://allianceforcoffeeexcellence.org/colombia-south-2006/
cbf7cef16e2f2288,Colombia,2006,COE,17,cbf7cef16e2f2288|COE|NA|17,TRUE,2.45,NA,6049.48,NA,NA,https://allianceforcoffeeexcellence.org/colombia-south-2006/
cbf7cef16e2f2288,Colombia,2006,COE,18,cbf7cef16e2f2288|COE|NA|18,TRUE,3.08,NA,7129.75,NA,NA,https://allianceforcoffeeexcellence.org/colombia-south-2006/
cbf7cef16e2f2288,Colombia,2006,COE,19,cbf7cef16e2f2288|COE|NA|19,TRUE,3.05,NA,10825.8,NA,NA,https://allianceforcoffeeexcellence.org/colombia-south-2006/
cbf7cef16e2f2288,Colombia,2006,COE,20,cbf7cef16e2f2288|COE|NA|20,TRUE,4.1,NA,9490.9,NA,NA,https://allianceforcoffeeexcellence.org/colombia-south-2006/
cbf7cef16e2f2288,Colombia,2006,COE,21,cbf7cef16e2f2288|COE|NA|21,TRUE,2.35,NA,6527.89,NA,NA,https://allianceforcoffeeexcellence.org/colombia-south-2006/
cbf7cef16e2f2288,Colombia,2006,COE,22,cbf7cef16e2f2288|COE|NA|22,TRUE,3.25,NA,9027.93,NA,NA,https://allianceforcoffeeexcellence.org/colombia-south-2006/
cbf7cef16e2f2288,Colombia,2006,COE,23,cbf7cef16e2f2288|COE|NA|23,TRUE,3.05,NA,10355.11,NA,NA,https://allianceforcoffeeexcellence.org/colombia-south-2006/
cbf7cef16e2f2288,Colombia,2006,COE,24,cbf7cef16e2f2288|COE|NA|24,TRUE,2.1,NA,24305.96,NA,NA,https://allianceforcoffeeexcellence.org/colombia-south-2006/
cbf7cef16e2f2288,Colombia,2006,COE,25,cbf7cef16e2f2288|COE|NA|25,TRUE,2.51,NA,NA,NA,NA,https://allianceforcoffeeexcellence.org/colombia-south-2006/
cbf7cef16e2f2288,Colombia,2006,COE,26,cbf7cef16e2f2288|COE|NA|26,TRUE,2.24,NA,5185.27,NA,NA,https://allianceforcoffeeexcellence.org/colombia-south-2006/
cbf7cef16e2f2288,Colombia,2006,COE,27,cbf7cef16e2f2288|COE|NA|27,TRUE,2.45,NA,5671.39,NA,NA,https://allianceforcoffeeexcellence.org/colombia-south-2006/
cbf7cef16e2f2288,Colombia,2006,COE,28,cbf7cef16e2f2288|COE|NA|28,TRUE,2.8,NA,6481.59,NA,NA,https://allianceforcoffeeexcellence.org/colombia-south-2006/
cbf7cef16e2f2288,Colombia,2006,COE,29,cbf7cef16e2f2288|COE|NA|29,TRUE,2.25,NA,10416.84,NA,NA,https://allianceforcoffeeexcellence.org/colombia-south-2006/
cbf7cef16e2f2288,Colombia,2006,COE,30,cbf7cef16e2f2288|COE|NA|30,TRUE,2.55,NA,11805.75,NA,NA,https://allianceforcoffeeexcellence.org/colombia-south-2006/
30131012ffca0563,Colombia,2007,COE,1,30131012ffca0563|COE|NA|1,TRUE,19.2,NA,44445.19,NA,NA,https://allianceforcoffeeexcellence.org/colombia-north-2007/
30131012ffca0563,Colombia,2007,COE,2,30131012ffca0563|COE|NA|2,TRUE,12.05,NA,27893.99,NA,NA,https://allianceforcoffeeexcellence.org/colombia-north-2007/
30131012ffca0563,Colombia,2007,COE,3,30131012ffca0563|COE|NA|3,TRUE,7.65,NA,27153.23,NA,NA,https://allianceforcoffeeexcellence.org/colombia-north-2007/
30131012ffca0563,Colombia,2007,COE,4,30131012ffca0563|COE|NA|4,TRUE,8.2,NA,22778.16,NA,NA,https://allianceforcoffeeexcellence.org/colombia-north-2007/
30131012ffca0563,Colombia,2007,COE,5,30131012ffca0563|COE|NA|5,TRUE,8.07,NA,18680.87,NA,NA,https://allianceforcoffeeexcellence.org/colombia-north-2007/
30131012ffca0563,Colombia,2007,COE,6,30131012ffca0563|COE|NA|6,TRUE,7.25,NA,16782.69,NA,NA,https://allianceforcoffeeexcellence.org/colombia-north-2007/
30131012ffca0563,Colombia,2007,COE,7,30131012ffca0563|COE|NA|7,TRUE,6.3,NA,14583.58,NA,NA,https://allianceforcoffeeexcellence.org/colombia-north-2007/
30131012ffca0563,Colombia,2007,COE,8,30131012ffca0563|COE|NA|8,TRUE,6.6,NA,19352.18,NA,NA,https://allianceforcoffeeexcellence.org/colombia-north-2007/
30131012ffca0563,Colombia,2007,COE,9,30131012ffca0563|COE|NA|9,TRUE,6.06,NA,NA,NA,NA,https://allianceforcoffeeexcellence.org/colombia-north-2007/
30131012ffca0563,Colombia,2007,COE,10,30131012ffca0563|COE|NA|10,TRUE,7.3,NA,19151.56,NA,NA,https://allianceforcoffeeexcellence.org/colombia-north-2007/
30131012ffca0563,Colombia,2007,COE,11,30131012ffca0563|COE|NA|11,TRUE,5.7,NA,14074.31,NA,NA,https://allianceforcoffeeexcellence.org/colombia-north-2007/
30131012ffca0563,Colombia,2007,COE,12,30131012ffca0563|COE|NA|12,TRUE,5.7,NA,13194.67,NA,NA,https://allianceforcoffeeexcellence.org/colombia-north-2007/
30131012ffca0563,Colombia,2007,COE,13,30131012ffca0563|COE|NA|13,TRUE,6.5,NA,15046.55,NA,NA,https://allianceforcoffeeexcellence.org/colombia-north-2007/
30131012ffca0563,Colombia,2007,COE,14,30131012ffca0563|COE|NA|14,TRUE,5.7,NA,14074.31,NA,NA,https://allianceforcoffeeexcellence.org/colombia-north-2007/
30131012ffca0563,Colombia,2007,COE,15,30131012ffca0563|COE|NA|15,TRUE,6.5,NA,15046.55,NA,NA,https://allianceforcoffeeexcellence.org/colombia-north-2007/
30131012ffca0563,Colombia,2007,COE,16,30131012ffca0563|COE|NA|16,TRUE,5.5,NA,12731.7,NA,NA,https://allianceforcoffeeexcellence.org/colombia-north-2007/
30131012ffca0563,Colombia,2007,COE,17,30131012ffca0563|COE|NA|17,TRUE,5.5,NA,13580.48,NA,NA,https://allianceforcoffeeexcellence.org/colombia-north-2007/
30131012ffca0563,Colombia,2007,COE,18,30131012ffca0563|COE|NA|18,TRUE,5.65,NA,18310.49,NA,NA,https://allianceforcoffeeexcellence.org/colombia-north-2007/
30131012ffca0563,Colombia,2007,COE,19,30131012ffca0563|COE|NA|19,TRUE,5.6,NA,12963.18,NA,NA,https://allianceforcoffeeexcellence.org/colombia-north-2007/
30131012ffca0563,Colombia,2007,COE,20,30131012ffca0563|COE|NA|20,TRUE,6.45,NA,14930.81,NA,NA,https://allianceforcoffeeexcellence.org/colombia-north-2007/
30131012ffca0563,Colombia,2007,COE,21,30131012ffca0563|COE|NA|21,TRUE,5.7,NA,13194.67,NA,NA,https://allianceforcoffeeexcellence.org/colombia-north-2007/
30131012ffca0563,Colombia,2007,COE,22,30131012ffca0563|COE|NA|22,TRUE,5.55,NA,12847.44,NA,NA,https://allianceforcoffeeexcellence.org/colombia-north-2007/
30131012ffca0563,Colombia,2007,COE,23,30131012ffca0563|COE|NA|23,TRUE,5.3,NA,14722.47,NA,NA,https://allianceforcoffeeexcellence.org/colombia-north-2007/
30131012ffca0563,Colombia,2007,COE,24,30131012ffca0563|COE|NA|24,TRUE,5.6,NA,12963.18,NA,NA,https://allianceforcoffeeexcellence.org/colombia-north-2007/
30131012ffca0563,Colombia,2007,COE,25,30131012ffca0563|COE|NA|25,TRUE,5.56,NA,NA,NA,NA,https://allianceforcoffeeexcellence.org/colombia-north-2007/
30131012ffca0563,Colombia,2007,COE,26,30131012ffca0563|COE|NA|26,TRUE,5.7,NA,13194.67,NA,NA,https://allianceforcoffeeexcellence.org/colombia-north-2007/
30131012ffca0563,Colombia,2007,COE,27,30131012ffca0563|COE|NA|27,TRUE,5.2,NA,12037.24,NA,NA,https://allianceforcoffeeexcellence.org/colombia-north-2007/
30131012ffca0563,Colombia,2007,COE,28,30131012ffca0563|COE|NA|28,TRUE,5.05,NA,14028.01,NA,NA,https://allianceforcoffeeexcellence.org/colombia-north-2007/
30131012ffca0563,Colombia,2007,COE,29,30131012ffca0563|COE|NA|29,TRUE,5.65,NA,13078.92,NA,NA,https://allianceforcoffeeexcellence.org/colombia-north-2007/
30131012ffca0563,Colombia,2007,COE,30,30131012ffca0563|COE|NA|30,TRUE,5.05,NA,11690.01,NA,NA,https://allianceforcoffeeexcellence.org/colombia-north-2007/
e91a6326be6cc6dc,Colombia,2008,COE,1,e91a6326be6cc6dc|COE|NA|1,TRUE,16.2,NA,67501.14,NA,NA,https://allianceforcoffeeexcellence.org/colombia-south-2008/
e91a6326be6cc6dc,Colombia,2008,COE,2,e91a6326be6cc6dc|COE|NA|2,TRUE,9.6,NA,26667.12,NA,NA,https://allianceforcoffeeexcellence.org/colombia-south-2008/
e91a6326be6cc6dc,Colombia,2008,COE,3,e91a6326be6cc6dc|COE|NA|3,TRUE,9.35,NA,27415.58,NA,NA,https://allianceforcoffeeexcellence.org/colombia-south-2008/
e91a6326be6cc6dc,Colombia,2008,COE,4,e91a6326be6cc6dc|COE|NA|4,TRUE,9.05,NA,22346.05,NA,NA,https://allianceforcoffeeexcellence.org/colombia-south-2008/
e91a6326be6cc6dc,Colombia,2008,COE,5,e91a6326be6cc6dc|COE|NA|5,TRUE,10,NA,26235.01,NA,NA,https://allianceforcoffeeexcellence.org/colombia-south-2008/
e91a6326be6cc6dc,Colombia,2008,COE,6,e91a6326be6cc6dc|COE|NA|6,TRUE,7.7,NA,19012.67,NA,NA,https://allianceforcoffeeexcellence.org/colombia-south-2008/
e91a6326be6cc6dc,Colombia,2008,COE,7,e91a6326be6cc6dc|COE|NA|7,TRUE,7.85,NA,23017.36,NA,NA,https://allianceforcoffeeexcellence.org/colombia-south-2008/
e91a6326be6cc6dc,Colombia,2008,COE,8,e91a6326be6cc6dc|COE|NA|8,TRUE,7.6,NA,18765.75,NA,NA,https://allianceforcoffeeexcellence.org/colombia-south-2008/
e91a6326be6cc6dc,Colombia,2008,COE,9,e91a6326be6cc6dc|COE|NA|9,TRUE,6.55,NA,31335.4,NA,NA,https://allianceforcoffeeexcellence.org/colombia-south-2008/
e91a6326be6cc6dc,Colombia,2008,COE,10,e91a6326be6cc6dc|COE|NA|10,TRUE,7.45,NA,19545.08,NA,NA,https://allianceforcoffeeexcellence.org/colombia-south-2008/
e91a6326be6cc6dc,Colombia,2008,COE,11,e91a6326be6cc6dc|COE|NA|11,TRUE,7.16,NA,18784.27,NA,NA,https://allianceforcoffeeexcellence.org/colombia-south-2008/
e91a6326be6cc6dc,Colombia,2008,COE,12,e91a6326be6cc6dc|COE|NA|12,TRUE,7.15,NA,18758.03,NA,NA,https://allianceforcoffeeexcellence.org/colombia-south-2008/
e91a6326be6cc6dc,Colombia,2008,COE,13,e91a6326be6cc6dc|COE|NA|13,TRUE,7.1,NA,17531.16,NA,NA,https://allianceforcoffeeexcellence.org/colombia-south-2008/
e91a6326be6cc6dc,Colombia,2008,COE,14,e91a6326be6cc6dc|COE|NA|14,TRUE,7.1,NA,18626.86,NA,NA,https://allianceforcoffeeexcellence.org/colombia-south-2008/
e91a6326be6cc6dc,Colombia,2008,COE,15,e91a6326be6cc6dc|COE|NA|15,TRUE,7.25,NA,24614.61,NA,NA,https://allianceforcoffeeexcellence.org/colombia-south-2008/
e91a6326be6cc6dc,Colombia,2008,COE,16,e91a6326be6cc6dc|COE|NA|16,TRUE,7.05,NA,18495.68,NA,NA,https://allianceforcoffeeexcellence.org/colombia-south-2008/
e91a6326be6cc6dc,Colombia,2008,COE,17,e91a6326be6cc6dc|COE|NA|17,TRUE,7.1,NA,17531.16,NA,NA,https://allianceforcoffeeexcellence.org/colombia-south-2008/
e91a6326be6cc6dc,Colombia,2008,COE,18,e91a6326be6cc6dc|COE|NA|18,TRUE,6.95,NA,18233.33,NA,NA,https://allianceforcoffeeexcellence.org/colombia-south-2008/
7e63f3505a9fd29f,Colombia,2009,COE,1,7e63f3505a9fd29f|COE|NA|1,TRUE,21,NA,55093.52,NA,NA,https://allianceforcoffeeexcellence.org/colombia-north-2009/
7e63f3505a9fd29f,Colombia,2009,COE,2,7e63f3505a9fd29f|COE|NA|2,TRUE,13.1,NA,34367.86,NA,NA,https://allianceforcoffeeexcellence.org/colombia-north-2009/
7e63f3505a9fd29f,Colombia,2009,COE,3,7e63f3505a9fd29f|COE|NA|3,TRUE,10.05,NA,26366.18,NA,NA,https://allianceforcoffeeexcellence.org/colombia-north-2009/
7e63f3505a9fd29f,Colombia,2009,COE,4,7e63f3505a9fd29f|COE|NA|4,TRUE,8.25,NA,25463.39,NA,NA,https://allianceforcoffeeexcellence.org/colombia-north-2009/
7e63f3505a9fd29f,Colombia,2009,COE,5,7e63f3505a9fd29f|COE|NA|5,TRUE,9.85,NA,27361.57,NA,NA,https://allianceforcoffeeexcellence.org/colombia-north-2009/
7e63f3505a9fd29f,Colombia,2009,COE,6,7e63f3505a9fd29f|COE|NA|6,TRUE,7.25,NA,19020.38,NA,NA,https://allianceforcoffeeexcellence.org/colombia-north-2009/
7e63f3505a9fd29f,Colombia,2009,COE,7,7e63f3505a9fd29f|COE|NA|7,TRUE,7.85,NA,20594.48,NA,NA,https://allianceforcoffeeexcellence.org/colombia-north-2009/
7e63f3505a9fd29f,Colombia,2009,COE,8,7e63f3505a9fd29f|COE|NA|8,TRUE,7.55,NA,19807.43,NA,NA,https://allianceforcoffeeexcellence.org/colombia-north-2009/
7e63f3505a9fd29f,Colombia,2009,COE,9,7e63f3505a9fd29f|COE|NA|9,TRUE,7.25,NA,19020.38,NA,NA,https://allianceforcoffeeexcellence.org/colombia-north-2009/
7e63f3505a9fd29f,Colombia,2009,COE,10,7e63f3505a9fd29f|COE|NA|10,TRUE,6.25,NA,16396.88,NA,NA,https://allianceforcoffeeexcellence.org/colombia-north-2009/
7e63f3505a9fd29f,Colombia,2009,COE,11,7e63f3505a9fd29f|COE|NA|11,TRUE,6.5,NA,17052.76,NA,NA,https://allianceforcoffeeexcellence.org/colombia-north-2009/
7e63f3505a9fd29f,Colombia,2009,COE,12,7e63f3505a9fd29f|COE|NA|12,TRUE,6.3,NA,16528.06,NA,NA,https://allianceforcoffeeexcellence.org/colombia-north-2009/
7e63f3505a9fd29f,Colombia,2009,COE,13,7e63f3505a9fd29f|COE|NA|13,TRUE,6.05,NA,16805.84,NA,NA,https://allianceforcoffeeexcellence.org/colombia-north-2009/
7e63f3505a9fd29f,Colombia,2009,COE,14,7e63f3505a9fd29f|COE|NA|14,TRUE,6.1,NA,16944.73,NA,NA,https://allianceforcoffeeexcellence.org/colombia-north-2009/
7e63f3505a9fd29f,Colombia,2009,COE,15,7e63f3505a9fd29f|COE|NA|15,TRUE,6.75,NA,17708.63,NA,NA,https://allianceforcoffeeexcellence.org/colombia-north-2009/
7e63f3505a9fd29f,Colombia,2009,COE,16,7e63f3505a9fd29f|COE|NA|16,TRUE,4.2,NA,11666.86,NA,NA,https://allianceforcoffeeexcellence.org/colombia-north-2009/
7e63f3505a9fd29f,Colombia,2009,COE,17,7e63f3505a9fd29f|COE|NA|17,TRUE,4.55,NA,11936.93,NA,NA,https://allianceforcoffeeexcellence.org/colombia-north-2009/
7e63f3505a9fd29f,Colombia,2009,COE,18,7e63f3505a9fd29f|COE|NA|18,TRUE,5.6,NA,14691.61,NA,NA,https://allianceforcoffeeexcellence.org/colombia-north-2009/
7e63f3505a9fd29f,Colombia,2009,COE,19,7e63f3505a9fd29f|COE|NA|19,TRUE,5.05,NA,13248.68,NA,NA,https://allianceforcoffeeexcellence.org/colombia-north-2009/
7e63f3505a9fd29f,Colombia,2009,COE,20,7e63f3505a9fd29f|COE|NA|20,TRUE,5,NA,13117.5,NA,NA,https://allianceforcoffeeexcellence.org/colombia-north-2009/
7e63f3505a9fd29f,Colombia,2009,COE,21,7e63f3505a9fd29f|COE|NA|21,TRUE,5.05,NA,13248.68,NA,NA,https://allianceforcoffeeexcellence.org/colombia-north-2009/
7e63f3505a9fd29f,Colombia,2009,COE,22,7e63f3505a9fd29f|COE|NA|22,TRUE,4.2,NA,11018.7,NA,NA,https://allianceforcoffeeexcellence.org/colombia-north-2009/
7e63f3505a9fd29f,Colombia,2009,COE,23,7e63f3505a9fd29f|COE|NA|23,TRUE,4.05,NA,10625.18,NA,NA,https://allianceforcoffeeexcellence.org/colombia-north-2009/
7e63f3505a9fd29f,Colombia,2009,COE,24,7e63f3505a9fd29f|COE|NA|24,TRUE,4.1,NA,10756.35,NA,NA,https://allianceforcoffeeexcellence.org/colombia-north-2009/
7e63f3505a9fd29f,Colombia,2009,COE,25,7e63f3505a9fd29f|COE|NA|25,TRUE,4.1,NA,10756.35,NA,NA,https://allianceforcoffeeexcellence.org/colombia-north-2009/
7e63f3505a9fd29f,Colombia,2009,COE,26,7e63f3505a9fd29f|COE|NA|26,TRUE,4.6,NA,12068.1,NA,NA,https://allianceforcoffeeexcellence.org/colombia-north-2009/
7e63f3505a9fd29f,Colombia,2009,COE,27,7e63f3505a9fd29f|COE|NA|27,TRUE,3.95,NA,10362.83,NA,NA,https://allianceforcoffeeexcellence.org/colombia-north-2009/
d499fbd326fc6ee9,Colombia,2010,COE,1,d499fbd326fc6ee9|COE|NA|1,TRUE,40.09,NA,86614.85,NA,NA,https://allianceforcoffeeexcellence.org/colombia-south-2010/
d499fbd326fc6ee9,Colombia,2010,COE,2,d499fbd326fc6ee9|COE|NA|2,TRUE,15.31,NA,35440.05,NA,NA,https://allianceforcoffeeexcellence.org/colombia-south-2010/
d499fbd326fc6ee9,Colombia,2010,COE,3,d499fbd326fc6ee9|COE|NA|3,TRUE,15.26,NA,35324.31,NA,NA,https://allianceforcoffeeexcellence.org/colombia-south-2010/
d499fbd326fc6ee9,Colombia,2010,COE,4,d499fbd326fc6ee9|COE|NA|4,TRUE,14.2,NA,32870.59,NA,NA,https://allianceforcoffeeexcellence.org/colombia-south-2010/
d499fbd326fc6ee9,Colombia,2010,COE,5,d499fbd326fc6ee9|COE|NA|5,TRUE,10,NA,49383,NA,NA,https://allianceforcoffeeexcellence.org/colombia-south-2010/
d499fbd326fc6ee9,Colombia,2010,COE,6,d499fbd326fc6ee9|COE|NA|6,TRUE,13.1,NA,40432.36,NA,NA,https://allianceforcoffeeexcellence.org/colombia-south-2010/
d499fbd326fc6ee9,Colombia,2010,COE,7,d499fbd326fc6ee9|COE|NA|7,TRUE,11.85,NA,27430.74,NA,NA,https://allianceforcoffeeexcellence.org/colombia-south-2010/
d499fbd326fc6ee9,Colombia,2010,COE,8,d499fbd326fc6ee9|COE|NA|8,TRUE,11.6,NA,26852.03,NA,NA,https://allianceforcoffeeexcellence.org/colombia-south-2010/
d499fbd326fc6ee9,Colombia,2010,COE,9,d499fbd326fc6ee9|COE|NA|9,TRUE,11.05,NA,28989.34,NA,NA,https://allianceforcoffeeexcellence.org/colombia-south-2010/
d499fbd326fc6ee9,Colombia,2010,COE,10,d499fbd326fc6ee9|COE|NA|10,TRUE,10.5,NA,24305.72,NA,NA,https://allianceforcoffeeexcellence.org/colombia-south-2010/
d499fbd326fc6ee9,Colombia,2010,COE,11,d499fbd326fc6ee9|COE|NA|11,TRUE,10.3,NA,23842.75,NA,NA,https://allianceforcoffeeexcellence.org/colombia-south-2010/
d499fbd326fc6ee9,Colombia,2010,COE,12,d499fbd326fc6ee9|COE|NA|12,TRUE,10.9,NA,25231.65,NA,NA,https://allianceforcoffeeexcellence.org/colombia-south-2010/
d499fbd326fc6ee9,Colombia,2010,COE,13,d499fbd326fc6ee9|COE|NA|13,TRUE,10.35,NA,23958.49,NA,NA,https://allianceforcoffeeexcellence.org/colombia-south-2010/
d499fbd326fc6ee9,Colombia,2010,COE,14,d499fbd326fc6ee9|COE|NA|14,TRUE,10.8,NA,25000.16,NA,NA,https://allianceforcoffeeexcellence.org/colombia-south-2010/
d499fbd326fc6ee9,Colombia,2010,COE,15,d499fbd326fc6ee9|COE|NA|15,TRUE,8.9,NA,37083.54,NA,NA,https://allianceforcoffeeexcellence.org/colombia-south-2010/
d499fbd326fc6ee9,Colombia,2010,COE,16,d499fbd326fc6ee9|COE|NA|16,TRUE,11.05,NA,25578.87,NA,NA,https://allianceforcoffeeexcellence.org/colombia-south-2010/
d499fbd326fc6ee9,Colombia,2010,COE,17,d499fbd326fc6ee9|COE|NA|17,TRUE,11.6,NA,26852.03,NA,NA,https://allianceforcoffeeexcellence.org/colombia-south-2010/
d499fbd326fc6ee9,Colombia,2010,COE,18,d499fbd326fc6ee9|COE|NA|18,TRUE,10.45,NA,27415.26,NA,NA,https://allianceforcoffeeexcellence.org/colombia-south-2010/
d499fbd326fc6ee9,Colombia,2010,COE,19,d499fbd326fc6ee9|COE|NA|19,TRUE,9.9,NA,22916.82,NA,NA,https://allianceforcoffeeexcellence.org/colombia-south-2010/
d499fbd326fc6ee9,Colombia,2010,COE,20,d499fbd326fc6ee9|COE|NA|20,TRUE,10.8,NA,25000.16,NA,NA,https://allianceforcoffeeexcellence.org/colombia-south-2010/
d499fbd326fc6ee9,Colombia,2010,COE,21,d499fbd326fc6ee9|COE|NA|21,TRUE,9.95,NA,24568.04,NA,NA,https://allianceforcoffeeexcellence.org/colombia-south-2010/
7ee7c9627e3a94bd,Colombia,2011,COE,1,7ee7c9627e3a94bd|COE|NA|1,TRUE,45.1,NA,103803.51,NA,NA,https://allianceforcoffeeexcellence.org/colombia-north-2011/
7ee7c9627e3a94bd,Colombia,2011,COE,2,7ee7c9627e3a94bd|COE|NA|2,TRUE,37.8,NA,105001.6,NA,NA,https://allianceforcoffeeexcellence.org/colombia-north-2011/
7ee7c9627e3a94bd,Colombia,2011,COE,3,7ee7c9627e3a94bd|COE|NA|3,TRUE,20.1,NA,52643.71,NA,NA,https://allianceforcoffeeexcellence.org/colombia-north-2011/
7ee7c9627e3a94bd,Colombia,2011,COE,4,7ee7c9627e3a94bd|COE|NA|4,TRUE,15.4,NA,35445.1,NA,NA,https://allianceforcoffeeexcellence.org/colombia-north-2011/
7ee7c9627e3a94bd,Colombia,2011,COE,5,7ee7c9627e3a94bd|COE|NA|5,TRUE,8.2,NA,21476.54,NA,NA,https://allianceforcoffeeexcellence.org/colombia-north-2011/
7ee7c9627e3a94bd,Colombia,2011,COE,6,7ee7c9627e3a94bd|COE|NA|6,TRUE,10.1,NA,30995.18,NA,NA,https://allianceforcoffeeexcellence.org/colombia-north-2011/
7ee7c9627e3a94bd,Colombia,2011,COE,7,7ee7c9627e3a94bd|COE|NA|7,TRUE,8.2,NA,24079.79,NA,NA,https://allianceforcoffeeexcellence.org/colombia-north-2011/
7ee7c9627e3a94bd,Colombia,2011,COE,8,7ee7c9627e3a94bd|COE|NA|8,TRUE,7.6,NA,17492.39,NA,NA,https://allianceforcoffeeexcellence.org/colombia-north-2011/
7ee7c9627e3a94bd,Colombia,2011,COE,9,7ee7c9627e3a94bd|COE|NA|9,TRUE,10.1,NA,24849.64,NA,NA,https://allianceforcoffeeexcellence.org/colombia-north-2011/
7ee7c9627e3a94bd,Colombia,2011,COE,10,7ee7c9627e3a94bd|COE|NA|10,TRUE,5.3,NA,31828.57,NA,NA,https://allianceforcoffeeexcellence.org/colombia-north-2011/
7ee7c9627e3a94bd,Colombia,2011,COE,11,7ee7c9627e3a94bd|COE|NA|11,TRUE,7.1,NA,18595.54,NA,NA,https://allianceforcoffeeexcellence.org/colombia-north-2011/
7ee7c9627e3a94bd,Colombia,2011,COE,12,7ee7c9627e3a94bd|COE|NA|12,TRUE,7,NA,17222.52,NA,NA,https://allianceforcoffeeexcellence.org/colombia-north-2011/
7ee7c9627e3a94bd,Colombia,2011,COE,13,7ee7c9627e3a94bd|COE|NA|13,TRUE,8.1,NA,23786.14,NA,NA,https://allianceforcoffeeexcellence.org/colombia-north-2011/
7ee7c9627e3a94bd,Colombia,2011,COE,14,7ee7c9627e3a94bd|COE|NA|14,TRUE,7.6,NA,17492.39,NA,NA,https://allianceforcoffeeexcellence.org/colombia-north-2011/
7ee7c9627e3a94bd,Colombia,2011,COE,15,7ee7c9627e3a94bd|COE|NA|15,TRUE,8.1,NA,18643.2,NA,NA,https://allianceforcoffeeexcellence.org/colombia-north-2011/
7ee7c9627e3a94bd,Colombia,2011,COE,16,7ee7c9627e3a94bd|COE|NA|16,TRUE,6.8,NA,15651.08,NA,NA,https://allianceforcoffeeexcellence.org/colombia-north-2011/
7ee7c9627e3a94bd,Colombia,2011,COE,17,7ee7c9627e3a94bd|COE|NA|17,TRUE,11,NA,25317.93,NA,NA,https://allianceforcoffeeexcellence.org/colombia-north-2011/
7ee7c9627e3a94bd,Colombia,2011,COE,18,7ee7c9627e3a94bd|COE|NA|18,TRUE,6.1,NA,19849.52,NA,NA,https://allianceforcoffeeexcellence.org/colombia-north-2011/
7ee7c9627e3a94bd,Colombia,2011,COE,19,7ee7c9627e3a94bd|COE|NA|19,TRUE,6.1,NA,15976.45,NA,NA,https://allianceforcoffeeexcellence.org/colombia-north-2011/
7ee7c9627e3a94bd,Colombia,2011,COE,20,7ee7c9627e3a94bd|COE|NA|20,TRUE,7.7,NA,17722.55,NA,NA,https://allianceforcoffeeexcellence.org/colombia-north-2011/
7ee7c9627e3a94bd,Colombia,2011,COE,21,7ee7c9627e3a94bd|COE|NA|21,TRUE,6.1,NA,14039.94,NA,NA,https://allianceforcoffeeexcellence.org/colombia-north-2011/
7ee7c9627e3a94bd,Colombia,2011,COE,22,7ee7c9627e3a94bd|COE|NA|22,TRUE,6.2,NA,14270.11,NA,NA,https://allianceforcoffeeexcellence.org/colombia-north-2011/
d097a68f0a5eff0b,Colombia,2012,COE,1,d097a68f0a5eff0b|COE|NA|1,TRUE,22.1,NA,51286.42,NA,NA,https://allianceforcoffeeexcellence.org/colombia-south-2012/
d097a68f0a5eff0b,Colombia,2012,COE,2,d097a68f0a5eff0b|COE|NA|2,TRUE,18.6,NA,45926.64,NA,NA,https://allianceforcoffeeexcellence.org/colombia-south-2012/
d097a68f0a5eff0b,Colombia,2012,COE,3,d097a68f0a5eff0b|COE|NA|3,TRUE,15.1,NA,35041.85,NA,NA,https://allianceforcoffeeexcellence.org/colombia-south-2012/
d097a68f0a5eff0b,Colombia,2012,COE,4,d097a68f0a5eff0b|COE|NA|4,TRUE,8.8,NA,20421.74,NA,NA,https://allianceforcoffeeexcellence.org/colombia-south-2012/
d097a68f0a5eff0b,Colombia,2012,COE,5,d097a68f0a5eff0b|COE|NA|5,TRUE,8.6,NA,20396.68,NA,NA,https://allianceforcoffeeexcellence.org/colombia-south-2012/
d097a68f0a5eff0b,Colombia,2012,COE,6,d097a68f0a5eff0b|COE|NA|6,TRUE,6.9,NA,15932.44,NA,NA,https://allianceforcoffeeexcellence.org/colombia-south-2012/
d097a68f0a5eff0b,Colombia,2012,COE,7,d097a68f0a5eff0b|COE|NA|7,TRUE,8,NA,20421.74,NA,NA,https://allianceforcoffeeexcellence.org/colombia-south-2012/
d097a68f0a5eff0b,Colombia,2012,COE,8,d097a68f0a5eff0b|COE|NA|8,TRUE,6.65,NA,15432.34,NA,NA,https://allianceforcoffeeexcellence.org/colombia-south-2012/
d097a68f0a5eff0b,Colombia,2012,COE,9,d097a68f0a5eff0b|COE|NA|9,TRUE,8.6,NA,21155.07,NA,NA,https://allianceforcoffeeexcellence.org/colombia-south-2012/
d097a68f0a5eff0b,Colombia,2012,COE,10,d097a68f0a5eff0b|COE|NA|10,TRUE,5.25,NA,24787.18,NA,NA,https://allianceforcoffeeexcellence.org/colombia-south-2012/
d097a68f0a5eff0b,Colombia,2012,COE,11,d097a68f0a5eff0b|COE|NA|11,TRUE,7.4,NA,17224.35,NA,NA,https://allianceforcoffeeexcellence.org/colombia-south-2012/
d097a68f0a5eff0b,Colombia,2012,COE,12,d097a68f0a5eff0b|COE|NA|12,TRUE,7.7,NA,17869.03,NA,NA,https://allianceforcoffeeexcellence.org/colombia-south-2012/
d097a68f0a5eff0b,Colombia,2012,COE,13,d097a68f0a5eff0b|COE|NA|13,TRUE,5.2,NA,12127.73,NA,NA,https://allianceforcoffeeexcellence.org/colombia-south-2012/
d097a68f0a5eff0b,Colombia,2012,COE,14,d097a68f0a5eff0b|COE|NA|14,TRUE,5.2,NA,19187.16,NA,NA,https://allianceforcoffeeexcellence.org/colombia-south-2012/
d097a68f0a5eff0b,Colombia,2012,COE,15,d097a68f0a5eff0b|COE|NA|15,TRUE,4.6,NA,12201.53,NA,NA,https://allianceforcoffeeexcellence.org/colombia-south-2012/
d097a68f0a5eff0b,Colombia,2012,COE,16,d097a68f0a5eff0b|COE|NA|16,TRUE,4.6,NA,11779.86,NA,NA,https://allianceforcoffeeexcellence.org/colombia-south-2012/
d097a68f0a5eff0b,Colombia,2012,COE,17,d097a68f0a5eff0b|COE|NA|17,TRUE,5,NA,12299.46,NA,NA,https://allianceforcoffeeexcellence.org/colombia-south-2012/
d097a68f0a5eff0b,Colombia,2012,COE,18,d097a68f0a5eff0b|COE|NA|18,TRUE,6.25,NA,14504.08,NA,NA,https://allianceforcoffeeexcellence.org/colombia-south-2012/
d097a68f0a5eff0b,Colombia,2012,COE,19,d097a68f0a5eff0b|COE|NA|19,TRUE,10.4,NA,30409.83,NA,NA,https://allianceforcoffeeexcellence.org/colombia-south-2012/
d097a68f0a5eff0b,Colombia,2012,COE,20,d097a68f0a5eff0b|COE|NA|20,TRUE,4.2,NA,12475.83,NA,NA,https://allianceforcoffeeexcellence.org/colombia-south-2012/
d097a68f0a5eff0b,Colombia,2012,COE,21,d097a68f0a5eff0b|COE|NA|21,TRUE,4.8,NA,13199.87,NA,NA,https://allianceforcoffeeexcellence.org/colombia-south-2012/
d097a68f0a5eff0b,Colombia,2012,COE,22,d097a68f0a5eff0b|COE|NA|22,TRUE,5.1,NA,11835.33,NA,NA,https://allianceforcoffeeexcellence.org/colombia-south-2012/
d097a68f0a5eff0b,Colombia,2012,COE,23,d097a68f0a5eff0b|COE|NA|23,TRUE,4.8,NA,11194.83,NA,NA,https://allianceforcoffeeexcellence.org/colombia-south-2012/
d097a68f0a5eff0b,Colombia,2012,COE,24,d097a68f0a5eff0b|COE|NA|24,TRUE,4.2,NA,14620.11,NA,NA,https://allianceforcoffeeexcellence.org/colombia-south-2012/
d097a68f0a5eff0b,Colombia,2012,COE,25,d097a68f0a5eff0b|COE|NA|25,TRUE,4.8,NA,11139.13,NA,NA,https://allianceforcoffeeexcellence.org/colombia-south-2012/
d097a68f0a5eff0b,Colombia,2012,COE,26,d097a68f0a5eff0b|COE|NA|26,TRUE,4.2,NA,10916.35,NA,NA,https://allianceforcoffeeexcellence.org/colombia-south-2012/
d097a68f0a5eff0b,Colombia,2012,COE,27,d097a68f0a5eff0b|COE|NA|27,TRUE,4.61,NA,10698.21,NA,NA,https://allianceforcoffeeexcellence.org/colombia-south-2012/
d097a68f0a5eff0b,Colombia,2012,COE,28,d097a68f0a5eff0b|COE|NA|28,TRUE,4.5,NA,11428.75,NA,NA,https://allianceforcoffeeexcellence.org/colombia-south-2012/
d097a68f0a5eff0b,Colombia,2012,COE,29,d097a68f0a5eff0b|COE|NA|29,TRUE,4.6,NA,10621.63,NA,NA,https://allianceforcoffeeexcellence.org/colombia-south-2012/
d097a68f0a5eff0b,Colombia,2012,COE,30,d097a68f0a5eff0b|COE|NA|30,TRUE,4.2,NA,9795.47,NA,NA,https://allianceforcoffeeexcellence.org/colombia-south-2012/
8ba1050b3deba653,Colombia,2013,COE,1,8ba1050b3deba653|COE|NA|1,TRUE,20.5,NA,50983.5,NA,NA,https://allianceforcoffeeexcellence.org/colombia-north-2013/
8ba1050b3deba653,Colombia,2013,COE,2,8ba1050b3deba653|COE|NA|2,TRUE,15.1,NA,37553.7,NA,NA,https://allianceforcoffeeexcellence.org/colombia-north-2013/
8ba1050b3deba653,Colombia,2013,COE,3,8ba1050b3deba653|COE|NA|3,TRUE,12.1,NA,33287.1,NA,NA,https://allianceforcoffeeexcellence.org/colombia-north-2013/
8ba1050b3deba653,Colombia,2013,COE,4,8ba1050b3deba653|COE|NA|4,TRUE,9.2,NA,22880.4,NA,NA,https://allianceforcoffeeexcellence.org/colombia-north-2013/
8ba1050b3deba653,Colombia,2013,COE,5,8ba1050b3deba653|COE|NA|5,TRUE,9.3,NA,23622,NA,NA,https://allianceforcoffeeexcellence.org/colombia-north-2013/
8ba1050b3deba653,Colombia,2013,COE,6,8ba1050b3deba653|COE|NA|6,TRUE,8.9,NA,22134.3,NA,NA,https://allianceforcoffeeexcellence.org/colombia-north-2013/
8ba1050b3deba653,Colombia,2013,COE,7,8ba1050b3deba653|COE|NA|7,TRUE,10.3,NA,25616.1,NA,NA,https://allianceforcoffeeexcellence.org/colombia-north-2013/
8ba1050b3deba653,Colombia,2013,COE,8,8ba1050b3deba653|COE|NA|8,TRUE,8.5,NA,21139.5,NA,NA,https://allianceforcoffeeexcellence.org/colombia-north-2013/
8ba1050b3deba653,Colombia,2013,COE,9,8ba1050b3deba653|COE|NA|9,TRUE,8.3,NA,20642.1,NA,NA,https://allianceforcoffeeexcellence.org/colombia-north-2013/
8ba1050b3deba653,Colombia,2013,COE,10,8ba1050b3deba653|COE|NA|10,TRUE,8.8,NA,21885.6,NA,NA,https://allianceforcoffeeexcellence.org/colombia-north-2013/
8ba1050b3deba653,Colombia,2013,COE,11,8ba1050b3deba653|COE|NA|11,TRUE,9,NA,22383,NA,NA,https://allianceforcoffeeexcellence.org/colombia-north-2013/
8ba1050b3deba653,Colombia,2013,COE,12,8ba1050b3deba653|COE|NA|12,TRUE,8.5,NA,21139.5,NA,NA,https://allianceforcoffeeexcellence.org/colombia-north-2013/
8ba1050b3deba653,Colombia,2013,COE,13,8ba1050b3deba653|COE|NA|13,TRUE,8.2,NA,20393.4,NA,NA,https://allianceforcoffeeexcellence.org/colombia-north-2013/
8ba1050b3deba653,Colombia,2013,COE,14,8ba1050b3deba653|COE|NA|14,TRUE,8.1,NA,20144.7,NA,NA,https://allianceforcoffeeexcellence.org/colombia-north-2013/
8ba1050b3deba653,Colombia,2013,COE,15,8ba1050b3deba653|COE|NA|15,TRUE,8.3,NA,20642.1,NA,NA,https://allianceforcoffeeexcellence.org/colombia-north-2013/
8ba1050b3deba653,Colombia,2013,COE,16,8ba1050b3deba653|COE|NA|16,TRUE,8.1,NA,20144.7,NA,NA,https://allianceforcoffeeexcellence.org/colombia-north-2013/
8ba1050b3deba653,Colombia,2013,COE,17,8ba1050b3deba653|COE|NA|17,TRUE,7.5,NA,18652.5,NA,NA,https://allianceforcoffeeexcellence.org/colombia-north-2013/
8ba1050b3deba653,Colombia,2013,COE,18,8ba1050b3deba653|COE|NA|18,TRUE,7.85,NA,31148.8,NA,NA,https://allianceforcoffeeexcellence.org/colombia-north-2013/
8ba1050b3deba653,Colombia,2013,COE,19,8ba1050b3deba653|COE|NA|19,TRUE,7.1,NA,17657.7,NA,NA,https://allianceforcoffeeexcellence.org/colombia-north-2013/
8ba1050b3deba653,Colombia,2013,COE,20,8ba1050b3deba653|COE|NA|20,TRUE,7.6,NA,18901.2,NA,NA,https://allianceforcoffeeexcellence.org/colombia-north-2013/
f1e54b3b5ca863aa,Colombia,2014,COE,1,f1e54b3b5ca863aa|COE|NA|1,TRUE,45.7,NA,117449,NA,NA,https://allianceforcoffeeexcellence.org/colombia-south-2014/
f1e54b3b5ca863aa,Colombia,2014,COE,2,f1e54b3b5ca863aa|COE|NA|2,TRUE,22.2,NA,61649.4,NA,NA,https://allianceforcoffeeexcellence.org/colombia-south-2014/
f1e54b3b5ca863aa,Colombia,2014,COE,3,f1e54b3b5ca863aa|COE|NA|3,TRUE,22.2,NA,57054,NA,NA,https://allianceforcoffeeexcellence.org/colombia-south-2014/
f1e54b3b5ca863aa,Colombia,2014,COE,4,f1e54b3b5ca863aa|COE|NA|4,TRUE,6.21,NA,22952.16,NA,NA,https://allianceforcoffeeexcellence.org/colombia-south-2014/
f1e54b3b5ca863aa,Colombia,2014,COE,5,f1e54b3b5ca863aa|COE|NA|5,TRUE,12.5,NA,34862.5,NA,NA,https://allianceforcoffeeexcellence.org/colombia-south-2014/
f1e54b3b5ca863aa,Colombia,2014,COE,6,f1e54b3b5ca863aa|COE|NA|6,TRUE,10.35,NA,25833.6,NA,NA,https://allianceforcoffeeexcellence.org/colombia-south-2014/
f1e54b3b5ca863aa,Colombia,2014,COE,7,f1e54b3b5ca863aa|COE|NA|7,TRUE,9.1,NA,23159.5,NA,NA,https://allianceforcoffeeexcellence.org/colombia-south-2014/
f1e54b3b5ca863aa,Colombia,2014,COE,8,f1e54b3b5ca863aa|COE|NA|8,TRUE,5,NA,23305,NA,NA,https://allianceforcoffeeexcellence.org/colombia-south-2014/
f1e54b3b5ca863aa,Colombia,2014,COE,9,f1e54b3b5ca863aa|COE|NA|9,TRUE,9.2,NA,22733.2,NA,NA,https://allianceforcoffeeexcellence.org/colombia-south-2014/
f1e54b3b5ca863aa,Colombia,2014,COE,10,f1e54b3b5ca863aa|COE|NA|10,TRUE,7.6,NA,18969.6,NA,NA,https://allianceforcoffeeexcellence.org/colombia-south-2014/
f1e54b3b5ca863aa,Colombia,2014,COE,11A,f1e54b3b5ca863aa|COE|NA|11A,TRUE,8.5,NA,22159.5,NA,NA,https://allianceforcoffeeexcellence.org/colombia-south-2014/
f1e54b3b5ca863aa,Colombia,2014,COE,11B,f1e54b3b5ca863aa|COE|NA|11B,TRUE,7.2,NA,23623.2,NA,NA,https://allianceforcoffeeexcellence.org/colombia-south-2014/
f1e54b3b5ca863aa,Colombia,2014,COE,12A,f1e54b3b5ca863aa|COE|NA|12A,TRUE,4.6,NA,14177.2,NA,NA,https://allianceforcoffeeexcellence.org/colombia-south-2014/
f1e54b3b5ca863aa,Colombia,2014,COE,12B,f1e54b3b5ca863aa|COE|NA|12B,TRUE,7.65,NA,19002.6,NA,NA,https://allianceforcoffeeexcellence.org/colombia-south-2014/
f1e54b3b5ca863aa,Colombia,2014,COE,13,f1e54b3b5ca863aa|COE|NA|13,TRUE,5.4,NA,13203,NA,NA,https://allianceforcoffeeexcellence.org/colombia-south-2014/
f1e54b3b5ca863aa,Colombia,2014,COE,14,f1e54b3b5ca863aa|COE|NA|14,TRUE,5.1,NA,14851.2,NA,NA,https://allianceforcoffeeexcellence.org/colombia-south-2014/
f1e54b3b5ca863aa,Colombia,2014,COE,15,f1e54b3b5ca863aa|COE|NA|15,TRUE,6.2,NA,15376,NA,NA,https://allianceforcoffeeexcellence.org/colombia-south-2014/
f1e54b3b5ca863aa,Colombia,2014,COE,16,f1e54b3b5ca863aa|COE|NA|16,TRUE,5.1,NA,12795.9,NA,NA,https://allianceforcoffeeexcellence.org/colombia-south-2014/
f1e54b3b5ca863aa,Colombia,2014,COE,17,f1e54b3b5ca863aa|COE|NA|17,TRUE,5.1,NA,12729.6,NA,NA,https://allianceforcoffeeexcellence.org/colombia-south-2014/
f1e54b3b5ca863aa,Colombia,2014,COE,18,f1e54b3b5ca863aa|COE|NA|18,TRUE,4.4,NA,11136.4,NA,NA,https://allianceforcoffeeexcellence.org/colombia-south-2014/
f1e54b3b5ca863aa,Colombia,2014,COE,19A,f1e54b3b5ca863aa|COE|NA|19A,TRUE,4.2,NA,10432.8,NA,NA,https://allianceforcoffeeexcellence.org/colombia-south-2014/
f1e54b3b5ca863aa,Colombia,2014,COE,19B,f1e54b3b5ca863aa|COE|NA|19B,TRUE,4.2,NA,10537.8,NA,NA,https://allianceforcoffeeexcellence.org/colombia-south-2014/
f1e54b3b5ca863aa,Colombia,2014,COE,20,f1e54b3b5ca863aa|COE|NA|20,TRUE,5.25,NA,13928.25,NA,NA,https://allianceforcoffeeexcellence.org/colombia-south-2014/
f1e54b3b5ca863aa,Colombia,2014,COE,21,f1e54b3b5ca863aa|COE|NA|21,TRUE,4.4,NA,11026.4,NA,NA,https://allianceforcoffeeexcellence.org/colombia-south-2014/
f1e54b3b5ca863aa,Colombia,2014,COE,22,f1e54b3b5ca863aa|COE|NA|22,TRUE,4.1,NA,13899,NA,NA,https://allianceforcoffeeexcellence.org/colombia-south-2014/
f1e54b3b5ca863aa,Colombia,2014,COE,23A,f1e54b3b5ca863aa|COE|NA|23A,TRUE,4.2,NA,11466,NA,NA,https://allianceforcoffeeexcellence.org/colombia-south-2014/
f1e54b3b5ca863aa,Colombia,2014,COE,23B,f1e54b3b5ca863aa|COE|NA|23B,TRUE,4.2,NA,10537.8,NA,NA,https://allianceforcoffeeexcellence.org/colombia-south-2014/
f1e54b3b5ca863aa,Colombia,2014,COE,24,f1e54b3b5ca863aa|COE|NA|24,TRUE,4.9,NA,12107.9,NA,NA,https://allianceforcoffeeexcellence.org/colombia-south-2014/
f1e54b3b5ca863aa,Colombia,2014,COE,25A,f1e54b3b5ca863aa|COE|NA|25A,TRUE,5.75,NA,14990.25,NA,NA,https://allianceforcoffeeexcellence.org/colombia-south-2014/
f1e54b3b5ca863aa,Colombia,2014,COE,25B,f1e54b3b5ca863aa|COE|NA|25B,TRUE,4.2,NA,10470.6,NA,NA,https://allianceforcoffeeexcellence.org/colombia-south-2014/
f1e54b3b5ca863aa,Colombia,2014,COE,26A,f1e54b3b5ca863aa|COE|NA|26A,TRUE,4,NA,10004,NA,NA,https://allianceforcoffeeexcellence.org/colombia-south-2014/
f1e54b3b5ca863aa,Colombia,2014,COE,26B,f1e54b3b5ca863aa|COE|NA|26B,TRUE,4.2,NA,10483.2,NA,NA,https://allianceforcoffeeexcellence.org/colombia-south-2014/
f1e54b3b5ca863aa,Colombia,2014,COE,27,f1e54b3b5ca863aa|COE|NA|27,TRUE,4.25,NA,10684.5,NA,NA,https://allianceforcoffeeexcellence.org/colombia-south-2014/
f1e54b3b5ca863aa,Colombia,2014,COE,28,f1e54b3b5ca863aa|COE|NA|28,TRUE,4,NA,10000,NA,NA,https://allianceforcoffeeexcellence.org/colombia-south-2014/
e3ee4b83024a8fdc,Colombia,2015,COE,1,e3ee4b83024a8fdc|COE|NA|1,TRUE,14.5,NA,36061.5,NA,NA,https://allianceforcoffeeexcellence.org/colombia-north-2015/
e3ee4b83024a8fdc,Colombia,2015,COE,2,e3ee4b83024a8fdc|COE|NA|2,TRUE,10,NA,25930,NA,NA,https://allianceforcoffeeexcellence.org/colombia-north-2015/
e3ee4b83024a8fdc,Colombia,2015,COE,3,e3ee4b83024a8fdc|COE|NA|3,TRUE,7.6,NA,18901.2,NA,NA,https://allianceforcoffeeexcellence.org/colombia-north-2015/
e3ee4b83024a8fdc,Colombia,2015,COE,4,e3ee4b83024a8fdc|COE|NA|4,TRUE,6.7,NA,17728.2,NA,NA,https://allianceforcoffeeexcellence.org/colombia-north-2015/
e3ee4b83024a8fdc,Colombia,2015,COE,5,e3ee4b83024a8fdc|COE|NA|5,TRUE,6.61,NA,16789.4,NA,NA,https://allianceforcoffeeexcellence.org/colombia-north-2015/
e3ee4b83024a8fdc,Colombia,2015,COE,6,e3ee4b83024a8fdc|COE|NA|6,TRUE,6.01,NA,15265.4,NA,NA,https://allianceforcoffeeexcellence.org/colombia-north-2015/
e3ee4b83024a8fdc,Colombia,2015,COE,7A,e3ee4b83024a8fdc|COE|NA|7A,TRUE,5.7,NA,14478,NA,NA,https://allianceforcoffeeexcellence.org/colombia-north-2015/
e3ee4b83024a8fdc,Colombia,2015,COE,7B,e3ee4b83024a8fdc|COE|NA|7B,TRUE,5.4,NA,13429.8,NA,NA,https://allianceforcoffeeexcellence.org/colombia-north-2015/
e3ee4b83024a8fdc,Colombia,2015,COE,9,e3ee4b83024a8fdc|COE|NA|9,TRUE,5.65,NA,15243.7,NA,NA,https://allianceforcoffeeexcellence.org/colombia-north-2015/
e3ee4b83024a8fdc,Colombia,2015,COE,10,e3ee4b83024a8fdc|COE|NA|10,TRUE,5.4,NA,14855.4,NA,NA,https://allianceforcoffeeexcellence.org/colombia-north-2015/
e3ee4b83024a8fdc,Colombia,2015,COE,11,e3ee4b83024a8fdc|COE|NA|11,TRUE,5.8,NA,14424.6,NA,NA,https://allianceforcoffeeexcellence.org/colombia-north-2015/
e3ee4b83024a8fdc,Colombia,2015,COE,12,e3ee4b83024a8fdc|COE|NA|12,TRUE,4.6,NA,11684,NA,NA,https://allianceforcoffeeexcellence.org/colombia-north-2015/
e3ee4b83024a8fdc,Colombia,2015,COE,13,e3ee4b83024a8fdc|COE|NA|13,TRUE,5.15,NA,13081,NA,NA,https://allianceforcoffeeexcellence.org/colombia-north-2015/
e3ee4b83024a8fdc,Colombia,2015,COE,14,e3ee4b83024a8fdc|COE|NA|14,TRUE,5.5,NA,13678.5,NA,NA,https://allianceforcoffeeexcellence.org/colombia-north-2015/
e3ee4b83024a8fdc,Colombia,2015,COE,15,e3ee4b83024a8fdc|COE|NA|15,TRUE,4.6,NA,11684,NA,NA,https://allianceforcoffeeexcellence.org/colombia-north-2015/
e3ee4b83024a8fdc,Colombia,2015,COE,16A,e3ee4b83024a8fdc|COE|NA|16A,TRUE,4.71,NA,11713.77,NA,NA,https://allianceforcoffeeexcellence.org/colombia-north-2015/
e3ee4b83024a8fdc,Colombia,2015,COE,16B,e3ee4b83024a8fdc|COE|NA|16B,TRUE,5.1,NA,12683.7,NA,NA,https://allianceforcoffeeexcellence.org/colombia-north-2015/
e3ee4b83024a8fdc,Colombia,2015,COE,18,e3ee4b83024a8fdc|COE|NA|18,TRUE,7.7,NA,19966.1,NA,NA,https://allianceforcoffeeexcellence.org/colombia-north-2015/
e3ee4b83024a8fdc,Colombia,2015,COE,19A,e3ee4b83024a8fdc|COE|NA|19A,TRUE,6,NA,14922,NA,NA,https://allianceforcoffeeexcellence.org/colombia-north-2015/
e3ee4b83024a8fdc,Colombia,2015,COE,19B,e3ee4b83024a8fdc|COE|NA|19B,TRUE,4.6,NA,11684,NA,NA,https://allianceforcoffeeexcellence.org/colombia-north-2015/
e3ee4b83024a8fdc,Colombia,2015,COE,21,e3ee4b83024a8fdc|COE|NA|21,TRUE,4.4,NA,11176,NA,NA,https://allianceforcoffeeexcellence.org/colombia-north-2015/
e3ee4b83024a8fdc,Colombia,2015,COE,22,e3ee4b83024a8fdc|COE|NA|22,TRUE,4.5,NA,11907,NA,NA,https://allianceforcoffeeexcellence.org/colombia-north-2015/
e3ee4b83024a8fdc,Colombia,2015,COE,23,e3ee4b83024a8fdc|COE|NA|23,TRUE,4.4,NA,11176,NA,NA,https://allianceforcoffeeexcellence.org/colombia-north-2015/
e3ee4b83024a8fdc,Colombia,2015,COE,24,e3ee4b83024a8fdc|COE|NA|24,TRUE,4.5,NA,11430,NA,NA,https://allianceforcoffeeexcellence.org/colombia-north-2015/
e3ee4b83024a8fdc,Colombia,2015,COE,25,e3ee4b83024a8fdc|COE|NA|25,TRUE,4.4,NA,11176,NA,NA,https://allianceforcoffeeexcellence.org/colombia-north-2015/
e3ee4b83024a8fdc,Colombia,2015,COE,26,e3ee4b83024a8fdc|COE|NA|26,TRUE,4.2,NA,21113.4,NA,NA,https://allianceforcoffeeexcellence.org/colombia-north-2015/
e3ee4b83024a8fdc,Colombia,2015,COE,27,e3ee4b83024a8fdc|COE|NA|27,TRUE,4.4,NA,10942.8,NA,NA,https://allianceforcoffeeexcellence.org/colombia-north-2015/
e3ee4b83024a8fdc,Colombia,2015,COE,28,e3ee4b83024a8fdc|COE|NA|28,TRUE,4.61,NA,12682.11,NA,NA,https://allianceforcoffeeexcellence.org/colombia-north-2015/
e3ee4b83024a8fdc,Colombia,2015,COE,29,e3ee4b83024a8fdc|COE|NA|29,TRUE,4.61,NA,11709.4,NA,NA,https://allianceforcoffeeexcellence.org/colombia-north-2015/
e3ee4b83024a8fdc,Colombia,2015,COE,30,e3ee4b83024a8fdc|COE|NA|30,TRUE,4.2,NA,10668,NA,NA,https://allianceforcoffeeexcellence.org/colombia-north-2015/
e3ee4b83024a8fdc,Colombia,2015,COE,31,e3ee4b83024a8fdc|COE|NA|31,TRUE,5.1,NA,12954,NA,NA,https://allianceforcoffeeexcellence.org/colombia-north-2015/
cb99a98e8f70e864,Colombia,2017,COE,1A,cb99a98e8f70e864|COE|NA|1A,TRUE,37.3,NA,12334.74,NA,NA,https://allianceforcoffeeexcellence.org/colombia-2017/
cb99a98e8f70e864,Colombia,2017,COE,1B,cb99a98e8f70e864|COE|NA|1B,TRUE,37.3,NA,12334.74,NA,NA,https://allianceforcoffeeexcellence.org/colombia-2017/
cb99a98e8f70e864,Colombia,2017,COE,2A,cb99a98e8f70e864|COE|NA|2A,TRUE,40.3,NA,13326.81,NA,NA,https://allianceforcoffeeexcellence.org/colombia-2017/
cb99a98e8f70e864,Colombia,2017,COE,2B,cb99a98e8f70e864|COE|NA|2B,TRUE,38.2,NA,12632.36,NA,NA,https://allianceforcoffeeexcellence.org/colombia-2017/
cb99a98e8f70e864,Colombia,2017,COE,3A,cb99a98e8f70e864|COE|NA|3A,TRUE,16.12,NA,6396.9,NA,NA,https://allianceforcoffeeexcellence.org/colombia-2017/
cb99a98e8f70e864,Colombia,2017,COE,3B,cb99a98e8f70e864|COE|NA|3B,TRUE,16,NA,6349.28,NA,NA,https://allianceforcoffeeexcellence.org/colombia-2017/
cb99a98e8f70e864,Colombia,2017,COE,4A,cb99a98e8f70e864|COE|NA|4A,TRUE,16.3,NA,6468.33,NA,NA,https://allianceforcoffeeexcellence.org/colombia-2017/
cb99a98e8f70e864,Colombia,2017,COE,4B,cb99a98e8f70e864|COE|NA|4B,TRUE,16,NA,6349.28,NA,NA,https://allianceforcoffeeexcellence.org/colombia-2017/
cb99a98e8f70e864,Colombia,2017,COE,5A,cb99a98e8f70e864|COE|NA|5A,TRUE,13.1,NA,6931.34,NA,NA,https://allianceforcoffeeexcellence.org/colombia-2017/
cb99a98e8f70e864,Colombia,2017,COE,5B,cb99a98e8f70e864|COE|NA|5B,TRUE,13.01,NA,6023.24,NA,NA,https://allianceforcoffeeexcellence.org/colombia-2017/
cb99a98e8f70e864,Colombia,2017,COE,6A,cb99a98e8f70e864|COE|NA|6A,TRUE,14.1,NA,5595.3,NA,NA,https://allianceforcoffeeexcellence.org/colombia-2017/
cb99a98e8f70e864,Colombia,2017,COE,6B,cb99a98e8f70e864|COE|NA|6B,TRUE,14.72,NA,5841.34,NA,NA,https://allianceforcoffeeexcellence.org/colombia-2017/
cb99a98e8f70e864,Colombia,2017,COE,7,cb99a98e8f70e864|COE|NA|7,TRUE,12.1,NA,8803.11,NA,NA,https://allianceforcoffeeexcellence.org/colombia-2017/
cb99a98e8f70e864,Colombia,2017,COE,8,cb99a98e8f70e864|COE|NA|8,TRUE,28.3,NA,46793.2,NA,NA,https://allianceforcoffeeexcellence.org/colombia-2017/
cb99a98e8f70e864,Colombia,2017,COE,9,cb99a98e8f70e864|COE|NA|9,TRUE,8.4,NA,11666.84,NA,NA,https://allianceforcoffeeexcellence.org/colombia-2017/
cb99a98e8f70e864,Colombia,2017,COE,10,cb99a98e8f70e864|COE|NA|10,TRUE,7.9,NA,20377.34,NA,NA,https://allianceforcoffeeexcellence.org/colombia-2017/
cb99a98e8f70e864,Colombia,2017,COE,11,cb99a98e8f70e864|COE|NA|11,TRUE,8.1,NA,5357.26,NA,NA,https://allianceforcoffeeexcellence.org/colombia-2017/
cb99a98e8f70e864,Colombia,2017,COE,12,cb99a98e8f70e864|COE|NA|12,TRUE,14.11,NA,12131.78,NA,NA,https://allianceforcoffeeexcellence.org/colombia-2017/
cb99a98e8f70e864,Colombia,2017,COE,13,cb99a98e8f70e864|COE|NA|13,TRUE,10.1,NA,12024.05,NA,NA,https://allianceforcoffeeexcellence.org/colombia-2017/
cb99a98e8f70e864,Colombia,2017,COE,14,cb99a98e8f70e864|COE|NA|14,TRUE,9.1,NA,25278.25,NA,NA,https://allianceforcoffeeexcellence.org/colombia-2017/
cb99a98e8f70e864,Colombia,2017,COE,15,cb99a98e8f70e864|COE|NA|15,TRUE,12.1,NA,9603.29,NA,NA,https://allianceforcoffeeexcellence.org/colombia-2017/
cb99a98e8f70e864,Colombia,2017,COE,16,cb99a98e8f70e864|COE|NA|16,TRUE,10.1,NA,7348.05,NA,NA,https://allianceforcoffeeexcellence.org/colombia-2017/
cb99a98e8f70e864,Colombia,2017,COE,17,cb99a98e8f70e864|COE|NA|17,TRUE,8.1,NA,14464.49,NA,NA,https://allianceforcoffeeexcellence.org/colombia-2017/
cb99a98e8f70e864,Colombia,2017,COE,18,cb99a98e8f70e864|COE|NA|18,TRUE,10.1,NA,12024.05,NA,NA,https://allianceforcoffeeexcellence.org/colombia-2017/
cb99a98e8f70e864,Colombia,2017,COE,19,cb99a98e8f70e864|COE|NA|19,TRUE,7.3,NA,9656.22,NA,NA,https://allianceforcoffeeexcellence.org/colombia-2017/
cb99a98e8f70e864,Colombia,2017,COE,20,cb99a98e8f70e864|COE|NA|20,TRUE,7.7,NA,6111.18,NA,NA,https://allianceforcoffeeexcellence.org/colombia-2017/
cb99a98e8f70e864,Colombia,2017,COE,21,cb99a98e8f70e864|COE|NA|21,TRUE,7,NA,12037.27,NA,NA,https://allianceforcoffeeexcellence.org/colombia-2017/
cb99a98e8f70e864,Colombia,2017,COE,22,cb99a98e8f70e864|COE|NA|22,TRUE,7.3,NA,6276.54,NA,NA,https://allianceforcoffeeexcellence.org/colombia-2017/
cb99a98e8f70e864,Colombia,2017,COE,23,cb99a98e8f70e864|COE|NA|23,TRUE,10.1,NA,6680.04,NA,NA,https://allianceforcoffeeexcellence.org/colombia-2017/
cb99a98e8f70e864,Colombia,2017,COE,24,cb99a98e8f70e864|COE|NA|24,TRUE,7.2,NA,6190.56,NA,NA,https://allianceforcoffeeexcellence.org/colombia-2017/
cb99a98e8f70e864,Colombia,2017,COE,25,cb99a98e8f70e864|COE|NA|25,TRUE,8,NA,7936.64,NA,NA,https://allianceforcoffeeexcellence.org/colombia-2017/
cb99a98e8f70e864,Colombia,2017,COE,26,cb99a98e8f70e864|COE|NA|26,TRUE,5.9,NA,16779.36,NA,NA,https://allianceforcoffeeexcellence.org/colombia-2017/
cb99a98e8f70e864,Colombia,2017,COE,27,cb99a98e8f70e864|COE|NA|27,TRUE,7.1,NA,7043.77,NA,NA,https://allianceforcoffeeexcellence.org/colombia-2017/
cb99a98e8f70e864,Colombia,2017,COE,28,cb99a98e8f70e864|COE|NA|28,TRUE,7,NA,9722.37,NA,NA,https://allianceforcoffeeexcellence.org/colombia-2017/
cb99a98e8f70e864,Colombia,2017,COE,29,cb99a98e8f70e864|COE|NA|29,TRUE,7.1,NA,6104.58,NA,NA,https://allianceforcoffeeexcellence.org/colombia-2017/
cb99a98e8f70e864,Colombia,2017,COE,30,cb99a98e8f70e864|COE|NA|30,TRUE,7,NA,18981.83,NA,NA,https://allianceforcoffeeexcellence.org/colombia-2017/
05dea4f9ef49cf00,Colombia,2018,COE,1A,05dea4f9ef49cf00|COE|NA|1A,TRUE,43.5,NA,20139.2,NA,NA,https://allianceforcoffeeexcellence.org/colombia-2018/
05dea4f9ef49cf00,Colombia,2018,COE,1B,05dea4f9ef49cf00|COE|NA|1B,TRUE,50.1,NA,23194.8,NA,NA,https://allianceforcoffeeexcellence.org/colombia-2018/
05dea4f9ef49cf00,Colombia,2018,COE,2A,05dea4f9ef49cf00|COE|NA|2A,TRUE,19.1,NA,8211.09,NA,NA,https://allianceforcoffeeexcellence.org/colombia-2018/
05dea4f9ef49cf00,Colombia,2018,COE,2B,05dea4f9ef49cf00|COE|NA|2B,TRUE,19.1,NA,8211.09,NA,NA,https://allianceforcoffeeexcellence.org/colombia-2018/
05dea4f9ef49cf00,Colombia,2018,COE,3A,05dea4f9ef49cf00|COE|NA|3A,TRUE,18.35,NA,8495.5,NA,NA,https://allianceforcoffeeexcellence.org/colombia-2018/
05dea4f9ef49cf00,Colombia,2018,COE,3B,05dea4f9ef49cf00|COE|NA|3B,TRUE,18.35,NA,8495.5,NA,NA,https://allianceforcoffeeexcellence.org/colombia-2018/
05dea4f9ef49cf00,Colombia,2018,COE,4A,05dea4f9ef49cf00|COE|NA|4A,TRUE,12.6,NA,6666.66,NA,NA,https://allianceforcoffeeexcellence.org/colombia-2018/
05dea4f9ef49cf00,Colombia,2018,COE,4B,05dea4f9ef49cf00|COE|NA|4B,TRUE,12.5,NA,6613.75,NA,NA,https://allianceforcoffeeexcellence.org/colombia-2018/
05dea4f9ef49cf00,Colombia,2018,COE,5A,05dea4f9ef49cf00|COE|NA|5A,TRUE,20,NA,3968.2,NA,NA,https://allianceforcoffeeexcellence.org/colombia-2018/
05dea4f9ef49cf00,Colombia,2018,COE,5B,05dea4f9ef49cf00|COE|NA|5B,TRUE,20,NA,3968.2,NA,NA,https://allianceforcoffeeexcellence.org/colombia-2018/
05dea4f9ef49cf00,Colombia,2018,COE,6A,05dea4f9ef49cf00|COE|NA|6A,TRUE,19.1,NA,8842.73,NA,NA,https://allianceforcoffeeexcellence.org/colombia-2018/
05dea4f9ef49cf00,Colombia,2018,COE,6B,05dea4f9ef49cf00|COE|NA|6B,TRUE,18.35,NA,8495.5,NA,NA,https://allianceforcoffeeexcellence.org/colombia-2018/
05dea4f9ef49cf00,Colombia,2018,COE,7A,05dea4f9ef49cf00|COE|NA|7A,TRUE,20.4,NA,8769.96,NA,NA,https://allianceforcoffeeexcellence.org/colombia-2018/
05dea4f9ef49cf00,Colombia,2018,COE,7B,05dea4f9ef49cf00|COE|NA|7B,TRUE,20.5,NA,8812.95,NA,NA,https://allianceforcoffeeexcellence.org/colombia-2018/
05dea4f9ef49cf00,Colombia,2018,COE,8A,05dea4f9ef49cf00|COE|NA|8A,TRUE,8.4,NA,3611.16,NA,NA,https://allianceforcoffeeexcellence.org/colombia-2018/
05dea4f9ef49cf00,Colombia,2018,COE,8B,05dea4f9ef49cf00|COE|NA|8B,TRUE,8.4,NA,3611.16,NA,NA,https://allianceforcoffeeexcellence.org/colombia-2018/
05dea4f9ef49cf00,Colombia,2018,COE,9A,05dea4f9ef49cf00|COE|NA|9A,TRUE,7,NA,8796.34,NA,NA,https://allianceforcoffeeexcellence.org/colombia-2018/
05dea4f9ef49cf00,Colombia,2018,COE,9B,05dea4f9ef49cf00|COE|NA|9B,TRUE,7,NA,8796.34,NA,NA,https://allianceforcoffeeexcellence.org/colombia-2018/
05dea4f9ef49cf00,Colombia,2018,COE,10,05dea4f9ef49cf00|COE|NA|10,TRUE,54.1,NA,46514.64,NA,NA,https://allianceforcoffeeexcellence.org/colombia-2018/
05dea4f9ef49cf00,Colombia,2018,COE,11,05dea4f9ef49cf00|COE|NA|11,TRUE,8,NA,10052.96,NA,NA,https://allianceforcoffeeexcellence.org/colombia-2018/
05dea4f9ef49cf00,Colombia,2018,COE,12,05dea4f9ef49cf00|COE|NA|12,TRUE,6.8,NA,12142.96,NA,NA,https://allianceforcoffeeexcellence.org/colombia-2018/
05dea4f9ef49cf00,Colombia,2018,COE,13,05dea4f9ef49cf00|COE|NA|13,TRUE,13.2,NA,11349.23,NA,NA,https://allianceforcoffeeexcellence.org/colombia-2018/
05dea4f9ef49cf00,Colombia,2018,COE,14,05dea4f9ef49cf00|COE|NA|14,TRUE,8.2,NA,13015.94,NA,NA,https://allianceforcoffeeexcellence.org/colombia-2018/
05dea4f9ef49cf00,Colombia,2018,COE,15,05dea4f9ef49cf00|COE|NA|15,TRUE,7.5,NA,6448.43,NA,NA,https://allianceforcoffeeexcellence.org/colombia-2018/
05dea4f9ef49cf00,Colombia,2018,COE,16,05dea4f9ef49cf00|COE|NA|16,TRUE,8.1,NA,7232.17,NA,NA,https://allianceforcoffeeexcellence.org/colombia-2018/
05dea4f9ef49cf00,Colombia,2018,COE,17,05dea4f9ef49cf00|COE|NA|17,TRUE,8.1,NA,7500.03,NA,NA,https://allianceforcoffeeexcellence.org/colombia-2018/
05dea4f9ef49cf00,Colombia,2018,COE,18,05dea4f9ef49cf00|COE|NA|18,TRUE,7.5,NA,6944.48,NA,NA,https://allianceforcoffeeexcellence.org/colombia-2018/
05dea4f9ef49cf00,Colombia,2018,COE,19,05dea4f9ef49cf00|COE|NA|19,TRUE,6.5,NA,10102.56,NA,NA,https://allianceforcoffeeexcellence.org/colombia-2018/
05dea4f9ef49cf00,Colombia,2018,COE,20,05dea4f9ef49cf00|COE|NA|20,TRUE,9.2,NA,16428.72,NA,NA,https://allianceforcoffeeexcellence.org/colombia-2018/
05dea4f9ef49cf00,Colombia,2018,COE,21,05dea4f9ef49cf00|COE|NA|21,TRUE,7.1,NA,8922,NA,NA,https://allianceforcoffeeexcellence.org/colombia-2018/
05dea4f9ef49cf00,Colombia,2018,COE,22,05dea4f9ef49cf00|COE|NA|22,TRUE,8.1,NA,6964.3,NA,NA,https://allianceforcoffeeexcellence.org/colombia-2018/
05dea4f9ef49cf00,Colombia,2018,COE,23,05dea4f9ef49cf00|COE|NA|23,TRUE,8.1,NA,14464.41,NA,NA,https://allianceforcoffeeexcellence.org/colombia-2018/
05dea4f9ef49cf00,Colombia,2018,COE,24,05dea4f9ef49cf00|COE|NA|24,TRUE,7.5,NA,7440.53,NA,NA,https://allianceforcoffeeexcellence.org/colombia-2018/
05dea4f9ef49cf00,Colombia,2018,COE,25,05dea4f9ef49cf00|COE|NA|25,TRUE,6.9,NA,12321.54,NA,NA,https://allianceforcoffeeexcellence.org/colombia-2018/
05dea4f9ef49cf00,Colombia,2018,COE,26,05dea4f9ef49cf00|COE|NA|26,TRUE,11.9,NA,10625.03,NA,NA,https://allianceforcoffeeexcellence.org/colombia-2018/
05dea4f9ef49cf00,Colombia,2018,COE,27,05dea4f9ef49cf00|COE|NA|27,TRUE,7,NA,10416.77,NA,NA,https://allianceforcoffeeexcellence.org/colombia-2018/
378b15a9f8e37b92,Colombia,2019,COE,1A,378b15a9f8e37b92|COE|NA|1A,TRUE,35.1,529.11,18571.76,18571.761000000002,5.384519312341457e-8,https://allianceforcoffeeexcellence.org/colombia-north-2019/
378b15a9f8e37b92,Colombia,2019,COE,1B,378b15a9f8e37b92|COE|NA|1B,TRUE,35.6,496.04,17659.02,17659.024,2.2651313610918993e-7,https://allianceforcoffeeexcellence.org/colombia-north-2019/
378b15a9f8e37b92,Colombia,2019,COE,2A,378b15a9f8e37b92|COE|NA|2A,TRUE,30.3,727.52,22043.86,22043.856,1.8145642373045861e-7,https://allianceforcoffeeexcellence.org/colombia-north-2019/
378b15a9f8e37b92,Colombia,2019,COE,2B,378b15a9f8e37b92|COE|NA|2B,TRUE,30.3,694.46,21042.14,21042.138000000003,9.504736670174587e-8,https://allianceforcoffeeexcellence.org/colombia-north-2019/
378b15a9f8e37b92,Colombia,2019,COE,3A,378b15a9f8e37b92|COE|NA|3A,TRUE,19.6,396.83,7777.87,7777.868,2.571398081348697e-7,https://allianceforcoffeeexcellence.org/colombia-north-2019/
378b15a9f8e37b92,Colombia,2019,COE,3B,378b15a9f8e37b92|COE|NA|3B,TRUE,19.5,396.83,7738.19,7738.1849999999995,6.461459333654433e-7,https://allianceforcoffeeexcellence.org/colombia-north-2019/
378b15a9f8e37b92,Colombia,2019,COE,4A,378b15a9f8e37b92|COE|NA|4A,TRUE,15.7,562.18,8826.23,8826.225999999999,4.5319462565726336e-7,https://allianceforcoffeeexcellence.org/colombia-north-2019/
378b15a9f8e37b92,Colombia,2019,COE,4B,378b15a9f8e37b92|COE|NA|4B,TRUE,15.6,562.18,8770.01,8770.008,2.2804991104998212e-7,https://allianceforcoffeeexcellence.org/colombia-north-2019/
378b15a9f8e37b92,Colombia,2019,COE,5A,378b15a9f8e37b92|COE|NA|5A,TRUE,16.1,496.04,7986.24,7986.244000000001,5.008614818506466e-7,https://allianceforcoffeeexcellence.org/colombia-north-2019/
378b15a9f8e37b92,Colombia,2019,COE,5B,378b15a9f8e37b92|COE|NA|5B,TRUE,16.1,462.97,7453.82,7453.817000000001,4.024781922279034e-7,https://allianceforcoffeeexcellence.org/colombia-north-2019/
378b15a9f8e37b92,Colombia,2019,COE,6,378b15a9f8e37b92|COE|NA|6,TRUE,16,859.8,13756.8,13756.8,0,https://allianceforcoffeeexcellence.org/colombia-north-2019/
378b15a9f8e37b92,Colombia,2019,COE,7,378b15a9f8e37b92|COE|NA|7,TRUE,14,925.94,12963.16,12963.16,0,https://allianceforcoffeeexcellence.org/colombia-north-2019/
378b15a9f8e37b92,Colombia,2019,COE,8,378b15a9f8e37b92|COE|NA|8,TRUE,26.1,925.94,24167.03,24167.034000000003,1.655147531348654e-7,https://allianceforcoffeeexcellence.org/colombia-north-2019/
378b15a9f8e37b92,Colombia,2019,COE,9,378b15a9f8e37b92|COE|NA|9,TRUE,16.2,959.01,15535.96,15535.962,1.2873359614774071e-7,https://allianceforcoffeeexcellence.org/colombia-north-2019/
378b15a9f8e37b92,Colombia,2019,COE,10,378b15a9f8e37b92|COE|NA|10,TRUE,16.1,694.46,11180.81,11180.806000000002,3.5775583317996895e-7,https://allianceforcoffeeexcellence.org/colombia-north-2019/
378b15a9f8e37b92,Colombia,2019,COE,11,378b15a9f8e37b92|COE|NA|11,TRUE,14.1,925.94,13055.75,13055.754,3.0637841570303564e-7,https://allianceforcoffeeexcellence.org/colombia-north-2019/
378b15a9f8e37b92,Colombia,2019,COE,12,378b15a9f8e37b92|COE|NA|12,TRUE,12.1,1355.84,16405.66,16405.663999999997,2.4381829180764006e-7,https://allianceforcoffeeexcellence.org/colombia-north-2019/
378b15a9f8e37b92,Colombia,2019,COE,13,378b15a9f8e37b92|COE|NA|13,TRUE,9.3,826.73,7688.59,7688.589000000001,1.3006285928814413e-7,https://allianceforcoffeeexcellence.org/colombia-north-2019/
378b15a9f8e37b92,Colombia,2019,COE,14,378b15a9f8e37b92|COE|NA|14,TRUE,16.5,529.11,8730.32,8730.315,5.727166929963215e-7,https://allianceforcoffeeexcellence.org/colombia-north-2019/
378b15a9f8e37b92,Colombia,2019,COE,15,378b15a9f8e37b92|COE|NA|15,TRUE,16.1,925.94,14907.63,14907.634000000002,2.683189750908694e-7,https://allianceforcoffeeexcellence.org/colombia-north-2019/
378b15a9f8e37b92,Colombia,2019,COE,16,378b15a9f8e37b92|COE|NA|16,TRUE,8.7,925.94,8055.68,8055.678,2.4827202674478795e-7,https://allianceforcoffeeexcellence.org/colombia-north-2019/
378b15a9f8e37b92,Colombia,2019,COE,17,378b15a9f8e37b92|COE|NA|17,TRUE,9.2,1025.15,9431.38,9431.38,0,https://allianceforcoffeeexcellence.org/colombia-north-2019/
378b15a9f8e37b92,Colombia,2019,COE,18,378b15a9f8e37b92|COE|NA|18,TRUE,7.3,3207.72,23416.36,23416.356,1.7082074245591147e-7,https://allianceforcoffeeexcellence.org/colombia-north-2019/
378b15a9f8e37b92,Colombia,2019,COE,19,378b15a9f8e37b92|COE|NA|19,TRUE,13.7,1091.29,14950.67,14950.672999999999,2.0065990345530942e-7,https://allianceforcoffeeexcellence.org/colombia-north-2019/
378b15a9f8e37b92,Colombia,2019,COE,20,378b15a9f8e37b92|COE|NA|20,TRUE,14,859.8,12037.2,12037.199999999999,1.5111399690508227e-16,https://allianceforcoffeeexcellence.org/colombia-north-2019/
378b15a9f8e37b92,Colombia,2019,COE,21,378b15a9f8e37b92|COE|NA|21,TRUE,17.1,661.39,11309.77,11309.769,8.841912790478735e-8,https://allianceforcoffeeexcellence.org/colombia-north-2019/
378b15a9f8e37b92,Colombia,2019,COE,22,378b15a9f8e37b92|COE|NA|22,TRUE,10,925.94,9259.4,9259.400000000001,1.9644786957533496e-16,https://allianceforcoffeeexcellence.org/colombia-north-2019/
378b15a9f8e37b92,Colombia,2019,COE,23,378b15a9f8e37b92|COE|NA|23,TRUE,10.6,1918.02,20331.01,20331.012,9.837189595634716e-8,https://allianceforcoffeeexcellence.org/colombia-north-2019/
378b15a9f8e37b92,Colombia,2019,COE,24,378b15a9f8e37b92|COE|NA|24,TRUE,19.17,892.87,17116.32,17116.317900000002,1.2268992387856976e-7,https://allianceforcoffeeexcellence.org/colombia-north-2019/
378b15a9f8e37b92,Colombia,2019,COE,25,378b15a9f8e37b92|COE|NA|25,TRUE,9.7,859.8,8340.06,8340.06,0,https://allianceforcoffeeexcellence.org/colombia-north-2019/
378b15a9f8e37b92,Colombia,2019,COE,26,378b15a9f8e37b92|COE|NA|26,TRUE,11.9,925.94,11018.69,11018.686000000002,3.6301956031033797e-7,https://allianceforcoffeeexcellence.org/colombia-north-2019/
378b15a9f8e37b92,Colombia,2019,COE,27,378b15a9f8e37b92|COE|NA|27,TRUE,8.5,1124.36,9557.06,9557.06,0,https://allianceforcoffeeexcellence.org/colombia-north-2019/
378b15a9f8e37b92,Colombia,2019,COE,28,378b15a9f8e37b92|COE|NA|28,TRUE,8.5,992.08,8432.68,8432.68,0,https://allianceforcoffeeexcellence.org/colombia-north-2019/
378b15a9f8e37b92,Colombia,2019,COE,29,378b15a9f8e37b92|COE|NA|29,TRUE,8.5,892.87,7589.4,7589.395,6.588136083484393e-7,https://allianceforcoffeeexcellence.org/colombia-north-2019/
f2c23fa8e29d9daa,Colombia,2020,COE,1A,f2c23fa8e29d9daa|COE|NA|1A,TRUE,69,595.25,41072.25,41072.25,0,https://allianceforcoffeeexcellence.org/colombia-2020/
f2c23fa8e29d9daa,Colombia,2020,COE,1B,f2c23fa8e29d9daa|COE|NA|1B,TRUE,70,562.18,39352.6,39352.6,0,https://allianceforcoffeeexcellence.org/colombia-2020/
f2c23fa8e29d9daa,Colombia,2020,COE,2,f2c23fa8e29d9daa|COE|NA|2,TRUE,25.7,892.87,22946.76,22946.759,4.3579137107100384e-8,https://allianceforcoffeeexcellence.org/colombia-2020/
f2c23fa8e29d9daa,Colombia,2020,COE,3,f2c23fa8e29d9daa|COE|NA|3,TRUE,33.2,925.94,30741.21,30741.208000000006,6.50592476070882e-8,https://allianceforcoffeeexcellence.org/colombia-2020/
f2c23fa8e29d9daa,Colombia,2020,COE,4,f2c23fa8e29d9daa|COE|NA|4,TRUE,37,396.83,14682.71,14682.71,0,https://allianceforcoffeeexcellence.org/colombia-2020/
f2c23fa8e29d9daa,Colombia,2020,COE,5,f2c23fa8e29d9daa|COE|NA|5,TRUE,17.1,1355.84,23184.86,23184.864,1.7252638147545023e-7,https://allianceforcoffeeexcellence.org/colombia-2020/
f2c23fa8e29d9daa,Colombia,2020,COE,6,f2c23fa8e29d9daa|COE|NA|6,TRUE,40.7,562.18,22880.73,22880.726,1.74819597137631e-7,https://allianceforcoffeeexcellence.org/colombia-2020/
f2c23fa8e29d9daa,Colombia,2020,COE,7,f2c23fa8e29d9daa|COE|NA|7,TRUE,25.3,892.87,22589.61,22589.611,4.426813921106769e-8,https://allianceforcoffeeexcellence.org/colombia-2020/
f2c23fa8e29d9daa,Colombia,2020,COE,8,f2c23fa8e29d9daa|COE|NA|8,TRUE,36.7,264.55,9708.99,9708.985,5.149866257148936e-7,https://allianceforcoffeeexcellence.org/colombia-2020/
f2c23fa8e29d9daa,Colombia,2020,COE,9,f2c23fa8e29d9daa|COE|NA|9,TRUE,13.7,1521.19,20840.3,20840.303,1.439518625265078e-7,https://allianceforcoffeeexcellence.org/colombia-2020/
f2c23fa8e29d9daa,Colombia,2020,COE,10,f2c23fa8e29d9daa|COE|NA|10,TRUE,13.4,959.01,12850.73,12850.734,3.1126636391978566e-7,https://allianceforcoffeeexcellence.org/colombia-2020/
f2c23fa8e29d9daa,Colombia,2020,COE,11,f2c23fa8e29d9daa|COE|NA|11,TRUE,11.8,1256.63,14828.23,14828.234000000002,2.6975572962072323e-7,https://allianceforcoffeeexcellence.org/colombia-2020/
f2c23fa8e29d9daa,Colombia,2020,COE,12,f2c23fa8e29d9daa|COE|NA|12,TRUE,11.6,992.08,11508.13,11508.128,1.7379018125346727e-7,https://allianceforcoffeeexcellence.org/colombia-2020/
f2c23fa8e29d9daa,Colombia,2020,COE,13,f2c23fa8e29d9daa|COE|NA|13,TRUE,11.1,959.01,10645.01,10645.011,9.394072905556e-8,https://allianceforcoffeeexcellence.org/colombia-2020/
f2c23fa8e29d9daa,Colombia,2020,COE,14,f2c23fa8e29d9daa|COE|NA|14,TRUE,11.1,925.94,10277.93,10277.934000000001,3.891834251463969e-7,https://allianceforcoffeeexcellence.org/colombia-2020/
f2c23fa8e29d9daa,Colombia,2020,COE,15,f2c23fa8e29d9daa|COE|NA|15,TRUE,15.1,992.08,14980.41,14980.408,1.3350769440939557e-7,https://allianceforcoffeeexcellence.org/colombia-2020/
f2c23fa8e29d9daa,Colombia,2020,COE,16,f2c23fa8e29d9daa|COE|NA|16,TRUE,14.1,892.87,12589.47,12589.467,2.3829438402031153e-7,https://allianceforcoffeeexcellence.org/colombia-2020/
f2c23fa8e29d9daa,Colombia,2020,COE,17,f2c23fa8e29d9daa|COE|NA|17,TRUE,16.7,1223.56,20433.45,20433.451999999997,9.787872320971128e-8,https://allianceforcoffeeexcellence.org/colombia-2020/
f2c23fa8e29d9daa,Colombia,2020,COE,18,f2c23fa8e29d9daa|COE|NA|18,TRUE,10.65,992.08,10565.65,10565.652,1.8929266068887894e-7,https://allianceforcoffeeexcellence.org/colombia-2020/
f2c23fa8e29d9daa,Colombia,2020,COE,19,f2c23fa8e29d9daa|COE|NA|19,TRUE,35.1,396.83,13928.73,13928.733,2.1538216338540417e-7,https://allianceforcoffeeexcellence.org/colombia-2020/
f2c23fa8e29d9daa,Colombia,2020,COE,20,f2c23fa8e29d9daa|COE|NA|20,TRUE,10.3,1951.09,20096.23,20096.227,1.4928173098193943e-7,https://allianceforcoffeeexcellence.org/colombia-2020/
f2c23fa8e29d9daa,Colombia,2020,COE,21,f2c23fa8e29d9daa|COE|NA|21,TRUE,11.2,925.94,10370.53,10370.528,1.9285417431967832e-7,https://allianceforcoffeeexcellence.org/colombia-2020/
f2c23fa8e29d9daa,Colombia,2020,COE,22,f2c23fa8e29d9daa|COE|NA|22,TRUE,35.2,925.94,32593.09,32593.088000000003,6.136269978604283e-8,https://allianceforcoffeeexcellence.org/colombia-2020/
f2c23fa8e29d9daa,Colombia,2020,COE,23,f2c23fa8e29d9daa|COE|NA|23,TRUE,10,2017.23,20172.3,20172.3,0,https://allianceforcoffeeexcellence.org/colombia-2020/
f2c23fa8e29d9daa,Colombia,2020,COE,24,f2c23fa8e29d9daa|COE|NA|24,TRUE,10.3,892.87,9196.56,9196.561000000002,1.0873631031850129e-7,https://allianceforcoffeeexcellence.org/colombia-2020/
8ec9c5ddcac94e33,Colombia,2021,COE,1A,8ec9c5ddcac94e33|COE|NA|1A,TRUE,135.1,363.83,49153.43,49153.433,6.103338051837281e-8,https://allianceforcoffeeexcellence.org/colombia-2021/
8ec9c5ddcac94e33,Colombia,2021,COE,1B,8ec9c5ddcac94e33|COE|NA|1B,TRUE,122.1,330.75,40384.58,40384.575,1.2380963240565118e-7,https://allianceforcoffeeexcellence.org/colombia-2021/
8ec9c5ddcac94e33,Colombia,2021,COE,2A,8ec9c5ddcac94e33|COE|NA|2A,TRUE,95.1,396.9,37745.19,37745.189999999995,1.9276516065181884e-16,https://allianceforcoffeeexcellence.org/colombia-2021/
8ec9c5ddcac94e33,Colombia,2021,COE,2B,8ec9c5ddcac94e33|COE|NA|2B,TRUE,95.1,396.9,37745.19,37745.189999999995,1.9276516065181884e-16,https://allianceforcoffeeexcellence.org/colombia-2021/
8ec9c5ddcac94e33,Colombia,2021,COE,3,8ec9c5ddcac94e33|COE|NA|3,TRUE,55,429.98,23648.9,23648.9,0,https://allianceforcoffeeexcellence.org/colombia-2021/
8ec9c5ddcac94e33,Colombia,2021,COE,4,8ec9c5ddcac94e33|COE|NA|4,TRUE,41.4,529.2,21908.88,21908.88,0,https://allianceforcoffeeexcellence.org/colombia-2021/
8ec9c5ddcac94e33,Colombia,2021,COE,5,8ec9c5ddcac94e33|COE|NA|5,TRUE,20.3,1422.23,28871.27,28871.269,3.463650889634321e-8,https://allianceforcoffeeexcellence.org/colombia-2021/
8ec9c5ddcac94e33,Colombia,2021,COE,6,8ec9c5ddcac94e33|COE|NA|6,TRUE,20.6,992.25,20440.35,20440.350000000002,1.7798025998046575e-16,https://allianceforcoffeeexcellence.org/colombia-2021/
8ec9c5ddcac94e33,Colombia,2021,COE,7,8ec9c5ddcac94e33|COE|NA|7,TRUE,17.3,992.25,17165.93,17165.925,2.9127463533980587e-7,https://allianceforcoffeeexcellence.org/colombia-2021/
8ec9c5ddcac94e33,Colombia,2021,COE,8,8ec9c5ddcac94e33|COE|NA|8,TRUE,40.1,529.2,21220.92,21220.920000000002,1.7143360453230648e-16,https://allianceforcoffeeexcellence.org/colombia-2021/
8ec9c5ddcac94e33,Colombia,2021,COE,9,8ec9c5ddcac94e33|COE|NA|9,TRUE,17.3,793.8,13732.74,13732.74,0,https://allianceforcoffeeexcellence.org/colombia-2021/
8ec9c5ddcac94e33,Colombia,2021,COE,10,8ec9c5ddcac94e33|COE|NA|10,TRUE,19.1,1422.23,27164.59,27164.593,1.1043788993727424e-7,https://allianceforcoffeeexcellence.org/colombia-2021/
8ec9c5ddcac94e33,Colombia,2021,COE,11,8ec9c5ddcac94e33|COE|NA|11,TRUE,42,727.65,30561.3,30561.3,0,https://allianceforcoffeeexcellence.org/colombia-2021/
8ec9c5ddcac94e33,Colombia,2021,COE,12,8ec9c5ddcac94e33|COE|NA|12,TRUE,50.1,330.75,16570.58,16570.575,3.0173958914043043e-7,https://allianceforcoffeeexcellence.org/colombia-2021/
8ec9c5ddcac94e33,Colombia,2021,COE,13,8ec9c5ddcac94e33|COE|NA|13,TRUE,17,1025.33,17430.61,17430.61,0,https://allianceforcoffeeexcellence.org/colombia-2021/
8ec9c5ddcac94e33,Colombia,2021,COE,14,8ec9c5ddcac94e33|COE|NA|14,TRUE,24.1,496.13,11956.73,11956.733,2.509047206561644e-7,https://allianceforcoffeeexcellence.org/colombia-2021/
8ec9c5ddcac94e33,Colombia,2021,COE,15,8ec9c5ddcac94e33|COE|NA|15,TRUE,17.9,529.2,9472.68,9472.68,0,https://allianceforcoffeeexcellence.org/colombia-2021/
8ec9c5ddcac94e33,Colombia,2021,COE,16,8ec9c5ddcac94e33|COE|NA|16,TRUE,18.6,529.2,9843.12,9843.12,0,https://allianceforcoffeeexcellence.org/colombia-2021/
8ec9c5ddcac94e33,Colombia,2021,COE,17,8ec9c5ddcac94e33|COE|NA|17,TRUE,17,694.58,11807.86,11807.86,0,https://allianceforcoffeeexcellence.org/colombia-2021/
8ec9c5ddcac94e33,Colombia,2021,COE,18,8ec9c5ddcac94e33|COE|NA|18,TRUE,23.3,959.18,22348.89,22348.894,1.7897980619238394e-7,https://allianceforcoffeeexcellence.org/colombia-2021/
8ec9c5ddcac94e33,Colombia,2021,COE,19,8ec9c5ddcac94e33|COE|NA|19,TRUE,20.8,826.88,17199.1,17199.104,2.3257030895889363e-7,https://allianceforcoffeeexcellence.org/colombia-2021/
8ec9c5ddcac94e33,Colombia,2021,COE,20,8ec9c5ddcac94e33|COE|NA|20,TRUE,17,959.18,16306.06,16306.06,0,https://allianceforcoffeeexcellence.org/colombia-2021/
8ec9c5ddcac94e33,Colombia,2021,COE,21,8ec9c5ddcac94e33|COE|NA|21,TRUE,27.2,595.35,16193.52,16193.52,0,https://allianceforcoffeeexcellence.org/colombia-2021/
8ec9c5ddcac94e33,Colombia,2021,COE,22,8ec9c5ddcac94e33|COE|NA|22,TRUE,16.7,793.8,13256.46,13256.46,0,https://allianceforcoffeeexcellence.org/colombia-2021/
8ec9c5ddcac94e33,Colombia,2021,COE,23,8ec9c5ddcac94e33|COE|NA|23,TRUE,18.3,529.2,9684.36,9684.36,0,https://allianceforcoffeeexcellence.org/colombia-2021/
ed9a6c81f8e5fb94,Colombia,2022,COE,1A,ed9a6c81f8e5fb94|COE|NA|1A,TRUE,92.2,299.83,27644.33,27644.326,1.4469513281077556e-7,https://allianceforcoffeeexcellence.org/colombia-2022/
ed9a6c81f8e5fb94,Colombia,2022,COE,1B,ed9a6c81f8e5fb94|COE|NA|1B,TRUE,92.3,264.55,24417.97,24417.965,2.04767226801353e-7,https://allianceforcoffeeexcellence.org/colombia-2022/
ed9a6c81f8e5fb94,Colombia,2022,COE,2A,ed9a6c81f8e5fb94|COE|NA|2A,TRUE,50.2,330.69,16600.64,16600.638,1.2047728282809903e-7,https://allianceforcoffeeexcellence.org/colombia-2022/
ed9a6c81f8e5fb94,Colombia,2022,COE,2B,ed9a6c81f8e5fb94|COE|NA|2B,TRUE,63.2,264.55,16719.56,16719.56,0,https://allianceforcoffeeexcellence.org/colombia-2022/
ed9a6c81f8e5fb94,Colombia,2022,COE,3,ed9a6c81f8e5fb94|COE|NA|3,TRUE,28.1,462.97,13009.46,13009.457000000002,2.3060142365426404e-7,https://allianceforcoffeeexcellence.org/colombia-2022/
ed9a6c81f8e5fb94,Colombia,2022,COE,4,ed9a6c81f8e5fb94|COE|NA|4,TRUE,12.5,762.8,9535,9535,0,https://allianceforcoffeeexcellence.org/colombia-2022/
ed9a6c81f8e5fb94,Colombia,2022,COE,5,ed9a6c81f8e5fb94|COE|NA|5,TRUE,23.8,429.9,10231.62,10231.619999999999,1.7778117282950857e-16,https://allianceforcoffeeexcellence.org/colombia-2022/
ed9a6c81f8e5fb94,Colombia,2022,COE,6,ed9a6c81f8e5fb94|COE|NA|6,TRUE,21.4,661.39,14153.75,14153.746,2.826106156188224e-7,https://allianceforcoffeeexcellence.org/colombia-2022/
ed9a6c81f8e5fb94,Colombia,2022,COE,7,ed9a6c81f8e5fb94|COE|NA|7,TRUE,23,621.7,14299.1,14299.1,0,https://allianceforcoffeeexcellence.org/colombia-2022/
ed9a6c81f8e5fb94,Colombia,2022,COE,8,ed9a6c81f8e5fb94|COE|NA|8,TRUE,17.6,462.97,8148.27,8148.272000000001,2.454508748982856e-7,https://allianceforcoffeeexcellence.org/colombia-2022/
ed9a6c81f8e5fb94,Colombia,2022,COE,9,ed9a6c81f8e5fb94|COE|NA|9,TRUE,15.5,709.89,11003.3,11003.295,4.5440913173317507e-7,https://allianceforcoffeeexcellence.org/colombia-2022/
ed9a6c81f8e5fb94,Colombia,2022,COE,10,ed9a6c81f8e5fb94|COE|NA|10,TRUE,13.3,515.88,6861.2,6861.204000000001,5.829883986496397e-7,https://allianceforcoffeeexcellence.org/colombia-2022/
ed9a6c81f8e5fb94,Colombia,2022,COE,11,ed9a6c81f8e5fb94|COE|NA|11,TRUE,14,1058.22,14815.08,14815.08,0,https://allianceforcoffeeexcellence.org/colombia-2022/
ed9a6c81f8e5fb94,Colombia,2022,COE,12,ed9a6c81f8e5fb94|COE|NA|12,TRUE,10.2,511.47,5216.99,5216.994,7.667256406290625e-7,https://allianceforcoffeeexcellence.org/colombia-2022/
ed9a6c81f8e5fb94,Colombia,2022,COE,13,ed9a6c81f8e5fb94|COE|NA|13,TRUE,15.9,698.86,11111.87,11111.874,3.5997541358888447e-7,https://allianceforcoffeeexcellence.org/colombia-2022/
ed9a6c81f8e5fb94,Colombia,2022,COE,14,ed9a6c81f8e5fb94|COE|NA|14,TRUE,14.3,1172.86,16771.9,16771.898,1.1924707399921616e-7,https://allianceforcoffeeexcellence.org/colombia-2022/
ed9a6c81f8e5fb94,Colombia,2022,COE,15,ed9a6c81f8e5fb94|COE|NA|15,TRUE,12.4,564.38,6998.31,6998.312,2.857832818920509e-7,https://allianceforcoffeeexcellence.org/colombia-2022/
ed9a6c81f8e5fb94,Colombia,2022,COE,16,ed9a6c81f8e5fb94|COE|NA|16,TRUE,10.1,1256.63,12691.96,12691.963000000002,2.3637011166361775e-7,https://allianceforcoffeeexcellence.org/colombia-2022/
ed9a6c81f8e5fb94,Colombia,2022,COE,17,ed9a6c81f8e5fb94|COE|NA|17,TRUE,12.2,555.56,6777.83,6777.8319999999985,2.950796934400043e-7,https://allianceforcoffeeexcellence.org/colombia-2022/
ed9a6c81f8e5fb94,Colombia,2022,COE,18,ed9a6c81f8e5fb94|COE|NA|18,TRUE,10.1,1311.75,13248.68,13248.675,3.7739608783808153e-7,https://allianceforcoffeeexcellence.org/colombia-2022/
ed9a6c81f8e5fb94,Colombia,2022,COE,19,ed9a6c81f8e5fb94|COE|NA|19,TRUE,11.6,529.11,6137.68,6137.676,6.517120475335e-7,https://allianceforcoffeeexcellence.org/colombia-2022/
ed9a6c81f8e5fb94,Colombia,2022,COE,20,ed9a6c81f8e5fb94|COE|NA|20,TRUE,10.4,623.91,6488.66,6488.664,6.164601011465253e-7,https://allianceforcoffeeexcellence.org/colombia-2022/
ed9a6c81f8e5fb94,Colombia,2022,COE,21,ed9a6c81f8e5fb94|COE|NA|21,TRUE,12.2,588.63,7181.29,7181.285999999999,5.570029898270238e-7,https://allianceforcoffeeexcellence.org/colombia-2022/
ed9a6c81f8e5fb94,Colombia,2022,COE,22,ed9a6c81f8e5fb94|COE|NA|22,TRUE,10,1058.22,10582.2,10582.2,0,https://allianceforcoffeeexcellence.org/colombia-2022/
20a6b645aa948554,Colombia,2023,COE,1A,20a6b645aa948554|COE|NA|1A,TRUE,70.5,330.693,23313.65,23313.856499999998,8.857471910086788e-6,https://allianceforcoffeeexcellence.org/colombia-2023/
20a6b645aa948554,Colombia,2023,COE,1B,20a6b645aa948554|COE|NA|1B,TRUE,75.1,319.6699,24007.22,24007.209489999997,4.3778496651030395e-7,https://allianceforcoffeeexcellence.org/colombia-2023/
20a6b645aa948554,Colombia,2023,COE,2A,20a6b645aa948554|COE|NA|2A,TRUE,45,264.5544,11904.75,11904.948,1.6632016632043523e-5,https://allianceforcoffeeexcellence.org/colombia-2023/
20a6b645aa948554,Colombia,2023,COE,2B,20a6b645aa948554|COE|NA|2B,TRUE,45,231.4851,10417.05,10416.8295,2.1167221046212417e-5,https://allianceforcoffeeexcellence.org/colombia-2023/
20a6b645aa948554,Colombia,2023,COE,3A,20a6b645aa948554|COE|NA|3A,TRUE,48.1,264.5544,12724.86,12725.06664,1.623907846518666e-5,https://allianceforcoffeeexcellence.org/colombia-2023/
20a6b645aa948554,Colombia,2023,COE,3B,20a6b645aa948554|COE|NA|3B,TRUE,48.2,154.3234,7438.22,7438.38788,2.2569915920740213e-5,https://allianceforcoffeeexcellence.org/colombia-2023/
20a6b645aa948554,Colombia,2023,COE,4,20a6b645aa948554|COE|NA|4,TRUE,40,363.7623,14550.4,14550.491999999998,6.3228502308344775e-6,https://allianceforcoffeeexcellence.org/colombia-2023/
20a6b645aa948554,Colombia,2023,COE,5,20a6b645aa948554|COE|NA|5,TRUE,39,562.1781,21925.02,21924.9459,3.379700451887188e-6,https://allianceforcoffeeexcellence.org/colombia-2023/
20a6b645aa948554,Colombia,2023,COE,6,20a6b645aa948554|COE|NA|6,TRUE,42.2,429.9009,18141.78,18141.81798,2.093510118685758e-6,https://allianceforcoffeeexcellence.org/colombia-2023/
20a6b645aa948554,Colombia,2023,COE,7,20a6b645aa948554|COE|NA|7,TRUE,24.3,396.8316,9642.97,9643.00788,3.928250321203855e-6,https://allianceforcoffeeexcellence.org/colombia-2023/
20a6b645aa948554,Colombia,2023,COE,8,20a6b645aa948554|COE|NA|8,TRUE,17.2,451.9471,7773.54,7773.4901199999995,6.41663900880228e-6,https://allianceforcoffeeexcellence.org/colombia-2023/
20a6b645aa948554,Colombia,2023,COE,9,20a6b645aa948554|COE|NA|9,TRUE,21,1091.2869,22917.09,22917.0249,2.8406747977078283e-6,https://allianceforcoffeeexcellence.org/colombia-2023/
20a6b645aa948554,Colombia,2023,COE,10,20a6b645aa948554|COE|NA|10,TRUE,22.7,383.60388,8707.72,8707.808076,1.011470281543285e-5,https://allianceforcoffeeexcellence.org/colombia-2023/
20a6b645aa948554,Colombia,2023,COE,11,20a6b645aa948554|COE|NA|11,TRUE,20.1,418.8778,8419.49,8419.44378,5.489643672024765e-6,https://allianceforcoffeeexcellence.org/colombia-2023/
20a6b645aa948554,Colombia,2023,COE,12,20a6b645aa948554|COE|NA|12,TRUE,21.3,462.9702,9861.26,9861.26526,5.334003971001119e-7,https://allianceforcoffeeexcellence.org/colombia-2023/
20a6b645aa948554,Colombia,2023,COE,13,20a6b645aa948554|COE|NA|13,TRUE,20.1,485.0164,9748.9,9748.82964,7.217224507350526e-6,https://allianceforcoffeeexcellence.org/colombia-2023/
20a6b645aa948554,Colombia,2023,COE,14,20a6b645aa948554|COE|NA|14,TRUE,13.6,1477.0954,20088.56,20088.49744,3.1142102769995584e-6,https://allianceforcoffeeexcellence.org/colombia-2023/
20a6b645aa948554,Colombia,2023,COE,15,20a6b645aa948554|COE|NA|15,TRUE,20.11,451.9471,9088.71,9088.656180999998,5.921522416344892e-6,https://allianceforcoffeeexcellence.org/colombia-2023/
20a6b645aa948554,Colombia,2023,COE,16,20a6b645aa948554|COE|NA|16,TRUE,13.3,683.4322,9089.62,9089.64826,3.109040861899199e-6,https://allianceforcoffeeexcellence.org/colombia-2023/
20a6b645aa948554,Colombia,2023,COE,17,20a6b645aa948554|COE|NA|17,TRUE,27.7,496.0395,13740.31,13740.29415,1.1535402039526758e-6,https://allianceforcoffeeexcellence.org/colombia-2023/
20a6b645aa948554,Colombia,2023,COE,18,20a6b645aa948554|COE|NA|18,TRUE,13.1,529.1088,6931.34,6931.325279999999,2.123687483377579e-6,https://allianceforcoffeeexcellence.org/colombia-2023/
20a6b645aa948554,Colombia,2023,COE,19,20a6b645aa948554|COE|NA|19,TRUE,12.2,683.4322,8337.85,8337.87284,2.739315291068166e-6,https://allianceforcoffeeexcellence.org/colombia-2023/
20a6b645aa948554,Colombia,2023,COE,20,20a6b645aa948554|COE|NA|20,TRUE,14.1,385.8085,5439.92,5439.89985,3.7040985897375727e-6,https://allianceforcoffeeexcellence.org/colombia-2023/
20a6b645aa948554,Colombia,2023,COE,21,20a6b645aa948554|COE|NA|21,TRUE,14.5,1256.6334,18221.14,18221.1843,2.4312419531042153e-6,https://allianceforcoffeeexcellence.org/colombia-2023/
20a6b645aa948554,Colombia,2023,COE,22,20a6b645aa948554|COE|NA|22,TRUE,15.2,297.6237,4523.82,4523.8802399999995,1.3316179688801552e-5,https://allianceforcoffeeexcellence.org/colombia-2023/
20a6b645aa948554,Colombia,2023,COE,23,20a6b645aa948554|COE|NA|23,TRUE,14.1,418.8778,5906.21,5906.176979999999,5.59072569393245e-6,https://allianceforcoffeeexcellence.org/colombia-2023/
20a6b645aa948554,Colombia,2023,COE,24,20a6b645aa948554|COE|NA|24,TRUE,26.5,440.924,11684.38,11684.485999999999,9.071940488050472e-6,https://allianceforcoffeeexcellence.org/colombia-2023/
20a6b645aa948554,Colombia,2023,COE,25,20a6b645aa948554|COE|NA|25,TRUE,13.3,925.9404,12315,12315.00732,5.943970767858843e-7,https://allianceforcoffeeexcellence.org/colombia-2023/
20a6b645aa948554,Colombia,2023,COE,26,20a6b645aa948554|COE|NA|26,TRUE,13.1,451.9471,5920.55,5920.507009999999,7.261149724405236e-6,https://allianceforcoffeeexcellence.org/colombia-2023/
20a6b645aa948554,Colombia,2023,COE,27,20a6b645aa948554|COE|NA|27,TRUE,13.3,319.6699,4251.61,4251.60967,7.761765539382755e-8,https://allianceforcoffeeexcellence.org/colombia-2023/
20a6b645aa948554,Colombia,2023,COE,28,20a6b645aa948554|COE|NA|28,TRUE,14.6,462.9702,6759.36,6759.364919999999,7.278795624736108e-7,https://allianceforcoffeeexcellence.org/colombia-2023/
efb2f39d90f46af8,Costa Rica,2007,COE,1,efb2f39d90f46af8|COE|NA|1,TRUE,21.35,NA,38972.88,NA,NA,https://allianceforcoffeeexcellence.org/costa-rica-2007/
efb2f39d90f46af8,Costa Rica,2007,COE,2,efb2f39d90f46af8|COE|NA|2,TRUE,7.5,NA,21676.95,NA,NA,https://allianceforcoffeeexcellence.org/costa-rica-2007/
efb2f39d90f46af8,Costa Rica,2007,COE,3,efb2f39d90f46af8|COE|NA|3,TRUE,4.65,NA,19805.89,NA,NA,https://allianceforcoffeeexcellence.org/costa-rica-2007/
efb2f39d90f46af8,Costa Rica,2007,COE,4,efb2f39d90f46af8|COE|NA|4,TRUE,7.88,NA,15583.07,NA,NA,https://allianceforcoffeeexcellence.org/costa-rica-2007/
efb2f39d90f46af8,Costa Rica,2007,COE,5,efb2f39d90f46af8|COE|NA|5,TRUE,5.11,NA,18655.87,NA,NA,https://allianceforcoffeeexcellence.org/costa-rica-2007/
efb2f39d90f46af8,Costa Rica,2007,COE,6,efb2f39d90f46af8|COE|NA|6,TRUE,3.05,NA,11599.07,NA,NA,https://allianceforcoffeeexcellence.org/costa-rica-2007/
efb2f39d90f46af8,Costa Rica,2007,COE,7,efb2f39d90f46af8|COE|NA|7,TRUE,4.55,NA,13150.68,NA,NA,https://allianceforcoffeeexcellence.org/costa-rica-2007/
efb2f39d90f46af8,Costa Rica,2007,COE,8,efb2f39d90f46af8|COE|NA|8,TRUE,4.14,NA,10076.36,NA,NA,https://allianceforcoffeeexcellence.org/costa-rica-2007/
efb2f39d90f46af8,Costa Rica,2007,COE,9,efb2f39d90f46af8|COE|NA|9,TRUE,3.8,NA,9248.83,NA,NA,https://allianceforcoffeeexcellence.org/costa-rica-2007/
efb2f39d90f46af8,Costa Rica,2007,COE,10,efb2f39d90f46af8|COE|NA|10,TRUE,4.2,NA,8944.59,NA,NA,https://allianceforcoffeeexcellence.org/costa-rica-2007/
efb2f39d90f46af8,Costa Rica,2007,COE,11,efb2f39d90f46af8|COE|NA|11,TRUE,2.35,NA,12869.26,NA,NA,https://allianceforcoffeeexcellence.org/costa-rica-2007/
efb2f39d90f46af8,Costa Rica,2007,COE,12,efb2f39d90f46af8|COE|NA|12,TRUE,2.55,NA,10473.39,NA,NA,https://allianceforcoffeeexcellence.org/costa-rica-2007/
efb2f39d90f46af8,Costa Rica,2007,COE,13,efb2f39d90f46af8|COE|NA|13,TRUE,5.6,NA,11926.13,NA,NA,https://allianceforcoffeeexcellence.org/costa-rica-2007/
efb2f39d90f46af8,Costa Rica,2007,COE,14,efb2f39d90f46af8|COE|NA|14,TRUE,2.7,NA,9035.87,NA,NA,https://allianceforcoffeeexcellence.org/costa-rica-2007/
efb2f39d90f46af8,Costa Rica,2007,COE,15,efb2f39d90f46af8|COE|NA|15,TRUE,3.16,NA,9133.22,NA,NA,https://allianceforcoffeeexcellence.org/costa-rica-2007/
efb2f39d90f46af8,Costa Rica,2007,COE,16,efb2f39d90f46af8|COE|NA|16,TRUE,5.23,NA,10342.57,NA,NA,https://allianceforcoffeeexcellence.org/costa-rica-2007/
efb2f39d90f46af8,Costa Rica,2007,COE,17,efb2f39d90f46af8|COE|NA|17,TRUE,4.7,NA,7149.59,NA,NA,https://allianceforcoffeeexcellence.org/costa-rica-2007/
efb2f39d90f46af8,Costa Rica,2007,COE,18,efb2f39d90f46af8|COE|NA|18,TRUE,3.15,NA,8145.97,NA,NA,https://allianceforcoffeeexcellence.org/costa-rica-2007/
efb2f39d90f46af8,Costa Rica,2007,COE,19,efb2f39d90f46af8|COE|NA|19,TRUE,2.58,NA,8634.27,NA,NA,https://allianceforcoffeeexcellence.org/costa-rica-2007/
efb2f39d90f46af8,Costa Rica,2007,COE,20,efb2f39d90f46af8|COE|NA|20,TRUE,2.5,NA,8366.54,NA,NA,https://allianceforcoffeeexcellence.org/costa-rica-2007/
efb2f39d90f46af8,Costa Rica,2007,COE,21,efb2f39d90f46af8|COE|NA|21,TRUE,2.61,NA,9925.76,NA,NA,https://allianceforcoffeeexcellence.org/costa-rica-2007/
efb2f39d90f46af8,Costa Rica,2007,COE,22,efb2f39d90f46af8|COE|NA|22,TRUE,2.55,NA,12412.91,NA,NA,https://allianceforcoffeeexcellence.org/costa-rica-2007/
efb2f39d90f46af8,Costa Rica,2007,COE,23,efb2f39d90f46af8|COE|NA|23,TRUE,2.6,NA,15424.86,NA,NA,https://allianceforcoffeeexcellence.org/costa-rica-2007/
efb2f39d90f46af8,Costa Rica,2007,COE,24,efb2f39d90f46af8|COE|NA|24,TRUE,2.55,NA,8533.87,NA,NA,https://allianceforcoffeeexcellence.org/costa-rica-2007/
efb2f39d90f46af8,Costa Rica,2007,COE,25,efb2f39d90f46af8|COE|NA|25,TRUE,4.85,NA,10328.88,NA,NA,https://allianceforcoffeeexcellence.org/costa-rica-2007/
39c4de609fc7f6d0,Costa Rica,2008,COE,1,39c4de609fc7f6d0|COE|NA|1,TRUE,15.1,NA,34454.94,NA,NA,https://allianceforcoffeeexcellence.org/costa-rica-2008/
39c4de609fc7f6d0,Costa Rica,2008,COE,2,39c4de609fc7f6d0|COE|NA|2,TRUE,15.1,NA,34454.94,NA,NA,https://allianceforcoffeeexcellence.org/costa-rica-2008/
39c4de609fc7f6d0,Costa Rica,2008,COE,3,39c4de609fc7f6d0|COE|NA|3,TRUE,12.1,NA,29450.23,NA,NA,https://allianceforcoffeeexcellence.org/costa-rica-2008/
39c4de609fc7f6d0,Costa Rica,2008,COE,4,39c4de609fc7f6d0|COE|NA|4,TRUE,10.15,NA,23160.11,NA,NA,https://allianceforcoffeeexcellence.org/costa-rica-2008/
39c4de609fc7f6d0,Costa Rica,2008,COE,5,39c4de609fc7f6d0|COE|NA|5,TRUE,6.3,NA,14375.24,NA,NA,https://allianceforcoffeeexcellence.org/costa-rica-2008/
39c4de609fc7f6d0,Costa Rica,2008,COE,6,39c4de609fc7f6d0|COE|NA|6,TRUE,4.2,NA,31944.98,NA,NA,https://allianceforcoffeeexcellence.org/costa-rica-2008/
39c4de609fc7f6d0,Costa Rica,2008,COE,7,39c4de609fc7f6d0|COE|NA|7,TRUE,5.25,NA,11979.37,NA,NA,https://allianceforcoffeeexcellence.org/costa-rica-2008/
39c4de609fc7f6d0,Costa Rica,2008,COE,8,39c4de609fc7f6d0|COE|NA|8,TRUE,5.3,NA,16124.61,NA,NA,https://allianceforcoffeeexcellence.org/costa-rica-2008/
39c4de609fc7f6d0,Costa Rica,2008,COE,9,39c4de609fc7f6d0|COE|NA|9,TRUE,5.4,NA,12321.64,NA,NA,https://allianceforcoffeeexcellence.org/costa-rica-2008/
39c4de609fc7f6d0,Costa Rica,2008,COE,10,39c4de609fc7f6d0|COE|NA|10,TRUE,4.35,NA,19189.81,NA,NA,https://allianceforcoffeeexcellence.org/costa-rica-2008/
39c4de609fc7f6d0,Costa Rica,2008,COE,11,39c4de609fc7f6d0|COE|NA|11,TRUE,4.65,NA,10610.3,NA,NA,https://allianceforcoffeeexcellence.org/costa-rica-2008/
39c4de609fc7f6d0,Costa Rica,2008,COE,12,39c4de609fc7f6d0|COE|NA|12,TRUE,3.66,NA,23383.73,NA,NA,https://allianceforcoffeeexcellence.org/costa-rica-2008/
39c4de609fc7f6d0,Costa Rica,2008,COE,13,39c4de609fc7f6d0|COE|NA|13,TRUE,4.65,NA,10610.3,NA,NA,https://allianceforcoffeeexcellence.org/costa-rica-2008/
39c4de609fc7f6d0,Costa Rica,2008,COE,14,39c4de609fc7f6d0|COE|NA|14,TRUE,4.2,NA,9583.49,NA,NA,https://allianceforcoffeeexcellence.org/costa-rica-2008/
39c4de609fc7f6d0,Costa Rica,2008,COE,15,39c4de609fc7f6d0|COE|NA|15,TRUE,5.05,NA,11523.01,NA,NA,https://allianceforcoffeeexcellence.org/costa-rica-2008/
39c4de609fc7f6d0,Costa Rica,2008,COE,16,39c4de609fc7f6d0|COE|NA|16,TRUE,5.35,NA,12207.55,NA,NA,https://allianceforcoffeeexcellence.org/costa-rica-2008/
39c4de609fc7f6d0,Costa Rica,2008,COE,17,39c4de609fc7f6d0|COE|NA|17,TRUE,4.06,NA,9264.04,NA,NA,https://allianceforcoffeeexcellence.org/costa-rica-2008/
39c4de609fc7f6d0,Costa Rica,2008,COE,18,39c4de609fc7f6d0|COE|NA|18,TRUE,4,NA,9127.14,NA,NA,https://allianceforcoffeeexcellence.org/costa-rica-2008/
39c4de609fc7f6d0,Costa Rica,2008,COE,19,39c4de609fc7f6d0|COE|NA|19,TRUE,4.05,NA,9241.23,NA,NA,https://allianceforcoffeeexcellence.org/costa-rica-2008/
39c4de609fc7f6d0,Costa Rica,2008,COE,20,39c4de609fc7f6d0|COE|NA|20,TRUE,4,NA,9127.14,NA,NA,https://allianceforcoffeeexcellence.org/costa-rica-2008/
39c4de609fc7f6d0,Costa Rica,2008,COE,21,39c4de609fc7f6d0|COE|NA|21,TRUE,4.11,NA,18756.27,NA,NA,https://allianceforcoffeeexcellence.org/costa-rica-2008/
39c4de609fc7f6d0,Costa Rica,2008,COE,22,39c4de609fc7f6d0|COE|NA|22,TRUE,5,NA,11408.92,NA,NA,https://allianceforcoffeeexcellence.org/costa-rica-2008/
39c4de609fc7f6d0,Costa Rica,2008,COE,23,39c4de609fc7f6d0|COE|NA|23,TRUE,4.05,NA,9241.23,NA,NA,https://allianceforcoffeeexcellence.org/costa-rica-2008/
39c4de609fc7f6d0,Costa Rica,2008,COE,24,39c4de609fc7f6d0|COE|NA|24,TRUE,4.15,NA,9469.41,NA,NA,https://allianceforcoffeeexcellence.org/costa-rica-2008/
39c4de609fc7f6d0,Costa Rica,2008,COE,25,39c4de609fc7f6d0|COE|NA|25,TRUE,3.05,NA,17166.62,NA,NA,https://allianceforcoffeeexcellence.org/costa-rica-2008/
39c4de609fc7f6d0,Costa Rica,2008,COE,26,39c4de609fc7f6d0|COE|NA|26,TRUE,5.75,NA,21867.1,NA,NA,https://allianceforcoffeeexcellence.org/costa-rica-2008/
39c4de609fc7f6d0,Costa Rica,2008,COE,27,39c4de609fc7f6d0|COE|NA|27,TRUE,3,NA,9127.14,NA,NA,https://allianceforcoffeeexcellence.org/costa-rica-2008/
39c4de609fc7f6d0,Costa Rica,2008,COE,28,39c4de609fc7f6d0|COE|NA|28,TRUE,5.1,NA,11637.1,NA,NA,https://allianceforcoffeeexcellence.org/costa-rica-2008/
39c4de609fc7f6d0,Costa Rica,2008,COE,29,39c4de609fc7f6d0|COE|NA|29,TRUE,2.75,NA,16733.09,NA,NA,https://allianceforcoffeeexcellence.org/costa-rica-2008/
39c4de609fc7f6d0,Costa Rica,2008,COE,30,39c4de609fc7f6d0|COE|NA|30,TRUE,2.95,NA,8975.02,NA,NA,https://allianceforcoffeeexcellence.org/costa-rica-2008/
c5f2e2e30775dfe7,Costa Rica,2009,COE,1,c5f2e2e30775dfe7|COE|NA|1,TRUE,15.45,NA,31593.71,NA,NA,https://allianceforcoffeeexcellence.org/costa-rica-2009/
c5f2e2e30775dfe7,Costa Rica,2009,COE,2,c5f2e2e30775dfe7|COE|NA|2,TRUE,10.55,NA,24022.35,NA,NA,https://allianceforcoffeeexcellence.org/costa-rica-2009/
c5f2e2e30775dfe7,Costa Rica,2009,COE,3,c5f2e2e30775dfe7|COE|NA|3,TRUE,8.65,NA,26261.4,NA,NA,https://allianceforcoffeeexcellence.org/costa-rica-2009/
c5f2e2e30775dfe7,Costa Rica,2009,COE,4,c5f2e2e30775dfe7|COE|NA|4,TRUE,8.85,NA,22078.98,NA,NA,https://allianceforcoffeeexcellence.org/costa-rica-2009/
c5f2e2e30775dfe7,Costa Rica,2009,COE,5,c5f2e2e30775dfe7|COE|NA|5,TRUE,8.15,NA,23506.23,NA,NA,https://allianceforcoffeeexcellence.org/costa-rica-2009/
c5f2e2e30775dfe7,Costa Rica,2009,COE,6,c5f2e2e30775dfe7|COE|NA|6,TRUE,7.2,NA,18057.6,NA,NA,https://allianceforcoffeeexcellence.org/costa-rica-2009/
c5f2e2e30775dfe7,Costa Rica,2009,COE,7,c5f2e2e30775dfe7|COE|NA|7,TRUE,7.3,NA,28739.37,NA,NA,https://allianceforcoffeeexcellence.org/costa-rica-2009/
c5f2e2e30775dfe7,Costa Rica,2009,COE,8,c5f2e2e30775dfe7|COE|NA|8,TRUE,7.1,NA,17244.48,NA,NA,https://allianceforcoffeeexcellence.org/costa-rica-2009/
c5f2e2e30775dfe7,Costa Rica,2009,COE,9,c5f2e2e30775dfe7|COE|NA|9,TRUE,6.75,NA,15369.75,NA,NA,https://allianceforcoffeeexcellence.org/costa-rica-2009/
c5f2e2e30775dfe7,Costa Rica,2009,COE,10,c5f2e2e30775dfe7|COE|NA|10,TRUE,6.85,NA,18716.94,NA,NA,https://allianceforcoffeeexcellence.org/costa-rica-2009/
c5f2e2e30775dfe7,Costa Rica,2009,COE,11,c5f2e2e30775dfe7|COE|NA|11,TRUE,6.97,NA,18998.83,NA,NA,https://allianceforcoffeeexcellence.org/costa-rica-2009/
c5f2e2e30775dfe7,Costa Rica,2009,COE,12,c5f2e2e30775dfe7|COE|NA|12,TRUE,6.2,NA,18823.2,NA,NA,https://allianceforcoffeeexcellence.org/costa-rica-2009/
c5f2e2e30775dfe7,Costa Rica,2009,COE,13,c5f2e2e30775dfe7|COE|NA|13,TRUE,6.05,NA,23878.14,NA,NA,https://allianceforcoffeeexcellence.org/costa-rica-2009/
c5f2e2e30775dfe7,Costa Rica,2009,COE,14,c5f2e2e30775dfe7|COE|NA|14,TRUE,6.75,NA,15332.63,NA,NA,https://allianceforcoffeeexcellence.org/costa-rica-2009/
c5f2e2e30775dfe7,Costa Rica,2009,COE,15,c5f2e2e30775dfe7|COE|NA|15,TRUE,6.15,NA,14003.55,NA,NA,https://allianceforcoffeeexcellence.org/costa-rica-2009/
c5f2e2e30775dfe7,Costa Rica,2009,COE,16,c5f2e2e30775dfe7|COE|NA|16,TRUE,6.25,NA,14231.25,NA,NA,https://allianceforcoffeeexcellence.org/costa-rica-2009/
c5f2e2e30775dfe7,Costa Rica,2009,COE,17,c5f2e2e30775dfe7|COE|NA|17,TRUE,6.25,NA,14231.25,NA,NA,https://allianceforcoffeeexcellence.org/costa-rica-2009/
c5f2e2e30775dfe7,Costa Rica,2009,COE,18,c5f2e2e30775dfe7|COE|NA|18,TRUE,5.9,NA,14329.92,NA,NA,https://allianceforcoffeeexcellence.org/costa-rica-2009/
c5f2e2e30775dfe7,Costa Rica,2009,COE,19,c5f2e2e30775dfe7|COE|NA|19,TRUE,6.81,NA,16540.13,NA,NA,https://allianceforcoffeeexcellence.org/costa-rica-2009/
c5f2e2e30775dfe7,Costa Rica,2009,COE,20,c5f2e2e30775dfe7|COE|NA|20,TRUE,6.05,NA,13775.85,NA,NA,https://allianceforcoffeeexcellence.org/costa-rica-2009/
c5f2e2e30775dfe7,Costa Rica,2009,COE,21,c5f2e2e30775dfe7|COE|NA|21,TRUE,5.9,NA,12863.18,NA,NA,https://allianceforcoffeeexcellence.org/costa-rica-2009/
c5f2e2e30775dfe7,Costa Rica,2009,COE,22,c5f2e2e30775dfe7|COE|NA|22,TRUE,6.2,NA,15058.56,NA,NA,https://allianceforcoffeeexcellence.org/costa-rica-2009/
c5f2e2e30775dfe7,Costa Rica,2009,COE,23,c5f2e2e30775dfe7|COE|NA|23,TRUE,5.06,NA,13057.84,NA,NA,https://allianceforcoffeeexcellence.org/costa-rica-2009/
c5f2e2e30775dfe7,Costa Rica,2009,COE,24,c5f2e2e30775dfe7|COE|NA|24,TRUE,5.1,NA,11612.7,NA,NA,https://allianceforcoffeeexcellence.org/costa-rica-2009/
1105bfdd52f0c6fb,Costa Rica,2011,COE,1,1105bfdd52f0c6fb|COE|NA|1,TRUE,20,NA,45540,NA,NA,https://allianceforcoffeeexcellence.org/costa-rica-2011/
1105bfdd52f0c6fb,Costa Rica,2011,COE,2,1105bfdd52f0c6fb|COE|NA|2,TRUE,12,NA,27324,NA,NA,https://allianceforcoffeeexcellence.org/costa-rica-2011/
1105bfdd52f0c6fb,Costa Rica,2011,COE,3,1105bfdd52f0c6fb|COE|NA|3,TRUE,7.3,NA,16622.1,NA,NA,https://allianceforcoffeeexcellence.org/costa-rica-2011/
1105bfdd52f0c6fb,Costa Rica,2011,COE,4,1105bfdd52f0c6fb|COE|NA|4,TRUE,7,NA,18064.2,NA,NA,https://allianceforcoffeeexcellence.org/costa-rica-2011/
1105bfdd52f0c6fb,Costa Rica,2011,COE,5,1105bfdd52f0c6fb|COE|NA|5,TRUE,7.8,NA,17760.6,NA,NA,https://allianceforcoffeeexcellence.org/costa-rica-2011/
1105bfdd52f0c6fb,Costa Rica,2011,COE,6,1105bfdd52f0c6fb|COE|NA|6,TRUE,4.9,NA,37191,NA,NA,https://allianceforcoffeeexcellence.org/costa-rica-2011/
1105bfdd52f0c6fb,Costa Rica,2011,COE,7,1105bfdd52f0c6fb|COE|NA|7,TRUE,7.1,NA,16166.7,NA,NA,https://allianceforcoffeeexcellence.org/costa-rica-2011/
1105bfdd52f0c6fb,Costa Rica,2011,COE,8,1105bfdd52f0c6fb|COE|NA|8,TRUE,4.7,NA,15696.12,NA,NA,https://allianceforcoffeeexcellence.org/costa-rica-2011/
1105bfdd52f0c6fb,Costa Rica,2011,COE,9,1105bfdd52f0c6fb|COE|NA|9,TRUE,7.1,NA,16166.7,NA,NA,https://allianceforcoffeeexcellence.org/costa-rica-2011/
1105bfdd52f0c6fb,Costa Rica,2011,COE,10,1105bfdd52f0c6fb|COE|NA|10,TRUE,7.5,NA,17077.5,NA,NA,https://allianceforcoffeeexcellence.org/costa-rica-2011/
1105bfdd52f0c6fb,Costa Rica,2011,COE,11,1105bfdd52f0c6fb|COE|NA|11,TRUE,4.4,NA,20037.6,NA,NA,https://allianceforcoffeeexcellence.org/costa-rica-2011/
1105bfdd52f0c6fb,Costa Rica,2011,COE,12,1105bfdd52f0c6fb|COE|NA|12,TRUE,5.5,NA,12523.5,NA,NA,https://allianceforcoffeeexcellence.org/costa-rica-2011/
1105bfdd52f0c6fb,Costa Rica,2011,COE,13,1105bfdd52f0c6fb|COE|NA|13,TRUE,5,NA,11385,NA,NA,https://allianceforcoffeeexcellence.org/costa-rica-2011/
1105bfdd52f0c6fb,Costa Rica,2011,COE,14,1105bfdd52f0c6fb|COE|NA|14,TRUE,5,NA,11385,NA,NA,https://allianceforcoffeeexcellence.org/costa-rica-2011/
1105bfdd52f0c6fb,Costa Rica,2011,COE,15,1105bfdd52f0c6fb|COE|NA|15,TRUE,4.6,NA,10474.2,NA,NA,https://allianceforcoffeeexcellence.org/costa-rica-2011/
1105bfdd52f0c6fb,Costa Rica,2011,COE,16,1105bfdd52f0c6fb|COE|NA|16,TRUE,4.3,NA,24151.38,NA,NA,https://allianceforcoffeeexcellence.org/costa-rica-2011/
1105bfdd52f0c6fb,Costa Rica,2011,COE,17,1105bfdd52f0c6fb|COE|NA|17,TRUE,5.1,NA,11612.7,NA,NA,https://allianceforcoffeeexcellence.org/costa-rica-2011/
1105bfdd52f0c6fb,Costa Rica,2011,COE,18,1105bfdd52f0c6fb|COE|NA|18,TRUE,5.1,NA,27096.3,NA,NA,https://allianceforcoffeeexcellence.org/costa-rica-2011/
1105bfdd52f0c6fb,Costa Rica,2011,COE,19,1105bfdd52f0c6fb|COE|NA|19,TRUE,6.2,NA,14117.4,NA,NA,https://allianceforcoffeeexcellence.org/costa-rica-2011/
1105bfdd52f0c6fb,Costa Rica,2011,COE,20,1105bfdd52f0c6fb|COE|NA|20,TRUE,4.2,NA,13388.76,NA,NA,https://allianceforcoffeeexcellence.org/costa-rica-2011/
1105bfdd52f0c6fb,Costa Rica,2011,COE,21,1105bfdd52f0c6fb|COE|NA|21,TRUE,4,NA,12144,NA,NA,https://allianceforcoffeeexcellence.org/costa-rica-2011/
1105bfdd52f0c6fb,Costa Rica,2011,COE,22,1105bfdd52f0c6fb|COE|NA|22,TRUE,4.1,NA,12447.6,NA,NA,https://allianceforcoffeeexcellence.org/costa-rica-2011/
1105bfdd52f0c6fb,Costa Rica,2011,COE,23,1105bfdd52f0c6fb|COE|NA|23,TRUE,4.5,NA,10246.5,NA,NA,https://allianceforcoffeeexcellence.org/costa-rica-2011/
1105bfdd52f0c6fb,Costa Rica,2011,COE,24,1105bfdd52f0c6fb|COE|NA|24,TRUE,4.4,NA,10018.8,NA,NA,https://allianceforcoffeeexcellence.org/costa-rica-2011/
1105bfdd52f0c6fb,Costa Rica,2011,COE,25,1105bfdd52f0c6fb|COE|NA|25,TRUE,4,NA,12144,NA,NA,https://allianceforcoffeeexcellence.org/costa-rica-2011/
1105bfdd52f0c6fb,Costa Rica,2011,COE,26,1105bfdd52f0c6fb|COE|NA|26,TRUE,4.4,NA,12022.56,NA,NA,https://allianceforcoffeeexcellence.org/costa-rica-2011/
1105bfdd52f0c6fb,Costa Rica,2011,COE,27,1105bfdd52f0c6fb|COE|NA|27,TRUE,4.2,NA,9563.4,NA,NA,https://allianceforcoffeeexcellence.org/costa-rica-2011/
1105bfdd52f0c6fb,Costa Rica,2011,COE,28,1105bfdd52f0c6fb|COE|NA|28,TRUE,4.2,NA,10838.52,NA,NA,https://allianceforcoffeeexcellence.org/costa-rica-2011/
1105bfdd52f0c6fb,Costa Rica,2011,COE,29,1105bfdd52f0c6fb|COE|NA|29,TRUE,4,NA,10929.6,NA,NA,https://allianceforcoffeeexcellence.org/costa-rica-2011/
1105bfdd52f0c6fb,Costa Rica,2011,COE,30,1105bfdd52f0c6fb|COE|NA|30,TRUE,4.4,NA,12022.56,NA,NA,https://allianceforcoffeeexcellence.org/costa-rica-2011/
1105bfdd52f0c6fb,Costa Rica,2011,COE,31,1105bfdd52f0c6fb|COE|NA|31,TRUE,4,NA,13358.4,NA,NA,https://allianceforcoffeeexcellence.org/costa-rica-2011/
44540f168407c8ad,Costa Rica,2012,COE,1,44540f168407c8ad|COE|NA|1,TRUE,45,NA,99720,NA,NA,https://allianceforcoffeeexcellence.org/costa-rica-2012/
44540f168407c8ad,Costa Rica,2012,COE,2,44540f168407c8ad|COE|NA|2,TRUE,20.08,NA,45822.56,NA,NA,https://allianceforcoffeeexcellence.org/costa-rica-2012/
44540f168407c8ad,Costa Rica,2012,COE,3,44540f168407c8ad|COE|NA|3,TRUE,11.98,NA,27338.36,NA,NA,https://allianceforcoffeeexcellence.org/costa-rica-2012/
44540f168407c8ad,Costa Rica,2012,COE,4,44540f168407c8ad|COE|NA|4,TRUE,12.1,NA,31205.9,NA,NA,https://allianceforcoffeeexcellence.org/costa-rica-2012/
44540f168407c8ad,Costa Rica,2012,COE,5,44540f168407c8ad|COE|NA|5,TRUE,10.2,NA,23276.4,NA,NA,https://allianceforcoffeeexcellence.org/costa-rica-2012/
44540f168407c8ad,Costa Rica,2012,COE,6,44540f168407c8ad|COE|NA|6,TRUE,10.02,NA,22865.64,NA,NA,https://allianceforcoffeeexcellence.org/costa-rica-2012/
44540f168407c8ad,Costa Rica,2012,COE,7,44540f168407c8ad|COE|NA|7,TRUE,9.98,NA,18482.96,NA,NA,https://allianceforcoffeeexcellence.org/costa-rica-2012/
44540f168407c8ad,Costa Rica,2012,COE,8,44540f168407c8ad|COE|NA|8,TRUE,8.1,NA,17949.6,NA,NA,https://allianceforcoffeeexcellence.org/costa-rica-2012/
44540f168407c8ad,Costa Rica,2012,COE,9,44540f168407c8ad|COE|NA|9,TRUE,9.8,NA,22040.2,NA,NA,https://allianceforcoffeeexcellence.org/costa-rica-2012/
44540f168407c8ad,Costa Rica,2012,COE,10,44540f168407c8ad|COE|NA|10,TRUE,7.3,NA,17140.4,NA,NA,https://allianceforcoffeeexcellence.org/costa-rica-2012/
44540f168407c8ad,Costa Rica,2012,COE,11,44540f168407c8ad|COE|NA|11,TRUE,6.6,NA,15061.2,NA,NA,https://allianceforcoffeeexcellence.org/costa-rica-2012/
44540f168407c8ad,Costa Rica,2012,COE,12,44540f168407c8ad|COE|NA|12,TRUE,6.6,NA,17899.2,NA,NA,https://allianceforcoffeeexcellence.org/costa-rica-2012/
44540f168407c8ad,Costa Rica,2012,COE,13,44540f168407c8ad|COE|NA|13,TRUE,6.5,NA,14833,NA,NA,https://allianceforcoffeeexcellence.org/costa-rica-2012/
44540f168407c8ad,Costa Rica,2012,COE,14,44540f168407c8ad|COE|NA|14,TRUE,5.95,NA,11412.1,NA,NA,https://allianceforcoffeeexcellence.org/costa-rica-2012/
44540f168407c8ad,Costa Rica,2012,COE,15,44540f168407c8ad|COE|NA|15,TRUE,5,NA,15210,NA,NA,https://allianceforcoffeeexcellence.org/costa-rica-2012/
44540f168407c8ad,Costa Rica,2012,COE,16,44540f168407c8ad|COE|NA|16,TRUE,6.55,NA,14947.1,NA,NA,https://allianceforcoffeeexcellence.org/costa-rica-2012/
44540f168407c8ad,Costa Rica,2012,COE,17,44540f168407c8ad|COE|NA|17,TRUE,5.3,NA,24009,NA,NA,https://allianceforcoffeeexcellence.org/costa-rica-2012/
44540f168407c8ad,Costa Rica,2012,COE,18,44540f168407c8ad|COE|NA|18,TRUE,5.1,NA,15514.2,NA,NA,https://allianceforcoffeeexcellence.org/costa-rica-2012/
44540f168407c8ad,Costa Rica,2012,COE,19,44540f168407c8ad|COE|NA|19,TRUE,5.3,NA,12444.4,NA,NA,https://allianceforcoffeeexcellence.org/costa-rica-2012/
44540f168407c8ad,Costa Rica,2012,COE,20,44540f168407c8ad|COE|NA|20,TRUE,5.9,NA,13463.8,NA,NA,https://allianceforcoffeeexcellence.org/costa-rica-2012/
44540f168407c8ad,Costa Rica,2012,COE,21,44540f168407c8ad|COE|NA|21,TRUE,4.4,NA,33466.4,NA,NA,https://allianceforcoffeeexcellence.org/costa-rica-2012/
44540f168407c8ad,Costa Rica,2012,COE,22,44540f168407c8ad|COE|NA|22,TRUE,5.1,NA,16865.7,NA,NA,https://allianceforcoffeeexcellence.org/costa-rica-2012/
44540f168407c8ad,Costa Rica,2012,COE,23,44540f168407c8ad|COE|NA|23,TRUE,5.9,NA,15216.1,NA,NA,https://allianceforcoffeeexcellence.org/costa-rica-2012/
44540f168407c8ad,Costa Rica,2012,COE,24,44540f168407c8ad|COE|NA|24,TRUE,6,NA,13692,NA,NA,https://allianceforcoffeeexcellence.org/costa-rica-2012/
44540f168407c8ad,Costa Rica,2012,COE,25,44540f168407c8ad|COE|NA|25,TRUE,5,NA,14550,NA,NA,https://allianceforcoffeeexcellence.org/costa-rica-2012/
44540f168407c8ad,Costa Rica,2012,COE,26,44540f168407c8ad|COE|NA|26,TRUE,5.31,NA,12117.42,NA,NA,https://allianceforcoffeeexcellence.org/costa-rica-2012/
44540f168407c8ad,Costa Rica,2012,COE,27,44540f168407c8ad|COE|NA|27,TRUE,5.3,NA,12094.6,NA,NA,https://allianceforcoffeeexcellence.org/costa-rica-2012/
d144777157aa3439,Costa Rica,2013,COE,1,d144777157aa3439|COE|NA|1,TRUE,30.1,NA,63691.6,NA,NA,https://allianceforcoffeeexcellence.org/costa-rica-2013/
d144777157aa3439,Costa Rica,2013,COE,2,d144777157aa3439|COE|NA|2,TRUE,20.7,NA,78018.3,NA,NA,https://allianceforcoffeeexcellence.org/costa-rica-2013/
d144777157aa3439,Costa Rica,2013,COE,3,d144777157aa3439|COE|NA|3,TRUE,20.3,NA,30876.3,NA,NA,https://allianceforcoffeeexcellence.org/costa-rica-2013/
d144777157aa3439,Costa Rica,2013,COE,4,d144777157aa3439|COE|NA|4,TRUE,12,NA,18252,NA,NA,https://allianceforcoffeeexcellence.org/costa-rica-2013/
d144777157aa3439,Costa Rica,2013,COE,5,d144777157aa3439|COE|NA|5,TRUE,10.5,NA,23604,NA,NA,https://allianceforcoffeeexcellence.org/costa-rica-2013/
d144777157aa3439,Costa Rica,2013,COE,6,d144777157aa3439|COE|NA|6,TRUE,14.2,NA,21598.2,NA,NA,https://allianceforcoffeeexcellence.org/costa-rica-2013/
d144777157aa3439,Costa Rica,2013,COE,7,d144777157aa3439|COE|NA|7,TRUE,10.6,NA,23828.8,NA,NA,https://allianceforcoffeeexcellence.org/costa-rica-2013/
d144777157aa3439,Costa Rica,2013,COE,8,d144777157aa3439|COE|NA|8,TRUE,10.8,NA,16426.8,NA,NA,https://allianceforcoffeeexcellence.org/costa-rica-2013/
d144777157aa3439,Costa Rica,2013,COE,9,d144777157aa3439|COE|NA|9,TRUE,11.4,NA,20349,NA,NA,https://allianceforcoffeeexcellence.org/costa-rica-2013/
d144777157aa3439,Costa Rica,2013,COE,10,d144777157aa3439|COE|NA|10,TRUE,10.3,NA,15666.3,NA,NA,https://allianceforcoffeeexcellence.org/costa-rica-2013/
d144777157aa3439,Costa Rica,2013,COE,11,d144777157aa3439|COE|NA|11,TRUE,10.6,NA,16122.6,NA,NA,https://allianceforcoffeeexcellence.org/costa-rica-2013/
d144777157aa3439,Costa Rica,2013,COE,12,d144777157aa3439|COE|NA|12,TRUE,10.1,NA,23038.1,NA,NA,https://allianceforcoffeeexcellence.org/costa-rica-2013/
d144777157aa3439,Costa Rica,2013,COE,13,d144777157aa3439|COE|NA|13,TRUE,7.6,NA,17084.8,NA,NA,https://allianceforcoffeeexcellence.org/costa-rica-2013/
d144777157aa3439,Costa Rica,2013,COE,14,d144777157aa3439|COE|NA|14,TRUE,7.6,NA,17586.4,NA,NA,https://allianceforcoffeeexcellence.org/costa-rica-2013/
d144777157aa3439,Costa Rica,2013,COE,15,d144777157aa3439|COE|NA|15,TRUE,9.1,NA,13841.1,NA,NA,https://allianceforcoffeeexcellence.org/costa-rica-2013/
d144777157aa3439,Costa Rica,2013,COE,16,d144777157aa3439|COE|NA|16,TRUE,10,NA,17520,NA,NA,https://allianceforcoffeeexcellence.org/costa-rica-2013/
d144777157aa3439,Costa Rica,2013,COE,17,d144777157aa3439|COE|NA|17,TRUE,7.7,NA,18587.8,NA,NA,https://allianceforcoffeeexcellence.org/costa-rica-2013/
d144777157aa3439,Costa Rica,2013,COE,18,d144777157aa3439|COE|NA|18,TRUE,10.4,NA,15818.4,NA,NA,https://allianceforcoffeeexcellence.org/costa-rica-2013/
d144777157aa3439,Costa Rica,2013,COE,19,d144777157aa3439|COE|NA|19,TRUE,7.6,NA,17335.6,NA,NA,https://allianceforcoffeeexcellence.org/costa-rica-2013/
d144777157aa3439,Costa Rica,2013,COE,20,d144777157aa3439|COE|NA|20,TRUE,8.5,NA,12928.5,NA,NA,https://allianceforcoffeeexcellence.org/costa-rica-2013/
d144777157aa3439,Costa Rica,2013,COE,21,d144777157aa3439|COE|NA|21,TRUE,7.8,NA,11863.8,NA,NA,https://allianceforcoffeeexcellence.org/costa-rica-2013/
d144777157aa3439,Costa Rica,2013,COE,22,d144777157aa3439|COE|NA|22,TRUE,7.1,NA,10799.1,NA,NA,https://allianceforcoffeeexcellence.org/costa-rica-2013/
b762b1a91ef82ae0,Costa Rica,2014,COE,1,b762b1a91ef82ae0|COE|NA|1,TRUE,41.2,NA,62541.6,NA,NA,https://allianceforcoffeeexcellence.org/costa-rica-2014/
b762b1a91ef82ae0,Costa Rica,2014,COE,2,b762b1a91ef82ae0|COE|NA|2,TRUE,12.2,NA,18519.6,NA,NA,https://allianceforcoffeeexcellence.org/costa-rica-2014/
b762b1a91ef82ae0,Costa Rica,2014,COE,3,b762b1a91ef82ae0|COE|NA|3,TRUE,9,NA,32967,NA,NA,https://allianceforcoffeeexcellence.org/costa-rica-2014/
b762b1a91ef82ae0,Costa Rica,2014,COE,4,b762b1a91ef82ae0|COE|NA|4,TRUE,11.3,NA,23865.6,NA,NA,https://allianceforcoffeeexcellence.org/costa-rica-2014/
b762b1a91ef82ae0,Costa Rica,2014,COE,5,b762b1a91ef82ae0|COE|NA|5,TRUE,11.5,NA,26185.5,NA,NA,https://allianceforcoffeeexcellence.org/costa-rica-2014/
b762b1a91ef82ae0,Costa Rica,2014,COE,6,b762b1a91ef82ae0|COE|NA|6,TRUE,12.1,NA,18367.8,NA,NA,https://allianceforcoffeeexcellence.org/costa-rica-2014/
b762b1a91ef82ae0,Costa Rica,2014,COE,7,b762b1a91ef82ae0|COE|NA|7,TRUE,20.1,NA,30511.8,NA,NA,https://allianceforcoffeeexcellence.org/costa-rica-2014/
b762b1a91ef82ae0,Costa Rica,2014,COE,8,b762b1a91ef82ae0|COE|NA|8,TRUE,8.75,NA,19923.75,NA,NA,https://allianceforcoffeeexcellence.org/costa-rica-2014/
b762b1a91ef82ae0,Costa Rica,2014,COE,9,b762b1a91ef82ae0|COE|NA|9,TRUE,8,NA,18216,NA,NA,https://allianceforcoffeeexcellence.org/costa-rica-2014/
b762b1a91ef82ae0,Costa Rica,2014,COE,10A,b762b1a91ef82ae0|COE|NA|10A,TRUE,7.5,NA,16830,NA,NA,https://allianceforcoffeeexcellence.org/costa-rica-2014/
b762b1a91ef82ae0,Costa Rica,2014,COE,10B,b762b1a91ef82ae0|COE|NA|10B,TRUE,9,NA,13662,NA,NA,https://allianceforcoffeeexcellence.org/costa-rica-2014/
b762b1a91ef82ae0,Costa Rica,2014,COE,11,b762b1a91ef82ae0|COE|NA|11,TRUE,8.47,NA,12857.46,NA,NA,https://allianceforcoffeeexcellence.org/costa-rica-2014/
b762b1a91ef82ae0,Costa Rica,2014,COE,12,b762b1a91ef82ae0|COE|NA|12,TRUE,8.2,NA,12447.6,NA,NA,https://allianceforcoffeeexcellence.org/costa-rica-2014/
b762b1a91ef82ae0,Costa Rica,2014,COE,13,b762b1a91ef82ae0|COE|NA|13,TRUE,7.6,NA,11536.8,NA,NA,https://allianceforcoffeeexcellence.org/costa-rica-2014/
b762b1a91ef82ae0,Costa Rica,2014,COE,14,b762b1a91ef82ae0|COE|NA|14,TRUE,7.3,NA,11081.4,NA,NA,https://allianceforcoffeeexcellence.org/costa-rica-2014/
b762b1a91ef82ae0,Costa Rica,2014,COE,15,b762b1a91ef82ae0|COE|NA|15,TRUE,8,NA,12144,NA,NA,https://allianceforcoffeeexcellence.org/costa-rica-2014/
b762b1a91ef82ae0,Costa Rica,2014,COE,16,b762b1a91ef82ae0|COE|NA|16,TRUE,7.05,NA,12795.75,NA,NA,https://allianceforcoffeeexcellence.org/costa-rica-2014/
b762b1a91ef82ae0,Costa Rica,2014,COE,17,b762b1a91ef82ae0|COE|NA|17,TRUE,7.5,NA,20295,NA,NA,https://allianceforcoffeeexcellence.org/costa-rica-2014/
b762b1a91ef82ae0,Costa Rica,2014,COE,18,b762b1a91ef82ae0|COE|NA|18,TRUE,7.3,NA,16381.2,NA,NA,https://allianceforcoffeeexcellence.org/costa-rica-2014/
b762b1a91ef82ae0,Costa Rica,2014,COE,19,b762b1a91ef82ae0|COE|NA|19,TRUE,7.1,NA,10777.8,NA,NA,https://allianceforcoffeeexcellence.org/costa-rica-2014/
b762b1a91ef82ae0,Costa Rica,2014,COE,20,b762b1a91ef82ae0|COE|NA|20,TRUE,7.4,NA,17012.6,NA,NA,https://allianceforcoffeeexcellence.org/costa-rica-2014/
b762b1a91ef82ae0,Costa Rica,2014,COE,21,b762b1a91ef82ae0|COE|NA|21,TRUE,7.1,NA,10777.8,NA,NA,https://allianceforcoffeeexcellence.org/costa-rica-2014/
b762b1a91ef82ae0,Costa Rica,2014,COE,22,b762b1a91ef82ae0|COE|NA|22,TRUE,7.05,NA,10701.9,NA,NA,https://allianceforcoffeeexcellence.org/costa-rica-2014/
b762b1a91ef82ae0,Costa Rica,2014,COE,23,b762b1a91ef82ae0|COE|NA|23,TRUE,7,NA,16170,NA,NA,https://allianceforcoffeeexcellence.org/costa-rica-2014/
56e67cb59fb81745,Costa Rica,2015,COE,1,56e67cb59fb81745|COE|NA|1,TRUE,42.1,NA,64034.1,NA,NA,https://allianceforcoffeeexcellence.org/costa-rica-2015/
56e67cb59fb81745,Costa Rica,2015,COE,2,56e67cb59fb81745|COE|NA|2,TRUE,21.01,NA,31956.21,NA,NA,https://allianceforcoffeeexcellence.org/costa-rica-2015/
56e67cb59fb81745,Costa Rica,2015,COE,3,56e67cb59fb81745|COE|NA|3,TRUE,20.1,NA,30572.1,NA,NA,https://allianceforcoffeeexcellence.org/costa-rica-2015/
56e67cb59fb81745,Costa Rica,2015,COE,4,56e67cb59fb81745|COE|NA|4,TRUE,15,NA,33720,NA,NA,https://allianceforcoffeeexcellence.org/costa-rica-2015/
56e67cb59fb81745,Costa Rica,2015,COE,5,56e67cb59fb81745|COE|NA|5,TRUE,11.2,NA,32222.4,NA,NA,https://allianceforcoffeeexcellence.org/costa-rica-2015/
56e67cb59fb81745,Costa Rica,2015,COE,6,56e67cb59fb81745|COE|NA|6,TRUE,15.1,NA,22967.1,NA,NA,https://allianceforcoffeeexcellence.org/costa-rica-2015/
56e67cb59fb81745,Costa Rica,2015,COE,7,56e67cb59fb81745|COE|NA|7,TRUE,10.7,NA,16274.7,NA,NA,https://allianceforcoffeeexcellence.org/costa-rica-2015/
56e67cb59fb81745,Costa Rica,2015,COE,8,56e67cb59fb81745|COE|NA|8,TRUE,10.7,NA,16274.7,NA,NA,https://allianceforcoffeeexcellence.org/costa-rica-2015/
56e67cb59fb81745,Costa Rica,2015,COE,9,56e67cb59fb81745|COE|NA|9,TRUE,10.4,NA,15818.4,NA,NA,https://allianceforcoffeeexcellence.org/costa-rica-2015/
56e67cb59fb81745,Costa Rica,2015,COE,10,56e67cb59fb81745|COE|NA|10,TRUE,9.1,NA,13841.1,NA,NA,https://allianceforcoffeeexcellence.org/costa-rica-2015/
56e67cb59fb81745,Costa Rica,2015,COE,11,56e67cb59fb81745|COE|NA|11,TRUE,7.6,NA,13816.8,NA,NA,https://allianceforcoffeeexcellence.org/costa-rica-2015/
56e67cb59fb81745,Costa Rica,2015,COE,12,56e67cb59fb81745|COE|NA|12,TRUE,8.5,NA,12928.5,NA,NA,https://allianceforcoffeeexcellence.org/costa-rica-2015/
56e67cb59fb81745,Costa Rica,2015,COE,13,56e67cb59fb81745|COE|NA|13,TRUE,8.7,NA,13232.7,NA,NA,https://allianceforcoffeeexcellence.org/costa-rica-2015/
56e67cb59fb81745,Costa Rica,2015,COE,14,56e67cb59fb81745|COE|NA|14,TRUE,9.1,NA,13841.1,NA,NA,https://allianceforcoffeeexcellence.org/costa-rica-2015/
56e67cb59fb81745,Costa Rica,2015,COE,15,56e67cb59fb81745|COE|NA|15,TRUE,7.6,NA,11559.6,NA,NA,https://allianceforcoffeeexcellence.org/costa-rica-2015/
56e67cb59fb81745,Costa Rica,2015,COE,16,56e67cb59fb81745|COE|NA|16,TRUE,8.1,NA,12320.1,NA,NA,https://allianceforcoffeeexcellence.org/costa-rica-2015/
56e67cb59fb81745,Costa Rica,2015,COE,17,56e67cb59fb81745|COE|NA|17,TRUE,6.3,NA,11453.4,NA,NA,https://allianceforcoffeeexcellence.org/costa-rica-2015/
56e67cb59fb81745,Costa Rica,2015,COE,18,56e67cb59fb81745|COE|NA|18,TRUE,6.3,NA,9582.3,NA,NA,https://allianceforcoffeeexcellence.org/costa-rica-2015/
56e67cb59fb81745,Costa Rica,2015,COE,19,56e67cb59fb81745|COE|NA|19,TRUE,5.8,NA,9013.2,NA,NA,https://allianceforcoffeeexcellence.org/costa-rica-2015/
56e67cb59fb81745,Costa Rica,2015,COE,20,56e67cb59fb81745|COE|NA|20,TRUE,6.21,NA,9650.34,NA,NA,https://allianceforcoffeeexcellence.org/costa-rica-2015/
56e67cb59fb81745,Costa Rica,2015,COE,21,56e67cb59fb81745|COE|NA|21,TRUE,7.01,NA,10662.21,NA,NA,https://allianceforcoffeeexcellence.org/costa-rica-2015/
56e67cb59fb81745,Costa Rica,2015,COE,22,56e67cb59fb81745|COE|NA|22,TRUE,7.02,NA,10677.42,NA,NA,https://allianceforcoffeeexcellence.org/costa-rica-2015/
56e67cb59fb81745,Costa Rica,2015,COE,23,56e67cb59fb81745|COE|NA|23,TRUE,6.1,NA,9479.4,NA,NA,https://allianceforcoffeeexcellence.org/costa-rica-2015/
56e67cb59fb81745,Costa Rica,2015,COE,24,56e67cb59fb81745|COE|NA|24,TRUE,6.1,NA,9278.1,NA,NA,https://allianceforcoffeeexcellence.org/costa-rica-2015/
56e67cb59fb81745,Costa Rica,2015,COE,25,56e67cb59fb81745|COE|NA|25,TRUE,5.8,NA,8821.8,NA,NA,https://allianceforcoffeeexcellence.org/costa-rica-2015/
56e67cb59fb81745,Costa Rica,2015,COE,26,56e67cb59fb81745|COE|NA|26,TRUE,7.45,NA,14534.95,NA,NA,https://allianceforcoffeeexcellence.org/costa-rica-2015/
56e67cb59fb81745,Costa Rica,2015,COE,27,56e67cb59fb81745|COE|NA|27,TRUE,6,NA,9126,NA,NA,https://allianceforcoffeeexcellence.org/costa-rica-2015/
56e67cb59fb81745,Costa Rica,2015,COE,28,56e67cb59fb81745|COE|NA|28,TRUE,6.1,NA,9278.1,NA,NA,https://allianceforcoffeeexcellence.org/costa-rica-2015/
56e67cb59fb81745,Costa Rica,2015,COE,29,56e67cb59fb81745|COE|NA|29,TRUE,6,NA,9126,NA,NA,https://allianceforcoffeeexcellence.org/costa-rica-2015/
56e67cb59fb81745,Costa Rica,2015,COE,30,56e67cb59fb81745|COE|NA|30,TRUE,6.05,NA,9202.05,NA,NA,https://allianceforcoffeeexcellence.org/costa-rica-2015/
56e67cb59fb81745,Costa Rica,2015,COE,31,56e67cb59fb81745|COE|NA|31,TRUE,5.6,NA,9072,NA,NA,https://allianceforcoffeeexcellence.org/costa-rica-2015/
56e67cb59fb81745,Costa Rica,2015,COE,32,56e67cb59fb81745|COE|NA|32,TRUE,7.6,NA,11559.6,NA,NA,https://allianceforcoffeeexcellence.org/costa-rica-2015/
56e67cb59fb81745,Costa Rica,2015,COE,33,56e67cb59fb81745|COE|NA|33,TRUE,5.6,NA,17220,NA,NA,https://allianceforcoffeeexcellence.org/costa-rica-2015/
56e67cb59fb81745,Costa Rica,2015,COE,34,56e67cb59fb81745|COE|NA|34,TRUE,5.6,NA,8517.6,NA,NA,https://allianceforcoffeeexcellence.org/costa-rica-2015/
56e67cb59fb81745,Costa Rica,2015,COE,35,56e67cb59fb81745|COE|NA|35,TRUE,7.5,NA,12397.5,NA,NA,https://allianceforcoffeeexcellence.org/costa-rica-2015/
dec3b623fc3b102d,Costa Rica,2016,COE,1A,dec3b623fc3b102d|COE|NA|1A,TRUE,58.1,NA,46073.3,NA,NA,https://allianceforcoffeeexcellence.org/costa-rica-2016/
dec3b623fc3b102d,Costa Rica,2016,COE,1B,dec3b623fc3b102d|COE|NA|1B,TRUE,59,NA,42952,NA,NA,https://allianceforcoffeeexcellence.org/costa-rica-2016/
dec3b623fc3b102d,Costa Rica,2016,COE,2A,dec3b623fc3b102d|COE|NA|2A,TRUE,31.2,NA,24741.6,NA,NA,https://allianceforcoffeeexcellence.org/costa-rica-2016/
dec3b623fc3b102d,Costa Rica,2016,COE,2B,dec3b623fc3b102d|COE|NA|2B,TRUE,31.2,NA,22713.6,NA,NA,https://allianceforcoffeeexcellence.org/costa-rica-2016/
dec3b623fc3b102d,Costa Rica,2016,COE,3A,dec3b623fc3b102d|COE|NA|3A,TRUE,40.1,NA,31799.3,NA,NA,https://allianceforcoffeeexcellence.org/costa-rica-2016/
dec3b623fc3b102d,Costa Rica,2016,COE,3B,dec3b623fc3b102d|COE|NA|3B,TRUE,38.1,NA,27736.8,NA,NA,https://allianceforcoffeeexcellence.org/costa-rica-2016/
dec3b623fc3b102d,Costa Rica,2016,COE,4A,dec3b623fc3b102d|COE|NA|4A,TRUE,25.7,NA,20380.1,NA,NA,https://allianceforcoffeeexcellence.org/costa-rica-2016/
dec3b623fc3b102d,Costa Rica,2016,COE,4B,dec3b623fc3b102d|COE|NA|4B,TRUE,25.2,NA,18345.6,NA,NA,https://allianceforcoffeeexcellence.org/costa-rica-2016/
dec3b623fc3b102d,Costa Rica,2016,COE,5A,dec3b623fc3b102d|COE|NA|5A,TRUE,20.6,NA,16335.8,NA,NA,https://allianceforcoffeeexcellence.org/costa-rica-2016/
dec3b623fc3b102d,Costa Rica,2016,COE,5B,dec3b623fc3b102d|COE|NA|5B,TRUE,22.3,NA,16234.4,NA,NA,https://allianceforcoffeeexcellence.org/costa-rica-2016/
dec3b623fc3b102d,Costa Rica,2016,COE,6,dec3b623fc3b102d|COE|NA|6,TRUE,16.35,NA,24871.13,NA,NA,https://allianceforcoffeeexcellence.org/costa-rica-2016/
dec3b623fc3b102d,Costa Rica,2016,COE,7,dec3b623fc3b102d|COE|NA|7,TRUE,12.4,NA,22963.06,NA,NA,https://allianceforcoffeeexcellence.org/costa-rica-2016/
dec3b623fc3b102d,Costa Rica,2016,COE,8,dec3b623fc3b102d|COE|NA|8,TRUE,12.5,NA,21081.5,NA,NA,https://allianceforcoffeeexcellence.org/costa-rica-2016/
dec3b623fc3b102d,Costa Rica,2016,COE,9,dec3b623fc3b102d|COE|NA|9,TRUE,12.4,NA,20502.78,NA,NA,https://allianceforcoffeeexcellence.org/costa-rica-2016/
dec3b623fc3b102d,Costa Rica,2016,COE,10,dec3b623fc3b102d|COE|NA|10,TRUE,12.1,NA,18406.16,NA,NA,https://allianceforcoffeeexcellence.org/costa-rica-2016/
dec3b623fc3b102d,Costa Rica,2016,COE,11,dec3b623fc3b102d|COE|NA|11,TRUE,12.3,NA,18710.39,NA,NA,https://allianceforcoffeeexcellence.org/costa-rica-2016/
dec3b623fc3b102d,Costa Rica,2016,COE,12,dec3b623fc3b102d|COE|NA|12,TRUE,11.5,NA,17493.46,NA,NA,https://allianceforcoffeeexcellence.org/costa-rica-2016/
dec3b623fc3b102d,Costa Rica,2016,COE,13,dec3b623fc3b102d|COE|NA|13,TRUE,10.5,NA,15972.28,NA,NA,https://allianceforcoffeeexcellence.org/costa-rica-2016/
dec3b623fc3b102d,Costa Rica,2016,COE,14,dec3b623fc3b102d|COE|NA|14,TRUE,11.3,NA,17189.22,NA,NA,https://allianceforcoffeeexcellence.org/costa-rica-2016/
dec3b623fc3b102d,Costa Rica,2016,COE,15,dec3b623fc3b102d|COE|NA|15,TRUE,15.2,NA,23121.78,NA,NA,https://allianceforcoffeeexcellence.org/costa-rica-2016/
dec3b623fc3b102d,Costa Rica,2016,COE,16,dec3b623fc3b102d|COE|NA|16,TRUE,10.2,NA,16865.19,NA,NA,https://allianceforcoffeeexcellence.org/costa-rica-2016/
dec3b623fc3b102d,Costa Rica,2016,COE,17,dec3b623fc3b102d|COE|NA|17,TRUE,10.2,NA,15515.93,NA,NA,https://allianceforcoffeeexcellence.org/costa-rica-2016/
dec3b623fc3b102d,Costa Rica,2016,COE,18,dec3b623fc3b102d|COE|NA|18,TRUE,12.1,NA,18406.16,NA,NA,https://allianceforcoffeeexcellence.org/costa-rica-2016/
dec3b623fc3b102d,Costa Rica,2016,COE,19,dec3b623fc3b102d|COE|NA|19,TRUE,10.3,NA,17030.54,NA,NA,https://allianceforcoffeeexcellence.org/costa-rica-2016/
dec3b623fc3b102d,Costa Rica,2016,COE,20,dec3b623fc3b102d|COE|NA|20,TRUE,12.9,NA,20476.3,NA,NA,https://allianceforcoffeeexcellence.org/costa-rica-2016/
dec3b623fc3b102d,Costa Rica,2016,COE,21,dec3b623fc3b102d|COE|NA|21,TRUE,10.2,NA,16190.56,NA,NA,https://allianceforcoffeeexcellence.org/costa-rica-2016/
86196d6e98565c85,Costa Rica,2017,NW,30,86196d6e98565c85|NW|NA|30,TRUE,6,NA,6388.98,NA,NA,https://allianceforcoffeeexcellence.org/costa-rica-coe-2017/
86196d6e98565c85,Costa Rica,2017,NW,31,86196d6e98565c85|NW|NA|31,TRUE,5.6,NA,5963.05,NA,NA,https://allianceforcoffeeexcellence.org/costa-rica-coe-2017/
86196d6e98565c85,Costa Rica,2017,NW,32,86196d6e98565c85|NW|NA|32,TRUE,7.2,NA,7666.78,NA,NA,https://allianceforcoffeeexcellence.org/costa-rica-coe-2017/
86196d6e98565c85,Costa Rica,2017,COE,1A,86196d6e98565c85|COE|NA|1A,TRUE,80.6,NA,47977.15,NA,NA,https://allianceforcoffeeexcellence.org/costa-rica-coe-2017/
86196d6e98565c85,Costa Rica,2017,COE,1B,86196d6e98565c85|COE|NA|1B,TRUE,80.3,NA,47798.58,NA,NA,https://allianceforcoffeeexcellence.org/costa-rica-coe-2017/
86196d6e98565c85,Costa Rica,2017,COE,2A,86196d6e98565c85|COE|NA|2A,TRUE,38.71,NA,20481.46,NA,NA,https://allianceforcoffeeexcellence.org/costa-rica-coe-2017/
86196d6e98565c85,Costa Rica,2017,COE,2B,86196d6e98565c85|COE|NA|2B,TRUE,38.7,NA,20476.17,NA,NA,https://allianceforcoffeeexcellence.org/costa-rica-coe-2017/
86196d6e98565c85,Costa Rica,2017,COE,3A,86196d6e98565c85|COE|NA|3A,TRUE,37.1,NA,19629.61,NA,NA,https://allianceforcoffeeexcellence.org/costa-rica-coe-2017/
86196d6e98565c85,Costa Rica,2017,COE,3B,86196d6e98565c85|COE|NA|3B,TRUE,36.91,NA,19529.08,NA,NA,https://allianceforcoffeeexcellence.org/costa-rica-coe-2017/
86196d6e98565c85,Costa Rica,2017,COE,4,86196d6e98565c85|COE|NA|4,TRUE,25.1,NA,53952.2,NA,NA,https://allianceforcoffeeexcellence.org/costa-rica-coe-2017/
86196d6e98565c85,Costa Rica,2017,COE,5,86196d6e98565c85|COE|NA|5,TRUE,20.4,NA,15516.04,NA,NA,https://allianceforcoffeeexcellence.org/costa-rica-coe-2017/
86196d6e98565c85,Costa Rica,2017,COE,6,86196d6e98565c85|COE|NA|6,TRUE,17.3,NA,18879.14,NA,NA,https://allianceforcoffeeexcellence.org/costa-rica-coe-2017/
86196d6e98565c85,Costa Rica,2017,COE,7,86196d6e98565c85|COE|NA|7,TRUE,20.2,NA,21375.84,NA,NA,https://allianceforcoffeeexcellence.org/costa-rica-coe-2017/
86196d6e98565c85,Costa Rica,2017,COE,8,86196d6e98565c85|COE|NA|8,TRUE,15.7,NA,16613.9,NA,NA,https://allianceforcoffeeexcellence.org/costa-rica-coe-2017/
86196d6e98565c85,Costa Rica,2017,COE,9,86196d6e98565c85|COE|NA|9,TRUE,11.9,NA,18101.92,NA,NA,https://allianceforcoffeeexcellence.org/costa-rica-coe-2017/
86196d6e98565c85,Costa Rica,2017,COE,10,86196d6e98565c85|COE|NA|10,TRUE,13.1,NA,13862.55,NA,NA,https://allianceforcoffeeexcellence.org/costa-rica-coe-2017/
86196d6e98565c85,Costa Rica,2017,COE,11,86196d6e98565c85|COE|NA|11,TRUE,12.3,NA,18303.75,NA,NA,https://allianceforcoffeeexcellence.org/costa-rica-coe-2017/
86196d6e98565c85,Costa Rica,2017,COE,12,86196d6e98565c85|COE|NA|12,TRUE,14.09,NA,15376.14,NA,NA,https://allianceforcoffeeexcellence.org/costa-rica-coe-2017/
86196d6e98565c85,Costa Rica,2017,COE,13,86196d6e98565c85|COE|NA|13,TRUE,12.17,NA,18512.64,NA,NA,https://allianceforcoffeeexcellence.org/costa-rica-coe-2017/
86196d6e98565c85,Costa Rica,2017,COE,14,86196d6e98565c85|COE|NA|14,TRUE,12.05,NA,12751.43,NA,NA,https://allianceforcoffeeexcellence.org/costa-rica-coe-2017/
86196d6e98565c85,Costa Rica,2017,COE,15,86196d6e98565c85|COE|NA|15,TRUE,11.7,NA,19345.36,NA,NA,https://allianceforcoffeeexcellence.org/costa-rica-coe-2017/
86196d6e98565c85,Costa Rica,2017,COE,16,86196d6e98565c85|COE|NA|16,TRUE,17,NA,23049.11,NA,NA,https://allianceforcoffeeexcellence.org/costa-rica-coe-2017/
86196d6e98565c85,Costa Rica,2017,COE,17,86196d6e98565c85|COE|NA|17,TRUE,13.1,NA,13862.55,NA,NA,https://allianceforcoffeeexcellence.org/costa-rica-coe-2017/
86196d6e98565c85,Costa Rica,2017,COE,18,86196d6e98565c85|COE|NA|18,TRUE,12.78,NA,13523.92,NA,NA,https://allianceforcoffeeexcellence.org/costa-rica-coe-2017/
86196d6e98565c85,Costa Rica,2017,COE,19,86196d6e98565c85|COE|NA|19,TRUE,15.1,NA,22969.67,NA,NA,https://allianceforcoffeeexcellence.org/costa-rica-coe-2017/
86196d6e98565c85,Costa Rica,2017,COE,20,86196d6e98565c85|COE|NA|20,TRUE,16.3,NA,24795.07,NA,NA,https://allianceforcoffeeexcellence.org/costa-rica-coe-2017/
86196d6e98565c85,Costa Rica,2017,COE,21,86196d6e98565c85|COE|NA|21,TRUE,13,NA,15906.15,NA,NA,https://allianceforcoffeeexcellence.org/costa-rica-coe-2017/
86196d6e98565c85,Costa Rica,2017,COE,22,86196d6e98565c85|COE|NA|22,TRUE,12.4,NA,13941.94,NA,NA,https://allianceforcoffeeexcellence.org/costa-rica-coe-2017/
86196d6e98565c85,Costa Rica,2017,COE,23,86196d6e98565c85|COE|NA|23,TRUE,10.3,NA,10899.56,NA,NA,https://allianceforcoffeeexcellence.org/costa-rica-coe-2017/
86196d6e98565c85,Costa Rica,2017,COE,24,86196d6e98565c85|COE|NA|24,TRUE,10.3,NA,15327.53,NA,NA,https://allianceforcoffeeexcellence.org/costa-rica-coe-2017/
86196d6e98565c85,Costa Rica,2017,COE,25,86196d6e98565c85|COE|NA|25,TRUE,10.32,NA,10920.73,NA,NA,https://allianceforcoffeeexcellence.org/costa-rica-coe-2017/
86196d6e98565c85,Costa Rica,2017,COE,26,86196d6e98565c85|COE|NA|26,TRUE,10,NA,10582.1,NA,NA,https://allianceforcoffeeexcellence.org/costa-rica-coe-2017/
86196d6e98565c85,Costa Rica,2017,COE,27,86196d6e98565c85|COE|NA|27,TRUE,12.3,NA,13015.98,NA,NA,https://allianceforcoffeeexcellence.org/costa-rica-coe-2017/
86196d6e98565c85,Costa Rica,2017,COE,28,86196d6e98565c85|COE|NA|28,TRUE,16.2,NA,24642.95,NA,NA,https://allianceforcoffeeexcellence.org/costa-rica-coe-2017/
86196d6e98565c85,Costa Rica,2017,COE,29,86196d6e98565c85|COE|NA|29,TRUE,10,NA,15211.7,NA,NA,https://allianceforcoffeeexcellence.org/costa-rica-coe-2017/
3f6557f6d36b2162,Costa Rica,2018,NW,37,3f6557f6d36b2162|NW|NA|37,TRUE,5.6,NA,11296.49,NA,NA,https://allianceforcoffeeexcellence.org/costa-rica-2018/
3f6557f6d36b2162,Costa Rica,2018,NW,38,3f6557f6d36b2162|NW|NA|38,TRUE,6.15,NA,6535.17,NA,NA,https://allianceforcoffeeexcellence.org/costa-rica-2018/
3f6557f6d36b2162,Costa Rica,2018,NW,39,3f6557f6d36b2162|NW|NA|39,TRUE,4.3,NA,6560.08,NA,NA,https://allianceforcoffeeexcellence.org/costa-rica-2018/
3f6557f6d36b2162,Costa Rica,2018,NW,40,3f6557f6d36b2162|NW|NA|40,TRUE,4.5,NA,9573.57,NA,NA,https://allianceforcoffeeexcellence.org/costa-rica-2018/
3f6557f6d36b2162,Costa Rica,2018,NW,41,3f6557f6d36b2162|NW|NA|41,TRUE,6,NA,6428.7,NA,NA,https://allianceforcoffeeexcellence.org/costa-rica-2018/
3f6557f6d36b2162,Costa Rica,2018,COE,1A,3f6557f6d36b2162|COE|NA|1A,TRUE,300.09,NA,158780.62,NA,NA,https://allianceforcoffeeexcellence.org/costa-rica-2018/
3f6557f6d36b2162,Costa Rica,2018,COE,1B,3f6557f6d36b2162|COE|NA|1B,TRUE,111.21,NA,58842.32,NA,NA,https://allianceforcoffeeexcellence.org/costa-rica-2018/
3f6557f6d36b2162,Costa Rica,2018,COE,2A,3f6557f6d36b2162|COE|NA|2A,TRUE,59.58,NA,31524.37,NA,NA,https://allianceforcoffeeexcellence.org/costa-rica-2018/
3f6557f6d36b2162,Costa Rica,2018,COE,2B,3f6557f6d36b2162|COE|NA|2B,TRUE,59.9,NA,31693.69,NA,NA,https://allianceforcoffeeexcellence.org/costa-rica-2018/
3f6557f6d36b2162,Costa Rica,2018,COE,3A,3f6557f6d36b2162|COE|NA|3A,TRUE,30.1,NA,11944.58,NA,NA,https://allianceforcoffeeexcellence.org/costa-rica-2018/
3f6557f6d36b2162,Costa Rica,2018,COE,3B,3f6557f6d36b2162|COE|NA|3B,TRUE,30.1,NA,10949.18,NA,NA,https://allianceforcoffeeexcellence.org/costa-rica-2018/
3f6557f6d36b2162,Costa Rica,2018,COE,4A,3f6557f6d36b2162|COE|NA|4A,TRUE,70.2,NA,34822.01,NA,NA,https://allianceforcoffeeexcellence.org/costa-rica-2018/
3f6557f6d36b2162,Costa Rica,2018,COE,4B,3f6557f6d36b2162|COE|NA|4B,TRUE,70.29,NA,32542.16,NA,NA,https://allianceforcoffeeexcellence.org/costa-rica-2018/
3f6557f6d36b2162,Costa Rica,2018,COE,5A,3f6557f6d36b2162|COE|NA|5A,TRUE,20.2,NA,10688.02,NA,NA,https://allianceforcoffeeexcellence.org/costa-rica-2018/
3f6557f6d36b2162,Costa Rica,2018,COE,5B,3f6557f6d36b2162|COE|NA|5B,TRUE,22.1,NA,11693.33,NA,NA,https://allianceforcoffeeexcellence.org/costa-rica-2018/
3f6557f6d36b2162,Costa Rica,2018,COE,6A,3f6557f6d36b2162|COE|NA|6A,TRUE,26.7,NA,14127.24,NA,NA,https://allianceforcoffeeexcellence.org/costa-rica-2018/
3f6557f6d36b2162,Costa Rica,2018,COE,6B,3f6557f6d36b2162|COE|NA|6B,TRUE,26.8,NA,14180.15,NA,NA,https://allianceforcoffeeexcellence.org/costa-rica-2018/
3f6557f6d36b2162,Costa Rica,2018,COE,7,3f6557f6d36b2162|COE|NA|7,TRUE,28.42,NA,33834.01,NA,NA,https://allianceforcoffeeexcellence.org/costa-rica-2018/
3f6557f6d36b2162,Costa Rica,2018,COE,8,3f6557f6d36b2162|COE|NA|8,TRUE,18.2,NA,25278.16,NA,NA,https://allianceforcoffeeexcellence.org/costa-rica-2018/
3f6557f6d36b2162,Costa Rica,2018,COE,9,3f6557f6d36b2162|COE|NA|9,TRUE,10.11,NA,10698.6,NA,NA,https://allianceforcoffeeexcellence.org/costa-rica-2018/
3f6557f6d36b2162,Costa Rica,2018,COE,10,3f6557f6d36b2162|COE|NA|10,TRUE,13.2,NA,14841.55,NA,NA,https://allianceforcoffeeexcellence.org/costa-rica-2018/
3f6557f6d36b2162,Costa Rica,2018,COE,11,3f6557f6d36b2162|COE|NA|11,TRUE,20.2,NA,19372,NA,NA,https://allianceforcoffeeexcellence.org/costa-rica-2018/
3f6557f6d36b2162,Costa Rica,2018,COE,12,3f6557f6d36b2162|COE|NA|12,TRUE,12,NA,12698.64,NA,NA,https://allianceforcoffeeexcellence.org/costa-rica-2018/
3f6557f6d36b2162,Costa Rica,2018,COE,13,3f6557f6d36b2162|COE|NA|13,TRUE,11,NA,8002.83,NA,NA,https://allianceforcoffeeexcellence.org/costa-rica-2018/
3f6557f6d36b2162,Costa Rica,2018,COE,14,3f6557f6d36b2162|COE|NA|14,TRUE,9.7,NA,14755.54,NA,NA,https://allianceforcoffeeexcellence.org/costa-rica-2018/
3f6557f6d36b2162,Costa Rica,2018,COE,15,3f6557f6d36b2162|COE|NA|15,TRUE,15.1,NA,15979.12,NA,NA,https://allianceforcoffeeexcellence.org/costa-rica-2018/
3f6557f6d36b2162,Costa Rica,2018,COE,16,3f6557f6d36b2162|COE|NA|16,TRUE,16,NA,16931.52,NA,NA,https://allianceforcoffeeexcellence.org/costa-rica-2018/
3f6557f6d36b2162,Costa Rica,2018,COE,17,3f6557f6d36b2162|COE|NA|17,TRUE,8.9,NA,9418.16,NA,NA,https://allianceforcoffeeexcellence.org/costa-rica-2018/
3f6557f6d36b2162,Costa Rica,2018,COE,18,3f6557f6d36b2162|COE|NA|18,TRUE,17.9,NA,18942.14,NA,NA,https://allianceforcoffeeexcellence.org/costa-rica-2018/
3f6557f6d36b2162,Costa Rica,2018,COE,19,3f6557f6d36b2162|COE|NA|19,TRUE,13,NA,15046.59,NA,NA,https://allianceforcoffeeexcellence.org/costa-rica-2018/
3f6557f6d36b2162,Costa Rica,2018,COE,20,3f6557f6d36b2162|COE|NA|20,TRUE,10.5,NA,11111.31,NA,NA,https://allianceforcoffeeexcellence.org/costa-rica-2018/
3f6557f6d36b2162,Costa Rica,2018,COE,21,3f6557f6d36b2162|COE|NA|21,TRUE,8.5,NA,8994.87,NA,NA,https://allianceforcoffeeexcellence.org/costa-rica-2018/
3f6557f6d36b2162,Costa Rica,2018,COE,22,3f6557f6d36b2162|COE|NA|22,TRUE,8,NA,8465.76,NA,NA,https://allianceforcoffeeexcellence.org/costa-rica-2018/
3f6557f6d36b2162,Costa Rica,2018,COE,23,3f6557f6d36b2162|COE|NA|23,TRUE,9.01,NA,9534.56,NA,NA,https://allianceforcoffeeexcellence.org/costa-rica-2018/
3f6557f6d36b2162,Costa Rica,2018,COE,24,3f6557f6d36b2162|COE|NA|24,TRUE,13.1,NA,13862.68,NA,NA,https://allianceforcoffeeexcellence.org/costa-rica-2018/
3f6557f6d36b2162,Costa Rica,2018,COE,25,3f6557f6d36b2162|COE|NA|25,TRUE,8.1,NA,8571.58,NA,NA,https://allianceforcoffeeexcellence.org/costa-rica-2018/
3f6557f6d36b2162,Costa Rica,2018,COE,26,3f6557f6d36b2162|COE|NA|26,TRUE,22,NA,23280.84,NA,NA,https://allianceforcoffeeexcellence.org/costa-rica-2018/
3f6557f6d36b2162,Costa Rica,2018,COE,27,3f6557f6d36b2162|COE|NA|27,TRUE,11.3,NA,11957.89,NA,NA,https://allianceforcoffeeexcellence.org/costa-rica-2018/
3f6557f6d36b2162,Costa Rica,2018,COE,28,3f6557f6d36b2162|COE|NA|28,TRUE,11.2,NA,11852.06,NA,NA,https://allianceforcoffeeexcellence.org/costa-rica-2018/
3f6557f6d36b2162,Costa Rica,2018,COE,29,3f6557f6d36b2162|COE|NA|29,TRUE,9.61,NA,14618.64,NA,NA,https://allianceforcoffeeexcellence.org/costa-rica-2018/
3f6557f6d36b2162,Costa Rica,2018,COE,30,3f6557f6d36b2162|COE|NA|30,TRUE,7.9,NA,8621.19,NA,NA,https://allianceforcoffeeexcellence.org/costa-rica-2018/
3f6557f6d36b2162,Costa Rica,2018,COE,31,3f6557f6d36b2162|COE|NA|31,TRUE,8,NA,8465.76,NA,NA,https://allianceforcoffeeexcellence.org/costa-rica-2018/
3f6557f6d36b2162,Costa Rica,2018,COE,32,3f6557f6d36b2162|COE|NA|32,TRUE,8,NA,8465.76,NA,NA,https://allianceforcoffeeexcellence.org/costa-rica-2018/
3f6557f6d36b2162,Costa Rica,2018,COE,33,3f6557f6d36b2162|COE|NA|33,TRUE,9.2,NA,6997.43,NA,NA,https://allianceforcoffeeexcellence.org/costa-rica-2018/
3f6557f6d36b2162,Costa Rica,2018,COE,34,3f6557f6d36b2162|COE|NA|34,TRUE,10.5,NA,11111.31,NA,NA,https://allianceforcoffeeexcellence.org/costa-rica-2018/
3f6557f6d36b2162,Costa Rica,2018,COE,35,3f6557f6d36b2162|COE|NA|35,TRUE,13.4,NA,14180.15,NA,NA,https://allianceforcoffeeexcellence.org/costa-rica-2018/
3f6557f6d36b2162,Costa Rica,2018,COE,36,3f6557f6d36b2162|COE|NA|36,TRUE,16.1,NA,12245.5,NA,NA,https://allianceforcoffeeexcellence.org/costa-rica-2018/
ce40b6a6738bbb99,Costa Rica,2019,COE,1A,ce40b6a6738bbb99|COE|NA|1A,TRUE,65.3,429.91,28073.12,28073.123,1.0686379001020123e-7,https://allianceforcoffeeexcellence.org/costa-rica-2019/
ce40b6a6738bbb99,Costa Rica,2019,COE,1B,ce40b6a6738bbb99|COE|NA|1B,TRUE,64.1,429.91,27557.23,27557.231,3.628811749960816e-8,https://allianceforcoffeeexcellence.org/costa-rica-2019/
ce40b6a6738bbb99,Costa Rica,2019,COE,2A,ce40b6a6738bbb99|COE|NA|2A,TRUE,25.5,760.61,19395.56,19395.555,2.577909583955624e-7,https://allianceforcoffeeexcellence.org/costa-rica-2019/
ce40b6a6738bbb99,Costa Rica,2019,COE,2B,ce40b6a6738bbb99|COE|NA|2B,TRUE,25.6,760.61,19471.62,19471.616,2.0542718054157428e-7,https://allianceforcoffeeexcellence.org/costa-rica-2019/
ce40b6a6738bbb99,Costa Rica,2019,COE,3A,ce40b6a6738bbb99|COE|NA|3A,TRUE,30.1,562.19,16921.92,16921.919,5.909494883356901e-8,https://allianceforcoffeeexcellence.org/costa-rica-2019/
ce40b6a6738bbb99,Costa Rica,2019,COE,3B,ce40b6a6738bbb99|COE|NA|3B,TRUE,30,562.19,16865.7,16865.7,0,https://allianceforcoffeeexcellence.org/costa-rica-2019/
ce40b6a6738bbb99,Costa Rica,2019,COE,4,ce40b6a6738bbb99|COE|NA|4,TRUE,29.6,1058.24,31323.9,31323.904000000002,1.2769801974897464e-7,https://allianceforcoffeeexcellence.org/costa-rica-2019/
ce40b6a6738bbb99,Costa Rica,2019,COE,5,ce40b6a6738bbb99|COE|NA|5,TRUE,40.1,1058.24,42435.42,42435.424,9.426087925640673e-8,https://allianceforcoffeeexcellence.org/costa-rica-2019/
ce40b6a6738bbb99,Costa Rica,2019,COE,6,ce40b6a6738bbb99|COE|NA|6,TRUE,15.8,727.54,11495.13,11495.132,1.7398672310860806e-7,https://allianceforcoffeeexcellence.org/costa-rica-2019/
ce40b6a6738bbb99,Costa Rica,2019,COE,7,ce40b6a6738bbb99|COE|NA|7,TRUE,10.6,1124.38,11918.43,11918.428,1.6780733707438426e-7,https://allianceforcoffeeexcellence.org/costa-rica-2019/
ce40b6a6738bbb99,Costa Rica,2019,COE,8,ce40b6a6738bbb99|COE|NA|8,TRUE,33.1,959.03,31743.89,31743.893,9.450637589190173e-8,https://allianceforcoffeeexcellence.org/costa-rica-2019/
ce40b6a6738bbb99,Costa Rica,2019,COE,9,ce40b6a6738bbb99|COE|NA|9,TRUE,15.2,760.61,11561.27,11561.271999999999,1.7299137539288194e-7,https://allianceforcoffeeexcellence.org/costa-rica-2019/
ce40b6a6738bbb99,Costa Rica,2019,COE,10,ce40b6a6738bbb99|COE|NA|10,TRUE,16.1,1058.24,17037.66,17037.664,2.347740241802517e-7,https://allianceforcoffeeexcellence.org/costa-rica-2019/
ce40b6a6738bbb99,Costa Rica,2019,COE,11,ce40b6a6738bbb99|COE|NA|11,TRUE,12,1124.38,13492.56,13492.560000000001,1.3481425345122471e-16,https://allianceforcoffeeexcellence.org/costa-rica-2019/
ce40b6a6738bbb99,Costa Rica,2019,COE,12,ce40b6a6738bbb99|COE|NA|12,TRUE,14,1091.31,15278.34,15278.34,0,https://allianceforcoffeeexcellence.org/costa-rica-2019/
ce40b6a6738bbb99,Costa Rica,2019,COE,13,ce40b6a6738bbb99|COE|NA|13,TRUE,11.9,1091.31,12986.59,12986.589,7.700250798737211e-8,https://allianceforcoffeeexcellence.org/costa-rica-2019/
ce40b6a6738bbb99,Costa Rica,2019,COE,14,ce40b6a6738bbb99|COE|NA|14,TRUE,11.6,1058.24,12275.58,12275.583999999999,3.2585018377917115e-7,https://allianceforcoffeeexcellence.org/costa-rica-2019/
ce40b6a6738bbb99,Costa Rica,2019,COE,15,ce40b6a6738bbb99|COE|NA|15,TRUE,12,925.96,11111.52,11111.52,0,https://allianceforcoffeeexcellence.org/costa-rica-2019/
ce40b6a6738bbb99,Costa Rica,2019,COE,16,ce40b6a6738bbb99|COE|NA|16,TRUE,11.9,992.1,11805.99,11805.99,0,https://allianceforcoffeeexcellence.org/costa-rica-2019/
ce40b6a6738bbb99,Costa Rica,2019,COE,17,ce40b6a6738bbb99|COE|NA|17,TRUE,12.1,1058.24,12804.7,12804.704,3.12385295945701e-7,https://allianceforcoffeeexcellence.org/costa-rica-2019/
ce40b6a6738bbb99,Costa Rica,2019,COE,18,ce40b6a6738bbb99|COE|NA|18,TRUE,12.9,760.61,9811.87,9811.869,1.019173715309851e-7,https://allianceforcoffeeexcellence.org/costa-rica-2019/
ce40b6a6738bbb99,Costa Rica,2019,COE,19,ce40b6a6738bbb99|COE|NA|19,TRUE,9,1157.45,10417.05,10417.050000000001,1.746165568511101e-16,https://allianceforcoffeeexcellence.org/costa-rica-2019/
ce40b6a6738bbb99,Costa Rica,2019,COE,20,ce40b6a6738bbb99|COE|NA|20,TRUE,10.1,1058.24,10688.22,10688.224,3.7424379371073083e-7,https://allianceforcoffeeexcellence.org/costa-rica-2019/
ce40b6a6738bbb99,Costa Rica,2019,COE,21,ce40b6a6738bbb99|COE|NA|21,TRUE,8.3,1124.38,9332.35,9332.354000000001,4.286165864776725e-7,https://allianceforcoffeeexcellence.org/costa-rica-2019/
ce40b6a6738bbb99,Costa Rica,2019,COE,22,ce40b6a6738bbb99|COE|NA|22,TRUE,9,959.03,8631.27,8631.27,0,https://allianceforcoffeeexcellence.org/costa-rica-2019/
ce40b6a6738bbb99,Costa Rica,2019,COE,23,ce40b6a6738bbb99|COE|NA|23,TRUE,9,992.1,8928.9,8928.9,0,https://allianceforcoffeeexcellence.org/costa-rica-2019/
ce40b6a6738bbb99,Costa Rica,2019,COE,24,ce40b6a6738bbb99|COE|NA|24,TRUE,10.2,2314.9,23611.98,23611.98,0,https://allianceforcoffeeexcellence.org/costa-rica-2019/
ce40b6a6738bbb99,Costa Rica,2019,COE,25,ce40b6a6738bbb99|COE|NA|25,TRUE,12.3,1058.24,13016.35,13016.352,1.5365290579981743e-7,https://allianceforcoffeeexcellence.org/costa-rica-2019/
ce40b6a6738bbb99,Costa Rica,2019,COE,26,ce40b6a6738bbb99|COE|NA|26,TRUE,10.9,760.61,8290.65,8290.649000000001,1.2061780419927719e-7,https://allianceforcoffeeexcellence.org/costa-rica-2019/
ce40b6a6738bbb99,Costa Rica,2019,COE,27,ce40b6a6738bbb99|COE|NA|27,TRUE,11.6,1025.17,11891.97,11891.972,1.6818071357457626e-7,https://allianceforcoffeeexcellence.org/costa-rica-2019/
ce40b6a6738bbb99,Costa Rica,2019,COE,28,ce40b6a6738bbb99|COE|NA|28,TRUE,11.2,1058.24,11852.29,11852.287999999999,1.6874376194190683e-7,https://allianceforcoffeeexcellence.org/costa-rica-2019/
3323c637ef5cd812,Costa Rica,2020,COE,1A,3323c637ef5cd812|COE|NA|1A,TRUE,66.9,396.83,26547.93,26547.927,1.130031607214265e-7,https://allianceforcoffeeexcellence.org/costa-rica-2020/
3323c637ef5cd812,Costa Rica,2020,COE,1B,3323c637ef5cd812|COE|NA|1B,TRUE,70.1,396.83,27817.78,27817.782999999996,1.0784469490279964e-7,https://allianceforcoffeeexcellence.org/costa-rica-2020/
3323c637ef5cd812,Costa Rica,2020,COE,2A,3323c637ef5cd812|COE|NA|2A,TRUE,45.2,462.97,20926.24,20926.244000000002,1.9114757361164294e-7,https://allianceforcoffeeexcellence.org/costa-rica-2020/
3323c637ef5cd812,Costa Rica,2020,COE,2B,3323c637ef5cd812|COE|NA|2B,TRUE,45.2,462.97,20926.24,20926.244000000002,1.9114757361164294e-7,https://allianceforcoffeeexcellence.org/costa-rica-2020/
3323c637ef5cd812,Costa Rica,2020,COE,3,3323c637ef5cd812|COE|NA|3,TRUE,35.2,1058.21,37248.99,37248.992000000006,5.369273120381012e-8,https://allianceforcoffeeexcellence.org/costa-rica-2020/
3323c637ef5cd812,Costa Rica,2020,COE,4,3323c637ef5cd812|COE|NA|4,TRUE,32,793.66,25397.1,25397.12,7.87491485265505e-7,https://allianceforcoffeeexcellence.org/costa-rica-2020/
3323c637ef5cd812,Costa Rica,2020,COE,5,3323c637ef5cd812|COE|NA|5,TRUE,25.1,925.93,23240.84,23240.843,1.2908311406176285e-7,https://allianceforcoffeeexcellence.org/costa-rica-2020/
3323c637ef5cd812,Costa Rica,2020,COE,6,3323c637ef5cd812|COE|NA|6,TRUE,22.1,992.07,21924.75,21924.747000000003,1.368316627087288e-7,https://allianceforcoffeeexcellence.org/costa-rica-2020/
3323c637ef5cd812,Costa Rica,2020,COE,7,3323c637ef5cd812|COE|NA|7,TRUE,19.1,925.93,17685.26,17685.263,1.6963279027909008e-7,https://allianceforcoffeeexcellence.org/costa-rica-2020/
3323c637ef5cd812,Costa Rica,2020,COE,8,3323c637ef5cd812|COE|NA|8,TRUE,16.1,1388.9,22361.29,22361.290000000005,1.6269091841712677e-16,https://allianceforcoffeeexcellence.org/costa-rica-2020/
3323c637ef5cd812,Costa Rica,2020,COE,9,3323c637ef5cd812|COE|NA|9,TRUE,20.11,661.38,13300.35,13300.3518,1.3533478442318512e-7,https://allianceforcoffeeexcellence.org/costa-rica-2020/
3323c637ef5cd812,Costa Rica,2020,COE,10,3323c637ef5cd812|COE|NA|10,TRUE,16.2,1190.48,19285.78,19285.775999999998,2.0740670073053346e-7,https://allianceforcoffeeexcellence.org/costa-rica-2020/
3323c637ef5cd812,Costa Rica,2020,COE,11,3323c637ef5cd812|COE|NA|11,TRUE,15,1058.21,15873.15,15873.150000000001,1.1459536409256238e-16,https://allianceforcoffeeexcellence.org/costa-rica-2020/
3323c637ef5cd812,Costa Rica,2020,COE,12,3323c637ef5cd812|COE|NA|12,TRUE,25.6,793.66,20317.7,20317.696,1.9687267755774063e-7,https://allianceforcoffeeexcellence.org/costa-rica-2020/
3323c637ef5cd812,Costa Rica,2020,COE,13,3323c637ef5cd812|COE|NA|13,TRUE,19.9,760.59,15135.74,15135.741,6.606878819296095e-8,https://allianceforcoffeeexcellence.org/costa-rica-2020/
3323c637ef5cd812,Costa Rica,2020,COE,14,3323c637ef5cd812|COE|NA|14,TRUE,19.2,793.66,15238.27,15238.271999999999,1.3124849465119494e-7,https://allianceforcoffeeexcellence.org/costa-rica-2020/
3323c637ef5cd812,Costa Rica,2020,COE,15,3323c637ef5cd812|COE|NA|15,TRUE,17.1,925.93,15833.4,15833.403,1.8947288646855258e-7,https://allianceforcoffeeexcellence.org/costa-rica-2020/
3323c637ef5cd812,Costa Rica,2020,COE,16,3323c637ef5cd812|COE|NA|16,TRUE,15.1,1058.21,15978.97,15978.971,6.258225656620714e-8,https://allianceforcoffeeexcellence.org/costa-rica-2020/
3323c637ef5cd812,Costa Rica,2020,COE,17,3323c637ef5cd812|COE|NA|17,TRUE,15.2,1058.21,16084.79,16084.792,1.2434106995419053e-7,https://allianceforcoffeeexcellence.org/costa-rica-2020/
3323c637ef5cd812,Costa Rica,2020,COE,18,3323c637ef5cd812|COE|NA|18,TRUE,17,1058.21,17989.57,17989.57,0,https://allianceforcoffeeexcellence.org/costa-rica-2020/
3323c637ef5cd812,Costa Rica,2020,COE,19,3323c637ef5cd812|COE|NA|19,TRUE,15.1,1058.21,15978.97,15978.971,6.258225656620714e-8,https://allianceforcoffeeexcellence.org/costa-rica-2020/
3323c637ef5cd812,Costa Rica,2020,COE,20,3323c637ef5cd812|COE|NA|20,TRUE,14.1,1058.21,14920.76,14920.761,6.702071477617271e-8,https://allianceforcoffeeexcellence.org/costa-rica-2020/
3323c637ef5cd812,Costa Rica,2020,COE,21,3323c637ef5cd812|COE|NA|21,TRUE,15.2,1058.21,16084.79,16084.792,1.2434106995419053e-7,https://allianceforcoffeeexcellence.org/costa-rica-2020/
3323c637ef5cd812,Costa Rica,2020,COE,22,3323c637ef5cd812|COE|NA|22,TRUE,26.2,859.79,22526.5,22526.498,8.878432070705407e-8,https://allianceforcoffeeexcellence.org/costa-rica-2020/
3323c637ef5cd812,Costa Rica,2020,COE,23,3323c637ef5cd812|COE|NA|23,TRUE,18,793.66,14285.88,14285.88,0,https://allianceforcoffeeexcellence.org/costa-rica-2020/
3323c637ef5cd812,Costa Rica,2020,COE,24,3323c637ef5cd812|COE|NA|24,TRUE,20.1,793.66,15952.57,15952.566,2.507432970985815e-7,https://allianceforcoffeeexcellence.org/costa-rica-2020/
3323c637ef5cd812,Costa Rica,2020,COE,25,3323c637ef5cd812|COE|NA|25,TRUE,14.6,1256.62,18346.65,18346.652,1.0901172676044262e-7,https://allianceforcoffeeexcellence.org/costa-rica-2020/
3323c637ef5cd812,Costa Rica,2020,COE,26,3323c637ef5cd812|COE|NA|26,TRUE,15.2,793.66,12063.63,12063.632,1.6578757806791603e-7,https://allianceforcoffeeexcellence.org/costa-rica-2020/
33788018ae7fb5b7,Costa Rica,2021,COE,1A,33788018ae7fb5b7|COE|NA|1A,TRUE,70.4,529.11,37249.34,37249.344000000005,1.0738445320348939e-7,https://allianceforcoffeeexcellence.org/costa-rica-2021/
33788018ae7fb5b7,Costa Rica,2021,COE,1B,33788018ae7fb5b7|COE|NA|1B,TRUE,70.5,529.11,37302.26,37302.255,1.340401360308092e-7,https://allianceforcoffeeexcellence.org/costa-rica-2021/
33788018ae7fb5b7,Costa Rica,2021,COE,2A,33788018ae7fb5b7|COE|NA|2A,TRUE,66.8,330.69,22090.09,22090.092,9.053833643989018e-8,https://allianceforcoffeeexcellence.org/costa-rica-2021/
33788018ae7fb5b7,Costa Rica,2021,COE,2B,33788018ae7fb5b7|COE|NA|2B,TRUE,66.3,330.69,21924.75,21924.747,1.3683166287465901e-7,https://allianceforcoffeeexcellence.org/costa-rica-2021/
33788018ae7fb5b7,Costa Rica,2021,COE,3A,33788018ae7fb5b7|COE|NA|3A,TRUE,71.6,396.83,28413.03,28413.027999999995,7.039024011326607e-8,https://allianceforcoffeeexcellence.org/costa-rica-2021/
33788018ae7fb5b7,Costa Rica,2021,COE,3B,33788018ae7fb5b7|COE|NA|3B,TRUE,71.2,396.83,28254.3,28254.296,1.4157137146610986e-7,https://allianceforcoffeeexcellence.org/costa-rica-2021/
33788018ae7fb5b7,Costa Rica,2021,COE,4,33788018ae7fb5b7|COE|NA|4,TRUE,32.1,1058.22,33968.86,33968.862,5.8877454245077804e-8,https://allianceforcoffeeexcellence.org/costa-rica-2021/
33788018ae7fb5b7,Costa Rica,2021,COE,5,33788018ae7fb5b7|COE|NA|5,TRUE,28.5,1058.22,30159.27,30159.27,0,https://allianceforcoffeeexcellence.org/costa-rica-2021/
33788018ae7fb5b7,Costa Rica,2021,COE,6,33788018ae7fb5b7|COE|NA|6,TRUE,18.4,1388.91,25555.94,25555.944,1.5651938456636333e-7,https://allianceforcoffeeexcellence.org/costa-rica-2021/
33788018ae7fb5b7,Costa Rica,2021,COE,7,33788018ae7fb5b7|COE|NA|7,TRUE,46,1388.91,63889.86,63889.86,0,https://allianceforcoffeeexcellence.org/costa-rica-2021/
33788018ae7fb5b7,Costa Rica,2021,COE,8,33788018ae7fb5b7|COE|NA|8,TRUE,34.2,727.52,24881.18,24881.184,1.6076407954988097e-7,https://allianceforcoffeeexcellence.org/costa-rica-2021/
33788018ae7fb5b7,Costa Rica,2021,COE,9,33788018ae7fb5b7|COE|NA|9,TRUE,29.2,1388.91,40556.17,40556.172,4.9314321357451994e-8,https://allianceforcoffeeexcellence.org/costa-rica-2021/
33788018ae7fb5b7,Costa Rica,2021,COE,10,33788018ae7fb5b7|COE|NA|10,TRUE,20.3,992.08,20139.22,20139.224000000002,1.9861742415122864e-7,https://allianceforcoffeeexcellence.org/costa-rica-2021/
33788018ae7fb5b7,Costa Rica,2021,COE,11,33788018ae7fb5b7|COE|NA|11,TRUE,19.5,727.52,14186.64,14186.64,0,https://allianceforcoffeeexcellence.org/costa-rica-2021/
33788018ae7fb5b7,Costa Rica,2021,COE,12,33788018ae7fb5b7|COE|NA|12,TRUE,19,1190.49,22619.31,22619.31,0,https://allianceforcoffeeexcellence.org/costa-rica-2021/
33788018ae7fb5b7,Costa Rica,2021,COE,13,33788018ae7fb5b7|COE|NA|13,TRUE,22.1,529.11,11693.33,11693.331000000002,8.551883869032314e-8,https://allianceforcoffeeexcellence.org/costa-rica-2021/
33788018ae7fb5b7,Costa Rica,2021,COE,14,33788018ae7fb5b7|COE|NA|14,TRUE,21.1,859.8,18141.78,18141.78,0,https://allianceforcoffeeexcellence.org/costa-rica-2021/
33788018ae7fb5b7,Costa Rica,2021,COE,15,33788018ae7fb5b7|COE|NA|15,TRUE,20,1058.22,21164.4,21164.4,0,https://allianceforcoffeeexcellence.org/costa-rica-2021/
33788018ae7fb5b7,Costa Rica,2021,COE,16,33788018ae7fb5b7|COE|NA|16,TRUE,30.1,661.39,19907.84,19907.839,5.023146660831747e-8,https://allianceforcoffeeexcellence.org/costa-rica-2021/
33788018ae7fb5b7,Costa Rica,2021,COE,17,33788018ae7fb5b7|COE|NA|17,TRUE,18.7,793.66,14841.44,14841.442,1.3475781316290495e-7,https://allianceforcoffeeexcellence.org/costa-rica-2021/
33788018ae7fb5b7,Costa Rica,2021,COE,18,33788018ae7fb5b7|COE|NA|18,TRUE,18.7,925.94,17315.08,17315.078,1.155062523769716e-7,https://allianceforcoffeeexcellence.org/costa-rica-2021/
33788018ae7fb5b7,Costa Rica,2021,COE,19,33788018ae7fb5b7|COE|NA|19,TRUE,18.3,1058.22,19365.43,19365.426,2.065536371159797e-7,https://allianceforcoffeeexcellence.org/costa-rica-2021/
33788018ae7fb5b7,Costa Rica,2021,COE,20,33788018ae7fb5b7|COE|NA|20,TRUE,18.5,1058.22,19577.07,19577.07,0,https://allianceforcoffeeexcellence.org/costa-rica-2021/
33788018ae7fb5b7,Costa Rica,2021,COE,21,33788018ae7fb5b7|COE|NA|21,TRUE,18.2,1058.22,19259.6,19259.604,2.0768863324341667e-7,https://allianceforcoffeeexcellence.org/costa-rica-2021/
33788018ae7fb5b7,Costa Rica,2021,COE,22,33788018ae7fb5b7|COE|NA|22,TRUE,19.1,925.94,17685.45,17685.454,2.261746238187271e-7,https://allianceforcoffeeexcellence.org/costa-rica-2021/
33788018ae7fb5b7,Costa Rica,2021,COE,23,33788018ae7fb5b7|COE|NA|23,TRUE,23.7,1058.22,25079.81,25079.814,1.5949084132523046e-7,https://allianceforcoffeeexcellence.org/costa-rica-2021/
33788018ae7fb5b7,Costa Rica,2021,COE,24,33788018ae7fb5b7|COE|NA|24,TRUE,26.3,793.66,20873.26,20873.257999999998,9.581636986304266e-8,https://allianceforcoffeeexcellence.org/costa-rica-2021/
33788018ae7fb5b7,Costa Rica,2021,COE,25,33788018ae7fb5b7|COE|NA|25,TRUE,19.2,1058.22,20317.82,20317.824,1.9687151479907328e-7,https://allianceforcoffeeexcellence.org/costa-rica-2021/
33788018ae7fb5b7,Costa Rica,2021,COE,26,33788018ae7fb5b7|COE|NA|26,TRUE,29.4,925.94,27222.64,27222.636,1.4693652051435524e-7,https://allianceforcoffeeexcellence.org/costa-rica-2021/
33788018ae7fb5b7,Costa Rica,2021,COE,27,33788018ae7fb5b7|COE|NA|27,TRUE,21.1,727.52,15350.67,15350.672,1.3028747282089015e-7,https://allianceforcoffeeexcellence.org/costa-rica-2021/
33788018ae7fb5b7,Costa Rica,2021,COE,28,33788018ae7fb5b7|COE|NA|28,TRUE,18.5,727.52,13459.12,13459.119999999999,1.3514920764105354e-16,https://allianceforcoffeeexcellence.org/costa-rica-2021/
33788018ae7fb5b7,Costa Rica,2021,COE,29,33788018ae7fb5b7|COE|NA|29,TRUE,18.1,859.8,15562.38,15562.380000000001,1.1688375451221834e-16,https://allianceforcoffeeexcellence.org/costa-rica-2021/
33788018ae7fb5b7,Costa Rica,2021,COE,30,33788018ae7fb5b7|COE|NA|30,TRUE,18,1058.22,19047.96,19047.96,0,https://allianceforcoffeeexcellence.org/costa-rica-2021/
deeed450e36aab5d,Costa Rica,2022,COE,1A,deeed450e36aab5d|COE|NA|1A,TRUE,138.6,330.69,45833.63,45833.634,8.727216240160134e-8,https://allianceforcoffeeexcellence.org/costa-rica-2022/
deeed450e36aab5d,Costa Rica,2022,COE,1B,deeed450e36aab5d|COE|NA|1B,TRUE,140.1,297.62,41696.56,41696.562,4.796558757862648e-8,https://allianceforcoffeeexcellence.org/costa-rica-2022/
deeed450e36aab5d,Costa Rica,2022,COE,2A,deeed450e36aab5d|COE|NA|2A,TRUE,61.5,661.39,40675.49,40675.485,1.2292414909766682e-7,https://allianceforcoffeeexcellence.org/costa-rica-2022/
deeed450e36aab5d,Costa Rica,2022,COE,2B,deeed450e36aab5d|COE|NA|2B,TRUE,61.1,628.32,38390.35,38390.352000000006,5.209642547367792e-8,https://allianceforcoffeeexcellence.org/costa-rica-2022/
deeed450e36aab5d,Costa Rica,2022,COE,3A,deeed450e36aab5d|COE|NA|3A,TRUE,43.2,529.11,22857.55,22857.552000000003,8.749844161099648e-8,https://allianceforcoffeeexcellence.org/costa-rica-2022/
deeed450e36aab5d,Costa Rica,2022,COE,3B,deeed450e36aab5d|COE|NA|3B,TRUE,43,529.11,22751.73,22751.73,0,https://allianceforcoffeeexcellence.org/costa-rica-2022/
deeed450e36aab5d,Costa Rica,2022,COE,4,deeed450e36aab5d|COE|NA|4,TRUE,66,760.6,50199.6,50199.6,0,https://allianceforcoffeeexcellence.org/costa-rica-2022/
deeed450e36aab5d,Costa Rica,2022,COE,5,deeed450e36aab5d|COE|NA|5,TRUE,61.5,760.6,46776.9,46776.9,0,https://allianceforcoffeeexcellence.org/costa-rica-2022/
deeed450e36aab5d,Costa Rica,2022,COE,6,deeed450e36aab5d|COE|NA|6,TRUE,85.5,462.97,39583.94,39583.935000000005,1.2631385348150424e-7,https://allianceforcoffeeexcellence.org/costa-rica-2022/
deeed450e36aab5d,Costa Rica,2022,COE,7,deeed450e36aab5d|COE|NA|7,TRUE,22.7,925.94,21018.84,21018.838,9.515272966574053e-8,https://allianceforcoffeeexcellence.org/costa-rica-2022/
deeed450e36aab5d,Costa Rica,2022,COE,8,deeed450e36aab5d|COE|NA|8,TRUE,40.1,925.94,37130.19,37130.194,1.0772904746285723e-7,https://allianceforcoffeeexcellence.org/costa-rica-2022/
deeed450e36aab5d,Costa Rica,2022,COE,9,deeed450e36aab5d|COE|NA|9,TRUE,22,1091.29,24008.38,24008.379999999997,1.5152954123067498e-16,https://allianceforcoffeeexcellence.org/costa-rica-2022/
deeed450e36aab5d,Costa Rica,2022,COE,10,deeed450e36aab5d|COE|NA|10,TRUE,20,1058.22,21164.4,21164.4,0,https://allianceforcoffeeexcellence.org/costa-rica-2022/
deeed450e36aab5d,Costa Rica,2022,COE,11,deeed450e36aab5d|COE|NA|11,TRUE,17.5,760.6,13310.5,13310.5,0,https://allianceforcoffeeexcellence.org/costa-rica-2022/
deeed450e36aab5d,Costa Rica,2022,COE,12,deeed450e36aab5d|COE|NA|12,TRUE,20.2,727.53,14696.11,14696.106,2.72180869686938e-7,https://allianceforcoffeeexcellence.org/costa-rica-2022/
deeed450e36aab5d,Costa Rica,2022,COE,13,deeed450e36aab5d|COE|NA|13,TRUE,17.5,1058.22,18518.85,18518.850000000002,1.9644733917558127e-16,https://allianceforcoffeeexcellence.org/costa-rica-2022/
deeed450e36aab5d,Costa Rica,2022,COE,14,deeed450e36aab5d|COE|NA|14,TRUE,40.1,760.6,30500.06,30500.06,0,https://allianceforcoffeeexcellence.org/costa-rica-2022/
deeed450e36aab5d,Costa Rica,2022,COE,15,deeed450e36aab5d|COE|NA|15,TRUE,17.2,1058.22,18201.38,18201.384,2.1976355623457827e-7,https://allianceforcoffeeexcellence.org/costa-rica-2022/
deeed450e36aab5d,Costa Rica,2022,COE,16,deeed450e36aab5d|COE|NA|16,TRUE,30.1,992.08,29861.61,29861.608000000004,6.697562511765021e-8,https://allianceforcoffeeexcellence.org/costa-rica-2022/
deeed450e36aab5d,Costa Rica,2022,COE,17,deeed450e36aab5d|COE|NA|17,TRUE,16,1058.22,16931.52,16931.52,0,https://allianceforcoffeeexcellence.org/costa-rica-2022/
deeed450e36aab5d,Costa Rica,2022,COE,18,deeed450e36aab5d|COE|NA|18,TRUE,23,727.53,16733.19,16733.19,0,https://allianceforcoffeeexcellence.org/costa-rica-2022/
deeed450e36aab5d,Costa Rica,2022,COE,19,deeed450e36aab5d|COE|NA|19,TRUE,16,760.6,12169.6,12169.6,0,https://allianceforcoffeeexcellence.org/costa-rica-2022/
deeed450e36aab5d,Costa Rica,2022,COE,20,deeed450e36aab5d|COE|NA|20,TRUE,15.9,1190.5,18928.95,18928.95,0,https://allianceforcoffeeexcellence.org/costa-rica-2022/
deeed450e36aab5d,Costa Rica,2022,COE,21,deeed450e36aab5d|COE|NA|21,TRUE,16.1,1058.22,17037.34,17037.342,1.1738921688523289e-07,https://allianceforcoffeeexcellence.org/costa-rica-2022/
deeed450e36aab5d,Costa Rica,2022,COE,22,deeed450e36aab5d|COE|NA|22,TRUE,16.6,959.01,15919.57,15919.566,2.512630679720569e-7,https://allianceforcoffeeexcellence.org/costa-rica-2022/
b049d78ce4ab573e,Costa Rica,2023,COE,1A,b049d78ce4ab573e|COE|NA|1A,TRUE,60.5,462.97,28009.69,28009.685,1.78509651387811e-7,https://allianceforcoffeeexcellence.org/costa-rica-2023/
b049d78ce4ab573e,Costa Rica,2023,COE,1B,b049d78ce4ab573e|COE|NA|1B,TRUE,60.6,462.97,28055.98,28055.982000000004,7.128605039087683e-8,https://allianceforcoffeeexcellence.org/costa-rica-2023/
b049d78ce4ab573e,Costa Rica,2023,COE,2A,b049d78ce4ab573e|COE|NA|2A,TRUE,23.6,330.69,7804.28,7804.284000000001,5.125392734262363e-7,https://allianceforcoffeeexcellence.org/costa-rica-2023/
b049d78ce4ab573e,Costa Rica,2023,COE,2B,b049d78ce4ab573e|COE|NA|2B,TRUE,24.7,264.55,6534.39,6534.385,7.651823659299704e-7,https://allianceforcoffeeexcellence.org/costa-rica-2023/
b049d78ce4ab573e,Costa Rica,2023,COE,3A,b049d78ce4ab573e|COE|NA|3A,TRUE,30,330.69,9920.7,9920.7,0,https://allianceforcoffeeexcellence.org/costa-rica-2023/
b049d78ce4ab573e,Costa Rica,2023,COE,3B,b049d78ce4ab573e|COE|NA|3B,TRUE,30,330.69,9920.7,9920.7,0,https://allianceforcoffeeexcellence.org/costa-rica-2023/
b049d78ce4ab573e,Costa Rica,2023,COE,4,b049d78ce4ab573e|COE|NA|4,TRUE,20,628.32,12566.4,12566.400000000001,1.4475023901402602e-16,https://allianceforcoffeeexcellence.org/costa-rica-2023/
b049d78ce4ab573e,Costa Rica,2023,COE,5,b049d78ce4ab573e|COE|NA|5,TRUE,12,1058.22,12698.64,12698.64,0,https://allianceforcoffeeexcellence.org/costa-rica-2023/
b049d78ce4ab573e,Costa Rica,2023,COE,6,b049d78ce4ab573e|COE|NA|6,TRUE,26,760.59,19775.34,19775.34,0,https://allianceforcoffeeexcellence.org/costa-rica-2023/
b049d78ce4ab573e,Costa Rica,2023,COE,7,b049d78ce4ab573e|COE|NA|7,TRUE,38.7,793.66,30714.64,30714.642,6.511552798298967e-8,https://allianceforcoffeeexcellence.org/costa-rica-2023/
b049d78ce4ab573e,Costa Rica,2023,COE,8,b049d78ce4ab573e|COE|NA|8,TRUE,17.1,760.59,13006.09,13006.089000000002,7.68870581692682e-8,https://allianceforcoffeeexcellence.org/costa-rica-2023/
b049d78ce4ab573e,Costa Rica,2023,COE,9,b049d78ce4ab573e|COE|NA|9,TRUE,16,793.66,12698.56,12698.56,0,https://allianceforcoffeeexcellence.org/costa-rica-2023/
b049d78ce4ab573e,Costa Rica,2023,COE,10,b049d78ce4ab573e|COE|NA|10,TRUE,16,760.59,12169.44,12169.44,0,https://allianceforcoffeeexcellence.org/costa-rica-2023/
b049d78ce4ab573e,Costa Rica,2023,COE,11,b049d78ce4ab573e|COE|NA|11,TRUE,13.6,959.01,13042.54,13042.536,3.0668872787163443e-7,https://allianceforcoffeeexcellence.org/costa-rica-2023/
b049d78ce4ab573e,Costa Rica,2023,COE,12,b049d78ce4ab573e|COE|NA|12,TRUE,15.1,760.59,11484.91,11484.909,8.707077375475531e-8,https://allianceforcoffeeexcellence.org/costa-rica-2023/
b049d78ce4ab573e,Costa Rica,2023,COE,13,b049d78ce4ab573e|COE|NA|13,TRUE,18.1,760.59,13766.68,13766.679000000002,7.263915471157443e-8,https://allianceforcoffeeexcellence.org/costa-rica-2023/
b049d78ce4ab573e,Costa Rica,2023,COE,14,b049d78ce4ab573e|COE|NA|14,TRUE,9.8,1058.22,10370.56,10370.556,3.8570723268520873e-7,https://allianceforcoffeeexcellence.org/costa-rica-2023/
b049d78ce4ab573e,Costa Rica,2023,COE,15,b049d78ce4ab573e|COE|NA|15,TRUE,13.4,595.25,7976.35,7976.35,0,https://allianceforcoffeeexcellence.org/costa-rica-2023/
b049d78ce4ab573e,Costa Rica,2023,COE,16,b049d78ce4ab573e|COE|NA|16,TRUE,13.5,628.32,8482.32,8482.320000000002,2.144447985392978e-16,https://allianceforcoffeeexcellence.org/costa-rica-2023/
b049d78ce4ab573e,Costa Rica,2023,COE,17,b049d78ce4ab573e|COE|NA|17,TRUE,12,760.59,9127.08,9127.08,0,https://allianceforcoffeeexcellence.org/costa-rica-2023/
b049d78ce4ab573e,Costa Rica,2023,COE,18,b049d78ce4ab573e|COE|NA|18,TRUE,15.3,760.59,11637.03,11637.027000000002,2.57797736947674e-7,https://allianceforcoffeeexcellence.org/costa-rica-2023/
b049d78ce4ab573e,Costa Rica,2023,COE,19,b049d78ce4ab573e|COE|NA|19,TRUE,16.5,595.25,9821.63,9821.625,5.090804682318153e-7,https://allianceforcoffeeexcellence.org/costa-rica-2023/
b049d78ce4ab573e,Costa Rica,2023,COE,20,b049d78ce4ab573e|COE|NA|20,TRUE,9.1,727.52,6620.43,6620.432,3.020951810528861e-7,https://allianceforcoffeeexcellence.org/costa-rica-2023/
b049d78ce4ab573e,Costa Rica,2023,COE,21,b049d78ce4ab573e|COE|NA|21,TRUE,10.4,595.25,6190.6,6190.6,0,https://allianceforcoffeeexcellence.org/costa-rica-2023/
b049d78ce4ab573e,Costa Rica,2023,COE,22,b049d78ce4ab573e|COE|NA|22,TRUE,10.3,628.32,6471.7,6471.696000000001,6.180756213971473e-7,https://allianceforcoffeeexcellence.org/costa-rica-2023/
b049d78ce4ab573e,Costa Rica,2023,COE,23,b049d78ce4ab573e|COE|NA|23,TRUE,11.9,595.25,7083.48,7083.475,7.058677372138617e-7,https://allianceforcoffeeexcellence.org/costa-rica-2023/
b049d78ce4ab573e,Costa Rica,2023,COE,24,b049d78ce4ab573e|COE|NA|24,TRUE,11.4,760.59,8670.73,8670.726,4.613221722964408e-7,https://allianceforcoffeeexcellence.org/costa-rica-2023/
b049d78ce4ab573e,Costa Rica,2023,COE,25,b049d78ce4ab573e|COE|NA|25,TRUE,10.2,1058.22,10793.84,10793.844,3.7058173912119483e-7,https://allianceforcoffeeexcellence.org/costa-rica-2023/
b049d78ce4ab573e,Costa Rica,2023,COE,26,b049d78ce4ab573e|COE|NA|26,TRUE,10.1,760.59,7681.96,7681.959,1.3017511158659077e-7,https://allianceforcoffeeexcellence.org/costa-rica-2023/
b049d78ce4ab573e,Costa Rica,2023,COE,27,b049d78ce4ab573e|COE|NA|27,TRUE,16.4,529.11,8677.4,8677.403999999999,4.6096757081567267e-7,https://allianceforcoffeeexcellence.org/costa-rica-2023/
b049d78ce4ab573e,Costa Rica,2023,COE,28,b049d78ce4ab573e|COE|NA|28,TRUE,10.1,760.59,7681.96,7681.959,1.3017511158659077e-7,https://allianceforcoffeeexcellence.org/costa-rica-2023/
b049d78ce4ab573e,Costa Rica,2023,COE,29,b049d78ce4ab573e|COE|NA|29,TRUE,10,925.94,9259.4,9259.400000000001,1.9644786957533496e-16,https://allianceforcoffeeexcellence.org/costa-rica-2023/
b049d78ce4ab573e,Costa Rica,2023,COE,30,b049d78ce4ab573e|COE|NA|30,TRUE,9.1,595.25,5416.78,5416.775,9.230576098916957e-7,https://allianceforcoffeeexcellence.org/costa-rica-2023/
183f05090c9a1140,Costa Rica,2024,COE,1A,183f05090c9a1140|COE|Traditional Washed Processes|1A,TRUE,83,330.69,27447.27,27447.27,0,https://allianceforcoffeeexcellence.org/costa-rica-2024/
183f05090c9a1140,Costa Rica,2024,COE,1B,183f05090c9a1140|COE|Traditional Washed Processes|1B,TRUE,84,330.69,27777.96,27777.96,0,https://allianceforcoffeeexcellence.org/costa-rica-2024/
183f05090c9a1140,Costa Rica,2024,COE,2,183f05090c9a1140|COE|Traditional Washed Processes|2,TRUE,20.7,1223.56,25327.69,25327.692,7.896495892074854e-8,https://allianceforcoffeeexcellence.org/costa-rica-2024/
183f05090c9a1140,Costa Rica,2024,COE,3,183f05090c9a1140|COE|Traditional Washed Processes|3,TRUE,18.3,793.66,14523.98,14523.978,1.37703301740119e-7,https://allianceforcoffeeexcellence.org/costa-rica-2024/
183f05090c9a1140,Costa Rica,2024,COE,4,183f05090c9a1140|COE|Traditional Washed Processes|4,TRUE,40.3,760.59,30651.78,30651.777,9.787359822532918e-8,https://allianceforcoffeeexcellence.org/costa-rica-2024/
183f05090c9a1140,Costa Rica,2024,COE,5,183f05090c9a1140|COE|Traditional Washed Processes|5,TRUE,16.1,628.32,10115.95,10115.952000000001,1.9770758064318758e-7,https://allianceforcoffeeexcellence.org/costa-rica-2024/
183f05090c9a1140,Costa Rica,2024,COE,6,183f05090c9a1140|COE|Traditional Washed Processes|6,TRUE,18.6,760.59,14146.97,14146.974000000002,2.8274605817598376e-7,https://allianceforcoffeeexcellence.org/costa-rica-2024/
183f05090c9a1140,Costa Rica,2024,COE,7,183f05090c9a1140|COE|Traditional Washed Processes|7,TRUE,16,760.59,12169.44,12169.44,0,https://allianceforcoffeeexcellence.org/costa-rica-2024/
183f05090c9a1140,Costa Rica,2024,COE,8,183f05090c9a1140|COE|Traditional Washed Processes|8,TRUE,17.1,661.39,11309.77,11309.769,8.841912790478735e-8,https://allianceforcoffeeexcellence.org/costa-rica-2024/
183f05090c9a1140,Costa Rica,2024,COE,1A,183f05090c9a1140|COE|Traditional Honey & Natural Processes|1A,TRUE,82.3,363.76,29937.45,29937.447999999997,6.680595722232296e-8,https://allianceforcoffeeexcellence.org/costa-rica-2024/
183f05090c9a1140,Costa Rica,2024,COE,1B,183f05090c9a1140|COE|Traditional Honey & Natural Processes|1B,TRUE,80.1,363.76,29137.18,29137.175999999996,1.3728164511640748e-7,https://allianceforcoffeeexcellence.org/costa-rica-2024/
183f05090c9a1140,Costa Rica,2024,COE,2,183f05090c9a1140|COE|Traditional Honey & Natural Processes|2,TRUE,54,595.25,32143.5,32143.5,0,https://allianceforcoffeeexcellence.org/costa-rica-2024/
183f05090c9a1140,Costa Rica,2024,COE,3,183f05090c9a1140|COE|Traditional Honey & Natural Processes|3,TRUE,18.9,892.87,16875.24,16875.243,1.7777524923931163e-7,https://allianceforcoffeeexcellence.org/costa-rica-2024/
183f05090c9a1140,Costa Rica,2024,COE,4,183f05090c9a1140|COE|Traditional Honey & Natural Processes|4,TRUE,77.3,628.32,48569.14,48569.136,8.235682165290362e-8,https://allianceforcoffeeexcellence.org/costa-rica-2024/
183f05090c9a1140,Costa Rica,2024,COE,5,183f05090c9a1140|COE|Traditional Honey & Natural Processes|5,TRUE,14.9,1223.56,18231.04,18231.043999999998,2.1940602385694554e-7,https://allianceforcoffeeexcellence.org/costa-rica-2024/
183f05090c9a1140,Costa Rica,2024,COE,6,183f05090c9a1140|COE|Traditional Honey & Natural Processes|6,TRUE,36,661.39,23810.04,23810.04,0,https://allianceforcoffeeexcellence.org/costa-rica-2024/
183f05090c9a1140,Costa Rica,2024,COE,7,183f05090c9a1140|COE|Traditional Honey & Natural Processes|7,TRUE,19.2,959.01,18412.99,18412.992,1.0861896936724968e-7,https://allianceforcoffeeexcellence.org/costa-rica-2024/
183f05090c9a1140,Costa Rica,2024,COE,8,183f05090c9a1140|COE|Traditional Honey & Natural Processes|8,TRUE,23.1,628.32,14514.19,14514.192000000003,1.377961844392586e-7,https://allianceforcoffeeexcellence.org/costa-rica-2024/
183f05090c9a1140,Costa Rica,2024,COE,9,183f05090c9a1140|COE|Traditional Honey & Natural Processes|9,TRUE,40,496.04,19841.6,19841.600000000002,1.8335108091543592e-16,https://allianceforcoffeeexcellence.org/costa-rica-2024/
183f05090c9a1140,Costa Rica,2024,COE,10,183f05090c9a1140|COE|Traditional Honey & Natural Processes|10,TRUE,36.1,760.59,27457.3,27457.299000000003,3.642018685616386e-8,https://allianceforcoffeeexcellence.org/costa-rica-2024/
183f05090c9a1140,Costa Rica,2024,COE,11,183f05090c9a1140|COE|Traditional Honey & Natural Processes|11,TRUE,20.3,1223.56,24838.27,24838.268,8.052090586049083e-8,https://allianceforcoffeeexcellence.org/costa-rica-2024/
183f05090c9a1140,Costa Rica,2024,COE,12,183f05090c9a1140|COE|Traditional Honey & Natural Processes|12,TRUE,15.4,760.59,11713.09,11713.086000000001,3.414982723598912e-7,https://allianceforcoffeeexcellence.org/costa-rica-2024/
183f05090c9a1140,Costa Rica,2024,COE,13,183f05090c9a1140|COE|Traditional Honey & Natural Processes|13,TRUE,15.5,892.87,13839.49,13839.485,3.6128498949019396e-7,https://allianceforcoffeeexcellence.org/costa-rica-2024/
183f05090c9a1140,Costa Rica,2024,COE,14,183f05090c9a1140|COE|Traditional Honey & Natural Processes|14,TRUE,16.1,694.46,11180.81,11180.806000000002,3.5775583317996895e-7,https://allianceforcoffeeexcellence.org/costa-rica-2024/
183f05090c9a1140,Costa Rica,2024,COE,15,183f05090c9a1140|COE|Traditional Honey & Natural Processes|15,TRUE,30.3,661.39,20040.12,20040.117,1.4969970242748948e-7,https://allianceforcoffeeexcellence.org/costa-rica-2024/
183f05090c9a1140,Costa Rica,2024,COE,16,183f05090c9a1140|COE|Traditional Honey & Natural Processes|16,TRUE,15.2,628.32,9550.46,9550.464,4.188279937107645e-7,https://allianceforcoffeeexcellence.org/costa-rica-2024/
183f05090c9a1140,Costa Rica,2024,COE,1A,183f05090c9a1140|COE|Experimental|1A,TRUE,50.8,231.49,11759.69,11759.692,1.7007251029478363e-7,https://allianceforcoffeeexcellence.org/costa-rica-2024/
183f05090c9a1140,Costa Rica,2024,COE,1B,183f05090c9a1140|COE|Experimental|1B,TRUE,52,264.55,13756.6,13756.6,0,https://allianceforcoffeeexcellence.org/costa-rica-2024/
183f05090c9a1140,Costa Rica,2024,COE,2,183f05090c9a1140|COE|Experimental|2,TRUE,25.2,925.94,23333.69,23333.688000000002,8.571297539178222e-8,https://allianceforcoffeeexcellence.org/costa-rica-2024/
183f05090c9a1140,Costa Rica,2024,COE,3,183f05090c9a1140|COE|Experimental|3,TRUE,16.2,760.59,12321.56,12321.557999999999,1.623171092302804e-7,https://allianceforcoffeeexcellence.org/costa-rica-2024/
183f05090c9a1140,Costa Rica,2024,COE,4,183f05090c9a1140|COE|Experimental|4,TRUE,35.1,595.25,20893.28,20893.275,2.3931139569185193e-7,https://allianceforcoffeeexcellence.org/costa-rica-2024/
183f05090c9a1140,Costa Rica,2024,COE,5,183f05090c9a1140|COE|Experimental|5,TRUE,20.1,661.39,13293.94,13293.939,7.522224413557807e-8,https://allianceforcoffeeexcellence.org/costa-rica-2024/
183f05090c9a1140,Costa Rica,2024,COE,6,183f05090c9a1140|COE|Experimental|6,TRUE,17,595.25,10119.25,10119.25,0,https://allianceforcoffeeexcellence.org/costa-rica-2024/
563b2176a64e6691,Costa Rica,2025,COE,1A,563b2176a64e6691|COE|Traditional Washed Processes|1A,TRUE,80.3,330.69,26554.41,26554.407,1.1297558486937501e-7,https://allianceforcoffeeexcellence.org/costa-rica-2025/
563b2176a64e6691,Costa Rica,2025,COE,1B,563b2176a64e6691|COE|Traditional Washed Processes|1B,TRUE,80.2,264.55,21216.91,21216.91,0,https://allianceforcoffeeexcellence.org/costa-rica-2025/
563b2176a64e6691,Costa Rica,2025,COE,2,563b2176a64e6691|COE|Traditional Washed Processes|2,TRUE,27.6,760.59,20992.28,20992.284000000003,1.905462391151836e-7,https://allianceforcoffeeexcellence.org/costa-rica-2025/
563b2176a64e6691,Costa Rica,2025,COE,3,563b2176a64e6691|COE|Traditional Washed Processes|3,TRUE,37.1,661.39,24537.57,24537.569,4.075383178545092e-8,https://allianceforcoffeeexcellence.org/costa-rica-2025/
563b2176a64e6691,Costa Rica,2025,COE,4,563b2176a64e6691|COE|Traditional Washed Processes|4,TRUE,27.6,496.04,13690.7,13690.704000000002,2.92169136772766e-7,https://allianceforcoffeeexcellence.org/costa-rica-2025/
563b2176a64e6691,Costa Rica,2025,COE,5,563b2176a64e6691|COE|Traditional Washed Processes|5,TRUE,30.2,760.59,22969.82,22969.818,8.707077375475531e-8,https://allianceforcoffeeexcellence.org/costa-rica-2025/
563b2176a64e6691,Costa Rica,2025,COE,6,563b2176a64e6691|COE|Traditional Washed Processes|6,TRUE,29.1,760.59,22133.17,22133.169,4.518105615082467e-8,https://allianceforcoffeeexcellence.org/costa-rica-2025/
563b2176a64e6691,Costa Rica,2025,COE,7,563b2176a64e6691|COE|Traditional Washed Processes|7,TRUE,27.7,760.59,21068.34,21068.343,1.4239375293028215e-7,https://allianceforcoffeeexcellence.org/costa-rica-2025/
563b2176a64e6691,Costa Rica,2025,COE,8,563b2176a64e6691|COE|Traditional Washed Processes|8,TRUE,30.71,760.59,23357.72,23357.7189,4.7093637620259726e-8,https://allianceforcoffeeexcellence.org/costa-rica-2025/
563b2176a64e6691,Costa Rica,2025,COE,9,563b2176a64e6691|COE|Traditional Washed Processes|9,TRUE,18.9,1223.56,23125.28,23125.283999999996,1.7297087850079778e-7,https://allianceforcoffeeexcellence.org/costa-rica-2025/
563b2176a64e6691,Costa Rica,2025,COE,10,563b2176a64e6691|COE|Traditional Washed Processes|10,TRUE,23.7,462.97,10972.39,10972.389000000001,9.113784675761046e-8,https://allianceforcoffeeexcellence.org/costa-rica-2025/
563b2176a64e6691,Costa Rica,2025,COE,1A,563b2176a64e6691|COE|Traditional Honey & Natural Processes|1A,TRUE,91,396.83,36111.53,36111.53,0,https://allianceforcoffeeexcellence.org/costa-rica-2025/
563b2176a64e6691,Costa Rica,2025,COE,1B,563b2176a64e6691|COE|Traditional Honey & Natural Processes|1B,TRUE,90.5,330.69,29927.45,29927.445,1.6707069934186286e-7,https://allianceforcoffeeexcellence.org/costa-rica-2025/
563b2176a64e6691,Costa Rica,2025,COE,2,563b2176a64e6691|COE|Traditional Honey & Natural Processes|2,TRUE,30.2,462.97,13981.69,13981.694000000001,2.8608844859347525e-7,https://allianceforcoffeeexcellence.org/costa-rica-2025/
563b2176a64e6691,Costa Rica,2025,COE,3,563b2176a64e6691|COE|Traditional Honey & Natural Processes|3,TRUE,26.5,793.66,21031.99,21031.989999999998,1.7297358961713622e-16,https://allianceforcoffeeexcellence.org/costa-rica-2025/
563b2176a64e6691,Costa Rica,2025,COE,4,563b2176a64e6691|COE|Traditional Honey & Natural Processes|4,TRUE,19.4,760.59,14755.45,14755.446,2.7108627665133267e-7,https://allianceforcoffeeexcellence.org/costa-rica-2025/
563b2176a64e6691,Costa Rica,2025,COE,5,563b2176a64e6691|COE|Traditional Honey & Natural Processes|5,TRUE,37.4,1223.56,45761.14,45761.14399999999,8.741040965192191e-8,https://allianceforcoffeeexcellence.org/costa-rica-2025/
563b2176a64e6691,Costa Rica,2025,COE,6,563b2176a64e6691|COE|Traditional Honey & Natural Processes|6,TRUE,25.11,992.08,24911.13,24911.128800000002,4.817123907222517e-8,https://allianceforcoffeeexcellence.org/costa-rica-2025/
563b2176a64e6691,Costa Rica,2025,COE,7,563b2176a64e6691|COE|Traditional Honey & Natural Processes|7,TRUE,25.11,694.46,17437.89,17437.8906,3.440783256429765e-8,https://allianceforcoffeeexcellence.org/costa-rica-2025/
563b2176a64e6691,Costa Rica,2025,COE,8,563b2176a64e6691|COE|Traditional Honey & Natural Processes|8,TRUE,15.8,661.39,10449.96,10449.962,1.9138829243436852e-7,https://allianceforcoffeeexcellence.org/costa-rica-2025/
563b2176a64e6691,Costa Rica,2025,COE,9,563b2176a64e6691|COE|Traditional Honey & Natural Processes|9,TRUE,19.6,595.25,11666.9,11666.900000000001,1.5591025924160286e-16,https://allianceforcoffeeexcellence.org/costa-rica-2025/
563b2176a64e6691,Costa Rica,2025,COE,10,563b2176a64e6691|COE|Traditional Honey & Natural Processes|10,TRUE,34.5,1223.56,42212.82,42212.82,0,https://allianceforcoffeeexcellence.org/costa-rica-2025/
563b2176a64e6691,Costa Rica,2025,COE,1A,563b2176a64e6691|COE|Experimental|1A,TRUE,68.2,396.83,27063.81,27063.806,1.4779885022895546e-7,https://allianceforcoffeeexcellence.org/costa-rica-2025/
563b2176a64e6691,Costa Rica,2025,COE,1B,563b2176a64e6691|COE|Experimental|1B,TRUE,70.1,330.69,23181.37,23181.369,4.313808891380133e-8,https://allianceforcoffeeexcellence.org/costa-rica-2025/
563b2176a64e6691,Costa Rica,2025,COE,2,563b2176a64e6691|COE|Experimental|2,TRUE,28,727.52,20370.56,20370.559999999998,1.7859002438282072e-16,https://allianceforcoffeeexcellence.org/costa-rica-2025/
563b2176a64e6691,Costa Rica,2025,COE,3,563b2176a64e6691|COE|Experimental|3,TRUE,25.9,562.18,14560.46,14560.461999999998,1.3735829764914463e-7,https://allianceforcoffeeexcellence.org/costa-rica-2025/
563b2176a64e6691,Costa Rica,2025,COE,4,563b2176a64e6691|COE|Experimental|4,TRUE,19.3,925.94,17870.64,17870.642000000003,1.119154100829871e-7,https://allianceforcoffeeexcellence.org/costa-rica-2025/
563b2176a64e6691,Costa Rica,2025,COE,5,563b2176a64e6691|COE|Experimental|5,TRUE,22,760.59,16732.98,16732.98,0,https://allianceforcoffeeexcellence.org/costa-rica-2025/
563b2176a64e6691,Costa Rica,2025,COE,6,563b2176a64e6691|COE|Experimental|6,TRUE,32.1,760.59,24414.94,24414.939000000002,4.095852771154662e-8,https://allianceforcoffeeexcellence.org/costa-rica-2025/
563b2176a64e6691,Costa Rica,2025,COE,7,563b2176a64e6691|COE|Experimental|7,TRUE,16.4,760.59,12473.68,12473.676,3.206752137953601e-7,https://allianceforcoffeeexcellence.org/costa-rica-2025/
563b2176a64e6691,Costa Rica,2025,COE,8,563b2176a64e6691|COE|Experimental|8,TRUE,19.1,727.52,13895.63,13895.632000000001,1.4393014222647287e-7,https://allianceforcoffeeexcellence.org/costa-rica-2025/
563b2176a64e6691,Costa Rica,2025,COE,9,563b2176a64e6691|COE|Experimental|9,TRUE,20.1,760.59,15287.86,15287.859000000002,6.541137859613689e-8,https://allianceforcoffeeexcellence.org/costa-rica-2025/
563b2176a64e6691,Costa Rica,2025,COE,10,563b2176a64e6691|COE|Experimental|10,TRUE,23.2,661.39,15344.25,15344.248,1.3034198480912744e-7,https://allianceforcoffeeexcellence.org/costa-rica-2025/
563b2176a64e6691,Costa Rica,2025,COE,11,563b2176a64e6691|COE|Traditional Honey & Natural Processes|11,TRUE,16.4,NA,12473.68,NA,NA,https://allianceforcoffeeexcellence.org/costa-rica-2025/
563b2176a64e6691,Costa Rica,2025,COE,12,563b2176a64e6691|COE|Traditional Honey & Natural Processes|12,TRUE,19.1,NA,13895.63,NA,NA,https://allianceforcoffeeexcellence.org/costa-rica-2025/
563b2176a64e6691,Costa Rica,2025,COE,13,563b2176a64e6691|COE|Traditional Honey & Natural Processes|13,TRUE,20.1,NA,15287.86,NA,NA,https://allianceforcoffeeexcellence.org/costa-rica-2025/
563b2176a64e6691,Costa Rica,2025,COE,14,563b2176a64e6691|COE|Traditional Honey & Natural Processes|14,TRUE,23.2,NA,15344.25,NA,NA,https://allianceforcoffeeexcellence.org/costa-rica-2025/
c70d21b6380ff8fc,Ecuador,2021,COE,1A,c70d21b6380ff8fc|COE|NA|1A,TRUE,97.1,198.42,19266.58,19266.582,1.0380669515655993e-7,https://allianceforcoffeeexcellence.org/ecuador-2021/
c70d21b6380ff8fc,Ecuador,2021,COE,1B,c70d21b6380ff8fc|COE|NA|1B,TRUE,97.1,183.48,17815.91,17815.908,1.1225921103145748e-7,https://allianceforcoffeeexcellence.org/ecuador-2021/
c70d21b6380ff8fc,Ecuador,2021,COE,2,c70d21b6380ff8fc|COE|NA|2,TRUE,49.2,189.93,9344.56,9344.556,4.2805653760004944e-7,https://allianceforcoffeeexcellence.org/ecuador-2021/
c70d21b6380ff8fc,Ecuador,2021,COE,3A,c70d21b6380ff8fc|COE|NA|3A,TRUE,75.1,198.42,14901.34,14901.341999999999,1.3421611738195788e-7,https://allianceforcoffeeexcellence.org/ecuador-2021/
c70d21b6380ff8fc,Ecuador,2021,COE,3B,c70d21b6380ff8fc|COE|NA|3B,TRUE,76.5,152.92,11698.38,11698.38,0,https://allianceforcoffeeexcellence.org/ecuador-2021/
c70d21b6380ff8fc,Ecuador,2021,COE,4,c70d21b6380ff8fc|COE|NA|4,TRUE,33.4,315.95,10552.73,10552.73,0,https://allianceforcoffeeexcellence.org/ecuador-2021/
c70d21b6380ff8fc,Ecuador,2021,COE,5,c70d21b6380ff8fc|COE|NA|5,TRUE,38.5,344.21,13252.09,13252.085,3.772989770684197e-7,https://allianceforcoffeeexcellence.org/ecuador-2021/
c70d21b6380ff8fc,Ecuador,2021,COE,6,c70d21b6380ff8fc|COE|NA|6,TRUE,48.4,261.38,12650.79,12650.792,1.5809289369189309e-7,https://allianceforcoffeeexcellence.org/ecuador-2021/
c70d21b6380ff8fc,Ecuador,2021,COE,7,c70d21b6380ff8fc|COE|NA|7,TRUE,30,258.01,7740.3,7740.299999999999,1.1750122111196314e-16,https://allianceforcoffeeexcellence.org/ecuador-2021/
c70d21b6380ff8fc,Ecuador,2021,COE,8,c70d21b6380ff8fc|COE|NA|8,TRUE,43.1,266.82,11499.94,11499.942000000001,1.739139508908267e-7,https://allianceforcoffeeexcellence.org/ecuador-2021/
c70d21b6380ff8fc,Ecuador,2021,COE,9,c70d21b6380ff8fc|COE|NA|9,TRUE,30.2,253.47,7654.79,7654.794,5.225486264032603e-7,https://allianceforcoffeeexcellence.org/ecuador-2021/
c70d21b6380ff8fc,Ecuador,2021,COE,10,c70d21b6380ff8fc|COE|NA|10,TRUE,17.1,349.42,5975.08,5975.082,3.347235518867452e-7,https://allianceforcoffeeexcellence.org/ecuador-2021/
c70d21b6380ff8fc,Ecuador,2021,COE,11,c70d21b6380ff8fc|COE|NA|11,TRUE,17.6,673.73,11857.65,11857.648000000001,1.6866748458492738e-7,https://allianceforcoffeeexcellence.org/ecuador-2021/
c70d21b6380ff8fc,Ecuador,2021,COE,12,c70d21b6380ff8fc|COE|NA|12,TRUE,25.3,326.83,8268.8,8268.798999999999,1.2093653253237796e-7,https://allianceforcoffeeexcellence.org/ecuador-2021/
c70d21b6380ff8fc,Ecuador,2021,COE,13,c70d21b6380ff8fc|COE|NA|13,TRUE,32.1,293.36,9416.86,9416.856000000002,4.247700400129043e-7,https://allianceforcoffeeexcellence.org/ecuador-2021/
c70d21b6380ff8fc,Ecuador,2021,COE,14,c70d21b6380ff8fc|COE|NA|14,TRUE,29.1,223.98,6517.82,6517.818,3.068510636221864e-7,https://allianceforcoffeeexcellence.org/ecuador-2021/
c70d21b6380ff8fc,Ecuador,2021,COE,15,c70d21b6380ff8fc|COE|NA|15,TRUE,27.1,236.67,6413.76,6413.757,4.677443497435483e-7,https://allianceforcoffeeexcellence.org/ecuador-2021/
c70d21b6380ff8fc,Ecuador,2021,COE,16,c70d21b6380ff8fc|COE|NA|16,TRUE,32.1,254.32,8163.67,8163.6720000000005,2.449878547770125e-7,https://allianceforcoffeeexcellence.org/ecuador-2021/
c70d21b6380ff8fc,Ecuador,2021,COE,17,c70d21b6380ff8fc|COE|NA|17,TRUE,25.6,571.09,14619.9,14619.904000000002,2.735996828045265e-7,https://allianceforcoffeeexcellence.org/ecuador-2021/
c70d21b6380ff8fc,Ecuador,2021,COE,18,c70d21b6380ff8fc|COE|NA|18,TRUE,17.6,341.18,6004.77,6004.768000000001,3.3306854375737267e-7,https://allianceforcoffeeexcellence.org/ecuador-2021/
c70d21b6380ff8fc,Ecuador,2021,COE,19,c70d21b6380ff8fc|COE|NA|19,TRUE,16,336.1,5377.6,5377.6,0,https://allianceforcoffeeexcellence.org/ecuador-2021/
c70d21b6380ff8fc,Ecuador,2021,COE,20,c70d21b6380ff8fc|COE|NA|20,TRUE,29,349.69,10141.01,10141.01,0,https://allianceforcoffeeexcellence.org/ecuador-2021/
c70d21b6380ff8fc,Ecuador,2021,COE,21,c70d21b6380ff8fc|COE|NA|21,TRUE,20,274.56,5491.2,5491.2,0,https://allianceforcoffeeexcellence.org/ecuador-2021/
c70d21b6380ff8fc,Ecuador,2021,COE,22,c70d21b6380ff8fc|COE|NA|22,TRUE,25.1,326.1,8185.11,8185.110000000001,1.1111575797673193e-16,https://allianceforcoffeeexcellence.org/ecuador-2021/
c70d21b6380ff8fc,Ecuador,2021,COE,23,c70d21b6380ff8fc|COE|NA|23,TRUE,26.6,272.85,7257.81,7257.810000000001,1.2531255320446915e-16,https://allianceforcoffeeexcellence.org/ecuador-2021/
932be81913d4d6cc,Ecuador,2022,COE,1A,932be81913d4d6cc|COE|NA|1A,TRUE,98.2,198.42,19484.84,19484.844,2.05287803277569e-7,https://allianceforcoffeeexcellence.org/ecuador-2022/
932be81913d4d6cc,Ecuador,2022,COE,1B,932be81913d4d6cc|COE|NA|1B,TRUE,105.1,176.79,18580.63,18580.628999999997,5.3819488566410585e-8,https://allianceforcoffeeexcellence.org/ecuador-2022/
932be81913d4d6cc,Ecuador,2022,COE,2,932be81913d4d6cc|COE|NA|2,TRUE,55.1,407.38,22446.64,22446.638,8.910019496937865e-8,https://allianceforcoffeeexcellence.org/ecuador-2022/
932be81913d4d6cc,Ecuador,2022,COE,3,932be81913d4d6cc|COE|NA|3,TRUE,96.35,486.41,46865.6,46865.6035,7.468164280184303e-8,https://allianceforcoffeeexcellence.org/ecuador-2022/
932be81913d4d6cc,Ecuador,2022,COE,4,932be81913d4d6cc|COE|NA|4,TRUE,95.5,407.61,38926.76,38926.755000000005,1.28446343784601e-7,https://allianceforcoffeeexcellence.org/ecuador-2022/
932be81913d4d6cc,Ecuador,2022,COE,5,932be81913d4d6cc|COE|NA|5,TRUE,29.8,374.98,11174.4,11174.404,3.579610539102688e-7,https://allianceforcoffeeexcellence.org/ecuador-2022/
932be81913d4d6cc,Ecuador,2022,COE,6,932be81913d4d6cc|COE|NA|6,TRUE,35.2,364.84,12842.37,12842.368,1.5573449452145154e-7,https://allianceforcoffeeexcellence.org/ecuador-2022/
932be81913d4d6cc,Ecuador,2022,COE,7,932be81913d4d6cc|COE|NA|7,TRUE,36.75,283.1,10403.93,10403.925000000001,4.80587624022811e-7,https://allianceforcoffeeexcellence.org/ecuador-2022/
932be81913d4d6cc,Ecuador,2022,COE,8,932be81913d4d6cc|COE|NA|8,TRUE,30.05,322.95,9704.65,9704.6475,2.576084660971099e-7,https://allianceforcoffeeexcellence.org/ecuador-2022/
932be81913d4d6cc,Ecuador,2022,COE,9,932be81913d4d6cc|COE|NA|9,TRUE,18.95,268.02,5078.98,5078.978999999999,1.9688992675768104e-7,https://allianceforcoffeeexcellence.org/ecuador-2022/
932be81913d4d6cc,Ecuador,2022,COE,10,932be81913d4d6cc|COE|NA|10,TRUE,26.3,406.83,10699.63,10699.628999999999,9.346117577932385e-8,https://allianceforcoffeeexcellence.org/ecuador-2022/
932be81913d4d6cc,Ecuador,2022,COE,11,932be81913d4d6cc|COE|NA|11,TRUE,21.6,295.84,6390.14,6390.144,6.259643763525388e-7,https://allianceforcoffeeexcellence.org/ecuador-2022/
932be81913d4d6cc,Ecuador,2022,COE,12,932be81913d4d6cc|COE|NA|12,TRUE,18.4,352.05,6477.72,6477.719999999999,1.404035218831515e-16,https://allianceforcoffeeexcellence.org/ecuador-2022/
932be81913d4d6cc,Ecuador,2022,COE,13,932be81913d4d6cc|COE|NA|13,TRUE,25.5,324.87,8284.19,8284.185,6.035593100856733e-7,https://allianceforcoffeeexcellence.org/ecuador-2022/
932be81913d4d6cc,Ecuador,2022,COE,14,932be81913d4d6cc|COE|NA|14,TRUE,28.2,270.49,7627.82,7627.818,2.621981115833828e-7,https://allianceforcoffeeexcellence.org/ecuador-2022/
932be81913d4d6cc,Ecuador,2022,COE,15,932be81913d4d6cc|COE|NA|15,TRUE,29.2,281.33,8214.84,8214.836,4.869236650762409e-7,https://allianceforcoffeeexcellence.org/ecuador-2022/
932be81913d4d6cc,Ecuador,2022,COE,16,932be81913d4d6cc|COE|NA|16,TRUE,17.5,511.32,8948.1,8948.1,0,https://allianceforcoffeeexcellence.org/ecuador-2022/
932be81913d4d6cc,Ecuador,2022,COE,17,932be81913d4d6cc|COE|NA|17,TRUE,29,282.83,8202.07,8202.07,0,https://allianceforcoffeeexcellence.org/ecuador-2022/
932be81913d4d6cc,Ecuador,2022,COE,18,932be81913d4d6cc|COE|NA|18,TRUE,9.9,433,4286.7,4286.7,0,https://allianceforcoffeeexcellence.org/ecuador-2022/
5a4325fd738bec15,Ecuador,2023,COE,1A,5a4325fd738bec15|COE|NA|1A,TRUE,102.5,198.58,20354.45,20354.45,0,https://allianceforcoffeeexcellence.org/ecuador-2023/
5a4325fd738bec15,Ecuador,2023,COE,1B,5a4325fd738bec15|COE|NA|1B,TRUE,103.2,132.93,13718.38,13718.376,2.9157961792835e-7,https://allianceforcoffeeexcellence.org/ecuador-2023/
5a4325fd738bec15,Ecuador,2023,COE,2A,5a4325fd738bec15|COE|NA|2A,TRUE,40.1,198.58,7963.06,7963.058000000001,2.5115972999047586e-7,https://allianceforcoffeeexcellence.org/ecuador-2023/
5a4325fd738bec15,Ecuador,2023,COE,2B,5a4325fd738bec15|COE|NA|2B,TRUE,44,223.74,9844.56,9844.560000000001,1.847710211066677e-16,https://allianceforcoffeeexcellence.org/ecuador-2023/
5a4325fd738bec15,Ecuador,2023,COE,3A,5a4325fd738bec15|COE|NA|3A,TRUE,64.8,198.58,12867.98,12867.984,3.1084909992204737e-7,https://allianceforcoffeeexcellence.org/ecuador-2023/
5a4325fd738bec15,Ecuador,2023,COE,3B,5a4325fd738bec15|COE|NA|3B,TRUE,62.2,175.18,10896.2,10896.196000000002,3.6710045694791924e-7,https://allianceforcoffeeexcellence.org/ecuador-2023/
5a4325fd738bec15,Ecuador,2023,COE,4,5a4325fd738bec15|COE|NA|4,TRUE,24.59,360.47,8863.96,8863.9573,3.046042625525015e-7,https://allianceforcoffeeexcellence.org/ecuador-2023/
5a4325fd738bec15,Ecuador,2023,COE,5,5a4325fd738bec15|COE|NA|5,TRUE,30.1,244.45,7357.95,7357.945,6.795370993427706e-7,https://allianceforcoffeeexcellence.org/ecuador-2023/
5a4325fd738bec15,Ecuador,2023,COE,6,5a4325fd738bec15|COE|NA|6,TRUE,23.84,338.36,8066.5,8066.5024,2.975268084431966e-7,https://allianceforcoffeeexcellence.org/ecuador-2023/
5a4325fd738bec15,Ecuador,2023,COE,7,5a4325fd738bec15|COE|NA|7,TRUE,25.33,284.76,7212.97,7212.970799999999,1.109113165436275e-7,https://allianceforcoffeeexcellence.org/ecuador-2023/
5a4325fd738bec15,Ecuador,2023,COE,8,5a4325fd738bec15|COE|NA|8,TRUE,28.2,331.59,9350.84,9350.838,2.1388452806458602e-7,https://allianceforcoffeeexcellence.org/ecuador-2023/
5a4325fd738bec15,Ecuador,2023,COE,9,5a4325fd738bec15|COE|NA|9,TRUE,20.2,333.94,6745.59,6745.588,2.964900031587235e-7,https://allianceforcoffeeexcellence.org/ecuador-2023/
5a4325fd738bec15,Ecuador,2023,COE,10,5a4325fd738bec15|COE|NA|10,TRUE,28.5,331.43,9445.76,9445.755000000001,5.29338030947181e-7,https://allianceforcoffeeexcellence.org/ecuador-2023/
5a4325fd738bec15,Ecuador,2023,COE,11,5a4325fd738bec15|COE|NA|11,TRUE,17.2,272.06,4679.43,4679.432,4.2740248267373565e-7,https://allianceforcoffeeexcellence.org/ecuador-2023/
5a4325fd738bec15,Ecuador,2023,COE,12,5a4325fd738bec15|COE|NA|12,TRUE,21.2,273.46,5797.35,5797.351999999999,3.4498520851569494e-7,https://allianceforcoffeeexcellence.org/ecuador-2023/
5a4325fd738bec15,Ecuador,2023,COE,13,5a4325fd738bec15|COE|NA|13,TRUE,25.1,272.44,6838.24,6838.244000000001,5.849458341349393e-7,https://allianceforcoffeeexcellence.org/ecuador-2023/
5a4325fd738bec15,Ecuador,2023,COE,14,5a4325fd738bec15|COE|NA|14,TRUE,20.2,333.94,6745.59,6745.588,2.964900031587235e-7,https://allianceforcoffeeexcellence.org/ecuador-2023/
5a4325fd738bec15,Ecuador,2023,COE,15,5a4325fd738bec15|COE|NA|15,TRUE,21.1,341.23,7199.95,7199.953,4.16669560290166e-7,https://allianceforcoffeeexcellence.org/ecuador-2023/
5a4325fd738bec15,Ecuador,2023,COE,16,5a4325fd738bec15|COE|NA|16,TRUE,16.35,277.66,4539.74,4539.741000000001,2.2027693240432747e-7,https://allianceforcoffeeexcellence.org/ecuador-2023/
9b39103db61369e1,El Salvador,2003,COE,1,9b39103db61369e1|COE|NA|1,TRUE,14.06,NA,38498.27,NA,NA,https://allianceforcoffeeexcellence.org/el-salvador-2003/
9b39103db61369e1,El Salvador,2003,COE,2,9b39103db61369e1|COE|NA|2,TRUE,10.05,NA,35162.3,NA,NA,https://allianceforcoffeeexcellence.org/el-salvador-2003/
9b39103db61369e1,El Salvador,2003,COE,3,9b39103db61369e1|COE|NA|3,TRUE,8.95,NA,29952.22,NA,NA,https://allianceforcoffeeexcellence.org/el-salvador-2003/
9b39103db61369e1,El Salvador,2003,COE,4,9b39103db61369e1|COE|NA|4,TRUE,5,NA,11408.92,NA,NA,https://allianceforcoffeeexcellence.org/el-salvador-2003/
9b39103db61369e1,El Salvador,2003,COE,5,9b39103db61369e1|COE|NA|5,TRUE,7.15,NA,25015.96,NA,NA,https://allianceforcoffeeexcellence.org/el-salvador-2003/
9b39103db61369e1,El Salvador,2003,COE,6,9b39103db61369e1|COE|NA|6,TRUE,3.55,NA,15120.62,NA,NA,https://allianceforcoffeeexcellence.org/el-salvador-2003/
9b39103db61369e1,El Salvador,2003,COE,7,9b39103db61369e1|COE|NA|7,TRUE,2.55,NA,5818.55,NA,NA,https://allianceforcoffeeexcellence.org/el-salvador-2003/
9b39103db61369e1,El Salvador,2003,COE,8,9b39103db61369e1|COE|NA|8,TRUE,2.7,NA,9446.59,NA,NA,https://allianceforcoffeeexcellence.org/el-salvador-2003/
9b39103db61369e1,El Salvador,2003,COE,9,9b39103db61369e1|COE|NA|9,TRUE,2.55,NA,8145.97,NA,NA,https://allianceforcoffeeexcellence.org/el-salvador-2003/
9b39103db61369e1,El Salvador,2003,COE,10,9b39103db61369e1|COE|NA|10,TRUE,3,NA,7758.07,NA,NA,https://allianceforcoffeeexcellence.org/el-salvador-2003/
9b39103db61369e1,El Salvador,2003,COE,11,9b39103db61369e1|COE|NA|11,TRUE,2.21,NA,11766.4,NA,NA,https://allianceforcoffeeexcellence.org/el-salvador-2003/
9b39103db61369e1,El Salvador,2003,COE,12,9b39103db61369e1|COE|NA|12,TRUE,2.3,NA,9446.59,NA,NA,https://allianceforcoffeeexcellence.org/el-salvador-2003/
9b39103db61369e1,El Salvador,2003,COE,13,9b39103db61369e1|COE|NA|13,TRUE,2.31,NA,5622.32,NA,NA,https://allianceforcoffeeexcellence.org/el-salvador-2003/
9b39103db61369e1,El Salvador,2003,COE,14,9b39103db61369e1|COE|NA|14,TRUE,2.7,NA,6571.54,NA,NA,https://allianceforcoffeeexcellence.org/el-salvador-2003/
9b39103db61369e1,El Salvador,2003,COE,15,9b39103db61369e1|COE|NA|15,TRUE,4,NA,6084.76,NA,NA,https://allianceforcoffeeexcellence.org/el-salvador-2003/
9b39103db61369e1,El Salvador,2003,COE,16,9b39103db61369e1|COE|NA|16,TRUE,3.2,NA,8275.27,NA,NA,https://allianceforcoffeeexcellence.org/el-salvador-2003/
9b39103db61369e1,El Salvador,2003,COE,17,9b39103db61369e1|COE|NA|17,TRUE,2.25,NA,6503.09,NA,NA,https://allianceforcoffeeexcellence.org/el-salvador-2003/
9b39103db61369e1,El Salvador,2003,COE,18,9b39103db61369e1|COE|NA|18,TRUE,2.5,NA,12169.52,NA,NA,https://allianceforcoffeeexcellence.org/el-salvador-2003/
9b39103db61369e1,El Salvador,2003,COE,19,9b39103db61369e1|COE|NA|19,TRUE,2.75,NA,6693.23,NA,NA,https://allianceforcoffeeexcellence.org/el-salvador-2003/
9b39103db61369e1,El Salvador,2003,COE,20,9b39103db61369e1|COE|NA|20,TRUE,2.75,NA,8784.87,NA,NA,https://allianceforcoffeeexcellence.org/el-salvador-2003/
9b39103db61369e1,El Salvador,2003,COE,21,9b39103db61369e1|COE|NA|21,TRUE,2.3,NA,7697.22,NA,NA,https://allianceforcoffeeexcellence.org/el-salvador-2003/
9b39103db61369e1,El Salvador,2003,COE,22,9b39103db61369e1|COE|NA|22,TRUE,2.05,NA,17463.26,NA,NA,https://allianceforcoffeeexcellence.org/el-salvador-2003/
9b39103db61369e1,El Salvador,2003,COE,23,9b39103db61369e1|COE|NA|23,TRUE,2.4,NA,5111.2,NA,NA,https://allianceforcoffeeexcellence.org/el-salvador-2003/
9b39103db61369e1,El Salvador,2003,COE,24,9b39103db61369e1|COE|NA|24,TRUE,2.3,NA,6647.6,NA,NA,https://allianceforcoffeeexcellence.org/el-salvador-2003/
9b39103db61369e1,El Salvador,2003,COE,25,9b39103db61369e1|COE|NA|25,TRUE,3.1,NA,11317.65,NA,NA,https://allianceforcoffeeexcellence.org/el-salvador-2003/
9b39103db61369e1,El Salvador,2003,COE,26,9b39103db61369e1|COE|NA|26,TRUE,2.3,NA,10846.08,NA,NA,https://allianceforcoffeeexcellence.org/el-salvador-2003/
9b39103db61369e1,El Salvador,2003,COE,27,9b39103db61369e1|COE|NA|27,TRUE,2.5,NA,6465.06,NA,NA,https://allianceforcoffeeexcellence.org/el-salvador-2003/
9b39103db61369e1,El Salvador,2003,COE,28,9b39103db61369e1|COE|NA|28,TRUE,2.15,NA,13409.29,NA,NA,https://allianceforcoffeeexcellence.org/el-salvador-2003/
9b39103db61369e1,El Salvador,2003,COE,29,9b39103db61369e1|COE|NA|29,TRUE,2.25,NA,8214.42,NA,NA,https://allianceforcoffeeexcellence.org/el-salvador-2003/
9b39103db61369e1,El Salvador,2003,COE,30,9b39103db61369e1|COE|NA|30,TRUE,2.25,NA,8898.96,NA,NA,https://allianceforcoffeeexcellence.org/el-salvador-2003/
9b39103db61369e1,El Salvador,2003,COE,31,9b39103db61369e1|COE|NA|31,TRUE,2.16,NA,5585.81,NA,NA,https://allianceforcoffeeexcellence.org/el-salvador-2003/
f59277b5e64c2ec4,El Salvador,2004,COE,1,f59277b5e64c2ec4|COE|NA|1,TRUE,6.89,NA,20961.99,NA,NA,https://allianceforcoffeeexcellence.org/el-salvador-2004/
f59277b5e64c2ec4,El Salvador,2004,COE,2,f59277b5e64c2ec4|COE|NA|2,TRUE,2.1,NA,13416.89,NA,NA,https://allianceforcoffeeexcellence.org/el-salvador-2004/
f59277b5e64c2ec4,El Salvador,2004,COE,3,f59277b5e64c2ec4|COE|NA|3,TRUE,6.7,NA,22422.33,NA,NA,https://allianceforcoffeeexcellence.org/el-salvador-2004/
f59277b5e64c2ec4,El Salvador,2004,COE,4,f59277b5e64c2ec4|COE|NA|4,TRUE,2.5,NA,10648.33,NA,NA,https://allianceforcoffeeexcellence.org/el-salvador-2004/
f59277b5e64c2ec4,El Salvador,2004,COE,5,f59277b5e64c2ec4|COE|NA|5,TRUE,4.8,NA,10952.57,NA,NA,https://allianceforcoffeeexcellence.org/el-salvador-2004/
f59277b5e64c2ec4,El Salvador,2004,COE,6,f59277b5e64c2ec4|COE|NA|6,TRUE,2,NA,14299.18,NA,NA,https://allianceforcoffeeexcellence.org/el-salvador-2004/
f59277b5e64c2ec4,El Salvador,2004,COE,7,f59277b5e64c2ec4|COE|NA|7,TRUE,5.75,NA,13120.26,NA,NA,https://allianceforcoffeeexcellence.org/el-salvador-2004/
f59277b5e64c2ec4,El Salvador,2004,COE,8,f59277b5e64c2ec4|COE|NA|8,TRUE,2.25,NA,10610.3,NA,NA,https://allianceforcoffeeexcellence.org/el-salvador-2004/
f59277b5e64c2ec4,El Salvador,2004,COE,9,f59277b5e64c2ec4|COE|NA|9,TRUE,2.4,NA,6571.54,NA,NA,https://allianceforcoffeeexcellence.org/el-salvador-2004/
f59277b5e64c2ec4,El Salvador,2004,COE,10,f59277b5e64c2ec4|COE|NA|10,TRUE,3.55,NA,11340.47,NA,NA,https://allianceforcoffeeexcellence.org/el-salvador-2004/
f59277b5e64c2ec4,El Salvador,2004,COE,11,f59277b5e64c2ec4|COE|NA|11,TRUE,2.55,NA,9309.68,NA,NA,https://allianceforcoffeeexcellence.org/el-salvador-2004/
f59277b5e64c2ec4,El Salvador,2004,COE,12,f59277b5e64c2ec4|COE|NA|12,TRUE,2.8,NA,6389,NA,NA,https://allianceforcoffeeexcellence.org/el-salvador-2004/
f59277b5e64c2ec4,El Salvador,2004,COE,13,f59277b5e64c2ec4|COE|NA|13,TRUE,2.4,NA,6206.45,NA,NA,https://allianceforcoffeeexcellence.org/el-salvador-2004/
f59277b5e64c2ec4,El Salvador,2004,COE,14,f59277b5e64c2ec4|COE|NA|14,TRUE,3.1,NA,8016.67,NA,NA,https://allianceforcoffeeexcellence.org/el-salvador-2004/
f59277b5e64c2ec4,El Salvador,2004,COE,15,f59277b5e64c2ec4|COE|NA|15,TRUE,2.55,NA,6206.45,NA,NA,https://allianceforcoffeeexcellence.org/el-salvador-2004/
f59277b5e64c2ec4,El Salvador,2004,COE,16,f59277b5e64c2ec4|COE|NA|16,TRUE,2.25,NA,6503.09,NA,NA,https://allianceforcoffeeexcellence.org/el-salvador-2004/
f59277b5e64c2ec4,El Salvador,2004,COE,17,f59277b5e64c2ec4|COE|NA|17,TRUE,1.7,NA,4654.84,NA,NA,https://allianceforcoffeeexcellence.org/el-salvador-2004/
f59277b5e64c2ec4,El Salvador,2004,COE,18,f59277b5e64c2ec4|COE|NA|18,TRUE,1.55,NA,5187.26,NA,NA,https://allianceforcoffeeexcellence.org/el-salvador-2004/
f59277b5e64c2ec4,El Salvador,2004,COE,19,f59277b5e64c2ec4|COE|NA|19,TRUE,2.31,NA,5270.92,NA,NA,https://allianceforcoffeeexcellence.org/el-salvador-2004/
f59277b5e64c2ec4,El Salvador,2004,COE,20,f59277b5e64c2ec4|COE|NA|20,TRUE,1.5,NA,5248.1,NA,NA,https://allianceforcoffeeexcellence.org/el-salvador-2004/
f59277b5e64c2ec4,El Salvador,2004,COE,21,f59277b5e64c2ec4|COE|NA|21,TRUE,2.22,NA,5065.56,NA,NA,https://allianceforcoffeeexcellence.org/el-salvador-2004/
f59277b5e64c2ec4,El Salvador,2004,COE,22,f59277b5e64c2ec4|COE|NA|22,TRUE,2.3,NA,5597.98,NA,NA,https://allianceforcoffeeexcellence.org/el-salvador-2004/
f59277b5e64c2ec4,El Salvador,2004,COE,23,f59277b5e64c2ec4|COE|NA|23,TRUE,2.35,NA,9294.47,NA,NA,https://allianceforcoffeeexcellence.org/el-salvador-2004/
f59277b5e64c2ec4,El Salvador,2004,COE,24,f59277b5e64c2ec4|COE|NA|24,TRUE,1.4,NA,8518.66,NA,NA,https://allianceforcoffeeexcellence.org/el-salvador-2004/
f59277b5e64c2ec4,El Salvador,2004,COE,25,f59277b5e64c2ec4|COE|NA|25,TRUE,1.55,NA,6601.96,NA,NA,https://allianceforcoffeeexcellence.org/el-salvador-2004/
f59277b5e64c2ec4,El Salvador,2004,COE,26,f59277b5e64c2ec4|COE|NA|26,TRUE,1.3,NA,4943.87,NA,NA,https://allianceforcoffeeexcellence.org/el-salvador-2004/
f59277b5e64c2ec4,El Salvador,2004,COE,27,f59277b5e64c2ec4|COE|NA|27,TRUE,1.2,NA,22270.22,NA,NA,https://allianceforcoffeeexcellence.org/el-salvador-2004/
f59277b5e64c2ec4,El Salvador,2004,COE,28,f59277b5e64c2ec4|COE|NA|28,TRUE,1.45,NA,5514.31,NA,NA,https://allianceforcoffeeexcellence.org/el-salvador-2004/
f59277b5e64c2ec4,El Salvador,2004,COE,29,f59277b5e64c2ec4|COE|NA|29,TRUE,1.25,NA,4373.42,NA,NA,https://allianceforcoffeeexcellence.org/el-salvador-2004/
f59277b5e64c2ec4,El Salvador,2004,COE,30,f59277b5e64c2ec4|COE|NA|30,TRUE,1.45,NA,3970.3,NA,NA,https://allianceforcoffeeexcellence.org/el-salvador-2004/
f59277b5e64c2ec4,El Salvador,2004,COE,31,f59277b5e64c2ec4|COE|NA|31,TRUE,2,NA,6997.47,NA,NA,https://allianceforcoffeeexcellence.org/el-salvador-2004/
f59277b5e64c2ec4,El Salvador,2004,COE,32,f59277b5e64c2ec4|COE|NA|32,TRUE,1.25,NA,3612.83,NA,NA,https://allianceforcoffeeexcellence.org/el-salvador-2004/
f59277b5e64c2ec4,El Salvador,2004,COE,33,f59277b5e64c2ec4|COE|NA|33,TRUE,1.4,NA,3407.46,NA,NA,https://allianceforcoffeeexcellence.org/el-salvador-2004/
f59277b5e64c2ec4,El Salvador,2004,COE,34,f59277b5e64c2ec4|COE|NA|34,TRUE,1.3,NA,3164.07,NA,NA,https://allianceforcoffeeexcellence.org/el-salvador-2004/
f59277b5e64c2ec4,El Salvador,2004,COE,35,f59277b5e64c2ec4|COE|NA|35,TRUE,1.35,NA,4723.29,NA,NA,https://allianceforcoffeeexcellence.org/el-salvador-2004/
a4ff42ee1c56fcb6,El Salvador,2005,COE,1,a4ff42ee1c56fcb6|COE|NA|1,TRUE,16.3,NA,59508.94,NA,NA,https://allianceforcoffeeexcellence.org/el-salvador-2005/
a4ff42ee1c56fcb6,El Salvador,2005,COE,2,a4ff42ee1c56fcb6|COE|NA|2,TRUE,5.2,NA,24521.58,NA,NA,https://allianceforcoffeeexcellence.org/el-salvador-2005/
a4ff42ee1c56fcb6,El Salvador,2005,COE,3,a4ff42ee1c56fcb6|COE|NA|3,TRUE,4.8,NA,11682.74,NA,NA,https://allianceforcoffeeexcellence.org/el-salvador-2005/
a4ff42ee1c56fcb6,El Salvador,2005,COE,4,a4ff42ee1c56fcb6|COE|NA|4,TRUE,4.7,NA,12154.3,NA,NA,https://allianceforcoffeeexcellence.org/el-salvador-2005/
a4ff42ee1c56fcb6,El Salvador,2005,COE,5,a4ff42ee1c56fcb6|COE|NA|5,TRUE,4.85,NA,15493.32,NA,NA,https://allianceforcoffeeexcellence.org/el-salvador-2005/
a4ff42ee1c56fcb6,El Salvador,2005,COE,6,a4ff42ee1c56fcb6|COE|NA|6,TRUE,5,NA,15972.49,NA,NA,https://allianceforcoffeeexcellence.org/el-salvador-2005/
a4ff42ee1c56fcb6,El Salvador,2005,COE,7,a4ff42ee1c56fcb6|COE|NA|7,TRUE,4.25,NA,11637.1,NA,NA,https://allianceforcoffeeexcellence.org/el-salvador-2005/
a4ff42ee1c56fcb6,El Salvador,2005,COE,8,a4ff42ee1c56fcb6|COE|NA|8,TRUE,4.15,NA,14519.75,NA,NA,https://allianceforcoffeeexcellence.org/el-salvador-2005/
a4ff42ee1c56fcb6,El Salvador,2005,COE,9,a4ff42ee1c56fcb6|COE|NA|9,TRUE,4.2,NA,12777.99,NA,NA,https://allianceforcoffeeexcellence.org/el-salvador-2005/
a4ff42ee1c56fcb6,El Salvador,2005,COE,10,a4ff42ee1c56fcb6|COE|NA|10,TRUE,4.05,NA,12937.72,NA,NA,https://allianceforcoffeeexcellence.org/el-salvador-2005/
a4ff42ee1c56fcb6,El Salvador,2005,COE,11,a4ff42ee1c56fcb6|COE|NA|11,TRUE,4.05,NA,11705.55,NA,NA,https://allianceforcoffeeexcellence.org/el-salvador-2005/
a4ff42ee1c56fcb6,El Salvador,2005,COE,12,a4ff42ee1c56fcb6|COE|NA|12,TRUE,4.25,NA,9697.58,NA,NA,https://allianceforcoffeeexcellence.org/el-salvador-2005/
a4ff42ee1c56fcb6,El Salvador,2005,COE,13,a4ff42ee1c56fcb6|COE|NA|13,TRUE,3.38,NA,15939.02,NA,NA,https://allianceforcoffeeexcellence.org/el-salvador-2005/
a4ff42ee1c56fcb6,El Salvador,2005,COE,14,a4ff42ee1c56fcb6|COE|NA|14,TRUE,3.25,NA,27191.26,NA,NA,https://allianceforcoffeeexcellence.org/el-salvador-2005/
a4ff42ee1c56fcb6,El Salvador,2005,COE,15,a4ff42ee1c56fcb6|COE|NA|15,TRUE,4.9,NA,11926.13,NA,NA,https://allianceforcoffeeexcellence.org/el-salvador-2005/
a4ff42ee1c56fcb6,El Salvador,2005,COE,16,a4ff42ee1c56fcb6|COE|NA|16,TRUE,4.1,NA,11850.07,NA,NA,https://allianceforcoffeeexcellence.org/el-salvador-2005/
a4ff42ee1c56fcb6,El Salvador,2005,COE,17,a4ff42ee1c56fcb6|COE|NA|17,TRUE,2.75,NA,18824.72,NA,NA,https://allianceforcoffeeexcellence.org/el-salvador-2005/
ada629ce75da8ae0,El Salvador,2006,COE,1,ada629ce75da8ae0|COE|NA|1,TRUE,17,NA,41376.36,NA,NA,https://allianceforcoffeeexcellence.org/el-salvador-2006/
ada629ce75da8ae0,El Salvador,2006,COE,2,ada629ce75da8ae0|COE|NA|2,TRUE,17.04,NA,51842.14,NA,NA,https://allianceforcoffeeexcellence.org/el-salvador-2006/
ada629ce75da8ae0,El Salvador,2006,COE,3,ada629ce75da8ae0|COE|NA|3,TRUE,7.25,NA,27571.56,NA,NA,https://allianceforcoffeeexcellence.org/el-salvador-2006/
ada629ce75da8ae0,El Salvador,2006,COE,4,ada629ce75da8ae0|COE|NA|4,TRUE,6.05,NA,23928.31,NA,NA,https://allianceforcoffeeexcellence.org/el-salvador-2006/
ada629ce75da8ae0,El Salvador,2006,COE,5,ada629ce75da8ae0|COE|NA|5,TRUE,8.05,NA,15919.25,NA,NA,https://allianceforcoffeeexcellence.org/el-salvador-2006/
ada629ce75da8ae0,El Salvador,2006,COE,6,ada629ce75da8ae0|COE|NA|6,TRUE,3.15,NA,16771.12,NA,NA,https://allianceforcoffeeexcellence.org/el-salvador-2006/
ada629ce75da8ae0,El Salvador,2006,COE,7,ada629ce75da8ae0|COE|NA|7,TRUE,4.05,NA,15402.04,NA,NA,https://allianceforcoffeeexcellence.org/el-salvador-2006/
ada629ce75da8ae0,El Salvador,2006,COE,8,ada629ce75da8ae0|COE|NA|8,TRUE,3.9,NA,8898.96,NA,NA,https://allianceforcoffeeexcellence.org/el-salvador-2006/
ada629ce75da8ae0,El Salvador,2006,COE,9,ada629ce75da8ae0|COE|NA|9,TRUE,4.05,NA,8625.15,NA,NA,https://allianceforcoffeeexcellence.org/el-salvador-2006/
ada629ce75da8ae0,El Salvador,2006,COE,10,ada629ce75da8ae0|COE|NA|10,TRUE,4.05,NA,8009.06,NA,NA,https://allianceforcoffeeexcellence.org/el-salvador-2006/
ada629ce75da8ae0,El Salvador,2006,COE,11,ada629ce75da8ae0|COE|NA|11,TRUE,2.6,NA,17006.9,NA,NA,https://allianceforcoffeeexcellence.org/el-salvador-2006/
ada629ce75da8ae0,El Salvador,2006,COE,12,ada629ce75da8ae0|COE|NA|12,TRUE,5.35,NA,13835.22,NA,NA,https://allianceforcoffeeexcellence.org/el-salvador-2006/
ada629ce75da8ae0,El Salvador,2006,COE,13,ada629ce75da8ae0|COE|NA|13,TRUE,4.21,NA,18572.2,NA,NA,https://allianceforcoffeeexcellence.org/el-salvador-2006/
ada629ce75da8ae0,El Salvador,2006,COE,14,ada629ce75da8ae0|COE|NA|14,TRUE,5.1,NA,21722.59,NA,NA,https://allianceforcoffeeexcellence.org/el-salvador-2006/
ada629ce75da8ae0,El Salvador,2006,COE,15,ada629ce75da8ae0|COE|NA|15,TRUE,2.7,NA,26286.16,NA,NA,https://allianceforcoffeeexcellence.org/el-salvador-2006/
ada629ce75da8ae0,El Salvador,2006,COE,16,ada629ce75da8ae0|COE|NA|16,TRUE,3.02,NA,18375.97,NA,NA,https://allianceforcoffeeexcellence.org/el-salvador-2006/
ada629ce75da8ae0,El Salvador,2006,COE,17,ada629ce75da8ae0|COE|NA|17,TRUE,2.56,NA,15187.56,NA,NA,https://allianceforcoffeeexcellence.org/el-salvador-2006/
ada629ce75da8ae0,El Salvador,2006,COE,18,ada629ce75da8ae0|COE|NA|18,TRUE,4.05,NA,11089.47,NA,NA,https://allianceforcoffeeexcellence.org/el-salvador-2006/
ada629ce75da8ae0,El Salvador,2006,COE,19,ada629ce75da8ae0|COE|NA|19,TRUE,4.05,NA,9857.31,NA,NA,https://allianceforcoffeeexcellence.org/el-salvador-2006/
ada629ce75da8ae0,El Salvador,2006,COE,20,ada629ce75da8ae0|COE|NA|20,TRUE,3.85,NA,8784.87,NA,NA,https://allianceforcoffeeexcellence.org/el-salvador-2006/
ada629ce75da8ae0,El Salvador,2006,COE,21,ada629ce75da8ae0|COE|NA|21,TRUE,3,NA,13690.71,NA,NA,https://allianceforcoffeeexcellence.org/el-salvador-2006/
ada629ce75da8ae0,El Salvador,2006,COE,22,ada629ce75da8ae0|COE|NA|22,TRUE,3.45,NA,7872.16,NA,NA,https://allianceforcoffeeexcellence.org/el-salvador-2006/
ada629ce75da8ae0,El Salvador,2006,COE,23,ada629ce75da8ae0|COE|NA|23,TRUE,3.2,NA,6814.93,NA,NA,https://allianceforcoffeeexcellence.org/el-salvador-2006/
7596cdc55b1b13b7,El Salvador,2007,COE,1,7596cdc55b1b13b7|COE|NA|1,TRUE,15.55,NA,47309,NA,NA,https://allianceforcoffeeexcellence.org/el-salvador-2007/
7596cdc55b1b13b7,El Salvador,2007,COE,2,7596cdc55b1b13b7|COE|NA|2,TRUE,9.1,NA,30454.22,NA,NA,https://allianceforcoffeeexcellence.org/el-salvador-2007/
7596cdc55b1b13b7,El Salvador,2007,COE,3,7596cdc55b1b13b7|COE|NA|3,TRUE,12.05,NA,23829.44,NA,NA,https://allianceforcoffeeexcellence.org/el-salvador-2007/
7596cdc55b1b13b7,El Salvador,2007,COE,4,7596cdc55b1b13b7|COE|NA|4,TRUE,9,NA,26012.34,NA,NA,https://allianceforcoffeeexcellence.org/el-salvador-2007/
7596cdc55b1b13b7,El Salvador,2007,COE,5,7596cdc55b1b13b7|COE|NA|5,TRUE,4.1,NA,14344.82,NA,NA,https://allianceforcoffeeexcellence.org/el-salvador-2007/
7596cdc55b1b13b7,El Salvador,2007,COE,6,7596cdc55b1b13b7|COE|NA|6,TRUE,5.55,NA,18573.73,NA,NA,https://allianceforcoffeeexcellence.org/el-salvador-2007/
7596cdc55b1b13b7,El Salvador,2007,COE,7,7596cdc55b1b13b7|COE|NA|7,TRUE,4.8,NA,13143.08,NA,NA,https://allianceforcoffeeexcellence.org/el-salvador-2007/
7596cdc55b1b13b7,El Salvador,2007,COE,8,7596cdc55b1b13b7|COE|NA|8,TRUE,5.55,NA,17729.46,NA,NA,https://allianceforcoffeeexcellence.org/el-salvador-2007/
7596cdc55b1b13b7,El Salvador,2007,COE,9,7596cdc55b1b13b7|COE|NA|9,TRUE,4.06,NA,12352.06,NA,NA,https://allianceforcoffeeexcellence.org/el-salvador-2007/
7596cdc55b1b13b7,El Salvador,2007,COE,10,7596cdc55b1b13b7|COE|NA|10,TRUE,4.26,NA,10368.43,NA,NA,https://allianceforcoffeeexcellence.org/el-salvador-2007/
7596cdc55b1b13b7,El Salvador,2007,COE,11,7596cdc55b1b13b7|COE|NA|11,TRUE,4.3,NA,7849.34,NA,NA,https://allianceforcoffeeexcellence.org/el-salvador-2007/
7596cdc55b1b13b7,El Salvador,2007,COE,12,7596cdc55b1b13b7|COE|NA|12,TRUE,3.55,NA,8100.33,NA,NA,https://allianceforcoffeeexcellence.org/el-salvador-2007/
7596cdc55b1b13b7,El Salvador,2007,COE,13,7596cdc55b1b13b7|COE|NA|13,TRUE,3.5,NA,10115.91,NA,NA,https://allianceforcoffeeexcellence.org/el-salvador-2007/
7596cdc55b1b13b7,El Salvador,2007,COE,14,7596cdc55b1b13b7|COE|NA|14,TRUE,4.1,NA,24323.82,NA,NA,https://allianceforcoffeeexcellence.org/el-salvador-2007/
7596cdc55b1b13b7,El Salvador,2007,COE,15,7596cdc55b1b13b7|COE|NA|15,TRUE,3.25,NA,7910.19,NA,NA,https://allianceforcoffeeexcellence.org/el-salvador-2007/
7596cdc55b1b13b7,El Salvador,2007,COE,16,7596cdc55b1b13b7|COE|NA|16,TRUE,3.05,NA,8351.33,NA,NA,https://allianceforcoffeeexcellence.org/el-salvador-2007/
7596cdc55b1b13b7,El Salvador,2007,COE,17,7596cdc55b1b13b7|COE|NA|17,TRUE,3.4,NA,8275.27,NA,NA,https://allianceforcoffeeexcellence.org/el-salvador-2007/
7596cdc55b1b13b7,El Salvador,2007,COE,18,7596cdc55b1b13b7|COE|NA|18,TRUE,3.75,NA,9697.58,NA,NA,https://allianceforcoffeeexcellence.org/el-salvador-2007/
7596cdc55b1b13b7,El Salvador,2007,COE,19,7596cdc55b1b13b7|COE|NA|19,TRUE,3.05,NA,10671.15,NA,NA,https://allianceforcoffeeexcellence.org/el-salvador-2007/
7596cdc55b1b13b7,El Salvador,2007,COE,20,7596cdc55b1b13b7|COE|NA|20,TRUE,4.2,NA,8944.59,NA,NA,https://allianceforcoffeeexcellence.org/el-salvador-2007/
7596cdc55b1b13b7,El Salvador,2007,COE,21,7596cdc55b1b13b7|COE|NA|21,TRUE,3.2,NA,7301.71,NA,NA,https://allianceforcoffeeexcellence.org/el-salvador-2007/
7596cdc55b1b13b7,El Salvador,2007,COE,22,7596cdc55b1b13b7|COE|NA|22,TRUE,3.05,NA,11135.11,NA,NA,https://allianceforcoffeeexcellence.org/el-salvador-2007/
7596cdc55b1b13b7,El Salvador,2007,COE,23,7596cdc55b1b13b7|COE|NA|23,TRUE,3.45,NA,7872.16,NA,NA,https://allianceforcoffeeexcellence.org/el-salvador-2007/
6b9d377e893fb5d8,El Salvador,2008,COE,1,6b9d377e893fb5d8|COE|NA|1,TRUE,20.1,NA,51979.05,NA,NA,https://allianceforcoffeeexcellence.org/el-salvador-2008/
6b9d377e893fb5d8,El Salvador,2008,COE,2,6b9d377e893fb5d8|COE|NA|2,TRUE,9.55,NA,17432.83,NA,NA,https://allianceforcoffeeexcellence.org/el-salvador-2008/
6b9d377e893fb5d8,El Salvador,2008,COE,3,6b9d377e893fb5d8|COE|NA|3,TRUE,6.1,NA,29693.62,NA,NA,https://allianceforcoffeeexcellence.org/el-salvador-2008/
6b9d377e893fb5d8,El Salvador,2008,COE,4,6b9d377e893fb5d8|COE|NA|4,TRUE,10.16,NA,21637.4,NA,NA,https://allianceforcoffeeexcellence.org/el-salvador-2008/
6b9d377e893fb5d8,El Salvador,2008,COE,5,6b9d377e893fb5d8|COE|NA|5,TRUE,5.6,NA,17037.32,NA,NA,https://allianceforcoffeeexcellence.org/el-salvador-2008/
6b9d377e893fb5d8,El Salvador,2008,COE,6,6b9d377e893fb5d8|COE|NA|6,TRUE,8.65,NA,26316.58,NA,NA,https://allianceforcoffeeexcellence.org/el-salvador-2008/
6b9d377e893fb5d8,El Salvador,2008,COE,7,6b9d377e893fb5d8|COE|NA|7,TRUE,5.8,NA,10587.48,NA,NA,https://allianceforcoffeeexcellence.org/el-salvador-2008/
6b9d377e893fb5d8,El Salvador,2008,COE,8,6b9d377e893fb5d8|COE|NA|8,TRUE,6.06,NA,31342.59,NA,NA,https://allianceforcoffeeexcellence.org/el-salvador-2008/
6b9d377e893fb5d8,El Salvador,2008,COE,9,6b9d377e893fb5d8|COE|NA|9,TRUE,5.11,NA,20210.53,NA,NA,https://allianceforcoffeeexcellence.org/el-salvador-2008/
6b9d377e893fb5d8,El Salvador,2008,COE,10,6b9d377e893fb5d8|COE|NA|10,TRUE,5.55,NA,10131.12,NA,NA,https://allianceforcoffeeexcellence.org/el-salvador-2008/
6b9d377e893fb5d8,El Salvador,2008,COE,11,6b9d377e893fb5d8|COE|NA|11,TRUE,6,NA,20992.42,NA,NA,https://allianceforcoffeeexcellence.org/el-salvador-2008/
6b9d377e893fb5d8,El Salvador,2008,COE,12,6b9d377e893fb5d8|COE|NA|12,TRUE,7.05,NA,11796.83,NA,NA,https://allianceforcoffeeexcellence.org/el-salvador-2008/
6b9d377e893fb5d8,El Salvador,2008,COE,13,6b9d377e893fb5d8|COE|NA|13,TRUE,5,NA,15211.9,NA,NA,https://allianceforcoffeeexcellence.org/el-salvador-2008/
6b9d377e893fb5d8,El Salvador,2008,COE,14,6b9d377e893fb5d8|COE|NA|14,TRUE,4.9,NA,8944.59,NA,NA,https://allianceforcoffeeexcellence.org/el-salvador-2008/
6b9d377e893fb5d8,El Salvador,2008,COE,15,6b9d377e893fb5d8|COE|NA|15,TRUE,4.9,NA,13416.89,NA,NA,https://allianceforcoffeeexcellence.org/el-salvador-2008/
6b9d377e893fb5d8,El Salvador,2008,COE,16,6b9d377e893fb5d8|COE|NA|16,TRUE,7,NA,14907.66,NA,NA,https://allianceforcoffeeexcellence.org/el-salvador-2008/
6b9d377e893fb5d8,El Salvador,2008,COE,17,6b9d377e893fb5d8|COE|NA|17,TRUE,4.9,NA,14907.66,NA,NA,https://allianceforcoffeeexcellence.org/el-salvador-2008/
6b9d377e893fb5d8,El Salvador,2008,COE,18,6b9d377e893fb5d8|COE|NA|18,TRUE,4.6,NA,14694.69,NA,NA,https://allianceforcoffeeexcellence.org/el-salvador-2008/
6b9d377e893fb5d8,El Salvador,2008,COE,19,6b9d377e893fb5d8|COE|NA|19,TRUE,4.85,NA,12542.21,NA,NA,https://allianceforcoffeeexcellence.org/el-salvador-2008/
6b9d377e893fb5d8,El Salvador,2008,COE,20,6b9d377e893fb5d8|COE|NA|20,TRUE,4.65,NA,12025,NA,NA,https://allianceforcoffeeexcellence.org/el-salvador-2008/
6b9d377e893fb5d8,El Salvador,2008,COE,21,6b9d377e893fb5d8|COE|NA|21,TRUE,5.85,NA,11568.65,NA,NA,https://allianceforcoffeeexcellence.org/el-salvador-2008/
6b9d377e893fb5d8,El Salvador,2008,COE,22,6b9d377e893fb5d8|COE|NA|22,TRUE,4.55,NA,9689.98,NA,NA,https://allianceforcoffeeexcellence.org/el-salvador-2008/
6b9d377e893fb5d8,El Salvador,2008,COE,23,6b9d377e893fb5d8|COE|NA|23,TRUE,3.9,NA,10085.49,NA,NA,https://allianceforcoffeeexcellence.org/el-salvador-2008/
6b9d377e893fb5d8,El Salvador,2008,COE,24,6b9d377e893fb5d8|COE|NA|24,TRUE,3.9,NA,11865.28,NA,NA,https://allianceforcoffeeexcellence.org/el-salvador-2008/
6b9d377e893fb5d8,El Salvador,2008,COE,25,6b9d377e893fb5d8|COE|NA|25,TRUE,3.01,NA,12820.59,NA,NA,https://allianceforcoffeeexcellence.org/el-salvador-2008/
6b9d377e893fb5d8,El Salvador,2008,COE,26,6b9d377e893fb5d8|COE|NA|26,TRUE,4.16,NA,10125.04,NA,NA,https://allianceforcoffeeexcellence.org/el-salvador-2008/
6b9d377e893fb5d8,El Salvador,2008,COE,27,6b9d377e893fb5d8|COE|NA|27,TRUE,4.15,NA,12625.87,NA,NA,https://allianceforcoffeeexcellence.org/el-salvador-2008/
6b9d377e893fb5d8,El Salvador,2008,COE,28,6b9d377e893fb5d8|COE|NA|28,TRUE,4.1,NA,11850.07,NA,NA,https://allianceforcoffeeexcellence.org/el-salvador-2008/
6b9d377e893fb5d8,El Salvador,2008,COE,29,6b9d377e893fb5d8|COE|NA|29,TRUE,3.65,NA,10549.45,NA,NA,https://allianceforcoffeeexcellence.org/el-salvador-2008/
6b9d377e893fb5d8,El Salvador,2008,COE,30,6b9d377e893fb5d8|COE|NA|30,TRUE,4.3,NA,9157.56,NA,NA,https://allianceforcoffeeexcellence.org/el-salvador-2008/
6b9d377e893fb5d8,El Salvador,2008,COE,31,6b9d377e893fb5d8|COE|NA|31,TRUE,4.05,NA,9241.23,NA,NA,https://allianceforcoffeeexcellence.org/el-salvador-2008/
6b9d377e893fb5d8,El Salvador,2008,COE,32,6b9d377e893fb5d8|COE|NA|32,TRUE,3.75,NA,9127.14,NA,NA,https://allianceforcoffeeexcellence.org/el-salvador-2008/
6b9d377e893fb5d8,El Salvador,2008,COE,33,6b9d377e893fb5d8|COE|NA|33,TRUE,3.8,NA,12717.15,NA,NA,https://allianceforcoffeeexcellence.org/el-salvador-2008/
6b9d377e893fb5d8,El Salvador,2008,COE,34,6b9d377e893fb5d8|COE|NA|34,TRUE,3.15,NA,17729.46,NA,NA,https://allianceforcoffeeexcellence.org/el-salvador-2008/
6b9d377e893fb5d8,El Salvador,2008,COE,35,6b9d377e893fb5d8|COE|NA|35,TRUE,3.61,NA,9335.54,NA,NA,https://allianceforcoffeeexcellence.org/el-salvador-2008/
6b9d377e893fb5d8,El Salvador,2008,COE,36,6b9d377e893fb5d8|COE|NA|36,TRUE,3.6,NA,13690.71,NA,NA,https://allianceforcoffeeexcellence.org/el-salvador-2008/
3d618d74f19c5393,El Salvador,2009,COE,1,3d618d74f19c5393|COE|NA|1,TRUE,22.25,NA,69108.5,NA,NA,https://allianceforcoffeeexcellence.org/el-salvador-2009/
3d618d74f19c5393,El Salvador,2009,COE,2,3d618d74f19c5393|COE|NA|2,TRUE,8.3,NA,28087.2,NA,NA,https://allianceforcoffeeexcellence.org/el-salvador-2009/
3d618d74f19c5393,El Salvador,2009,COE,3,3d618d74f19c5393|COE|NA|3,TRUE,8.55,NA,24820.65,NA,NA,https://allianceforcoffeeexcellence.org/el-salvador-2009/
3d618d74f19c5393,El Salvador,2009,COE,4,3d618d74f19c5393|COE|NA|4,TRUE,5.75,NA,16077,NA,NA,https://allianceforcoffeeexcellence.org/el-salvador-2009/
3d618d74f19c5393,El Salvador,2009,COE,5,3d618d74f19c5393|COE|NA|5,TRUE,9,NA,37233,NA,NA,https://allianceforcoffeeexcellence.org/el-salvador-2009/
3d618d74f19c5393,El Salvador,2009,COE,6,3d618d74f19c5393|COE|NA|6,TRUE,4.2,NA,14708.4,NA,NA,https://allianceforcoffeeexcellence.org/el-salvador-2009/
3d618d74f19c5393,El Salvador,2009,COE,7,3d618d74f19c5393|COE|NA|7,TRUE,6.05,NA,17284.85,NA,NA,https://allianceforcoffeeexcellence.org/el-salvador-2009/
3d618d74f19c5393,El Salvador,2009,COE,8,3d618d74f19c5393|COE|NA|8,TRUE,6.05,NA,14852.75,NA,NA,https://allianceforcoffeeexcellence.org/el-salvador-2009/
3d618d74f19c5393,El Salvador,2009,COE,9,3d618d74f19c5393|COE|NA|9,TRUE,5,NA,11450,NA,NA,https://allianceforcoffeeexcellence.org/el-salvador-2009/
3d618d74f19c5393,El Salvador,2009,COE,10,3d618d74f19c5393|COE|NA|10,TRUE,3.55,NA,11505.55,NA,NA,https://allianceforcoffeeexcellence.org/el-salvador-2009/
3d618d74f19c5393,El Salvador,2009,COE,11,3d618d74f19c5393|COE|NA|11,TRUE,3.2,NA,9292.8,NA,NA,https://allianceforcoffeeexcellence.org/el-salvador-2009/
3d618d74f19c5393,El Salvador,2009,COE,12,3d618d74f19c5393|COE|NA|12,TRUE,3.2,NA,10409.6,NA,NA,https://allianceforcoffeeexcellence.org/el-salvador-2009/
3d618d74f19c5393,El Salvador,2009,COE,13,3d618d74f19c5393|COE|NA|13,TRUE,3.05,NA,15469.6,NA,NA,https://allianceforcoffeeexcellence.org/el-salvador-2009/
3d618d74f19c5393,El Salvador,2009,COE,14,3d618d74f19c5393|COE|NA|14,TRUE,3.55,NA,11147,NA,NA,https://allianceforcoffeeexcellence.org/el-salvador-2009/
3d618d74f19c5393,El Salvador,2009,COE,15,3d618d74f19c5393|COE|NA|15,TRUE,3.3,NA,10315.8,NA,NA,https://allianceforcoffeeexcellence.org/el-salvador-2009/
3d618d74f19c5393,El Salvador,2009,COE,16,3d618d74f19c5393|COE|NA|16,TRUE,2.7,NA,12822.3,NA,NA,https://allianceforcoffeeexcellence.org/el-salvador-2009/
3d618d74f19c5393,El Salvador,2009,COE,17,3d618d74f19c5393|COE|NA|17,TRUE,3.15,NA,16483.95,NA,NA,https://allianceforcoffeeexcellence.org/el-salvador-2009/
3d618d74f19c5393,El Salvador,2009,COE,18,3d618d74f19c5393|COE|NA|18,TRUE,2.95,NA,8186.25,NA,NA,https://allianceforcoffeeexcellence.org/el-salvador-2009/
3d618d74f19c5393,El Salvador,2009,COE,19,3d618d74f19c5393|COE|NA|19,TRUE,3.1,NA,7300.5,NA,NA,https://allianceforcoffeeexcellence.org/el-salvador-2009/
3d618d74f19c5393,El Salvador,2009,COE,20,3d618d74f19c5393|COE|NA|20,TRUE,6,NA,20334,NA,NA,https://allianceforcoffeeexcellence.org/el-salvador-2009/
3d618d74f19c5393,El Salvador,2009,COE,21,3d618d74f19c5393|COE|NA|21,TRUE,2.65,NA,7971.2,NA,NA,https://allianceforcoffeeexcellence.org/el-salvador-2009/
3d618d74f19c5393,El Salvador,2009,COE,22,3d618d74f19c5393|COE|NA|22,TRUE,3.45,NA,10839.9,NA,NA,https://allianceforcoffeeexcellence.org/el-salvador-2009/
3d618d74f19c5393,El Salvador,2009,COE,23,3d618d74f19c5393|COE|NA|23,TRUE,2.85,NA,11975.7,NA,NA,https://allianceforcoffeeexcellence.org/el-salvador-2009/
3d618d74f19c5393,El Salvador,2009,COE,24,3d618d74f19c5393|COE|NA|24,TRUE,2.8,NA,8895.6,NA,NA,https://allianceforcoffeeexcellence.org/el-salvador-2009/
3d618d74f19c5393,El Salvador,2009,COE,25,3d618d74f19c5393|COE|NA|25,TRUE,2.8,NA,6879.6,NA,NA,https://allianceforcoffeeexcellence.org/el-salvador-2009/
3d618d74f19c5393,El Salvador,2009,COE,26,3d618d74f19c5393|COE|NA|26,TRUE,2.8,NA,15940.4,NA,NA,https://allianceforcoffeeexcellence.org/el-salvador-2009/
3d618d74f19c5393,El Salvador,2009,COE,27,3d618d74f19c5393|COE|NA|27,TRUE,3.4,NA,10050.4,NA,NA,https://allianceforcoffeeexcellence.org/el-salvador-2009/
3d618d74f19c5393,El Salvador,2009,COE,28,3d618d74f19c5393|COE|NA|28,TRUE,2.9,NA,8827.6,NA,NA,https://allianceforcoffeeexcellence.org/el-salvador-2009/
3d618d74f19c5393,El Salvador,2009,COE,29,3d618d74f19c5393|COE|NA|29,TRUE,2.65,NA,10054.1,NA,NA,https://allianceforcoffeeexcellence.org/el-salvador-2009/
3d618d74f19c5393,El Salvador,2009,COE,30,3d618d74f19c5393|COE|NA|30,TRUE,3.5,NA,14112,NA,NA,https://allianceforcoffeeexcellence.org/el-salvador-2009/
3d618d74f19c5393,El Salvador,2009,COE,31,3d618d74f19c5393|COE|NA|31,TRUE,2.65,NA,8079.85,NA,NA,https://allianceforcoffeeexcellence.org/el-salvador-2009/
3d618d74f19c5393,El Salvador,2009,COE,32,3d618d74f19c5393|COE|NA|32,TRUE,2.75,NA,9333.5,NA,NA,https://allianceforcoffeeexcellence.org/el-salvador-2009/
3d618d74f19c5393,El Salvador,2009,COE,33,3d618d74f19c5393|COE|NA|33,TRUE,2.8,NA,16371.6,NA,NA,https://allianceforcoffeeexcellence.org/el-salvador-2009/
27f98df4f5c3dba9,El Salvador,2010,COE,1,27f98df4f5c3dba9|COE|NA|1,TRUE,28,NA,66696,NA,NA,https://allianceforcoffeeexcellence.org/el-salvador-2010/
27f98df4f5c3dba9,El Salvador,2010,COE,2,27f98df4f5c3dba9|COE|NA|2,TRUE,17.55,NA,40207.05,NA,NA,https://allianceforcoffeeexcellence.org/el-salvador-2010/
27f98df4f5c3dba9,El Salvador,2010,COE,3,27f98df4f5c3dba9|COE|NA|3,TRUE,8.41,NA,32925.15,NA,NA,https://allianceforcoffeeexcellence.org/el-salvador-2010/
27f98df4f5c3dba9,El Salvador,2010,COE,4,27f98df4f5c3dba9|COE|NA|4,TRUE,7.2,NA,36108,NA,NA,https://allianceforcoffeeexcellence.org/el-salvador-2010/
27f98df4f5c3dba9,El Salvador,2010,COE,5,27f98df4f5c3dba9|COE|NA|5,TRUE,9.45,NA,24711.75,NA,NA,https://allianceforcoffeeexcellence.org/el-salvador-2010/
27f98df4f5c3dba9,El Salvador,2010,COE,6,27f98df4f5c3dba9|COE|NA|6,TRUE,10.25,NA,31242,NA,NA,https://allianceforcoffeeexcellence.org/el-salvador-2010/
27f98df4f5c3dba9,El Salvador,2010,COE,7,27f98df4f5c3dba9|COE|NA|7,TRUE,8.4,NA,22419.6,NA,NA,https://allianceforcoffeeexcellence.org/el-salvador-2010/
27f98df4f5c3dba9,El Salvador,2010,COE,8,27f98df4f5c3dba9|COE|NA|8,TRUE,8,NA,20544,NA,NA,https://allianceforcoffeeexcellence.org/el-salvador-2010/
27f98df4f5c3dba9,El Salvador,2010,COE,9,27f98df4f5c3dba9|COE|NA|9,TRUE,8,NA,20712,NA,NA,https://allianceforcoffeeexcellence.org/el-salvador-2010/
27f98df4f5c3dba9,El Salvador,2010,COE,10,27f98df4f5c3dba9|COE|NA|10,TRUE,7,NA,18305,NA,NA,https://allianceforcoffeeexcellence.org/el-salvador-2010/
27f98df4f5c3dba9,El Salvador,2010,COE,11,27f98df4f5c3dba9|COE|NA|11,TRUE,7.05,NA,24935.85,NA,NA,https://allianceforcoffeeexcellence.org/el-salvador-2010/
27f98df4f5c3dba9,El Salvador,2010,COE,12,27f98df4f5c3dba9|COE|NA|12,TRUE,6.1,NA,20849.8,NA,NA,https://allianceforcoffeeexcellence.org/el-salvador-2010/
27f98df4f5c3dba9,El Salvador,2010,COE,13,27f98df4f5c3dba9|COE|NA|13,TRUE,6.25,NA,18243.75,NA,NA,https://allianceforcoffeeexcellence.org/el-salvador-2010/
27f98df4f5c3dba9,El Salvador,2010,COE,14,27f98df4f5c3dba9|COE|NA|14,TRUE,6.2,NA,17688.6,NA,NA,https://allianceforcoffeeexcellence.org/el-salvador-2010/
27f98df4f5c3dba9,El Salvador,2010,COE,15,27f98df4f5c3dba9|COE|NA|15,TRUE,6.3,NA,17425.8,NA,NA,https://allianceforcoffeeexcellence.org/el-salvador-2010/
27f98df4f5c3dba9,El Salvador,2010,COE,16,27f98df4f5c3dba9|COE|NA|16,TRUE,6.59,NA,18438.82,NA,NA,https://allianceforcoffeeexcellence.org/el-salvador-2010/
27f98df4f5c3dba9,El Salvador,2010,COE,17,27f98df4f5c3dba9|COE|NA|17,TRUE,5.95,NA,15273.65,NA,NA,https://allianceforcoffeeexcellence.org/el-salvador-2010/
27f98df4f5c3dba9,El Salvador,2010,COE,18,27f98df4f5c3dba9|COE|NA|18,TRUE,5.65,NA,19588.55,NA,NA,https://allianceforcoffeeexcellence.org/el-salvador-2010/
27f98df4f5c3dba9,El Salvador,2010,COE,19,27f98df4f5c3dba9|COE|NA|19,TRUE,5.75,NA,17158,NA,NA,https://allianceforcoffeeexcellence.org/el-salvador-2010/
27f98df4f5c3dba9,El Salvador,2010,COE,20,27f98df4f5c3dba9|COE|NA|20,TRUE,5.91,NA,19963.98,NA,NA,https://allianceforcoffeeexcellence.org/el-salvador-2010/
27f98df4f5c3dba9,El Salvador,2010,COE,21,27f98df4f5c3dba9|COE|NA|21,TRUE,6.1,NA,21569.6,NA,NA,https://allianceforcoffeeexcellence.org/el-salvador-2010/
27f98df4f5c3dba9,El Salvador,2010,COE,22,27f98df4f5c3dba9|COE|NA|22,TRUE,6.05,NA,21350.45,NA,NA,https://allianceforcoffeeexcellence.org/el-salvador-2010/
27f98df4f5c3dba9,El Salvador,2010,COE,23,27f98df4f5c3dba9|COE|NA|23,TRUE,6.26,NA,19024.14,NA,NA,https://allianceforcoffeeexcellence.org/el-salvador-2010/
27f98df4f5c3dba9,El Salvador,2010,COE,24,27f98df4f5c3dba9|COE|NA|24,TRUE,4.05,NA,38742.3,NA,NA,https://allianceforcoffeeexcellence.org/el-salvador-2010/
27f98df4f5c3dba9,El Salvador,2010,COE,25,27f98df4f5c3dba9|COE|NA|25,TRUE,6,NA,18684,NA,NA,https://allianceforcoffeeexcellence.org/el-salvador-2010/
27f98df4f5c3dba9,El Salvador,2010,COE,26,27f98df4f5c3dba9|COE|NA|26,TRUE,5.95,NA,19498.15,NA,NA,https://allianceforcoffeeexcellence.org/el-salvador-2010/
27f98df4f5c3dba9,El Salvador,2010,COE,27,27f98df4f5c3dba9|COE|NA|27,TRUE,6,NA,19728,NA,NA,https://allianceforcoffeeexcellence.org/el-salvador-2010/
27f98df4f5c3dba9,El Salvador,2010,COE,28,27f98df4f5c3dba9|COE|NA|28,TRUE,6.31,NA,21094.33,NA,NA,https://allianceforcoffeeexcellence.org/el-salvador-2010/
27f98df4f5c3dba9,El Salvador,2010,COE,29,27f98df4f5c3dba9|COE|NA|29,TRUE,5.9,NA,20231.1,NA,NA,https://allianceforcoffeeexcellence.org/el-salvador-2010/
27f98df4f5c3dba9,El Salvador,2010,COE,30,27f98df4f5c3dba9|COE|NA|30,TRUE,5.31,NA,15478.65,NA,NA,https://allianceforcoffeeexcellence.org/el-salvador-2010/
236a55b8dc898b6b,El Salvador,2011,COE,1,236a55b8dc898b6b|COE|NA|1,TRUE,19.2,NA,52704,NA,NA,https://allianceforcoffeeexcellence.org/el-salvador-2011/
236a55b8dc898b6b,El Salvador,2011,COE,2,236a55b8dc898b6b|COE|NA|2,TRUE,15,NA,51585,NA,NA,https://allianceforcoffeeexcellence.org/el-salvador-2011/
236a55b8dc898b6b,El Salvador,2011,COE,3,236a55b8dc898b6b|COE|NA|3,TRUE,10.4,NA,28891.2,NA,NA,https://allianceforcoffeeexcellence.org/el-salvador-2011/
236a55b8dc898b6b,El Salvador,2011,COE,4,236a55b8dc898b6b|COE|NA|4,TRUE,14.55,NA,38979.45,NA,NA,https://allianceforcoffeeexcellence.org/el-salvador-2011/
236a55b8dc898b6b,El Salvador,2011,COE,5,236a55b8dc898b6b|COE|NA|5,TRUE,10,NA,30420,NA,NA,https://allianceforcoffeeexcellence.org/el-salvador-2011/
236a55b8dc898b6b,El Salvador,2011,COE,6,236a55b8dc898b6b|COE|NA|6,TRUE,10.06,NA,43579.92,NA,NA,https://allianceforcoffeeexcellence.org/el-salvador-2011/
236a55b8dc898b6b,El Salvador,2011,COE,7,236a55b8dc898b6b|COE|NA|7,TRUE,9.16,NA,28469.28,NA,NA,https://allianceforcoffeeexcellence.org/el-salvador-2011/
236a55b8dc898b6b,El Salvador,2011,COE,8,236a55b8dc898b6b|COE|NA|8,TRUE,6,NA,19842,NA,NA,https://allianceforcoffeeexcellence.org/el-salvador-2011/
236a55b8dc898b6b,El Salvador,2011,COE,9,236a55b8dc898b6b|COE|NA|9,TRUE,6.1,NA,21990.5,NA,NA,https://allianceforcoffeeexcellence.org/el-salvador-2011/
236a55b8dc898b6b,El Salvador,2011,COE,10,236a55b8dc898b6b|COE|NA|10,TRUE,6.1,NA,18354.9,NA,NA,https://allianceforcoffeeexcellence.org/el-salvador-2011/
236a55b8dc898b6b,El Salvador,2011,COE,11,236a55b8dc898b6b|COE|NA|11,TRUE,4.9,NA,18149.6,NA,NA,https://allianceforcoffeeexcellence.org/el-salvador-2011/
236a55b8dc898b6b,El Salvador,2011,COE,12,236a55b8dc898b6b|COE|NA|12,TRUE,5.1,NA,21588.3,NA,NA,https://allianceforcoffeeexcellence.org/el-salvador-2011/
236a55b8dc898b6b,El Salvador,2011,COE,13,236a55b8dc898b6b|COE|NA|13,TRUE,5.5,NA,15642,NA,NA,https://allianceforcoffeeexcellence.org/el-salvador-2011/
236a55b8dc898b6b,El Salvador,2011,COE,14,236a55b8dc898b6b|COE|NA|14,TRUE,5.2,NA,17882.8,NA,NA,https://allianceforcoffeeexcellence.org/el-salvador-2011/
236a55b8dc898b6b,El Salvador,2011,COE,15,236a55b8dc898b6b|COE|NA|15,TRUE,4.3,NA,18485.7,NA,NA,https://allianceforcoffeeexcellence.org/el-salvador-2011/
236a55b8dc898b6b,El Salvador,2011,COE,16,236a55b8dc898b6b|COE|NA|16,TRUE,5.1,NA,13494.6,NA,NA,https://allianceforcoffeeexcellence.org/el-salvador-2011/
236a55b8dc898b6b,El Salvador,2011,COE,17,236a55b8dc898b6b|COE|NA|17,TRUE,8.1,NA,21967.2,NA,NA,https://allianceforcoffeeexcellence.org/el-salvador-2011/
236a55b8dc898b6b,El Salvador,2011,COE,18,236a55b8dc898b6b|COE|NA|18,TRUE,4.5,NA,12204,NA,NA,https://allianceforcoffeeexcellence.org/el-salvador-2011/
236a55b8dc898b6b,El Salvador,2011,COE,19,236a55b8dc898b6b|COE|NA|19,TRUE,4.5,NA,14287.5,NA,NA,https://allianceforcoffeeexcellence.org/el-salvador-2011/
236a55b8dc898b6b,El Salvador,2011,COE,20,236a55b8dc898b6b|COE|NA|20,TRUE,4.5,NA,14584.5,NA,NA,https://allianceforcoffeeexcellence.org/el-salvador-2011/
236a55b8dc898b6b,El Salvador,2011,COE,21,236a55b8dc898b6b|COE|NA|21,TRUE,4,NA,19048,NA,NA,https://allianceforcoffeeexcellence.org/el-salvador-2011/
236a55b8dc898b6b,El Salvador,2011,COE,22,236a55b8dc898b6b|COE|NA|22,TRUE,6,NA,17064,NA,NA,https://allianceforcoffeeexcellence.org/el-salvador-2011/
236a55b8dc898b6b,El Salvador,2011,COE,23,236a55b8dc898b6b|COE|NA|23,TRUE,9.2,NA,25557.6,NA,NA,https://allianceforcoffeeexcellence.org/el-salvador-2011/
236a55b8dc898b6b,El Salvador,2011,COE,24,236a55b8dc898b6b|COE|NA|24,TRUE,4,NA,17856,NA,NA,https://allianceforcoffeeexcellence.org/el-salvador-2011/
236a55b8dc898b6b,El Salvador,2011,COE,25,236a55b8dc898b6b|COE|NA|25,TRUE,4,NA,17988,NA,NA,https://allianceforcoffeeexcellence.org/el-salvador-2011/
236a55b8dc898b6b,El Salvador,2011,COE,26,236a55b8dc898b6b|COE|NA|26,TRUE,4.3,NA,14503.9,NA,NA,https://allianceforcoffeeexcellence.org/el-salvador-2011/
236a55b8dc898b6b,El Salvador,2011,COE,27,236a55b8dc898b6b|COE|NA|27,TRUE,4.1,NA,10573.9,NA,NA,https://allianceforcoffeeexcellence.org/el-salvador-2011/
236a55b8dc898b6b,El Salvador,2011,COE,28,236a55b8dc898b6b|COE|NA|28,TRUE,6.1,NA,21380.5,NA,NA,https://allianceforcoffeeexcellence.org/el-salvador-2011/
236a55b8dc898b6b,El Salvador,2011,COE,29,236a55b8dc898b6b|COE|NA|29,TRUE,5.3,NA,12444.4,NA,NA,https://allianceforcoffeeexcellence.org/el-salvador-2011/
236a55b8dc898b6b,El Salvador,2011,COE,30,236a55b8dc898b6b|COE|NA|30,TRUE,6.6,NA,15061.2,NA,NA,https://allianceforcoffeeexcellence.org/el-salvador-2011/
236a55b8dc898b6b,El Salvador,2011,COE,31,236a55b8dc898b6b|COE|NA|31,TRUE,4.3,NA,12938.7,NA,NA,https://allianceforcoffeeexcellence.org/el-salvador-2011/
236a55b8dc898b6b,El Salvador,2011,COE,32,236a55b8dc898b6b|COE|NA|32,TRUE,4.2,NA,13473.6,NA,NA,https://allianceforcoffeeexcellence.org/el-salvador-2011/
236a55b8dc898b6b,El Salvador,2011,COE,33,236a55b8dc898b6b|COE|NA|33,TRUE,4.4,NA,11787.6,NA,NA,https://allianceforcoffeeexcellence.org/el-salvador-2011/
236a55b8dc898b6b,El Salvador,2011,COE,34,236a55b8dc898b6b|COE|NA|34,TRUE,4.5,NA,14287.5,NA,NA,https://allianceforcoffeeexcellence.org/el-salvador-2011/
236a55b8dc898b6b,El Salvador,2011,COE,35,236a55b8dc898b6b|COE|NA|35,TRUE,4.1,NA,13829.3,NA,NA,https://allianceforcoffeeexcellence.org/el-salvador-2011/
236a55b8dc898b6b,El Salvador,2011,COE,36,236a55b8dc898b6b|COE|NA|36,TRUE,4,NA,12036,NA,NA,https://allianceforcoffeeexcellence.org/el-salvador-2011/
236a55b8dc898b6b,El Salvador,2011,COE,37,236a55b8dc898b6b|COE|NA|37,TRUE,4.1,NA,14235.2,NA,NA,https://allianceforcoffeeexcellence.org/el-salvador-2011/
236a55b8dc898b6b,El Salvador,2011,COE,38,236a55b8dc898b6b|COE|NA|38,TRUE,4.1,NA,12742.8,NA,NA,https://allianceforcoffeeexcellence.org/el-salvador-2011/
236a55b8dc898b6b,El Salvador,2011,COE,39,236a55b8dc898b6b|COE|NA|39,TRUE,4,NA,13624,NA,NA,https://allianceforcoffeeexcellence.org/el-salvador-2011/
236a55b8dc898b6b,El Salvador,2011,COE,40,236a55b8dc898b6b|COE|NA|40,TRUE,5.1,NA,13831.2,NA,NA,https://allianceforcoffeeexcellence.org/el-salvador-2011/
236a55b8dc898b6b,El Salvador,2011,COE,41,236a55b8dc898b6b|COE|NA|41,TRUE,4,NA,10980,NA,NA,https://allianceforcoffeeexcellence.org/el-salvador-2011/
236a55b8dc898b6b,El Salvador,2011,COE,42,236a55b8dc898b6b|COE|NA|42,TRUE,4,NA,11900,NA,NA,https://allianceforcoffeeexcellence.org/el-salvador-2011/
eba617e4fe8e52b9,El Salvador,2012,COE,1,eba617e4fe8e52b9|COE|NA|1,TRUE,26.5,NA,68353.57,NA,NA,https://allianceforcoffeeexcellence.org/el-salvador-2012/
eba617e4fe8e52b9,El Salvador,2012,COE,2,eba617e4fe8e52b9|COE|NA|2,TRUE,18.6,NA,59048.86,NA,NA,https://allianceforcoffeeexcellence.org/el-salvador-2012/
eba617e4fe8e52b9,El Salvador,2012,COE,3,eba617e4fe8e52b9|COE|NA|3,TRUE,14.8,NA,46005.5,NA,NA,https://allianceforcoffeeexcellence.org/el-salvador-2012/
eba617e4fe8e52b9,El Salvador,2012,COE,4,eba617e4fe8e52b9|COE|NA|4,TRUE,15.1,NA,38948.79,NA,NA,https://allianceforcoffeeexcellence.org/el-salvador-2012/
eba617e4fe8e52b9,El Salvador,2012,COE,5,eba617e4fe8e52b9|COE|NA|5,TRUE,10.1,NA,28723.79,NA,NA,https://allianceforcoffeeexcellence.org/el-salvador-2012/
eba617e4fe8e52b9,El Salvador,2012,COE,6,eba617e4fe8e52b9|COE|NA|6,TRUE,8.7,NA,29920.87,NA,NA,https://allianceforcoffeeexcellence.org/el-salvador-2012/
eba617e4fe8e52b9,El Salvador,2012,COE,7,eba617e4fe8e52b9|COE|NA|7,TRUE,10.1,NA,26051.84,NA,NA,https://allianceforcoffeeexcellence.org/el-salvador-2012/
eba617e4fe8e52b9,El Salvador,2012,COE,8,eba617e4fe8e52b9|COE|NA|8,TRUE,10,NA,30423.5,NA,NA,https://allianceforcoffeeexcellence.org/el-salvador-2012/
eba617e4fe8e52b9,El Salvador,2012,COE,9,eba617e4fe8e52b9|COE|NA|9,TRUE,7.8,NA,21666.76,NA,NA,https://allianceforcoffeeexcellence.org/el-salvador-2012/
eba617e4fe8e52b9,El Salvador,2012,COE,10,eba617e4fe8e52b9|COE|NA|10,TRUE,7.01,NA,20399.52,NA,NA,https://allianceforcoffeeexcellence.org/el-salvador-2012/
eba617e4fe8e52b9,El Salvador,2012,COE,11,eba617e4fe8e52b9|COE|NA|11,TRUE,6.2,NA,19272.51,NA,NA,https://allianceforcoffeeexcellence.org/el-salvador-2012/
eba617e4fe8e52b9,El Salvador,2012,COE,12,eba617e4fe8e52b9|COE|NA|12,TRUE,9.2,NA,25555.67,NA,NA,https://allianceforcoffeeexcellence.org/el-salvador-2012/
eba617e4fe8e52b9,El Salvador,2012,COE,13,eba617e4fe8e52b9|COE|NA|13,TRUE,6,NA,18651,NA,NA,https://allianceforcoffeeexcellence.org/el-salvador-2012/
eba617e4fe8e52b9,El Salvador,2012,COE,14,eba617e4fe8e52b9|COE|NA|14,TRUE,5.6,NA,21111.33,NA,NA,https://allianceforcoffeeexcellence.org/el-salvador-2012/
eba617e4fe8e52b9,El Salvador,2012,COE,15,eba617e4fe8e52b9|COE|NA|15,TRUE,7.2,NA,20952.43,NA,NA,https://allianceforcoffeeexcellence.org/el-salvador-2012/
eba617e4fe8e52b9,El Salvador,2012,COE,16,eba617e4fe8e52b9|COE|NA|16,TRUE,6.6,NA,20516.1,NA,NA,https://allianceforcoffeeexcellence.org/el-salvador-2012/
eba617e4fe8e52b9,El Salvador,2012,COE,17,eba617e4fe8e52b9|COE|NA|17,TRUE,5.4,NA,18928.67,NA,NA,https://allianceforcoffeeexcellence.org/el-salvador-2012/
eba617e4fe8e52b9,El Salvador,2012,COE,18,eba617e4fe8e52b9|COE|NA|18,TRUE,5.7,NA,20734.32,NA,NA,https://allianceforcoffeeexcellence.org/el-salvador-2012/
eba617e4fe8e52b9,El Salvador,2012,COE,19,eba617e4fe8e52b9|COE|NA|19,TRUE,5.61,NA,20777.93,NA,NA,https://allianceforcoffeeexcellence.org/el-salvador-2012/
eba617e4fe8e52b9,El Salvador,2012,COE,20,eba617e4fe8e52b9|COE|NA|20,TRUE,5.21,NA,14127.75,NA,NA,https://allianceforcoffeeexcellence.org/el-salvador-2012/
eba617e4fe8e52b9,El Salvador,2012,COE,21,eba617e4fe8e52b9|COE|NA|21,TRUE,7.06,NA,18677.3,NA,NA,https://allianceforcoffeeexcellence.org/el-salvador-2012/
eba617e4fe8e52b9,El Salvador,2012,COE,22,eba617e4fe8e52b9|COE|NA|22,TRUE,6.2,NA,18862.51,NA,NA,https://allianceforcoffeeexcellence.org/el-salvador-2012/
eba617e4fe8e52b9,El Salvador,2012,COE,23,eba617e4fe8e52b9|COE|NA|23,TRUE,5.8,NA,17261.96,NA,NA,https://allianceforcoffeeexcellence.org/el-salvador-2012/
eba617e4fe8e52b9,El Salvador,2012,COE,24,eba617e4fe8e52b9|COE|NA|24,TRUE,5.7,NA,18095.33,NA,NA,https://allianceforcoffeeexcellence.org/el-salvador-2012/
eba617e4fe8e52b9,El Salvador,2012,COE,25,eba617e4fe8e52b9|COE|NA|25,TRUE,8.1,NA,18214.39,NA,NA,https://allianceforcoffeeexcellence.org/el-salvador-2012/
eba617e4fe8e52b9,El Salvador,2012,COE,26,eba617e4fe8e52b9|COE|NA|26,TRUE,5.6,NA,16296.45,NA,NA,https://allianceforcoffeeexcellence.org/el-salvador-2012/
eba617e4fe8e52b9,El Salvador,2012,COE,27,eba617e4fe8e52b9|COE|NA|27,TRUE,6,NA,17857.32,NA,NA,https://allianceforcoffeeexcellence.org/el-salvador-2012/
eba617e4fe8e52b9,El Salvador,2012,COE,28,eba617e4fe8e52b9|COE|NA|28,TRUE,5.3,NA,20330.85,NA,NA,https://allianceforcoffeeexcellence.org/el-salvador-2012/
7294b6371afc8507,El Salvador,2013,COE,1,7294b6371afc8507|COE|NA|1,TRUE,50.1,NA,90180,NA,NA,https://allianceforcoffeeexcellence.org/el-salvador-2013/
7294b6371afc8507,El Salvador,2013,COE,2,7294b6371afc8507|COE|NA|2,TRUE,25.1,NA,39532.5,NA,NA,https://allianceforcoffeeexcellence.org/el-salvador-2013/
7294b6371afc8507,El Salvador,2013,COE,3,7294b6371afc8507|COE|NA|3,TRUE,17.1,NA,37620,NA,NA,https://allianceforcoffeeexcellence.org/el-salvador-2013/
7294b6371afc8507,El Salvador,2013,COE,4,7294b6371afc8507|COE|NA|4,TRUE,10.7,NA,25680,NA,NA,https://allianceforcoffeeexcellence.org/el-salvador-2013/
7294b6371afc8507,El Salvador,2013,COE,5A,7294b6371afc8507|COE|NA|5A,TRUE,25.2,NA,28980,NA,NA,https://allianceforcoffeeexcellence.org/el-salvador-2013/
7294b6371afc8507,El Salvador,2013,COE,5B,7294b6371afc8507|COE|NA|5B,TRUE,12,NA,22800,NA,NA,https://allianceforcoffeeexcellence.org/el-salvador-2013/
7294b6371afc8507,El Salvador,2013,COE,6,7294b6371afc8507|COE|NA|6,TRUE,20.2,NA,24543,NA,NA,https://allianceforcoffeeexcellence.org/el-salvador-2013/
7294b6371afc8507,El Salvador,2013,COE,7,7294b6371afc8507|COE|NA|7,TRUE,10.2,NA,26316,NA,NA,https://allianceforcoffeeexcellence.org/el-salvador-2013/
7294b6371afc8507,El Salvador,2013,COE,8,7294b6371afc8507|COE|NA|8,TRUE,8,NA,22400,NA,NA,https://allianceforcoffeeexcellence.org/el-salvador-2013/
7294b6371afc8507,El Salvador,2013,COE,9,7294b6371afc8507|COE|NA|9,TRUE,7.2,NA,22320,NA,NA,https://allianceforcoffeeexcellence.org/el-salvador-2013/
7294b6371afc8507,El Salvador,2013,COE,10,7294b6371afc8507|COE|NA|10,TRUE,6.3,NA,21672,NA,NA,https://allianceforcoffeeexcellence.org/el-salvador-2013/
7294b6371afc8507,El Salvador,2013,COE,11,7294b6371afc8507|COE|NA|11,TRUE,8.2,NA,23780,NA,NA,https://allianceforcoffeeexcellence.org/el-salvador-2013/
7294b6371afc8507,El Salvador,2013,COE,12,7294b6371afc8507|COE|NA|12,TRUE,8.6,NA,20210,NA,NA,https://allianceforcoffeeexcellence.org/el-salvador-2013/
7294b6371afc8507,El Salvador,2013,COE,13,7294b6371afc8507|COE|NA|13,TRUE,7.6,NA,18240,NA,NA,https://allianceforcoffeeexcellence.org/el-salvador-2013/
7294b6371afc8507,El Salvador,2013,COE,14,7294b6371afc8507|COE|NA|14,TRUE,7.51,NA,17656.01,NA,NA,https://allianceforcoffeeexcellence.org/el-salvador-2013/
7294b6371afc8507,El Salvador,2013,COE,15,7294b6371afc8507|COE|NA|15,TRUE,7.91,NA,11825.45,NA,NA,https://allianceforcoffeeexcellence.org/el-salvador-2013/
7294b6371afc8507,El Salvador,2013,COE,16,7294b6371afc8507|COE|NA|16,TRUE,7.6,NA,9720.4,NA,NA,https://allianceforcoffeeexcellence.org/el-salvador-2013/
7294b6371afc8507,El Salvador,2013,COE,17,7294b6371afc8507|COE|NA|17,TRUE,7.2,NA,19065.6,NA,NA,https://allianceforcoffeeexcellence.org/el-salvador-2013/
7294b6371afc8507,El Salvador,2013,COE,18,7294b6371afc8507|COE|NA|18,TRUE,6,NA,18918,NA,NA,https://allianceforcoffeeexcellence.org/el-salvador-2013/
7294b6371afc8507,El Salvador,2013,COE,19,7294b6371afc8507|COE|NA|19,TRUE,6.6,NA,24420,NA,NA,https://allianceforcoffeeexcellence.org/el-salvador-2013/
7294b6371afc8507,El Salvador,2013,COE,20,7294b6371afc8507|COE|NA|20,TRUE,5.6,NA,21358.4,NA,NA,https://allianceforcoffeeexcellence.org/el-salvador-2013/
7294b6371afc8507,El Salvador,2013,COE,21,7294b6371afc8507|COE|NA|21,TRUE,6,NA,17442,NA,NA,https://allianceforcoffeeexcellence.org/el-salvador-2013/
7294b6371afc8507,El Salvador,2013,COE,22,7294b6371afc8507|COE|NA|22,TRUE,7.1,NA,8867.9,NA,NA,https://allianceforcoffeeexcellence.org/el-salvador-2013/
7294b6371afc8507,El Salvador,2013,COE,23,7294b6371afc8507|COE|NA|23,TRUE,6.6,NA,7939.8,NA,NA,https://allianceforcoffeeexcellence.org/el-salvador-2013/
7294b6371afc8507,El Salvador,2013,COE,24,7294b6371afc8507|COE|NA|24,TRUE,6.5,NA,9295,NA,NA,https://allianceforcoffeeexcellence.org/el-salvador-2013/
7294b6371afc8507,El Salvador,2013,COE,25,7294b6371afc8507|COE|NA|25,TRUE,6.1,NA,13511.5,NA,NA,https://allianceforcoffeeexcellence.org/el-salvador-2013/
558daec13f90276f,El Salvador,2014,COE,1,558daec13f90276f|COE|NA|1,TRUE,28.8,NA,42163.2,NA,NA,https://allianceforcoffeeexcellence.org/el-salvador-2014/
558daec13f90276f,El Salvador,2014,COE,2,558daec13f90276f|COE|NA|2,TRUE,29.5,NA,33335,NA,NA,https://allianceforcoffeeexcellence.org/el-salvador-2014/
558daec13f90276f,El Salvador,2014,COE,3,558daec13f90276f|COE|NA|3,TRUE,20.7,NA,21921.3,NA,NA,https://allianceforcoffeeexcellence.org/el-salvador-2014/
558daec13f90276f,El Salvador,2014,COE,4,558daec13f90276f|COE|NA|4,TRUE,15.6,NA,25209.6,NA,NA,https://allianceforcoffeeexcellence.org/el-salvador-2014/
558daec13f90276f,El Salvador,2014,COE,5,558daec13f90276f|COE|NA|5,TRUE,11.95,NA,16861.45,NA,NA,https://allianceforcoffeeexcellence.org/el-salvador-2014/
558daec13f90276f,El Salvador,2014,COE,6,558daec13f90276f|COE|NA|6,TRUE,8.3,NA,18426,NA,NA,https://allianceforcoffeeexcellence.org/el-salvador-2014/
558daec13f90276f,El Salvador,2014,COE,7,558daec13f90276f|COE|NA|7,TRUE,10.05,NA,15798.6,NA,NA,https://allianceforcoffeeexcellence.org/el-salvador-2014/
558daec13f90276f,El Salvador,2014,COE,8,558daec13f90276f|COE|NA|8,TRUE,13.54,NA,18658.12,NA,NA,https://allianceforcoffeeexcellence.org/el-salvador-2014/
558daec13f90276f,El Salvador,2014,COE,9,558daec13f90276f|COE|NA|9,TRUE,10.4,NA,15173.6,NA,NA,https://allianceforcoffeeexcellence.org/el-salvador-2014/
558daec13f90276f,El Salvador,2014,COE,10,558daec13f90276f|COE|NA|10,TRUE,8.1,NA,15252.3,NA,NA,https://allianceforcoffeeexcellence.org/el-salvador-2014/
558daec13f90276f,El Salvador,2014,COE,11,558daec13f90276f|COE|NA|11,TRUE,8.7,NA,11179.5,NA,NA,https://allianceforcoffeeexcellence.org/el-salvador-2014/
558daec13f90276f,El Salvador,2014,COE,12,558daec13f90276f|COE|NA|12,TRUE,13.11,NA,18563.76,NA,NA,https://allianceforcoffeeexcellence.org/el-salvador-2014/
558daec13f90276f,El Salvador,2014,COE,13,558daec13f90276f|COE|NA|13,TRUE,8,NA,11648,NA,NA,https://allianceforcoffeeexcellence.org/el-salvador-2014/
558daec13f90276f,El Salvador,2014,COE,14,558daec13f90276f|COE|NA|14,TRUE,8.1,NA,11850.3,NA,NA,https://allianceforcoffeeexcellence.org/el-salvador-2014/
558daec13f90276f,El Salvador,2014,COE,15,558daec13f90276f|COE|NA|15,TRUE,7.8,NA,10654.8,NA,NA,https://allianceforcoffeeexcellence.org/el-salvador-2014/
558daec13f90276f,El Salvador,2014,COE,16,558daec13f90276f|COE|NA|16,TRUE,8,NA,12592,NA,NA,https://allianceforcoffeeexcellence.org/el-salvador-2014/
558daec13f90276f,El Salvador,2014,COE,17,558daec13f90276f|COE|NA|17,TRUE,9,NA,9891,NA,NA,https://allianceforcoffeeexcellence.org/el-salvador-2014/
558daec13f90276f,El Salvador,2014,COE,18,558daec13f90276f|COE|NA|18,TRUE,8,NA,14712,NA,NA,https://allianceforcoffeeexcellence.org/el-salvador-2014/
558daec13f90276f,El Salvador,2014,COE,19,558daec13f90276f|COE|NA|19,TRUE,7.6,NA,16826.4,NA,NA,https://allianceforcoffeeexcellence.org/el-salvador-2014/
558daec13f90276f,El Salvador,2014,COE,20A,558daec13f90276f|COE|NA|20A,TRUE,8.3,NA,8349.8,NA,NA,https://allianceforcoffeeexcellence.org/el-salvador-2014/
558daec13f90276f,El Salvador,2014,COE,20B,558daec13f90276f|COE|NA|20B,TRUE,7.2,NA,10771.2,NA,NA,https://allianceforcoffeeexcellence.org/el-salvador-2014/
558daec13f90276f,El Salvador,2014,COE,21,558daec13f90276f|COE|NA|21,TRUE,7.28,NA,8925.28,NA,NA,https://allianceforcoffeeexcellence.org/el-salvador-2014/
558daec13f90276f,El Salvador,2014,COE,22A,558daec13f90276f|COE|NA|22A,TRUE,7.2,NA,11368.8,NA,NA,https://allianceforcoffeeexcellence.org/el-salvador-2014/
558daec13f90276f,El Salvador,2014,COE,22B,558daec13f90276f|COE|NA|22B,TRUE,8,NA,10408,NA,NA,https://allianceforcoffeeexcellence.org/el-salvador-2014/
558daec13f90276f,El Salvador,2014,COE,23A,558daec13f90276f|COE|NA|23A,TRUE,6.7,NA,7584.4,NA,NA,https://allianceforcoffeeexcellence.org/el-salvador-2014/
558daec13f90276f,El Salvador,2014,COE,23B,558daec13f90276f|COE|NA|23B,TRUE,7,NA,13307,NA,NA,https://allianceforcoffeeexcellence.org/el-salvador-2014/
558daec13f90276f,El Salvador,2014,COE,24,558daec13f90276f|COE|NA|24,TRUE,7.28,NA,8786.96,NA,NA,https://allianceforcoffeeexcellence.org/el-salvador-2014/
558daec13f90276f,El Salvador,2014,COE,25,558daec13f90276f|COE|NA|25,TRUE,8,NA,18584,NA,NA,https://allianceforcoffeeexcellence.org/el-salvador-2014/
558daec13f90276f,El Salvador,2014,COE,26,558daec13f90276f|COE|NA|26,TRUE,7.11,NA,12869.1,NA,NA,https://allianceforcoffeeexcellence.org/el-salvador-2014/
558daec13f90276f,El Salvador,2014,COE,27,558daec13f90276f|COE|NA|27,TRUE,7.2,NA,9532.8,NA,NA,https://allianceforcoffeeexcellence.org/el-salvador-2014/
558daec13f90276f,El Salvador,2014,COE,28,558daec13f90276f|COE|NA|28,TRUE,6.29,NA,22669.16,NA,NA,https://allianceforcoffeeexcellence.org/el-salvador-2014/
558daec13f90276f,El Salvador,2014,COE,29A,558daec13f90276f|COE|NA|29A,TRUE,6.4,NA,14368,NA,NA,https://allianceforcoffeeexcellence.org/el-salvador-2014/
558daec13f90276f,El Salvador,2014,COE,29B,558daec13f90276f|COE|NA|29B,TRUE,7.2,NA,10029.6,NA,NA,https://allianceforcoffeeexcellence.org/el-salvador-2014/
07530078211d9a65,El Salvador,2015,COE,1,07530078211d9a65|COE|NA|1,TRUE,23.5,NA,27847.5,NA,NA,https://allianceforcoffeeexcellence.org/el-salvador-2015/
07530078211d9a65,El Salvador,2015,COE,2,07530078211d9a65|COE|NA|2,TRUE,23.1,NA,30561.3,NA,NA,https://allianceforcoffeeexcellence.org/el-salvador-2015/
07530078211d9a65,El Salvador,2015,COE,3,07530078211d9a65|COE|NA|3,TRUE,13,NA,26221,NA,NA,https://allianceforcoffeeexcellence.org/el-salvador-2015/
07530078211d9a65,El Salvador,2015,COE,4,07530078211d9a65|COE|NA|4,TRUE,9.2,NA,17342,NA,NA,https://allianceforcoffeeexcellence.org/el-salvador-2015/
07530078211d9a65,El Salvador,2015,COE,5,07530078211d9a65|COE|NA|5,TRUE,9.7,NA,23415.8,NA,NA,https://allianceforcoffeeexcellence.org/el-salvador-2015/
07530078211d9a65,El Salvador,2015,COE,6,07530078211d9a65|COE|NA|6,TRUE,9.2,NA,18556.4,NA,NA,https://allianceforcoffeeexcellence.org/el-salvador-2015/
07530078211d9a65,El Salvador,2015,COE,7,07530078211d9a65|COE|NA|7,TRUE,9.15,NA,14521.05,NA,NA,https://allianceforcoffeeexcellence.org/el-salvador-2015/
07530078211d9a65,El Salvador,2015,COE,8,07530078211d9a65|COE|NA|8,TRUE,14.95,NA,11362,NA,NA,https://allianceforcoffeeexcellence.org/el-salvador-2015/
07530078211d9a65,El Salvador,2015,COE,9,07530078211d9a65|COE|NA|9,TRUE,9.1,NA,19255.6,NA,NA,https://allianceforcoffeeexcellence.org/el-salvador-2015/
07530078211d9a65,El Salvador,2015,COE,10,07530078211d9a65|COE|NA|10,TRUE,8.3,NA,10433.1,NA,NA,https://allianceforcoffeeexcellence.org/el-salvador-2015/
07530078211d9a65,El Salvador,2015,COE,11,07530078211d9a65|COE|NA|11,TRUE,8,NA,10056,NA,NA,https://allianceforcoffeeexcellence.org/el-salvador-2015/
07530078211d9a65,El Salvador,2015,COE,12,07530078211d9a65|COE|NA|12,TRUE,8.3,NA,17288.9,NA,NA,https://allianceforcoffeeexcellence.org/el-salvador-2015/
07530078211d9a65,El Salvador,2015,COE,13,07530078211d9a65|COE|NA|13,TRUE,8.1,NA,15001.2,NA,NA,https://allianceforcoffeeexcellence.org/el-salvador-2015/
07530078211d9a65,El Salvador,2015,COE,14,07530078211d9a65|COE|NA|14,TRUE,8.1,NA,16605,NA,NA,https://allianceforcoffeeexcellence.org/el-salvador-2015/
07530078211d9a65,El Salvador,2015,COE,15A,07530078211d9a65|COE|NA|15A,TRUE,9.05,NA,20652.1,NA,NA,https://allianceforcoffeeexcellence.org/el-salvador-2015/
07530078211d9a65,El Salvador,2015,COE,15B,07530078211d9a65|COE|NA|15B,TRUE,8.8,NA,18040,NA,NA,https://allianceforcoffeeexcellence.org/el-salvador-2015/
07530078211d9a65,El Salvador,2015,COE,17,07530078211d9a65|COE|NA|17,TRUE,8.11,NA,10729.53,NA,NA,https://allianceforcoffeeexcellence.org/el-salvador-2015/
07530078211d9a65,El Salvador,2015,COE,18,07530078211d9a65|COE|NA|18,TRUE,7.5,NA,16372.5,NA,NA,https://allianceforcoffeeexcellence.org/el-salvador-2015/
07530078211d9a65,El Salvador,2015,COE,19,07530078211d9a65|COE|NA|19,TRUE,8.01,NA,8474.58,NA,NA,https://allianceforcoffeeexcellence.org/el-salvador-2015/
07530078211d9a65,El Salvador,2015,COE,20,07530078211d9a65|COE|NA|20,TRUE,7.5,NA,9180,NA,NA,https://allianceforcoffeeexcellence.org/el-salvador-2015/
07530078211d9a65,El Salvador,2015,COE,21,07530078211d9a65|COE|NA|21,TRUE,7.53,NA,14939.52,NA,NA,https://allianceforcoffeeexcellence.org/el-salvador-2015/
07530078211d9a65,El Salvador,2015,COE,22,07530078211d9a65|COE|NA|22,TRUE,7.43,NA,15967.07,NA,NA,https://allianceforcoffeeexcellence.org/el-salvador-2015/
07530078211d9a65,El Salvador,2015,COE,23,07530078211d9a65|COE|NA|23,TRUE,7.5,NA,8850,NA,NA,https://allianceforcoffeeexcellence.org/el-salvador-2015/
07530078211d9a65,El Salvador,2015,COE,24,07530078211d9a65|COE|NA|24,TRUE,8.45,NA,7452.9,NA,NA,https://allianceforcoffeeexcellence.org/el-salvador-2015/
07530078211d9a65,El Salvador,2015,COE,25,07530078211d9a65|COE|NA|25,TRUE,7.2,NA,16192.8,NA,NA,https://allianceforcoffeeexcellence.org/el-salvador-2015/
07530078211d9a65,El Salvador,2015,COE,26,07530078211d9a65|COE|NA|26,TRUE,7.4,NA,10271.2,NA,NA,https://allianceforcoffeeexcellence.org/el-salvador-2015/
07530078211d9a65,El Salvador,2015,COE,27,07530078211d9a65|COE|NA|27,TRUE,7.4,NA,7992,NA,NA,https://allianceforcoffeeexcellence.org/el-salvador-2015/
0c50203e4ea9e6e7,El Salvador,2017,NW,26,0c50203e4ea9e6e7|NW|NA|26,TRUE,4.2,NA,4161.61,NA,NA,https://allianceforcoffeeexcellence.org/el-salvador-2017/
0c50203e4ea9e6e7,El Salvador,2017,NW,27,0c50203e4ea9e6e7|NW|NA|27,TRUE,4.7,NA,5638.64,NA,NA,https://allianceforcoffeeexcellence.org/el-salvador-2017/
0c50203e4ea9e6e7,El Salvador,2017,NW,30,0c50203e4ea9e6e7|NW|NA|30,TRUE,4.1,NA,3350.64,NA,NA,https://allianceforcoffeeexcellence.org/el-salvador-2017/
0c50203e4ea9e6e7,El Salvador,2017,NW,31,0c50203e4ea9e6e7|NW|NA|31,TRUE,4.7,NA,9513.18,NA,NA,https://allianceforcoffeeexcellence.org/el-salvador-2017/
0c50203e4ea9e6e7,El Salvador,2017,NW,32,0c50203e4ea9e6e7|NW|NA|32,TRUE,4,NA,6947.36,NA,NA,https://allianceforcoffeeexcellence.org/el-salvador-2017/
0c50203e4ea9e6e7,El Salvador,2017,NW,33,0c50203e4ea9e6e7|NW|NA|33,TRUE,4.2,NA,5363.95,NA,NA,https://allianceforcoffeeexcellence.org/el-salvador-2017/
0c50203e4ea9e6e7,El Salvador,2017,NW,34,0c50203e4ea9e6e7|NW|NA|34,TRUE,4.1,NA,3842.36,NA,NA,https://allianceforcoffeeexcellence.org/el-salvador-2017/
0c50203e4ea9e6e7,El Salvador,2017,COE,1A,0c50203e4ea9e6e7|COE|NA|1A,TRUE,95.7,NA,31643.2,NA,NA,https://allianceforcoffeeexcellence.org/el-salvador-2017/
0c50203e4ea9e6e7,El Salvador,2017,COE,1B,0c50203e4ea9e6e7|COE|NA|1B,TRUE,95.5,NA,35750.42,NA,NA,https://allianceforcoffeeexcellence.org/el-salvador-2017/
0c50203e4ea9e6e7,El Salvador,2017,COE,2A,0c50203e4ea9e6e7|COE|NA|2A,TRUE,26.9,NA,10674.73,NA,NA,https://allianceforcoffeeexcellence.org/el-salvador-2017/
0c50203e4ea9e6e7,El Salvador,2017,COE,2B,0c50203e4ea9e6e7|COE|NA|2B,TRUE,22.11,NA,9334.18,NA,NA,https://allianceforcoffeeexcellence.org/el-salvador-2017/
0c50203e4ea9e6e7,El Salvador,2017,COE,3,0c50203e4ea9e6e7|COE|NA|3,TRUE,28.1,NA,21946.1,NA,NA,https://allianceforcoffeeexcellence.org/el-salvador-2017/
0c50203e4ea9e6e7,El Salvador,2017,COE,4,0c50203e4ea9e6e7|COE|NA|4,TRUE,16.1,NA,15681.4,NA,NA,https://allianceforcoffeeexcellence.org/el-salvador-2017/
0c50203e4ea9e6e7,El Salvador,2017,COE,5,0c50203e4ea9e6e7|COE|NA|5,TRUE,12,NA,11664,NA,NA,https://allianceforcoffeeexcellence.org/el-salvador-2017/
0c50203e4ea9e6e7,El Salvador,2017,COE,6,0c50203e4ea9e6e7|COE|NA|6,TRUE,12.1,NA,13794,NA,NA,https://allianceforcoffeeexcellence.org/el-salvador-2017/
0c50203e4ea9e6e7,El Salvador,2017,COE,7,0c50203e4ea9e6e7|COE|NA|7,TRUE,11.3,NA,11548.6,NA,NA,https://allianceforcoffeeexcellence.org/el-salvador-2017/
0c50203e4ea9e6e7,El Salvador,2017,COE,8,0c50203e4ea9e6e7|COE|NA|8,TRUE,11.25,NA,11205,NA,NA,https://allianceforcoffeeexcellence.org/el-salvador-2017/
0c50203e4ea9e6e7,El Salvador,2017,COE,9,0c50203e4ea9e6e7|COE|NA|9,TRUE,11.4,NA,13110,NA,NA,https://allianceforcoffeeexcellence.org/el-salvador-2017/
0c50203e4ea9e6e7,El Salvador,2017,COE,10,0c50203e4ea9e6e7|COE|NA|10,TRUE,11.3,NA,19560.3,NA,NA,https://allianceforcoffeeexcellence.org/el-salvador-2017/
0c50203e4ea9e6e7,El Salvador,2017,COE,11,0c50203e4ea9e6e7|COE|NA|11,TRUE,16.2,NA,14547.6,NA,NA,https://allianceforcoffeeexcellence.org/el-salvador-2017/
0c50203e4ea9e6e7,El Salvador,2017,COE,12,0c50203e4ea9e6e7|COE|NA|12,TRUE,15.1,NA,12170.6,NA,NA,https://allianceforcoffeeexcellence.org/el-salvador-2017/
0c50203e4ea9e6e7,El Salvador,2017,COE,13,0c50203e4ea9e6e7|COE|NA|13,TRUE,9.6,NA,6048,NA,NA,https://allianceforcoffeeexcellence.org/el-salvador-2017/
0c50203e4ea9e6e7,El Salvador,2017,COE,14,0c50203e4ea9e6e7|COE|NA|14,TRUE,9.45,NA,8797.95,NA,NA,https://allianceforcoffeeexcellence.org/el-salvador-2017/
0c50203e4ea9e6e7,El Salvador,2017,COE,15,0c50203e4ea9e6e7|COE|NA|15,TRUE,10.72,NA,6228.32,NA,NA,https://allianceforcoffeeexcellence.org/el-salvador-2017/
0c50203e4ea9e6e7,El Salvador,2017,COE,16,0c50203e4ea9e6e7|COE|NA|16,TRUE,9.85,NA,11780.6,NA,NA,https://allianceforcoffeeexcellence.org/el-salvador-2017/
0c50203e4ea9e6e7,El Salvador,2017,COE,17,0c50203e4ea9e6e7|COE|NA|17,TRUE,9.25,NA,8093.75,NA,NA,https://allianceforcoffeeexcellence.org/el-salvador-2017/
0c50203e4ea9e6e7,El Salvador,2017,COE,18,0c50203e4ea9e6e7|COE|NA|18,TRUE,8.85,NA,11212.95,NA,NA,https://allianceforcoffeeexcellence.org/el-salvador-2017/
0c50203e4ea9e6e7,El Salvador,2017,COE,19,0c50203e4ea9e6e7|COE|NA|19,TRUE,8.8,NA,17353.6,NA,NA,https://allianceforcoffeeexcellence.org/el-salvador-2017/
0c50203e4ea9e6e7,El Salvador,2017,COE,20,0c50203e4ea9e6e7|COE|NA|20,TRUE,7.3,NA,8212.5,NA,NA,https://allianceforcoffeeexcellence.org/el-salvador-2017/
0c50203e4ea9e6e7,El Salvador,2017,COE,21,0c50203e4ea9e6e7|COE|NA|21,TRUE,9,NA,6948,NA,NA,https://allianceforcoffeeexcellence.org/el-salvador-2017/
0c50203e4ea9e6e7,El Salvador,2017,COE,22,0c50203e4ea9e6e7|COE|NA|22,TRUE,8.35,NA,17735.4,NA,NA,https://allianceforcoffeeexcellence.org/el-salvador-2017/
0c50203e4ea9e6e7,El Salvador,2017,COE,23,0c50203e4ea9e6e7|COE|NA|23,TRUE,7.1,NA,11658.2,NA,NA,https://allianceforcoffeeexcellence.org/el-salvador-2017/
0c50203e4ea9e6e7,El Salvador,2017,COE,24,0c50203e4ea9e6e7|COE|NA|24,TRUE,8.65,NA,6842.15,NA,NA,https://allianceforcoffeeexcellence.org/el-salvador-2017/
265090fe20b129cd,El Salvador,2018,COE,1A,265090fe20b129cd|COE|NA|1A,TRUE,55.1,NA,10932.94,NA,NA,https://allianceforcoffeeexcellence.org/el-salvador-2018/
265090fe20b129cd,El Salvador,2018,COE,1B,265090fe20b129cd|COE|NA|1B,TRUE,55.1,NA,10556.06,NA,NA,https://allianceforcoffeeexcellence.org/el-salvador-2018/
265090fe20b129cd,El Salvador,2018,COE,2A,265090fe20b129cd|COE|NA|2A,TRUE,37.2,NA,9061.55,NA,NA,https://allianceforcoffeeexcellence.org/el-salvador-2018/
265090fe20b129cd,El Salvador,2018,COE,2B,265090fe20b129cd|COE|NA|2B,TRUE,37.3,NA,7401.07,NA,NA,https://allianceforcoffeeexcellence.org/el-salvador-2018/
265090fe20b129cd,El Salvador,2018,COE,3A,265090fe20b129cd|COE|NA|3A,TRUE,31.8,NA,9808.71,NA,NA,https://allianceforcoffeeexcellence.org/el-salvador-2018/
265090fe20b129cd,El Salvador,2018,COE,3B,265090fe20b129cd|COE|NA|3B,TRUE,31.8,NA,8413.01,NA,NA,https://allianceforcoffeeexcellence.org/el-salvador-2018/
265090fe20b129cd,El Salvador,2018,COE,4A,265090fe20b129cd|COE|NA|4A,TRUE,12.82,NA,7631.11,NA,NA,https://allianceforcoffeeexcellence.org/el-salvador-2018/
265090fe20b129cd,El Salvador,2018,COE,4B,265090fe20b129cd|COE|NA|4B,TRUE,12.9,NA,7388.6,NA,NA,https://allianceforcoffeeexcellence.org/el-salvador-2018/
265090fe20b129cd,El Salvador,2018,COE,5,265090fe20b129cd|COE|NA|5,TRUE,20.3,NA,11916.1,NA,NA,https://allianceforcoffeeexcellence.org/el-salvador-2018/
265090fe20b129cd,El Salvador,2018,COE,6,265090fe20b129cd|COE|NA|6,TRUE,15.5,NA,14306.5,NA,NA,https://allianceforcoffeeexcellence.org/el-salvador-2018/
265090fe20b129cd,El Salvador,2018,COE,7,265090fe20b129cd|COE|NA|7,TRUE,33.4,NA,24048,NA,NA,https://allianceforcoffeeexcellence.org/el-salvador-2018/
265090fe20b129cd,El Salvador,2018,COE,8,265090fe20b129cd|COE|NA|8,TRUE,12.11,NA,12739.72,NA,NA,https://allianceforcoffeeexcellence.org/el-salvador-2018/
265090fe20b129cd,El Salvador,2018,COE,9,265090fe20b129cd|COE|NA|9,TRUE,15.4,NA,9163,NA,NA,https://allianceforcoffeeexcellence.org/el-salvador-2018/
265090fe20b129cd,El Salvador,2018,COE,10,265090fe20b129cd|COE|NA|10,TRUE,8.4,NA,15027.6,NA,NA,https://allianceforcoffeeexcellence.org/el-salvador-2018/
265090fe20b129cd,El Salvador,2018,COE,11,265090fe20b129cd|COE|NA|11,TRUE,16.2,NA,11728.8,NA,NA,https://allianceforcoffeeexcellence.org/el-salvador-2018/
265090fe20b129cd,El Salvador,2018,COE,12,265090fe20b129cd|COE|NA|12,TRUE,8.6,NA,7765.8,NA,NA,https://allianceforcoffeeexcellence.org/el-salvador-2018/
265090fe20b129cd,El Salvador,2018,COE,13,265090fe20b129cd|COE|NA|13,TRUE,7,NA,6391,NA,NA,https://allianceforcoffeeexcellence.org/el-salvador-2018/
265090fe20b129cd,El Salvador,2018,COE,14,265090fe20b129cd|COE|NA|14,TRUE,14.9,NA,5811,NA,NA,https://allianceforcoffeeexcellence.org/el-salvador-2018/
265090fe20b129cd,El Salvador,2018,COE,15,265090fe20b129cd|COE|NA|15,TRUE,7.5,NA,6847.5,NA,NA,https://allianceforcoffeeexcellence.org/el-salvador-2018/
265090fe20b129cd,El Salvador,2018,COE,16,265090fe20b129cd|COE|NA|16,TRUE,7.1,NA,11842.8,NA,NA,https://allianceforcoffeeexcellence.org/el-salvador-2018/
265090fe20b129cd,El Salvador,2018,COE,17,265090fe20b129cd|COE|NA|17,TRUE,7,NA,11340,NA,NA,https://allianceforcoffeeexcellence.org/el-salvador-2018/
265090fe20b129cd,El Salvador,2018,COE,18,265090fe20b129cd|COE|NA|18,TRUE,7,NA,22701,NA,NA,https://allianceforcoffeeexcellence.org/el-salvador-2018/
265090fe20b129cd,El Salvador,2018,COE,19,265090fe20b129cd|COE|NA|19,TRUE,9.4,NA,8563.4,NA,NA,https://allianceforcoffeeexcellence.org/el-salvador-2018/
265090fe20b129cd,El Salvador,2018,COE,20,265090fe20b129cd|COE|NA|20,TRUE,7.6,NA,5244,NA,NA,https://allianceforcoffeeexcellence.org/el-salvador-2018/
265090fe20b129cd,El Salvador,2018,COE,21,265090fe20b129cd|COE|NA|21,TRUE,13,NA,13286,NA,NA,https://allianceforcoffeeexcellence.org/el-salvador-2018/
265090fe20b129cd,El Salvador,2018,COE,22,265090fe20b129cd|COE|NA|22,TRUE,7.5,NA,6622.5,NA,NA,https://allianceforcoffeeexcellence.org/el-salvador-2018/
265090fe20b129cd,El Salvador,2018,COE,23,265090fe20b129cd|COE|NA|23,TRUE,8.3,NA,6540.4,NA,NA,https://allianceforcoffeeexcellence.org/el-salvador-2018/
265090fe20b129cd,El Salvador,2018,COE,24,265090fe20b129cd|COE|NA|24,TRUE,6.9,NA,5478.6,NA,NA,https://allianceforcoffeeexcellence.org/el-salvador-2018/
265090fe20b129cd,El Salvador,2018,COE,25,265090fe20b129cd|COE|NA|25,TRUE,7.1,NA,6865.7,NA,NA,https://allianceforcoffeeexcellence.org/el-salvador-2018/
265090fe20b129cd,El Salvador,2018,COE,26,265090fe20b129cd|COE|NA|26,TRUE,6.9,NA,12075,NA,NA,https://allianceforcoffeeexcellence.org/el-salvador-2018/
265090fe20b129cd,El Salvador,2018,COE,27,265090fe20b129cd|COE|NA|27,TRUE,7,NA,15505,NA,NA,https://allianceforcoffeeexcellence.org/el-salvador-2018/
265090fe20b129cd,El Salvador,2018,COE,28,265090fe20b129cd|COE|NA|28,TRUE,7.71,NA,5273.64,NA,NA,https://allianceforcoffeeexcellence.org/el-salvador-2018/
265090fe20b129cd,El Salvador,2018,COE,29,265090fe20b129cd|COE|NA|29,TRUE,7,NA,5866,NA,NA,https://allianceforcoffeeexcellence.org/el-salvador-2018/
265090fe20b129cd,El Salvador,2018,COE,30,265090fe20b129cd|COE|NA|30,TRUE,6.8,NA,6908.8,NA,NA,https://allianceforcoffeeexcellence.org/el-salvador-2018/
265090fe20b129cd,El Salvador,2018,COE,31,265090fe20b129cd|COE|NA|31,TRUE,7.4,NA,4314.2,NA,NA,https://allianceforcoffeeexcellence.org/el-salvador-2018/
265090fe20b129cd,El Salvador,2018,COE,32,265090fe20b129cd|COE|NA|32,TRUE,6.9,NA,7817.7,NA,NA,https://allianceforcoffeeexcellence.org/el-salvador-2018/
265090fe20b129cd,El Salvador,2018,COE,33,265090fe20b129cd|COE|NA|33,TRUE,7,NA,7574,NA,NA,https://allianceforcoffeeexcellence.org/el-salvador-2018/
265090fe20b129cd,El Salvador,2018,COE,34,265090fe20b129cd|COE|NA|34,TRUE,6.9,NA,7038,NA,NA,https://allianceforcoffeeexcellence.org/el-salvador-2018/
265090fe20b129cd,El Salvador,2018,COE,35,265090fe20b129cd|COE|NA|35,TRUE,6.9,NA,6693,NA,NA,https://allianceforcoffeeexcellence.org/el-salvador-2018/
265090fe20b129cd,El Salvador,2018,COE,36,265090fe20b129cd|COE|NA|36,TRUE,6.8,NA,6664,NA,NA,https://allianceforcoffeeexcellence.org/el-salvador-2018/
265090fe20b129cd,El Salvador,2018,COE,37,265090fe20b129cd|COE|NA|37,TRUE,7.3,NA,10190.8,NA,NA,https://allianceforcoffeeexcellence.org/el-salvador-2018/
265090fe20b129cd,El Salvador,2018,COE,38,265090fe20b129cd|COE|NA|38,TRUE,7.2,NA,4881.6,NA,NA,https://allianceforcoffeeexcellence.org/el-salvador-2018/
648ba67dc99a9346,El Salvador,2019,COE,1A,648ba67dc99a9346|COE|NA|1A,TRUE,63.1,341.69,21560.64,21560.639,4.638081245286443e-8,https://allianceforcoffeeexcellence.org/el-salvador-2019/
648ba67dc99a9346,El Salvador,2019,COE,1B,648ba67dc99a9346|COE|NA|1B,TRUE,64,264.55,16931.2,16931.2,0,https://allianceforcoffeeexcellence.org/el-salvador-2019/
648ba67dc99a9346,El Salvador,2019,COE,2A,648ba67dc99a9346|COE|NA|2A,TRUE,26.3,719.39,18919.96,18919.957,1.5856270312469902e-7,https://allianceforcoffeeexcellence.org/el-salvador-2019/
648ba67dc99a9346,El Salvador,2019,COE,2B,648ba67dc99a9346|COE|NA|2B,TRUE,27.1,595.25,16131.28,16131.275000000001,3.0995680437012095e-7,https://allianceforcoffeeexcellence.org/el-salvador-2019/
648ba67dc99a9346,El Salvador,2019,COE,3,648ba67dc99a9346|COE|NA|3,TRUE,39.5,871.8,34436.1,34436.1,0,https://allianceforcoffeeexcellence.org/el-salvador-2019/
648ba67dc99a9346,El Salvador,2019,COE,4,648ba67dc99a9346|COE|NA|4,TRUE,12.1,863.8,10451.98,10451.98,0,https://allianceforcoffeeexcellence.org/el-salvador-2019/
648ba67dc99a9346,El Salvador,2019,COE,5,648ba67dc99a9346|COE|NA|5,TRUE,15.3,790.53,12095.11,12095.109,8.267804097719878e-8,https://allianceforcoffeeexcellence.org/el-salvador-2019/
648ba67dc99a9346,El Salvador,2019,COE,6,648ba67dc99a9346|COE|NA|6,TRUE,19.8,735.53,14563.49,14563.494,2.746594395172385e-7,https://allianceforcoffeeexcellence.org/el-salvador-2019/
648ba67dc99a9346,El Salvador,2019,COE,7,648ba67dc99a9346|COE|NA|7,TRUE,13.2,1338.77,17671.76,17671.764,2.2634983730058058e-7,https://allianceforcoffeeexcellence.org/el-salvador-2019/
648ba67dc99a9346,El Salvador,2019,COE,8,648ba67dc99a9346|COE|NA|8,TRUE,12.2,1006.08,12274.18,12274.176,3.258873505859379e-7,https://allianceforcoffeeexcellence.org/el-salvador-2019/
648ba67dc99a9346,El Salvador,2019,COE,9,648ba67dc99a9346|COE|NA|9,TRUE,10.1,1620.33,16365.33,16365.332999999999,1.833143602232397e-7,https://allianceforcoffeeexcellence.org/el-salvador-2019/
648ba67dc99a9346,El Salvador,2019,COE,10,648ba67dc99a9346|COE|NA|10,TRUE,8.1,2170.44,17580.56,17580.564,2.275240377540265e-7,https://allianceforcoffeeexcellence.org/el-salvador-2019/
648ba67dc99a9346,El Salvador,2019,COE,11,648ba67dc99a9346|COE|NA|11,TRUE,10,760.53,7605.3,7605.299999999999,1.1958695932743326e-16,https://allianceforcoffeeexcellence.org/el-salvador-2019/
648ba67dc99a9346,El Salvador,2019,COE,12,648ba67dc99a9346|COE|NA|12,TRUE,9.8,1355.77,13286.55,13286.546,3.010563313272383e-7,https://allianceforcoffeeexcellence.org/el-salvador-2019/
648ba67dc99a9346,El Salvador,2019,COE,13,648ba67dc99a9346|COE|NA|13,TRUE,9.75,1641.33,16002.97,16002.967499999999,1.5622100150842733e-7,https://allianceforcoffeeexcellence.org/el-salvador-2019/
648ba67dc99a9346,El Salvador,2019,COE,14,648ba67dc99a9346|COE|NA|14,TRUE,10,833.66,8336.6,8336.6,0,https://allianceforcoffeeexcellence.org/el-salvador-2019/
648ba67dc99a9346,El Salvador,2019,COE,15,648ba67dc99a9346|COE|NA|15,TRUE,11.4,958.94,10931.92,10931.916000000001,3.659009578368592e-7,https://allianceforcoffeeexcellence.org/el-salvador-2019/
648ba67dc99a9346,El Salvador,2019,COE,16,648ba67dc99a9346|COE|NA|16,TRUE,10,793.66,7936.6,7936.5999999999995,1.1459500312135274e-16,https://allianceforcoffeeexcellence.org/el-salvador-2019/
648ba67dc99a9346,El Salvador,2019,COE,17,648ba67dc99a9346|COE|NA|17,TRUE,12.2,699.39,8532.56,8532.557999999999,2.343962422071985e-7,https://allianceforcoffeeexcellence.org/el-salvador-2019/
648ba67dc99a9346,El Salvador,2019,COE,18,648ba67dc99a9346|COE|NA|18,TRUE,15.1,930.94,14057.19,14057.194000000001,2.84551891296547e-7,https://allianceforcoffeeexcellence.org/el-salvador-2019/
648ba67dc99a9346,El Salvador,2019,COE,19,648ba67dc99a9346|COE|NA|19,TRUE,10.1,1127.36,11386.34,11386.336,3.5129813450282595e-7,https://allianceforcoffeeexcellence.org/el-salvador-2019/
648ba67dc99a9346,El Salvador,2019,COE,20,648ba67dc99a9346|COE|NA|20,TRUE,10,1132.36,11323.6,11323.599999999999,1.6063702387455017e-16,https://allianceforcoffeeexcellence.org/el-salvador-2019/
648ba67dc99a9346,El Salvador,2019,COE,21,648ba67dc99a9346|COE|NA|21,TRUE,8.2,2048.16,16794.91,16794.911999999997,1.1908369838060905e-7,https://allianceforcoffeeexcellence.org/el-salvador-2019/
648ba67dc99a9346,El Salvador,2019,COE,22,648ba67dc99a9346|COE|NA|22,TRUE,8.1,1900.88,15397.13,15397.128,1.2989433735952508e-7,https://allianceforcoffeeexcellence.org/el-salvador-2019/
648ba67dc99a9346,El Salvador,2019,COE,23,648ba67dc99a9346|COE|NA|23,TRUE,9.9,610.25,6041.48,6041.475,8.276117771141583e-7,https://allianceforcoffeeexcellence.org/el-salvador-2019/
648ba67dc99a9346,El Salvador,2019,COE,24,648ba67dc99a9346|COE|NA|24,TRUE,26.2,585.11,15329.88,15329.882,1.3046416543426653e-7,https://allianceforcoffeeexcellence.org/el-salvador-2019/
648ba67dc99a9346,El Salvador,2019,COE,25,648ba67dc99a9346|COE|NA|25,TRUE,8.18,1615.33,13213.4,13213.399399999998,4.5408449090592106e-8,https://allianceforcoffeeexcellence.org/el-salvador-2019/
4b2992b9faf3f4f6,El Salvador,2020,COE,1A,4b2992b9faf3f4f6|COE|NA|1A,TRUE,80.1,637.7,51079.77,51079.77,0,https://allianceforcoffeeexcellence.org/el-salvador-2020/
4b2992b9faf3f4f6,El Salvador,2020,COE,1B,4b2992b9faf3f4f6|COE|NA|1B,TRUE,60.1,628.32,37762.03,37762.03200000001,5.296325456241127e-8,https://allianceforcoffeeexcellence.org/el-salvador-2020/
4b2992b9faf3f4f6,El Salvador,2020,COE,2,4b2992b9faf3f4f6|COE|NA|2,TRUE,30.5,911,27785.5,27785.5,0,https://allianceforcoffeeexcellence.org/el-salvador-2020/
4b2992b9faf3f4f6,El Salvador,2020,COE,3,4b2992b9faf3f4f6|COE|NA|3,TRUE,26.8,1020,27336,27336,0,https://allianceforcoffeeexcellence.org/el-salvador-2020/
4b2992b9faf3f4f6,El Salvador,2020,COE,4,4b2992b9faf3f4f6|COE|NA|4,TRUE,48.6,886,43059.6,43059.6,0,https://allianceforcoffeeexcellence.org/el-salvador-2020/
4b2992b9faf3f4f6,El Salvador,2020,COE,5,4b2992b9faf3f4f6|COE|NA|5,TRUE,22.5,1095,24637.5,24637.5,0,https://allianceforcoffeeexcellence.org/el-salvador-2020/
4b2992b9faf3f4f6,El Salvador,2020,COE,6,4b2992b9faf3f4f6|COE|NA|6,TRUE,20.3,595,12078.5,12078.5,0,https://allianceforcoffeeexcellence.org/el-salvador-2020/
4b2992b9faf3f4f6,El Salvador,2020,COE,7,4b2992b9faf3f4f6|COE|NA|7,TRUE,17.6,888,15628.8,15628.800000000001,1.1638701650452092e-16,https://allianceforcoffeeexcellence.org/el-salvador-2020/
4b2992b9faf3f4f6,El Salvador,2020,COE,8,4b2992b9faf3f4f6|COE|NA|8,TRUE,17.2,1578,27141.6,27141.6,0,https://allianceforcoffeeexcellence.org/el-salvador-2020/
4b2992b9faf3f4f6,El Salvador,2020,COE,9,4b2992b9faf3f4f6|COE|NA|9,TRUE,19.1,888,16960.8,16960.800000000003,2.1449334978843645e-16,https://allianceforcoffeeexcellence.org/el-salvador-2020/
4b2992b9faf3f4f6,El Salvador,2020,COE,10,4b2992b9faf3f4f6|COE|NA|10,TRUE,19.9,542,10785.8,10785.8,0,https://allianceforcoffeeexcellence.org/el-salvador-2020/
4b2992b9faf3f4f6,El Salvador,2020,COE,11,4b2992b9faf3f4f6|COE|NA|11,TRUE,14,949,13286,13286,0,https://allianceforcoffeeexcellence.org/el-salvador-2020/
4b2992b9faf3f4f6,El Salvador,2020,COE,12,4b2992b9faf3f4f6|COE|NA|12,TRUE,19.7,1224,24112.8,24112.8,0,https://allianceforcoffeeexcellence.org/el-salvador-2020/
4b2992b9faf3f4f6,El Salvador,2020,COE,13,4b2992b9faf3f4f6|COE|NA|13,TRUE,20.2,671,13554.2,13554.199999999999,1.3420116300083046e-16,https://allianceforcoffeeexcellence.org/el-salvador-2020/
4b2992b9faf3f4f6,El Salvador,2020,COE,14,4b2992b9faf3f4f6|COE|NA|14,TRUE,23.1,400,9240,9240,0,https://allianceforcoffeeexcellence.org/el-salvador-2020/
4b2992b9faf3f4f6,El Salvador,2020,COE,15,4b2992b9faf3f4f6|COE|NA|15,TRUE,33.2,644,21380.8,21380.800000000003,1.7015166911863508e-16,https://allianceforcoffeeexcellence.org/el-salvador-2020/
4b2992b9faf3f4f6,El Salvador,2020,COE,16,4b2992b9faf3f4f6|COE|NA|16,TRUE,12.65,1663,21036.95,21036.95,0,https://allianceforcoffeeexcellence.org/el-salvador-2020/
4b2992b9faf3f4f6,El Salvador,2020,COE,17,4b2992b9faf3f4f6|COE|NA|17,TRUE,13.1,673,8816.3,8816.3,0,https://allianceforcoffeeexcellence.org/el-salvador-2020/
4b2992b9faf3f4f6,El Salvador,2020,COE,18,4b2992b9faf3f4f6|COE|NA|18,TRUE,14.1,990,13959,13959,0,https://allianceforcoffeeexcellence.org/el-salvador-2020/
4b2992b9faf3f4f6,El Salvador,2020,COE,19,4b2992b9faf3f4f6|COE|NA|19,TRUE,12.7,728,9245.6,9245.6,0,https://allianceforcoffeeexcellence.org/el-salvador-2020/
4b2992b9faf3f4f6,El Salvador,2020,COE,20,4b2992b9faf3f4f6|COE|NA|20,TRUE,12.1,2046,24756.6,24756.6,0,https://allianceforcoffeeexcellence.org/el-salvador-2020/
4b2992b9faf3f4f6,El Salvador,2020,COE,21,4b2992b9faf3f4f6|COE|NA|21,TRUE,12.2,906,11053.2,11053.199999999999,1.6456676831558793e-16,https://allianceforcoffeeexcellence.org/el-salvador-2020/
4b2992b9faf3f4f6,El Salvador,2020,COE,22,4b2992b9faf3f4f6|COE|NA|22,TRUE,19.8,551,10909.8,10909.800000000001,1.6672985788427439e-16,https://allianceforcoffeeexcellence.org/el-salvador-2020/
f52a7809bb1fd00e,El Salvador,2021,COE,1A,f52a7809bb1fd00e|COE|NA|1A,TRUE,70,538.07,37664.9,37664.9,0,https://allianceforcoffeeexcellence.org/el-salvador-2021/
f52a7809bb1fd00e,El Salvador,2021,COE,1B,f52a7809bb1fd00e|COE|NA|1B,TRUE,64.3,529.1,34021.13,34021.13,0,https://allianceforcoffeeexcellence.org/el-salvador-2021/
f52a7809bb1fd00e,El Salvador,2021,COE,2A,f52a7809bb1fd00e|COE|NA|2A,TRUE,65.2,162.1,10568.92,10568.92,0,https://allianceforcoffeeexcellence.org/el-salvador-2021/
f52a7809bb1fd00e,El Salvador,2021,COE,2B,f52a7809bb1fd00e|COE|NA|2B,TRUE,64.1,132.28,8479.15,8479.148,2.3587269955213126e-7,https://allianceforcoffeeexcellence.org/el-salvador-2021/
f52a7809bb1fd00e,El Salvador,2021,COE,3A,f52a7809bb1fd00e|COE|NA|3A,TRUE,55.9,251.71,14070.59,14070.589,7.10702252147015e-8,https://allianceforcoffeeexcellence.org/el-salvador-2021/
f52a7809bb1fd00e,El Salvador,2021,COE,3B,f52a7809bb1fd00e|COE|NA|3B,TRUE,52.2,264.55,13809.51,13809.510000000002,1.317200540457885e-16,https://allianceforcoffeeexcellence.org/el-salvador-2021/
f52a7809bb1fd00e,El Salvador,2021,COE,4,f52a7809bb1fd00e|COE|NA|4,TRUE,25.1,1082.21,27163.47,27163.471,3.681414783176548e-8,https://allianceforcoffeeexcellence.org/el-salvador-2021/
f52a7809bb1fd00e,El Salvador,2021,COE,5,f52a7809bb1fd00e|COE|NA|5,TRUE,24.1,362.65,8739.87,8739.865,5.72090889340303e-7,https://allianceforcoffeeexcellence.org/el-salvador-2021/
f52a7809bb1fd00e,El Salvador,2021,COE,6,f52a7809bb1fd00e|COE|NA|6,TRUE,41,292.25,11982.25,11982.25,0,https://allianceforcoffeeexcellence.org/el-salvador-2021/
f52a7809bb1fd00e,El Salvador,2021,COE,7,f52a7809bb1fd00e|COE|NA|7,TRUE,14.5,852.06,12354.87,12354.869999999999,1.472285344601648e-16,https://allianceforcoffeeexcellence.org/el-salvador-2021/
f52a7809bb1fd00e,El Salvador,2021,COE,8,f52a7809bb1fd00e|COE|NA|8,TRUE,30.7,566.24,17383.57,17383.568,1.1505116615329611e-7,https://allianceforcoffeeexcellence.org/el-salvador-2021/
f52a7809bb1fd00e,El Salvador,2021,COE,9,f52a7809bb1fd00e|COE|NA|9,TRUE,30,357.86,10735.8,10735.800000000001,1.6943212462470022e-16,https://allianceforcoffeeexcellence.org/el-salvador-2021/
f52a7809bb1fd00e,El Salvador,2021,COE,10,f52a7809bb1fd00e|COE|NA|10,TRUE,38.85,477.32,18543.88,18543.882,1.0785229414812076e-7,https://allianceforcoffeeexcellence.org/el-salvador-2021/
f52a7809bb1fd00e,El Salvador,2021,COE,11,f52a7809bb1fd00e|COE|NA|11,TRUE,17.3,1020.57,17655.86,17655.861,5.663841921060355e-8,https://allianceforcoffeeexcellence.org/el-salvador-2021/
f52a7809bb1fd00e,El Salvador,2021,COE,12,f52a7809bb1fd00e|COE|NA|12,TRUE,22.55,286.29,6455.84,6455.839500000001,7.744925512286065e-8,https://allianceforcoffeeexcellence.org/el-salvador-2021/
f52a7809bb1fd00e,El Salvador,2021,COE,13,f52a7809bb1fd00e|COE|NA|13,TRUE,38.85,512.82,19923.06,19923.057000000004,1.5057927833240484e-7,https://allianceforcoffeeexcellence.org/el-salvador-2021/
f52a7809bb1fd00e,El Salvador,2021,COE,14,f52a7809bb1fd00e|COE|NA|14,TRUE,14.2,498.59,7079.98,7079.977999999999,2.8248667374871877e-7,https://allianceforcoffeeexcellence.org/el-salvador-2021/
f52a7809bb1fd00e,El Salvador,2021,COE,15,f52a7809bb1fd00e|COE|NA|15,TRUE,11.4,1160.88,13234.03,13234.032000000001,1.5112554531064639e-7,https://allianceforcoffeeexcellence.org/el-salvador-2021/
f52a7809bb1fd00e,El Salvador,2021,COE,16,f52a7809bb1fd00e|COE|NA|16,TRUE,15.1,606.31,9155.28,9155.280999999999,1.0922658819661849e-7,https://allianceforcoffeeexcellence.org/el-salvador-2021/
f52a7809bb1fd00e,El Salvador,2021,COE,17,f52a7809bb1fd00e|COE|NA|17,TRUE,11.2,1155.19,12938.13,12938.128,1.5458184440784445e-7,https://allianceforcoffeeexcellence.org/el-salvador-2021/
f52a7809bb1fd00e,El Salvador,2021,COE,18,f52a7809bb1fd00e|COE|NA|18,TRUE,14.4,507.45,7307.28,7307.28,0,https://allianceforcoffeeexcellence.org/el-salvador-2021/
f52a7809bb1fd00e,El Salvador,2021,COE,19,f52a7809bb1fd00e|COE|NA|19,TRUE,11.1,1290.27,14322,14321.997,2.094679514461095e-7,https://allianceforcoffeeexcellence.org/el-salvador-2021/
f52a7809bb1fd00e,El Salvador,2021,COE,20,f52a7809bb1fd00e|COE|NA|20,TRUE,14.3,489.65,7002,7001.995,7.14081690961031e-7,https://allianceforcoffeeexcellence.org/el-salvador-2021/
f52a7809bb1fd00e,El Salvador,2021,COE,21,f52a7809bb1fd00e|COE|NA|21,TRUE,9.7,1353.06,13124.68,13124.681999999999,1.523846675567301e-7,https://allianceforcoffeeexcellence.org/el-salvador-2021/
f52a7809bb1fd00e,El Salvador,2021,COE,22,f52a7809bb1fd00e|COE|NA|22,TRUE,14.2,514.26,7302.49,7302.491999999999,2.738791836069558e-7,https://allianceforcoffeeexcellence.org/el-salvador-2021/
f52a7809bb1fd00e,El Salvador,2021,COE,23,f52a7809bb1fd00e|COE|NA|23,TRUE,13.1,587.69,7698.74,7698.7390000000005,1.29891384732337e-7,https://allianceforcoffeeexcellence.org/el-salvador-2021/
f52a7809bb1fd00e,El Salvador,2021,COE,24,f52a7809bb1fd00e|COE|NA|24,TRUE,11.2,1042.6,11677.12,11677.119999999999,1.5577380411829768e-16,https://allianceforcoffeeexcellence.org/el-salvador-2021/
033b9c6652fed90f,El Salvador,2022,COE,1A,033b9c6652fed90f|COE|NA|1A,TRUE,72.1,264.6,19077.66,19077.66,0,https://allianceforcoffeeexcellence.org/el-salvador-2022/
033b9c6652fed90f,El Salvador,2022,COE,1B,033b9c6652fed90f|COE|NA|1B,TRUE,72.2,221.1,15963.42,15963.42,0,https://allianceforcoffeeexcellence.org/el-salvador-2022/
033b9c6652fed90f,El Salvador,2022,COE,2A,033b9c6652fed90f|COE|NA|2A,TRUE,18.1,264.6,4789.26,4789.260000000001,1.8990297076644998e-16,https://allianceforcoffeeexcellence.org/el-salvador-2022/
033b9c6652fed90f,El Salvador,2022,COE,2B,033b9c6652fed90f|COE|NA|2B,TRUE,16.8,219.8,3692.64,3692.6400000000003,1.231496573959184e-16,https://allianceforcoffeeexcellence.org/el-salvador-2022/
033b9c6652fed90f,El Salvador,2022,COE,3A,033b9c6652fed90f|COE|NA|3A,TRUE,16.3,431.1,7026.93,7026.93,0,https://allianceforcoffeeexcellence.org/el-salvador-2022/
033b9c6652fed90f,El Salvador,2022,COE,3B,033b9c6652fed90f|COE|NA|3B,TRUE,16.3,431.1,7026.93,7026.93,0,https://allianceforcoffeeexcellence.org/el-salvador-2022/
033b9c6652fed90f,El Salvador,2022,COE,4,033b9c6652fed90f|COE|NA|4,TRUE,40.1,646.4,25920.64,25920.64,0,https://allianceforcoffeeexcellence.org/el-salvador-2022/
033b9c6652fed90f,El Salvador,2022,COE,5,033b9c6652fed90f|COE|NA|5,TRUE,65.3,325,21222.5,21222.5,0,https://allianceforcoffeeexcellence.org/el-salvador-2022/
033b9c6652fed90f,El Salvador,2022,COE,6,033b9c6652fed90f|COE|NA|6,TRUE,10.55,1354.2,14286.81,14286.810000000001,1.273194928431089e-16,https://allianceforcoffeeexcellence.org/el-salvador-2022/
033b9c6652fed90f,El Salvador,2022,COE,7,033b9c6652fed90f|COE|NA|7,TRUE,8.3,877,7279.1,7279.1,0,https://allianceforcoffeeexcellence.org/el-salvador-2022/
033b9c6652fed90f,El Salvador,2022,COE,8,033b9c6652fed90f|COE|NA|8,TRUE,9.4,501,4709.4,4709.4000000000005,1.9312326448654358e-16,https://allianceforcoffeeexcellence.org/el-salvador-2022/
033b9c6652fed90f,El Salvador,2022,COE,9,033b9c6652fed90f|COE|NA|9,TRUE,25.8,286,7378.8,7378.8,0,https://allianceforcoffeeexcellence.org/el-salvador-2022/
033b9c6652fed90f,El Salvador,2022,COE,10,033b9c6652fed90f|COE|NA|10,TRUE,7.8,648.7,5059.86,5059.860000000001,1.7974700916091122e-16,https://allianceforcoffeeexcellence.org/el-salvador-2022/
033b9c6652fed90f,El Salvador,2022,COE,11,033b9c6652fed90f|COE|NA|11,TRUE,11.6,724,8398.4,8398.4,0,https://allianceforcoffeeexcellence.org/el-salvador-2022/
033b9c6652fed90f,El Salvador,2022,COE,12,033b9c6652fed90f|COE|NA|12,TRUE,8,825,6600,6600,0,https://allianceforcoffeeexcellence.org/el-salvador-2022/
033b9c6652fed90f,El Salvador,2022,COE,13,033b9c6652fed90f|COE|NA|13,TRUE,9.1,851,7744.1,7744.0999999999995,1.1744356371598096e-16,https://allianceforcoffeeexcellence.org/el-salvador-2022/
033b9c6652fed90f,El Salvador,2022,COE,14,033b9c6652fed90f|COE|NA|14,TRUE,18.1,438.2,7931.42,7931.42,0,https://allianceforcoffeeexcellence.org/el-salvador-2022/
033b9c6652fed90f,El Salvador,2022,COE,15,033b9c6652fed90f|COE|NA|15,TRUE,8,766,6128,6128,0,https://allianceforcoffeeexcellence.org/el-salvador-2022/
033b9c6652fed90f,El Salvador,2022,COE,16,033b9c6652fed90f|COE|NA|16,TRUE,6.2,902.2,5593.64,5593.64,0,https://allianceforcoffeeexcellence.org/el-salvador-2022/
033b9c6652fed90f,El Salvador,2022,COE,17,033b9c6652fed90f|COE|NA|17,TRUE,7,840.9,5886.3,5886.3,0,https://allianceforcoffeeexcellence.org/el-salvador-2022/
033b9c6652fed90f,El Salvador,2022,COE,18,033b9c6652fed90f|COE|NA|18,TRUE,7.4,819,6060.6,6060.6,0,https://allianceforcoffeeexcellence.org/el-salvador-2022/
033b9c6652fed90f,El Salvador,2022,COE,19,033b9c6652fed90f|COE|NA|19,TRUE,7.1,883,6269.3,6269.299999999999,1.4507117250297933e-16,https://allianceforcoffeeexcellence.org/el-salvador-2022/
033b9c6652fed90f,El Salvador,2022,COE,20,033b9c6652fed90f|COE|NA|20,TRUE,11.1,555.4,6164.94,6164.94,0,https://allianceforcoffeeexcellence.org/el-salvador-2022/
033b9c6652fed90f,El Salvador,2022,COE,21,033b9c6652fed90f|COE|NA|21,TRUE,7.1,886.8,6296.28,6296.28,0,https://allianceforcoffeeexcellence.org/el-salvador-2022/
033b9c6652fed90f,El Salvador,2022,COE,22,033b9c6652fed90f|COE|NA|22,TRUE,6.7,462.7,3100.09,3100.09,0,https://allianceforcoffeeexcellence.org/el-salvador-2022/
033b9c6652fed90f,El Salvador,2022,COE,23,033b9c6652fed90f|COE|NA|23,TRUE,8.3,526,4365.8,4365.8,0,https://allianceforcoffeeexcellence.org/el-salvador-2022/
033b9c6652fed90f,El Salvador,2022,COE,24,033b9c6652fed90f|COE|NA|24,TRUE,6.6,764.6,5046.36,5046.36,0,https://allianceforcoffeeexcellence.org/el-salvador-2022/
033b9c6652fed90f,El Salvador,2022,COE,25,033b9c6652fed90f|COE|NA|25,TRUE,7,887,6209,6209,0,https://allianceforcoffeeexcellence.org/el-salvador-2022/
033b9c6652fed90f,El Salvador,2022,COE,26,033b9c6652fed90f|COE|NA|26,TRUE,7.2,853,6141.6,6141.6,0,https://allianceforcoffeeexcellence.org/el-salvador-2022/
033b9c6652fed90f,El Salvador,2022,COE,27,033b9c6652fed90f|COE|NA|27,TRUE,6.6,423.2,2793.12,2793.12,0,https://allianceforcoffeeexcellence.org/el-salvador-2022/
c991847a22ff1716,El Salvador,2023,COE,1A,c991847a22ff1716|COE|NA|1A,TRUE,59.9,529.11,31693.69,31693.689,3.155202187576539e-8,https://allianceforcoffeeexcellence.org/el-salvador-2023/
c991847a22ff1716,El Salvador,2023,COE,1B,c991847a22ff1716|COE|NA|1B,TRUE,58.6,462.97,27130.04,27130.042,7.371902143924055e-8,https://allianceforcoffeeexcellence.org/el-salvador-2023/
c991847a22ff1716,El Salvador,2023,COE,2A,c991847a22ff1716|COE|NA|2A,TRUE,30.2,421.18,12719.64,12719.636,3.1447430894238503e-7,https://allianceforcoffeeexcellence.org/el-salvador-2023/
c991847a22ff1716,El Salvador,2023,COE,2B,c991847a22ff1716|COE|NA|2B,TRUE,30.1,396.83,11944.58,11944.583,2.511599403755662e-7,https://allianceforcoffeeexcellence.org/el-salvador-2023/
c991847a22ff1716,El Salvador,2023,COE,3A,c991847a22ff1716|COE|NA|3A,TRUE,20.1,330.69,6646.87,6646.869000000001,1.5044675152278171e-7,https://allianceforcoffeeexcellence.org/el-salvador-2023/
c991847a22ff1716,El Salvador,2023,COE,3B,c991847a22ff1716|COE|NA|3B,TRUE,19,330.69,6283.11,6283.11,0,https://allianceforcoffeeexcellence.org/el-salvador-2023/
c991847a22ff1716,El Salvador,2023,COE,4,c991847a22ff1716|COE|NA|4,TRUE,15.3,685.01,10480.65,10480.653,2.862417884970093e-7,https://allianceforcoffeeexcellence.org/el-salvador-2023/
c991847a22ff1716,El Salvador,2023,COE,5,c991847a22ff1716|COE|NA|5,TRUE,9.15,1521.19,13918.89,13918.888500000001,1.0776721408722973e-7,https://allianceforcoffeeexcellence.org/el-salvador-2023/
c991847a22ff1716,El Salvador,2023,COE,6,c991847a22ff1716|COE|NA|6,TRUE,12.7,793.66,10079.48,10079.481999999998,1.9842293437642263e-7,https://allianceforcoffeeexcellence.org/el-salvador-2023/
c991847a22ff1716,El Salvador,2023,COE,7,c991847a22ff1716|COE|NA|7,TRUE,13,925.94,12037.22,12037.220000000001,1.5111374582718073e-16,https://allianceforcoffeeexcellence.org/el-salvador-2023/
c991847a22ff1716,El Salvador,2023,COE,8,c991847a22ff1716|COE|NA|8,TRUE,6.1,1680.02,10248.12,10248.122,1.9515774586836064e-7,https://allianceforcoffeeexcellence.org/el-salvador-2023/
c991847a22ff1716,El Salvador,2023,COE,9,c991847a22ff1716|COE|NA|9,TRUE,8,1124.36,8994.88,8994.88,0,https://allianceforcoffeeexcellence.org/el-salvador-2023/
c991847a22ff1716,El Salvador,2023,COE,10,c991847a22ff1716|COE|NA|10,TRUE,13.1,589.01,7716.03,7716.031,1.2960032558242087e-7,https://allianceforcoffeeexcellence.org/el-salvador-2023/
c991847a22ff1716,El Salvador,2023,COE,11,c991847a22ff1716|COE|NA|11,TRUE,16.4,644.01,10561.76,10561.764,3.7872475789981193e-7,https://allianceforcoffeeexcellence.org/el-salvador-2023/
c991847a22ff1716,El Salvador,2023,COE,12,c991847a22ff1716|COE|NA|12,TRUE,19.1,396.83,7579.45,7579.453,3.958070837080765e-7,https://allianceforcoffeeexcellence.org/el-salvador-2023/
c991847a22ff1716,El Salvador,2023,COE,13,c991847a22ff1716|COE|NA|13,TRUE,8.1,1487.01,12044.78,12044.780999999999,8.302351710738905e-8,https://allianceforcoffeeexcellence.org/el-salvador-2023/
c991847a22ff1716,El Salvador,2023,COE,14,c991847a22ff1716|COE|NA|14,TRUE,6.4,846.01,5414.46,5414.464,7.387624989205595e-7,https://allianceforcoffeeexcellence.org/el-salvador-2023/
c991847a22ff1716,El Salvador,2023,COE,15,c991847a22ff1716|COE|NA|15,TRUE,15.3,379,5798.7,5798.7,0,https://allianceforcoffeeexcellence.org/el-salvador-2023/
c991847a22ff1716,El Salvador,2023,COE,16,c991847a22ff1716|COE|NA|16,TRUE,6.1,951.01,5801.16,5801.161,1.7237931727511857e-7,https://allianceforcoffeeexcellence.org/el-salvador-2023/
c991847a22ff1716,El Salvador,2023,COE,17,c991847a22ff1716|COE|NA|17,TRUE,16.4,592.01,9708.96,9708.963999999998,4.119905735522567e-7,https://allianceforcoffeeexcellence.org/el-salvador-2023/
c991847a22ff1716,El Salvador,2023,COE,18,c991847a22ff1716|COE|NA|18,TRUE,6,1058.22,6349.32,6349.32,0,https://allianceforcoffeeexcellence.org/el-salvador-2023/
c991847a22ff1716,El Salvador,2023,COE,19,c991847a22ff1716|COE|NA|19,TRUE,6.8,714.01,4855.27,4855.268,4.1192353883665655e-7,https://allianceforcoffeeexcellence.org/el-salvador-2023/
c991847a22ff1716,El Salvador,2023,COE,20,c991847a22ff1716|COE|NA|20,TRUE,13.8,462.97,6388.99,6388.986000000001,6.260770480147751e-7,https://allianceforcoffeeexcellence.org/el-salvador-2023/
c991847a22ff1716,El Salvador,2023,COE,21,c991847a22ff1716|COE|NA|21,TRUE,5.4,925.94,5000.08,5000.076000000001,7.999872000039835e-7,https://allianceforcoffeeexcellence.org/el-salvador-2023/
c991847a22ff1716,El Salvador,2023,COE,22,c991847a22ff1716|COE|NA|22,TRUE,6.9,630.01,4347.07,4347.069,2.3004000379433323e-7,https://allianceforcoffeeexcellence.org/el-salvador-2023/
c991847a22ff1716,El Salvador,2023,COE,23,c991847a22ff1716|COE|NA|23,TRUE,7.15,854.01,6106.17,6106.1715,2.4565316725633094e-7,https://allianceforcoffeeexcellence.org/el-salvador-2023/
c991847a22ff1716,El Salvador,2023,COE,24,c991847a22ff1716|COE|NA|24,TRUE,5.2,757.01,3936.45,3936.452,5.080719939050296e-7,https://allianceforcoffeeexcellence.org/el-salvador-2023/
c991847a22ff1716,El Salvador,2023,COE,25,c991847a22ff1716|COE|NA|25,TRUE,5.2,784.01,4076.85,4076.8520000000003,4.905748311582358e-7,https://allianceforcoffeeexcellence.org/el-salvador-2023/
c991847a22ff1716,El Salvador,2023,COE,26,c991847a22ff1716|COE|NA|26,TRUE,5,793.66,3968.3,3968.2999999999997,1.1459500312135274e-16,https://allianceforcoffeeexcellence.org/el-salvador-2023/
c991847a22ff1716,El Salvador,2023,COE,27,c991847a22ff1716|COE|NA|27,TRUE,5.5,661.39,3637.65,3637.645,1.3745137657853668e-6,https://allianceforcoffeeexcellence.org/el-salvador-2023/
c991847a22ff1716,El Salvador,2023,COE,28,c991847a22ff1716|COE|NA|28,TRUE,5.4,377,2035.8,2035.8000000000002,1.1168762915965816e-16,https://allianceforcoffeeexcellence.org/el-salvador-2023/
c991847a22ff1716,El Salvador,2023,COE,29,c991847a22ff1716|COE|NA|29,TRUE,5.1,782.01,3988.25,3988.2509999999997,2.507365385191449e-7,https://allianceforcoffeeexcellence.org/el-salvador-2023/
c991847a22ff1716,El Salvador,2023,COE,30,c991847a22ff1716|COE|NA|30,TRUE,6.2,518,3211.6,3211.6,0,https://allianceforcoffeeexcellence.org/el-salvador-2023/
36f7881408411ac3,El Salvador,2024,COE,1A,36f7881408411ac3|COE|Washed + Honey|1A,TRUE,31.6,661.38,20899.61,20899.608,9.569556563052869e-8,https://allianceforcoffeeexcellence.org/el-salvador-2024/
36f7881408411ac3,El Salvador,2024,COE,1B,36f7881408411ac3|COE|Washed + Honey|1B,TRUE,30.9,716.5,22139.85,22139.85,0,https://allianceforcoffeeexcellence.org/el-salvador-2024/
36f7881408411ac3,El Salvador,2024,COE,2,36f7881408411ac3|COE|Washed + Honey|2,TRUE,20.2,815.7,16477.14,16477.14,0,https://allianceforcoffeeexcellence.org/el-salvador-2024/
36f7881408411ac3,El Salvador,2024,COE,3,36f7881408411ac3|COE|Washed + Honey|3,TRUE,13.5,1075.84,14523.84,14523.839999999998,1.2524163055678502e-16,https://allianceforcoffeeexcellence.org/el-salvador-2024/
36f7881408411ac3,El Salvador,2024,COE,4,36f7881408411ac3|COE|Washed + Honey|4,TRUE,13.2,482.81,6373.09,6373.092,3.1381951290472263e-7,https://allianceforcoffeeexcellence.org/el-salvador-2024/
36f7881408411ac3,El Salvador,2024,COE,5,36f7881408411ac3|COE|Washed + Honey|5,TRUE,10.3,720.9,7425.27,7425.27,0,https://allianceforcoffeeexcellence.org/el-salvador-2024/
36f7881408411ac3,El Salvador,2024,COE,6,36f7881408411ac3|COE|Washed + Honey|6,TRUE,10.6,487.22,5164.53,5164.532,3.872569237486187e-7,https://allianceforcoffeeexcellence.org/el-salvador-2024/
36f7881408411ac3,El Salvador,2024,COE,7,36f7881408411ac3|COE|Washed + Honey|7,TRUE,28.1,421.08,11832.35,11832.348,1.6902813054105512e-7,https://allianceforcoffeeexcellence.org/el-salvador-2024/
36f7881408411ac3,El Salvador,2024,COE,8,36f7881408411ac3|COE|Washed + Honey|8,TRUE,13.6,1097.89,14931.3,14931.304,2.6789361949829603e-7,https://allianceforcoffeeexcellence.org/el-salvador-2024/
36f7881408411ac3,El Salvador,2024,COE,1A,36f7881408411ac3|COE|Natural|1A,TRUE,122,198.41,24206.02,24206.02,0,https://allianceforcoffeeexcellence.org/el-salvador-2024/
36f7881408411ac3,El Salvador,2024,COE,1B,36f7881408411ac3|COE|Natural|1B,TRUE,114,260.14,29655.96,29655.96,0,https://allianceforcoffeeexcellence.org/el-salvador-2024/
36f7881408411ac3,El Salvador,2024,COE,2,36f7881408411ac3|COE|Natural|2,TRUE,36.1,502.65,18145.67,18145.665,2.755478302746967e-7,https://allianceforcoffeeexcellence.org/el-salvador-2024/
36f7881408411ac3,El Salvador,2024,COE,3,36f7881408411ac3|COE|Natural|3,TRUE,16.6,978.84,16248.74,16248.744000000002,2.4617293418652136e-7,https://allianceforcoffeeexcellence.org/el-salvador-2024/
36f7881408411ac3,El Salvador,2024,COE,4,36f7881408411ac3|COE|Natural|4,TRUE,12.8,524.69,6716.03,6716.032000000001,2.977949772882117e-7,https://allianceforcoffeeexcellence.org/el-salvador-2024/
36f7881408411ac3,El Salvador,2024,COE,5,36f7881408411ac3|COE|Natural|5,TRUE,10,974.43,9744.3,9744.3,0,https://allianceforcoffeeexcellence.org/el-salvador-2024/
36f7881408411ac3,El Salvador,2024,COE,6,36f7881408411ac3|COE|Natural|6,TRUE,11,956.8,10524.8,10524.8,0,https://allianceforcoffeeexcellence.org/el-salvador-2024/
36f7881408411ac3,El Salvador,2024,COE,7,36f7881408411ac3|COE|Natural|7,TRUE,13,487.22,6333.86,6333.860000000001,1.4359248574691076e-16,https://allianceforcoffeeexcellence.org/el-salvador-2024/
36f7881408411ac3,El Salvador,2024,COE,8,36f7881408411ac3|COE|Natural|8,TRUE,13.3,476.19,6333.33,6333.327,4.7368445978682396e-7,https://allianceforcoffeeexcellence.org/el-salvador-2024/
36f7881408411ac3,El Salvador,2024,COE,9,36f7881408411ac3|COE|Natural|9,TRUE,11.1,564.38,6264.62,6264.6179999999995,3.192532029727986e-7,https://allianceforcoffeeexcellence.org/el-salvador-2024/
36f7881408411ac3,El Salvador,2024,COE,10,36f7881408411ac3|COE|Natural|10,TRUE,10.1,738.54,7459.25,7459.253999999999,5.362469415820516e-7,https://allianceforcoffeeexcellence.org/el-salvador-2024/
36f7881408411ac3,El Salvador,2024,COE,1A,36f7881408411ac3|COE|Experimental|1A,TRUE,55,264.55,14550.25,14550.25,0,https://allianceforcoffeeexcellence.org/el-salvador-2024/
36f7881408411ac3,El Salvador,2024,COE,1B,36f7881408411ac3|COE|Experimental|1B,TRUE,53.8,335.1,18028.38,18028.38,0,https://allianceforcoffeeexcellence.org/el-salvador-2024/
36f7881408411ac3,El Salvador,2024,COE,2,36f7881408411ac3|COE|Experimental|2,TRUE,17.75,890.66,15809.22,15809.215,3.1627113793088117e-7,https://allianceforcoffeeexcellence.org/el-salvador-2024/
36f7881408411ac3,El Salvador,2024,COE,3,36f7881408411ac3|COE|Experimental|3,TRUE,9.6,1205.92,11576.83,11576.832,1.72758864076561e-7,https://allianceforcoffeeexcellence.org/el-salvador-2024/
36f7881408411ac3,El Salvador,2024,COE,4,36f7881408411ac3|COE|Experimental|4,TRUE,10.2,992.07,10119.11,10119.114,3.952916806908827e-7,https://allianceforcoffeeexcellence.org/el-salvador-2024/
36f7881408411ac3,El Salvador,2024,COE,5,36f7881408411ac3|COE|Experimental|5,TRUE,9.5,787.04,7476.88,7476.879999999999,1.2164093870343356e-16,https://allianceforcoffeeexcellence.org/el-salvador-2024/
36f7881408411ac3,El Salvador,2024,COE,6,36f7881408411ac3|COE|Experimental|6,TRUE,12.75,524.69,6689.8,6689.797500000001,3.737032496636405e-7,https://allianceforcoffeeexcellence.org/el-salvador-2024/
36f7881408411ac3,El Salvador,2024,COE,7,36f7881408411ac3|COE|Experimental|7,TRUE,12.7,575.4,7307.58,7307.579999999999,1.2445908245587844e-16,https://allianceforcoffeeexcellence.org/el-salvador-2024/
36f7881408411ac3,El Salvador,2024,COE,8,36f7881408411ac3|COE|Experimental|8,TRUE,10.1,537.92,5432.99,5432.991999999999,3.6812142107715254e-7,https://allianceforcoffeeexcellence.org/el-salvador-2024/
36f7881408411ac3,El Salvador,2024,COE,9,36f7881408411ac3|COE|Experimental|9,TRUE,9,789.25,7103.25,7103.25,0,https://allianceforcoffeeexcellence.org/el-salvador-2024/
36f7881408411ac3,El Salvador,2024,COE,10,36f7881408411ac3|COE|Experimental|10,TRUE,26.4,465.17,12280.49,12280.488,1.6285995106119167e-7,https://allianceforcoffeeexcellence.org/el-salvador-2024/
36f7881408411ac3,El Salvador,2024,COE,11,36f7881408411ac3|COE|Experimental|11,TRUE,8.6,1452.83,12494.34,12494.338,1.6007248085192604e-7,https://allianceforcoffeeexcellence.org/el-salvador-2024/
36f7881408411ac3,El Salvador,2024,COE,12,36f7881408411ac3|COE|Experimental|12,TRUE,8.8,798.07,7023.02,7023.016000000001,5.69555547185672e-7,https://allianceforcoffeeexcellence.org/el-salvador-2024/
4f4bfa360131e53c,El Salvador,2025,COE,1A,4f4bfa360131e53c|COE|Washed + Honey|1A,TRUE,41.2,199.5,8219.4,8219.400000000001,2.213044022125528e-16,https://allianceforcoffeeexcellence.org/el-salvador-2025/
4f4bfa360131e53c,El Salvador,2025,COE,1B,4f4bfa360131e53c|COE|Washed + Honey|1B,TRUE,42.1,199.5,8398.95,8398.95,0,https://allianceforcoffeeexcellence.org/el-salvador-2025/
4f4bfa360131e53c,El Salvador,2025,COE,2,4f4bfa360131e53c|COE|Washed + Honey|2,TRUE,19.1,946,18068.6,18068.600000000002,2.013425947274118e-16,https://allianceforcoffeeexcellence.org/el-salvador-2025/
4f4bfa360131e53c,El Salvador,2025,COE,3,4f4bfa360131e53c|COE|Washed + Honey|3,TRUE,55.9,416,23254.4,23254.399999999998,1.5644260041504887e-16,https://allianceforcoffeeexcellence.org/el-salvador-2025/
4f4bfa360131e53c,El Salvador,2025,COE,4,4f4bfa360131e53c|COE|Washed + Honey|4,TRUE,27,339,9153,9153,0,https://allianceforcoffeeexcellence.org/el-salvador-2025/
4f4bfa360131e53c,El Salvador,2025,COE,6,4f4bfa360131e53c|COE|Washed + Honey|6,TRUE,15.6,627,9781.2,9781.199999999999,1.8596791840938292e-16,https://allianceforcoffeeexcellence.org/el-salvador-2025/
4f4bfa360131e53c,El Salvador,2025,COE,7,4f4bfa360131e53c|COE|Washed + Honey|7,TRUE,20.4,432,8812.8,8812.8,0,https://allianceforcoffeeexcellence.org/el-salvador-2025/
4f4bfa360131e53c,El Salvador,2025,COE,8,4f4bfa360131e53c|COE|Washed + Honey|8,TRUE,16.4,686,11250.4,11250.4,0,https://allianceforcoffeeexcellence.org/el-salvador-2025/
4f4bfa360131e53c,El Salvador,2025,COE,1A,4f4bfa360131e53c|COE|Natural|1A,TRUE,30.1,485,14598.5,14598.5,0,https://allianceforcoffeeexcellence.org/el-salvador-2025/
4f4bfa360131e53c,El Salvador,2025,COE,1B,4f4bfa360131e53c|COE|Natural|1B,TRUE,30.1,485,14598.5,14598.5,0,https://allianceforcoffeeexcellence.org/el-salvador-2025/
4f4bfa360131e53c,El Salvador,2025,COE,2,4f4bfa360131e53c|COE|Natural|2,TRUE,22.1,750,16575,16575,0,https://allianceforcoffeeexcellence.org/el-salvador-2025/
4f4bfa360131e53c,El Salvador,2025,COE,3,4f4bfa360131e53c|COE|Natural|3,TRUE,42.1,425,17892.5,17892.5,0,https://allianceforcoffeeexcellence.org/el-salvador-2025/
4f4bfa360131e53c,El Salvador,2025,COE,4,4f4bfa360131e53c|COE|Natural|4,TRUE,16.5,941,15526.5,15526.5,0,https://allianceforcoffeeexcellence.org/el-salvador-2025/
4f4bfa360131e53c,El Salvador,2025,COE,5,4f4bfa360131e53c|COE|Natural|5,TRUE,33.1,425,14067.5,14067.5,0,https://allianceforcoffeeexcellence.org/el-salvador-2025/
4f4bfa360131e53c,El Salvador,2025,COE,6,4f4bfa360131e53c|COE|Natural|6,TRUE,16.8,760,12768,12768,0,https://allianceforcoffeeexcellence.org/el-salvador-2025/
4f4bfa360131e53c,El Salvador,2025,COE,7,4f4bfa360131e53c|COE|Natural|7,TRUE,15.4,534,8223.6,8223.6,0,https://allianceforcoffeeexcellence.org/el-salvador-2025/
4f4bfa360131e53c,El Salvador,2025,COE,8,4f4bfa360131e53c|COE|Natural|8,TRUE,21.1,325,6857.5,6857.500000000001,1.3262773631395235e-16,https://allianceforcoffeeexcellence.org/el-salvador-2025/
4f4bfa360131e53c,El Salvador,2025,COE,9,4f4bfa360131e53c|COE|Natural|9,TRUE,16.1,387,6230.7,6230.700000000001,1.4596990735758877e-16,https://allianceforcoffeeexcellence.org/el-salvador-2025/
4f4bfa360131e53c,El Salvador,2025,COE,10,4f4bfa360131e53c|COE|Natural|10,TRUE,20.1,394,7919.4,7919.4000000000005,1.148438899124843e-16,https://allianceforcoffeeexcellence.org/el-salvador-2025/
4f4bfa360131e53c,El Salvador,2025,COE,11,4f4bfa360131e53c|COE|Natural|11,TRUE,16.2,390,6318,6318,0,https://allianceforcoffeeexcellence.org/el-salvador-2025/
4f4bfa360131e53c,El Salvador,2025,COE,12,4f4bfa360131e53c|COE|Natural|12,TRUE,15.3,505,7726.5,7726.5,0,https://allianceforcoffeeexcellence.org/el-salvador-2025/
4f4bfa360131e53c,El Salvador,2025,COE,1A,4f4bfa360131e53c|COE|Experimental|1A,TRUE,17.9,641,11473.9,11473.9,0,https://allianceforcoffeeexcellence.org/el-salvador-2025/
4f4bfa360131e53c,El Salvador,2025,COE,1B,4f4bfa360131e53c|COE|Experimental|1B,TRUE,17.9,641,11473.9,11473.9,0,https://allianceforcoffeeexcellence.org/el-salvador-2025/
4f4bfa360131e53c,El Salvador,2025,COE,2,4f4bfa360131e53c|COE|Experimental|2,TRUE,15.2,404,6140.8,6140.799999999999,1.4810687561440338e-16,https://allianceforcoffeeexcellence.org/el-salvador-2025/
4f4bfa360131e53c,El Salvador,2025,COE,3,4f4bfa360131e53c|COE|Experimental|3,TRUE,18.3,226,4135.8,4135.8,0,https://allianceforcoffeeexcellence.org/el-salvador-2025/
4f4bfa360131e53c,El Salvador,2025,COE,4,4f4bfa360131e53c|COE|Experimental|4,TRUE,15.2,525,7980,7980,0,https://allianceforcoffeeexcellence.org/el-salvador-2025/
4f4bfa360131e53c,El Salvador,2025,COE,5,4f4bfa360131e53c|COE|Experimental|5,TRUE,15.2,582,8846.4,8846.4,0,https://allianceforcoffeeexcellence.org/el-salvador-2025/
4f4bfa360131e53c,El Salvador,2025,COE,6,4f4bfa360131e53c|COE|Experimental|6,TRUE,17.8,607,10804.6,10804.6,0,https://allianceforcoffeeexcellence.org/el-salvador-2025/
4f4bfa360131e53c,El Salvador,2025,COE,7,4f4bfa360131e53c|COE|Experimental|7,TRUE,16.3,545,8883.5,8883.5,0,https://allianceforcoffeeexcellence.org/el-salvador-2025/
4f4bfa360131e53c,El Salvador,2025,COE,8,4f4bfa360131e53c|COE|Experimental|8,TRUE,13.1,555,7270.5,7270.5,0,https://allianceforcoffeeexcellence.org/el-salvador-2025/
4f4bfa360131e53c,El Salvador,2025,COE,9,4f4bfa360131e53c|COE|Experimental|9,TRUE,15,350,5250,5250,0,https://allianceforcoffeeexcellence.org/el-salvador-2025/
4f4bfa360131e53c,El Salvador,2025,COE,10,4f4bfa360131e53c|COE|Experimental|10,TRUE,20.1,NA,7919.4,NA,NA,https://allianceforcoffeeexcellence.org/el-salvador-2025/
4f4bfa360131e53c,El Salvador,2025,COE,11,4f4bfa360131e53c|COE|Experimental|11,TRUE,16.2,NA,6318,NA,NA,https://allianceforcoffeeexcellence.org/el-salvador-2025/
4f4bfa360131e53c,El Salvador,2025,COE,12,4f4bfa360131e53c|COE|Experimental|12,TRUE,15.3,NA,7726.5,NA,NA,https://allianceforcoffeeexcellence.org/el-salvador-2025/
3fdd9aa5fb9dcee3,Ethiopia,2020,COE,1A,3fdd9aa5fb9dcee3|COE|NA|1A,TRUE,185.1,595.25,110180.78,110180.775,4.537996558616315e-8,https://allianceforcoffeeexcellence.org/ethiopia-2020/
3fdd9aa5fb9dcee3,Ethiopia,2020,COE,1B,3fdd9aa5fb9dcee3|COE|NA|1B,TRUE,185.1,595.25,110180.78,110180.775,4.537996558616315e-8,https://allianceforcoffeeexcellence.org/ethiopia-2020/
3fdd9aa5fb9dcee3,Ethiopia,2020,COE,2A,3fdd9aa5fb9dcee3|COE|NA|2A,TRUE,108,959.01,103573.08,103573.08,0,https://allianceforcoffeeexcellence.org/ethiopia-2020/
3fdd9aa5fb9dcee3,Ethiopia,2020,COE,2B,3fdd9aa5fb9dcee3|COE|NA|2B,TRUE,107.1,925.94,99168.17,99168.174,4.033552298902871e-8,https://allianceforcoffeeexcellence.org/ethiopia-2020/
3fdd9aa5fb9dcee3,Ethiopia,2020,COE,3A,3fdd9aa5fb9dcee3|COE|NA|3A,TRUE,47.16,959.01,45226.91,45226.9116,3.537716806123585e-8,https://allianceforcoffeeexcellence.org/ethiopia-2020/
3fdd9aa5fb9dcee3,Ethiopia,2020,COE,3B,3fdd9aa5fb9dcee3|COE|NA|3B,TRUE,49.1,925.94,45463.65,45463.654,8.798237714778526e-8,https://allianceforcoffeeexcellence.org/ethiopia-2020/
3fdd9aa5fb9dcee3,Ethiopia,2020,COE,4,3fdd9aa5fb9dcee3|COE|NA|4,TRUE,40.4,1322.77,53439.91,53439.907999999996,3.742521287336395e-8,https://allianceforcoffeeexcellence.org/ethiopia-2020/
3fdd9aa5fb9dcee3,Ethiopia,2020,COE,5,3fdd9aa5fb9dcee3|COE|NA|5,TRUE,21,2182.57,45833.97,45833.97,0,https://allianceforcoffeeexcellence.org/ethiopia-2020/
3fdd9aa5fb9dcee3,Ethiopia,2020,COE,6,3fdd9aa5fb9dcee3|COE|NA|6,TRUE,19.52,2248.71,43894.82,43894.8192,1.8225385173425314e-8,https://allianceforcoffeeexcellence.org/ethiopia-2020/
3fdd9aa5fb9dcee3,Ethiopia,2020,COE,7,3fdd9aa5fb9dcee3|COE|NA|7,TRUE,23.1,1818.81,42014.51,42014.511,2.3801300944977057e-8,https://allianceforcoffeeexcellence.org/ethiopia-2020/
3fdd9aa5fb9dcee3,Ethiopia,2020,COE,8,3fdd9aa5fb9dcee3|COE|NA|8,TRUE,35.1,1752.67,61518.72,61518.717000000004,4.876564396939991e-8,https://allianceforcoffeeexcellence.org/ethiopia-2020/
3fdd9aa5fb9dcee3,Ethiopia,2020,COE,9,3fdd9aa5fb9dcee3|COE|NA|9,TRUE,18.21,2116.44,38540.37,38540.3724,6.227236525177524e-8,https://allianceforcoffeeexcellence.org/ethiopia-2020/
3fdd9aa5fb9dcee3,Ethiopia,2020,COE,10,3fdd9aa5fb9dcee3|COE|NA|10,TRUE,19.3,2149.5,41485.35,41485.35,0,https://allianceforcoffeeexcellence.org/ethiopia-2020/
3fdd9aa5fb9dcee3,Ethiopia,2020,COE,11,3fdd9aa5fb9dcee3|COE|NA|11,TRUE,25.6,1951.09,49947.9,49947.904,8.008344696803884e-8,https://allianceforcoffeeexcellence.org/ethiopia-2020/
3fdd9aa5fb9dcee3,Ethiopia,2020,COE,12,3fdd9aa5fb9dcee3|COE|NA|12,TRUE,66.6,429.9,28631.34,28631.339999999997,1.270628202204896e-16,https://allianceforcoffeeexcellence.org/ethiopia-2020/
3fdd9aa5fb9dcee3,Ethiopia,2020,COE,13,3fdd9aa5fb9dcee3|COE|NA|13,TRUE,39.6,562.18,22262.33,22262.327999999998,8.983785632705257e-8,https://allianceforcoffeeexcellence.org/ethiopia-2020/
3fdd9aa5fb9dcee3,Ethiopia,2020,COE,14,3fdd9aa5fb9dcee3|COE|NA|14,TRUE,16.4,2017.23,33082.57,33082.572,6.045479539248171e-8,https://allianceforcoffeeexcellence.org/ethiopia-2020/
3fdd9aa5fb9dcee3,Ethiopia,2020,COE,15,3fdd9aa5fb9dcee3|COE|NA|15,TRUE,17.7,2248.71,39802.17,39802.167,7.537277482542288e-8,https://allianceforcoffeeexcellence.org/ethiopia-2020/
3fdd9aa5fb9dcee3,Ethiopia,2020,COE,16,3fdd9aa5fb9dcee3|COE|NA|16,TRUE,14.2,2447.13,34749.25,34749.246,1.1511039808959638e-7,https://allianceforcoffeeexcellence.org/ethiopia-2020/
3fdd9aa5fb9dcee3,Ethiopia,2020,COE,17,3fdd9aa5fb9dcee3|COE|NA|17,TRUE,17.5,2215.64,38773.7,38773.7,0,https://allianceforcoffeeexcellence.org/ethiopia-2020/
3fdd9aa5fb9dcee3,Ethiopia,2020,COE,18,3fdd9aa5fb9dcee3|COE|NA|18,TRUE,27.4,462.97,12685.38,12685.378,1.5766181214819456e-7,https://allianceforcoffeeexcellence.org/ethiopia-2020/
3fdd9aa5fb9dcee3,Ethiopia,2020,COE,19,3fdd9aa5fb9dcee3|COE|NA|19,TRUE,12.6,2281.78,28750.43,28750.428000000004,6.956417684081507e-8,https://allianceforcoffeeexcellence.org/ethiopia-2020/
3fdd9aa5fb9dcee3,Ethiopia,2020,COE,20,3fdd9aa5fb9dcee3|COE|NA|20,TRUE,19.4,694.46,13472.52,13472.524,2.9690065399761275e-7,https://allianceforcoffeeexcellence.org/ethiopia-2020/
3fdd9aa5fb9dcee3,Ethiopia,2020,COE,21,3fdd9aa5fb9dcee3|COE|NA|21,TRUE,21.4,2116.44,45291.82,45291.816,8.83161683680388e-8,https://allianceforcoffeeexcellence.org/ethiopia-2020/
3fdd9aa5fb9dcee3,Ethiopia,2020,COE,22,3fdd9aa5fb9dcee3|COE|NA|22,TRUE,13.6,2447.13,33280.97,33280.968,6.009440230881052e-8,https://allianceforcoffeeexcellence.org/ethiopia-2020/
3fdd9aa5fb9dcee3,Ethiopia,2020,COE,23,3fdd9aa5fb9dcee3|COE|NA|23,TRUE,12.3,2149.5,26438.85,26438.850000000002,1.3759973701926193e-16,https://allianceforcoffeeexcellence.org/ethiopia-2020/
3fdd9aa5fb9dcee3,Ethiopia,2020,COE,24,3fdd9aa5fb9dcee3|COE|NA|24,TRUE,12.4,2215.64,27473.94,27473.935999999998,1.455925142449502e-7,https://allianceforcoffeeexcellence.org/ethiopia-2020/
3fdd9aa5fb9dcee3,Ethiopia,2020,COE,25,3fdd9aa5fb9dcee3|COE|NA|25,TRUE,20.3,826.73,16782.62,16782.619000000002,5.958545188806921e-8,https://allianceforcoffeeexcellence.org/ethiopia-2020/
3fdd9aa5fb9dcee3,Ethiopia,2020,COE,26,3fdd9aa5fb9dcee3|COE|NA|26,TRUE,25,529.11,13227.75,13227.75,0,https://allianceforcoffeeexcellence.org/ethiopia-2020/
3fdd9aa5fb9dcee3,Ethiopia,2020,COE,27,3fdd9aa5fb9dcee3|COE|NA|27,TRUE,18.1,959.01,17358.08,17358.081000000002,5.7610058267027616e-8,https://allianceforcoffeeexcellence.org/ethiopia-2020/
3fdd9aa5fb9dcee3,Ethiopia,2020,COE,28,3fdd9aa5fb9dcee3|COE|NA|28,TRUE,11.3,2314.85,26157.81,26157.805,1.911475005368811e-7,https://allianceforcoffeeexcellence.org/ethiopia-2020/
2b2f8fc82c5e8056,Ethiopia,2021,COE,1A,2b2f8fc82c5e8056|COE|NA|1A,TRUE,150,1256.63,188494.5,188494.50000000003,1.5440148363338827e-16,https://allianceforcoffeeexcellence.org/ethiopia-2021/
2b2f8fc82c5e8056,Ethiopia,2021,COE,1B,2b2f8fc82c5e8056|COE|NA|1B,TRUE,140.2,1256.63,176179.5,176179.526,1.4757676127229817e-7,https://allianceforcoffeeexcellence.org/ethiopia-2021/
2b2f8fc82c5e8056,Ethiopia,2021,COE,2A,2b2f8fc82c5e8056|COE|NA|2A,TRUE,53.7,1322.77,71032.75,71032.749,1.4078013364845168e-8,https://allianceforcoffeeexcellence.org/ethiopia-2021/
2b2f8fc82c5e8056,Ethiopia,2021,COE,2B,2b2f8fc82c5e8056|COE|NA|2B,TRUE,53.6,1322.77,70900.47,70900.472,2.820855761790431e-8,https://allianceforcoffeeexcellence.org/ethiopia-2021/
2b2f8fc82c5e8056,Ethiopia,2021,COE,3A,2b2f8fc82c5e8056|COE|NA|3A,TRUE,94,429.9,40410.6,40410.6,0,https://allianceforcoffeeexcellence.org/ethiopia-2021/
2b2f8fc82c5e8056,Ethiopia,2021,COE,3B,2b2f8fc82c5e8056|COE|NA|3B,TRUE,95.1,396.83,37738.53,37738.532999999996,7.949435224353471e-8,https://allianceforcoffeeexcellence.org/ethiopia-2021/
2b2f8fc82c5e8056,Ethiopia,2021,COE,4,2b2f8fc82c5e8056|COE|NA|4,TRUE,25.5,2645.54,67461.27,67461.27,0,https://allianceforcoffeeexcellence.org/ethiopia-2021/
2b2f8fc82c5e8056,Ethiopia,2021,COE,5,2b2f8fc82c5e8056|COE|NA|5,TRUE,26.4,2546.34,67223.38,67223.376,5.950310741314862e-8,https://allianceforcoffeeexcellence.org/ethiopia-2021/
2b2f8fc82c5e8056,Ethiopia,2021,COE,6,2b2f8fc82c5e8056|COE|NA|6,TRUE,20.6,2645.54,54498.12,54498.124,7.33970272885543e-8,https://allianceforcoffeeexcellence.org/ethiopia-2021/
2b2f8fc82c5e8056,Ethiopia,2021,COE,7,2b2f8fc82c5e8056|COE|NA|7,TRUE,19.6,2645.54,51852.58,51852.584,7.714177386766304e-8,https://allianceforcoffeeexcellence.org/ethiopia-2021/
2b2f8fc82c5e8056,Ethiopia,2021,COE,8,2b2f8fc82c5e8056|COE|NA|8,TRUE,31.2,2017.23,62937.58,62937.576,6.355503342859555e-8,https://allianceforcoffeeexcellence.org/ethiopia-2021/
2b2f8fc82c5e8056,Ethiopia,2021,COE,9,2b2f8fc82c5e8056|COE|NA|9,TRUE,19.3,2645.54,51058.92,51058.922,3.9170432911770436e-8,https://allianceforcoffeeexcellence.org/ethiopia-2021/
2b2f8fc82c5e8056,Ethiopia,2021,COE,10,2b2f8fc82c5e8056|COE|NA|10,TRUE,88.3,529.11,46720.41,46720.413,6.421176520011707e-8,https://allianceforcoffeeexcellence.org/ethiopia-2021/
2b2f8fc82c5e8056,Ethiopia,2021,COE,11,2b2f8fc82c5e8056|COE|NA|11,TRUE,37.1,2182.57,80973.35,80973.34700000001,3.704922665263573e-8,https://allianceforcoffeeexcellence.org/ethiopia-2021/
2b2f8fc82c5e8056,Ethiopia,2021,COE,12,2b2f8fc82c5e8056|COE|NA|12,TRUE,21.2,1421.98,30145.98,30145.976,1.3268767513329828e-7,https://allianceforcoffeeexcellence.org/ethiopia-2021/
2b2f8fc82c5e8056,Ethiopia,2021,COE,13,2b2f8fc82c5e8056|COE|NA|13,TRUE,18.9,2248.71,42500.62,42500.619,2.3529068607509857e-8,https://allianceforcoffeeexcellence.org/ethiopia-2021/
2b2f8fc82c5e8056,Ethiopia,2021,COE,14,2b2f8fc82c5e8056|COE|NA|14,TRUE,22.1,1058.22,23386.66,23386.662000000004,8.551883869032314e-8,https://allianceforcoffeeexcellence.org/ethiopia-2021/
2b2f8fc82c5e8056,Ethiopia,2021,COE,15,2b2f8fc82c5e8056|COE|NA|15,TRUE,18.2,2645.54,48148.83,48148.827999999994,4.1537873457847494e-8,https://allianceforcoffeeexcellence.org/ethiopia-2021/
2b2f8fc82c5e8056,Ethiopia,2021,COE,16,2b2f8fc82c5e8056|COE|NA|16,TRUE,18.1,2347.92,42497.35,42497.352000000006,4.7061758149235456e-8,https://allianceforcoffeeexcellence.org/ethiopia-2021/
2b2f8fc82c5e8056,Ethiopia,2021,COE,17,2b2f8fc82c5e8056|COE|NA|17,TRUE,23.1,2182.57,50417.37,50417.367000000006,5.9503302075717186e-8,https://allianceforcoffeeexcellence.org/ethiopia-2021/
2b2f8fc82c5e8056,Ethiopia,2021,COE,18,2b2f8fc82c5e8056|COE|NA|18,TRUE,30.1,2083.37,62709.44,62709.437,4.783968736204883e-8,https://allianceforcoffeeexcellence.org/ethiopia-2021/
2b2f8fc82c5e8056,Ethiopia,2021,COE,19,2b2f8fc82c5e8056|COE|NA|19,TRUE,16.4,2645.54,43386.86,43386.85599999999,9.219381186126086e-8,https://allianceforcoffeeexcellence.org/ethiopia-2021/
2b2f8fc82c5e8056,Ethiopia,2021,COE,20,2b2f8fc82c5e8056|COE|NA|20,TRUE,90.7,429.9,38991.93,38991.93,0,https://allianceforcoffeeexcellence.org/ethiopia-2021/
2b2f8fc82c5e8056,Ethiopia,2021,COE,21,2b2f8fc82c5e8056|COE|NA|21,TRUE,15.7,2612.47,41015.78,41015.778999999995,2.438086033818461e-8,https://allianceforcoffeeexcellence.org/ethiopia-2021/
2b2f8fc82c5e8056,Ethiopia,2021,COE,22,2b2f8fc82c5e8056|COE|NA|22,TRUE,67.4,462.97,31204.18,31204.178000000004,6.40939770495323e-8,https://allianceforcoffeeexcellence.org/ethiopia-2021/
2b2f8fc82c5e8056,Ethiopia,2021,COE,23,2b2f8fc82c5e8056|COE|NA|23,TRUE,15.7,1785.74,28036.12,28036.118,7.133654729711008e-8,https://allianceforcoffeeexcellence.org/ethiopia-2021/
2b2f8fc82c5e8056,Ethiopia,2021,COE,24,2b2f8fc82c5e8056|COE|NA|24,TRUE,46.7,462.97,21620.7,21620.699000000004,4.6251971331443844e-8,https://allianceforcoffeeexcellence.org/ethiopia-2021/
2b2f8fc82c5e8056,Ethiopia,2021,COE,25,2b2f8fc82c5e8056|COE|NA|25,TRUE,15.9,2645.54,42064.09,42064.086,9.509298771324781e-8,https://allianceforcoffeeexcellence.org/ethiopia-2021/
2b2f8fc82c5e8056,Ethiopia,2021,COE,26,2b2f8fc82c5e8056|COE|NA|26,TRUE,15.6,2182.57,34048.09,34048.092000000004,5.874044645921141e-8,https://allianceforcoffeeexcellence.org/ethiopia-2021/
2b2f8fc82c5e8056,Ethiopia,2021,COE,27,2b2f8fc82c5e8056|COE|NA|27,TRUE,15.2,2182.57,33175.06,33175.064,1.2057250238024913e-7,https://allianceforcoffeeexcellence.org/ethiopia-2021/
2b2f8fc82c5e8056,Ethiopia,2021,COE,28,2b2f8fc82c5e8056|COE|NA|28,TRUE,16.1,1025.15,16504.92,16504.915000000005,3.029399714595816e-7,https://allianceforcoffeeexcellence.org/ethiopia-2021/
2b2f8fc82c5e8056,Ethiopia,2021,COE,29,2b2f8fc82c5e8056|COE|NA|29,TRUE,40.2,793.66,31905.13,31905.132,6.268584395072058e-8,https://allianceforcoffeeexcellence.org/ethiopia-2021/
2b2f8fc82c5e8056,Ethiopia,2021,COE,30,2b2f8fc82c5e8056|COE|NA|30,TRUE,68.1,1091.29,74316.85,74316.84899999999,1.3455898876144788e-8,https://allianceforcoffeeexcellence.org/ethiopia-2021/
4ddbb0cda233441d,Ethiopia,2022,COE,1A,4ddbb0cda233441d|COE|NA|1A,TRUE,400.5,529.1,211904.55,211904.55000000002,1.3734405635336147e-16,https://allianceforcoffeeexcellence.org/ethiopia-2022/
4ddbb0cda233441d,Ethiopia,2022,COE,1B,4ddbb0cda233441d|COE|NA|1B,TRUE,400,529.1,211640,211640,0,https://allianceforcoffeeexcellence.org/ethiopia-2022/
4ddbb0cda233441d,Ethiopia,2022,COE,2,4ddbb0cda233441d|COE|NA|2,TRUE,189.1,363.8,68794.58,68794.58,0,https://allianceforcoffeeexcellence.org/ethiopia-2022/
4ddbb0cda233441d,Ethiopia,2022,COE,3A,4ddbb0cda233441d|COE|NA|3A,TRUE,53.11,1190,63200.9,63200.9,0,https://allianceforcoffeeexcellence.org/ethiopia-2022/
4ddbb0cda233441d,Ethiopia,2022,COE,3B,4ddbb0cda233441d|COE|NA|3B,TRUE,55.6,1124,62494.4,62494.4,0,https://allianceforcoffeeexcellence.org/ethiopia-2022/
4ddbb0cda233441d,Ethiopia,2022,COE,4,4ddbb0cda233441d|COE|NA|4,TRUE,90,1190,107100,107100,0,https://allianceforcoffeeexcellence.org/ethiopia-2022/
4ddbb0cda233441d,Ethiopia,2022,COE,5,4ddbb0cda233441d|COE|NA|5,TRUE,58.5,628.3,36755.55,36755.549999999996,1.9795534590513337e-16,https://allianceforcoffeeexcellence.org/ethiopia-2022/
4ddbb0cda233441d,Ethiopia,2022,COE,6,4ddbb0cda233441d|COE|NA|6,TRUE,30.7,1918,58882.6,58882.6,0,https://allianceforcoffeeexcellence.org/ethiopia-2022/
4ddbb0cda233441d,Ethiopia,2022,COE,7,4ddbb0cda233441d|COE|NA|7,TRUE,51.99,529.1,27507.91,27507.909000000003,3.635317974232677e-8,https://allianceforcoffeeexcellence.org/ethiopia-2022/
4ddbb0cda233441d,Ethiopia,2022,COE,8,4ddbb0cda233441d|COE|NA|8,TRUE,26.7,1422,37967.4,37967.4,0,https://allianceforcoffeeexcellence.org/ethiopia-2022/
4ddbb0cda233441d,Ethiopia,2022,COE,9,4ddbb0cda233441d|COE|NA|9,TRUE,50.5,1753,88526.5,88526.5,0,https://allianceforcoffeeexcellence.org/ethiopia-2022/
4ddbb0cda233441d,Ethiopia,2022,COE,10,4ddbb0cda233441d|COE|NA|10,TRUE,20.21,2017,40763.57,40763.57,0,https://allianceforcoffeeexcellence.org/ethiopia-2022/
4ddbb0cda233441d,Ethiopia,2022,COE,11,4ddbb0cda233441d|COE|NA|11,TRUE,17.1,1356,23187.6,23187.600000000002,1.5689328809759152e-16,https://allianceforcoffeeexcellence.org/ethiopia-2022/
4ddbb0cda233441d,Ethiopia,2022,COE,12,4ddbb0cda233441d|COE|NA|12,TRUE,28.7,1290,12338.13,37023,2.000697836706211,https://allianceforcoffeeexcellence.org/ethiopia-2022/
4ddbb0cda233441d,Ethiopia,2022,COE,13,4ddbb0cda233441d|COE|NA|13,TRUE,15,2249,19350,33735,0.7434108527131783,https://allianceforcoffeeexcellence.org/ethiopia-2022/
4ddbb0cda233441d,Ethiopia,2022,COE,14,4ddbb0cda233441d|COE|NA|14,TRUE,12.2,1620,27437.8,19764,0.2796798577145398,https://allianceforcoffeeexcellence.org/ethiopia-2022/
4ddbb0cda233441d,Ethiopia,2022,COE,15,4ddbb0cda233441d|COE|NA|15,TRUE,15,892.9,24300,13393.5,0.44882716049382715,https://allianceforcoffeeexcellence.org/ethiopia-2022/
4ddbb0cda233441d,Ethiopia,2022,COE,16,4ddbb0cda233441d|COE|NA|16,TRUE,21,1124,18750.9,23604,0.2588195766603202,https://allianceforcoffeeexcellence.org/ethiopia-2022/
4ddbb0cda233441d,Ethiopia,2022,COE,17,4ddbb0cda233441d|COE|NA|17,TRUE,20.1,1157,22592.4,23255.7,0.02935943060498217,https://allianceforcoffeeexcellence.org/ethiopia-2022/
4ddbb0cda233441d,Ethiopia,2022,COE,18,4ddbb0cda233441d|COE|NA|18,TRUE,13.1,330.7,15156.7,4332.17,0.7141745894554884,https://allianceforcoffeeexcellence.org/ethiopia-2022/
4ddbb0cda233441d,Ethiopia,2022,COE,19,4ddbb0cda233441d|COE|NA|19,TRUE,36,595.3,11905.2,21430.8,0.8001209555488357,https://allianceforcoffeeexcellence.org/ethiopia-2022/
4ddbb0cda233441d,Ethiopia,2022,COE,20,4ddbb0cda233441d|COE|NA|20,TRUE,29.1,859.8,17323.23,25020.18,0.44431379136569804,https://allianceforcoffeeexcellence.org/ethiopia-2022/
4ddbb0cda233441d,Ethiopia,2022,COE,21,4ddbb0cda233441d|COE|NA|21,TRUE,11,925.9,9457.8,10184.9,0.07687834380088397,https://allianceforcoffeeexcellence.org/ethiopia-2022/
4ddbb0cda233441d,Ethiopia,2022,COE,22,4ddbb0cda233441d|COE|NA|22,TRUE,11,727.5,10184.9,8002.5,0.21427799978399392,https://allianceforcoffeeexcellence.org/ethiopia-2022/
4ddbb0cda233441d,Ethiopia,2022,COE,23,4ddbb0cda233441d|COE|NA|23,TRUE,18.1,1058,13167.75,19149.800000000003,0.45429553264604833,https://allianceforcoffeeexcellence.org/ethiopia-2022/
4ddbb0cda233441d,Ethiopia,2022,COE,24,4ddbb0cda233441d|COE|NA|24,TRUE,15.1,2116,15975.8,31951.6,1,https://allianceforcoffeeexcellence.org/ethiopia-2022/
4ddbb0cda233441d,Ethiopia,2022,COE,25,4ddbb0cda233441d|COE|NA|25,TRUE,21.2,1984,44859.2,42060.799999999996,0.06238185255198491,https://allianceforcoffeeexcellence.org/ethiopia-2022/
4ddbb0cda233441d,Ethiopia,2022,COE,26,4ddbb0cda233441d|COE|NA|26,TRUE,9.1,496,18054.4,4513.5999999999995,0.7500000000000001,https://allianceforcoffeeexcellence.org/ethiopia-2022/
4ddbb0cda233441d,Ethiopia,2022,COE,27,4ddbb0cda233441d|COE|NA|27,TRUE,16.6,2116,8233.6,35125.600000000006,3.2661290322580654,https://allianceforcoffeeexcellence.org/ethiopia-2022/
4ddbb0cda233441d,Ethiopia,2022,COE,28,4ddbb0cda233441d|COE|NA|28,TRUE,9,694.5,19044,6250.5,0.6717863894139886,https://allianceforcoffeeexcellence.org/ethiopia-2022/
4ddbb0cda233441d,Ethiopia,2022,COE,29,4ddbb0cda233441d|COE|NA|29,TRUE,18,1323,12501,23814,0.9049676025917927,https://allianceforcoffeeexcellence.org/ethiopia-2022/
4ddbb0cda233441d,Ethiopia,2022,COE,30,4ddbb0cda233441d|COE|NA|30,TRUE,8.6,36538.9,11377.8,314234.54,26.618216175359034,https://allianceforcoffeeexcellence.org/ethiopia-2022/
27e30bcdac0c444c,Ethiopia,2024,COE,1A,27e30bcdac0c444c|COE|NA|1A,TRUE,445,198.42,88296.9,88296.9,0,https://allianceforcoffeeexcellence.org/ethiopia-2024/
27e30bcdac0c444c,Ethiopia,2024,COE,1B,27e30bcdac0c444c|COE|NA|1B,TRUE,350.1,231.49,81044.65,81044.649,1.2338877264443618e-8,https://allianceforcoffeeexcellence.org/ethiopia-2024/
27e30bcdac0c444c,Ethiopia,2024,COE,2A,27e30bcdac0c444c|COE|NA|2A,TRUE,90.1,661.39,59591.24,59591.238999999994,1.6780990022051993e-8,https://allianceforcoffeeexcellence.org/ethiopia-2024/
27e30bcdac0c444c,Ethiopia,2024,COE,2B,27e30bcdac0c444c|COE|NA|2B,TRUE,89.1,694.46,61876.39,61876.386,6.464501243228488e-8,https://allianceforcoffeeexcellence.org/ethiopia-2024/
27e30bcdac0c444c,Ethiopia,2024,COE,3,27e30bcdac0c444c|COE|NA|3,TRUE,33.4,1554.26,51912.28,51912.284,7.70530595230051e-8,https://allianceforcoffeeexcellence.org/ethiopia-2024/
27e30bcdac0c444c,Ethiopia,2024,COE,4,27e30bcdac0c444c|COE|NA|4,TRUE,29,1190.49,34524.21,34524.21,0,https://allianceforcoffeeexcellence.org/ethiopia-2024/
27e30bcdac0c444c,Ethiopia,2024,COE,5,27e30bcdac0c444c|COE|NA|5,TRUE,40.2,462.97,18611.39,18611.394000000004,2.1492215274909e-7,https://allianceforcoffeeexcellence.org/ethiopia-2024/
27e30bcdac0c444c,Ethiopia,2024,COE,6,27e30bcdac0c444c|COE|NA|6,TRUE,40.1,1388.91,55695.29,55695.291000000005,1.795483969724739e-8,https://allianceforcoffeeexcellence.org/ethiopia-2024/
27e30bcdac0c444c,Ethiopia,2024,COE,7,27e30bcdac0c444c|COE|NA|7,TRUE,18.3,2149.5,39335.85,39335.85,0,https://allianceforcoffeeexcellence.org/ethiopia-2024/
27e30bcdac0c444c,Ethiopia,2024,COE,8,27e30bcdac0c444c|COE|NA|8,TRUE,24.6,694.46,17083.72,17083.716,2.3414104192850896e-7,https://allianceforcoffeeexcellence.org/ethiopia-2024/
27e30bcdac0c444c,Ethiopia,2024,COE,9,27e30bcdac0c444c|COE|NA|9,TRUE,29.1,1488.12,43304.29,43304.292,4.6184800637707107e-8,https://allianceforcoffeeexcellence.org/ethiopia-2024/
27e30bcdac0c444c,Ethiopia,2024,COE,10,27e30bcdac0c444c|COE|NA|10,TRUE,10.1,2777.82,28055.98,28055.982,7.128605026120826e-8,https://allianceforcoffeeexcellence.org/ethiopia-2024/
27e30bcdac0c444c,Ethiopia,2024,COE,11,27e30bcdac0c444c|COE|NA|11,TRUE,11.7,1355.84,15863.33,15863.327999999998,1.2607693354588493e-7,https://allianceforcoffeeexcellence.org/ethiopia-2024/
27e30bcdac0c444c,Ethiopia,2024,COE,12,27e30bcdac0c444c|COE|NA|12,TRUE,22.2,859.8,19087.56,19087.559999999998,1.905942303307344e-16,https://allianceforcoffeeexcellence.org/ethiopia-2024/
27e30bcdac0c444c,Ethiopia,2024,COE,13,27e30bcdac0c444c|COE|NA|13,TRUE,18.5,1521.19,28142.02,28142.015,1.776702596693e-7,https://allianceforcoffeeexcellence.org/ethiopia-2024/
27e30bcdac0c444c,Ethiopia,2024,COE,14,27e30bcdac0c444c|COE|NA|14,TRUE,10.2,2943.17,30020.33,30020.334,1.332430388732212e-7,https://allianceforcoffeeexcellence.org/ethiopia-2024/
27e30bcdac0c444c,Ethiopia,2024,COE,15,27e30bcdac0c444c|COE|NA|15,TRUE,22.1,1455.05,32156.61,32156.605,1.55489027015554e-7,https://allianceforcoffeeexcellence.org/ethiopia-2024/
27e30bcdac0c444c,Ethiopia,2024,COE,16,27e30bcdac0c444c|COE|NA|16,TRUE,15.41,1818.81,28027.86,28027.8621,7.492544910247308e-8,https://allianceforcoffeeexcellence.org/ethiopia-2024/
27e30bcdac0c444c,Ethiopia,2024,COE,17,27e30bcdac0c444c|COE|NA|17,TRUE,15.9,1124.36,17877.32,17877.324,2.2374718362790997e-7,https://allianceforcoffeeexcellence.org/ethiopia-2024/
27e30bcdac0c444c,Ethiopia,2024,COE,18,27e30bcdac0c444c|COE|NA|18,TRUE,20,1025.15,20503,20503,0,https://allianceforcoffeeexcellence.org/ethiopia-2024/
27e30bcdac0c444c,Ethiopia,2024,COE,19,27e30bcdac0c444c|COE|NA|19,TRUE,11.4,1256.63,14325.58,14325.582000000002,1.3961040336422281e-7,https://allianceforcoffeeexcellence.org/ethiopia-2024/
27e30bcdac0c444c,Ethiopia,2024,COE,20,27e30bcdac0c444c|COE|NA|20,TRUE,11,1653.47,18188.17,18188.170000000002,2.0001895776714827e-16,https://allianceforcoffeeexcellence.org/ethiopia-2024/
27e30bcdac0c444c,Ethiopia,2024,COE,21,27e30bcdac0c444c|COE|NA|21,TRUE,11.3,1554.26,17563.14,17563.138000000003,1.1387485362921863e-7,https://allianceforcoffeeexcellence.org/ethiopia-2024/
27e30bcdac0c444c,Ethiopia,2024,COE,22,27e30bcdac0c444c|COE|NA|22,TRUE,13,1058.22,13756.86,13756.86,0,https://allianceforcoffeeexcellence.org/ethiopia-2024/
27e30bcdac0c444c,Ethiopia,2024,COE,23,27e30bcdac0c444c|COE|NA|23,TRUE,11.3,1223.56,13826.23,13826.228000000001,1.446525913852485e-7,https://allianceforcoffeeexcellence.org/ethiopia-2024/
27e30bcdac0c444c,Ethiopia,2024,COE,24,27e30bcdac0c444c|COE|NA|24,TRUE,13,859.8,11177.4,11177.4,0,https://allianceforcoffeeexcellence.org/ethiopia-2024/
27e30bcdac0c444c,Ethiopia,2024,COE,25,27e30bcdac0c444c|COE|NA|25,TRUE,20.1,925.94,18611.39,18611.394000000004,2.1492215274909e-7,https://allianceforcoffeeexcellence.org/ethiopia-2024/
27e30bcdac0c444c,Ethiopia,2024,COE,26,27e30bcdac0c444c|COE|NA|26,TRUE,11.1,1091.29,12113.32,12113.319,8.255375076392986e-8,https://allianceforcoffeeexcellence.org/ethiopia-2024/
27e30bcdac0c444c,Ethiopia,2024,COE,27,27e30bcdac0c444c|COE|NA|27,TRUE,10.3,1587.33,16349.5,16349.499,6.116394998034966e-8,https://allianceforcoffeeexcellence.org/ethiopia-2024/
ae19c1e1f76a37ad,Guatemala,2001,COE,1,ae19c1e1f76a37ad|COE|NA|1,TRUE,11,NA,50199.26,NA,NA,https://allianceforcoffeeexcellence.org/guatemala-2001/
ae19c1e1f76a37ad,Guatemala,2001,COE,2,ae19c1e1f76a37ad|COE|NA|2,TRUE,4.21,NA,80052.6,NA,NA,https://allianceforcoffeeexcellence.org/guatemala-2001/
ae19c1e1f76a37ad,Guatemala,2001,COE,3,ae19c1e1f76a37ad|COE|NA|3,TRUE,5.01,NA,17528.67,NA,NA,https://allianceforcoffeeexcellence.org/guatemala-2001/
ae19c1e1f76a37ad,Guatemala,2001,COE,4,ae19c1e1f76a37ad|COE|NA|4,TRUE,3.9,NA,14238.33,NA,NA,https://allianceforcoffeeexcellence.org/guatemala-2001/
ae19c1e1f76a37ad,Guatemala,2001,COE,5,ae19c1e1f76a37ad|COE|NA|5,TRUE,4.71,NA,20777.93,NA,NA,https://allianceforcoffeeexcellence.org/guatemala-2001/
ae19c1e1f76a37ad,Guatemala,2001,COE,6,ae19c1e1f76a37ad|COE|NA|6,TRUE,3.8,NA,55493,NA,NA,https://allianceforcoffeeexcellence.org/guatemala-2001/
ae19c1e1f76a37ad,Guatemala,2001,COE,7,ae19c1e1f76a37ad|COE|NA|7,TRUE,7.2,NA,18619.36,NA,NA,https://allianceforcoffeeexcellence.org/guatemala-2001/
ae19c1e1f76a37ad,Guatemala,2001,COE,8,ae19c1e1f76a37ad|COE|NA|8,TRUE,3.9,NA,11272.01,NA,NA,https://allianceforcoffeeexcellence.org/guatemala-2001/
ae19c1e1f76a37ad,Guatemala,2001,COE,9,ae19c1e1f76a37ad|COE|NA|9,TRUE,2.65,NA,75785.67,NA,NA,https://allianceforcoffeeexcellence.org/guatemala-2001/
ae19c1e1f76a37ad,Guatemala,2001,COE,10,ae19c1e1f76a37ad|COE|NA|10,TRUE,3.41,NA,12968.14,NA,NA,https://allianceforcoffeeexcellence.org/guatemala-2001/
ae19c1e1f76a37ad,Guatemala,2001,COE,11,ae19c1e1f76a37ad|COE|NA|11,TRUE,5,NA,13690.71,NA,NA,https://allianceforcoffeeexcellence.org/guatemala-2001/
ae19c1e1f76a37ad,Guatemala,2001,COE,12,ae19c1e1f76a37ad|COE|NA|12,TRUE,3.6,NA,21905.13,NA,NA,https://allianceforcoffeeexcellence.org/guatemala-2001/
ae19c1e1f76a37ad,Guatemala,2001,COE,13,ae19c1e1f76a37ad|COE|NA|13,TRUE,4.55,NA,15227.11,NA,NA,https://allianceforcoffeeexcellence.org/guatemala-2001/
ae19c1e1f76a37ad,Guatemala,2001,COE,14,ae19c1e1f76a37ad|COE|NA|14,TRUE,3.5,NA,45255.39,NA,NA,https://allianceforcoffeeexcellence.org/guatemala-2001/
ae19c1e1f76a37ad,Guatemala,2001,COE,15,ae19c1e1f76a37ad|COE|NA|15,TRUE,2.01,NA,9784.29,NA,NA,https://allianceforcoffeeexcellence.org/guatemala-2001/
e38c7393edb1fc36,Guatemala,2002,COE,1,e38c7393edb1fc36|COE|NA|1,TRUE,8.45,NA,26993.51,NA,NA,https://allianceforcoffeeexcellence.org/guatemala-2002/
e38c7393edb1fc36,Guatemala,2002,COE,2,e38c7393edb1fc36|COE|NA|2,TRUE,5.35,NA,19532.07,NA,NA,https://allianceforcoffeeexcellence.org/guatemala-2002/
e38c7393edb1fc36,Guatemala,2002,COE,3,e38c7393edb1fc36|COE|NA|3,TRUE,6.25,NA,22817.84,NA,NA,https://allianceforcoffeeexcellence.org/guatemala-2002/
e38c7393edb1fc36,Guatemala,2002,COE,4,e38c7393edb1fc36|COE|NA|4,TRUE,5.05,NA,17668.62,NA,NA,https://allianceforcoffeeexcellence.org/guatemala-2002/
e38c7393edb1fc36,Guatemala,2002,COE,5,e38c7393edb1fc36|COE|NA|5,TRUE,5.1,NA,18619.36,NA,NA,https://allianceforcoffeeexcellence.org/guatemala-2002/
e38c7393edb1fc36,Guatemala,2002,COE,6,e38c7393edb1fc36|COE|NA|6,TRUE,4.26,NA,18144.75,NA,NA,https://allianceforcoffeeexcellence.org/guatemala-2002/
e38c7393edb1fc36,Guatemala,2002,COE,7,e38c7393edb1fc36|COE|NA|7,TRUE,2.6,NA,20961.99,NA,NA,https://allianceforcoffeeexcellence.org/guatemala-2002/
e38c7393edb1fc36,Guatemala,2002,COE,8,e38c7393edb1fc36|COE|NA|8,TRUE,3.2,NA,19471.23,NA,NA,https://allianceforcoffeeexcellence.org/guatemala-2002/
e38c7393edb1fc36,Guatemala,2002,COE,9,e38c7393edb1fc36|COE|NA|9,TRUE,3.99,NA,14566.91,NA,NA,https://allianceforcoffeeexcellence.org/guatemala-2002/
e38c7393edb1fc36,Guatemala,2002,COE,10,e38c7393edb1fc36|COE|NA|10,TRUE,5.5,NA,35976.13,NA,NA,https://allianceforcoffeeexcellence.org/guatemala-2002/
e38c7393edb1fc36,Guatemala,2002,COE,11,e38c7393edb1fc36|COE|NA|11,TRUE,3.75,NA,13120.26,NA,NA,https://allianceforcoffeeexcellence.org/guatemala-2002/
e38c7393edb1fc36,Guatemala,2002,COE,12,e38c7393edb1fc36|COE|NA|12,TRUE,2.75,NA,13386.47,NA,NA,https://allianceforcoffeeexcellence.org/guatemala-2002/
e38c7393edb1fc36,Guatemala,2002,COE,13,e38c7393edb1fc36|COE|NA|13,TRUE,2.2,NA,8031.88,NA,NA,https://allianceforcoffeeexcellence.org/guatemala-2002/
e38c7393edb1fc36,Guatemala,2002,COE,14,e38c7393edb1fc36|COE|NA|14,TRUE,2.85,NA,10404.94,NA,NA,https://allianceforcoffeeexcellence.org/guatemala-2002/
e38c7393edb1fc36,Guatemala,2002,COE,15,e38c7393edb1fc36|COE|NA|15,TRUE,3.2,NA,12656.3,NA,NA,https://allianceforcoffeeexcellence.org/guatemala-2002/
e38c7393edb1fc36,Guatemala,2002,COE,16,e38c7393edb1fc36|COE|NA|16,TRUE,4.15,NA,15151.05,NA,NA,https://allianceforcoffeeexcellence.org/guatemala-2002/
e38c7393edb1fc36,Guatemala,2002,COE,17,e38c7393edb1fc36|COE|NA|17,TRUE,2.4,NA,10587.48,NA,NA,https://allianceforcoffeeexcellence.org/guatemala-2002/
e38c7393edb1fc36,Guatemala,2002,COE,18,e38c7393edb1fc36|COE|NA|18,TRUE,3.9,NA,20170.97,NA,NA,https://allianceforcoffeeexcellence.org/guatemala-2002/
e38c7393edb1fc36,Guatemala,2002,COE,19,e38c7393edb1fc36|COE|NA|19,TRUE,2.8,NA,19166.99,NA,NA,https://allianceforcoffeeexcellence.org/guatemala-2002/
e38c7393edb1fc36,Guatemala,2002,COE,20,e38c7393edb1fc36|COE|NA|20,TRUE,4.45,NA,18277.09,NA,NA,https://allianceforcoffeeexcellence.org/guatemala-2002/
e38c7393edb1fc36,Guatemala,2002,COE,21,e38c7393edb1fc36|COE|NA|21,TRUE,2.55,NA,17843.55,NA,NA,https://allianceforcoffeeexcellence.org/guatemala-2002/
e38c7393edb1fc36,Guatemala,2002,COE,22,e38c7393edb1fc36|COE|NA|22,TRUE,1.55,NA,14618.63,NA,NA,https://allianceforcoffeeexcellence.org/guatemala-2002/
e38c7393edb1fc36,Guatemala,2002,COE,23,e38c7393edb1fc36|COE|NA|23,TRUE,1.5,NA,13006.17,NA,NA,https://allianceforcoffeeexcellence.org/guatemala-2002/
e38c7393edb1fc36,Guatemala,2002,COE,24,e38c7393edb1fc36|COE|NA|24,TRUE,2.21,NA,8404.57,NA,NA,https://allianceforcoffeeexcellence.org/guatemala-2002/
e38c7393edb1fc36,Guatemala,2002,COE,25,e38c7393edb1fc36|COE|NA|25,TRUE,2.36,NA,7898.02,NA,NA,https://allianceforcoffeeexcellence.org/guatemala-2002/
e38c7393edb1fc36,Guatemala,2002,COE,26,e38c7393edb1fc36|COE|NA|26,TRUE,2.2,NA,7697.22,NA,NA,https://allianceforcoffeeexcellence.org/guatemala-2002/
e38c7393edb1fc36,Guatemala,2002,COE,27,e38c7393edb1fc36|COE|NA|27,TRUE,2.2,NA,7697.22,NA,NA,https://allianceforcoffeeexcellence.org/guatemala-2002/
e38c7393edb1fc36,Guatemala,2002,COE,28,e38c7393edb1fc36|COE|NA|28,TRUE,2.2,NA,7027.9,NA,NA,https://allianceforcoffeeexcellence.org/guatemala-2002/
e38c7393edb1fc36,Guatemala,2002,COE,29,e38c7393edb1fc36|COE|NA|29,TRUE,2.7,NA,27107.6,NA,NA,https://allianceforcoffeeexcellence.org/guatemala-2002/
e38c7393edb1fc36,Guatemala,2002,COE,30,e38c7393edb1fc36|COE|NA|30,TRUE,2.35,NA,8222.03,NA,NA,https://allianceforcoffeeexcellence.org/guatemala-2002/
e38c7393edb1fc36,Guatemala,2002,COE,31,e38c7393edb1fc36|COE|NA|31,TRUE,1.95,NA,8009.06,NA,NA,https://allianceforcoffeeexcellence.org/guatemala-2002/
e38c7393edb1fc36,Guatemala,2002,COE,32,e38c7393edb1fc36|COE|NA|32,TRUE,1.7,NA,22239.79,NA,NA,https://allianceforcoffeeexcellence.org/guatemala-2002/
e38c7393edb1fc36,Guatemala,2002,COE,33,e38c7393edb1fc36|COE|NA|33,TRUE,1.79,NA,25867.83,NA,NA,https://allianceforcoffeeexcellence.org/guatemala-2002/
becb5d5a8d06e2c4,Guatemala,2006,COE,1,becb5d5a8d06e2c4|COE|NA|1,TRUE,25.2,NA,49834.17,NA,NA,https://allianceforcoffeeexcellence.org/guatemala-2006/
becb5d5a8d06e2c4,Guatemala,2006,COE,2,becb5d5a8d06e2c4|COE|NA|2,TRUE,6,NA,18254.28,NA,NA,https://allianceforcoffeeexcellence.org/guatemala-2006/
becb5d5a8d06e2c4,Guatemala,2006,COE,3,becb5d5a8d06e2c4|COE|NA|3,TRUE,6.3,NA,10541.84,NA,NA,https://allianceforcoffeeexcellence.org/guatemala-2006/
becb5d5a8d06e2c4,Guatemala,2006,COE,4,becb5d5a8d06e2c4|COE|NA|4,TRUE,10.25,NA,28065.95,NA,NA,https://allianceforcoffeeexcellence.org/guatemala-2006/
becb5d5a8d06e2c4,Guatemala,2006,COE,5,becb5d5a8d06e2c4|COE|NA|5,TRUE,7.8,NA,13051.81,NA,NA,https://allianceforcoffeeexcellence.org/guatemala-2006/
becb5d5a8d06e2c4,Guatemala,2006,COE,6,becb5d5a8d06e2c4|COE|NA|6,TRUE,5.5,NA,10876.51,NA,NA,https://allianceforcoffeeexcellence.org/guatemala-2006/
becb5d5a8d06e2c4,Guatemala,2006,COE,7,becb5d5a8d06e2c4|COE|NA|7,TRUE,5.6,NA,11074.26,NA,NA,https://allianceforcoffeeexcellence.org/guatemala-2006/
becb5d5a8d06e2c4,Guatemala,2006,COE,8,becb5d5a8d06e2c4|COE|NA|8,TRUE,5.3,NA,12093.46,NA,NA,https://allianceforcoffeeexcellence.org/guatemala-2006/
becb5d5a8d06e2c4,Guatemala,2006,COE,9,becb5d5a8d06e2c4|COE|NA|9,TRUE,5.3,NA,10481,NA,NA,https://allianceforcoffeeexcellence.org/guatemala-2006/
becb5d5a8d06e2c4,Guatemala,2006,COE,10,becb5d5a8d06e2c4|COE|NA|10,TRUE,6,NA,13690.71,NA,NA,https://allianceforcoffeeexcellence.org/guatemala-2006/
becb5d5a8d06e2c4,Guatemala,2006,COE,11,becb5d5a8d06e2c4|COE|NA|11,TRUE,7.85,NA,15523.74,NA,NA,https://allianceforcoffeeexcellence.org/guatemala-2006/
becb5d5a8d06e2c4,Guatemala,2006,COE,12,becb5d5a8d06e2c4|COE|NA|12,TRUE,6.02,NA,19230.88,NA,NA,https://allianceforcoffeeexcellence.org/guatemala-2006/
becb5d5a8d06e2c4,Guatemala,2006,COE,13,becb5d5a8d06e2c4|COE|NA|13,TRUE,5.27,NA,10421.67,NA,NA,https://allianceforcoffeeexcellence.org/guatemala-2006/
becb5d5a8d06e2c4,Guatemala,2006,COE,14,becb5d5a8d06e2c4|COE|NA|14,TRUE,5.06,NA,10006.39,NA,NA,https://allianceforcoffeeexcellence.org/guatemala-2006/
becb5d5a8d06e2c4,Guatemala,2006,COE,15,becb5d5a8d06e2c4|COE|NA|15,TRUE,5.2,NA,13447.32,NA,NA,https://allianceforcoffeeexcellence.org/guatemala-2006/
becb5d5a8d06e2c4,Guatemala,2006,COE,16,becb5d5a8d06e2c4|COE|NA|16,TRUE,5.1,NA,10085.49,NA,NA,https://allianceforcoffeeexcellence.org/guatemala-2006/
becb5d5a8d06e2c4,Guatemala,2006,COE,17,becb5d5a8d06e2c4|COE|NA|17,TRUE,5.05,NA,9986.61,NA,NA,https://allianceforcoffeeexcellence.org/guatemala-2006/
becb5d5a8d06e2c4,Guatemala,2006,COE,18,becb5d5a8d06e2c4|COE|NA|18,TRUE,5.1,NA,10085.49,NA,NA,https://allianceforcoffeeexcellence.org/guatemala-2006/
becb5d5a8d06e2c4,Guatemala,2006,COE,19,becb5d5a8d06e2c4|COE|NA|19,TRUE,5.05,NA,9986.61,NA,NA,https://allianceforcoffeeexcellence.org/guatemala-2006/
becb5d5a8d06e2c4,Guatemala,2006,COE,20,becb5d5a8d06e2c4|COE|NA|20,TRUE,5.25,NA,10382.12,NA,NA,https://allianceforcoffeeexcellence.org/guatemala-2006/
becb5d5a8d06e2c4,Guatemala,2006,COE,21,becb5d5a8d06e2c4|COE|NA|21,TRUE,5.25,NA,10382.12,NA,NA,https://allianceforcoffeeexcellence.org/guatemala-2006/
becb5d5a8d06e2c4,Guatemala,2006,COE,22,becb5d5a8d06e2c4|COE|NA|22,TRUE,5.2,NA,16611.39,NA,NA,https://allianceforcoffeeexcellence.org/guatemala-2006/
becb5d5a8d06e2c4,Guatemala,2006,COE,23,becb5d5a8d06e2c4|COE|NA|23,TRUE,5.25,NA,15173.87,NA,NA,https://allianceforcoffeeexcellence.org/guatemala-2006/
becb5d5a8d06e2c4,Guatemala,2006,COE,24,becb5d5a8d06e2c4|COE|NA|24,TRUE,5.25,NA,10382.12,NA,NA,https://allianceforcoffeeexcellence.org/guatemala-2006/
becb5d5a8d06e2c4,Guatemala,2006,COE,25,becb5d5a8d06e2c4|COE|NA|25,TRUE,5.25,NA,10382.12,NA,NA,https://allianceforcoffeeexcellence.org/guatemala-2006/
4891a599b8c371e3,Guatemala,2007,COE,1,4891a599b8c371e3|COE|NA|1,TRUE,19.5,NA,44494.8,NA,NA,https://allianceforcoffeeexcellence.org/guatemala-2007/
4891a599b8c371e3,Guatemala,2007,COE,2,4891a599b8c371e3|COE|NA|2,TRUE,7.55,NA,45939.93,NA,NA,https://allianceforcoffeeexcellence.org/guatemala-2007/
4891a599b8c371e3,Guatemala,2007,COE,3,4891a599b8c371e3|COE|NA|3,TRUE,9.15,NA,22270.22,NA,NA,https://allianceforcoffeeexcellence.org/guatemala-2007/
4891a599b8c371e3,Guatemala,2007,COE,4,4891a599b8c371e3|COE|NA|4,TRUE,12.1,NA,27609.59,NA,NA,https://allianceforcoffeeexcellence.org/guatemala-2007/
4891a599b8c371e3,Guatemala,2007,COE,5,4891a599b8c371e3|COE|NA|5,TRUE,6.45,NA,18642.18,NA,NA,https://allianceforcoffeeexcellence.org/guatemala-2007/
4891a599b8c371e3,Guatemala,2007,COE,6,4891a599b8c371e3|COE|NA|6,TRUE,15.15,NA,36873.64,NA,NA,https://allianceforcoffeeexcellence.org/guatemala-2007/
4891a599b8c371e3,Guatemala,2007,COE,7,4891a599b8c371e3|COE|NA|7,TRUE,6.05,NA,26689.27,NA,NA,https://allianceforcoffeeexcellence.org/guatemala-2007/
4891a599b8c371e3,Guatemala,2007,COE,8,4891a599b8c371e3|COE|NA|8,TRUE,8.05,NA,19592.92,NA,NA,https://allianceforcoffeeexcellence.org/guatemala-2007/
4891a599b8c371e3,Guatemala,2007,COE,9,4891a599b8c371e3|COE|NA|9,TRUE,7,NA,25555.99,NA,NA,https://allianceforcoffeeexcellence.org/guatemala-2007/
4891a599b8c371e3,Guatemala,2007,COE,10,4891a599b8c371e3|COE|NA|10,TRUE,5.47,NA,20802.27,NA,NA,https://allianceforcoffeeexcellence.org/guatemala-2007/
4891a599b8c371e3,Guatemala,2007,COE,11,4891a599b8c371e3|COE|NA|11,TRUE,7.1,NA,20520.85,NA,NA,https://allianceforcoffeeexcellence.org/guatemala-2007/
4891a599b8c371e3,Guatemala,2007,COE,12,4891a599b8c371e3|COE|NA|12,TRUE,6.3,NA,20125.34,NA,NA,https://allianceforcoffeeexcellence.org/guatemala-2007/
4891a599b8c371e3,Guatemala,2007,COE,13,4891a599b8c371e3|COE|NA|13,TRUE,6.3,NA,22042.04,NA,NA,https://allianceforcoffeeexcellence.org/guatemala-2007/
4891a599b8c371e3,Guatemala,2007,COE,14,4891a599b8c371e3|COE|NA|14,TRUE,6.45,NA,15698.68,NA,NA,https://allianceforcoffeeexcellence.org/guatemala-2007/
4891a599b8c371e3,Guatemala,2007,COE,15,4891a599b8c371e3|COE|NA|15,TRUE,6.55,NA,15942.07,NA,NA,https://allianceforcoffeeexcellence.org/guatemala-2007/
4891a599b8c371e3,Guatemala,2007,COE,16,4891a599b8c371e3|COE|NA|16,TRUE,6.42,NA,17578.87,NA,NA,https://allianceforcoffeeexcellence.org/guatemala-2007/
4891a599b8c371e3,Guatemala,2007,COE,17,4891a599b8c371e3|COE|NA|17,TRUE,5.5,NA,23426.32,NA,NA,https://allianceforcoffeeexcellence.org/guatemala-2007/
4891a599b8c371e3,Guatemala,2007,COE,18,4891a599b8c371e3|COE|NA|18,TRUE,6.6,NA,22087.67,NA,NA,https://allianceforcoffeeexcellence.org/guatemala-2007/
4891a599b8c371e3,Guatemala,2007,COE,19,4891a599b8c371e3|COE|NA|19,TRUE,6.5,NA,15820.37,NA,NA,https://allianceforcoffeeexcellence.org/guatemala-2007/
a17342050c271e78,Guatemala,2008,COE,1,a17342050c271e78|COE|NA|1,TRUE,80.2,NA,195199.05,NA,NA,https://allianceforcoffeeexcellence.org/guatemala-2008/
a17342050c271e78,Guatemala,2008,COE,2,a17342050c271e78|COE|NA|2,TRUE,17.05,NA,49278.94,NA,NA,https://allianceforcoffeeexcellence.org/guatemala-2008/
a17342050c271e78,Guatemala,2008,COE,3,a17342050c271e78|COE|NA|3,TRUE,21.05,NA,51233.67,NA,NA,https://allianceforcoffeeexcellence.org/guatemala-2008/
a17342050c271e78,Guatemala,2008,COE,4,a17342050c271e78|COE|NA|4,TRUE,16.32,NA,37238.72,NA,NA,https://allianceforcoffeeexcellence.org/guatemala-2008/
a17342050c271e78,Guatemala,2008,COE,5,a17342050c271e78|COE|NA|5,TRUE,8.05,NA,18368.36,NA,NA,https://allianceforcoffeeexcellence.org/guatemala-2008/
a17342050c271e78,Guatemala,2008,COE,6,a17342050c271e78|COE|NA|6,TRUE,7.1,NA,17280.71,NA,NA,https://allianceforcoffeeexcellence.org/guatemala-2008/
a17342050c271e78,Guatemala,2008,COE,7,a17342050c271e78|COE|NA|7,TRUE,8.1,NA,19714.62,NA,NA,https://allianceforcoffeeexcellence.org/guatemala-2008/
a17342050c271e78,Guatemala,2008,COE,8,a17342050c271e78|COE|NA|8,TRUE,8.55,NA,19509.26,NA,NA,https://allianceforcoffeeexcellence.org/guatemala-2008/
a17342050c271e78,Guatemala,2008,COE,9,a17342050c271e78|COE|NA|9,TRUE,7.2,NA,19714.62,NA,NA,https://allianceforcoffeeexcellence.org/guatemala-2008/
a17342050c271e78,Guatemala,2008,COE,10,a17342050c271e78|COE|NA|10,TRUE,7,NA,15972.49,NA,NA,https://allianceforcoffeeexcellence.org/guatemala-2008/
a17342050c271e78,Guatemala,2008,COE,11,a17342050c271e78|COE|NA|11,TRUE,7.2,NA,18619.36,NA,NA,https://allianceforcoffeeexcellence.org/guatemala-2008/
a17342050c271e78,Guatemala,2008,COE,12,a17342050c271e78|COE|NA|12,TRUE,7.3,NA,18877.96,NA,NA,https://allianceforcoffeeexcellence.org/guatemala-2008/
a17342050c271e78,Guatemala,2008,COE,13,a17342050c271e78|COE|NA|13,TRUE,6.6,NA,18071.73,NA,NA,https://allianceforcoffeeexcellence.org/guatemala-2008/
a17342050c271e78,Guatemala,2008,COE,14,a17342050c271e78|COE|NA|14,TRUE,6.65,NA,16185.46,NA,NA,https://allianceforcoffeeexcellence.org/guatemala-2008/
a17342050c271e78,Guatemala,2008,COE,15,a17342050c271e78|COE|NA|15,TRUE,6.75,NA,16428.85,NA,NA,https://allianceforcoffeeexcellence.org/guatemala-2008/
a17342050c271e78,Guatemala,2008,COE,16,a17342050c271e78|COE|NA|16,TRUE,6.6,NA,15059.78,NA,NA,https://allianceforcoffeeexcellence.org/guatemala-2008/
a17342050c271e78,Guatemala,2008,COE,17,a17342050c271e78|COE|NA|17,TRUE,7,NA,17037.32,NA,NA,https://allianceforcoffeeexcellence.org/guatemala-2008/
a17342050c271e78,Guatemala,2008,COE,18,a17342050c271e78|COE|NA|18,TRUE,6.55,NA,14945.69,NA,NA,https://allianceforcoffeeexcellence.org/guatemala-2008/
a17342050c271e78,Guatemala,2008,COE,19,a17342050c271e78|COE|NA|19,TRUE,6.6,NA,22087.67,NA,NA,https://allianceforcoffeeexcellence.org/guatemala-2008/
a17342050c271e78,Guatemala,2008,COE,20,a17342050c271e78|COE|NA|20,TRUE,6.6,NA,15059.78,NA,NA,https://allianceforcoffeeexcellence.org/guatemala-2008/
a17342050c271e78,Guatemala,2008,COE,21,a17342050c271e78|COE|NA|21,TRUE,6.25,NA,15211.9,NA,NA,https://allianceforcoffeeexcellence.org/guatemala-2008/
a17342050c271e78,Guatemala,2008,COE,22,a17342050c271e78|COE|NA|22,TRUE,7.25,NA,17645.8,NA,NA,https://allianceforcoffeeexcellence.org/guatemala-2008/
a17342050c271e78,Guatemala,2008,COE,23,a17342050c271e78|COE|NA|23,TRUE,5.8,NA,14116.64,NA,NA,https://allianceforcoffeeexcellence.org/guatemala-2008/
a17342050c271e78,Guatemala,2008,COE,24,a17342050c271e78|COE|NA|24,TRUE,6.75,NA,16428.85,NA,NA,https://allianceforcoffeeexcellence.org/guatemala-2008/
a17342050c271e78,Guatemala,2008,COE,25,a17342050c271e78|COE|NA|25,TRUE,6.5,NA,14831.6,NA,NA,https://allianceforcoffeeexcellence.org/guatemala-2008/
e3acd98cde143171,Guatemala,2009,COE,1,e3acd98cde143171|COE|NA|1,TRUE,22.04,NA,60918.56,NA,NA,https://allianceforcoffeeexcellence.org/guatemala-2009/
e3acd98cde143171,Guatemala,2009,COE,2,e3acd98cde143171|COE|NA|2,TRUE,12.1,NA,29487.7,NA,NA,https://allianceforcoffeeexcellence.org/guatemala-2009/
e3acd98cde143171,Guatemala,2009,COE,3,e3acd98cde143171|COE|NA|3,TRUE,14.55,NA,47025.6,NA,NA,https://allianceforcoffeeexcellence.org/guatemala-2009/
e3acd98cde143171,Guatemala,2009,COE,4,e3acd98cde143171|COE|NA|4,TRUE,10.1,NA,30956.5,NA,NA,https://allianceforcoffeeexcellence.org/guatemala-2009/
e3acd98cde143171,Guatemala,2009,COE,5,e3acd98cde143171|COE|NA|5,TRUE,10.05,NA,22029.6,NA,NA,https://allianceforcoffeeexcellence.org/guatemala-2009/
e3acd98cde143171,Guatemala,2009,COE,6,e3acd98cde143171|COE|NA|6,TRUE,10.05,NA,28190.25,NA,NA,https://allianceforcoffeeexcellence.org/guatemala-2009/
e3acd98cde143171,Guatemala,2009,COE,7,e3acd98cde143171|COE|NA|7,TRUE,10.01,NA,26716.69,NA,NA,https://allianceforcoffeeexcellence.org/guatemala-2009/
e3acd98cde143171,Guatemala,2009,COE,8,e3acd98cde143171|COE|NA|8,TRUE,9.9,NA,24453,NA,NA,https://allianceforcoffeeexcellence.org/guatemala-2009/
e3acd98cde143171,Guatemala,2009,COE,9,e3acd98cde143171|COE|NA|9,TRUE,8.61,NA,23556.96,NA,NA,https://allianceforcoffeeexcellence.org/guatemala-2009/
e3acd98cde143171,Guatemala,2009,COE,10,e3acd98cde143171|COE|NA|10,TRUE,10,NA,24070,NA,NA,https://allianceforcoffeeexcellence.org/guatemala-2009/
e3acd98cde143171,Guatemala,2009,COE,11,e3acd98cde143171|COE|NA|11,TRUE,7.45,NA,17842.75,NA,NA,https://allianceforcoffeeexcellence.org/guatemala-2009/
e3acd98cde143171,Guatemala,2009,COE,12,e3acd98cde143171|COE|NA|12,TRUE,7.55,NA,18746.65,NA,NA,https://allianceforcoffeeexcellence.org/guatemala-2009/
e3acd98cde143171,Guatemala,2009,COE,13,e3acd98cde143171|COE|NA|13,TRUE,7.4,NA,17071.8,NA,NA,https://allianceforcoffeeexcellence.org/guatemala-2009/
e3acd98cde143171,Guatemala,2009,COE,14,e3acd98cde143171|COE|NA|14,TRUE,7.15,NA,19397.95,NA,NA,https://allianceforcoffeeexcellence.org/guatemala-2009/
e3acd98cde143171,Guatemala,2009,COE,15,e3acd98cde143171|COE|NA|15,TRUE,6.97,NA,17236.81,NA,NA,https://allianceforcoffeeexcellence.org/guatemala-2009/
e3acd98cde143171,Guatemala,2009,COE,16,e3acd98cde143171|COE|NA|16,TRUE,7.1,NA,18275.4,NA,NA,https://allianceforcoffeeexcellence.org/guatemala-2009/
e3acd98cde143171,Guatemala,2009,COE,17,e3acd98cde143171|COE|NA|17,TRUE,7.76,NA,30007.92,NA,NA,https://allianceforcoffeeexcellence.org/guatemala-2009/
e3acd98cde143171,Guatemala,2009,COE,18,e3acd98cde143171|COE|NA|18,TRUE,7,NA,19292,NA,NA,https://allianceforcoffeeexcellence.org/guatemala-2009/
e3acd98cde143171,Guatemala,2009,COE,19,e3acd98cde143171|COE|NA|19,TRUE,7.2,NA,16891.2,NA,NA,https://allianceforcoffeeexcellence.org/guatemala-2009/
e3acd98cde143171,Guatemala,2009,COE,20,e3acd98cde143171|COE|NA|20,TRUE,6.75,NA,18555.75,NA,NA,https://allianceforcoffeeexcellence.org/guatemala-2009/
e3acd98cde143171,Guatemala,2009,COE,21,e3acd98cde143171|COE|NA|21,TRUE,6.36,NA,17979.72,NA,NA,https://allianceforcoffeeexcellence.org/guatemala-2009/
e3acd98cde143171,Guatemala,2009,COE,22,e3acd98cde143171|COE|NA|22,TRUE,7.1,NA,17231.7,NA,NA,https://allianceforcoffeeexcellence.org/guatemala-2009/
e3acd98cde143171,Guatemala,2009,COE,23,e3acd98cde143171|COE|NA|23,TRUE,6.3,NA,16216.2,NA,NA,https://allianceforcoffeeexcellence.org/guatemala-2009/
3658e3cf0f8b901b,Guatemala,2010,COE,1,3658e3cf0f8b901b|COE|NA|1,TRUE,28,NA,64316.28,NA,NA,https://allianceforcoffeeexcellence.org/guatemala-2010/
3658e3cf0f8b901b,Guatemala,2010,COE,2,3658e3cf0f8b901b|COE|NA|2,TRUE,22.1,NA,54304.12,NA,NA,https://allianceforcoffeeexcellence.org/guatemala-2010/
3658e3cf0f8b901b,Guatemala,2010,COE,3,3658e3cf0f8b901b|COE|NA|3,TRUE,19,NA,49637.31,NA,NA,https://allianceforcoffeeexcellence.org/guatemala-2010/
3658e3cf0f8b901b,Guatemala,2010,COE,4,3658e3cf0f8b901b|COE|NA|4,TRUE,11.05,NA,33983.83,NA,NA,https://allianceforcoffeeexcellence.org/guatemala-2010/
3658e3cf0f8b901b,Guatemala,2010,COE,5,3658e3cf0f8b901b|COE|NA|5,TRUE,12.05,NA,30599.65,NA,NA,https://allianceforcoffeeexcellence.org/guatemala-2010/
3658e3cf0f8b901b,Guatemala,2010,COE,6,3658e3cf0f8b901b|COE|NA|6,TRUE,8.05,NA,25556.09,NA,NA,https://allianceforcoffeeexcellence.org/guatemala-2010/
3658e3cf0f8b901b,Guatemala,2010,COE,7,3658e3cf0f8b901b|COE|NA|7,TRUE,10.1,NA,25002.55,NA,NA,https://allianceforcoffeeexcellence.org/guatemala-2010/
3658e3cf0f8b901b,Guatemala,2010,COE,8,3658e3cf0f8b901b|COE|NA|8,TRUE,8.2,NA,20066.55,NA,NA,https://allianceforcoffeeexcellence.org/guatemala-2010/
3658e3cf0f8b901b,Guatemala,2010,COE,9,3658e3cf0f8b901b|COE|NA|9,TRUE,8.05,NA,25556.09,NA,NA,https://allianceforcoffeeexcellence.org/guatemala-2010/
3658e3cf0f8b901b,Guatemala,2010,COE,10,3658e3cf0f8b901b|COE|NA|10,TRUE,7.9,NA,20221.39,NA,NA,https://allianceforcoffeeexcellence.org/guatemala-2010/
3658e3cf0f8b901b,Guatemala,2010,COE,11,3658e3cf0f8b901b|COE|NA|11,TRUE,7.45,NA,19673.96,NA,NA,https://allianceforcoffeeexcellence.org/guatemala-2010/
3658e3cf0f8b901b,Guatemala,2010,COE,12,3658e3cf0f8b901b|COE|NA|12,TRUE,7.1,NA,19584.92,NA,NA,https://allianceforcoffeeexcellence.org/guatemala-2010/
3658e3cf0f8b901b,Guatemala,2010,COE,13,3658e3cf0f8b901b|COE|NA|13,TRUE,9.1,NA,34607.21,NA,NA,https://allianceforcoffeeexcellence.org/guatemala-2010/
3658e3cf0f8b901b,Guatemala,2010,COE,14,3658e3cf0f8b901b|COE|NA|14,TRUE,7.35,NA,20174.06,NA,NA,https://allianceforcoffeeexcellence.org/guatemala-2010/
3658e3cf0f8b901b,Guatemala,2010,COE,15,3658e3cf0f8b901b|COE|NA|15,TRUE,7,NA,17953.18,NA,NA,https://allianceforcoffeeexcellence.org/guatemala-2010/
3658e3cf0f8b901b,Guatemala,2010,COE,16,3658e3cf0f8b901b|COE|NA|16,TRUE,7.1,NA,18783.48,NA,NA,https://allianceforcoffeeexcellence.org/guatemala-2010/
3658e3cf0f8b901b,Guatemala,2010,COE,17,3658e3cf0f8b901b|COE|NA|17,TRUE,8.05,NA,20066.56,NA,NA,https://allianceforcoffeeexcellence.org/guatemala-2010/
3658e3cf0f8b901b,Guatemala,2010,COE,18,3658e3cf0f8b901b|COE|NA|18,TRUE,8.55,NA,21746.41,NA,NA,https://allianceforcoffeeexcellence.org/guatemala-2010/
3658e3cf0f8b901b,Guatemala,2010,COE,19,3658e3cf0f8b901b|COE|NA|19,TRUE,7.99,NA,22723.4,NA,NA,https://allianceforcoffeeexcellence.org/guatemala-2010/
3658e3cf0f8b901b,Guatemala,2010,COE,20,3658e3cf0f8b901b|COE|NA|20,TRUE,7.2,NA,18095.62,NA,NA,https://allianceforcoffeeexcellence.org/guatemala-2010/
3658e3cf0f8b901b,Guatemala,2010,COE,21,3658e3cf0f8b901b|COE|NA|21,TRUE,6.94,NA,17602.2,NA,NA,https://allianceforcoffeeexcellence.org/guatemala-2010/
3658e3cf0f8b901b,Guatemala,2010,COE,22,3658e3cf0f8b901b|COE|NA|22,TRUE,6.71,NA,17672.13,NA,NA,https://allianceforcoffeeexcellence.org/guatemala-2010/
3658e3cf0f8b901b,Guatemala,2010,COE,23,3658e3cf0f8b901b|COE|NA|23,TRUE,7.3,NA,23657.91,NA,NA,https://allianceforcoffeeexcellence.org/guatemala-2010/
3658e3cf0f8b901b,Guatemala,2010,COE,24,3658e3cf0f8b901b|COE|NA|24,TRUE,7.25,NA,18221.28,NA,NA,https://allianceforcoffeeexcellence.org/guatemala-2010/
3658e3cf0f8b901b,Guatemala,2010,COE,25,3658e3cf0f8b901b|COE|NA|25,TRUE,6.55,NA,22936.79,NA,NA,https://allianceforcoffeeexcellence.org/guatemala-2010/
3658e3cf0f8b901b,Guatemala,2010,COE,26,3658e3cf0f8b901b|COE|NA|26,TRUE,6.7,NA,17475.95,NA,NA,https://allianceforcoffeeexcellence.org/guatemala-2010/
3658e3cf0f8b901b,Guatemala,2010,COE,27,3658e3cf0f8b901b|COE|NA|27,TRUE,7,NA,17824.45,NA,NA,https://allianceforcoffeeexcellence.org/guatemala-2010/
3658e3cf0f8b901b,Guatemala,2010,COE,28,3658e3cf0f8b901b|COE|NA|28,TRUE,6.28,NA,16577.82,NA,NA,https://allianceforcoffeeexcellence.org/guatemala-2010/
5128a3c5edf58a16,Guatemala,2011,COE,1,5128a3c5edf58a16|COE|NA|1,TRUE,20.12,NA,53464.27,NA,NA,https://allianceforcoffeeexcellence.org/guatemala-2011/
5128a3c5edf58a16,Guatemala,2011,COE,2,5128a3c5edf58a16|COE|NA|2,TRUE,15.45,NA,41196.03,NA,NA,https://allianceforcoffeeexcellence.org/guatemala-2011/
5128a3c5edf58a16,Guatemala,2011,COE,3,5128a3c5edf58a16|COE|NA|3,TRUE,15.4,NA,30008.44,NA,NA,https://allianceforcoffeeexcellence.org/guatemala-2011/
5128a3c5edf58a16,Guatemala,2011,COE,4,5128a3c5edf58a16|COE|NA|4,TRUE,15.2,NA,39206.73,NA,NA,https://allianceforcoffeeexcellence.org/guatemala-2011/
5128a3c5edf58a16,Guatemala,2011,COE,5,5128a3c5edf58a16|COE|NA|5,TRUE,17.1,NA,27426.69,NA,NA,https://allianceforcoffeeexcellence.org/guatemala-2011/
5128a3c5edf58a16,Guatemala,2011,COE,6,5128a3c5edf58a16|COE|NA|6,TRUE,10.1,NA,18011.84,NA,NA,https://allianceforcoffeeexcellence.org/guatemala-2011/
5128a3c5edf58a16,Guatemala,2011,COE,7,5128a3c5edf58a16|COE|NA|7,TRUE,9.1,NA,31414.38,NA,NA,https://allianceforcoffeeexcellence.org/guatemala-2011/
5128a3c5edf58a16,Guatemala,2011,COE,8,5128a3c5edf58a16|COE|NA|8,TRUE,10,NA,19354.2,NA,NA,https://allianceforcoffeeexcellence.org/guatemala-2011/
5128a3c5edf58a16,Guatemala,2011,COE,9,5128a3c5edf58a16|COE|NA|9,TRUE,8.5,NA,19394.96,NA,NA,https://allianceforcoffeeexcellence.org/guatemala-2011/
5128a3c5edf58a16,Guatemala,2011,COE,10,5128a3c5edf58a16|COE|NA|10,TRUE,7.1,NA,19356.16,NA,NA,https://allianceforcoffeeexcellence.org/guatemala-2011/
5128a3c5edf58a16,Guatemala,2011,COE,11,5128a3c5edf58a16|COE|NA|11,TRUE,7.7,NA,17799.01,NA,NA,https://allianceforcoffeeexcellence.org/guatemala-2011/
5128a3c5edf58a16,Guatemala,2011,COE,12,5128a3c5edf58a16|COE|NA|12,TRUE,8.5,NA,14787.88,NA,NA,https://allianceforcoffeeexcellence.org/guatemala-2011/
5128a3c5edf58a16,Guatemala,2011,COE,13,5128a3c5edf58a16|COE|NA|13,TRUE,7.1,NA,17736.58,NA,NA,https://allianceforcoffeeexcellence.org/guatemala-2011/
5128a3c5edf58a16,Guatemala,2011,COE,14,5128a3c5edf58a16|COE|NA|14,TRUE,5.9,NA,18489.36,NA,NA,https://allianceforcoffeeexcellence.org/guatemala-2011/
5128a3c5edf58a16,Guatemala,2011,COE,15,5128a3c5edf58a16|COE|NA|15,TRUE,6.4,NA,15449.86,NA,NA,https://allianceforcoffeeexcellence.org/guatemala-2011/
5128a3c5edf58a16,Guatemala,2011,COE,16,5128a3c5edf58a16|COE|NA|16,TRUE,6.5,NA,16283.8,NA,NA,https://allianceforcoffeeexcellence.org/guatemala-2011/
5128a3c5edf58a16,Guatemala,2011,COE,17,5128a3c5edf58a16|COE|NA|17,TRUE,7.1,NA,24380.55,NA,NA,https://allianceforcoffeeexcellence.org/guatemala-2011/
5128a3c5edf58a16,Guatemala,2011,COE,18,5128a3c5edf58a16|COE|NA|18,TRUE,6.8,NA,19338.79,NA,NA,https://allianceforcoffeeexcellence.org/guatemala-2011/
5128a3c5edf58a16,Guatemala,2011,COE,19,5128a3c5edf58a16|COE|NA|19,TRUE,6.5,NA,16336.13,NA,NA,https://allianceforcoffeeexcellence.org/guatemala-2011/
5128a3c5edf58a16,Guatemala,2011,COE,20,5128a3c5edf58a16|COE|NA|20,TRUE,8.41,NA,13627.4,NA,NA,https://allianceforcoffeeexcellence.org/guatemala-2011/
5128a3c5edf58a16,Guatemala,2011,COE,21,5128a3c5edf58a16|COE|NA|21,TRUE,6.7,NA,16174.14,NA,NA,https://allianceforcoffeeexcellence.org/guatemala-2011/
5128a3c5edf58a16,Guatemala,2011,COE,22,5128a3c5edf58a16|COE|NA|22,TRUE,5.9,NA,24973.7,NA,NA,https://allianceforcoffeeexcellence.org/guatemala-2011/
5128a3c5edf58a16,Guatemala,2011,COE,23,5128a3c5edf58a16|COE|NA|23,TRUE,7.6,NA,29541.73,NA,NA,https://allianceforcoffeeexcellence.org/guatemala-2011/
5128a3c5edf58a16,Guatemala,2011,COE,24,5128a3c5edf58a16|COE|NA|24,TRUE,5.9,NA,16569.21,NA,NA,https://allianceforcoffeeexcellence.org/guatemala-2011/
5128a3c5edf58a16,Guatemala,2011,COE,25,5128a3c5edf58a16|COE|NA|25,TRUE,6.87,NA,16040.63,NA,NA,https://allianceforcoffeeexcellence.org/guatemala-2011/
5128a3c5edf58a16,Guatemala,2011,COE,26,5128a3c5edf58a16|COE|NA|26,TRUE,5.4,NA,20453.63,NA,NA,https://allianceforcoffeeexcellence.org/guatemala-2011/
5128a3c5edf58a16,Guatemala,2011,COE,27,5128a3c5edf58a16|COE|NA|27,TRUE,5.8,NA,16303.1,NA,NA,https://allianceforcoffeeexcellence.org/guatemala-2011/
5128a3c5edf58a16,Guatemala,2011,COE,28,5128a3c5edf58a16|COE|NA|28,TRUE,6.1,NA,19767.36,NA,NA,https://allianceforcoffeeexcellence.org/guatemala-2011/
5128a3c5edf58a16,Guatemala,2011,COE,29,5128a3c5edf58a16|COE|NA|29,TRUE,8.1,NA,18214.47,NA,NA,https://allianceforcoffeeexcellence.org/guatemala-2011/
09d57f1b6eace9c6,Guatemala,2012,COE,1,09d57f1b6eace9c6|COE|NA|1,TRUE,22.6,NA,64912.85,NA,NA,https://allianceforcoffeeexcellence.org/guatemala-2012/
09d57f1b6eace9c6,Guatemala,2012,COE,2,09d57f1b6eace9c6|COE|NA|2,TRUE,11.3,NA,28870.6,NA,NA,https://allianceforcoffeeexcellence.org/guatemala-2012/
09d57f1b6eace9c6,Guatemala,2012,COE,3,09d57f1b6eace9c6|COE|NA|3,TRUE,11.7,NA,24993.42,NA,NA,https://allianceforcoffeeexcellence.org/guatemala-2012/
09d57f1b6eace9c6,Guatemala,2012,COE,4,09d57f1b6eace9c6|COE|NA|4,TRUE,17.6,NA,25355.97,NA,NA,https://allianceforcoffeeexcellence.org/guatemala-2012/
09d57f1b6eace9c6,Guatemala,2012,COE,5,09d57f1b6eace9c6|COE|NA|5,TRUE,12.6,NA,31527.47,NA,NA,https://allianceforcoffeeexcellence.org/guatemala-2012/
09d57f1b6eace9c6,Guatemala,2012,COE,6,09d57f1b6eace9c6|COE|NA|6,TRUE,10.1,NA,29736.72,NA,NA,https://allianceforcoffeeexcellence.org/guatemala-2012/
09d57f1b6eace9c6,Guatemala,2012,COE,7,09d57f1b6eace9c6|COE|NA|7,TRUE,11.2,NA,27672.51,NA,NA,https://allianceforcoffeeexcellence.org/guatemala-2012/
09d57f1b6eace9c6,Guatemala,2012,COE,8,09d57f1b6eace9c6|COE|NA|8,TRUE,12,NA,20183.64,NA,NA,https://allianceforcoffeeexcellence.org/guatemala-2012/
09d57f1b6eace9c6,Guatemala,2012,COE,9,09d57f1b6eace9c6|COE|NA|9,TRUE,12,NA,18650.88,NA,NA,https://allianceforcoffeeexcellence.org/guatemala-2012/
09d57f1b6eace9c6,Guatemala,2012,COE,10,09d57f1b6eace9c6|COE|NA|10,TRUE,10,NA,21240.2,NA,NA,https://allianceforcoffeeexcellence.org/guatemala-2012/
09d57f1b6eace9c6,Guatemala,2012,COE,11,09d57f1b6eace9c6|COE|NA|11,TRUE,10.3,NA,19412.93,NA,NA,https://allianceforcoffeeexcellence.org/guatemala-2012/
09d57f1b6eace9c6,Guatemala,2012,COE,12,09d57f1b6eace9c6|COE|NA|12,TRUE,11.07,NA,25914.65,NA,NA,https://allianceforcoffeeexcellence.org/guatemala-2012/
09d57f1b6eace9c6,Guatemala,2012,COE,13,09d57f1b6eace9c6|COE|NA|13,TRUE,10.58,NA,16969.37,NA,NA,https://allianceforcoffeeexcellence.org/guatemala-2012/
09d57f1b6eace9c6,Guatemala,2012,COE,14,09d57f1b6eace9c6|COE|NA|14,TRUE,10,NA,23338.8,NA,NA,https://allianceforcoffeeexcellence.org/guatemala-2012/
09d57f1b6eace9c6,Guatemala,2012,COE,15,09d57f1b6eace9c6|COE|NA|15,TRUE,10.15,NA,13521.93,NA,NA,https://allianceforcoffeeexcellence.org/guatemala-2012/
09d57f1b6eace9c6,Guatemala,2012,COE,16,09d57f1b6eace9c6|COE|NA|16,TRUE,9.3,NA,15246.42,NA,NA,https://allianceforcoffeeexcellence.org/guatemala-2012/
09d57f1b6eace9c6,Guatemala,2012,COE,17,09d57f1b6eace9c6|COE|NA|17,TRUE,8.8,NA,19440.87,NA,NA,https://allianceforcoffeeexcellence.org/guatemala-2012/
09d57f1b6eace9c6,Guatemala,2012,COE,18,09d57f1b6eace9c6|COE|NA|18,TRUE,8.9,NA,22341.58,NA,NA,https://allianceforcoffeeexcellence.org/guatemala-2012/
09d57f1b6eace9c6,Guatemala,2012,COE,19,09d57f1b6eace9c6|COE|NA|19,TRUE,8.9,NA,15817.79,NA,NA,https://allianceforcoffeeexcellence.org/guatemala-2012/
09d57f1b6eace9c6,Guatemala,2012,COE,20,09d57f1b6eace9c6|COE|NA|20,TRUE,8,NA,19328,NA,NA,https://allianceforcoffeeexcellence.org/guatemala-2012/
09d57f1b6eace9c6,Guatemala,2012,COE,21,09d57f1b6eace9c6|COE|NA|21,TRUE,8.02,NA,29385.76,NA,NA,https://allianceforcoffeeexcellence.org/guatemala-2012/
09d57f1b6eace9c6,Guatemala,2012,COE,22,09d57f1b6eace9c6|COE|NA|22,TRUE,9.6,NA,26395.78,NA,NA,https://allianceforcoffeeexcellence.org/guatemala-2012/
09d57f1b6eace9c6,Guatemala,2012,COE,23,09d57f1b6eace9c6|COE|NA|23,TRUE,8.01,NA,23835.12,NA,NA,https://allianceforcoffeeexcellence.org/guatemala-2012/
4f643bafa11775bd,Guatemala,2013,COE,1,4f643bafa11775bd|COE|NA|1,TRUE,45.1,NA,103053.5,NA,NA,https://allianceforcoffeeexcellence.org/guatemala-2013/
4f643bafa11775bd,Guatemala,2013,COE,2,4f643bafa11775bd|COE|NA|2,TRUE,32.1,NA,66832.2,NA,NA,https://allianceforcoffeeexcellence.org/guatemala-2013/
4f643bafa11775bd,Guatemala,2013,COE,3,4f643bafa11775bd|COE|NA|3,TRUE,26.5,NA,52576,NA,NA,https://allianceforcoffeeexcellence.org/guatemala-2013/
4f643bafa11775bd,Guatemala,2013,COE,4,4f643bafa11775bd|COE|NA|4,TRUE,20.2,NA,55691.4,NA,NA,https://allianceforcoffeeexcellence.org/guatemala-2013/
4f643bafa11775bd,Guatemala,2013,COE,5,4f643bafa11775bd|COE|NA|5,TRUE,16.3,NA,42950.5,NA,NA,https://allianceforcoffeeexcellence.org/guatemala-2013/
4f643bafa11775bd,Guatemala,2013,COE,6,4f643bafa11775bd|COE|NA|6,TRUE,15.8,NA,40068.8,NA,NA,https://allianceforcoffeeexcellence.org/guatemala-2013/
4f643bafa11775bd,Guatemala,2013,COE,7,4f643bafa11775bd|COE|NA|7,TRUE,11.9,NA,27596.1,NA,NA,https://allianceforcoffeeexcellence.org/guatemala-2013/
4f643bafa11775bd,Guatemala,2013,COE,8,4f643bafa11775bd|COE|NA|8,TRUE,11.8,NA,28355.4,NA,NA,https://allianceforcoffeeexcellence.org/guatemala-2013/
4f643bafa11775bd,Guatemala,2013,COE,9,4f643bafa11775bd|COE|NA|9,TRUE,10.1,NA,22119,NA,NA,https://allianceforcoffeeexcellence.org/guatemala-2013/
4f643bafa11775bd,Guatemala,2013,COE,10,4f643bafa11775bd|COE|NA|10,TRUE,9.4,NA,25370.6,NA,NA,https://allianceforcoffeeexcellence.org/guatemala-2013/
4f643bafa11775bd,Guatemala,2013,COE,11A,4f643bafa11775bd|COE|NA|11A,TRUE,8.2,NA,21475.8,NA,NA,https://allianceforcoffeeexcellence.org/guatemala-2013/
4f643bafa11775bd,Guatemala,2013,COE,11B,4f643bafa11775bd|COE|NA|11B,TRUE,11.1,NA,22666.2,NA,NA,https://allianceforcoffeeexcellence.org/guatemala-2013/
4f643bafa11775bd,Guatemala,2013,COE,12A,4f643bafa11775bd|COE|NA|12A,TRUE,8.3,NA,23057.4,NA,NA,https://allianceforcoffeeexcellence.org/guatemala-2013/
4f643bafa11775bd,Guatemala,2013,COE,12B,4f643bafa11775bd|COE|NA|12B,TRUE,10,NA,30710,NA,NA,https://allianceforcoffeeexcellence.org/guatemala-2013/
4f643bafa11775bd,Guatemala,2013,COE,13,4f643bafa11775bd|COE|NA|13,TRUE,10.11,NA,20321.1,NA,NA,https://allianceforcoffeeexcellence.org/guatemala-2013/
4f643bafa11775bd,Guatemala,2013,COE,14,4f643bafa11775bd|COE|NA|14,TRUE,8.2,NA,20606.6,NA,NA,https://allianceforcoffeeexcellence.org/guatemala-2013/
4f643bafa11775bd,Guatemala,2013,COE,15,4f643bafa11775bd|COE|NA|15,TRUE,9.7,NA,19506.7,NA,NA,https://allianceforcoffeeexcellence.org/guatemala-2013/
4f643bafa11775bd,Guatemala,2013,COE,16,4f643bafa11775bd|COE|NA|16,TRUE,7.2,NA,20073.6,NA,NA,https://allianceforcoffeeexcellence.org/guatemala-2013/
4f643bafa11775bd,Guatemala,2013,COE,17,4f643bafa11775bd|COE|NA|17,TRUE,8,NA,21808,NA,NA,https://allianceforcoffeeexcellence.org/guatemala-2013/
4f643bafa11775bd,Guatemala,2013,COE,18,4f643bafa11775bd|COE|NA|18,TRUE,7.4,NA,19513.8,NA,NA,https://allianceforcoffeeexcellence.org/guatemala-2013/
4f643bafa11775bd,Guatemala,2013,COE,19A,4f643bafa11775bd|COE|NA|19A,TRUE,7.61,NA,34389.59,NA,NA,https://allianceforcoffeeexcellence.org/guatemala-2013/
4f643bafa11775bd,Guatemala,2013,COE,19B,4f643bafa11775bd|COE|NA|19B,TRUE,8.5,NA,22542,NA,NA,https://allianceforcoffeeexcellence.org/guatemala-2013/
4f643bafa11775bd,Guatemala,2013,COE,20,4f643bafa11775bd|COE|NA|20,TRUE,9.9,NA,29313.9,NA,NA,https://allianceforcoffeeexcellence.org/guatemala-2013/
4b1d2194122da044,Guatemala,2014,COE,1,4b1d2194122da044|COE|NA|1,TRUE,42.4,NA,65211.2,NA,NA,https://allianceforcoffeeexcellence.org/guatemala-2014/
4b1d2194122da044,Guatemala,2014,COE,2,4b1d2194122da044|COE|NA|2,TRUE,20.3,NA,48517,NA,NA,https://allianceforcoffeeexcellence.org/guatemala-2014/
4b1d2194122da044,Guatemala,2014,COE,3,4b1d2194122da044|COE|NA|3,TRUE,16.6,NA,37798.2,NA,NA,https://allianceforcoffeeexcellence.org/guatemala-2014/
4b1d2194122da044,Guatemala,2014,COE,4,4b1d2194122da044|COE|NA|4,TRUE,17.09,NA,35940.27,NA,NA,https://allianceforcoffeeexcellence.org/guatemala-2014/
4b1d2194122da044,Guatemala,2014,COE,5,4b1d2194122da044|COE|NA|5,TRUE,13.5,NA,28687.5,NA,NA,https://allianceforcoffeeexcellence.org/guatemala-2014/
4b1d2194122da044,Guatemala,2014,COE,6,4b1d2194122da044|COE|NA|6,TRUE,7.3,NA,31733.1,NA,NA,https://allianceforcoffeeexcellence.org/guatemala-2014/
4b1d2194122da044,Guatemala,2014,COE,7,4b1d2194122da044|COE|NA|7,TRUE,12.1,NA,26281.2,NA,NA,https://allianceforcoffeeexcellence.org/guatemala-2014/
4b1d2194122da044,Guatemala,2014,COE,8,4b1d2194122da044|COE|NA|8,TRUE,11.35,NA,28522.55,NA,NA,https://allianceforcoffeeexcellence.org/guatemala-2014/
4b1d2194122da044,Guatemala,2014,COE,9,4b1d2194122da044|COE|NA|9,TRUE,10.3,NA,27130.2,NA,NA,https://allianceforcoffeeexcellence.org/guatemala-2014/
4b1d2194122da044,Guatemala,2014,COE,10,4b1d2194122da044|COE|NA|10,TRUE,12.1,NA,22493.9,NA,NA,https://allianceforcoffeeexcellence.org/guatemala-2014/
4b1d2194122da044,Guatemala,2014,COE,11,4b1d2194122da044|COE|NA|11,TRUE,7.5,NA,16980,NA,NA,https://allianceforcoffeeexcellence.org/guatemala-2014/
4b1d2194122da044,Guatemala,2014,COE,12,4b1d2194122da044|COE|NA|12,TRUE,10,NA,23420,NA,NA,https://allianceforcoffeeexcellence.org/guatemala-2014/
4b1d2194122da044,Guatemala,2014,COE,13,4b1d2194122da044|COE|NA|13,TRUE,7.4,NA,16139.4,NA,NA,https://allianceforcoffeeexcellence.org/guatemala-2014/
4b1d2194122da044,Guatemala,2014,COE,14,4b1d2194122da044|COE|NA|14,TRUE,7.45,NA,14534.95,NA,NA,https://allianceforcoffeeexcellence.org/guatemala-2014/
4b1d2194122da044,Guatemala,2014,COE,15A,4b1d2194122da044|COE|NA|15A,TRUE,7.65,NA,22468.05,NA,NA,https://allianceforcoffeeexcellence.org/guatemala-2014/
4b1d2194122da044,Guatemala,2014,COE,15B,4b1d2194122da044|COE|NA|15B,TRUE,7.65,NA,18352.35,NA,NA,https://allianceforcoffeeexcellence.org/guatemala-2014/
4b1d2194122da044,Guatemala,2014,COE,16,4b1d2194122da044|COE|NA|16,TRUE,7.3,NA,20994.8,NA,NA,https://allianceforcoffeeexcellence.org/guatemala-2014/
4b1d2194122da044,Guatemala,2014,COE,17,4b1d2194122da044|COE|NA|17,TRUE,7.4,NA,17863.6,NA,NA,https://allianceforcoffeeexcellence.org/guatemala-2014/
4b1d2194122da044,Guatemala,2014,COE,18,4b1d2194122da044|COE|NA|18,TRUE,8.8,NA,17054.4,NA,NA,https://allianceforcoffeeexcellence.org/guatemala-2014/
4b1d2194122da044,Guatemala,2014,COE,19,4b1d2194122da044|COE|NA|19,TRUE,7.44,NA,17104.56,NA,NA,https://allianceforcoffeeexcellence.org/guatemala-2014/
4b1d2194122da044,Guatemala,2014,COE,20A,4b1d2194122da044|COE|NA|20A,TRUE,7.5,NA,20430,NA,NA,https://allianceforcoffeeexcellence.org/guatemala-2014/
4b1d2194122da044,Guatemala,2014,COE,20B,4b1d2194122da044|COE|NA|20B,TRUE,7.25,NA,19306.75,NA,NA,https://allianceforcoffeeexcellence.org/guatemala-2014/
4b1d2194122da044,Guatemala,2014,COE,21,4b1d2194122da044|COE|NA|21,TRUE,8.05,NA,16462.25,NA,NA,https://allianceforcoffeeexcellence.org/guatemala-2014/
4b1d2194122da044,Guatemala,2014,COE,22,4b1d2194122da044|COE|NA|22,TRUE,7.3,NA,16300.9,NA,NA,https://allianceforcoffeeexcellence.org/guatemala-2014/
49d1caf44685b143,Guatemala,2015,COE,1,49d1caf44685b143|COE|NA|1,TRUE,25.8,NA,55132.28,NA,NA,https://allianceforcoffeeexcellence.org/guatemala-2015/
49d1caf44685b143,Guatemala,2015,COE,2,49d1caf44685b143|COE|NA|2,TRUE,18.8,NA,42461.87,NA,NA,https://allianceforcoffeeexcellence.org/guatemala-2015/
49d1caf44685b143,Guatemala,2015,COE,3,49d1caf44685b143|COE|NA|3,TRUE,13.4,NA,40182.45,NA,NA,https://allianceforcoffeeexcellence.org/guatemala-2015/
49d1caf44685b143,Guatemala,2015,COE,4,49d1caf44685b143|COE|NA|4,TRUE,11.9,NA,24909.91,NA,NA,https://allianceforcoffeeexcellence.org/guatemala-2015/
49d1caf44685b143,Guatemala,2015,COE,5,49d1caf44685b143|COE|NA|5,TRUE,9.6,NA,27250.85,NA,NA,https://allianceforcoffeeexcellence.org/guatemala-2015/
49d1caf44685b143,Guatemala,2015,COE,6,49d1caf44685b143|COE|NA|6,TRUE,11.4,NA,23203.45,NA,NA,https://allianceforcoffeeexcellence.org/guatemala-2015/
49d1caf44685b143,Guatemala,2015,COE,7,49d1caf44685b143|COE|NA|7,TRUE,9.9,NA,28773.56,NA,NA,https://allianceforcoffeeexcellence.org/guatemala-2015/
49d1caf44685b143,Guatemala,2015,COE,8,49d1caf44685b143|COE|NA|8,TRUE,9.4,NA,22744.8,NA,NA,https://allianceforcoffeeexcellence.org/guatemala-2015/
49d1caf44685b143,Guatemala,2015,COE,9,49d1caf44685b143|COE|NA|9,TRUE,11.2,NA,22796.37,NA,NA,https://allianceforcoffeeexcellence.org/guatemala-2015/
49d1caf44685b143,Guatemala,2015,COE,10,49d1caf44685b143|COE|NA|10,TRUE,8.8,NA,26673.68,NA,NA,https://allianceforcoffeeexcellence.org/guatemala-2015/
49d1caf44685b143,Guatemala,2015,COE,11,49d1caf44685b143|COE|NA|11,TRUE,6.7,NA,19561.72,NA,NA,https://allianceforcoffeeexcellence.org/guatemala-2015/
49d1caf44685b143,Guatemala,2015,COE,12,49d1caf44685b143|COE|NA|12,TRUE,6.9,NA,19983.64,NA,NA,https://allianceforcoffeeexcellence.org/guatemala-2015/
49d1caf44685b143,Guatemala,2015,COE,13,49d1caf44685b143|COE|NA|13,TRUE,7.1,NA,13617.8,NA,NA,https://allianceforcoffeeexcellence.org/guatemala-2015/
49d1caf44685b143,Guatemala,2015,COE,14,49d1caf44685b143|COE|NA|14,TRUE,7,NA,14958.37,NA,NA,https://allianceforcoffeeexcellence.org/guatemala-2015/
49d1caf44685b143,Guatemala,2015,COE,15,49d1caf44685b143|COE|NA|15,TRUE,6.9,NA,15198.7,NA,NA,https://allianceforcoffeeexcellence.org/guatemala-2015/
49d1caf44685b143,Guatemala,2015,COE,16,49d1caf44685b143|COE|NA|16,TRUE,6.8,NA,15122.45,NA,NA,https://allianceforcoffeeexcellence.org/guatemala-2015/
49d1caf44685b143,Guatemala,2015,COE,17A,49d1caf44685b143|COE|NA|17A,TRUE,6.8,NA,17539.78,NA,NA,https://allianceforcoffeeexcellence.org/guatemala-2015/
49d1caf44685b143,Guatemala,2015,COE,17B,49d1caf44685b143|COE|NA|17B,TRUE,6.6,NA,14618.74,NA,NA,https://allianceforcoffeeexcellence.org/guatemala-2015/
49d1caf44685b143,Guatemala,2015,COE,18,49d1caf44685b143|COE|NA|18,TRUE,6.4,NA,18814.91,NA,NA,https://allianceforcoffeeexcellence.org/guatemala-2015/
49d1caf44685b143,Guatemala,2015,COE,19,49d1caf44685b143|COE|NA|19,TRUE,6.6,NA,20393.74,NA,NA,https://allianceforcoffeeexcellence.org/guatemala-2015/
49d1caf44685b143,Guatemala,2015,COE,20,49d1caf44685b143|COE|NA|20,TRUE,6.5,NA,14461.72,NA,NA,https://allianceforcoffeeexcellence.org/guatemala-2015/
49d1caf44685b143,Guatemala,2015,COE,21,49d1caf44685b143|COE|NA|21,TRUE,6.2,NA,17048.76,NA,NA,https://allianceforcoffeeexcellence.org/guatemala-2015/
49d1caf44685b143,Guatemala,2015,COE,22,49d1caf44685b143|COE|NA|22,TRUE,6.7,NA,14778.19,NA,NA,https://allianceforcoffeeexcellence.org/guatemala-2015/
49d1caf44685b143,Guatemala,2015,COE,23,49d1caf44685b143|COE|NA|23,TRUE,6.5,NA,19532.31,NA,NA,https://allianceforcoffeeexcellence.org/guatemala-2015/
8191f8204aa713fa,Guatemala,2016,COE,1A,8191f8204aa713fa|COE|NA|1A,TRUE,42.1,NA,40289.7,NA,NA,https://allianceforcoffeeexcellence.org/guatemala-2016/
8191f8204aa713fa,Guatemala,2016,COE,1B,8191f8204aa713fa|COE|NA|1B,TRUE,37.4,NA,35791.8,NA,NA,https://allianceforcoffeeexcellence.org/guatemala-2016/
8191f8204aa713fa,Guatemala,2016,COE,2A,8191f8204aa713fa|COE|NA|2A,TRUE,53.1,NA,13381.2,NA,NA,https://allianceforcoffeeexcellence.org/guatemala-2016/
8191f8204aa713fa,Guatemala,2016,COE,2B,8191f8204aa713fa|COE|NA|2B,TRUE,53,NA,13356,NA,NA,https://allianceforcoffeeexcellence.org/guatemala-2016/
8191f8204aa713fa,Guatemala,2016,COE,3A,8191f8204aa713fa|COE|NA|3A,TRUE,23.6,NA,29146,NA,NA,https://allianceforcoffeeexcellence.org/guatemala-2016/
8191f8204aa713fa,Guatemala,2016,COE,3B,8191f8204aa713fa|COE|NA|3B,TRUE,23.6,NA,29146,NA,NA,https://allianceforcoffeeexcellence.org/guatemala-2016/
8191f8204aa713fa,Guatemala,2016,COE,4A,8191f8204aa713fa|COE|NA|4A,TRUE,29.6,NA,21272.34,NA,NA,https://allianceforcoffeeexcellence.org/guatemala-2016/
8191f8204aa713fa,Guatemala,2016,COE,4B,8191f8204aa713fa|COE|NA|4B,TRUE,29.2,NA,19077.24,NA,NA,https://allianceforcoffeeexcellence.org/guatemala-2016/
8191f8204aa713fa,Guatemala,2016,COE,5A,8191f8204aa713fa|COE|NA|5A,TRUE,20.3,NA,21908.57,NA,NA,https://allianceforcoffeeexcellence.org/guatemala-2016/
8191f8204aa713fa,Guatemala,2016,COE,5B,8191f8204aa713fa|COE|NA|5B,TRUE,21,NA,21330.96,NA,NA,https://allianceforcoffeeexcellence.org/guatemala-2016/
8191f8204aa713fa,Guatemala,2016,COE,6,8191f8204aa713fa|COE|NA|6,TRUE,15.15,NA,32845.2,NA,NA,https://allianceforcoffeeexcellence.org/guatemala-2016/
8191f8204aa713fa,Guatemala,2016,COE,7,8191f8204aa713fa|COE|NA|7,TRUE,15.7,NA,39878,NA,NA,https://allianceforcoffeeexcellence.org/guatemala-2016/
8191f8204aa713fa,Guatemala,2016,COE,8,8191f8204aa713fa|COE|NA|8,TRUE,12.1,NA,36892.9,NA,NA,https://allianceforcoffeeexcellence.org/guatemala-2016/
8191f8204aa713fa,Guatemala,2016,COE,9,8191f8204aa713fa|COE|NA|9,TRUE,15.4,NA,33387.2,NA,NA,https://allianceforcoffeeexcellence.org/guatemala-2016/
8191f8204aa713fa,Guatemala,2016,COE,10,8191f8204aa713fa|COE|NA|10,TRUE,15.55,NA,33541.35,NA,NA,https://allianceforcoffeeexcellence.org/guatemala-2016/
8191f8204aa713fa,Guatemala,2016,COE,11A,8191f8204aa713fa|COE|NA|11A,TRUE,11.5,NA,26231.5,NA,NA,https://allianceforcoffeeexcellence.org/guatemala-2016/
8191f8204aa713fa,Guatemala,2016,COE,11B,8191f8204aa713fa|COE|NA|11B,TRUE,10.4,NA,30430.4,NA,NA,https://allianceforcoffeeexcellence.org/guatemala-2016/
8191f8204aa713fa,Guatemala,2016,COE,13,8191f8204aa713fa|COE|NA|13,TRUE,8.3,NA,23563.7,NA,NA,https://allianceforcoffeeexcellence.org/guatemala-2016/
8191f8204aa713fa,Guatemala,2016,COE,14A,8191f8204aa713fa|COE|NA|14A,TRUE,8.3,NA,21463.8,NA,NA,https://allianceforcoffeeexcellence.org/guatemala-2016/
8191f8204aa713fa,Guatemala,2016,COE,14B,8191f8204aa713fa|COE|NA|14B,TRUE,9.25,NA,20646,NA,NA,https://allianceforcoffeeexcellence.org/guatemala-2016/
8191f8204aa713fa,Guatemala,2016,COE,16A,8191f8204aa713fa|COE|NA|16A,TRUE,8.15,NA,23732.8,NA,NA,https://allianceforcoffeeexcellence.org/guatemala-2016/
8191f8204aa713fa,Guatemala,2016,COE,16B,8191f8204aa713fa|COE|NA|16B,TRUE,10.2,NA,21624,NA,NA,https://allianceforcoffeeexcellence.org/guatemala-2016/
8191f8204aa713fa,Guatemala,2016,COE,18,8191f8204aa713fa|COE|NA|18,TRUE,10.2,NA,21981,NA,NA,https://allianceforcoffeeexcellence.org/guatemala-2016/
8191f8204aa713fa,Guatemala,2016,COE,19,8191f8204aa713fa|COE|NA|19,TRUE,9.2,NA,21758,NA,NA,https://allianceforcoffeeexcellence.org/guatemala-2016/
8191f8204aa713fa,Guatemala,2016,COE,20,8191f8204aa713fa|COE|NA|20,TRUE,7.1,NA,26830.9,NA,NA,https://allianceforcoffeeexcellence.org/guatemala-2016/
07a149006df074a2,Guatemala,2017,NW,29,07a149006df074a2|NW|NA|29,TRUE,4.8,NA,4658.45,NA,NA,https://allianceforcoffeeexcellence.org/guatemala-2017/
07a149006df074a2,Guatemala,2017,NW,30,07a149006df074a2|NW|NA|30,TRUE,4.6,NA,5224.77,NA,NA,https://allianceforcoffeeexcellence.org/guatemala-2017/
07a149006df074a2,Guatemala,2017,NW,31,07a149006df074a2|NW|NA|31,TRUE,7.3,NA,7129.18,NA,NA,https://allianceforcoffeeexcellence.org/guatemala-2017/
07a149006df074a2,Guatemala,2017,NW,32,07a149006df074a2|NW|NA|32,TRUE,5.87,NA,6774.39,NA,NA,https://allianceforcoffeeexcellence.org/guatemala-2017/
07a149006df074a2,Guatemala,2017,NW,33,07a149006df074a2|NW|NA|33,TRUE,6.2,NA,5671.39,NA,NA,https://allianceforcoffeeexcellence.org/guatemala-2017/
07a149006df074a2,Guatemala,2017,NW,34,07a149006df074a2|NW|NA|34,TRUE,4.7,NA,9918.83,NA,NA,https://allianceforcoffeeexcellence.org/guatemala-2017/
07a149006df074a2,Guatemala,2017,NW,35,07a149006df074a2|NW|NA|35,TRUE,4.1,NA,10768.98,NA,NA,https://allianceforcoffeeexcellence.org/guatemala-2017/
07a149006df074a2,Guatemala,2017,NW,36,07a149006df074a2|NW|NA|36,TRUE,4.7,NA,4756.82,NA,NA,https://allianceforcoffeeexcellence.org/guatemala-2017/
07a149006df074a2,Guatemala,2017,NW,37,07a149006df074a2|NW|NA|37,TRUE,6.29,NA,6155.58,NA,NA,https://allianceforcoffeeexcellence.org/guatemala-2017/
07a149006df074a2,Guatemala,2017,NW,38,07a149006df074a2|NW|NA|38,TRUE,4.2,NA,13523.33,NA,NA,https://allianceforcoffeeexcellence.org/guatemala-2017/
07a149006df074a2,Guatemala,2017,COE,1A,07a149006df074a2|COE|NA|1A,TRUE,53.41,NA,20469.38,NA,NA,https://allianceforcoffeeexcellence.org/guatemala-2017/
07a149006df074a2,Guatemala,2017,COE,1B,07a149006df074a2|COE|NA|1B,TRUE,58,NA,19180.02,NA,NA,https://allianceforcoffeeexcellence.org/guatemala-2017/
07a149006df074a2,Guatemala,2017,COE,2A,07a149006df074a2|COE|NA|2A,TRUE,50.1,NA,29024.43,NA,NA,https://allianceforcoffeeexcellence.org/guatemala-2017/
07a149006df074a2,Guatemala,2017,COE,2B,07a149006df074a2|COE|NA|2B,TRUE,50.7,NA,26825.88,NA,NA,https://allianceforcoffeeexcellence.org/guatemala-2017/
07a149006df074a2,Guatemala,2017,COE,3,07a149006df074a2|COE|NA|3,TRUE,37.27,NA,46867.4,NA,NA,https://allianceforcoffeeexcellence.org/guatemala-2017/
07a149006df074a2,Guatemala,2017,COE,4,07a149006df074a2|COE|NA|4,TRUE,27.2,NA,28632.35,NA,NA,https://allianceforcoffeeexcellence.org/guatemala-2017/
07a149006df074a2,Guatemala,2017,COE,5,07a149006df074a2|COE|NA|5,TRUE,20.2,NA,21181.72,NA,NA,https://allianceforcoffeeexcellence.org/guatemala-2017/
07a149006df074a2,Guatemala,2017,COE,6,07a149006df074a2|COE|NA|6,TRUE,25.35,NA,53498.39,NA,NA,https://allianceforcoffeeexcellence.org/guatemala-2017/
07a149006df074a2,Guatemala,2017,COE,7,07a149006df074a2|COE|NA|7,TRUE,20.3,NA,23365.91,NA,NA,https://allianceforcoffeeexcellence.org/guatemala-2017/
07a149006df074a2,Guatemala,2017,COE,8,07a149006df074a2|COE|NA|8,TRUE,44.72,NA,20907.05,NA,NA,https://allianceforcoffeeexcellence.org/guatemala-2017/
07a149006df074a2,Guatemala,2017,COE,9,07a149006df074a2|COE|NA|9,TRUE,11,NA,37794.35,NA,NA,https://allianceforcoffeeexcellence.org/guatemala-2017/
07a149006df074a2,Guatemala,2017,COE,10,07a149006df074a2|COE|NA|10,TRUE,15.1,NA,13475.69,NA,NA,https://allianceforcoffeeexcellence.org/guatemala-2017/
07a149006df074a2,Guatemala,2017,COE,11,07a149006df074a2|COE|NA|11,TRUE,12.1,NA,14123.72,NA,NA,https://allianceforcoffeeexcellence.org/guatemala-2017/
07a149006df074a2,Guatemala,2017,COE,12,07a149006df074a2|COE|NA|12,TRUE,16.7,NA,17613.32,NA,NA,https://allianceforcoffeeexcellence.org/guatemala-2017/
07a149006df074a2,Guatemala,2017,COE,13,07a149006df074a2|COE|NA|13,TRUE,15.4,NA,15227.06,NA,NA,https://allianceforcoffeeexcellence.org/guatemala-2017/
07a149006df074a2,Guatemala,2017,COE,14,07a149006df074a2|COE|NA|14,TRUE,12.17,NA,14896.69,NA,NA,https://allianceforcoffeeexcellence.org/guatemala-2017/
07a149006df074a2,Guatemala,2017,COE,15,07a149006df074a2|COE|NA|15,TRUE,10.3,NA,18697.38,NA,NA,https://allianceforcoffeeexcellence.org/guatemala-2017/
07a149006df074a2,Guatemala,2017,COE,16,07a149006df074a2|COE|NA|16,TRUE,20,NA,26002,NA,NA,https://allianceforcoffeeexcellence.org/guatemala-2017/
07a149006df074a2,Guatemala,2017,COE,17,07a149006df074a2|COE|NA|17,TRUE,9.9,NA,10963.46,NA,NA,https://allianceforcoffeeexcellence.org/guatemala-2017/
07a149006df074a2,Guatemala,2017,COE,18,07a149006df074a2|COE|NA|18,TRUE,8.9,NA,14937.49,NA,NA,https://allianceforcoffeeexcellence.org/guatemala-2017/
07a149006df074a2,Guatemala,2017,COE,19,07a149006df074a2|COE|NA|19,TRUE,13.1,NA,15144.91,NA,NA,https://allianceforcoffeeexcellence.org/guatemala-2017/
07a149006df074a2,Guatemala,2017,COE,20,07a149006df074a2|COE|NA|20,TRUE,9.3,NA,19900.14,NA,NA,https://allianceforcoffeeexcellence.org/guatemala-2017/
07a149006df074a2,Guatemala,2017,COE,21,07a149006df074a2|COE|NA|21,TRUE,10.1,NA,10170.9,NA,NA,https://allianceforcoffeeexcellence.org/guatemala-2017/
07a149006df074a2,Guatemala,2017,COE,22,07a149006df074a2|COE|NA|22,TRUE,10.2,NA,9982.03,NA,NA,https://allianceforcoffeeexcellence.org/guatemala-2017/
07a149006df074a2,Guatemala,2017,COE,23,07a149006df074a2|COE|NA|23,TRUE,15,NA,14892.45,NA,NA,https://allianceforcoffeeexcellence.org/guatemala-2017/
07a149006df074a2,Guatemala,2017,COE,24,07a149006df074a2|COE|NA|24,TRUE,10.1,NA,10150.4,NA,NA,https://allianceforcoffeeexcellence.org/guatemala-2017/
07a149006df074a2,Guatemala,2017,COE,25,07a149006df074a2|COE|NA|25,TRUE,10.31,NA,27383.26,NA,NA,https://allianceforcoffeeexcellence.org/guatemala-2017/
07a149006df074a2,Guatemala,2017,COE,26,07a149006df074a2|COE|NA|26,TRUE,9.9,NA,13132.05,NA,NA,https://allianceforcoffeeexcellence.org/guatemala-2017/
07a149006df074a2,Guatemala,2017,COE,27,07a149006df074a2|COE|NA|27,TRUE,9.5,NA,18131.51,NA,NA,https://allianceforcoffeeexcellence.org/guatemala-2017/
07a149006df074a2,Guatemala,2017,COE,28,07a149006df074a2|COE|NA|28,TRUE,9.1,NA,28442.23,NA,NA,https://allianceforcoffeeexcellence.org/guatemala-2017/
04cf157e5060655a,Guatemala,2018,NW,37,04cf157e5060655a|NW|NA|37,TRUE,5,1054.7,5273.4,5273.5,1.8963097811727503e-5,https://allianceforcoffeeexcellence.org/guatemala-2018/
04cf157e5060655a,Guatemala,2018,NW,38,04cf157e5060655a|NW|NA|38,TRUE,4.7,2135.8,10038.03,10038.260000000002,2.2912862384490025e-5,https://allianceforcoffeeexcellence.org/guatemala-2018/
04cf157e5060655a,Guatemala,2018,NW,39,04cf157e5060655a|NW|NA|39,TRUE,5.1,1140.9,5818.49,5818.59,1.7186589647892116e-5,https://allianceforcoffeeexcellence.org/guatemala-2018/
04cf157e5060655a,Guatemala,2018,NW,40,04cf157e5060655a|NW|NA|40,TRUE,9.1,1140.9,10382.01,10382.19,1.733768316542664e-5,https://allianceforcoffeeexcellence.org/guatemala-2018/
04cf157e5060655a,Guatemala,2018,COE,1A,04cf157e5060655a|COE|NA|1A,TRUE,55.6,NA,28952.59,NA,NA,https://allianceforcoffeeexcellence.org/guatemala-2018/
04cf157e5060655a,Guatemala,2018,COE,1B,04cf157e5060655a|COE|NA|1B,TRUE,60,NA,27778.2,NA,NA,https://allianceforcoffeeexcellence.org/guatemala-2018/
04cf157e5060655a,Guatemala,2018,COE,2A,04cf157e5060655a|COE|NA|2A,TRUE,24.2,NA,12773.49,NA,NA,https://allianceforcoffeeexcellence.org/guatemala-2018/
04cf157e5060655a,Guatemala,2018,COE,2B,04cf157e5060655a|COE|NA|2B,TRUE,24.5,NA,11342.77,NA,NA,https://allianceforcoffeeexcellence.org/guatemala-2018/
04cf157e5060655a,Guatemala,2018,COE,3A,04cf157e5060655a|COE|NA|3A,TRUE,25.2,NA,11666.84,NA,NA,https://allianceforcoffeeexcellence.org/guatemala-2018/
04cf157e5060655a,Guatemala,2018,COE,3B,04cf157e5060655a|COE|NA|3B,TRUE,25.3,NA,11352.87,NA,NA,https://allianceforcoffeeexcellence.org/guatemala-2018/
04cf157e5060655a,Guatemala,2018,COE,4,04cf157e5060655a|COE|NA|4,TRUE,15.1,NA,20642.15,NA,NA,https://allianceforcoffeeexcellence.org/guatemala-2018/
04cf157e5060655a,Guatemala,2018,COE,5,04cf157e5060655a|COE|NA|5,TRUE,15.3,NA,14026.43,NA,NA,https://allianceforcoffeeexcellence.org/guatemala-2018/
04cf157e5060655a,Guatemala,2018,COE,6,04cf157e5060655a|COE|NA|6,TRUE,16.01,NA,14401.32,NA,NA,https://allianceforcoffeeexcellence.org/guatemala-2018/
04cf157e5060655a,Guatemala,2018,COE,7,04cf157e5060655a|COE|NA|7,TRUE,12.1,NA,12884.32,NA,NA,https://allianceforcoffeeexcellence.org/guatemala-2018/
04cf157e5060655a,Guatemala,2018,COE,8,04cf157e5060655a|COE|NA|8,TRUE,12.1,NA,11841.3,NA,NA,https://allianceforcoffeeexcellence.org/guatemala-2018/
04cf157e5060655a,Guatemala,2018,COE,9,04cf157e5060655a|COE|NA|9,TRUE,13.2,NA,16773.11,NA,NA,https://allianceforcoffeeexcellence.org/guatemala-2018/
04cf157e5060655a,Guatemala,2018,COE,10,04cf157e5060655a|COE|NA|10,TRUE,10.29,NA,10591.81,NA,NA,https://allianceforcoffeeexcellence.org/guatemala-2018/
04cf157e5060655a,Guatemala,2018,COE,11,04cf157e5060655a|COE|NA|11,TRUE,21.99,NA,17372.1,NA,NA,https://allianceforcoffeeexcellence.org/guatemala-2018/
04cf157e5060655a,Guatemala,2018,COE,12,04cf157e5060655a|COE|NA|12,TRUE,9.4,NA,11992.14,NA,NA,https://allianceforcoffeeexcellence.org/guatemala-2018/
04cf157e5060655a,Guatemala,2018,COE,13,04cf157e5060655a|COE|NA|13,TRUE,12.5,NA,17316,NA,NA,https://allianceforcoffeeexcellence.org/guatemala-2018/
04cf157e5060655a,Guatemala,2018,COE,14,04cf157e5060655a|COE|NA|14,TRUE,12.5,NA,12106,NA,NA,https://allianceforcoffeeexcellence.org/guatemala-2018/
04cf157e5060655a,Guatemala,2018,COE,15,04cf157e5060655a|COE|NA|15,TRUE,12.1,NA,12344.42,NA,NA,https://allianceforcoffeeexcellence.org/guatemala-2018/
04cf157e5060655a,Guatemala,2018,COE,16,04cf157e5060655a|COE|NA|16,TRUE,10.2,NA,10468.16,NA,NA,https://allianceforcoffeeexcellence.org/guatemala-2018/
04cf157e5060655a,Guatemala,2018,COE,17,04cf157e5060655a|COE|NA|17,TRUE,15.1,NA,11714.58,NA,NA,https://allianceforcoffeeexcellence.org/guatemala-2018/
04cf157e5060655a,Guatemala,2018,COE,18,04cf157e5060655a|COE|NA|18,TRUE,10.11,NA,18301.12,NA,NA,https://allianceforcoffeeexcellence.org/guatemala-2018/
04cf157e5060655a,Guatemala,2018,COE,19,04cf157e5060655a|COE|NA|19,TRUE,8.6,NA,9488.9,NA,NA,https://allianceforcoffeeexcellence.org/guatemala-2018/
04cf157e5060655a,Guatemala,2018,COE,20,04cf157e5060655a|COE|NA|20,TRUE,12.4,NA,19805.65,NA,NA,https://allianceforcoffeeexcellence.org/guatemala-2018/
04cf157e5060655a,Guatemala,2018,COE,21,04cf157e5060655a|COE|NA|21,TRUE,15.6,NA,13209.92,NA,NA,https://allianceforcoffeeexcellence.org/guatemala-2018/
04cf157e5060655a,Guatemala,2018,COE,22,04cf157e5060655a|COE|NA|22,TRUE,8.15,NA,9595.73,NA,NA,https://allianceforcoffeeexcellence.org/guatemala-2018/
04cf157e5060655a,Guatemala,2018,COE,23,04cf157e5060655a|COE|NA|23,TRUE,10.51,NA,13408.24,NA,NA,https://allianceforcoffeeexcellence.org/guatemala-2018/
04cf157e5060655a,Guatemala,2018,COE,24,04cf157e5060655a|COE|NA|24,TRUE,11.1,NA,8971.58,NA,NA,https://allianceforcoffeeexcellence.org/guatemala-2018/
04cf157e5060655a,Guatemala,2018,COE,25,04cf157e5060655a|COE|NA|25,TRUE,15.4,NA,12259.63,NA,NA,https://allianceforcoffeeexcellence.org/guatemala-2018/
04cf157e5060655a,Guatemala,2018,COE,26,04cf157e5060655a|COE|NA|26,TRUE,8,NA,16761.28,NA,NA,https://allianceforcoffeeexcellence.org/guatemala-2018/
04cf157e5060655a,Guatemala,2018,COE,27,04cf157e5060655a|COE|NA|27,TRUE,12.1,NA,10663.37,NA,NA,https://allianceforcoffeeexcellence.org/guatemala-2018/
04cf157e5060655a,Guatemala,2018,COE,28,04cf157e5060655a|COE|NA|28,TRUE,9.55,NA,26352.37,NA,NA,https://allianceforcoffeeexcellence.org/guatemala-2018/
04cf157e5060655a,Guatemala,2018,COE,29,04cf157e5060655a|COE|NA|29,TRUE,12.1,NA,12099.03,NA,NA,https://allianceforcoffeeexcellence.org/guatemala-2018/
04cf157e5060655a,Guatemala,2018,COE,30,04cf157e5060655a|COE|NA|30,TRUE,10.4,NA,12582.34,NA,NA,https://allianceforcoffeeexcellence.org/guatemala-2018/
04cf157e5060655a,Guatemala,2018,COE,31,04cf157e5060655a|COE|NA|31,TRUE,15.1,NA,12250.48,NA,NA,https://allianceforcoffeeexcellence.org/guatemala-2018/
04cf157e5060655a,Guatemala,2018,COE,32,04cf157e5060655a|COE|NA|32,TRUE,12.1,NA,11608.14,NA,NA,https://allianceforcoffeeexcellence.org/guatemala-2018/
04cf157e5060655a,Guatemala,2018,COE,33,04cf157e5060655a|COE|NA|33,TRUE,7.65,NA,7339.03,NA,NA,https://allianceforcoffeeexcellence.org/guatemala-2018/
04cf157e5060655a,Guatemala,2018,COE,34,04cf157e5060655a|COE|NA|34,TRUE,7.8,NA,13739.86,NA,NA,https://allianceforcoffeeexcellence.org/guatemala-2018/
94e0f75eb8b007ec,Guatemala,2019,COE,1A,94e0f75eb8b007ec|COE|NA|1A,TRUE,58.7,462.966,27176.34,27176.1042,8.676665069636392e-6,https://allianceforcoffeeexcellence.org/guatemala-2019/
94e0f75eb8b007ec,Guatemala,2019,COE,1B,94e0f75eb8b007ec|COE|NA|1B,TRUE,58.7,353.5076,20751.04,20750.89612,6.933628386800194e-6,https://allianceforcoffeeexcellence.org/guatemala-2019/
94e0f75eb8b007ec,Guatemala,2019,COE,2A,94e0f75eb8b007ec|COE|NA|2A,TRUE,23,1058.21,24338.83,24338.83,0,https://allianceforcoffeeexcellence.org/guatemala-2019/
94e0f75eb8b007ec,Guatemala,2019,COE,2B,94e0f75eb8b007ec|COE|NA|2B,TRUE,25,940.92,23523,23523,0,https://allianceforcoffeeexcellence.org/guatemala-2019/
94e0f75eb8b007ec,Guatemala,2019,COE,3A,94e0f75eb8b007ec|COE|NA|3A,TRUE,24.2,595.24,14404.81,14404.807999999999,1.388425116615529e-7,https://allianceforcoffeeexcellence.org/guatemala-2019/
94e0f75eb8b007ec,Guatemala,2019,COE,3B,94e0f75eb8b007ec|COE|NA|3B,TRUE,24.1,528.44,12735.4,12735.404000000002,3.1408514869057093e-7,https://allianceforcoffeeexcellence.org/guatemala-2019/
94e0f75eb8b007ec,Guatemala,2019,COE,4,94e0f75eb8b007ec|COE|NA|4,TRUE,21.1,1099.76,23204.94,23204.936,1.723770885499781e-7,https://allianceforcoffeeexcellence.org/guatemala-2019/
94e0f75eb8b007ec,Guatemala,2019,COE,5,94e0f75eb8b007ec|COE|NA|5,TRUE,10.9,1392.87,15182.28,15182.283,1.9759877955038315e-7,https://allianceforcoffeeexcellence.org/guatemala-2019/
94e0f75eb8b007ec,Guatemala,2019,COE,6,94e0f75eb8b007ec|COE|NA|6,TRUE,26,959.55,24948.3,24948.3,0,https://allianceforcoffeeexcellence.org/guatemala-2019/
94e0f75eb8b007ec,Guatemala,2019,COE,7,94e0f75eb8b007ec|COE|NA|7,TRUE,16,945.77,15132.32,15132.32,0,https://allianceforcoffeeexcellence.org/guatemala-2019/
94e0f75eb8b007ec,Guatemala,2019,COE,8,94e0f75eb8b007ec|COE|NA|8,TRUE,14.6,942.47,13760.06,13760.062,1.4534820345314291e-7,https://allianceforcoffeeexcellence.org/guatemala-2019/
94e0f75eb8b007ec,Guatemala,2019,COE,9,94e0f75eb8b007ec|COE|NA|9,TRUE,12.1,1036.93,12546.85,12546.853000000001,2.39103838860844e-7,https://allianceforcoffeeexcellence.org/guatemala-2019/
94e0f75eb8b007ec,Guatemala,2019,COE,10,94e0f75eb8b007ec|COE|NA|10,TRUE,10.7,935.96,10014.77,10014.771999999999,1.9970503552138133e-7,https://allianceforcoffeeexcellence.org/guatemala-2019/
94e0f75eb8b007ec,Guatemala,2019,COE,11,94e0f75eb8b007ec|COE|NA|11,TRUE,21.3,888.45,18923.99,18923.985,2.642148934246231e-7,https://allianceforcoffeeexcellence.org/guatemala-2019/
94e0f75eb8b007ec,Guatemala,2019,COE,12,94e0f75eb8b007ec|COE|NA|12,TRUE,9.2,1814.61,16694.41,16694.411999999997,1.1980057976109816e-7,https://allianceforcoffeeexcellence.org/guatemala-2019/
94e0f75eb8b007ec,Guatemala,2019,COE,13,94e0f75eb8b007ec|COE|NA|13,TRUE,13.3,1134.82,15093.11,15093.106,2.6502158937521206e-7,https://allianceforcoffeeexcellence.org/guatemala-2019/
94e0f75eb8b007ec,Guatemala,2019,COE,14,94e0f75eb8b007ec|COE|NA|14,TRUE,15.5,819.67,12704.89,12704.885,3.935492553811678e-7,https://allianceforcoffeeexcellence.org/guatemala-2019/
94e0f75eb8b007ec,Guatemala,2019,COE,15,94e0f75eb8b007ec|COE|NA|15,TRUE,9,1792.01,16128.09,16128.09,0,https://allianceforcoffeeexcellence.org/guatemala-2019/
94e0f75eb8b007ec,Guatemala,2019,COE,16,94e0f75eb8b007ec|COE|NA|16,TRUE,10,1271.17,12711.7,12711.7,0,https://allianceforcoffeeexcellence.org/guatemala-2019/
94e0f75eb8b007ec,Guatemala,2019,COE,17,94e0f75eb8b007ec|COE|NA|17,TRUE,10.2,970.02,9894.2,9894.204,4.042772532388589e-7,https://allianceforcoffeeexcellence.org/guatemala-2019/
94e0f75eb8b007ec,Guatemala,2019,COE,18,94e0f75eb8b007ec|COE|NA|18,TRUE,9.1,1940.16,17655.46,17655.456,2.265588096155471e-7,https://allianceforcoffeeexcellence.org/guatemala-2019/
94e0f75eb8b007ec,Guatemala,2019,COE,19,94e0f75eb8b007ec|COE|NA|19,TRUE,10.6,920.86,9761.12,9761.116,4.0978904068538315e-7,https://allianceforcoffeeexcellence.org/guatemala-2019/
94e0f75eb8b007ec,Guatemala,2019,COE,20,94e0f75eb8b007ec|COE|NA|20,TRUE,9.1,1683.65,15321.22,15321.215,3.263447688369232e-7,https://allianceforcoffeeexcellence.org/guatemala-2019/
3b14ef284fc16bc7,Guatemala,2020,COE,1A,3b14ef284fc16bc7|COE|NA|1A,TRUE,180.2,233.22,42026.24,42026.244,9.51786312745301e-8,https://allianceforcoffeeexcellence.org/guatemala-2020/
3b14ef284fc16bc7,Guatemala,2020,COE,1B,3b14ef284fc16bc7|COE|NA|1B,TRUE,175.3,233.22,40883.47,40883.466,9.783905330968499e-8,https://allianceforcoffeeexcellence.org/guatemala-2020/
3b14ef284fc16bc7,Guatemala,2020,COE,2,3b14ef284fc16bc7|COE|NA|2,TRUE,37.9,609.84,23112.94,23112.936,1.7306322766281265e-7,https://allianceforcoffeeexcellence.org/guatemala-2020/
3b14ef284fc16bc7,Guatemala,2020,COE,3,3b14ef284fc16bc7|COE|NA|3,TRUE,37.4,542.33,20283.14,20283.142,9.860406231024653e-8,https://allianceforcoffeeexcellence.org/guatemala-2020/
3b14ef284fc16bc7,Guatemala,2020,COE,4,3b14ef284fc16bc7|COE|NA|4,TRUE,30.2,505.34,15261.27,15261.267999999998,1.3105069251945894e-7,https://allianceforcoffeeexcellence.org/guatemala-2020/
3b14ef284fc16bc7,Guatemala,2020,COE,5,3b14ef284fc16bc7|COE|NA|5,TRUE,30.1,295.04,8880.7,8880.704000000002,4.5041494485962897e-7,https://allianceforcoffeeexcellence.org/guatemala-2020/
3b14ef284fc16bc7,Guatemala,2020,COE,6,3b14ef284fc16bc7|COE|NA|6,TRUE,46.6,301.92,14069.47,14069.472000000002,1.4215176564763584e-7,https://allianceforcoffeeexcellence.org/guatemala-2020/
3b14ef284fc16bc7,Guatemala,2020,COE,7,3b14ef284fc16bc7|COE|NA|7,TRUE,37.3,356.75,13306.78,13306.775,3.7574830282146647e-7,https://allianceforcoffeeexcellence.org/guatemala-2020/
3b14ef284fc16bc7,Guatemala,2020,COE,8,3b14ef284fc16bc7|COE|NA|8,TRUE,34.8,143.19,4983.01,4983.012,4.013638342082313e-7,https://allianceforcoffeeexcellence.org/guatemala-2020/
3b14ef284fc16bc7,Guatemala,2020,COE,9,3b14ef284fc16bc7|COE|NA|9,TRUE,27.1,633.07,17156.2,17156.197000000004,1.7486389742327565e-7,https://allianceforcoffeeexcellence.org/guatemala-2020/
3b14ef284fc16bc7,Guatemala,2020,COE,10,3b14ef284fc16bc7|COE|NA|10,TRUE,25.1,330.69,8300.32,8300.319,1.2047728282809903e-7,https://allianceforcoffeeexcellence.org/guatemala-2020/
3b14ef284fc16bc7,Guatemala,2020,COE,11,3b14ef284fc16bc7|COE|NA|11,TRUE,33,149.74,4941.42,4941.42,0,https://allianceforcoffeeexcellence.org/guatemala-2020/
3b14ef284fc16bc7,Guatemala,2020,COE,12,3b14ef284fc16bc7|COE|NA|12,TRUE,18.5,903.84,16721.04,16721.04,0,https://allianceforcoffeeexcellence.org/guatemala-2020/
3b14ef284fc16bc7,Guatemala,2020,COE,13,3b14ef284fc16bc7|COE|NA|13,TRUE,37,159.48,5900.76,5900.759999999999,1.5413179010380497e-16,https://allianceforcoffeeexcellence.org/guatemala-2020/
3b14ef284fc16bc7,Guatemala,2020,COE,14,3b14ef284fc16bc7|COE|NA|14,TRUE,32.3,337.48,10900.6,10900.604,3.6695227776415224e-7,https://allianceforcoffeeexcellence.org/guatemala-2020/
3b14ef284fc16bc7,Guatemala,2020,COE,15,3b14ef284fc16bc7|COE|NA|15,TRUE,26.4,257.85,6807.24,6807.24,0,https://allianceforcoffeeexcellence.org/guatemala-2020/
3b14ef284fc16bc7,Guatemala,2020,COE,16,3b14ef284fc16bc7|COE|NA|16,TRUE,15.1,600.42,9066.34,9066.341999999999,2.2059618308914778e-7,https://allianceforcoffeeexcellence.org/guatemala-2020/
3b14ef284fc16bc7,Guatemala,2020,COE,17,3b14ef284fc16bc7|COE|NA|17,TRUE,20,664.38,13287.6,13287.6,0,https://allianceforcoffeeexcellence.org/guatemala-2020/
3b14ef284fc16bc7,Guatemala,2020,COE,18,3b14ef284fc16bc7|COE|NA|18,TRUE,13.8,1664.25,22966.65,22966.65,0,https://allianceforcoffeeexcellence.org/guatemala-2020/
3b14ef284fc16bc7,Guatemala,2020,COE,19,3b14ef284fc16bc7|COE|NA|19,TRUE,17,749.61,12743.37,12743.37,0,https://allianceforcoffeeexcellence.org/guatemala-2020/
3b14ef284fc16bc7,Guatemala,2020,COE,20,3b14ef284fc16bc7|COE|NA|20,TRUE,23.2,810.39,18801.05,18801.048,1.0637703747436732e-7,https://allianceforcoffeeexcellence.org/guatemala-2020/
3b14ef284fc16bc7,Guatemala,2020,COE,21,3b14ef284fc16bc7|COE|NA|21,TRUE,37.2,138.36,5146.99,5146.992000000001,3.885766246518739e-7,https://allianceforcoffeeexcellence.org/guatemala-2020/
3b14ef284fc16bc7,Guatemala,2020,COE,22,3b14ef284fc16bc7|COE|NA|22,TRUE,20.2,1333.39,26934.48,26934.478000000003,7.425426430246565e-8,https://allianceforcoffeeexcellence.org/guatemala-2020/
3b14ef284fc16bc7,Guatemala,2020,COE,23,3b14ef284fc16bc7|COE|NA|23,TRUE,15.1,888.01,13408.95,13408.951,7.45770547570643e-8,https://allianceforcoffeeexcellence.org/guatemala-2020/
3b14ef284fc16bc7,Guatemala,2020,COE,24,3b14ef284fc16bc7|COE|NA|24,TRUE,19.6,306.77,6012.69,6012.692,3.326298213291312e-7,https://allianceforcoffeeexcellence.org/guatemala-2020/
3b14ef284fc16bc7,Guatemala,2020,COE,25,3b14ef284fc16bc7|COE|NA|25,TRUE,20.8,225.62,4692.9,4692.896000000001,8.523514242783605e-7,https://allianceforcoffeeexcellence.org/guatemala-2020/
3b14ef284fc16bc7,Guatemala,2020,COE,26,3b14ef284fc16bc7|COE|NA|26,TRUE,15,1586.74,23801.1,23801.1,0,https://allianceforcoffeeexcellence.org/guatemala-2020/
3b14ef284fc16bc7,Guatemala,2020,COE,27,3b14ef284fc16bc7|COE|NA|27,TRUE,16.8,1348.82,22660.18,22660.176,1.76521104457904e-7,https://allianceforcoffeeexcellence.org/guatemala-2020/
3b14ef284fc16bc7,Guatemala,2020,COE,28,3b14ef284fc16bc7|COE|NA|28,TRUE,30.1,146.96,4423.5,4423.496,9.042613315034278e-7,https://allianceforcoffeeexcellence.org/guatemala-2020/
3b14ef284fc16bc7,Guatemala,2020,COE,29,3b14ef284fc16bc7|COE|NA|29,TRUE,20,293.21,5864.2,5864.2,0,https://allianceforcoffeeexcellence.org/guatemala-2020/
3b14ef284fc16bc7,Guatemala,2020,COE,30,3b14ef284fc16bc7|COE|NA|30,TRUE,30.4,155.34,4722.34,4722.336,8.470376973926935e-7,https://allianceforcoffeeexcellence.org/guatemala-2020/
e027de3eaca1fdbe,Guatemala,2021,COE,1A,e027de3eaca1fdbe|COE|NA|1A,TRUE,53.1,649,34461.9,34461.9,0,https://allianceforcoffeeexcellence.org/guatemala-2021/
e027de3eaca1fdbe,Guatemala,2021,COE,1B,e027de3eaca1fdbe|COE|NA|1B,TRUE,50.3,649,32644.7,32644.699999999997,1.114416369913558e-16,https://allianceforcoffeeexcellence.org/guatemala-2021/
e027de3eaca1fdbe,Guatemala,2021,COE,2A,e027de3eaca1fdbe|COE|NA|2A,TRUE,50,326.1,16305,16305.000000000002,1.1156022100863885e-16,https://allianceforcoffeeexcellence.org/guatemala-2021/
e027de3eaca1fdbe,Guatemala,2021,COE,2B,e027de3eaca1fdbe|COE|NA|2B,TRUE,50,326.1,16305,16305.000000000002,1.1156022100863885e-16,https://allianceforcoffeeexcellence.org/guatemala-2021/
e027de3eaca1fdbe,Guatemala,2021,COE,3A,e027de3eaca1fdbe|COE|NA|3A,TRUE,44.7,294.4,13159.68,13159.68,0,https://allianceforcoffeeexcellence.org/guatemala-2021/
e027de3eaca1fdbe,Guatemala,2021,COE,3B,e027de3eaca1fdbe|COE|NA|3B,TRUE,44.8,294.4,13189.12,13189.119999999999,1.3791590368014366e-16,https://allianceforcoffeeexcellence.org/guatemala-2021/
e027de3eaca1fdbe,Guatemala,2021,COE,4,e027de3eaca1fdbe|COE|NA|4,TRUE,26,562.2,14617.2,14617.2,0,https://allianceforcoffeeexcellence.org/guatemala-2021/
e027de3eaca1fdbe,Guatemala,2021,COE,5,e027de3eaca1fdbe|COE|NA|5,TRUE,25.1,457.6,11485.76,11485.760000000002,1.5836909386456416e-16,https://allianceforcoffeeexcellence.org/guatemala-2021/
e027de3eaca1fdbe,Guatemala,2021,COE,6,e027de3eaca1fdbe|COE|NA|6,TRUE,27.6,572.8,15809.28,15809.279999999999,1.15058333051591e-16,https://allianceforcoffeeexcellence.org/guatemala-2021/
e027de3eaca1fdbe,Guatemala,2021,COE,7,e027de3eaca1fdbe|COE|NA|7,TRUE,21.3,768.7,16373.31,16373.310000000001,1.1109478801451e-16,https://allianceforcoffeeexcellence.org/guatemala-2021/
e027de3eaca1fdbe,Guatemala,2021,COE,8,e027de3eaca1fdbe|COE|NA|8,TRUE,25.1,527,13227.7,13227.7,0,https://allianceforcoffeeexcellence.org/guatemala-2021/
e027de3eaca1fdbe,Guatemala,2021,COE,9,e027de3eaca1fdbe|COE|NA|9,TRUE,21.2,633.5,13430.2,13430.199999999999,1.3544023198060017e-16,https://allianceforcoffeeexcellence.org/guatemala-2021/
e027de3eaca1fdbe,Guatemala,2021,COE,10,e027de3eaca1fdbe|COE|NA|10,TRUE,25,1338.6,33465,33465,0,https://allianceforcoffeeexcellence.org/guatemala-2021/
e027de3eaca1fdbe,Guatemala,2021,COE,11,e027de3eaca1fdbe|COE|NA|11,TRUE,20.2,595.2,12023.04,12023.04,0,https://allianceforcoffeeexcellence.org/guatemala-2021/
e027de3eaca1fdbe,Guatemala,2021,COE,12,e027de3eaca1fdbe|COE|NA|12,TRUE,27.1,475,12872.5,12872.5,0,https://allianceforcoffeeexcellence.org/guatemala-2021/
e027de3eaca1fdbe,Guatemala,2021,COE,13,e027de3eaca1fdbe|COE|NA|13,TRUE,17.2,1343.7,23111.64,23111.64,0,https://allianceforcoffeeexcellence.org/guatemala-2021/
e027de3eaca1fdbe,Guatemala,2021,COE,14,e027de3eaca1fdbe|COE|NA|14,TRUE,15.6,598,9328.8,9328.8,0,https://allianceforcoffeeexcellence.org/guatemala-2021/
e027de3eaca1fdbe,Guatemala,2021,COE,15,e027de3eaca1fdbe|COE|NA|15,TRUE,15,1069.5,16042.5,16042.5,0,https://allianceforcoffeeexcellence.org/guatemala-2021/
e027de3eaca1fdbe,Guatemala,2021,COE,16,e027de3eaca1fdbe|COE|NA|16,TRUE,17.5,1044.5,18278.75,18278.75,0,https://allianceforcoffeeexcellence.org/guatemala-2021/
e027de3eaca1fdbe,Guatemala,2021,COE,17,e027de3eaca1fdbe|COE|NA|17,TRUE,14.9,616.7,9188.83,9188.830000000002,1.979565846300189e-16,https://allianceforcoffeeexcellence.org/guatemala-2021/
e027de3eaca1fdbe,Guatemala,2021,COE,18,e027de3eaca1fdbe|COE|NA|18,TRUE,17.5,686.8,12019,12019,0,https://allianceforcoffeeexcellence.org/guatemala-2021/
e027de3eaca1fdbe,Guatemala,2021,COE,19,e027de3eaca1fdbe|COE|NA|19,TRUE,17.8,437.4,7785.72,7785.72,0,https://allianceforcoffeeexcellence.org/guatemala-2021/
e027de3eaca1fdbe,Guatemala,2021,COE,20,e027de3eaca1fdbe|COE|NA|20,TRUE,17.3,749.8,12971.54,12971.539999999999,1.4022925601323023e-16,https://allianceforcoffeeexcellence.org/guatemala-2021/
e027de3eaca1fdbe,Guatemala,2021,COE,21,e027de3eaca1fdbe|COE|NA|21,TRUE,20.2,1408.9,28459.78,28459.780000000002,1.2782877475130563e-16,https://allianceforcoffeeexcellence.org/guatemala-2021/
e027de3eaca1fdbe,Guatemala,2021,COE,22,e027de3eaca1fdbe|COE|NA|22,TRUE,17,1292.3,21969.1,21969.1,0,https://allianceforcoffeeexcellence.org/guatemala-2021/
e027de3eaca1fdbe,Guatemala,2021,COE,23,e027de3eaca1fdbe|COE|NA|23,TRUE,17.1,607.1,10381.41,10381.410000000002,1.7521602591033939e-16,https://allianceforcoffeeexcellence.org/guatemala-2021/
e027de3eaca1fdbe,Guatemala,2021,COE,24,e027de3eaca1fdbe|COE|NA|24,TRUE,18.5,583.3,10791.05,10791.05,0,https://allianceforcoffeeexcellence.org/guatemala-2021/
e027de3eaca1fdbe,Guatemala,2021,COE,25,e027de3eaca1fdbe|COE|NA|25,TRUE,14.6,529.1,7724.86,7724.860000000001,1.1773607570531093e-16,https://allianceforcoffeeexcellence.org/guatemala-2021/
e027de3eaca1fdbe,Guatemala,2021,COE,26,e027de3eaca1fdbe|COE|NA|26,TRUE,20.1,1382.3,27784.23,27784.23,0,https://allianceforcoffeeexcellence.org/guatemala-2021/
e027de3eaca1fdbe,Guatemala,2021,COE,27,e027de3eaca1fdbe|COE|NA|27,TRUE,14.8,796.6,11789.68,11789.68,0,https://allianceforcoffeeexcellence.org/guatemala-2021/
e027de3eaca1fdbe,Guatemala,2021,COE,28,e027de3eaca1fdbe|COE|NA|28,TRUE,14.9,537.1,8002.79,8002.790000000001,1.1364720325947928e-16,https://allianceforcoffeeexcellence.org/guatemala-2021/
8f48007819e94a7e,Guatemala,2022,COE,1A,8f48007819e94a7e|COE|NA|1A,TRUE,138.2,224.1,30970.62,30970.619999999995,1.17465482030767e-16,https://allianceforcoffeeexcellence.org/guatemala-2022/
8f48007819e94a7e,Guatemala,2022,COE,1B,8f48007819e94a7e|COE|NA|1B,TRUE,138.2,224.1,30970.62,30970.619999999995,1.17465482030767e-16,https://allianceforcoffeeexcellence.org/guatemala-2022/
8f48007819e94a7e,Guatemala,2022,COE,2A,8f48007819e94a7e|COE|NA|2A,TRUE,111.1,213,23664.3,23664.3,0,https://allianceforcoffeeexcellence.org/guatemala-2022/
8f48007819e94a7e,Guatemala,2022,COE,2B,8f48007819e94a7e|COE|NA|2B,TRUE,111.2,213,23685.6,23685.600000000002,1.5359453875315438e-16,https://allianceforcoffeeexcellence.org/guatemala-2022/
8f48007819e94a7e,Guatemala,2022,COE,3A,8f48007819e94a7e|COE|NA|3A,TRUE,77.1,296.6,22867.86,22867.86,0,https://allianceforcoffeeexcellence.org/guatemala-2022/
8f48007819e94a7e,Guatemala,2022,COE,3B,8f48007819e94a7e|COE|NA|3B,TRUE,77,296.6,22838.2,22838.2,0,https://allianceforcoffeeexcellence.org/guatemala-2022/
8f48007819e94a7e,Guatemala,2022,COE,4,8f48007819e94a7e|COE|NA|4,TRUE,50.1,408.7,20475.87,20475.87,0,https://allianceforcoffeeexcellence.org/guatemala-2022/
8f48007819e94a7e,Guatemala,2022,COE,5,8f48007819e94a7e|COE|NA|5,TRUE,37.6,454.3,17081.68,17081.68,0,https://allianceforcoffeeexcellence.org/guatemala-2022/
8f48007819e94a7e,Guatemala,2022,COE,6,8f48007819e94a7e|COE|NA|6,TRUE,23.3,724.1,16871.53,16871.530000000002,2.1562826887020402e-16,https://allianceforcoffeeexcellence.org/guatemala-2022/
8f48007819e94a7e,Guatemala,2022,COE,7,8f48007819e94a7e|COE|NA|7,TRUE,61.7,568.9,35101.13,35101.13,0,https://allianceforcoffeeexcellence.org/guatemala-2022/
8f48007819e94a7e,Guatemala,2022,COE,8,8f48007819e94a7e|COE|NA|8,TRUE,23.3,1299.1,30269.03,30269.03,0,https://allianceforcoffeeexcellence.org/guatemala-2022/
8f48007819e94a7e,Guatemala,2022,COE,9,8f48007819e94a7e|COE|NA|9,TRUE,23,1260.5,28991.5,28991.5,0,https://allianceforcoffeeexcellence.org/guatemala-2022/
8f48007819e94a7e,Guatemala,2022,COE,10,8f48007819e94a7e|COE|NA|10,TRUE,20.1,420.9,8460.09,8460.09,0,https://allianceforcoffeeexcellence.org/guatemala-2022/
8f48007819e94a7e,Guatemala,2022,COE,11,8f48007819e94a7e|COE|NA|11,TRUE,30.6,738.3,22591.98,22591.98,0,https://allianceforcoffeeexcellence.org/guatemala-2022/
8f48007819e94a7e,Guatemala,2022,COE,12,8f48007819e94a7e|COE|NA|12,TRUE,27.9,541.5,15107.85,15107.849999999999,1.204002822073198e-16,https://allianceforcoffeeexcellence.org/guatemala-2022/
8f48007819e94a7e,Guatemala,2022,COE,13,8f48007819e94a7e|COE|NA|13,TRUE,18.1,958.3,17345.23,17345.23,0,https://allianceforcoffeeexcellence.org/guatemala-2022/
8f48007819e94a7e,Guatemala,2022,COE,14,8f48007819e94a7e|COE|NA|14,TRUE,34,704.8,23963.2,23963.199999999997,1.5181523365375714e-16,https://allianceforcoffeeexcellence.org/guatemala-2022/
8f48007819e94a7e,Guatemala,2022,COE,15,8f48007819e94a7e|COE|NA|15,TRUE,19.9,450.3,8960.97,8960.97,0,https://allianceforcoffeeexcellence.org/guatemala-2022/
8f48007819e94a7e,Guatemala,2022,COE,16,8f48007819e94a7e|COE|NA|16,TRUE,20.2,703.8,14216.76,14216.759999999998,1.2794683201698956e-16,https://allianceforcoffeeexcellence.org/guatemala-2022/
8f48007819e94a7e,Guatemala,2022,COE,17,8f48007819e94a7e|COE|NA|17,TRUE,23.3,476.6,11104.78,11104.78,0,https://allianceforcoffeeexcellence.org/guatemala-2022/
8f48007819e94a7e,Guatemala,2022,COE,18,8f48007819e94a7e|COE|NA|18,TRUE,27.7,556.7,15420.59,15420.59,0,https://allianceforcoffeeexcellence.org/guatemala-2022/
8f48007819e94a7e,Guatemala,2022,COE,19,8f48007819e94a7e|COE|NA|19,TRUE,27.6,576.7,15916.92,15916.920000000002,1.1428023785668687e-16,https://allianceforcoffeeexcellence.org/guatemala-2022/
8f48007819e94a7e,Guatemala,2022,COE,20,8f48007819e94a7e|COE|NA|20,TRUE,22.6,402.6,9098.76,9098.76,0,https://allianceforcoffeeexcellence.org/guatemala-2022/
8f48007819e94a7e,Guatemala,2022,COE,21,8f48007819e94a7e|COE|NA|21,TRUE,20.2,739.3,14933.86,14933.859999999999,1.2180303039842722e-16,https://allianceforcoffeeexcellence.org/guatemala-2022/
8f48007819e94a7e,Guatemala,2022,COE,22,8f48007819e94a7e|COE|NA|22,TRUE,22.7,477.6,10841.52,10841.52,0,https://allianceforcoffeeexcellence.org/guatemala-2022/
8f48007819e94a7e,Guatemala,2022,COE,23,8f48007819e94a7e|COE|NA|23,TRUE,24,577,13848,13848,0,https://allianceforcoffeeexcellence.org/guatemala-2022/
8f48007819e94a7e,Guatemala,2022,COE,24,8f48007819e94a7e|COE|NA|24,TRUE,17,418.8,7119.6,7119.6,0,https://allianceforcoffeeexcellence.org/guatemala-2022/
8f48007819e94a7e,Guatemala,2022,COE,25,8f48007819e94a7e|COE|NA|25,TRUE,20,617.6,12352,12352,0,https://allianceforcoffeeexcellence.org/guatemala-2022/
8f48007819e94a7e,Guatemala,2022,COE,26,8f48007819e94a7e|COE|NA|26,TRUE,24,706.8,16963.2,16963.199999999997,2.144630026817884e-16,https://allianceforcoffeeexcellence.org/guatemala-2022/
8f48007819e94a7e,Guatemala,2022,COE,27,8f48007819e94a7e|COE|NA|27,TRUE,20,674.4,13488,13488,0,https://allianceforcoffeeexcellence.org/guatemala-2022/
8f48007819e94a7e,Guatemala,2022,COE,28,8f48007819e94a7e|COE|NA|28,TRUE,20,608.5,12170,12170,0,https://allianceforcoffeeexcellence.org/guatemala-2022/
8f48007819e94a7e,Guatemala,2022,COE,29,8f48007819e94a7e|COE|NA|29,TRUE,16.6,549.7,9125.02,9125.020000000002,1.9934086758668545e-16,https://allianceforcoffeeexcellence.org/guatemala-2022/
8f48007819e94a7e,Guatemala,2022,COE,30,8f48007819e94a7e|COE|NA|30,TRUE,15,335.7,5035.5,5035.5,0,https://allianceforcoffeeexcellence.org/guatemala-2022/
7271aa2d4ce78a13,Guatemala,2023,COE,1A,7271aa2d4ce78a13|COE|NA|1A,TRUE,131.85,340.75,44927.89,44927.8875,5.564472318482587e-8,https://allianceforcoffeeexcellence.org/guatemala-2023/
7271aa2d4ce78a13,Guatemala,2023,COE,1B,7271aa2d4ce78a13|COE|NA|1B,TRUE,130,340.75,44297.5,44297.5,0,https://allianceforcoffeeexcellence.org/guatemala-2023/
7271aa2d4ce78a13,Guatemala,2023,COE,2A,7271aa2d4ce78a13|COE|NA|2A,TRUE,70.2,308.1,21628.62,21628.620000000003,1.6820207702071205e-16,https://allianceforcoffeeexcellence.org/guatemala-2023/
7271aa2d4ce78a13,Guatemala,2023,COE,2B,7271aa2d4ce78a13|COE|NA|2B,TRUE,70.1,308.1,21597.81,21597.81,0,https://allianceforcoffeeexcellence.org/guatemala-2023/
7271aa2d4ce78a13,Guatemala,2023,COE,3A,7271aa2d4ce78a13|COE|NA|3A,TRUE,32.4,560.2,18150.48,18150.48,0,https://allianceforcoffeeexcellence.org/guatemala-2023/
7271aa2d4ce78a13,Guatemala,2023,COE,3B,7271aa2d4ce78a13|COE|NA|3B,TRUE,32.1,560.2,17982.42,17982.420000000002,2.023075207392394e-16,https://allianceforcoffeeexcellence.org/guatemala-2023/
7271aa2d4ce78a13,Guatemala,2023,COE,4,7271aa2d4ce78a13|COE|NA|4,TRUE,22.6,697.72,15768.47,15768.472000000002,1.2683538746793082e-7,https://allianceforcoffeeexcellence.org/guatemala-2023/
7271aa2d4ce78a13,Guatemala,2023,COE,5,7271aa2d4ce78a13|COE|NA|5,TRUE,20,579.88,11597.6,11597.6,0,https://allianceforcoffeeexcellence.org/guatemala-2023/
7271aa2d4ce78a13,Guatemala,2023,COE,6,7271aa2d4ce78a13|COE|NA|6,TRUE,22.1,550.67,12169.81,12169.807,2.4651165456093324e-7,https://allianceforcoffeeexcellence.org/guatemala-2023/
7271aa2d4ce78a13,Guatemala,2023,COE,7,7271aa2d4ce78a13|COE|NA|7,TRUE,23,495.5,11396.5,11396.5,0,https://allianceforcoffeeexcellence.org/guatemala-2023/
7271aa2d4ce78a13,Guatemala,2023,COE,8,7271aa2d4ce78a13|COE|NA|8,TRUE,20,485.46,9709.2,9709.199999999999,1.873469908484588e-16,https://allianceforcoffeeexcellence.org/guatemala-2023/
7271aa2d4ce78a13,Guatemala,2023,COE,9,7271aa2d4ce78a13|COE|NA|9,TRUE,20.1,595.29,11965.33,11965.329,8.357479486179878e-8,https://allianceforcoffeeexcellence.org/guatemala-2023/
7271aa2d4ce78a13,Guatemala,2023,COE,10,7271aa2d4ce78a13|COE|NA|10,TRUE,16.3,736.25,12000.88,12000.875,4.166361132849962e-7,https://allianceforcoffeeexcellence.org/guatemala-2023/
7271aa2d4ce78a13,Guatemala,2023,COE,11,7271aa2d4ce78a13|COE|NA|11,TRUE,14.7,658.17,9675.1,9675.098999999998,1.0335810503485403e-7,https://allianceforcoffeeexcellence.org/guatemala-2023/
7271aa2d4ce78a13,Guatemala,2023,COE,12,7271aa2d4ce78a13|COE|NA|12,TRUE,14.8,656.14,9710.87,9710.872,2.0595477012754408e-7,https://allianceforcoffeeexcellence.org/guatemala-2023/
7271aa2d4ce78a13,Guatemala,2023,COE,13,7271aa2d4ce78a13|COE|NA|13,TRUE,14.2,534.44,7589.05,7589.048000000001,2.63537596866269e-7,https://allianceforcoffeeexcellence.org/guatemala-2023/
7271aa2d4ce78a13,Guatemala,2023,COE,14,7271aa2d4ce78a13|COE|NA|14,TRUE,14,700.05,9800.7,9800.699999999999,1.855979066337972e-16,https://allianceforcoffeeexcellence.org/guatemala-2023/
7271aa2d4ce78a13,Guatemala,2023,COE,15,7271aa2d4ce78a13|COE|NA|15,TRUE,20.4,614.56,12537.02,12537.023999999998,3.190550862307732e-7,https://allianceforcoffeeexcellence.org/guatemala-2023/
7271aa2d4ce78a13,Guatemala,2023,COE,16,7271aa2d4ce78a13|COE|NA|16,TRUE,16.8,613.55,10307.64,10307.64,0,https://allianceforcoffeeexcellence.org/guatemala-2023/
7271aa2d4ce78a13,Guatemala,2023,COE,17,7271aa2d4ce78a13|COE|NA|17,TRUE,15.3,691.63,10581.94,10581.939,9.450063033845654e-8,https://allianceforcoffeeexcellence.org/guatemala-2023/
7271aa2d4ce78a13,Guatemala,2023,COE,18,7271aa2d4ce78a13|COE|NA|18,TRUE,25.1,510.1,12803.51,12803.510000000002,1.4206958900690955e-16,https://allianceforcoffeeexcellence.org/guatemala-2023/
7271aa2d4ce78a13,Guatemala,2023,COE,19,7271aa2d4ce78a13|COE|NA|19,TRUE,15.1,971.53,14670.1,14670.103,2.0449758343789007e-7,https://allianceforcoffeeexcellence.org/guatemala-2023/
7271aa2d4ce78a13,Guatemala,2023,COE,20,7271aa2d4ce78a13|COE|NA|20,TRUE,12.7,600.36,7624.57,7624.572,2.623098745775111e-7,https://allianceforcoffeeexcellence.org/guatemala-2023/
7271aa2d4ce78a13,Guatemala,2023,COE,21,7271aa2d4ce78a13|COE|NA|21,TRUE,17.2,536.47,9227.28,9227.284,4.3349719516432984e-7,https://allianceforcoffeeexcellence.org/guatemala-2023/
7271aa2d4ce78a13,Guatemala,2023,COE,22,7271aa2d4ce78a13|COE|NA|22,TRUE,19.6,456.86,8954.46,8954.456,4.467047704714654e-7,https://allianceforcoffeeexcellence.org/guatemala-2023/
7271aa2d4ce78a13,Guatemala,2023,COE,23,7271aa2d4ce78a13|COE|NA|23,TRUE,14.4,778.85,11215.44,11215.44,0,https://allianceforcoffeeexcellence.org/guatemala-2023/
7271aa2d4ce78a13,Guatemala,2023,COE,24,7271aa2d4ce78a13|COE|NA|24,TRUE,19.4,692.65,13437.41,13437.409999999998,1.353675599349768e-16,https://allianceforcoffeeexcellence.org/guatemala-2023/
7271aa2d4ce78a13,Guatemala,2023,COE,25,7271aa2d4ce78a13|COE|NA|25,TRUE,14.1,424.92,5991.37,5991.372,3.3381346844001517e-7,https://allianceforcoffeeexcellence.org/guatemala-2023/
7271aa2d4ce78a13,Guatemala,2023,COE,26,7271aa2d4ce78a13|COE|NA|26,TRUE,12.2,591.03,7210.57,7210.565999999999,5.54741164819828e-7,https://allianceforcoffeeexcellence.org/guatemala-2023/
7271aa2d4ce78a13,Guatemala,2023,COE,27,7271aa2d4ce78a13|COE|NA|27,TRUE,13.7,1427.38,19555.11,19555.106,2.0455011507554328e-7,https://allianceforcoffeeexcellence.org/guatemala-2023/
7271aa2d4ce78a13,Guatemala,2023,COE,28,7271aa2d4ce78a13|COE|NA|28,TRUE,13.8,660.2,9110.76,9110.76,0,https://allianceforcoffeeexcellence.org/guatemala-2023/
a888e8977fcf5201,Guatemala,2024,COE,1A,a888e8977fcf5201|COE|Exotic Washed|1A,TRUE,117.66,289.5,34062.57,34062.57,0,https://allianceforcoffeeexcellence.org/guatemala-2024/
a888e8977fcf5201,Guatemala,2024,COE,1B,a888e8977fcf5201|COE|Exotic Washed|1B,TRUE,110.3,289.5,31931.85,31931.85,0,https://allianceforcoffeeexcellence.org/guatemala-2024/
a888e8977fcf5201,Guatemala,2024,COE,2,a888e8977fcf5201|COE|Exotic Washed|2,TRUE,19,1042.5,19807.5,19807.5,0,https://allianceforcoffeeexcellence.org/guatemala-2024/
a888e8977fcf5201,Guatemala,2024,COE,3,a888e8977fcf5201|COE|Exotic Washed|3,TRUE,50.21,596.3,29940.22,29940.222999999998,1.0019966443042842e-7,https://allianceforcoffeeexcellence.org/guatemala-2024/
a888e8977fcf5201,Guatemala,2024,COE,4,a888e8977fcf5201|COE|Exotic Washed|4,TRUE,35.3,607.5,21444.75,21444.75,0,https://allianceforcoffeeexcellence.org/guatemala-2024/
a888e8977fcf5201,Guatemala,2024,COE,5,a888e8977fcf5201|COE|Exotic Washed|5,TRUE,31,658.2,20404.2,20404.2,0,https://allianceforcoffeeexcellence.org/guatemala-2024/
a888e8977fcf5201,Guatemala,2024,COE,6,a888e8977fcf5201|COE|Exotic Washed|6,TRUE,15.1,612.5,9248.75,9248.75,0,https://allianceforcoffeeexcellence.org/guatemala-2024/
a888e8977fcf5201,Guatemala,2024,COE,7,a888e8977fcf5201|COE|Exotic Washed|7,TRUE,27.1,558.8,15143.48,15143.48,0,https://allianceforcoffeeexcellence.org/guatemala-2024/
a888e8977fcf5201,Guatemala,2024,COE,8,a888e8977fcf5201|COE|Exotic Washed|8,TRUE,27.1,680.5,18441.55,18441.55,0,https://allianceforcoffeeexcellence.org/guatemala-2024/
a888e8977fcf5201,Guatemala,2024,COE,9,a888e8977fcf5201|COE|Exotic Washed|9,TRUE,20.6,443.2,9129.92,9129.92,0,https://allianceforcoffeeexcellence.org/guatemala-2024/
a888e8977fcf5201,Guatemala,2024,COE,10,a888e8977fcf5201|COE|Exotic Washed|10,TRUE,16.2,527.3,8542.26,8542.259999999998,2.129400654564315e-16,https://allianceforcoffeeexcellence.org/guatemala-2024/
a888e8977fcf5201,Guatemala,2024,COE,11,a888e8977fcf5201|COE|Exotic Washed|11,TRUE,19.9,591.2,11764.88,11764.88,0,https://allianceforcoffeeexcellence.org/guatemala-2024/
a888e8977fcf5201,Guatemala,2024,COE,12,a888e8977fcf5201|COE|Exotic Washed|12,TRUE,22.6,588.2,13293.32,13293.320000000002,1.36834846640708e-16,https://allianceforcoffeeexcellence.org/guatemala-2024/
a888e8977fcf5201,Guatemala,2024,COE,13,a888e8977fcf5201|COE|Exotic Washed|13,TRUE,18.5,545.6,10093.6,10093.6,0,https://allianceforcoffeeexcellence.org/guatemala-2024/
a888e8977fcf5201,Guatemala,2024,COE,1A,a888e8977fcf5201|COE|Exotic Natural & Honey|1A,TRUE,36.1,436.1,15743.21,15743.210000000001,1.1554120179721014e-16,https://allianceforcoffeeexcellence.org/guatemala-2024/
a888e8977fcf5201,Guatemala,2024,COE,1B,a888e8977fcf5201|COE|Exotic Natural & Honey|1B,TRUE,35.2,436.1,15350.72,15350.720000000001,1.1849538025225245e-16,https://allianceforcoffeeexcellence.org/guatemala-2024/
a888e8977fcf5201,Guatemala,2024,COE,2,a888e8977fcf5201|COE|Exotic Natural & Honey|2,TRUE,21.1,1183.5,24971.85,24971.850000000002,1.4568319155736212e-16,https://allianceforcoffeeexcellence.org/guatemala-2024/
a888e8977fcf5201,Guatemala,2024,COE,3,a888e8977fcf5201|COE|Exotic Natural & Honey|3,TRUE,27.4,439.1,12031.34,12031.34,0,https://allianceforcoffeeexcellence.org/guatemala-2024/
a888e8977fcf5201,Guatemala,2024,COE,4,a888e8977fcf5201|COE|Exotic Natural & Honey|4,TRUE,15,819.4,12291,12291,0,https://allianceforcoffeeexcellence.org/guatemala-2024/
a888e8977fcf5201,Guatemala,2024,COE,5,a888e8977fcf5201|COE|Exotic Natural & Honey|5,TRUE,20.1,648,13024.8,13024.800000000001,1.3965584143678648e-16,https://allianceforcoffeeexcellence.org/guatemala-2024/
a888e8977fcf5201,Guatemala,2024,COE,6,a888e8977fcf5201|COE|Exotic Natural & Honey|6,TRUE,14,459.4,6431.6,6431.5999999999995,1.4141033362972327e-16,https://allianceforcoffeeexcellence.org/guatemala-2024/
a888e8977fcf5201,Guatemala,2024,COE,1,a888e8977fcf5201|COE|One Of A Kind|1,TRUE,19.3,900.5,17379.65,17379.65,0,https://allianceforcoffeeexcellence.org/guatemala-2024/
a888e8977fcf5201,Guatemala,2024,COE,2,a888e8977fcf5201|COE|One Of A Kind|2,TRUE,16.02,635.9,10187.12,10187.117999999999,1.9632634171644614e-7,https://allianceforcoffeeexcellence.org/guatemala-2024/
a888e8977fcf5201,Guatemala,2024,COE,3,a888e8977fcf5201|COE|One Of A Kind|3,TRUE,13,933,12129,12129,0,https://allianceforcoffeeexcellence.org/guatemala-2024/
a888e8977fcf5201,Guatemala,2024,COE,4,a888e8977fcf5201|COE|One Of A Kind|4,TRUE,15.4,608.5,9370.9,9370.9,0,https://allianceforcoffeeexcellence.org/guatemala-2024/
a888e8977fcf5201,Guatemala,2024,COE,5,a888e8977fcf5201|COE|One Of A Kind|5,TRUE,14.1,675.4,9523.14,9523.14,0,https://allianceforcoffeeexcellence.org/guatemala-2024/
a888e8977fcf5201,Guatemala,2024,COE,6,a888e8977fcf5201|COE|One Of A Kind|6,TRUE,14,604.4,8461.6,8461.6,0,https://allianceforcoffeeexcellence.org/guatemala-2024/
a888e8977fcf5201,Guatemala,2024,COE,7,a888e8977fcf5201|COE|One Of A Kind|7,TRUE,12.9,938.1,12101.49,12101.49,0,https://allianceforcoffeeexcellence.org/guatemala-2024/
a888e8977fcf5201,Guatemala,2024,COE,8,a888e8977fcf5201|COE|One Of A Kind|8,TRUE,14,457.4,6403.6,6403.5999999999995,1.4202865603300146e-16,https://allianceforcoffeeexcellence.org/guatemala-2024/
a888e8977fcf5201,Guatemala,2024,COE,9,a888e8977fcf5201|COE|One Of A Kind|9,TRUE,13,590.2,7672.6,7672.6,0,https://allianceforcoffeeexcellence.org/guatemala-2024/
a888e8977fcf5201,Guatemala,2024,COE,7,a888e8977fcf5201|COE|Exotic Natural & Honey|7,FALSE,NA,NA,15143.48,NA,NA,https://allianceforcoffeeexcellence.org/guatemala-2024/
a888e8977fcf5201,Guatemala,2024,COE,8,a888e8977fcf5201|COE|Exotic Natural & Honey|8,FALSE,NA,NA,18441.55,NA,NA,https://allianceforcoffeeexcellence.org/guatemala-2024/
a888e8977fcf5201,Guatemala,2024,COE,9,a888e8977fcf5201|COE|Exotic Natural & Honey|9,FALSE,NA,NA,9129.92,NA,NA,https://allianceforcoffeeexcellence.org/guatemala-2024/
a888e8977fcf5201,Guatemala,2024,COE,10,a888e8977fcf5201|COE|Exotic Natural & Honey|10,FALSE,NA,NA,8542.26,NA,NA,https://allianceforcoffeeexcellence.org/guatemala-2024/
a888e8977fcf5201,Guatemala,2024,COE,11,a888e8977fcf5201|COE|Exotic Natural & Honey|11,FALSE,NA,NA,11764.88,NA,NA,https://allianceforcoffeeexcellence.org/guatemala-2024/
a888e8977fcf5201,Guatemala,2024,COE,12,a888e8977fcf5201|COE|Exotic Natural & Honey|12,FALSE,NA,NA,13293.32,NA,NA,https://allianceforcoffeeexcellence.org/guatemala-2024/
a888e8977fcf5201,Guatemala,2024,COE,13,a888e8977fcf5201|COE|Exotic Natural & Honey|13,FALSE,NA,NA,10093.6,NA,NA,https://allianceforcoffeeexcellence.org/guatemala-2024/
a888e8977fcf5201,Guatemala,2024,COE,1,a888e8977fcf5201|COE|Exotic Natural & Honey|1,FALSE,NA,NA,17379.65,NA,NA,https://allianceforcoffeeexcellence.org/guatemala-2024/
b0fc9afec2b36341,Guatemala,2025,COE,1A,b0fc9afec2b36341|COE|Exotic Washed|1A,TRUE,143.1,291.6,41727.96,41727.96,0,https://allianceforcoffeeexcellence.org/guatemala-2025/
b0fc9afec2b36341,Guatemala,2025,COE,1B,b0fc9afec2b36341|COE|Exotic Washed|1B,TRUE,117.4,291.6,34233.84,34233.840000000004,2.125369988930084e-16,https://allianceforcoffeeexcellence.org/guatemala-2025/
b0fc9afec2b36341,Guatemala,2025,COE,2,b0fc9afec2b36341|COE|Exotic Washed|2,TRUE,76,502,38152,38152,0,https://allianceforcoffeeexcellence.org/guatemala-2025/
b0fc9afec2b36341,Guatemala,2025,COE,3,b0fc9afec2b36341|COE|Exotic Washed|3,TRUE,80.1,658.2,52721.82,52721.82,0,https://allianceforcoffeeexcellence.org/guatemala-2025/
b0fc9afec2b36341,Guatemala,2025,COE,4,b0fc9afec2b36341|COE|Exotic Washed|4,TRUE,30.23,585.1,17687.57,17687.573,1.696106362044747e-7,https://allianceforcoffeeexcellence.org/guatemala-2025/
b0fc9afec2b36341,Guatemala,2025,COE,5,b0fc9afec2b36341|COE|Exotic Washed|5,TRUE,33.5,612.5,20518.75,20518.75,0,https://allianceforcoffeeexcellence.org/guatemala-2025/
b0fc9afec2b36341,Guatemala,2025,COE,6,b0fc9afec2b36341|COE|Exotic Washed|6,TRUE,31.5,639.9,20156.85,20156.85,0,https://allianceforcoffeeexcellence.org/guatemala-2025/
b0fc9afec2b36341,Guatemala,2025,COE,7,b0fc9afec2b36341|COE|Exotic Washed|7,TRUE,30.2,619.6,18711.92,18711.920000000002,1.9442039123145639e-16,https://allianceforcoffeeexcellence.org/guatemala-2025/
b0fc9afec2b36341,Guatemala,2025,COE,8,b0fc9afec2b36341|COE|Exotic Washed|8,TRUE,30.23,560.8,16952.98,16952.984,2.359467185600943e-7,https://allianceforcoffeeexcellence.org/guatemala-2025/
b0fc9afec2b36341,Guatemala,2025,COE,9,b0fc9afec2b36341|COE|Exotic Washed|9,TRUE,21.1,542.6,11448.86,11448.86,0,https://allianceforcoffeeexcellence.org/guatemala-2025/
b0fc9afec2b36341,Guatemala,2025,COE,10,b0fc9afec2b36341|COE|Exotic Washed|10,TRUE,19.2,918.8,17640.96,17640.96,0,https://allianceforcoffeeexcellence.org/guatemala-2025/
b0fc9afec2b36341,Guatemala,2025,COE,11,b0fc9afec2b36341|COE|Exotic Washed|11,TRUE,15.2,1035.4,15738.08,15738.08,0,https://allianceforcoffeeexcellence.org/guatemala-2025/
b0fc9afec2b36341,Guatemala,2025,COE,12,b0fc9afec2b36341|COE|Exotic Washed|12,TRUE,17.5,674.4,11802,11802,0,https://allianceforcoffeeexcellence.org/guatemala-2025/
b0fc9afec2b36341,Guatemala,2025,COE,1A,b0fc9afec2b36341|COE|Exotic Natural & Honey|1A,TRUE,117.4,280.4,32918.96,32918.96,0,https://allianceforcoffeeexcellence.org/guatemala-2025/
b0fc9afec2b36341,Guatemala,2025,COE,1B,b0fc9afec2b36341|COE|Exotic Natural & Honey|1B,TRUE,117.4,280.4,32918.96,32918.96,0,https://allianceforcoffeeexcellence.org/guatemala-2025/
b0fc9afec2b36341,Guatemala,2025,COE,2,b0fc9afec2b36341|COE|Exotic Natural & Honey|2,TRUE,38.1,724.1,27588.21,27588.210000000003,1.3186715655316938e-16,https://allianceforcoffeeexcellence.org/guatemala-2025/
b0fc9afec2b36341,Guatemala,2025,COE,3,b0fc9afec2b36341|COE|Exotic Natural & Honey|3,TRUE,38.1,596.3,22719.03,22719.03,0,https://allianceforcoffeeexcellence.org/guatemala-2025/
b0fc9afec2b36341,Guatemala,2025,COE,4,b0fc9afec2b36341|COE|Exotic Natural & Honey|4,TRUE,32.1,477.6,15330.96,15330.960000000001,1.186481083732432e-16,https://allianceforcoffeeexcellence.org/guatemala-2025/
b0fc9afec2b36341,Guatemala,2025,COE,5,b0fc9afec2b36341|COE|Exotic Natural & Honey|5,TRUE,25.4,601.4,15275.56,15275.559999999998,1.1907841045080223e-16,https://allianceforcoffeeexcellence.org/guatemala-2025/
b0fc9afec2b36341,Guatemala,2025,COE,6,b0fc9afec2b36341|COE|Exotic Natural & Honey|6,TRUE,19.7,685.5,13504.35,13504.35,0,https://allianceforcoffeeexcellence.org/guatemala-2025/
b0fc9afec2b36341,Guatemala,2025,COE,7,b0fc9afec2b36341|COE|Exotic Natural & Honey|7,TRUE,17.7,1086.1,19223.97,19223.969999999998,1.8924180630180513e-16,https://allianceforcoffeeexcellence.org/guatemala-2025/
b0fc9afec2b36341,Guatemala,2025,COE,8,b0fc9afec2b36341|COE|Exotic Natural & Honey|8,TRUE,16.6,1197.7,19881.82,19881.820000000003,1.8298017018018033e-16,https://allianceforcoffeeexcellence.org/guatemala-2025/
b0fc9afec2b36341,Guatemala,2025,COE,9,b0fc9afec2b36341|COE|Exotic Natural & Honey|9,TRUE,17.4,683.5,11892.9,11892.9,0,https://allianceforcoffeeexcellence.org/guatemala-2025/
b0fc9afec2b36341,Guatemala,2025,COE,10,b0fc9afec2b36341|COE|Exotic Natural & Honey|10,TRUE,17,604.4,10274.8,10274.8,0,https://allianceforcoffeeexcellence.org/guatemala-2025/
b0fc9afec2b36341,Guatemala,2025,COE,1A,b0fc9afec2b36341|COE|One Of A Kind|1A,TRUE,18.2,375.7,6837.74,6837.74,0,https://allianceforcoffeeexcellence.org/guatemala-2025/
b0fc9afec2b36341,Guatemala,2025,COE,1B,b0fc9afec2b36341|COE|One Of A Kind|1B,TRUE,16.6,375.7,6236.62,6236.62,0,https://allianceforcoffeeexcellence.org/guatemala-2025/
b0fc9afec2b36341,Guatemala,2025,COE,2,b0fc9afec2b36341|COE|One Of A Kind|2,TRUE,17.2,567.9,9767.88,9767.88,0,https://allianceforcoffeeexcellence.org/guatemala-2025/
b0fc9afec2b36341,Guatemala,2025,COE,3,b0fc9afec2b36341|COE|One Of A Kind|3,TRUE,18.42,1065.8,19632.04,19632.036,2.0374856616097498e-7,https://allianceforcoffeeexcellence.org/guatemala-2025/
b0fc9afec2b36341,Guatemala,2025,COE,4,b0fc9afec2b36341|COE|One Of A Kind|4,TRUE,16.4,673.4,11043.76,11043.759999999998,1.6470743691875379e-16,https://allianceforcoffeeexcellence.org/guatemala-2025/
b0fc9afec2b36341,Guatemala,2025,COE,5,b0fc9afec2b36341|COE|One Of A Kind|5,TRUE,17.2,565.9,9733.48,9733.48,0,https://allianceforcoffeeexcellence.org/guatemala-2025/
b0fc9afec2b36341,Guatemala,2025,COE,6,b0fc9afec2b36341|COE|One Of A Kind|6,TRUE,15.7,595.3,9346.21,9346.21,0,https://allianceforcoffeeexcellence.org/guatemala-2025/
b0fc9afec2b36341,Guatemala,2025,COE,7,b0fc9afec2b36341|COE|One Of A Kind|7,TRUE,16.5,707.9,11680.35,11680.35,0,https://allianceforcoffeeexcellence.org/guatemala-2025/
b0fc9afec2b36341,Guatemala,2025,COE,8,b0fc9afec2b36341|COE|One Of A Kind|8,TRUE,16.5,596.3,9838.95,9838.949999999999,1.8487637436371324e-16,https://allianceforcoffeeexcellence.org/guatemala-2025/
4cb76103d3072242,Honduras,2004,COE,1,4cb76103d3072242|COE|NA|1,TRUE,13,NA,19775.46,NA,NA,https://allianceforcoffeeexcellence.org/honduras-2004/
4cb76103d3072242,Honduras,2004,COE,2,4cb76103d3072242|COE|NA|2,TRUE,10.05,NA,16816.75,NA,NA,https://allianceforcoffeeexcellence.org/honduras-2004/
4cb76103d3072242,Honduras,2004,COE,3,4cb76103d3072242|COE|NA|3,TRUE,6.3,NA,9583.49,NA,NA,https://allianceforcoffeeexcellence.org/honduras-2004/
4cb76103d3072242,Honduras,2004,COE,4,4cb76103d3072242|COE|NA|4,TRUE,6.2,NA,10374.51,NA,NA,https://allianceforcoffeeexcellence.org/honduras-2004/
4cb76103d3072242,Honduras,2004,COE,5,4cb76103d3072242|COE|NA|5,TRUE,5.6,NA,8518.66,NA,NA,https://allianceforcoffeeexcellence.org/honduras-2004/
4cb76103d3072242,Honduras,2004,COE,6,4cb76103d3072242|COE|NA|6,TRUE,4.05,NA,5544.74,NA,NA,https://allianceforcoffeeexcellence.org/honduras-2004/
4cb76103d3072242,Honduras,2004,COE,7,4cb76103d3072242|COE|NA|7,TRUE,4.15,NA,6944.23,NA,NA,https://allianceforcoffeeexcellence.org/honduras-2004/
4cb76103d3072242,Honduras,2004,COE,8,4cb76103d3072242|COE|NA|8,TRUE,4.1,NA,7484.25,NA,NA,https://allianceforcoffeeexcellence.org/honduras-2004/
4cb76103d3072242,Honduras,2004,COE,9,4cb76103d3072242|COE|NA|9,TRUE,4.05,NA,5544.74,NA,NA,https://allianceforcoffeeexcellence.org/honduras-2004/
4cb76103d3072242,Honduras,2004,COE,10,4cb76103d3072242|COE|NA|10,TRUE,4.15,NA,5681.64,NA,NA,https://allianceforcoffeeexcellence.org/honduras-2004/
4cb76103d3072242,Honduras,2004,COE,11,4cb76103d3072242|COE|NA|11,TRUE,4,NA,5476.28,NA,NA,https://allianceforcoffeeexcellence.org/honduras-2004/
4cb76103d3072242,Honduras,2004,COE,12,4cb76103d3072242|COE|NA|12,TRUE,4.02,NA,6726.7,NA,NA,https://allianceforcoffeeexcellence.org/honduras-2004/
4cb76103d3072242,Honduras,2004,COE,13,4cb76103d3072242|COE|NA|13,TRUE,4.05,NA,5544.74,NA,NA,https://allianceforcoffeeexcellence.org/honduras-2004/
4cb76103d3072242,Honduras,2004,COE,14,4cb76103d3072242|COE|NA|14,TRUE,3.55,NA,5940.25,NA,NA,https://allianceforcoffeeexcellence.org/honduras-2004/
4cb76103d3072242,Honduras,2004,COE,15,4cb76103d3072242|COE|NA|15,TRUE,4.15,NA,6312.94,NA,NA,https://allianceforcoffeeexcellence.org/honduras-2004/
4cb76103d3072242,Honduras,2004,COE,16,4cb76103d3072242|COE|NA|16,TRUE,3.55,NA,8100.33,NA,NA,https://allianceforcoffeeexcellence.org/honduras-2004/
4cb76103d3072242,Honduras,2004,COE,17,4cb76103d3072242|COE|NA|17,TRUE,4.05,NA,6776.9,NA,NA,https://allianceforcoffeeexcellence.org/honduras-2004/
4cb76103d3072242,Honduras,2004,COE,18,4cb76103d3072242|COE|NA|18,TRUE,4.05,NA,6160.82,NA,NA,https://allianceforcoffeeexcellence.org/honduras-2004/
4cb76103d3072242,Honduras,2004,COE,19,4cb76103d3072242|COE|NA|19,TRUE,4.01,NA,9149.96,NA,NA,https://allianceforcoffeeexcellence.org/honduras-2004/
4cb76103d3072242,Honduras,2004,COE,20,4cb76103d3072242|COE|NA|20,TRUE,3.5,NA,6389,NA,NA,https://allianceforcoffeeexcellence.org/honduras-2004/
4cb76103d3072242,Honduras,2004,COE,21,4cb76103d3072242|COE|NA|21,TRUE,3.5,NA,9051.08,NA,NA,https://allianceforcoffeeexcellence.org/honduras-2004/
e4999c5ee612d56f,Honduras,2005,COE,1,e4999c5ee612d56f|COE|NA|1,TRUE,17.6,NA,40159.41,NA,NA,https://allianceforcoffeeexcellence.org/honduras-2005/
e4999c5ee612d56f,Honduras,2005,COE,2,e4999c5ee612d56f|COE|NA|2,TRUE,5.25,NA,11979.37,NA,NA,https://allianceforcoffeeexcellence.org/honduras-2005/
e4999c5ee612d56f,Honduras,2005,COE,3,e4999c5ee612d56f|COE|NA|3,TRUE,3.1,NA,11317.65,NA,NA,https://allianceforcoffeeexcellence.org/honduras-2005/
e4999c5ee612d56f,Honduras,2005,COE,4,e4999c5ee612d56f|COE|NA|4,TRUE,5.15,NA,15668.25,NA,NA,https://allianceforcoffeeexcellence.org/honduras-2005/
e4999c5ee612d56f,Honduras,2005,COE,5,e4999c5ee612d56f|COE|NA|5,TRUE,6.3,NA,10541.84,NA,NA,https://allianceforcoffeeexcellence.org/honduras-2005/
e4999c5ee612d56f,Honduras,2005,COE,6,e4999c5ee612d56f|COE|NA|6,TRUE,2.55,NA,10473.39,NA,NA,https://allianceforcoffeeexcellence.org/honduras-2005/
e4999c5ee612d56f,Honduras,2005,COE,7,e4999c5ee612d56f|COE|NA|7,TRUE,4.7,NA,12154.3,NA,NA,https://allianceforcoffeeexcellence.org/honduras-2005/
e4999c5ee612d56f,Honduras,2005,COE,8,e4999c5ee612d56f|COE|NA|8,TRUE,2.05,NA,6548.72,NA,NA,https://allianceforcoffeeexcellence.org/honduras-2005/
e4999c5ee612d56f,Honduras,2005,COE,9,e4999c5ee612d56f|COE|NA|9,TRUE,3.05,NA,7423.41,NA,NA,https://allianceforcoffeeexcellence.org/honduras-2005/
e4999c5ee612d56f,Honduras,2005,COE,10,e4999c5ee612d56f|COE|NA|10,TRUE,1.65,NA,7529.89,NA,NA,https://allianceforcoffeeexcellence.org/honduras-2005/
e4999c5ee612d56f,Honduras,2005,COE,11,e4999c5ee612d56f|COE|NA|11,TRUE,5.05,NA,13827.61,NA,NA,https://allianceforcoffeeexcellence.org/honduras-2005/
e4999c5ee612d56f,Honduras,2005,COE,12,e4999c5ee612d56f|COE|NA|12,TRUE,2.05,NA,7484.25,NA,NA,https://allianceforcoffeeexcellence.org/honduras-2005/
e4999c5ee612d56f,Honduras,2005,COE,13,e4999c5ee612d56f|COE|NA|13,TRUE,3.55,NA,10800.45,NA,NA,https://allianceforcoffeeexcellence.org/honduras-2005/
e4999c5ee612d56f,Honduras,2005,COE,14,e4999c5ee612d56f|COE|NA|14,TRUE,2,NA,6084.76,NA,NA,https://allianceforcoffeeexcellence.org/honduras-2005/
e4999c5ee612d56f,Honduras,2005,COE,15,e4999c5ee612d56f|COE|NA|15,TRUE,1.5,NA,6617.17,NA,NA,https://allianceforcoffeeexcellence.org/honduras-2005/
e4999c5ee612d56f,Honduras,2005,COE,16,e4999c5ee612d56f|COE|NA|16,TRUE,1.6,NA,4867.81,NA,NA,https://allianceforcoffeeexcellence.org/honduras-2005/
e4999c5ee612d56f,Honduras,2005,COE,17,e4999c5ee612d56f|COE|NA|17,TRUE,1.9,NA,4335.39,NA,NA,https://allianceforcoffeeexcellence.org/honduras-2005/
e4999c5ee612d56f,Honduras,2005,COE,18,e4999c5ee612d56f|COE|NA|18,TRUE,1.55,NA,5423.04,NA,NA,https://allianceforcoffeeexcellence.org/honduras-2005/
e4999c5ee612d56f,Honduras,2005,COE,19,e4999c5ee612d56f|COE|NA|19,TRUE,2,NA,5780.52,NA,NA,https://allianceforcoffeeexcellence.org/honduras-2005/
e4999c5ee612d56f,Honduras,2005,COE,20,e4999c5ee612d56f|COE|NA|20,TRUE,1.5,NA,5248.1,NA,NA,https://allianceforcoffeeexcellence.org/honduras-2005/
e4999c5ee612d56f,Honduras,2005,COE,21,e4999c5ee612d56f|COE|NA|21,TRUE,1.55,NA,7545.1,NA,NA,https://allianceforcoffeeexcellence.org/honduras-2005/
e4999c5ee612d56f,Honduras,2005,COE,22,e4999c5ee612d56f|COE|NA|22,TRUE,1.6,NA,4137.64,NA,NA,https://allianceforcoffeeexcellence.org/honduras-2005/
e4999c5ee612d56f,Honduras,2005,COE,23,e4999c5ee612d56f|COE|NA|23,TRUE,1.5,NA,5476.28,NA,NA,https://allianceforcoffeeexcellence.org/honduras-2005/
e4999c5ee612d56f,Honduras,2005,COE,24,e4999c5ee612d56f|COE|NA|24,TRUE,1.7,NA,5172.04,NA,NA,https://allianceforcoffeeexcellence.org/honduras-2005/
e4999c5ee612d56f,Honduras,2005,COE,25,e4999c5ee612d56f|COE|NA|25,TRUE,1.5,NA,7073.53,NA,NA,https://allianceforcoffeeexcellence.org/honduras-2005/
e4999c5ee612d56f,Honduras,2005,COE,26,e4999c5ee612d56f|COE|NA|26,TRUE,1.6,NA,4624.42,NA,NA,https://allianceforcoffeeexcellence.org/honduras-2005/
e4999c5ee612d56f,Honduras,2005,COE,27,e4999c5ee612d56f|COE|NA|27,TRUE,1.5,NA,5248.1,NA,NA,https://allianceforcoffeeexcellence.org/honduras-2005/
e4999c5ee612d56f,Honduras,2005,COE,28,e4999c5ee612d56f|COE|NA|28,TRUE,1.5,NA,5019.93,NA,NA,https://allianceforcoffeeexcellence.org/honduras-2005/
e4999c5ee612d56f,Honduras,2005,COE,29,e4999c5ee612d56f|COE|NA|29,TRUE,1.5,NA,5932.64,NA,NA,https://allianceforcoffeeexcellence.org/honduras-2005/
e4999c5ee612d56f,Honduras,2005,COE,30,e4999c5ee612d56f|COE|NA|30,TRUE,1.65,NA,6274.91,NA,NA,https://allianceforcoffeeexcellence.org/honduras-2005/
e4999c5ee612d56f,Honduras,2005,COE,31,e4999c5ee612d56f|COE|NA|31,TRUE,1.5,NA,9583.49,NA,NA,https://allianceforcoffeeexcellence.org/honduras-2005/
e4999c5ee612d56f,Honduras,2005,COE,32,e4999c5ee612d56f|COE|NA|32,TRUE,1.5,NA,10496.21,NA,NA,https://allianceforcoffeeexcellence.org/honduras-2005/
e4999c5ee612d56f,Honduras,2005,COE,33,e4999c5ee612d56f|COE|NA|33,TRUE,1.55,NA,4244.12,NA,NA,https://allianceforcoffeeexcellence.org/honduras-2005/
e4999c5ee612d56f,Honduras,2005,COE,34,e4999c5ee612d56f|COE|NA|34,TRUE,1.5,NA,4563.57,NA,NA,https://allianceforcoffeeexcellence.org/honduras-2005/
e4999c5ee612d56f,Honduras,2005,COE,35,e4999c5ee612d56f|COE|NA|35,TRUE,1.5,NA,4563.57,NA,NA,https://allianceforcoffeeexcellence.org/honduras-2005/
e4999c5ee612d56f,Honduras,2005,COE,36,e4999c5ee612d56f|COE|NA|36,TRUE,1.5,NA,4335.39,NA,NA,https://allianceforcoffeeexcellence.org/honduras-2005/
e4999c5ee612d56f,Honduras,2005,COE,37,e4999c5ee612d56f|COE|NA|37,TRUE,1.7,NA,7499.46,NA,NA,https://allianceforcoffeeexcellence.org/honduras-2005/
e4999c5ee612d56f,Honduras,2005,COE,38,e4999c5ee612d56f|COE|NA|38,TRUE,1.5,NA,5248.1,NA,NA,https://allianceforcoffeeexcellence.org/honduras-2005/
e4999c5ee612d56f,Honduras,2005,COE,39,e4999c5ee612d56f|COE|NA|39,TRUE,1.5,NA,4107.21,NA,NA,https://allianceforcoffeeexcellence.org/honduras-2005/
e4999c5ee612d56f,Honduras,2005,COE,40,e4999c5ee612d56f|COE|NA|40,TRUE,1.6,NA,5841.37,NA,NA,https://allianceforcoffeeexcellence.org/honduras-2005/
e4999c5ee612d56f,Honduras,2005,COE,41,e4999c5ee612d56f|COE|NA|41,TRUE,1.5,NA,5704.46,NA,NA,https://allianceforcoffeeexcellence.org/honduras-2005/
7b8b2a60ec93c4dc,Honduras,2006,COE,1,7b8b2a60ec93c4dc|COE|NA|1,TRUE,6.7,NA,26499.12,NA,NA,https://allianceforcoffeeexcellence.org/honduras-2006/
7b8b2a60ec93c4dc,Honduras,2006,COE,2,7b8b2a60ec93c4dc|COE|NA|2,TRUE,4.2,NA,12777.99,NA,NA,https://allianceforcoffeeexcellence.org/honduras-2006/
7b8b2a60ec93c4dc,Honduras,2006,COE,3,7b8b2a60ec93c4dc|COE|NA|3,TRUE,6.2,NA,15090.2,NA,NA,https://allianceforcoffeeexcellence.org/honduras-2006/
7b8b2a60ec93c4dc,Honduras,2006,COE,4,7b8b2a60ec93c4dc|COE|NA|4,TRUE,7,NA,17037.32,NA,NA,https://allianceforcoffeeexcellence.org/honduras-2006/
7b8b2a60ec93c4dc,Honduras,2006,COE,5,7b8b2a60ec93c4dc|COE|NA|5,TRUE,5.75,NA,13994.94,NA,NA,https://allianceforcoffeeexcellence.org/honduras-2006/
7b8b2a60ec93c4dc,Honduras,2006,COE,6,7b8b2a60ec93c4dc|COE|NA|6,TRUE,4.15,NA,15782.34,NA,NA,https://allianceforcoffeeexcellence.org/honduras-2006/
7b8b2a60ec93c4dc,Honduras,2006,COE,7,7b8b2a60ec93c4dc|COE|NA|7,TRUE,4.05,NA,16634.21,NA,NA,https://allianceforcoffeeexcellence.org/honduras-2006/
7b8b2a60ec93c4dc,Honduras,2006,COE,8,7b8b2a60ec93c4dc|COE|NA|8,TRUE,7.95,NA,19349.53,NA,NA,https://allianceforcoffeeexcellence.org/honduras-2006/
7b8b2a60ec93c4dc,Honduras,2006,COE,9,7b8b2a60ec93c4dc|COE|NA|9,TRUE,3.25,NA,11865.28,NA,NA,https://allianceforcoffeeexcellence.org/honduras-2006/
7b8b2a60ec93c4dc,Honduras,2006,COE,10,7b8b2a60ec93c4dc|COE|NA|10,TRUE,2.3,NA,9096.71,NA,NA,https://allianceforcoffeeexcellence.org/honduras-2006/
7b8b2a60ec93c4dc,Honduras,2006,COE,11,7b8b2a60ec93c4dc|COE|NA|11,TRUE,6,NA,15516.13,NA,NA,https://allianceforcoffeeexcellence.org/honduras-2006/
7b8b2a60ec93c4dc,Honduras,2006,COE,12,7b8b2a60ec93c4dc|COE|NA|12,TRUE,5.7,NA,10404.94,NA,NA,https://allianceforcoffeeexcellence.org/honduras-2006/
7b8b2a60ec93c4dc,Honduras,2006,COE,13,7b8b2a60ec93c4dc|COE|NA|13,TRUE,2.96,NA,12157.35,NA,NA,https://allianceforcoffeeexcellence.org/honduras-2006/
7b8b2a60ec93c4dc,Honduras,2006,COE,14,7b8b2a60ec93c4dc|COE|NA|14,TRUE,3.55,NA,6480.27,NA,NA,https://allianceforcoffeeexcellence.org/honduras-2006/
7b8b2a60ec93c4dc,Honduras,2006,COE,15,7b8b2a60ec93c4dc|COE|NA|15,TRUE,3.15,NA,12937.72,NA,NA,https://allianceforcoffeeexcellence.org/honduras-2006/
7b8b2a60ec93c4dc,Honduras,2006,COE,16,7b8b2a60ec93c4dc|COE|NA|16,TRUE,3.2,NA,7788.49,NA,NA,https://allianceforcoffeeexcellence.org/honduras-2006/
7b8b2a60ec93c4dc,Honduras,2006,COE,17,7b8b2a60ec93c4dc|COE|NA|17,TRUE,1.85,NA,6472.66,NA,NA,https://allianceforcoffeeexcellence.org/honduras-2006/
7b8b2a60ec93c4dc,Honduras,2006,COE,18,7b8b2a60ec93c4dc|COE|NA|18,TRUE,2.01,NA,8561.26,NA,NA,https://allianceforcoffeeexcellence.org/honduras-2006/
7b8b2a60ec93c4dc,Honduras,2006,COE,19,7b8b2a60ec93c4dc|COE|NA|19,TRUE,1.81,NA,5782.04,NA,NA,https://allianceforcoffeeexcellence.org/honduras-2006/
7b8b2a60ec93c4dc,Honduras,2006,COE,20,7b8b2a60ec93c4dc|COE|NA|20,TRUE,2.07,NA,5353.07,NA,NA,https://allianceforcoffeeexcellence.org/honduras-2006/
7b8b2a60ec93c4dc,Honduras,2006,COE,21,7b8b2a60ec93c4dc|COE|NA|21,TRUE,2.15,NA,6868.17,NA,NA,https://allianceforcoffeeexcellence.org/honduras-2006/
7b8b2a60ec93c4dc,Honduras,2006,COE,22,7b8b2a60ec93c4dc|COE|NA|22,TRUE,2.65,NA,6046.73,NA,NA,https://allianceforcoffeeexcellence.org/honduras-2006/
7b8b2a60ec93c4dc,Honduras,2006,COE,23,7b8b2a60ec93c4dc|COE|NA|23,TRUE,2.7,NA,6160.82,NA,NA,https://allianceforcoffeeexcellence.org/honduras-2006/
7b8b2a60ec93c4dc,Honduras,2006,COE,24,7b8b2a60ec93c4dc|COE|NA|24,TRUE,1.9,NA,4335.39,NA,NA,https://allianceforcoffeeexcellence.org/honduras-2006/
7b8b2a60ec93c4dc,Honduras,2006,COE,25,7b8b2a60ec93c4dc|COE|NA|25,TRUE,3.35,NA,9172.77,NA,NA,https://allianceforcoffeeexcellence.org/honduras-2006/
7b8b2a60ec93c4dc,Honduras,2006,COE,26,7b8b2a60ec93c4dc|COE|NA|26,TRUE,2.15,NA,5559.95,NA,NA,https://allianceforcoffeeexcellence.org/honduras-2006/
7b8b2a60ec93c4dc,Honduras,2006,COE,27,7b8b2a60ec93c4dc|COE|NA|27,TRUE,1.55,NA,3536.77,NA,NA,https://allianceforcoffeeexcellence.org/honduras-2006/
7b8b2a60ec93c4dc,Honduras,2006,COE,28,7b8b2a60ec93c4dc|COE|NA|28,TRUE,1.75,NA,3993.12,NA,NA,https://allianceforcoffeeexcellence.org/honduras-2006/
7b8b2a60ec93c4dc,Honduras,2006,COE,29,7b8b2a60ec93c4dc|COE|NA|29,TRUE,1.75,NA,4791.75,NA,NA,https://allianceforcoffeeexcellence.org/honduras-2006/
7b8b2a60ec93c4dc,Honduras,2006,COE,30,7b8b2a60ec93c4dc|COE|NA|30,TRUE,1.8,NA,3833.4,NA,NA,https://allianceforcoffeeexcellence.org/honduras-2006/
7b8b2a60ec93c4dc,Honduras,2006,COE,31,7b8b2a60ec93c4dc|COE|NA|31,TRUE,2.55,NA,5818.55,NA,NA,https://allianceforcoffeeexcellence.org/honduras-2006/
7b8b2a60ec93c4dc,Honduras,2006,COE,32,7b8b2a60ec93c4dc|COE|NA|32,TRUE,1.6,NA,3650.86,NA,NA,https://allianceforcoffeeexcellence.org/honduras-2006/
7b8b2a60ec93c4dc,Honduras,2006,COE,33,7b8b2a60ec93c4dc|COE|NA|33,TRUE,1.6,NA,6571.54,NA,NA,https://allianceforcoffeeexcellence.org/honduras-2006/
b26066e3491384bc,Honduras,2007,COE,1,b26066e3491384bc|COE|NA|1,TRUE,18.7,NA,34135.49,NA,NA,https://allianceforcoffeeexcellence.org/honduras-2007/
b26066e3491384bc,Honduras,2007,COE,2,b26066e3491384bc|COE|NA|2,TRUE,8.7,NA,17204.65,NA,NA,https://allianceforcoffeeexcellence.org/honduras-2007/
b26066e3491384bc,Honduras,2007,COE,3,b26066e3491384bc|COE|NA|3,TRUE,7.05,NA,20376.33,NA,NA,https://allianceforcoffeeexcellence.org/honduras-2007/
b26066e3491384bc,Honduras,2007,COE,4,b26066e3491384bc|COE|NA|4,TRUE,6.3,NA,17250.29,NA,NA,https://allianceforcoffeeexcellence.org/honduras-2007/
b26066e3491384bc,Honduras,2007,COE,5,b26066e3491384bc|COE|NA|5,TRUE,8.1,NA,17250.29,NA,NA,https://allianceforcoffeeexcellence.org/honduras-2007/
b26066e3491384bc,Honduras,2007,COE,6,b26066e3491384bc|COE|NA|6,TRUE,5.55,NA,15196.68,NA,NA,https://allianceforcoffeeexcellence.org/honduras-2007/
b26066e3491384bc,Honduras,2007,COE,7,b26066e3491384bc|COE|NA|7,TRUE,8.01,NA,19495.57,NA,NA,https://allianceforcoffeeexcellence.org/honduras-2007/
b26066e3491384bc,Honduras,2007,COE,8,b26066e3491384bc|COE|NA|8,TRUE,4.05,NA,14785.96,NA,NA,https://allianceforcoffeeexcellence.org/honduras-2007/
b26066e3491384bc,Honduras,2007,COE,9,b26066e3491384bc|COE|NA|9,TRUE,5.31,NA,16155.03,NA,NA,https://allianceforcoffeeexcellence.org/honduras-2007/
b26066e3491384bc,Honduras,2007,COE,10,b26066e3491384bc|COE|NA|10,TRUE,5.06,NA,16164.16,NA,NA,https://allianceforcoffeeexcellence.org/honduras-2007/
b26066e3491384bc,Honduras,2007,COE,11,b26066e3491384bc|COE|NA|11,TRUE,4.1,NA,14968.51,NA,NA,https://allianceforcoffeeexcellence.org/honduras-2007/
b26066e3491384bc,Honduras,2007,COE,12,b26066e3491384bc|COE|NA|12,TRUE,3.75,NA,11979.37,NA,NA,https://allianceforcoffeeexcellence.org/honduras-2007/
b26066e3491384bc,Honduras,2007,COE,13,b26066e3491384bc|COE|NA|13,TRUE,4.03,NA,12873.83,NA,NA,https://allianceforcoffeeexcellence.org/honduras-2007/
b26066e3491384bc,Honduras,2007,COE,14,b26066e3491384bc|COE|NA|14,TRUE,5.2,NA,11865.28,NA,NA,https://allianceforcoffeeexcellence.org/honduras-2007/
b26066e3491384bc,Honduras,2007,COE,15,b26066e3491384bc|COE|NA|15,TRUE,4.15,NA,10731.99,NA,NA,https://allianceforcoffeeexcellence.org/honduras-2007/
b26066e3491384bc,Honduras,2007,COE,16,b26066e3491384bc|COE|NA|16,TRUE,4.3,NA,10465.78,NA,NA,https://allianceforcoffeeexcellence.org/honduras-2007/
b26066e3491384bc,Honduras,2007,COE,17,b26066e3491384bc|COE|NA|17,TRUE,4.05,NA,11705.55,NA,NA,https://allianceforcoffeeexcellence.org/honduras-2007/
b26066e3491384bc,Honduras,2007,COE,18,b26066e3491384bc|COE|NA|18,TRUE,4.06,NA,11734.46,NA,NA,https://allianceforcoffeeexcellence.org/honduras-2007/
b26066e3491384bc,Honduras,2007,COE,19,b26066e3491384bc|COE|NA|19,TRUE,3.15,NA,10062.67,NA,NA,https://allianceforcoffeeexcellence.org/honduras-2007/
b26066e3491384bc,Honduras,2007,COE,20,b26066e3491384bc|COE|NA|20,TRUE,4.55,NA,11074.26,NA,NA,https://allianceforcoffeeexcellence.org/honduras-2007/
b26066e3491384bc,Honduras,2007,COE,21,b26066e3491384bc|COE|NA|21,TRUE,3.55,NA,10260.42,NA,NA,https://allianceforcoffeeexcellence.org/honduras-2007/
b26066e3491384bc,Honduras,2007,COE,22,b26066e3491384bc|COE|NA|22,TRUE,3.3,NA,10541.84,NA,NA,https://allianceforcoffeeexcellence.org/honduras-2007/
b26066e3491384bc,Honduras,2007,COE,23,b26066e3491384bc|COE|NA|23,TRUE,4.3,NA,9811.67,NA,NA,https://allianceforcoffeeexcellence.org/honduras-2007/
b26066e3491384bc,Honduras,2007,COE,24,b26066e3491384bc|COE|NA|24,TRUE,4,NA,10952.57,NA,NA,https://allianceforcoffeeexcellence.org/honduras-2007/
85b770ec2ac11ac8,Honduras,2008,COE,1,85b770ec2ac11ac8|COE|NA|1,TRUE,16.65,NA,37991.71,NA,NA,https://allianceforcoffeeexcellence.org/honduras-2008/
85b770ec2ac11ac8,Honduras,2008,COE,2,85b770ec2ac11ac8|COE|NA|2,TRUE,15.35,NA,30355.34,NA,NA,https://allianceforcoffeeexcellence.org/honduras-2008/
85b770ec2ac11ac8,Honduras,2008,COE,3,85b770ec2ac11ac8|COE|NA|3,TRUE,12.4,NA,35839.23,NA,NA,https://allianceforcoffeeexcellence.org/honduras-2008/
85b770ec2ac11ac8,Honduras,2008,COE,4,85b770ec2ac11ac8|COE|NA|4,TRUE,14,NA,27685.65,NA,NA,https://allianceforcoffeeexcellence.org/honduras-2008/
85b770ec2ac11ac8,Honduras,2008,COE,5,85b770ec2ac11ac8|COE|NA|5,TRUE,10.1,NA,23046.02,NA,NA,https://allianceforcoffeeexcellence.org/honduras-2008/
85b770ec2ac11ac8,Honduras,2008,COE,6,85b770ec2ac11ac8|COE|NA|6,TRUE,7.15,NA,16314.76,NA,NA,https://allianceforcoffeeexcellence.org/honduras-2008/
85b770ec2ac11ac8,Honduras,2008,COE,7,85b770ec2ac11ac8|COE|NA|7,TRUE,13.26,NA,30256.46,NA,NA,https://allianceforcoffeeexcellence.org/honduras-2008/
85b770ec2ac11ac8,Honduras,2008,COE,8,85b770ec2ac11ac8|COE|NA|8,TRUE,5.55,NA,18573.73,NA,NA,https://allianceforcoffeeexcellence.org/honduras-2008/
85b770ec2ac11ac8,Honduras,2008,COE,9,85b770ec2ac11ac8|COE|NA|9,TRUE,6.4,NA,10709.17,NA,NA,https://allianceforcoffeeexcellence.org/honduras-2008/
85b770ec2ac11ac8,Honduras,2008,COE,10,85b770ec2ac11ac8|COE|NA|10,TRUE,8,NA,12169.52,NA,NA,https://allianceforcoffeeexcellence.org/honduras-2008/
85b770ec2ac11ac8,Honduras,2008,COE,11,85b770ec2ac11ac8|COE|NA|11,TRUE,5.55,NA,13508.16,NA,NA,https://allianceforcoffeeexcellence.org/honduras-2008/
85b770ec2ac11ac8,Honduras,2008,COE,12,85b770ec2ac11ac8|COE|NA|12,TRUE,8.7,NA,19851.52,NA,NA,https://allianceforcoffeeexcellence.org/honduras-2008/
85b770ec2ac11ac8,Honduras,2008,COE,13,85b770ec2ac11ac8|COE|NA|13,TRUE,6.6,NA,10039.85,NA,NA,https://allianceforcoffeeexcellence.org/honduras-2008/
85b770ec2ac11ac8,Honduras,2008,COE,14,85b770ec2ac11ac8|COE|NA|14,TRUE,5.55,NA,13508.16,NA,NA,https://allianceforcoffeeexcellence.org/honduras-2008/
85b770ec2ac11ac8,Honduras,2008,COE,15,85b770ec2ac11ac8|COE|NA|15,TRUE,4.85,NA,11804.43,NA,NA,https://allianceforcoffeeexcellence.org/honduras-2008/
85b770ec2ac11ac8,Honduras,2008,COE,16,85b770ec2ac11ac8|COE|NA|16,TRUE,5,NA,12930.11,NA,NA,https://allianceforcoffeeexcellence.org/honduras-2008/
85b770ec2ac11ac8,Honduras,2008,COE,17,85b770ec2ac11ac8|COE|NA|17,TRUE,4,NA,11561.04,NA,NA,https://allianceforcoffeeexcellence.org/honduras-2008/
85b770ec2ac11ac8,Honduras,2008,COE,18,85b770ec2ac11ac8|COE|NA|18,TRUE,6.25,NA,17113.38,NA,NA,https://allianceforcoffeeexcellence.org/honduras-2008/
85b770ec2ac11ac8,Honduras,2008,COE,19,85b770ec2ac11ac8|COE|NA|19,TRUE,3.05,NA,8351.33,NA,NA,https://allianceforcoffeeexcellence.org/honduras-2008/
85b770ec2ac11ac8,Honduras,2008,COE,20,85b770ec2ac11ac8|COE|NA|20,TRUE,4.85,NA,11066.65,NA,NA,https://allianceforcoffeeexcellence.org/honduras-2008/
85b770ec2ac11ac8,Honduras,2008,COE,21,85b770ec2ac11ac8|COE|NA|21,TRUE,3.56,NA,10289.33,NA,NA,https://allianceforcoffeeexcellence.org/honduras-2008/
85b770ec2ac11ac8,Honduras,2008,COE,22,85b770ec2ac11ac8|COE|NA|22,TRUE,4.95,NA,10541.84,NA,NA,https://allianceforcoffeeexcellence.org/honduras-2008/
85b770ec2ac11ac8,Honduras,2008,COE,23,85b770ec2ac11ac8|COE|NA|23,TRUE,3.6,NA,8762.05,NA,NA,https://allianceforcoffeeexcellence.org/honduras-2008/
85b770ec2ac11ac8,Honduras,2008,COE,24,85b770ec2ac11ac8|COE|NA|24,TRUE,4.85,NA,8853.32,NA,NA,https://allianceforcoffeeexcellence.org/honduras-2008/
85b770ec2ac11ac8,Honduras,2008,COE,25,85b770ec2ac11ac8|COE|NA|25,TRUE,3.61,NA,11532.14,NA,NA,https://allianceforcoffeeexcellence.org/honduras-2008/
85b770ec2ac11ac8,Honduras,2008,COE,26,85b770ec2ac11ac8|COE|NA|26,TRUE,5.05,NA,9986.61,NA,NA,https://allianceforcoffeeexcellence.org/honduras-2008/
aaed34d3b88aef8b,Honduras,2009,COE,1,aaed34d3b88aef8b|COE|NA|1,TRUE,18.75,NA,35643.75,NA,NA,https://allianceforcoffeeexcellence.org/honduras-2009/
aaed34d3b88aef8b,Honduras,2009,COE,2,aaed34d3b88aef8b|COE|NA|2,TRUE,13.6,NA,26900.8,NA,NA,https://allianceforcoffeeexcellence.org/honduras-2009/
aaed34d3b88aef8b,Honduras,2009,COE,3,aaed34d3b88aef8b|COE|NA|3,TRUE,8.6,NA,19625.2,NA,NA,https://allianceforcoffeeexcellence.org/honduras-2009/
aaed34d3b88aef8b,Honduras,2009,COE,4,aaed34d3b88aef8b|COE|NA|4,TRUE,7,NA,15974,NA,NA,https://allianceforcoffeeexcellence.org/honduras-2009/
aaed34d3b88aef8b,Honduras,2009,COE,5,aaed34d3b88aef8b|COE|NA|5,TRUE,12.05,NA,23834.9,NA,NA,https://allianceforcoffeeexcellence.org/honduras-2009/
aaed34d3b88aef8b,Honduras,2009,COE,6,aaed34d3b88aef8b|COE|NA|6,TRUE,6.05,NA,16564.9,NA,NA,https://allianceforcoffeeexcellence.org/honduras-2009/
aaed34d3b88aef8b,Honduras,2009,COE,7,aaed34d3b88aef8b|COE|NA|7,TRUE,6.76,NA,17995.12,NA,NA,https://allianceforcoffeeexcellence.org/honduras-2009/
aaed34d3b88aef8b,Honduras,2009,COE,8,aaed34d3b88aef8b|COE|NA|8,TRUE,6.7,NA,15289.4,NA,NA,https://allianceforcoffeeexcellence.org/honduras-2009/
aaed34d3b88aef8b,Honduras,2009,COE,9,aaed34d3b88aef8b|COE|NA|9,TRUE,7.31,NA,20570.34,NA,NA,https://allianceforcoffeeexcellence.org/honduras-2009/
aaed34d3b88aef8b,Honduras,2009,COE,10,aaed34d3b88aef8b|COE|NA|10,TRUE,4.45,NA,14894.15,NA,NA,https://allianceforcoffeeexcellence.org/honduras-2009/
aaed34d3b88aef8b,Honduras,2009,COE,11,aaed34d3b88aef8b|COE|NA|11,TRUE,3.55,NA,10799.1,NA,NA,https://allianceforcoffeeexcellence.org/honduras-2009/
aaed34d3b88aef8b,Honduras,2009,COE,12,aaed34d3b88aef8b|COE|NA|12,TRUE,4.5,NA,5818.5,NA,NA,https://allianceforcoffeeexcellence.org/honduras-2009/
aaed34d3b88aef8b,Honduras,2009,COE,13,aaed34d3b88aef8b|COE|NA|13,TRUE,5,NA,6465,NA,NA,https://allianceforcoffeeexcellence.org/honduras-2009/
aaed34d3b88aef8b,Honduras,2009,COE,14,aaed34d3b88aef8b|COE|NA|14,TRUE,7.36,NA,16795.52,NA,NA,https://allianceforcoffeeexcellence.org/honduras-2009/
aaed34d3b88aef8b,Honduras,2009,COE,15,aaed34d3b88aef8b|COE|NA|15,TRUE,2.6,NA,9097.4,NA,NA,https://allianceforcoffeeexcellence.org/honduras-2009/
aaed34d3b88aef8b,Honduras,2009,COE,16,aaed34d3b88aef8b|COE|NA|16,TRUE,4.1,NA,14969.1,NA,NA,https://allianceforcoffeeexcellence.org/honduras-2009/
aaed34d3b88aef8b,Honduras,2009,COE,17,aaed34d3b88aef8b|COE|NA|17,TRUE,4.4,NA,6692.4,NA,NA,https://allianceforcoffeeexcellence.org/honduras-2009/
aaed34d3b88aef8b,Honduras,2009,COE,18,aaed34d3b88aef8b|COE|NA|18,TRUE,3.7,NA,11255.4,NA,NA,https://allianceforcoffeeexcellence.org/honduras-2009/
aaed34d3b88aef8b,Honduras,2009,COE,20,aaed34d3b88aef8b|COE|NA|20,TRUE,2.85,NA,6720.3,NA,NA,https://allianceforcoffeeexcellence.org/honduras-2009/
aaed34d3b88aef8b,Honduras,2009,COE,21,aaed34d3b88aef8b|COE|NA|21,TRUE,3.3,NA,6527.4,NA,NA,https://allianceforcoffeeexcellence.org/honduras-2009/
aaed34d3b88aef8b,Honduras,2009,COE,22,aaed34d3b88aef8b|COE|NA|22,TRUE,3.5,NA,9583,NA,NA,https://allianceforcoffeeexcellence.org/honduras-2009/
aaed34d3b88aef8b,Honduras,2009,COE,23,aaed34d3b88aef8b|COE|NA|23,TRUE,2.7,NA,6571.8,NA,NA,https://allianceforcoffeeexcellence.org/honduras-2009/
aaed34d3b88aef8b,Honduras,2009,COE,24,aaed34d3b88aef8b|COE|NA|24,TRUE,2.7,NA,7803,NA,NA,https://allianceforcoffeeexcellence.org/honduras-2009/
aaed34d3b88aef8b,Honduras,2009,COE,25,aaed34d3b88aef8b|COE|NA|25,TRUE,3.65,NA,5551.65,NA,NA,https://allianceforcoffeeexcellence.org/honduras-2009/
aaed34d3b88aef8b,Honduras,2009,COE,26,aaed34d3b88aef8b|COE|NA|26,TRUE,2.7,NA,9447.3,NA,NA,https://allianceforcoffeeexcellence.org/honduras-2009/
aaed34d3b88aef8b,Honduras,2009,COE,27,aaed34d3b88aef8b|COE|NA|27,TRUE,4.05,NA,17248.95,NA,NA,https://allianceforcoffeeexcellence.org/honduras-2009/
aaed34d3b88aef8b,Honduras,2009,COE,28,aaed34d3b88aef8b|COE|NA|28,TRUE,3.55,NA,8101.1,NA,NA,https://allianceforcoffeeexcellence.org/honduras-2009/
aaed34d3b88aef8b,Honduras,2009,COE,29,aaed34d3b88aef8b|COE|NA|29,TRUE,3.05,NA,8814.5,NA,NA,https://allianceforcoffeeexcellence.org/honduras-2009/
aaed34d3b88aef8b,Honduras,2009,COE,30,aaed34d3b88aef8b|COE|NA|30,TRUE,2.7,NA,5956.2,NA,NA,https://allianceforcoffeeexcellence.org/honduras-2009/
aaed34d3b88aef8b,Honduras,2009,COE,31,aaed34d3b88aef8b|COE|NA|31,TRUE,3.5,NA,6923,NA,NA,https://allianceforcoffeeexcellence.org/honduras-2009/
aaed34d3b88aef8b,Honduras,2009,COE,32,aaed34d3b88aef8b|COE|NA|32,TRUE,2.65,NA,6047.3,NA,NA,https://allianceforcoffeeexcellence.org/honduras-2009/
aaed34d3b88aef8b,Honduras,2009,COE,33,aaed34d3b88aef8b|COE|NA|33,TRUE,2.5,NA,9317.5,NA,NA,https://allianceforcoffeeexcellence.org/honduras-2009/
aaed34d3b88aef8b,Honduras,2009,COE,34,aaed34d3b88aef8b|COE|NA|34,TRUE,2.6,NA,7118.8,NA,NA,https://allianceforcoffeeexcellence.org/honduras-2009/
aaed34d3b88aef8b,Honduras,2009,COE,35,aaed34d3b88aef8b|COE|NA|35,TRUE,2.75,NA,10458.25,NA,NA,https://allianceforcoffeeexcellence.org/honduras-2009/
aaed34d3b88aef8b,Honduras,2009,COE,36,aaed34d3b88aef8b|COE|NA|36,TRUE,4.6,NA,18892.2,NA,NA,https://allianceforcoffeeexcellence.org/honduras-2009/
aaed34d3b88aef8b,Honduras,2009,COE,38,aaed34d3b88aef8b|COE|NA|38,TRUE,2.65,NA,10682.15,NA,NA,https://allianceforcoffeeexcellence.org/honduras-2009/
aaed34d3b88aef8b,Honduras,2009,COE,39,aaed34d3b88aef8b|COE|NA|39,TRUE,2.55,NA,6981.9,NA,NA,https://allianceforcoffeeexcellence.org/honduras-2009/
597c46cc3f0e2bd1,Honduras,2010,COE,1,597c46cc3f0e2bd1|COE|NA|1,TRUE,22.05,NA,62577.9,NA,NA,https://allianceforcoffeeexcellence.org/honduras-2010/
597c46cc3f0e2bd1,Honduras,2010,COE,2,597c46cc3f0e2bd1|COE|NA|2,TRUE,9.6,NA,27244.8,NA,NA,https://allianceforcoffeeexcellence.org/honduras-2010/
597c46cc3f0e2bd1,Honduras,2010,COE,3,597c46cc3f0e2bd1|COE|NA|3,TRUE,13.5,NA,32967,NA,NA,https://allianceforcoffeeexcellence.org/honduras-2010/
597c46cc3f0e2bd1,Honduras,2010,COE,4,597c46cc3f0e2bd1|COE|NA|4,TRUE,10.25,NA,29766,NA,NA,https://allianceforcoffeeexcellence.org/honduras-2010/
597c46cc3f0e2bd1,Honduras,2010,COE,5,597c46cc3f0e2bd1|COE|NA|5,TRUE,10.16,NA,22128.48,NA,NA,https://allianceforcoffeeexcellence.org/honduras-2010/
597c46cc3f0e2bd1,Honduras,2010,COE,6,597c46cc3f0e2bd1|COE|NA|6,TRUE,8.05,NA,26033.7,NA,NA,https://allianceforcoffeeexcellence.org/honduras-2010/
597c46cc3f0e2bd1,Honduras,2010,COE,7,597c46cc3f0e2bd1|COE|NA|7,TRUE,10.1,NA,27997.2,NA,NA,https://allianceforcoffeeexcellence.org/honduras-2010/
597c46cc3f0e2bd1,Honduras,2010,COE,8,597c46cc3f0e2bd1|COE|NA|8,TRUE,8.05,NA,14876.4,NA,NA,https://allianceforcoffeeexcellence.org/honduras-2010/
597c46cc3f0e2bd1,Honduras,2010,COE,9,597c46cc3f0e2bd1|COE|NA|9,TRUE,7.15,NA,13213.2,NA,NA,https://allianceforcoffeeexcellence.org/honduras-2010/
597c46cc3f0e2bd1,Honduras,2010,COE,10,597c46cc3f0e2bd1|COE|NA|10,TRUE,7.7,NA,19819.8,NA,NA,https://allianceforcoffeeexcellence.org/honduras-2010/
597c46cc3f0e2bd1,Honduras,2010,COE,11,597c46cc3f0e2bd1|COE|NA|11,TRUE,7.1,NA,11715,NA,NA,https://allianceforcoffeeexcellence.org/honduras-2010/
597c46cc3f0e2bd1,Honduras,2010,COE,12,597c46cc3f0e2bd1|COE|NA|12,TRUE,6.65,NA,23261.7,NA,NA,https://allianceforcoffeeexcellence.org/honduras-2010/
597c46cc3f0e2bd1,Honduras,2010,COE,13,597c46cc3f0e2bd1|COE|NA|13,TRUE,7.85,NA,19687.8,NA,NA,https://allianceforcoffeeexcellence.org/honduras-2010/
597c46cc3f0e2bd1,Honduras,2010,COE,14,597c46cc3f0e2bd1|COE|NA|14,TRUE,7.05,NA,13493.7,NA,NA,https://allianceforcoffeeexcellence.org/honduras-2010/
597c46cc3f0e2bd1,Honduras,2010,COE,15,597c46cc3f0e2bd1|COE|NA|15,TRUE,7.05,NA,11632.5,NA,NA,https://allianceforcoffeeexcellence.org/honduras-2010/
597c46cc3f0e2bd1,Honduras,2010,COE,16,597c46cc3f0e2bd1|COE|NA|16,TRUE,6.45,NA,14473.8,NA,NA,https://allianceforcoffeeexcellence.org/honduras-2010/
597c46cc3f0e2bd1,Honduras,2010,COE,17,597c46cc3f0e2bd1|COE|NA|17,TRUE,6.9,NA,12751.2,NA,NA,https://allianceforcoffeeexcellence.org/honduras-2010/
597c46cc3f0e2bd1,Honduras,2010,COE,18,597c46cc3f0e2bd1|COE|NA|18,TRUE,8.1,NA,19245.6,NA,NA,https://allianceforcoffeeexcellence.org/honduras-2010/
597c46cc3f0e2bd1,Honduras,2010,COE,19,597c46cc3f0e2bd1|COE|NA|19,TRUE,6.7,NA,30069.6,NA,NA,https://allianceforcoffeeexcellence.org/honduras-2010/
597c46cc3f0e2bd1,Honduras,2010,COE,20,597c46cc3f0e2bd1|COE|NA|20,TRUE,7,NA,11550,NA,NA,https://allianceforcoffeeexcellence.org/honduras-2010/
597c46cc3f0e2bd1,Honduras,2010,COE,21,597c46cc3f0e2bd1|COE|NA|21,TRUE,6.56,NA,18617.28,NA,NA,https://allianceforcoffeeexcellence.org/honduras-2010/
597c46cc3f0e2bd1,Honduras,2010,COE,22,597c46cc3f0e2bd1|COE|NA|22,TRUE,7.05,NA,14889.6,NA,NA,https://allianceforcoffeeexcellence.org/honduras-2010/
597c46cc3f0e2bd1,Honduras,2010,COE,23,597c46cc3f0e2bd1|COE|NA|23,TRUE,6.55,NA,16427.4,NA,NA,https://allianceforcoffeeexcellence.org/honduras-2010/
597c46cc3f0e2bd1,Honduras,2010,COE,24,597c46cc3f0e2bd1|COE|NA|24,TRUE,6.58,NA,20411.16,NA,NA,https://allianceforcoffeeexcellence.org/honduras-2010/
597c46cc3f0e2bd1,Honduras,2010,COE,25,597c46cc3f0e2bd1|COE|NA|25,TRUE,6.56,NA,17725.12,NA,NA,https://allianceforcoffeeexcellence.org/honduras-2010/
8aabc8f0143025f3,Honduras,2011,COE,1,8aabc8f0143025f3|COE|NA|1,TRUE,21.7,NA,58720.2,NA,NA,https://allianceforcoffeeexcellence.org/honduras-2011/
8aabc8f0143025f3,Honduras,2011,COE,2,8aabc8f0143025f3|COE|NA|2,TRUE,11.9,NA,34557.6,NA,NA,https://allianceforcoffeeexcellence.org/honduras-2011/
8aabc8f0143025f3,Honduras,2011,COE,3,8aabc8f0143025f3|COE|NA|3,TRUE,6.8,NA,13464,NA,NA,https://allianceforcoffeeexcellence.org/honduras-2011/
8aabc8f0143025f3,Honduras,2011,COE,4,8aabc8f0143025f3|COE|NA|4,TRUE,10,NA,29040,NA,NA,https://allianceforcoffeeexcellence.org/honduras-2011/
8aabc8f0143025f3,Honduras,2011,COE,5,8aabc8f0143025f3|COE|NA|5,TRUE,7,NA,19866,NA,NA,https://allianceforcoffeeexcellence.org/honduras-2011/
8aabc8f0143025f3,Honduras,2011,COE,6,8aabc8f0143025f3|COE|NA|6,TRUE,5.1,NA,10771.2,NA,NA,https://allianceforcoffeeexcellence.org/honduras-2011/
8aabc8f0143025f3,Honduras,2011,COE,7,8aabc8f0143025f3|COE|NA|7,TRUE,7.1,NA,16869.6,NA,NA,https://allianceforcoffeeexcellence.org/honduras-2011/
8aabc8f0143025f3,Honduras,2011,COE,8,8aabc8f0143025f3|COE|NA|8,TRUE,6.7,NA,13708.2,NA,NA,https://allianceforcoffeeexcellence.org/honduras-2011/
8aabc8f0143025f3,Honduras,2011,COE,9,8aabc8f0143025f3|COE|NA|9,TRUE,4.7,NA,10236.6,NA,NA,https://allianceforcoffeeexcellence.org/honduras-2011/
8aabc8f0143025f3,Honduras,2011,COE,10,8aabc8f0143025f3|COE|NA|10,TRUE,4.7,NA,11787.6,NA,NA,https://allianceforcoffeeexcellence.org/honduras-2011/
8aabc8f0143025f3,Honduras,2011,COE,11,8aabc8f0143025f3|COE|NA|11,TRUE,4.7,NA,11167.2,NA,NA,https://allianceforcoffeeexcellence.org/honduras-2011/
8aabc8f0143025f3,Honduras,2011,COE,12,8aabc8f0143025f3|COE|NA|12,TRUE,5.15,NA,15295.5,NA,NA,https://allianceforcoffeeexcellence.org/honduras-2011/
8aabc8f0143025f3,Honduras,2011,COE,13,8aabc8f0143025f3|COE|NA|13,TRUE,6,NA,11484,NA,NA,https://allianceforcoffeeexcellence.org/honduras-2011/
8aabc8f0143025f3,Honduras,2011,COE,14,8aabc8f0143025f3|COE|NA|14,TRUE,6.95,NA,21558.9,NA,NA,https://allianceforcoffeeexcellence.org/honduras-2011/
8aabc8f0143025f3,Honduras,2011,COE,15,8aabc8f0143025f3|COE|NA|15,TRUE,5.1,NA,13800.6,NA,NA,https://allianceforcoffeeexcellence.org/honduras-2011/
8aabc8f0143025f3,Honduras,2011,COE,16,8aabc8f0143025f3|COE|NA|16,TRUE,4.5,NA,10395,NA,NA,https://allianceforcoffeeexcellence.org/honduras-2011/
8aabc8f0143025f3,Honduras,2011,COE,17,8aabc8f0143025f3|COE|NA|17,TRUE,4.6,NA,13662,NA,NA,https://allianceforcoffeeexcellence.org/honduras-2011/
8aabc8f0143025f3,Honduras,2011,COE,18,8aabc8f0143025f3|COE|NA|18,TRUE,5.2,NA,12698.4,NA,NA,https://allianceforcoffeeexcellence.org/honduras-2011/
8aabc8f0143025f3,Honduras,2011,COE,19,8aabc8f0143025f3|COE|NA|19,TRUE,4.2,NA,8593.2,NA,NA,https://allianceforcoffeeexcellence.org/honduras-2011/
8aabc8f0143025f3,Honduras,2011,COE,20,8aabc8f0143025f3|COE|NA|20,TRUE,4.3,NA,9365.4,NA,NA,https://allianceforcoffeeexcellence.org/honduras-2011/
8aabc8f0143025f3,Honduras,2011,COE,21,8aabc8f0143025f3|COE|NA|21,TRUE,4,NA,12144,NA,NA,https://allianceforcoffeeexcellence.org/honduras-2011/
8aabc8f0143025f3,Honduras,2011,COE,22,8aabc8f0143025f3|COE|NA|22,TRUE,4,NA,11880,NA,NA,https://allianceforcoffeeexcellence.org/honduras-2011/
8aabc8f0143025f3,Honduras,2011,COE,23,8aabc8f0143025f3|COE|NA|23,TRUE,4.2,NA,12474,NA,NA,https://allianceforcoffeeexcellence.org/honduras-2011/
8aabc8f0143025f3,Honduras,2011,COE,24,8aabc8f0143025f3|COE|NA|24,TRUE,4.2,NA,9147.6,NA,NA,https://allianceforcoffeeexcellence.org/honduras-2011/
8aabc8f0143025f3,Honduras,2011,COE,25,8aabc8f0143025f3|COE|NA|25,TRUE,4.2,NA,10256.4,NA,NA,https://allianceforcoffeeexcellence.org/honduras-2011/
8aabc8f0143025f3,Honduras,2011,COE,26,8aabc8f0143025f3|COE|NA|26,TRUE,4,NA,10032,NA,NA,https://allianceforcoffeeexcellence.org/honduras-2011/
8aabc8f0143025f3,Honduras,2011,COE,27,8aabc8f0143025f3|COE|NA|27,TRUE,4,NA,11616,NA,NA,https://allianceforcoffeeexcellence.org/honduras-2011/
8aabc8f0143025f3,Honduras,2011,COE,28,8aabc8f0143025f3|COE|NA|28,TRUE,4,NA,11352,NA,NA,https://allianceforcoffeeexcellence.org/honduras-2011/
8aabc8f0143025f3,Honduras,2011,COE,29,8aabc8f0143025f3|COE|NA|29,TRUE,4,NA,11616,NA,NA,https://allianceforcoffeeexcellence.org/honduras-2011/
8aabc8f0143025f3,Honduras,2011,COE,30,8aabc8f0143025f3|COE|NA|30,TRUE,4.6,NA,8197.2,NA,NA,https://allianceforcoffeeexcellence.org/honduras-2011/
8aabc8f0143025f3,Honduras,2011,COE,31,8aabc8f0143025f3|COE|NA|31,TRUE,4,NA,11616,NA,NA,https://allianceforcoffeeexcellence.org/honduras-2011/
8aabc8f0143025f3,Honduras,2011,COE,32,8aabc8f0143025f3|COE|NA|32,TRUE,4.1,NA,11906.4,NA,NA,https://allianceforcoffeeexcellence.org/honduras-2011/
8aabc8f0143025f3,Honduras,2011,COE,33,8aabc8f0143025f3|COE|NA|33,TRUE,4.9,NA,6468,NA,NA,https://allianceforcoffeeexcellence.org/honduras-2011/
3a9e10cfadb01ede,Honduras,2012,COE,1,3a9e10cfadb01ede|COE|NA|1,TRUE,16.5,NA,51183,NA,NA,https://allianceforcoffeeexcellence.org/honduras-2012/
3a9e10cfadb01ede,Honduras,2012,COE,2,3a9e10cfadb01ede|COE|NA|2,TRUE,8.17,NA,34510.08,NA,NA,https://allianceforcoffeeexcellence.org/honduras-2012/
3a9e10cfadb01ede,Honduras,2012,COE,3,3a9e10cfadb01ede|COE|NA|3,TRUE,16.4,NA,42213.6,NA,NA,https://allianceforcoffeeexcellence.org/honduras-2012/
3a9e10cfadb01ede,Honduras,2012,COE,4,3a9e10cfadb01ede|COE|NA|4,TRUE,8.3,NA,30129,NA,NA,https://allianceforcoffeeexcellence.org/honduras-2012/
3a9e10cfadb01ede,Honduras,2012,COE,5,3a9e10cfadb01ede|COE|NA|5,TRUE,10,NA,21120,NA,NA,https://allianceforcoffeeexcellence.org/honduras-2012/
3a9e10cfadb01ede,Honduras,2012,COE,6,3a9e10cfadb01ede|COE|NA|6,TRUE,7.9,NA,32326.8,NA,NA,https://allianceforcoffeeexcellence.org/honduras-2012/
3a9e10cfadb01ede,Honduras,2012,COE,7,3a9e10cfadb01ede|COE|NA|7,TRUE,8.6,NA,26109.6,NA,NA,https://allianceforcoffeeexcellence.org/honduras-2012/
3a9e10cfadb01ede,Honduras,2012,COE,8,3a9e10cfadb01ede|COE|NA|8,TRUE,8.05,NA,22845.9,NA,NA,https://allianceforcoffeeexcellence.org/honduras-2012/
3a9e10cfadb01ede,Honduras,2012,COE,9,3a9e10cfadb01ede|COE|NA|9,TRUE,15.1,NA,22921.8,NA,NA,https://allianceforcoffeeexcellence.org/honduras-2012/
3a9e10cfadb01ede,Honduras,2012,COE,10,3a9e10cfadb01ede|COE|NA|10,TRUE,7.61,NA,28126.56,NA,NA,https://allianceforcoffeeexcellence.org/honduras-2012/
3a9e10cfadb01ede,Honduras,2012,COE,11,3a9e10cfadb01ede|COE|NA|11,TRUE,7.6,NA,33607.2,NA,NA,https://allianceforcoffeeexcellence.org/honduras-2012/
3a9e10cfadb01ede,Honduras,2012,COE,12,3a9e10cfadb01ede|COE|NA|12,TRUE,7.7,NA,23377.2,NA,NA,https://allianceforcoffeeexcellence.org/honduras-2012/
3a9e10cfadb01ede,Honduras,2012,COE,13,3a9e10cfadb01ede|COE|NA|13,TRUE,7.5,NA,18810,NA,NA,https://allianceforcoffeeexcellence.org/honduras-2012/
3a9e10cfadb01ede,Honduras,2012,COE,14,3a9e10cfadb01ede|COE|NA|14,TRUE,7.8,NA,32432.4,NA,NA,https://allianceforcoffeeexcellence.org/honduras-2012/
3a9e10cfadb01ede,Honduras,2012,COE,15,3a9e10cfadb01ede|COE|NA|15,TRUE,8.3,NA,19173,NA,NA,https://allianceforcoffeeexcellence.org/honduras-2012/
3a9e10cfadb01ede,Honduras,2012,COE,16,3a9e10cfadb01ede|COE|NA|16,TRUE,7.51,NA,30235.26,NA,NA,https://allianceforcoffeeexcellence.org/honduras-2012/
3a9e10cfadb01ede,Honduras,2012,COE,17,3a9e10cfadb01ede|COE|NA|17,TRUE,8.4,NA,23839.2,NA,NA,https://allianceforcoffeeexcellence.org/honduras-2012/
3a9e10cfadb01ede,Honduras,2012,COE,18,3a9e10cfadb01ede|COE|NA|18,TRUE,9.1,NA,21621.6,NA,NA,https://allianceforcoffeeexcellence.org/honduras-2012/
3a9e10cfadb01ede,Honduras,2012,COE,19,3a9e10cfadb01ede|COE|NA|19,TRUE,8.1,NA,17641.8,NA,NA,https://allianceforcoffeeexcellence.org/honduras-2012/
3a9e10cfadb01ede,Honduras,2012,COE,20,3a9e10cfadb01ede|COE|NA|20,TRUE,7.8,NA,22136.4,NA,NA,https://allianceforcoffeeexcellence.org/honduras-2012/
f6b296b9e61cd542,Honduras,2013,COE,1,f6b296b9e61cd542|COE|NA|1,TRUE,25.2,NA,33264,NA,NA,https://allianceforcoffeeexcellence.org/honduras-2013/
f6b296b9e61cd542,Honduras,2013,COE,2,f6b296b9e61cd542|COE|NA|2,TRUE,22.5,NA,35640,NA,NA,https://allianceforcoffeeexcellence.org/honduras-2013/
f6b296b9e61cd542,Honduras,2013,COE,3,f6b296b9e61cd542|COE|NA|3,TRUE,15.5,NA,17391,NA,NA,https://allianceforcoffeeexcellence.org/honduras-2013/
f6b296b9e61cd542,Honduras,2013,COE,4,f6b296b9e61cd542|COE|NA|4,TRUE,17,NA,20196,NA,NA,https://allianceforcoffeeexcellence.org/honduras-2013/
f6b296b9e61cd542,Honduras,2013,COE,5,f6b296b9e61cd542|COE|NA|5,TRUE,14,NA,19404,NA,NA,https://allianceforcoffeeexcellence.org/honduras-2013/
f6b296b9e61cd542,Honduras,2013,COE,6,f6b296b9e61cd542|COE|NA|6,TRUE,10.4,NA,13041.6,NA,NA,https://allianceforcoffeeexcellence.org/honduras-2013/
f6b296b9e61cd542,Honduras,2013,COE,7,f6b296b9e61cd542|COE|NA|7,TRUE,10.4,NA,19219.2,NA,NA,https://allianceforcoffeeexcellence.org/honduras-2013/
f6b296b9e61cd542,Honduras,2013,COE,8,f6b296b9e61cd542|COE|NA|8,TRUE,11.2,NA,17001.6,NA,NA,https://allianceforcoffeeexcellence.org/honduras-2013/
f6b296b9e61cd542,Honduras,2013,COE,9,f6b296b9e61cd542|COE|NA|9,TRUE,11.2,NA,13305.6,NA,NA,https://allianceforcoffeeexcellence.org/honduras-2013/
f6b296b9e61cd542,Honduras,2013,COE,10,f6b296b9e61cd542|COE|NA|10,TRUE,8.2,NA,14071.2,NA,NA,https://allianceforcoffeeexcellence.org/honduras-2013/
f6b296b9e61cd542,Honduras,2013,COE,11,f6b296b9e61cd542|COE|NA|11,TRUE,10.1,NA,16665,NA,NA,https://allianceforcoffeeexcellence.org/honduras-2013/
f6b296b9e61cd542,Honduras,2013,COE,12,f6b296b9e61cd542|COE|NA|12,TRUE,7.3,NA,21199.2,NA,NA,https://allianceforcoffeeexcellence.org/honduras-2013/
f6b296b9e61cd542,Honduras,2013,COE,13,f6b296b9e61cd542|COE|NA|13,TRUE,8.21,NA,10837.2,NA,NA,https://allianceforcoffeeexcellence.org/honduras-2013/
f6b296b9e61cd542,Honduras,2013,COE,14,f6b296b9e61cd542|COE|NA|14,TRUE,7.2,NA,18532.8,NA,NA,https://allianceforcoffeeexcellence.org/honduras-2013/
f6b296b9e61cd542,Honduras,2013,COE,15,f6b296b9e61cd542|COE|NA|15,TRUE,11.1,NA,18315,NA,NA,https://allianceforcoffeeexcellence.org/honduras-2013/
f6b296b9e61cd542,Honduras,2013,COE,16,f6b296b9e61cd542|COE|NA|16,TRUE,10,NA,18480,NA,NA,https://allianceforcoffeeexcellence.org/honduras-2013/
f6b296b9e61cd542,Honduras,2013,COE,17,f6b296b9e61cd542|COE|NA|17,TRUE,6.6,NA,17859.6,NA,NA,https://allianceforcoffeeexcellence.org/honduras-2013/
f6b296b9e61cd542,Honduras,2013,COE,18,f6b296b9e61cd542|COE|NA|18,TRUE,6.7,NA,14150.4,NA,NA,https://allianceforcoffeeexcellence.org/honduras-2013/
f6b296b9e61cd542,Honduras,2013,COE,19,f6b296b9e61cd542|COE|NA|19,TRUE,10,NA,13200,NA,NA,https://allianceforcoffeeexcellence.org/honduras-2013/
f6b296b9e61cd542,Honduras,2013,COE,20,f6b296b9e61cd542|COE|NA|20,TRUE,6.11,NA,16936.92,NA,NA,https://allianceforcoffeeexcellence.org/honduras-2013/
f6b296b9e61cd542,Honduras,2013,COE,21,f6b296b9e61cd542|COE|NA|21,TRUE,8.1,NA,11761.2,NA,NA,https://allianceforcoffeeexcellence.org/honduras-2013/
f6b296b9e61cd542,Honduras,2013,COE,22,f6b296b9e61cd542|COE|NA|22,TRUE,6.01,NA,29352.84,NA,NA,https://allianceforcoffeeexcellence.org/honduras-2013/
54e133d3a0bc6ff3,Honduras,2014,COE,1,54e133d3a0bc6ff3|COE|NA|1,TRUE,35.1,NA,46332,NA,NA,https://allianceforcoffeeexcellence.org/honduras-2014/
54e133d3a0bc6ff3,Honduras,2014,COE,2,54e133d3a0bc6ff3|COE|NA|2,TRUE,15,NA,33660,NA,NA,https://allianceforcoffeeexcellence.org/honduras-2014/
54e133d3a0bc6ff3,Honduras,2014,COE,3,54e133d3a0bc6ff3|COE|NA|3,TRUE,20.1,NA,27858.6,NA,NA,https://allianceforcoffeeexcellence.org/honduras-2014/
54e133d3a0bc6ff3,Honduras,2014,COE,4,54e133d3a0bc6ff3|COE|NA|4,TRUE,20.4,NA,24235.2,NA,NA,https://allianceforcoffeeexcellence.org/honduras-2014/
54e133d3a0bc6ff3,Honduras,2014,COE,5,54e133d3a0bc6ff3|COE|NA|5,TRUE,15.2,NA,27086.4,NA,NA,https://allianceforcoffeeexcellence.org/honduras-2014/
54e133d3a0bc6ff3,Honduras,2014,COE,6,54e133d3a0bc6ff3|COE|NA|6,TRUE,10.7,NA,24010.8,NA,NA,https://allianceforcoffeeexcellence.org/honduras-2014/
54e133d3a0bc6ff3,Honduras,2014,COE,7,54e133d3a0bc6ff3|COE|NA|7,TRUE,11.9,NA,16493.4,NA,NA,https://allianceforcoffeeexcellence.org/honduras-2014/
54e133d3a0bc6ff3,Honduras,2014,COE,8A,54e133d3a0bc6ff3|COE|NA|8A,TRUE,10.7,NA,20479.8,NA,NA,https://allianceforcoffeeexcellence.org/honduras-2014/
54e133d3a0bc6ff3,Honduras,2014,COE,8B,54e133d3a0bc6ff3|COE|NA|8B,TRUE,9.5,NA,17556,NA,NA,https://allianceforcoffeeexcellence.org/honduras-2014/
54e133d3a0bc6ff3,Honduras,2014,COE,10,54e133d3a0bc6ff3|COE|NA|10,TRUE,9.3,NA,12276,NA,NA,https://allianceforcoffeeexcellence.org/honduras-2014/
54e133d3a0bc6ff3,Honduras,2014,COE,11,54e133d3a0bc6ff3|COE|NA|11,TRUE,10.3,NA,14275.8,NA,NA,https://allianceforcoffeeexcellence.org/honduras-2014/
54e133d3a0bc6ff3,Honduras,2014,COE,12,54e133d3a0bc6ff3|COE|NA|12,TRUE,9.1,NA,13813.8,NA,NA,https://allianceforcoffeeexcellence.org/honduras-2014/
54e133d3a0bc6ff3,Honduras,2014,COE,13,54e133d3a0bc6ff3|COE|NA|13,TRUE,9.1,NA,12012,NA,NA,https://allianceforcoffeeexcellence.org/honduras-2014/
54e133d3a0bc6ff3,Honduras,2014,COE,14,54e133d3a0bc6ff3|COE|NA|14,TRUE,9.35,NA,14193.3,NA,NA,https://allianceforcoffeeexcellence.org/honduras-2014/
54e133d3a0bc6ff3,Honduras,2014,COE,15,54e133d3a0bc6ff3|COE|NA|15,TRUE,9.2,NA,12144,NA,NA,https://allianceforcoffeeexcellence.org/honduras-2014/
54e133d3a0bc6ff3,Honduras,2014,COE,16,54e133d3a0bc6ff3|COE|NA|16,TRUE,9.4,NA,13648.8,NA,NA,https://allianceforcoffeeexcellence.org/honduras-2014/
54e133d3a0bc6ff3,Honduras,2014,COE,17,54e133d3a0bc6ff3|COE|NA|17,TRUE,9.16,NA,12695.76,NA,NA,https://allianceforcoffeeexcellence.org/honduras-2014/
54e133d3a0bc6ff3,Honduras,2014,COE,18,54e133d3a0bc6ff3|COE|NA|18,TRUE,8.6,NA,12487.2,NA,NA,https://allianceforcoffeeexcellence.org/honduras-2014/
54e133d3a0bc6ff3,Honduras,2014,COE,19,54e133d3a0bc6ff3|COE|NA|19,TRUE,7.8,NA,9266.4,NA,NA,https://allianceforcoffeeexcellence.org/honduras-2014/
54e133d3a0bc6ff3,Honduras,2014,COE,20,54e133d3a0bc6ff3|COE|NA|20,TRUE,7.5,NA,9405,NA,NA,https://allianceforcoffeeexcellence.org/honduras-2014/
54e133d3a0bc6ff3,Honduras,2014,COE,21,54e133d3a0bc6ff3|COE|NA|21,TRUE,7.3,NA,10117.8,NA,NA,https://allianceforcoffeeexcellence.org/honduras-2014/
54e133d3a0bc6ff3,Honduras,2014,COE,22,54e133d3a0bc6ff3|COE|NA|22,TRUE,9.4,NA,13028.4,NA,NA,https://allianceforcoffeeexcellence.org/honduras-2014/
54e133d3a0bc6ff3,Honduras,2014,COE,23,54e133d3a0bc6ff3|COE|NA|23,TRUE,7.2,NA,8553.6,NA,NA,https://allianceforcoffeeexcellence.org/honduras-2014/
8b291231c7145e12,Honduras,2015,COE,1,8b291231c7145e12|COE|NA|1,TRUE,23.3,NA,29218.2,NA,NA,https://allianceforcoffeeexcellence.org/honduras-2015/
8b291231c7145e12,Honduras,2015,COE,2,8b291231c7145e12|COE|NA|2,TRUE,23.1,NA,32016.6,NA,NA,https://allianceforcoffeeexcellence.org/honduras-2015/
8b291231c7145e12,Honduras,2015,COE,3,8b291231c7145e12|COE|NA|3,TRUE,23.1,NA,36590.4,NA,NA,https://allianceforcoffeeexcellence.org/honduras-2015/
8b291231c7145e12,Honduras,2015,COE,4,8b291231c7145e12|COE|NA|4,TRUE,10.6,NA,14691.6,NA,NA,https://allianceforcoffeeexcellence.org/honduras-2015/
8b291231c7145e12,Honduras,2015,COE,5,8b291231c7145e12|COE|NA|5,TRUE,6.2,NA,16777.2,NA,NA,https://allianceforcoffeeexcellence.org/honduras-2015/
8b291231c7145e12,Honduras,2015,COE,6,8b291231c7145e12|COE|NA|6,TRUE,7.8,NA,9266.4,NA,NA,https://allianceforcoffeeexcellence.org/honduras-2015/
8b291231c7145e12,Honduras,2015,COE,7,8b291231c7145e12|COE|NA|7,TRUE,11.1,NA,10989,NA,NA,https://allianceforcoffeeexcellence.org/honduras-2015/
8b291231c7145e12,Honduras,2015,COE,8,8b291231c7145e12|COE|NA|8,TRUE,8.6,NA,13054.8,NA,NA,https://allianceforcoffeeexcellence.org/honduras-2015/
8b291231c7145e12,Honduras,2015,COE,9,8b291231c7145e12|COE|NA|9,TRUE,6.3,NA,11226.6,NA,NA,https://allianceforcoffeeexcellence.org/honduras-2015/
8b291231c7145e12,Honduras,2015,COE,10,8b291231c7145e12|COE|NA|10,TRUE,5.1,NA,6732,NA,NA,https://allianceforcoffeeexcellence.org/honduras-2015/
8b291231c7145e12,Honduras,2015,COE,11,8b291231c7145e12|COE|NA|11,TRUE,5.4,NA,8197.2,NA,NA,https://allianceforcoffeeexcellence.org/honduras-2015/
8b291231c7145e12,Honduras,2015,COE,12,8b291231c7145e12|COE|NA|12,TRUE,5.1,NA,6732,NA,NA,https://allianceforcoffeeexcellence.org/honduras-2015/
8b291231c7145e12,Honduras,2015,COE,13A,8b291231c7145e12|COE|NA|13A,TRUE,7.1,NA,8903.4,NA,NA,https://allianceforcoffeeexcellence.org/honduras-2015/
8b291231c7145e12,Honduras,2015,COE,13B,8b291231c7145e12|COE|NA|13B,TRUE,5.1,NA,6732,NA,NA,https://allianceforcoffeeexcellence.org/honduras-2015/
8b291231c7145e12,Honduras,2015,COE,15,8b291231c7145e12|COE|NA|15,TRUE,5,NA,6600,NA,NA,https://allianceforcoffeeexcellence.org/honduras-2015/
8b291231c7145e12,Honduras,2015,COE,16A,8b291231c7145e12|COE|NA|16A,TRUE,5.1,NA,6395.4,NA,NA,https://allianceforcoffeeexcellence.org/honduras-2015/
8b291231c7145e12,Honduras,2015,COE,16B,8b291231c7145e12|COE|NA|16B,TRUE,6.2,NA,8184,NA,NA,https://allianceforcoffeeexcellence.org/honduras-2015/
8b291231c7145e12,Honduras,2015,COE,19,8b291231c7145e12|COE|NA|19,TRUE,5.4,NA,11048.4,NA,NA,https://allianceforcoffeeexcellence.org/honduras-2015/
8b291231c7145e12,Honduras,2015,COE,20,8b291231c7145e12|COE|NA|20,TRUE,5.1,NA,8078.4,NA,NA,https://allianceforcoffeeexcellence.org/honduras-2015/
8b291231c7145e12,Honduras,2015,COE,21,8b291231c7145e12|COE|NA|21,TRUE,4.7,NA,6204,NA,NA,https://allianceforcoffeeexcellence.org/honduras-2015/
8b291231c7145e12,Honduras,2015,COE,22,8b291231c7145e12|COE|NA|22,TRUE,4.9,NA,7114.8,NA,NA,https://allianceforcoffeeexcellence.org/honduras-2015/
8b291231c7145e12,Honduras,2015,COE,23A,8b291231c7145e12|COE|NA|23A,TRUE,5,NA,5280,NA,NA,https://allianceforcoffeeexcellence.org/honduras-2015/
8b291231c7145e12,Honduras,2015,COE,23B,8b291231c7145e12|COE|NA|23B,TRUE,4.7,NA,8065.2,NA,NA,https://allianceforcoffeeexcellence.org/honduras-2015/
8b291231c7145e12,Honduras,2015,COE,25,8b291231c7145e12|COE|NA|25,TRUE,4.6,NA,6982.8,NA,NA,https://allianceforcoffeeexcellence.org/honduras-2015/
8b291231c7145e12,Honduras,2015,COE,26,8b291231c7145e12|COE|NA|26,TRUE,4.6,NA,6072,NA,NA,https://allianceforcoffeeexcellence.org/honduras-2015/
8b291231c7145e12,Honduras,2015,COE,27,8b291231c7145e12|COE|NA|27,TRUE,4.5,NA,5643,NA,NA,https://allianceforcoffeeexcellence.org/honduras-2015/
8b291231c7145e12,Honduras,2015,COE,28,8b291231c7145e12|COE|NA|28,TRUE,4.2,NA,6375.6,NA,NA,https://allianceforcoffeeexcellence.org/honduras-2015/
8b291231c7145e12,Honduras,2015,COE,29,8b291231c7145e12|COE|NA|29,TRUE,4.4,NA,12487.2,NA,NA,https://allianceforcoffeeexcellence.org/honduras-2015/
8b291231c7145e12,Honduras,2015,COE,30A,8b291231c7145e12|COE|NA|30A,TRUE,4.6,NA,5464.8,NA,NA,https://allianceforcoffeeexcellence.org/honduras-2015/
8b291231c7145e12,Honduras,2015,COE,30B,8b291231c7145e12|COE|NA|30B,TRUE,4.6,NA,5161.2,NA,NA,https://allianceforcoffeeexcellence.org/honduras-2015/
8b291231c7145e12,Honduras,2015,COE,32,8b291231c7145e12|COE|NA|32,TRUE,4.2,NA,4435.2,NA,NA,https://allianceforcoffeeexcellence.org/honduras-2015/
8b291231c7145e12,Honduras,2015,COE,33,8b291231c7145e12|COE|NA|33,TRUE,4.5,NA,9504,NA,NA,https://allianceforcoffeeexcellence.org/honduras-2015/
8b291231c7145e12,Honduras,2015,COE,34,8b291231c7145e12|COE|NA|34,TRUE,4.7,NA,7755,NA,NA,https://allianceforcoffeeexcellence.org/honduras-2015/
8b291231c7145e12,Honduras,2015,COE,35,8b291231c7145e12|COE|NA|35,TRUE,4.2,NA,6930,NA,NA,https://allianceforcoffeeexcellence.org/honduras-2015/
8b291231c7145e12,Honduras,2015,COE,36,8b291231c7145e12|COE|NA|36,TRUE,4.3,NA,11352,NA,NA,https://allianceforcoffeeexcellence.org/honduras-2015/
8b291231c7145e12,Honduras,2015,COE,37,8b291231c7145e12|COE|NA|37,TRUE,4.2,NA,8316,NA,NA,https://allianceforcoffeeexcellence.org/honduras-2015/
8b291231c7145e12,Honduras,2015,COE,38,8b291231c7145e12|COE|NA|38,TRUE,4.1,NA,5682.6,NA,NA,https://allianceforcoffeeexcellence.org/honduras-2015/
2ce1a77eff6cdd28,Honduras,2016,COE,1A,2ce1a77eff6cdd28|COE|NA|1A,TRUE,120.5,NA,47718,NA,NA,https://allianceforcoffeeexcellence.org/honduras-2016/
2ce1a77eff6cdd28,Honduras,2016,COE,1B,2ce1a77eff6cdd28|COE|NA|1B,TRUE,120.1,NA,47559.6,NA,NA,https://allianceforcoffeeexcellence.org/honduras-2016/
2ce1a77eff6cdd28,Honduras,2016,COE,2A,2ce1a77eff6cdd28|COE|NA|2A,TRUE,30.3,NA,19998,NA,NA,https://allianceforcoffeeexcellence.org/honduras-2016/
2ce1a77eff6cdd28,Honduras,2016,COE,2B,2ce1a77eff6cdd28|COE|NA|2B,TRUE,30.4,NA,18057.6,NA,NA,https://allianceforcoffeeexcellence.org/honduras-2016/
2ce1a77eff6cdd28,Honduras,2016,COE,3A,2ce1a77eff6cdd28|COE|NA|3A,TRUE,39,NA,12870,NA,NA,https://allianceforcoffeeexcellence.org/honduras-2016/
2ce1a77eff6cdd28,Honduras,2016,COE,3B,2ce1a77eff6cdd28|COE|NA|3B,TRUE,38.1,NA,12573,NA,NA,https://allianceforcoffeeexcellence.org/honduras-2016/
2ce1a77eff6cdd28,Honduras,2016,COE,4,2ce1a77eff6cdd28|COE|NA|4,TRUE,25,NA,34650,NA,NA,https://allianceforcoffeeexcellence.org/honduras-2016/
2ce1a77eff6cdd28,Honduras,2016,COE,5,2ce1a77eff6cdd28|COE|NA|5,TRUE,14.9,NA,18684.6,NA,NA,https://allianceforcoffeeexcellence.org/honduras-2016/
2ce1a77eff6cdd28,Honduras,2016,COE,6,2ce1a77eff6cdd28|COE|NA|6,TRUE,22,NA,30492,NA,NA,https://allianceforcoffeeexcellence.org/honduras-2016/
2ce1a77eff6cdd28,Honduras,2016,COE,7,2ce1a77eff6cdd28|COE|NA|7,TRUE,14.6,NA,25053.6,NA,NA,https://allianceforcoffeeexcellence.org/honduras-2016/
2ce1a77eff6cdd28,Honduras,2016,COE,8,2ce1a77eff6cdd28|COE|NA|8,TRUE,15.1,NA,31891.2,NA,NA,https://allianceforcoffeeexcellence.org/honduras-2016/
2ce1a77eff6cdd28,Honduras,2016,COE,9,2ce1a77eff6cdd28|COE|NA|9,TRUE,13.4,NA,15919.2,NA,NA,https://allianceforcoffeeexcellence.org/honduras-2016/
2ce1a77eff6cdd28,Honduras,2016,COE,10,2ce1a77eff6cdd28|COE|NA|10,TRUE,13.5,NA,19602,NA,NA,https://allianceforcoffeeexcellence.org/honduras-2016/
2ce1a77eff6cdd28,Honduras,2016,COE,11,2ce1a77eff6cdd28|COE|NA|11,TRUE,13.1,NA,19021.2,NA,NA,https://allianceforcoffeeexcellence.org/honduras-2016/
2ce1a77eff6cdd28,Honduras,2016,COE,12,2ce1a77eff6cdd28|COE|NA|12,TRUE,13.5,NA,16038,NA,NA,https://allianceforcoffeeexcellence.org/honduras-2016/
2ce1a77eff6cdd28,Honduras,2016,COE,13,2ce1a77eff6cdd28|COE|NA|13,TRUE,10.1,NA,17998.2,NA,NA,https://allianceforcoffeeexcellence.org/honduras-2016/
2ce1a77eff6cdd28,Honduras,2016,COE,14,2ce1a77eff6cdd28|COE|NA|14,TRUE,10.3,NA,15944.4,NA,NA,https://allianceforcoffeeexcellence.org/honduras-2016/
2ce1a77eff6cdd28,Honduras,2016,COE,15,2ce1a77eff6cdd28|COE|NA|15,TRUE,13,NA,31746,NA,NA,https://allianceforcoffeeexcellence.org/honduras-2016/
2ce1a77eff6cdd28,Honduras,2016,COE,16,2ce1a77eff6cdd28|COE|NA|16,TRUE,11.2,NA,15523.2,NA,NA,https://allianceforcoffeeexcellence.org/honduras-2016/
2ce1a77eff6cdd28,Honduras,2016,COE,17,2ce1a77eff6cdd28|COE|NA|17,TRUE,10.1,NA,13998.6,NA,NA,https://allianceforcoffeeexcellence.org/honduras-2016/
2ce1a77eff6cdd28,Honduras,2016,COE,18,2ce1a77eff6cdd28|COE|NA|18,TRUE,10.1,NA,12665.4,NA,NA,https://allianceforcoffeeexcellence.org/honduras-2016/
2ce1a77eff6cdd28,Honduras,2016,COE,19,2ce1a77eff6cdd28|COE|NA|19,TRUE,10.1,NA,13332,NA,NA,https://allianceforcoffeeexcellence.org/honduras-2016/
2ce1a77eff6cdd28,Honduras,2016,COE,20,2ce1a77eff6cdd28|COE|NA|20,TRUE,10.2,NA,12790.8,NA,NA,https://allianceforcoffeeexcellence.org/honduras-2016/
2ce1a77eff6cdd28,Honduras,2016,COE,21,2ce1a77eff6cdd28|COE|NA|21,TRUE,10.2,NA,12117.6,NA,NA,https://allianceforcoffeeexcellence.org/honduras-2016/
2ce1a77eff6cdd28,Honduras,2016,COE,22,2ce1a77eff6cdd28|COE|NA|22,TRUE,10.1,NA,14665.2,NA,NA,https://allianceforcoffeeexcellence.org/honduras-2016/
2ce1a77eff6cdd28,Honduras,2016,COE,23,2ce1a77eff6cdd28|COE|NA|23,TRUE,10.2,NA,16830,NA,NA,https://allianceforcoffeeexcellence.org/honduras-2016/
c1a563a1cea61442,Honduras,2017,NW,25,c1a563a1cea61442|NW|NA|25,TRUE,4.7,NA,3384,NA,NA,https://allianceforcoffeeexcellence.org/honduras-2017/
c1a563a1cea61442,Honduras,2017,NW,26,c1a563a1cea61442|NW|NA|26,TRUE,4,NA,8280,NA,NA,https://allianceforcoffeeexcellence.org/honduras-2017/
c1a563a1cea61442,Honduras,2017,NW,27,c1a563a1cea61442|NW|NA|27,TRUE,4,NA,5760,NA,NA,https://allianceforcoffeeexcellence.org/honduras-2017/
c1a563a1cea61442,Honduras,2017,NW,28,c1a563a1cea61442|NW|NA|28,TRUE,4,NA,7000,NA,NA,https://allianceforcoffeeexcellence.org/honduras-2017/
c1a563a1cea61442,Honduras,2017,NW,29,c1a563a1cea61442|NW|NA|29,TRUE,4.2,NA,5334,NA,NA,https://allianceforcoffeeexcellence.org/honduras-2017/
c1a563a1cea61442,Honduras,2017,NW,30,c1a563a1cea61442|NW|NA|30,TRUE,4,NA,5920,NA,NA,https://allianceforcoffeeexcellence.org/honduras-2017/
c1a563a1cea61442,Honduras,2017,NW,31,c1a563a1cea61442|NW|NA|31,FALSE,NA,NA,NA,NA,NA,https://allianceforcoffeeexcellence.org/honduras-2017/
c1a563a1cea61442,Honduras,2017,NW,32,c1a563a1cea61442|NW|NA|32,TRUE,4.1,NA,4264,NA,NA,https://allianceforcoffeeexcellence.org/honduras-2017/
c1a563a1cea61442,Honduras,2017,NW,33,c1a563a1cea61442|NW|NA|33,TRUE,3.5,NA,4655,NA,NA,https://allianceforcoffeeexcellence.org/honduras-2017/
c1a563a1cea61442,Honduras,2017,NW,34,c1a563a1cea61442|NW|NA|34,FALSE,NA,NA,NA,NA,NA,https://allianceforcoffeeexcellence.org/honduras-2017/
c1a563a1cea61442,Honduras,2017,NW,35,c1a563a1cea61442|NW|NA|35,TRUE,3.6,NA,6300,NA,NA,https://allianceforcoffeeexcellence.org/honduras-2017/
c1a563a1cea61442,Honduras,2017,NW,36,c1a563a1cea61442|NW|NA|36,TRUE,3.5,NA,3990,NA,NA,https://allianceforcoffeeexcellence.org/honduras-2017/
c1a563a1cea61442,Honduras,2017,COE,1A,c1a563a1cea61442|COE|NA|1A,TRUE,124.5,NA,55441.1,NA,NA,https://allianceforcoffeeexcellence.org/honduras-2017/
c1a563a1cea61442,Honduras,2017,COE,1B,c1a563a1cea61442|COE|NA|1B,TRUE,122.9,NA,40641.8,NA,NA,https://allianceforcoffeeexcellence.org/honduras-2017/
c1a563a1cea61442,Honduras,2017,COE,2A,c1a563a1cea61442|COE|NA|2A,TRUE,29.4,NA,13092.11,NA,NA,https://allianceforcoffeeexcellence.org/honduras-2017/
c1a563a1cea61442,Honduras,2017,COE,2B,c1a563a1cea61442|COE|NA|2B,TRUE,38.6,NA,12764.63,NA,NA,https://allianceforcoffeeexcellence.org/honduras-2017/
c1a563a1cea61442,Honduras,2017,COE,3A,c1a563a1cea61442|COE|NA|3A,TRUE,22.1,NA,12108.37,NA,NA,https://allianceforcoffeeexcellence.org/honduras-2017/
c1a563a1cea61442,Honduras,2017,COE,3B,c1a563a1cea61442|COE|NA|3B,TRUE,22,NA,11640.42,NA,NA,https://allianceforcoffeeexcellence.org/honduras-2017/
c1a563a1cea61442,Honduras,2017,COE,4,c1a563a1cea61442|COE|NA|4,TRUE,17.1,NA,18057.6,NA,NA,https://allianceforcoffeeexcellence.org/honduras-2017/
c1a563a1cea61442,Honduras,2017,COE,5,c1a563a1cea61442|COE|NA|5,TRUE,16.1,NA,16663.5,NA,NA,https://allianceforcoffeeexcellence.org/honduras-2017/
c1a563a1cea61442,Honduras,2017,COE,6,c1a563a1cea61442|COE|NA|6,TRUE,14.1,NA,12323.4,NA,NA,https://allianceforcoffeeexcellence.org/honduras-2017/
c1a563a1cea61442,Honduras,2017,COE,7,c1a563a1cea61442|COE|NA|7,TRUE,20,NA,28320,NA,NA,https://allianceforcoffeeexcellence.org/honduras-2017/
c1a563a1cea61442,Honduras,2017,COE,8,c1a563a1cea61442|COE|NA|8,TRUE,12.6,NA,14968.8,NA,NA,https://allianceforcoffeeexcellence.org/honduras-2017/
c1a563a1cea61442,Honduras,2017,COE,9,c1a563a1cea61442|COE|NA|9,TRUE,16.6,NA,13529,NA,NA,https://allianceforcoffeeexcellence.org/honduras-2017/
c1a563a1cea61442,Honduras,2017,COE,10,c1a563a1cea61442|COE|NA|10,TRUE,16.09,NA,20176.86,NA,NA,https://allianceforcoffeeexcellence.org/honduras-2017/
c1a563a1cea61442,Honduras,2017,COE,11,c1a563a1cea61442|COE|NA|11,TRUE,10,NA,16200,NA,NA,https://allianceforcoffeeexcellence.org/honduras-2017/
c1a563a1cea61442,Honduras,2017,COE,12,c1a563a1cea61442|COE|NA|12,TRUE,11.6,NA,9187.2,NA,NA,https://allianceforcoffeeexcellence.org/honduras-2017/
c1a563a1cea61442,Honduras,2017,COE,13,c1a563a1cea61442|COE|NA|13,TRUE,11.2,NA,14145.6,NA,NA,https://allianceforcoffeeexcellence.org/honduras-2017/
c1a563a1cea61442,Honduras,2017,COE,14,c1a563a1cea61442|COE|NA|14,TRUE,12.3,NA,10024.5,NA,NA,https://allianceforcoffeeexcellence.org/honduras-2017/
c1a563a1cea61442,Honduras,2017,COE,15,c1a563a1cea61442|COE|NA|15,TRUE,10.9,NA,8294.9,NA,NA,https://allianceforcoffeeexcellence.org/honduras-2017/
c1a563a1cea61442,Honduras,2017,COE,16,c1a563a1cea61442|COE|NA|16,TRUE,10.8,NA,10843.2,NA,NA,https://allianceforcoffeeexcellence.org/honduras-2017/
c1a563a1cea61442,Honduras,2017,COE,17,c1a563a1cea61442|COE|NA|17,TRUE,9.7,NA,14132.9,NA,NA,https://allianceforcoffeeexcellence.org/honduras-2017/
c1a563a1cea61442,Honduras,2017,COE,18,c1a563a1cea61442|COE|NA|18,TRUE,8.2,NA,15153.6,NA,NA,https://allianceforcoffeeexcellence.org/honduras-2017/
c1a563a1cea61442,Honduras,2017,COE,19,c1a563a1cea61442|COE|NA|19,TRUE,12.1,NA,12644.5,NA,NA,https://allianceforcoffeeexcellence.org/honduras-2017/
c1a563a1cea61442,Honduras,2017,COE,20,c1a563a1cea61442|COE|NA|20,TRUE,11.1,NA,11721.6,NA,NA,https://allianceforcoffeeexcellence.org/honduras-2017/
c1a563a1cea61442,Honduras,2017,COE,21,c1a563a1cea61442|COE|NA|21,TRUE,8,NA,14080,NA,NA,https://allianceforcoffeeexcellence.org/honduras-2017/
c1a563a1cea61442,Honduras,2017,COE,22,c1a563a1cea61442|COE|NA|22,TRUE,10,NA,12500,NA,NA,https://allianceforcoffeeexcellence.org/honduras-2017/
c1a563a1cea61442,Honduras,2017,COE,23,c1a563a1cea61442|COE|NA|23,TRUE,10.6,NA,9783.8,NA,NA,https://allianceforcoffeeexcellence.org/honduras-2017/
c1a563a1cea61442,Honduras,2017,COE,24,c1a563a1cea61442|COE|NA|24,TRUE,9.7,NA,10582.7,NA,NA,https://allianceforcoffeeexcellence.org/honduras-2017/
ef7f110ca8ad65a5,Honduras,2018,NW,37,ef7f110ca8ad65a5|NW|NA|37,TRUE,4,600.28,2400,2401.12,4.666666666666212e-4,https://allianceforcoffeeexcellence.org/honduras-2018/
ef7f110ca8ad65a5,Honduras,2018,COE,1A,ef7f110ca8ad65a5|COE|NA|1A,TRUE,80.6,NA,26653.61,NA,NA,https://allianceforcoffeeexcellence.org/honduras-2018/
ef7f110ca8ad65a5,Honduras,2018,COE,1B,ef7f110ca8ad65a5|COE|NA|1B,TRUE,80.1,NA,26376.93,NA,NA,https://allianceforcoffeeexcellence.org/honduras-2018/
ef7f110ca8ad65a5,Honduras,2018,COE,2A,ef7f110ca8ad65a5|COE|NA|2A,TRUE,27.3,NA,7222.49,NA,NA,https://allianceforcoffeeexcellence.org/honduras-2018/
ef7f110ca8ad65a5,Honduras,2018,COE,2B,ef7f110ca8ad65a5|COE|NA|2B,TRUE,27.2,NA,7165.84,NA,NA,https://allianceforcoffeeexcellence.org/honduras-2018/
ef7f110ca8ad65a5,Honduras,2018,COE,3A,ef7f110ca8ad65a5|COE|NA|3A,TRUE,20.09,NA,8601.73,NA,NA,https://allianceforcoffeeexcellence.org/honduras-2018/
ef7f110ca8ad65a5,Honduras,2018,COE,3B,ef7f110ca8ad65a5|COE|NA|3B,TRUE,24.09,NA,9559.63,NA,NA,https://allianceforcoffeeexcellence.org/honduras-2018/
ef7f110ca8ad65a5,Honduras,2018,COE,4A,ef7f110ca8ad65a5|COE|NA|4A,TRUE,20.6,NA,6107.08,NA,NA,https://allianceforcoffeeexcellence.org/honduras-2018/
ef7f110ca8ad65a5,Honduras,2018,COE,4B,ef7f110ca8ad65a5|COE|NA|4B,TRUE,17.5,NA,4629.8,NA,NA,https://allianceforcoffeeexcellence.org/honduras-2018/
ef7f110ca8ad65a5,Honduras,2018,COE,5A,ef7f110ca8ad65a5|COE|NA|5A,TRUE,18,NA,5952.42,NA,NA,https://allianceforcoffeeexcellence.org/honduras-2018/
ef7f110ca8ad65a5,Honduras,2018,COE,5B,ef7f110ca8ad65a5|COE|NA|5B,TRUE,17.49,NA,5759.46,NA,NA,https://allianceforcoffeeexcellence.org/honduras-2018/
ef7f110ca8ad65a5,Honduras,2018,COE,6,ef7f110ca8ad65a5|COE|NA|6,TRUE,12,NA,12672,NA,NA,https://allianceforcoffeeexcellence.org/honduras-2018/
ef7f110ca8ad65a5,Honduras,2018,COE,7,ef7f110ca8ad65a5|COE|NA|7,TRUE,13.1,NA,8213.7,NA,NA,https://allianceforcoffeeexcellence.org/honduras-2018/
ef7f110ca8ad65a5,Honduras,2018,COE,8,ef7f110ca8ad65a5|COE|NA|8,TRUE,11.3,NA,8949.6,NA,NA,https://allianceforcoffeeexcellence.org/honduras-2018/
ef7f110ca8ad65a5,Honduras,2018,COE,9,ef7f110ca8ad65a5|COE|NA|9,TRUE,9,NA,5643,NA,NA,https://allianceforcoffeeexcellence.org/honduras-2018/
ef7f110ca8ad65a5,Honduras,2018,COE,10,ef7f110ca8ad65a5|COE|NA|10,TRUE,9.5,NA,6583.5,NA,NA,https://allianceforcoffeeexcellence.org/honduras-2018/
ef7f110ca8ad65a5,Honduras,2018,COE,11,ef7f110ca8ad65a5|COE|NA|11,TRUE,9.5,NA,8778,NA,NA,https://allianceforcoffeeexcellence.org/honduras-2018/
ef7f110ca8ad65a5,Honduras,2018,COE,12,ef7f110ca8ad65a5|COE|NA|12,TRUE,10.7,NA,9180.6,NA,NA,https://allianceforcoffeeexcellence.org/honduras-2018/
ef7f110ca8ad65a5,Honduras,2018,COE,13,ef7f110ca8ad65a5|COE|NA|13,TRUE,10.5,NA,5544,NA,NA,https://allianceforcoffeeexcellence.org/honduras-2018/
ef7f110ca8ad65a5,Honduras,2018,COE,14,ef7f110ca8ad65a5|COE|NA|14,TRUE,9.5,NA,5329.5,NA,NA,https://allianceforcoffeeexcellence.org/honduras-2018/
ef7f110ca8ad65a5,Honduras,2018,COE,15,ef7f110ca8ad65a5|COE|NA|15,TRUE,9.4,NA,4963.2,NA,NA,https://allianceforcoffeeexcellence.org/honduras-2018/
ef7f110ca8ad65a5,Honduras,2018,COE,16,ef7f110ca8ad65a5|COE|NA|16,TRUE,9.4,NA,11787.6,NA,NA,https://allianceforcoffeeexcellence.org/honduras-2018/
ef7f110ca8ad65a5,Honduras,2018,COE,17,ef7f110ca8ad65a5|COE|NA|17,TRUE,9.1,NA,6306.3,NA,NA,https://allianceforcoffeeexcellence.org/honduras-2018/
ef7f110ca8ad65a5,Honduras,2018,COE,18,ef7f110ca8ad65a5|COE|NA|18,TRUE,12.5,NA,8250,NA,NA,https://allianceforcoffeeexcellence.org/honduras-2018/
ef7f110ca8ad65a5,Honduras,2018,COE,19,ef7f110ca8ad65a5|COE|NA|19,TRUE,9.1,NA,7207.2,NA,NA,https://allianceforcoffeeexcellence.org/honduras-2018/
ef7f110ca8ad65a5,Honduras,2018,COE,20,ef7f110ca8ad65a5|COE|NA|20,TRUE,7.05,NA,12097.8,NA,NA,https://allianceforcoffeeexcellence.org/honduras-2018/
ef7f110ca8ad65a5,Honduras,2018,COE,21,ef7f110ca8ad65a5|COE|NA|21,TRUE,6.93,NA,10977.12,NA,NA,https://allianceforcoffeeexcellence.org/honduras-2018/
ef7f110ca8ad65a5,Honduras,2018,COE,22,ef7f110ca8ad65a5|COE|NA|22,TRUE,7.9,NA,7299.6,NA,NA,https://allianceforcoffeeexcellence.org/honduras-2018/
ef7f110ca8ad65a5,Honduras,2018,COE,23,ef7f110ca8ad65a5|COE|NA|23,TRUE,9.15,NA,5435.1,NA,NA,https://allianceforcoffeeexcellence.org/honduras-2018/
ef7f110ca8ad65a5,Honduras,2018,COE,24,ef7f110ca8ad65a5|COE|NA|24,TRUE,7,NA,6250.09,NA,NA,https://allianceforcoffeeexcellence.org/honduras-2018/
ef7f110ca8ad65a5,Honduras,2018,COE,25,ef7f110ca8ad65a5|COE|NA|25,TRUE,8.4,NA,5821.2,NA,NA,https://allianceforcoffeeexcellence.org/honduras-2018/
ef7f110ca8ad65a5,Honduras,2018,COE,26,ef7f110ca8ad65a5|COE|NA|26,TRUE,8,NA,12672,NA,NA,https://allianceforcoffeeexcellence.org/honduras-2018/
ef7f110ca8ad65a5,Honduras,2018,COE,27,ef7f110ca8ad65a5|COE|NA|27,TRUE,9.1,NA,6006,NA,NA,https://allianceforcoffeeexcellence.org/honduras-2018/
ef7f110ca8ad65a5,Honduras,2018,COE,28,ef7f110ca8ad65a5|COE|NA|28,TRUE,8.28,NA,3825.36,NA,NA,https://allianceforcoffeeexcellence.org/honduras-2018/
ef7f110ca8ad65a5,Honduras,2018,COE,29,ef7f110ca8ad65a5|COE|NA|29,TRUE,9.11,NA,5121.37,NA,NA,https://allianceforcoffeeexcellence.org/honduras-2018/
ef7f110ca8ad65a5,Honduras,2018,COE,30,ef7f110ca8ad65a5|COE|NA|30,TRUE,8.2,NA,5953.2,NA,NA,https://allianceforcoffeeexcellence.org/honduras-2018/
ef7f110ca8ad65a5,Honduras,2018,COE,31,ef7f110ca8ad65a5|COE|NA|31,TRUE,7.3,NA,8431.5,NA,NA,https://allianceforcoffeeexcellence.org/honduras-2018/
ef7f110ca8ad65a5,Honduras,2018,COE,32,ef7f110ca8ad65a5|COE|NA|32,TRUE,8.7,NA,5742,NA,NA,https://allianceforcoffeeexcellence.org/honduras-2018/
ef7f110ca8ad65a5,Honduras,2018,COE,33,ef7f110ca8ad65a5|COE|NA|33,TRUE,6.9,NA,10018.8,NA,NA,https://allianceforcoffeeexcellence.org/honduras-2018/
ef7f110ca8ad65a5,Honduras,2018,COE,34,ef7f110ca8ad65a5|COE|NA|34,TRUE,7.7,NA,7877.1,NA,NA,https://allianceforcoffeeexcellence.org/honduras-2018/
ef7f110ca8ad65a5,Honduras,2018,COE,35,ef7f110ca8ad65a5|COE|NA|35,TRUE,8.1,NA,5346,NA,NA,https://allianceforcoffeeexcellence.org/honduras-2018/
ef7f110ca8ad65a5,Honduras,2018,COE,36,ef7f110ca8ad65a5|COE|NA|36,TRUE,8.08,NA,4266.24,NA,NA,https://allianceforcoffeeexcellence.org/honduras-2018/
88ab413a4b17ecde,Honduras,2019,COE,1A,88ab413a4b17ecde|COE|NA|1A,TRUE,120.1,462.97,55602.7,55602.697,5.395421439917849e-8,https://allianceforcoffeeexcellence.org/honduras-2019/
88ab413a4b17ecde,Honduras,2019,COE,1B,88ab413a4b17ecde|COE|NA|1B,TRUE,120.1,396.83,47659.28,47659.282999999996,6.294681742932754e-8,https://allianceforcoffeeexcellence.org/honduras-2019/
88ab413a4b17ecde,Honduras,2019,COE,2A,88ab413a4b17ecde|COE|NA|2A,TRUE,13.1,925.94,12129.81,12129.814,3.29766088736337e-7,https://allianceforcoffeeexcellence.org/honduras-2019/
88ab413a4b17ecde,Honduras,2019,COE,2B,88ab413a4b17ecde|COE|NA|2B,TRUE,13.2,859.8,11349.36,11349.359999999999,1.6027242095993574e-16,https://allianceforcoffeeexcellence.org/honduras-2019/
88ab413a4b17ecde,Honduras,2019,COE,3A,88ab413a4b17ecde|COE|NA|3A,TRUE,16.5,462.97,7639.01,7639.005,6.545350772036087e-7,https://allianceforcoffeeexcellence.org/honduras-2019/
88ab413a4b17ecde,Honduras,2019,COE,3B,88ab413a4b17ecde|COE|NA|3B,TRUE,16.4,396.83,6508.01,6508.011999999999,3.073136025587644e-7,https://allianceforcoffeeexcellence.org/honduras-2019/
88ab413a4b17ecde,Honduras,2019,COE,4,88ab413a4b17ecde|COE|NA|4,TRUE,10.5,760.59,7986.2,7986.195000000001,6.260799878790469e-7,https://allianceforcoffeeexcellence.org/honduras-2019/
88ab413a4b17ecde,Honduras,2019,COE,5,88ab413a4b17ecde|COE|NA|5,TRUE,12.6,760.59,9583.43,9583.434,4.173870940775816e-7,https://allianceforcoffeeexcellence.org/honduras-2019/
88ab413a4b17ecde,Honduras,2019,COE,6,88ab413a4b17ecde|COE|NA|6,TRUE,12.6,793.66,10000.12,10000.116,3.9999520013908904e-7,https://allianceforcoffeeexcellence.org/honduras-2019/
88ab413a4b17ecde,Honduras,2019,COE,7,88ab413a4b17ecde|COE|NA|7,TRUE,18,1322.77,23809.86,23809.86,0,https://allianceforcoffeeexcellence.org/honduras-2019/
88ab413a4b17ecde,Honduras,2019,COE,8,88ab413a4b17ecde|COE|NA|8,TRUE,12.1,793.66,9603.29,9603.286,4.165239205329535e-7,https://allianceforcoffeeexcellence.org/honduras-2019/
88ab413a4b17ecde,Honduras,2019,COE,9,88ab413a4b17ecde|COE|NA|9,TRUE,11.9,793.66,9444.55,9444.554,4.235246783398794e-7,https://allianceforcoffeeexcellence.org/honduras-2019/
88ab413a4b17ecde,Honduras,2019,COE,10,88ab413a4b17ecde|COE|NA|10,TRUE,9,1455.05,13095.45,13095.449999999999,1.389023976683395e-16,https://allianceforcoffeeexcellence.org/honduras-2019/
88ab413a4b17ecde,Honduras,2019,COE,11,88ab413a4b17ecde|COE|NA|11,TRUE,19.1,959.01,18317.09,18317.091,5.4593824685238037e-8,https://allianceforcoffeeexcellence.org/honduras-2019/
88ab413a4b17ecde,Honduras,2019,COE,12,88ab413a4b17ecde|COE|NA|12,TRUE,10.1,859.8,8683.98,8683.98,0,https://allianceforcoffeeexcellence.org/honduras-2019/
88ab413a4b17ecde,Honduras,2019,COE,13,88ab413a4b17ecde|COE|NA|13,TRUE,8.6,959.01,8247.49,8247.485999999999,4.849960413186203e-7,https://allianceforcoffeeexcellence.org/honduras-2019/
88ab413a4b17ecde,Honduras,2019,COE,14,88ab413a4b17ecde|COE|NA|14,TRUE,9.8,826.73,8101.95,8101.954000000001,4.937083048914036e-7,https://allianceforcoffeeexcellence.org/honduras-2019/
88ab413a4b17ecde,Honduras,2019,COE,15,88ab413a4b17ecde|COE|NA|15,TRUE,8.7,992.08,8631.1,8631.096,4.634403495284387e-7,https://allianceforcoffeeexcellence.org/honduras-2019/
88ab413a4b17ecde,Honduras,2019,COE,16,88ab413a4b17ecde|COE|NA|16,TRUE,8.6,992.08,8531.89,8531.888,2.344146488748055e-7,https://allianceforcoffeeexcellence.org/honduras-2019/
88ab413a4b17ecde,Honduras,2019,COE,17,88ab413a4b17ecde|COE|NA|17,TRUE,10.1,859.8,8683.98,8683.98,0,https://allianceforcoffeeexcellence.org/honduras-2019/
88ab413a4b17ecde,Honduras,2019,COE,18,88ab413a4b17ecde|COE|NA|18,TRUE,8.3,1521.19,12625.88,12625.877000000002,2.3760720020887272e-7,https://allianceforcoffeeexcellence.org/honduras-2019/
88ab413a4b17ecde,Honduras,2019,COE,19,88ab413a4b17ecde|COE|NA|19,TRUE,9.6,859.8,8254.08,8254.08,0,https://allianceforcoffeeexcellence.org/honduras-2019/
88ab413a4b17ecde,Honduras,2019,COE,20,88ab413a4b17ecde|COE|NA|20,TRUE,8.7,925.94,8055.68,8055.678,2.4827202674478795e-7,https://allianceforcoffeeexcellence.org/honduras-2019/
88ab413a4b17ecde,Honduras,2019,COE,21,88ab413a4b17ecde|COE|NA|21,TRUE,9.1,793.66,7222.31,7222.306,5.5383942267985e-7,https://allianceforcoffeeexcellence.org/honduras-2019/
88ab413a4b17ecde,Honduras,2019,COE,22,88ab413a4b17ecde|COE|NA|22,TRUE,8.4,1124.36,9444.62,9444.624,4.235215391403696e-7,https://allianceforcoffeeexcellence.org/honduras-2019/
88ab413a4b17ecde,Honduras,2019,COE,23,88ab413a4b17ecde|COE|NA|23,TRUE,8.6,992.08,8531.89,8531.888,2.344146488748055e-7,https://allianceforcoffeeexcellence.org/honduras-2019/
88ab413a4b17ecde,Honduras,2019,COE,24,88ab413a4b17ecde|COE|NA|24,TRUE,10.7,992.08,10615.26,10615.256,3.7681601777204773e-7,https://allianceforcoffeeexcellence.org/honduras-2019/
88ab413a4b17ecde,Honduras,2019,COE,25,88ab413a4b17ecde|COE|NA|25,TRUE,8.7,925.94,8055.68,8055.678,2.4827202674478795e-7,https://allianceforcoffeeexcellence.org/honduras-2019/
88ab413a4b17ecde,Honduras,2019,COE,26,88ab413a4b17ecde|COE|NA|26,TRUE,8.4,1289.7,10833.48,10833.480000000001,1.67904441005647e-16,https://allianceforcoffeeexcellence.org/honduras-2019/
88ab413a4b17ecde,Honduras,2019,COE,27,88ab413a4b17ecde|COE|NA|27,TRUE,8.5,1157.43,9838.16,9838.155,5.08225115184104e-7,https://allianceforcoffeeexcellence.org/honduras-2019/
88ab413a4b17ecde,Honduras,2019,COE,28,88ab413a4b17ecde|COE|NA|28,TRUE,8.1,1421.98,11518.04,11518.038,1.7364065417444752e-7,https://allianceforcoffeeexcellence.org/honduras-2019/
88ab413a4b17ecde,Honduras,2019,COE,29,88ab413a4b17ecde|COE|NA|29,TRUE,10.7,892.87,9553.71,9553.708999999999,1.0467137899347236e-7,https://allianceforcoffeeexcellence.org/honduras-2019/
88ab413a4b17ecde,Honduras,2019,COE,30,88ab413a4b17ecde|COE|NA|30,TRUE,8.5,859.8,7308.3,7308.299999999999,1.24446820980656e-16,https://allianceforcoffeeexcellence.org/honduras-2019/
c0bf466579f2d947,Honduras,2021,COE,1A,c0bf466579f2d947|COE|NA|1A,TRUE,58.5,330.69,19345.37,19345.365,2.5845977602809643e-7,https://allianceforcoffeeexcellence.org/honduras-2021/
c0bf466579f2d947,Honduras,2021,COE,1B,c0bf466579f2d947|COE|NA|1B,TRUE,59,264.55,15608.45,15608.45,0,https://allianceforcoffeeexcellence.org/honduras-2021/
c0bf466579f2d947,Honduras,2021,COE,2A,c0bf466579f2d947|COE|NA|2A,TRUE,75.2,330.69,24867.89,24867.888,8.042499787506916e-8,https://allianceforcoffeeexcellence.org/honduras-2021/
c0bf466579f2d947,Honduras,2021,COE,2B,c0bf466579f2d947|COE|NA|2B,TRUE,75.1,330.69,24834.82,24834.819,4.026604582613149e-8,https://allianceforcoffeeexcellence.org/honduras-2021/
c0bf466579f2d947,Honduras,2021,COE,3A,c0bf466579f2d947|COE|NA|3A,TRUE,62.2,264.55,16455.01,16455.010000000002,2.210863929643138e-16,https://allianceforcoffeeexcellence.org/honduras-2021/
c0bf466579f2d947,Honduras,2021,COE,3B,c0bf466579f2d947|COE|NA|3B,TRUE,62,264.55,16402.1,16402.100000000002,2.217995748771019e-16,https://allianceforcoffeeexcellence.org/honduras-2021/
c0bf466579f2d947,Honduras,2021,COE,4,c0bf466579f2d947|COE|NA|4,TRUE,50.4,628.32,31667.33,31667.328,6.315657178573166e-8,https://allianceforcoffeeexcellence.org/honduras-2021/
c0bf466579f2d947,Honduras,2021,COE,5,c0bf466579f2d947|COE|NA|5,TRUE,50.5,529.11,26720.06,26720.055,1.8712532834951097e-7,https://allianceforcoffeeexcellence.org/honduras-2021/
c0bf466579f2d947,Honduras,2021,COE,6,c0bf466579f2d947|COE|NA|6,TRUE,29.2,793.66,23174.87,23174.872,8.630037624407187e-8,https://allianceforcoffeeexcellence.org/honduras-2021/
c0bf466579f2d947,Honduras,2021,COE,7,c0bf466579f2d947|COE|NA|7,TRUE,20.7,992.08,20536.06,20536.056,1.9477932966766298e-7,https://allianceforcoffeeexcellence.org/honduras-2021/
c0bf466579f2d947,Honduras,2021,COE,8,c0bf466579f2d947|COE|NA|8,TRUE,25.7,562.18,14448.03,14448.025999999998,2.7685435333633006e-7,https://allianceforcoffeeexcellence.org/honduras-2021/
c0bf466579f2d947,Honduras,2021,COE,9,c0bf466579f2d947|COE|NA|9,TRUE,25.2,595.25,15000.3,15000.3,0,https://allianceforcoffeeexcellence.org/honduras-2021/
c0bf466579f2d947,Honduras,2021,COE,10,c0bf466579f2d947|COE|NA|10,TRUE,13.2,727.52,9603.26,9603.264,4.1652522153892716e-7,https://allianceforcoffeeexcellence.org/honduras-2021/
c0bf466579f2d947,Honduras,2021,COE,11,c0bf466579f2d947|COE|NA|11,TRUE,24.2,529.11,12804.46,12804.462,1.5619557563594667e-7,https://allianceforcoffeeexcellence.org/honduras-2021/
c0bf466579f2d947,Honduras,2021,COE,12,c0bf466579f2d947|COE|NA|12,TRUE,20.5,826.73,16947.97,16947.965,2.950205836462204e-7,https://allianceforcoffeeexcellence.org/honduras-2021/
c0bf466579f2d947,Honduras,2021,COE,13,c0bf466579f2d947|COE|NA|13,TRUE,20.4,760.59,15516.04,15516.036,2.5779773710398445e-7,https://allianceforcoffeeexcellence.org/honduras-2021/
c0bf466579f2d947,Honduras,2021,COE,14,c0bf466579f2d947|COE|NA|14,TRUE,20.7,892.87,18482.41,18482.409,5.41054981576389e-8,https://allianceforcoffeeexcellence.org/honduras-2021/
c0bf466579f2d947,Honduras,2021,COE,15,c0bf466579f2d947|COE|NA|15,TRUE,33.2,462.97,15370.6,15370.604000000003,2.602370761475737e-7,https://allianceforcoffeeexcellence.org/honduras-2021/
c0bf466579f2d947,Honduras,2021,COE,16,c0bf466579f2d947|COE|NA|16,TRUE,42.1,462.97,19491.04,19491.037,1.5391687670905095e-7,https://allianceforcoffeeexcellence.org/honduras-2021/
c0bf466579f2d947,Honduras,2021,COE,17,c0bf466579f2d947|COE|NA|17,TRUE,15.5,396.83,6150.87,6150.865,8.128931354603722e-7,https://allianceforcoffeeexcellence.org/honduras-2021/
c0bf466579f2d947,Honduras,2021,COE,18,c0bf466579f2d947|COE|NA|18,TRUE,19.3,859.8,16594.14,16594.14,0,https://allianceforcoffeeexcellence.org/honduras-2021/
c0bf466579f2d947,Honduras,2021,COE,19,c0bf466579f2d947|COE|NA|19,TRUE,19.1,1223.56,23370,23369.996,1.7115960636777523e-7,https://allianceforcoffeeexcellence.org/honduras-2021/
c0bf466579f2d947,Honduras,2021,COE,20,c0bf466579f2d947|COE|NA|20,TRUE,12.5,661.39,8267.38,8267.375,6.047865223564957e-7,https://allianceforcoffeeexcellence.org/honduras-2021/
c0bf466579f2d947,Honduras,2021,COE,21,c0bf466579f2d947|COE|NA|21,TRUE,17.2,826.73,14219.76,14219.756,2.812986998947174e-7,https://allianceforcoffeeexcellence.org/honduras-2021/
c0bf466579f2d947,Honduras,2021,COE,22,c0bf466579f2d947|COE|NA|22,TRUE,24.1,496.04,11954.56,11954.564,3.346003534061402e-7,https://allianceforcoffeeexcellence.org/honduras-2021/
c0bf466579f2d947,Honduras,2021,COE,23,c0bf466579f2d947|COE|NA|23,TRUE,15.1,462.97,6990.85,6990.847000000001,4.29132365835583e-7,https://allianceforcoffeeexcellence.org/honduras-2021/
c0bf466579f2d947,Honduras,2021,COE,24,c0bf466579f2d947|COE|NA|24,TRUE,14.1,661.39,9325.6,9325.599,1.0723170629275616e-7,https://allianceforcoffeeexcellence.org/honduras-2021/
c0bf466579f2d947,Honduras,2021,COE,25,c0bf466579f2d947|COE|NA|25,TRUE,23.9,595.25,14226.48,14226.474999999999,3.5145728254766e-7,https://allianceforcoffeeexcellence.org/honduras-2021/
1a1cc9a2fd677144,Honduras,2022,COE,1A,1a1cc9a2fd677144|COE|NA|1A,TRUE,130.5,264.55,34523.78,34523.775,1.4482770998368822e-7,https://allianceforcoffeeexcellence.org/honduras-2022/
1a1cc9a2fd677144,Honduras,2022,COE,1B,1a1cc9a2fd677144|COE|NA|1B,TRUE,134,198.42,26588.28,26588.28,0,https://allianceforcoffeeexcellence.org/honduras-2022/
1a1cc9a2fd677144,Honduras,2022,COE,2A,1a1cc9a2fd677144|COE|NA|2A,TRUE,50.5,264.55,13359.78,13359.775000000001,3.7425765987161797e-7,https://allianceforcoffeeexcellence.org/honduras-2022/
1a1cc9a2fd677144,Honduras,2022,COE,2B,1a1cc9a2fd677144|COE|NA|2B,TRUE,35,198.42,6944.7,6944.7,0,https://allianceforcoffeeexcellence.org/honduras-2022/
1a1cc9a2fd677144,Honduras,2022,COE,3,1a1cc9a2fd677144|COE|NA|3,TRUE,28.9,496.04,14335.56,14335.556,2.790264209417643e-7,https://allianceforcoffeeexcellence.org/honduras-2022/
1a1cc9a2fd677144,Honduras,2022,COE,4,1a1cc9a2fd677144|COE|NA|4,TRUE,25,595.25,14881.25,14881.25,0,https://allianceforcoffeeexcellence.org/honduras-2022/
1a1cc9a2fd677144,Honduras,2022,COE,5,1a1cc9a2fd677144|COE|NA|5,TRUE,20.2,496.04,10020.01,10020.008,1.996005992416628e-7,https://allianceforcoffeeexcellence.org/honduras-2022/
1a1cc9a2fd677144,Honduras,2022,COE,6,1a1cc9a2fd677144|COE|NA|6,TRUE,13.8,727.52,10039.78,10039.776,3.984151047946177e-7,https://allianceforcoffeeexcellence.org/honduras-2022/
1a1cc9a2fd677144,Honduras,2022,COE,7,1a1cc9a2fd677144|COE|NA|7,TRUE,15.6,496.04,7738.22,7738.224,5.169147426546948e-7,https://allianceforcoffeeexcellence.org/honduras-2022/
1a1cc9a2fd677144,Honduras,2022,COE,8,1a1cc9a2fd677144|COE|NA|8,TRUE,13.3,892.87,11875.17,11875.171,8.420932081003698e-8,https://allianceforcoffeeexcellence.org/honduras-2022/
1a1cc9a2fd677144,Honduras,2022,COE,9,1a1cc9a2fd677144|COE|NA|9,TRUE,51,562.18,28671.18,28671.179999999997,1.2688626024780678e-16,https://allianceforcoffeeexcellence.org/honduras-2022/
1a1cc9a2fd677144,Honduras,2022,COE,10,1a1cc9a2fd677144|COE|NA|10,TRUE,19.3,892.87,17232.39,17232.391,5.803025582659903e-8,https://allianceforcoffeeexcellence.org/honduras-2022/
1a1cc9a2fd677144,Honduras,2022,COE,11,1a1cc9a2fd677144|COE|NA|11,TRUE,24.9,661.39,16468.61,16468.610999999997,6.07215786010931e-8,https://allianceforcoffeeexcellence.org/honduras-2022/
1a1cc9a2fd677144,Honduras,2022,COE,12,1a1cc9a2fd677144|COE|NA|12,TRUE,12,925.94,11111.28,11111.28,0,https://allianceforcoffeeexcellence.org/honduras-2022/
1a1cc9a2fd677144,Honduras,2022,COE,13,1a1cc9a2fd677144|COE|NA|13,TRUE,12.7,628.32,7979.66,7979.664,5.012744903799676e-7,https://allianceforcoffeeexcellence.org/honduras-2022/
1a1cc9a2fd677144,Honduras,2022,COE,14,1a1cc9a2fd677144|COE|NA|14,TRUE,15.3,628.32,9613.3,9613.296000000002,4.1609020806350876e-7,https://allianceforcoffeeexcellence.org/honduras-2022/
1a1cc9a2fd677144,Honduras,2022,COE,15,1a1cc9a2fd677144|COE|NA|15,TRUE,15.4,628.32,9676.13,9676.128,2.066942050787313e-7,https://allianceforcoffeeexcellence.org/honduras-2022/
1a1cc9a2fd677144,Honduras,2022,COE,16,1a1cc9a2fd677144|COE|NA|16,TRUE,17,694.46,11805.82,11805.82,0,https://allianceforcoffeeexcellence.org/honduras-2022/
1a1cc9a2fd677144,Honduras,2022,COE,17,1a1cc9a2fd677144|COE|NA|17,TRUE,16.3,791,12893.3,12893.300000000001,1.410802047222865e-16,https://allianceforcoffeeexcellence.org/honduras-2022/
1a1cc9a2fd677144,Honduras,2022,COE,18,1a1cc9a2fd677144|COE|NA|18,TRUE,12.6,496.04,6250.1,6250.104,6.399897601487035e-7,https://allianceforcoffeeexcellence.org/honduras-2022/
1a1cc9a2fd677144,Honduras,2022,COE,19,1a1cc9a2fd677144|COE|NA|19,TRUE,16.8,496.04,8333.47,8333.472000000002,2.3999606433171816e-7,https://allianceforcoffeeexcellence.org/honduras-2022/
1a1cc9a2fd677144,Honduras,2022,COE,20,1a1cc9a2fd677144|COE|NA|20,TRUE,15.1,529.11,7989.56,7989.561,1.251633380679577e-7,https://allianceforcoffeeexcellence.org/honduras-2022/
1a1cc9a2fd677144,Honduras,2022,COE,21,1a1cc9a2fd677144|COE|NA|21,TRUE,10.05,1157.43,11632.17,11632.171500000002,1.2895272353521138e-7,https://allianceforcoffeeexcellence.org/honduras-2022/
1a1cc9a2fd677144,Honduras,2022,COE,22,1a1cc9a2fd677144|COE|NA|22,TRUE,10,727.52,7275.2,7275.2,0,https://allianceforcoffeeexcellence.org/honduras-2022/
1a1cc9a2fd677144,Honduras,2022,COE,23,1a1cc9a2fd677144|COE|NA|23,TRUE,9.9,1421.98,14077.6,14077.602,1.4206967099558545e-7,https://allianceforcoffeeexcellence.org/honduras-2022/
1a1cc9a2fd677144,Honduras,2022,COE,24,1a1cc9a2fd677144|COE|NA|24,TRUE,9.6,892.87,8571.55,8571.552,2.3333002787214142e-7,https://allianceforcoffeeexcellence.org/honduras-2022/
1a1cc9a2fd677144,Honduras,2022,COE,25,1a1cc9a2fd677144|COE|NA|25,TRUE,10.8,562.18,6071.54,6071.544,6.588114382686127e-7,https://allianceforcoffeeexcellence.org/honduras-2022/
c00d15b2e8b05812,Honduras,2023,COE,1A,c00d15b2e8b05812|COE|NA|1A,TRUE,62,462.97,28704.14,28704.140000000003,1.2674056101634513e-16,https://allianceforcoffeeexcellence.org/honduras-2023/
c00d15b2e8b05812,Honduras,2023,COE,1B,c00d15b2e8b05812|COE|NA|1B,TRUE,62,462.97,28704.14,28704.140000000003,1.2674056101634513e-16,https://allianceforcoffeeexcellence.org/honduras-2023/
c00d15b2e8b05812,Honduras,2023,COE,2A,c00d15b2e8b05812|COE|NA|2A,TRUE,60.4,330.69,19973.68,19973.676,2.002635468684242e-7,https://allianceforcoffeeexcellence.org/honduras-2023/
c00d15b2e8b05812,Honduras,2023,COE,2B,c00d15b2e8b05812|COE|NA|2B,TRUE,60.2,324.08,19509.62,19509.615999999998,2.0502705848780794e-7,https://allianceforcoffeeexcellence.org/honduras-2023/
c00d15b2e8b05812,Honduras,2023,COE,3,c00d15b2e8b05812|COE|NA|3,TRUE,42.1,513.68,21625.93,21625.928,9.248157190962209e-8,https://allianceforcoffeeexcellence.org/honduras-2023/
c00d15b2e8b05812,Honduras,2023,COE,4,c00d15b2e8b05812|COE|NA|4,TRUE,36,562.18,20238.48,20238.48,0,https://allianceforcoffeeexcellence.org/honduras-2023/
c00d15b2e8b05812,Honduras,2023,COE,5,c00d15b2e8b05812|COE|NA|5,TRUE,30.1,595.25,17917.03,17917.025,2.7906410813514605e-7,https://allianceforcoffeeexcellence.org/honduras-2023/
c00d15b2e8b05812,Honduras,2023,COE,6,c00d15b2e8b05812|COE|NA|6,TRUE,10.1,652.57,6590.96,6590.957,4.551688979604922e-7,https://allianceforcoffeeexcellence.org/honduras-2023/
c00d15b2e8b05812,Honduras,2023,COE,7,c00d15b2e8b05812|COE|NA|7,TRUE,20.2,529.11,10688.02,10688.021999999999,1.8712539821112462e-7,https://allianceforcoffeeexcellence.org/honduras-2023/
c00d15b2e8b05812,Honduras,2023,COE,8,c00d15b2e8b05812|COE|NA|8,TRUE,10,529.11,5291.1,5291.1,0,https://allianceforcoffeeexcellence.org/honduras-2023/
c00d15b2e8b05812,Honduras,2023,COE,9,c00d15b2e8b05812|COE|NA|9,TRUE,20,595.25,11905,11905,0,https://allianceforcoffeeexcellence.org/honduras-2023/
c00d15b2e8b05812,Honduras,2023,COE,10,c00d15b2e8b05812|COE|NA|10,TRUE,19.6,590.84,11580.46,11580.464000000002,3.454094226510775e-7,https://allianceforcoffeeexcellence.org/honduras-2023/
c00d15b2e8b05812,Honduras,2023,COE,11,c00d15b2e8b05812|COE|NA|11,TRUE,17,1719.6,29233.2,29233.199999999997,1.24446820980656e-16,https://allianceforcoffeeexcellence.org/honduras-2023/
c00d15b2e8b05812,Honduras,2023,COE,12,c00d15b2e8b05812|COE|NA|12,TRUE,10.3,595.25,6131.08,6131.075000000001,8.15517005030051e-7,https://allianceforcoffeeexcellence.org/honduras-2023/
c00d15b2e8b05812,Honduras,2023,COE,13,c00d15b2e8b05812|COE|NA|13,TRUE,20.2,571,11534.2,11534.199999999999,1.577039936489619e-16,https://allianceforcoffeeexcellence.org/honduras-2023/
c00d15b2e8b05812,Honduras,2023,COE,14,c00d15b2e8b05812|COE|NA|14,TRUE,9,698.86,6289.74,6289.74,0,https://allianceforcoffeeexcellence.org/honduras-2023/
c00d15b2e8b05812,Honduras,2023,COE,15,c00d15b2e8b05812|COE|NA|15,TRUE,13.1,595.25,7797.78,7797.775,6.412081387406595e-7,https://allianceforcoffeeexcellence.org/honduras-2023/
c00d15b2e8b05812,Honduras,2023,COE,16,c00d15b2e8b05812|COE|NA|16,TRUE,8.9,793.66,7063.57,7063.574,5.66285886585029e-7,https://allianceforcoffeeexcellence.org/honduras-2023/
c00d15b2e8b05812,Honduras,2023,COE,17,c00d15b2e8b05812|COE|NA|17,TRUE,6.6,595.25,3928.65,3928.6499999999996,1.1575155610361424e-16,https://allianceforcoffeeexcellence.org/honduras-2023/
c00d15b2e8b05812,Honduras,2023,COE,18,c00d15b2e8b05812|COE|NA|18,TRUE,8.2,462.97,3796.35,3796.354,1.0536436313578601e-6,https://allianceforcoffeeexcellence.org/honduras-2023/
c00d15b2e8b05812,Honduras,2023,COE,19,c00d15b2e8b05812|COE|NA|19,TRUE,19.1,595.25,11369.28,11369.275000000001,4.397815868022992e-7,https://allianceforcoffeeexcellence.org/honduras-2023/
c00d15b2e8b05812,Honduras,2023,COE,20,c00d15b2e8b05812|COE|NA|20,TRUE,9.2,564.38,5192.3,5192.295999999999,7.703715118184441e-7,https://allianceforcoffeeexcellence.org/honduras-2023/
c00d15b2e8b05812,Honduras,2023,COE,21,c00d15b2e8b05812|COE|NA|21,TRUE,8.2,529.11,4338.7,4338.701999999999,4.6096757081567267e-7,https://allianceforcoffeeexcellence.org/honduras-2023/
c00d15b2e8b05812,Honduras,2023,COE,22,c00d15b2e8b05812|COE|NA|22,TRUE,7.7,595.25,4583.43,4583.425,1.0908860831536948e-6,https://allianceforcoffeeexcellence.org/honduras-2023/
c00d15b2e8b05812,Honduras,2023,COE,23,c00d15b2e8b05812|COE|NA|23,TRUE,20.2,507.06,10242.61,10242.612,1.9526273074816516e-7,https://allianceforcoffeeexcellence.org/honduras-2023/
c00d15b2e8b05812,Honduras,2023,COE,24,c00d15b2e8b05812|COE|NA|24,TRUE,8.4,725.32,6092.69,6092.688000000001,3.2826222876733666e-7,https://allianceforcoffeeexcellence.org/honduras-2023/
c00d15b2e8b05812,Honduras,2023,COE,25,c00d15b2e8b05812|COE|NA|25,TRUE,5.8,529.11,3068.84,3068.838,6.517120475335e-7,https://allianceforcoffeeexcellence.org/honduras-2023/
c00d15b2e8b05812,Honduras,2023,COE,26,c00d15b2e8b05812|COE|NA|26,TRUE,10.1,518.09,5232.71,5232.709,1.9110556484187483e-7,https://allianceforcoffeeexcellence.org/honduras-2023/
c00d15b2e8b05812,Honduras,2023,COE,27,c00d15b2e8b05812|COE|NA|27,TRUE,16.8,529.11,8889.05,8889.048,2.249959217901198e-7,https://allianceforcoffeeexcellence.org/honduras-2023/
c00d15b2e8b05812,Honduras,2023,COE,28,c00d15b2e8b05812|COE|NA|28,TRUE,8.2,449.74,3687.87,3687.868,5.423184656597729e-7,https://allianceforcoffeeexcellence.org/honduras-2023/
c00d15b2e8b05812,Honduras,2023,COE,29,c00d15b2e8b05812|COE|NA|29,TRUE,8.4,727.52,6111.17,6111.168,3.272695736507827e-7,https://allianceforcoffeeexcellence.org/honduras-2023/
c00d15b2e8b05812,Honduras,2023,COE,30,c00d15b2e8b05812|COE|NA|30,TRUE,9.5,1446.23,13739.19,13739.185,3.639224729419008e-7,https://allianceforcoffeeexcellence.org/honduras-2023/
730e5b8120156480,Honduras,2024,COE,1A,730e5b8120156480|COE|NA|1A,TRUE,132,276.56,36505.92,36505.92,0,https://allianceforcoffeeexcellence.org/honduras-2024/
730e5b8120156480,Honduras,2024,COE,1B,730e5b8120156480|COE|NA|1B,TRUE,136.5,264.56,36112.44,36112.44,0,https://allianceforcoffeeexcellence.org/honduras-2024/
730e5b8120156480,Honduras,2024,COE,2A,730e5b8120156480|COE|NA|2A,TRUE,50,297.63,14881.5,14881.5,0,https://allianceforcoffeeexcellence.org/honduras-2024/
730e5b8120156480,Honduras,2024,COE,2B,730e5b8120156480|COE|NA|2B,TRUE,50.1,276.56,13855.66,13855.656,2.886906866216346e-7,https://allianceforcoffeeexcellence.org/honduras-2024/
730e5b8120156480,Honduras,2024,COE,3A,730e5b8120156480|COE|NA|3A,TRUE,33.1,330.7,10946.17,10946.17,0,https://allianceforcoffeeexcellence.org/honduras-2024/
730e5b8120156480,Honduras,2024,COE,3B,730e5b8120156480|COE|NA|3B,TRUE,34.4,305.63,10513.67,10513.671999999999,1.9022853091151465e-7,https://allianceforcoffeeexcellence.org/honduras-2024/
730e5b8120156480,Honduras,2024,COE,4,730e5b8120156480|COE|NA|4,TRUE,30.2,574.19,17340.54,17340.538,1.1533666197289436e-7,https://allianceforcoffeeexcellence.org/honduras-2024/
730e5b8120156480,Honduras,2024,COE,5,730e5b8120156480|COE|NA|5,TRUE,41,656.33,26909.53,26909.530000000002,1.3519295235151685e-16,https://allianceforcoffeeexcellence.org/honduras-2024/
730e5b8120156480,Honduras,2024,COE,6,730e5b8120156480|COE|NA|6,TRUE,20.1,879.82,17684.38,17684.382,1.1309415429929992e-7,https://allianceforcoffeeexcellence.org/honduras-2024/
730e5b8120156480,Honduras,2024,COE,7,730e5b8120156480|COE|NA|7,TRUE,27.1,689.4,18682.74,18682.74,0,https://allianceforcoffeeexcellence.org/honduras-2024/
730e5b8120156480,Honduras,2024,COE,8,730e5b8120156480|COE|NA|8,TRUE,29.1,537.12,15630.19,15630.192000000001,1.2795749766365308e-7,https://allianceforcoffeeexcellence.org/honduras-2024/
730e5b8120156480,Honduras,2024,COE,9,730e5b8120156480|COE|NA|9,TRUE,19.4,768.61,14911.03,14911.034,2.6825779298921117e-7,https://allianceforcoffeeexcellence.org/honduras-2024/
730e5b8120156480,Honduras,2024,COE,10,730e5b8120156480|COE|NA|10,TRUE,20.1,551.12,11077.51,11077.512,1.8054598916249712e-7,https://allianceforcoffeeexcellence.org/honduras-2024/
730e5b8120156480,Honduras,2024,COE,11,730e5b8120156480|COE|NA|11,TRUE,21,510.05,10711.05,10711.050000000001,1.69823631067529e-16,https://allianceforcoffeeexcellence.org/honduras-2024/
730e5b8120156480,Honduras,2024,COE,12,730e5b8120156480|COE|NA|12,TRUE,19.7,658.33,12969.1,12969.101,7.7106352808115193e-08,https://allianceforcoffeeexcellence.org/honduras-2024/
730e5b8120156480,Honduras,2024,COE,13,730e5b8120156480|COE|NA|13,TRUE,19.2,623.26,11966.59,11966.591999999999,1.6713198986415212e-7,https://allianceforcoffeeexcellence.org/honduras-2024/
730e5b8120156480,Honduras,2024,COE,14,730e5b8120156480|COE|NA|14,TRUE,20.8,514.05,10692.24,10692.24,0,https://allianceforcoffeeexcellence.org/honduras-2024/
730e5b8120156480,Honduras,2024,COE,15,730e5b8120156480|COE|NA|15,TRUE,20,559.12,11182.4,11182.4,0,https://allianceforcoffeeexcellence.org/honduras-2024/
730e5b8120156480,Honduras,2024,COE,16,730e5b8120156480|COE|NA|16,TRUE,19.2,760.61,14603.71,14603.712,1.3695150070820727e-7,https://allianceforcoffeeexcellence.org/honduras-2024/
730e5b8120156480,Honduras,2024,COE,17,730e5b8120156480|COE|NA|17,TRUE,16.6,562.19,9332.35,9332.354000000001,4.286165864776725e-7,https://allianceforcoffeeexcellence.org/honduras-2024/
730e5b8120156480,Honduras,2024,COE,18,730e5b8120156480|COE|NA|18,TRUE,23.1,578.19,13356.19,13356.189000000002,7.487165115086992e-8,https://allianceforcoffeeexcellence.org/honduras-2024/
730e5b8120156480,Honduras,2024,COE,19,730e5b8120156480|COE|NA|19,TRUE,15,551.12,8266.8,8266.8,0,https://allianceforcoffeeexcellence.org/honduras-2024/
730e5b8120156480,Honduras,2024,COE,20,730e5b8120156480|COE|NA|20,TRUE,15,620.26,9303.9,9303.9,0,https://allianceforcoffeeexcellence.org/honduras-2024/
730e5b8120156480,Honduras,2024,COE,21,730e5b8120156480|COE|NA|21,TRUE,14.4,793.68,11428.99,11428.992,1.7499359089538564e-7,https://allianceforcoffeeexcellence.org/honduras-2024/
730e5b8120156480,Honduras,2024,COE,22,730e5b8120156480|COE|NA|22,TRUE,14.3,859.82,12295.43,12295.426000000001,3.253241244101197e-7,https://allianceforcoffeeexcellence.org/honduras-2024/
730e5b8120156480,Honduras,2024,COE,23,730e5b8120156480|COE|NA|23,TRUE,18.1,727.54,13168.47,13168.474,3.0375586539779547e-7,https://allianceforcoffeeexcellence.org/honduras-2024/
730e5b8120156480,Honduras,2024,COE,24,730e5b8120156480|COE|NA|24,TRUE,15.1,512.05,7731.96,7731.954999999999,6.466665633317599e-7,https://allianceforcoffeeexcellence.org/honduras-2024/
730e5b8120156480,Honduras,2024,COE,25,730e5b8120156480|COE|NA|25,TRUE,22.1,547.12,12091.35,12091.352,1.6540750209095375e-7,https://allianceforcoffeeexcellence.org/honduras-2024/
730e5b8120156480,Honduras,2024,COE,26,730e5b8120156480|COE|NA|26,TRUE,17.1,514.05,8790.26,8790.255,5.688113890850366e-7,https://allianceforcoffeeexcellence.org/honduras-2024/
730e5b8120156480,Honduras,2024,COE,27,730e5b8120156480|COE|NA|27,TRUE,14.2,941.96,13375.83,13375.832,1.4952343147359482e-7,https://allianceforcoffeeexcellence.org/honduras-2024/
730e5b8120156480,Honduras,2024,COE,28,730e5b8120156480|COE|NA|28,TRUE,15.3,557.12,8523.94,8523.936,4.6926655992591536e-7,https://allianceforcoffeeexcellence.org/honduras-2024/
730e5b8120156480,Honduras,2024,COE,29,730e5b8120156480|COE|NA|29,TRUE,13.4,1434.01,19215.73,19215.734,2.0816279167197434e-7,https://allianceforcoffeeexcellence.org/honduras-2024/
633bbe248a592d8c,Honduras,2025,COE,1A,633bbe248a592d8c|COE|Honduras Traditional Varieties|1A,TRUE,28.1,926,26020.6,26020.600000000002,1.398114880937301e-16,https://allianceforcoffeeexcellence.org/honduras-2025/
633bbe248a592d8c,Honduras,2025,COE,1B,633bbe248a592d8c|COE|Honduras Traditional Varieties|1B,TRUE,26.1,860,22446,22446,0,https://allianceforcoffeeexcellence.org/honduras-2025/
633bbe248a592d8c,Honduras,2025,COE,2,633bbe248a592d8c|COE|Honduras Traditional Varieties|2,TRUE,40.1,463,18566.3,18566.3,0,https://allianceforcoffeeexcellence.org/honduras-2025/
633bbe248a592d8c,Honduras,2025,COE,3,633bbe248a592d8c|COE|Honduras Traditional Varieties|3,TRUE,30,463,13890,13890,0,https://allianceforcoffeeexcellence.org/honduras-2025/
633bbe248a592d8c,Honduras,2025,COE,4,633bbe248a592d8c|COE|Honduras Traditional Varieties|4,TRUE,16.2,860,13932,13932,0,https://allianceforcoffeeexcellence.org/honduras-2025/
633bbe248a592d8c,Honduras,2025,COE,5,633bbe248a592d8c|COE|Honduras Traditional Varieties|5,TRUE,15.4,926,14260.4,14260.4,0,https://allianceforcoffeeexcellence.org/honduras-2025/
633bbe248a592d8c,Honduras,2025,COE,6,633bbe248a592d8c|COE|Honduras Traditional Varieties|6,TRUE,18.2,397,7225.4,7225.4,0,https://allianceforcoffeeexcellence.org/honduras-2025/
633bbe248a592d8c,Honduras,2025,COE,7,633bbe248a592d8c|COE|Honduras Traditional Varieties|7,TRUE,15.1,463,6991.3,6991.3,0,https://allianceforcoffeeexcellence.org/honduras-2025/
633bbe248a592d8c,Honduras,2025,COE,8,633bbe248a592d8c|COE|Honduras Traditional Varieties|8,TRUE,15.1,1025,15477.5,15477.5,0,https://allianceforcoffeeexcellence.org/honduras-2025/
633bbe248a592d8c,Honduras,2025,COE,9,633bbe248a592d8c|COE|Honduras Traditional Varieties|9,TRUE,15.1,1058,15975.8,15975.8,0,https://allianceforcoffeeexcellence.org/honduras-2025/
633bbe248a592d8c,Honduras,2025,COE,10,633bbe248a592d8c|COE|Honduras Traditional Varieties|10,TRUE,16,827,13232,13232,0,https://allianceforcoffeeexcellence.org/honduras-2025/
633bbe248a592d8c,Honduras,2025,COE,1A,633bbe248a592d8c|COE|Parainema Variety|1A,TRUE,45.1,265,11951.5,11951.5,0,https://allianceforcoffeeexcellence.org/honduras-2025/
633bbe248a592d8c,Honduras,2025,COE,1B,633bbe248a592d8c|COE|Parainema Variety|1B,TRUE,45.2,231,10441.2,10441.2,0,https://allianceforcoffeeexcellence.org/honduras-2025/
633bbe248a592d8c,Honduras,2025,COE,2,633bbe248a592d8c|COE|Parainema Variety|2,TRUE,21,728,15288,15288,0,https://allianceforcoffeeexcellence.org/honduras-2025/
633bbe248a592d8c,Honduras,2025,COE,3,633bbe248a592d8c|COE|Parainema Variety|3,TRUE,23.1,595,13744.5,13744.5,0,https://allianceforcoffeeexcellence.org/honduras-2025/
633bbe248a592d8c,Honduras,2025,COE,4,633bbe248a592d8c|COE|Parainema Variety|4,TRUE,20.2,463,9352.6,9352.6,0,https://allianceforcoffeeexcellence.org/honduras-2025/
633bbe248a592d8c,Honduras,2025,COE,5,633bbe248a592d8c|COE|Parainema Variety|5,TRUE,21.6,496,10713.6,10713.6,0,https://allianceforcoffeeexcellence.org/honduras-2025/
633bbe248a592d8c,Honduras,2025,COE,6,633bbe248a592d8c|COE|Parainema Variety|6,TRUE,19.5,562,10959,10959,0,https://allianceforcoffeeexcellence.org/honduras-2025/
633bbe248a592d8c,Honduras,2025,COE,1A,633bbe248a592d8c|COE|Exotic Varieties|1A,TRUE,81.2,265,21518,21518,0,https://allianceforcoffeeexcellence.org/honduras-2025/
633bbe248a592d8c,Honduras,2025,COE,1B,633bbe248a592d8c|COE|Exotic Varieties|1B,TRUE,88.4,231,20420.4,20420.4,0,https://allianceforcoffeeexcellence.org/honduras-2025/
633bbe248a592d8c,Honduras,2025,COE,2,633bbe248a592d8c|COE|Exotic Varieties|2,TRUE,31.1,860,26746,26746,0,https://allianceforcoffeeexcellence.org/honduras-2025/
633bbe248a592d8c,Honduras,2025,COE,3,633bbe248a592d8c|COE|Exotic Varieties|3,TRUE,38.1,529,20154.9,20154.9,0,https://allianceforcoffeeexcellence.org/honduras-2025/
633bbe248a592d8c,Honduras,2025,COE,4,633bbe248a592d8c|COE|Exotic Varieties|4,TRUE,25.2,562,14162.4,14162.4,0,https://allianceforcoffeeexcellence.org/honduras-2025/
633bbe248a592d8c,Honduras,2025,COE,5,633bbe248a592d8c|COE|Exotic Varieties|5,TRUE,29,562,16298,16298,0,https://allianceforcoffeeexcellence.org/honduras-2025/
633bbe248a592d8c,Honduras,2025,COE,6,633bbe248a592d8c|COE|Exotic Varieties|6,TRUE,31,562,17422,17422,0,https://allianceforcoffeeexcellence.org/honduras-2025/
633bbe248a592d8c,Honduras,2025,COE,7,633bbe248a592d8c|COE|Exotic Varieties|7,TRUE,25.2,728,18345.6,18345.6,0,https://allianceforcoffeeexcellence.org/honduras-2025/
633bbe248a592d8c,Honduras,2025,COE,8,633bbe248a592d8c|COE|Exotic Varieties|8,TRUE,20.6,827,17036.2,17036.2,0,https://allianceforcoffeeexcellence.org/honduras-2025/
633bbe248a592d8c,Honduras,2025,COE,9,633bbe248a592d8c|COE|Exotic Varieties|9,TRUE,30,463,13890,13890,0,https://allianceforcoffeeexcellence.org/honduras-2025/
633bbe248a592d8c,Honduras,2025,COE,10,633bbe248a592d8c|COE|Exotic Varieties|10,TRUE,20.3,794,16118.2,16118.2,0,https://allianceforcoffeeexcellence.org/honduras-2025/
633bbe248a592d8c,Honduras,2025,COE,11,633bbe248a592d8c|COE|Exotic Varieties|11,TRUE,16,728,11648,11648,0,https://allianceforcoffeeexcellence.org/honduras-2025/
633bbe248a592d8c,Honduras,2025,COE,12,633bbe248a592d8c|COE|Exotic Varieties|12,TRUE,20.6,628,12936.8,12936.800000000001,1.406058224248544e-16,https://allianceforcoffeeexcellence.org/honduras-2025/
633bbe248a592d8c,Honduras,2025,COE,13,633bbe248a592d8c|COE|Exotic Varieties|13,TRUE,15.2,562,8542.4,8542.4,0,https://allianceforcoffeeexcellence.org/honduras-2025/
633bbe248a592d8c,Honduras,2025,COE,14,633bbe248a592d8c|COE|Exotic Varieties|14,TRUE,18.7,595,11126.5,11126.5,0,https://allianceforcoffeeexcellence.org/honduras-2025/
e80af4f8d8bd890c,Indonesia,2021,COE,1,e80af4f8d8bd890c|COE|NA|1,TRUE,80,462.97,37037.6,37037.600000000006,1.9644786957533496e-16,https://allianceforcoffeeexcellence.org/indonesia-2021/
e80af4f8d8bd890c,Indonesia,2021,COE,2,e80af4f8d8bd890c|COE|NA|2,TRUE,65.2,410.06,26735.91,26735.912,7.480575751517168e-8,https://allianceforcoffeeexcellence.org/indonesia-2021/
e80af4f8d8bd890c,Indonesia,2021,COE,3,e80af4f8d8bd890c|COE|NA|3,TRUE,69.1,577.61,39912.85,39912.850999999995,2.505458759687038e-8,https://allianceforcoffeeexcellence.org/indonesia-2021/
e80af4f8d8bd890c,Indonesia,2021,COE,4,e80af4f8d8bd890c|COE|NA|4,TRUE,35.2,791.46,27860.8,27859.392000000003,5.053695514830188e-5,https://allianceforcoffeeexcellence.org/indonesia-2021/
e80af4f8d8bd890c,Indonesia,2021,COE,5,e80af4f8d8bd890c|COE|NA|5,TRUE,25.1,454.15,11399.17,11399.165,4.3862842638539863e-7,https://allianceforcoffeeexcellence.org/indonesia-2021/
e80af4f8d8bd890c,Indonesia,2021,COE,6,e80af4f8d8bd890c|COE|NA|6,TRUE,21.7,454.15,9855.06,9855.054999999998,5.073535829328927e-7,https://allianceforcoffeeexcellence.org/indonesia-2021/
e80af4f8d8bd890c,Indonesia,2021,COE,7,e80af4f8d8bd890c|COE|NA|7,TRUE,45.2,480.61,21723.57,21723.572000000004,9.206589911535869e-8,https://allianceforcoffeeexcellence.org/indonesia-2021/
e80af4f8d8bd890c,Indonesia,2021,COE,8,e80af4f8d8bd890c|COE|NA|8,TRUE,19.2,447.54,8592.77,8592.768,2.3275381517339036e-7,https://allianceforcoffeeexcellence.org/indonesia-2021/
e80af4f8d8bd890c,Indonesia,2021,COE,9,e80af4f8d8bd890c|COE|NA|9,TRUE,24.3,416.67,10125.08,10125.081,9.876465175620606e-8,https://allianceforcoffeeexcellence.org/indonesia-2021/
e80af4f8d8bd890c,Indonesia,2021,COE,10,e80af4f8d8bd890c|COE|NA|10,TRUE,24.2,427.7,10350.34,10350.34,0,https://allianceforcoffeeexcellence.org/indonesia-2021/
e80af4f8d8bd890c,Indonesia,2021,COE,11,e80af4f8d8bd890c|COE|NA|11,TRUE,18.6,462.97,8611.24,8611.242000000002,2.3225458844794048e-7,https://allianceforcoffeeexcellence.org/indonesia-2021/
e80af4f8d8bd890c,Indonesia,2021,COE,12,e80af4f8d8bd890c|COE|NA|12,TRUE,19.3,462.97,8935.32,8935.321000000002,1.119154100829871e-7,https://allianceforcoffeeexcellence.org/indonesia-2021/
e80af4f8d8bd890c,Indonesia,2021,COE,13,e80af4f8d8bd890c|COE|NA|13,TRUE,32.2,346.13,11145.39,11145.386,3.5889277979468803e-7,https://allianceforcoffeeexcellence.org/indonesia-2021/
e80af4f8d8bd890c,Indonesia,2021,COE,14,e80af4f8d8bd890c|COE|NA|14,TRUE,22.6,522.5,11808.5,11808.5,0,https://allianceforcoffeeexcellence.org/indonesia-2021/
e80af4f8d8bd890c,Indonesia,2021,COE,15,e80af4f8d8bd890c|COE|NA|15,TRUE,25.3,456.36,11545.91,11545.908000000001,1.7322151295034036e-7,https://allianceforcoffeeexcellence.org/indonesia-2021/
e80af4f8d8bd890c,Indonesia,2021,COE,16,e80af4f8d8bd890c|COE|NA|16,TRUE,21.9,407.86,8932.13,8932.134,4.478215163477141e-7,https://allianceforcoffeeexcellence.org/indonesia-2021/
e80af4f8d8bd890c,Indonesia,2021,COE,17,e80af4f8d8bd890c|COE|NA|17,TRUE,19,429.9,8168.1,8168.0999999999995,1.1134715561427114e-16,https://allianceforcoffeeexcellence.org/indonesia-2021/
e80af4f8d8bd890c,Indonesia,2021,COE,18,e80af4f8d8bd890c|COE|NA|18,TRUE,20.1,462.97,9305.7,9305.697000000002,3.2238305541680805e-7,https://allianceforcoffeeexcellence.org/indonesia-2021/
e80af4f8d8bd890c,Indonesia,2021,COE,19,e80af4f8d8bd890c|COE|NA|19,TRUE,19.2,520.29,9989.57,9989.568,2.0020881783775014e-7,https://allianceforcoffeeexcellence.org/indonesia-2021/
e80af4f8d8bd890c,Indonesia,2021,COE,20,e80af4f8d8bd890c|COE|NA|20,TRUE,19.7,478.4,9424.48,9424.48,0,https://allianceforcoffeeexcellence.org/indonesia-2021/
e80af4f8d8bd890c,Indonesia,2021,COE,21,e80af4f8d8bd890c|COE|NA|21,TRUE,25.1,476.2,11952.62,11952.62,0,https://allianceforcoffeeexcellence.org/indonesia-2021/
e80af4f8d8bd890c,Indonesia,2021,COE,22,e80af4f8d8bd890c|COE|NA|22,TRUE,19.9,462.97,9213.1,9213.103,3.256232971304111e-7,https://allianceforcoffeeexcellence.org/indonesia-2021/
e80af4f8d8bd890c,Indonesia,2021,COE,23,e80af4f8d8bd890c|COE|NA|23,TRUE,25.5,454.15,11580.83,11580.824999999999,4.3174798360900163e-7,https://allianceforcoffeeexcellence.org/indonesia-2021/
e80af4f8d8bd890c,Indonesia,2021,COE,24,e80af4f8d8bd890c|COE|NA|24,TRUE,23,454.15,10445.45,10445.449999999999,1.741417941348488e-16,https://allianceforcoffeeexcellence.org/indonesia-2021/
e80af4f8d8bd890c,Indonesia,2021,COE,25,e80af4f8d8bd890c|COE|NA|25,TRUE,18.2,478.4,8706.88,8706.88,0,https://allianceforcoffeeexcellence.org/indonesia-2021/
e80af4f8d8bd890c,Indonesia,2021,COE,26,e80af4f8d8bd890c|COE|NA|26,TRUE,17.6,396.83,6984.21,6984.2080000000005,2.863602325098986e-7,https://allianceforcoffeeexcellence.org/indonesia-2021/
35258d5d107d50f1,Indonesia,2022,COE,1A,35258d5d107d50f1|COE|NA|1A,TRUE,40.2,429.9,17281.98,17281.98,0,https://allianceforcoffeeexcellence.org/indonesia-2022/
35258d5d107d50f1,Indonesia,2022,COE,1B,35258d5d107d50f1|COE|NA|1B,TRUE,40.2,396.83,15952.57,15952.566,2.507432970985815e-7,https://allianceforcoffeeexcellence.org/indonesia-2022/
35258d5d107d50f1,Indonesia,2022,COE,2,35258d5d107d50f1|COE|NA|2,TRUE,20.2,595.25,12024.05,12024.05,0,https://allianceforcoffeeexcellence.org/indonesia-2022/
35258d5d107d50f1,Indonesia,2022,COE,3,35258d5d107d50f1|COE|NA|3,TRUE,26.9,595.25,16012.23,16012.224999999999,3.122613153207663e-7,https://allianceforcoffeeexcellence.org/indonesia-2022/
35258d5d107d50f1,Indonesia,2022,COE,4,35258d5d107d50f1|COE|NA|4,TRUE,15.2,793.66,12063.63,12063.632,1.6578757806791603e-7,https://allianceforcoffeeexcellence.org/indonesia-2022/
35258d5d107d50f1,Indonesia,2022,COE,5,35258d5d107d50f1|COE|NA|5,TRUE,13.5,793.66,10714.41,10714.41,0,https://allianceforcoffeeexcellence.org/indonesia-2022/
35258d5d107d50f1,Indonesia,2022,COE,6,35258d5d107d50f1|COE|NA|6,TRUE,14.1,562.18,7926.74,7926.737999999999,2.5231053376387436e-7,https://allianceforcoffeeexcellence.org/indonesia-2022/
35258d5d107d50f1,Indonesia,2022,COE,7,35258d5d107d50f1|COE|NA|7,TRUE,19.55,826.73,16162.57,16162.571500000002,9.280702277698285e-8,https://allianceforcoffeeexcellence.org/indonesia-2022/
35258d5d107d50f1,Indonesia,2022,COE,8,35258d5d107d50f1|COE|NA|8,TRUE,10.7,793.66,8492.16,8492.161999999998,2.3551134206002527e-7,https://allianceforcoffeeexcellence.org/indonesia-2022/
35258d5d107d50f1,Indonesia,2022,COE,9,35258d5d107d50f1|COE|NA|9,TRUE,20.2,562.18,11356.04,11356.035999999998,3.5223546259381757e-7,https://allianceforcoffeeexcellence.org/indonesia-2022/
35258d5d107d50f1,Indonesia,2022,COE,10,35258d5d107d50f1|COE|NA|10,TRUE,13.3,562.18,7476.99,7476.994,5.349746355024432e-7,https://allianceforcoffeeexcellence.org/indonesia-2022/
35258d5d107d50f1,Indonesia,2022,COE,11,35258d5d107d50f1|COE|NA|11,TRUE,9.7,694.46,6736.26,6736.262,2.9690065399761275e-7,https://allianceforcoffeeexcellence.org/indonesia-2022/
35258d5d107d50f1,Indonesia,2022,COE,12,35258d5d107d50f1|COE|NA|12,TRUE,20.1,595.25,11964.53,11964.525000000001,4.17901915010422e-7,https://allianceforcoffeeexcellence.org/indonesia-2022/
35258d5d107d50f1,Indonesia,2022,COE,13,35258d5d107d50f1|COE|NA|13,TRUE,14.5,562.18,8151.61,8151.61,0,https://allianceforcoffeeexcellence.org/indonesia-2022/
35258d5d107d50f1,Indonesia,2022,COE,14,35258d5d107d50f1|COE|NA|14,TRUE,14.6,793.66,11587.44,11587.436,3.4520135602125295e-7,https://allianceforcoffeeexcellence.org/indonesia-2022/
35258d5d107d50f1,Indonesia,2022,COE,15,35258d5d107d50f1|COE|NA|15,TRUE,10.1,1058.2,10688.02,10687.82,1.8712539834387248e-5,https://allianceforcoffeeexcellence.org/indonesia-2022/
35258d5d107d50f1,Indonesia,2022,COE,16,35258d5d107d50f1|COE|NA|16,TRUE,10.9,562.18,6127.76,6127.762,3.2638353974339054e-7,https://allianceforcoffeeexcellence.org/indonesia-2022/
35258d5d107d50f1,Indonesia,2022,COE,17,35258d5d107d50f1|COE|NA|17,TRUE,12.8,793.66,10158.85,10158.848,1.9687267755774063e-7,https://allianceforcoffeeexcellence.org/indonesia-2022/
35258d5d107d50f1,Indonesia,2022,COE,18,35258d5d107d50f1|COE|NA|18,TRUE,13.2,793.66,10476.31,10476.312,1.9090691287366007e-7,https://allianceforcoffeeexcellence.org/indonesia-2022/
35258d5d107d50f1,Indonesia,2022,COE,19,35258d5d107d50f1|COE|NA|19,TRUE,10.1,595.25,6012.03,6012.025,8.316658433356353e-7,https://allianceforcoffeeexcellence.org/indonesia-2022/
35258d5d107d50f1,Indonesia,2022,COE,20,35258d5d107d50f1|COE|NA|20,TRUE,9,562.18,5059.62,5059.62,0,https://allianceforcoffeeexcellence.org/indonesia-2022/
35258d5d107d50f1,Indonesia,2022,COE,21,35258d5d107d50f1|COE|NA|21,TRUE,20.1,595.25,NA,NA,NA,https://allianceforcoffeeexcellence.org/indonesia-2022/
35258d5d107d50f1,Indonesia,2022,COE,22,35258d5d107d50f1|COE|NA|22,TRUE,9.7,826.73,8019.28,8019.281,1.2469947429242113e-7,https://allianceforcoffeeexcellence.org/indonesia-2022/
7d2b8caa9301eabc,Indonesia,2023,COE,1A,7d2b8caa9301eabc|COE|NA|1A,TRUE,45.5,396.83,18055.77,18055.765,2.7691978802447273e-7,https://allianceforcoffeeexcellence.org/indonesia-2023/
7d2b8caa9301eabc,Indonesia,2023,COE,1B,7d2b8caa9301eabc|COE|NA|1B,TRUE,43.6,391.19,17055.88,17055.884000000002,2.3452322605546633e-7,https://allianceforcoffeeexcellence.org/indonesia-2023/
7d2b8caa9301eabc,Indonesia,2023,COE,2A,7d2b8caa9301eabc|COE|NA|2A,TRUE,30,330.69,9920.7,9920.7,0,https://allianceforcoffeeexcellence.org/indonesia-2023/
7d2b8caa9301eabc,Indonesia,2023,COE,2B,7d2b8caa9301eabc|COE|NA|2B,TRUE,30.5,295.11,9000.86,9000.855,5.555024743211909e-7,https://allianceforcoffeeexcellence.org/indonesia-2023/
7d2b8caa9301eabc,Indonesia,2023,COE,3A,7d2b8caa9301eabc|COE|NA|3A,TRUE,26.25,298.51,7835.89,7835.8875,3.190448054412858e-7,https://allianceforcoffeeexcellence.org/indonesia-2023/
7d2b8caa9301eabc,Indonesia,2023,COE,3B,7d2b8caa9301eabc|COE|NA|3B,TRUE,27.3,264.55,7222.22,7222.215,6.92307905340621e-7,https://allianceforcoffeeexcellence.org/indonesia-2023/
7d2b8caa9301eabc,Indonesia,2023,COE,4,7d2b8caa9301eabc|COE|NA|4,TRUE,10,582.5,5825,5825,0,https://allianceforcoffeeexcellence.org/indonesia-2023/
7d2b8caa9301eabc,Indonesia,2023,COE,5,7d2b8caa9301eabc|COE|NA|5,TRUE,8.6,773.16,6649.18,6649.1759999999995,6.01577939056381e-7,https://allianceforcoffeeexcellence.org/indonesia-2023/
7d2b8caa9301eabc,Indonesia,2023,COE,6,7d2b8caa9301eabc|COE|NA|6,TRUE,10.37,568.48,5895.14,5895.1376,4.0711501343599054e-7,https://allianceforcoffeeexcellence.org/indonesia-2023/
7d2b8caa9301eabc,Indonesia,2023,COE,7,7d2b8caa9301eabc|COE|NA|7,TRUE,15.8,581.18,9182.64,9182.644,4.356045756792064e-7,https://allianceforcoffeeexcellence.org/indonesia-2023/
7d2b8caa9301eabc,Indonesia,2023,COE,8,7d2b8caa9301eabc|COE|NA|8,TRUE,9.3,571.53,5315.23,5315.229,1.8813861287173503e-7,https://allianceforcoffeeexcellence.org/indonesia-2023/
7d2b8caa9301eabc,Indonesia,2023,COE,9,7d2b8caa9301eabc|COE|NA|9,TRUE,11.8,573.95,6772.61,6772.610000000001,1.3429013360771228e-16,https://allianceforcoffeeexcellence.org/indonesia-2023/
7d2b8caa9301eabc,Indonesia,2023,COE,10,7d2b8caa9301eabc|COE|NA|10,TRUE,9,608.65,5477.85,5477.8499999999995,1.6603132648263976e-16,https://allianceforcoffeeexcellence.org/indonesia-2023/
7d2b8caa9301eabc,Indonesia,2023,COE,11,7d2b8caa9301eabc|COE|NA|11,TRUE,7,723.51,5064.57,5064.57,0,https://allianceforcoffeeexcellence.org/indonesia-2023/
7d2b8caa9301eabc,Indonesia,2023,COE,12,7d2b8caa9301eabc|COE|NA|12,TRUE,8.6,571,4910.6,4910.5999999999995,1.8521050416912968e-16,https://allianceforcoffeeexcellence.org/indonesia-2023/
7d2b8caa9301eabc,Indonesia,2023,COE,13,7d2b8caa9301eabc|COE|NA|13,TRUE,10.2,584.22,5959.04,5959.044,6.712490602354428e-7,https://allianceforcoffeeexcellence.org/indonesia-2023/
7d2b8caa9301eabc,Indonesia,2023,COE,14,7d2b8caa9301eabc|COE|NA|14,TRUE,11.11,574.88,6386.92,6386.9168,5.010239677506887e-7,https://allianceforcoffeeexcellence.org/indonesia-2023/
7d2b8caa9301eabc,Indonesia,2023,COE,15,7d2b8caa9301eabc|COE|NA|15,TRUE,10.9,584.53,6371.38,6371.3769999999995,4.7085560751535467e-7,https://allianceforcoffeeexcellence.org/indonesia-2023/
7d2b8caa9301eabc,Indonesia,2023,COE,16,7d2b8caa9301eabc|COE|NA|16,TRUE,11.1,566.19,6284.71,6284.709000000001,1.5911633142885386e-7,https://allianceforcoffeeexcellence.org/indonesia-2023/
7d2b8caa9301eabc,Indonesia,2023,COE,17,7d2b8caa9301eabc|COE|NA|17,TRUE,10.2,578.14,5897.03,5897.027999999999,3.391537774790791e-7,https://allianceforcoffeeexcellence.org/indonesia-2023/
7d2b8caa9301eabc,Indonesia,2023,COE,18,7d2b8caa9301eabc|COE|NA|18,TRUE,10.2,621.44,6338.69,6338.688,3.155226079044659e-7,https://allianceforcoffeeexcellence.org/indonesia-2023/
7d2b8caa9301eabc,Indonesia,2023,COE,19,7d2b8caa9301eabc|COE|NA|19,TRUE,13.6,898.03,12213.21,12213.207999999999,1.6375711220943992e-7,https://allianceforcoffeeexcellence.org/indonesia-2023/
7d2b8caa9301eabc,Indonesia,2023,COE,20,7d2b8caa9301eabc|COE|NA|20,TRUE,6.25,908.3,5676.88,5676.875,8.807654909226792e-7,https://allianceforcoffeeexcellence.org/indonesia-2023/
7d2b8caa9301eabc,Indonesia,2023,COE,21,7d2b8caa9301eabc|COE|NA|21,TRUE,16.4,588.37,9649.27,9649.268,2.0726956551194583e-7,https://allianceforcoffeeexcellence.org/indonesia-2023/
7d2b8caa9301eabc,Indonesia,2023,COE,22,7d2b8caa9301eabc|COE|NA|22,TRUE,8.45,577.39,4878.95,4878.9455,9.22329599607964e-7,https://allianceforcoffeeexcellence.org/indonesia-2023/
96a5d35a9035433e,Mexico,2012,COE,1,96a5d35a9035433e|COE|NA|1,TRUE,50.21,NA,89662.01,NA,NA,https://allianceforcoffeeexcellence.org/mexico-2012/
96a5d35a9035433e,Mexico,2012,COE,2,96a5d35a9035433e|COE|NA|2,TRUE,15,NA,38691.15,NA,NA,https://allianceforcoffeeexcellence.org/mexico-2012/
96a5d35a9035433e,Mexico,2012,COE,3,96a5d35a9035433e|COE|NA|3,TRUE,7.2,NA,43810.2,NA,NA,https://allianceforcoffeeexcellence.org/mexico-2012/
96a5d35a9035433e,Mexico,2012,COE,4,96a5d35a9035433e|COE|NA|4,TRUE,9.56,NA,34775.65,NA,NA,https://allianceforcoffeeexcellence.org/mexico-2012/
96a5d35a9035433e,Mexico,2012,COE,5,96a5d35a9035433e|COE|NA|5,TRUE,6.9,NA,36508.52,NA,NA,https://allianceforcoffeeexcellence.org/mexico-2012/
96a5d35a9035433e,Mexico,2012,COE,7,96a5d35a9035433e|COE|NA|7,TRUE,4.71,NA,35823.98,NA,NA,https://allianceforcoffeeexcellence.org/mexico-2012/
96a5d35a9035433e,Mexico,2012,COE,8,96a5d35a9035433e|COE|NA|8,TRUE,4.8,NA,36508.51,NA,NA,https://allianceforcoffeeexcellence.org/mexico-2012/
96a5d35a9035433e,Mexico,2012,COE,10,96a5d35a9035433e|COE|NA|10,TRUE,9.4,NA,16785.96,NA,NA,https://allianceforcoffeeexcellence.org/mexico-2012/
96a5d35a9035433e,Mexico,2012,COE,11,96a5d35a9035433e|COE|NA|11,TRUE,5.11,NA,38866.35,NA,NA,https://allianceforcoffeeexcellence.org/mexico-2012/
96a5d35a9035433e,Mexico,2012,COE,12,96a5d35a9035433e|COE|NA|12,TRUE,9.5,NA,14451.31,NA,NA,https://allianceforcoffeeexcellence.org/mexico-2012/
eb4956f44a554a3b,Mexico,2013,COE,1,eb4956f44a554a3b|COE|NA|1,TRUE,30.1,NA,51772,NA,NA,https://allianceforcoffeeexcellence.org/mexico-2013/
eb4956f44a554a3b,Mexico,2013,COE,2,eb4956f44a554a3b|COE|NA|2,TRUE,30.1,NA,53758.6,NA,NA,https://allianceforcoffeeexcellence.org/mexico-2013/
eb4956f44a554a3b,Mexico,2013,COE,3,eb4956f44a554a3b|COE|NA|3,TRUE,16,NA,47616,NA,NA,https://allianceforcoffeeexcellence.org/mexico-2013/
eb4956f44a554a3b,Mexico,2013,COE,4,eb4956f44a554a3b|COE|NA|4,TRUE,8.6,NA,22179.4,NA,NA,https://allianceforcoffeeexcellence.org/mexico-2013/
eb4956f44a554a3b,Mexico,2013,COE,5,eb4956f44a554a3b|COE|NA|5,TRUE,7.5,NA,12397.5,NA,NA,https://allianceforcoffeeexcellence.org/mexico-2013/
eb4956f44a554a3b,Mexico,2013,COE,6,eb4956f44a554a3b|COE|NA|6,TRUE,8.2,NA,9216.8,NA,NA,https://allianceforcoffeeexcellence.org/mexico-2013/
eb4956f44a554a3b,Mexico,2013,COE,7,eb4956f44a554a3b|COE|NA|7,TRUE,5.1,NA,13831.2,NA,NA,https://allianceforcoffeeexcellence.org/mexico-2013/
eb4956f44a554a3b,Mexico,2013,COE,8,eb4956f44a554a3b|COE|NA|8,TRUE,8.2,NA,12472.2,NA,NA,https://allianceforcoffeeexcellence.org/mexico-2013/
eb4956f44a554a3b,Mexico,2013,COE,9,eb4956f44a554a3b|COE|NA|9,TRUE,10.4,NA,47465.6,NA,NA,https://allianceforcoffeeexcellence.org/mexico-2013/
eb4956f44a554a3b,Mexico,2013,COE,10,eb4956f44a554a3b|COE|NA|10,TRUE,8.15,NA,17791.45,NA,NA,https://allianceforcoffeeexcellence.org/mexico-2013/
eb4956f44a554a3b,Mexico,2013,COE,11,eb4956f44a554a3b|COE|NA|11,TRUE,6.41,NA,23319.58,NA,NA,https://allianceforcoffeeexcellence.org/mexico-2013/
eb4956f44a554a3b,Mexico,2013,COE,12,eb4956f44a554a3b|COE|NA|12,TRUE,6.1,NA,9680.7,NA,NA,https://allianceforcoffeeexcellence.org/mexico-2013/
eb4956f44a554a3b,Mexico,2013,COE,13,eb4956f44a554a3b|COE|NA|13,TRUE,8.1,NA,15535.8,NA,NA,https://allianceforcoffeeexcellence.org/mexico-2013/
eb4956f44a554a3b,Mexico,2013,COE,14,eb4956f44a554a3b|COE|NA|14,TRUE,8.1,NA,10716.3,NA,NA,https://allianceforcoffeeexcellence.org/mexico-2013/
eb4956f44a554a3b,Mexico,2013,COE,15A,eb4956f44a554a3b|COE|NA|15A,TRUE,6.2,NA,9021,NA,NA,https://allianceforcoffeeexcellence.org/mexico-2013/
eb4956f44a554a3b,Mexico,2013,COE,15B,eb4956f44a554a3b|COE|NA|15B,TRUE,4.4,NA,10476.4,NA,NA,https://allianceforcoffeeexcellence.org/mexico-2013/
3963608e04ba6462,Mexico,2014,COE,1,3963608e04ba6462|COE|NA|1,TRUE,16.1,NA,19175.1,NA,NA,https://allianceforcoffeeexcellence.org/mexico-2014/
3963608e04ba6462,Mexico,2014,COE,2,3963608e04ba6462|COE|NA|2,TRUE,11.4,NA,15082.2,NA,NA,https://allianceforcoffeeexcellence.org/mexico-2014/
3963608e04ba6462,Mexico,2014,COE,3,3963608e04ba6462|COE|NA|3,TRUE,15.7,NA,8305.3,NA,NA,https://allianceforcoffeeexcellence.org/mexico-2014/
3963608e04ba6462,Mexico,2014,COE,4,3963608e04ba6462|COE|NA|4,TRUE,11.3,NA,10463.8,NA,NA,https://allianceforcoffeeexcellence.org/mexico-2014/
3963608e04ba6462,Mexico,2014,COE,5,3963608e04ba6462|COE|NA|5,TRUE,9.65,NA,10846.6,NA,NA,https://allianceforcoffeeexcellence.org/mexico-2014/
3963608e04ba6462,Mexico,2014,COE,6,3963608e04ba6462|COE|NA|6,TRUE,8.1,NA,21967.2,NA,NA,https://allianceforcoffeeexcellence.org/mexico-2014/
3963608e04ba6462,Mexico,2014,COE,7,3963608e04ba6462|COE|NA|7,TRUE,10.2,NA,10118.4,NA,NA,https://allianceforcoffeeexcellence.org/mexico-2014/
3963608e04ba6462,Mexico,2014,COE,8,3963608e04ba6462|COE|NA|8,TRUE,8.1,NA,12320.1,NA,NA,https://allianceforcoffeeexcellence.org/mexico-2014/
3963608e04ba6462,Mexico,2014,COE,9,3963608e04ba6462|COE|NA|9,TRUE,10.1,NA,22048.3,NA,NA,https://allianceforcoffeeexcellence.org/mexico-2014/
3963608e04ba6462,Mexico,2014,COE,10,3963608e04ba6462|COE|NA|10,TRUE,8,NA,20104,NA,NA,https://allianceforcoffeeexcellence.org/mexico-2014/
3963608e04ba6462,Mexico,2014,COE,11,3963608e04ba6462|COE|NA|11,TRUE,9.1,NA,15652,NA,NA,https://allianceforcoffeeexcellence.org/mexico-2014/
3963608e04ba6462,Mexico,2014,COE,12,3963608e04ba6462|COE|NA|12,TRUE,8.2,NA,20065.4,NA,NA,https://allianceforcoffeeexcellence.org/mexico-2014/
3963608e04ba6462,Mexico,2014,COE,13,3963608e04ba6462|COE|NA|13,TRUE,7.05,NA,10257.75,NA,NA,https://allianceforcoffeeexcellence.org/mexico-2014/
3963608e04ba6462,Mexico,2014,COE,14,3963608e04ba6462|COE|NA|14,TRUE,7.4,NA,16642.6,NA,NA,https://allianceforcoffeeexcellence.org/mexico-2014/
3963608e04ba6462,Mexico,2014,COE,15,3963608e04ba6462|COE|NA|15,TRUE,7.9,NA,11494.5,NA,NA,https://allianceforcoffeeexcellence.org/mexico-2014/
3963608e04ba6462,Mexico,2014,COE,16,3963608e04ba6462|COE|NA|16,TRUE,7.2,NA,27144,NA,NA,https://allianceforcoffeeexcellence.org/mexico-2014/
3963608e04ba6462,Mexico,2014,COE,17,3963608e04ba6462|COE|NA|17,TRUE,7.6,NA,19098.8,NA,NA,https://allianceforcoffeeexcellence.org/mexico-2014/
3963608e04ba6462,Mexico,2014,COE,18,3963608e04ba6462|COE|NA|18,TRUE,8,NA,19048,NA,NA,https://allianceforcoffeeexcellence.org/mexico-2014/
3963608e04ba6462,Mexico,2014,COE,19,3963608e04ba6462|COE|NA|19,TRUE,5.9,NA,41754.3,NA,NA,https://allianceforcoffeeexcellence.org/mexico-2014/
9c4359f85637f806,Mexico,2015,COE,1,9c4359f85637f806|COE|NA|1,TRUE,16.6,NA,23422.6,NA,NA,https://allianceforcoffeeexcellence.org/mexico-2015/
9c4359f85637f806,Mexico,2015,COE,2,9c4359f85637f806|COE|NA|2,TRUE,13.5,NA,19048.5,NA,NA,https://allianceforcoffeeexcellence.org/mexico-2015/
9c4359f85637f806,Mexico,2015,COE,3,9c4359f85637f806|COE|NA|3,TRUE,8.41,NA,17450.75,NA,NA,https://allianceforcoffeeexcellence.org/mexico-2015/
9c4359f85637f806,Mexico,2015,COE,4,9c4359f85637f806|COE|NA|4,TRUE,9,NA,14877,NA,NA,https://allianceforcoffeeexcellence.org/mexico-2015/
9c4359f85637f806,Mexico,2015,COE,5,9c4359f85637f806|COE|NA|5,TRUE,5.6,NA,6960.8,NA,NA,https://allianceforcoffeeexcellence.org/mexico-2015/
9c4359f85637f806,Mexico,2015,COE,7,9c4359f85637f806|COE|NA|7,TRUE,9.6,NA,5779.2,NA,NA,https://allianceforcoffeeexcellence.org/mexico-2015/
9c4359f85637f806,Mexico,2015,COE,8,9c4359f85637f806|COE|NA|8,TRUE,7.9,NA,7836.8,NA,NA,https://allianceforcoffeeexcellence.org/mexico-2015/
9c4359f85637f806,Mexico,2015,COE,9,9c4359f85637f806|COE|NA|9,TRUE,10.7,NA,8495.8,NA,NA,https://allianceforcoffeeexcellence.org/mexico-2015/
9c4359f85637f806,Mexico,2015,COE,10,9c4359f85637f806|COE|NA|10,TRUE,7.25,NA,13427,NA,NA,https://allianceforcoffeeexcellence.org/mexico-2015/
9c4359f85637f806,Mexico,2015,COE,13,9c4359f85637f806|COE|NA|13,TRUE,9.1,NA,7826,NA,NA,https://allianceforcoffeeexcellence.org/mexico-2015/
9c4359f85637f806,Mexico,2015,COE,14,9c4359f85637f806|COE|NA|14,TRUE,7.1,NA,4714.4,NA,NA,https://allianceforcoffeeexcellence.org/mexico-2015/
9c4359f85637f806,Mexico,2015,COE,15,9c4359f85637f806|COE|NA|15,TRUE,6.4,NA,4659.2,NA,NA,https://allianceforcoffeeexcellence.org/mexico-2015/
9c4359f85637f806,Mexico,2015,COE,16,9c4359f85637f806|COE|NA|16,TRUE,4.2,NA,6388.2,NA,NA,https://allianceforcoffeeexcellence.org/mexico-2015/
9c4359f85637f806,Mexico,2015,COE,17,9c4359f85637f806|COE|NA|17,TRUE,5.6,NA,9245.6,NA,NA,https://allianceforcoffeeexcellence.org/mexico-2015/
9c4359f85637f806,Mexico,2015,COE,18,9c4359f85637f806|COE|NA|18,TRUE,6.3,NA,5002.2,NA,NA,https://allianceforcoffeeexcellence.org/mexico-2015/
9c4359f85637f806,Mexico,2015,COE,19,9c4359f85637f806|COE|NA|19,TRUE,6,NA,24606,NA,NA,https://allianceforcoffeeexcellence.org/mexico-2015/
9c4359f85637f806,Mexico,2015,COE,20,9c4359f85637f806|COE|NA|20,TRUE,4.1,NA,6227.9,NA,NA,https://allianceforcoffeeexcellence.org/mexico-2015/
7cd41b217cdcd97e,Mexico,2017,NW,23,7cd41b217cdcd97e|NW|NA|23,TRUE,4.68,NA,4023.86,NA,NA,https://allianceforcoffeeexcellence.org/mexico-2017/
7cd41b217cdcd97e,Mexico,2017,NW,24,7cd41b217cdcd97e|NW|NA|24,TRUE,4.3,NA,7963.08,NA,NA,https://allianceforcoffeeexcellence.org/mexico-2017/
7cd41b217cdcd97e,Mexico,2017,NW,25,7cd41b217cdcd97e|NW|NA|25,TRUE,7.1,NA,1878.38,NA,NA,https://allianceforcoffeeexcellence.org/mexico-2017/
7cd41b217cdcd97e,Mexico,2017,NW,26,7cd41b217cdcd97e|NW|NA|26,FALSE,NA,NA,NA,NA,NA,https://allianceforcoffeeexcellence.org/mexico-2017/
7cd41b217cdcd97e,Mexico,2017,NW,27,7cd41b217cdcd97e|NW|NA|27,TRUE,4.58,NA,6967.05,NA,NA,https://allianceforcoffeeexcellence.org/mexico-2017/
7cd41b217cdcd97e,Mexico,2017,NW,29,7cd41b217cdcd97e|NW|NA|29,TRUE,4.3,NA,8816.29,NA,NA,https://allianceforcoffeeexcellence.org/mexico-2017/
7cd41b217cdcd97e,Mexico,2017,NW,30,7cd41b217cdcd97e|NW|NA|30,TRUE,4.6,NA,5476.3,NA,NA,https://allianceforcoffeeexcellence.org/mexico-2017/
7cd41b217cdcd97e,Mexico,2017,NW,32,7cd41b217cdcd97e|NW|NA|32,FALSE,NA,NA,NA,NA,NA,https://allianceforcoffeeexcellence.org/mexico-2017/
7cd41b217cdcd97e,Mexico,2017,NW,33,7cd41b217cdcd97e|NW|NA|33,FALSE,NA,NA,NA,NA,NA,https://allianceforcoffeeexcellence.org/mexico-2017/
7cd41b217cdcd97e,Mexico,2017,COE,1A,7cd41b217cdcd97e|COE|NA|1A,TRUE,100.49,NA,33231.04,NA,NA,https://allianceforcoffeeexcellence.org/mexico-2017/
7cd41b217cdcd97e,Mexico,2017,COE,1B,7cd41b217cdcd97e|COE|NA|1B,TRUE,55.4,NA,18320.23,NA,NA,https://allianceforcoffeeexcellence.org/mexico-2017/
7cd41b217cdcd97e,Mexico,2017,COE,2A,7cd41b217cdcd97e|COE|NA|2A,TRUE,13.1,NA,10396.95,NA,NA,https://allianceforcoffeeexcellence.org/mexico-2017/
7cd41b217cdcd97e,Mexico,2017,COE,2B,7cd41b217cdcd97e|COE|NA|2B,TRUE,13.1,NA,9530.64,NA,NA,https://allianceforcoffeeexcellence.org/mexico-2017/
7cd41b217cdcd97e,Mexico,2017,COE,3A,7cd41b217cdcd97e|COE|NA|3A,TRUE,8.2,NA,12473.76,NA,NA,https://allianceforcoffeeexcellence.org/mexico-2017/
7cd41b217cdcd97e,Mexico,2017,COE,3B,7cd41b217cdcd97e|COE|NA|3B,TRUE,8.13,NA,12367.27,NA,NA,https://allianceforcoffeeexcellence.org/mexico-2017/
7cd41b217cdcd97e,Mexico,2017,COE,4A,7cd41b217cdcd97e|COE|NA|4A,TRUE,17.6,NA,5820.14,NA,NA,https://allianceforcoffeeexcellence.org/mexico-2017/
7cd41b217cdcd97e,Mexico,2017,COE,4B,7cd41b217cdcd97e|COE|NA|4B,TRUE,17.1,NA,5654.8,NA,NA,https://allianceforcoffeeexcellence.org/mexico-2017/
7cd41b217cdcd97e,Mexico,2017,COE,6A,7cd41b217cdcd97e|COE|NA|6A,TRUE,18.2,NA,7222.31,NA,NA,https://allianceforcoffeeexcellence.org/mexico-2017/
7cd41b217cdcd97e,Mexico,2017,COE,6B,7cd41b217cdcd97e|COE|NA|6B,TRUE,22.2,NA,7341.32,NA,NA,https://allianceforcoffeeexcellence.org/mexico-2017/
7cd41b217cdcd97e,Mexico,2017,COE,7,7cd41b217cdcd97e|COE|NA|7,TRUE,21.2,NA,8412.8,NA,NA,https://allianceforcoffeeexcellence.org/mexico-2017/
7cd41b217cdcd97e,Mexico,2017,COE,8,7cd41b217cdcd97e|COE|NA|8,TRUE,9.2,NA,18862.76,NA,NA,https://allianceforcoffeeexcellence.org/mexico-2017/
7cd41b217cdcd97e,Mexico,2017,COE,10,7cd41b217cdcd97e|COE|NA|10,TRUE,8.6,NA,6256.76,NA,NA,https://allianceforcoffeeexcellence.org/mexico-2017/
7cd41b217cdcd97e,Mexico,2017,COE,12,7cd41b217cdcd97e|COE|NA|12,TRUE,8.1,NA,14464.49,NA,NA,https://allianceforcoffeeexcellence.org/mexico-2017/
7cd41b217cdcd97e,Mexico,2017,COE,13,7cd41b217cdcd97e|COE|NA|13,TRUE,9.6,NA,11428.8,NA,NA,https://allianceforcoffeeexcellence.org/mexico-2017/
7cd41b217cdcd97e,Mexico,2017,COE,14,7cd41b217cdcd97e|COE|NA|14,TRUE,9.1,NA,7222.31,NA,NA,https://allianceforcoffeeexcellence.org/mexico-2017/
7cd41b217cdcd97e,Mexico,2017,COE,15,7cd41b217cdcd97e|COE|NA|15,TRUE,5.6,NA,14815.08,NA,NA,https://allianceforcoffeeexcellence.org/mexico-2017/
7cd41b217cdcd97e,Mexico,2017,COE,16,7cd41b217cdcd97e|COE|NA|16,TRUE,9.6,NA,5714.4,NA,NA,https://allianceforcoffeeexcellence.org/mexico-2017/
7cd41b217cdcd97e,Mexico,2017,COE,17,7cd41b217cdcd97e|COE|NA|17,TRUE,8.1,NA,7500.11,NA,NA,https://allianceforcoffeeexcellence.org/mexico-2017/
7cd41b217cdcd97e,Mexico,2017,COE,18,7cd41b217cdcd97e|COE|NA|18,TRUE,8.8,NA,5238.2,NA,NA,https://allianceforcoffeeexcellence.org/mexico-2017/
7cd41b217cdcd97e,Mexico,2017,COE,21,7cd41b217cdcd97e|COE|NA|21,TRUE,5.7,NA,18095.56,NA,NA,https://allianceforcoffeeexcellence.org/mexico-2017/
7cd41b217cdcd97e,Mexico,2017,COE,22,7cd41b217cdcd97e|COE|NA|22,TRUE,8.3,NA,7685.3,NA,NA,https://allianceforcoffeeexcellence.org/mexico-2017/
db8d673b53d2c07d,Mexico,2018,NW,29,db8d673b53d2c07d|NW|NA|29,TRUE,4,1719.6,6878.44,6878.4,5.8152720674983896e-6,https://allianceforcoffeeexcellence.org/mexico-2018/
db8d673b53d2c07d,Mexico,2018,NW,30,db8d673b53d2c07d|NW|NA|30,TRUE,4,1653.5,6613.88,6614,1.8143661511834333e-5,https://allianceforcoffeeexcellence.org/mexico-2018/
db8d673b53d2c07d,Mexico,2018,NW,31,db8d673b53d2c07d|NW|NA|31,TRUE,4,2050.3,8201.2,8201.2,0,https://allianceforcoffeeexcellence.org/mexico-2018/
db8d673b53d2c07d,Mexico,2018,COE,1A,db8d673b53d2c07d|COE|NA|1A,TRUE,100.2,NA,26507.91,NA,NA,https://allianceforcoffeeexcellence.org/mexico-2018/
db8d673b53d2c07d,Mexico,2018,COE,1B,db8d673b53d2c07d|COE|NA|1B,TRUE,39.1,NA,10343.91,NA,NA,https://allianceforcoffeeexcellence.org/mexico-2018/
db8d673b53d2c07d,Mexico,2018,COE,2A,db8d673b53d2c07d|COE|NA|2A,TRUE,27.4,NA,10873.14,NA,NA,https://allianceforcoffeeexcellence.org/mexico-2018/
db8d673b53d2c07d,Mexico,2018,COE,2B,db8d673b53d2c07d|COE|NA|2B,TRUE,28.3,NA,9358.53,NA,NA,https://allianceforcoffeeexcellence.org/mexico-2018/
db8d673b53d2c07d,Mexico,2018,COE,3A,db8d673b53d2c07d|COE|NA|3A,TRUE,9.15,NA,3025.81,NA,NA,https://allianceforcoffeeexcellence.org/mexico-2018/
db8d673b53d2c07d,Mexico,2018,COE,3B,db8d673b53d2c07d|COE|NA|3B,TRUE,9.2,NA,3042.35,NA,NA,https://allianceforcoffeeexcellence.org/mexico-2018/
db8d673b53d2c07d,Mexico,2018,COE,4A,db8d673b53d2c07d|COE|NA|4A,TRUE,7.7,NA,3564.87,NA,NA,https://allianceforcoffeeexcellence.org/mexico-2018/
db8d673b53d2c07d,Mexico,2018,COE,4B,db8d673b53d2c07d|COE|NA|4B,TRUE,7.6,NA,3518.57,NA,NA,https://allianceforcoffeeexcellence.org/mexico-2018/
db8d673b53d2c07d,Mexico,2018,COE,5,db8d673b53d2c07d|COE|NA|5,TRUE,7.1,NA,5634.99,NA,NA,https://allianceforcoffeeexcellence.org/mexico-2018/
db8d673b53d2c07d,Mexico,2018,COE,6,db8d673b53d2c07d|COE|NA|6,TRUE,10.2,NA,10793.74,NA,NA,https://allianceforcoffeeexcellence.org/mexico-2018/
db8d673b53d2c07d,Mexico,2018,COE,7,db8d673b53d2c07d|COE|NA|7,TRUE,10.2,NA,12142.9,NA,NA,https://allianceforcoffeeexcellence.org/mexico-2018/
db8d673b53d2c07d,Mexico,2018,COE,8,db8d673b53d2c07d|COE|NA|8,TRUE,6.8,NA,8500.07,NA,NA,https://allianceforcoffeeexcellence.org/mexico-2018/
db8d673b53d2c07d,Mexico,2018,COE,9,db8d673b53d2c07d|COE|NA|9,TRUE,10.3,NA,6812.21,NA,NA,https://allianceforcoffeeexcellence.org/mexico-2018/
db8d673b53d2c07d,Mexico,2018,COE,10,db8d673b53d2c07d|COE|NA|10,TRUE,8,NA,3703.76,NA,NA,https://allianceforcoffeeexcellence.org/mexico-2018/
db8d673b53d2c07d,Mexico,2018,COE,11,db8d673b53d2c07d|COE|NA|11,TRUE,5.7,NA,5654.8,NA,NA,https://allianceforcoffeeexcellence.org/mexico-2018/
db8d673b53d2c07d,Mexico,2018,COE,12,db8d673b53d2c07d|COE|NA|12,TRUE,6,NA,4761.96,NA,NA,https://allianceforcoffeeexcellence.org/mexico-2018/
db8d673b53d2c07d,Mexico,2018,COE,13,db8d673b53d2c07d|COE|NA|13,TRUE,6.5,NA,5588.64,NA,NA,https://allianceforcoffeeexcellence.org/mexico-2018/
db8d673b53d2c07d,Mexico,2018,COE,14,db8d673b53d2c07d|COE|NA|14,TRUE,5.6,NA,5185.21,NA,NA,https://allianceforcoffeeexcellence.org/mexico-2018/
db8d673b53d2c07d,Mexico,2018,COE,15,db8d673b53d2c07d|COE|NA|15,TRUE,7,NA,5092.64,NA,NA,https://allianceforcoffeeexcellence.org/mexico-2018/
db8d673b53d2c07d,Mexico,2018,COE,16,db8d673b53d2c07d|COE|NA|16,TRUE,5.5,NA,7250.93,NA,NA,https://allianceforcoffeeexcellence.org/mexico-2018/
db8d673b53d2c07d,Mexico,2018,COE,17,db8d673b53d2c07d|COE|NA|17,TRUE,7.2,NA,5682.6,NA,NA,https://allianceforcoffeeexcellence.org/mexico-2018/
db8d673b53d2c07d,Mexico,2018,COE,18,db8d673b53d2c07d|COE|NA|18,TRUE,6.3,NA,6250.04,NA,NA,https://allianceforcoffeeexcellence.org/mexico-2018/
db8d673b53d2c07d,Mexico,2018,COE,19,db8d673b53d2c07d|COE|NA|19,TRUE,5.7,NA,6031.8,NA,NA,https://allianceforcoffeeexcellence.org/mexico-2018/
db8d673b53d2c07d,Mexico,2018,COE,20,db8d673b53d2c07d|COE|NA|20,TRUE,5.7,NA,6006.66,NA,NA,https://allianceforcoffeeexcellence.org/mexico-2018/
db8d673b53d2c07d,Mexico,2018,COE,21,db8d673b53d2c07d|COE|NA|21,TRUE,5.5,NA,7638.95,NA,NA,https://allianceforcoffeeexcellence.org/mexico-2018/
db8d673b53d2c07d,Mexico,2018,COE,22,db8d673b53d2c07d|COE|NA|22,TRUE,5.5,NA,6547.64,NA,NA,https://allianceforcoffeeexcellence.org/mexico-2018/
db8d673b53d2c07d,Mexico,2018,COE,23,db8d673b53d2c07d|COE|NA|23,TRUE,5.7,NA,5277.8,NA,NA,https://allianceforcoffeeexcellence.org/mexico-2018/
db8d673b53d2c07d,Mexico,2018,COE,24,db8d673b53d2c07d|COE|NA|24,TRUE,6.9,NA,13690.57,NA,NA,https://allianceforcoffeeexcellence.org/mexico-2018/
db8d673b53d2c07d,Mexico,2018,COE,25,db8d673b53d2c07d|COE|NA|25,TRUE,5.5,NA,8730.21,NA,NA,https://allianceforcoffeeexcellence.org/mexico-2018/
db8d673b53d2c07d,Mexico,2018,COE,26,db8d673b53d2c07d|COE|NA|26,TRUE,7.1,NA,4226.2,NA,NA,https://allianceforcoffeeexcellence.org/mexico-2018/
db8d673b53d2c07d,Mexico,2018,COE,27,db8d673b53d2c07d|COE|NA|27,TRUE,5.7,NA,6031.8,NA,NA,https://allianceforcoffeeexcellence.org/mexico-2018/
db8d673b53d2c07d,Mexico,2018,COE,28,db8d673b53d2c07d|COE|NA|28,TRUE,6.8,NA,4497.38,NA,NA,https://allianceforcoffeeexcellence.org/mexico-2018/
cc0114c82be5db63,Mexico,2019,COE,1A,cc0114c82be5db63|COE|NA|1A,TRUE,35.4,330.69,11706.43,11706.426,3.41692557066066e-7,https://allianceforcoffeeexcellence.org/mexico-2019/
cc0114c82be5db63,Mexico,2019,COE,1B,cc0114c82be5db63|COE|NA|1B,TRUE,35.5,264.55,9391.53,9391.525,5.323946152563676e-7,https://allianceforcoffeeexcellence.org/mexico-2019/
cc0114c82be5db63,Mexico,2019,COE,2A,cc0114c82be5db63|COE|NA|2A,TRUE,11.6,584.22,6776.95,6776.952,2.9511801037449793e-7,https://allianceforcoffeeexcellence.org/mexico-2019/
cc0114c82be5db63,Mexico,2019,COE,2B,cc0114c82be5db63|COE|NA|2B,TRUE,11.6,529.1,6137.56,6137.56,0,https://allianceforcoffeeexcellence.org/mexico-2019/
cc0114c82be5db63,Mexico,2019,COE,3A,cc0114c82be5db63|COE|NA|3A,TRUE,9.85,462.97,4473.38,4560.2545,0.01942032646455251,https://allianceforcoffeeexcellence.org/mexico-2019/
cc0114c82be5db63,Mexico,2019,COE,3B,cc0114c82be5db63|COE|NA|3B,TRUE,9.75,396.83,3869.09,3869.0924999999997,6.461467682581233e-7,https://allianceforcoffeeexcellence.org/mexico-2019/
cc0114c82be5db63,Mexico,2019,COE,4,cc0114c82be5db63|COE|NA|4,TRUE,16.1,925.93,14907.47,14907.473,2.0124139110198984e-7,https://allianceforcoffeeexcellence.org/mexico-2019/
cc0114c82be5db63,Mexico,2019,COE,5,cc0114c82be5db63|COE|NA|5,TRUE,9.85,848.77,8360.38,8360.3845,5.382530460238375e-7,https://allianceforcoffeeexcellence.org/mexico-2019/
cc0114c82be5db63,Mexico,2019,COE,6,cc0114c82be5db63|COE|NA|6,TRUE,9.7,793.66,7698.5,7698.5019999999995,2.597908682857646e-7,https://allianceforcoffeeexcellence.org/mexico-2019/
cc0114c82be5db63,Mexico,2019,COE,7,cc0114c82be5db63|COE|NA|7,TRUE,7.4,859.79,6362.45,6362.446,6.286886340804898e-7,https://allianceforcoffeeexcellence.org/mexico-2019/
cc0114c82be5db63,Mexico,2019,COE,8,cc0114c82be5db63|COE|NA|8,TRUE,7.6,1653.45,12566.22,12566.22,0,https://allianceforcoffeeexcellence.org/mexico-2019/
cc0114c82be5db63,Mexico,2019,COE,9,cc0114c82be5db63|COE|NA|9,TRUE,8.1,793.66,6428.65,6428.646,6.222146173621854e-7,https://allianceforcoffeeexcellence.org/mexico-2019/
cc0114c82be5db63,Mexico,2019,COE,10,cc0114c82be5db63|COE|NA|10,TRUE,10,921.52,9215.2,9215.2,0,https://allianceforcoffeeexcellence.org/mexico-2019/
cc0114c82be5db63,Mexico,2019,COE,11,cc0114c82be5db63|COE|NA|11,TRUE,9.1,778.22,7101.91,7081.802,0.0028313510027584373,https://allianceforcoffeeexcellence.org/mexico-2019/
cc0114c82be5db63,Mexico,2019,COE,12,cc0114c82be5db63|COE|NA|12,TRUE,12.5,529.1,6613.75,6613.75,0,https://allianceforcoffeeexcellence.org/mexico-2019/
cc0114c82be5db63,Mexico,2019,COE,13,cc0114c82be5db63|COE|NA|13,TRUE,7,1256.62,8796.34,8796.34,0,https://allianceforcoffeeexcellence.org/mexico-2019/
cc0114c82be5db63,Mexico,2019,COE,14,cc0114c82be5db63|COE|NA|14,TRUE,8.3,992.07,8234.18,8234.181,1.2144500122704712e-7,https://allianceforcoffeeexcellence.org/mexico-2019/
cc0114c82be5db63,Mexico,2019,COE,15,cc0114c82be5db63|COE|NA|15,TRUE,7.2,853.18,6142.9,6142.896,6.511582477177576e-7,https://allianceforcoffeeexcellence.org/mexico-2019/
cc0114c82be5db63,Mexico,2019,COE,16,cc0114c82be5db63|COE|NA|16,TRUE,5.5,2050.28,11276.54,11276.54,0,https://allianceforcoffeeexcellence.org/mexico-2019/
cc0114c82be5db63,Mexico,2019,COE,17,cc0114c82be5db63|COE|NA|17,TRUE,7.5,793.66,5952.45,5952.45,0,https://allianceforcoffeeexcellence.org/mexico-2019/
cc0114c82be5db63,Mexico,2019,COE,18,cc0114c82be5db63|COE|NA|18,TRUE,5.9,859.79,5072.76,5072.761,1.971313447124892e-7,https://allianceforcoffeeexcellence.org/mexico-2019/
cc0114c82be5db63,Mexico,2019,COE,19,cc0114c82be5db63|COE|NA|19,TRUE,5.8,727.52,4219.62,4219.616,9.479526592217813e-7,https://allianceforcoffeeexcellence.org/mexico-2019/
cc0114c82be5db63,Mexico,2019,COE,20,cc0114c82be5db63|COE|NA|20,TRUE,5.7,2233.26,12729.58,12729.582000000002,1.5711437472614517e-7,https://allianceforcoffeeexcellence.org/mexico-2019/
cc0114c82be5db63,Mexico,2019,COE,21,cc0114c82be5db63|COE|NA|21,TRUE,5.6,1653.45,9259.32,9259.32,0,https://allianceforcoffeeexcellence.org/mexico-2019/
cc0114c82be5db63,Mexico,2019,COE,22,cc0114c82be5db63|COE|NA|22,TRUE,5.7,992.07,5654.8,5654.799000000001,1.7684091378903447e-7,https://allianceforcoffeeexcellence.org/mexico-2019/
cc0114c82be5db63,Mexico,2019,COE,23,cc0114c82be5db63|COE|NA|23,TRUE,5.6,1119.94,6271.66,6271.664,6.377896760834312e-7,https://allianceforcoffeeexcellence.org/mexico-2019/
cc0114c82be5db63,Mexico,2019,COE,24,cc0114c82be5db63|COE|NA|24,TRUE,5.5,1984.14,10912.77,10912.77,0,https://allianceforcoffeeexcellence.org/mexico-2019/
cc0114c82be5db63,Mexico,2019,COE,25,cc0114c82be5db63|COE|NA|25,TRUE,5.74,992.07,5694.48,5694.4818000000005,3.160955874658275e-7,https://allianceforcoffeeexcellence.org/mexico-2019/
cc0114c82be5db63,Mexico,2019,COE,26,cc0114c82be5db63|COE|NA|26,TRUE,5.5,2431.67,13374.19,13374.185000000001,3.738544165440781e-7,https://allianceforcoffeeexcellence.org/mexico-2019/
cc0114c82be5db63,Mexico,2019,COE,27,cc0114c82be5db63|COE|NA|27,TRUE,6.1,1044.98,6051.63,6374.378,0.05333240796281326,https://allianceforcoffeeexcellence.org/mexico-2019/
cc0114c82be5db63,Mexico,2019,COE,28,cc0114c82be5db63|COE|NA|28,TRUE,5.6,855.38,4790.13,4790.128,4.17525202950119e-7,https://allianceforcoffeeexcellence.org/mexico-2019/
8490c0273821d2a1,Mexico,2021,COE,1A,8490c0273821d2a1|COE|NA|1A,TRUE,55.8,595.25,33214.95,33214.95,0,https://allianceforcoffeeexcellence.org/mexico-2021/
8490c0273821d2a1,Mexico,2021,COE,1B,8490c0273821d2a1|COE|NA|1B,TRUE,55.8,595.25,33214.95,33214.95,0,https://allianceforcoffeeexcellence.org/mexico-2021/
8490c0273821d2a1,Mexico,2021,COE,2A,8490c0273821d2a1|COE|NA|2A,TRUE,18.9,727.52,13750.13,13750.127999999999,1.4545317029056844e-7,https://allianceforcoffeeexcellence.org/mexico-2021/
8490c0273821d2a1,Mexico,2021,COE,2B,8490c0273821d2a1|COE|NA|2B,TRUE,19,661.39,12566.41,12566.41,0,https://allianceforcoffeeexcellence.org/mexico-2021/
8490c0273821d2a1,Mexico,2021,COE,3A,8490c0273821d2a1|COE|NA|3A,TRUE,42.1,198.42,8353.48,8353.482,2.394211754152106e-7,https://allianceforcoffeeexcellence.org/mexico-2021/
8490c0273821d2a1,Mexico,2021,COE,3B,8490c0273821d2a1|COE|NA|3B,TRUE,42.1,198.42,8353.48,8353.482,2.394211754152106e-7,https://allianceforcoffeeexcellence.org/mexico-2021/
8490c0273821d2a1,Mexico,2021,COE,4,8490c0273821d2a1|COE|NA|4,TRUE,40.2,456.36,18345.67,18345.672000000002,1.0901755041082896e-7,https://allianceforcoffeeexcellence.org/mexico-2021/
8490c0273821d2a1,Mexico,2021,COE,5,8490c0273821d2a1|COE|NA|5,TRUE,26.1,529.11,13809.77,13809.771,7.241250217807587e-8,https://allianceforcoffeeexcellence.org/mexico-2021/
8490c0273821d2a1,Mexico,2021,COE,6,8490c0273821d2a1|COE|NA|6,TRUE,12.7,1058.22,13439.39,13439.394,2.9763255630016747e-7,https://allianceforcoffeeexcellence.org/mexico-2021/
8490c0273821d2a1,Mexico,2021,COE,7,8490c0273821d2a1|COE|NA|7,TRUE,14.2,595.25,8452.55,8452.55,0,https://allianceforcoffeeexcellence.org/mexico-2021/
8490c0273821d2a1,Mexico,2021,COE,8,8490c0273821d2a1|COE|NA|8,TRUE,15.5,330.69,5125.7,5125.695,9.754765203014495e-7,https://allianceforcoffeeexcellence.org/mexico-2021/
8490c0273821d2a1,Mexico,2021,COE,9,8490c0273821d2a1|COE|NA|9,TRUE,15,595.25,8928.75,8928.75,0,https://allianceforcoffeeexcellence.org/mexico-2021/
8490c0273821d2a1,Mexico,2021,COE,10,8490c0273821d2a1|COE|NA|10,TRUE,11.2,1177.27,13185.42,13185.423999999999,3.0336538380998995e-7,https://allianceforcoffeeexcellence.org/mexico-2021/
8490c0273821d2a1,Mexico,2021,COE,11,8490c0273821d2a1|COE|NA|11,TRUE,11.7,725.32,8486.24,8486.244,4.713512699163478e-7,https://allianceforcoffeeexcellence.org/mexico-2021/
8490c0273821d2a1,Mexico,2021,COE,12,8490c0273821d2a1|COE|NA|12,TRUE,20.1,462.97,9305.7,9305.697000000002,3.2238305541680805e-7,https://allianceforcoffeeexcellence.org/mexico-2021/
8490c0273821d2a1,Mexico,2021,COE,13,8490c0273821d2a1|COE|NA|13,TRUE,9.1,1587.33,14444.7,14444.703,2.0768863311748884e-7,https://allianceforcoffeeexcellence.org/mexico-2021/
8490c0273821d2a1,Mexico,2021,COE,14,8490c0273821d2a1|COE|NA|14,TRUE,10.1,1124.35,11355.94,11355.935,4.4029820525809697e-7,https://allianceforcoffeeexcellence.org/mexico-2021/
8490c0273821d2a1,Mexico,2021,COE,15,8490c0273821d2a1|COE|NA|15,TRUE,10.7,595.25,6369.18,6369.174999999999,7.850304122380957e-7,https://allianceforcoffeeexcellence.org/mexico-2021/
8490c0273821d2a1,Mexico,2021,COE,16,8490c0273821d2a1|COE|NA|16,TRUE,9.9,992.08,9821.59,9821.592,2.036330166915391e-7,https://allianceforcoffeeexcellence.org/mexico-2021/
8490c0273821d2a1,Mexico,2021,COE,17,8490c0273821d2a1|COE|NA|17,TRUE,15.1,396.83,5992.13,5992.133,5.006566946480944e-7,https://allianceforcoffeeexcellence.org/mexico-2021/
8490c0273821d2a1,Mexico,2021,COE,18,8490c0273821d2a1|COE|NA|18,TRUE,19.3,1058.22,20423.65,20423.646,1.95851378221567e-7,https://allianceforcoffeeexcellence.org/mexico-2021/
8490c0273821d2a1,Mexico,2021,COE,19,8490c0273821d2a1|COE|NA|19,TRUE,8.1,529.11,4285.79,4285.791,2.3332921123147116e-7,https://allianceforcoffeeexcellence.org/mexico-2021/
8490c0273821d2a1,Mexico,2021,COE,20,8490c0273821d2a1|COE|NA|20,TRUE,10,925.94,9259.4,9259.400000000001,1.9644786957533496e-16,https://allianceforcoffeeexcellence.org/mexico-2021/
8490c0273821d2a1,Mexico,2021,COE,21,8490c0273821d2a1|COE|NA|21,TRUE,9.4,462.97,4351.92,4351.918000000001,4.5956727134183505e-7,https://allianceforcoffeeexcellence.org/mexico-2021/
8490c0273821d2a1,Mexico,2021,COE,22,8490c0273821d2a1|COE|NA|22,TRUE,9,462.97,4166.73,4166.7300000000005,2.1827541063926108e-16,https://allianceforcoffeeexcellence.org/mexico-2021/
8490c0273821d2a1,Mexico,2021,COE,23,8490c0273821d2a1|COE|NA|23,TRUE,12.8,529.11,6772.61,6772.608,2.9530712672041636e-7,https://allianceforcoffeeexcellence.org/mexico-2021/
8490c0273821d2a1,Mexico,2021,COE,24,8490c0273821d2a1|COE|NA|24,TRUE,9.1,584.22,5316.4,5316.402,3.7619441735148857e-7,https://allianceforcoffeeexcellence.org/mexico-2021/
8490c0273821d2a1,Mexico,2021,COE,25,8490c0273821d2a1|COE|NA|25,TRUE,15.4,793.66,12222.36,12222.364,3.2726903797596517e-7,https://allianceforcoffeeexcellence.org/mexico-2021/
8490c0273821d2a1,Mexico,2021,COE,26,8490c0273821d2a1|COE|NA|26,TRUE,7.7,1984.16,15278.03,15278.032000000001,1.309069297813562e-7,https://allianceforcoffeeexcellence.org/mexico-2021/
8490c0273821d2a1,Mexico,2021,COE,27,8490c0273821d2a1|COE|NA|27,TRUE,8.5,784.84,6671.14,6671.14,0,https://allianceforcoffeeexcellence.org/mexico-2021/
8490c0273821d2a1,Mexico,2021,COE,28,8490c0273821d2a1|COE|NA|28,TRUE,8.3,2182.57,18115.33,18115.331000000002,5.5201864951051224e-8,https://allianceforcoffeeexcellence.org/mexico-2021/
8490c0273821d2a1,Mexico,2021,COE,29,8490c0273821d2a1|COE|NA|29,TRUE,7.8,383.6,2992.08,2992.08,0,https://allianceforcoffeeexcellence.org/mexico-2021/
8490c0273821d2a1,Mexico,2021,COE,30,8490c0273821d2a1|COE|NA|30,TRUE,7.5,2314.85,17361.38,17361.375,2.879955395837562e-7,https://allianceforcoffeeexcellence.org/mexico-2021/
9afb42276738b733,Mexico,2022,COE,1A,9afb42276738b733|COE|NA|1A,TRUE,92,330.69,30423.48,30423.48,0,https://allianceforcoffeeexcellence.org/mexico-2022/
9afb42276738b733,Mexico,2022,COE,1B,9afb42276738b733|COE|NA|1B,TRUE,90.1,264.55,23835.96,23835.954999999998,2.0976709144580852e-7,https://allianceforcoffeeexcellence.org/mexico-2022/
9afb42276738b733,Mexico,2022,COE,2A,9afb42276738b733|COE|NA|2A,TRUE,60.3,264.55,15952.37,15952.365,3.134330510775912e-7,https://allianceforcoffeeexcellence.org/mexico-2022/
9afb42276738b733,Mexico,2022,COE,2B,9afb42276738b733|COE|NA|2B,TRUE,60.6,264.55,16031.73,16031.730000000001,1.1346182873251087e-16,https://allianceforcoffeeexcellence.org/mexico-2022/
9afb42276738b733,Mexico,2022,COE,3A,9afb42276738b733|COE|NA|3A,TRUE,43.2,264.55,11428.56,11428.560000000001,1.5916173197199443e-16,https://allianceforcoffeeexcellence.org/mexico-2022/
9afb42276738b733,Mexico,2022,COE,3B,9afb42276738b733|COE|NA|3B,TRUE,43.2,264.55,11428.56,11428.560000000001,1.5916173197199443e-16,https://allianceforcoffeeexcellence.org/mexico-2022/
9afb42276738b733,Mexico,2022,COE,4,9afb42276738b733|COE|NA|4,TRUE,40.7,2248.71,91522.5,91522.497,3.277882484605645e-8,https://allianceforcoffeeexcellence.org/mexico-2022/
9afb42276738b733,Mexico,2022,COE,5,9afb42276738b733|COE|NA|5,TRUE,24.1,1058.22,25503.1,25503.102000000003,7.842183907232581e-8,https://allianceforcoffeeexcellence.org/mexico-2022/
9afb42276738b733,Mexico,2022,COE,6,9afb42276738b733|COE|NA|6,TRUE,27.1,462.97,12546.49,12546.487000000001,2.391106993902032e-7,https://allianceforcoffeeexcellence.org/mexico-2022/
9afb42276738b733,Mexico,2022,COE,7,9afb42276738b733|COE|NA|7,TRUE,30.2,595.25,17976.55,17976.55,0,https://allianceforcoffeeexcellence.org/mexico-2022/
9afb42276738b733,Mexico,2022,COE,8,9afb42276738b733|COE|NA|8,TRUE,19,1058.22,20106.18,20106.18,0,https://allianceforcoffeeexcellence.org/mexico-2022/
9afb42276738b733,Mexico,2022,COE,9,9afb42276738b733|COE|NA|9,TRUE,14.2,661.39,9391.74,9391.738,2.1295308434938082e-7,https://allianceforcoffeeexcellence.org/mexico-2022/
9afb42276738b733,Mexico,2022,COE,10,9afb42276738b733|COE|NA|10,TRUE,25.1,529.11,13280.66,13280.661000000002,7.529746277840983e-8,https://allianceforcoffeeexcellence.org/mexico-2022/
9afb42276738b733,Mexico,2022,COE,11,9afb42276738b733|COE|NA|11,TRUE,14,793.66,11111.24,11111.24,0,https://allianceforcoffeeexcellence.org/mexico-2022/
9afb42276738b733,Mexico,2022,COE,12,9afb42276738b733|COE|NA|12,TRUE,18.85,727.52,13713.75,13713.752,1.4583903020016068e-7,https://allianceforcoffeeexcellence.org/mexico-2022/
9afb42276738b733,Mexico,2022,COE,13,9afb42276738b733|COE|NA|13,TRUE,12.2,921.53,11242.67,11242.666,3.557873708660761e-7,https://allianceforcoffeeexcellence.org/mexico-2022/
9afb42276738b733,Mexico,2022,COE,14,9afb42276738b733|COE|NA|14,TRUE,15.1,462.97,6990.85,6990.847000000001,4.29132365835583e-7,https://allianceforcoffeeexcellence.org/mexico-2022/
9afb42276738b733,Mexico,2022,COE,15,9afb42276738b733|COE|NA|15,TRUE,12.4,727.52,9021.25,9021.248,2.2169876684577566e-7,https://allianceforcoffeeexcellence.org/mexico-2022/
9afb42276738b733,Mexico,2022,COE,16,9afb42276738b733|COE|NA|16,TRUE,13.6,595.25,8095.4,8095.4,0,https://allianceforcoffeeexcellence.org/mexico-2022/
9afb42276738b733,Mexico,2022,COE,17,9afb42276738b733|COE|NA|17,TRUE,12.1,529.11,6402.23,6402.231,1.5619557563594667e-7,https://allianceforcoffeeexcellence.org/mexico-2022/
9afb42276738b733,Mexico,2022,COE,18,9afb42276738b733|COE|NA|18,TRUE,12.35,661.39,8168.17,8168.166499999999,4.2849255105036303e-7,https://allianceforcoffeeexcellence.org/mexico-2022/
9afb42276738b733,Mexico,2022,COE,19,9afb42276738b733|COE|NA|19,TRUE,20.2,1124.36,22712.07,22712.071999999996,8.805890422006778e-8,https://allianceforcoffeeexcellence.org/mexico-2022/
9afb42276738b733,Mexico,2022,COE,20,9afb42276738b733|COE|NA|20,TRUE,12.1,661.39,8002.82,8002.8189999999995,1.24955953052015e-7,https://allianceforcoffeeexcellence.org/mexico-2022/
9afb42276738b733,Mexico,2022,COE,21,9afb42276738b733|COE|NA|21,TRUE,12.1,725.32,8776.37,8776.372000000001,2.2788464939461913e-7,https://allianceforcoffeeexcellence.org/mexico-2022/
9afb42276738b733,Mexico,2022,COE,22,9afb42276738b733|COE|NA|22,TRUE,13.4,595.25,7976.35,7976.35,0,https://allianceforcoffeeexcellence.org/mexico-2022/
9afb42276738b733,Mexico,2022,COE,23,9afb42276738b733|COE|NA|23,TRUE,12,661.39,7936.68,7936.68,0,https://allianceforcoffeeexcellence.org/mexico-2022/
9afb42276738b733,Mexico,2022,COE,24,9afb42276738b733|COE|NA|24,TRUE,12.1,529.11,6402.23,6402.231,1.5619557563594667e-7,https://allianceforcoffeeexcellence.org/mexico-2022/
9afb42276738b733,Mexico,2022,COE,25,9afb42276738b733|COE|NA|25,TRUE,11.1,925.94,10277.93,10277.934000000001,3.891834251463969e-7,https://allianceforcoffeeexcellence.org/mexico-2022/
9afb42276738b733,Mexico,2022,COE,26,9afb42276738b733|COE|NA|26,TRUE,12.15,727.52,8839.37,8839.368,2.2626046883516058e-7,https://allianceforcoffeeexcellence.org/mexico-2022/
9afb42276738b733,Mexico,2022,COE,27,9afb42276738b733|COE|NA|27,TRUE,12.1,727.52,8802.99,8802.992,2.271955324733362e-7,https://allianceforcoffeeexcellence.org/mexico-2022/
9afb42276738b733,Mexico,2022,COE,28,9afb42276738b733|COE|NA|28,TRUE,10.3,529.11,5449.83,5449.8330000000005,5.504758865159427e-7,https://allianceforcoffeeexcellence.org/mexico-2022/
9afb42276738b733,Mexico,2022,COE,29,9afb42276738b733|COE|NA|29,TRUE,10,793.66,7936.6,7936.5999999999995,1.1459500312135274e-16,https://allianceforcoffeeexcellence.org/mexico-2022/
9afb42276738b733,Mexico,2022,COE,30,9afb42276738b733|COE|NA|30,TRUE,10.2,462.97,4722.29,4722.294,8.470466658984121e-7,https://allianceforcoffeeexcellence.org/mexico-2022/
c5947e46efa4a520,Mexico,2023,COE,1A,c5947e46efa4a520|COE|NA|1A,TRUE,61,264.5544,16137.55,16137.8184,1.6632016632068572e-5,https://allianceforcoffeeexcellence.org/mexico-2023/
c5947e46efa4a520,Mexico,2023,COE,1B,c5947e46efa4a520|COE|NA|1B,TRUE,53.3,315.26066,13278.1,16803.393178,0.2654968088807885,https://allianceforcoffeeexcellence.org/mexico-2023/
c5947e46efa4a520,Mexico,2023,COE,2A,c5947e46efa4a520|COE|NA|2A,TRUE,43.3,595.2474,22910.46,25774.212419999996,0.1249975958579617,https://allianceforcoffeeexcellence.org/mexico-2023/
c5947e46efa4a520,Mexico,2023,COE,2B,c5947e46efa4a520|COE|NA|2B,TRUE,43.9,524.69956,23034.33,23034.310684,8.385744235542663e-7,https://allianceforcoffeeexcellence.org/mexico-2023/
c5947e46efa4a520,Mexico,2023,COE,3A,c5947e46efa4a520|COE|NA|3A,TRUE,51,132.2772,6746.28,6746.137199999999,2.1167221046344663e-5,https://allianceforcoffeeexcellence.org/mexico-2023/
c5947e46efa4a520,Mexico,2023,COE,3B,c5947e46efa4a520|COE|NA|3B,TRUE,53.5,132.2772,7076.98,7076.830199999999,2.1167221046285445e-5,https://allianceforcoffeeexcellence.org/mexico-2023/
c5947e46efa4a520,Mexico,2023,COE,4,c5947e46efa4a520|COE|NA|4,TRUE,18,1256.63,22619.34,22619.340000000004,1.6083487878477945e-16,https://allianceforcoffeeexcellence.org/mexico-2023/
c5947e46efa4a520,Mexico,2023,COE,5,c5947e46efa4a520|COE|NA|5,TRUE,15.1,1027.35,15512.99,15512.984999999999,3.223105282101409e-7,https://allianceforcoffeeexcellence.org/mexico-2023/
c5947e46efa4a520,Mexico,2023,COE,6,c5947e46efa4a520|COE|NA|6,TRUE,15.3,718.70612,10996.26,10996.203636000002,5.125742752373217e-6,https://allianceforcoffeeexcellence.org/mexico-2023/
c5947e46efa4a520,Mexico,2023,COE,7,c5947e46efa4a520|COE|NA|7,TRUE,9.1,2447.13,22268.88,22268.883,1.3471714790376436e-7,https://allianceforcoffeeexcellence.org/mexico-2023/
c5947e46efa4a520,Mexico,2023,COE,8,c5947e46efa4a520|COE|NA|8,TRUE,16,590.83816,8465.76,9453.41056,0.1166641341119994,https://allianceforcoffeeexcellence.org/mexico-2023/
c5947e46efa4a520,Mexico,2023,COE,9,c5947e46efa4a520|COE|NA|9,TRUE,10.3,771.617,7947.69,7947.6551,4.391213044249614e-6,https://allianceforcoffeeexcellence.org/mexico-2023/
c5947e46efa4a520,Mexico,2023,COE,10,c5947e46efa4a520|COE|NA|10,TRUE,10.1,577.61044,5165.85,5833.865444,0.12931375165752,https://allianceforcoffeeexcellence.org/mexico-2023/
c5947e46efa4a520,Mexico,2023,COE,11,c5947e46efa4a520|COE|NA|11,TRUE,12.1,518.0857,5601.94,6268.836969999999,0.1190475031863961,https://allianceforcoffeeexcellence.org/mexico-2023/
c5947e46efa4a520,Mexico,2023,COE,12,c5947e46efa4a520|COE|NA|12,TRUE,26.1,661.386,15536.03,17262.1746,0.11110590028469292,https://allianceforcoffeeexcellence.org/mexico-2023/
c5947e46efa4a520,Mexico,2023,COE,13,c5947e46efa4a520|COE|NA|13,TRUE,27.8,233.68972,6496.58,6496.574216,8.90314596287388e-7,https://allianceforcoffeeexcellence.org/mexico-2023/
c5947e46efa4a520,Mexico,2023,COE,14,c5947e46efa4a520|COE|NA|14,TRUE,20.2,198.4158,4008.08,4007.99916,2.016925809866075e-5,https://allianceforcoffeeexcellence.org/mexico-2023/
c5947e46efa4a520,Mexico,2023,COE,15,c5947e46efa4a520|COE|NA|15,TRUE,8.8,727.5246,5820.23,6402.21648,0.09999372533387865,https://allianceforcoffeeexcellence.org/mexico-2023/
c5947e46efa4a520,Mexico,2023,COE,16,c5947e46efa4a520|COE|NA|16,TRUE,9.3,833.34636,7750.16,7750.121148000001,5.013057794777052e-6,https://allianceforcoffeeexcellence.org/mexico-2023/
c5947e46efa4a520,Mexico,2023,COE,17,c5947e46efa4a520|COE|NA|17,TRUE,15.2,462.9702,7037.14,7037.147039999999,1.000406414906711e-6,https://allianceforcoffeeexcellence.org/mexico-2023/
c5947e46efa4a520,Mexico,2023,COE,18,c5947e46efa4a520|COE|NA|18,TRUE,9.5,727.5246,6911.44,6911.4837,6.322850230946332e-6,https://allianceforcoffeeexcellence.org/mexico-2023/
c5947e46efa4a520,Mexico,2023,COE,19,c5947e46efa4a520|COE|NA|19,TRUE,9.1,707.68302,5777.86,6439.915482,0.11458489509956986,https://allianceforcoffeeexcellence.org/mexico-2023/
c5947e46efa4a520,Mexico,2023,COE,20,c5947e46efa4a520|COE|NA|20,TRUE,9,784.84472,7063.56,7063.6024800000005,6.013964629743172e-6,https://allianceforcoffeeexcellence.org/mexico-2023/
c5947e46efa4a520,Mexico,2023,COE,21,c5947e46efa4a520|COE|NA|21,TRUE,12,529.1088,5555.64,6349.3056,0.1428576365639241,https://allianceforcoffeeexcellence.org/mexico-2023/
c5947e46efa4a520,Mexico,2023,COE,22,c5947e46efa4a520|COE|NA|22,TRUE,10.5,568.79196,5972.3,5972.31558,2.6087102121841334e-6,https://allianceforcoffeeexcellence.org/mexico-2023/
c5947e46efa4a520,Mexico,2023,COE,23,c5947e46efa4a520|COE|NA|23,TRUE,8.6,1119.95,9631.57,9631.57,0,https://allianceforcoffeeexcellence.org/mexico-2023/
c5947e46efa4a520,Mexico,2023,COE,24,c5947e46efa4a520|COE|NA|24,TRUE,8.6,1318.36,9934.89,11337.895999999999,0.14122008396670718,https://allianceforcoffeeexcellence.org/mexico-2023/
c5947e46efa4a520,Mexico,2023,COE,25,c5947e46efa4a520|COE|NA|25,TRUE,10.1,330.693,3339.97,3339.9992999999995,8.772533884943184e-6,https://allianceforcoffeeexcellence.org/mexico-2023/
c5947e46efa4a520,Mexico,2023,COE,26,c5947e46efa4a520|COE|NA|26,TRUE,9.1,793.6632,6620.43,7222.33512,0.09091631812435134,https://allianceforcoffeeexcellence.org/mexico-2023/
2d66f52827193519,Mexico,2024,COE,1A,2d66f52827193519|COE|Traditional Honey & Natural Processes|1A,TRUE,75.1,200.62,15066.56,15066.562,1.3274430264157536e-7,https://allianceforcoffeeexcellence.org/mexico-2024/
2d66f52827193519,Mexico,2024,COE,1B,2d66f52827193519|COE|Traditional Honey & Natural Processes|1B,TRUE,75.1,198.42,14901.34,14901.341999999999,1.3421611738195788e-7,https://allianceforcoffeeexcellence.org/mexico-2024/
2d66f52827193519,Mexico,2024,COE,2,2d66f52827193519|COE|Traditional Honey & Natural Processes|2,TRUE,20,751.78,15035.6,15035.599999999999,1.2097883712960284e-16,https://allianceforcoffeeexcellence.org/mexico-2024/
2d66f52827193519,Mexico,2024,COE,3,2d66f52827193519|COE|Traditional Honey & Natural Processes|3,TRUE,25,575.41,14385.25,14385.25,0,https://allianceforcoffeeexcellence.org/mexico-2024/
2d66f52827193519,Mexico,2024,COE,4,2d66f52827193519|COE|Traditional Honey & Natural Processes|4,TRUE,18.4,487.22,8964.85,8964.848,2.230935264290483e-7,https://allianceforcoffeeexcellence.org/mexico-2024/
2d66f52827193519,Mexico,2024,COE,5,2d66f52827193519|COE|Traditional Honey & Natural Processes|5,TRUE,18,566.59,10198.62,10198.62,0,https://allianceforcoffeeexcellence.org/mexico-2024/
2d66f52827193519,Mexico,2024,COE,6,2d66f52827193519|COE|Traditional Honey & Natural Processes|6,TRUE,27,421.08,11369.16,11369.16,0,https://allianceforcoffeeexcellence.org/mexico-2024/
2d66f52827193519,Mexico,2024,COE,7,2d66f52827193519|COE|Traditional Honey & Natural Processes|7,TRUE,12.5,511.47,6393.38,6393.375,7.820589422354278e-7,https://allianceforcoffeeexcellence.org/mexico-2024/
2d66f52827193519,Mexico,2024,COE,8,2d66f52827193519|COE|Traditional Honey & Natural Processes|8,TRUE,29.1,584.23,17001.09,17001.093,1.7645927411778776e-7,https://allianceforcoffeeexcellence.org/mexico-2024/
2d66f52827193519,Mexico,2024,COE,9,2d66f52827193519|COE|Traditional Honey & Natural Processes|9,TRUE,13.2,297.62,3928.58,3928.584,1.018179596674985e-6,https://allianceforcoffeeexcellence.org/mexico-2024/
2d66f52827193519,Mexico,2024,COE,10,2d66f52827193519|COE|Traditional Honey & Natural Processes|10,TRUE,10.3,493.84,5086.55,5086.552,3.9319381496258937e-7,https://allianceforcoffeeexcellence.org/mexico-2024/
2d66f52827193519,Mexico,2024,COE,1A,2d66f52827193519|COE|Traditional Washed Processes|1A,TRUE,55.2,288.81,15942.31,15942.312000000002,1.2545233421169473e-7,https://allianceforcoffeeexcellence.org/mexico-2024/
2d66f52827193519,Mexico,2024,COE,1B,2d66f52827193519|COE|Traditional Washed Processes|1B,TRUE,55.3,264.55,14629.62,14629.615,3.417723769324585e-7,https://allianceforcoffeeexcellence.org/mexico-2024/
2d66f52827193519,Mexico,2024,COE,2,2d66f52827193519|COE|Traditional Washed Processes|2,TRUE,21.5,447.54,9622.11,9622.11,0,https://allianceforcoffeeexcellence.org/mexico-2024/
2d66f52827193519,Mexico,2024,COE,3,2d66f52827193519|COE|Traditional Washed Processes|3,TRUE,16.3,1479.3,24112.59,24112.59,0,https://allianceforcoffeeexcellence.org/mexico-2024/
2d66f52827193519,Mexico,2024,COE,4,2d66f52827193519|COE|Traditional Washed Processes|4,TRUE,14.4,423.29,6095.38,6095.376,6.562347220198597e-7,https://allianceforcoffeeexcellence.org/mexico-2024/
2d66f52827193519,Mexico,2024,COE,5,2d66f52827193519|COE|Traditional Washed Processes|5,TRUE,13.5,548.95,7410.83,7410.825000000001,6.746882601813352e-7,https://allianceforcoffeeexcellence.org/mexico-2024/
2d66f52827193519,Mexico,2024,COE,6,2d66f52827193519|COE|Traditional Washed Processes|6,TRUE,11.6,720.91,8362.56,8362.555999999999,4.783224276794316e-7,https://allianceforcoffeeexcellence.org/mexico-2024/
2d66f52827193519,Mexico,2024,COE,7,2d66f52827193519|COE|Traditional Washed Processes|7,TRUE,10.6,617.29,6543.27,6543.273999999999,6.113151373848118e-7,https://allianceforcoffeeexcellence.org/mexico-2024/
2d66f52827193519,Mexico,2024,COE,8,2d66f52827193519|COE|Traditional Washed Processes|8,TRUE,10.1,707.68,7147.57,7147.567999999999,2.798153778707244e-7,https://allianceforcoffeeexcellence.org/mexico-2024/
2d66f52827193519,Mexico,2024,COE,9,2d66f52827193519|COE|Traditional Washed Processes|9,TRUE,10.1,456.36,4609.24,4609.236,8.678220270381696e-7,https://allianceforcoffeeexcellence.org/mexico-2024/
2d66f52827193519,Mexico,2024,COE,10,2d66f52827193519|COE|Traditional Washed Processes|10,TRUE,10,881.85,8818.5,8818.5,0,https://allianceforcoffeeexcellence.org/mexico-2024/
2d66f52827193519,Mexico,2024,COE,1A,2d66f52827193519|COE|Experimental|1A,TRUE,40.7,275.58,11216.11,11216.106,3.566298833387785e-7,https://allianceforcoffeeexcellence.org/mexico-2024/
2d66f52827193519,Mexico,2024,COE,1B,2d66f52827193519|COE|Experimental|1B,TRUE,40.2,264.55,10634.91,10634.910000000002,1.710394731639343e-16,https://allianceforcoffeeexcellence.org/mexico-2024/
2d66f52827193519,Mexico,2024,COE,2,2d66f52827193519|COE|Experimental|2,TRUE,15.3,440.92,6746.08,6746.076000000001,5.929369350787298e-7,https://allianceforcoffeeexcellence.org/mexico-2024/
2d66f52827193519,Mexico,2024,COE,3,2d66f52827193519|COE|Experimental|3,TRUE,12,619.5,7434,7434,0,https://allianceforcoffeeexcellence.org/mexico-2024/
2d66f52827193519,Mexico,2024,COE,4,2d66f52827193519|COE|Experimental|4,TRUE,14.1,884.05,12465.11,12465.105,4.011196051233109e-7,https://allianceforcoffeeexcellence.org/mexico-2024/
2d66f52827193519,Mexico,2024,COE,5,2d66f52827193519|COE|Experimental|5,TRUE,13.1,791.46,10368.13,10368.126,3.857976316843942e-7,https://allianceforcoffeeexcellence.org/mexico-2024/
2d66f52827193519,Mexico,2024,COE,6,2d66f52827193519|COE|Experimental|6,TRUE,15,491.63,7374.45,7374.45,0,https://allianceforcoffeeexcellence.org/mexico-2024/
2d66f52827193519,Mexico,2024,COE,7,2d66f52827193519|COE|Experimental|7,TRUE,10.6,976.65,10352.49,10352.49,0,https://allianceforcoffeeexcellence.org/mexico-2024/
2d66f52827193519,Mexico,2024,COE,8,2d66f52827193519|COE|Experimental|8,TRUE,10.1,884.05,8928.91,8928.904999999999,5.599787657192909e-7,https://allianceforcoffeeexcellence.org/mexico-2024/
2d66f52827193519,Mexico,2024,COE,9,2d66f52827193519|COE|Experimental|9,TRUE,10.6,996.49,10562.79,10562.794,3.7868782764742245e-7,https://allianceforcoffeeexcellence.org/mexico-2024/
2d66f52827193519,Mexico,2024,COE,10,2d66f52827193519|COE|Experimental|10,TRUE,25.5,443.13,11299.82,11299.815,4.4248492446779194e-7,https://allianceforcoffeeexcellence.org/mexico-2024/
2d66f52827193519,Mexico,2024,COE,1A,2d66f52827193519|COE|TRADITIONAL HONEY & NATURAL PROCESSES|1A,FALSE,NA,NA,15066.56,NA,NA,https://allianceforcoffeeexcellence.org/mexico-2024/
2d66f52827193519,Mexico,2024,COE,1B,2d66f52827193519|COE|TRADITIONAL HONEY & NATURAL PROCESSES|1B,FALSE,NA,NA,14901.34,NA,NA,https://allianceforcoffeeexcellence.org/mexico-2024/
2d66f52827193519,Mexico,2024,COE,2,2d66f52827193519|COE|TRADITIONAL HONEY & NATURAL PROCESSES|2,FALSE,NA,NA,15035.6,NA,NA,https://allianceforcoffeeexcellence.org/mexico-2024/
2d66f52827193519,Mexico,2024,COE,3,2d66f52827193519|COE|TRADITIONAL HONEY & NATURAL PROCESSES|3,FALSE,NA,NA,14385.25,NA,NA,https://allianceforcoffeeexcellence.org/mexico-2024/
2d66f52827193519,Mexico,2024,COE,4,2d66f52827193519|COE|TRADITIONAL HONEY & NATURAL PROCESSES|4,FALSE,NA,NA,8964.85,NA,NA,https://allianceforcoffeeexcellence.org/mexico-2024/
2d66f52827193519,Mexico,2024,COE,5,2d66f52827193519|COE|TRADITIONAL HONEY & NATURAL PROCESSES|5,FALSE,NA,NA,10198.62,NA,NA,https://allianceforcoffeeexcellence.org/mexico-2024/
2d66f52827193519,Mexico,2024,COE,6,2d66f52827193519|COE|TRADITIONAL HONEY & NATURAL PROCESSES|6,FALSE,NA,NA,11369.16,NA,NA,https://allianceforcoffeeexcellence.org/mexico-2024/
2d66f52827193519,Mexico,2024,COE,7,2d66f52827193519|COE|TRADITIONAL HONEY & NATURAL PROCESSES|7,FALSE,NA,NA,6393.38,NA,NA,https://allianceforcoffeeexcellence.org/mexico-2024/
2d66f52827193519,Mexico,2024,COE,8,2d66f52827193519|COE|TRADITIONAL HONEY & NATURAL PROCESSES|8,FALSE,NA,NA,17001.09,NA,NA,https://allianceforcoffeeexcellence.org/mexico-2024/
2d66f52827193519,Mexico,2024,COE,9,2d66f52827193519|COE|TRADITIONAL HONEY & NATURAL PROCESSES|9,FALSE,NA,NA,3928.58,NA,NA,https://allianceforcoffeeexcellence.org/mexico-2024/
2d66f52827193519,Mexico,2024,COE,10,2d66f52827193519|COE|TRADITIONAL HONEY & NATURAL PROCESSES|10,FALSE,NA,NA,5086.55,NA,NA,https://allianceforcoffeeexcellence.org/mexico-2024/
e79330b9e90b09dc,Mexico,2025,COE,1A,e79330b9e90b09dc|COE|Traditional Washed Processes|1A,TRUE,71.2,264.55,18835.96,18835.960000000003,1.9314007924691458e-16,https://allianceforcoffeeexcellence.org/mexico-2025/
e79330b9e90b09dc,Mexico,2025,COE,1B,e79330b9e90b09dc|COE|Traditional Washed Processes|1B,TRUE,73,198.42,14484.66,14484.66,0,https://allianceforcoffeeexcellence.org/mexico-2025/
e79330b9e90b09dc,Mexico,2025,COE,2,e79330b9e90b09dc|COE|Traditional Washed Processes|2,TRUE,65,330.69,21494.85,21494.85,0,https://allianceforcoffeeexcellence.org/mexico-2025/
e79330b9e90b09dc,Mexico,2025,COE,3,e79330b9e90b09dc|COE|Traditional Washed Processes|3,TRUE,25.1,462.97,11620.55,11620.547,2.58163339841246e-7,https://allianceforcoffeeexcellence.org/mexico-2025/
e79330b9e90b09dc,Mexico,2025,COE,4,e79330b9e90b09dc|COE|Traditional Washed Processes|4,TRUE,27.1,328.48,8901.81,8901.808,2.2467340895710696e-7,https://allianceforcoffeeexcellence.org/mexico-2025/
e79330b9e90b09dc,Mexico,2025,COE,5,e79330b9e90b09dc|COE|Traditional Washed Processes|5,TRUE,22.2,595.25,13214.55,13214.55,0,https://allianceforcoffeeexcellence.org/mexico-2025/
e79330b9e90b09dc,Mexico,2025,COE,6,e79330b9e90b09dc|COE|Traditional Washed Processes|6,TRUE,14.1,529.11,7460.45,7460.451,1.3404017186680787e-7,https://allianceforcoffeeexcellence.org/mexico-2025/
e79330b9e90b09dc,Mexico,2025,COE,7,e79330b9e90b09dc|COE|Traditional Washed Processes|7,TRUE,13.6,925.94,12592.78,12592.784,3.1764233147850735e-7,https://allianceforcoffeeexcellence.org/mexico-2025/
e79330b9e90b09dc,Mexico,2025,COE,8,e79330b9e90b09dc|COE|Traditional Washed Processes|8,TRUE,28.6,330.69,9457.73,9457.734,4.229344674477816e-7,https://allianceforcoffeeexcellence.org/mexico-2025/
e79330b9e90b09dc,Mexico,2025,COE,9,e79330b9e90b09dc|COE|Traditional Washed Processes|9,TRUE,13.7,925.94,12685.38,12685.378,1.5766181214819456e-7,https://allianceforcoffeeexcellence.org/mexico-2025/
e79330b9e90b09dc,Mexico,2025,COE,10,e79330b9e90b09dc|COE|Traditional Washed Processes|10,TRUE,13.9,727.52,10112.53,10112.528,1.9777444421993838e-7,https://allianceforcoffeeexcellence.org/mexico-2025/
e79330b9e90b09dc,Mexico,2025,COE,1A,e79330b9e90b09dc|COE|Traditional Honey & Natural Processes|1A,TRUE,62.3,330.69,20601.99,20601.986999999997,1.4561700128235957e-7,https://allianceforcoffeeexcellence.org/mexico-2025/
e79330b9e90b09dc,Mexico,2025,COE,1B,e79330b9e90b09dc|COE|Traditional Honey & Natural Processes|1B,TRUE,70.1,299.83,21018.08,21018.083,1.4273425531605177e-7,https://allianceforcoffeeexcellence.org/mexico-2025/
e79330b9e90b09dc,Mexico,2025,COE,2,e79330b9e90b09dc|COE|Traditional Honey & Natural Processes|2,TRUE,37.3,456.36,17022.23,17022.228,1.1749341892381044e-7,https://allianceforcoffeeexcellence.org/mexico-2025/
e79330b9e90b09dc,Mexico,2025,COE,3,e79330b9e90b09dc|COE|Traditional Honey & Natural Processes|3,TRUE,35.7,198.42,7083.59,7083.594,5.646854207972811e-7,https://allianceforcoffeeexcellence.org/mexico-2025/
e79330b9e90b09dc,Mexico,2025,COE,4,e79330b9e90b09dc|COE|Traditional Honey & Natural Processes|4,TRUE,23.5,388.01,9118.24,9118.235,5.483514361543067e-7,https://allianceforcoffeeexcellence.org/mexico-2025/
e79330b9e90b09dc,Mexico,2025,COE,5,e79330b9e90b09dc|COE|Traditional Honey & Natural Processes|5,TRUE,19.1,647.83,12373.55,12373.553000000002,2.424526512140954e-7,https://allianceforcoffeeexcellence.org/mexico-2025/
e79330b9e90b09dc,Mexico,2025,COE,6,e79330b9e90b09dc|COE|Traditional Honey & Natural Processes|6,TRUE,26.1,363.76,9494.14,9494.136,4.213125147718401e-7,https://allianceforcoffeeexcellence.org/mexico-2025/
e79330b9e90b09dc,Mexico,2025,COE,7,e79330b9e90b09dc|COE|Traditional Honey & Natural Processes|7,TRUE,16.3,304.24,4959.11,4959.112,4.032981725364942e-7,https://allianceforcoffeeexcellence.org/mexico-2025/
e79330b9e90b09dc,Mexico,2025,COE,8,e79330b9e90b09dc|COE|Traditional Honey & Natural Processes|8,TRUE,14.6,440,6424,6424,0,https://allianceforcoffeeexcellence.org/mexico-2025/
e79330b9e90b09dc,Mexico,2025,COE,9,e79330b9e90b09dc|COE|Traditional Honey & Natural Processes|9,TRUE,16.3,496.04,8085.45,8085.452000000001,2.4735790850440584e-7,https://allianceforcoffeeexcellence.org/mexico-2025/
e79330b9e90b09dc,Mexico,2025,COE,10,e79330b9e90b09dc|COE|Traditional Honey & Natural Processes|10,TRUE,15.2,330.69,5026.49,5026.487999999999,3.978919684327341e-7,https://allianceforcoffeeexcellence.org/mexico-2025/
e79330b9e90b09dc,Mexico,2025,COE,11,e79330b9e90b09dc|COE|Traditional Honey & Natural Processes|11,TRUE,15.6,443.13,6912.83,6912.8279999999995,2.893171104175068e-7,https://allianceforcoffeeexcellence.org/mexico-2025/
e79330b9e90b09dc,Mexico,2025,COE,1A,e79330b9e90b09dc|COE|Experimental|1A,TRUE,38.6,246.92,9531.11,9531.112,2.098391476531552e-7,https://allianceforcoffeeexcellence.org/mexico-2025/
e79330b9e90b09dc,Mexico,2025,COE,1B,e79330b9e90b09dc|COE|Experimental|1B,TRUE,40.6,198.42,8055.85,8055.852,2.482667874275165e-7,https://allianceforcoffeeexcellence.org/mexico-2025/
e79330b9e90b09dc,Mexico,2025,COE,2,e79330b9e90b09dc|COE|Experimental|2,TRUE,24.1,529.11,12751.55,12751.551000000001,7.842183907232581e-8,https://allianceforcoffeeexcellence.org/mexico-2025/
e79330b9e90b09dc,Mexico,2025,COE,3,e79330b9e90b09dc|COE|Experimental|3,TRUE,30.5,529.11,16137.86,16137.855,3.0983042367566914e-7,https://allianceforcoffeeexcellence.org/mexico-2025/
e79330b9e90b09dc,Mexico,2025,COE,4,e79330b9e90b09dc|COE|Experimental|4,TRUE,14,352.74,4938.36,4938.360000000001,1.8416938047710744e-16,https://allianceforcoffeeexcellence.org/mexico-2025/
e79330b9e90b09dc,Mexico,2025,COE,5,e79330b9e90b09dc|COE|Experimental|5,TRUE,13.4,389.34,5217.16,5217.156,7.66700657044333e-7,https://allianceforcoffeeexcellence.org/mexico-2025/
e79330b9e90b09dc,Mexico,2025,COE,6,e79330b9e90b09dc|COE|Experimental|6,TRUE,13.2,506.84,6690.29,6690.288,2.989407036776363e-7,https://allianceforcoffeeexcellence.org/mexico-2025/
e79330b9e90b09dc,Mexico,2025,COE,7,e79330b9e90b09dc|COE|Experimental|7,TRUE,13.3,513.68,6831.94,6831.9439999999995,5.854852355122283e-7,https://allianceforcoffeeexcellence.org/mexico-2025/
e79330b9e90b09dc,Mexico,2025,COE,8,e79330b9e90b09dc|COE|Experimental|8,TRUE,13.6,487.22,6626.19,6626.192,3.018325765496392e-7,https://allianceforcoffeeexcellence.org/mexico-2025/
e79330b9e90b09dc,Mexico,2025,COE,9,e79330b9e90b09dc|COE|Experimental|9,TRUE,16.1,299.83,4827.26,4827.263,6.214705650206713e-7,https://allianceforcoffeeexcellence.org/mexico-2025/
958690440cdbefb5,Nicaragua,2002,COE,1,958690440cdbefb5|COE|NA|1,TRUE,7.05,NA,47187.3,NA,NA,https://allianceforcoffeeexcellence.org/nicaragua-2002/
958690440cdbefb5,Nicaragua,2002,COE,2,958690440cdbefb5|COE|NA|2,TRUE,4,NA,9127.14,NA,NA,https://allianceforcoffeeexcellence.org/nicaragua-2002/
958690440cdbefb5,Nicaragua,2002,COE,3,958690440cdbefb5|COE|NA|3,TRUE,4.05,NA,9241.23,NA,NA,https://allianceforcoffeeexcellence.org/nicaragua-2002/
958690440cdbefb5,Nicaragua,2002,COE,4,958690440cdbefb5|COE|NA|4,TRUE,3.55,NA,9720.4,NA,NA,https://allianceforcoffeeexcellence.org/nicaragua-2002/
958690440cdbefb5,Nicaragua,2002,COE,5,958690440cdbefb5|COE|NA|5,TRUE,2.6,NA,14633.84,NA,NA,https://allianceforcoffeeexcellence.org/nicaragua-2002/
958690440cdbefb5,Nicaragua,2002,COE,6,958690440cdbefb5|COE|NA|6,TRUE,3.5,NA,5856.58,NA,NA,https://allianceforcoffeeexcellence.org/nicaragua-2002/
958690440cdbefb5,Nicaragua,2002,COE,7,958690440cdbefb5|COE|NA|7,TRUE,3,NA,5932.64,NA,NA,https://allianceforcoffeeexcellence.org/nicaragua-2002/
958690440cdbefb5,Nicaragua,2002,COE,8,958690440cdbefb5|COE|NA|8,TRUE,1.81,NA,11013.41,NA,NA,https://allianceforcoffeeexcellence.org/nicaragua-2002/
958690440cdbefb5,Nicaragua,2002,COE,9,958690440cdbefb5|COE|NA|9,TRUE,2.85,NA,5636.01,NA,NA,https://allianceforcoffeeexcellence.org/nicaragua-2002/
958690440cdbefb5,Nicaragua,2002,COE,10,958690440cdbefb5|COE|NA|10,TRUE,3,NA,6845.35,NA,NA,https://allianceforcoffeeexcellence.org/nicaragua-2002/
958690440cdbefb5,Nicaragua,2002,COE,11,958690440cdbefb5|COE|NA|11,TRUE,2.35,NA,6792.11,NA,NA,https://allianceforcoffeeexcellence.org/nicaragua-2002/
958690440cdbefb5,Nicaragua,2002,COE,12,958690440cdbefb5|COE|NA|12,TRUE,2.5,NA,6845.35,NA,NA,https://allianceforcoffeeexcellence.org/nicaragua-2002/
958690440cdbefb5,Nicaragua,2002,COE,13,958690440cdbefb5|COE|NA|13,TRUE,2.85,NA,6503.09,NA,NA,https://allianceforcoffeeexcellence.org/nicaragua-2002/
958690440cdbefb5,Nicaragua,2002,COE,14,958690440cdbefb5|COE|NA|14,TRUE,2.4,NA,12047.82,NA,NA,https://allianceforcoffeeexcellence.org/nicaragua-2002/
958690440cdbefb5,Nicaragua,2002,COE,15,958690440cdbefb5|COE|NA|15,TRUE,3.1,NA,6130.39,NA,NA,https://allianceforcoffeeexcellence.org/nicaragua-2002/
958690440cdbefb5,Nicaragua,2002,COE,16,958690440cdbefb5|COE|NA|16,TRUE,2.45,NA,6335.75,NA,NA,https://allianceforcoffeeexcellence.org/nicaragua-2002/
958690440cdbefb5,Nicaragua,2002,COE,17,958690440cdbefb5|COE|NA|17,TRUE,1.95,NA,5042.74,NA,NA,https://allianceforcoffeeexcellence.org/nicaragua-2002/
958690440cdbefb5,Nicaragua,2002,COE,18,958690440cdbefb5|COE|NA|18,TRUE,2.55,NA,8533.87,NA,NA,https://allianceforcoffeeexcellence.org/nicaragua-2002/
958690440cdbefb5,Nicaragua,2002,COE,19,958690440cdbefb5|COE|NA|19,TRUE,2.1,NA,4472.3,NA,NA,https://allianceforcoffeeexcellence.org/nicaragua-2002/
958690440cdbefb5,Nicaragua,2002,COE,20,958690440cdbefb5|COE|NA|20,TRUE,1.7,NA,24050.01,NA,NA,https://allianceforcoffeeexcellence.org/nicaragua-2002/
958690440cdbefb5,Nicaragua,2002,COE,21,958690440cdbefb5|COE|NA|21,TRUE,1.95,NA,4449.48,NA,NA,https://allianceforcoffeeexcellence.org/nicaragua-2002/
958690440cdbefb5,Nicaragua,2002,COE,22,958690440cdbefb5|COE|NA|22,TRUE,2.85,NA,7803.7,NA,NA,https://allianceforcoffeeexcellence.org/nicaragua-2002/
958690440cdbefb5,Nicaragua,2002,COE,23,958690440cdbefb5|COE|NA|23,TRUE,2.55,NA,7758.07,NA,NA,https://allianceforcoffeeexcellence.org/nicaragua-2002/
958690440cdbefb5,Nicaragua,2002,COE,24,958690440cdbefb5|COE|NA|24,TRUE,2.6,NA,5141.62,NA,NA,https://allianceforcoffeeexcellence.org/nicaragua-2002/
958690440cdbefb5,Nicaragua,2002,COE,25,958690440cdbefb5|COE|NA|25,TRUE,1.95,NA,4746.11,NA,NA,https://allianceforcoffeeexcellence.org/nicaragua-2002/
958690440cdbefb5,Nicaragua,2002,COE,26,958690440cdbefb5|COE|NA|26,TRUE,1.35,NA,5544.74,NA,NA,https://allianceforcoffeeexcellence.org/nicaragua-2002/
958690440cdbefb5,Nicaragua,2002,COE,27,958690440cdbefb5|COE|NA|27,TRUE,1.6,NA,19227.84,NA,NA,https://allianceforcoffeeexcellence.org/nicaragua-2002/
958690440cdbefb5,Nicaragua,2002,COE,28,958690440cdbefb5|COE|NA|28,TRUE,2.6,NA,6328.15,NA,NA,https://allianceforcoffeeexcellence.org/nicaragua-2002/
958690440cdbefb5,Nicaragua,2002,COE,29,958690440cdbefb5|COE|NA|29,TRUE,3.05,NA,7887.37,NA,NA,https://allianceforcoffeeexcellence.org/nicaragua-2002/
958690440cdbefb5,Nicaragua,2002,COE,30,958690440cdbefb5|COE|NA|30,TRUE,2.35,NA,8936.99,NA,NA,https://allianceforcoffeeexcellence.org/nicaragua-2002/
958690440cdbefb5,Nicaragua,2002,COE,31,958690440cdbefb5|COE|NA|31,TRUE,2.05,NA,4365.81,NA,NA,https://allianceforcoffeeexcellence.org/nicaragua-2002/
958690440cdbefb5,Nicaragua,2002,COE,32,958690440cdbefb5|COE|NA|32,TRUE,2.2,NA,3346.62,NA,NA,https://allianceforcoffeeexcellence.org/nicaragua-2002/
958690440cdbefb5,Nicaragua,2002,COE,33,958690440cdbefb5|COE|NA|33,TRUE,2.05,NA,5301.35,NA,NA,https://allianceforcoffeeexcellence.org/nicaragua-2002/
958690440cdbefb5,Nicaragua,2002,COE,34,958690440cdbefb5|COE|NA|34,TRUE,1.9,NA,6358.57,NA,NA,https://allianceforcoffeeexcellence.org/nicaragua-2002/
958690440cdbefb5,Nicaragua,2002,COE,35,958690440cdbefb5|COE|NA|35,TRUE,1.9,NA,7803.7,NA,NA,https://allianceforcoffeeexcellence.org/nicaragua-2002/
958690440cdbefb5,Nicaragua,2002,COE,36,958690440cdbefb5|COE|NA|36,TRUE,1.3,NA,6328.15,NA,NA,https://allianceforcoffeeexcellence.org/nicaragua-2002/
958690440cdbefb5,Nicaragua,2002,COE,37,958690440cdbefb5|COE|NA|37,TRUE,1.65,NA,5521.92,NA,NA,https://allianceforcoffeeexcellence.org/nicaragua-2002/
006d132a118d0da8,Nicaragua,2003,COE,1,006d132a118d0da8|COE|NA|1,TRUE,7.05,NA,47187.3,NA,NA,https://allianceforcoffeeexcellence.org/nicaragua-2003/
006d132a118d0da8,Nicaragua,2003,COE,2,006d132a118d0da8|COE|NA|2,TRUE,4,NA,9127.14,NA,NA,https://allianceforcoffeeexcellence.org/nicaragua-2003/
006d132a118d0da8,Nicaragua,2003,COE,3,006d132a118d0da8|COE|NA|3,TRUE,4.05,NA,9241.23,NA,NA,https://allianceforcoffeeexcellence.org/nicaragua-2003/
006d132a118d0da8,Nicaragua,2003,COE,4,006d132a118d0da8|COE|NA|4,TRUE,3.55,NA,9720.4,NA,NA,https://allianceforcoffeeexcellence.org/nicaragua-2003/
006d132a118d0da8,Nicaragua,2003,COE,5,006d132a118d0da8|COE|NA|5,TRUE,2.6,NA,14633.84,NA,NA,https://allianceforcoffeeexcellence.org/nicaragua-2003/
006d132a118d0da8,Nicaragua,2003,COE,6,006d132a118d0da8|COE|NA|6,TRUE,3.5,NA,5856.58,NA,NA,https://allianceforcoffeeexcellence.org/nicaragua-2003/
006d132a118d0da8,Nicaragua,2003,COE,7,006d132a118d0da8|COE|NA|7,TRUE,3,NA,5932.64,NA,NA,https://allianceforcoffeeexcellence.org/nicaragua-2003/
006d132a118d0da8,Nicaragua,2003,COE,8,006d132a118d0da8|COE|NA|8,TRUE,1.81,NA,11013.41,NA,NA,https://allianceforcoffeeexcellence.org/nicaragua-2003/
006d132a118d0da8,Nicaragua,2003,COE,9,006d132a118d0da8|COE|NA|9,TRUE,2.85,NA,5636.01,NA,NA,https://allianceforcoffeeexcellence.org/nicaragua-2003/
006d132a118d0da8,Nicaragua,2003,COE,10,006d132a118d0da8|COE|NA|10,TRUE,3,NA,6845.35,NA,NA,https://allianceforcoffeeexcellence.org/nicaragua-2003/
006d132a118d0da8,Nicaragua,2003,COE,11,006d132a118d0da8|COE|NA|11,TRUE,2.35,NA,6792.11,NA,NA,https://allianceforcoffeeexcellence.org/nicaragua-2003/
006d132a118d0da8,Nicaragua,2003,COE,12,006d132a118d0da8|COE|NA|12,TRUE,2.5,NA,6845.35,NA,NA,https://allianceforcoffeeexcellence.org/nicaragua-2003/
006d132a118d0da8,Nicaragua,2003,COE,13,006d132a118d0da8|COE|NA|13,TRUE,2.85,NA,6503.09,NA,NA,https://allianceforcoffeeexcellence.org/nicaragua-2003/
006d132a118d0da8,Nicaragua,2003,COE,14,006d132a118d0da8|COE|NA|14,TRUE,2.4,NA,12047.82,NA,NA,https://allianceforcoffeeexcellence.org/nicaragua-2003/
006d132a118d0da8,Nicaragua,2003,COE,15,006d132a118d0da8|COE|NA|15,TRUE,3.1,NA,6130.39,NA,NA,https://allianceforcoffeeexcellence.org/nicaragua-2003/
006d132a118d0da8,Nicaragua,2003,COE,16,006d132a118d0da8|COE|NA|16,TRUE,2.45,NA,6335.75,NA,NA,https://allianceforcoffeeexcellence.org/nicaragua-2003/
006d132a118d0da8,Nicaragua,2003,COE,17,006d132a118d0da8|COE|NA|17,TRUE,1.95,NA,5042.74,NA,NA,https://allianceforcoffeeexcellence.org/nicaragua-2003/
006d132a118d0da8,Nicaragua,2003,COE,18,006d132a118d0da8|COE|NA|18,TRUE,2.55,NA,8533.87,NA,NA,https://allianceforcoffeeexcellence.org/nicaragua-2003/
006d132a118d0da8,Nicaragua,2003,COE,19,006d132a118d0da8|COE|NA|19,TRUE,2.1,NA,4472.3,NA,NA,https://allianceforcoffeeexcellence.org/nicaragua-2003/
006d132a118d0da8,Nicaragua,2003,COE,20,006d132a118d0da8|COE|NA|20,TRUE,1.7,NA,24050.01,NA,NA,https://allianceforcoffeeexcellence.org/nicaragua-2003/
006d132a118d0da8,Nicaragua,2003,COE,21,006d132a118d0da8|COE|NA|21,TRUE,1.95,NA,4449.48,NA,NA,https://allianceforcoffeeexcellence.org/nicaragua-2003/
006d132a118d0da8,Nicaragua,2003,COE,22,006d132a118d0da8|COE|NA|22,TRUE,2.85,NA,7803.7,NA,NA,https://allianceforcoffeeexcellence.org/nicaragua-2003/
006d132a118d0da8,Nicaragua,2003,COE,23,006d132a118d0da8|COE|NA|23,TRUE,2.55,NA,7758.07,NA,NA,https://allianceforcoffeeexcellence.org/nicaragua-2003/
006d132a118d0da8,Nicaragua,2003,COE,24,006d132a118d0da8|COE|NA|24,TRUE,2.6,NA,5141.62,NA,NA,https://allianceforcoffeeexcellence.org/nicaragua-2003/
006d132a118d0da8,Nicaragua,2003,COE,25,006d132a118d0da8|COE|NA|25,TRUE,1.95,NA,4746.11,NA,NA,https://allianceforcoffeeexcellence.org/nicaragua-2003/
006d132a118d0da8,Nicaragua,2003,COE,26,006d132a118d0da8|COE|NA|26,TRUE,1.35,NA,5544.74,NA,NA,https://allianceforcoffeeexcellence.org/nicaragua-2003/
006d132a118d0da8,Nicaragua,2003,COE,27,006d132a118d0da8|COE|NA|27,TRUE,1.6,NA,19227.84,NA,NA,https://allianceforcoffeeexcellence.org/nicaragua-2003/
006d132a118d0da8,Nicaragua,2003,COE,28,006d132a118d0da8|COE|NA|28,TRUE,2.6,NA,6328.15,NA,NA,https://allianceforcoffeeexcellence.org/nicaragua-2003/
006d132a118d0da8,Nicaragua,2003,COE,29,006d132a118d0da8|COE|NA|29,TRUE,3.05,NA,7887.37,NA,NA,https://allianceforcoffeeexcellence.org/nicaragua-2003/
006d132a118d0da8,Nicaragua,2003,COE,30,006d132a118d0da8|COE|NA|30,TRUE,2.35,NA,8936.99,NA,NA,https://allianceforcoffeeexcellence.org/nicaragua-2003/
006d132a118d0da8,Nicaragua,2003,COE,31,006d132a118d0da8|COE|NA|31,TRUE,2.05,NA,4365.81,NA,NA,https://allianceforcoffeeexcellence.org/nicaragua-2003/
006d132a118d0da8,Nicaragua,2003,COE,32,006d132a118d0da8|COE|NA|32,TRUE,2.2,NA,3346.62,NA,NA,https://allianceforcoffeeexcellence.org/nicaragua-2003/
006d132a118d0da8,Nicaragua,2003,COE,33,006d132a118d0da8|COE|NA|33,TRUE,2.05,NA,5301.35,NA,NA,https://allianceforcoffeeexcellence.org/nicaragua-2003/
006d132a118d0da8,Nicaragua,2003,COE,34,006d132a118d0da8|COE|NA|34,TRUE,1.9,NA,6358.57,NA,NA,https://allianceforcoffeeexcellence.org/nicaragua-2003/
006d132a118d0da8,Nicaragua,2003,COE,35,006d132a118d0da8|COE|NA|35,TRUE,1.9,NA,7803.7,NA,NA,https://allianceforcoffeeexcellence.org/nicaragua-2003/
006d132a118d0da8,Nicaragua,2003,COE,36,006d132a118d0da8|COE|NA|36,TRUE,1.3,NA,6328.15,NA,NA,https://allianceforcoffeeexcellence.org/nicaragua-2003/
006d132a118d0da8,Nicaragua,2003,COE,37,006d132a118d0da8|COE|NA|37,TRUE,1.65,NA,5521.92,NA,NA,https://allianceforcoffeeexcellence.org/nicaragua-2003/
9b41db41829ea486,Nicaragua,2004,COE,1,9b41db41829ea486|COE|NA|1,TRUE,12.5,NA,38029.74,NA,NA,https://allianceforcoffeeexcellence.org/nicaragua-2004/
9b41db41829ea486,Nicaragua,2004,COE,2,9b41db41829ea486|COE|NA|2,TRUE,7.95,NA,24186.91,NA,NA,https://allianceforcoffeeexcellence.org/nicaragua-2004/
9b41db41829ea486,Nicaragua,2004,COE,3,9b41db41829ea486|COE|NA|3,TRUE,5.2,NA,16611.39,NA,NA,https://allianceforcoffeeexcellence.org/nicaragua-2004/
9b41db41829ea486,Nicaragua,2004,COE,4,9b41db41829ea486|COE|NA|4,TRUE,5,NA,13690.71,NA,NA,https://allianceforcoffeeexcellence.org/nicaragua-2004/
9b41db41829ea486,Nicaragua,2004,COE,5,9b41db41829ea486|COE|NA|5,TRUE,5.05,NA,19205.02,NA,NA,https://allianceforcoffeeexcellence.org/nicaragua-2004/
9b41db41829ea486,Nicaragua,2004,COE,6,9b41db41829ea486|COE|NA|6,TRUE,4.6,NA,12595.45,NA,NA,https://allianceforcoffeeexcellence.org/nicaragua-2004/
9b41db41829ea486,Nicaragua,2004,COE,7,9b41db41829ea486|COE|NA|7,TRUE,4.8,NA,18254.28,NA,NA,https://allianceforcoffeeexcellence.org/nicaragua-2004/
9b41db41829ea486,Nicaragua,2004,COE,8,9b41db41829ea486|COE|NA|8,TRUE,2.56,NA,11682.74,NA,NA,https://allianceforcoffeeexcellence.org/nicaragua-2004/
9b41db41829ea486,Nicaragua,2004,COE,9,9b41db41829ea486|COE|NA|9,TRUE,4.1,NA,13721.13,NA,NA,https://allianceforcoffeeexcellence.org/nicaragua-2004/
9b41db41829ea486,Nicaragua,2004,COE,10,9b41db41829ea486|COE|NA|10,TRUE,3.2,NA,8275.27,NA,NA,https://allianceforcoffeeexcellence.org/nicaragua-2004/
9b41db41829ea486,Nicaragua,2004,COE,11,9b41db41829ea486|COE|NA|11,TRUE,3.45,NA,11021.02,NA,NA,https://allianceforcoffeeexcellence.org/nicaragua-2004/
9b41db41829ea486,Nicaragua,2004,COE,12,9b41db41829ea486|COE|NA|12,TRUE,2.7,NA,5750.1,NA,NA,https://allianceforcoffeeexcellence.org/nicaragua-2004/
9b41db41829ea486,Nicaragua,2004,COE,13,9b41db41829ea486|COE|NA|13,TRUE,3.4,NA,6206.45,NA,NA,https://allianceforcoffeeexcellence.org/nicaragua-2004/
9b41db41829ea486,Nicaragua,2004,COE,14,9b41db41829ea486|COE|NA|14,TRUE,3.65,NA,13880.86,NA,NA,https://allianceforcoffeeexcellence.org/nicaragua-2004/
9b41db41829ea486,Nicaragua,2004,COE,15,9b41db41829ea486|COE|NA|15,TRUE,2.8,NA,12777.99,NA,NA,https://allianceforcoffeeexcellence.org/nicaragua-2004/
9b41db41829ea486,Nicaragua,2004,COE,16,9b41db41829ea486|COE|NA|16,TRUE,3.51,NA,8543,NA,NA,https://allianceforcoffeeexcellence.org/nicaragua-2004/
9b41db41829ea486,Nicaragua,2004,COE,17,9b41db41829ea486|COE|NA|17,TRUE,2.8,NA,10222.39,NA,NA,https://allianceforcoffeeexcellence.org/nicaragua-2004/
9b41db41829ea486,Nicaragua,2004,COE,18,9b41db41829ea486|COE|NA|18,TRUE,2.2,NA,7697.22,NA,NA,https://allianceforcoffeeexcellence.org/nicaragua-2004/
9b41db41829ea486,Nicaragua,2004,COE,19,9b41db41829ea486|COE|NA|19,TRUE,2.2,NA,6693.23,NA,NA,https://allianceforcoffeeexcellence.org/nicaragua-2004/
9b41db41829ea486,Nicaragua,2004,COE,20,9b41db41829ea486|COE|NA|20,TRUE,2.7,NA,6571.54,NA,NA,https://allianceforcoffeeexcellence.org/nicaragua-2004/
9b41db41829ea486,Nicaragua,2004,COE,21,9b41db41829ea486|COE|NA|21,TRUE,2.55,NA,6594.36,NA,NA,https://allianceforcoffeeexcellence.org/nicaragua-2004/
9b41db41829ea486,Nicaragua,2004,COE,22,9b41db41829ea486|COE|NA|22,TRUE,2.21,NA,9413.12,NA,NA,https://allianceforcoffeeexcellence.org/nicaragua-2004/
9b41db41829ea486,Nicaragua,2004,COE,23,9b41db41829ea486|COE|NA|23,TRUE,2.25,NA,5818.55,NA,NA,https://allianceforcoffeeexcellence.org/nicaragua-2004/
9b41db41829ea486,Nicaragua,2004,COE,24,9b41db41829ea486|COE|NA|24,TRUE,2.7,NA,11089.47,NA,NA,https://allianceforcoffeeexcellence.org/nicaragua-2004/
9b41db41829ea486,Nicaragua,2004,COE,25,9b41db41829ea486|COE|NA|25,TRUE,2.4,NA,10222.39,NA,NA,https://allianceforcoffeeexcellence.org/nicaragua-2004/
9b41db41829ea486,Nicaragua,2004,COE,26,9b41db41829ea486|COE|NA|26,TRUE,2.45,NA,7826.52,NA,NA,https://allianceforcoffeeexcellence.org/nicaragua-2004/
9b41db41829ea486,Nicaragua,2004,COE,27,9b41db41829ea486|COE|NA|27,TRUE,2.5,NA,12169.52,NA,NA,https://allianceforcoffeeexcellence.org/nicaragua-2004/
9b41db41829ea486,Nicaragua,2004,COE,28,9b41db41829ea486|COE|NA|28,TRUE,2.91,NA,8410.66,NA,NA,https://allianceforcoffeeexcellence.org/nicaragua-2004/
9b41db41829ea486,Nicaragua,2004,COE,29,9b41db41829ea486|COE|NA|29,TRUE,2.05,NA,13409.29,NA,NA,https://allianceforcoffeeexcellence.org/nicaragua-2004/
d767976e2066de8e,Nicaragua,2005,COE,1,d767976e2066de8e|COE|NA|1,TRUE,8.05,NA,34287.61,NA,NA,https://allianceforcoffeeexcellence.org/nicaragua-2005/
d767976e2066de8e,Nicaragua,2005,COE,2,d767976e2066de8e|COE|NA|2,TRUE,6.4,NA,27259.72,NA,NA,https://allianceforcoffeeexcellence.org/nicaragua-2005/
d767976e2066de8e,Nicaragua,2005,COE,3,d767976e2066de8e|COE|NA|3,TRUE,4.5,NA,22589.67,NA,NA,https://allianceforcoffeeexcellence.org/nicaragua-2005/
d767976e2066de8e,Nicaragua,2005,COE,4,d767976e2066de8e|COE|NA|4,TRUE,5.6,NA,12777.99,NA,NA,https://allianceforcoffeeexcellence.org/nicaragua-2005/
d767976e2066de8e,Nicaragua,2005,COE,5,d767976e2066de8e|COE|NA|5,TRUE,8.25,NA,25099.63,NA,NA,https://allianceforcoffeeexcellence.org/nicaragua-2005/
d767976e2066de8e,Nicaragua,2005,COE,6,d767976e2066de8e|COE|NA|6,TRUE,5.4,NA,19714.62,NA,NA,https://allianceforcoffeeexcellence.org/nicaragua-2005/
d767976e2066de8e,Nicaragua,2005,COE,7,d767976e2066de8e|COE|NA|7,TRUE,3.05,NA,14846.81,NA,NA,https://allianceforcoffeeexcellence.org/nicaragua-2005/
d767976e2066de8e,Nicaragua,2005,COE,8,d767976e2066de8e|COE|NA|8,TRUE,3.05,NA,11135.11,NA,NA,https://allianceforcoffeeexcellence.org/nicaragua-2005/
d767976e2066de8e,Nicaragua,2005,COE,9,d767976e2066de8e|COE|NA|9,TRUE,2.65,NA,6046.73,NA,NA,https://allianceforcoffeeexcellence.org/nicaragua-2005/
d767976e2066de8e,Nicaragua,2005,COE,10,d767976e2066de8e|COE|NA|10,TRUE,2.85,NA,6503.09,NA,NA,https://allianceforcoffeeexcellence.org/nicaragua-2005/
d767976e2066de8e,Nicaragua,2005,COE,11,d767976e2066de8e|COE|NA|11,TRUE,2.6,NA,10678.75,NA,NA,https://allianceforcoffeeexcellence.org/nicaragua-2005/
d767976e2066de8e,Nicaragua,2005,COE,12,d767976e2066de8e|COE|NA|12,TRUE,7.8,NA,17797.92,NA,NA,https://allianceforcoffeeexcellence.org/nicaragua-2005/
d767976e2066de8e,Nicaragua,2005,COE,13,d767976e2066de8e|COE|NA|13,TRUE,2.7,NA,7392.98,NA,NA,https://allianceforcoffeeexcellence.org/nicaragua-2005/
d767976e2066de8e,Nicaragua,2005,COE,14,d767976e2066de8e|COE|NA|14,TRUE,3.2,NA,8275.27,NA,NA,https://allianceforcoffeeexcellence.org/nicaragua-2005/
d767976e2066de8e,Nicaragua,2005,COE,15,d767976e2066de8e|COE|NA|15,TRUE,6.55,NA,15942.07,NA,NA,https://allianceforcoffeeexcellence.org/nicaragua-2005/
d767976e2066de8e,Nicaragua,2005,COE,16,d767976e2066de8e|COE|NA|16,TRUE,2.6,NA,11074.26,NA,NA,https://allianceforcoffeeexcellence.org/nicaragua-2005/
d767976e2066de8e,Nicaragua,2005,COE,17,d767976e2066de8e|COE|NA|17,TRUE,3.2,NA,9248.83,NA,NA,https://allianceforcoffeeexcellence.org/nicaragua-2005/
d767976e2066de8e,Nicaragua,2005,COE,18,d767976e2066de8e|COE|NA|18,TRUE,2.65,NA,9271.65,NA,NA,https://allianceforcoffeeexcellence.org/nicaragua-2005/
d767976e2066de8e,Nicaragua,2005,COE,19,d767976e2066de8e|COE|NA|19,TRUE,2.05,NA,4989.5,NA,NA,https://allianceforcoffeeexcellence.org/nicaragua-2005/
d767976e2066de8e,Nicaragua,2005,COE,20,d767976e2066de8e|COE|NA|20,TRUE,2.65,NA,12496.57,NA,NA,https://allianceforcoffeeexcellence.org/nicaragua-2005/
d767976e2066de8e,Nicaragua,2005,COE,21,d767976e2066de8e|COE|NA|21,TRUE,2.5,NA,7986.25,NA,NA,https://allianceforcoffeeexcellence.org/nicaragua-2005/
d767976e2066de8e,Nicaragua,2005,COE,22,d767976e2066de8e|COE|NA|22,TRUE,2.1,NA,5111.2,NA,NA,https://allianceforcoffeeexcellence.org/nicaragua-2005/
d767976e2066de8e,Nicaragua,2005,COE,23,d767976e2066de8e|COE|NA|23,TRUE,2.05,NA,4989.5,NA,NA,https://allianceforcoffeeexcellence.org/nicaragua-2005/
d767976e2066de8e,Nicaragua,2005,COE,24,d767976e2066de8e|COE|NA|24,TRUE,2.6,NA,7910.19,NA,NA,https://allianceforcoffeeexcellence.org/nicaragua-2005/
d767976e2066de8e,Nicaragua,2005,COE,25,d767976e2066de8e|COE|NA|25,TRUE,2.05,NA,7172.41,NA,NA,https://allianceforcoffeeexcellence.org/nicaragua-2005/
d767976e2066de8e,Nicaragua,2005,COE,26,d767976e2066de8e|COE|NA|26,TRUE,2,NA,4563.57,NA,NA,https://allianceforcoffeeexcellence.org/nicaragua-2005/
d767976e2066de8e,Nicaragua,2005,COE,27,d767976e2066de8e|COE|NA|27,TRUE,2.05,NA,9043.47,NA,NA,https://allianceforcoffeeexcellence.org/nicaragua-2005/
d767976e2066de8e,Nicaragua,2005,COE,28,d767976e2066de8e|COE|NA|28,TRUE,2.05,NA,4677.66,NA,NA,https://allianceforcoffeeexcellence.org/nicaragua-2005/
d767976e2066de8e,Nicaragua,2005,COE,29,d767976e2066de8e|COE|NA|29,TRUE,2,NA,4563.57,NA,NA,https://allianceforcoffeeexcellence.org/nicaragua-2005/
d767976e2066de8e,Nicaragua,2005,COE,30,d767976e2066de8e|COE|NA|30,TRUE,1.7,NA,6206.45,NA,NA,https://allianceforcoffeeexcellence.org/nicaragua-2005/
d767976e2066de8e,Nicaragua,2005,COE,31,d767976e2066de8e|COE|NA|31,TRUE,2,NA,5172.04,NA,NA,https://allianceforcoffeeexcellence.org/nicaragua-2005/
d767976e2066de8e,Nicaragua,2005,COE,32,d767976e2066de8e|COE|NA|32,TRUE,1.9,NA,5491.49,NA,NA,https://allianceforcoffeeexcellence.org/nicaragua-2005/
d767976e2066de8e,Nicaragua,2005,COE,33,d767976e2066de8e|COE|NA|33,TRUE,2.56,NA,10125.04,NA,NA,https://allianceforcoffeeexcellence.org/nicaragua-2005/
d767976e2066de8e,Nicaragua,2005,COE,34,d767976e2066de8e|COE|NA|34,TRUE,1.9,NA,6069.55,NA,NA,https://allianceforcoffeeexcellence.org/nicaragua-2005/
d767976e2066de8e,Nicaragua,2005,COE,35,d767976e2066de8e|COE|NA|35,TRUE,1.7,NA,6723.66,NA,NA,https://allianceforcoffeeexcellence.org/nicaragua-2005/
da9b1a5c74fd4dd4,Nicaragua,2006,COE,1,da9b1a5c74fd4dd4|COE|NA|1,TRUE,7.3,NA,19988.43,NA,NA,https://allianceforcoffeeexcellence.org/nicaragua-2006/
da9b1a5c74fd4dd4,Nicaragua,2006,COE,2,da9b1a5c74fd4dd4|COE|NA|2,TRUE,4.85,NA,11066.65,NA,NA,https://allianceforcoffeeexcellence.org/nicaragua-2006/
da9b1a5c74fd4dd4,Nicaragua,2006,COE,3,da9b1a5c74fd4dd4|COE|NA|3,TRUE,5.2,NA,12656.3,NA,NA,https://allianceforcoffeeexcellence.org/nicaragua-2006/
da9b1a5c74fd4dd4,Nicaragua,2006,COE,4,da9b1a5c74fd4dd4|COE|NA|4,TRUE,4.6,NA,10496.21,NA,NA,https://allianceforcoffeeexcellence.org/nicaragua-2006/
da9b1a5c74fd4dd4,Nicaragua,2006,COE,5,da9b1a5c74fd4dd4|COE|NA|5,TRUE,4.3,NA,9811.67,NA,NA,https://allianceforcoffeeexcellence.org/nicaragua-2006/
da9b1a5c74fd4dd4,Nicaragua,2006,COE,6,da9b1a5c74fd4dd4|COE|NA|6,TRUE,6.55,NA,19927.58,NA,NA,https://allianceforcoffeeexcellence.org/nicaragua-2006/
da9b1a5c74fd4dd4,Nicaragua,2006,COE,7,da9b1a5c74fd4dd4|COE|NA|7,TRUE,3.8,NA,8670.78,NA,NA,https://allianceforcoffeeexcellence.org/nicaragua-2006/
da9b1a5c74fd4dd4,Nicaragua,2006,COE,8,da9b1a5c74fd4dd4|COE|NA|8,TRUE,7.05,NA,30028.28,NA,NA,https://allianceforcoffeeexcellence.org/nicaragua-2006/
da9b1a5c74fd4dd4,Nicaragua,2006,COE,9,da9b1a5c74fd4dd4|COE|NA|9,TRUE,3.3,NA,7529.89,NA,NA,https://allianceforcoffeeexcellence.org/nicaragua-2006/
da9b1a5c74fd4dd4,Nicaragua,2006,COE,10,da9b1a5c74fd4dd4|COE|NA|10,TRUE,4.1,NA,9355.32,NA,NA,https://allianceforcoffeeexcellence.org/nicaragua-2006/
da9b1a5c74fd4dd4,Nicaragua,2006,COE,11,da9b1a5c74fd4dd4|COE|NA|11,TRUE,3.2,NA,9735.61,NA,NA,https://allianceforcoffeeexcellence.org/nicaragua-2006/
da9b1a5c74fd4dd4,Nicaragua,2006,COE,12,da9b1a5c74fd4dd4|COE|NA|12,TRUE,5.3,NA,15318.38,NA,NA,https://allianceforcoffeeexcellence.org/nicaragua-2006/
da9b1a5c74fd4dd4,Nicaragua,2006,COE,13,da9b1a5c74fd4dd4|COE|NA|13,TRUE,3.15,NA,12937.72,NA,NA,https://allianceforcoffeeexcellence.org/nicaragua-2006/
da9b1a5c74fd4dd4,Nicaragua,2006,COE,14,da9b1a5c74fd4dd4|COE|NA|14,TRUE,4.7,NA,15729.1,NA,NA,https://allianceforcoffeeexcellence.org/nicaragua-2006/
da9b1a5c74fd4dd4,Nicaragua,2006,COE,15,da9b1a5c74fd4dd4|COE|NA|15,TRUE,3.05,NA,11135.11,NA,NA,https://allianceforcoffeeexcellence.org/nicaragua-2006/
da9b1a5c74fd4dd4,Nicaragua,2006,COE,16,da9b1a5c74fd4dd4|COE|NA|16,TRUE,3.25,NA,11370.89,NA,NA,https://allianceforcoffeeexcellence.org/nicaragua-2006/
da9b1a5c74fd4dd4,Nicaragua,2006,COE,17,da9b1a5c74fd4dd4|COE|NA|17,TRUE,3.25,NA,8404.57,NA,NA,https://allianceforcoffeeexcellence.org/nicaragua-2006/
da9b1a5c74fd4dd4,Nicaragua,2006,COE,18,da9b1a5c74fd4dd4|COE|NA|18,TRUE,3.55,NA,8100.33,NA,NA,https://allianceforcoffeeexcellence.org/nicaragua-2006/
da9b1a5c74fd4dd4,Nicaragua,2006,COE,19,da9b1a5c74fd4dd4|COE|NA|19,TRUE,3.05,NA,11135.11,NA,NA,https://allianceforcoffeeexcellence.org/nicaragua-2006/
da9b1a5c74fd4dd4,Nicaragua,2006,COE,20,da9b1a5c74fd4dd4|COE|NA|20,TRUE,3.1,NA,8959.81,NA,NA,https://allianceforcoffeeexcellence.org/nicaragua-2006/
da9b1a5c74fd4dd4,Nicaragua,2006,COE,21,da9b1a5c74fd4dd4|COE|NA|21,TRUE,3,NA,7301.71,NA,NA,https://allianceforcoffeeexcellence.org/nicaragua-2006/
da9b1a5c74fd4dd4,Nicaragua,2006,COE,22,da9b1a5c74fd4dd4|COE|NA|22,TRUE,3.05,NA,6959.44,NA,NA,https://allianceforcoffeeexcellence.org/nicaragua-2006/
da9b1a5c74fd4dd4,Nicaragua,2006,COE,23,da9b1a5c74fd4dd4|COE|NA|23,TRUE,3.3,NA,7529.89,NA,NA,https://allianceforcoffeeexcellence.org/nicaragua-2006/
da9b1a5c74fd4dd4,Nicaragua,2006,COE,24,da9b1a5c74fd4dd4|COE|NA|24,TRUE,3.55,NA,13500.56,NA,NA,https://allianceforcoffeeexcellence.org/nicaragua-2006/
da9b1a5c74fd4dd4,Nicaragua,2006,COE,25,da9b1a5c74fd4dd4|COE|NA|25,TRUE,3.05,NA,6959.44,NA,NA,https://allianceforcoffeeexcellence.org/nicaragua-2006/
762c57dba751e942,Nicaragua,2007,COE,1,762c57dba751e942|COE|NA|1,TRUE,47.06,NA,100222.06,NA,NA,https://allianceforcoffeeexcellence.org/nicaragua-2007/
762c57dba751e942,Nicaragua,2007,COE,2,762c57dba751e942|COE|NA|2,TRUE,8.15,NA,22315.85,NA,NA,https://allianceforcoffeeexcellence.org/nicaragua-2007/
762c57dba751e942,Nicaragua,2007,COE,3,762c57dba751e942|COE|NA|3,TRUE,8.2,NA,17463.26,NA,NA,https://allianceforcoffeeexcellence.org/nicaragua-2007/
762c57dba751e942,Nicaragua,2007,COE,4,762c57dba751e942|COE|NA|4,TRUE,10,NA,25860.22,NA,NA,https://allianceforcoffeeexcellence.org/nicaragua-2007/
762c57dba751e942,Nicaragua,2007,COE,5,762c57dba751e942|COE|NA|5,TRUE,7.82,NA,22601.84,NA,NA,https://allianceforcoffeeexcellence.org/nicaragua-2007/
762c57dba751e942,Nicaragua,2007,COE,6,762c57dba751e942|COE|NA|6,TRUE,6.8,NA,21722.59,NA,NA,https://allianceforcoffeeexcellence.org/nicaragua-2007/
762c57dba751e942,Nicaragua,2007,COE,7,762c57dba751e942|COE|NA|7,TRUE,6.95,NA,12686.72,NA,NA,https://allianceforcoffeeexcellence.org/nicaragua-2007/
762c57dba751e942,Nicaragua,2007,COE,8,762c57dba751e942|COE|NA|8,TRUE,6,NA,14603.42,NA,NA,https://allianceforcoffeeexcellence.org/nicaragua-2007/
762c57dba751e942,Nicaragua,2007,COE,9,762c57dba751e942|COE|NA|9,TRUE,6.12,NA,14895.49,NA,NA,https://allianceforcoffeeexcellence.org/nicaragua-2007/
762c57dba751e942,Nicaragua,2007,COE,10,762c57dba751e942|COE|NA|10,TRUE,6.35,NA,20285.06,NA,NA,https://allianceforcoffeeexcellence.org/nicaragua-2007/
762c57dba751e942,Nicaragua,2007,COE,11,762c57dba751e942|COE|NA|11,TRUE,5.8,NA,24704.12,NA,NA,https://allianceforcoffeeexcellence.org/nicaragua-2007/
762c57dba751e942,Nicaragua,2007,COE,12,762c57dba751e942|COE|NA|12,TRUE,6.1,NA,12063.03,NA,NA,https://allianceforcoffeeexcellence.org/nicaragua-2007/
762c57dba751e942,Nicaragua,2007,COE,13,762c57dba751e942|COE|NA|13,TRUE,6,NA,11865.28,NA,NA,https://allianceforcoffeeexcellence.org/nicaragua-2007/
762c57dba751e942,Nicaragua,2007,COE,14,762c57dba751e942|COE|NA|14,TRUE,6.1,NA,12063.03,NA,NA,https://allianceforcoffeeexcellence.org/nicaragua-2007/
762c57dba751e942,Nicaragua,2007,COE,15,762c57dba751e942|COE|NA|15,TRUE,4.55,NA,14534.97,NA,NA,https://allianceforcoffeeexcellence.org/nicaragua-2007/
762c57dba751e942,Nicaragua,2007,COE,16,762c57dba751e942|COE|NA|16,TRUE,5.2,NA,11074.26,NA,NA,https://allianceforcoffeeexcellence.org/nicaragua-2007/
762c57dba751e942,Nicaragua,2007,COE,17,762c57dba751e942|COE|NA|17,TRUE,5.25,NA,11180.74,NA,NA,https://allianceforcoffeeexcellence.org/nicaragua-2007/
762c57dba751e942,Nicaragua,2007,COE,18,762c57dba751e942|COE|NA|18,TRUE,4.35,NA,9925.76,NA,NA,https://allianceforcoffeeexcellence.org/nicaragua-2007/
762c57dba751e942,Nicaragua,2007,COE,19,762c57dba751e942|COE|NA|19,TRUE,4.64,NA,12704.98,NA,NA,https://allianceforcoffeeexcellence.org/nicaragua-2007/
762c57dba751e942,Nicaragua,2007,COE,20,762c57dba751e942|COE|NA|20,TRUE,4.4,NA,15394.44,NA,NA,https://allianceforcoffeeexcellence.org/nicaragua-2007/
762c57dba751e942,Nicaragua,2007,COE,21,762c57dba751e942|COE|NA|21,TRUE,5,NA,10648.33,NA,NA,https://allianceforcoffeeexcellence.org/nicaragua-2007/
762c57dba751e942,Nicaragua,2007,COE,22,762c57dba751e942|COE|NA|22,TRUE,4,NA,11561.04,NA,NA,https://allianceforcoffeeexcellence.org/nicaragua-2007/
762c57dba751e942,Nicaragua,2007,COE,23,762c57dba751e942|COE|NA|23,TRUE,4.95,NA,10541.84,NA,NA,https://allianceforcoffeeexcellence.org/nicaragua-2007/
762c57dba751e942,Nicaragua,2007,COE,24,762c57dba751e942|COE|NA|24,TRUE,4.8,NA,10222.39,NA,NA,https://allianceforcoffeeexcellence.org/nicaragua-2007/
762c57dba751e942,Nicaragua,2007,COE,25,762c57dba751e942|COE|NA|25,TRUE,5.05,NA,11523.01,NA,NA,https://allianceforcoffeeexcellence.org/nicaragua-2007/
762c57dba751e942,Nicaragua,2007,COE,26,762c57dba751e942|COE|NA|26,TRUE,4.4,NA,12717.15,NA,NA,https://allianceforcoffeeexcellence.org/nicaragua-2007/
762c57dba751e942,Nicaragua,2007,COE,27,762c57dba751e942|COE|NA|27,TRUE,5.05,NA,13827.61,NA,NA,https://allianceforcoffeeexcellence.org/nicaragua-2007/
762c57dba751e942,Nicaragua,2007,COE,28,762c57dba751e942|COE|NA|28,TRUE,4.45,NA,9477.01,NA,NA,https://allianceforcoffeeexcellence.org/nicaragua-2007/
762c57dba751e942,Nicaragua,2007,COE,29,762c57dba751e942|COE|NA|29,TRUE,5,NA,11408.92,NA,NA,https://allianceforcoffeeexcellence.org/nicaragua-2007/
762c57dba751e942,Nicaragua,2007,COE,30,762c57dba751e942|COE|NA|30,TRUE,4.4,NA,9370.53,NA,NA,https://allianceforcoffeeexcellence.org/nicaragua-2007/
762c57dba751e942,Nicaragua,2007,COE,31,762c57dba751e942|COE|NA|31,TRUE,4.3,NA,10465.78,NA,NA,https://allianceforcoffeeexcellence.org/nicaragua-2007/
762c57dba751e942,Nicaragua,2007,COE,32,762c57dba751e942|COE|NA|32,TRUE,3.95,NA,12017.4,NA,NA,https://allianceforcoffeeexcellence.org/nicaragua-2007/
762c57dba751e942,Nicaragua,2007,COE,33,762c57dba751e942|COE|NA|33,TRUE,4.35,NA,9264.04,NA,NA,https://allianceforcoffeeexcellence.org/nicaragua-2007/
762c57dba751e942,Nicaragua,2007,COE,34,762c57dba751e942|COE|NA|34,TRUE,4.15,NA,8206.82,NA,NA,https://allianceforcoffeeexcellence.org/nicaragua-2007/
da5b8d67ef9fccb3,Nicaragua,2008,COE,1,da5b8d67ef9fccb3|COE|NA|1,TRUE,16.05,NA,41505.66,NA,NA,https://allianceforcoffeeexcellence.org/nicaragua-2008/
da5b8d67ef9fccb3,Nicaragua,2008,COE,2,da5b8d67ef9fccb3|COE|NA|2,TRUE,18.55,NA,39505.29,NA,NA,https://allianceforcoffeeexcellence.org/nicaragua-2008/
da5b8d67ef9fccb3,Nicaragua,2008,COE,3,da5b8d67ef9fccb3|COE|NA|3,TRUE,10.85,NA,37961.29,NA,NA,https://allianceforcoffeeexcellence.org/nicaragua-2008/
da5b8d67ef9fccb3,Nicaragua,2008,COE,4,da5b8d67ef9fccb3|COE|NA|4,TRUE,14.25,NA,34683.12,NA,NA,https://allianceforcoffeeexcellence.org/nicaragua-2008/
da5b8d67ef9fccb3,Nicaragua,2008,COE,5,da5b8d67ef9fccb3|COE|NA|5,TRUE,7.12,NA,18412.48,NA,NA,https://allianceforcoffeeexcellence.org/nicaragua-2008/
da5b8d67ef9fccb3,Nicaragua,2008,COE,6,da5b8d67ef9fccb3|COE|NA|6,TRUE,5.4,NA,13143.08,NA,NA,https://allianceforcoffeeexcellence.org/nicaragua-2008/
da5b8d67ef9fccb3,Nicaragua,2008,COE,7,da5b8d67ef9fccb3|COE|NA|7,TRUE,6.25,NA,15211.9,NA,NA,https://allianceforcoffeeexcellence.org/nicaragua-2008/
da5b8d67ef9fccb3,Nicaragua,2008,COE,8,da5b8d67ef9fccb3|COE|NA|8,TRUE,4.8,NA,10952.57,NA,NA,https://allianceforcoffeeexcellence.org/nicaragua-2008/
da5b8d67ef9fccb3,Nicaragua,2008,COE,9,da5b8d67ef9fccb3|COE|NA|9,TRUE,4.8,NA,11682.74,NA,NA,https://allianceforcoffeeexcellence.org/nicaragua-2008/
da5b8d67ef9fccb3,Nicaragua,2008,COE,10,da5b8d67ef9fccb3|COE|NA|10,TRUE,4.5,NA,13006.17,NA,NA,https://allianceforcoffeeexcellence.org/nicaragua-2008/
da5b8d67ef9fccb3,Nicaragua,2008,COE,11,da5b8d67ef9fccb3|COE|NA|11,TRUE,5.3,NA,12899.69,NA,NA,https://allianceforcoffeeexcellence.org/nicaragua-2008/
da5b8d67ef9fccb3,Nicaragua,2008,COE,12,da5b8d67ef9fccb3|COE|NA|12,TRUE,4.45,NA,10830.87,NA,NA,https://allianceforcoffeeexcellence.org/nicaragua-2008/
da5b8d67ef9fccb3,Nicaragua,2008,COE,13,da5b8d67ef9fccb3|COE|NA|13,TRUE,4.55,NA,13150.68,NA,NA,https://allianceforcoffeeexcellence.org/nicaragua-2008/
da5b8d67ef9fccb3,Nicaragua,2008,COE,14,da5b8d67ef9fccb3|COE|NA|14,TRUE,4.6,NA,11195.96,NA,NA,https://allianceforcoffeeexcellence.org/nicaragua-2008/
da5b8d67ef9fccb3,Nicaragua,2008,COE,15,da5b8d67ef9fccb3|COE|NA|15,TRUE,4.5,NA,10268.03,NA,NA,https://allianceforcoffeeexcellence.org/nicaragua-2008/
da5b8d67ef9fccb3,Nicaragua,2008,COE,16,da5b8d67ef9fccb3|COE|NA|16,TRUE,4.75,NA,10838.48,NA,NA,https://allianceforcoffeeexcellence.org/nicaragua-2008/
da5b8d67ef9fccb3,Nicaragua,2008,COE,17,da5b8d67ef9fccb3|COE|NA|17,TRUE,4.45,NA,10153.94,NA,NA,https://allianceforcoffeeexcellence.org/nicaragua-2008/
da5b8d67ef9fccb3,Nicaragua,2008,COE,18,da5b8d67ef9fccb3|COE|NA|18,TRUE,4.55,NA,13842.83,NA,NA,https://allianceforcoffeeexcellence.org/nicaragua-2008/
da5b8d67ef9fccb3,Nicaragua,2008,COE,19,da5b8d67ef9fccb3|COE|NA|19,TRUE,4.6,NA,12595.45,NA,NA,https://allianceforcoffeeexcellence.org/nicaragua-2008/
da5b8d67ef9fccb3,Nicaragua,2008,COE,20,da5b8d67ef9fccb3|COE|NA|20,TRUE,4.65,NA,10610.3,NA,NA,https://allianceforcoffeeexcellence.org/nicaragua-2008/
da5b8d67ef9fccb3,Nicaragua,2008,COE,21,da5b8d67ef9fccb3|COE|NA|21,TRUE,4.6,NA,13994.94,NA,NA,https://allianceforcoffeeexcellence.org/nicaragua-2008/
da5b8d67ef9fccb3,Nicaragua,2008,COE,22,da5b8d67ef9fccb3|COE|NA|22,TRUE,6.25,NA,16162.64,NA,NA,https://allianceforcoffeeexcellence.org/nicaragua-2008/
da5b8d67ef9fccb3,Nicaragua,2008,COE,23,da5b8d67ef9fccb3|COE|NA|23,TRUE,4.1,NA,19334.32,NA,NA,https://allianceforcoffeeexcellence.org/nicaragua-2008/
da5b8d67ef9fccb3,Nicaragua,2008,COE,24,da5b8d67ef9fccb3|COE|NA|24,TRUE,4.55,NA,10382.12,NA,NA,https://allianceforcoffeeexcellence.org/nicaragua-2008/
da5b8d67ef9fccb3,Nicaragua,2008,COE,25,da5b8d67ef9fccb3|COE|NA|25,TRUE,3.85,NA,9956.19,NA,NA,https://allianceforcoffeeexcellence.org/nicaragua-2008/
c56ff7f8e1e41dd6,Nicaragua,2009,COE,1,c56ff7f8e1e41dd6|COE|NA|1,TRUE,31.05,NA,83835,NA,NA,https://allianceforcoffeeexcellence.org/nicaragua-2009/
c56ff7f8e1e41dd6,Nicaragua,2009,COE,2,c56ff7f8e1e41dd6|COE|NA|2,TRUE,9.95,NA,25173.5,NA,NA,https://allianceforcoffeeexcellence.org/nicaragua-2009/
c56ff7f8e1e41dd6,Nicaragua,2009,COE,3,c56ff7f8e1e41dd6|COE|NA|3,TRUE,6.65,NA,19584.25,NA,NA,https://allianceforcoffeeexcellence.org/nicaragua-2009/
c56ff7f8e1e41dd6,Nicaragua,2009,COE,4,c56ff7f8e1e41dd6|COE|NA|4,TRUE,8.96,NA,24568.32,NA,NA,https://allianceforcoffeeexcellence.org/nicaragua-2009/
c56ff7f8e1e41dd6,Nicaragua,2009,COE,5,c56ff7f8e1e41dd6|COE|NA|5,TRUE,6.05,NA,18131.85,NA,NA,https://allianceforcoffeeexcellence.org/nicaragua-2009/
c56ff7f8e1e41dd6,Nicaragua,2009,COE,6,c56ff7f8e1e41dd6|COE|NA|6,TRUE,6,NA,14910,NA,NA,https://allianceforcoffeeexcellence.org/nicaragua-2009/
c56ff7f8e1e41dd6,Nicaragua,2009,COE,7,c56ff7f8e1e41dd6|COE|NA|7,TRUE,8.05,NA,18756.5,NA,NA,https://allianceforcoffeeexcellence.org/nicaragua-2009/
c56ff7f8e1e41dd6,Nicaragua,2009,COE,8,c56ff7f8e1e41dd6|COE|NA|8,TRUE,5.2,NA,13743.6,NA,NA,https://allianceforcoffeeexcellence.org/nicaragua-2009/
c56ff7f8e1e41dd6,Nicaragua,2009,COE,9,c56ff7f8e1e41dd6|COE|NA|9,TRUE,6,NA,18168,NA,NA,https://allianceforcoffeeexcellence.org/nicaragua-2009/
c56ff7f8e1e41dd6,Nicaragua,2009,COE,10,c56ff7f8e1e41dd6|COE|NA|10,TRUE,5.05,NA,14629.85,NA,NA,https://allianceforcoffeeexcellence.org/nicaragua-2009/
c56ff7f8e1e41dd6,Nicaragua,2009,COE,11,c56ff7f8e1e41dd6|COE|NA|11,TRUE,4.1,NA,11685,NA,NA,https://allianceforcoffeeexcellence.org/nicaragua-2009/
c56ff7f8e1e41dd6,Nicaragua,2009,COE,12,c56ff7f8e1e41dd6|COE|NA|12,TRUE,4.01,NA,10722.74,NA,NA,https://allianceforcoffeeexcellence.org/nicaragua-2009/
c56ff7f8e1e41dd6,Nicaragua,2009,COE,13,c56ff7f8e1e41dd6|COE|NA|13,TRUE,5.06,NA,14203.42,NA,NA,https://allianceforcoffeeexcellence.org/nicaragua-2009/
c56ff7f8e1e41dd6,Nicaragua,2009,COE,14,c56ff7f8e1e41dd6|COE|NA|14,TRUE,5.1,NA,13805.7,NA,NA,https://allianceforcoffeeexcellence.org/nicaragua-2009/
c56ff7f8e1e41dd6,Nicaragua,2009,COE,15,c56ff7f8e1e41dd6|COE|NA|15,TRUE,4.6,NA,12765,NA,NA,https://allianceforcoffeeexcellence.org/nicaragua-2009/
c56ff7f8e1e41dd6,Nicaragua,2009,COE,16,c56ff7f8e1e41dd6|COE|NA|16,TRUE,5.1,NA,13219.2,NA,NA,https://allianceforcoffeeexcellence.org/nicaragua-2009/
c56ff7f8e1e41dd6,Nicaragua,2009,COE,17,c56ff7f8e1e41dd6|COE|NA|17,TRUE,3.65,NA,8851.25,NA,NA,https://allianceforcoffeeexcellence.org/nicaragua-2009/
c56ff7f8e1e41dd6,Nicaragua,2009,COE,18,c56ff7f8e1e41dd6|COE|NA|18,TRUE,4.06,NA,12180,NA,NA,https://allianceforcoffeeexcellence.org/nicaragua-2009/
c56ff7f8e1e41dd6,Nicaragua,2009,COE,19,c56ff7f8e1e41dd6|COE|NA|19,TRUE,4.06,NA,12935.16,NA,NA,https://allianceforcoffeeexcellence.org/nicaragua-2009/
c56ff7f8e1e41dd6,Nicaragua,2009,COE,20,c56ff7f8e1e41dd6|COE|NA|20,TRUE,3.7,NA,9790.2,NA,NA,https://allianceforcoffeeexcellence.org/nicaragua-2009/
c56ff7f8e1e41dd6,Nicaragua,2009,COE,21,c56ff7f8e1e41dd6|COE|NA|21,TRUE,4.6,NA,12470.6,NA,NA,https://allianceforcoffeeexcellence.org/nicaragua-2009/
c56ff7f8e1e41dd6,Nicaragua,2009,COE,22,c56ff7f8e1e41dd6|COE|NA|22,TRUE,3.45,NA,8690.55,NA,NA,https://allianceforcoffeeexcellence.org/nicaragua-2009/
c56ff7f8e1e41dd6,Nicaragua,2009,COE,23,c56ff7f8e1e41dd6|COE|NA|23,TRUE,4.9,NA,14469.7,NA,NA,https://allianceforcoffeeexcellence.org/nicaragua-2009/
c56ff7f8e1e41dd6,Nicaragua,2009,COE,24,c56ff7f8e1e41dd6|COE|NA|24,TRUE,4.01,NA,11372.36,NA,NA,https://allianceforcoffeeexcellence.org/nicaragua-2009/
c56ff7f8e1e41dd6,Nicaragua,2009,COE,25,c56ff7f8e1e41dd6|COE|NA|25,TRUE,3.61,NA,9916.67,NA,NA,https://allianceforcoffeeexcellence.org/nicaragua-2009/
c56ff7f8e1e41dd6,Nicaragua,2009,COE,26,c56ff7f8e1e41dd6|COE|NA|26,TRUE,5.04,NA,12524.4,NA,NA,https://allianceforcoffeeexcellence.org/nicaragua-2009/
5971844d6c5e2009,Nicaragua,2010,COE,1,5971844d6c5e2009|COE|NA|1,TRUE,35.65,NA,89392.73,NA,NA,https://allianceforcoffeeexcellence.org/nicaragua-2010/
5971844d6c5e2009,Nicaragua,2010,COE,2,5971844d6c5e2009|COE|NA|2,TRUE,12.55,NA,31779.11,NA,NA,https://allianceforcoffeeexcellence.org/nicaragua-2010/
5971844d6c5e2009,Nicaragua,2010,COE,3,5971844d6c5e2009|COE|NA|3,TRUE,7.55,NA,20732.68,NA,NA,https://allianceforcoffeeexcellence.org/nicaragua-2010/
5971844d6c5e2009,Nicaragua,2010,COE,4,5971844d6c5e2009|COE|NA|4,TRUE,7,NA,17966.2,NA,NA,https://allianceforcoffeeexcellence.org/nicaragua-2010/
5971844d6c5e2009,Nicaragua,2010,COE,5,5971844d6c5e2009|COE|NA|5,TRUE,14.65,NA,32058.45,NA,NA,https://allianceforcoffeeexcellence.org/nicaragua-2010/
5971844d6c5e2009,Nicaragua,2010,COE,6,5971844d6c5e2009|COE|NA|6,TRUE,6.6,NA,15775.52,NA,NA,https://allianceforcoffeeexcellence.org/nicaragua-2010/
5971844d6c5e2009,Nicaragua,2010,COE,7,5971844d6c5e2009|COE|NA|7,TRUE,7.15,NA,19791.92,NA,NA,https://allianceforcoffeeexcellence.org/nicaragua-2010/
5971844d6c5e2009,Nicaragua,2010,COE,8,5971844d6c5e2009|COE|NA|8,TRUE,9.05,NA,31986.41,NA,NA,https://allianceforcoffeeexcellence.org/nicaragua-2010/
5971844d6c5e2009,Nicaragua,2010,COE,9,5971844d6c5e2009|COE|NA|9,TRUE,7.25,NA,19052.13,NA,NA,https://allianceforcoffeeexcellence.org/nicaragua-2010/
5971844d6c5e2009,Nicaragua,2010,COE,10,5971844d6c5e2009|COE|NA|10,TRUE,6,NA,16605.9,NA,NA,https://allianceforcoffeeexcellence.org/nicaragua-2010/
5971844d6c5e2009,Nicaragua,2010,COE,11,5971844d6c5e2009|COE|NA|11,TRUE,5.8,NA,15901.51,NA,NA,https://allianceforcoffeeexcellence.org/nicaragua-2010/
5971844d6c5e2009,Nicaragua,2010,COE,12,5971844d6c5e2009|COE|NA|12,TRUE,6.05,NA,15557.27,NA,NA,https://allianceforcoffeeexcellence.org/nicaragua-2010/
5971844d6c5e2009,Nicaragua,2010,COE,13,5971844d6c5e2009|COE|NA|13,TRUE,7,NA,20759.41,NA,NA,https://allianceforcoffeeexcellence.org/nicaragua-2010/
5971844d6c5e2009,Nicaragua,2010,COE,14,5971844d6c5e2009|COE|NA|14,TRUE,5.3,NA,18265.02,NA,NA,https://allianceforcoffeeexcellence.org/nicaragua-2010/
5971844d6c5e2009,Nicaragua,2010,COE,15,5971844d6c5e2009|COE|NA|15,TRUE,5.35,NA,14948.49,NA,NA,https://allianceforcoffeeexcellence.org/nicaragua-2010/
5971844d6c5e2009,Nicaragua,2010,COE,16,5971844d6c5e2009|COE|NA|16,TRUE,6.05,NA,16165.48,NA,NA,https://allianceforcoffeeexcellence.org/nicaragua-2010/
5971844d6c5e2009,Nicaragua,2010,COE,17,5971844d6c5e2009|COE|NA|17,TRUE,5.41,NA,15151.9,NA,NA,https://allianceforcoffeeexcellence.org/nicaragua-2010/
5971844d6c5e2009,Nicaragua,2010,COE,18,5971844d6c5e2009|COE|NA|18,TRUE,5.25,NA,14377.39,NA,NA,https://allianceforcoffeeexcellence.org/nicaragua-2010/
5971844d6c5e2009,Nicaragua,2010,COE,19,5971844d6c5e2009|COE|NA|19,TRUE,6,NA,15407.52,NA,NA,https://allianceforcoffeeexcellence.org/nicaragua-2010/
5971844d6c5e2009,Nicaragua,2010,COE,20,5971844d6c5e2009|COE|NA|20,TRUE,5.3,NA,14138.12,NA,NA,https://allianceforcoffeeexcellence.org/nicaragua-2010/
5971844d6c5e2009,Nicaragua,2010,COE,21,5971844d6c5e2009|COE|NA|21,TRUE,5.26,NA,14177.49,NA,NA,https://allianceforcoffeeexcellence.org/nicaragua-2010/
5971844d6c5e2009,Nicaragua,2010,COE,22,5971844d6c5e2009|COE|NA|22,TRUE,5.3,NA,14722.34,NA,NA,https://allianceforcoffeeexcellence.org/nicaragua-2010/
5971844d6c5e2009,Nicaragua,2010,COE,23,5971844d6c5e2009|COE|NA|23,TRUE,5.3,NA,16493.65,NA,NA,https://allianceforcoffeeexcellence.org/nicaragua-2010/
5971844d6c5e2009,Nicaragua,2010,COE,24,5971844d6c5e2009|COE|NA|24,TRUE,5.3,NA,14687.25,NA,NA,https://allianceforcoffeeexcellence.org/nicaragua-2010/
5971844d6c5e2009,Nicaragua,2010,COE,25,5971844d6c5e2009|COE|NA|25,TRUE,5.25,NA,14590.38,NA,NA,https://allianceforcoffeeexcellence.org/nicaragua-2010/
5971844d6c5e2009,Nicaragua,2010,COE,26,5971844d6c5e2009|COE|NA|26,TRUE,5.3,NA,14402.17,NA,NA,https://allianceforcoffeeexcellence.org/nicaragua-2010/
5971844d6c5e2009,Nicaragua,2010,COE,27,5971844d6c5e2009|COE|NA|27,TRUE,5.3,NA,19512.9,NA,NA,https://allianceforcoffeeexcellence.org/nicaragua-2010/
e741c9bf9232ab04,Nicaragua,2011,COE,1,e741c9bf9232ab04|COE|NA|1,TRUE,18.3,NA,42361.39,NA,NA,https://allianceforcoffeeexcellence.org/nicaragua-2011/
e741c9bf9232ab04,Nicaragua,2011,COE,2,e741c9bf9232ab04|COE|NA|2,TRUE,10.3,NA,23842.75,NA,NA,https://allianceforcoffeeexcellence.org/nicaragua-2011/
e741c9bf9232ab04,Nicaragua,2011,COE,3,e741c9bf9232ab04|COE|NA|3,TRUE,5.6,NA,12963.05,NA,NA,https://allianceforcoffeeexcellence.org/nicaragua-2011/
e741c9bf9232ab04,Nicaragua,2011,COE,4,e741c9bf9232ab04|COE|NA|4,TRUE,5.4,NA,13214.39,NA,NA,https://allianceforcoffeeexcellence.org/nicaragua-2011/
e741c9bf9232ab04,Nicaragua,2011,COE,5,e741c9bf9232ab04|COE|NA|5,TRUE,5.1,NA,11805.63,NA,NA,https://allianceforcoffeeexcellence.org/nicaragua-2011/
e741c9bf9232ab04,Nicaragua,2011,COE,6,e741c9bf9232ab04|COE|NA|6,TRUE,5.1,NA,13829.47,NA,NA,https://allianceforcoffeeexcellence.org/nicaragua-2011/
e741c9bf9232ab04,Nicaragua,2011,COE,7,e741c9bf9232ab04|COE|NA|7,TRUE,4.6,NA,13386.32,NA,NA,https://allianceforcoffeeexcellence.org/nicaragua-2011/
e741c9bf9232ab04,Nicaragua,2011,COE,8,e741c9bf9232ab04|COE|NA|8,TRUE,4.3,NA,9953.77,NA,NA,https://allianceforcoffeeexcellence.org/nicaragua-2011/
e741c9bf9232ab04,Nicaragua,2011,COE,9,e741c9bf9232ab04|COE|NA|9,TRUE,5.15,NA,12262,NA,NA,https://allianceforcoffeeexcellence.org/nicaragua-2011/
e741c9bf9232ab04,Nicaragua,2011,COE,10,e741c9bf9232ab04|COE|NA|10,TRUE,4.9,NA,11342.67,NA,NA,https://allianceforcoffeeexcellence.org/nicaragua-2011/
e741c9bf9232ab04,Nicaragua,2011,COE,11,e741c9bf9232ab04|COE|NA|11,TRUE,4.4,NA,10185.25,NA,NA,https://allianceforcoffeeexcellence.org/nicaragua-2011/
e741c9bf9232ab04,Nicaragua,2011,COE,12,e741c9bf9232ab04|COE|NA|12,TRUE,5.6,NA,27407.58,NA,NA,https://allianceforcoffeeexcellence.org/nicaragua-2011/
e741c9bf9232ab04,Nicaragua,2011,COE,13,e741c9bf9232ab04|COE|NA|13,TRUE,5.6,NA,12963.05,NA,NA,https://allianceforcoffeeexcellence.org/nicaragua-2011/
e741c9bf9232ab04,Nicaragua,2011,COE,14,e741c9bf9232ab04|COE|NA|14,TRUE,4.4,NA,10185.25,NA,NA,https://allianceforcoffeeexcellence.org/nicaragua-2011/
e741c9bf9232ab04,Nicaragua,2011,COE,15,e741c9bf9232ab04|COE|NA|15,TRUE,4,NA,10317.52,NA,NA,https://allianceforcoffeeexcellence.org/nicaragua-2011/
e741c9bf9232ab04,Nicaragua,2011,COE,16,e741c9bf9232ab04|COE|NA|16,TRUE,4.2,NA,10555.61,NA,NA,https://allianceforcoffeeexcellence.org/nicaragua-2011/
e741c9bf9232ab04,Nicaragua,2011,COE,17,e741c9bf9232ab04|COE|NA|17,TRUE,5.9,NA,14047.72,NA,NA,https://allianceforcoffeeexcellence.org/nicaragua-2011/
e741c9bf9232ab04,Nicaragua,2011,COE,18,e741c9bf9232ab04|COE|NA|18,TRUE,4.1,NA,9490.8,NA,NA,https://allianceforcoffeeexcellence.org/nicaragua-2011/
e741c9bf9232ab04,Nicaragua,2011,COE,19,e741c9bf9232ab04|COE|NA|19,TRUE,4,NA,9259.32,NA,NA,https://allianceforcoffeeexcellence.org/nicaragua-2011/
e741c9bf9232ab04,Nicaragua,2011,COE,20,e741c9bf9232ab04|COE|NA|20,TRUE,4,NA,9259.32,NA,NA,https://allianceforcoffeeexcellence.org/nicaragua-2011/
e741c9bf9232ab04,Nicaragua,2011,COE,21,e741c9bf9232ab04|COE|NA|21,TRUE,4,NA,10582.08,NA,NA,https://allianceforcoffeeexcellence.org/nicaragua-2011/
e741c9bf9232ab04,Nicaragua,2011,COE,22,e741c9bf9232ab04|COE|NA|22,TRUE,4.1,NA,10304.28,NA,NA,https://allianceforcoffeeexcellence.org/nicaragua-2011/
e741c9bf9232ab04,Nicaragua,2011,COE,23,e741c9bf9232ab04|COE|NA|23,TRUE,4,NA,9259.32,NA,NA,https://allianceforcoffeeexcellence.org/nicaragua-2011/
e741c9bf9232ab04,Nicaragua,2011,COE,24,e741c9bf9232ab04|COE|NA|24,TRUE,4,NA,9259.32,NA,NA,https://allianceforcoffeeexcellence.org/nicaragua-2011/
e741c9bf9232ab04,Nicaragua,2011,COE,25,e741c9bf9232ab04|COE|NA|25,TRUE,4,NA,9259.32,NA,NA,https://allianceforcoffeeexcellence.org/nicaragua-2011/
e741c9bf9232ab04,Nicaragua,2011,COE,26,e741c9bf9232ab04|COE|NA|26,TRUE,4.5,NA,10416.74,NA,NA,https://allianceforcoffeeexcellence.org/nicaragua-2011/
e741c9bf9232ab04,Nicaragua,2011,COE,27,e741c9bf9232ab04|COE|NA|27,TRUE,4.3,NA,10522.57,NA,NA,https://allianceforcoffeeexcellence.org/nicaragua-2011/
a58384c85569435c,Nicaragua,2012,COE,1,a58384c85569435c|COE|NA|1,TRUE,22.4,NA,48889.12,NA,NA,https://allianceforcoffeeexcellence.org/nicaragua-2012/
a58384c85569435c,Nicaragua,2012,COE,2,a58384c85569435c|COE|NA|2,TRUE,15,NA,35714.85,NA,NA,https://allianceforcoffeeexcellence.org/nicaragua-2012/
a58384c85569435c,Nicaragua,2012,COE,3,a58384c85569435c|COE|NA|3,TRUE,10,NA,23809.9,NA,NA,https://allianceforcoffeeexcellence.org/nicaragua-2012/
a58384c85569435c,Nicaragua,2012,COE,4,a58384c85569435c|COE|NA|4,TRUE,8.6,NA,19907.71,NA,NA,https://allianceforcoffeeexcellence.org/nicaragua-2012/
a58384c85569435c,Nicaragua,2012,COE,5,a58384c85569435c|COE|NA|5,TRUE,7.7,NA,20370.74,NA,NA,https://allianceforcoffeeexcellence.org/nicaragua-2012/
a58384c85569435c,Nicaragua,2012,COE,6,a58384c85569435c|COE|NA|6,TRUE,6.81,NA,16214.54,NA,NA,https://allianceforcoffeeexcellence.org/nicaragua-2012/
a58384c85569435c,Nicaragua,2012,COE,7,a58384c85569435c|COE|NA|7,TRUE,6.78,NA,16591.54,NA,NA,https://allianceforcoffeeexcellence.org/nicaragua-2012/
a58384c85569435c,Nicaragua,2012,COE,8,a58384c85569435c|COE|NA|8,TRUE,6.7,NA,16395.77,NA,NA,https://allianceforcoffeeexcellence.org/nicaragua-2012/
a58384c85569435c,Nicaragua,2012,COE,9,a58384c85569435c|COE|NA|9,TRUE,6.41,NA,16957.98,NA,NA,https://allianceforcoffeeexcellence.org/nicaragua-2012/
a58384c85569435c,Nicaragua,2012,COE,10,a58384c85569435c|COE|NA|10,TRUE,7.92,NA,18857.44,NA,NA,https://allianceforcoffeeexcellence.org/nicaragua-2012/
a58384c85569435c,Nicaragua,2012,COE,11,a58384c85569435c|COE|NA|11,TRUE,6.6,NA,15714.53,NA,NA,https://allianceforcoffeeexcellence.org/nicaragua-2012/
a58384c85569435c,Nicaragua,2012,COE,12,a58384c85569435c|COE|NA|12,TRUE,7.32,NA,17912.99,NA,NA,https://allianceforcoffeeexcellence.org/nicaragua-2012/
a58384c85569435c,Nicaragua,2012,COE,13,a58384c85569435c|COE|NA|13,TRUE,6.51,NA,15930.82,NA,NA,https://allianceforcoffeeexcellence.org/nicaragua-2012/
a58384c85569435c,Nicaragua,2012,COE,14,a58384c85569435c|COE|NA|14,TRUE,6.7,NA,17282.05,NA,NA,https://allianceforcoffeeexcellence.org/nicaragua-2012/
a58384c85569435c,Nicaragua,2012,COE,15,a58384c85569435c|COE|NA|15,TRUE,6.51,NA,15500.24,NA,NA,https://allianceforcoffeeexcellence.org/nicaragua-2012/
a58384c85569435c,Nicaragua,2012,COE,16,a58384c85569435c|COE|NA|16,TRUE,6.2,NA,15172.21,NA,NA,https://allianceforcoffeeexcellence.org/nicaragua-2012/
a58384c85569435c,Nicaragua,2012,COE,17,a58384c85569435c|COE|NA|17,TRUE,7.15,NA,16551.18,NA,NA,https://allianceforcoffeeexcellence.org/nicaragua-2012/
a58384c85569435c,Nicaragua,2012,COE,18,a58384c85569435c|COE|NA|18,TRUE,4.9,NA,11666.85,NA,NA,https://allianceforcoffeeexcellence.org/nicaragua-2012/
a58384c85569435c,Nicaragua,2012,COE,19,a58384c85569435c|COE|NA|19,TRUE,5.4,NA,12857.35,NA,NA,https://allianceforcoffeeexcellence.org/nicaragua-2012/
a58384c85569435c,Nicaragua,2012,COE,20,a58384c85569435c|COE|NA|20,TRUE,6,NA,16666.92,NA,NA,https://allianceforcoffeeexcellence.org/nicaragua-2012/
a58384c85569435c,Nicaragua,2012,COE,21,a58384c85569435c|COE|NA|21,TRUE,5.7,NA,13194.65,NA,NA,https://allianceforcoffeeexcellence.org/nicaragua-2012/
a58384c85569435c,Nicaragua,2012,COE,22,a58384c85569435c|COE|NA|22,TRUE,6,NA,17460.6,NA,NA,https://allianceforcoffeeexcellence.org/nicaragua-2012/
a58384c85569435c,Nicaragua,2012,COE,23,a58384c85569435c|COE|NA|23,TRUE,6.51,NA,20667.04,NA,NA,https://allianceforcoffeeexcellence.org/nicaragua-2012/
a58384c85569435c,Nicaragua,2012,COE,24,a58384c85569435c|COE|NA|24,TRUE,5.8,NA,13426.13,NA,NA,https://allianceforcoffeeexcellence.org/nicaragua-2012/
a58384c85569435c,Nicaragua,2012,COE,25,a58384c85569435c|COE|NA|25,TRUE,4.91,NA,17536.02,NA,NA,https://allianceforcoffeeexcellence.org/nicaragua-2012/
8df430f321dfebe7,Nicaragua,2014,COE,1,8df430f321dfebe7|COE|NA|1,TRUE,21.2,NA,33453.6,NA,NA,https://allianceforcoffeeexcellence.org/nicaragua-2014/
8df430f321dfebe7,Nicaragua,2014,COE,2,8df430f321dfebe7|COE|NA|2,TRUE,13.1,NA,21890.1,NA,NA,https://allianceforcoffeeexcellence.org/nicaragua-2014/
8df430f321dfebe7,Nicaragua,2014,COE,3,8df430f321dfebe7|COE|NA|3,TRUE,15.2,NA,19456,NA,NA,https://allianceforcoffeeexcellence.org/nicaragua-2014/
8df430f321dfebe7,Nicaragua,2014,COE,4,8df430f321dfebe7|COE|NA|4,TRUE,12,NA,19020,NA,NA,https://allianceforcoffeeexcellence.org/nicaragua-2014/
8df430f321dfebe7,Nicaragua,2014,COE,5,8df430f321dfebe7|COE|NA|5,TRUE,11.7,NA,20124,NA,NA,https://allianceforcoffeeexcellence.org/nicaragua-2014/
8df430f321dfebe7,Nicaragua,2014,COE,6,8df430f321dfebe7|COE|NA|6,TRUE,9.6,NA,13584,NA,NA,https://allianceforcoffeeexcellence.org/nicaragua-2014/
8df430f321dfebe7,Nicaragua,2014,COE,7,8df430f321dfebe7|COE|NA|7,TRUE,9.1,NA,19100.9,NA,NA,https://allianceforcoffeeexcellence.org/nicaragua-2014/
8df430f321dfebe7,Nicaragua,2014,COE,8,8df430f321dfebe7|COE|NA|8,TRUE,9.6,NA,11721.6,NA,NA,https://allianceforcoffeeexcellence.org/nicaragua-2014/
8df430f321dfebe7,Nicaragua,2014,COE,9,8df430f321dfebe7|COE|NA|9,TRUE,9.7,NA,20913.2,NA,NA,https://allianceforcoffeeexcellence.org/nicaragua-2014/
8df430f321dfebe7,Nicaragua,2014,COE,10,8df430f321dfebe7|COE|NA|10,TRUE,8.7,NA,13041.3,NA,NA,https://allianceforcoffeeexcellence.org/nicaragua-2014/
8df430f321dfebe7,Nicaragua,2014,COE,11A,8df430f321dfebe7|COE|NA|11A,TRUE,8.5,NA,26571,NA,NA,https://allianceforcoffeeexcellence.org/nicaragua-2014/
8df430f321dfebe7,Nicaragua,2014,COE,11B,8df430f321dfebe7|COE|NA|11B,TRUE,10.3,NA,16510.9,NA,NA,https://allianceforcoffeeexcellence.org/nicaragua-2014/
8df430f321dfebe7,Nicaragua,2014,COE,13,8df430f321dfebe7|COE|NA|13,TRUE,8.4,NA,16220.4,NA,NA,https://allianceforcoffeeexcellence.org/nicaragua-2014/
8df430f321dfebe7,Nicaragua,2014,COE,14,8df430f321dfebe7|COE|NA|14,TRUE,8.35,NA,13585.45,NA,NA,https://allianceforcoffeeexcellence.org/nicaragua-2014/
8df430f321dfebe7,Nicaragua,2014,COE,15,8df430f321dfebe7|COE|NA|15,TRUE,7.6,NA,12532.4,NA,NA,https://allianceforcoffeeexcellence.org/nicaragua-2014/
8df430f321dfebe7,Nicaragua,2014,COE,16,8df430f321dfebe7|COE|NA|16,TRUE,8.3,NA,18301.5,NA,NA,https://allianceforcoffeeexcellence.org/nicaragua-2014/
8df430f321dfebe7,Nicaragua,2014,COE,17,8df430f321dfebe7|COE|NA|17,TRUE,8.5,NA,12894.5,NA,NA,https://allianceforcoffeeexcellence.org/nicaragua-2014/
8df430f321dfebe7,Nicaragua,2014,COE,18,8df430f321dfebe7|COE|NA|18,TRUE,8.4,NA,14406,NA,NA,https://allianceforcoffeeexcellence.org/nicaragua-2014/
8df430f321dfebe7,Nicaragua,2014,COE,19,8df430f321dfebe7|COE|NA|19,TRUE,8.1,NA,10764.9,NA,NA,https://allianceforcoffeeexcellence.org/nicaragua-2014/
8df430f321dfebe7,Nicaragua,2014,COE,20,8df430f321dfebe7|COE|NA|20,TRUE,8,NA,32032,NA,NA,https://allianceforcoffeeexcellence.org/nicaragua-2014/
8df430f321dfebe7,Nicaragua,2014,COE,21,8df430f321dfebe7|COE|NA|21,TRUE,10.2,NA,14932.8,NA,NA,https://allianceforcoffeeexcellence.org/nicaragua-2014/
8df430f321dfebe7,Nicaragua,2014,COE,22,8df430f321dfebe7|COE|NA|22,TRUE,8.1,NA,12984.3,NA,NA,https://allianceforcoffeeexcellence.org/nicaragua-2014/
8df430f321dfebe7,Nicaragua,2014,COE,23,8df430f321dfebe7|COE|NA|23,TRUE,7.7,NA,14137.2,NA,NA,https://allianceforcoffeeexcellence.org/nicaragua-2014/
8df430f321dfebe7,Nicaragua,2014,COE,24,8df430f321dfebe7|COE|NA|24,TRUE,8.1,NA,17074.8,NA,NA,https://allianceforcoffeeexcellence.org/nicaragua-2014/
8df430f321dfebe7,Nicaragua,2014,COE,25,8df430f321dfebe7|COE|NA|25,TRUE,7.6,NA,16887.2,NA,NA,https://allianceforcoffeeexcellence.org/nicaragua-2014/
306cdc3f652cd29f,Nicaragua,2015,COE,1,306cdc3f652cd29f|COE|NA|1,TRUE,21.6,NA,32680.8,NA,NA,https://allianceforcoffeeexcellence.org/nicaragua-2015/
306cdc3f652cd29f,Nicaragua,2015,COE,2,306cdc3f652cd29f|COE|NA|2,TRUE,11,NA,14553,NA,NA,https://allianceforcoffeeexcellence.org/nicaragua-2015/
306cdc3f652cd29f,Nicaragua,2015,COE,3,306cdc3f652cd29f|COE|NA|3,TRUE,10,NA,15670,NA,NA,https://allianceforcoffeeexcellence.org/nicaragua-2015/
306cdc3f652cd29f,Nicaragua,2015,COE,4,306cdc3f652cd29f|COE|NA|4,TRUE,6.2,NA,7173.4,NA,NA,https://allianceforcoffeeexcellence.org/nicaragua-2015/
306cdc3f652cd29f,Nicaragua,2015,COE,5,306cdc3f652cd29f|COE|NA|5,TRUE,5.6,NA,9391.2,NA,NA,https://allianceforcoffeeexcellence.org/nicaragua-2015/
306cdc3f652cd29f,Nicaragua,2015,COE,6,306cdc3f652cd29f|COE|NA|6,TRUE,4.7,NA,8680.9,NA,NA,https://allianceforcoffeeexcellence.org/nicaragua-2015/
306cdc3f652cd29f,Nicaragua,2015,COE,7,306cdc3f652cd29f|COE|NA|7,TRUE,6,NA,7740,NA,NA,https://allianceforcoffeeexcellence.org/nicaragua-2015/
306cdc3f652cd29f,Nicaragua,2015,COE,8,306cdc3f652cd29f|COE|NA|8,TRUE,7.7,NA,18264.4,NA,NA,https://allianceforcoffeeexcellence.org/nicaragua-2015/
306cdc3f652cd29f,Nicaragua,2015,COE,9,306cdc3f652cd29f|COE|NA|9,TRUE,4.4,NA,7972.8,NA,NA,https://allianceforcoffeeexcellence.org/nicaragua-2015/
306cdc3f652cd29f,Nicaragua,2015,COE,10,306cdc3f652cd29f|COE|NA|10,TRUE,4.2,NA,5972.4,NA,NA,https://allianceforcoffeeexcellence.org/nicaragua-2015/
306cdc3f652cd29f,Nicaragua,2015,COE,11A,306cdc3f652cd29f|COE|NA|11A,TRUE,4.3,NA,6389.8,NA,NA,https://allianceforcoffeeexcellence.org/nicaragua-2015/
306cdc3f652cd29f,Nicaragua,2015,COE,11B,306cdc3f652cd29f|COE|NA|11B,TRUE,7,NA,5096,NA,NA,https://allianceforcoffeeexcellence.org/nicaragua-2015/
306cdc3f652cd29f,Nicaragua,2015,COE,13,306cdc3f652cd29f|COE|NA|13,TRUE,6,NA,8928,NA,NA,https://allianceforcoffeeexcellence.org/nicaragua-2015/
306cdc3f652cd29f,Nicaragua,2015,COE,14,306cdc3f652cd29f|COE|NA|14,TRUE,4,NA,4232,NA,NA,https://allianceforcoffeeexcellence.org/nicaragua-2015/
306cdc3f652cd29f,Nicaragua,2015,COE,15,306cdc3f652cd29f|COE|NA|15,TRUE,4.1,NA,6715.8,NA,NA,https://allianceforcoffeeexcellence.org/nicaragua-2015/
306cdc3f652cd29f,Nicaragua,2015,COE,16A,306cdc3f652cd29f|COE|NA|16A,TRUE,4.4,NA,6353.6,NA,NA,https://allianceforcoffeeexcellence.org/nicaragua-2015/
306cdc3f652cd29f,Nicaragua,2015,COE,16B,306cdc3f652cd29f|COE|NA|16B,TRUE,6.9,NA,9556.5,NA,NA,https://allianceforcoffeeexcellence.org/nicaragua-2015/
306cdc3f652cd29f,Nicaragua,2015,COE,18,306cdc3f652cd29f|COE|NA|18,TRUE,4.1,NA,5153.7,NA,NA,https://allianceforcoffeeexcellence.org/nicaragua-2015/
306cdc3f652cd29f,Nicaragua,2015,COE,19,306cdc3f652cd29f|COE|NA|19,TRUE,10.3,NA,17376.1,NA,NA,https://allianceforcoffeeexcellence.org/nicaragua-2015/
306cdc3f652cd29f,Nicaragua,2015,COE,20A,306cdc3f652cd29f|COE|NA|20A,TRUE,4,NA,4576,NA,NA,https://allianceforcoffeeexcellence.org/nicaragua-2015/
306cdc3f652cd29f,Nicaragua,2015,COE,20B,306cdc3f652cd29f|COE|NA|20B,TRUE,4.9,NA,7776.3,NA,NA,https://allianceforcoffeeexcellence.org/nicaragua-2015/
306cdc3f652cd29f,Nicaragua,2015,COE,22,306cdc3f652cd29f|COE|NA|22,TRUE,4.1,NA,8950.3,NA,NA,https://allianceforcoffeeexcellence.org/nicaragua-2015/
306cdc3f652cd29f,Nicaragua,2015,COE,23,306cdc3f652cd29f|COE|NA|23,TRUE,4.6,NA,4232,NA,NA,https://allianceforcoffeeexcellence.org/nicaragua-2015/
306cdc3f652cd29f,Nicaragua,2015,COE,24,306cdc3f652cd29f|COE|NA|24,TRUE,4.1,NA,4879,NA,NA,https://allianceforcoffeeexcellence.org/nicaragua-2015/
306cdc3f652cd29f,Nicaragua,2015,COE,25A,306cdc3f652cd29f|COE|NA|25A,TRUE,4.1,NA,9167.6,NA,NA,https://allianceforcoffeeexcellence.org/nicaragua-2015/
306cdc3f652cd29f,Nicaragua,2015,COE,25B,306cdc3f652cd29f|COE|NA|25B,TRUE,4.6,NA,5322.2,NA,NA,https://allianceforcoffeeexcellence.org/nicaragua-2015/
306cdc3f652cd29f,Nicaragua,2015,COE,27,306cdc3f652cd29f|COE|NA|27,TRUE,4.1,NA,6461.6,NA,NA,https://allianceforcoffeeexcellence.org/nicaragua-2015/
306cdc3f652cd29f,Nicaragua,2015,COE,28,306cdc3f652cd29f|COE|NA|28,TRUE,4,NA,5772,NA,NA,https://allianceforcoffeeexcellence.org/nicaragua-2015/
306cdc3f652cd29f,Nicaragua,2015,COE,29,306cdc3f652cd29f|COE|NA|29,TRUE,4,NA,5812,NA,NA,https://allianceforcoffeeexcellence.org/nicaragua-2015/
306cdc3f652cd29f,Nicaragua,2015,COE,30A,306cdc3f652cd29f|COE|NA|30A,TRUE,4,NA,9524,NA,NA,https://allianceforcoffeeexcellence.org/nicaragua-2015/
306cdc3f652cd29f,Nicaragua,2015,COE,30B,306cdc3f652cd29f|COE|NA|30B,TRUE,4.1,NA,5965.5,NA,NA,https://allianceforcoffeeexcellence.org/nicaragua-2015/
306cdc3f652cd29f,Nicaragua,2015,COE,32,306cdc3f652cd29f|COE|NA|32,TRUE,4.9,NA,6159.3,NA,NA,https://allianceforcoffeeexcellence.org/nicaragua-2015/
306cdc3f652cd29f,Nicaragua,2015,COE,33,306cdc3f652cd29f|COE|NA|33,TRUE,4.1,NA,5342.3,NA,NA,https://allianceforcoffeeexcellence.org/nicaragua-2015/
306cdc3f652cd29f,Nicaragua,2015,COE,34A,306cdc3f652cd29f|COE|NA|34A,TRUE,4,NA,5556,NA,NA,https://allianceforcoffeeexcellence.org/nicaragua-2015/
306cdc3f652cd29f,Nicaragua,2015,COE,34B,306cdc3f652cd29f|COE|NA|34B,TRUE,4.1,NA,4473.1,NA,NA,https://allianceforcoffeeexcellence.org/nicaragua-2015/
306cdc3f652cd29f,Nicaragua,2015,COE,36,306cdc3f652cd29f|COE|NA|36,TRUE,4,NA,4496,NA,NA,https://allianceforcoffeeexcellence.org/nicaragua-2015/
eb131b841c2d82a2,Nicaragua,2017,NW,26,eb131b841c2d82a2|NW|NA|26,FALSE,NA,NA,NA,NA,NA,https://allianceforcoffeeexcellence.org/nicaragua-2017/
eb131b841c2d82a2,Nicaragua,2017,NW,27,eb131b841c2d82a2|NW|NA|27,FALSE,NA,NA,NA,NA,NA,https://allianceforcoffeeexcellence.org/nicaragua-2017/
eb131b841c2d82a2,Nicaragua,2017,NW,28,eb131b841c2d82a2|NW|NA|28,FALSE,NA,NA,NA,NA,NA,https://allianceforcoffeeexcellence.org/nicaragua-2017/
eb131b841c2d82a2,Nicaragua,2017,NW,29,eb131b841c2d82a2|NW|NA|29,FALSE,NA,NA,NA,NA,NA,https://allianceforcoffeeexcellence.org/nicaragua-2017/
eb131b841c2d82a2,Nicaragua,2017,COE,1A,eb131b841c2d82a2|COE|NA|1A,TRUE,40.3,NA,22523.67,NA,NA,https://allianceforcoffeeexcellence.org/nicaragua-2017/
eb131b841c2d82a2,Nicaragua,2017,COE,1B,eb131b841c2d82a2|COE|NA|1B,TRUE,37.9,NA,20052.89,NA,NA,https://allianceforcoffeeexcellence.org/nicaragua-2017/
eb131b841c2d82a2,Nicaragua,2017,COE,2A,eb131b841c2d82a2|COE|NA|2A,TRUE,15,NA,11904.75,NA,NA,https://allianceforcoffeeexcellence.org/nicaragua-2017/
eb131b841c2d82a2,Nicaragua,2017,COE,2B,eb131b841c2d82a2|COE|NA|2B,TRUE,15,NA,11408.85,NA,NA,https://allianceforcoffeeexcellence.org/nicaragua-2017/
eb131b841c2d82a2,Nicaragua,2017,COE,3A,eb131b841c2d82a2|COE|NA|3A,TRUE,16.1,NA,6388.8,NA,NA,https://allianceforcoffeeexcellence.org/nicaragua-2017/
eb131b841c2d82a2,Nicaragua,2017,COE,3B,eb131b841c2d82a2|COE|NA|3B,TRUE,16.1,NA,5847.2,NA,NA,https://allianceforcoffeeexcellence.org/nicaragua-2017/
eb131b841c2d82a2,Nicaragua,2017,COE,4,eb131b841c2d82a2|COE|NA|4,TRUE,16.4,NA,10463.04,NA,NA,https://allianceforcoffeeexcellence.org/nicaragua-2017/
eb131b841c2d82a2,Nicaragua,2017,COE,5,eb131b841c2d82a2|COE|NA|5,TRUE,14.2,NA,10323.4,NA,NA,https://allianceforcoffeeexcellence.org/nicaragua-2017/
eb131b841c2d82a2,Nicaragua,2017,COE,6,eb131b841c2d82a2|COE|NA|6,TRUE,11.5,NA,7432.45,NA,NA,https://allianceforcoffeeexcellence.org/nicaragua-2017/
eb131b841c2d82a2,Nicaragua,2017,COE,7,eb131b841c2d82a2|COE|NA|7,TRUE,10.37,NA,8916.02,NA,NA,https://allianceforcoffeeexcellence.org/nicaragua-2017/
eb131b841c2d82a2,Nicaragua,2017,COE,8,eb131b841c2d82a2|COE|NA|8,TRUE,8.8,NA,7796.8,NA,NA,https://allianceforcoffeeexcellence.org/nicaragua-2017/
eb131b841c2d82a2,Nicaragua,2017,COE,9,eb131b841c2d82a2|COE|NA|9,TRUE,9.1,NA,8205.29,NA,NA,https://allianceforcoffeeexcellence.org/nicaragua-2017/
eb131b841c2d82a2,Nicaragua,2017,COE,10,eb131b841c2d82a2|COE|NA|10,TRUE,9.1,NA,7989.8,NA,NA,https://allianceforcoffeeexcellence.org/nicaragua-2017/
eb131b841c2d82a2,Nicaragua,2017,COE,11,eb131b841c2d82a2|COE|NA|11,TRUE,12.11,NA,12739.72,NA,NA,https://allianceforcoffeeexcellence.org/nicaragua-2017/
eb131b841c2d82a2,Nicaragua,2017,COE,12,eb131b841c2d82a2|COE|NA|12,TRUE,8.1,NA,7824.6,NA,NA,https://allianceforcoffeeexcellence.org/nicaragua-2017/
eb131b841c2d82a2,Nicaragua,2017,COE,13,eb131b841c2d82a2|COE|NA|13,TRUE,12.11,NA,8009.31,NA,NA,https://allianceforcoffeeexcellence.org/nicaragua-2017/
eb131b841c2d82a2,Nicaragua,2017,COE,14,eb131b841c2d82a2|COE|NA|14,TRUE,8.1,NA,7929.9,NA,NA,https://allianceforcoffeeexcellence.org/nicaragua-2017/
eb131b841c2d82a2,Nicaragua,2017,COE,15,eb131b841c2d82a2|COE|NA|15,TRUE,8.25,NA,11673.75,NA,NA,https://allianceforcoffeeexcellence.org/nicaragua-2017/
eb131b841c2d82a2,Nicaragua,2017,COE,16,eb131b841c2d82a2|COE|NA|16,TRUE,11.1,NA,8442.55,NA,NA,https://allianceforcoffeeexcellence.org/nicaragua-2017/
eb131b841c2d82a2,Nicaragua,2017,COE,17,eb131b841c2d82a2|COE|NA|17,TRUE,7.5,NA,6688.35,NA,NA,https://allianceforcoffeeexcellence.org/nicaragua-2017/
eb131b841c2d82a2,Nicaragua,2017,COE,18,eb131b841c2d82a2|COE|NA|18,TRUE,7.2,NA,7250.4,NA,NA,https://allianceforcoffeeexcellence.org/nicaragua-2017/
eb131b841c2d82a2,Nicaragua,2017,COE,19,eb131b841c2d82a2|COE|NA|19,TRUE,7.82,NA,6465.03,NA,NA,https://allianceforcoffeeexcellence.org/nicaragua-2017/
eb131b841c2d82a2,Nicaragua,2017,COE,20,eb131b841c2d82a2|COE|NA|20,TRUE,7.6,NA,5277.82,NA,NA,https://allianceforcoffeeexcellence.org/nicaragua-2017/
eb131b841c2d82a2,Nicaragua,2017,COE,21,eb131b841c2d82a2|COE|NA|21,TRUE,8.71,NA,20162.17,NA,NA,https://allianceforcoffeeexcellence.org/nicaragua-2017/
eb131b841c2d82a2,Nicaragua,2017,COE,22,eb131b841c2d82a2|COE|NA|22,TRUE,7.1,NA,17600.9,NA,NA,https://allianceforcoffeeexcellence.org/nicaragua-2017/
eb131b841c2d82a2,Nicaragua,2017,COE,23,eb131b841c2d82a2|COE|NA|23,TRUE,7.11,NA,5602.68,NA,NA,https://allianceforcoffeeexcellence.org/nicaragua-2017/
eb131b841c2d82a2,Nicaragua,2017,COE,24,eb131b841c2d82a2|COE|NA|24,TRUE,7.8,NA,6447.79,NA,NA,https://allianceforcoffeeexcellence.org/nicaragua-2017/
eb131b841c2d82a2,Nicaragua,2017,COE,25,eb131b841c2d82a2|COE|NA|25,TRUE,7.2,NA,6789.6,NA,NA,https://allianceforcoffeeexcellence.org/nicaragua-2017/
7f40430980f0b5e6,Nicaragua,2018,NW,37,7f40430980f0b5e6|NW|NA|37,TRUE,4,NA,4864,NA,NA,https://allianceforcoffeeexcellence.org/nicaragua-2018/
7f40430980f0b5e6,Nicaragua,2018,NW,38,7f40430980f0b5e6|NW|NA|38,TRUE,4.1,NA,3989.3,NA,NA,https://allianceforcoffeeexcellence.org/nicaragua-2018/
7f40430980f0b5e6,Nicaragua,2018,NW,39,7f40430980f0b5e6|NW|NA|39,TRUE,4,NA,5396,NA,NA,https://allianceforcoffeeexcellence.org/nicaragua-2018/
7f40430980f0b5e6,Nicaragua,2018,COE,1A,7f40430980f0b5e6|COE|NA|1A,TRUE,31.6,NA,14288.57,NA,NA,https://allianceforcoffeeexcellence.org/nicaragua-2018/
7f40430980f0b5e6,Nicaragua,2018,COE,1B,7f40430980f0b5e6|COE|NA|1B,TRUE,32.09,NA,12734.27,NA,NA,https://allianceforcoffeeexcellence.org/nicaragua-2018/
7f40430980f0b5e6,Nicaragua,2018,COE,2A,7f40430980f0b5e6|COE|NA|2A,TRUE,15.3,NA,7083.44,NA,NA,https://allianceforcoffeeexcellence.org/nicaragua-2018/
7f40430980f0b5e6,Nicaragua,2018,COE,2B,7f40430980f0b5e6|COE|NA|2B,TRUE,15.3,NA,7083.44,NA,NA,https://allianceforcoffeeexcellence.org/nicaragua-2018/
7f40430980f0b5e6,Nicaragua,2018,COE,3A,7f40430980f0b5e6|COE|NA|3A,TRUE,10.3,NA,4087.35,NA,NA,https://allianceforcoffeeexcellence.org/nicaragua-2018/
7f40430980f0b5e6,Nicaragua,2018,COE,3B,7f40430980f0b5e6|COE|NA|3B,TRUE,10.2,NA,3510.53,NA,NA,https://allianceforcoffeeexcellence.org/nicaragua-2018/
7f40430980f0b5e6,Nicaragua,2018,COE,4A,7f40430980f0b5e6|COE|NA|4A,TRUE,9.6,NA,4781.09,NA,NA,https://allianceforcoffeeexcellence.org/nicaragua-2018/
7f40430980f0b5e6,Nicaragua,2018,COE,4B,7f40430980f0b5e6|COE|NA|4B,TRUE,10.6,NA,4907.48,NA,NA,https://allianceforcoffeeexcellence.org/nicaragua-2018/
7f40430980f0b5e6,Nicaragua,2018,COE,5A,7f40430980f0b5e6|COE|NA|5A,TRUE,15.5,NA,6150.87,NA,NA,https://allianceforcoffeeexcellence.org/nicaragua-2018/
7f40430980f0b5e6,Nicaragua,2018,COE,5B,7f40430980f0b5e6|COE|NA|5B,TRUE,15.31,NA,6075.47,NA,NA,https://allianceforcoffeeexcellence.org/nicaragua-2018/
7f40430980f0b5e6,Nicaragua,2018,COE,6,7f40430980f0b5e6|COE|NA|6,TRUE,7.5,NA,10650,NA,NA,https://allianceforcoffeeexcellence.org/nicaragua-2018/
7f40430980f0b5e6,Nicaragua,2018,COE,7,7f40430980f0b5e6|COE|NA|7,TRUE,7.65,NA,7497,NA,NA,https://allianceforcoffeeexcellence.org/nicaragua-2018/
7f40430980f0b5e6,Nicaragua,2018,COE,8,7f40430980f0b5e6|COE|NA|8,TRUE,9.1,NA,7222.31,NA,NA,https://allianceforcoffeeexcellence.org/nicaragua-2018/
7f40430980f0b5e6,Nicaragua,2018,COE,9,7f40430980f0b5e6|COE|NA|9,TRUE,7.9,NA,7512.9,NA,NA,https://allianceforcoffeeexcellence.org/nicaragua-2018/
7f40430980f0b5e6,Nicaragua,2018,COE,10,7f40430980f0b5e6|COE|NA|10,TRUE,7.1,NA,6915.4,NA,NA,https://allianceforcoffeeexcellence.org/nicaragua-2018/
7f40430980f0b5e6,Nicaragua,2018,COE,11,7f40430980f0b5e6|COE|NA|11,TRUE,10,NA,5260,NA,NA,https://allianceforcoffeeexcellence.org/nicaragua-2018/
7f40430980f0b5e6,Nicaragua,2018,COE,12,7f40430980f0b5e6|COE|NA|12,TRUE,9.1,NA,7222.31,NA,NA,https://allianceforcoffeeexcellence.org/nicaragua-2018/
7f40430980f0b5e6,Nicaragua,2018,COE,13,7f40430980f0b5e6|COE|NA|13,TRUE,7.5,NA,6598.73,NA,NA,https://allianceforcoffeeexcellence.org/nicaragua-2018/
7f40430980f0b5e6,Nicaragua,2018,COE,14,7f40430980f0b5e6|COE|NA|14,TRUE,7.4,NA,4654.6,NA,NA,https://allianceforcoffeeexcellence.org/nicaragua-2018/
7f40430980f0b5e6,Nicaragua,2018,COE,15,7f40430980f0b5e6|COE|NA|15,TRUE,7.3,NA,9730.9,NA,NA,https://allianceforcoffeeexcellence.org/nicaragua-2018/
7f40430980f0b5e6,Nicaragua,2018,COE,16,7f40430980f0b5e6|COE|NA|16,TRUE,6.5,NA,6090.5,NA,NA,https://allianceforcoffeeexcellence.org/nicaragua-2018/
7f40430980f0b5e6,Nicaragua,2018,COE,17,7f40430980f0b5e6|COE|NA|17,TRUE,8.1,NA,7938,NA,NA,https://allianceforcoffeeexcellence.org/nicaragua-2018/
7f40430980f0b5e6,Nicaragua,2018,COE,18,7f40430980f0b5e6|COE|NA|18,TRUE,8,NA,4432,NA,NA,https://allianceforcoffeeexcellence.org/nicaragua-2018/
7f40430980f0b5e6,Nicaragua,2018,COE,19,7f40430980f0b5e6|COE|NA|19,TRUE,9.2,NA,4867.72,NA,NA,https://allianceforcoffeeexcellence.org/nicaragua-2018/
7f40430980f0b5e6,Nicaragua,2018,COE,20,7f40430980f0b5e6|COE|NA|20,TRUE,12.2,NA,11296.35,NA,NA,https://allianceforcoffeeexcellence.org/nicaragua-2018/
7f40430980f0b5e6,Nicaragua,2018,COE,21,7f40430980f0b5e6|COE|NA|21,TRUE,6.9,NA,6388.92,NA,NA,https://allianceforcoffeeexcellence.org/nicaragua-2018/
7f40430980f0b5e6,Nicaragua,2018,COE,22,7f40430980f0b5e6|COE|NA|22,TRUE,7.3,NA,6511.6,NA,NA,https://allianceforcoffeeexcellence.org/nicaragua-2018/
7f40430980f0b5e6,Nicaragua,2018,COE,23,7f40430980f0b5e6|COE|NA|23,TRUE,10.1,NA,8877.9,NA,NA,https://allianceforcoffeeexcellence.org/nicaragua-2018/
7f40430980f0b5e6,Nicaragua,2018,COE,24,7f40430980f0b5e6|COE|NA|24,TRUE,5.7,NA,8880.6,NA,NA,https://allianceforcoffeeexcellence.org/nicaragua-2018/
7f40430980f0b5e6,Nicaragua,2018,COE,25,7f40430980f0b5e6|COE|NA|25,TRUE,5.9,NA,5728.9,NA,NA,https://allianceforcoffeeexcellence.org/nicaragua-2018/
7f40430980f0b5e6,Nicaragua,2018,COE,26,7f40430980f0b5e6|COE|NA|26,TRUE,6.6,NA,6705.6,NA,NA,https://allianceforcoffeeexcellence.org/nicaragua-2018/
7f40430980f0b5e6,Nicaragua,2018,COE,27,7f40430980f0b5e6|COE|NA|27,TRUE,6.8,NA,5630.4,NA,NA,https://allianceforcoffeeexcellence.org/nicaragua-2018/
7f40430980f0b5e6,Nicaragua,2018,COE,28,7f40430980f0b5e6|COE|NA|28,TRUE,6.8,NA,6746.08,NA,NA,https://allianceforcoffeeexcellence.org/nicaragua-2018/
7f40430980f0b5e6,Nicaragua,2018,COE,29,7f40430980f0b5e6|COE|NA|29,TRUE,5.6,NA,4814.82,NA,NA,https://allianceforcoffeeexcellence.org/nicaragua-2018/
7f40430980f0b5e6,Nicaragua,2018,COE,30,7f40430980f0b5e6|COE|NA|30,TRUE,7.9,NA,5537.9,NA,NA,https://allianceforcoffeeexcellence.org/nicaragua-2018/
7f40430980f0b5e6,Nicaragua,2018,COE,31,7f40430980f0b5e6|COE|NA|31,TRUE,5.9,NA,4526.48,NA,NA,https://allianceforcoffeeexcellence.org/nicaragua-2018/
7f40430980f0b5e6,Nicaragua,2018,COE,32,7f40430980f0b5e6|COE|NA|32,TRUE,6.6,NA,6547.66,NA,NA,https://allianceforcoffeeexcellence.org/nicaragua-2018/
7f40430980f0b5e6,Nicaragua,2018,COE,33,7f40430980f0b5e6|COE|NA|33,TRUE,5.5,NA,5820.16,NA,NA,https://allianceforcoffeeexcellence.org/nicaragua-2018/
7f40430980f0b5e6,Nicaragua,2018,COE,34,7f40430980f0b5e6|COE|NA|34,TRUE,6.2,NA,5704,NA,NA,https://allianceforcoffeeexcellence.org/nicaragua-2018/
7f40430980f0b5e6,Nicaragua,2018,COE,35,7f40430980f0b5e6|COE|NA|35,TRUE,7.1,NA,5232.7,NA,NA,https://allianceforcoffeeexcellence.org/nicaragua-2018/
84ad38b1037dcc19,Nicaragua,2020,COE,1A,84ad38b1037dcc19|COE|NA|1A,TRUE,36.9,463.05,17086.55,17086.545,2.926278272102112e-7,https://allianceforcoffeeexcellence.org/nicaragua-2020/
84ad38b1037dcc19,Nicaragua,2020,COE,1B,84ad38b1037dcc19|COE|NA|1B,TRUE,30.3,463.05,14030.42,14030.415,3.563685192032487e-7,https://allianceforcoffeeexcellence.org/nicaragua-2020/
84ad38b1037dcc19,Nicaragua,2020,COE,2,84ad38b1037dcc19|COE|NA|2,TRUE,11,920.59,10126.49,10126.49,0,https://allianceforcoffeeexcellence.org/nicaragua-2020/
84ad38b1037dcc19,Nicaragua,2020,COE,3,84ad38b1037dcc19|COE|NA|3,TRUE,20.2,1238.55,25018.71,25018.71,0,https://allianceforcoffeeexcellence.org/nicaragua-2020/
84ad38b1037dcc19,Nicaragua,2020,COE,4,84ad38b1037dcc19|COE|NA|4,TRUE,10.5,769.77,8082.59,8082.585,6.186135879846855e-7,https://allianceforcoffeeexcellence.org/nicaragua-2020/
84ad38b1037dcc19,Nicaragua,2020,COE,5,84ad38b1037dcc19|COE|NA|5,TRUE,10,1228,12280,12280,0,https://allianceforcoffeeexcellence.org/nicaragua-2020/
84ad38b1037dcc19,Nicaragua,2020,COE,6,84ad38b1037dcc19|COE|NA|6,TRUE,10.2,811,8272.2,8272.199999999999,2.1989185507432802e-16,https://allianceforcoffeeexcellence.org/nicaragua-2020/
84ad38b1037dcc19,Nicaragua,2020,COE,7,84ad38b1037dcc19|COE|NA|7,TRUE,10.3,1587.6,16352.28,16352.28,0,https://allianceforcoffeeexcellence.org/nicaragua-2020/
84ad38b1037dcc19,Nicaragua,2020,COE,8,84ad38b1037dcc19|COE|NA|8,TRUE,9.1,752,6843.2,6843.2,0,https://allianceforcoffeeexcellence.org/nicaragua-2020/
84ad38b1037dcc19,Nicaragua,2020,COE,9,84ad38b1037dcc19|COE|NA|9,TRUE,10.11,463.05,4681.44,4681.4355,9.612426945570757e-7,https://allianceforcoffeeexcellence.org/nicaragua-2020/
84ad38b1037dcc19,Nicaragua,2020,COE,10,84ad38b1037dcc19|COE|NA|10,TRUE,11.6,590.94,6854.9,6854.904,5.835241944907887e-7,https://allianceforcoffeeexcellence.org/nicaragua-2020/
84ad38b1037dcc19,Nicaragua,2020,COE,11,84ad38b1037dcc19|COE|NA|11,TRUE,8.6,946.28,8138.01,8138.008,2.457603272062155e-7,https://allianceforcoffeeexcellence.org/nicaragua-2020/
84ad38b1037dcc19,Nicaragua,2020,COE,12,84ad38b1037dcc19|COE|NA|12,TRUE,12.2,888.62,10841.16,10841.163999999999,3.6896420668968244e-7,https://allianceforcoffeeexcellence.org/nicaragua-2020/
84ad38b1037dcc19,Nicaragua,2020,COE,13,84ad38b1037dcc19|COE|NA|13,TRUE,8.2,849.26,6963.93,6963.931999999999,2.8719415597061776e-7,https://allianceforcoffeeexcellence.org/nicaragua-2020/
84ad38b1037dcc19,Nicaragua,2020,COE,14,84ad38b1037dcc19|COE|NA|14,TRUE,9.3,1151.45,10708.49,10708.485,4.6691923877219334e-7,https://allianceforcoffeeexcellence.org/nicaragua-2020/
84ad38b1037dcc19,Nicaragua,2020,COE,15,84ad38b1037dcc19|COE|NA|15,TRUE,10.3,873.18,8993.75,8993.754,4.447533009940133e-7,https://allianceforcoffeeexcellence.org/nicaragua-2020/
84ad38b1037dcc19,Nicaragua,2020,COE,16,84ad38b1037dcc19|COE|NA|16,TRUE,9,953,8577,8577,0,https://allianceforcoffeeexcellence.org/nicaragua-2020/
84ad38b1037dcc19,Nicaragua,2020,COE,17,84ad38b1037dcc19|COE|NA|17,TRUE,8.6,960,8256,8256,0,https://allianceforcoffeeexcellence.org/nicaragua-2020/
a715bdb54ff0d688,Nicaragua,2021,COE,1A,a715bdb54ff0d688|COE|NA|1A,TRUE,25.1,1025.13,25730.76,25730.763000000003,1.1659197024297609e-7,https://allianceforcoffeeexcellence.org/nicaragua-2021/
a715bdb54ff0d688,Nicaragua,2021,COE,1B,a715bdb54ff0d688|COE|NA|1B,TRUE,25.9,1025.13,26550.87,26550.867000000002,1.129906476500846e-7,https://allianceforcoffeeexcellence.org/nicaragua-2021/
a715bdb54ff0d688,Nicaragua,2021,COE,2A,a715bdb54ff0d688|COE|NA|2A,TRUE,30.2,231.48,6990.7,6990.696,5.721887650600674e-7,https://allianceforcoffeeexcellence.org/nicaragua-2021/
a715bdb54ff0d688,Nicaragua,2021,COE,2B,a715bdb54ff0d688|COE|NA|2B,TRUE,30.3,231.48,7013.84,7013.844,5.703010048568847e-7,https://allianceforcoffeeexcellence.org/nicaragua-2021/
a715bdb54ff0d688,Nicaragua,2021,COE,3A,a715bdb54ff0d688|COE|NA|3A,TRUE,27.95,264.55,7394.17,7394.172500000001,3.3810420919580115e-7,https://allianceforcoffeeexcellence.org/nicaragua-2021/
a715bdb54ff0d688,Nicaragua,2021,COE,3B,a715bdb54ff0d688|COE|NA|3B,TRUE,27.7,264.55,7328.04,7328.035,6.823106860919344e-7,https://allianceforcoffeeexcellence.org/nicaragua-2021/
a715bdb54ff0d688,Nicaragua,2021,COE,4,a715bdb54ff0d688|COE|NA|4,TRUE,24.1,589,14194.9,14194.900000000001,1.281438688223134e-16,https://allianceforcoffeeexcellence.org/nicaragua-2021/
a715bdb54ff0d688,Nicaragua,2021,COE,5,a715bdb54ff0d688|COE|NA|5,TRUE,23.1,574,13259.4,13259.400000000001,1.3718489551155078e-16,https://allianceforcoffeeexcellence.org/nicaragua-2021/
a715bdb54ff0d688,Nicaragua,2021,COE,6,a715bdb54ff0d688|COE|NA|6,TRUE,23,462.96,10648.08,10648.08,0,https://allianceforcoffeeexcellence.org/nicaragua-2021/
a715bdb54ff0d688,Nicaragua,2021,COE,7,a715bdb54ff0d688|COE|NA|7,TRUE,20.6,462.96,9536.98,9536.976,4.1941998399869957e-7,https://allianceforcoffeeexcellence.org/nicaragua-2021/
a715bdb54ff0d688,Nicaragua,2021,COE,8,a715bdb54ff0d688|COE|NA|8,TRUE,20,451,9020,9020,0,https://allianceforcoffeeexcellence.org/nicaragua-2021/
a715bdb54ff0d688,Nicaragua,2021,COE,9,a715bdb54ff0d688|COE|NA|9,TRUE,20.2,443,8948.6,8948.6,0,https://allianceforcoffeeexcellence.org/nicaragua-2021/
a715bdb54ff0d688,Nicaragua,2021,COE,10,a715bdb54ff0d688|COE|NA|10,TRUE,17.2,330.68,5687.7,5687.696,7.032719728370717e-7,https://allianceforcoffeeexcellence.org/nicaragua-2021/
a715bdb54ff0d688,Nicaragua,2021,COE,11,a715bdb54ff0d688|COE|NA|11,TRUE,11,1964,21604,21604,0,https://allianceforcoffeeexcellence.org/nicaragua-2021/
a715bdb54ff0d688,Nicaragua,2021,COE,12,a715bdb54ff0d688|COE|NA|12,TRUE,10.1,898,9069.8,9069.8,0,https://allianceforcoffeeexcellence.org/nicaragua-2021/
a715bdb54ff0d688,Nicaragua,2021,COE,13,a715bdb54ff0d688|COE|NA|13,TRUE,20.1,374,7517.4,7517.4000000000005,1.2098527439978294e-16,https://allianceforcoffeeexcellence.org/nicaragua-2021/
a715bdb54ff0d688,Nicaragua,2021,COE,14,a715bdb54ff0d688|COE|NA|14,TRUE,11,1388.88,15277.68,15277.68,0,https://allianceforcoffeeexcellence.org/nicaragua-2021/
a715bdb54ff0d688,Nicaragua,2021,COE,15,a715bdb54ff0d688|COE|NA|15,TRUE,10.5,496,5208,5208,0,https://allianceforcoffeeexcellence.org/nicaragua-2021/
a715bdb54ff0d688,Nicaragua,2021,COE,16,a715bdb54ff0d688|COE|NA|16,TRUE,10.1,1190.47,12023.75,12023.747,2.495061857250176e-7,https://allianceforcoffeeexcellence.org/nicaragua-2021/
a715bdb54ff0d688,Nicaragua,2021,COE,17,a715bdb54ff0d688|COE|NA|17,TRUE,20.1,371,7457.1,7457.1,0,https://allianceforcoffeeexcellence.org/nicaragua-2021/
a715bdb54ff0d688,Nicaragua,2021,COE,18,a715bdb54ff0d688|COE|NA|18,TRUE,10.3,2298,23669.4,23669.4,0,https://allianceforcoffeeexcellence.org/nicaragua-2021/
a715bdb54ff0d688,Nicaragua,2021,COE,19,a715bdb54ff0d688|COE|NA|19,TRUE,13.2,1042,13754.4,13754.4,0,https://allianceforcoffeeexcellence.org/nicaragua-2021/
a715bdb54ff0d688,Nicaragua,2021,COE,20,a715bdb54ff0d688|COE|NA|20,TRUE,9.2,396.82,3650.74,3650.7439999999997,1.0956682754470087e-6,https://allianceforcoffeeexcellence.org/nicaragua-2021/
a715bdb54ff0d688,Nicaragua,2021,COE,21,a715bdb54ff0d688|COE|NA|21,TRUE,14.7,316,4645.2,4645.2,0,https://allianceforcoffeeexcellence.org/nicaragua-2021/
a715bdb54ff0d688,Nicaragua,2021,COE,22,a715bdb54ff0d688|COE|NA|22,TRUE,11.2,566,6339.2,6339.2,0,https://allianceforcoffeeexcellence.org/nicaragua-2021/
a715bdb54ff0d688,Nicaragua,2021,COE,23,a715bdb54ff0d688|COE|NA|23,TRUE,9.9,721,7137.9,7137.9000000000005,1.274176861223789e-16,https://allianceforcoffeeexcellence.org/nicaragua-2021/
319d40e9b8e35a24,Nicaragua,2022,COE,1A,319d40e9b8e35a24|COE|NA|1A,TRUE,25.2,264.6,6667.92,6667.92,0,https://allianceforcoffeeexcellence.org/nicaragua-2022/
319d40e9b8e35a24,Nicaragua,2022,COE,1B,319d40e9b8e35a24|COE|NA|1B,TRUE,23.5,252.5,5933.75,5933.75,0,https://allianceforcoffeeexcellence.org/nicaragua-2022/
319d40e9b8e35a24,Nicaragua,2022,COE,2,319d40e9b8e35a24|COE|NA|2,TRUE,8,427,3416,3416,0,https://allianceforcoffeeexcellence.org/nicaragua-2022/
319d40e9b8e35a24,Nicaragua,2022,COE,3,319d40e9b8e35a24|COE|NA|3,TRUE,17.3,504,8719.2,8719.2,0,https://allianceforcoffeeexcellence.org/nicaragua-2022/
319d40e9b8e35a24,Nicaragua,2022,COE,4,319d40e9b8e35a24|COE|NA|4,TRUE,25.1,406,10190.6,10190.6,0,https://allianceforcoffeeexcellence.org/nicaragua-2022/
319d40e9b8e35a24,Nicaragua,2022,COE,5,319d40e9b8e35a24|COE|NA|5,TRUE,12.1,395,4779.5,4779.5,0,https://allianceforcoffeeexcellence.org/nicaragua-2022/
319d40e9b8e35a24,Nicaragua,2022,COE,6,319d40e9b8e35a24|COE|NA|6,TRUE,7.5,493,3697.5,3697.5,0,https://allianceforcoffeeexcellence.org/nicaragua-2022/
319d40e9b8e35a24,Nicaragua,2022,COE,7,319d40e9b8e35a24|COE|NA|7,TRUE,8.1,457,3701.7,3701.7,0,https://allianceforcoffeeexcellence.org/nicaragua-2022/
319d40e9b8e35a24,Nicaragua,2022,COE,8,319d40e9b8e35a24|COE|NA|8,TRUE,17.7,1137,20124.9,20124.899999999998,1.8077003150781931e-16,https://allianceforcoffeeexcellence.org/nicaragua-2022/
319d40e9b8e35a24,Nicaragua,2022,COE,9,319d40e9b8e35a24|COE|NA|9,TRUE,10.8,599,6469.2,6469.200000000001,1.4058843470180675e-16,https://allianceforcoffeeexcellence.org/nicaragua-2022/
319d40e9b8e35a24,Nicaragua,2022,COE,10,319d40e9b8e35a24|COE|NA|10,TRUE,7,439,3073,3073,0,https://allianceforcoffeeexcellence.org/nicaragua-2022/
319d40e9b8e35a24,Nicaragua,2022,COE,11,319d40e9b8e35a24|COE|NA|11,TRUE,5.2,1745,9074,9074,0,https://allianceforcoffeeexcellence.org/nicaragua-2022/
319d40e9b8e35a24,Nicaragua,2022,COE,12,319d40e9b8e35a24|COE|NA|12,TRUE,5.8,519,3010.2,3010.2,0,https://allianceforcoffeeexcellence.org/nicaragua-2022/
319d40e9b8e35a24,Nicaragua,2022,COE,13,319d40e9b8e35a24|COE|NA|13,TRUE,6.8,424,2883.2,2883.2,0,https://allianceforcoffeeexcellence.org/nicaragua-2022/
319d40e9b8e35a24,Nicaragua,2022,COE,14,319d40e9b8e35a24|COE|NA|14,TRUE,6.1,624,3806.4,3806.3999999999996,1.1946914430602777e-16,https://allianceforcoffeeexcellence.org/nicaragua-2022/
319d40e9b8e35a24,Nicaragua,2022,COE,15,319d40e9b8e35a24|COE|NA|15,TRUE,5.2,776,4035.2,4035.2000000000003,1.126951206598097e-16,https://allianceforcoffeeexcellence.org/nicaragua-2022/
319d40e9b8e35a24,Nicaragua,2022,COE,16,319d40e9b8e35a24|COE|NA|16,TRUE,5.2,759,3946.8,3946.8,0,https://allianceforcoffeeexcellence.org/nicaragua-2022/
319d40e9b8e35a24,Nicaragua,2022,COE,17,319d40e9b8e35a24|COE|NA|17,TRUE,5.8,504,2923.2,2923.2,0,https://allianceforcoffeeexcellence.org/nicaragua-2022/
319d40e9b8e35a24,Nicaragua,2022,COE,18,319d40e9b8e35a24|COE|NA|18,TRUE,5.9,434,2560.6,2560.6000000000004,1.775940603321347e-16,https://allianceforcoffeeexcellence.org/nicaragua-2022/
319d40e9b8e35a24,Nicaragua,2022,COE,19,319d40e9b8e35a24|COE|NA|19,TRUE,5.6,385,2156,2156,0,https://allianceforcoffeeexcellence.org/nicaragua-2022/
319d40e9b8e35a24,Nicaragua,2022,COE,20,319d40e9b8e35a24|COE|NA|20,TRUE,7.3,423,3087.9,3087.9,0,https://allianceforcoffeeexcellence.org/nicaragua-2022/
319d40e9b8e35a24,Nicaragua,2022,COE,21,319d40e9b8e35a24|COE|NA|21,TRUE,5.6,326,1825.6,1825.6,0,https://allianceforcoffeeexcellence.org/nicaragua-2022/
319d40e9b8e35a24,Nicaragua,2022,COE,22,319d40e9b8e35a24|COE|NA|22,TRUE,5.1,891,4544.1,4544.0999999999995,2.0014847863667792e-16,https://allianceforcoffeeexcellence.org/nicaragua-2022/
319d40e9b8e35a24,Nicaragua,2022,COE,23,319d40e9b8e35a24|COE|NA|23,TRUE,7,324,2268,2268,0,https://allianceforcoffeeexcellence.org/nicaragua-2022/
319d40e9b8e35a24,Nicaragua,2022,COE,24,319d40e9b8e35a24|COE|NA|24,TRUE,7.1,503,3571.3,3571.2999999999997,1.2733384226653155e-16,https://allianceforcoffeeexcellence.org/nicaragua-2022/
319d40e9b8e35a24,Nicaragua,2022,COE,25,319d40e9b8e35a24|COE|NA|25,TRUE,7.3,563,4109.9,4109.9,0,https://allianceforcoffeeexcellence.org/nicaragua-2022/
319d40e9b8e35a24,Nicaragua,2022,COE,26,319d40e9b8e35a24|COE|NA|26,TRUE,5.2,446,2319.2,2319.2000000000003,1.960794027623595e-16,https://allianceforcoffeeexcellence.org/nicaragua-2022/
7b46413689f41744,Nicaragua,2023,COE,1A,7b46413689f41744|COE|NA|1A,TRUE,73.5,221.59,16286.87,16286.865,3.0699575799516016e-7,https://allianceforcoffeeexcellence.org/nicaragua-2023/
7b46413689f41744,Nicaragua,2023,COE,1B,7b46413689f41744|COE|NA|1B,TRUE,80.1,198.42,15893.44,15893.441999999997,1.2583808142035171e-7,https://allianceforcoffeeexcellence.org/nicaragua-2023/
7b46413689f41744,Nicaragua,2023,COE,2A,7b46413689f41744|COE|NA|2A,TRUE,53.5,329.59,17633.07,17633.065,2.8355810990477746e-7,https://allianceforcoffeeexcellence.org/nicaragua-2023/
7b46413689f41744,Nicaragua,2023,COE,2B,7b46413689f41744|COE|NA|2B,TRUE,60.1,198.42,11925.04,11925.042,1.677143220138854e-7,https://allianceforcoffeeexcellence.org/nicaragua-2023/
7b46413689f41744,Nicaragua,2023,COE,3,7b46413689f41744|COE|NA|3,TRUE,20.8,623,12958.4,12958.4,0,https://allianceforcoffeeexcellence.org/nicaragua-2023/
7b46413689f41744,Nicaragua,2023,COE,4,7b46413689f41744|COE|NA|4,TRUE,8.2,2182.57,17897.07,17897.074,2.2350027131898725e-7,https://allianceforcoffeeexcellence.org/nicaragua-2023/
7b46413689f41744,Nicaragua,2023,COE,5,7b46413689f41744|COE|NA|5,TRUE,17.3,500,8650,8650,0,https://allianceforcoffeeexcellence.org/nicaragua-2023/
7b46413689f41744,Nicaragua,2023,COE,6,7b46413689f41744|COE|NA|6,TRUE,13.1,590,7729,7729,0,https://allianceforcoffeeexcellence.org/nicaragua-2023/
7b46413689f41744,Nicaragua,2023,COE,7,7b46413689f41744|COE|NA|7,TRUE,7.2,714,5140.8,5140.8,0,https://allianceforcoffeeexcellence.org/nicaragua-2023/
7b46413689f41744,Nicaragua,2023,COE,8,7b46413689f41744|COE|NA|8,TRUE,70.2,505,35451,35451,0,https://allianceforcoffeeexcellence.org/nicaragua-2023/
7b46413689f41744,Nicaragua,2023,COE,9,7b46413689f41744|COE|NA|9,TRUE,15.2,644,9788.8,9788.8,0,https://allianceforcoffeeexcellence.org/nicaragua-2023/
7b46413689f41744,Nicaragua,2023,COE,10,7b46413689f41744|COE|NA|10,TRUE,7,560,3920,3920,0,https://allianceforcoffeeexcellence.org/nicaragua-2023/
7b46413689f41744,Nicaragua,2023,COE,11,7b46413689f41744|COE|NA|11,TRUE,10.5,529.11,5555.66,5555.655,8.999830803377348e-7,https://allianceforcoffeeexcellence.org/nicaragua-2023/
7b46413689f41744,Nicaragua,2023,COE,12,7b46413689f41744|COE|NA|12,TRUE,7.2,588,4233.6,4233.6,0,https://allianceforcoffeeexcellence.org/nicaragua-2023/
7b46413689f41744,Nicaragua,2023,COE,13,7b46413689f41744|COE|NA|13,TRUE,7.5,488,3660,3660,0,https://allianceforcoffeeexcellence.org/nicaragua-2023/
7b46413689f41744,Nicaragua,2023,COE,14,7b46413689f41744|COE|NA|14,TRUE,7.8,1577,12300.6,12300.6,0,https://allianceforcoffeeexcellence.org/nicaragua-2023/
7b46413689f41744,Nicaragua,2023,COE,15,7b46413689f41744|COE|NA|15,TRUE,7,512,3584,3584,0,https://allianceforcoffeeexcellence.org/nicaragua-2023/
7b46413689f41744,Nicaragua,2023,COE,16,7b46413689f41744|COE|NA|16,TRUE,5.6,760,4256,4256,0,https://allianceforcoffeeexcellence.org/nicaragua-2023/
95f3bb26fec856b9,Nicaragua,2024,COE,1A,95f3bb26fec856b9|COE|NA|1A,TRUE,109,198.41,21626.69,21626.69,0,https://allianceforcoffeeexcellence.org/nicaragua-2024/
95f3bb26fec856b9,Nicaragua,2024,COE,1B,95f3bb26fec856b9|COE|NA|1B,TRUE,108.8,249.12,27104.26,27104.256,1.4757827725888583e-7,https://allianceforcoffeeexcellence.org/nicaragua-2024/
95f3bb26fec856b9,Nicaragua,2024,COE,2,95f3bb26fec856b9|COE|NA|2,TRUE,41.3,529.1,21851.83,21851.829999999998,1.6648394240169874e-16,https://allianceforcoffeeexcellence.org/nicaragua-2024/
95f3bb26fec856b9,Nicaragua,2024,COE,3,95f3bb26fec856b9|COE|NA|3,TRUE,49.9,529.1,26402.09,26402.09,0,https://allianceforcoffeeexcellence.org/nicaragua-2024/
95f3bb26fec856b9,Nicaragua,2024,COE,4,95f3bb26fec856b9|COE|NA|4,TRUE,31.6,462.96,14629.54,14629.536,2.7341939670112025e-7,https://allianceforcoffeeexcellence.org/nicaragua-2024/
95f3bb26fec856b9,Nicaragua,2024,COE,5,95f3bb26fec856b9|COE|NA|5,TRUE,18.1,419.43,7591.68,7591.683000000001,3.9516944874009183e-7,https://allianceforcoffeeexcellence.org/nicaragua-2024/
95f3bb26fec856b9,Nicaragua,2024,COE,6,95f3bb26fec856b9|COE|NA|6,TRUE,20.1,558.75,11230.88,11230.875,4.452010883563572e-7,https://allianceforcoffeeexcellence.org/nicaragua-2024/
95f3bb26fec856b9,Nicaragua,2024,COE,7,95f3bb26fec856b9|COE|NA|7,TRUE,36.9,446.1,16461.09,16461.09,0,https://allianceforcoffeeexcellence.org/nicaragua-2024/
95f3bb26fec856b9,Nicaragua,2024,COE,8,95f3bb26fec856b9|COE|NA|8,TRUE,25.1,793.65,19920.62,19920.615,2.509962038019226e-7,https://allianceforcoffeeexcellence.org/nicaragua-2024/
95f3bb26fec856b9,Nicaragua,2024,COE,9,95f3bb26fec856b9|COE|NA|9,TRUE,26.3,696,18304.8,18304.8,0,https://allianceforcoffeeexcellence.org/nicaragua-2024/
95f3bb26fec856b9,Nicaragua,2024,COE,10,95f3bb26fec856b9|COE|NA|10,TRUE,15.1,444,6704.4,6704.4,0,https://allianceforcoffeeexcellence.org/nicaragua-2024/
95f3bb26fec856b9,Nicaragua,2024,COE,11,95f3bb26fec856b9|COE|NA|11,TRUE,9.1,1146.4,10432.24,10432.24,0,https://allianceforcoffeeexcellence.org/nicaragua-2024/
95f3bb26fec856b9,Nicaragua,2024,COE,12,95f3bb26fec856b9|COE|NA|12,TRUE,10.3,557.32,5740.4,5740.396000000001,6.968155527482263e-7,https://allianceforcoffeeexcellence.org/nicaragua-2024/
95f3bb26fec856b9,Nicaragua,2024,COE,13,95f3bb26fec856b9|COE|NA|13,TRUE,9.4,440,4136,4136,0,https://allianceforcoffeeexcellence.org/nicaragua-2024/
95f3bb26fec856b9,Nicaragua,2024,COE,14,95f3bb26fec856b9|COE|NA|14,TRUE,9.2,904,8316.8,8316.8,0,https://allianceforcoffeeexcellence.org/nicaragua-2024/
95f3bb26fec856b9,Nicaragua,2024,COE,15,95f3bb26fec856b9|COE|NA|15,TRUE,8.5,793.65,6746.03,6746.025,7.411766624383734e-7,https://allianceforcoffeeexcellence.org/nicaragua-2024/
95f3bb26fec856b9,Nicaragua,2024,COE,16,95f3bb26fec856b9|COE|NA|16,TRUE,8.5,859.79,7308.22,7308.215,6.841611226959697e-7,https://allianceforcoffeeexcellence.org/nicaragua-2024/
95f3bb26fec856b9,Nicaragua,2024,COE,17,95f3bb26fec856b9|COE|NA|17,TRUE,9.1,431,3922.1,3922.1,0,https://allianceforcoffeeexcellence.org/nicaragua-2024/
95f3bb26fec856b9,Nicaragua,2024,COE,18,95f3bb26fec856b9|COE|NA|18,TRUE,9.1,453,4122.3,4122.3,0,https://allianceforcoffeeexcellence.org/nicaragua-2024/
95f3bb26fec856b9,Nicaragua,2024,COE,19,95f3bb26fec856b9|COE|NA|19,TRUE,8.7,976,8491.2,8491.199999999999,2.1422053461770495e-16,https://allianceforcoffeeexcellence.org/nicaragua-2024/
95f3bb26fec856b9,Nicaragua,2024,COE,20,95f3bb26fec856b9|COE|NA|20,TRUE,10.3,394,4058.2,4058.2000000000003,1.1205641685635606e-16,https://allianceforcoffeeexcellence.org/nicaragua-2024/
95f3bb26fec856b9,Nicaragua,2024,COE,21,95f3bb26fec856b9|COE|NA|21,TRUE,6.3,595.24,3750.01,3750.012,5.33331911102292e-7,https://allianceforcoffeeexcellence.org/nicaragua-2024/
95f3bb26fec856b9,Nicaragua,2024,COE,22,95f3bb26fec856b9|COE|NA|22,TRUE,8.2,859.79,7050.28,7050.277999999999,2.8367667672879003e-7,https://allianceforcoffeeexcellence.org/nicaragua-2024/
95f3bb26fec856b9,Nicaragua,2024,COE,23,95f3bb26fec856b9|COE|NA|23,TRUE,7.6,525,3990,3990,0,https://allianceforcoffeeexcellence.org/nicaragua-2024/
95f3bb26fec856b9,Nicaragua,2024,COE,24,95f3bb26fec856b9|COE|NA|24,TRUE,8.6,456,3921.6,3921.6,0,https://allianceforcoffeeexcellence.org/nicaragua-2024/
95f3bb26fec856b9,Nicaragua,2024,COE,25,95f3bb26fec856b9|COE|NA|25,TRUE,8.8,529.1,4656.08,4656.080000000001,1.9533485287472042e-16,https://allianceforcoffeeexcellence.org/nicaragua-2024/
95f3bb26fec856b9,Nicaragua,2024,COE,26,95f3bb26fec856b9|COE|NA|26,TRUE,7.3,388,2832.4,2832.4,0,https://allianceforcoffeeexcellence.org/nicaragua-2024/
95f3bb26fec856b9,Nicaragua,2024,COE,27,95f3bb26fec856b9|COE|NA|27,TRUE,8.2,462,3788.4,3788.3999999999996,1.2003678357260694e-16,https://allianceforcoffeeexcellence.org/nicaragua-2024/
95f3bb26fec856b9,Nicaragua,2024,COE,28,95f3bb26fec856b9|COE|NA|28,TRUE,8.6,325,2795,2795,0,https://allianceforcoffeeexcellence.org/nicaragua-2024/
95f3bb26fec856b9,Nicaragua,2024,COE,29,95f3bb26fec856b9|COE|NA|29,TRUE,8.5,765,6502.5,6502.5,0,https://allianceforcoffeeexcellence.org/nicaragua-2024/
95f3bb26fec856b9,Nicaragua,2024,COE,30,95f3bb26fec856b9|COE|NA|30,TRUE,9.2,500,4600,4600,0,https://allianceforcoffeeexcellence.org/nicaragua-2024/
7eda394b87ad5966,Nicaragua,2025,COE,1A,7eda394b87ad5966|COE|Washed Processes|1A,TRUE,64.4,198.42,12778.25,12778.248,1.5651595487703352e-7,https://allianceforcoffeeexcellence.org/nicaragua-2025/
7eda394b87ad5966,Nicaragua,2025,COE,1B,7eda394b87ad5966|COE|Washed Processes|1B,TRUE,66,158.73,10476.18,10476.179999999998,1.736309803330848e-16,https://allianceforcoffeeexcellence.org/nicaragua-2025/
7eda394b87ad5966,Nicaragua,2025,COE,2,7eda394b87ad5966|COE|Washed Processes|2,TRUE,14,2553.99,35755.86,35755.86,0,https://allianceforcoffeeexcellence.org/nicaragua-2025/
7eda394b87ad5966,Nicaragua,2025,COE,3,7eda394b87ad5966|COE|Washed Processes|3,TRUE,27.1,511.01,13848.37,13848.371000000001,7.221066451890921e-8,https://allianceforcoffeeexcellence.org/nicaragua-2025/
7eda394b87ad5966,Nicaragua,2025,COE,4,7eda394b87ad5966|COE|Washed Processes|4,TRUE,88.2,392.99,34661.72,34661.718,5.7700541127429725e-8,https://allianceforcoffeeexcellence.org/nicaragua-2025/
7eda394b87ad5966,Nicaragua,2025,COE,6,7eda394b87ad5966|COE|Washed Processes|6,TRUE,12.1,733.99,8881.28,8881.279,1.1259638252636182e-7,https://allianceforcoffeeexcellence.org/nicaragua-2025/
7eda394b87ad5966,Nicaragua,2025,COE,7,7eda394b87ad5966|COE|Washed Processes|7,TRUE,12.2,1433,17482.6,17482.6,0,https://allianceforcoffeeexcellence.org/nicaragua-2025/
7eda394b87ad5966,Nicaragua,2025,COE,8,7eda394b87ad5966|COE|Washed Processes|8,TRUE,12.2,272.99,3330.48,3330.478,6.005140400040554e-7,https://allianceforcoffeeexcellence.org/nicaragua-2025/
7eda394b87ad5966,Nicaragua,2025,COE,9,7eda394b87ad5966|COE|Washed Processes|9,TRUE,12.1,720,8712,8712,0,https://allianceforcoffeeexcellence.org/nicaragua-2025/
7eda394b87ad5966,Nicaragua,2025,COE,10,7eda394b87ad5966|COE|Washed Processes|10,TRUE,12.1,822.99,9958.18,9958.179,1.0041995627752528e-7,https://allianceforcoffeeexcellence.org/nicaragua-2025/
7eda394b87ad5966,Nicaragua,2025,COE,11,7eda394b87ad5966|COE|Washed Processes|11,TRUE,12,675,8100,8100,0,https://allianceforcoffeeexcellence.org/nicaragua-2025/
7eda394b87ad5966,Nicaragua,2025,COE,12,7eda394b87ad5966|COE|Washed Processes|12,TRUE,12.6,578,7282.8,7282.8,0,https://allianceforcoffeeexcellence.org/nicaragua-2025/
7eda394b87ad5966,Nicaragua,2025,COE,13,7eda394b87ad5966|COE|Washed Processes|13,TRUE,10.1,527.01,5322.8,5322.8009999999995,1.8787104518190277e-7,https://allianceforcoffeeexcellence.org/nicaragua-2025/
7eda394b87ad5966,Nicaragua,2025,COE,14,7eda394b87ad5966|COE|Washed Processes|14,TRUE,12.2,728,8881.6,8881.6,0,https://allianceforcoffeeexcellence.org/nicaragua-2025/
7eda394b87ad5966,Nicaragua,2025,COE,15,7eda394b87ad5966|COE|Washed Processes|15,TRUE,9,1384.99,12464.91,12464.91,0,https://allianceforcoffeeexcellence.org/nicaragua-2025/
7eda394b87ad5966,Nicaragua,2025,COE,1A,7eda394b87ad5966|COE|Natural & Honey|1A,TRUE,54.8,264.55,14497.34,14497.34,0,https://allianceforcoffeeexcellence.org/nicaragua-2025/
7eda394b87ad5966,Nicaragua,2025,COE,1B,7eda394b87ad5966|COE|Natural & Honey|1B,TRUE,56.1,231.45,12984.35,12984.345,3.850789605192893e-7,https://allianceforcoffeeexcellence.org/nicaragua-2025/
7eda394b87ad5966,Nicaragua,2025,COE,2,7eda394b87ad5966|COE|Natural & Honey|2,TRUE,20.3,1036,21030.8,21030.8,0,https://allianceforcoffeeexcellence.org/nicaragua-2025/
7eda394b87ad5966,Nicaragua,2025,COE,3,7eda394b87ad5966|COE|Natural & Honey|3,TRUE,20.1,487,9788.7,9788.7,0,https://allianceforcoffeeexcellence.org/nicaragua-2025/
7eda394b87ad5966,Nicaragua,2025,COE,4,7eda394b87ad5966|COE|Natural & Honey|4,TRUE,17.6,402.01,7075.38,7075.376,5.653406601349203e-7,https://allianceforcoffeeexcellence.org/nicaragua-2025/
7eda394b87ad5966,Nicaragua,2025,COE,5,7eda394b87ad5966|COE|Natural & Honey|5,TRUE,26.1,460.01,12006.26,12006.261,8.328988379426455e-8,https://allianceforcoffeeexcellence.org/nicaragua-2025/
7eda394b87ad5966,Nicaragua,2025,COE,6,7eda394b87ad5966|COE|Natural & Honey|6,TRUE,18.1,357.01,6461.88,6461.881,1.5475372495368635e-7,https://allianceforcoffeeexcellence.org/nicaragua-2025/
7eda394b87ad5966,Nicaragua,2025,COE,7,7eda394b87ad5966|COE|Natural & Honey|7,TRUE,15.3,475.99,7282.65,7282.647000000001,4.1193796197705386e-7,https://allianceforcoffeeexcellence.org/nicaragua-2025/
7eda394b87ad5966,Nicaragua,2025,COE,10,7eda394b87ad5966|COE|Natural & Honey|10,TRUE,25.5,564.99,14407.25,14407.245,3.470474933939263e-7,https://allianceforcoffeeexcellence.org/nicaragua-2025/
7eda394b87ad5966,Nicaragua,2025,COE,11,7eda394b87ad5966|COE|Natural & Honey|11,TRUE,12,603,7236,7236,0,https://allianceforcoffeeexcellence.org/nicaragua-2025/
7eda394b87ad5966,Nicaragua,2025,COE,12,7eda394b87ad5966|COE|Natural & Honey|12,TRUE,13.9,616.01,8562.54,8562.539,1.1678777561374623e-7,https://allianceforcoffeeexcellence.org/nicaragua-2025/
7eda394b87ad5966,Nicaragua,2025,COE,13,7eda394b87ad5966|COE|Natural & Honey|13,TRUE,25.6,513.02,13133.31,13133.312,1.522845345466949e-7,https://allianceforcoffeeexcellence.org/nicaragua-2025/
7eda394b87ad5966,Nicaragua,2025,COE,14,7eda394b87ad5966|COE|Natural & Honey|14,TRUE,16.6,353,5859.8,5859.8,0,https://allianceforcoffeeexcellence.org/nicaragua-2025/
7eda394b87ad5966,Nicaragua,2025,COE,15,7eda394b87ad5966|COE|Natural & Honey|15,TRUE,12.1,426,5154.6,5154.5999999999995,1.7644331311312773e-16,https://allianceforcoffeeexcellence.org/nicaragua-2025/
7eda394b87ad5966,Nicaragua,2025,COE,8,7eda394b87ad5966|COE|Natural & Honey|8,TRUE,12.2,NA,3330.48,NA,NA,https://allianceforcoffeeexcellence.org/nicaragua-2025/
7eda394b87ad5966,Nicaragua,2025,COE,9,7eda394b87ad5966|COE|Natural & Honey|9,TRUE,12.1,NA,8712,NA,NA,https://allianceforcoffeeexcellence.org/nicaragua-2025/
f06207128b447b2a,Peru,2017,NW,20,f06207128b447b2a|NW|NA|20,TRUE,4.4,NA,2037.07,NA,NA,https://allianceforcoffeeexcellence.org/peru-2017/
f06207128b447b2a,Peru,2017,NW,21,f06207128b447b2a|NW|NA|21,TRUE,5.1,NA,3429.29,NA,NA,https://allianceforcoffeeexcellence.org/peru-2017/
f06207128b447b2a,Peru,2017,NW,22,f06207128b447b2a|NW|NA|22,TRUE,4.5,NA,3293.73,NA,NA,https://allianceforcoffeeexcellence.org/peru-2017/
f06207128b447b2a,Peru,2017,NW,23,f06207128b447b2a|NW|NA|23,TRUE,4.6,NA,3042.39,NA,NA,https://allianceforcoffeeexcellence.org/peru-2017/
f06207128b447b2a,Peru,2017,NW,24,f06207128b447b2a|NW|NA|24,TRUE,4.4,NA,2522.08,NA,NA,https://allianceforcoffeeexcellence.org/peru-2017/
f06207128b447b2a,Peru,2017,NW,25,f06207128b447b2a|NW|NA|25,TRUE,4.3,NA,3118.88,NA,NA,https://allianceforcoffeeexcellence.org/peru-2017/
f06207128b447b2a,Peru,2017,NW,26,f06207128b447b2a|NW|NA|26,TRUE,4.2,NA,2759.32,NA,NA,https://allianceforcoffeeexcellence.org/peru-2017/
f06207128b447b2a,Peru,2017,NW,27,f06207128b447b2a|NW|NA|27,TRUE,4.1,NA,2675.54,NA,NA,https://allianceforcoffeeexcellence.org/peru-2017/
f06207128b447b2a,Peru,2017,NW,28,f06207128b447b2a|NW|NA|28,TRUE,3.7,NA,2496.09,NA,NA,https://allianceforcoffeeexcellence.org/peru-2017/
f06207128b447b2a,Peru,2017,NW,29,f06207128b447b2a|NW|NA|29,TRUE,4.1,NA,2494.77,NA,NA,https://allianceforcoffeeexcellence.org/peru-2017/
f06207128b447b2a,Peru,2017,NW,30,f06207128b447b2a|NW|NA|30,TRUE,4.1,NA,3235.97,NA,NA,https://allianceforcoffeeexcellence.org/peru-2017/
f06207128b447b2a,Peru,2017,COE,1A,f06207128b447b2a|COE|NA|1A,TRUE,100.09,NA,37512.73,NA,NA,https://allianceforcoffeeexcellence.org/peru-2017/
f06207128b447b2a,Peru,2017,COE,1B,f06207128b447b2a|COE|NA|1B,TRUE,100.1,NA,33102.07,NA,NA,https://allianceforcoffeeexcellence.org/peru-2017/
f06207128b447b2a,Peru,2017,COE,2A,f06207128b447b2a|COE|NA|2A,TRUE,51.4,NA,19264.21,NA,NA,https://allianceforcoffeeexcellence.org/peru-2017/
f06207128b447b2a,Peru,2017,COE,2B,f06207128b447b2a|COE|NA|2B,TRUE,50.3,NA,16633.71,NA,NA,https://allianceforcoffeeexcellence.org/peru-2017/
f06207128b447b2a,Peru,2017,COE,3A,f06207128b447b2a|COE|NA|3A,TRUE,35.2,NA,13968.42,NA,NA,https://allianceforcoffeeexcellence.org/peru-2017/
f06207128b447b2a,Peru,2017,COE,3B,f06207128b447b2a|COE|NA|3B,TRUE,35.2,NA,12416.45,NA,NA,https://allianceforcoffeeexcellence.org/peru-2017/
f06207128b447b2a,Peru,2017,COE,4A,f06207128b447b2a|COE|NA|4A,TRUE,18.7,NA,7297.11,NA,NA,https://allianceforcoffeeexcellence.org/peru-2017/
f06207128b447b2a,Peru,2017,COE,4B,f06207128b447b2a|COE|NA|4B,TRUE,19.09,NA,6312.87,NA,NA,https://allianceforcoffeeexcellence.org/peru-2017/
f06207128b447b2a,Peru,2017,COE,5A,f06207128b447b2a|COE|NA|5A,TRUE,18.2,NA,7342.79,NA,NA,https://allianceforcoffeeexcellence.org/peru-2017/
f06207128b447b2a,Peru,2017,COE,5B,f06207128b447b2a|COE|NA|5B,TRUE,18.13,NA,7194.53,NA,NA,https://allianceforcoffeeexcellence.org/peru-2017/
f06207128b447b2a,Peru,2017,COE,6,f06207128b447b2a|COE|NA|6,TRUE,49.6,NA,37178.67,NA,NA,https://allianceforcoffeeexcellence.org/peru-2017/
f06207128b447b2a,Peru,2017,COE,7,f06207128b447b2a|COE|NA|7,TRUE,17.3,NA,9687.48,NA,NA,https://allianceforcoffeeexcellence.org/peru-2017/
f06207128b447b2a,Peru,2017,COE,8,f06207128b447b2a|COE|NA|8,TRUE,12.1,NA,9683.39,NA,NA,https://allianceforcoffeeexcellence.org/peru-2017/
f06207128b447b2a,Peru,2017,COE,9,f06207128b447b2a|COE|NA|9,TRUE,10.89,NA,7130.55,NA,NA,https://allianceforcoffeeexcellence.org/peru-2017/
f06207128b447b2a,Peru,2017,COE,10,f06207128b447b2a|COE|NA|10,TRUE,14.01,NA,10038.31,NA,NA,https://allianceforcoffeeexcellence.org/peru-2017/
f06207128b447b2a,Peru,2017,COE,11,f06207128b447b2a|COE|NA|11,TRUE,10.4,NA,7566.31,NA,NA,https://allianceforcoffeeexcellence.org/peru-2017/
f06207128b447b2a,Peru,2017,COE,12,f06207128b447b2a|COE|NA|12,TRUE,13.1,NA,7220.2,NA,NA,https://allianceforcoffeeexcellence.org/peru-2017/
f06207128b447b2a,Peru,2017,COE,13,f06207128b447b2a|COE|NA|13,TRUE,9,NA,7539.84,NA,NA,https://allianceforcoffeeexcellence.org/peru-2017/
f06207128b447b2a,Peru,2017,COE,14,f06207128b447b2a|COE|NA|14,TRUE,16.3,NA,11499.32,NA,NA,https://allianceforcoffeeexcellence.org/peru-2017/
f06207128b447b2a,Peru,2017,COE,15,f06207128b447b2a|COE|NA|15,TRUE,9.3,NA,6684,NA,NA,https://allianceforcoffeeexcellence.org/peru-2017/
f06207128b447b2a,Peru,2017,COE,16,f06207128b447b2a|COE|NA|16,TRUE,10.1,NA,7125.35,NA,NA,https://allianceforcoffeeexcellence.org/peru-2017/
f06207128b447b2a,Peru,2017,COE,17,f06207128b447b2a|COE|NA|17,TRUE,12.3,NA,11009.48,NA,NA,https://allianceforcoffeeexcellence.org/peru-2017/
f06207128b447b2a,Peru,2017,COE,18,f06207128b447b2a|COE|NA|18,TRUE,9,NA,17559.9,NA,NA,https://allianceforcoffeeexcellence.org/peru-2017/
f06207128b447b2a,Peru,2017,COE,19,f06207128b447b2a|COE|NA|19,TRUE,9.9,NA,8621.22,NA,NA,https://allianceforcoffeeexcellence.org/peru-2017/
4e0a635e5b9cd136,Peru,2018,NW,25,4e0a635e5b9cd136|NW|NA|25,TRUE,4.1,2586.0223353714,4673.14,10602.69157502274,1.2688581071876168,https://allianceforcoffeeexcellence.org/peru-2018/
4e0a635e5b9cd136,Peru,2018,NW,26,4e0a635e5b9cd136|NW|NA|26,TRUE,5.1,1977.5464917546,4654.82,10085.48710794846,1.1666760708144377,https://allianceforcoffeeexcellence.org/peru-2018/
4e0a635e5b9cd136,Peru,2018,NW,27,4e0a635e5b9cd136|NW|NA|27,TRUE,6.1,1825.4275308504,5083.44,11135.107938187439,1.1904670731212406,https://allianceforcoffeeexcellence.org/peru-2018/
4e0a635e5b9cd136,Peru,2018,NW,28,4e0a635e5b9cd136|NW|NA|28,TRUE,5.1,1825.4275308504,4160.12,9309.680407337039,1.2378393910120475,https://allianceforcoffeeexcellence.org/peru-2018/
4e0a635e5b9cd136,Peru,2018,NW,29,4e0a635e5b9cd136|NW|NA|29,TRUE,4.9,1825.4275308504,3899.76,8944.59490116696,1.2936270183721459,https://allianceforcoffeeexcellence.org/peru-2018/
4e0a635e5b9cd136,Peru,2018,NW,30,4e0a635e5b9cd136|NW|NA|30,TRUE,4.9,1521.189609042,3381.25,7453.8290843058,1.2044596182789797,https://allianceforcoffeeexcellence.org/peru-2018/
4e0a635e5b9cd136,Peru,2018,NW,31,4e0a635e5b9cd136|NW|NA|31,TRUE,4.2,2586.0223353714,4907.49,10861.29380855988,1.213207527383628,https://allianceforcoffeeexcellence.org/peru-2018/
4e0a635e5b9cd136,Peru,2018,NW,32,4e0a635e5b9cd136|NW|NA|32,TRUE,3.9,1825.4275308504,3164.07,7119.16737031656,1.2500031195000614,https://allianceforcoffeeexcellence.org/peru-2018/
4e0a635e5b9cd136,Peru,2018,COE,1A,4e0a635e5b9cd136|COE|NA|1A,TRUE,45.1,NA,19388.49,NA,NA,https://allianceforcoffeeexcellence.org/peru-2018/
4e0a635e5b9cd136,Peru,2018,COE,1B,4e0a635e5b9cd136|COE|NA|1B,TRUE,45.1,NA,17897.03,NA,NA,https://allianceforcoffeeexcellence.org/peru-2018/
4e0a635e5b9cd136,Peru,2018,COE,2,4e0a635e5b9cd136|COE|NA|2,TRUE,20.3,NA,17552.4,NA,NA,https://allianceforcoffeeexcellence.org/peru-2018/
4e0a635e5b9cd136,Peru,2018,COE,3,4e0a635e5b9cd136|COE|NA|3,TRUE,21.1,NA,18420.93,NA,NA,https://allianceforcoffeeexcellence.org/peru-2018/
4e0a635e5b9cd136,Peru,2018,COE,4,4e0a635e5b9cd136|COE|NA|4,TRUE,21.1,NA,18374.51,NA,NA,https://allianceforcoffeeexcellence.org/peru-2018/
4e0a635e5b9cd136,Peru,2018,COE,5,4e0a635e5b9cd136|COE|NA|5,TRUE,9.5,NA,7539.77,NA,NA,https://allianceforcoffeeexcellence.org/peru-2018/
4e0a635e5b9cd136,Peru,2018,COE,6,4e0a635e5b9cd136|COE|NA|6,TRUE,9.3,NA,7114.5,NA,NA,https://allianceforcoffeeexcellence.org/peru-2018/
4e0a635e5b9cd136,Peru,2018,COE,7,4e0a635e5b9cd136|COE|NA|7,TRUE,9.6,NA,7026.62,NA,NA,https://allianceforcoffeeexcellence.org/peru-2018/
4e0a635e5b9cd136,Peru,2018,COE,8,4e0a635e5b9cd136|COE|NA|8,TRUE,7.31,NA,9186.04,NA,NA,https://allianceforcoffeeexcellence.org/peru-2018/
4e0a635e5b9cd136,Peru,2018,COE,9,4e0a635e5b9cd136|COE|NA|9,TRUE,20.1,NA,14725.26,NA,NA,https://allianceforcoffeeexcellence.org/peru-2018/
4e0a635e5b9cd136,Peru,2018,COE,10,4e0a635e5b9cd136|COE|NA|10,TRUE,8,NA,7467.52,NA,NA,https://allianceforcoffeeexcellence.org/peru-2018/
4e0a635e5b9cd136,Peru,2018,COE,11,4e0a635e5b9cd136|COE|NA|11,TRUE,8.7,NA,6548.14,NA,NA,https://allianceforcoffeeexcellence.org/peru-2018/
4e0a635e5b9cd136,Peru,2018,COE,12,4e0a635e5b9cd136|COE|NA|12,TRUE,7.1,NA,7122.01,NA,NA,https://allianceforcoffeeexcellence.org/peru-2018/
4e0a635e5b9cd136,Peru,2018,COE,13,4e0a635e5b9cd136|COE|NA|13,TRUE,9.5,NA,8084.41,NA,NA,https://allianceforcoffeeexcellence.org/peru-2018/
4e0a635e5b9cd136,Peru,2018,COE,14,4e0a635e5b9cd136|COE|NA|14,TRUE,7.08,NA,6846.01,NA,NA,https://allianceforcoffeeexcellence.org/peru-2018/
4e0a635e5b9cd136,Peru,2018,COE,15,4e0a635e5b9cd136|COE|NA|15,TRUE,8,NA,9294.72,NA,NA,https://allianceforcoffeeexcellence.org/peru-2018/
4e0a635e5b9cd136,Peru,2018,COE,16,4e0a635e5b9cd136|COE|NA|16,TRUE,6.9,NA,13188.73,NA,NA,https://allianceforcoffeeexcellence.org/peru-2018/
4e0a635e5b9cd136,Peru,2018,COE,17,4e0a635e5b9cd136|COE|NA|17,TRUE,6.99,NA,6749.75,NA,NA,https://allianceforcoffeeexcellence.org/peru-2018/
4e0a635e5b9cd136,Peru,2018,COE,18,4e0a635e5b9cd136|COE|NA|18,TRUE,7.08,NA,5509.87,NA,NA,https://allianceforcoffeeexcellence.org/peru-2018/
4e0a635e5b9cd136,Peru,2018,COE,19,4e0a635e5b9cd136|COE|NA|19,TRUE,7.1,NA,6339.38,NA,NA,https://allianceforcoffeeexcellence.org/peru-2018/
4e0a635e5b9cd136,Peru,2018,COE,20,4e0a635e5b9cd136|COE|NA|20,TRUE,7.3,NA,5858.1,NA,NA,https://allianceforcoffeeexcellence.org/peru-2018/
4e0a635e5b9cd136,Peru,2018,COE,21,4e0a635e5b9cd136|COE|NA|21,TRUE,7.18,NA,6442.47,NA,NA,https://allianceforcoffeeexcellence.org/peru-2018/
4e0a635e5b9cd136,Peru,2018,COE,22,4e0a635e5b9cd136|COE|NA|22,TRUE,6.95,NA,6021.62,NA,NA,https://allianceforcoffeeexcellence.org/peru-2018/
4e0a635e5b9cd136,Peru,2018,COE,23,4e0a635e5b9cd136|COE|NA|23,TRUE,7.5,NA,9490.88,NA,NA,https://allianceforcoffeeexcellence.org/peru-2018/
a9c5085d9aa7d8bf,Peru,2019,COE,1A,a9c5085d9aa7d8bf|COE|NA|1A,TRUE,20,396.83,7936.6,7936.5999999999995,1.1459500312135274e-16,https://allianceforcoffeeexcellence.org/peru-2019/
a9c5085d9aa7d8bf,Peru,2019,COE,1B,a9c5085d9aa7d8bf|COE|NA|1B,TRUE,19.8,423.29,8381.14,8381.142,2.3863102160415574e-7,https://allianceforcoffeeexcellence.org/peru-2019/
a9c5085d9aa7d8bf,Peru,2019,COE,2A,a9c5085d9aa7d8bf|COE|NA|2A,TRUE,30,396.83,11904.9,11904.9,0,https://allianceforcoffeeexcellence.org/peru-2019/
a9c5085d9aa7d8bf,Peru,2019,COE,2B,a9c5085d9aa7d8bf|COE|NA|2B,TRUE,30,394.63,11838.9,11838.9,0,https://allianceforcoffeeexcellence.org/peru-2019/
a9c5085d9aa7d8bf,Peru,2019,COE,3A,a9c5085d9aa7d8bf|COE|NA|3A,TRUE,12.6,462.97,5833.42,5833.4220000000005,3.428520491251193e-7,https://allianceforcoffeeexcellence.org/peru-2019/
a9c5085d9aa7d8bf,Peru,2019,COE,3B,a9c5085d9aa7d8bf|COE|NA|3B,TRUE,12.5,449.74,5621.75,5621.75,0,https://allianceforcoffeeexcellence.org/peru-2019/
a9c5085d9aa7d8bf,Peru,2019,COE,4,a9c5085d9aa7d8bf|COE|NA|4,TRUE,16,723.34,11573.44,11573.44,0,https://allianceforcoffeeexcellence.org/peru-2019/
a9c5085d9aa7d8bf,Peru,2019,COE,5,a9c5085d9aa7d8bf|COE|NA|5,TRUE,8.9,1168.45,10399.21,10399.205,4.808057534370058e-7,https://allianceforcoffeeexcellence.org/peru-2019/
a9c5085d9aa7d8bf,Peru,2019,COE,6,a9c5085d9aa7d8bf|COE|NA|6,TRUE,8.7,884.05,7691.24,7691.234999999999,6.500902326567152e-7,https://allianceforcoffeeexcellence.org/peru-2019/
a9c5085d9aa7d8bf,Peru,2019,COE,7,a9c5085d9aa7d8bf|COE|NA|7,TRUE,8.6,1110.03,9546.26,9546.258,2.0950613123961148e-7,https://allianceforcoffeeexcellence.org/peru-2019/
a9c5085d9aa7d8bf,Peru,2019,COE,8,a9c5085d9aa7d8bf|COE|NA|8,TRUE,8.4,814.61,6842.72,6842.724,5.845628638765597e-7,https://allianceforcoffeeexcellence.org/peru-2019/
a9c5085d9aa7d8bf,Peru,2019,COE,9,a9c5085d9aa7d8bf|COE|NA|9,TRUE,16.88,839.08,14163.67,14163.670399999999,2.824126790514726e-8,https://allianceforcoffeeexcellence.org/peru-2019/
a9c5085d9aa7d8bf,Peru,2019,COE,10,a9c5085d9aa7d8bf|COE|NA|10,TRUE,8.6,1216.95,10465.77,10465.77,0,https://allianceforcoffeeexcellence.org/peru-2019/
a9c5085d9aa7d8bf,Peru,2019,COE,11,a9c5085d9aa7d8bf|COE|NA|11,TRUE,8.21,1135.38,9321.47,9321.469800000003,2.145584299113385e-8,https://allianceforcoffeeexcellence.org/peru-2019/
a9c5085d9aa7d8bf,Peru,2019,COE,12,a9c5085d9aa7d8bf|COE|NA|12,TRUE,8.4,1027.35,8629.74,8629.74,0,https://allianceforcoffeeexcellence.org/peru-2019/
a9c5085d9aa7d8bf,Peru,2019,COE,13,a9c5085d9aa7d8bf|COE|NA|13,TRUE,11.4,648.16,7389.02,7389.023999999999,5.413437775233952e-7,https://allianceforcoffeeexcellence.org/peru-2019/
a9c5085d9aa7d8bf,Peru,2019,COE,14,a9c5085d9aa7d8bf|COE|NA|14,TRUE,11.8,727.52,8584.74,8584.736,4.6594305698203065e-7,https://allianceforcoffeeexcellence.org/peru-2019/
a9c5085d9aa7d8bf,Peru,2019,COE,15,a9c5085d9aa7d8bf|COE|NA|15,TRUE,11,1176.39,12940.29,12940.29,0,https://allianceforcoffeeexcellence.org/peru-2019/
a9c5085d9aa7d8bf,Peru,2019,COE,16,a9c5085d9aa7d8bf|COE|NA|16,TRUE,8.7,909.41,7911.87,7911.866999999999,3.7917710991348197e-7,https://allianceforcoffeeexcellence.org/peru-2019/
a9c5085d9aa7d8bf,Peru,2019,COE,17,a9c5085d9aa7d8bf|COE|NA|17,TRUE,8.3,998.25,8285.48,8285.475,6.034653392681709e-7,https://allianceforcoffeeexcellence.org/peru-2019/
a9c5085d9aa7d8bf,Peru,2019,COE,18,a9c5085d9aa7d8bf|COE|NA|18,TRUE,8.2,766.33,6283.91,6283.906,6.365463540861362e-7,https://allianceforcoffeeexcellence.org/peru-2019/
a9c5085d9aa7d8bf,Peru,2019,COE,19,a9c5085d9aa7d8bf|COE|NA|19,TRUE,8,1404.12,11232.96,11232.96,0,https://allianceforcoffeeexcellence.org/peru-2019/
a9c5085d9aa7d8bf,Peru,2019,COE,20,a9c5085d9aa7d8bf|COE|NA|20,TRUE,7.81,750.01,5857.58,5857.5781,3.2436603515533415e-7,https://allianceforcoffeeexcellence.org/peru-2019/
a9c5085d9aa7d8bf,Peru,2019,COE,21,a9c5085d9aa7d8bf|COE|NA|21,TRUE,7.85,988.55,7760.12,7760.117499999999,3.221599666640873e-7,https://allianceforcoffeeexcellence.org/peru-2019/
512074cd9f5e0fb3,Peru,2020,COE,1A,512074cd9f5e0fb3|COE|NA|1A,TRUE,51.1,442.85,22629.64,22629.635000000002,2.2094916213340801e-7,https://allianceforcoffeeexcellence.org/peru-2020/
512074cd9f5e0fb3,Peru,2020,COE,1B,512074cd9f5e0fb3|COE|NA|1B,TRUE,50.7,396.9,20122.83,20122.83,0,https://allianceforcoffeeexcellence.org/peru-2020/
512074cd9f5e0fb3,Peru,2020,COE,2,512074cd9f5e0fb3|COE|NA|2,TRUE,28.7,482.34,13843.16,13843.158,1.4447568332717772e-7,https://allianceforcoffeeexcellence.org/peru-2020/
512074cd9f5e0fb3,Peru,2020,COE,3,512074cd9f5e0fb3|COE|NA|3,TRUE,17.1,683.44,11686.82,11686.824000000002,3.422659031827218e-7,https://allianceforcoffeeexcellence.org/peru-2020/
512074cd9f5e0fb3,Peru,2020,COE,4,512074cd9f5e0fb3|COE|NA|4,TRUE,17.5,583.51,10211.43,10211.425,4.896473854316813e-7,https://allianceforcoffeeexcellence.org/peru-2020/
512074cd9f5e0fb3,Peru,2020,COE,5,512074cd9f5e0fb3|COE|NA|5,TRUE,23.1,630.87,14573.1,14573.097000000002,2.0585873964991602e-7,https://allianceforcoffeeexcellence.org/peru-2020/
512074cd9f5e0fb3,Peru,2020,COE,6,512074cd9f5e0fb3|COE|NA|6,TRUE,16.1,843.85,13585.99,13585.985000000002,3.680261797175366e-7,https://allianceforcoffeeexcellence.org/peru-2020/
512074cd9f5e0fb3,Peru,2020,COE,7,512074cd9f5e0fb3|COE|NA|7,TRUE,16,549.46,8791.36,8791.36,0,https://allianceforcoffeeexcellence.org/peru-2020/
512074cd9f5e0fb3,Peru,2020,COE,8,512074cd9f5e0fb3|COE|NA|8,TRUE,26,835.96,21734.96,21734.96,0,https://allianceforcoffeeexcellence.org/peru-2020/
512074cd9f5e0fb3,Peru,2020,COE,9,512074cd9f5e0fb3|COE|NA|9,TRUE,16.3,626.51,10212.11,10212.113000000001,2.9376886858946684e-7,https://allianceforcoffeeexcellence.org/peru-2020/
512074cd9f5e0fb3,Peru,2020,COE,10,512074cd9f5e0fb3|COE|NA|10,TRUE,29.4,700.62,20598.23,20598.228,9.709572135117695e-8,https://allianceforcoffeeexcellence.org/peru-2020/
512074cd9f5e0fb3,Peru,2020,COE,11,512074cd9f5e0fb3|COE|NA|11,TRUE,12.7,859.95,10921.37,10921.365,4.5781802109246675e-7,https://allianceforcoffeeexcellence.org/peru-2020/
512074cd9f5e0fb3,Peru,2020,COE,12,512074cd9f5e0fb3|COE|NA|12,TRUE,10.6,1212.9,12856.74,12856.74,0,https://allianceforcoffeeexcellence.org/peru-2020/
512074cd9f5e0fb3,Peru,2020,COE,13,512074cd9f5e0fb3|COE|NA|13,TRUE,17,661.5,11245.5,11245.5,0,https://allianceforcoffeeexcellence.org/peru-2020/
512074cd9f5e0fb3,Peru,2020,COE,14,512074cd9f5e0fb3|COE|NA|14,TRUE,11.1,648.56,7199.02,7199.015999999999,5.556311833727926e-7,https://allianceforcoffeeexcellence.org/peru-2020/
512074cd9f5e0fb3,Peru,2020,COE,15,512074cd9f5e0fb3|COE|NA|15,TRUE,11.1,593.74,6590.51,6590.514,6.069333025676939e-7,https://allianceforcoffeeexcellence.org/peru-2020/
512074cd9f5e0fb3,Peru,2020,COE,16,512074cd9f5e0fb3|COE|NA|16,TRUE,11.2,571.65,6402.48,6402.48,0,https://allianceforcoffeeexcellence.org/peru-2020/
512074cd9f5e0fb3,Peru,2020,COE,17,512074cd9f5e0fb3|COE|NA|17,TRUE,11,753.03,8283.33,8283.33,0,https://allianceforcoffeeexcellence.org/peru-2020/
512074cd9f5e0fb3,Peru,2020,COE,18,512074cd9f5e0fb3|COE|NA|18,TRUE,10,632.92,6329.2,6329.2,0,https://allianceforcoffeeexcellence.org/peru-2020/
512074cd9f5e0fb3,Peru,2020,COE,19,512074cd9f5e0fb3|COE|NA|19,TRUE,9.3,1187.17,11040.68,11040.681000000002,9.057413148671242e-8,https://allianceforcoffeeexcellence.org/peru-2020/
512074cd9f5e0fb3,Peru,2020,COE,20,512074cd9f5e0fb3|COE|NA|20,TRUE,14.1,684.21,9647.36,9647.361,1.0365530053856462e-7,https://allianceforcoffeeexcellence.org/peru-2020/
512074cd9f5e0fb3,Peru,2020,COE,21,512074cd9f5e0fb3|COE|NA|21,TRUE,8.9,631.29,5618.48,5618.481,1.7798408114004622e-7,https://allianceforcoffeeexcellence.org/peru-2020/
512074cd9f5e0fb3,Peru,2020,COE,22,512074cd9f5e0fb3|COE|NA|22,TRUE,10,868.99,8689.9,8689.9,0,https://allianceforcoffeeexcellence.org/peru-2020/
512074cd9f5e0fb3,Peru,2020,COE,23,512074cd9f5e0fb3|COE|NA|23,TRUE,9.5,1240.53,11785.04,11785.035,4.242666975265789e-7,https://allianceforcoffeeexcellence.org/peru-2020/
512074cd9f5e0fb3,Peru,2020,COE,24,512074cd9f5e0fb3|COE|NA|24,TRUE,12,760.73,9128.76,9128.76,0,https://allianceforcoffeeexcellence.org/peru-2020/
049e1f574d37b6f7,Peru,2021,COE,1A,049e1f574d37b6f7|COE|NA|1A,TRUE,54.6,330.69,18055.67,18055.674,2.2153705737947735e-7,https://allianceforcoffeeexcellence.org/peru-2021/
049e1f574d37b6f7,Peru,2021,COE,1B,049e1f574d37b6f7|COE|NA|1B,TRUE,50.4,352.08,17744.83,17744.832,1.127088846029787e-7,https://allianceforcoffeeexcellence.org/peru-2021/
049e1f574d37b6f7,Peru,2021,COE,2A,049e1f574d37b6f7|COE|NA|2A,TRUE,34.3,330.69,11342.67,11342.667,2.6448799097665543e-7,https://allianceforcoffeeexcellence.org/peru-2021/
049e1f574d37b6f7,Peru,2021,COE,2B,049e1f574d37b6f7|COE|NA|2B,TRUE,33.5,340.61,11410.44,11410.435000000001,4.381951966093897e-7,https://allianceforcoffeeexcellence.org/peru-2021/
049e1f574d37b6f7,Peru,2021,COE,3A,049e1f574d37b6f7|COE|NA|3A,TRUE,27.6,264.55,7301.58,7301.580000000001,1.2456135545634346e-16,https://allianceforcoffeeexcellence.org/peru-2021/
049e1f574d37b6f7,Peru,2021,COE,3B,049e1f574d37b6f7|COE|NA|3B,TRUE,27.7,297.62,8244.07,8244.074,4.85197238841362e-7,https://allianceforcoffeeexcellence.org/peru-2021/
049e1f574d37b6f7,Peru,2021,COE,4,049e1f574d37b6f7|COE|NA|4,TRUE,25.7,610.68,15694.48,15694.475999999999,2.548666792920127e-7,https://allianceforcoffeeexcellence.org/peru-2021/
049e1f574d37b6f7,Peru,2021,COE,5,049e1f574d37b6f7|COE|NA|5,TRUE,14,1640.96,22973.44,22973.440000000002,1.5835585820372191e-16,https://allianceforcoffeeexcellence.org/peru-2021/
049e1f574d37b6f7,Peru,2021,COE,6,049e1f574d37b6f7|COE|NA|6,TRUE,23.2,593.92,13778.94,13778.944,2.902980925235118e-7,https://allianceforcoffeeexcellence.org/peru-2021/
049e1f574d37b6f7,Peru,2021,COE,7,049e1f574d37b6f7|COE|NA|7,TRUE,20,595.25,11905,11905,0,https://allianceforcoffeeexcellence.org/peru-2021/
049e1f574d37b6f7,Peru,2021,COE,8,049e1f574d37b6f7|COE|NA|8,TRUE,26,626.55,16290.3,16290.3,0,https://allianceforcoffeeexcellence.org/peru-2021/
049e1f574d37b6f7,Peru,2021,COE,9,049e1f574d37b6f7|COE|NA|9,TRUE,32.1,686.32,22030.87,22030.872000000003,9.078170785109405e-8,https://allianceforcoffeeexcellence.org/peru-2021/
049e1f574d37b6f7,Peru,2021,COE,10,049e1f574d37b6f7|COE|NA|10,TRUE,20.2,809.07,16343.21,16343.214,2.447499604309623e-7,https://allianceforcoffeeexcellence.org/peru-2021/
049e1f574d37b6f7,Peru,2021,COE,11,049e1f574d37b6f7|COE|NA|11,TRUE,15.3,559.31,8557.44,8557.443,3.505721335810933e-7,https://allianceforcoffeeexcellence.org/peru-2021/
049e1f574d37b6f7,Peru,2021,COE,12,049e1f574d37b6f7|COE|NA|12,TRUE,11.3,615.64,6956.73,6956.732,2.87491393284985e-7,https://allianceforcoffeeexcellence.org/peru-2021/
049e1f574d37b6f7,Peru,2021,COE,13,049e1f574d37b6f7|COE|NA|13,TRUE,12,637.8,7653.6,7653.5999999999995,1.1883227523948576e-16,https://allianceforcoffeeexcellence.org/peru-2021/
049e1f574d37b6f7,Peru,2021,COE,14,049e1f574d37b6f7|COE|NA|14,TRUE,10.9,778.98,8490.88,8490.882,2.3554684560463153e-7,https://allianceforcoffeeexcellence.org/peru-2021/
049e1f574d37b6f7,Peru,2021,COE,15,049e1f574d37b6f7|COE|NA|15,TRUE,25.2,622.14,15677.93,15677.928,1.275678613444156e-7,https://allianceforcoffeeexcellence.org/peru-2021/
049e1f574d37b6f7,Peru,2021,COE,16,049e1f574d37b6f7|COE|NA|16,TRUE,10.1,645.07,6515.21,6515.207,4.604609827928318e-7,https://allianceforcoffeeexcellence.org/peru-2021/
049e1f574d37b6f7,Peru,2021,COE,17,049e1f574d37b6f7|COE|NA|17,TRUE,19.3,691.66,13349.04,13349.038,1.498235079382078e-7,https://allianceforcoffeeexcellence.org/peru-2021/
049e1f574d37b6f7,Peru,2021,COE,18,049e1f574d37b6f7|COE|NA|18,TRUE,12.7,922.63,11717.4,11717.401,8.534316488331258e-8,https://allianceforcoffeeexcellence.org/peru-2021/
049e1f574d37b6f7,Peru,2021,COE,19,049e1f574d37b6f7|COE|NA|19,TRUE,8.5,916.46,7789.91,7789.91,0,https://allianceforcoffeeexcellence.org/peru-2021/
049e1f574d37b6f7,Peru,2021,COE,20,049e1f574d37b6f7|COE|NA|20,TRUE,14.1,591.94,8346.35,8346.354000000001,4.792514093963118e-7,https://allianceforcoffeeexcellence.org/peru-2021/
049e1f574d37b6f7,Peru,2021,COE,21,049e1f574d37b6f7|COE|NA|21,TRUE,10.3,1622.91,16715.97,16715.973,1.7946909456114006e-7,https://allianceforcoffeeexcellence.org/peru-2021/
049e1f574d37b6f7,Peru,2021,COE,22,049e1f574d37b6f7|COE|NA|22,TRUE,12.1,611.78,7402.54,7402.538,2.7017753371240865e-7,https://allianceforcoffeeexcellence.org/peru-2021/
049e1f574d37b6f7,Peru,2021,COE,23,049e1f574d37b6f7|COE|NA|23,TRUE,15.3,545.8,8350.74,8350.74,0,https://allianceforcoffeeexcellence.org/peru-2021/
049e1f574d37b6f7,Peru,2021,COE,24,049e1f574d37b6f7|COE|NA|24,TRUE,15.4,652.28,10045.11,10045.112,1.9910185140714877e-7,https://allianceforcoffeeexcellence.org/peru-2021/
3f24f65f0fcace40,Peru,2022,COE,1A,3f24f65f0fcace40|COE|NA|1A,TRUE,75,363.76,27282,27282,0,https://allianceforcoffeeexcellence.org/peru-2022/
3f24f65f0fcace40,Peru,2022,COE,1B,3f24f65f0fcace40|COE|NA|1B,TRUE,78.5,264.55,20767.18,20767.175,2.407645140562481e-7,https://allianceforcoffeeexcellence.org/peru-2022/
3f24f65f0fcace40,Peru,2022,COE,2A,3f24f65f0fcace40|COE|NA|2A,TRUE,30.4,381.66,11602.46,11602.464,3.4475447455237146e-7,https://allianceforcoffeeexcellence.org/peru-2022/
3f24f65f0fcace40,Peru,2022,COE,2B,3f24f65f0fcace40|COE|NA|2B,TRUE,30.3,264.55,8015.56,8015.865000000001,3.8050990822885866e-5,https://allianceforcoffeeexcellence.org/peru-2022/
3f24f65f0fcace40,Peru,2022,COE,3A,3f24f65f0fcace40|COE|NA|3A,TRUE,30.1,306.13,9214.51,9214.513,3.2557347060355683e-7,https://allianceforcoffeeexcellence.org/peru-2022/
3f24f65f0fcace40,Peru,2022,COE,3B,3f24f65f0fcace40|COE|NA|3B,TRUE,31.5,264.55,8333.33,8333.325,6.000002399040533e-7,https://allianceforcoffeeexcellence.org/peru-2022/
3f24f65f0fcace40,Peru,2022,COE,4,3f24f65f0fcace40|COE|NA|4,TRUE,15.9,595.25,9464.48,9464.475,5.282910417898971e-7,https://allianceforcoffeeexcellence.org/peru-2022/
3f24f65f0fcace40,Peru,2022,COE,5,3f24f65f0fcace40|COE|NA|5,TRUE,13.7,584.82,8012.03,8012.034000000001,4.992492540361067e-7,https://allianceforcoffeeexcellence.org/peru-2022/
3f24f65f0fcace40,Peru,2022,COE,6,3f24f65f0fcace40|COE|NA|6,TRUE,20.2,637.25,12872.45,12872.449999999999,1.4130871773018005e-16,https://allianceforcoffeeexcellence.org/peru-2022/
3f24f65f0fcace40,Peru,2022,COE,7,3f24f65f0fcace40|COE|NA|7,TRUE,12,591.79,7101.48,7101.48,0,https://allianceforcoffeeexcellence.org/peru-2022/
3f24f65f0fcace40,Peru,2022,COE,8,3f24f65f0fcace40|COE|NA|8,TRUE,20.2,631.78,12761.96,12761.955999999998,3.134314792410341e-7,https://allianceforcoffeeexcellence.org/peru-2022/
3f24f65f0fcace40,Peru,2022,COE,9,3f24f65f0fcace40|COE|NA|9,TRUE,15.6,595.25,9285.9,9285.9,0,https://allianceforcoffeeexcellence.org/peru-2022/
3f24f65f0fcace40,Peru,2022,COE,10,3f24f65f0fcace40|COE|NA|10,TRUE,15.1,556.34,8400.73,8400.734,4.7614909666361224e-7,https://allianceforcoffeeexcellence.org/peru-2022/
3f24f65f0fcace40,Peru,2022,COE,11,3f24f65f0fcace40|COE|NA|11,TRUE,15.1,595.25,8988.28,8988.275,5.562799557889423e-7,https://allianceforcoffeeexcellence.org/peru-2022/
3f24f65f0fcace40,Peru,2022,COE,12,3f24f65f0fcace40|COE|NA|12,TRUE,15,621.92,9328.8,9328.8,0,https://allianceforcoffeeexcellence.org/peru-2022/
3f24f65f0fcace40,Peru,2022,COE,13,3f24f65f0fcace40|COE|NA|13,TRUE,15,636.78,9551.7,9551.699999999999,1.9043619497532967e-16,https://allianceforcoffeeexcellence.org/peru-2022/
3f24f65f0fcace40,Peru,2022,COE,14,3f24f65f0fcace40|COE|NA|14,TRUE,11.9,706.6,8408.54,8408.54,0,https://allianceforcoffeeexcellence.org/peru-2022/
3f24f65f0fcace40,Peru,2022,COE,15,3f24f65f0fcace40|COE|NA|15,TRUE,10.8,675.54,7295.83,7295.832,2.741291944038517e-7,https://allianceforcoffeeexcellence.org/peru-2022/
3f24f65f0fcace40,Peru,2022,COE,16,3f24f65f0fcace40|COE|NA|16,TRUE,11.1,618.22,6862.13,6862.242,1.632146286941227e-5,https://allianceforcoffeeexcellence.org/peru-2022/
3f24f65f0fcace40,Peru,2022,COE,17,3f24f65f0fcace40|COE|NA|17,TRUE,11.9,595.25,7083.48,7083.475,7.058677372138617e-7,https://allianceforcoffeeexcellence.org/peru-2022/
3f24f65f0fcace40,Peru,2022,COE,18,3f24f65f0fcace40|COE|NA|18,TRUE,13.7,620.51,8500.99,8500.987,3.529000740632774e-7,https://allianceforcoffeeexcellence.org/peru-2022/
3f24f65f0fcace40,Peru,2022,COE,19,3f24f65f0fcace40|COE|NA|19,TRUE,12.1,659.49,7979.83,7979.829,1.2531595287164348e-7,https://allianceforcoffeeexcellence.org/peru-2022/
3f24f65f0fcace40,Peru,2022,COE,20,3f24f65f0fcace40|COE|NA|20,TRUE,12,783.83,9405.96,9405.960000000001,1.9338689549454352e-16,https://allianceforcoffeeexcellence.org/peru-2022/
3f24f65f0fcace40,Peru,2022,COE,21,3f24f65f0fcace40|COE|NA|21,TRUE,15.1,575.82,8694.88,8694.882000000001,2.3002042606987598e-7,https://allianceforcoffeeexcellence.org/peru-2022/
3f24f65f0fcace40,Peru,2022,COE,22,3f24f65f0fcace40|COE|NA|22,TRUE,12.1,706.23,8545.38,8545.383,3.510668923571779e-7,https://allianceforcoffeeexcellence.org/peru-2022/
3f24f65f0fcace40,Peru,2022,COE,23,3f24f65f0fcace40|COE|NA|23,TRUE,15.1,608.28,9185.03,9185.028,2.1774561437550596e-7,https://allianceforcoffeeexcellence.org/peru-2022/
3f24f65f0fcace40,Peru,2022,COE,24,3f24f65f0fcace40|COE|NA|24,TRUE,15.1,411.49,6213.5,6213.499,1.6093988898426438e-7,https://allianceforcoffeeexcellence.org/peru-2022/
3f24f65f0fcace40,Peru,2022,COE,25,3f24f65f0fcace40|COE|NA|25,TRUE,12.1,595.25,7202.53,7202.525,6.942005101136878e-7,https://allianceforcoffeeexcellence.org/peru-2022/
3f24f65f0fcace40,Peru,2022,COE,26,3f24f65f0fcace40|COE|NA|26,TRUE,12.4,619.5,7681.68,7681.8,1.5621582778752937e-5,https://allianceforcoffeeexcellence.org/peru-2022/
3f24f65f0fcace40,Peru,2022,COE,27,3f24f65f0fcace40|COE|NA|27,TRUE,12.1,529.11,6402.11,6402.231,1.8900018900033677e-5,https://allianceforcoffeeexcellence.org/peru-2022/
3f24f65f0fcace40,Peru,2022,COE,28,3f24f65f0fcace40|COE|NA|28,TRUE,9,621.7,5595.21,5595.3,1.6085187151178512e-5,https://allianceforcoffeeexcellence.org/peru-2022/
3f24f65f0fcace40,Peru,2022,COE,29,3f24f65f0fcace40|COE|NA|29,TRUE,12.1,616.94,7464.97,7464.974,5.358360448743146e-7,https://allianceforcoffeeexcellence.org/peru-2022/
3eba8775b8710914,Peru,2023,COE,1A,3eba8775b8710914|COE|NA|1A,TRUE,80.2,330.69,26521.34,26521.338,7.541097095423736e-8,https://allianceforcoffeeexcellence.org/peru-2023/
3eba8775b8710914,Peru,2023,COE,1B,3eba8775b8710914|COE|NA|1B,TRUE,80.3,327.54,26301.46,26301.462,7.604140608192296e-8,https://allianceforcoffeeexcellence.org/peru-2023/
3eba8775b8710914,Peru,2023,COE,2A,3eba8775b8710914|COE|NA|2A,TRUE,44.8,396.83,17777.98,17777.983999999997,2.249974404953166e-7,https://allianceforcoffeeexcellence.org/peru-2023/
3eba8775b8710914,Peru,2023,COE,2B,3eba8775b8710914|COE|NA|2B,TRUE,44.1,388.76,17144.32,17144.316,2.3331342396869093e-7,https://allianceforcoffeeexcellence.org/peru-2023/
3eba8775b8710914,Peru,2023,COE,3A,3eba8775b8710914|COE|NA|3A,TRUE,60.1,330.69,19874.47,19874.469,5.031580717391341e-8,https://allianceforcoffeeexcellence.org/peru-2023/
3eba8775b8710914,Peru,2023,COE,3B,3eba8775b8710914|COE|NA|3B,TRUE,62.55,286.6,17926.83,17926.83,0,https://allianceforcoffeeexcellence.org/peru-2023/
3eba8775b8710914,Peru,2023,COE,4,3eba8775b8710914|COE|NA|4,TRUE,25.4,595.25,15119.35,15119.349999999999,1.203087039817093e-16,https://allianceforcoffeeexcellence.org/peru-2023/
3eba8775b8710914,Peru,2023,COE,5,3eba8775b8710914|COE|NA|5,TRUE,19,586.58,11145.02,11145.02,0,https://allianceforcoffeeexcellence.org/peru-2023/
3eba8775b8710914,Peru,2023,COE,6,3eba8775b8710914|COE|NA|6,TRUE,23,635.37,14613.51,14613.51,0,https://allianceforcoffeeexcellence.org/peru-2023/
3eba8775b8710914,Peru,2023,COE,7,3eba8775b8710914|COE|NA|7,TRUE,18,1124.36,20238.48,20238.48,0,https://allianceforcoffeeexcellence.org/peru-2023/
3eba8775b8710914,Peru,2023,COE,8,3eba8775b8710914|COE|NA|8,TRUE,24,767.55,18421.2,18421.199999999997,1.974886981896789e-16,https://allianceforcoffeeexcellence.org/peru-2023/
3eba8775b8710914,Peru,2023,COE,9,3eba8775b8710914|COE|NA|9,TRUE,21.95,650.36,14275.4,14275.402,1.401011530610318e-7,https://allianceforcoffeeexcellence.org/peru-2023/
3eba8775b8710914,Peru,2023,COE,10,3eba8775b8710914|COE|NA|10,TRUE,15.1,657.87,9933.84,9933.837,3.0199801895452115e-7,https://allianceforcoffeeexcellence.org/peru-2023/
3eba8775b8710914,Peru,2023,COE,11,3eba8775b8710914|COE|NA|11,TRUE,19.1,529.11,10106,10106.001,9.895111816779407e-8,https://allianceforcoffeeexcellence.org/peru-2023/
3eba8775b8710914,Peru,2023,COE,12,3eba8775b8710914|COE|NA|12,TRUE,14,661.39,9259.46,9259.46,0,https://allianceforcoffeeexcellence.org/peru-2023/
3eba8775b8710914,Peru,2023,COE,13,3eba8775b8710914|COE|NA|13,TRUE,14.6,636,9285.6,9285.6,0,https://allianceforcoffeeexcellence.org/peru-2023/
3eba8775b8710914,Peru,2023,COE,14,3eba8775b8710914|COE|NA|14,TRUE,16.7,577.32,9641.24,9641.244,4.1488439254856296e-7,https://allianceforcoffeeexcellence.org/peru-2023/
3eba8775b8710914,Peru,2023,COE,15,3eba8775b8710914|COE|NA|15,TRUE,15.3,589.78,9023.63,9023.634,4.4328058672783656e-7,https://allianceforcoffeeexcellence.org/peru-2023/
3eba8775b8710914,Peru,2023,COE,16,3eba8775b8710914|COE|NA|16,TRUE,13.5,661.39,8928.77,8928.765,5.599875459910642e-7,https://allianceforcoffeeexcellence.org/peru-2023/
3eba8775b8710914,Peru,2023,COE,17,3eba8775b8710914|COE|NA|17,TRUE,15.6,617.82,9637.99,9637.992,2.0751214728459499e-7,https://allianceforcoffeeexcellence.org/peru-2023/
3eba8775b8710914,Peru,2023,COE,18,3eba8775b8710914|COE|NA|18,TRUE,16.2,986.52,15981.62,15981.624,2.502875177232294e-7,https://allianceforcoffeeexcellence.org/peru-2023/
3eba8775b8710914,Peru,2023,COE,19,3eba8775b8710914|COE|NA|19,TRUE,15.1,595.25,8988.28,8988.275,5.562799557889423e-7,https://allianceforcoffeeexcellence.org/peru-2023/
3eba8775b8710914,Peru,2023,COE,20,3eba8775b8710914|COE|NA|20,TRUE,17.5,584.22,10223.85,10223.85,0,https://allianceforcoffeeexcellence.org/peru-2023/
3eba8775b8710914,Peru,2023,COE,21,3eba8775b8710914|COE|NA|21,TRUE,22.7,783.24,17779.55,17779.548,1.1248878629703529e-7,https://allianceforcoffeeexcellence.org/peru-2023/
3eba8775b8710914,Peru,2023,COE,22,3eba8775b8710914|COE|NA|22,TRUE,16.8,617.29,10370.47,10370.472,1.928552901081102e-7,https://allianceforcoffeeexcellence.org/peru-2023/
3eba8775b8710914,Peru,2023,COE,23,3eba8775b8710914|COE|NA|23,TRUE,13.35,621.61,8298.49,8298.4935,4.217634775378465e-7,https://allianceforcoffeeexcellence.org/peru-2023/
3eba8775b8710914,Peru,2023,COE,24,3eba8775b8710914|COE|NA|24,TRUE,11.4,629.2,7172.88,7172.880000000001,1.2679630800639746e-16,https://allianceforcoffeeexcellence.org/peru-2023/
3eba8775b8710914,Peru,2023,COE,25,3eba8775b8710914|COE|NA|25,TRUE,13.3,711.37,9461.22,9461.221000000001,1.0569461465040621e-7,https://allianceforcoffeeexcellence.org/peru-2023/
3eba8775b8710914,Peru,2023,COE,26,3eba8775b8710914|COE|NA|26,TRUE,16.4,618.18,10138.15,10138.151999999998,1.972746505613415e-7,https://allianceforcoffeeexcellence.org/peru-2023/
3eba8775b8710914,Peru,2023,COE,27,3eba8775b8710914|COE|NA|27,TRUE,15.3,655.7,10032.21,10032.210000000001,1.8131492498122115e-16,https://allianceforcoffeeexcellence.org/peru-2023/
3eba8775b8710914,Peru,2023,COE,28,3eba8775b8710914|COE|NA|28,TRUE,13.5,633.12,8547.12,8547.12,0,https://allianceforcoffeeexcellence.org/peru-2023/
3eba8775b8710914,Peru,2023,COE,29,3eba8775b8710914|COE|NA|29,TRUE,15.9,716.5,11392.35,11392.35,0,https://allianceforcoffeeexcellence.org/peru-2023/
3eba8775b8710914,Peru,2023,COE,30,3eba8775b8710914|COE|NA|30,TRUE,11.6,650.36,7544.18,7544.1759999999995,5.302100428164369e-7,https://allianceforcoffeeexcellence.org/peru-2023/
d9e938f39eb3880a,Peru,2024,COE,1A,d9e938f39eb3880a|COE|NA|1A,TRUE,72.2,330.69,23875.82,23875.818,8.376675650961741e-8,https://allianceforcoffeeexcellence.org/peru-2024/
d9e938f39eb3880a,Peru,2024,COE,1B,d9e938f39eb3880a|COE|NA|1B,TRUE,72,286.6,20635.2,20635.2,0,https://allianceforcoffeeexcellence.org/peru-2024/
d9e938f39eb3880a,Peru,2024,COE,3,d9e938f39eb3880a|COE|NA|3,TRUE,44,617.29,27160.76,27160.76,0,https://allianceforcoffeeexcellence.org/peru-2024/
d9e938f39eb3880a,Peru,2024,COE,6,d9e938f39eb3880a|COE|NA|6,TRUE,25.9,644.85,16701.62,16701.614999999998,2.993721567739318e-7,https://allianceforcoffeeexcellence.org/peru-2024/
d9e938f39eb3880a,Peru,2024,COE,8,d9e938f39eb3880a|COE|NA|8,TRUE,25.7,619.49,15920.89,15920.893,1.8843167691072426e-7,https://allianceforcoffeeexcellence.org/peru-2024/
d9e938f39eb3880a,Peru,2024,COE,9,d9e938f39eb3880a|COE|NA|9,TRUE,30,595.24,17857.2,17857.2,0,https://allianceforcoffeeexcellence.org/peru-2024/
d9e938f39eb3880a,Peru,2024,COE,10,d9e938f39eb3880a|COE|NA|10,TRUE,23,595.24,13690.52,13690.52,0,https://allianceforcoffeeexcellence.org/peru-2024/
d9e938f39eb3880a,Peru,2024,COE,12,d9e938f39eb3880a|COE|NA|12,TRUE,24.8,610.67,15144.62,15144.616,2.641201958725215e-7,https://allianceforcoffeeexcellence.org/peru-2024/
d9e938f39eb3880a,Peru,2024,COE,14,d9e938f39eb3880a|COE|NA|14,TRUE,19.1,793.66,15158.91,15158.906,2.6387121494856277e-7,https://allianceforcoffeeexcellence.org/peru-2024/
d9e938f39eb3880a,Peru,2024,COE,15,d9e938f39eb3880a|COE|NA|15,TRUE,20.3,639.33,12978.4,12978.399000000001,7.705110016525438e-8,https://allianceforcoffeeexcellence.org/peru-2024/
d9e938f39eb3880a,Peru,2024,COE,16,d9e938f39eb3880a|COE|NA|16,TRUE,22.1,595.24,13154.8,13154.804000000002,3.040715178211677e-7,https://allianceforcoffeeexcellence.org/peru-2024/
d9e938f39eb3880a,Peru,2024,COE,17,d9e938f39eb3880a|COE|NA|17,TRUE,17.4,727.52,12658.85,12658.847999999998,1.5799223485754574e-7,https://allianceforcoffeeexcellence.org/peru-2024/
d9e938f39eb3880a,Peru,2024,COE,21,d9e938f39eb3880a|COE|NA|21,TRUE,17.3,595.24,10297.65,10297.652,1.9421906943889662e-7,https://allianceforcoffeeexcellence.org/peru-2024/
d9e938f39eb3880a,Peru,2024,COE,23,d9e938f39eb3880a|COE|NA|23,TRUE,18.1,661.38,11970.98,11970.978000000001,1.6707069918991296e-7,https://allianceforcoffeeexcellence.org/peru-2024/
d9e938f39eb3880a,Peru,2024,COE,24,d9e938f39eb3880a|COE|NA|24,TRUE,17.2,661.38,11375.74,11375.735999999999,3.5162547674392234e-7,https://allianceforcoffeeexcellence.org/peru-2024/
d9e938f39eb3880a,Peru,2024,COE,25,d9e938f39eb3880a|COE|NA|25,TRUE,18.05,595.24,10744.08,10744.082,1.8614902350014647e-7,https://allianceforcoffeeexcellence.org/peru-2024/
216beb519b06ab27,Peru,2025,COE,1A,216beb519b06ab27|COE|NA|1A,TRUE,80.1,330.75,26493.08,26493.074999999997,1.8872852853109615e-7,https://allianceforcoffeeexcellence.org/peru-2025/
216beb519b06ab27,Peru,2025,COE,1B,216beb519b06ab27|COE|NA|1B,TRUE,80.1,297.68,23844.17,23844.167999999998,8.387794586297002e-8,https://allianceforcoffeeexcellence.org/peru-2025/
216beb519b06ab27,Peru,2025,COE,2A,216beb519b06ab27|COE|NA|2A,TRUE,60,330.75,19845,19845,0,https://allianceforcoffeeexcellence.org/peru-2025/
216beb519b06ab27,Peru,2025,COE,2B,216beb519b06ab27|COE|NA|2B,TRUE,69,231.53,15975.57,15975.57,0,https://allianceforcoffeeexcellence.org/peru-2025/
216beb519b06ab27,Peru,2025,COE,3,216beb519b06ab27|COE|NA|3,TRUE,46.1,654.89,30190.43,30190.429,3.3123079075181334e-8,https://allianceforcoffeeexcellence.org/peru-2025/
216beb519b06ab27,Peru,2025,COE,4,216beb519b06ab27|COE|NA|4,TRUE,31.1,529.2,16458.12,16458.120000000003,2.2104461549020866e-16,https://allianceforcoffeeexcellence.org/peru-2025/
216beb519b06ab27,Peru,2025,COE,5,216beb519b06ab27|COE|NA|5,TRUE,32.7,628.43,20549.66,20549.661,4.86626056199337e-8,https://allianceforcoffeeexcellence.org/peru-2025/
216beb519b06ab27,Peru,2025,COE,6,216beb519b06ab27|COE|NA|6,TRUE,32.3,615.2,19870.96,19870.96,0,https://allianceforcoffeeexcellence.org/peru-2025/
216beb519b06ab27,Peru,2025,COE,7,216beb519b06ab27|COE|NA|7,TRUE,36.3,679.14,24652.78,24652.782,8.112675326707388e-8,https://allianceforcoffeeexcellence.org/peru-2025/
216beb519b06ab27,Peru,2025,COE,8,216beb519b06ab27|COE|NA|8,TRUE,30.1,652.68,19645.67,19645.667999999998,1.0180360356289472e-7,https://allianceforcoffeeexcellence.org/peru-2025/
216beb519b06ab27,Peru,2025,COE,9,216beb519b06ab27|COE|NA|9,TRUE,18.4,529.2,9737.28,9737.28,0,https://allianceforcoffeeexcellence.org/peru-2025/
216beb519b06ab27,Peru,2025,COE,10,216beb519b06ab27|COE|NA|10,TRUE,20.1,661.5,13296.15,13296.150000000001,1.3680572222379084e-16,https://allianceforcoffeeexcellence.org/peru-2025/
216beb519b06ab27,Peru,2025,COE,11,216beb519b06ab27|COE|NA|11,TRUE,21.2,608.58,12901.9,12901.896,3.1003185569535633e-7,https://allianceforcoffeeexcellence.org/peru-2025/
216beb519b06ab27,Peru,2025,COE,12,216beb519b06ab27|COE|NA|12,TRUE,24,661.5,15876,15876,0,https://allianceforcoffeeexcellence.org/peru-2025/
216beb519b06ab27,Peru,2025,COE,13,216beb519b06ab27|COE|NA|13,TRUE,20,646.07,12921.4,12921.400000000001,1.4077339944169025e-16,https://allianceforcoffeeexcellence.org/peru-2025/
216beb519b06ab27,Peru,2025,COE,14,216beb519b06ab27|COE|NA|14,TRUE,19.2,710.01,13632.19,13632.192,1.467115700843712e-7,https://allianceforcoffeeexcellence.org/peru-2025/
216beb519b06ab27,Peru,2025,COE,15,216beb519b06ab27|COE|NA|15,TRUE,23.2,608.58,14119.06,14119.056,2.83304979155547e-7,https://allianceforcoffeeexcellence.org/peru-2025/
216beb519b06ab27,Peru,2025,COE,16,216beb519b06ab27|COE|NA|16,TRUE,16.9,612.99,10359.53,10359.530999999999,9.652947560214965e-8,https://allianceforcoffeeexcellence.org/peru-2025/
216beb519b06ab27,Peru,2025,COE,17,216beb519b06ab27|COE|NA|17,TRUE,18.2,595.35,10835.37,10835.37,0,https://allianceforcoffeeexcellence.org/peru-2025/
216beb519b06ab27,Peru,2025,COE,18,216beb519b06ab27|COE|NA|18,TRUE,14.3,882,12612.6,12612.6,0,https://allianceforcoffeeexcellence.org/peru-2025/
216beb519b06ab27,Peru,2025,COE,19,216beb519b06ab27|COE|NA|19,TRUE,24,882,21168,21168,0,https://allianceforcoffeeexcellence.org/peru-2025/
216beb519b06ab27,Peru,2025,COE,20,216beb519b06ab27|COE|NA|20,TRUE,20.6,643.86,13263.52,13263.516000000001,3.015790679243457e-7,https://allianceforcoffeeexcellence.org/peru-2025/
216beb519b06ab27,Peru,2025,COE,21,216beb519b06ab27|COE|NA|21,TRUE,20.5,595.35,12204.68,12204.675000000001,4.096789099918756e-7,https://allianceforcoffeeexcellence.org/peru-2025/
216beb519b06ab27,Peru,2025,COE,22,216beb519b06ab27|COE|NA|22,TRUE,20.6,608.58,12536.75,12536.748000000001,1.5953097880937757e-7,https://allianceforcoffeeexcellence.org/peru-2025/
216beb519b06ab27,Peru,2025,COE,23,216beb519b06ab27|COE|NA|23,TRUE,18.2,641.66,11678.21,11678.212,1.712591227942856e-7,https://allianceforcoffeeexcellence.org/peru-2025/
216beb519b06ab27,Peru,2025,COE,24,216beb519b06ab27|COE|NA|24,TRUE,16.6,694.58,11530.03,11530.028000000002,1.7346008627804647e-7,https://allianceforcoffeeexcellence.org/peru-2025/
216beb519b06ab27,Peru,2025,COE,25,216beb519b06ab27|COE|NA|25,TRUE,18.1,617.4,11174.94,11174.94,0,https://allianceforcoffeeexcellence.org/peru-2025/
216beb519b06ab27,Peru,2025,COE,26,216beb519b06ab27|COE|NA|26,TRUE,16.8,716.63,12039.38,12039.384,3.3224302254891093e-7,https://allianceforcoffeeexcellence.org/peru-2025/
216beb519b06ab27,Peru,2025,COE,27,216beb519b06ab27|COE|NA|27,TRUE,11.5,595.35,6846.53,6846.5250000000005,7.302969532302707e-7,https://allianceforcoffeeexcellence.org/peru-2025/
216beb519b06ab27,Peru,2025,COE,28,216beb519b06ab27|COE|NA|28,TRUE,20.2,612.99,12382.4,12382.398,1.61519576205538e-7,https://allianceforcoffeeexcellence.org/peru-2025/
216beb519b06ab27,Peru,2025,COE,29,216beb519b06ab27|COE|NA|29,TRUE,18.1,542.43,9817.98,9817.983,3.0556183661111355e-7,https://allianceforcoffeeexcellence.org/peru-2025/
216beb519b06ab27,Peru,2025,COE,30,216beb519b06ab27|COE|NA|30,TRUE,20.2,608.58,12293.32,12293.316,3.253799623694753e-7,https://allianceforcoffeeexcellence.org/peru-2025/
69a12e0f55740ef8,Rwanda,2008,COE,1,69a12e0f55740ef8|COE|NA|1,TRUE,18,NA,52381.83,NA,NA,https://allianceforcoffeeexcellence.org/rwanda-2008/
69a12e0f55740ef8,Rwanda,2008,COE,2,69a12e0f55740ef8|COE|NA|2,TRUE,16.05,NA,38214.93,NA,NA,https://allianceforcoffeeexcellence.org/rwanda-2008/
69a12e0f55740ef8,Rwanda,2008,COE,3,69a12e0f55740ef8|COE|NA|3,TRUE,8.02,NA,21217.29,NA,NA,https://allianceforcoffeeexcellence.org/rwanda-2008/
69a12e0f55740ef8,Rwanda,2008,COE,4,69a12e0f55740ef8|COE|NA|4,TRUE,8.55,NA,18095.54,NA,NA,https://allianceforcoffeeexcellence.org/rwanda-2008/
69a12e0f55740ef8,Rwanda,2008,COE,5,69a12e0f55740ef8|COE|NA|5,TRUE,15,NA,33730.73,NA,NA,https://allianceforcoffeeexcellence.org/rwanda-2008/
69a12e0f55740ef8,Rwanda,2008,COE,6,69a12e0f55740ef8|COE|NA|6,TRUE,12.05,NA,30284.9,NA,NA,https://allianceforcoffeeexcellence.org/rwanda-2008/
69a12e0f55740ef8,Rwanda,2008,COE,7,69a12e0f55740ef8|COE|NA|7,TRUE,6.4,NA,15238.35,NA,NA,https://allianceforcoffeeexcellence.org/rwanda-2008/
69a12e0f55740ef8,Rwanda,2008,COE,8,69a12e0f55740ef8|COE|NA|8,TRUE,9.15,NA,18155.07,NA,NA,https://allianceforcoffeeexcellence.org/rwanda-2008/
69a12e0f55740ef8,Rwanda,2008,COE,9,69a12e0f55740ef8|COE|NA|9,TRUE,6.05,NA,16805.84,NA,NA,https://allianceforcoffeeexcellence.org/rwanda-2008/
69a12e0f55740ef8,Rwanda,2008,COE,10,69a12e0f55740ef8|COE|NA|10,TRUE,6,NA,15873.28,NA,NA,https://allianceforcoffeeexcellence.org/rwanda-2008/
69a12e0f55740ef8,Rwanda,2008,COE,11,69a12e0f55740ef8|COE|NA|11,TRUE,6.05,NA,15205.28,NA,NA,https://allianceforcoffeeexcellence.org/rwanda-2008/
69a12e0f55740ef8,Rwanda,2008,COE,12,69a12e0f55740ef8|COE|NA|12,TRUE,6.2,NA,12301.79,NA,NA,https://allianceforcoffeeexcellence.org/rwanda-2008/
69a12e0f55740ef8,Rwanda,2008,COE,13,69a12e0f55740ef8|COE|NA|13,TRUE,5.55,NA,14682.79,NA,NA,https://allianceforcoffeeexcellence.org/rwanda-2008/
69a12e0f55740ef8,Rwanda,2008,COE,14,69a12e0f55740ef8|COE|NA|14,TRUE,6,NA,14285.95,NA,NA,https://allianceforcoffeeexcellence.org/rwanda-2008/
69a12e0f55740ef8,Rwanda,2008,COE,15,69a12e0f55740ef8|COE|NA|15,TRUE,7.55,NA,15979.1,NA,NA,https://allianceforcoffeeexcellence.org/rwanda-2008/
69a12e0f55740ef8,Rwanda,2008,COE,16,69a12e0f55740ef8|COE|NA|16,TRUE,5.25,NA,11805.75,NA,NA,https://allianceforcoffeeexcellence.org/rwanda-2008/
69a12e0f55740ef8,Rwanda,2008,COE,17,69a12e0f55740ef8|COE|NA|17,TRUE,5.55,NA,13948.65,NA,NA,https://allianceforcoffeeexcellence.org/rwanda-2008/
69a12e0f55740ef8,Rwanda,2008,COE,18,69a12e0f55740ef8|COE|NA|18,TRUE,7.3,NA,17381.24,NA,NA,https://allianceforcoffeeexcellence.org/rwanda-2008/
69a12e0f55740ef8,Rwanda,2008,COE,19,69a12e0f55740ef8|COE|NA|19,TRUE,8.1,NA,16071.7,NA,NA,https://allianceforcoffeeexcellence.org/rwanda-2008/
69a12e0f55740ef8,Rwanda,2008,COE,20,69a12e0f55740ef8|COE|NA|20,TRUE,6.2,NA,18042.63,NA,NA,https://allianceforcoffeeexcellence.org/rwanda-2008/
69a12e0f55740ef8,Rwanda,2008,COE,21,69a12e0f55740ef8|COE|NA|21,TRUE,4.35,NA,9206.5,NA,NA,https://allianceforcoffeeexcellence.org/rwanda-2008/
69a12e0f55740ef8,Rwanda,2008,COE,22,69a12e0f55740ef8|COE|NA|22,TRUE,5.75,NA,12169.52,NA,NA,https://allianceforcoffeeexcellence.org/rwanda-2008/
69a12e0f55740ef8,Rwanda,2008,COE,23,69a12e0f55740ef8|COE|NA|23,TRUE,6.35,NA,15119.3,NA,NA,https://allianceforcoffeeexcellence.org/rwanda-2008/
69a12e0f55740ef8,Rwanda,2008,COE,24,69a12e0f55740ef8|COE|NA|24,TRUE,4.2,NA,8889.04,NA,NA,https://allianceforcoffeeexcellence.org/rwanda-2008/
ad438a1492b82749,Rwanda,2010,COE,1,ad438a1492b82749|COE|NA|1,TRUE,23.61,NA,48407.58,NA,NA,https://allianceforcoffeeexcellence.org/rwanda-2010/
ad438a1492b82749,Rwanda,2010,COE,2,ad438a1492b82749|COE|NA|2,TRUE,13,NA,28086.89,NA,NA,https://allianceforcoffeeexcellence.org/rwanda-2010/
ad438a1492b82749,Rwanda,2010,COE,3,ad438a1492b82749|COE|NA|3,TRUE,13.05,NA,27044.17,NA,NA,https://allianceforcoffeeexcellence.org/rwanda-2010/
ad438a1492b82749,Rwanda,2010,COE,4,ad438a1492b82749|COE|NA|4,TRUE,10.65,NA,22774.81,NA,NA,https://allianceforcoffeeexcellence.org/rwanda-2010/
ad438a1492b82749,Rwanda,2010,COE,5,ad438a1492b82749|COE|NA|5,TRUE,7.6,NA,22787,NA,NA,https://allianceforcoffeeexcellence.org/rwanda-2010/
ad438a1492b82749,Rwanda,2010,COE,6,ad438a1492b82749|COE|NA|6,TRUE,8.4,NA,17407.74,NA,NA,https://allianceforcoffeeexcellence.org/rwanda-2010/
ad438a1492b82749,Rwanda,2010,COE,7,ad438a1492b82749|COE|NA|7,TRUE,8.15,NA,17248.99,NA,NA,https://allianceforcoffeeexcellence.org/rwanda-2010/
ad438a1492b82749,Rwanda,2010,COE,8,ad438a1492b82749|COE|NA|8,TRUE,9.55,NA,21685.76,NA,NA,https://allianceforcoffeeexcellence.org/rwanda-2010/
ad438a1492b82749,Rwanda,2010,COE,9,ad438a1492b82749|COE|NA|9,TRUE,7.65,NA,14166.88,NA,NA,https://allianceforcoffeeexcellence.org/rwanda-2010/
ad438a1492b82749,Rwanda,2010,COE,10,ad438a1492b82749|COE|NA|10,TRUE,7.75,NA,18452.67,NA,NA,https://allianceforcoffeeexcellence.org/rwanda-2010/
ad438a1492b82749,Rwanda,2010,COE,11,ad438a1492b82749|COE|NA|11,TRUE,8.05,NA,14907.63,NA,NA,https://allianceforcoffeeexcellence.org/rwanda-2010/
ad438a1492b82749,Rwanda,2010,COE,12,ad438a1492b82749|COE|NA|12,TRUE,7.3,NA,15932.83,NA,NA,https://allianceforcoffeeexcellence.org/rwanda-2010/
ad438a1492b82749,Rwanda,2010,COE,13,ad438a1492b82749|COE|NA|13,TRUE,7.6,NA,17425.36,NA,NA,https://allianceforcoffeeexcellence.org/rwanda-2010/
ad438a1492b82749,Rwanda,2010,COE,14,ad438a1492b82749|COE|NA|14,TRUE,7.65,NA,13998.28,NA,NA,https://allianceforcoffeeexcellence.org/rwanda-2010/
ad438a1492b82749,Rwanda,2010,COE,15,ad438a1492b82749|COE|NA|15,TRUE,8.6,NA,19149.36,NA,NA,https://allianceforcoffeeexcellence.org/rwanda-2010/
ad438a1492b82749,Rwanda,2010,COE,16,ad438a1492b82749|COE|NA|16,TRUE,7.3,NA,14162.51,NA,NA,https://allianceforcoffeeexcellence.org/rwanda-2010/
ad438a1492b82749,Rwanda,2010,COE,17,ad438a1492b82749|COE|NA|17,TRUE,7.55,NA,14481.05,NA,NA,https://allianceforcoffeeexcellence.org/rwanda-2010/
ad438a1492b82749,Rwanda,2010,COE,18,ad438a1492b82749|COE|NA|18,TRUE,7.85,NA,14710.35,NA,NA,https://allianceforcoffeeexcellence.org/rwanda-2010/
ad438a1492b82749,Rwanda,2010,COE,19,ad438a1492b82749|COE|NA|19,TRUE,7.55,NA,16312,NA,NA,https://allianceforcoffeeexcellence.org/rwanda-2010/
ad438a1492b82749,Rwanda,2010,COE,20,ad438a1492b82749|COE|NA|20,TRUE,7.3,NA,22531.23,NA,NA,https://allianceforcoffeeexcellence.org/rwanda-2010/
ad438a1492b82749,Rwanda,2010,COE,21,ad438a1492b82749|COE|NA|21,TRUE,7.05,NA,17252.27,NA,NA,https://allianceforcoffeeexcellence.org/rwanda-2010/
ad438a1492b82749,Rwanda,2010,COE,22,ad438a1492b82749|COE|NA|22,TRUE,7.3,NA,14001.55,NA,NA,https://allianceforcoffeeexcellence.org/rwanda-2010/
cbb6685c1de9606c,Rwanda,2011,COE,1,cbb6685c1de9606c|COE|NA|1,TRUE,20.1,NA,43906.64,NA,NA,https://allianceforcoffeeexcellence.org/rwanda-2011/
cbb6685c1de9606c,Rwanda,2011,COE,2,cbb6685c1de9606c|COE|NA|2,TRUE,20.1,NA,38815.91,NA,NA,https://allianceforcoffeeexcellence.org/rwanda-2011/
cbb6685c1de9606c,Rwanda,2011,COE,3,cbb6685c1de9606c|COE|NA|3,TRUE,16,NA,33430.88,NA,NA,https://allianceforcoffeeexcellence.org/rwanda-2011/
cbb6685c1de9606c,Rwanda,2011,COE,4,cbb6685c1de9606c|COE|NA|4,TRUE,10.6,NA,20470.08,NA,NA,https://allianceforcoffeeexcellence.org/rwanda-2011/
cbb6685c1de9606c,Rwanda,2011,COE,5,cbb6685c1de9606c|COE|NA|5,TRUE,10.05,NA,18721.54,NA,NA,https://allianceforcoffeeexcellence.org/rwanda-2011/
cbb6685c1de9606c,Rwanda,2011,COE,6,cbb6685c1de9606c|COE|NA|6,TRUE,10.4,NA,19407.75,NA,NA,https://allianceforcoffeeexcellence.org/rwanda-2011/
cbb6685c1de9606c,Rwanda,2011,COE,7,cbb6685c1de9606c|COE|NA|7,TRUE,9.2,NA,21231.58,NA,NA,https://allianceforcoffeeexcellence.org/rwanda-2011/
cbb6685c1de9606c,Rwanda,2011,COE,8,cbb6685c1de9606c|COE|NA|8,TRUE,10.25,NA,21741.17,NA,NA,https://allianceforcoffeeexcellence.org/rwanda-2011/
cbb6685c1de9606c,Rwanda,2011,COE,9,cbb6685c1de9606c|COE|NA|9,TRUE,8.86,NA,17051.34,NA,NA,https://allianceforcoffeeexcellence.org/rwanda-2011/
cbb6685c1de9606c,Rwanda,2011,COE,10,cbb6685c1de9606c|COE|NA|10,TRUE,10.12,NA,19222.74,NA,NA,https://allianceforcoffeeexcellence.org/rwanda-2011/
cbb6685c1de9606c,Rwanda,2011,COE,11,cbb6685c1de9606c|COE|NA|11,TRUE,8.8,NA,17272.64,NA,NA,https://allianceforcoffeeexcellence.org/rwanda-2011/
cbb6685c1de9606c,Rwanda,2011,COE,12,cbb6685c1de9606c|COE|NA|12,TRUE,8.91,NA,18840.37,NA,NA,https://allianceforcoffeeexcellence.org/rwanda-2011/
cbb6685c1de9606c,Rwanda,2011,COE,13,cbb6685c1de9606c|COE|NA|13,TRUE,8.7,NA,17627.24,NA,NA,https://allianceforcoffeeexcellence.org/rwanda-2011/
cbb6685c1de9606c,Rwanda,2011,COE,14,cbb6685c1de9606c|COE|NA|14,TRUE,8.6,NA,18785.93,NA,NA,https://allianceforcoffeeexcellence.org/rwanda-2011/
cbb6685c1de9606c,Rwanda,2011,COE,15,cbb6685c1de9606c|COE|NA|15,TRUE,6.9,NA,7645.41,NA,NA,https://allianceforcoffeeexcellence.org/rwanda-2011/
cbb6685c1de9606c,Rwanda,2011,COE,16,cbb6685c1de9606c|COE|NA|16,TRUE,6.1,NA,14676.66,NA,NA,https://allianceforcoffeeexcellence.org/rwanda-2011/
cbb6685c1de9606c,Rwanda,2011,COE,17,cbb6685c1de9606c|COE|NA|17,TRUE,7.7,NA,14626,NA,NA,https://allianceforcoffeeexcellence.org/rwanda-2011/
cbb6685c1de9606c,Rwanda,2011,COE,18,cbb6685c1de9606c|COE|NA|18,TRUE,5.7,NA,10274.76,NA,NA,https://allianceforcoffeeexcellence.org/rwanda-2011/
cbb6685c1de9606c,Rwanda,2011,COE,19,cbb6685c1de9606c|COE|NA|19,TRUE,7.3,NA,16639.47,NA,NA,https://allianceforcoffeeexcellence.org/rwanda-2011/
cbb6685c1de9606c,Rwanda,2011,COE,20,cbb6685c1de9606c|COE|NA|20,TRUE,6.2,NA,15702.37,NA,NA,https://allianceforcoffeeexcellence.org/rwanda-2011/
cbb6685c1de9606c,Rwanda,2011,COE,21,cbb6685c1de9606c|COE|NA|21,TRUE,5.25,NA,10637.13,NA,NA,https://allianceforcoffeeexcellence.org/rwanda-2011/
cbb6685c1de9606c,Rwanda,2011,COE,22,cbb6685c1de9606c|COE|NA|22,TRUE,5.75,NA,12014.22,NA,NA,https://allianceforcoffeeexcellence.org/rwanda-2011/
cbb6685c1de9606c,Rwanda,2011,COE,23,cbb6685c1de9606c|COE|NA|23,TRUE,5.15,NA,13369.19,NA,NA,https://allianceforcoffeeexcellence.org/rwanda-2011/
cbb6685c1de9606c,Rwanda,2011,COE,24,cbb6685c1de9606c|COE|NA|24,TRUE,6.05,NA,12258.03,NA,NA,https://allianceforcoffeeexcellence.org/rwanda-2011/
cbb6685c1de9606c,Rwanda,2011,COE,25,cbb6685c1de9606c|COE|NA|25,TRUE,5.1,NA,12270.65,NA,NA,https://allianceforcoffeeexcellence.org/rwanda-2011/
cbb6685c1de9606c,Rwanda,2011,COE,26,cbb6685c1de9606c|COE|NA|26,TRUE,5.8,NA,14087.85,NA,NA,https://allianceforcoffeeexcellence.org/rwanda-2011/
cbb6685c1de9606c,Rwanda,2011,COE,27,cbb6685c1de9606c|COE|NA|27,TRUE,6.1,NA,11973.08,NA,NA,https://allianceforcoffeeexcellence.org/rwanda-2011/
cbb6685c1de9606c,Rwanda,2011,COE,28,cbb6685c1de9606c|COE|NA|28,TRUE,5.3,NA,10570.64,NA,NA,https://allianceforcoffeeexcellence.org/rwanda-2011/
cbb6685c1de9606c,Rwanda,2011,COE,29,cbb6685c1de9606c|COE|NA|29,TRUE,6,NA,12322.02,NA,NA,https://allianceforcoffeeexcellence.org/rwanda-2011/
cbb6685c1de9606c,Rwanda,2011,COE,30,cbb6685c1de9606c|COE|NA|30,TRUE,6.15,NA,10124.25,NA,NA,https://allianceforcoffeeexcellence.org/rwanda-2011/
cbb6685c1de9606c,Rwanda,2011,COE,31,cbb6685c1de9606c|COE|NA|31,TRUE,6,NA,10827.06,NA,NA,https://allianceforcoffeeexcellence.org/rwanda-2011/
cbb6685c1de9606c,Rwanda,2011,COE,32,cbb6685c1de9606c|COE|NA|32,TRUE,6.1,NA,13517.97,NA,NA,https://allianceforcoffeeexcellence.org/rwanda-2011/
cbb6685c1de9606c,Rwanda,2011,COE,33,cbb6685c1de9606c|COE|NA|33,TRUE,5.81,NA,11955.3,NA,NA,https://allianceforcoffeeexcellence.org/rwanda-2011/
cbb6685c1de9606c,Rwanda,2011,COE,34,cbb6685c1de9606c|COE|NA|34,TRUE,5.25,NA,9129.59,NA,NA,https://allianceforcoffeeexcellence.org/rwanda-2011/
cbb6685c1de9606c,Rwanda,2011,COE,35,cbb6685c1de9606c|COE|NA|35,TRUE,5.01,NA,12688.53,NA,NA,https://allianceforcoffeeexcellence.org/rwanda-2011/
cbb6685c1de9606c,Rwanda,2011,COE,36,cbb6685c1de9606c|COE|NA|36,TRUE,5.5,NA,12362.46,NA,NA,https://allianceforcoffeeexcellence.org/rwanda-2011/
8609cb0c260326a4,Rwanda,2012,COE,1,8609cb0c260326a4|COE|NA|1,TRUE,11.1,NA,26673.3,NA,NA,https://allianceforcoffeeexcellence.org/rwanda-2012/
8609cb0c260326a4,Rwanda,2012,COE,2,8609cb0c260326a4|COE|NA|2,TRUE,9.1,NA,15042.3,NA,NA,https://allianceforcoffeeexcellence.org/rwanda-2012/
8609cb0c260326a4,Rwanda,2012,COE,3,8609cb0c260326a4|COE|NA|3,TRUE,9.9,NA,20473.2,NA,NA,https://allianceforcoffeeexcellence.org/rwanda-2012/
8609cb0c260326a4,Rwanda,2012,COE,4,8609cb0c260326a4|COE|NA|4,TRUE,9.2,NA,15943.6,NA,NA,https://allianceforcoffeeexcellence.org/rwanda-2012/
8609cb0c260326a4,Rwanda,2012,COE,5,8609cb0c260326a4|COE|NA|5,TRUE,6.2,NA,10459.4,NA,NA,https://allianceforcoffeeexcellence.org/rwanda-2012/
8609cb0c260326a4,Rwanda,2012,COE,6,8609cb0c260326a4|COE|NA|6,TRUE,5.6,NA,9553.6,NA,NA,https://allianceforcoffeeexcellence.org/rwanda-2012/
8609cb0c260326a4,Rwanda,2012,COE,7,8609cb0c260326a4|COE|NA|7,TRUE,5.02,NA,10787.98,NA,NA,https://allianceforcoffeeexcellence.org/rwanda-2012/
8609cb0c260326a4,Rwanda,2012,COE,8,8609cb0c260326a4|COE|NA|8,TRUE,7.08,NA,13112.16,NA,NA,https://allianceforcoffeeexcellence.org/rwanda-2012/
8609cb0c260326a4,Rwanda,2012,COE,9,8609cb0c260326a4|COE|NA|9,TRUE,4.2,NA,8131.2,NA,NA,https://allianceforcoffeeexcellence.org/rwanda-2012/
8609cb0c260326a4,Rwanda,2012,COE,10,8609cb0c260326a4|COE|NA|10,TRUE,6,NA,9642,NA,NA,https://allianceforcoffeeexcellence.org/rwanda-2012/
8609cb0c260326a4,Rwanda,2012,COE,11,8609cb0c260326a4|COE|NA|11,TRUE,4,NA,10248,NA,NA,https://allianceforcoffeeexcellence.org/rwanda-2012/
8609cb0c260326a4,Rwanda,2012,COE,12,8609cb0c260326a4|COE|NA|12,TRUE,4.61,NA,8233.46,NA,NA,https://allianceforcoffeeexcellence.org/rwanda-2012/
8609cb0c260326a4,Rwanda,2012,COE,13,8609cb0c260326a4|COE|NA|13,TRUE,4.3,NA,7396,NA,NA,https://allianceforcoffeeexcellence.org/rwanda-2012/
8609cb0c260326a4,Rwanda,2012,COE,14,8609cb0c260326a4|COE|NA|14,TRUE,4.1,NA,7556.3,NA,NA,https://allianceforcoffeeexcellence.org/rwanda-2012/
8609cb0c260326a4,Rwanda,2012,COE,15,8609cb0c260326a4|COE|NA|15,TRUE,5.6,NA,9357.6,NA,NA,https://allianceforcoffeeexcellence.org/rwanda-2012/
8609cb0c260326a4,Rwanda,2012,COE,16,8609cb0c260326a4|COE|NA|16,TRUE,4.7,NA,21023.1,NA,NA,https://allianceforcoffeeexcellence.org/rwanda-2012/
8609cb0c260326a4,Rwanda,2012,COE,17,8609cb0c260326a4|COE|NA|17,TRUE,4,NA,7408,NA,NA,https://allianceforcoffeeexcellence.org/rwanda-2012/
8609cb0c260326a4,Rwanda,2012,COE,18,8609cb0c260326a4|COE|NA|18,TRUE,5.1,NA,9006.6,NA,NA,https://allianceforcoffeeexcellence.org/rwanda-2012/
8609cb0c260326a4,Rwanda,2012,COE,19,8609cb0c260326a4|COE|NA|19,TRUE,4.6,NA,10750.2,NA,NA,https://allianceforcoffeeexcellence.org/rwanda-2012/
8609cb0c260326a4,Rwanda,2012,COE,20,8609cb0c260326a4|COE|NA|20,TRUE,4,NA,9312,NA,NA,https://allianceforcoffeeexcellence.org/rwanda-2012/
8609cb0c260326a4,Rwanda,2012,COE,21,8609cb0c260326a4|COE|NA|21,TRUE,4,NA,9464,NA,NA,https://allianceforcoffeeexcellence.org/rwanda-2012/
8609cb0c260326a4,Rwanda,2012,COE,22,8609cb0c260326a4|COE|NA|22,TRUE,5.1,NA,7002.3,NA,NA,https://allianceforcoffeeexcellence.org/rwanda-2012/
8609cb0c260326a4,Rwanda,2012,COE,23,8609cb0c260326a4|COE|NA|23,TRUE,4,NA,8044,NA,NA,https://allianceforcoffeeexcellence.org/rwanda-2012/
8609cb0c260326a4,Rwanda,2012,COE,24,8609cb0c260326a4|COE|NA|24,TRUE,6,NA,7632,NA,NA,https://allianceforcoffeeexcellence.org/rwanda-2012/
8609cb0c260326a4,Rwanda,2012,COE,25,8609cb0c260326a4|COE|NA|25,TRUE,4,NA,22620,NA,NA,https://allianceforcoffeeexcellence.org/rwanda-2012/
8609cb0c260326a4,Rwanda,2012,COE,26,8609cb0c260326a4|COE|NA|26,TRUE,4,NA,17460,NA,NA,https://allianceforcoffeeexcellence.org/rwanda-2012/
415b9957427e9382,Rwanda,2013,COE,1,415b9957427e9382|COE|NA|1,TRUE,20.8,NA,32219.2,NA,NA,https://allianceforcoffeeexcellence.org/rwanda-2013/
415b9957427e9382,Rwanda,2013,COE,2,415b9957427e9382|COE|NA|2,TRUE,15.55,NA,28954.1,NA,NA,https://allianceforcoffeeexcellence.org/rwanda-2013/
415b9957427e9382,Rwanda,2013,COE,3,415b9957427e9382|COE|NA|3,TRUE,11.3,NA,15209.8,NA,NA,https://allianceforcoffeeexcellence.org/rwanda-2013/
415b9957427e9382,Rwanda,2013,COE,4,415b9957427e9382|COE|NA|4,TRUE,9,NA,13293,NA,NA,https://allianceforcoffeeexcellence.org/rwanda-2013/
415b9957427e9382,Rwanda,2013,COE,5,415b9957427e9382|COE|NA|5,TRUE,8,NA,14840,NA,NA,https://allianceforcoffeeexcellence.org/rwanda-2013/
415b9957427e9382,Rwanda,2013,COE,6,415b9957427e9382|COE|NA|6,TRUE,8,NA,12808,NA,NA,https://allianceforcoffeeexcellence.org/rwanda-2013/
415b9957427e9382,Rwanda,2013,COE,7,415b9957427e9382|COE|NA|7,TRUE,8.2,NA,15006,NA,NA,https://allianceforcoffeeexcellence.org/rwanda-2013/
415b9957427e9382,Rwanda,2013,COE,8,415b9957427e9382|COE|NA|8,TRUE,8.15,NA,15582.8,NA,NA,https://allianceforcoffeeexcellence.org/rwanda-2013/
415b9957427e9382,Rwanda,2013,COE,9,415b9957427e9382|COE|NA|9,TRUE,8.05,NA,8444.45,NA,NA,https://allianceforcoffeeexcellence.org/rwanda-2013/
415b9957427e9382,Rwanda,2013,COE,10,415b9957427e9382|COE|NA|10,TRUE,8.1,NA,7557.3,NA,NA,https://allianceforcoffeeexcellence.org/rwanda-2013/
415b9957427e9382,Rwanda,2013,COE,11A,415b9957427e9382|COE|NA|11A,TRUE,8.4,NA,10735.2,NA,NA,https://allianceforcoffeeexcellence.org/rwanda-2013/
415b9957427e9382,Rwanda,2013,COE,11B,415b9957427e9382|COE|NA|11B,TRUE,8.1,NA,12020.4,NA,NA,https://allianceforcoffeeexcellence.org/rwanda-2013/
415b9957427e9382,Rwanda,2013,COE,12,415b9957427e9382|COE|NA|12,TRUE,8.3,NA,15720.2,NA,NA,https://allianceforcoffeeexcellence.org/rwanda-2013/
415b9957427e9382,Rwanda,2013,COE,13,415b9957427e9382|COE|NA|13,TRUE,6,NA,11310,NA,NA,https://allianceforcoffeeexcellence.org/rwanda-2013/
415b9957427e9382,Rwanda,2013,COE,14,415b9957427e9382|COE|NA|14,TRUE,7.5,NA,12270,NA,NA,https://allianceforcoffeeexcellence.org/rwanda-2013/
a66ac5503b74bdc0,Rwanda,2014,COE,1,a66ac5503b74bdc0|COE|NA|1,TRUE,37.1,NA,50122.1,NA,NA,https://allianceforcoffeeexcellence.org/rwanda-2014/
a66ac5503b74bdc0,Rwanda,2014,COE,2,a66ac5503b74bdc0|COE|NA|2,TRUE,26.2,NA,36653.8,NA,NA,https://allianceforcoffeeexcellence.org/rwanda-2014/
a66ac5503b74bdc0,Rwanda,2014,COE,3,a66ac5503b74bdc0|COE|NA|3,TRUE,13.4,NA,10478.8,NA,NA,https://allianceforcoffeeexcellence.org/rwanda-2014/
a66ac5503b74bdc0,Rwanda,2014,COE,4,a66ac5503b74bdc0|COE|NA|4,TRUE,11.1,NA,12898.2,NA,NA,https://allianceforcoffeeexcellence.org/rwanda-2014/
a66ac5503b74bdc0,Rwanda,2014,COE,5,a66ac5503b74bdc0|COE|NA|5,TRUE,14.1,NA,10194.3,NA,NA,https://allianceforcoffeeexcellence.org/rwanda-2014/
a66ac5503b74bdc0,Rwanda,2014,COE,6,a66ac5503b74bdc0|COE|NA|6,TRUE,9.5,NA,11124.5,NA,NA,https://allianceforcoffeeexcellence.org/rwanda-2014/
a66ac5503b74bdc0,Rwanda,2014,COE,7,a66ac5503b74bdc0|COE|NA|7,TRUE,8.7,NA,10100.7,NA,NA,https://allianceforcoffeeexcellence.org/rwanda-2014/
a66ac5503b74bdc0,Rwanda,2014,COE,8,a66ac5503b74bdc0|COE|NA|8,TRUE,8.1,NA,10594.8,NA,NA,https://allianceforcoffeeexcellence.org/rwanda-2014/
a66ac5503b74bdc0,Rwanda,2014,COE,9,a66ac5503b74bdc0|COE|NA|9,TRUE,8.1,NA,12093.3,NA,NA,https://allianceforcoffeeexcellence.org/rwanda-2014/
a66ac5503b74bdc0,Rwanda,2014,COE,10,a66ac5503b74bdc0|COE|NA|10,TRUE,7.7,NA,10079.3,NA,NA,https://allianceforcoffeeexcellence.org/rwanda-2014/
a66ac5503b74bdc0,Rwanda,2014,COE,11,a66ac5503b74bdc0|COE|NA|11,TRUE,8.1,NA,9225.9,NA,NA,https://allianceforcoffeeexcellence.org/rwanda-2014/
a66ac5503b74bdc0,Rwanda,2014,COE,12,a66ac5503b74bdc0|COE|NA|12,TRUE,6,NA,7680,NA,NA,https://allianceforcoffeeexcellence.org/rwanda-2014/
a66ac5503b74bdc0,Rwanda,2014,COE,13,a66ac5503b74bdc0|COE|NA|13,TRUE,6.9,NA,6023.7,NA,NA,https://allianceforcoffeeexcellence.org/rwanda-2014/
a66ac5503b74bdc0,Rwanda,2014,COE,14,a66ac5503b74bdc0|COE|NA|14,TRUE,5.5,NA,6748.5,NA,NA,https://allianceforcoffeeexcellence.org/rwanda-2014/
a66ac5503b74bdc0,Rwanda,2014,COE,15,a66ac5503b74bdc0|COE|NA|15,TRUE,5.8,NA,5974,NA,NA,https://allianceforcoffeeexcellence.org/rwanda-2014/
a66ac5503b74bdc0,Rwanda,2014,COE,16,a66ac5503b74bdc0|COE|NA|16,TRUE,5.6,NA,8400,NA,NA,https://allianceforcoffeeexcellence.org/rwanda-2014/
a66ac5503b74bdc0,Rwanda,2014,COE,17,a66ac5503b74bdc0|COE|NA|17,TRUE,5.6,NA,6860,NA,NA,https://allianceforcoffeeexcellence.org/rwanda-2014/
a66ac5503b74bdc0,Rwanda,2014,COE,18,a66ac5503b74bdc0|COE|NA|18,TRUE,5.1,NA,11821.8,NA,NA,https://allianceforcoffeeexcellence.org/rwanda-2014/
a66ac5503b74bdc0,Rwanda,2014,COE,19,a66ac5503b74bdc0|COE|NA|19,TRUE,5.6,NA,5062.4,NA,NA,https://allianceforcoffeeexcellence.org/rwanda-2014/
a66ac5503b74bdc0,Rwanda,2014,COE,20,a66ac5503b74bdc0|COE|NA|20,TRUE,5.51,NA,6088.55,NA,NA,https://allianceforcoffeeexcellence.org/rwanda-2014/
a66ac5503b74bdc0,Rwanda,2014,COE,21,a66ac5503b74bdc0|COE|NA|21,TRUE,5.9,NA,4985.5,NA,NA,https://allianceforcoffeeexcellence.org/rwanda-2014/
a66ac5503b74bdc0,Rwanda,2014,COE,22,a66ac5503b74bdc0|COE|NA|22,TRUE,8.1,NA,11502,NA,NA,https://allianceforcoffeeexcellence.org/rwanda-2014/
a66ac5503b74bdc0,Rwanda,2014,COE,23,a66ac5503b74bdc0|COE|NA|23,TRUE,5.1,NA,7323.6,NA,NA,https://allianceforcoffeeexcellence.org/rwanda-2014/
a66ac5503b74bdc0,Rwanda,2014,COE,24,a66ac5503b74bdc0|COE|NA|24,TRUE,5.1,NA,6043.5,NA,NA,https://allianceforcoffeeexcellence.org/rwanda-2014/
a66ac5503b74bdc0,Rwanda,2014,COE,25,a66ac5503b74bdc0|COE|NA|25,TRUE,5.1,NA,6543.3,NA,NA,https://allianceforcoffeeexcellence.org/rwanda-2014/
a66ac5503b74bdc0,Rwanda,2014,COE,26,a66ac5503b74bdc0|COE|NA|26,TRUE,5.5,NA,7359,NA,NA,https://allianceforcoffeeexcellence.org/rwanda-2014/
a66ac5503b74bdc0,Rwanda,2014,COE,27,a66ac5503b74bdc0|COE|NA|27,TRUE,7.1,NA,5041,NA,NA,https://allianceforcoffeeexcellence.org/rwanda-2014/
a66ac5503b74bdc0,Rwanda,2014,COE,28,a66ac5503b74bdc0|COE|NA|28,TRUE,5.7,NA,4748.1,NA,NA,https://allianceforcoffeeexcellence.org/rwanda-2014/
85dbbeca6dd82687,Rwanda,2015,COE,1,85dbbeca6dd82687|COE|NA|1,TRUE,30.6,NA,60782.62,NA,NA,https://allianceforcoffeeexcellence.org/rwanda-2015/
85dbbeca6dd82687,Rwanda,2015,COE,2,85dbbeca6dd82687|COE|NA|2,TRUE,26.5,NA,53222.86,NA,NA,https://allianceforcoffeeexcellence.org/rwanda-2015/
85dbbeca6dd82687,Rwanda,2015,COE,3,85dbbeca6dd82687|COE|NA|3,TRUE,18.5,NA,32913.9,NA,NA,https://allianceforcoffeeexcellence.org/rwanda-2015/
85dbbeca6dd82687,Rwanda,2015,COE,4,85dbbeca6dd82687|COE|NA|4,TRUE,7,NA,12284.16,NA,NA,https://allianceforcoffeeexcellence.org/rwanda-2015/
85dbbeca6dd82687,Rwanda,2015,COE,5,85dbbeca6dd82687|COE|NA|5,TRUE,7.88,NA,15982.61,NA,NA,https://allianceforcoffeeexcellence.org/rwanda-2015/
85dbbeca6dd82687,Rwanda,2015,COE,6,85dbbeca6dd82687|COE|NA|6,TRUE,7.9,NA,14211.86,NA,NA,https://allianceforcoffeeexcellence.org/rwanda-2015/
85dbbeca6dd82687,Rwanda,2015,COE,7,85dbbeca6dd82687|COE|NA|7,TRUE,20,NA,38933.6,NA,NA,https://allianceforcoffeeexcellence.org/rwanda-2015/
85dbbeca6dd82687,Rwanda,2015,COE,8,85dbbeca6dd82687|COE|NA|8,TRUE,6,NA,12579.54,NA,NA,https://allianceforcoffeeexcellence.org/rwanda-2015/
85dbbeca6dd82687,Rwanda,2015,COE,9,85dbbeca6dd82687|COE|NA|9,TRUE,8.22,NA,15204.37,NA,NA,https://allianceforcoffeeexcellence.org/rwanda-2015/
85dbbeca6dd82687,Rwanda,2015,COE,10A,85dbbeca6dd82687|COE|NA|10A,TRUE,6,NA,10436.7,NA,NA,https://allianceforcoffeeexcellence.org/rwanda-2015/
85dbbeca6dd82687,Rwanda,2015,COE,10B,85dbbeca6dd82687|COE|NA|10B,TRUE,6,NA,12143.04,NA,NA,https://allianceforcoffeeexcellence.org/rwanda-2015/
85dbbeca6dd82687,Rwanda,2015,COE,13,85dbbeca6dd82687|COE|NA|13,TRUE,7.1,NA,14087.54,NA,NA,https://allianceforcoffeeexcellence.org/rwanda-2015/
85dbbeca6dd82687,Rwanda,2015,COE,14,85dbbeca6dd82687|COE|NA|14,TRUE,6.1,NA,11847.85,NA,NA,https://allianceforcoffeeexcellence.org/rwanda-2015/
85dbbeca6dd82687,Rwanda,2015,COE,15A,85dbbeca6dd82687|COE|NA|15A,TRUE,5.9,NA,11771.56,NA,NA,https://allianceforcoffeeexcellence.org/rwanda-2015/
85dbbeca6dd82687,Rwanda,2015,COE,15B,85dbbeca6dd82687|COE|NA|15B,TRUE,5.9,NA,10132.66,NA,NA,https://allianceforcoffeeexcellence.org/rwanda-2015/
85dbbeca6dd82687,Rwanda,2015,COE,17,85dbbeca6dd82687|COE|NA|17,TRUE,5.7,NA,11535.89,NA,NA,https://allianceforcoffeeexcellence.org/rwanda-2015/
85dbbeca6dd82687,Rwanda,2015,COE,18A,85dbbeca6dd82687|COE|NA|18A,TRUE,5.8,NA,11009.44,NA,NA,https://allianceforcoffeeexcellence.org/rwanda-2015/
85dbbeca6dd82687,Rwanda,2015,COE,18B,85dbbeca6dd82687|COE|NA|18B,TRUE,5.6,NA,9950.75,NA,NA,https://allianceforcoffeeexcellence.org/rwanda-2015/
85dbbeca6dd82687,Rwanda,2015,COE,20,85dbbeca6dd82687|COE|NA|20,TRUE,6.08,NA,12063.69,NA,NA,https://allianceforcoffeeexcellence.org/rwanda-2015/
85dbbeca6dd82687,Rwanda,2015,COE,21,85dbbeca6dd82687|COE|NA|21,TRUE,5.61,NA,9943.78,NA,NA,https://allianceforcoffeeexcellence.org/rwanda-2015/
85dbbeca6dd82687,Rwanda,2015,COE,22,85dbbeca6dd82687|COE|NA|22,TRUE,6.08,NA,11634.75,NA,NA,https://allianceforcoffeeexcellence.org/rwanda-2015/
85dbbeca6dd82687,Rwanda,2015,COE,23,85dbbeca6dd82687|COE|NA|23,TRUE,5.71,NA,10272.12,NA,NA,https://allianceforcoffeeexcellence.org/rwanda-2015/
85dbbeca6dd82687,Rwanda,2015,COE,24,85dbbeca6dd82687|COE|NA|24,TRUE,5.5,NA,9748.8,NA,NA,https://allianceforcoffeeexcellence.org/rwanda-2015/
3252450a1c4f202d,Rwanda,2018,NW,29,3252450a1c4f202d|NW|NA|29,FALSE,NA,NA,NA,NA,NA,https://allianceforcoffeeexcellence.org/rwanda-2018/
3252450a1c4f202d,Rwanda,2018,NW,30,3252450a1c4f202d|NW|NA|30,FALSE,NA,NA,NA,NA,NA,https://allianceforcoffeeexcellence.org/rwanda-2018/
3252450a1c4f202d,Rwanda,2018,NW,31,3252450a1c4f202d|NW|NA|31,FALSE,NA,NA,NA,NA,NA,https://allianceforcoffeeexcellence.org/rwanda-2018/
3252450a1c4f202d,Rwanda,2018,NW,33,3252450a1c4f202d|NW|NA|33,FALSE,NA,NA,NA,NA,NA,https://allianceforcoffeeexcellence.org/rwanda-2018/
3252450a1c4f202d,Rwanda,2018,NW,34,3252450a1c4f202d|NW|NA|34,FALSE,NA,NA,NA,NA,NA,https://allianceforcoffeeexcellence.org/rwanda-2018/
3252450a1c4f202d,Rwanda,2018,NW,35,3252450a1c4f202d|NW|NA|35,TRUE,4,NA,6699.32,NA,NA,https://allianceforcoffeeexcellence.org/rwanda-2018/
3252450a1c4f202d,Rwanda,2018,NW,36,3252450a1c4f202d|NW|NA|36,FALSE,NA,NA,NA,NA,NA,https://allianceforcoffeeexcellence.org/rwanda-2018/
3252450a1c4f202d,Rwanda,2018,COE,1A,3252450a1c4f202d|COE|NA|1A,TRUE,18.7,NA,24709.06,NA,NA,https://allianceforcoffeeexcellence.org/rwanda-2018/
3252450a1c4f202d,Rwanda,2018,COE,1B,3252450a1c4f202d|COE|NA|1B,TRUE,18.2,NA,24048.39,NA,NA,https://allianceforcoffeeexcellence.org/rwanda-2018/
3252450a1c4f202d,Rwanda,2018,COE,2A,3252450a1c4f202d|COE|NA|2A,TRUE,9,NA,4960.44,NA,NA,https://allianceforcoffeeexcellence.org/rwanda-2018/
3252450a1c4f202d,Rwanda,2018,COE,2B,3252450a1c4f202d|COE|NA|2B,TRUE,9.1,NA,5015.56,NA,NA,https://allianceforcoffeeexcellence.org/rwanda-2018/
3252450a1c4f202d,Rwanda,2018,COE,3A,3252450a1c4f202d|COE|NA|3A,TRUE,8,NA,8074.24,NA,NA,https://allianceforcoffeeexcellence.org/rwanda-2018/
3252450a1c4f202d,Rwanda,2018,COE,3B,3252450a1c4f202d|COE|NA|3B,TRUE,8.1,NA,8175.17,NA,NA,https://allianceforcoffeeexcellence.org/rwanda-2018/
3252450a1c4f202d,Rwanda,2018,COE,4,3252450a1c4f202d|COE|NA|4,TRUE,7.7,NA,15345.95,NA,NA,https://allianceforcoffeeexcellence.org/rwanda-2018/
3252450a1c4f202d,Rwanda,2018,COE,5,3252450a1c4f202d|COE|NA|5,TRUE,7,NA,16358.3,NA,NA,https://allianceforcoffeeexcellence.org/rwanda-2018/
3252450a1c4f202d,Rwanda,2018,COE,6,3252450a1c4f202d|COE|NA|6,TRUE,6.1,NA,10094.22,NA,NA,https://allianceforcoffeeexcellence.org/rwanda-2018/
3252450a1c4f202d,Rwanda,2018,COE,7,3252450a1c4f202d|COE|NA|7,TRUE,7.3,NA,10243.65,NA,NA,https://allianceforcoffeeexcellence.org/rwanda-2018/
3252450a1c4f202d,Rwanda,2018,COE,8,3252450a1c4f202d|COE|NA|8,TRUE,7.5,NA,13667.55,NA,NA,https://allianceforcoffeeexcellence.org/rwanda-2018/
3252450a1c4f202d,Rwanda,2018,COE,9,3252450a1c4f202d|COE|NA|9,TRUE,6.2,NA,10893.9,NA,NA,https://allianceforcoffeeexcellence.org/rwanda-2018/
3252450a1c4f202d,Rwanda,2018,COE,10,3252450a1c4f202d|COE|NA|10,TRUE,5.7,NA,9738.91,NA,NA,https://allianceforcoffeeexcellence.org/rwanda-2018/
3252450a1c4f202d,Rwanda,2018,COE,11,3252450a1c4f202d|COE|NA|11,TRUE,5.5,NA,11847.72,NA,NA,https://allianceforcoffeeexcellence.org/rwanda-2018/
3252450a1c4f202d,Rwanda,2018,COE,12,3252450a1c4f202d|COE|NA|12,TRUE,5.5,NA,10718.84,NA,NA,https://allianceforcoffeeexcellence.org/rwanda-2018/
3252450a1c4f202d,Rwanda,2018,COE,13,3252450a1c4f202d|COE|NA|13,TRUE,5.5,NA,10311.68,NA,NA,https://allianceforcoffeeexcellence.org/rwanda-2018/
3252450a1c4f202d,Rwanda,2018,COE,14,3252450a1c4f202d|COE|NA|14,TRUE,5.5,NA,10831.65,NA,NA,https://allianceforcoffeeexcellence.org/rwanda-2018/
3252450a1c4f202d,Rwanda,2018,COE,15,3252450a1c4f202d|COE|NA|15,TRUE,5.5,NA,10743.1,NA,NA,https://allianceforcoffeeexcellence.org/rwanda-2018/
3252450a1c4f202d,Rwanda,2018,COE,16,3252450a1c4f202d|COE|NA|16,TRUE,5.5,NA,9627.59,NA,NA,https://allianceforcoffeeexcellence.org/rwanda-2018/
3252450a1c4f202d,Rwanda,2018,COE,17,3252450a1c4f202d|COE|NA|17,TRUE,5.5,NA,10469.75,NA,NA,https://allianceforcoffeeexcellence.org/rwanda-2018/
3252450a1c4f202d,Rwanda,2018,COE,18,3252450a1c4f202d|COE|NA|18,TRUE,5.5,NA,10432.73,NA,NA,https://allianceforcoffeeexcellence.org/rwanda-2018/
3252450a1c4f202d,Rwanda,2018,COE,19,3252450a1c4f202d|COE|NA|19,TRUE,5.5,NA,11890.18,NA,NA,https://allianceforcoffeeexcellence.org/rwanda-2018/
3252450a1c4f202d,Rwanda,2018,COE,20,3252450a1c4f202d|COE|NA|20,TRUE,5.5,NA,10112.58,NA,NA,https://allianceforcoffeeexcellence.org/rwanda-2018/
3252450a1c4f202d,Rwanda,2018,COE,21,3252450a1c4f202d|COE|NA|21,TRUE,5.5,NA,8691.48,NA,NA,https://allianceforcoffeeexcellence.org/rwanda-2018/
3252450a1c4f202d,Rwanda,2018,COE,22,3252450a1c4f202d|COE|NA|22,TRUE,5.5,NA,10823.12,NA,NA,https://allianceforcoffeeexcellence.org/rwanda-2018/
3252450a1c4f202d,Rwanda,2018,COE,23,3252450a1c4f202d|COE|NA|23,TRUE,5.5,NA,11032.89,NA,NA,https://allianceforcoffeeexcellence.org/rwanda-2018/
3252450a1c4f202d,Rwanda,2018,COE,24,3252450a1c4f202d|COE|NA|24,TRUE,5.5,NA,11604.01,NA,NA,https://allianceforcoffeeexcellence.org/rwanda-2018/
3252450a1c4f202d,Rwanda,2018,COE,25,3252450a1c4f202d|COE|NA|25,TRUE,5.5,NA,9479.64,NA,NA,https://allianceforcoffeeexcellence.org/rwanda-2018/
3252450a1c4f202d,Rwanda,2018,COE,26,3252450a1c4f202d|COE|NA|26,TRUE,5.5,NA,11343.31,NA,NA,https://allianceforcoffeeexcellence.org/rwanda-2018/
3252450a1c4f202d,Rwanda,2018,COE,27,3252450a1c4f202d|COE|NA|27,TRUE,5.5,NA,13260.34,NA,NA,https://allianceforcoffeeexcellence.org/rwanda-2018/
3252450a1c4f202d,Rwanda,2018,COE,28,3252450a1c4f202d|COE|NA|28,TRUE,5.5,NA,14671.75,NA,NA,https://allianceforcoffeeexcellence.org/rwanda-2018/
2ce15a7f40ccc6a3,Taiwan,2024,COE,1,2ce15a7f40ccc6a3|COE|NA|1,TRUE,311.5,101.41,31589.22,31589.215,1.5828184428164526e-7,https://allianceforcoffeeexcellence.org/taiwan-2024/
2ce15a7f40ccc6a3,Taiwan,2024,COE,2,2ce15a7f40ccc6a3|COE|NA|2,TRUE,130,99.21,12897.3,12897.3,0,https://allianceforcoffeeexcellence.org/taiwan-2024/
2ce15a7f40ccc6a3,Taiwan,2024,COE,3,2ce15a7f40ccc6a3|COE|NA|3,TRUE,145.5,103.62,15076.71,15076.710000000001,1.2064896144754767e-16,https://allianceforcoffeeexcellence.org/taiwan-2024/
2ce15a7f40ccc6a3,Taiwan,2024,COE,4,2ce15a7f40ccc6a3|COE|NA|4,TRUE,170,145.5,24735,24735,0,https://allianceforcoffeeexcellence.org/taiwan-2024/
2ce15a7f40ccc6a3,Taiwan,2024,COE,5,2ce15a7f40ccc6a3|COE|NA|5,TRUE,82.5,99.21,8184.83,8184.825,6.108862371129442e-7,https://allianceforcoffeeexcellence.org/taiwan-2024/
2ce15a7f40ccc6a3,Taiwan,2024,COE,6,2ce15a7f40ccc6a3|COE|NA|6,TRUE,101,103.62,10465.62,10465.62,0,https://allianceforcoffeeexcellence.org/taiwan-2024/
2ce15a7f40ccc6a3,Taiwan,2024,COE,7,2ce15a7f40ccc6a3|COE|NA|7,TRUE,65,99.21,6448.65,6448.65,0,https://allianceforcoffeeexcellence.org/taiwan-2024/
2ce15a7f40ccc6a3,Taiwan,2024,COE,8,2ce15a7f40ccc6a3|COE|NA|8,TRUE,63.5,169.76,10779.76,10779.76,0,https://allianceforcoffeeexcellence.org/taiwan-2024/
2ce15a7f40ccc6a3,Taiwan,2024,COE,9,2ce15a7f40ccc6a3|COE|NA|9,TRUE,72,101.41,7301.52,7301.5199999999995,1.2456237903517735e-16,https://allianceforcoffeeexcellence.org/taiwan-2024/
2ce15a7f40ccc6a3,Taiwan,2024,COE,10,2ce15a7f40ccc6a3|COE|NA|10,TRUE,53,101.41,5374.73,5374.73,0,https://allianceforcoffeeexcellence.org/taiwan-2024/
2ce15a7f40ccc6a3,Taiwan,2024,COE,11,2ce15a7f40ccc6a3|COE|NA|11,TRUE,50.5,119.05,6012.03,6012.025,8.316658433356353e-7,https://allianceforcoffeeexcellence.org/taiwan-2024/
2ce15a7f40ccc6a3,Taiwan,2024,COE,12,2ce15a7f40ccc6a3|COE|NA|12,TRUE,40.5,103.62,4196.61,4196.610000000001,2.1672128260022455e-16,https://allianceforcoffeeexcellence.org/taiwan-2024/
2ce15a7f40ccc6a3,Taiwan,2024,COE,13,2ce15a7f40ccc6a3|COE|NA|13,TRUE,56,103.62,5802.72,5802.72,0,https://allianceforcoffeeexcellence.org/taiwan-2024/
2ce15a7f40ccc6a3,Taiwan,2024,COE,14,2ce15a7f40ccc6a3|COE|NA|14,TRUE,60,105.82,6349.2,6349.2,0,https://allianceforcoffeeexcellence.org/taiwan-2024/
2ce15a7f40ccc6a3,Taiwan,2024,COE,15,2ce15a7f40ccc6a3|COE|NA|15,TRUE,58,114.64,6649.12,6649.12,0,https://allianceforcoffeeexcellence.org/taiwan-2024/
2ce15a7f40ccc6a3,Taiwan,2024,COE,16,2ce15a7f40ccc6a3|COE|NA|16,TRUE,45.5,105.82,4814.81,4814.8099999999995,1.8889524234038895e-16,https://allianceforcoffeeexcellence.org/taiwan-2024/
2ce15a7f40ccc6a3,Taiwan,2024,COE,17,2ce15a7f40ccc6a3|COE|NA|17,TRUE,41.5,108.03,4483.25,4483.245,1.115262365495821e-6,https://allianceforcoffeeexcellence.org/taiwan-2024/
2ce15a7f40ccc6a3,Taiwan,2024,COE,18,2ce15a7f40ccc6a3|COE|NA|18,TRUE,40.5,105.82,4285.71,4285.71,0,https://allianceforcoffeeexcellence.org/taiwan-2024/
2ce15a7f40ccc6a3,Taiwan,2024,COE,19,2ce15a7f40ccc6a3|COE|NA|19,TRUE,50.5,108.03,5455.52,5455.515,9.165029181652966e-7,https://allianceforcoffeeexcellence.org/taiwan-2024/
2ce15a7f40ccc6a3,Taiwan,2024,COE,20,2ce15a7f40ccc6a3|COE|NA|20,TRUE,41.5,105.82,4391.53,4391.53,0,https://allianceforcoffeeexcellence.org/taiwan-2024/
2275524667da73bd,Taiwan,2025,COE,1,2275524667da73bd|COE|Ready to Bid on Taiwan's Best Coffees?|1,TRUE,180.4,99.21,17897.48,17897.484,2.234951513182251e-7,https://allianceforcoffeeexcellence.org/taiwan-2025/
2275524667da73bd,Taiwan,2025,COE,2A,2275524667da73bd|COE|Ready to Bid on Taiwan's Best Coffees?|2A,TRUE,91,137.79,12538.89,12538.89,0,https://allianceforcoffeeexcellence.org/taiwan-2025/
2275524667da73bd,Taiwan,2025,COE,2B,2275524667da73bd|COE|Ready to Bid on Taiwan's Best Coffees?|2B,TRUE,83,137.79,11436.57,11436.57,0,https://allianceforcoffeeexcellence.org/taiwan-2025/
2275524667da73bd,Taiwan,2025,COE,3,2275524667da73bd|COE|Ready to Bid on Taiwan's Best Coffees?|3,TRUE,75.5,99.21,7490.36,7490.355,6.675246583754505e-7,https://allianceforcoffeeexcellence.org/taiwan-2025/
2275524667da73bd,Taiwan,2025,COE,4,2275524667da73bd|COE|Ready to Bid on Taiwan's Best Coffees?|4,TRUE,101.5,99.21,10069.82,10069.814999999999,4.965332052627191e-7,https://allianceforcoffeeexcellence.org/taiwan-2025/
2275524667da73bd,Taiwan,2025,COE,5,2275524667da73bd|COE|Ready to Bid on Taiwan's Best Coffees?|5,TRUE,72,99.21,7143.12,7143.12,0,https://allianceforcoffeeexcellence.org/taiwan-2025/
2275524667da73bd,Taiwan,2025,COE,6,2275524667da73bd|COE|Ready to Bid on Taiwan's Best Coffees?|6,TRUE,80,99.21,7936.8,7936.799999999999,1.14592115433541e-16,https://allianceforcoffeeexcellence.org/taiwan-2025/
2275524667da73bd,Taiwan,2025,COE,7,2275524667da73bd|COE|Ready to Bid on Taiwan's Best Coffees?|7,TRUE,61.5,99.21,6101.42,6101.415,8.19481366650573e-7,https://allianceforcoffeeexcellence.org/taiwan-2025/
2275524667da73bd,Taiwan,2025,COE,8,2275524667da73bd|COE|Ready to Bid on Taiwan's Best Coffees?|8,TRUE,46,101.41,4664.86,4664.86,0,https://allianceforcoffeeexcellence.org/taiwan-2025/
2275524667da73bd,Taiwan,2025,COE,9,2275524667da73bd|COE|Ready to Bid on Taiwan's Best Coffees?|9,TRUE,33.5,94.8,3175.8,3175.7999999999997,1.4319143235923675e-16,https://allianceforcoffeeexcellence.org/taiwan-2025/
2275524667da73bd,Taiwan,2025,COE,10,2275524667da73bd|COE|Ready to Bid on Taiwan's Best Coffees?|10,TRUE,55.5,99.21,5506.16,5506.155,9.080738663804066e-7,https://allianceforcoffeeexcellence.org/taiwan-2025/
2275524667da73bd,Taiwan,2025,COE,11,2275524667da73bd|COE|Ready to Bid on Taiwan's Best Coffees?|11,TRUE,32.5,154.32,5015.4,5015.4,0,https://allianceforcoffeeexcellence.org/taiwan-2025/
2275524667da73bd,Taiwan,2025,COE,12,2275524667da73bd|COE|Ready to Bid on Taiwan's Best Coffees?|12,TRUE,46,99.21,4563.66,4563.66,0,https://allianceforcoffeeexcellence.org/taiwan-2025/
2275524667da73bd,Taiwan,2025,COE,13,2275524667da73bd|COE|Ready to Bid on Taiwan's Best Coffees?|13,TRUE,51,105.82,5396.82,5396.82,0,https://allianceforcoffeeexcellence.org/taiwan-2025/
2275524667da73bd,Taiwan,2025,COE,14,2275524667da73bd|COE|Ready to Bid on Taiwan's Best Coffees?|14,TRUE,40.5,110.23,4464.32,4464.3150000000005,1.1199913982867816e-6,https://allianceforcoffeeexcellence.org/taiwan-2025/
2275524667da73bd,Taiwan,2025,COE,15,2275524667da73bd|COE|Ready to Bid on Taiwan's Best Coffees?|15,TRUE,42,343.92,14444.64,14444.640000000001,1.2592833075423525e-16,https://allianceforcoffeeexcellence.org/taiwan-2025/
2275524667da73bd,Taiwan,2025,COE,16,2275524667da73bd|COE|Ready to Bid on Taiwan's Best Coffees?|16,TRUE,29,99.21,2877.09,2877.0899999999997,1.5805809025316e-16,https://allianceforcoffeeexcellence.org/taiwan-2025/
2275524667da73bd,Taiwan,2025,COE,17,2275524667da73bd|COE|Ready to Bid on Taiwan's Best Coffees?|17,TRUE,32.5,101.41,3295.83,3295.825,1.5170685381555297e-6,https://allianceforcoffeeexcellence.org/taiwan-2025/
2275524667da73bd,Taiwan,2025,COE,18,2275524667da73bd|COE|Ready to Bid on Taiwan's Best Coffees?|18,TRUE,29,101.41,2940.89,2940.89,0,https://allianceforcoffeeexcellence.org/taiwan-2025/
2275524667da73bd,Taiwan,2025,COE,19,2275524667da73bd|COE|Ready to Bid on Taiwan's Best Coffees?|19,TRUE,31,99.21,3075.51,3075.5099999999998,1.4786079410779482e-16,https://allianceforcoffeeexcellence.org/taiwan-2025/
2275524667da73bd,Taiwan,2025,COE,20,2275524667da73bd|COE|Ready to Bid on Taiwan's Best Coffees?|20,TRUE,37,103.62,3833.94,3833.94,0,https://allianceforcoffeeexcellence.org/taiwan-2025/
2275524667da73bd,Taiwan,2025,COE,21,2275524667da73bd|COE|Ready to Bid on Taiwan's Best Coffees?|21,TRUE,31,101.41,3143.71,3143.71,0,https://allianceforcoffeeexcellence.org/taiwan-2025/
2275524667da73bd,Taiwan,2025,COE,22,2275524667da73bd|COE|Ready to Bid on Taiwan's Best Coffees?|22,TRUE,22,167.55,3686.1,3686.1000000000004,1.2336815357327912e-16,https://allianceforcoffeeexcellence.org/taiwan-2025/
2275524667da73bd,Taiwan,2025,COE,23,2275524667da73bd|COE|Ready to Bid on Taiwan's Best Coffees?|23,TRUE,26.5,103.62,2745.93,2745.9300000000003,1.6560777255300176e-16,https://allianceforcoffeeexcellence.org/taiwan-2025/
2275524667da73bd,Taiwan,2025,COE,24,2275524667da73bd|COE|Ready to Bid on Taiwan's Best Coffees?|24,TRUE,45.5,99.21,4514.06,4514.054999999999,1.10765031945048e-6,https://allianceforcoffeeexcellence.org/taiwan-2025/
2275524667da73bd,Taiwan,2025,COE,25,2275524667da73bd|COE|Ready to Bid on Taiwan's Best Coffees?|25,TRUE,33.6,103.62,3481.63,3481.6320000000005,5.744435797047514e-7,https://allianceforcoffeeexcellence.org/taiwan-2025/
2275524667da73bd,Taiwan,2025,COE,26,2275524667da73bd|COE|Ready to Bid on Taiwan's Best Coffees?|26,TRUE,50,99.21,4960.5,4960.5,0,https://allianceforcoffeeexcellence.org/taiwan-2025/
2275524667da73bd,Taiwan,2025,COE,27,2275524667da73bd|COE|Ready to Bid on Taiwan's Best Coffees?|27,TRUE,23.5,101.41,2383.14,2383.1349999999998,2.0980722912246613e-6,https://allianceforcoffeeexcellence.org/taiwan-2025/
2a8e5a9baaa80905,Thailand,2023,COE,1A,2a8e5a9baaa80905|COE|NA|1A,TRUE,69.5,79.76,5543.32,5543.320000000001,1.6407039495698033e-16,https://allianceforcoffeeexcellence.org/thailand-2023/
2a8e5a9baaa80905,Thailand,2023,COE,1B,2a8e5a9baaa80905|COE|NA|1B,TRUE,73.3,66.14,4848.06,4848.062,4.125361483764555e-7,https://allianceforcoffeeexcellence.org/thailand-2023/
2a8e5a9baaa80905,Thailand,2023,COE,2,2a8e5a9baaa80905|COE|NA|2,TRUE,25.3,153.71,3888.86,3888.8630000000003,7.714343021236129e-7,https://allianceforcoffeeexcellence.org/thailand-2023/
2a8e5a9baaa80905,Thailand,2023,COE,3,2a8e5a9baaa80905|COE|NA|3,TRUE,45,177.08,7968.6,7968.6,0,https://allianceforcoffeeexcellence.org/thailand-2023/
2a8e5a9baaa80905,Thailand,2023,COE,4,2a8e5a9baaa80905|COE|NA|4,TRUE,18.8,153.18,2879.78,2879.784,1.388994992640206e-6,https://allianceforcoffeeexcellence.org/thailand-2023/
2a8e5a9baaa80905,Thailand,2023,COE,5,2a8e5a9baaa80905|COE|NA|5,TRUE,17.3,154.94,2680.46,2680.462,7.461405877919112e-7,https://allianceforcoffeeexcellence.org/thailand-2023/
2a8e5a9baaa80905,Thailand,2023,COE,6,2a8e5a9baaa80905|COE|NA|6,TRUE,15.1,170.51,2574.7,2574.701,3.8839476451770185e-7,https://allianceforcoffeeexcellence.org/thailand-2023/
2a8e5a9baaa80905,Thailand,2023,COE,7,2a8e5a9baaa80905|COE|NA|7,TRUE,25.6,165.08,4226.05,4226.048000000001,4.7325516723606176e-7,https://allianceforcoffeeexcellence.org/thailand-2023/
2a8e5a9baaa80905,Thailand,2023,COE,8,2a8e5a9baaa80905|COE|NA|8,TRUE,15.2,158.42,2407.98,2407.984,1.6611433649388336e-6,https://allianceforcoffeeexcellence.org/thailand-2023/
2a8e5a9baaa80905,Thailand,2023,COE,9,2a8e5a9baaa80905|COE|NA|9,TRUE,12.1,167.73,2029.53,2029.533,1.4781747497839695e-6,https://allianceforcoffeeexcellence.org/thailand-2023/
2a8e5a9baaa80905,Thailand,2023,COE,10,2a8e5a9baaa80905|COE|NA|10,TRUE,13.2,158.51,2092.33,2092.332,9.558721616344967e-7,https://allianceforcoffeeexcellence.org/thailand-2023/
2a8e5a9baaa80905,Thailand,2023,COE,11,2a8e5a9baaa80905|COE|NA|11,TRUE,20,164.73,3294.6,3294.6,0,https://allianceforcoffeeexcellence.org/thailand-2023/
2a8e5a9baaa80905,Thailand,2023,COE,12,2a8e5a9baaa80905|COE|NA|12,TRUE,5.7,161.47,920.38,920.379,1.0865077467745422e-6,https://allianceforcoffeeexcellence.org/thailand-2023/
2a8e5a9baaa80905,Thailand,2023,COE,13,2a8e5a9baaa80905|COE|NA|13,TRUE,12.8,268.43,3435.9,3435.9040000000005,1.1641782357927063e-6,https://allianceforcoffeeexcellence.org/thailand-2023/
2a8e5a9baaa80905,Thailand,2023,COE,14,2a8e5a9baaa80905|COE|NA|14,TRUE,20,170.68,3413.6,3413.6000000000004,1.3321635542725102e-16,https://allianceforcoffeeexcellence.org/thailand-2023/
2a8e5a9baaa80905,Thailand,2023,COE,15,2a8e5a9baaa80905|COE|NA|15,TRUE,9.4,310.15,2915.41,2915.41,0,https://allianceforcoffeeexcellence.org/thailand-2023/
2a8e5a9baaa80905,Thailand,2023,COE,16,2a8e5a9baaa80905|COE|NA|16,TRUE,6.1,261.25,1593.63,1593.625,3.1374911366560237e-6,https://allianceforcoffeeexcellence.org/thailand-2023/
10b05a69b2ee99bc,Thailand,2024,COE,1A,10b05a69b2ee99bc|COE|NA|1A,TRUE,84.4,99.21,8373.32,8373.324,4.777077671479064e-7,https://allianceforcoffeeexcellence.org/thailand-2024/
10b05a69b2ee99bc,Thailand,2024,COE,1B,10b05a69b2ee99bc|COE|NA|1B,TRUE,84.6,91.71,7758.67,7758.665999999999,5.155522790394368e-7,https://allianceforcoffeeexcellence.org/thailand-2024/
10b05a69b2ee99bc,Thailand,2024,COE,2A,10b05a69b2ee99bc|COE|NA|2A,TRUE,43.4,99.87,4334.36,4334.358,4.6142913821139896e-7,https://allianceforcoffeeexcellence.org/thailand-2024/
10b05a69b2ee99bc,Thailand,2024,COE,2B,10b05a69b2ee99bc|COE|NA|2B,TRUE,43.3,99.87,4324.37,4324.371,2.312475574947858e-7,https://allianceforcoffeeexcellence.org/thailand-2024/
10b05a69b2ee99bc,Thailand,2024,COE,3,10b05a69b2ee99bc|COE|NA|3,TRUE,28.1,150.79,4237.2,4237.199,2.360049089501857e-7,https://allianceforcoffeeexcellence.org/thailand-2024/
10b05a69b2ee99bc,Thailand,2024,COE,4,10b05a69b2ee99bc|COE|NA|4,TRUE,20.1,161.38,3243.74,3243.7380000000003,6.165722281989183e-7,https://allianceforcoffeeexcellence.org/thailand-2024/
10b05a69b2ee99bc,Thailand,2024,COE,5,10b05a69b2ee99bc|COE|NA|5,TRUE,13.5,173.28,2339.28,2339.28,0,https://allianceforcoffeeexcellence.org/thailand-2024/
10b05a69b2ee99bc,Thailand,2024,COE,6,10b05a69b2ee99bc|COE|NA|6,TRUE,19,201.06,3820.14,3820.14,0,https://allianceforcoffeeexcellence.org/thailand-2024/
10b05a69b2ee99bc,Thailand,2024,COE,7,10b05a69b2ee99bc|COE|NA|7,TRUE,19,169.31,3216.89,3216.89,0,https://allianceforcoffeeexcellence.org/thailand-2024/
10b05a69b2ee99bc,Thailand,2024,COE,8,10b05a69b2ee99bc|COE|NA|8,TRUE,19.3,220.46,4254.88,4254.878000000001,4.700485088881376e-7,https://allianceforcoffeeexcellence.org/thailand-2024/
10b05a69b2ee99bc,Thailand,2024,COE,9,10b05a69b2ee99bc|COE|NA|9,TRUE,16.5,190.48,3142.92,3142.9199999999996,1.4468944512951781e-16,https://allianceforcoffeeexcellence.org/thailand-2024/
10b05a69b2ee99bc,Thailand,2024,COE,10,10b05a69b2ee99bc|COE|NA|10,TRUE,15.1,394.84,5962.08,5962.084,6.709067976118087e-7,https://allianceforcoffeeexcellence.org/thailand-2024/
10b05a69b2ee99bc,Thailand,2024,COE,11,10b05a69b2ee99bc|COE|NA|11,TRUE,18.3,209.22,3828.73,3828.726,1.044732848726709e-6,https://allianceforcoffeeexcellence.org/thailand-2024/
10b05a69b2ee99bc,Thailand,2024,COE,12,10b05a69b2ee99bc|COE|NA|12,TRUE,18.1,144.18,2609.66,2609.6580000000004,7.663833600921036e-7,https://allianceforcoffeeexcellence.org/thailand-2024/
10b05a69b2ee99bc,Thailand,2024,COE,13,10b05a69b2ee99bc|COE|NA|13,TRUE,11.6,147.71,1713.44,1713.4360000000001,2.334485012551016e-6,https://allianceforcoffeeexcellence.org/thailand-2024/
10b05a69b2ee99bc,Thailand,2024,COE,14,10b05a69b2ee99bc|COE|NA|14,TRUE,17.9,156.75,2805.83,2805.825,1.7820038990634285e-6,https://allianceforcoffeeexcellence.org/thailand-2024/
10b05a69b2ee99bc,Thailand,2024,COE,15,10b05a69b2ee99bc|COE|NA|15,TRUE,10.2,211.2,2154.24,2154.24,0,https://allianceforcoffeeexcellence.org/thailand-2024/
10b05a69b2ee99bc,Thailand,2024,COE,16,10b05a69b2ee99bc|COE|NA|16,TRUE,9.8,172.4,1689.52,1689.5200000000002,1.3457885993846302e-16,https://allianceforcoffeeexcellence.org/thailand-2024/
10b05a69b2ee99bc,Thailand,2024,COE,17,10b05a69b2ee99bc|COE|NA|17,TRUE,9.8,206.35,2022.23,2022.23,0,https://allianceforcoffeeexcellence.org/thailand-2024/
10b05a69b2ee99bc,Thailand,2024,COE,18,10b05a69b2ee99bc|COE|NA|18,TRUE,10,214.73,2147.3,2147.2999999999997,2.1177634745329673e-16,https://allianceforcoffeeexcellence.org/thailand-2024/
10b05a69b2ee99bc,Thailand,2024,COE,19,10b05a69b2ee99bc|COE|NA|19,TRUE,9.8,186.07,1823.49,1823.486,2.1935957970185813e-6,https://allianceforcoffeeexcellence.org/thailand-2024/
10b05a69b2ee99bc,Thailand,2024,COE,20,10b05a69b2ee99bc|COE|NA|20,TRUE,12.4,165.57,2053.07,2053.0679999999998,9.74150905915265e-7,https://allianceforcoffeeexcellence.org/thailand-2024/
10b05a69b2ee99bc,Thailand,2024,COE,21,10b05a69b2ee99bc|COE|NA|21,TRUE,9.7,204.15,1980.26,1980.2549999999999,2.5249209700287536e-6,https://allianceforcoffeeexcellence.org/thailand-2024/
10b05a69b2ee99bc,Thailand,2024,COE,22,10b05a69b2ee99bc|COE|NA|22,TRUE,10.2,204.15,2082.33,2082.33,0,https://allianceforcoffeeexcellence.org/thailand-2024/
10b05a69b2ee99bc,Thailand,2024,COE,23,10b05a69b2ee99bc|COE|NA|23,TRUE,9.5,164.68,1564.46,1564.46,0,https://allianceforcoffeeexcellence.org/thailand-2024/
10b05a69b2ee99bc,Thailand,2024,COE,24,10b05a69b2ee99bc|COE|NA|24,TRUE,17,175.27,2979.59,2979.59,0,https://allianceforcoffeeexcellence.org/thailand-2024/
10b05a69b2ee99bc,Thailand,2024,COE,25,10b05a69b2ee99bc|COE|NA|25,TRUE,9.9,234.35,2320.07,2320.065,2.155107389048235e-6,https://allianceforcoffeeexcellence.org/thailand-2024/
10b05a69b2ee99bc,Thailand,2024,COE,26,10b05a69b2ee99bc|COE|NA|26,TRUE,10.2,211.86,2160.97,2160.972,9.255103034320022e-7,https://allianceforcoffeeexcellence.org/thailand-2024/
10b05a69b2ee99bc,Thailand,2024,COE,27,10b05a69b2ee99bc|COE|NA|27,TRUE,9.9,303.79,3007.52,3007.521,3.324998670677923e-7,https://allianceforcoffeeexcellence.org/thailand-2024/
e4f222213bccceb2,Thailand,2025,COE,1A,e4f222213bccceb2|COE|NA|1A,TRUE,50.1,147.71,7400.27,7400.271000000001,1.3513020473627676e-7,https://allianceforcoffeeexcellence.org/thailand-2025/
e4f222213bccceb2,Thailand,2025,COE,1B,e4f222213bccceb2|COE|NA|1B,TRUE,50.6,132.28,6693.37,6693.368,2.9880314393167554e-7,https://allianceforcoffeeexcellence.org/thailand-2025/
e4f222213bccceb2,Thailand,2025,COE,2A,e4f222213bccceb2|COE|NA|2A,TRUE,46.1,132.28,6098.11,6098.108,3.279704694565954e-7,https://allianceforcoffeeexcellence.org/thailand-2025/
e4f222213bccceb2,Thailand,2025,COE,2B,e4f222213bccceb2|COE|NA|2B,TRUE,45.9,121.25,5565.38,5565.375,8.984112495659128e-7,https://allianceforcoffeeexcellence.org/thailand-2025/
e4f222213bccceb2,Thailand,2025,COE,3,e4f222213bccceb2|COE|NA|3,TRUE,46.6,182.98,8526.87,8526.868,2.3455265535975727e-7,https://allianceforcoffeeexcellence.org/thailand-2025/
e4f222213bccceb2,Thailand,2025,COE,4,e4f222213bccceb2|COE|NA|4,TRUE,36.3,160.94,5842.12,5842.121999999999,3.42341478692317e-7,https://allianceforcoffeeexcellence.org/thailand-2025/
e4f222213bccceb2,Thailand,2025,COE,5,e4f222213bccceb2|COE|NA|5,TRUE,48.2,189.6,9138.72,9138.720000000001,1.9904203253254905e-16,https://allianceforcoffeeexcellence.org/thailand-2025/
e4f222213bccceb2,Thailand,2025,COE,6,e4f222213bccceb2|COE|NA|6,TRUE,32.1,176.37,5661.48,5661.477000000001,5.298967758946762e-7,https://allianceforcoffeeexcellence.org/thailand-2025/
e4f222213bccceb2,Thailand,2025,COE,7,e4f222213bccceb2|COE|NA|7,TRUE,35,224.87,7870.45,7870.45,0,https://allianceforcoffeeexcellence.org/thailand-2025/
e4f222213bccceb2,Thailand,2025,COE,8,e4f222213bccceb2|COE|NA|8,TRUE,20.9,559.97,11703.37,11703.373,2.5633642265366223e-7,https://allianceforcoffeeexcellence.org/thailand-2025/
e4f222213bccceb2,Thailand,2025,COE,9,e4f222213bccceb2|COE|NA|9,TRUE,30.2,222.67,6724.63,6724.633999999999,5.94828265495041e-7,https://allianceforcoffeeexcellence.org/thailand-2025/
e4f222213bccceb2,Thailand,2025,COE,10,e4f222213bccceb2|COE|NA|10,TRUE,26,385.81,10031.06,10031.06,0,https://allianceforcoffeeexcellence.org/thailand-2025/
e4f222213bccceb2,Thailand,2025,COE,11,e4f222213bccceb2|COE|NA|11,TRUE,17.7,198.42,3512.03,3512.0339999999997,1.1389424348455638e-6,https://allianceforcoffeeexcellence.org/thailand-2025/
e4f222213bccceb2,Thailand,2025,COE,12,e4f222213bccceb2|COE|NA|12,TRUE,19.6,178.57,3499.97,3499.972,5.714334695461544e-7,https://allianceforcoffeeexcellence.org/thailand-2025/
e4f222213bccceb2,Thailand,2025,COE,13,e4f222213bccceb2|COE|NA|13,TRUE,11.4,628.32,7162.85,7162.848000000001,2.7921846743935147e-7,https://allianceforcoffeeexcellence.org/thailand-2025/
e4f222213bccceb2,Thailand,2025,COE,14,e4f222213bccceb2|COE|NA|14,TRUE,15.4,588.63,9064.9,9064.902,2.2063122598235542e-7,https://allianceforcoffeeexcellence.org/thailand-2025/
e4f222213bccceb2,Thailand,2025,COE,15,e4f222213bccceb2|COE|NA|15,TRUE,19.2,196.21,3767.23,3767.232,5.30894052115933e-7,https://allianceforcoffeeexcellence.org/thailand-2025/
e4f222213bccceb2,Thailand,2025,COE,16,e4f222213bccceb2|COE|NA|16,TRUE,11.5,634.93,7301.7,7301.695,6.847720394030348e-7,https://allianceforcoffeeexcellence.org/thailand-2025/
e4f222213bccceb2,Thailand,2025,COE,18,e4f222213bccceb2|COE|NA|18,TRUE,19.1,156.53,2989.72,2989.7230000000004,1.0034384492899606e-6,https://allianceforcoffeeexcellence.org/thailand-2025/
e4f222213bccceb2,Thailand,2025,COE,19,e4f222213bccceb2|COE|NA|19,TRUE,20.7,330.69,6845.28,6845.282999999999,4.382581866193473e-7,https://allianceforcoffeeexcellence.org/thailand-2025/
e4f222213bccceb2,Thailand,2025,COE,20,e4f222213bccceb2|COE|NA|20,TRUE,17,209.44,3560.48,3560.48,0,https://allianceforcoffeeexcellence.org/thailand-2025/
e4f222213bccceb2,Thailand,2025,COE,21,e4f222213bccceb2|COE|NA|21,TRUE,17,180.78,3073.26,3073.26,0,https://allianceforcoffeeexcellence.org/thailand-2025/
